2026-05-05 07:31:43 INFO mt5_bot - MT5 permissions: account_server=MetaQuotes-Demo account_trade_allowed=True account_trade_expert=True terminal_trade_allowed=True terminal_build=5836
2026-05-05 07:31:43 INFO mt5_bot - Starting PRO loop: symbol=AUDUSD tf=M15 trend_tf=H1 trade_enabled=True trend_filter=False adx_filter=True rsi_momentum=False partial_close=True trailing_stop=True atr_sl_tp=True news_filter=True retest=False equity_curve=True
2026-05-05 07:31:43 INFO mt5_bot - Balance=102029.96 Equity=102029.96 Spread=0.40 pips
2026-05-05 07:31:43 INFO mt5_bot.news_filter - news_filter: loaded 115 events from shared cache
2026-05-05 07:31:43 INFO mt5_bot - Signal=NONE reason=no_closed_bar_crossover price=None trend=None rsi=73.0 atr_pips=6.1 adx=31.5
2026-05-05 07:31:43 INFO mt5_bot - ADX boost: adx=31.5 \u2192 risk_pct=1.50%
2026-05-05 07:31:43 INFO mt5_bot - Execution status=skipped reason=no_closed_bar_crossover
2026-05-05 07:31:58 INFO mt5_bot - Balance=102029.96 Equity=102029.96 Spread=0.20 pips
2026-05-05 07:31:58 INFO mt5_bot - Signal=NONE reason=no_closed_bar_crossover price=None trend=None rsi=73.0 atr_pips=6.1 adx=31.5
2026-05-05 07:31:58 INFO mt5_bot - ADX boost: adx=31.5 \u2192 risk_pct=1.50%
2026-05-05 07:31:58 INFO mt5_bot - Execution status=skipped reason=no_closed_bar_crossover
2026-05-05 07:32:13 INFO mt5_bot - Balance=102029.96 Equity=102029.96 Spread=0.40 pips
2026-05-05 07:32:13 INFO mt5_bot - Signal=NONE reason=no_closed_bar_crossover price=None trend=None rsi=73.0 atr_pips=6.1 adx=31.5
2026-05-05 07:32:13 INFO mt5_bot - ADX boost: adx=31.5 \u2192 risk_pct=1.50%
2026-05-05 07:32:13 INFO mt5_bot - Execution status=skipped reason=no_closed_bar_crossover
2026-05-05 07:32:29 INFO mt5_bot - Balance=102029.96 Equity=102029.96 Spread=0.20 pips
2026-05-05 07:32:29 INFO mt5_bot - Signal=NONE reason=no_closed_bar_crossover price=None trend=None rsi=73.0 atr_pips=6.1 adx=31.5
2026-05-05 07:32:29 INFO mt5_bot - ADX boost: adx=31.5 \u2192 risk_pct=1.50%
2026-05-05 07:32:29 INFO mt5_bot - Execution status=skipped reason=no_closed_bar_crossover
2026-05-05 07:32:37 INFO mt5_bot - Stopped by user
2026-05-05 16:37:39 INFO mt5_bot - MT5 permissions: account_server=MetaQuotes-Demo account_trade_allowed=True account_trade_expert=True terminal_trade_allowed=True terminal_build=5836
2026-05-05 16:37:39 INFO mt5_bot - Starting PRO loop: symbol=AUDUSD tf=M15 trend_tf=H1 trade_enabled=True trend_filter=False adx_filter=True rsi_momentum=False partial_close=True trailing_stop=True atr_sl_tp=True news_filter=True retest=False equity_curve=True
2026-05-05 16:37:39 INFO mt5_bot - Balance=102029.96 Equity=102029.96 Spread=2.00 pips
2026-05-05 16:37:39 INFO mt5_bot - Spread filter: 2.00 > 1.20
2026-05-05 16:37:54 INFO mt5_bot - Balance=102029.96 Equity=102029.96 Spread=2.00 pips
2026-05-05 16:37:54 INFO mt5_bot - Spread filter: 2.00 > 1.20
2026-05-05 16:38:09 INFO mt5_bot - Balance=102029.96 Equity=102029.96 Spread=2.40 pips
2026-05-05 16:38:09 INFO mt5_bot - Spread filter: 2.40 > 1.20
2026-05-05 16:38:24 INFO mt5_bot - Balance=102029.96 Equity=102029.96 Spread=2.10 pips
2026-05-05 16:38:24 INFO mt5_bot - Spread filter: 2.10 > 1.20
2026-05-05 16:38:39 INFO mt5_bot - Balance=102029.96 Equity=102029.96 Spread=2.10 pips
2026-05-05 16:38:39 INFO mt5_bot - Spread filter: 2.10 > 1.20
2026-05-05 16:38:54 INFO mt5_bot - Balance=102029.96 Equity=102029.96 Spread=2.10 pips
2026-05-05 16:38:54 INFO mt5_bot - Spread filter: 2.10 > 1.20
2026-05-05 16:39:09 INFO mt5_bot - Balance=102029.96 Equity=102029.96 Spread=2.20 pips
2026-05-05 16:39:09 INFO mt5_bot - Spread filter: 2.20 > 1.20
2026-05-05 16:39:24 INFO mt5_bot - Balance=102029.96 Equity=102029.96 Spread=2.10 pips
2026-05-05 16:39:24 INFO mt5_bot - Spread filter: 2.10 > 1.20
2026-05-05 16:39:39 INFO mt5_bot - Balance=102029.96 Equity=102029.96 Spread=2.30 pips
2026-05-05 16:39:39 INFO mt5_bot - Spread filter: 2.30 > 1.20
2026-05-05 16:39:54 INFO mt5_bot - Balance=102029.96 Equity=102029.96 Spread=2.30 pips
2026-05-05 16:39:54 INFO mt5_bot - Spread filter: 2.30 > 1.20
2026-05-05 16:40:09 INFO mt5_bot - Balance=102029.96 Equity=102029.96 Spread=4.00 pips
2026-05-05 16:40:09 INFO mt5_bot - Spread filter: 4.00 > 1.20
2026-05-05 16:40:24 INFO mt5_bot - Balance=102029.96 Equity=102029.96 Spread=2.00 pips
2026-05-05 16:40:24 INFO mt5_bot - Spread filter: 2.00 > 1.20
2026-05-05 16:40:39 INFO mt5_bot - Balance=102029.96 Equity=102029.96 Spread=2.10 pips
2026-05-05 16:40:39 INFO mt5_bot - Spread filter: 2.10 > 1.20
2026-05-05 16:40:54 INFO mt5_bot - Balance=102029.96 Equity=102029.96 Spread=2.00 pips
2026-05-05 16:40:54 INFO mt5_bot - Spread filter: 2.00 > 1.20
2026-05-05 16:41:09 INFO mt5_bot - Balance=102029.96 Equity=102029.96 Spread=2.10 pips
2026-05-05 16:41:09 INFO mt5_bot - Spread filter: 2.10 > 1.20
2026-05-05 16:41:24 INFO mt5_bot - Balance=102029.96 Equity=102029.96 Spread=1.70 pips
2026-05-05 16:41:24 INFO mt5_bot - Spread filter: 1.70 > 1.20
2026-05-05 16:41:39 INFO mt5_bot - Balance=102029.96 Equity=102029.96 Spread=2.10 pips
2026-05-05 16:41:39 INFO mt5_bot - Spread filter: 2.10 > 1.20
2026-05-05 16:41:54 INFO mt5_bot - Balance=102029.96 Equity=102029.96 Spread=2.30 pips
2026-05-05 16:41:54 INFO mt5_bot - Spread filter: 2.30 > 1.20
2026-05-05 16:42:09 INFO mt5_bot - Balance=102029.96 Equity=102029.96 Spread=4.90 pips
2026-05-05 16:42:09 INFO mt5_bot - Spread filter: 4.90 > 1.20
2026-05-05 16:42:24 INFO mt5_bot - Balance=102029.96 Equity=102029.96 Spread=5.40 pips
2026-05-05 16:42:24 INFO mt5_bot - Spread filter: 5.40 > 1.20
2026-05-05 16:42:39 INFO mt5_bot - Balance=102029.96 Equity=102029.96 Spread=5.40 pips
2026-05-05 16:42:39 INFO mt5_bot - Spread filter: 5.40 > 1.20
2026-05-05 16:42:54 INFO mt5_bot - Balance=102029.96 Equity=102029.96 Spread=5.40 pips
2026-05-05 16:42:54 INFO mt5_bot - Spread filter: 5.40 > 1.20
2026-05-05 16:43:09 INFO mt5_bot - Balance=102029.96 Equity=102029.96 Spread=4.60 pips
2026-05-05 16:43:09 INFO mt5_bot - Spread filter: 4.60 > 1.20
2026-05-05 16:43:24 INFO mt5_bot - Balance=102029.96 Equity=102029.96 Spread=5.00 pips
2026-05-05 16:43:24 INFO mt5_bot - Spread filter: 5.00 > 1.20
2026-05-05 16:43:39 INFO mt5_bot - Balance=102029.96 Equity=102029.96 Spread=5.30 pips
2026-05-05 16:43:39 INFO mt5_bot - Spread filter: 5.30 > 1.20
2026-05-05 16:43:54 INFO mt5_bot - Balance=102029.96 Equity=102029.96 Spread=5.10 pips
2026-05-05 16:43:54 INFO mt5_bot - Spread filter: 5.10 > 1.20
2026-05-05 16:44:09 INFO mt5_bot - Balance=102029.96 Equity=102029.96 Spread=4.90 pips
2026-05-05 16:44:09 INFO mt5_bot - Spread filter: 4.90 > 1.20
2026-05-05 16:44:24 INFO mt5_bot - Balance=102029.96 Equity=102029.96 Spread=4.90 pips
2026-05-05 16:44:24 INFO mt5_bot - Spread filter: 4.90 > 1.20
2026-05-05 16:44:39 INFO mt5_bot - Balance=102029.96 Equity=102029.96 Spread=4.90 pips
2026-05-05 16:44:39 INFO mt5_bot - Spread filter: 4.90 > 1.20
2026-05-05 16:44:54 INFO mt5_bot - Balance=102029.96 Equity=102029.96 Spread=5.00 pips
2026-05-05 16:44:54 INFO mt5_bot - Spread filter: 5.00 > 1.20
2026-05-05 16:45:09 INFO mt5_bot - Balance=102029.96 Equity=102029.96 Spread=4.70 pips
2026-05-05 16:45:09 INFO mt5_bot - Spread filter: 4.70 > 1.20
2026-05-05 16:45:24 INFO mt5_bot - Balance=102029.96 Equity=102029.96 Spread=4.60 pips
2026-05-05 16:45:24 INFO mt5_bot - Spread filter: 4.60 > 1.20
2026-05-05 16:45:39 INFO mt5_bot - Balance=102029.96 Equity=102029.96 Spread=4.80 pips
2026-05-05 16:45:39 INFO mt5_bot - Spread filter: 4.80 > 1.20
2026-05-05 16:45:54 INFO mt5_bot - Balance=102029.96 Equity=102029.96 Spread=4.80 pips
2026-05-05 16:45:54 INFO mt5_bot - Spread filter: 4.80 > 1.20
2026-05-05 16:46:09 INFO mt5_bot - Balance=102029.96 Equity=102029.96 Spread=4.70 pips
2026-05-05 16:46:09 INFO mt5_bot - Spread filter: 4.70 > 1.20
2026-05-05 16:46:24 INFO mt5_bot - Balance=102029.96 Equity=102029.96 Spread=4.70 pips
2026-05-05 16:46:24 INFO mt5_bot - Spread filter: 4.70 > 1.20
2026-05-05 16:46:39 INFO mt5_bot - Balance=102029.96 Equity=102029.96 Spread=4.50 pips
2026-05-05 16:46:39 INFO mt5_bot - Spread filter: 4.50 > 1.20
2026-05-05 16:46:54 INFO mt5_bot - Balance=102029.96 Equity=102029.96 Spread=4.40 pips
2026-05-05 16:46:54 INFO mt5_bot - Spread filter: 4.40 > 1.20
2026-05-05 16:47:09 INFO mt5_bot - Balance=102029.96 Equity=102029.96 Spread=4.80 pips
2026-05-05 16:47:09 INFO mt5_bot - Spread filter: 4.80 > 1.20
2026-05-05 16:47:24 INFO mt5_bot - Balance=102029.96 Equity=102029.96 Spread=5.00 pips
2026-05-05 16:47:24 INFO mt5_bot - Spread filter: 5.00 > 1.20
2026-05-05 16:47:39 INFO mt5_bot - Balance=102029.96 Equity=102029.96 Spread=5.20 pips
2026-05-05 16:47:39 INFO mt5_bot - Spread filter: 5.20 > 1.20
2026-05-05 16:47:54 INFO mt5_bot - Balance=102029.96 Equity=102029.96 Spread=5.20 pips
2026-05-05 16:47:54 INFO mt5_bot - Spread filter: 5.20 > 1.20
2026-05-05 16:48:09 INFO mt5_bot - Balance=102029.96 Equity=102029.96 Spread=5.10 pips
2026-05-05 16:48:09 INFO mt5_bot - Spread filter: 5.10 > 1.20
2026-05-05 16:48:24 INFO mt5_bot - Balance=102029.96 Equity=102029.96 Spread=4.90 pips
2026-05-05 16:48:24 INFO mt5_bot - Spread filter: 4.90 > 1.20
2026-05-05 16:48:39 INFO mt5_bot - Balance=102029.96 Equity=102029.96 Spread=5.00 pips
2026-05-05 16:48:39 INFO mt5_bot - Spread filter: 5.00 > 1.20
2026-05-05 16:48:54 INFO mt5_bot - Balance=102029.96 Equity=102029.96 Spread=4.90 pips
2026-05-05 16:48:54 INFO mt5_bot - Spread filter: 4.90 > 1.20
2026-05-05 16:49:09 INFO mt5_bot - Balance=102029.96 Equity=102029.96 Spread=4.70 pips
2026-05-05 16:49:09 INFO mt5_bot - Spread filter: 4.70 > 1.20
2026-05-05 16:49:24 INFO mt5_bot - Balance=102029.96 Equity=102029.96 Spread=4.70 pips
2026-05-05 16:49:24 INFO mt5_bot - Spread filter: 4.70 > 1.20
2026-05-05 16:49:39 INFO mt5_bot - Balance=102029.96 Equity=102029.96 Spread=4.30 pips
2026-05-05 16:49:39 INFO mt5_bot - Spread filter: 4.30 > 1.20
2026-05-05 16:49:54 INFO mt5_bot - Balance=102029.96 Equity=102029.96 Spread=4.20 pips
2026-05-05 16:49:54 INFO mt5_bot - Spread filter: 4.20 > 1.20
2026-05-05 16:50:09 INFO mt5_bot - Balance=102029.96 Equity=102029.96 Spread=4.00 pips
2026-05-05 16:50:09 INFO mt5_bot - Spread filter: 4.00 > 1.20
2026-05-05 16:50:24 INFO mt5_bot - Balance=102029.96 Equity=102029.96 Spread=4.20 pips
2026-05-05 16:50:24 INFO mt5_bot - Spread filter: 4.20 > 1.20
2026-05-05 16:50:39 INFO mt5_bot - Balance=102029.96 Equity=102029.96 Spread=4.20 pips
2026-05-05 16:50:39 INFO mt5_bot - Spread filter: 4.20 > 1.20
2026-05-05 16:50:54 INFO mt5_bot - Balance=102029.96 Equity=102029.96 Spread=3.50 pips
2026-05-05 16:50:54 INFO mt5_bot - Spread filter: 3.50 > 1.20
2026-05-05 16:51:09 INFO mt5_bot - Balance=102029.96 Equity=102029.96 Spread=3.60 pips
2026-05-05 16:51:09 INFO mt5_bot - Spread filter: 3.60 > 1.20
2026-05-05 16:51:24 INFO mt5_bot - Balance=102029.96 Equity=102029.96 Spread=3.50 pips
2026-05-05 16:51:24 INFO mt5_bot - Spread filter: 3.50 > 1.20
2026-05-05 16:51:39 INFO mt5_bot - Balance=102029.96 Equity=102029.96 Spread=3.70 pips
2026-05-05 16:51:39 INFO mt5_bot - Spread filter: 3.70 > 1.20
2026-05-05 16:51:54 INFO mt5_bot - Balance=102029.96 Equity=102029.96 Spread=3.70 pips
2026-05-05 16:51:54 INFO mt5_bot - Spread filter: 3.70 > 1.20
2026-05-05 16:52:09 INFO mt5_bot - Balance=102029.96 Equity=102029.96 Spread=3.30 pips
2026-05-05 16:52:09 INFO mt5_bot - Spread filter: 3.30 > 1.20
2026-05-05 16:52:24 INFO mt5_bot - Balance=102029.96 Equity=102029.96 Spread=3.40 pips
2026-05-05 16:52:24 INFO mt5_bot - Spread filter: 3.40 > 1.20
2026-05-05 16:52:39 INFO mt5_bot - Balance=102029.96 Equity=102029.96 Spread=3.50 pips
2026-05-05 16:52:39 INFO mt5_bot - Spread filter: 3.50 > 1.20
2026-05-05 16:52:54 INFO mt5_bot - Balance=102029.96 Equity=102029.96 Spread=3.50 pips
2026-05-05 16:52:54 INFO mt5_bot - Spread filter: 3.50 > 1.20
2026-05-05 16:53:09 INFO mt5_bot - Balance=102029.96 Equity=102029.96 Spread=3.60 pips
2026-05-05 16:53:09 INFO mt5_bot - Spread filter: 3.60 > 1.20
2026-05-05 16:53:24 INFO mt5_bot - Balance=102029.96 Equity=102029.96 Spread=3.60 pips
2026-05-05 16:53:24 INFO mt5_bot - Spread filter: 3.60 > 1.20
2026-05-05 16:53:39 INFO mt5_bot - Balance=102029.96 Equity=102029.96 Spread=3.20 pips
2026-05-05 16:53:39 INFO mt5_bot - Spread filter: 3.20 > 1.20
2026-05-05 16:53:54 INFO mt5_bot - Balance=102029.96 Equity=102029.96 Spread=3.20 pips
2026-05-05 16:53:54 INFO mt5_bot - Spread filter: 3.20 > 1.20
2026-05-05 16:54:09 INFO mt5_bot - Balance=102029.96 Equity=102029.96 Spread=3.50 pips
2026-05-05 16:54:09 INFO mt5_bot - Spread filter: 3.50 > 1.20
2026-05-05 16:54:24 INFO mt5_bot - Balance=102029.96 Equity=102029.96 Spread=3.30 pips
2026-05-05 16:54:24 INFO mt5_bot - Spread filter: 3.30 > 1.20
2026-05-05 16:54:39 INFO mt5_bot - Balance=102029.96 Equity=102029.96 Spread=3.30 pips
2026-05-05 16:54:39 INFO mt5_bot - Spread filter: 3.30 > 1.20
2026-05-05 16:54:54 INFO mt5_bot - Balance=102029.96 Equity=102029.96 Spread=3.10 pips
2026-05-05 16:54:54 INFO mt5_bot - Spread filter: 3.10 > 1.20
2026-05-05 16:55:09 INFO mt5_bot - Balance=102029.96 Equity=102029.96 Spread=2.80 pips
2026-05-05 16:55:09 INFO mt5_bot - Spread filter: 2.80 > 1.20
2026-05-05 16:55:24 INFO mt5_bot - Balance=102029.96 Equity=102029.96 Spread=2.70 pips
2026-05-05 16:55:24 INFO mt5_bot - Spread filter: 2.70 > 1.20
2026-05-05 16:55:39 INFO mt5_bot - Balance=102029.96 Equity=102029.96 Spread=2.70 pips
2026-05-05 16:55:39 INFO mt5_bot - Spread filter: 2.70 > 1.20
2026-05-05 16:55:54 INFO mt5_bot - Balance=102029.96 Equity=102029.96 Spread=2.70 pips
2026-05-05 16:55:54 INFO mt5_bot - Spread filter: 2.70 > 1.20
2026-05-05 16:56:09 INFO mt5_bot - Balance=102029.96 Equity=102029.96 Spread=2.80 pips
2026-05-05 16:56:09 INFO mt5_bot - Spread filter: 2.80 > 1.20
2026-05-05 16:56:24 INFO mt5_bot - Balance=102029.96 Equity=102029.96 Spread=2.80 pips
2026-05-05 16:56:24 INFO mt5_bot - Spread filter: 2.80 > 1.20
2026-05-05 16:56:39 INFO mt5_bot - Balance=102029.96 Equity=102029.96 Spread=2.90 pips
2026-05-05 16:56:39 INFO mt5_bot - Spread filter: 2.90 > 1.20
2026-05-05 16:56:54 INFO mt5_bot - Balance=102029.96 Equity=102029.96 Spread=2.90 pips
2026-05-05 16:56:54 INFO mt5_bot - Spread filter: 2.90 > 1.20
2026-05-05 16:57:09 INFO mt5_bot - Balance=102029.96 Equity=102029.96 Spread=3.00 pips
2026-05-05 16:57:09 INFO mt5_bot - Spread filter: 3.00 > 1.20
2026-05-05 16:57:24 INFO mt5_bot - Balance=102029.96 Equity=102029.96 Spread=2.30 pips
2026-05-05 16:57:24 INFO mt5_bot - Spread filter: 2.30 > 1.20
2026-05-05 16:57:39 INFO mt5_bot - Balance=102029.96 Equity=102029.96 Spread=2.50 pips
2026-05-05 16:57:39 INFO mt5_bot - Spread filter: 2.50 > 1.20
2026-05-05 16:57:54 INFO mt5_bot - Balance=102029.96 Equity=102029.96 Spread=2.70 pips
2026-05-05 16:57:54 INFO mt5_bot - Spread filter: 2.70 > 1.20
2026-05-05 16:58:09 INFO mt5_bot - Balance=102029.96 Equity=102029.96 Spread=2.50 pips
2026-05-05 16:58:09 INFO mt5_bot - Spread filter: 2.50 > 1.20
2026-05-05 16:58:24 INFO mt5_bot - Balance=102029.96 Equity=102029.96 Spread=2.70 pips
2026-05-05 16:58:24 INFO mt5_bot - Spread filter: 2.70 > 1.20
2026-05-05 16:58:39 INFO mt5_bot - Balance=102029.96 Equity=102029.96 Spread=2.50 pips
2026-05-05 16:58:39 INFO mt5_bot - Spread filter: 2.50 > 1.20
2026-05-05 16:58:54 INFO mt5_bot - Balance=102029.96 Equity=102029.96 Spread=2.80 pips
2026-05-05 16:58:54 INFO mt5_bot - Spread filter: 2.80 > 1.20
2026-05-05 16:59:09 INFO mt5_bot - Balance=102029.96 Equity=102029.96 Spread=2.90 pips
2026-05-05 16:59:09 INFO mt5_bot - Spread filter: 2.90 > 1.20
2026-05-05 16:59:24 INFO mt5_bot - Balance=102029.96 Equity=102029.96 Spread=2.90 pips
2026-05-05 16:59:24 INFO mt5_bot - Spread filter: 2.90 > 1.20
2026-05-05 16:59:39 INFO mt5_bot - Balance=102029.96 Equity=102029.96 Spread=2.80 pips
2026-05-05 16:59:39 INFO mt5_bot - Spread filter: 2.80 > 1.20
2026-05-05 16:59:54 INFO mt5_bot - Balance=102029.96 Equity=102029.96 Spread=3.00 pips
2026-05-05 16:59:54 INFO mt5_bot - Spread filter: 3.00 > 1.20
2026-05-05 17:00:09 INFO mt5_bot - Balance=102029.96 Equity=102029.96 Spread=1.20 pips
2026-05-05 17:00:09 INFO mt5_bot - Spread filter: 1.20 > 1.20
2026-05-05 17:00:24 INFO mt5_bot - Balance=102029.96 Equity=102029.96 Spread=1.20 pips
2026-05-05 17:00:24 INFO mt5_bot - Spread filter: 1.20 > 1.20
2026-05-05 17:00:39 INFO mt5_bot - Balance=102029.96 Equity=102029.96 Spread=1.20 pips
2026-05-05 17:00:39 INFO mt5_bot - Spread filter: 1.20 > 1.20
2026-05-05 17:00:54 INFO mt5_bot - Balance=102029.96 Equity=102029.96 Spread=1.20 pips
2026-05-05 17:00:54 INFO mt5_bot - Session filter: UTC hour=22 outside [7,20) and [0,0)
2026-05-05 17:01:09 INFO mt5_bot - Balance=102029.96 Equity=102029.96 Spread=1.20 pips
2026-05-05 17:01:09 INFO mt5_bot - Spread filter: 1.20 > 1.20
2026-05-05 17:01:24 INFO mt5_bot - Balance=102029.96 Equity=102029.96 Spread=1.20 pips
2026-05-05 17:01:24 INFO mt5_bot - Spread filter: 1.20 > 1.20
2026-05-05 17:01:39 INFO mt5_bot - Balance=102029.96 Equity=102029.96 Spread=1.20 pips
2026-05-05 17:01:39 INFO mt5_bot - Spread filter: 1.20 > 1.20
2026-05-05 17:01:54 INFO mt5_bot - Balance=102029.96 Equity=102029.96 Spread=1.20 pips
2026-05-05 17:01:54 INFO mt5_bot - Spread filter: 1.20 > 1.20
2026-05-05 17:02:09 INFO mt5_bot - Balance=102029.96 Equity=102029.96 Spread=1.20 pips
2026-05-05 17:02:09 INFO mt5_bot - Spread filter: 1.20 > 1.20
2026-05-05 17:02:25 INFO mt5_bot - Balance=102029.96 Equity=102029.96 Spread=1.20 pips
2026-05-05 17:02:25 INFO mt5_bot - Spread filter: 1.20 > 1.20
2026-05-05 17:02:40 INFO mt5_bot - Balance=102029.96 Equity=102029.96 Spread=1.20 pips
2026-05-05 17:02:40 INFO mt5_bot - Spread filter: 1.20 > 1.20
2026-05-05 17:02:55 INFO mt5_bot - Balance=102029.96 Equity=102029.96 Spread=1.20 pips
2026-05-05 17:02:55 INFO mt5_bot - Spread filter: 1.20 > 1.20
2026-05-05 17:03:10 INFO mt5_bot - Balance=102029.96 Equity=102029.96 Spread=1.20 pips
2026-05-05 17:03:10 INFO mt5_bot - Spread filter: 1.20 > 1.20
2026-05-05 17:03:25 INFO mt5_bot - Balance=102029.96 Equity=102029.96 Spread=1.20 pips
2026-05-05 17:03:25 INFO mt5_bot - Spread filter: 1.20 > 1.20
2026-05-05 17:03:40 INFO mt5_bot - Balance=102029.96 Equity=102029.96 Spread=1.20 pips
2026-05-05 17:03:40 INFO mt5_bot - Spread filter: 1.20 > 1.20
2026-05-05 17:03:55 INFO mt5_bot - Balance=102029.96 Equity=102029.96 Spread=1.20 pips
2026-05-05 17:03:55 INFO mt5_bot - Spread filter: 1.20 > 1.20
2026-05-05 17:04:10 INFO mt5_bot - Balance=102029.96 Equity=102029.96 Spread=1.20 pips
2026-05-05 17:04:10 INFO mt5_bot - Spread filter: 1.20 > 1.20
2026-05-05 17:04:25 INFO mt5_bot - Balance=102029.96 Equity=102029.96 Spread=1.10 pips
2026-05-05 17:04:25 INFO mt5_bot - Session filter: UTC hour=22 outside [7,20) and [0,0)
2026-05-05 17:04:40 INFO mt5_bot - Balance=102029.96 Equity=102029.96 Spread=1.10 pips
2026-05-05 17:04:40 INFO mt5_bot - Session filter: UTC hour=22 outside [7,20) and [0,0)
2026-05-05 17:04:55 INFO mt5_bot - Balance=102029.96 Equity=102029.96 Spread=1.20 pips
2026-05-05 17:04:55 INFO mt5_bot - Spread filter: 1.20 > 1.20
2026-05-05 17:05:10 INFO mt5_bot - Balance=102029.96 Equity=102029.96 Spread=1.20 pips
2026-05-05 17:05:10 INFO mt5_bot - Spread filter: 1.20 > 1.20
2026-05-05 17:05:25 INFO mt5_bot - Balance=102029.96 Equity=102029.96 Spread=1.20 pips
2026-05-05 17:05:25 INFO mt5_bot - Spread filter: 1.20 > 1.20
2026-05-05 17:05:40 INFO mt5_bot - Balance=102029.96 Equity=102029.96 Spread=1.20 pips
2026-05-05 17:05:40 INFO mt5_bot - Spread filter: 1.20 > 1.20
2026-05-05 17:05:55 INFO mt5_bot - Balance=102029.96 Equity=102029.96 Spread=1.20 pips
2026-05-05 17:05:55 INFO mt5_bot - Spread filter: 1.20 > 1.20
2026-05-05 17:06:10 INFO mt5_bot - Balance=102029.96 Equity=102029.96 Spread=1.20 pips
2026-05-05 17:06:10 INFO mt5_bot - Spread filter: 1.20 > 1.20
2026-05-05 17:06:25 INFO mt5_bot - Balance=102029.96 Equity=102029.96 Spread=1.20 pips
2026-05-05 17:06:25 INFO mt5_bot - Spread filter: 1.20 > 1.20
2026-05-05 17:06:40 INFO mt5_bot - Balance=102029.96 Equity=102029.96 Spread=1.20 pips
2026-05-05 17:06:40 INFO mt5_bot - Spread filter: 1.20 > 1.20
2026-05-05 17:06:55 INFO mt5_bot - Balance=102029.96 Equity=102029.96 Spread=1.20 pips
2026-05-05 17:06:55 INFO mt5_bot - Spread filter: 1.20 > 1.20
2026-05-05 17:07:10 INFO mt5_bot - Balance=102029.96 Equity=102029.96 Spread=1.20 pips
2026-05-05 17:07:10 INFO mt5_bot - Spread filter: 1.20 > 1.20
2026-05-05 17:07:25 INFO mt5_bot - Balance=102029.96 Equity=102029.96 Spread=1.20 pips
2026-05-05 17:07:25 INFO mt5_bot - Spread filter: 1.20 > 1.20
2026-05-05 17:07:40 INFO mt5_bot - Balance=102029.96 Equity=102029.96 Spread=1.20 pips
2026-05-05 17:07:40 INFO mt5_bot - Spread filter: 1.20 > 1.20
2026-05-05 17:07:55 INFO mt5_bot - Balance=102029.96 Equity=102029.96 Spread=1.20 pips
2026-05-05 17:07:55 INFO mt5_bot - Spread filter: 1.20 > 1.20
2026-05-05 17:08:10 INFO mt5_bot - Balance=102029.96 Equity=102029.96 Spread=1.20 pips
2026-05-05 17:08:10 INFO mt5_bot - Spread filter: 1.20 > 1.20
2026-05-05 17:08:25 INFO mt5_bot - Balance=102029.96 Equity=102029.96 Spread=1.10 pips
2026-05-05 17:08:25 INFO mt5_bot - Session filter: UTC hour=22 outside [7,20) and [0,0)
2026-05-05 17:08:40 INFO mt5_bot - Balance=102029.96 Equity=102029.96 Spread=1.20 pips
2026-05-05 17:08:40 INFO mt5_bot - Session filter: UTC hour=22 outside [7,20) and [0,0)
2026-05-05 17:08:55 INFO mt5_bot - Balance=102029.96 Equity=102029.96 Spread=1.20 pips
2026-05-05 17:08:55 INFO mt5_bot - Spread filter: 1.20 > 1.20
2026-05-05 17:09:10 INFO mt5_bot - Balance=102029.96 Equity=102029.96 Spread=1.20 pips
2026-05-05 17:09:10 INFO mt5_bot - Spread filter: 1.20 > 1.20
2026-05-05 17:09:25 INFO mt5_bot - Balance=102029.96 Equity=102029.96 Spread=1.20 pips
2026-05-05 17:09:25 INFO mt5_bot - Spread filter: 1.20 > 1.20
2026-05-05 17:09:40 INFO mt5_bot - Balance=102029.96 Equity=102029.96 Spread=1.20 pips
2026-05-05 17:09:40 INFO mt5_bot - Session filter: UTC hour=22 outside [7,20) and [0,0)
2026-05-05 17:09:55 INFO mt5_bot - Balance=102029.96 Equity=102029.96 Spread=1.20 pips
2026-05-05 17:09:55 INFO mt5_bot - Session filter: UTC hour=22 outside [7,20) and [0,0)
2026-05-05 17:10:10 INFO mt5_bot - Balance=102029.96 Equity=102029.96 Spread=1.20 pips
2026-05-05 17:10:10 INFO mt5_bot - Spread filter: 1.20 > 1.20
2026-05-05 17:10:25 INFO mt5_bot - Balance=102029.96 Equity=102029.96 Spread=1.20 pips
2026-05-05 17:10:25 INFO mt5_bot - Spread filter: 1.20 > 1.20
2026-05-05 17:10:40 INFO mt5_bot - Balance=102029.96 Equity=102029.96 Spread=1.20 pips
2026-05-05 17:10:40 INFO mt5_bot - Spread filter: 1.20 > 1.20
2026-05-05 17:10:55 INFO mt5_bot - Balance=102029.96 Equity=102029.96 Spread=1.20 pips
2026-05-05 17:10:55 INFO mt5_bot - Spread filter: 1.20 > 1.20
2026-05-05 17:11:10 INFO mt5_bot - Balance=102029.96 Equity=102029.96 Spread=1.20 pips
2026-05-05 17:11:10 INFO mt5_bot - Spread filter: 1.20 > 1.20
2026-05-05 17:11:25 INFO mt5_bot - Balance=102029.96 Equity=102029.96 Spread=1.20 pips
2026-05-05 17:11:25 INFO mt5_bot - Session filter: UTC hour=22 outside [7,20) and [0,0)
2026-05-05 17:11:40 INFO mt5_bot - Balance=102029.96 Equity=102029.96 Spread=1.20 pips
2026-05-05 17:11:40 INFO mt5_bot - Spread filter: 1.20 > 1.20
2026-05-05 17:11:55 INFO mt5_bot - Balance=102029.96 Equity=102029.96 Spread=1.20 pips
2026-05-05 17:11:55 INFO mt5_bot - Spread filter: 1.20 > 1.20
2026-05-05 17:12:10 INFO mt5_bot - Balance=102029.96 Equity=102029.96 Spread=1.20 pips
2026-05-05 17:12:10 INFO mt5_bot - Spread filter: 1.20 > 1.20
2026-05-05 17:12:25 INFO mt5_bot - Balance=102029.96 Equity=102029.96 Spread=1.20 pips
2026-05-05 17:12:25 INFO mt5_bot - Spread filter: 1.20 > 1.20
2026-05-05 17:12:40 INFO mt5_bot - Balance=102029.96 Equity=102029.96 Spread=1.20 pips
2026-05-05 17:12:40 INFO mt5_bot - Spread filter: 1.20 > 1.20
2026-05-05 17:12:55 INFO mt5_bot - Balance=102029.96 Equity=102029.96 Spread=1.10 pips
2026-05-05 17:12:55 INFO mt5_bot - Session filter: UTC hour=22 outside [7,20) and [0,0)
2026-05-05 17:13:10 INFO mt5_bot - Balance=102029.96 Equity=102029.96 Spread=1.20 pips
2026-05-05 17:13:10 INFO mt5_bot - Spread filter: 1.20 > 1.20
2026-05-05 17:13:25 INFO mt5_bot - Balance=102029.96 Equity=102029.96 Spread=1.10 pips
2026-05-05 17:13:25 INFO mt5_bot - Session filter: UTC hour=22 outside [7,20) and [0,0)
2026-05-05 17:13:40 INFO mt5_bot - Balance=102029.96 Equity=102029.96 Spread=1.20 pips
2026-05-05 17:13:40 INFO mt5_bot - Spread filter: 1.20 > 1.20
2026-05-05 17:13:55 INFO mt5_bot - Balance=102029.96 Equity=102029.96 Spread=1.20 pips
2026-05-05 17:13:55 INFO mt5_bot - Spread filter: 1.20 > 1.20
2026-05-05 17:14:10 INFO mt5_bot - Balance=102029.96 Equity=102029.96 Spread=1.20 pips
2026-05-05 17:14:10 INFO mt5_bot - Session filter: UTC hour=22 outside [7,20) and [0,0)
2026-05-05 17:14:25 INFO mt5_bot - Balance=102029.96 Equity=102029.96 Spread=1.10 pips
2026-05-05 17:14:25 INFO mt5_bot - Session filter: UTC hour=22 outside [7,20) and [0,0)
2026-05-05 17:14:40 INFO mt5_bot - Balance=102029.96 Equity=102029.96 Spread=1.20 pips
2026-05-05 17:14:40 INFO mt5_bot - Spread filter: 1.20 > 1.20
2026-05-05 17:14:55 INFO mt5_bot - Balance=102029.96 Equity=102029.96 Spread=1.10 pips
2026-05-05 17:14:55 INFO mt5_bot - Session filter: UTC hour=22 outside [7,20) and [0,0)
2026-05-05 17:15:10 INFO mt5_bot - Balance=102029.96 Equity=102029.96 Spread=1.20 pips
2026-05-05 17:15:10 INFO mt5_bot - Spread filter: 1.20 > 1.20
2026-05-05 17:15:25 INFO mt5_bot - Balance=102029.96 Equity=102029.96 Spread=1.20 pips
2026-05-05 17:15:25 INFO mt5_bot - Spread filter: 1.20 > 1.20
2026-05-05 17:15:40 INFO mt5_bot - Balance=102029.96 Equity=102029.96 Spread=1.20 pips
2026-05-05 17:15:40 INFO mt5_bot - Spread filter: 1.20 > 1.20
2026-05-05 17:15:55 INFO mt5_bot - Balance=102029.96 Equity=102029.96 Spread=1.20 pips
2026-05-05 17:15:55 INFO mt5_bot - Spread filter: 1.20 > 1.20
2026-05-05 17:16:10 INFO mt5_bot - Balance=102029.96 Equity=102029.96 Spread=1.20 pips
2026-05-05 17:16:10 INFO mt5_bot - Spread filter: 1.20 > 1.20
2026-05-05 17:16:25 INFO mt5_bot - Balance=102029.96 Equity=102029.96 Spread=1.20 pips
2026-05-05 17:16:25 INFO mt5_bot - Spread filter: 1.20 > 1.20
2026-05-05 17:16:40 INFO mt5_bot - Balance=102029.96 Equity=102029.96 Spread=1.20 pips
2026-05-05 17:16:40 INFO mt5_bot - Spread filter: 1.20 > 1.20
2026-05-05 17:16:55 INFO mt5_bot - Balance=102029.96 Equity=102029.96 Spread=1.10 pips
2026-05-05 17:16:55 INFO mt5_bot - Session filter: UTC hour=22 outside [7,20) and [0,0)
2026-05-05 17:17:10 INFO mt5_bot - Balance=102029.96 Equity=102029.96 Spread=1.20 pips
2026-05-05 17:17:10 INFO mt5_bot - Spread filter: 1.20 > 1.20
2026-05-05 17:17:25 INFO mt5_bot - Balance=102029.96 Equity=102029.96 Spread=1.20 pips
2026-05-05 17:17:25 INFO mt5_bot - Spread filter: 1.20 > 1.20
2026-05-05 17:17:40 INFO mt5_bot - Balance=102029.96 Equity=102029.96 Spread=1.10 pips
2026-05-05 17:17:40 INFO mt5_bot - Session filter: UTC hour=22 outside [7,20) and [0,0)
2026-05-05 17:17:55 INFO mt5_bot - Balance=102029.96 Equity=102029.96 Spread=1.20 pips
2026-05-05 17:17:55 INFO mt5_bot - Spread filter: 1.20 > 1.20
2026-05-05 17:18:10 INFO mt5_bot - Balance=102029.96 Equity=102029.96 Spread=1.10 pips
2026-05-05 17:18:10 INFO mt5_bot - Session filter: UTC hour=22 outside [7,20) and [0,0)
2026-05-05 17:18:25 INFO mt5_bot - Balance=102029.96 Equity=102029.96 Spread=1.10 pips
2026-05-05 17:18:25 INFO mt5_bot - Session filter: UTC hour=22 outside [7,20) and [0,0)
2026-05-05 17:18:40 INFO mt5_bot - Balance=102029.96 Equity=102029.96 Spread=1.20 pips
2026-05-05 17:18:40 INFO mt5_bot - Spread filter: 1.20 > 1.20
2026-05-05 17:18:55 INFO mt5_bot - Balance=102029.96 Equity=102029.96 Spread=1.20 pips
2026-05-05 17:18:55 INFO mt5_bot - Spread filter: 1.20 > 1.20
2026-05-05 17:19:10 INFO mt5_bot - Balance=102029.96 Equity=102029.96 Spread=1.10 pips
2026-05-05 17:19:10 INFO mt5_bot - Session filter: UTC hour=22 outside [7,20) and [0,0)
2026-05-05 17:19:25 INFO mt5_bot - Balance=102029.96 Equity=102029.96 Spread=1.10 pips
2026-05-05 17:19:25 INFO mt5_bot - Session filter: UTC hour=22 outside [7,20) and [0,0)
2026-05-05 17:19:40 INFO mt5_bot - Balance=102029.96 Equity=102029.96 Spread=1.10 pips
2026-05-05 17:19:40 INFO mt5_bot - Session filter: UTC hour=22 outside [7,20) and [0,0)
2026-05-05 17:19:55 INFO mt5_bot - Balance=102029.96 Equity=102029.96 Spread=1.20 pips
2026-05-05 17:19:55 INFO mt5_bot - Spread filter: 1.20 > 1.20
2026-05-05 17:20:10 INFO mt5_bot - Balance=102029.96 Equity=102029.96 Spread=1.20 pips
2026-05-05 17:20:10 INFO mt5_bot - Spread filter: 1.20 > 1.20
2026-05-05 17:20:25 INFO mt5_bot - Balance=102029.96 Equity=102029.96 Spread=1.10 pips
2026-05-05 17:20:25 INFO mt5_bot - Session filter: UTC hour=22 outside [7,20) and [0,0)
2026-05-05 17:20:40 INFO mt5_bot - Balance=102029.96 Equity=102029.96 Spread=1.10 pips
2026-05-05 17:20:40 INFO mt5_bot - Session filter: UTC hour=22 outside [7,20) and [0,0)
2026-05-05 17:20:55 INFO mt5_bot - Balance=102029.96 Equity=102029.96 Spread=1.10 pips
2026-05-05 17:20:55 INFO mt5_bot - Session filter: UTC hour=22 outside [7,20) and [0,0)
2026-05-05 17:21:10 INFO mt5_bot - Balance=102029.96 Equity=102029.96 Spread=1.20 pips
2026-05-05 17:21:10 INFO mt5_bot - Spread filter: 1.20 > 1.20
2026-05-05 17:21:25 INFO mt5_bot - Balance=102029.96 Equity=102029.96 Spread=1.10 pips
2026-05-05 17:21:25 INFO mt5_bot - Session filter: UTC hour=22 outside [7,20) and [0,0)
2026-05-05 17:21:40 INFO mt5_bot - Balance=102029.96 Equity=102029.96 Spread=1.20 pips
2026-05-05 17:21:40 INFO mt5_bot - Spread filter: 1.20 > 1.20
2026-05-05 17:21:55 INFO mt5_bot - Balance=102029.96 Equity=102029.96 Spread=1.20 pips
2026-05-05 17:21:55 INFO mt5_bot - Spread filter: 1.20 > 1.20
2026-05-05 17:22:10 INFO mt5_bot - Balance=102029.96 Equity=102029.96 Spread=1.20 pips
2026-05-05 17:22:10 INFO mt5_bot - Spread filter: 1.20 > 1.20
2026-05-05 17:22:25 INFO mt5_bot - Balance=102029.96 Equity=102029.96 Spread=1.20 pips
2026-05-05 17:22:25 INFO mt5_bot - Spread filter: 1.20 > 1.20
2026-05-05 17:22:40 INFO mt5_bot - Balance=102029.96 Equity=102029.96 Spread=1.20 pips
2026-05-05 17:22:40 INFO mt5_bot - Spread filter: 1.20 > 1.20
2026-05-05 17:22:55 INFO mt5_bot - Balance=102029.96 Equity=102029.96 Spread=1.20 pips
2026-05-05 17:22:55 INFO mt5_bot - Spread filter: 1.20 > 1.20
2026-05-05 17:23:10 INFO mt5_bot - Balance=102029.96 Equity=102029.96 Spread=1.10 pips
2026-05-05 17:23:10 INFO mt5_bot - Session filter: UTC hour=22 outside [7,20) and [0,0)
2026-05-05 17:23:25 INFO mt5_bot - Balance=102029.96 Equity=102029.96 Spread=1.20 pips
2026-05-05 17:23:25 INFO mt5_bot - Spread filter: 1.20 > 1.20
2026-05-05 17:23:40 INFO mt5_bot - Balance=102029.96 Equity=102029.96 Spread=1.10 pips
2026-05-05 17:23:40 INFO mt5_bot - Session filter: UTC hour=22 outside [7,20) and [0,0)
2026-05-05 17:23:55 INFO mt5_bot - Balance=102029.96 Equity=102029.96 Spread=1.10 pips
2026-05-05 17:23:55 INFO mt5_bot - Session filter: UTC hour=22 outside [7,20) and [0,0)
2026-05-05 17:24:10 INFO mt5_bot - Balance=102029.96 Equity=102029.96 Spread=1.10 pips
2026-05-05 17:24:10 INFO mt5_bot - Session filter: UTC hour=22 outside [7,20) and [0,0)
2026-05-05 17:24:25 INFO mt5_bot - Balance=102029.96 Equity=102029.96 Spread=1.10 pips
2026-05-05 17:24:25 INFO mt5_bot - Session filter: UTC hour=22 outside [7,20) and [0,0)
2026-05-05 17:24:40 INFO mt5_bot - Balance=102029.96 Equity=102029.96 Spread=1.10 pips
2026-05-05 17:24:40 INFO mt5_bot - Session filter: UTC hour=22 outside [7,20) and [0,0)
2026-05-05 17:24:55 INFO mt5_bot - Balance=102029.96 Equity=102029.96 Spread=1.20 pips
2026-05-05 17:24:55 INFO mt5_bot - Spread filter: 1.20 > 1.20
2026-05-05 17:25:10 INFO mt5_bot - Balance=102029.96 Equity=102029.96 Spread=1.10 pips
2026-05-05 17:25:10 INFO mt5_bot - Session filter: UTC hour=22 outside [7,20) and [0,0)
2026-05-05 17:25:25 INFO mt5_bot - Balance=102029.96 Equity=102029.96 Spread=1.20 pips
2026-05-05 17:25:25 INFO mt5_bot - Spread filter: 1.20 > 1.20
2026-05-05 17:25:40 INFO mt5_bot - Balance=102029.96 Equity=102029.96 Spread=1.10 pips
2026-05-05 17:25:40 INFO mt5_bot - Session filter: UTC hour=22 outside [7,20) and [0,0)
2026-05-05 17:25:55 INFO mt5_bot - Balance=102029.96 Equity=102029.96 Spread=1.10 pips
2026-05-05 17:25:55 INFO mt5_bot - Session filter: UTC hour=22 outside [7,20) and [0,0)
2026-05-05 17:26:10 INFO mt5_bot - Balance=102029.96 Equity=102029.96 Spread=1.10 pips
2026-05-05 17:26:10 INFO mt5_bot - Session filter: UTC hour=22 outside [7,20) and [0,0)
2026-05-05 17:26:25 INFO mt5_bot - Balance=102029.96 Equity=102029.96 Spread=1.20 pips
2026-05-05 17:26:25 INFO mt5_bot - Spread filter: 1.20 > 1.20
2026-05-05 17:26:40 INFO mt5_bot - Balance=102029.96 Equity=102029.96 Spread=1.20 pips
2026-05-05 17:26:40 INFO mt5_bot - Spread filter: 1.20 > 1.20
2026-05-05 17:26:55 INFO mt5_bot - Balance=102029.96 Equity=102029.96 Spread=1.10 pips
2026-05-05 17:26:55 INFO mt5_bot - Session filter: UTC hour=22 outside [7,20) and [0,0)
2026-05-05 17:27:10 INFO mt5_bot - Balance=102029.96 Equity=102029.96 Spread=1.10 pips
2026-05-05 17:27:10 INFO mt5_bot - Session filter: UTC hour=22 outside [7,20) and [0,0)
2026-05-05 17:27:25 INFO mt5_bot - Balance=102029.96 Equity=102029.96 Spread=1.20 pips
2026-05-05 17:27:25 INFO mt5_bot - Spread filter: 1.20 > 1.20
2026-05-05 17:27:40 INFO mt5_bot - Balance=102029.96 Equity=102029.96 Spread=1.20 pips
2026-05-05 17:27:40 INFO mt5_bot - Spread filter: 1.20 > 1.20
2026-05-05 17:27:55 INFO mt5_bot - Balance=102029.96 Equity=102029.96 Spread=1.20 pips
2026-05-05 17:27:55 INFO mt5_bot - Spread filter: 1.20 > 1.20
2026-05-05 17:28:10 INFO mt5_bot - Balance=102029.96 Equity=102029.96 Spread=1.20 pips
2026-05-05 17:28:10 INFO mt5_bot - Spread filter: 1.20 > 1.20
2026-05-05 17:28:25 INFO mt5_bot - Balance=102029.96 Equity=102029.96 Spread=1.10 pips
2026-05-05 17:28:25 INFO mt5_bot - Session filter: UTC hour=22 outside [7,20) and [0,0)
2026-05-05 17:28:40 INFO mt5_bot - Balance=102029.96 Equity=102029.96 Spread=1.20 pips
2026-05-05 17:28:40 INFO mt5_bot - Spread filter: 1.20 > 1.20
2026-05-05 17:28:55 INFO mt5_bot - Balance=102029.96 Equity=102029.96 Spread=1.10 pips
2026-05-05 17:28:55 INFO mt5_bot - Session filter: UTC hour=22 outside [7,20) and [0,0)
2026-05-05 17:29:10 INFO mt5_bot - Balance=102029.96 Equity=102029.96 Spread=1.10 pips
2026-05-05 17:29:10 INFO mt5_bot - Session filter: UTC hour=22 outside [7,20) and [0,0)
2026-05-05 17:29:25 INFO mt5_bot - Balance=102029.96 Equity=102029.96 Spread=1.10 pips
2026-05-05 17:29:25 INFO mt5_bot - Session filter: UTC hour=22 outside [7,20) and [0,0)
2026-05-05 17:29:40 INFO mt5_bot - Balance=102029.96 Equity=102029.96 Spread=1.10 pips
2026-05-05 17:29:40 INFO mt5_bot - Session filter: UTC hour=22 outside [7,20) and [0,0)
2026-05-05 17:29:55 INFO mt5_bot - Balance=102029.96 Equity=102029.96 Spread=1.20 pips
2026-05-05 17:29:55 INFO mt5_bot - Spread filter: 1.20 > 1.20
2026-05-05 17:30:10 INFO mt5_bot - Balance=102029.96 Equity=102029.96 Spread=1.20 pips
2026-05-05 17:30:10 INFO mt5_bot - Spread filter: 1.20 > 1.20
2026-05-05 17:30:25 INFO mt5_bot - Balance=102029.96 Equity=102029.96 Spread=1.10 pips
2026-05-05 17:30:25 INFO mt5_bot - Session filter: UTC hour=22 outside [7,20) and [0,0)
2026-05-05 17:30:40 INFO mt5_bot - Balance=102029.96 Equity=102029.96 Spread=1.10 pips
2026-05-05 17:30:40 INFO mt5_bot - Session filter: UTC hour=22 outside [7,20) and [0,0)
2026-05-05 17:30:55 INFO mt5_bot - Balance=102029.96 Equity=102029.96 Spread=1.20 pips
2026-05-05 17:30:55 INFO mt5_bot - Spread filter: 1.20 > 1.20
2026-05-05 17:31:10 INFO mt5_bot - Balance=102029.96 Equity=102029.96 Spread=1.20 pips
2026-05-05 17:31:10 INFO mt5_bot - Spread filter: 1.20 > 1.20
2026-05-05 17:31:25 INFO mt5_bot - Balance=102029.96 Equity=102029.96 Spread=1.20 pips
2026-05-05 17:31:25 INFO mt5_bot - Spread filter: 1.20 > 1.20
2026-05-05 17:31:40 INFO mt5_bot - Balance=102029.96 Equity=102029.96 Spread=1.10 pips
2026-05-05 17:31:40 INFO mt5_bot - Session filter: UTC hour=22 outside [7,20) and [0,0)
2026-05-05 17:31:55 INFO mt5_bot - Balance=102029.96 Equity=102029.96 Spread=1.20 pips
2026-05-05 17:31:55 INFO mt5_bot - Spread filter: 1.20 > 1.20
2026-05-05 17:32:10 INFO mt5_bot - Balance=102029.96 Equity=102029.96 Spread=1.10 pips
2026-05-05 17:32:10 INFO mt5_bot - Session filter: UTC hour=22 outside [7,20) and [0,0)
2026-05-05 17:32:25 INFO mt5_bot - Balance=102029.96 Equity=102029.96 Spread=1.10 pips
2026-05-05 17:32:25 INFO mt5_bot - Session filter: UTC hour=22 outside [7,20) and [0,0)
2026-05-05 17:32:40 INFO mt5_bot - Balance=102029.96 Equity=102029.96 Spread=1.10 pips
2026-05-05 17:32:40 INFO mt5_bot - Session filter: UTC hour=22 outside [7,20) and [0,0)
2026-05-05 17:32:55 INFO mt5_bot - Balance=102029.96 Equity=102029.96 Spread=1.10 pips
2026-05-05 17:32:55 INFO mt5_bot - Session filter: UTC hour=22 outside [7,20) and [0,0)
2026-05-05 17:33:10 INFO mt5_bot - Balance=102029.96 Equity=102029.96 Spread=1.20 pips
2026-05-05 17:33:10 INFO mt5_bot - Spread filter: 1.20 > 1.20
2026-05-05 17:33:25 INFO mt5_bot - Balance=102029.96 Equity=102029.96 Spread=1.10 pips
2026-05-05 17:33:25 INFO mt5_bot - Session filter: UTC hour=22 outside [7,20) and [0,0)
2026-05-05 17:33:40 INFO mt5_bot - Balance=102029.96 Equity=102029.96 Spread=1.20 pips
2026-05-05 17:33:40 INFO mt5_bot - Spread filter: 1.20 > 1.20
2026-05-05 17:33:55 INFO mt5_bot - Balance=102029.96 Equity=102029.96 Spread=1.10 pips
2026-05-05 17:33:55 INFO mt5_bot - Session filter: UTC hour=22 outside [7,20) and [0,0)
2026-05-05 17:34:10 INFO mt5_bot - Balance=102029.96 Equity=102029.96 Spread=1.20 pips
2026-05-05 17:34:10 INFO mt5_bot - Spread filter: 1.20 > 1.20
2026-05-05 17:34:25 INFO mt5_bot - Balance=102029.96 Equity=102029.96 Spread=1.10 pips
2026-05-05 17:34:25 INFO mt5_bot - Session filter: UTC hour=22 outside [7,20) and [0,0)
2026-05-05 17:34:40 INFO mt5_bot - Balance=102029.96 Equity=102029.96 Spread=1.10 pips
2026-05-05 17:34:40 INFO mt5_bot - Session filter: UTC hour=22 outside [7,20) and [0,0)
2026-05-05 17:34:55 INFO mt5_bot - Balance=102029.96 Equity=102029.96 Spread=1.10 pips
2026-05-05 17:34:55 INFO mt5_bot - Session filter: UTC hour=22 outside [7,20) and [0,0)
2026-05-05 17:35:10 INFO mt5_bot - Balance=102029.96 Equity=102029.96 Spread=1.10 pips
2026-05-05 17:35:10 INFO mt5_bot - Session filter: UTC hour=22 outside [7,20) and [0,0)
2026-05-05 17:35:25 INFO mt5_bot - Balance=102029.96 Equity=102029.96 Spread=1.10 pips
2026-05-05 17:35:25 INFO mt5_bot - Session filter: UTC hour=22 outside [7,20) and [0,0)
2026-05-05 17:35:40 INFO mt5_bot - Balance=102029.96 Equity=102029.96 Spread=1.10 pips
2026-05-05 17:35:40 INFO mt5_bot - Session filter: UTC hour=22 outside [7,20) and [0,0)
2026-05-05 17:35:55 INFO mt5_bot - Balance=102029.96 Equity=102029.96 Spread=1.10 pips
2026-05-05 17:35:55 INFO mt5_bot - Session filter: UTC hour=22 outside [7,20) and [0,0)
2026-05-05 17:36:10 INFO mt5_bot - Balance=102029.96 Equity=102029.96 Spread=1.10 pips
2026-05-05 17:36:10 INFO mt5_bot - Session filter: UTC hour=22 outside [7,20) and [0,0)
2026-05-05 17:36:25 INFO mt5_bot - Balance=102029.96 Equity=102029.96 Spread=1.10 pips
2026-05-05 17:36:25 INFO mt5_bot - Session filter: UTC hour=22 outside [7,20) and [0,0)
2026-05-05 17:36:40 INFO mt5_bot - Balance=102029.96 Equity=102029.96 Spread=1.10 pips
2026-05-05 17:36:40 INFO mt5_bot - Session filter: UTC hour=22 outside [7,20) and [0,0)
2026-05-05 17:36:55 INFO mt5_bot - Balance=102029.96 Equity=102029.96 Spread=1.10 pips
2026-05-05 17:36:55 INFO mt5_bot - Session filter: UTC hour=22 outside [7,20) and [0,0)
2026-05-05 17:37:10 INFO mt5_bot - Balance=102029.96 Equity=102029.96 Spread=1.10 pips
2026-05-05 17:37:10 INFO mt5_bot - Session filter: UTC hour=22 outside [7,20) and [0,0)
2026-05-05 17:37:25 INFO mt5_bot - Balance=102029.96 Equity=102029.96 Spread=1.20 pips
2026-05-05 17:37:25 INFO mt5_bot - Spread filter: 1.20 > 1.20
2026-05-05 17:37:40 INFO mt5_bot - Balance=102029.96 Equity=102029.96 Spread=1.20 pips
2026-05-05 17:37:40 INFO mt5_bot - Spread filter: 1.20 > 1.20
2026-05-05 17:37:55 INFO mt5_bot - Balance=102029.96 Equity=102029.96 Spread=1.20 pips
2026-05-05 17:37:55 INFO mt5_bot - Spread filter: 1.20 > 1.20
2026-05-05 17:38:10 INFO mt5_bot - Balance=102029.96 Equity=102029.96 Spread=1.20 pips
2026-05-05 17:38:10 INFO mt5_bot - Spread filter: 1.20 > 1.20
2026-05-05 17:38:25 INFO mt5_bot - Balance=102029.96 Equity=102029.96 Spread=1.20 pips
2026-05-05 17:38:25 INFO mt5_bot - Spread filter: 1.20 > 1.20
2026-05-05 17:38:40 INFO mt5_bot - Balance=102029.96 Equity=102029.96 Spread=1.10 pips
2026-05-05 17:38:40 INFO mt5_bot - Session filter: UTC hour=22 outside [7,20) and [0,0)
2026-05-05 17:38:55 INFO mt5_bot - Balance=102029.96 Equity=102029.96 Spread=1.10 pips
2026-05-05 17:38:55 INFO mt5_bot - Session filter: UTC hour=22 outside [7,20) and [0,0)
2026-05-05 17:39:10 INFO mt5_bot - Balance=102029.96 Equity=102029.96 Spread=1.10 pips
2026-05-05 17:39:10 INFO mt5_bot - Session filter: UTC hour=22 outside [7,20) and [0,0)
2026-05-05 17:39:25 INFO mt5_bot - Balance=102029.96 Equity=102029.96 Spread=1.10 pips
2026-05-05 17:39:25 INFO mt5_bot - Session filter: UTC hour=22 outside [7,20) and [0,0)
2026-05-05 17:39:40 INFO mt5_bot - Balance=102029.96 Equity=102029.96 Spread=1.10 pips
2026-05-05 17:39:40 INFO mt5_bot - Session filter: UTC hour=22 outside [7,20) and [0,0)
2026-05-05 17:39:55 INFO mt5_bot - Balance=102029.96 Equity=102029.96 Spread=1.10 pips
2026-05-05 17:39:55 INFO mt5_bot - Session filter: UTC hour=22 outside [7,20) and [0,0)
2026-05-05 17:40:10 INFO mt5_bot - Balance=102029.96 Equity=102029.96 Spread=0.80 pips
2026-05-05 17:40:10 INFO mt5_bot - Session filter: UTC hour=22 outside [7,20) and [0,0)
2026-05-05 17:40:25 INFO mt5_bot - Balance=102029.96 Equity=102029.96 Spread=1.10 pips
2026-05-05 17:40:25 INFO mt5_bot - Session filter: UTC hour=22 outside [7,20) and [0,0)
2026-05-05 17:40:40 INFO mt5_bot - Balance=102029.96 Equity=102029.96 Spread=1.00 pips
2026-05-05 17:40:40 INFO mt5_bot - Session filter: UTC hour=22 outside [7,20) and [0,0)
2026-05-05 17:40:55 INFO mt5_bot - Balance=102029.96 Equity=102029.96 Spread=1.00 pips
2026-05-05 17:40:55 INFO mt5_bot - Session filter: UTC hour=22 outside [7,20) and [0,0)
2026-05-05 17:41:10 INFO mt5_bot - Balance=102029.96 Equity=102029.96 Spread=0.80 pips
2026-05-05 17:41:10 INFO mt5_bot - Session filter: UTC hour=22 outside [7,20) and [0,0)
2026-05-05 17:41:25 INFO mt5_bot - Balance=102029.96 Equity=102029.96 Spread=0.90 pips
2026-05-05 17:41:25 INFO mt5_bot - Session filter: UTC hour=22 outside [7,20) and [0,0)
2026-05-05 17:41:40 INFO mt5_bot - Balance=102029.96 Equity=102029.96 Spread=1.00 pips
2026-05-05 17:41:40 INFO mt5_bot - Session filter: UTC hour=22 outside [7,20) and [0,0)
2026-05-05 17:41:55 INFO mt5_bot - Balance=102029.96 Equity=102029.96 Spread=0.90 pips
2026-05-05 17:41:55 INFO mt5_bot - Session filter: UTC hour=22 outside [7,20) and [0,0)
2026-05-05 17:42:10 INFO mt5_bot - Balance=102029.96 Equity=102029.96 Spread=1.00 pips
2026-05-05 17:42:10 INFO mt5_bot - Session filter: UTC hour=22 outside [7,20) and [0,0)
2026-05-05 17:42:25 INFO mt5_bot - Balance=102029.96 Equity=102029.96 Spread=0.90 pips
2026-05-05 17:42:25 INFO mt5_bot - Session filter: UTC hour=22 outside [7,20) and [0,0)
2026-05-05 17:42:40 INFO mt5_bot - Balance=102029.96 Equity=102029.96 Spread=0.90 pips
2026-05-05 17:42:40 INFO mt5_bot - Session filter: UTC hour=22 outside [7,20) and [0,0)
2026-05-05 17:42:55 INFO mt5_bot - Balance=102029.96 Equity=102029.96 Spread=1.00 pips
2026-05-05 17:42:55 INFO mt5_bot - Session filter: UTC hour=22 outside [7,20) and [0,0)
2026-05-05 17:43:10 INFO mt5_bot - Balance=102029.96 Equity=102029.96 Spread=1.10 pips
2026-05-05 17:43:10 INFO mt5_bot - Session filter: UTC hour=22 outside [7,20) and [0,0)
2026-05-05 17:43:25 INFO mt5_bot - Balance=102029.96 Equity=102029.96 Spread=1.00 pips
2026-05-05 17:43:25 INFO mt5_bot - Session filter: UTC hour=22 outside [7,20) and [0,0)
2026-05-05 17:43:40 INFO mt5_bot - Balance=102029.96 Equity=102029.96 Spread=1.00 pips
2026-05-05 17:43:40 INFO mt5_bot - Session filter: UTC hour=22 outside [7,20) and [0,0)
2026-05-05 17:43:55 INFO mt5_bot - Balance=102029.96 Equity=102029.96 Spread=1.00 pips
2026-05-05 17:43:55 INFO mt5_bot - Session filter: UTC hour=22 outside [7,20) and [0,0)
2026-05-05 17:44:10 INFO mt5_bot - Balance=102029.96 Equity=102029.96 Spread=0.90 pips
2026-05-05 17:44:10 INFO mt5_bot - Session filter: UTC hour=22 outside [7,20) and [0,0)
2026-05-05 17:44:25 INFO mt5_bot - Balance=102029.96 Equity=102029.96 Spread=1.10 pips
2026-05-05 17:44:25 INFO mt5_bot - Session filter: UTC hour=22 outside [7,20) and [0,0)
2026-05-05 17:44:40 INFO mt5_bot - Balance=102029.96 Equity=102029.96 Spread=1.20 pips
2026-05-05 17:44:40 INFO mt5_bot - Session filter: UTC hour=22 outside [7,20) and [0,0)
2026-05-05 17:44:55 INFO mt5_bot - Balance=102029.96 Equity=102029.96 Spread=1.20 pips
2026-05-05 17:44:55 INFO mt5_bot - Session filter: UTC hour=22 outside [7,20) and [0,0)
2026-05-05 17:45:10 INFO mt5_bot - Balance=102029.96 Equity=102029.96 Spread=1.20 pips
2026-05-05 17:45:10 INFO mt5_bot - Spread filter: 1.20 > 1.20
2026-05-05 17:45:25 INFO mt5_bot - Balance=102029.96 Equity=102029.96 Spread=1.00 pips
2026-05-05 17:45:25 INFO mt5_bot - Session filter: UTC hour=22 outside [7,20) and [0,0)
2026-05-05 17:45:40 INFO mt5_bot - Balance=102029.96 Equity=102029.96 Spread=1.10 pips
2026-05-05 17:45:40 INFO mt5_bot - Session filter: UTC hour=22 outside [7,20) and [0,0)
2026-05-05 17:45:55 INFO mt5_bot - Balance=102029.96 Equity=102029.96 Spread=1.10 pips
2026-05-05 17:45:55 INFO mt5_bot - Session filter: UTC hour=22 outside [7,20) and [0,0)
2026-05-05 17:46:10 INFO mt5_bot - Balance=102029.96 Equity=102029.96 Spread=1.10 pips
2026-05-05 17:46:10 INFO mt5_bot - Session filter: UTC hour=22 outside [7,20) and [0,0)
2026-05-05 17:46:25 INFO mt5_bot - Balance=102029.96 Equity=102029.96 Spread=1.10 pips
2026-05-05 17:46:25 INFO mt5_bot - Session filter: UTC hour=22 outside [7,20) and [0,0)
2026-05-05 17:46:40 INFO mt5_bot - Balance=102029.96 Equity=102029.96 Spread=1.10 pips
2026-05-05 17:46:40 INFO mt5_bot - Session filter: UTC hour=22 outside [7,20) and [0,0)
2026-05-05 17:46:56 INFO mt5_bot - Balance=102029.96 Equity=102029.96 Spread=1.10 pips
2026-05-05 17:46:56 INFO mt5_bot - Session filter: UTC hour=22 outside [7,20) and [0,0)
2026-05-05 17:47:11 INFO mt5_bot - Balance=102029.96 Equity=102029.96 Spread=1.20 pips
2026-05-05 17:47:11 INFO mt5_bot - Spread filter: 1.20 > 1.20
2026-05-05 17:47:26 INFO mt5_bot - Balance=102029.96 Equity=102029.96 Spread=1.20 pips
2026-05-05 17:47:26 INFO mt5_bot - Session filter: UTC hour=22 outside [7,20) and [0,0)
2026-05-05 17:47:41 INFO mt5_bot - Balance=102029.96 Equity=102029.96 Spread=1.10 pips
2026-05-05 17:47:41 INFO mt5_bot - Session filter: UTC hour=22 outside [7,20) and [0,0)
2026-05-05 17:47:56 INFO mt5_bot - Balance=102029.96 Equity=102029.96 Spread=1.20 pips
2026-05-05 17:47:56 INFO mt5_bot - Spread filter: 1.20 > 1.20
2026-05-05 17:48:11 INFO mt5_bot - Balance=102029.96 Equity=102029.96 Spread=1.10 pips
2026-05-05 17:48:11 INFO mt5_bot - Session filter: UTC hour=22 outside [7,20) and [0,0)
2026-05-05 17:48:26 INFO mt5_bot - Balance=102029.96 Equity=102029.96 Spread=1.10 pips
2026-05-05 17:48:26 INFO mt5_bot - Session filter: UTC hour=22 outside [7,20) and [0,0)
2026-05-05 17:48:41 INFO mt5_bot - Balance=102029.96 Equity=102029.96 Spread=1.00 pips
2026-05-05 17:48:41 INFO mt5_bot - Session filter: UTC hour=22 outside [7,20) and [0,0)
2026-05-05 17:48:56 INFO mt5_bot - Balance=102029.96 Equity=102029.96 Spread=1.00 pips
2026-05-05 17:48:56 INFO mt5_bot - Session filter: UTC hour=22 outside [7,20) and [0,0)
2026-05-05 17:49:11 INFO mt5_bot - Balance=102029.96 Equity=102029.96 Spread=0.80 pips
2026-05-05 17:49:11 INFO mt5_bot - Session filter: UTC hour=22 outside [7,20) and [0,0)
2026-05-05 17:49:26 INFO mt5_bot - Balance=102029.96 Equity=102029.96 Spread=0.80 pips
2026-05-05 17:49:26 INFO mt5_bot - Session filter: UTC hour=22 outside [7,20) and [0,0)
2026-05-05 17:49:41 INFO mt5_bot - Balance=102029.96 Equity=102029.96 Spread=0.80 pips
2026-05-05 17:49:41 INFO mt5_bot - Session filter: UTC hour=22 outside [7,20) and [0,0)
2026-05-05 17:49:56 INFO mt5_bot - Balance=102029.96 Equity=102029.96 Spread=0.80 pips
2026-05-05 17:49:56 INFO mt5_bot - Session filter: UTC hour=22 outside [7,20) and [0,0)
2026-05-05 17:50:11 INFO mt5_bot - Balance=102029.96 Equity=102029.96 Spread=0.80 pips
2026-05-05 17:50:11 INFO mt5_bot - Session filter: UTC hour=22 outside [7,20) and [0,0)
2026-05-05 17:50:26 INFO mt5_bot - Balance=102029.96 Equity=102029.96 Spread=0.80 pips
2026-05-05 17:50:26 INFO mt5_bot - Session filter: UTC hour=22 outside [7,20) and [0,0)
2026-05-05 17:50:41 INFO mt5_bot - Balance=102029.96 Equity=102029.96 Spread=0.80 pips
2026-05-05 17:50:41 INFO mt5_bot - Session filter: UTC hour=22 outside [7,20) and [0,0)
2026-05-05 17:50:56 INFO mt5_bot - Balance=102029.96 Equity=102029.96 Spread=0.80 pips
2026-05-05 17:50:56 INFO mt5_bot - Session filter: UTC hour=22 outside [7,20) and [0,0)
2026-05-05 17:51:11 INFO mt5_bot - Balance=102029.96 Equity=102029.96 Spread=0.80 pips
2026-05-05 17:51:11 INFO mt5_bot - Session filter: UTC hour=22 outside [7,20) and [0,0)
2026-05-05 17:51:26 INFO mt5_bot - Balance=102029.96 Equity=102029.96 Spread=0.80 pips
2026-05-05 17:51:26 INFO mt5_bot - Session filter: UTC hour=22 outside [7,20) and [0,0)
2026-05-05 17:51:41 INFO mt5_bot - Balance=102029.96 Equity=102029.96 Spread=0.80 pips
2026-05-05 17:51:41 INFO mt5_bot - Session filter: UTC hour=22 outside [7,20) and [0,0)
2026-05-05 17:51:56 INFO mt5_bot - Balance=102029.96 Equity=102029.96 Spread=0.80 pips
2026-05-05 17:51:56 INFO mt5_bot - Session filter: UTC hour=22 outside [7,20) and [0,0)
2026-05-05 17:52:11 INFO mt5_bot - Balance=102029.96 Equity=102029.96 Spread=0.90 pips
2026-05-05 17:52:11 INFO mt5_bot - Session filter: UTC hour=22 outside [7,20) and [0,0)
2026-05-05 17:52:26 INFO mt5_bot - Balance=102029.96 Equity=102029.96 Spread=1.00 pips
2026-05-05 17:52:26 INFO mt5_bot - Session filter: UTC hour=22 outside [7,20) and [0,0)
2026-05-05 17:52:41 INFO mt5_bot - Balance=102029.96 Equity=102029.96 Spread=1.20 pips
2026-05-05 17:52:41 INFO mt5_bot - Spread filter: 1.20 > 1.20
2026-05-05 17:52:56 INFO mt5_bot - Balance=102029.96 Equity=102029.96 Spread=1.20 pips
2026-05-05 17:52:56 INFO mt5_bot - Spread filter: 1.20 > 1.20
2026-05-05 17:53:11 INFO mt5_bot - Balance=102029.96 Equity=102029.96 Spread=1.20 pips
2026-05-05 17:53:11 INFO mt5_bot - Session filter: UTC hour=22 outside [7,20) and [0,0)
2026-05-05 17:53:26 INFO mt5_bot - Balance=102029.96 Equity=102029.96 Spread=1.20 pips
2026-05-05 17:53:26 INFO mt5_bot - Spread filter: 1.20 > 1.20
2026-05-05 17:53:41 INFO mt5_bot - Balance=102029.96 Equity=102029.96 Spread=1.20 pips
2026-05-05 17:53:41 INFO mt5_bot - Spread filter: 1.20 > 1.20
2026-05-05 17:53:56 INFO mt5_bot - Balance=102029.96 Equity=102029.96 Spread=1.20 pips
2026-05-05 17:53:56 INFO mt5_bot - Spread filter: 1.20 > 1.20
2026-05-05 17:54:11 INFO mt5_bot - Balance=102029.96 Equity=102029.96 Spread=1.10 pips
2026-05-05 17:54:11 INFO mt5_bot - Session filter: UTC hour=22 outside [7,20) and [0,0)
2026-05-05 17:54:26 INFO mt5_bot - Balance=102029.96 Equity=102029.96 Spread=1.20 pips
2026-05-05 17:54:26 INFO mt5_bot - Spread filter: 1.20 > 1.20
2026-05-05 17:54:41 INFO mt5_bot - Balance=102029.96 Equity=102029.96 Spread=1.20 pips
2026-05-05 17:54:41 INFO mt5_bot - Session filter: UTC hour=22 outside [7,20) and [0,0)
2026-05-05 17:54:56 INFO mt5_bot - Balance=102029.96 Equity=102029.96 Spread=1.20 pips
2026-05-05 17:54:56 INFO mt5_bot - Session filter: UTC hour=22 outside [7,20) and [0,0)
2026-05-05 17:55:11 INFO mt5_bot - Balance=102029.96 Equity=102029.96 Spread=1.20 pips
2026-05-05 17:55:11 INFO mt5_bot - Spread filter: 1.20 > 1.20
2026-05-05 17:55:26 INFO mt5_bot - Balance=102029.96 Equity=102029.96 Spread=1.10 pips
2026-05-05 17:55:26 INFO mt5_bot - Session filter: UTC hour=22 outside [7,20) and [0,0)
2026-05-05 17:55:41 INFO mt5_bot - Balance=102029.96 Equity=102029.96 Spread=1.10 pips
2026-05-05 17:55:41 INFO mt5_bot - Session filter: UTC hour=22 outside [7,20) and [0,0)
2026-05-05 17:55:56 INFO mt5_bot - Balance=102029.96 Equity=102029.96 Spread=1.00 pips
2026-05-05 17:55:56 INFO mt5_bot - Session filter: UTC hour=22 outside [7,20) and [0,0)
2026-05-05 17:56:11 INFO mt5_bot - Balance=102029.96 Equity=102029.96 Spread=1.10 pips
2026-05-05 17:56:11 INFO mt5_bot - Session filter: UTC hour=22 outside [7,20) and [0,0)
2026-05-05 17:56:26 INFO mt5_bot - Balance=102029.96 Equity=102029.96 Spread=1.10 pips
2026-05-05 17:56:26 INFO mt5_bot - Session filter: UTC hour=22 outside [7,20) and [0,0)
2026-05-05 17:56:41 INFO mt5_bot - Balance=102029.96 Equity=102029.96 Spread=1.20 pips
2026-05-05 17:56:41 INFO mt5_bot - Spread filter: 1.20 > 1.20
2026-05-05 17:56:56 INFO mt5_bot - Balance=102029.96 Equity=102029.96 Spread=1.10 pips
2026-05-05 17:56:56 INFO mt5_bot - Session filter: UTC hour=22 outside [7,20) and [0,0)
2026-05-05 17:57:11 INFO mt5_bot - Balance=102029.96 Equity=102029.96 Spread=1.20 pips
2026-05-05 17:57:11 INFO mt5_bot - Spread filter: 1.20 > 1.20
2026-05-05 17:57:26 INFO mt5_bot - Balance=102029.96 Equity=102029.96 Spread=1.20 pips
2026-05-05 17:57:26 INFO mt5_bot - Spread filter: 1.20 > 1.20
2026-05-05 17:57:41 INFO mt5_bot - Balance=102029.96 Equity=102029.96 Spread=1.10 pips
2026-05-05 17:57:41 INFO mt5_bot - Session filter: UTC hour=22 outside [7,20) and [0,0)
2026-05-05 17:57:56 INFO mt5_bot - Balance=102029.96 Equity=102029.96 Spread=1.10 pips
2026-05-05 17:57:56 INFO mt5_bot - Session filter: UTC hour=22 outside [7,20) and [0,0)
2026-05-05 17:58:11 INFO mt5_bot - Balance=102029.96 Equity=102029.96 Spread=1.10 pips
2026-05-05 17:58:11 INFO mt5_bot - Session filter: UTC hour=22 outside [7,20) and [0,0)
2026-05-05 17:58:26 INFO mt5_bot - Balance=102029.96 Equity=102029.96 Spread=1.20 pips
2026-05-05 17:58:26 INFO mt5_bot - Spread filter: 1.20 > 1.20
2026-05-05 17:58:41 INFO mt5_bot - Balance=102029.96 Equity=102029.96 Spread=1.00 pips
2026-05-05 17:58:41 INFO mt5_bot - Session filter: UTC hour=22 outside [7,20) and [0,0)
2026-05-05 17:58:56 INFO mt5_bot - Balance=102029.96 Equity=102029.96 Spread=1.20 pips
2026-05-05 17:58:56 INFO mt5_bot - Spread filter: 1.20 > 1.20
2026-05-05 17:59:11 INFO mt5_bot - Balance=102029.96 Equity=102029.96 Spread=1.20 pips
2026-05-05 17:59:11 INFO mt5_bot - Spread filter: 1.20 > 1.20
2026-05-05 17:59:26 INFO mt5_bot - Balance=102029.96 Equity=102029.96 Spread=1.10 pips
2026-05-05 17:59:26 INFO mt5_bot - Session filter: UTC hour=22 outside [7,20) and [0,0)
2026-05-05 17:59:41 INFO mt5_bot - Balance=102029.96 Equity=102029.96 Spread=1.10 pips
2026-05-05 17:59:41 INFO mt5_bot - Session filter: UTC hour=22 outside [7,20) and [0,0)
2026-05-05 17:59:56 INFO mt5_bot - Balance=102029.96 Equity=102029.96 Spread=1.10 pips
2026-05-05 17:59:56 INFO mt5_bot - Session filter: UTC hour=22 outside [7,20) and [0,0)
2026-05-05 18:00:11 INFO mt5_bot - Balance=102029.96 Equity=102029.96 Spread=1.10 pips
2026-05-05 18:00:11 INFO mt5_bot - Session filter: UTC hour=23 outside [7,20) and [0,0)
2026-05-05 18:00:26 INFO mt5_bot - Balance=102029.96 Equity=102029.96 Spread=1.10 pips
2026-05-05 18:00:26 INFO mt5_bot - Session filter: UTC hour=23 outside [7,20) and [0,0)
2026-05-05 18:00:41 INFO mt5_bot - Balance=102029.96 Equity=102029.96 Spread=1.00 pips
2026-05-05 18:00:41 INFO mt5_bot - Session filter: UTC hour=23 outside [7,20) and [0,0)
2026-05-05 18:00:56 INFO mt5_bot - Balance=102029.96 Equity=102029.96 Spread=1.10 pips
2026-05-05 18:00:56 INFO mt5_bot - Session filter: UTC hour=23 outside [7,20) and [0,0)
2026-05-05 18:01:11 INFO mt5_bot - Balance=102029.96 Equity=102029.96 Spread=1.20 pips
2026-05-05 18:01:11 INFO mt5_bot - Spread filter: 1.20 > 1.20
2026-05-05 18:01:26 INFO mt5_bot - Balance=102029.96 Equity=102029.96 Spread=1.00 pips
2026-05-05 18:01:26 INFO mt5_bot - Session filter: UTC hour=23 outside [7,20) and [0,0)
2026-05-05 18:01:41 INFO mt5_bot - Balance=102029.96 Equity=102029.96 Spread=1.00 pips
2026-05-05 18:01:41 INFO mt5_bot - Session filter: UTC hour=23 outside [7,20) and [0,0)
2026-05-05 18:01:56 INFO mt5_bot - Balance=102029.96 Equity=102029.96 Spread=1.10 pips
2026-05-05 18:01:56 INFO mt5_bot - Session filter: UTC hour=23 outside [7,20) and [0,0)
2026-05-05 18:02:11 INFO mt5_bot - Balance=102029.96 Equity=102029.96 Spread=1.20 pips
2026-05-05 18:02:11 INFO mt5_bot - Spread filter: 1.20 > 1.20
2026-05-05 18:02:26 INFO mt5_bot - Balance=102029.96 Equity=102029.96 Spread=1.20 pips
2026-05-05 18:02:26 INFO mt5_bot - Spread filter: 1.20 > 1.20
2026-05-05 18:02:41 INFO mt5_bot - Balance=102029.96 Equity=102029.96 Spread=1.10 pips
2026-05-05 18:02:41 INFO mt5_bot - Session filter: UTC hour=23 outside [7,20) and [0,0)
2026-05-05 18:02:56 INFO mt5_bot - Balance=102029.96 Equity=102029.96 Spread=1.00 pips
2026-05-05 18:02:56 INFO mt5_bot - Session filter: UTC hour=23 outside [7,20) and [0,0)
2026-05-05 18:03:11 INFO mt5_bot - Balance=102029.96 Equity=102029.96 Spread=1.10 pips
2026-05-05 18:03:11 INFO mt5_bot - Session filter: UTC hour=23 outside [7,20) and [0,0)
2026-05-05 18:03:26 INFO mt5_bot - Balance=102029.96 Equity=102029.96 Spread=1.10 pips
2026-05-05 18:03:26 INFO mt5_bot - Session filter: UTC hour=23 outside [7,20) and [0,0)
2026-05-05 18:03:41 INFO mt5_bot - Balance=102029.96 Equity=102029.96 Spread=1.20 pips
2026-05-05 18:03:41 INFO mt5_bot - Spread filter: 1.20 > 1.20
2026-05-05 18:03:56 INFO mt5_bot - Balance=102029.96 Equity=102029.96 Spread=1.10 pips
2026-05-05 18:03:56 INFO mt5_bot - Session filter: UTC hour=23 outside [7,20) and [0,0)
2026-05-05 18:04:11 INFO mt5_bot - Balance=102029.96 Equity=102029.96 Spread=1.10 pips
2026-05-05 18:04:11 INFO mt5_bot - Session filter: UTC hour=23 outside [7,20) and [0,0)
2026-05-05 18:04:26 INFO mt5_bot - Balance=102029.96 Equity=102029.96 Spread=1.10 pips
2026-05-05 18:04:26 INFO mt5_bot - Session filter: UTC hour=23 outside [7,20) and [0,0)
2026-05-05 18:04:41 INFO mt5_bot - Balance=102029.96 Equity=102029.96 Spread=0.90 pips
2026-05-05 18:04:41 INFO mt5_bot - Session filter: UTC hour=23 outside [7,20) and [0,0)
2026-05-05 18:04:56 INFO mt5_bot - Balance=102029.96 Equity=102029.96 Spread=1.10 pips
2026-05-05 18:04:56 INFO mt5_bot - Session filter: UTC hour=23 outside [7,20) and [0,0)
2026-05-05 18:05:11 INFO mt5_bot - Balance=102029.96 Equity=102029.96 Spread=1.10 pips
2026-05-05 18:05:11 INFO mt5_bot - Session filter: UTC hour=23 outside [7,20) and [0,0)
2026-05-05 18:05:26 INFO mt5_bot - Balance=102029.96 Equity=102029.96 Spread=1.00 pips
2026-05-05 18:05:26 INFO mt5_bot - Session filter: UTC hour=23 outside [7,20) and [0,0)
2026-05-05 18:05:41 INFO mt5_bot - Balance=102029.96 Equity=102029.96 Spread=1.10 pips
2026-05-05 18:05:41 INFO mt5_bot - Session filter: UTC hour=23 outside [7,20) and [0,0)
2026-05-05 18:05:56 INFO mt5_bot - Balance=102029.96 Equity=102029.96 Spread=1.10 pips
2026-05-05 18:05:56 INFO mt5_bot - Session filter: UTC hour=23 outside [7,20) and [0,0)
2026-05-05 18:06:11 INFO mt5_bot - Balance=102029.96 Equity=102029.96 Spread=1.00 pips
2026-05-05 18:06:11 INFO mt5_bot - Session filter: UTC hour=23 outside [7,20) and [0,0)
2026-05-05 18:06:26 INFO mt5_bot - Balance=102029.96 Equity=102029.96 Spread=1.10 pips
2026-05-05 18:06:26 INFO mt5_bot - Session filter: UTC hour=23 outside [7,20) and [0,0)
2026-05-05 18:06:41 INFO mt5_bot - Balance=102029.96 Equity=102029.96 Spread=1.10 pips
2026-05-05 18:06:41 INFO mt5_bot - Session filter: UTC hour=23 outside [7,20) and [0,0)
2026-05-05 18:06:56 INFO mt5_bot - Balance=102029.96 Equity=102029.96 Spread=1.10 pips
2026-05-05 18:06:56 INFO mt5_bot - Session filter: UTC hour=23 outside [7,20) and [0,0)
2026-05-05 18:07:11 INFO mt5_bot - Balance=102029.96 Equity=102029.96 Spread=1.10 pips
2026-05-05 18:07:11 INFO mt5_bot - Session filter: UTC hour=23 outside [7,20) and [0,0)
2026-05-05 18:07:26 INFO mt5_bot - Balance=102029.96 Equity=102029.96 Spread=1.10 pips
2026-05-05 18:07:26 INFO mt5_bot - Session filter: UTC hour=23 outside [7,20) and [0,0)
2026-05-05 18:07:41 INFO mt5_bot - Balance=102029.96 Equity=102029.96 Spread=1.00 pips
2026-05-05 18:07:41 INFO mt5_bot - Session filter: UTC hour=23 outside [7,20) and [0,0)
2026-05-05 18:07:56 INFO mt5_bot - Balance=102029.96 Equity=102029.96 Spread=0.90 pips
2026-05-05 18:07:56 INFO mt5_bot - Session filter: UTC hour=23 outside [7,20) and [0,0)
2026-05-05 18:08:11 INFO mt5_bot - Balance=102029.96 Equity=102029.96 Spread=1.00 pips
2026-05-05 18:08:11 INFO mt5_bot - Session filter: UTC hour=23 outside [7,20) and [0,0)
2026-05-05 18:08:26 INFO mt5_bot - Balance=102029.96 Equity=102029.96 Spread=1.10 pips
2026-05-05 18:08:26 INFO mt5_bot - Session filter: UTC hour=23 outside [7,20) and [0,0)
2026-05-05 18:08:41 INFO mt5_bot - Balance=102029.96 Equity=102029.96 Spread=1.10 pips
2026-05-05 18:08:41 INFO mt5_bot - Session filter: UTC hour=23 outside [7,20) and [0,0)
2026-05-05 18:08:56 INFO mt5_bot - Balance=102029.96 Equity=102029.96 Spread=1.00 pips
2026-05-05 18:08:56 INFO mt5_bot - Session filter: UTC hour=23 outside [7,20) and [0,0)
2026-05-05 18:09:11 INFO mt5_bot - Balance=102029.96 Equity=102029.96 Spread=1.10 pips
2026-05-05 18:09:11 INFO mt5_bot - Session filter: UTC hour=23 outside [7,20) and [0,0)
2026-05-05 18:09:26 INFO mt5_bot - Balance=102029.96 Equity=102029.96 Spread=1.10 pips
2026-05-05 18:09:26 INFO mt5_bot - Session filter: UTC hour=23 outside [7,20) and [0,0)
2026-05-05 18:09:41 INFO mt5_bot - Balance=102029.96 Equity=102029.96 Spread=1.20 pips
2026-05-05 18:09:41 INFO mt5_bot - Spread filter: 1.20 > 1.20
2026-05-05 18:09:56 INFO mt5_bot - Balance=102029.96 Equity=102029.96 Spread=1.00 pips
2026-05-05 18:09:56 INFO mt5_bot - Session filter: UTC hour=23 outside [7,20) and [0,0)
2026-05-05 18:10:11 INFO mt5_bot - Balance=102029.96 Equity=102029.96 Spread=1.10 pips
2026-05-05 18:10:11 INFO mt5_bot - Session filter: UTC hour=23 outside [7,20) and [0,0)
2026-05-05 18:10:26 INFO mt5_bot - Balance=102029.96 Equity=102029.96 Spread=1.00 pips
2026-05-05 18:10:26 INFO mt5_bot - Session filter: UTC hour=23 outside [7,20) and [0,0)
2026-05-05 18:10:41 INFO mt5_bot - Balance=102029.96 Equity=102029.96 Spread=1.10 pips
2026-05-05 18:10:41 INFO mt5_bot - Session filter: UTC hour=23 outside [7,20) and [0,0)
2026-05-05 18:10:56 INFO mt5_bot - Balance=102029.96 Equity=102029.96 Spread=1.10 pips
2026-05-05 18:10:56 INFO mt5_bot - Session filter: UTC hour=23 outside [7,20) and [0,0)
2026-05-05 18:11:11 INFO mt5_bot - Balance=102029.96 Equity=102029.96 Spread=1.00 pips
2026-05-05 18:11:11 INFO mt5_bot - Session filter: UTC hour=23 outside [7,20) and [0,0)
2026-05-05 18:11:26 INFO mt5_bot - Balance=102029.96 Equity=102029.96 Spread=1.10 pips
2026-05-05 18:11:26 INFO mt5_bot - Session filter: UTC hour=23 outside [7,20) and [0,0)
2026-05-05 18:11:41 INFO mt5_bot - Balance=102029.96 Equity=102029.96 Spread=1.10 pips
2026-05-05 18:11:41 INFO mt5_bot - Session filter: UTC hour=23 outside [7,20) and [0,0)
2026-05-05 18:11:56 INFO mt5_bot - Balance=102029.96 Equity=102029.96 Spread=1.00 pips
2026-05-05 18:11:56 INFO mt5_bot - Session filter: UTC hour=23 outside [7,20) and [0,0)
2026-05-05 18:12:11 INFO mt5_bot - Balance=102029.96 Equity=102029.96 Spread=1.00 pips
2026-05-05 18:12:11 INFO mt5_bot - Session filter: UTC hour=23 outside [7,20) and [0,0)
2026-05-05 18:12:26 INFO mt5_bot - Balance=102029.96 Equity=102029.96 Spread=1.00 pips
2026-05-05 18:12:26 INFO mt5_bot - Session filter: UTC hour=23 outside [7,20) and [0,0)
2026-05-05 18:12:41 INFO mt5_bot - Balance=102029.96 Equity=102029.96 Spread=1.10 pips
2026-05-05 18:12:41 INFO mt5_bot - Session filter: UTC hour=23 outside [7,20) and [0,0)
2026-05-05 18:12:56 INFO mt5_bot - Balance=102029.96 Equity=102029.96 Spread=1.00 pips
2026-05-05 18:12:56 INFO mt5_bot - Session filter: UTC hour=23 outside [7,20) and [0,0)
2026-05-05 18:13:11 INFO mt5_bot - Balance=102029.96 Equity=102029.96 Spread=1.10 pips
2026-05-05 18:13:11 INFO mt5_bot - Session filter: UTC hour=23 outside [7,20) and [0,0)
2026-05-05 18:13:26 INFO mt5_bot - Balance=102029.96 Equity=102029.96 Spread=0.90 pips
2026-05-05 18:13:26 INFO mt5_bot - Session filter: UTC hour=23 outside [7,20) and [0,0)
2026-05-05 18:13:41 INFO mt5_bot - Balance=102029.96 Equity=102029.96 Spread=1.10 pips
2026-05-05 18:13:41 INFO mt5_bot - Session filter: UTC hour=23 outside [7,20) and [0,0)
2026-05-05 18:13:56 INFO mt5_bot - Balance=102029.96 Equity=102029.96 Spread=0.90 pips
2026-05-05 18:13:56 INFO mt5_bot - Session filter: UTC hour=23 outside [7,20) and [0,0)
2026-05-05 18:14:11 INFO mt5_bot - Balance=102029.96 Equity=102029.96 Spread=0.90 pips
2026-05-05 18:14:11 INFO mt5_bot - Session filter: UTC hour=23 outside [7,20) and [0,0)
2026-05-05 18:14:26 INFO mt5_bot - Balance=102029.96 Equity=102029.96 Spread=1.10 pips
2026-05-05 18:14:26 INFO mt5_bot - Session filter: UTC hour=23 outside [7,20) and [0,0)
2026-05-05 18:14:41 INFO mt5_bot - Balance=102029.96 Equity=102029.96 Spread=1.00 pips
2026-05-05 18:14:41 INFO mt5_bot - Session filter: UTC hour=23 outside [7,20) and [0,0)
2026-05-05 18:14:56 INFO mt5_bot - Balance=102029.96 Equity=102029.96 Spread=1.10 pips
2026-05-05 18:14:56 INFO mt5_bot - Session filter: UTC hour=23 outside [7,20) and [0,0)
2026-05-05 18:15:11 INFO mt5_bot - Balance=102029.96 Equity=102029.96 Spread=1.00 pips
2026-05-05 18:15:11 INFO mt5_bot - Session filter: UTC hour=23 outside [7,20) and [0,0)
2026-05-05 18:15:26 INFO mt5_bot - Balance=102029.96 Equity=102029.96 Spread=0.90 pips
2026-05-05 18:15:26 INFO mt5_bot - Session filter: UTC hour=23 outside [7,20) and [0,0)
2026-05-05 18:15:41 INFO mt5_bot - Balance=102029.96 Equity=102029.96 Spread=1.10 pips
2026-05-05 18:15:41 INFO mt5_bot - Session filter: UTC hour=23 outside [7,20) and [0,0)
2026-05-05 18:15:56 INFO mt5_bot - Balance=102029.96 Equity=102029.96 Spread=1.00 pips
2026-05-05 18:15:56 INFO mt5_bot - Session filter: UTC hour=23 outside [7,20) and [0,0)
2026-05-05 18:16:11 INFO mt5_bot - Balance=102029.96 Equity=102029.96 Spread=0.90 pips
2026-05-05 18:16:11 INFO mt5_bot - Session filter: UTC hour=23 outside [7,20) and [0,0)
2026-05-05 18:16:26 INFO mt5_bot - Balance=102029.96 Equity=102029.96 Spread=1.00 pips
2026-05-05 18:16:26 INFO mt5_bot - Session filter: UTC hour=23 outside [7,20) and [0,0)
2026-05-05 18:16:41 INFO mt5_bot - Balance=102029.96 Equity=102029.96 Spread=1.10 pips
2026-05-05 18:16:41 INFO mt5_bot - Session filter: UTC hour=23 outside [7,20) and [0,0)
2026-05-05 18:16:56 INFO mt5_bot - Balance=102029.96 Equity=102029.96 Spread=1.10 pips
2026-05-05 18:16:56 INFO mt5_bot - Session filter: UTC hour=23 outside [7,20) and [0,0)
2026-05-05 18:17:11 INFO mt5_bot - Balance=102029.96 Equity=102029.96 Spread=1.00 pips
2026-05-05 18:17:11 INFO mt5_bot - Session filter: UTC hour=23 outside [7,20) and [0,0)
2026-05-05 18:17:26 INFO mt5_bot - Balance=102029.96 Equity=102029.96 Spread=1.00 pips
2026-05-05 18:17:26 INFO mt5_bot - Session filter: UTC hour=23 outside [7,20) and [0,0)
2026-05-05 18:17:41 INFO mt5_bot - Balance=102029.96 Equity=102029.96 Spread=1.10 pips
2026-05-05 18:17:41 INFO mt5_bot - Session filter: UTC hour=23 outside [7,20) and [0,0)
2026-05-05 18:17:56 INFO mt5_bot - Balance=102029.96 Equity=102029.96 Spread=1.10 pips
2026-05-05 18:17:56 INFO mt5_bot - Session filter: UTC hour=23 outside [7,20) and [0,0)
2026-05-05 18:18:11 INFO mt5_bot - Balance=102029.96 Equity=102029.96 Spread=1.10 pips
2026-05-05 18:18:11 INFO mt5_bot - Session filter: UTC hour=23 outside [7,20) and [0,0)
2026-05-05 18:18:26 INFO mt5_bot - Balance=102029.96 Equity=102029.96 Spread=0.90 pips
2026-05-05 18:18:26 INFO mt5_bot - Session filter: UTC hour=23 outside [7,20) and [0,0)
2026-05-05 18:18:41 INFO mt5_bot - Balance=102029.96 Equity=102029.96 Spread=1.10 pips
2026-05-05 18:18:41 INFO mt5_bot - Session filter: UTC hour=23 outside [7,20) and [0,0)
2026-05-05 18:18:56 INFO mt5_bot - Balance=102029.96 Equity=102029.96 Spread=1.10 pips
2026-05-05 18:18:56 INFO mt5_bot - Session filter: UTC hour=23 outside [7,20) and [0,0)
2026-05-05 18:19:11 INFO mt5_bot - Balance=102029.96 Equity=102029.96 Spread=1.10 pips
2026-05-05 18:19:11 INFO mt5_bot - Session filter: UTC hour=23 outside [7,20) and [0,0)
2026-05-05 18:19:26 INFO mt5_bot - Balance=102029.96 Equity=102029.96 Spread=1.10 pips
2026-05-05 18:19:26 INFO mt5_bot - Session filter: UTC hour=23 outside [7,20) and [0,0)
2026-05-05 18:19:41 INFO mt5_bot - Balance=102029.96 Equity=102029.96 Spread=1.10 pips
2026-05-05 18:19:41 INFO mt5_bot - Session filter: UTC hour=23 outside [7,20) and [0,0)
2026-05-05 18:19:56 INFO mt5_bot - Balance=102029.96 Equity=102029.96 Spread=1.20 pips
2026-05-05 18:19:56 INFO mt5_bot - Spread filter: 1.20 > 1.20
2026-05-05 18:20:11 INFO mt5_bot - Balance=102029.96 Equity=102029.96 Spread=1.00 pips
2026-05-05 18:20:11 INFO mt5_bot - Session filter: UTC hour=23 outside [7,20) and [0,0)
2026-05-05 18:20:26 INFO mt5_bot - Balance=102029.96 Equity=102029.96 Spread=1.20 pips
2026-05-05 18:20:26 INFO mt5_bot - Spread filter: 1.20 > 1.20
2026-05-05 18:20:41 INFO mt5_bot - Balance=102029.96 Equity=102029.96 Spread=1.10 pips
2026-05-05 18:20:41 INFO mt5_bot - Session filter: UTC hour=23 outside [7,20) and [0,0)
2026-05-05 18:20:56 INFO mt5_bot - Balance=102029.96 Equity=102029.96 Spread=1.10 pips
2026-05-05 18:20:56 INFO mt5_bot - Session filter: UTC hour=23 outside [7,20) and [0,0)
2026-05-05 18:21:11 INFO mt5_bot - Balance=102029.96 Equity=102029.96 Spread=1.20 pips
2026-05-05 18:21:11 INFO mt5_bot - Session filter: UTC hour=23 outside [7,20) and [0,0)
2026-05-05 18:21:26 INFO mt5_bot - Balance=102029.96 Equity=102029.96 Spread=1.10 pips
2026-05-05 18:21:26 INFO mt5_bot - Session filter: UTC hour=23 outside [7,20) and [0,0)
2026-05-05 18:21:41 INFO mt5_bot - Balance=102029.96 Equity=102029.96 Spread=1.20 pips
2026-05-05 18:21:41 INFO mt5_bot - Spread filter: 1.20 > 1.20
2026-05-05 18:21:56 INFO mt5_bot - Balance=102029.96 Equity=102029.96 Spread=1.20 pips
2026-05-05 18:21:56 INFO mt5_bot - Spread filter: 1.20 > 1.20
2026-05-05 18:22:11 INFO mt5_bot - Balance=102029.96 Equity=102029.96 Spread=1.10 pips
2026-05-05 18:22:11 INFO mt5_bot - Session filter: UTC hour=23 outside [7,20) and [0,0)
2026-05-05 18:22:26 INFO mt5_bot - Balance=102029.96 Equity=102029.96 Spread=1.10 pips
2026-05-05 18:22:26 INFO mt5_bot - Session filter: UTC hour=23 outside [7,20) and [0,0)
2026-05-05 18:22:41 INFO mt5_bot - Balance=102029.96 Equity=102029.96 Spread=1.20 pips
2026-05-05 18:22:41 INFO mt5_bot - Session filter: UTC hour=23 outside [7,20) and [0,0)
2026-05-05 18:22:56 INFO mt5_bot - Balance=102029.96 Equity=102029.96 Spread=1.10 pips
2026-05-05 18:22:56 INFO mt5_bot - Session filter: UTC hour=23 outside [7,20) and [0,0)
2026-05-05 18:23:11 INFO mt5_bot - Balance=102029.96 Equity=102029.96 Spread=1.10 pips
2026-05-05 18:23:11 INFO mt5_bot - Session filter: UTC hour=23 outside [7,20) and [0,0)
2026-05-05 18:23:26 INFO mt5_bot - Balance=102029.96 Equity=102029.96 Spread=1.10 pips
2026-05-05 18:23:26 INFO mt5_bot - Session filter: UTC hour=23 outside [7,20) and [0,0)
2026-05-05 18:23:41 INFO mt5_bot - Balance=102029.96 Equity=102029.96 Spread=1.10 pips
2026-05-05 18:23:41 INFO mt5_bot - Session filter: UTC hour=23 outside [7,20) and [0,0)
2026-05-05 18:23:56 INFO mt5_bot - Balance=102029.96 Equity=102029.96 Spread=1.00 pips
2026-05-05 18:23:56 INFO mt5_bot - Session filter: UTC hour=23 outside [7,20) and [0,0)
2026-05-05 18:24:11 INFO mt5_bot - Balance=102029.96 Equity=102029.96 Spread=1.10 pips
2026-05-05 18:24:11 INFO mt5_bot - Session filter: UTC hour=23 outside [7,20) and [0,0)
2026-05-05 18:24:26 INFO mt5_bot - Balance=102029.96 Equity=102029.96 Spread=1.10 pips
2026-05-05 18:24:26 INFO mt5_bot - Session filter: UTC hour=23 outside [7,20) and [0,0)
2026-05-05 18:24:41 INFO mt5_bot - Balance=102029.96 Equity=102029.96 Spread=1.00 pips
2026-05-05 18:24:41 INFO mt5_bot - Session filter: UTC hour=23 outside [7,20) and [0,0)
2026-05-05 18:24:56 INFO mt5_bot - Balance=102029.96 Equity=102029.96 Spread=1.10 pips
2026-05-05 18:24:56 INFO mt5_bot - Session filter: UTC hour=23 outside [7,20) and [0,0)
2026-05-05 18:25:11 INFO mt5_bot - Balance=102029.96 Equity=102029.96 Spread=1.10 pips
2026-05-05 18:25:11 INFO mt5_bot - Session filter: UTC hour=23 outside [7,20) and [0,0)
2026-05-05 18:25:26 INFO mt5_bot - Balance=102029.96 Equity=102029.96 Spread=1.00 pips
2026-05-05 18:25:26 INFO mt5_bot - Session filter: UTC hour=23 outside [7,20) and [0,0)
2026-05-05 18:25:41 INFO mt5_bot - Balance=102029.96 Equity=102029.96 Spread=1.00 pips
2026-05-05 18:25:41 INFO mt5_bot - Session filter: UTC hour=23 outside [7,20) and [0,0)
2026-05-05 18:25:56 INFO mt5_bot - Balance=102029.96 Equity=102029.96 Spread=1.10 pips
2026-05-05 18:25:56 INFO mt5_bot - Session filter: UTC hour=23 outside [7,20) and [0,0)
2026-05-05 18:26:11 INFO mt5_bot - Balance=102029.96 Equity=102029.96 Spread=1.00 pips
2026-05-05 18:26:11 INFO mt5_bot - Session filter: UTC hour=23 outside [7,20) and [0,0)
2026-05-05 18:26:26 INFO mt5_bot - Balance=102029.96 Equity=102029.96 Spread=1.10 pips
2026-05-05 18:26:26 INFO mt5_bot - Session filter: UTC hour=23 outside [7,20) and [0,0)
2026-05-05 18:26:41 INFO mt5_bot - Balance=102029.96 Equity=102029.96 Spread=1.00 pips
2026-05-05 18:26:41 INFO mt5_bot - Session filter: UTC hour=23 outside [7,20) and [0,0)
2026-05-05 18:26:56 INFO mt5_bot - Balance=102029.96 Equity=102029.96 Spread=1.10 pips
2026-05-05 18:26:56 INFO mt5_bot - Session filter: UTC hour=23 outside [7,20) and [0,0)
2026-05-05 18:27:11 INFO mt5_bot - Balance=102029.96 Equity=102029.96 Spread=1.00 pips
2026-05-05 18:27:11 INFO mt5_bot - Session filter: UTC hour=23 outside [7,20) and [0,0)
2026-05-05 18:27:26 INFO mt5_bot - Balance=102029.96 Equity=102029.96 Spread=1.10 pips
2026-05-05 18:27:26 INFO mt5_bot - Session filter: UTC hour=23 outside [7,20) and [0,0)
2026-05-05 18:27:41 INFO mt5_bot - Balance=102029.96 Equity=102029.96 Spread=1.00 pips
2026-05-05 18:27:41 INFO mt5_bot - Session filter: UTC hour=23 outside [7,20) and [0,0)
2026-05-05 18:27:56 INFO mt5_bot - Balance=102029.96 Equity=102029.96 Spread=1.00 pips
2026-05-05 18:27:56 INFO mt5_bot - Session filter: UTC hour=23 outside [7,20) and [0,0)
2026-05-05 18:28:11 INFO mt5_bot - Balance=102029.96 Equity=102029.96 Spread=0.90 pips
2026-05-05 18:28:11 INFO mt5_bot - Session filter: UTC hour=23 outside [7,20) and [0,0)
2026-05-05 18:28:26 INFO mt5_bot - Balance=102029.96 Equity=102029.96 Spread=1.10 pips
2026-05-05 18:28:26 INFO mt5_bot - Session filter: UTC hour=23 outside [7,20) and [0,0)
2026-05-05 18:28:41 INFO mt5_bot - Balance=102029.96 Equity=102029.96 Spread=1.00 pips
2026-05-05 18:28:41 INFO mt5_bot - Session filter: UTC hour=23 outside [7,20) and [0,0)
2026-05-05 18:28:56 INFO mt5_bot - Balance=102029.96 Equity=102029.96 Spread=1.00 pips
2026-05-05 18:28:56 INFO mt5_bot - Session filter: UTC hour=23 outside [7,20) and [0,0)
2026-05-05 18:29:11 INFO mt5_bot - Balance=102029.96 Equity=102029.96 Spread=1.00 pips
2026-05-05 18:29:11 INFO mt5_bot - Session filter: UTC hour=23 outside [7,20) and [0,0)
2026-05-05 18:29:26 INFO mt5_bot - Balance=102029.96 Equity=102029.96 Spread=0.90 pips
2026-05-05 18:29:26 INFO mt5_bot - Session filter: UTC hour=23 outside [7,20) and [0,0)
2026-05-05 18:29:41 INFO mt5_bot - Balance=102029.96 Equity=102029.96 Spread=1.00 pips
2026-05-05 18:29:41 INFO mt5_bot - Session filter: UTC hour=23 outside [7,20) and [0,0)
2026-05-05 18:29:56 INFO mt5_bot - Balance=102029.96 Equity=102029.96 Spread=1.10 pips
2026-05-05 18:29:56 INFO mt5_bot - Session filter: UTC hour=23 outside [7,20) and [0,0)
2026-05-05 18:30:11 INFO mt5_bot - Balance=102029.96 Equity=102029.96 Spread=0.90 pips
2026-05-05 18:30:11 INFO mt5_bot - Session filter: UTC hour=23 outside [7,20) and [0,0)
2026-05-05 18:30:26 INFO mt5_bot - Balance=102029.96 Equity=102029.96 Spread=0.90 pips
2026-05-05 18:30:26 INFO mt5_bot - Session filter: UTC hour=23 outside [7,20) and [0,0)
2026-05-05 18:30:41 INFO mt5_bot - Balance=102029.96 Equity=102029.96 Spread=0.90 pips
2026-05-05 18:30:41 INFO mt5_bot - Session filter: UTC hour=23 outside [7,20) and [0,0)
2026-05-05 18:30:56 INFO mt5_bot - Balance=102029.96 Equity=102029.96 Spread=1.00 pips
2026-05-05 18:30:56 INFO mt5_bot - Session filter: UTC hour=23 outside [7,20) and [0,0)
2026-05-05 18:31:11 INFO mt5_bot - Balance=102029.96 Equity=102029.96 Spread=0.90 pips
2026-05-05 18:31:11 INFO mt5_bot - Session filter: UTC hour=23 outside [7,20) and [0,0)
2026-05-05 18:31:26 INFO mt5_bot - Balance=102029.96 Equity=102029.96 Spread=0.90 pips
2026-05-05 18:31:26 INFO mt5_bot - Session filter: UTC hour=23 outside [7,20) and [0,0)
2026-05-05 18:31:41 INFO mt5_bot - Balance=102029.96 Equity=102029.96 Spread=0.90 pips
2026-05-05 18:31:41 INFO mt5_bot - Session filter: UTC hour=23 outside [7,20) and [0,0)
2026-05-05 18:31:56 INFO mt5_bot - Balance=102029.96 Equity=102029.96 Spread=0.90 pips
2026-05-05 18:31:56 INFO mt5_bot - Session filter: UTC hour=23 outside [7,20) and [0,0)
2026-05-05 18:32:11 INFO mt5_bot - Balance=102029.96 Equity=102029.96 Spread=0.90 pips
2026-05-05 18:32:11 INFO mt5_bot - Session filter: UTC hour=23 outside [7,20) and [0,0)
2026-05-05 18:32:27 INFO mt5_bot - Balance=102029.96 Equity=102029.96 Spread=1.00 pips
2026-05-05 18:32:27 INFO mt5_bot - Session filter: UTC hour=23 outside [7,20) and [0,0)
2026-05-05 18:32:42 INFO mt5_bot - Balance=102029.96 Equity=102029.96 Spread=0.90 pips
2026-05-05 18:32:42 INFO mt5_bot - Session filter: UTC hour=23 outside [7,20) and [0,0)
2026-05-05 18:32:57 INFO mt5_bot - Balance=102029.96 Equity=102029.96 Spread=1.00 pips
2026-05-05 18:32:57 INFO mt5_bot - Session filter: UTC hour=23 outside [7,20) and [0,0)
2026-05-05 18:33:12 INFO mt5_bot - Balance=102029.96 Equity=102029.96 Spread=1.00 pips
2026-05-05 18:33:12 INFO mt5_bot - Session filter: UTC hour=23 outside [7,20) and [0,0)
2026-05-05 18:33:27 INFO mt5_bot - Balance=102029.96 Equity=102029.96 Spread=1.00 pips
2026-05-05 18:33:27 INFO mt5_bot - Session filter: UTC hour=23 outside [7,20) and [0,0)
2026-05-05 18:33:42 INFO mt5_bot - Balance=102029.96 Equity=102029.96 Spread=1.00 pips
2026-05-05 18:33:42 INFO mt5_bot - Session filter: UTC hour=23 outside [7,20) and [0,0)
2026-05-05 18:33:57 INFO mt5_bot - Balance=102029.96 Equity=102029.96 Spread=1.10 pips
2026-05-05 18:33:57 INFO mt5_bot - Session filter: UTC hour=23 outside [7,20) and [0,0)
2026-05-05 18:34:12 INFO mt5_bot - Balance=102029.96 Equity=102029.96 Spread=1.10 pips
2026-05-05 18:34:12 INFO mt5_bot - Session filter: UTC hour=23 outside [7,20) and [0,0)
2026-05-05 18:34:27 INFO mt5_bot - Balance=102029.96 Equity=102029.96 Spread=0.90 pips
2026-05-05 18:34:27 INFO mt5_bot - Session filter: UTC hour=23 outside [7,20) and [0,0)
2026-05-05 18:34:42 INFO mt5_bot - Balance=102029.96 Equity=102029.96 Spread=1.00 pips
2026-05-05 18:34:42 INFO mt5_bot - Session filter: UTC hour=23 outside [7,20) and [0,0)
2026-05-05 18:34:57 INFO mt5_bot - Balance=102029.96 Equity=102029.96 Spread=1.00 pips
2026-05-05 18:34:57 INFO mt5_bot - Session filter: UTC hour=23 outside [7,20) and [0,0)
2026-05-05 18:35:12 INFO mt5_bot - Balance=102029.96 Equity=102029.96 Spread=0.90 pips
2026-05-05 18:35:12 INFO mt5_bot - Session filter: UTC hour=23 outside [7,20) and [0,0)
2026-05-05 18:35:27 INFO mt5_bot - Balance=102029.96 Equity=102029.96 Spread=0.90 pips
2026-05-05 18:35:27 INFO mt5_bot - Session filter: UTC hour=23 outside [7,20) and [0,0)
2026-05-05 18:35:42 INFO mt5_bot - Balance=102029.96 Equity=102029.96 Spread=1.00 pips
2026-05-05 18:35:42 INFO mt5_bot - Session filter: UTC hour=23 outside [7,20) and [0,0)
2026-05-05 18:35:57 INFO mt5_bot - Balance=102029.96 Equity=102029.96 Spread=1.10 pips
2026-05-05 18:35:57 INFO mt5_bot - Session filter: UTC hour=23 outside [7,20) and [0,0)
2026-05-05 18:36:12 INFO mt5_bot - Balance=102029.96 Equity=102029.96 Spread=1.10 pips
2026-05-05 18:36:12 INFO mt5_bot - Session filter: UTC hour=23 outside [7,20) and [0,0)
2026-05-05 18:36:27 INFO mt5_bot - Balance=102029.96 Equity=102029.96 Spread=1.00 pips
2026-05-05 18:36:27 INFO mt5_bot - Session filter: UTC hour=23 outside [7,20) and [0,0)
2026-05-05 18:36:42 INFO mt5_bot - Balance=102029.96 Equity=102029.96 Spread=0.90 pips
2026-05-05 18:36:42 INFO mt5_bot - Session filter: UTC hour=23 outside [7,20) and [0,0)
2026-05-05 18:36:57 INFO mt5_bot - Balance=102029.96 Equity=102029.96 Spread=1.00 pips
2026-05-05 18:36:57 INFO mt5_bot - Session filter: UTC hour=23 outside [7,20) and [0,0)
2026-05-05 18:37:12 INFO mt5_bot - Balance=102029.96 Equity=102029.96 Spread=1.10 pips
2026-05-05 18:37:12 INFO mt5_bot - Session filter: UTC hour=23 outside [7,20) and [0,0)
2026-05-05 18:37:27 INFO mt5_bot - Balance=102029.96 Equity=102029.96 Spread=1.10 pips
2026-05-05 18:37:27 INFO mt5_bot - Session filter: UTC hour=23 outside [7,20) and [0,0)
2026-05-05 18:37:42 INFO mt5_bot - Balance=102029.96 Equity=102029.96 Spread=1.00 pips
2026-05-05 18:37:42 INFO mt5_bot - Session filter: UTC hour=23 outside [7,20) and [0,0)
2026-05-05 18:37:57 INFO mt5_bot - Balance=102029.96 Equity=102029.96 Spread=1.10 pips
2026-05-05 18:37:57 INFO mt5_bot - Session filter: UTC hour=23 outside [7,20) and [0,0)
2026-05-05 18:38:12 INFO mt5_bot - Balance=102029.96 Equity=102029.96 Spread=1.20 pips
2026-05-05 18:38:12 INFO mt5_bot - Spread filter: 1.20 > 1.20
2026-05-05 18:38:27 INFO mt5_bot - Balance=102029.96 Equity=102029.96 Spread=1.10 pips
2026-05-05 18:38:27 INFO mt5_bot - Session filter: UTC hour=23 outside [7,20) and [0,0)
2026-05-05 18:38:42 INFO mt5_bot - Balance=102029.96 Equity=102029.96 Spread=1.10 pips
2026-05-05 18:38:42 INFO mt5_bot - Session filter: UTC hour=23 outside [7,20) and [0,0)
2026-05-05 18:38:57 INFO mt5_bot - Balance=102029.96 Equity=102029.96 Spread=1.10 pips
2026-05-05 18:38:57 INFO mt5_bot - Session filter: UTC hour=23 outside [7,20) and [0,0)
2026-05-05 18:39:12 INFO mt5_bot - Balance=102029.96 Equity=102029.96 Spread=1.10 pips
2026-05-05 18:39:12 INFO mt5_bot - Session filter: UTC hour=23 outside [7,20) and [0,0)
2026-05-05 18:39:27 INFO mt5_bot - Balance=102029.96 Equity=102029.96 Spread=1.20 pips
2026-05-05 18:39:27 INFO mt5_bot - Spread filter: 1.20 > 1.20
2026-05-05 18:39:42 INFO mt5_bot - Balance=102029.96 Equity=102029.96 Spread=1.20 pips
2026-05-05 18:39:42 INFO mt5_bot - Session filter: UTC hour=23 outside [7,20) and [0,0)
2026-05-05 18:39:57 INFO mt5_bot - Balance=102029.96 Equity=102029.96 Spread=1.10 pips
2026-05-05 18:39:57 INFO mt5_bot - Session filter: UTC hour=23 outside [7,20) and [0,0)
2026-05-05 18:40:12 INFO mt5_bot - Balance=102029.96 Equity=102029.96 Spread=1.20 pips
2026-05-05 18:40:12 INFO mt5_bot - Spread filter: 1.20 > 1.20
2026-05-05 18:40:27 INFO mt5_bot - Balance=102029.96 Equity=102029.96 Spread=1.10 pips
2026-05-05 18:40:27 INFO mt5_bot - Session filter: UTC hour=23 outside [7,20) and [0,0)
2026-05-05 18:40:42 INFO mt5_bot - Balance=102029.96 Equity=102029.96 Spread=1.10 pips
2026-05-05 18:40:42 INFO mt5_bot - Session filter: UTC hour=23 outside [7,20) and [0,0)
2026-05-05 18:40:57 INFO mt5_bot - Balance=102029.96 Equity=102029.96 Spread=1.10 pips
2026-05-05 18:40:57 INFO mt5_bot - Session filter: UTC hour=23 outside [7,20) and [0,0)
2026-05-05 18:41:12 INFO mt5_bot - Balance=102029.96 Equity=102029.96 Spread=1.00 pips
2026-05-05 18:41:12 INFO mt5_bot - Session filter: UTC hour=23 outside [7,20) and [0,0)
2026-05-05 18:41:27 INFO mt5_bot - Balance=102029.96 Equity=102029.96 Spread=1.00 pips
2026-05-05 18:41:27 INFO mt5_bot - Session filter: UTC hour=23 outside [7,20) and [0,0)
2026-05-05 18:41:42 INFO mt5_bot - Balance=102029.96 Equity=102029.96 Spread=1.10 pips
2026-05-05 18:41:42 INFO mt5_bot - Session filter: UTC hour=23 outside [7,20) and [0,0)
2026-05-05 18:41:57 INFO mt5_bot - Balance=102029.96 Equity=102029.96 Spread=1.10 pips
2026-05-05 18:41:57 INFO mt5_bot - Session filter: UTC hour=23 outside [7,20) and [0,0)
2026-05-05 18:42:12 INFO mt5_bot - Balance=102029.96 Equity=102029.96 Spread=1.20 pips
2026-05-05 18:42:12 INFO mt5_bot - Spread filter: 1.20 > 1.20
2026-05-05 18:42:27 INFO mt5_bot - Balance=102029.96 Equity=102029.96 Spread=1.20 pips
2026-05-05 18:42:27 INFO mt5_bot - Spread filter: 1.20 > 1.20
2026-05-05 18:42:42 INFO mt5_bot - Balance=102029.96 Equity=102029.96 Spread=1.10 pips
2026-05-05 18:42:42 INFO mt5_bot - Session filter: UTC hour=23 outside [7,20) and [0,0)
2026-05-05 18:42:57 INFO mt5_bot - Balance=102029.96 Equity=102029.96 Spread=1.10 pips
2026-05-05 18:42:57 INFO mt5_bot - Session filter: UTC hour=23 outside [7,20) and [0,0)
2026-05-05 18:43:12 INFO mt5_bot - Balance=102029.96 Equity=102029.96 Spread=1.20 pips
2026-05-05 18:43:12 INFO mt5_bot - Spread filter: 1.20 > 1.20
2026-05-05 18:43:27 INFO mt5_bot - Balance=102029.96 Equity=102029.96 Spread=1.20 pips
2026-05-05 18:43:27 INFO mt5_bot - Session filter: UTC hour=23 outside [7,20) and [0,0)
2026-05-05 18:43:42 INFO mt5_bot - Balance=102029.96 Equity=102029.96 Spread=1.20 pips
2026-05-05 18:43:42 INFO mt5_bot - Spread filter: 1.20 > 1.20
2026-05-05 18:43:57 INFO mt5_bot - Balance=102029.96 Equity=102029.96 Spread=1.20 pips
2026-05-05 18:43:57 INFO mt5_bot - Spread filter: 1.20 > 1.20
2026-05-05 18:44:12 INFO mt5_bot - Balance=102029.96 Equity=102029.96 Spread=1.20 pips
2026-05-05 18:44:12 INFO mt5_bot - Spread filter: 1.20 > 1.20
2026-05-05 18:44:27 INFO mt5_bot - Balance=102029.96 Equity=102029.96 Spread=1.20 pips
2026-05-05 18:44:27 INFO mt5_bot - Spread filter: 1.20 > 1.20
2026-05-05 18:44:42 INFO mt5_bot - Balance=102029.96 Equity=102029.96 Spread=1.10 pips
2026-05-05 18:44:42 INFO mt5_bot - Session filter: UTC hour=23 outside [7,20) and [0,0)
2026-05-05 18:44:57 INFO mt5_bot - Balance=102029.96 Equity=102029.96 Spread=1.20 pips
2026-05-05 18:44:57 INFO mt5_bot - Spread filter: 1.20 > 1.20
2026-05-05 18:45:12 INFO mt5_bot - Balance=102029.96 Equity=102029.96 Spread=1.20 pips
2026-05-05 18:45:12 INFO mt5_bot - Spread filter: 1.20 > 1.20
2026-05-05 18:45:27 INFO mt5_bot - Balance=102029.96 Equity=102029.96 Spread=1.20 pips
2026-05-05 18:45:27 INFO mt5_bot - Spread filter: 1.20 > 1.20
2026-05-05 18:45:42 INFO mt5_bot - Balance=102029.96 Equity=102029.96 Spread=1.20 pips
2026-05-05 18:45:42 INFO mt5_bot - Spread filter: 1.20 > 1.20
2026-05-05 18:45:57 INFO mt5_bot - Balance=102029.96 Equity=102029.96 Spread=1.20 pips
2026-05-05 18:45:57 INFO mt5_bot - Spread filter: 1.20 > 1.20
2026-05-05 18:46:12 INFO mt5_bot - Balance=102029.96 Equity=102029.96 Spread=1.20 pips
2026-05-05 18:46:12 INFO mt5_bot - Spread filter: 1.20 > 1.20
2026-05-05 18:46:27 INFO mt5_bot - Balance=102029.96 Equity=102029.96 Spread=1.20 pips
2026-05-05 18:46:27 INFO mt5_bot - Spread filter: 1.20 > 1.20
2026-05-05 18:46:42 INFO mt5_bot - Balance=102029.96 Equity=102029.96 Spread=1.20 pips
2026-05-05 18:46:42 INFO mt5_bot - Spread filter: 1.20 > 1.20
2026-05-05 18:46:57 INFO mt5_bot - Balance=102029.96 Equity=102029.96 Spread=1.20 pips
2026-05-05 18:46:57 INFO mt5_bot - Spread filter: 1.20 > 1.20
2026-05-05 18:47:12 INFO mt5_bot - Balance=102029.96 Equity=102029.96 Spread=1.00 pips
2026-05-05 18:47:12 INFO mt5_bot - Session filter: UTC hour=23 outside [7,20) and [0,0)
2026-05-05 18:47:27 INFO mt5_bot - Balance=102029.96 Equity=102029.96 Spread=1.00 pips
2026-05-05 18:47:27 INFO mt5_bot - Session filter: UTC hour=23 outside [7,20) and [0,0)
2026-05-05 18:47:42 INFO mt5_bot - Balance=102029.96 Equity=102029.96 Spread=1.00 pips
2026-05-05 18:47:42 INFO mt5_bot - Session filter: UTC hour=23 outside [7,20) and [0,0)
2026-05-05 18:47:57 INFO mt5_bot - Balance=102029.96 Equity=102029.96 Spread=1.10 pips
2026-05-05 18:47:57 INFO mt5_bot - Session filter: UTC hour=23 outside [7,20) and [0,0)
2026-05-05 18:48:12 INFO mt5_bot - Balance=102029.96 Equity=102029.96 Spread=1.10 pips
2026-05-05 18:48:12 INFO mt5_bot - Session filter: UTC hour=23 outside [7,20) and [0,0)
2026-05-05 18:48:27 INFO mt5_bot - Balance=102029.96 Equity=102029.96 Spread=1.20 pips
2026-05-05 18:48:27 INFO mt5_bot - Spread filter: 1.20 > 1.20
2026-05-05 18:48:42 INFO mt5_bot - Balance=102029.96 Equity=102029.96 Spread=1.10 pips
2026-05-05 18:48:42 INFO mt5_bot - Session filter: UTC hour=23 outside [7,20) and [0,0)
2026-05-05 18:48:57 INFO mt5_bot - Balance=102029.96 Equity=102029.96 Spread=1.20 pips
2026-05-05 18:48:57 INFO mt5_bot - Spread filter: 1.20 > 1.20
2026-05-05 18:49:12 INFO mt5_bot - Balance=102029.96 Equity=102029.96 Spread=1.10 pips
2026-05-05 18:49:12 INFO mt5_bot - Session filter: UTC hour=23 outside [7,20) and [0,0)
2026-05-05 18:49:27 INFO mt5_bot - Balance=102029.96 Equity=102029.96 Spread=1.10 pips
2026-05-05 18:49:27 INFO mt5_bot - Session filter: UTC hour=23 outside [7,20) and [0,0)
2026-05-05 18:49:42 INFO mt5_bot - Balance=102029.96 Equity=102029.96 Spread=1.10 pips
2026-05-05 18:49:42 INFO mt5_bot - Session filter: UTC hour=23 outside [7,20) and [0,0)
2026-05-05 18:49:57 INFO mt5_bot - Balance=102029.96 Equity=102029.96 Spread=1.10 pips
2026-05-05 18:49:57 INFO mt5_bot - Session filter: UTC hour=23 outside [7,20) and [0,0)
2026-05-05 18:50:12 INFO mt5_bot - Balance=102029.96 Equity=102029.96 Spread=1.10 pips
2026-05-05 18:50:12 INFO mt5_bot - Session filter: UTC hour=23 outside [7,20) and [0,0)
2026-05-05 18:50:27 INFO mt5_bot - Balance=102029.96 Equity=102029.96 Spread=1.10 pips
2026-05-05 18:50:27 INFO mt5_bot - Session filter: UTC hour=23 outside [7,20) and [0,0)
2026-05-05 18:50:42 INFO mt5_bot - Balance=102029.96 Equity=102029.96 Spread=1.00 pips
2026-05-05 18:50:42 INFO mt5_bot - Session filter: UTC hour=23 outside [7,20) and [0,0)
2026-05-05 18:50:57 INFO mt5_bot - Balance=102029.96 Equity=102029.96 Spread=1.10 pips
2026-05-05 18:50:57 INFO mt5_bot - Session filter: UTC hour=23 outside [7,20) and [0,0)
2026-05-05 18:51:12 INFO mt5_bot - Balance=102029.96 Equity=102029.96 Spread=1.10 pips
2026-05-05 18:51:12 INFO mt5_bot - Session filter: UTC hour=23 outside [7,20) and [0,0)
2026-05-05 18:51:27 INFO mt5_bot - Balance=102029.96 Equity=102029.96 Spread=1.10 pips
2026-05-05 18:51:27 INFO mt5_bot - Session filter: UTC hour=23 outside [7,20) and [0,0)
2026-05-05 18:51:42 INFO mt5_bot - Balance=102029.96 Equity=102029.96 Spread=1.10 pips
2026-05-05 18:51:42 INFO mt5_bot - Session filter: UTC hour=23 outside [7,20) and [0,0)
2026-05-05 18:51:57 INFO mt5_bot - Balance=102029.96 Equity=102029.96 Spread=1.10 pips
2026-05-05 18:51:57 INFO mt5_bot - Session filter: UTC hour=23 outside [7,20) and [0,0)
2026-05-05 18:52:12 INFO mt5_bot - Balance=102029.96 Equity=102029.96 Spread=1.10 pips
2026-05-05 18:52:12 INFO mt5_bot - Session filter: UTC hour=23 outside [7,20) and [0,0)
2026-05-05 18:52:27 INFO mt5_bot - Balance=102029.96 Equity=102029.96 Spread=1.10 pips
2026-05-05 18:52:27 INFO mt5_bot - Session filter: UTC hour=23 outside [7,20) and [0,0)
2026-05-05 18:52:42 INFO mt5_bot - Balance=102029.96 Equity=102029.96 Spread=1.00 pips
2026-05-05 18:52:42 INFO mt5_bot - Session filter: UTC hour=23 outside [7,20) and [0,0)
2026-05-05 18:52:57 INFO mt5_bot - Balance=102029.96 Equity=102029.96 Spread=1.10 pips
2026-05-05 18:52:57 INFO mt5_bot - Session filter: UTC hour=23 outside [7,20) and [0,0)
2026-05-05 18:53:12 INFO mt5_bot - Balance=102029.96 Equity=102029.96 Spread=1.10 pips
2026-05-05 18:53:12 INFO mt5_bot - Session filter: UTC hour=23 outside [7,20) and [0,0)
2026-05-05 18:53:27 INFO mt5_bot - Balance=102029.96 Equity=102029.96 Spread=1.00 pips
2026-05-05 18:53:27 INFO mt5_bot - Session filter: UTC hour=23 outside [7,20) and [0,0)
2026-05-05 18:53:42 INFO mt5_bot - Balance=102029.96 Equity=102029.96 Spread=1.10 pips
2026-05-05 18:53:42 INFO mt5_bot - Session filter: UTC hour=23 outside [7,20) and [0,0)
2026-05-05 18:53:57 INFO mt5_bot - Balance=102029.96 Equity=102029.96 Spread=1.10 pips
2026-05-05 18:53:57 INFO mt5_bot - Session filter: UTC hour=23 outside [7,20) and [0,0)
2026-05-05 18:54:12 INFO mt5_bot - Balance=102029.96 Equity=102029.96 Spread=1.10 pips
2026-05-05 18:54:12 INFO mt5_bot - Session filter: UTC hour=23 outside [7,20) and [0,0)
2026-05-05 18:54:27 INFO mt5_bot - Balance=102029.96 Equity=102029.96 Spread=1.10 pips
2026-05-05 18:54:27 INFO mt5_bot - Session filter: UTC hour=23 outside [7,20) and [0,0)
2026-05-05 18:54:42 INFO mt5_bot - Balance=102029.96 Equity=102029.96 Spread=1.00 pips
2026-05-05 18:54:42 INFO mt5_bot - Session filter: UTC hour=23 outside [7,20) and [0,0)
2026-05-05 18:54:57 INFO mt5_bot - Balance=102029.96 Equity=102029.96 Spread=1.10 pips
2026-05-05 18:54:57 INFO mt5_bot - Session filter: UTC hour=23 outside [7,20) and [0,0)
2026-05-05 18:55:12 INFO mt5_bot - Balance=102029.96 Equity=102029.96 Spread=1.10 pips
2026-05-05 18:55:12 INFO mt5_bot - Session filter: UTC hour=23 outside [7,20) and [0,0)
2026-05-05 18:55:27 INFO mt5_bot - Balance=102029.96 Equity=102029.96 Spread=1.00 pips
2026-05-05 18:55:27 INFO mt5_bot - Session filter: UTC hour=23 outside [7,20) and [0,0)
2026-05-05 18:55:42 INFO mt5_bot - Balance=102029.96 Equity=102029.96 Spread=1.10 pips
2026-05-05 18:55:42 INFO mt5_bot - Session filter: UTC hour=23 outside [7,20) and [0,0)
2026-05-05 18:55:57 INFO mt5_bot - Balance=102029.96 Equity=102029.96 Spread=1.10 pips
2026-05-05 18:55:57 INFO mt5_bot - Session filter: UTC hour=23 outside [7,20) and [0,0)
2026-05-05 18:56:12 INFO mt5_bot - Balance=102029.96 Equity=102029.96 Spread=1.10 pips
2026-05-05 18:56:12 INFO mt5_bot - Session filter: UTC hour=23 outside [7,20) and [0,0)
2026-05-05 18:56:27 INFO mt5_bot - Balance=102029.96 Equity=102029.96 Spread=1.10 pips
2026-05-05 18:56:27 INFO mt5_bot - Session filter: UTC hour=23 outside [7,20) and [0,0)
2026-05-05 18:56:42 INFO mt5_bot - Balance=102029.96 Equity=102029.96 Spread=0.90 pips
2026-05-05 18:56:42 INFO mt5_bot - Session filter: UTC hour=23 outside [7,20) and [0,0)
2026-05-05 18:56:57 INFO mt5_bot - Balance=102029.96 Equity=102029.96 Spread=1.10 pips
2026-05-05 18:56:57 INFO mt5_bot - Session filter: UTC hour=23 outside [7,20) and [0,0)
2026-05-05 18:57:12 INFO mt5_bot - Balance=102029.96 Equity=102029.96 Spread=1.10 pips
2026-05-05 18:57:12 INFO mt5_bot - Session filter: UTC hour=23 outside [7,20) and [0,0)
2026-05-05 18:57:27 INFO mt5_bot - Balance=102029.96 Equity=102029.96 Spread=1.00 pips
2026-05-05 18:57:27 INFO mt5_bot - Session filter: UTC hour=23 outside [7,20) and [0,0)
2026-05-05 18:57:42 INFO mt5_bot - Balance=102029.96 Equity=102029.96 Spread=1.10 pips
2026-05-05 18:57:42 INFO mt5_bot - Session filter: UTC hour=23 outside [7,20) and [0,0)
2026-05-05 18:57:57 INFO mt5_bot - Balance=102029.96 Equity=102029.96 Spread=1.00 pips
2026-05-05 18:57:57 INFO mt5_bot - Session filter: UTC hour=23 outside [7,20) and [0,0)
2026-05-05 18:58:12 INFO mt5_bot - Balance=102029.96 Equity=102029.96 Spread=1.00 pips
2026-05-05 18:58:12 INFO mt5_bot - Session filter: UTC hour=23 outside [7,20) and [0,0)
2026-05-05 18:58:27 INFO mt5_bot - Balance=102029.96 Equity=102029.96 Spread=1.00 pips
2026-05-05 18:58:27 INFO mt5_bot - Session filter: UTC hour=23 outside [7,20) and [0,0)
2026-05-05 18:58:42 INFO mt5_bot - Balance=102029.96 Equity=102029.96 Spread=1.00 pips
2026-05-05 18:58:42 INFO mt5_bot - Session filter: UTC hour=23 outside [7,20) and [0,0)
2026-05-05 18:58:57 INFO mt5_bot - Balance=102029.96 Equity=102029.96 Spread=1.10 pips
2026-05-05 18:58:57 INFO mt5_bot - Session filter: UTC hour=23 outside [7,20) and [0,0)
2026-05-05 18:59:12 INFO mt5_bot - Balance=102029.96 Equity=102029.96 Spread=1.00 pips
2026-05-05 18:59:12 INFO mt5_bot - Session filter: UTC hour=23 outside [7,20) and [0,0)
2026-05-05 18:59:27 INFO mt5_bot - Balance=102029.96 Equity=102029.96 Spread=1.00 pips
2026-05-05 18:59:27 INFO mt5_bot - Session filter: UTC hour=23 outside [7,20) and [0,0)
2026-05-05 18:59:42 INFO mt5_bot - Balance=102029.96 Equity=102029.96 Spread=1.00 pips
2026-05-05 18:59:42 INFO mt5_bot - Session filter: UTC hour=23 outside [7,20) and [0,0)
2026-05-05 18:59:57 INFO mt5_bot - Balance=102029.96 Equity=102029.96 Spread=0.90 pips
2026-05-05 18:59:57 INFO mt5_bot - Session filter: UTC hour=23 outside [7,20) and [0,0)
2026-05-05 19:00:12 INFO mt5_bot - Balance=102029.96 Equity=102029.96 Spread=0.70 pips
2026-05-05 19:00:12 INFO mt5_bot - Session filter: UTC hour=0 outside [7,20) and [0,0)
2026-05-05 19:00:27 INFO mt5_bot - Balance=102029.96 Equity=102029.96 Spread=0.80 pips
2026-05-05 19:00:27 INFO mt5_bot - Session filter: UTC hour=0 outside [7,20) and [0,0)
2026-05-05 19:00:42 INFO mt5_bot - Balance=102029.96 Equity=102029.96 Spread=0.80 pips
2026-05-05 19:00:42 INFO mt5_bot - Session filter: UTC hour=0 outside [7,20) and [0,0)
2026-05-05 19:00:57 INFO mt5_bot - Balance=102029.96 Equity=102029.96 Spread=0.80 pips
2026-05-05 19:00:57 INFO mt5_bot - Session filter: UTC hour=0 outside [7,20) and [0,0)
2026-05-05 19:01:12 INFO mt5_bot - Balance=102029.96 Equity=102029.96 Spread=0.80 pips
2026-05-05 19:01:12 INFO mt5_bot - Session filter: UTC hour=0 outside [7,20) and [0,0)
2026-05-05 19:01:27 INFO mt5_bot - Balance=102029.96 Equity=102029.96 Spread=0.80 pips
2026-05-05 19:01:27 INFO mt5_bot - Session filter: UTC hour=0 outside [7,20) and [0,0)
2026-05-05 19:01:42 INFO mt5_bot - Balance=102029.96 Equity=102029.96 Spread=0.80 pips
2026-05-05 19:01:42 INFO mt5_bot - Session filter: UTC hour=0 outside [7,20) and [0,0)
2026-05-05 19:01:57 INFO mt5_bot - Balance=102029.96 Equity=102029.96 Spread=0.80 pips
2026-05-05 19:01:57 INFO mt5_bot - Session filter: UTC hour=0 outside [7,20) and [0,0)
2026-05-05 19:02:12 INFO mt5_bot - Balance=102029.96 Equity=102029.96 Spread=0.80 pips
2026-05-05 19:02:12 INFO mt5_bot - Session filter: UTC hour=0 outside [7,20) and [0,0)
2026-05-05 19:02:27 INFO mt5_bot - Balance=102029.96 Equity=102029.96 Spread=0.80 pips
2026-05-05 19:02:27 INFO mt5_bot - Session filter: UTC hour=0 outside [7,20) and [0,0)
2026-05-05 19:02:42 INFO mt5_bot - Balance=102029.96 Equity=102029.96 Spread=0.80 pips
2026-05-05 19:02:42 INFO mt5_bot - Session filter: UTC hour=0 outside [7,20) and [0,0)
2026-05-05 19:02:57 INFO mt5_bot - Balance=102029.96 Equity=102029.96 Spread=0.80 pips
2026-05-05 19:02:57 INFO mt5_bot - Session filter: UTC hour=0 outside [7,20) and [0,0)
2026-05-05 19:03:12 INFO mt5_bot - Balance=102029.96 Equity=102029.96 Spread=0.80 pips
2026-05-05 19:03:12 INFO mt5_bot - Session filter: UTC hour=0 outside [7,20) and [0,0)
2026-05-05 19:03:27 INFO mt5_bot - Balance=102029.96 Equity=102029.96 Spread=0.80 pips
2026-05-05 19:03:27 INFO mt5_bot - Session filter: UTC hour=0 outside [7,20) and [0,0)
2026-05-05 19:03:42 INFO mt5_bot - Balance=102029.96 Equity=102029.96 Spread=0.80 pips
2026-05-05 19:03:42 INFO mt5_bot - Session filter: UTC hour=0 outside [7,20) and [0,0)
2026-05-05 19:03:57 INFO mt5_bot - Balance=102029.96 Equity=102029.96 Spread=0.80 pips
2026-05-05 19:03:57 INFO mt5_bot - Session filter: UTC hour=0 outside [7,20) and [0,0)
2026-05-05 19:04:12 INFO mt5_bot - Balance=102029.96 Equity=102029.96 Spread=0.80 pips
2026-05-05 19:04:12 INFO mt5_bot - Session filter: UTC hour=0 outside [7,20) and [0,0)
2026-05-05 19:04:27 INFO mt5_bot - Balance=102029.96 Equity=102029.96 Spread=0.70 pips
2026-05-05 19:04:27 INFO mt5_bot - Session filter: UTC hour=0 outside [7,20) and [0,0)
2026-05-05 19:04:42 INFO mt5_bot - Balance=102029.96 Equity=102029.96 Spread=0.80 pips
2026-05-05 19:04:42 INFO mt5_bot - Session filter: UTC hour=0 outside [7,20) and [0,0)
2026-05-05 19:04:57 INFO mt5_bot - Balance=102029.96 Equity=102029.96 Spread=0.80 pips
2026-05-05 19:04:57 INFO mt5_bot - Session filter: UTC hour=0 outside [7,20) and [0,0)
2026-05-05 19:05:12 INFO mt5_bot - Balance=102029.96 Equity=102029.96 Spread=0.80 pips
2026-05-05 19:05:12 INFO mt5_bot - Session filter: UTC hour=0 outside [7,20) and [0,0)
2026-05-05 19:05:27 INFO mt5_bot - Balance=102029.96 Equity=102029.96 Spread=0.80 pips
2026-05-05 19:05:27 INFO mt5_bot - Session filter: UTC hour=0 outside [7,20) and [0,0)
2026-05-05 19:05:42 INFO mt5_bot - Balance=102029.96 Equity=102029.96 Spread=0.80 pips
2026-05-05 19:05:42 INFO mt5_bot - Session filter: UTC hour=0 outside [7,20) and [0,0)
2026-05-05 19:05:57 INFO mt5_bot - Balance=102029.96 Equity=102029.96 Spread=0.80 pips
2026-05-05 19:05:57 INFO mt5_bot - Session filter: UTC hour=0 outside [7,20) and [0,0)
2026-05-05 19:06:12 INFO mt5_bot - Balance=102029.96 Equity=102029.96 Spread=0.80 pips
2026-05-05 19:06:12 INFO mt5_bot - Session filter: UTC hour=0 outside [7,20) and [0,0)
2026-05-05 19:06:27 INFO mt5_bot - Balance=102029.96 Equity=102029.96 Spread=0.80 pips
2026-05-05 19:06:27 INFO mt5_bot - Session filter: UTC hour=0 outside [7,20) and [0,0)
2026-05-05 19:06:42 INFO mt5_bot - Balance=102029.96 Equity=102029.96 Spread=0.80 pips
2026-05-05 19:06:42 INFO mt5_bot - Session filter: UTC hour=0 outside [7,20) and [0,0)
2026-05-05 19:06:57 INFO mt5_bot - Balance=102029.96 Equity=102029.96 Spread=0.80 pips
2026-05-05 19:06:57 INFO mt5_bot - Session filter: UTC hour=0 outside [7,20) and [0,0)
2026-05-05 19:07:12 INFO mt5_bot - Balance=102029.96 Equity=102029.96 Spread=0.80 pips
2026-05-05 19:07:12 INFO mt5_bot - Session filter: UTC hour=0 outside [7,20) and [0,0)
2026-05-05 19:07:27 INFO mt5_bot - Balance=102029.96 Equity=102029.96 Spread=0.80 pips
2026-05-05 19:07:27 INFO mt5_bot - Session filter: UTC hour=0 outside [7,20) and [0,0)
2026-05-05 19:07:42 INFO mt5_bot - Balance=102029.96 Equity=102029.96 Spread=0.70 pips
2026-05-05 19:07:42 INFO mt5_bot - Session filter: UTC hour=0 outside [7,20) and [0,0)
2026-05-05 19:07:57 INFO mt5_bot - Balance=102029.96 Equity=102029.96 Spread=0.80 pips
2026-05-05 19:07:57 INFO mt5_bot - Session filter: UTC hour=0 outside [7,20) and [0,0)
2026-05-05 19:08:12 INFO mt5_bot - Balance=102029.96 Equity=102029.96 Spread=0.80 pips
2026-05-05 19:08:12 INFO mt5_bot - Session filter: UTC hour=0 outside [7,20) and [0,0)
2026-05-05 19:08:27 INFO mt5_bot - Balance=102029.96 Equity=102029.96 Spread=0.80 pips
2026-05-05 19:08:27 INFO mt5_bot - Session filter: UTC hour=0 outside [7,20) and [0,0)
2026-05-05 19:08:42 INFO mt5_bot - Balance=102029.96 Equity=102029.96 Spread=0.80 pips
2026-05-05 19:08:42 INFO mt5_bot - Session filter: UTC hour=0 outside [7,20) and [0,0)
2026-05-05 19:08:57 INFO mt5_bot - Balance=102029.96 Equity=102029.96 Spread=0.80 pips
2026-05-05 19:08:57 INFO mt5_bot - Session filter: UTC hour=0 outside [7,20) and [0,0)
2026-05-05 19:09:12 INFO mt5_bot - Balance=102029.96 Equity=102029.96 Spread=0.70 pips
2026-05-05 19:09:12 INFO mt5_bot - Session filter: UTC hour=0 outside [7,20) and [0,0)
2026-05-05 19:09:27 INFO mt5_bot - Balance=102029.96 Equity=102029.96 Spread=0.80 pips
2026-05-05 19:09:27 INFO mt5_bot - Session filter: UTC hour=0 outside [7,20) and [0,0)
2026-05-05 19:09:42 INFO mt5_bot - Balance=102029.96 Equity=102029.96 Spread=0.70 pips
2026-05-05 19:09:42 INFO mt5_bot - Session filter: UTC hour=0 outside [7,20) and [0,0)
2026-05-05 19:09:57 INFO mt5_bot - Balance=102029.96 Equity=102029.96 Spread=0.70 pips
2026-05-05 19:09:57 INFO mt5_bot - Session filter: UTC hour=0 outside [7,20) and [0,0)
2026-05-05 19:10:12 INFO mt5_bot - Balance=102029.96 Equity=102029.96 Spread=0.70 pips
2026-05-05 19:10:12 INFO mt5_bot - Session filter: UTC hour=0 outside [7,20) and [0,0)
2026-05-05 19:10:27 INFO mt5_bot - Balance=102029.96 Equity=102029.96 Spread=0.80 pips
2026-05-05 19:10:27 INFO mt5_bot - Session filter: UTC hour=0 outside [7,20) and [0,0)
2026-05-05 19:10:42 INFO mt5_bot - Balance=102029.96 Equity=102029.96 Spread=0.80 pips
2026-05-05 19:10:42 INFO mt5_bot - Session filter: UTC hour=0 outside [7,20) and [0,0)
2026-05-05 19:10:57 INFO mt5_bot - Balance=102029.96 Equity=102029.96 Spread=0.80 pips
2026-05-05 19:10:57 INFO mt5_bot - Session filter: UTC hour=0 outside [7,20) and [0,0)
2026-05-05 19:11:12 INFO mt5_bot - Balance=102029.96 Equity=102029.96 Spread=0.80 pips
2026-05-05 19:11:12 INFO mt5_bot - Session filter: UTC hour=0 outside [7,20) and [0,0)
2026-05-05 19:11:27 INFO mt5_bot - Balance=102029.96 Equity=102029.96 Spread=0.80 pips
2026-05-05 19:11:27 INFO mt5_bot - Session filter: UTC hour=0 outside [7,20) and [0,0)
2026-05-05 19:11:43 INFO mt5_bot - Balance=102029.96 Equity=102029.96 Spread=0.80 pips
2026-05-05 19:11:43 INFO mt5_bot - Session filter: UTC hour=0 outside [7,20) and [0,0)
2026-05-05 19:11:58 INFO mt5_bot - Balance=102029.96 Equity=102029.96 Spread=0.80 pips
2026-05-05 19:11:58 INFO mt5_bot - Session filter: UTC hour=0 outside [7,20) and [0,0)
2026-05-05 19:12:13 INFO mt5_bot - Balance=102029.96 Equity=102029.96 Spread=0.80 pips
2026-05-05 19:12:13 INFO mt5_bot - Session filter: UTC hour=0 outside [7,20) and [0,0)
2026-05-05 19:12:28 INFO mt5_bot - Balance=102029.96 Equity=102029.96 Spread=0.80 pips
2026-05-05 19:12:28 INFO mt5_bot - Session filter: UTC hour=0 outside [7,20) and [0,0)
2026-05-05 19:12:43 INFO mt5_bot - Balance=102029.96 Equity=102029.96 Spread=0.80 pips
2026-05-05 19:12:43 INFO mt5_bot - Session filter: UTC hour=0 outside [7,20) and [0,0)
2026-05-05 19:12:58 INFO mt5_bot - Balance=102029.96 Equity=102029.96 Spread=0.80 pips
2026-05-05 19:12:58 INFO mt5_bot - Session filter: UTC hour=0 outside [7,20) and [0,0)
2026-05-05 19:13:13 INFO mt5_bot - Balance=102029.96 Equity=102029.96 Spread=0.80 pips
2026-05-05 19:13:13 INFO mt5_bot - Session filter: UTC hour=0 outside [7,20) and [0,0)
2026-05-05 19:13:28 INFO mt5_bot - Balance=102029.96 Equity=102029.96 Spread=0.80 pips
2026-05-05 19:13:28 INFO mt5_bot - Session filter: UTC hour=0 outside [7,20) and [0,0)
2026-05-05 19:13:43 INFO mt5_bot - Balance=102029.96 Equity=102029.96 Spread=0.80 pips
2026-05-05 19:13:43 INFO mt5_bot - Session filter: UTC hour=0 outside [7,20) and [0,0)
2026-05-05 19:13:58 INFO mt5_bot - Balance=102029.96 Equity=102029.96 Spread=0.80 pips
2026-05-05 19:13:58 INFO mt5_bot - Session filter: UTC hour=0 outside [7,20) and [0,0)
2026-05-05 19:14:13 INFO mt5_bot - Balance=102029.96 Equity=102029.96 Spread=0.80 pips
2026-05-05 19:14:13 INFO mt5_bot - Session filter: UTC hour=0 outside [7,20) and [0,0)
2026-05-05 19:14:28 INFO mt5_bot - Balance=102029.96 Equity=102029.96 Spread=0.80 pips
2026-05-05 19:14:28 INFO mt5_bot - Session filter: UTC hour=0 outside [7,20) and [0,0)
2026-05-05 19:14:43 INFO mt5_bot - Balance=102029.96 Equity=102029.96 Spread=0.80 pips
2026-05-05 19:14:43 INFO mt5_bot - Session filter: UTC hour=0 outside [7,20) and [0,0)
2026-05-05 19:14:58 INFO mt5_bot - Balance=102029.96 Equity=102029.96 Spread=0.80 pips
2026-05-05 19:14:58 INFO mt5_bot - Session filter: UTC hour=0 outside [7,20) and [0,0)
2026-05-05 19:15:13 INFO mt5_bot - Balance=102029.96 Equity=102029.96 Spread=0.80 pips
2026-05-05 19:15:13 INFO mt5_bot - Session filter: UTC hour=0 outside [7,20) and [0,0)
2026-05-05 19:15:28 INFO mt5_bot - Balance=102029.96 Equity=102029.96 Spread=0.80 pips
2026-05-05 19:15:28 INFO mt5_bot - Session filter: UTC hour=0 outside [7,20) and [0,0)
2026-05-05 19:15:43 INFO mt5_bot - Balance=102029.96 Equity=102029.96 Spread=0.80 pips
2026-05-05 19:15:43 INFO mt5_bot - Session filter: UTC hour=0 outside [7,20) and [0,0)
2026-05-05 19:15:58 INFO mt5_bot - Balance=102029.96 Equity=102029.96 Spread=0.80 pips
2026-05-05 19:15:58 INFO mt5_bot - Session filter: UTC hour=0 outside [7,20) and [0,0)
2026-05-05 19:16:13 INFO mt5_bot - Balance=102029.96 Equity=102029.96 Spread=0.80 pips
2026-05-05 19:16:13 INFO mt5_bot - Session filter: UTC hour=0 outside [7,20) and [0,0)
2026-05-05 19:16:28 INFO mt5_bot - Balance=102029.96 Equity=102029.96 Spread=0.80 pips
2026-05-05 19:16:28 INFO mt5_bot - Session filter: UTC hour=0 outside [7,20) and [0,0)
2026-05-05 19:16:43 INFO mt5_bot - Balance=102029.96 Equity=102029.96 Spread=0.80 pips
2026-05-05 19:16:43 INFO mt5_bot - Session filter: UTC hour=0 outside [7,20) and [0,0)
2026-05-05 19:16:58 INFO mt5_bot - Balance=102029.96 Equity=102029.96 Spread=0.80 pips
2026-05-05 19:16:58 INFO mt5_bot - Session filter: UTC hour=0 outside [7,20) and [0,0)
2026-05-05 19:17:13 INFO mt5_bot - Balance=102029.96 Equity=102029.96 Spread=0.80 pips
2026-05-05 19:17:13 INFO mt5_bot - Session filter: UTC hour=0 outside [7,20) and [0,0)
2026-05-05 19:17:28 INFO mt5_bot - Balance=102029.96 Equity=102029.96 Spread=0.80 pips
2026-05-05 19:17:28 INFO mt5_bot - Session filter: UTC hour=0 outside [7,20) and [0,0)
2026-05-05 19:17:43 INFO mt5_bot - Balance=102029.96 Equity=102029.96 Spread=0.80 pips
2026-05-05 19:17:43 INFO mt5_bot - Session filter: UTC hour=0 outside [7,20) and [0,0)
2026-05-05 19:17:58 INFO mt5_bot - Balance=102029.96 Equity=102029.96 Spread=0.80 pips
2026-05-05 19:17:58 INFO mt5_bot - Session filter: UTC hour=0 outside [7,20) and [0,0)
2026-05-05 19:18:13 INFO mt5_bot - Balance=102029.96 Equity=102029.96 Spread=0.80 pips
2026-05-05 19:18:13 INFO mt5_bot - Session filter: UTC hour=0 outside [7,20) and [0,0)
2026-05-05 19:18:28 INFO mt5_bot - Balance=102029.96 Equity=102029.96 Spread=0.70 pips
2026-05-05 19:18:28 INFO mt5_bot - Session filter: UTC hour=0 outside [7,20) and [0,0)
2026-05-05 19:18:43 INFO mt5_bot - Balance=102029.96 Equity=102029.96 Spread=0.80 pips
2026-05-05 19:18:43 INFO mt5_bot - Session filter: UTC hour=0 outside [7,20) and [0,0)
2026-05-05 19:18:58 INFO mt5_bot - Balance=102029.96 Equity=102029.96 Spread=0.80 pips
2026-05-05 19:18:58 INFO mt5_bot - Session filter: UTC hour=0 outside [7,20) and [0,0)
2026-05-05 19:19:13 INFO mt5_bot - Balance=102029.96 Equity=102029.96 Spread=0.80 pips
2026-05-05 19:19:13 INFO mt5_bot - Session filter: UTC hour=0 outside [7,20) and [0,0)
2026-05-05 19:19:28 INFO mt5_bot - Balance=102029.96 Equity=102029.96 Spread=0.80 pips
2026-05-05 19:19:28 INFO mt5_bot - Session filter: UTC hour=0 outside [7,20) and [0,0)
2026-05-05 19:19:43 INFO mt5_bot - Balance=102029.96 Equity=102029.96 Spread=0.80 pips
2026-05-05 19:19:43 INFO mt5_bot - Session filter: UTC hour=0 outside [7,20) and [0,0)
2026-05-05 19:19:58 INFO mt5_bot - Balance=102029.96 Equity=102029.96 Spread=0.80 pips
2026-05-05 19:19:58 INFO mt5_bot - Session filter: UTC hour=0 outside [7,20) and [0,0)
2026-05-05 19:20:13 INFO mt5_bot - Balance=102029.96 Equity=102029.96 Spread=0.80 pips
2026-05-05 19:20:13 INFO mt5_bot - Session filter: UTC hour=0 outside [7,20) and [0,0)
2026-05-05 19:20:28 INFO mt5_bot - Balance=102029.96 Equity=102029.96 Spread=0.80 pips
2026-05-05 19:20:28 INFO mt5_bot - Session filter: UTC hour=0 outside [7,20) and [0,0)
2026-05-05 19:20:43 INFO mt5_bot - Balance=102029.96 Equity=102029.96 Spread=0.80 pips
2026-05-05 19:20:43 INFO mt5_bot - Session filter: UTC hour=0 outside [7,20) and [0,0)
2026-05-05 19:20:58 INFO mt5_bot - Balance=102029.96 Equity=102029.96 Spread=0.80 pips
2026-05-05 19:20:58 INFO mt5_bot - Session filter: UTC hour=0 outside [7,20) and [0,0)
2026-05-05 19:21:13 INFO mt5_bot - Balance=102029.96 Equity=102029.96 Spread=0.80 pips
2026-05-05 19:21:13 INFO mt5_bot - Session filter: UTC hour=0 outside [7,20) and [0,0)
2026-05-05 19:21:28 INFO mt5_bot - Balance=102029.96 Equity=102029.96 Spread=0.80 pips
2026-05-05 19:21:28 INFO mt5_bot - Session filter: UTC hour=0 outside [7,20) and [0,0)
2026-05-05 19:21:43 INFO mt5_bot - Balance=102029.96 Equity=102029.96 Spread=0.80 pips
2026-05-05 19:21:43 INFO mt5_bot - Session filter: UTC hour=0 outside [7,20) and [0,0)
2026-05-05 19:21:58 INFO mt5_bot - Balance=102029.96 Equity=102029.96 Spread=0.80 pips
2026-05-05 19:21:58 INFO mt5_bot - Session filter: UTC hour=0 outside [7,20) and [0,0)
2026-05-05 19:22:13 INFO mt5_bot - Balance=102029.96 Equity=102029.96 Spread=0.80 pips
2026-05-05 19:22:13 INFO mt5_bot - Session filter: UTC hour=0 outside [7,20) and [0,0)
2026-05-05 19:22:28 INFO mt5_bot - Balance=102029.96 Equity=102029.96 Spread=0.80 pips
2026-05-05 19:22:28 INFO mt5_bot - Session filter: UTC hour=0 outside [7,20) and [0,0)
2026-05-05 19:22:43 INFO mt5_bot - Balance=102029.96 Equity=102029.96 Spread=0.80 pips
2026-05-05 19:22:43 INFO mt5_bot - Session filter: UTC hour=0 outside [7,20) and [0,0)
2026-05-05 19:22:58 INFO mt5_bot - Balance=102029.96 Equity=102029.96 Spread=0.80 pips
2026-05-05 19:22:58 INFO mt5_bot - Session filter: UTC hour=0 outside [7,20) and [0,0)
2026-05-05 19:23:13 INFO mt5_bot - Balance=102029.96 Equity=102029.96 Spread=0.80 pips
2026-05-05 19:23:13 INFO mt5_bot - Session filter: UTC hour=0 outside [7,20) and [0,0)
2026-05-05 19:23:28 INFO mt5_bot - Balance=102029.96 Equity=102029.96 Spread=0.80 pips
2026-05-05 19:23:28 INFO mt5_bot - Session filter: UTC hour=0 outside [7,20) and [0,0)
2026-05-05 19:23:43 INFO mt5_bot - Balance=102029.96 Equity=102029.96 Spread=0.80 pips
2026-05-05 19:23:43 INFO mt5_bot - Session filter: UTC hour=0 outside [7,20) and [0,0)
2026-05-05 19:23:58 INFO mt5_bot - Balance=102029.96 Equity=102029.96 Spread=0.80 pips
2026-05-05 19:23:58 INFO mt5_bot - Session filter: UTC hour=0 outside [7,20) and [0,0)
2026-05-05 19:24:13 INFO mt5_bot - Balance=102029.96 Equity=102029.96 Spread=0.80 pips
2026-05-05 19:24:13 INFO mt5_bot - Session filter: UTC hour=0 outside [7,20) and [0,0)
2026-05-05 19:24:28 INFO mt5_bot - Balance=102029.96 Equity=102029.96 Spread=0.80 pips
2026-05-05 19:24:28 INFO mt5_bot - Session filter: UTC hour=0 outside [7,20) and [0,0)
2026-05-05 19:24:43 INFO mt5_bot - Balance=102029.96 Equity=102029.96 Spread=0.80 pips
2026-05-05 19:24:43 INFO mt5_bot - Session filter: UTC hour=0 outside [7,20) and [0,0)
2026-05-05 19:24:58 INFO mt5_bot - Balance=102029.96 Equity=102029.96 Spread=0.80 pips
2026-05-05 19:24:58 INFO mt5_bot - Session filter: UTC hour=0 outside [7,20) and [0,0)
2026-05-05 19:25:13 INFO mt5_bot - Balance=102029.96 Equity=102029.96 Spread=0.80 pips
2026-05-05 19:25:13 INFO mt5_bot - Session filter: UTC hour=0 outside [7,20) and [0,0)
2026-05-05 19:25:28 INFO mt5_bot - Balance=102029.96 Equity=102029.96 Spread=0.70 pips
2026-05-05 19:25:28 INFO mt5_bot - Session filter: UTC hour=0 outside [7,20) and [0,0)
2026-05-05 19:25:43 INFO mt5_bot - Balance=102029.96 Equity=102029.96 Spread=0.80 pips
2026-05-05 19:25:43 INFO mt5_bot - Session filter: UTC hour=0 outside [7,20) and [0,0)
2026-05-05 19:25:58 INFO mt5_bot - Balance=102029.96 Equity=102029.96 Spread=0.80 pips
2026-05-05 19:25:58 INFO mt5_bot - Session filter: UTC hour=0 outside [7,20) and [0,0)
2026-05-05 19:26:13 INFO mt5_bot - Balance=102029.96 Equity=102029.96 Spread=0.80 pips
2026-05-05 19:26:13 INFO mt5_bot - Session filter: UTC hour=0 outside [7,20) and [0,0)
2026-05-05 19:26:28 INFO mt5_bot - Balance=102029.96 Equity=102029.96 Spread=0.80 pips
2026-05-05 19:26:28 INFO mt5_bot - Session filter: UTC hour=0 outside [7,20) and [0,0)
2026-05-05 19:26:43 INFO mt5_bot - Balance=102029.96 Equity=102029.96 Spread=0.80 pips
2026-05-05 19:26:43 INFO mt5_bot - Session filter: UTC hour=0 outside [7,20) and [0,0)
2026-05-05 19:26:58 INFO mt5_bot - Balance=102029.96 Equity=102029.96 Spread=0.70 pips
2026-05-05 19:26:58 INFO mt5_bot - Session filter: UTC hour=0 outside [7,20) and [0,0)
2026-05-05 19:27:13 INFO mt5_bot - Balance=102029.96 Equity=102029.96 Spread=0.80 pips
2026-05-05 19:27:13 INFO mt5_bot - Session filter: UTC hour=0 outside [7,20) and [0,0)
2026-05-05 19:27:28 INFO mt5_bot - Balance=102029.96 Equity=102029.96 Spread=0.70 pips
2026-05-05 19:27:28 INFO mt5_bot - Session filter: UTC hour=0 outside [7,20) and [0,0)
2026-05-05 19:27:43 INFO mt5_bot - Balance=102029.96 Equity=102029.96 Spread=0.60 pips
2026-05-05 19:27:43 INFO mt5_bot - Session filter: UTC hour=0 outside [7,20) and [0,0)
2026-05-05 19:27:58 INFO mt5_bot - Balance=102029.96 Equity=102029.96 Spread=0.70 pips
2026-05-05 19:27:58 INFO mt5_bot - Session filter: UTC hour=0 outside [7,20) and [0,0)
2026-05-05 19:28:13 INFO mt5_bot - Balance=102029.96 Equity=102029.96 Spread=0.80 pips
2026-05-05 19:28:13 INFO mt5_bot - Session filter: UTC hour=0 outside [7,20) and [0,0)
2026-05-05 19:28:28 INFO mt5_bot - Balance=102029.96 Equity=102029.96 Spread=0.80 pips
2026-05-05 19:28:28 INFO mt5_bot - Session filter: UTC hour=0 outside [7,20) and [0,0)
2026-05-05 19:28:43 INFO mt5_bot - Balance=102029.96 Equity=102029.96 Spread=0.80 pips
2026-05-05 19:28:43 INFO mt5_bot - Session filter: UTC hour=0 outside [7,20) and [0,0)
2026-05-05 19:28:58 INFO mt5_bot - Balance=102029.96 Equity=102029.96 Spread=0.80 pips
2026-05-05 19:28:58 INFO mt5_bot - Session filter: UTC hour=0 outside [7,20) and [0,0)
2026-05-05 19:29:13 INFO mt5_bot - Balance=102029.96 Equity=102029.96 Spread=0.80 pips
2026-05-05 19:29:13 INFO mt5_bot - Session filter: UTC hour=0 outside [7,20) and [0,0)
2026-05-05 19:29:28 INFO mt5_bot - Balance=102029.96 Equity=102029.96 Spread=0.80 pips
2026-05-05 19:29:28 INFO mt5_bot - Session filter: UTC hour=0 outside [7,20) and [0,0)
2026-05-05 19:29:43 INFO mt5_bot - Balance=102029.96 Equity=102029.96 Spread=0.80 pips
2026-05-05 19:29:43 INFO mt5_bot - Session filter: UTC hour=0 outside [7,20) and [0,0)
2026-05-05 19:29:58 INFO mt5_bot - Balance=102029.96 Equity=102029.96 Spread=0.70 pips
2026-05-05 19:29:58 INFO mt5_bot - Session filter: UTC hour=0 outside [7,20) and [0,0)
2026-05-05 19:30:13 INFO mt5_bot - Balance=102029.96 Equity=102029.96 Spread=0.80 pips
2026-05-05 19:30:13 INFO mt5_bot - Session filter: UTC hour=0 outside [7,20) and [0,0)
2026-05-05 19:30:28 INFO mt5_bot - Balance=102029.96 Equity=102029.96 Spread=0.80 pips
2026-05-05 19:30:28 INFO mt5_bot - Session filter: UTC hour=0 outside [7,20) and [0,0)
2026-05-05 19:30:43 INFO mt5_bot - Balance=102029.96 Equity=102029.96 Spread=0.80 pips
2026-05-05 19:30:43 INFO mt5_bot - Session filter: UTC hour=0 outside [7,20) and [0,0)
2026-05-05 19:30:58 INFO mt5_bot - Balance=102029.96 Equity=102029.96 Spread=0.80 pips
2026-05-05 19:30:58 INFO mt5_bot - Session filter: UTC hour=0 outside [7,20) and [0,0)
2026-05-05 19:31:13 INFO mt5_bot - Balance=102029.96 Equity=102029.96 Spread=0.70 pips
2026-05-05 19:31:13 INFO mt5_bot - Session filter: UTC hour=0 outside [7,20) and [0,0)
2026-05-05 19:31:28 INFO mt5_bot - Balance=102029.96 Equity=102029.96 Spread=0.80 pips
2026-05-05 19:31:28 INFO mt5_bot - Session filter: UTC hour=0 outside [7,20) and [0,0)
2026-05-05 19:31:43 INFO mt5_bot - Balance=102029.96 Equity=102029.96 Spread=0.80 pips
2026-05-05 19:31:43 INFO mt5_bot - Session filter: UTC hour=0 outside [7,20) and [0,0)
2026-05-05 19:31:58 INFO mt5_bot - Balance=102029.96 Equity=102029.96 Spread=0.80 pips
2026-05-05 19:31:58 INFO mt5_bot - Session filter: UTC hour=0 outside [7,20) and [0,0)
2026-05-05 19:32:13 INFO mt5_bot - Balance=102029.96 Equity=102029.96 Spread=0.80 pips
2026-05-05 19:32:13 INFO mt5_bot - Session filter: UTC hour=0 outside [7,20) and [0,0)
2026-05-05 19:32:28 INFO mt5_bot - Balance=102029.96 Equity=102029.96 Spread=0.80 pips
2026-05-05 19:32:28 INFO mt5_bot - Session filter: UTC hour=0 outside [7,20) and [0,0)
2026-05-05 19:32:43 INFO mt5_bot - Balance=102029.96 Equity=102029.96 Spread=0.80 pips
2026-05-05 19:32:43 INFO mt5_bot - Session filter: UTC hour=0 outside [7,20) and [0,0)
2026-05-05 19:32:58 INFO mt5_bot - Balance=102029.96 Equity=102029.96 Spread=0.80 pips
2026-05-05 19:32:58 INFO mt5_bot - Session filter: UTC hour=0 outside [7,20) and [0,0)
2026-05-05 19:33:13 INFO mt5_bot - Balance=102029.96 Equity=102029.96 Spread=0.80 pips
2026-05-05 19:33:13 INFO mt5_bot - Session filter: UTC hour=0 outside [7,20) and [0,0)
2026-05-05 19:33:28 INFO mt5_bot - Balance=102029.96 Equity=102029.96 Spread=0.80 pips
2026-05-05 19:33:28 INFO mt5_bot - Session filter: UTC hour=0 outside [7,20) and [0,0)
2026-05-05 19:33:43 INFO mt5_bot - Balance=102029.96 Equity=102029.96 Spread=0.80 pips
2026-05-05 19:33:43 INFO mt5_bot - Session filter: UTC hour=0 outside [7,20) and [0,0)
2026-05-05 19:33:58 INFO mt5_bot - Balance=102029.96 Equity=102029.96 Spread=0.80 pips
2026-05-05 19:33:58 INFO mt5_bot - Session filter: UTC hour=0 outside [7,20) and [0,0)
2026-05-05 19:34:13 INFO mt5_bot - Balance=102029.96 Equity=102029.96 Spread=0.80 pips
2026-05-05 19:34:13 INFO mt5_bot - Session filter: UTC hour=0 outside [7,20) and [0,0)
2026-05-05 19:34:28 INFO mt5_bot - Balance=102029.96 Equity=102029.96 Spread=0.80 pips
2026-05-05 19:34:28 INFO mt5_bot - Session filter: UTC hour=0 outside [7,20) and [0,0)
2026-05-05 19:34:43 INFO mt5_bot - Balance=102029.96 Equity=102029.96 Spread=0.80 pips
2026-05-05 19:34:43 INFO mt5_bot - Session filter: UTC hour=0 outside [7,20) and [0,0)
2026-05-05 19:34:58 INFO mt5_bot - Balance=102029.96 Equity=102029.96 Spread=0.80 pips
2026-05-05 19:34:58 INFO mt5_bot - Session filter: UTC hour=0 outside [7,20) and [0,0)
2026-05-05 19:35:13 INFO mt5_bot - Balance=102029.96 Equity=102029.96 Spread=0.80 pips
2026-05-05 19:35:13 INFO mt5_bot - Session filter: UTC hour=0 outside [7,20) and [0,0)
2026-05-05 19:35:28 INFO mt5_bot - Balance=102029.96 Equity=102029.96 Spread=0.80 pips
2026-05-05 19:35:28 INFO mt5_bot - Session filter: UTC hour=0 outside [7,20) and [0,0)
2026-05-05 19:35:43 INFO mt5_bot - Balance=102029.96 Equity=102029.96 Spread=0.80 pips
2026-05-05 19:35:43 INFO mt5_bot - Session filter: UTC hour=0 outside [7,20) and [0,0)
2026-05-05 19:35:58 INFO mt5_bot - Balance=102029.96 Equity=102029.96 Spread=0.80 pips
2026-05-05 19:35:58 INFO mt5_bot - Session filter: UTC hour=0 outside [7,20) and [0,0)
2026-05-05 19:36:13 INFO mt5_bot - Balance=102029.96 Equity=102029.96 Spread=0.80 pips
2026-05-05 19:36:13 INFO mt5_bot - Session filter: UTC hour=0 outside [7,20) and [0,0)
2026-05-05 19:36:28 INFO mt5_bot - Balance=102029.96 Equity=102029.96 Spread=0.80 pips
2026-05-05 19:36:28 INFO mt5_bot - Session filter: UTC hour=0 outside [7,20) and [0,0)
2026-05-05 19:36:43 INFO mt5_bot - Balance=102029.96 Equity=102029.96 Spread=0.80 pips
2026-05-05 19:36:43 INFO mt5_bot - Session filter: UTC hour=0 outside [7,20) and [0,0)
2026-05-05 19:36:58 INFO mt5_bot - Balance=102029.96 Equity=102029.96 Spread=0.80 pips
2026-05-05 19:36:58 INFO mt5_bot - Session filter: UTC hour=0 outside [7,20) and [0,0)
2026-05-05 19:37:13 INFO mt5_bot - Balance=102029.96 Equity=102029.96 Spread=0.80 pips
2026-05-05 19:37:13 INFO mt5_bot - Session filter: UTC hour=0 outside [7,20) and [0,0)
2026-05-05 19:37:28 INFO mt5_bot - Balance=102029.96 Equity=102029.96 Spread=0.70 pips
2026-05-05 19:37:28 INFO mt5_bot - Session filter: UTC hour=0 outside [7,20) and [0,0)
2026-05-05 19:37:43 INFO mt5_bot - Balance=102029.96 Equity=102029.96 Spread=0.80 pips
2026-05-05 19:37:43 INFO mt5_bot - Session filter: UTC hour=0 outside [7,20) and [0,0)
2026-05-05 19:37:58 INFO mt5_bot - Balance=102029.96 Equity=102029.96 Spread=0.80 pips
2026-05-05 19:37:58 INFO mt5_bot - Session filter: UTC hour=0 outside [7,20) and [0,0)
2026-05-05 19:38:13 INFO mt5_bot - Balance=102029.96 Equity=102029.96 Spread=0.80 pips
2026-05-05 19:38:13 INFO mt5_bot - Session filter: UTC hour=0 outside [7,20) and [0,0)
2026-05-05 19:38:28 INFO mt5_bot - Balance=102029.96 Equity=102029.96 Spread=0.80 pips
2026-05-05 19:38:28 INFO mt5_bot - Session filter: UTC hour=0 outside [7,20) and [0,0)
2026-05-05 19:38:43 INFO mt5_bot - Balance=102029.96 Equity=102029.96 Spread=0.80 pips
2026-05-05 19:38:43 INFO mt5_bot - Session filter: UTC hour=0 outside [7,20) and [0,0)
2026-05-05 19:38:58 INFO mt5_bot - Balance=102029.96 Equity=102029.96 Spread=0.80 pips
2026-05-05 19:38:58 INFO mt5_bot - Session filter: UTC hour=0 outside [7,20) and [0,0)
2026-05-05 19:39:13 INFO mt5_bot - Balance=102029.96 Equity=102029.96 Spread=0.80 pips
2026-05-05 19:39:13 INFO mt5_bot - Session filter: UTC hour=0 outside [7,20) and [0,0)
2026-05-05 19:39:28 INFO mt5_bot - Balance=102029.96 Equity=102029.96 Spread=0.80 pips
2026-05-05 19:39:28 INFO mt5_bot - Session filter: UTC hour=0 outside [7,20) and [0,0)
2026-05-05 19:39:43 INFO mt5_bot - Balance=102029.96 Equity=102029.96 Spread=0.80 pips
2026-05-05 19:39:43 INFO mt5_bot - Session filter: UTC hour=0 outside [7,20) and [0,0)
2026-05-05 19:39:58 INFO mt5_bot - Balance=102029.96 Equity=102029.96 Spread=0.80 pips
2026-05-05 19:39:58 INFO mt5_bot - Session filter: UTC hour=0 outside [7,20) and [0,0)
2026-05-05 19:40:13 INFO mt5_bot - Balance=102029.96 Equity=102029.96 Spread=0.80 pips
2026-05-05 19:40:13 INFO mt5_bot - Session filter: UTC hour=0 outside [7,20) and [0,0)
2026-05-05 19:40:28 INFO mt5_bot - Balance=102029.96 Equity=102029.96 Spread=0.80 pips
2026-05-05 19:40:28 INFO mt5_bot - Session filter: UTC hour=0 outside [7,20) and [0,0)
2026-05-05 19:40:43 INFO mt5_bot - Balance=102029.96 Equity=102029.96 Spread=0.80 pips
2026-05-05 19:40:43 INFO mt5_bot - Session filter: UTC hour=0 outside [7,20) and [0,0)
2026-05-05 19:40:58 INFO mt5_bot - Balance=102029.96 Equity=102029.96 Spread=0.80 pips
2026-05-05 19:40:58 INFO mt5_bot - Session filter: UTC hour=0 outside [7,20) and [0,0)
2026-05-05 19:41:13 INFO mt5_bot - Balance=102029.96 Equity=102029.96 Spread=0.80 pips
2026-05-05 19:41:13 INFO mt5_bot - Session filter: UTC hour=0 outside [7,20) and [0,0)
2026-05-05 19:41:28 INFO mt5_bot - Balance=102029.96 Equity=102029.96 Spread=0.80 pips
2026-05-05 19:41:28 INFO mt5_bot - Session filter: UTC hour=0 outside [7,20) and [0,0)
2026-05-05 19:41:43 INFO mt5_bot - Balance=102029.96 Equity=102029.96 Spread=0.80 pips
2026-05-05 19:41:43 INFO mt5_bot - Session filter: UTC hour=0 outside [7,20) and [0,0)
2026-05-05 19:41:58 INFO mt5_bot - Balance=102029.96 Equity=102029.96 Spread=0.80 pips
2026-05-05 19:41:58 INFO mt5_bot - Session filter: UTC hour=0 outside [7,20) and [0,0)
2026-05-05 19:42:13 INFO mt5_bot - Balance=102029.96 Equity=102029.96 Spread=0.80 pips
2026-05-05 19:42:13 INFO mt5_bot - Session filter: UTC hour=0 outside [7,20) and [0,0)
2026-05-05 19:42:28 INFO mt5_bot - Balance=102029.96 Equity=102029.96 Spread=0.80 pips
2026-05-05 19:42:28 INFO mt5_bot - Session filter: UTC hour=0 outside [7,20) and [0,0)
2026-05-05 19:42:43 INFO mt5_bot - Balance=102029.96 Equity=102029.96 Spread=0.80 pips
2026-05-05 19:42:43 INFO mt5_bot - Session filter: UTC hour=0 outside [7,20) and [0,0)
2026-05-05 19:42:58 INFO mt5_bot - Balance=102029.96 Equity=102029.96 Spread=0.80 pips
2026-05-05 19:42:58 INFO mt5_bot - Session filter: UTC hour=0 outside [7,20) and [0,0)
2026-05-05 19:43:13 INFO mt5_bot - Balance=102029.96 Equity=102029.96 Spread=0.70 pips
2026-05-05 19:43:13 INFO mt5_bot - Session filter: UTC hour=0 outside [7,20) and [0,0)
2026-05-05 19:43:28 INFO mt5_bot - Balance=102029.96 Equity=102029.96 Spread=0.80 pips
2026-05-05 19:43:28 INFO mt5_bot - Session filter: UTC hour=0 outside [7,20) and [0,0)
2026-05-05 19:43:43 INFO mt5_bot - Balance=102029.96 Equity=102029.96 Spread=0.80 pips
2026-05-05 19:43:43 INFO mt5_bot - Session filter: UTC hour=0 outside [7,20) and [0,0)
2026-05-05 19:43:58 INFO mt5_bot - Balance=102029.96 Equity=102029.96 Spread=0.80 pips
2026-05-05 19:43:58 INFO mt5_bot - Session filter: UTC hour=0 outside [7,20) and [0,0)
2026-05-05 19:44:13 INFO mt5_bot - Balance=102029.96 Equity=102029.96 Spread=0.80 pips
2026-05-05 19:44:13 INFO mt5_bot - Session filter: UTC hour=0 outside [7,20) and [0,0)
2026-05-05 19:44:28 INFO mt5_bot - Balance=102029.96 Equity=102029.96 Spread=0.80 pips
2026-05-05 19:44:28 INFO mt5_bot - Session filter: UTC hour=0 outside [7,20) and [0,0)
2026-05-05 19:44:43 INFO mt5_bot - Balance=102029.96 Equity=102029.96 Spread=0.80 pips
2026-05-05 19:44:43 INFO mt5_bot - Session filter: UTC hour=0 outside [7,20) and [0,0)
2026-05-05 19:44:58 INFO mt5_bot - Balance=102029.96 Equity=102029.96 Spread=0.80 pips
2026-05-05 19:44:58 INFO mt5_bot - Session filter: UTC hour=0 outside [7,20) and [0,0)
2026-05-05 19:45:13 INFO mt5_bot - Balance=102029.96 Equity=102029.96 Spread=0.80 pips
2026-05-05 19:45:13 INFO mt5_bot - Session filter: UTC hour=0 outside [7,20) and [0,0)
2026-05-05 19:45:28 INFO mt5_bot - Balance=102029.96 Equity=102029.96 Spread=0.80 pips
2026-05-05 19:45:28 INFO mt5_bot - Session filter: UTC hour=0 outside [7,20) and [0,0)
2026-05-05 19:45:43 INFO mt5_bot - Balance=102029.96 Equity=102029.96 Spread=0.80 pips
2026-05-05 19:45:43 INFO mt5_bot - Session filter: UTC hour=0 outside [7,20) and [0,0)
2026-05-05 19:45:58 INFO mt5_bot - Balance=102029.96 Equity=102029.96 Spread=0.80 pips
2026-05-05 19:45:58 INFO mt5_bot - Session filter: UTC hour=0 outside [7,20) and [0,0)
2026-05-05 19:46:13 INFO mt5_bot - Balance=102029.96 Equity=102029.96 Spread=0.80 pips
2026-05-05 19:46:13 INFO mt5_bot - Session filter: UTC hour=0 outside [7,20) and [0,0)
2026-05-05 19:46:28 INFO mt5_bot - Balance=102029.96 Equity=102029.96 Spread=0.80 pips
2026-05-05 19:46:28 INFO mt5_bot - Session filter: UTC hour=0 outside [7,20) and [0,0)
2026-05-05 19:46:43 INFO mt5_bot - Balance=102029.96 Equity=102029.96 Spread=0.80 pips
2026-05-05 19:46:43 INFO mt5_bot - Session filter: UTC hour=0 outside [7,20) and [0,0)
2026-05-05 19:46:58 INFO mt5_bot - Balance=102029.96 Equity=102029.96 Spread=0.80 pips
2026-05-05 19:46:58 INFO mt5_bot - Session filter: UTC hour=0 outside [7,20) and [0,0)
2026-05-05 19:47:13 INFO mt5_bot - Balance=102029.96 Equity=102029.96 Spread=0.80 pips
2026-05-05 19:47:13 INFO mt5_bot - Session filter: UTC hour=0 outside [7,20) and [0,0)
2026-05-05 19:47:28 INFO mt5_bot - Balance=102029.96 Equity=102029.96 Spread=0.80 pips
2026-05-05 19:47:28 INFO mt5_bot - Session filter: UTC hour=0 outside [7,20) and [0,0)
2026-05-05 19:47:43 INFO mt5_bot - Balance=102029.96 Equity=102029.96 Spread=0.80 pips
2026-05-05 19:47:43 INFO mt5_bot - Session filter: UTC hour=0 outside [7,20) and [0,0)
2026-05-05 19:47:58 INFO mt5_bot - Balance=102029.96 Equity=102029.96 Spread=0.80 pips
2026-05-05 19:47:58 INFO mt5_bot - Session filter: UTC hour=0 outside [7,20) and [0,0)
2026-05-05 19:48:13 INFO mt5_bot - Balance=102029.96 Equity=102029.96 Spread=0.80 pips
2026-05-05 19:48:13 INFO mt5_bot - Session filter: UTC hour=0 outside [7,20) and [0,0)
2026-05-05 19:48:28 INFO mt5_bot - Balance=102029.96 Equity=102029.96 Spread=0.80 pips
2026-05-05 19:48:28 INFO mt5_bot - Session filter: UTC hour=0 outside [7,20) and [0,0)
2026-05-05 19:48:43 INFO mt5_bot - Balance=102029.96 Equity=102029.96 Spread=0.80 pips
2026-05-05 19:48:43 INFO mt5_bot - Session filter: UTC hour=0 outside [7,20) and [0,0)
2026-05-05 19:48:58 INFO mt5_bot - Balance=102029.96 Equity=102029.96 Spread=0.80 pips
2026-05-05 19:48:58 INFO mt5_bot - Session filter: UTC hour=0 outside [7,20) and [0,0)
2026-05-05 19:49:13 INFO mt5_bot - Balance=102029.96 Equity=102029.96 Spread=0.80 pips
2026-05-05 19:49:13 INFO mt5_bot - Session filter: UTC hour=0 outside [7,20) and [0,0)
2026-05-05 19:49:28 INFO mt5_bot - Balance=102029.96 Equity=102029.96 Spread=0.80 pips
2026-05-05 19:49:28 INFO mt5_bot - Session filter: UTC hour=0 outside [7,20) and [0,0)
2026-05-05 19:49:43 INFO mt5_bot - Balance=102029.96 Equity=102029.96 Spread=0.80 pips
2026-05-05 19:49:43 INFO mt5_bot - Session filter: UTC hour=0 outside [7,20) and [0,0)
2026-05-05 19:49:58 INFO mt5_bot - Balance=102029.96 Equity=102029.96 Spread=0.80 pips
2026-05-05 19:49:58 INFO mt5_bot - Session filter: UTC hour=0 outside [7,20) and [0,0)
2026-05-05 19:50:13 INFO mt5_bot - Balance=102029.96 Equity=102029.96 Spread=0.80 pips
2026-05-05 19:50:13 INFO mt5_bot - Session filter: UTC hour=0 outside [7,20) and [0,0)
2026-05-05 19:50:28 INFO mt5_bot - Balance=102029.96 Equity=102029.96 Spread=0.70 pips
2026-05-05 19:50:28 INFO mt5_bot - Session filter: UTC hour=0 outside [7,20) and [0,0)
2026-05-05 19:50:43 INFO mt5_bot - Balance=102029.96 Equity=102029.96 Spread=0.80 pips
2026-05-05 19:50:43 INFO mt5_bot - Session filter: UTC hour=0 outside [7,20) and [0,0)
2026-05-05 19:50:58 INFO mt5_bot - Balance=102029.96 Equity=102029.96 Spread=0.80 pips
2026-05-05 19:50:58 INFO mt5_bot - Session filter: UTC hour=0 outside [7,20) and [0,0)
2026-05-05 19:51:13 INFO mt5_bot - Balance=102029.96 Equity=102029.96 Spread=0.80 pips
2026-05-05 19:51:13 INFO mt5_bot - Session filter: UTC hour=0 outside [7,20) and [0,0)
2026-05-05 19:51:28 INFO mt5_bot - Balance=102029.96 Equity=102029.96 Spread=0.80 pips
2026-05-05 19:51:28 INFO mt5_bot - Session filter: UTC hour=0 outside [7,20) and [0,0)
2026-05-05 19:51:43 INFO mt5_bot - Balance=102029.96 Equity=102029.96 Spread=0.80 pips
2026-05-05 19:51:43 INFO mt5_bot - Session filter: UTC hour=0 outside [7,20) and [0,0)
2026-05-05 19:51:58 INFO mt5_bot - Balance=102029.96 Equity=102029.96 Spread=0.80 pips
2026-05-05 19:51:58 INFO mt5_bot - Session filter: UTC hour=0 outside [7,20) and [0,0)
2026-05-05 19:52:13 INFO mt5_bot - Balance=102029.96 Equity=102029.96 Spread=0.80 pips
2026-05-05 19:52:13 INFO mt5_bot - Session filter: UTC hour=0 outside [7,20) and [0,0)
2026-05-05 19:52:28 INFO mt5_bot - Balance=102029.96 Equity=102029.96 Spread=0.80 pips
2026-05-05 19:52:28 INFO mt5_bot - Session filter: UTC hour=0 outside [7,20) and [0,0)
2026-05-05 19:52:43 INFO mt5_bot - Balance=102029.96 Equity=102029.96 Spread=0.80 pips
2026-05-05 19:52:43 INFO mt5_bot - Session filter: UTC hour=0 outside [7,20) and [0,0)
2026-05-05 19:52:58 INFO mt5_bot - Balance=102029.96 Equity=102029.96 Spread=0.80 pips
2026-05-05 19:52:58 INFO mt5_bot - Session filter: UTC hour=0 outside [7,20) and [0,0)
2026-05-05 19:53:13 INFO mt5_bot - Balance=102029.96 Equity=102029.96 Spread=0.80 pips
2026-05-05 19:53:13 INFO mt5_bot - Session filter: UTC hour=0 outside [7,20) and [0,0)
2026-05-05 19:53:28 INFO mt5_bot - Balance=102029.96 Equity=102029.96 Spread=0.80 pips
2026-05-05 19:53:28 INFO mt5_bot - Session filter: UTC hour=0 outside [7,20) and [0,0)
2026-05-05 19:53:43 INFO mt5_bot - Balance=102029.96 Equity=102029.96 Spread=0.80 pips
2026-05-05 19:53:43 INFO mt5_bot - Session filter: UTC hour=0 outside [7,20) and [0,0)
2026-05-05 19:53:58 INFO mt5_bot - Balance=102029.96 Equity=102029.96 Spread=0.80 pips
2026-05-05 19:53:58 INFO mt5_bot - Session filter: UTC hour=0 outside [7,20) and [0,0)
2026-05-05 19:54:13 INFO mt5_bot - Balance=102029.96 Equity=102029.96 Spread=0.80 pips
2026-05-05 19:54:13 INFO mt5_bot - Session filter: UTC hour=0 outside [7,20) and [0,0)
2026-05-05 19:54:28 INFO mt5_bot - Balance=102029.96 Equity=102029.96 Spread=0.80 pips
2026-05-05 19:54:28 INFO mt5_bot - Session filter: UTC hour=0 outside [7,20) and [0,0)
2026-05-05 19:54:43 INFO mt5_bot - Balance=102029.96 Equity=102029.96 Spread=0.80 pips
2026-05-05 19:54:43 INFO mt5_bot - Session filter: UTC hour=0 outside [7,20) and [0,0)
2026-05-05 19:54:58 INFO mt5_bot - Balance=102029.96 Equity=102029.96 Spread=0.80 pips
2026-05-05 19:54:58 INFO mt5_bot - Session filter: UTC hour=0 outside [7,20) and [0,0)
2026-05-05 19:55:13 INFO mt5_bot - Balance=102029.96 Equity=102029.96 Spread=0.80 pips
2026-05-05 19:55:13 INFO mt5_bot - Session filter: UTC hour=0 outside [7,20) and [0,0)
2026-05-05 19:55:28 INFO mt5_bot - Balance=102029.96 Equity=102029.96 Spread=0.80 pips
2026-05-05 19:55:28 INFO mt5_bot - Session filter: UTC hour=0 outside [7,20) and [0,0)
2026-05-05 19:55:43 INFO mt5_bot - Balance=102029.96 Equity=102029.96 Spread=0.80 pips
2026-05-05 19:55:43 INFO mt5_bot - Session filter: UTC hour=0 outside [7,20) and [0,0)
2026-05-05 19:55:58 INFO mt5_bot - Balance=102029.96 Equity=102029.96 Spread=0.80 pips
2026-05-05 19:55:58 INFO mt5_bot - Session filter: UTC hour=0 outside [7,20) and [0,0)
2026-05-05 19:56:13 INFO mt5_bot - Balance=102029.96 Equity=102029.96 Spread=0.80 pips
2026-05-05 19:56:13 INFO mt5_bot - Session filter: UTC hour=0 outside [7,20) and [0,0)
2026-05-05 19:56:28 INFO mt5_bot - Balance=102029.96 Equity=102029.96 Spread=0.80 pips
2026-05-05 19:56:28 INFO mt5_bot - Session filter: UTC hour=0 outside [7,20) and [0,0)
2026-05-05 19:56:43 INFO mt5_bot - Balance=102029.96 Equity=102029.96 Spread=0.80 pips
2026-05-05 19:56:43 INFO mt5_bot - Session filter: UTC hour=0 outside [7,20) and [0,0)
2026-05-05 19:56:58 INFO mt5_bot - Balance=102029.96 Equity=102029.96 Spread=0.80 pips
2026-05-05 19:56:58 INFO mt5_bot - Session filter: UTC hour=0 outside [7,20) and [0,0)
2026-05-05 19:57:13 INFO mt5_bot - Balance=102029.96 Equity=102029.96 Spread=0.80 pips
2026-05-05 19:57:14 INFO mt5_bot - Session filter: UTC hour=0 outside [7,20) and [0,0)
2026-05-05 19:57:29 INFO mt5_bot - Balance=102029.96 Equity=102029.96 Spread=0.80 pips
2026-05-05 19:57:29 INFO mt5_bot - Session filter: UTC hour=0 outside [7,20) and [0,0)
2026-05-05 19:57:44 INFO mt5_bot - Balance=102029.96 Equity=102029.96 Spread=0.80 pips
2026-05-05 19:57:44 INFO mt5_bot - Session filter: UTC hour=0 outside [7,20) and [0,0)
2026-05-05 19:57:59 INFO mt5_bot - Balance=102029.96 Equity=102029.96 Spread=0.80 pips
2026-05-05 19:57:59 INFO mt5_bot - Session filter: UTC hour=0 outside [7,20) and [0,0)
2026-05-05 19:58:14 INFO mt5_bot - Balance=102029.96 Equity=102029.96 Spread=0.80 pips
2026-05-05 19:58:14 INFO mt5_bot - Session filter: UTC hour=0 outside [7,20) and [0,0)
2026-05-05 19:58:29 INFO mt5_bot - Balance=102029.96 Equity=102029.96 Spread=0.80 pips
2026-05-05 19:58:29 INFO mt5_bot - Session filter: UTC hour=0 outside [7,20) and [0,0)
2026-05-05 19:58:44 INFO mt5_bot - Balance=102029.96 Equity=102029.96 Spread=0.80 pips
2026-05-05 19:58:44 INFO mt5_bot - Session filter: UTC hour=0 outside [7,20) and [0,0)
2026-05-05 19:58:59 INFO mt5_bot - Balance=102029.96 Equity=102029.96 Spread=0.80 pips
2026-05-05 19:58:59 INFO mt5_bot - Session filter: UTC hour=0 outside [7,20) and [0,0)
2026-05-05 19:59:14 INFO mt5_bot - Balance=102029.96 Equity=102029.96 Spread=0.80 pips
2026-05-05 19:59:14 INFO mt5_bot - Session filter: UTC hour=0 outside [7,20) and [0,0)
2026-05-05 19:59:29 INFO mt5_bot - Balance=102029.96 Equity=102029.96 Spread=0.80 pips
2026-05-05 19:59:29 INFO mt5_bot - Session filter: UTC hour=0 outside [7,20) and [0,0)
2026-05-05 19:59:44 INFO mt5_bot - Balance=102029.96 Equity=102029.96 Spread=0.80 pips
2026-05-05 19:59:44 INFO mt5_bot - Session filter: UTC hour=0 outside [7,20) and [0,0)
2026-05-05 19:59:59 INFO mt5_bot - Balance=102029.96 Equity=102029.96 Spread=0.80 pips
2026-05-05 19:59:59 INFO mt5_bot - Session filter: UTC hour=0 outside [7,20) and [0,0)
2026-05-05 20:00:14 INFO mt5_bot - Balance=102029.96 Equity=102029.96 Spread=0.80 pips
2026-05-05 20:00:14 INFO mt5_bot - Session filter: UTC hour=1 outside [7,20) and [0,0)
2026-05-05 20:00:29 INFO mt5_bot - Balance=102029.96 Equity=102029.96 Spread=0.80 pips
2026-05-05 20:00:29 INFO mt5_bot - Session filter: UTC hour=1 outside [7,20) and [0,0)
2026-05-05 20:00:44 INFO mt5_bot - Balance=102029.96 Equity=102029.96 Spread=0.80 pips
2026-05-05 20:00:44 INFO mt5_bot - Session filter: UTC hour=1 outside [7,20) and [0,0)
2026-05-05 20:00:59 INFO mt5_bot - Balance=102029.96 Equity=102029.96 Spread=0.80 pips
2026-05-05 20:00:59 INFO mt5_bot - Session filter: UTC hour=1 outside [7,20) and [0,0)
2026-05-05 20:01:14 INFO mt5_bot - Balance=102029.96 Equity=102029.96 Spread=0.80 pips
2026-05-05 20:01:14 INFO mt5_bot - Session filter: UTC hour=1 outside [7,20) and [0,0)
2026-05-05 20:01:29 INFO mt5_bot - Balance=102029.96 Equity=102029.96 Spread=0.80 pips
2026-05-05 20:01:29 INFO mt5_bot - Session filter: UTC hour=1 outside [7,20) and [0,0)
2026-05-05 20:01:44 INFO mt5_bot - Balance=102029.96 Equity=102029.96 Spread=0.80 pips
2026-05-05 20:01:44 INFO mt5_bot - Session filter: UTC hour=1 outside [7,20) and [0,0)
2026-05-05 20:01:59 INFO mt5_bot - Balance=102029.96 Equity=102029.96 Spread=0.80 pips
2026-05-05 20:01:59 INFO mt5_bot - Session filter: UTC hour=1 outside [7,20) and [0,0)
2026-05-05 20:02:14 INFO mt5_bot - Balance=102029.96 Equity=102029.96 Spread=0.80 pips
2026-05-05 20:02:14 INFO mt5_bot - Session filter: UTC hour=1 outside [7,20) and [0,0)
2026-05-05 20:02:29 INFO mt5_bot - Balance=102029.96 Equity=102029.96 Spread=0.80 pips
2026-05-05 20:02:29 INFO mt5_bot - Session filter: UTC hour=1 outside [7,20) and [0,0)
2026-05-05 20:02:44 INFO mt5_bot - Balance=102029.96 Equity=102029.96 Spread=0.80 pips
2026-05-05 20:02:44 INFO mt5_bot - Session filter: UTC hour=1 outside [7,20) and [0,0)
2026-05-05 20:02:59 INFO mt5_bot - Balance=102029.96 Equity=102029.96 Spread=0.80 pips
2026-05-05 20:02:59 INFO mt5_bot - Session filter: UTC hour=1 outside [7,20) and [0,0)
2026-05-05 20:03:14 INFO mt5_bot - Balance=102029.96 Equity=102029.96 Spread=0.80 pips
2026-05-05 20:03:14 INFO mt5_bot - Session filter: UTC hour=1 outside [7,20) and [0,0)
2026-05-05 20:03:29 INFO mt5_bot - Balance=102029.96 Equity=102029.96 Spread=0.80 pips
2026-05-05 20:03:29 INFO mt5_bot - Session filter: UTC hour=1 outside [7,20) and [0,0)
2026-05-05 20:03:44 INFO mt5_bot - Balance=102029.96 Equity=102029.96 Spread=0.80 pips
2026-05-05 20:03:44 INFO mt5_bot - Session filter: UTC hour=1 outside [7,20) and [0,0)
2026-05-05 20:03:59 INFO mt5_bot - Balance=102029.96 Equity=102029.96 Spread=0.80 pips
2026-05-05 20:03:59 INFO mt5_bot - Session filter: UTC hour=1 outside [7,20) and [0,0)
2026-05-05 20:04:14 INFO mt5_bot - Balance=102029.96 Equity=102029.96 Spread=0.80 pips
2026-05-05 20:04:14 INFO mt5_bot - Session filter: UTC hour=1 outside [7,20) and [0,0)
2026-05-05 20:04:29 INFO mt5_bot - Balance=102029.96 Equity=102029.96 Spread=0.80 pips
2026-05-05 20:04:29 INFO mt5_bot - Session filter: UTC hour=1 outside [7,20) and [0,0)
2026-05-05 20:04:44 INFO mt5_bot - Balance=102029.96 Equity=102029.96 Spread=0.70 pips
2026-05-05 20:04:44 INFO mt5_bot - Session filter: UTC hour=1 outside [7,20) and [0,0)
2026-05-05 20:04:59 INFO mt5_bot - Balance=102029.96 Equity=102029.96 Spread=0.80 pips
2026-05-05 20:04:59 INFO mt5_bot - Session filter: UTC hour=1 outside [7,20) and [0,0)
2026-05-05 20:05:14 INFO mt5_bot - Balance=102029.96 Equity=102029.96 Spread=0.80 pips
2026-05-05 20:05:14 INFO mt5_bot - Session filter: UTC hour=1 outside [7,20) and [0,0)
2026-05-05 20:05:29 INFO mt5_bot - Balance=102029.96 Equity=102029.96 Spread=0.80 pips
2026-05-05 20:05:29 INFO mt5_bot - Session filter: UTC hour=1 outside [7,20) and [0,0)
2026-05-05 20:05:44 INFO mt5_bot - Balance=102029.96 Equity=102029.96 Spread=0.80 pips
2026-05-05 20:05:44 INFO mt5_bot - Session filter: UTC hour=1 outside [7,20) and [0,0)
2026-05-05 20:05:59 INFO mt5_bot - Balance=102029.96 Equity=102029.96 Spread=0.70 pips
2026-05-05 20:05:59 INFO mt5_bot - Session filter: UTC hour=1 outside [7,20) and [0,0)
2026-05-05 20:06:14 INFO mt5_bot - Balance=102029.96 Equity=102029.96 Spread=0.80 pips
2026-05-05 20:06:14 INFO mt5_bot - Session filter: UTC hour=1 outside [7,20) and [0,0)
2026-05-05 20:06:29 INFO mt5_bot - Balance=102029.96 Equity=102029.96 Spread=0.80 pips
2026-05-05 20:06:29 INFO mt5_bot - Session filter: UTC hour=1 outside [7,20) and [0,0)
2026-05-05 20:06:44 INFO mt5_bot - Balance=102029.96 Equity=102029.96 Spread=0.80 pips
2026-05-05 20:06:44 INFO mt5_bot - Session filter: UTC hour=1 outside [7,20) and [0,0)
2026-05-05 20:06:59 INFO mt5_bot - Balance=102029.96 Equity=102029.96 Spread=0.80 pips
2026-05-05 20:06:59 INFO mt5_bot - Session filter: UTC hour=1 outside [7,20) and [0,0)
2026-05-05 20:07:14 INFO mt5_bot - Balance=102029.96 Equity=102029.96 Spread=0.80 pips
2026-05-05 20:07:14 INFO mt5_bot - Session filter: UTC hour=1 outside [7,20) and [0,0)
2026-05-05 20:07:29 INFO mt5_bot - Balance=102029.96 Equity=102029.96 Spread=0.80 pips
2026-05-05 20:07:29 INFO mt5_bot - Session filter: UTC hour=1 outside [7,20) and [0,0)
2026-05-05 20:07:44 INFO mt5_bot - Balance=102029.96 Equity=102029.96 Spread=0.80 pips
2026-05-05 20:07:44 INFO mt5_bot - Session filter: UTC hour=1 outside [7,20) and [0,0)
2026-05-05 20:07:59 INFO mt5_bot - Balance=102029.96 Equity=102029.96 Spread=0.80 pips
2026-05-05 20:07:59 INFO mt5_bot - Session filter: UTC hour=1 outside [7,20) and [0,0)
2026-05-05 20:08:14 INFO mt5_bot - Balance=102029.96 Equity=102029.96 Spread=0.80 pips
2026-05-05 20:08:14 INFO mt5_bot - Session filter: UTC hour=1 outside [7,20) and [0,0)
2026-05-05 20:08:29 INFO mt5_bot - Balance=102029.96 Equity=102029.96 Spread=0.70 pips
2026-05-05 20:08:29 INFO mt5_bot - Session filter: UTC hour=1 outside [7,20) and [0,0)
2026-05-05 20:08:44 INFO mt5_bot - Balance=102029.96 Equity=102029.96 Spread=0.80 pips
2026-05-05 20:08:44 INFO mt5_bot - Session filter: UTC hour=1 outside [7,20) and [0,0)
2026-05-05 20:08:59 INFO mt5_bot - Balance=102029.96 Equity=102029.96 Spread=0.70 pips
2026-05-05 20:08:59 INFO mt5_bot - Session filter: UTC hour=1 outside [7,20) and [0,0)
2026-05-05 20:09:14 INFO mt5_bot - Balance=102029.96 Equity=102029.96 Spread=0.80 pips
2026-05-05 20:09:14 INFO mt5_bot - Session filter: UTC hour=1 outside [7,20) and [0,0)
2026-05-05 20:09:29 INFO mt5_bot - Balance=102029.96 Equity=102029.96 Spread=0.80 pips
2026-05-05 20:09:29 INFO mt5_bot - Session filter: UTC hour=1 outside [7,20) and [0,0)
2026-05-05 20:09:44 INFO mt5_bot - Balance=102029.96 Equity=102029.96 Spread=0.80 pips
2026-05-05 20:09:44 INFO mt5_bot - Session filter: UTC hour=1 outside [7,20) and [0,0)
2026-05-05 20:09:59 INFO mt5_bot - Balance=102029.96 Equity=102029.96 Spread=0.80 pips
2026-05-05 20:09:59 INFO mt5_bot - Session filter: UTC hour=1 outside [7,20) and [0,0)
2026-05-05 20:10:14 INFO mt5_bot - Balance=102029.96 Equity=102029.96 Spread=0.80 pips
2026-05-05 20:10:14 INFO mt5_bot - Session filter: UTC hour=1 outside [7,20) and [0,0)
2026-05-05 20:10:29 INFO mt5_bot - Balance=102029.96 Equity=102029.96 Spread=0.70 pips
2026-05-05 20:10:29 INFO mt5_bot - Session filter: UTC hour=1 outside [7,20) and [0,0)
2026-05-05 20:10:44 INFO mt5_bot - Balance=102029.96 Equity=102029.96 Spread=0.80 pips
2026-05-05 20:10:44 INFO mt5_bot - Session filter: UTC hour=1 outside [7,20) and [0,0)
2026-05-05 20:10:59 INFO mt5_bot - Balance=102029.96 Equity=102029.96 Spread=0.80 pips
2026-05-05 20:10:59 INFO mt5_bot - Session filter: UTC hour=1 outside [7,20) and [0,0)
2026-05-05 20:11:14 INFO mt5_bot - Balance=102029.96 Equity=102029.96 Spread=0.80 pips
2026-05-05 20:11:14 INFO mt5_bot - Session filter: UTC hour=1 outside [7,20) and [0,0)
2026-05-05 20:11:29 INFO mt5_bot - Balance=102029.96 Equity=102029.96 Spread=0.80 pips
2026-05-05 20:11:29 INFO mt5_bot - Session filter: UTC hour=1 outside [7,20) and [0,0)
2026-05-05 20:11:44 INFO mt5_bot - Balance=102029.96 Equity=102029.96 Spread=0.80 pips
2026-05-05 20:11:44 INFO mt5_bot - Session filter: UTC hour=1 outside [7,20) and [0,0)
2026-05-05 20:11:59 INFO mt5_bot - Balance=102029.96 Equity=102029.96 Spread=0.80 pips
2026-05-05 20:11:59 INFO mt5_bot - Session filter: UTC hour=1 outside [7,20) and [0,0)
2026-05-05 20:12:14 INFO mt5_bot - Balance=102029.96 Equity=102029.96 Spread=0.80 pips
2026-05-05 20:12:14 INFO mt5_bot - Session filter: UTC hour=1 outside [7,20) and [0,0)
2026-05-05 20:12:29 INFO mt5_bot - Balance=102029.96 Equity=102029.96 Spread=0.80 pips
2026-05-05 20:12:29 INFO mt5_bot - Session filter: UTC hour=1 outside [7,20) and [0,0)
2026-05-05 20:12:44 INFO mt5_bot - Balance=102029.96 Equity=102029.96 Spread=0.80 pips
2026-05-05 20:12:44 INFO mt5_bot - Session filter: UTC hour=1 outside [7,20) and [0,0)
2026-05-05 20:12:59 INFO mt5_bot - Balance=102029.96 Equity=102029.96 Spread=0.80 pips
2026-05-05 20:12:59 INFO mt5_bot - Session filter: UTC hour=1 outside [7,20) and [0,0)
2026-05-05 20:13:14 INFO mt5_bot - Balance=102029.96 Equity=102029.96 Spread=0.80 pips
2026-05-05 20:13:14 INFO mt5_bot - Session filter: UTC hour=1 outside [7,20) and [0,0)
2026-05-05 20:13:29 INFO mt5_bot - Balance=102029.96 Equity=102029.96 Spread=0.80 pips
2026-05-05 20:13:29 INFO mt5_bot - Session filter: UTC hour=1 outside [7,20) and [0,0)
2026-05-05 20:13:44 INFO mt5_bot - Balance=102029.96 Equity=102029.96 Spread=0.80 pips
2026-05-05 20:13:44 INFO mt5_bot - Session filter: UTC hour=1 outside [7,20) and [0,0)
2026-05-05 20:13:59 INFO mt5_bot - Balance=102029.96 Equity=102029.96 Spread=0.80 pips
2026-05-05 20:13:59 INFO mt5_bot - Session filter: UTC hour=1 outside [7,20) and [0,0)
2026-05-05 20:14:14 INFO mt5_bot - Balance=102029.96 Equity=102029.96 Spread=0.80 pips
2026-05-05 20:14:14 INFO mt5_bot - Session filter: UTC hour=1 outside [7,20) and [0,0)
2026-05-05 20:14:29 INFO mt5_bot - Balance=102029.96 Equity=102029.96 Spread=0.80 pips
2026-05-05 20:14:29 INFO mt5_bot - Session filter: UTC hour=1 outside [7,20) and [0,0)
2026-05-05 20:14:44 INFO mt5_bot - Balance=102029.96 Equity=102029.96 Spread=0.80 pips
2026-05-05 20:14:44 INFO mt5_bot - Session filter: UTC hour=1 outside [7,20) and [0,0)
2026-05-05 20:14:59 INFO mt5_bot - Balance=102029.96 Equity=102029.96 Spread=0.70 pips
2026-05-05 20:14:59 INFO mt5_bot - Session filter: UTC hour=1 outside [7,20) and [0,0)
2026-05-05 20:15:14 INFO mt5_bot - Balance=102029.96 Equity=102029.96 Spread=0.80 pips
2026-05-05 20:15:14 INFO mt5_bot - Session filter: UTC hour=1 outside [7,20) and [0,0)
2026-05-05 20:15:29 INFO mt5_bot - Balance=102029.96 Equity=102029.96 Spread=0.80 pips
2026-05-05 20:15:29 INFO mt5_bot - Session filter: UTC hour=1 outside [7,20) and [0,0)
2026-05-05 20:15:44 INFO mt5_bot - Balance=102029.96 Equity=102029.96 Spread=0.80 pips
2026-05-05 20:15:44 INFO mt5_bot - Session filter: UTC hour=1 outside [7,20) and [0,0)
2026-05-05 20:15:59 INFO mt5_bot - Balance=102029.96 Equity=102029.96 Spread=0.80 pips
2026-05-05 20:15:59 INFO mt5_bot - Session filter: UTC hour=1 outside [7,20) and [0,0)
2026-05-05 20:16:14 INFO mt5_bot - Balance=102029.96 Equity=102029.96 Spread=0.80 pips
2026-05-05 20:16:14 INFO mt5_bot - Session filter: UTC hour=1 outside [7,20) and [0,0)
2026-05-05 20:16:29 INFO mt5_bot - Balance=102029.96 Equity=102029.96 Spread=0.80 pips
2026-05-05 20:16:29 INFO mt5_bot - Session filter: UTC hour=1 outside [7,20) and [0,0)
2026-05-05 20:16:44 INFO mt5_bot - Balance=102029.96 Equity=102029.96 Spread=0.80 pips
2026-05-05 20:16:44 INFO mt5_bot - Session filter: UTC hour=1 outside [7,20) and [0,0)
2026-05-05 20:16:59 INFO mt5_bot - Balance=102029.96 Equity=102029.96 Spread=0.80 pips
2026-05-05 20:16:59 INFO mt5_bot - Session filter: UTC hour=1 outside [7,20) and [0,0)
2026-05-05 20:17:14 INFO mt5_bot - Balance=102029.96 Equity=102029.96 Spread=0.80 pips
2026-05-05 20:17:14 INFO mt5_bot - Session filter: UTC hour=1 outside [7,20) and [0,0)
2026-05-05 20:17:29 INFO mt5_bot - Balance=102029.96 Equity=102029.96 Spread=0.80 pips
2026-05-05 20:17:29 INFO mt5_bot - Session filter: UTC hour=1 outside [7,20) and [0,0)
2026-05-05 20:17:44 INFO mt5_bot - Balance=102029.96 Equity=102029.96 Spread=0.80 pips
2026-05-05 20:17:44 INFO mt5_bot - Session filter: UTC hour=1 outside [7,20) and [0,0)
2026-05-05 20:17:59 INFO mt5_bot - Balance=102029.96 Equity=102029.96 Spread=0.80 pips
2026-05-05 20:17:59 INFO mt5_bot - Session filter: UTC hour=1 outside [7,20) and [0,0)
2026-05-05 20:18:14 INFO mt5_bot - Balance=102029.96 Equity=102029.96 Spread=0.80 pips
2026-05-05 20:18:14 INFO mt5_bot - Session filter: UTC hour=1 outside [7,20) and [0,0)
2026-05-05 20:18:29 INFO mt5_bot - Balance=102029.96 Equity=102029.96 Spread=0.70 pips
2026-05-05 20:18:29 INFO mt5_bot - Session filter: UTC hour=1 outside [7,20) and [0,0)
2026-05-05 20:18:44 INFO mt5_bot - Balance=102029.96 Equity=102029.96 Spread=0.80 pips
2026-05-05 20:18:44 INFO mt5_bot - Session filter: UTC hour=1 outside [7,20) and [0,0)
2026-05-05 20:18:59 INFO mt5_bot - Balance=102029.96 Equity=102029.96 Spread=0.80 pips
2026-05-05 20:18:59 INFO mt5_bot - Session filter: UTC hour=1 outside [7,20) and [0,0)
2026-05-05 20:19:14 INFO mt5_bot - Balance=102029.96 Equity=102029.96 Spread=0.70 pips
2026-05-05 20:19:14 INFO mt5_bot - Session filter: UTC hour=1 outside [7,20) and [0,0)
2026-05-05 20:19:29 INFO mt5_bot - Balance=102029.96 Equity=102029.96 Spread=0.70 pips
2026-05-05 20:19:29 INFO mt5_bot - Session filter: UTC hour=1 outside [7,20) and [0,0)
2026-05-05 20:19:44 INFO mt5_bot - Balance=102029.96 Equity=102029.96 Spread=0.80 pips
2026-05-05 20:19:44 INFO mt5_bot - Session filter: UTC hour=1 outside [7,20) and [0,0)
2026-05-05 20:19:59 INFO mt5_bot - Balance=102029.96 Equity=102029.96 Spread=0.80 pips
2026-05-05 20:19:59 INFO mt5_bot - Session filter: UTC hour=1 outside [7,20) and [0,0)
2026-05-05 20:20:14 INFO mt5_bot - Balance=102029.96 Equity=102029.96 Spread=0.70 pips
2026-05-05 20:20:14 INFO mt5_bot - Session filter: UTC hour=1 outside [7,20) and [0,0)
2026-05-05 20:20:29 INFO mt5_bot - Balance=102029.96 Equity=102029.96 Spread=0.80 pips
2026-05-05 20:20:29 INFO mt5_bot - Session filter: UTC hour=1 outside [7,20) and [0,0)
2026-05-05 20:20:44 INFO mt5_bot - Balance=102029.96 Equity=102029.96 Spread=0.80 pips
2026-05-05 20:20:44 INFO mt5_bot - Session filter: UTC hour=1 outside [7,20) and [0,0)
2026-05-05 20:20:59 INFO mt5_bot - Balance=102029.96 Equity=102029.96 Spread=0.70 pips
2026-05-05 20:20:59 INFO mt5_bot - Session filter: UTC hour=1 outside [7,20) and [0,0)
2026-05-05 20:21:14 INFO mt5_bot - Balance=102029.96 Equity=102029.96 Spread=0.70 pips
2026-05-05 20:21:14 INFO mt5_bot - Session filter: UTC hour=1 outside [7,20) and [0,0)
2026-05-05 20:21:29 INFO mt5_bot - Balance=102029.96 Equity=102029.96 Spread=0.70 pips
2026-05-05 20:21:29 INFO mt5_bot - Session filter: UTC hour=1 outside [7,20) and [0,0)
2026-05-05 20:21:44 INFO mt5_bot - Balance=102029.96 Equity=102029.96 Spread=0.80 pips
2026-05-05 20:21:44 INFO mt5_bot - Session filter: UTC hour=1 outside [7,20) and [0,0)
2026-05-05 20:21:59 INFO mt5_bot - Balance=102029.96 Equity=102029.96 Spread=0.80 pips
2026-05-05 20:21:59 INFO mt5_bot - Session filter: UTC hour=1 outside [7,20) and [0,0)
2026-05-05 20:22:14 INFO mt5_bot - Balance=102029.96 Equity=102029.96 Spread=0.80 pips
2026-05-05 20:22:14 INFO mt5_bot - Session filter: UTC hour=1 outside [7,20) and [0,0)
2026-05-05 20:22:29 INFO mt5_bot - Balance=102029.96 Equity=102029.96 Spread=0.80 pips
2026-05-05 20:22:29 INFO mt5_bot - Session filter: UTC hour=1 outside [7,20) and [0,0)
2026-05-05 20:22:44 INFO mt5_bot - Balance=102029.96 Equity=102029.96 Spread=0.80 pips
2026-05-05 20:22:44 INFO mt5_bot - Session filter: UTC hour=1 outside [7,20) and [0,0)
2026-05-05 20:22:59 INFO mt5_bot - Balance=102029.96 Equity=102029.96 Spread=0.80 pips
2026-05-05 20:22:59 INFO mt5_bot - Session filter: UTC hour=1 outside [7,20) and [0,0)
2026-05-05 20:23:14 INFO mt5_bot - Balance=102029.96 Equity=102029.96 Spread=0.80 pips
2026-05-05 20:23:14 INFO mt5_bot - Session filter: UTC hour=1 outside [7,20) and [0,0)
2026-05-05 20:23:29 INFO mt5_bot - Balance=102029.96 Equity=102029.96 Spread=0.80 pips
2026-05-05 20:23:29 INFO mt5_bot - Session filter: UTC hour=1 outside [7,20) and [0,0)
2026-05-05 20:23:44 INFO mt5_bot - Balance=102029.96 Equity=102029.96 Spread=0.80 pips
2026-05-05 20:23:44 INFO mt5_bot - Session filter: UTC hour=1 outside [7,20) and [0,0)
2026-05-05 20:23:59 INFO mt5_bot - Balance=102029.96 Equity=102029.96 Spread=0.80 pips
2026-05-05 20:23:59 INFO mt5_bot - Session filter: UTC hour=1 outside [7,20) and [0,0)
2026-05-05 20:24:14 INFO mt5_bot - Balance=102029.96 Equity=102029.96 Spread=0.80 pips
2026-05-05 20:24:14 INFO mt5_bot - Session filter: UTC hour=1 outside [7,20) and [0,0)
2026-05-05 20:24:29 INFO mt5_bot - Balance=102029.96 Equity=102029.96 Spread=0.80 pips
2026-05-05 20:24:29 INFO mt5_bot - Session filter: UTC hour=1 outside [7,20) and [0,0)
2026-05-05 20:24:44 INFO mt5_bot - Balance=102029.96 Equity=102029.96 Spread=0.80 pips
2026-05-05 20:24:44 INFO mt5_bot - Session filter: UTC hour=1 outside [7,20) and [0,0)
2026-05-05 20:24:59 INFO mt5_bot - Balance=102029.96 Equity=102029.96 Spread=0.80 pips
2026-05-05 20:24:59 INFO mt5_bot - Session filter: UTC hour=1 outside [7,20) and [0,0)
2026-05-05 20:25:14 INFO mt5_bot - Balance=102029.96 Equity=102029.96 Spread=0.70 pips
2026-05-05 20:25:14 INFO mt5_bot - Session filter: UTC hour=1 outside [7,20) and [0,0)
2026-05-05 20:25:29 INFO mt5_bot - Balance=102029.96 Equity=102029.96 Spread=0.80 pips
2026-05-05 20:25:29 INFO mt5_bot - Session filter: UTC hour=1 outside [7,20) and [0,0)
2026-05-05 20:25:44 INFO mt5_bot - Balance=102029.96 Equity=102029.96 Spread=0.80 pips
2026-05-05 20:25:44 INFO mt5_bot - Session filter: UTC hour=1 outside [7,20) and [0,0)
2026-05-05 20:25:59 INFO mt5_bot - Balance=102029.96 Equity=102029.96 Spread=0.80 pips
2026-05-05 20:25:59 INFO mt5_bot - Session filter: UTC hour=1 outside [7,20) and [0,0)
2026-05-05 20:26:14 INFO mt5_bot - Balance=102029.96 Equity=102029.96 Spread=0.80 pips
2026-05-05 20:26:14 INFO mt5_bot - Session filter: UTC hour=1 outside [7,20) and [0,0)
2026-05-05 20:26:29 INFO mt5_bot - Balance=102029.96 Equity=102029.96 Spread=0.70 pips
2026-05-05 20:26:29 INFO mt5_bot - Session filter: UTC hour=1 outside [7,20) and [0,0)
2026-05-05 20:26:44 INFO mt5_bot - Balance=102029.96 Equity=102029.96 Spread=0.80 pips
2026-05-05 20:26:44 INFO mt5_bot - Session filter: UTC hour=1 outside [7,20) and [0,0)
2026-05-05 20:26:59 INFO mt5_bot - Balance=102029.96 Equity=102029.96 Spread=0.80 pips
2026-05-05 20:26:59 INFO mt5_bot - Session filter: UTC hour=1 outside [7,20) and [0,0)
2026-05-05 20:27:14 INFO mt5_bot - Balance=102029.96 Equity=102029.96 Spread=0.80 pips
2026-05-05 20:27:14 INFO mt5_bot - Session filter: UTC hour=1 outside [7,20) and [0,0)
2026-05-05 20:27:29 INFO mt5_bot - Balance=102029.96 Equity=102029.96 Spread=0.80 pips
2026-05-05 20:27:29 INFO mt5_bot - Session filter: UTC hour=1 outside [7,20) and [0,0)
2026-05-05 20:27:44 INFO mt5_bot - Balance=102029.96 Equity=102029.96 Spread=0.80 pips
2026-05-05 20:27:44 INFO mt5_bot - Session filter: UTC hour=1 outside [7,20) and [0,0)
2026-05-05 20:27:59 INFO mt5_bot - Balance=102029.96 Equity=102029.96 Spread=0.70 pips
2026-05-05 20:27:59 INFO mt5_bot - Session filter: UTC hour=1 outside [7,20) and [0,0)
2026-05-05 20:28:14 INFO mt5_bot - Balance=102029.96 Equity=102029.96 Spread=0.80 pips
2026-05-05 20:28:14 INFO mt5_bot - Session filter: UTC hour=1 outside [7,20) and [0,0)
2026-05-05 20:28:29 INFO mt5_bot - Balance=102029.96 Equity=102029.96 Spread=0.80 pips
2026-05-05 20:28:29 INFO mt5_bot - Session filter: UTC hour=1 outside [7,20) and [0,0)
2026-05-05 20:28:44 INFO mt5_bot - Balance=102029.96 Equity=102029.96 Spread=0.80 pips
2026-05-05 20:28:44 INFO mt5_bot - Session filter: UTC hour=1 outside [7,20) and [0,0)
2026-05-05 20:28:59 INFO mt5_bot - Balance=102029.96 Equity=102029.96 Spread=0.80 pips
2026-05-05 20:28:59 INFO mt5_bot - Session filter: UTC hour=1 outside [7,20) and [0,0)
2026-05-05 20:29:14 INFO mt5_bot - Balance=102029.96 Equity=102029.96 Spread=0.80 pips
2026-05-05 20:29:14 INFO mt5_bot - Session filter: UTC hour=1 outside [7,20) and [0,0)
2026-05-05 20:29:29 INFO mt5_bot - Balance=102029.96 Equity=102029.96 Spread=0.80 pips
2026-05-05 20:29:29 INFO mt5_bot - Session filter: UTC hour=1 outside [7,20) and [0,0)
2026-05-05 20:29:44 INFO mt5_bot - Balance=102029.96 Equity=102029.96 Spread=0.80 pips
2026-05-05 20:29:44 INFO mt5_bot - Session filter: UTC hour=1 outside [7,20) and [0,0)
2026-05-05 20:29:59 INFO mt5_bot - Balance=102029.96 Equity=102029.96 Spread=0.80 pips
2026-05-05 20:29:59 INFO mt5_bot - Session filter: UTC hour=1 outside [7,20) and [0,0)
2026-05-05 20:30:14 INFO mt5_bot - Balance=102029.96 Equity=102029.96 Spread=0.60 pips
2026-05-05 20:30:14 INFO mt5_bot - Session filter: UTC hour=1 outside [7,20) and [0,0)
2026-05-05 20:30:29 INFO mt5_bot - Balance=102029.96 Equity=102029.96 Spread=0.80 pips
2026-05-05 20:30:29 INFO mt5_bot - Session filter: UTC hour=1 outside [7,20) and [0,0)
2026-05-05 20:30:44 INFO mt5_bot - Balance=102029.96 Equity=102029.96 Spread=0.80 pips
2026-05-05 20:30:44 INFO mt5_bot - Session filter: UTC hour=1 outside [7,20) and [0,0)
2026-05-05 20:30:59 INFO mt5_bot - Balance=102029.96 Equity=102029.96 Spread=0.80 pips
2026-05-05 20:30:59 INFO mt5_bot - Session filter: UTC hour=1 outside [7,20) and [0,0)
2026-05-05 20:31:14 INFO mt5_bot - Balance=102029.96 Equity=102029.96 Spread=0.80 pips
2026-05-05 20:31:14 INFO mt5_bot - Session filter: UTC hour=1 outside [7,20) and [0,0)
2026-05-05 20:31:29 INFO mt5_bot - Balance=102029.96 Equity=102029.96 Spread=0.70 pips
2026-05-05 20:31:29 INFO mt5_bot - Session filter: UTC hour=1 outside [7,20) and [0,0)
2026-05-05 20:31:44 INFO mt5_bot - Balance=102029.96 Equity=102029.96 Spread=0.80 pips
2026-05-05 20:31:44 INFO mt5_bot - Session filter: UTC hour=1 outside [7,20) and [0,0)
2026-05-05 20:31:59 INFO mt5_bot - Balance=102029.96 Equity=102029.96 Spread=0.80 pips
2026-05-05 20:31:59 INFO mt5_bot - Session filter: UTC hour=1 outside [7,20) and [0,0)
2026-05-05 20:32:14 INFO mt5_bot - Balance=102029.96 Equity=102029.96 Spread=0.80 pips
2026-05-05 20:32:14 INFO mt5_bot - Session filter: UTC hour=1 outside [7,20) and [0,0)
2026-05-05 20:32:29 INFO mt5_bot - Balance=102029.96 Equity=102029.96 Spread=0.80 pips
2026-05-05 20:32:29 INFO mt5_bot - Session filter: UTC hour=1 outside [7,20) and [0,0)
2026-05-05 20:32:44 INFO mt5_bot - Balance=102029.96 Equity=102029.96 Spread=0.80 pips
2026-05-05 20:32:44 INFO mt5_bot - Session filter: UTC hour=1 outside [7,20) and [0,0)
2026-05-05 20:32:59 INFO mt5_bot - Balance=102029.96 Equity=102029.96 Spread=0.80 pips
2026-05-05 20:32:59 INFO mt5_bot - Session filter: UTC hour=1 outside [7,20) and [0,0)
2026-05-05 20:33:14 INFO mt5_bot - Balance=102029.96 Equity=102029.96 Spread=0.80 pips
2026-05-05 20:33:14 INFO mt5_bot - Session filter: UTC hour=1 outside [7,20) and [0,0)
2026-05-05 20:33:29 INFO mt5_bot - Balance=102029.96 Equity=102029.96 Spread=0.80 pips
2026-05-05 20:33:29 INFO mt5_bot - Session filter: UTC hour=1 outside [7,20) and [0,0)
2026-05-05 20:33:44 INFO mt5_bot - Balance=102029.96 Equity=102029.96 Spread=0.50 pips
2026-05-05 20:33:44 INFO mt5_bot - Session filter: UTC hour=1 outside [7,20) and [0,0)
2026-05-05 20:33:59 INFO mt5_bot - Balance=102029.96 Equity=102029.96 Spread=0.80 pips
2026-05-05 20:33:59 INFO mt5_bot - Session filter: UTC hour=1 outside [7,20) and [0,0)
2026-05-05 20:34:14 INFO mt5_bot - Balance=102029.96 Equity=102029.96 Spread=0.80 pips
2026-05-05 20:34:14 INFO mt5_bot - Session filter: UTC hour=1 outside [7,20) and [0,0)
2026-05-05 20:34:29 INFO mt5_bot - Balance=102029.96 Equity=102029.96 Spread=0.80 pips
2026-05-05 20:34:29 INFO mt5_bot - Session filter: UTC hour=1 outside [7,20) and [0,0)
2026-05-05 20:34:44 INFO mt5_bot - Balance=102029.96 Equity=102029.96 Spread=0.80 pips
2026-05-05 20:34:44 INFO mt5_bot - Session filter: UTC hour=1 outside [7,20) and [0,0)
2026-05-05 20:34:59 INFO mt5_bot - Balance=102029.96 Equity=102029.96 Spread=0.80 pips
2026-05-05 20:34:59 INFO mt5_bot - Session filter: UTC hour=1 outside [7,20) and [0,0)
2026-05-05 20:35:14 INFO mt5_bot - Balance=102029.96 Equity=102029.96 Spread=0.80 pips
2026-05-05 20:35:14 INFO mt5_bot - Session filter: UTC hour=1 outside [7,20) and [0,0)
2026-05-05 20:35:29 INFO mt5_bot - Balance=102029.96 Equity=102029.96 Spread=0.80 pips
2026-05-05 20:35:29 INFO mt5_bot - Session filter: UTC hour=1 outside [7,20) and [0,0)
2026-05-05 20:35:44 INFO mt5_bot - Balance=102029.96 Equity=102029.96 Spread=0.80 pips
2026-05-05 20:35:44 INFO mt5_bot - Session filter: UTC hour=1 outside [7,20) and [0,0)
2026-05-05 20:35:59 INFO mt5_bot - Balance=102029.96 Equity=102029.96 Spread=0.80 pips
2026-05-05 20:35:59 INFO mt5_bot - Session filter: UTC hour=1 outside [7,20) and [0,0)
2026-05-05 20:36:14 INFO mt5_bot - Balance=102029.96 Equity=102029.96 Spread=0.80 pips
2026-05-05 20:36:14 INFO mt5_bot - Session filter: UTC hour=1 outside [7,20) and [0,0)
2026-05-05 20:36:29 INFO mt5_bot - Balance=102029.96 Equity=102029.96 Spread=0.80 pips
2026-05-05 20:36:29 INFO mt5_bot - Session filter: UTC hour=1 outside [7,20) and [0,0)
2026-05-05 20:36:44 INFO mt5_bot - Balance=102029.96 Equity=102029.96 Spread=0.80 pips
2026-05-05 20:36:44 INFO mt5_bot - Session filter: UTC hour=1 outside [7,20) and [0,0)
2026-05-05 20:36:59 INFO mt5_bot - Balance=102029.96 Equity=102029.96 Spread=0.80 pips
2026-05-05 20:36:59 INFO mt5_bot - Session filter: UTC hour=1 outside [7,20) and [0,0)
2026-05-05 20:37:14 INFO mt5_bot - Balance=102029.96 Equity=102029.96 Spread=0.70 pips
2026-05-05 20:37:14 INFO mt5_bot - Session filter: UTC hour=1 outside [7,20) and [0,0)
2026-05-05 20:37:29 INFO mt5_bot - Balance=102029.96 Equity=102029.96 Spread=0.80 pips
2026-05-05 20:37:29 INFO mt5_bot - Session filter: UTC hour=1 outside [7,20) and [0,0)
2026-05-05 20:37:44 INFO mt5_bot - Balance=102029.96 Equity=102029.96 Spread=0.70 pips
2026-05-05 20:37:44 INFO mt5_bot - Session filter: UTC hour=1 outside [7,20) and [0,0)
2026-05-05 20:37:59 INFO mt5_bot - Balance=102029.96 Equity=102029.96 Spread=0.70 pips
2026-05-05 20:37:59 INFO mt5_bot - Session filter: UTC hour=1 outside [7,20) and [0,0)
2026-05-05 20:38:14 INFO mt5_bot - Balance=102029.96 Equity=102029.96 Spread=0.80 pips
2026-05-05 20:38:14 INFO mt5_bot - Session filter: UTC hour=1 outside [7,20) and [0,0)
2026-05-05 20:38:29 INFO mt5_bot - Balance=102029.96 Equity=102029.96 Spread=0.80 pips
2026-05-05 20:38:29 INFO mt5_bot - Session filter: UTC hour=1 outside [7,20) and [0,0)
2026-05-05 20:38:44 INFO mt5_bot - Balance=102029.96 Equity=102029.96 Spread=0.80 pips
2026-05-05 20:38:44 INFO mt5_bot - Session filter: UTC hour=1 outside [7,20) and [0,0)
2026-05-05 20:38:59 INFO mt5_bot - Balance=102029.96 Equity=102029.96 Spread=0.80 pips
2026-05-05 20:38:59 INFO mt5_bot - Session filter: UTC hour=1 outside [7,20) and [0,0)
2026-05-05 20:39:14 INFO mt5_bot - Balance=102029.96 Equity=102029.96 Spread=0.80 pips
2026-05-05 20:39:14 INFO mt5_bot - Session filter: UTC hour=1 outside [7,20) and [0,0)
2026-05-05 20:39:29 INFO mt5_bot - Balance=102029.96 Equity=102029.96 Spread=0.80 pips
2026-05-05 20:39:29 INFO mt5_bot - Session filter: UTC hour=1 outside [7,20) and [0,0)
2026-05-05 20:39:44 INFO mt5_bot - Balance=102029.96 Equity=102029.96 Spread=0.70 pips
2026-05-05 20:39:44 INFO mt5_bot - Session filter: UTC hour=1 outside [7,20) and [0,0)
2026-05-05 20:39:59 INFO mt5_bot - Balance=102029.96 Equity=102029.96 Spread=0.80 pips
2026-05-05 20:39:59 INFO mt5_bot - Session filter: UTC hour=1 outside [7,20) and [0,0)
2026-05-05 20:40:14 INFO mt5_bot - Balance=102029.96 Equity=102029.96 Spread=0.80 pips
2026-05-05 20:40:14 INFO mt5_bot - Session filter: UTC hour=1 outside [7,20) and [0,0)
2026-05-05 20:40:29 INFO mt5_bot - Balance=102029.96 Equity=102029.96 Spread=0.80 pips
2026-05-05 20:40:29 INFO mt5_bot - Session filter: UTC hour=1 outside [7,20) and [0,0)
 pips
2026-05-05 20:39:45 INFO mt5_bot - Session filter: UTC hour=1 outside [7,20) and [0,0)
2026-05-05 20:40:00 INFO mt5_bot - Balance=102029.96 Equity=102029.96 Spread=0.80 pips
2026-05-05 20:40:00 INFO mt5_bot - Session filter: UTC hour=1 outside [7,20) and [0,0)
2026-05-05 20:40:15 INFO mt5_bot - Balance=102029.96 Equity=102029.96 Spread=0.80 pips
2026-05-05 20:40:15 INFO mt5_bot - Session filter: UTC hour=1 outside [7,20) and [0,0)
2026-05-05 20:40:30 INFO mt5_bot - Balance=102029.96 Equity=102029.96 Spread=0.80 pips
2026-05-05 20:40:30 INFO mt5_bot - Session filter: UTC hour=1 outside [7,20) and [0,0)
2026-05-05 20:40:45 INFO mt5_bot - Balance=102029.96 Equity=102029.96 Spread=0.80 pips
2026-05-05 20:40:45 INFO mt5_bot - Session filter: UTC hour=1 outside [7,20) and [0,0)
2026-05-05 20:41:00 INFO mt5_bot - Balance=102029.96 Equity=102029.96 Spread=0.80 pips
2026-05-05 20:41:00 INFO mt5_bot - Session filter: UTC hour=1 outside [7,20) and [0,0)
2026-05-05 20:41:15 INFO mt5_bot - Balance=102029.96 Equity=102029.96 Spread=0.80 pips
2026-05-05 20:41:15 INFO mt5_bot - Session filter: UTC hour=1 outside [7,20) and [0,0)
2026-05-05 20:41:30 INFO mt5_bot - Balance=102029.96 Equity=102029.96 Spread=0.80 pips
2026-05-05 20:41:30 INFO mt5_bot - Session filter: UTC hour=1 outside [7,20) and [0,0)
2026-05-05 20:41:45 INFO mt5_bot - Balance=102029.96 Equity=102029.96 Spread=0.80 pips
2026-05-05 20:41:45 INFO mt5_bot - Session filter: UTC hour=1 outside [7,20) and [0,0)
2026-05-05 20:42:00 INFO mt5_bot - Balance=102029.96 Equity=102029.96 Spread=0.80 pips
2026-05-05 20:42:00 INFO mt5_bot - Session filter: UTC hour=1 outside [7,20) and [0,0)
2026-05-05 20:42:15 INFO mt5_bot - Balance=102029.96 Equity=102029.96 Spread=0.80 pips
2026-05-05 20:42:15 INFO mt5_bot - Session filter: UTC hour=1 outside [7,20) and [0,0)
2026-05-05 20:42:30 INFO mt5_bot - Balance=102029.96 Equity=102029.96 Spread=0.80 pips
2026-05-05 20:42:30 INFO mt5_bot - Session filter: UTC hour=1 outside [7,20) and [0,0)
2026-05-05 20:42:45 INFO mt5_bot - Balance=102029.96 Equity=102029.96 Spread=0.80 pips
2026-05-05 20:42:45 INFO mt5_bot - Session filter: UTC hour=1 outside [7,20) and [0,0)
2026-05-05 20:43:00 INFO mt5_bot - Balance=102029.96 Equity=102029.96 Spread=0.70 pips
2026-05-05 20:43:00 INFO mt5_bot - Session filter: UTC hour=1 outside [7,20) and [0,0)
2026-05-05 20:43:15 INFO mt5_bot - Balance=102029.96 Equity=102029.96 Spread=0.80 pips
2026-05-05 20:43:15 INFO mt5_bot - Session filter: UTC hour=1 outside [7,20) and [0,0)
2026-05-05 20:43:30 INFO mt5_bot - Balance=102029.96 Equity=102029.96 Spread=0.80 pips
2026-05-05 20:43:30 INFO mt5_bot - Session filter: UTC hour=1 outside [7,20) and [0,0)
2026-05-05 20:43:45 INFO mt5_bot - Balance=102029.96 Equity=102029.96 Spread=0.80 pips
2026-05-05 20:43:45 INFO mt5_bot - Session filter: UTC hour=1 outside [7,20) and [0,0)
2026-05-05 20:44:01 INFO mt5_bot - Balance=102029.96 Equity=102029.96 Spread=0.80 pips
2026-05-05 20:44:01 INFO mt5_bot - Session filter: UTC hour=1 outside [7,20) and [0,0)
2026-05-05 20:44:16 INFO mt5_bot - Balance=102029.96 Equity=102029.96 Spread=0.70 pips
2026-05-05 20:44:16 INFO mt5_bot - Session filter: UTC hour=1 outside [7,20) and [0,0)
2026-05-05 20:44:31 INFO mt5_bot - Balance=102029.96 Equity=102029.96 Spread=0.70 pips
2026-05-05 20:44:31 INFO mt5_bot - Session filter: UTC hour=1 outside [7,20) and [0,0)
2026-05-05 20:44:46 INFO mt5_bot - Balance=102029.96 Equity=102029.96 Spread=0.80 pips
2026-05-05 20:44:46 INFO mt5_bot - Session filter: UTC hour=1 outside [7,20) and [0,0)
2026-05-05 20:45:01 INFO mt5_bot - Balance=102029.96 Equity=102029.96 Spread=0.70 pips
2026-05-05 20:45:01 INFO mt5_bot - Session filter: UTC hour=1 outside [7,20) and [0,0)
2026-05-05 20:45:16 INFO mt5_bot - Balance=102029.96 Equity=102029.96 Spread=0.80 pips
2026-05-05 20:45:16 INFO mt5_bot - Session filter: UTC hour=1 outside [7,20) and [0,0)
2026-05-05 20:45:31 INFO mt5_bot - Balance=102029.96 Equity=102029.96 Spread=0.80 pips
2026-05-05 20:45:31 INFO mt5_bot - Session filter: UTC hour=1 outside [7,20) and [0,0)
2026-05-05 20:45:46 INFO mt5_bot - Balance=102029.96 Equity=102029.96 Spread=0.80 pips
2026-05-05 20:45:46 INFO mt5_bot - Session filter: UTC hour=1 outside [7,20) and [0,0)
2026-05-05 20:46:01 INFO mt5_bot - Balance=102029.96 Equity=102029.96 Spread=0.80 pips
2026-05-05 20:46:01 INFO mt5_bot - Session filter: UTC hour=1 outside [7,20) and [0,0)
2026-05-05 20:46:16 INFO mt5_bot - Balance=102029.96 Equity=102029.96 Spread=0.80 pips
2026-05-05 20:46:16 INFO mt5_bot - Session filter: UTC hour=1 outside [7,20) and [0,0)
2026-05-05 20:46:31 INFO mt5_bot - Balance=102029.96 Equity=102029.96 Spread=0.80 pips
2026-05-05 20:46:31 INFO mt5_bot - Session filter: UTC hour=1 outside [7,20) and [0,0)
2026-05-05 20:46:46 INFO mt5_bot - Balance=102029.96 Equity=102029.96 Spread=0.70 pips
2026-05-05 20:46:46 INFO mt5_bot - Session filter: UTC hour=1 outside [7,20) and [0,0)
2026-05-05 20:47:01 INFO mt5_bot - Balance=102029.96 Equity=102029.96 Spread=0.80 pips
2026-05-05 20:47:01 INFO mt5_bot - Session filter: UTC hour=1 outside [7,20) and [0,0)
2026-05-05 20:47:16 INFO mt5_bot - Balance=102029.96 Equity=102029.96 Spread=0.80 pips
2026-05-05 20:47:16 INFO mt5_bot - Session filter: UTC hour=1 outside [7,20) and [0,0)
2026-05-05 20:47:31 INFO mt5_bot - Balance=102029.96 Equity=102029.96 Spread=0.80 pips
2026-05-05 20:47:31 INFO mt5_bot - Session filter: UTC hour=1 outside [7,20) and [0,0)
2026-05-05 20:47:46 INFO mt5_bot - Balance=102029.96 Equity=102029.96 Spread=0.80 pips
2026-05-05 20:47:46 INFO mt5_bot - Session filter: UTC hour=1 outside [7,20) and [0,0)
2026-05-05 20:48:01 INFO mt5_bot - Balance=102029.96 Equity=102029.96 Spread=0.80 pips
2026-05-05 20:48:01 INFO mt5_bot - Session filter: UTC hour=1 outside [7,20) and [0,0)
2026-05-05 20:48:16 INFO mt5_bot - Balance=102029.96 Equity=102029.96 Spread=0.80 pips
2026-05-05 20:48:16 INFO mt5_bot - Session filter: UTC hour=1 outside [7,20) and [0,0)
2026-05-05 20:48:31 INFO mt5_bot - Balance=102029.96 Equity=102029.96 Spread=0.80 pips
2026-05-05 20:48:31 INFO mt5_bot - Session filter: UTC hour=1 outside [7,20) and [0,0)
2026-05-05 20:48:46 INFO mt5_bot - Balance=102029.96 Equity=102029.96 Spread=0.80 pips
2026-05-05 20:48:46 INFO mt5_bot - Session filter: UTC hour=1 outside [7,20) and [0,0)
2026-05-05 20:49:01 INFO mt5_bot - Balance=102029.96 Equity=102029.96 Spread=0.80 pips
2026-05-05 20:49:01 INFO mt5_bot - Session filter: UTC hour=1 outside [7,20) and [0,0)
2026-05-05 20:49:16 INFO mt5_bot - Balance=102029.96 Equity=102029.96 Spread=0.80 pips
2026-05-05 20:49:16 INFO mt5_bot - Session filter: UTC hour=1 outside [7,20) and [0,0)
2026-05-05 20:49:31 INFO mt5_bot - Balance=102029.96 Equity=102029.96 Spread=0.70 pips
2026-05-05 20:49:31 INFO mt5_bot - Session filter: UTC hour=1 outside [7,20) and [0,0)
2026-05-05 20:49:46 INFO mt5_bot - Balance=102029.96 Equity=102029.96 Spread=0.80 pips
2026-05-05 20:49:46 INFO mt5_bot - Session filter: UTC hour=1 outside [7,20) and [0,0)
2026-05-05 20:50:01 INFO mt5_bot - Balance=102029.96 Equity=102029.96 Spread=0.80 pips
2026-05-05 20:50:01 INFO mt5_bot - Session filter: UTC hour=1 outside [7,20) and [0,0)
2026-05-05 20:50:16 INFO mt5_bot - Balance=102029.96 Equity=102029.96 Spread=0.70 pips
2026-05-05 20:50:16 INFO mt5_bot - Session filter: UTC hour=1 outside [7,20) and [0,0)
2026-05-05 20:50:31 INFO mt5_bot - Balance=102029.96 Equity=102029.96 Spread=0.80 pips
2026-05-05 20:50:31 INFO mt5_bot - Session filter: UTC hour=1 outside [7,20) and [0,0)
2026-05-05 20:50:46 INFO mt5_bot - Balance=102029.96 Equity=102029.96 Spread=0.70 pips
2026-05-05 20:50:46 INFO mt5_bot - Session filter: UTC hour=1 outside [7,20) and [0,0)
2026-05-05 20:51:01 INFO mt5_bot - Balance=102029.96 Equity=102029.96 Spread=0.80 pips
2026-05-05 20:51:01 INFO mt5_bot - Session filter: UTC hour=1 outside [7,20) and [0,0)
2026-05-05 20:51:16 INFO mt5_bot - Balance=102029.96 Equity=102029.96 Spread=0.80 pips
2026-05-05 20:51:16 INFO mt5_bot - Session filter: UTC hour=1 outside [7,20) and [0,0)
2026-05-05 20:51:31 INFO mt5_bot - Balance=102029.96 Equity=102029.96 Spread=0.80 pips
2026-05-05 20:51:31 INFO mt5_bot - Session filter: UTC hour=1 outside [7,20) and [0,0)
2026-05-05 20:51:46 INFO mt5_bot - Balance=102029.96 Equity=102029.96 Spread=0.70 pips
2026-05-05 20:51:46 INFO mt5_bot - Session filter: UTC hour=1 outside [7,20) and [0,0)
2026-05-05 20:52:01 INFO mt5_bot - Balance=102029.96 Equity=102029.96 Spread=0.80 pips
2026-05-05 20:52:01 INFO mt5_bot - Session filter: UTC hour=1 outside [7,20) and [0,0)
2026-05-05 20:52:16 INFO mt5_bot - Balance=102029.96 Equity=102029.96 Spread=0.80 pips
2026-05-05 20:52:16 INFO mt5_bot - Session filter: UTC hour=1 outside [7,20) and [0,0)
2026-05-05 20:52:31 INFO mt5_bot - Balance=102029.96 Equity=102029.96 Spread=0.70 pips
2026-05-05 20:52:31 INFO mt5_bot - Session filter: UTC hour=1 outside [7,20) and [0,0)
2026-05-05 20:52:46 INFO mt5_bot - Balance=102029.96 Equity=102029.96 Spread=0.80 pips
2026-05-05 20:52:46 INFO mt5_bot - Session filter: UTC hour=1 outside [7,20) and [0,0)
2026-05-05 20:53:01 INFO mt5_bot - Balance=102029.96 Equity=102029.96 Spread=0.80 pips
2026-05-05 20:53:01 INFO mt5_bot - Session filter: UTC hour=1 outside [7,20) and [0,0)
2026-05-05 20:53:16 INFO mt5_bot - Balance=102029.96 Equity=102029.96 Spread=0.80 pips
2026-05-05 20:53:16 INFO mt5_bot - Session filter: UTC hour=1 outside [7,20) and [0,0)
2026-05-05 20:53:31 INFO mt5_bot - Balance=102029.96 Equity=102029.96 Spread=0.80 pips
2026-05-05 20:53:31 INFO mt5_bot - Session filter: UTC hour=1 outside [7,20) and [0,0)
2026-05-05 20:53:46 INFO mt5_bot - Balance=102029.96 Equity=102029.96 Spread=0.80 pips
2026-05-05 20:53:46 INFO mt5_bot - Session filter: UTC hour=1 outside [7,20) and [0,0)
2026-05-05 20:54:01 INFO mt5_bot - Balance=102029.96 Equity=102029.96 Spread=0.80 pips
2026-05-05 20:54:01 INFO mt5_bot - Session filter: UTC hour=1 outside [7,20) and [0,0)
2026-05-05 20:54:16 INFO mt5_bot - Balance=102029.96 Equity=102029.96 Spread=0.80 pips
2026-05-05 20:54:16 INFO mt5_bot - Session filter: UTC hour=1 outside [7,20) and [0,0)
2026-05-05 20:54:31 INFO mt5_bot - Balance=102029.96 Equity=102029.96 Spread=0.80 pips
2026-05-05 20:54:31 INFO mt5_bot - Session filter: UTC hour=1 outside [7,20) and [0,0)
2026-05-05 20:54:46 INFO mt5_bot - Balance=102029.96 Equity=102029.96 Spread=0.80 pips
2026-05-05 20:54:46 INFO mt5_bot - Session filter: UTC hour=1 outside [7,20) and [0,0)
2026-05-05 20:55:01 INFO mt5_bot - Balance=102029.96 Equity=102029.96 Spread=0.80 pips
2026-05-05 20:55:01 INFO mt5_bot - Session filter: UTC hour=1 outside [7,20) and [0,0)
2026-05-05 20:55:16 INFO mt5_bot - Balance=102029.96 Equity=102029.96 Spread=0.80 pips
2026-05-05 20:55:16 INFO mt5_bot - Session filter: UTC hour=1 outside [7,20) and [0,0)
2026-05-05 20:55:31 INFO mt5_bot - Balance=102029.96 Equity=102029.96 Spread=0.80 pips
2026-05-05 20:55:31 INFO mt5_bot - Session filter: UTC hour=1 outside [7,20) and [0,0)
2026-05-05 20:55:46 INFO mt5_bot - Balance=102029.96 Equity=102029.96 Spread=0.80 pips
2026-05-05 20:55:46 INFO mt5_bot - Session filter: UTC hour=1 outside [7,20) and [0,0)
2026-05-05 20:56:01 INFO mt5_bot - Balance=102029.96 Equity=102029.96 Spread=0.80 pips
2026-05-05 20:56:01 INFO mt5_bot - Session filter: UTC hour=1 outside [7,20) and [0,0)
2026-05-05 20:56:16 INFO mt5_bot - Balance=102029.96 Equity=102029.96 Spread=0.80 pips
2026-05-05 20:56:16 INFO mt5_bot - Session filter: UTC hour=1 outside [7,20) and [0,0)
2026-05-05 20:56:31 INFO mt5_bot - Balance=102029.96 Equity=102029.96 Spread=0.80 pips
2026-05-05 20:56:31 INFO mt5_bot - Session filter: UTC hour=1 outside [7,20) and [0,0)
2026-05-05 20:56:46 INFO mt5_bot - Balance=102029.96 Equity=102029.96 Spread=0.80 pips
2026-05-05 20:56:46 INFO mt5_bot - Session filter: UTC hour=1 outside [7,20) and [0,0)
2026-05-05 20:57:01 INFO mt5_bot - Balance=102029.96 Equity=102029.96 Spread=0.70 pips
2026-05-05 20:57:01 INFO mt5_bot - Session filter: UTC hour=1 outside [7,20) and [0,0)
2026-05-05 20:57:16 INFO mt5_bot - Balance=102029.96 Equity=102029.96 Spread=0.80 pips
2026-05-05 20:57:16 INFO mt5_bot - Session filter: UTC hour=1 outside [7,20) and [0,0)
2026-05-05 20:57:31 INFO mt5_bot - Balance=102029.96 Equity=102029.96 Spread=0.80 pips
2026-05-05 20:57:31 INFO mt5_bot - Session filter: UTC hour=1 outside [7,20) and [0,0)
2026-05-05 20:57:46 INFO mt5_bot - Balance=102029.96 Equity=102029.96 Spread=0.80 pips
2026-05-05 20:57:46 INFO mt5_bot - Session filter: UTC hour=1 outside [7,20) and [0,0)
2026-05-05 20:58:01 INFO mt5_bot - Balance=102029.96 Equity=102029.96 Spread=0.80 pips
2026-05-05 20:58:01 INFO mt5_bot - Session filter: UTC hour=1 outside [7,20) and [0,0)
2026-05-05 20:58:16 INFO mt5_bot - Balance=102029.96 Equity=102029.96 Spread=0.80 pips
2026-05-05 20:58:16 INFO mt5_bot - Session filter: UTC hour=1 outside [7,20) and [0,0)
2026-05-05 20:58:31 INFO mt5_bot - Balance=102029.96 Equity=102029.96 Spread=0.80 pips
2026-05-05 20:58:31 INFO mt5_bot - Session filter: UTC hour=1 outside [7,20) and [0,0)
2026-05-05 20:58:46 INFO mt5_bot - Balance=102029.96 Equity=102029.96 Spread=0.80 pips
2026-05-05 20:58:46 INFO mt5_bot - Session filter: UTC hour=1 outside [7,20) and [0,0)
2026-05-05 20:59:01 INFO mt5_bot - Balance=102029.96 Equity=102029.96 Spread=0.80 pips
2026-05-05 20:59:01 INFO mt5_bot - Session filter: UTC hour=1 outside [7,20) and [0,0)
2026-05-05 20:59:16 INFO mt5_bot - Balance=102029.96 Equity=102029.96 Spread=0.70 pips
2026-05-05 20:59:16 INFO mt5_bot - Session filter: UTC hour=1 outside [7,20) and [0,0)
2026-05-05 20:59:31 INFO mt5_bot - Balance=102029.96 Equity=102029.96 Spread=0.70 pips
2026-05-05 20:59:31 INFO mt5_bot - Session filter: UTC hour=1 outside [7,20) and [0,0)
2026-05-05 20:59:46 INFO mt5_bot - Balance=102029.96 Equity=102029.96 Spread=0.80 pips
2026-05-05 20:59:46 INFO mt5_bot - Session filter: UTC hour=1 outside [7,20) and [0,0)
2026-05-05 21:00:01 INFO mt5_bot - Balance=102029.96 Equity=102029.96 Spread=0.80 pips
2026-05-05 21:00:01 INFO mt5_bot - Session filter: UTC hour=2 outside [7,20) and [0,0)
2026-05-05 21:00:16 INFO mt5_bot - Balance=102029.96 Equity=102029.96 Spread=0.80 pips
2026-05-05 21:00:16 INFO mt5_bot - Session filter: UTC hour=2 outside [7,20) and [0,0)
2026-05-05 21:00:31 INFO mt5_bot - Balance=102029.96 Equity=102029.96 Spread=0.80 pips
2026-05-05 21:00:31 INFO mt5_bot - Session filter: UTC hour=2 outside [7,20) and [0,0)
2026-05-05 21:00:46 INFO mt5_bot - Balance=102029.96 Equity=102029.96 Spread=0.80 pips
2026-05-05 21:00:46 INFO mt5_bot - Session filter: UTC hour=2 outside [7,20) and [0,0)
2026-05-05 21:01:01 INFO mt5_bot - Balance=102029.96 Equity=102029.96 Spread=0.80 pips
2026-05-05 21:01:01 INFO mt5_bot - Session filter: UTC hour=2 outside [7,20) and [0,0)
2026-05-05 21:01:16 INFO mt5_bot - Balance=102029.96 Equity=102029.96 Spread=0.80 pips
2026-05-05 21:01:16 INFO mt5_bot - Session filter: UTC hour=2 outside [7,20) and [0,0)
2026-05-05 21:01:31 INFO mt5_bot - Balance=102029.96 Equity=102029.96 Spread=0.80 pips
2026-05-05 21:01:31 INFO mt5_bot - Session filter: UTC hour=2 outside [7,20) and [0,0)
2026-05-05 21:01:46 INFO mt5_bot - Balance=102029.96 Equity=102029.96 Spread=0.80 pips
2026-05-05 21:01:46 INFO mt5_bot - Session filter: UTC hour=2 outside [7,20) and [0,0)
2026-05-05 21:02:01 INFO mt5_bot - Balance=102029.96 Equity=102029.96 Spread=0.80 pips
2026-05-05 21:02:01 INFO mt5_bot - Session filter: UTC hour=2 outside [7,20) and [0,0)
2026-05-05 21:02:16 INFO mt5_bot - Balance=102029.96 Equity=102029.96 Spread=0.80 pips
2026-05-05 21:02:16 INFO mt5_bot - Session filter: UTC hour=2 outside [7,20) and [0,0)
2026-05-05 21:02:31 INFO mt5_bot - Balance=102029.96 Equity=102029.96 Spread=0.80 pips
2026-05-05 21:02:31 INFO mt5_bot - Session filter: UTC hour=2 outside [7,20) and [0,0)
2026-05-05 21:02:46 INFO mt5_bot - Balance=102029.96 Equity=102029.96 Spread=0.80 pips
2026-05-05 21:02:46 INFO mt5_bot - Session filter: UTC hour=2 outside [7,20) and [0,0)
2026-05-05 21:03:01 INFO mt5_bot - Balance=102029.96 Equity=102029.96 Spread=0.80 pips
2026-05-05 21:03:01 INFO mt5_bot - Session filter: UTC hour=2 outside [7,20) and [0,0)
2026-05-05 21:03:16 INFO mt5_bot - Balance=102029.96 Equity=102029.96 Spread=0.80 pips
2026-05-05 21:03:16 INFO mt5_bot - Session filter: UTC hour=2 outside [7,20) and [0,0)
2026-05-05 21:03:31 INFO mt5_bot - Balance=102029.96 Equity=102029.96 Spread=0.80 pips
2026-05-05 21:03:31 INFO mt5_bot - Session filter: UTC hour=2 outside [7,20) and [0,0)
2026-05-05 21:03:46 INFO mt5_bot - Balance=102029.96 Equity=102029.96 Spread=0.80 pips
2026-05-05 21:03:46 INFO mt5_bot - Session filter: UTC hour=2 outside [7,20) and [0,0)
2026-05-05 21:04:01 INFO mt5_bot - Balance=102029.96 Equity=102029.96 Spread=0.80 pips
2026-05-05 21:04:01 INFO mt5_bot - Session filter: UTC hour=2 outside [7,20) and [0,0)
2026-05-05 21:04:16 INFO mt5_bot - Balance=102029.96 Equity=102029.96 Spread=0.80 pips
2026-05-05 21:04:16 INFO mt5_bot - Session filter: UTC hour=2 outside [7,20) and [0,0)
2026-05-05 21:04:31 INFO mt5_bot - Balance=102029.96 Equity=102029.96 Spread=0.80 pips
2026-05-05 21:04:31 INFO mt5_bot - Session filter: UTC hour=2 outside [7,20) and [0,0)
2026-05-05 21:04:46 INFO mt5_bot - Balance=102029.96 Equity=102029.96 Spread=0.80 pips
2026-05-05 21:04:46 INFO mt5_bot - Session filter: UTC hour=2 outside [7,20) and [0,0)
2026-05-05 21:05:01 INFO mt5_bot - Balance=102029.96 Equity=102029.96 Spread=0.80 pips
2026-05-05 21:05:01 INFO mt5_bot - Session filter: UTC hour=2 outside [7,20) and [0,0)
2026-05-05 21:05:16 INFO mt5_bot - Balance=102029.96 Equity=102029.96 Spread=0.80 pips
2026-05-05 21:05:16 INFO mt5_bot - Session filter: UTC hour=2 outside [7,20) and [0,0)
2026-05-05 21:05:31 INFO mt5_bot - Balance=102029.96 Equity=102029.96 Spread=0.80 pips
2026-05-05 21:05:31 INFO mt5_bot - Session filter: UTC hour=2 outside [7,20) and [0,0)
2026-05-05 21:05:46 INFO mt5_bot - Balance=102029.96 Equity=102029.96 Spread=0.80 pips
2026-05-05 21:05:46 INFO mt5_bot - Session filter: UTC hour=2 outside [7,20) and [0,0)
2026-05-05 21:06:01 INFO mt5_bot - Balance=102029.96 Equity=102029.96 Spread=0.80 pips
2026-05-05 21:06:01 INFO mt5_bot - Session filter: UTC hour=2 outside [7,20) and [0,0)
2026-05-05 21:06:16 INFO mt5_bot - Balance=102029.96 Equity=102029.96 Spread=0.80 pips
2026-05-05 21:06:16 INFO mt5_bot - Session filter: UTC hour=2 outside [7,20) and [0,0)
2026-05-05 21:06:31 INFO mt5_bot - Balance=102029.96 Equity=102029.96 Spread=0.80 pips
2026-05-05 21:06:31 INFO mt5_bot - Session filter: UTC hour=2 outside [7,20) and [0,0)
2026-05-05 21:06:46 INFO mt5_bot - Balance=102029.96 Equity=102029.96 Spread=0.80 pips
2026-05-05 21:06:46 INFO mt5_bot - Session filter: UTC hour=2 outside [7,20) and [0,0)
2026-05-05 21:07:01 INFO mt5_bot - Balance=102029.96 Equity=102029.96 Spread=0.80 pips
2026-05-05 21:07:01 INFO mt5_bot - Session filter: UTC hour=2 outside [7,20) and [0,0)
2026-05-05 21:07:16 INFO mt5_bot - Balance=102029.96 Equity=102029.96 Spread=0.70 pips
2026-05-05 21:07:16 INFO mt5_bot - Session filter: UTC hour=2 outside [7,20) and [0,0)
2026-05-05 21:07:31 INFO mt5_bot - Balance=102029.96 Equity=102029.96 Spread=0.80 pips
2026-05-05 21:07:31 INFO mt5_bot - Session filter: UTC hour=2 outside [7,20) and [0,0)
2026-05-05 21:07:46 INFO mt5_bot - Balance=102029.96 Equity=102029.96 Spread=0.80 pips
2026-05-05 21:07:46 INFO mt5_bot - Session filter: UTC hour=2 outside [7,20) and [0,0)
2026-05-05 21:08:01 INFO mt5_bot - Balance=102029.96 Equity=102029.96 Spread=0.80 pips
2026-05-05 21:08:01 INFO mt5_bot - Session filter: UTC hour=2 outside [7,20) and [0,0)
2026-05-05 21:08:16 INFO mt5_bot - Balance=102029.96 Equity=102029.96 Spread=0.80 pips
2026-05-05 21:08:16 INFO mt5_bot - Session filter: UTC hour=2 outside [7,20) and [0,0)
2026-05-05 21:08:31 INFO mt5_bot - Balance=102029.96 Equity=102029.96 Spread=0.80 pips
2026-05-05 21:08:31 INFO mt5_bot - Session filter: UTC hour=2 outside [7,20) and [0,0)
2026-05-05 21:08:43 INFO mt5_bot - Stopped by user
2026-05-05 21:11:01 INFO mt5_bot - MT5 permissions: account_server=MetaQuotes-Demo account_trade_allowed=True account_trade_expert=True terminal_trade_allowed=True terminal_build=5836
2026-05-05 21:11:01 INFO mt5_bot - Starting PRO loop: symbol=AUDUSD tf=M15 trend_tf=H1 trade_enabled=True trend_filter=False adx_filter=True rsi_momentum=False partial_close=True trailing_stop=True atr_sl_tp=True news_filter=True retest=False equity_curve=True
2026-05-05 21:11:01 INFO mt5_bot - Balance=102029.96 Equity=102029.96 Spread=0.80 pips
2026-05-05 21:11:01 INFO mt5_bot - Session filter: UTC hour=2 outside [7,20) and [0,0)
2026-05-05 21:11:16 INFO mt5_bot - Balance=102029.96 Equity=102029.96 Spread=0.70 pips
2026-05-05 21:11:16 INFO mt5_bot - Session filter: UTC hour=2 outside [7,20) and [0,0)
2026-05-05 21:11:31 INFO mt5_bot - Balance=102029.96 Equity=102029.96 Spread=0.80 pips
2026-05-05 21:11:31 INFO mt5_bot - Session filter: UTC hour=2 outside [7,20) and [0,0)
2026-05-05 21:11:46 INFO mt5_bot - Balance=102029.96 Equity=102029.96 Spread=0.80 pips
2026-05-05 21:11:46 INFO mt5_bot - Session filter: UTC hour=2 outside [7,20) and [0,0)
2026-05-05 21:12:01 INFO mt5_bot - Balance=102029.96 Equity=102029.96 Spread=0.80 pips
2026-05-05 21:12:01 INFO mt5_bot - Session filter: UTC hour=2 outside [7,20) and [0,0)
2026-05-05 21:12:16 INFO mt5_bot - Balance=102029.96 Equity=102029.96 Spread=0.80 pips
2026-05-05 21:12:16 INFO mt5_bot - Session filter: UTC hour=2 outside [7,20) and [0,0)
2026-05-05 21:12:31 INFO mt5_bot - Balance=102029.96 Equity=102029.96 Spread=0.80 pips
2026-05-05 21:12:31 INFO mt5_bot - Session filter: UTC hour=2 outside [7,20) and [0,0)
2026-05-05 21:12:46 INFO mt5_bot - Balance=102029.96 Equity=102029.96 Spread=0.80 pips
2026-05-05 21:12:46 INFO mt5_bot - Session filter: UTC hour=2 outside [7,20) and [0,0)
2026-05-05 21:13:01 INFO mt5_bot - Balance=102029.96 Equity=102029.96 Spread=0.80 pips
2026-05-05 21:13:01 INFO mt5_bot - Session filter: UTC hour=2 outside [7,20) and [0,0)
2026-05-05 21:13:16 INFO mt5_bot - Balance=102029.96 Equity=102029.96 Spread=0.80 pips
2026-05-05 21:13:16 INFO mt5_bot - Session filter: UTC hour=2 outside [7,20) and [0,0)
2026-05-05 21:13:31 INFO mt5_bot - Balance=102029.96 Equity=102029.96 Spread=0.80 pips
2026-05-05 21:13:31 INFO mt5_bot - Session filter: UTC hour=2 outside [7,20) and [0,0)
2026-05-05 21:13:46 INFO mt5_bot - Balance=102029.96 Equity=102029.96 Spread=0.80 pips
2026-05-05 21:13:46 INFO mt5_bot - Session filter: UTC hour=2 outside [7,20) and [0,0)
2026-05-05 21:14:01 INFO mt5_bot - Balance=102029.96 Equity=102029.96 Spread=0.80 pips
2026-05-05 21:14:01 INFO mt5_bot - Session filter: UTC hour=2 outside [7,20) and [0,0)
2026-05-05 21:14:16 INFO mt5_bot - Balance=102029.96 Equity=102029.96 Spread=0.80 pips
2026-05-05 21:14:16 INFO mt5_bot - Session filter: UTC hour=2 outside [7,20) and [0,0)
2026-05-05 21:14:31 INFO mt5_bot - Balance=102029.96 Equity=102029.96 Spread=0.80 pips
2026-05-05 21:14:31 INFO mt5_bot - Session filter: UTC hour=2 outside [7,20) and [0,0)
2026-05-05 21:14:46 INFO mt5_bot - Balance=102029.96 Equity=102029.96 Spread=0.80 pips
2026-05-05 21:14:46 INFO mt5_bot - Session filter: UTC hour=2 outside [7,20) and [0,0)
2026-05-05 21:15:01 INFO mt5_bot - Balance=102029.96 Equity=102029.96 Spread=0.80 pips
2026-05-05 21:15:01 INFO mt5_bot - Session filter: UTC hour=2 outside [7,20) and [0,0)
2026-05-05 21:15:16 INFO mt5_bot - Balance=102029.96 Equity=102029.96 Spread=0.80 pips
2026-05-05 21:15:16 INFO mt5_bot - Session filter: UTC hour=2 outside [7,20) and [0,0)
2026-05-05 21:15:31 INFO mt5_bot - Balance=102029.96 Equity=102029.96 Spread=0.80 pips
2026-05-05 21:15:31 INFO mt5_bot - Session filter: UTC hour=2 outside [7,20) and [0,0)
2026-05-05 21:15:46 INFO mt5_bot - Balance=102029.96 Equity=102029.96 Spread=0.80 pips
2026-05-05 21:15:46 INFO mt5_bot - Session filter: UTC hour=2 outside [7,20) and [0,0)
2026-05-05 21:16:01 INFO mt5_bot - Balance=102029.96 Equity=102029.96 Spread=0.80 pips
2026-05-05 21:16:01 INFO mt5_bot - Session filter: UTC hour=2 outside [7,20) and [0,0)
2026-05-05 21:16:16 INFO mt5_bot - Balance=102029.96 Equity=102029.96 Spread=0.80 pips
2026-05-05 21:16:16 INFO mt5_bot - Session filter: UTC hour=2 outside [7,20) and [0,0)
2026-05-05 21:16:31 INFO mt5_bot - Balance=102029.96 Equity=102029.96 Spread=0.80 pips
2026-05-05 21:16:31 INFO mt5_bot - Session filter: UTC hour=2 outside [7,20) and [0,0)
2026-05-05 21:16:46 INFO mt5_bot - Balance=102029.96 Equity=102029.96 Spread=0.80 pips
2026-05-05 21:16:46 INFO mt5_bot - Session filter: UTC hour=2 outside [7,20) and [0,0)
2026-05-05 21:17:01 INFO mt5_bot - Balance=102029.96 Equity=102029.96 Spread=0.80 pips
2026-05-05 21:17:01 INFO mt5_bot - Session filter: UTC hour=2 outside [7,20) and [0,0)
2026-05-05 21:17:16 INFO mt5_bot - Balance=102029.96 Equity=102029.96 Spread=0.80 pips
2026-05-05 21:17:16 INFO mt5_bot - Session filter: UTC hour=2 outside [7,20) and [0,0)
2026-05-05 21:17:31 INFO mt5_bot - Balance=102029.96 Equity=102029.96 Spread=0.80 pips
2026-05-05 21:17:31 INFO mt5_bot - Session filter: UTC hour=2 outside [7,20) and [0,0)
2026-05-05 21:17:46 INFO mt5_bot - Balance=102029.96 Equity=102029.96 Spread=0.80 pips
2026-05-05 21:17:46 INFO mt5_bot - Session filter: UTC hour=2 outside [7,20) and [0,0)
2026-05-05 21:18:01 INFO mt5_bot - Balance=102029.96 Equity=102029.96 Spread=0.80 pips
2026-05-05 21:18:01 INFO mt5_bot - Session filter: UTC hour=2 outside [7,20) and [0,0)
2026-05-05 21:18:16 INFO mt5_bot - Balance=102029.96 Equity=102029.96 Spread=0.80 pips
2026-05-05 21:18:16 INFO mt5_bot - Session filter: UTC hour=2 outside [7,20) and [0,0)
2026-05-05 21:18:31 INFO mt5_bot - Balance=102029.96 Equity=102029.96 Spread=0.80 pips
2026-05-05 21:18:31 INFO mt5_bot - Session filter: UTC hour=2 outside [7,20) and [0,0)
2026-05-05 21:18:46 INFO mt5_bot - Balance=102029.96 Equity=102029.96 Spread=0.80 pips
2026-05-05 21:18:46 INFO mt5_bot - Session filter: UTC hour=2 outside [7,20) and [0,0)
2026-05-05 21:19:01 INFO mt5_bot - Balance=102029.96 Equity=102029.96 Spread=0.80 pips
2026-05-05 21:19:01 INFO mt5_bot - Session filter: UTC hour=2 outside [7,20) and [0,0)
2026-05-05 21:19:16 INFO mt5_bot - Balance=102029.96 Equity=102029.96 Spread=0.70 pips
2026-05-05 21:19:16 INFO mt5_bot - Session filter: UTC hour=2 outside [7,20) and [0,0)
2026-05-05 21:19:31 INFO mt5_bot - Balance=102029.96 Equity=102029.96 Spread=0.80 pips
2026-05-05 21:19:31 INFO mt5_bot - Session filter: UTC hour=2 outside [7,20) and [0,0)
2026-05-05 21:19:46 INFO mt5_bot - Balance=102029.96 Equity=102029.96 Spread=0.80 pips
2026-05-05 21:19:46 INFO mt5_bot - Session filter: UTC hour=2 outside [7,20) and [0,0)
2026-05-05 21:20:01 INFO mt5_bot - Balance=102029.96 Equity=102029.96 Spread=0.80 pips
2026-05-05 21:20:01 INFO mt5_bot - Session filter: UTC hour=2 outside [7,20) and [0,0)
2026-05-05 21:20:16 INFO mt5_bot - Balance=102029.96 Equity=102029.96 Spread=0.80 pips
2026-05-05 21:20:16 INFO mt5_bot - Session filter: UTC hour=2 outside [7,20) and [0,0)
2026-05-05 21:20:31 INFO mt5_bot - Balance=102029.96 Equity=102029.96 Spread=0.80 pips
2026-05-05 21:20:31 INFO mt5_bot - Session filter: UTC hour=2 outside [7,20) and [0,0)
2026-05-05 21:20:46 INFO mt5_bot - Balance=102029.96 Equity=102029.96 Spread=0.80 pips
2026-05-05 21:20:46 INFO mt5_bot - Session filter: UTC hour=2 outside [7,20) and [0,0)
2026-05-05 21:33:42 INFO mt5_bot - MT5 permissions: account_server=MetaQuotes-Demo account_trade_allowed=True account_trade_expert=True terminal_trade_allowed=True terminal_build=5836
2026-05-05 21:33:42 INFO mt5_bot - Starting PRO loop: symbol=AUDUSD tf=M15 trend_tf=H1 trade_enabled=True trend_filter=False adx_filter=True rsi_momentum=False partial_close=True trailing_stop=True atr_sl_tp=True news_filter=True retest=False equity_curve=True
2026-05-05 21:33:42 INFO mt5_bot - Balance=102029.96 Equity=102029.96 Spread=0.80 pips
2026-05-05 21:33:42 INFO mt5_bot - Session filter: UTC hour=2 outside [7,20) and [0,0)
2026-05-05 21:33:57 INFO mt5_bot - Balance=102029.96 Equity=102029.96 Spread=0.80 pips
2026-05-05 21:33:57 INFO mt5_bot - Session filter: UTC hour=2 outside [7,20) and [0,0)
2026-05-05 21:34:24 INFO mt5_bot - MT5 permissions: account_server=MetaQuotes-Demo account_trade_allowed=True account_trade_expert=True terminal_trade_allowed=True terminal_build=5836
2026-05-05 21:34:24 INFO mt5_bot - Starting PRO loop: symbol=AUDUSD tf=M15 trend_tf=H1 trade_enabled=True trend_filter=False adx_filter=True rsi_momentum=False partial_close=True trailing_stop=True atr_sl_tp=True news_filter=True retest=False equity_curve=True
2026-05-05 21:34:24 INFO mt5_bot - Balance=102029.96 Equity=102029.96 Spread=0.80 pips
2026-05-05 21:34:24 INFO mt5_bot - Session filter: UTC hour=2 outside [7,20) and [0,0)
