2026-05-05 06:52:18 INFO mt5_bot - MT5 permissions: account_server=MetaQuotes-Demo account_trade_allowed=True account_trade_expert=True terminal_trade_allowed=True terminal_build=5836
2026-05-05 06:52:18 INFO mt5_bot - Starting PRO loop: symbol=EURUSD tf=M15 trend_tf=H1 trade_enabled=True trend_filter=True adx_filter=True rsi_momentum=False partial_close=True trailing_stop=True atr_sl_tp=True news_filter=True retest=False equity_curve=True
2026-05-05 06:52:18 INFO mt5_bot - Balance=102029.96 Equity=102029.96 Spread=0.50 pips
2026-05-05 06:52:18 INFO mt5_bot.news_filter - news_filter: loaded 115 events from shared cache
2026-05-05 06:52:18 INFO mt5_bot - Signal=NONE reason=no_closed_bar_crossover price=None trend=bearish rsi=51.8 atr_pips=6.3 adx=18.8
2026-05-05 06:52:18 INFO mt5_bot - Execution status=skipped reason=no_closed_bar_crossover
2026-05-05 06:52:33 INFO mt5_bot - Balance=102029.96 Equity=102029.96 Spread=0.20 pips
2026-05-05 06:52:33 INFO mt5_bot - Signal=NONE reason=no_closed_bar_crossover price=None trend=bearish rsi=51.8 atr_pips=6.3 adx=18.8
2026-05-05 06:52:33 INFO mt5_bot - Execution status=skipped reason=no_closed_bar_crossover
2026-05-05 06:52:48 INFO mt5_bot - Balance=102029.96 Equity=102029.96 Spread=0.20 pips
2026-05-05 06:52:48 INFO mt5_bot - Signal=NONE reason=no_closed_bar_crossover price=None trend=bearish rsi=51.8 atr_pips=6.3 adx=18.8
2026-05-05 06:52:48 INFO mt5_bot - Execution status=skipped reason=no_closed_bar_crossover
2026-05-05 06:53:03 INFO mt5_bot - Balance=102029.96 Equity=102029.96 Spread=0.20 pips
2026-05-05 06:53:03 INFO mt5_bot - Signal=NONE reason=no_closed_bar_crossover price=None trend=bearish rsi=51.8 atr_pips=6.3 adx=18.8
2026-05-05 06:53:03 INFO mt5_bot - Execution status=skipped reason=no_closed_bar_crossover
2026-05-05 06:53:18 INFO mt5_bot - Balance=102029.96 Equity=102029.96 Spread=0.20 pips
2026-05-05 06:53:18 INFO mt5_bot - Signal=NONE reason=no_closed_bar_crossover price=None trend=bearish rsi=51.8 atr_pips=6.3 adx=18.8
2026-05-05 06:53:18 INFO mt5_bot - Execution status=skipped reason=no_closed_bar_crossover
2026-05-05 06:53:33 INFO mt5_bot - Balance=102029.96 Equity=102029.96 Spread=0.20 pips
2026-05-05 06:53:33 INFO mt5_bot - Signal=NONE reason=no_closed_bar_crossover price=None trend=bearish rsi=51.8 atr_pips=6.3 adx=18.8
2026-05-05 06:53:33 INFO mt5_bot - Execution status=skipped reason=no_closed_bar_crossover
2026-05-05 06:53:48 INFO mt5_bot - Balance=102029.96 Equity=102029.96 Spread=0.60 pips
2026-05-05 06:53:48 INFO mt5_bot - Signal=NONE reason=no_closed_bar_crossover price=None trend=bearish rsi=51.8 atr_pips=6.3 adx=18.8
2026-05-05 06:53:48 INFO mt5_bot - Execution status=skipped reason=no_closed_bar_crossover
2026-05-05 06:54:03 INFO mt5_bot - Balance=102029.96 Equity=102029.96 Spread=0.90 pips
2026-05-05 06:54:03 INFO mt5_bot - Signal=NONE reason=no_closed_bar_crossover price=None trend=bearish rsi=51.8 atr_pips=6.3 adx=18.8
2026-05-05 06:54:03 INFO mt5_bot - Execution status=skipped reason=no_closed_bar_crossover
2026-05-05 06:54:18 INFO mt5_bot - Balance=102029.96 Equity=102029.96 Spread=1.00 pips
2026-05-05 06:54:18 INFO mt5_bot - Signal=NONE reason=no_closed_bar_crossover price=None trend=bearish rsi=51.8 atr_pips=6.3 adx=18.8
2026-05-05 06:54:18 INFO mt5_bot - Execution status=skipped reason=no_closed_bar_crossover
2026-05-05 06:54:33 INFO mt5_bot - Balance=102029.96 Equity=102029.96 Spread=0.80 pips
2026-05-05 06:54:33 INFO mt5_bot - Signal=NONE reason=no_closed_bar_crossover price=None trend=bearish rsi=51.8 atr_pips=6.3 adx=18.8
2026-05-05 06:54:33 INFO mt5_bot - Execution status=skipped reason=no_closed_bar_crossover
2026-05-05 06:54:48 INFO mt5_bot - Balance=102029.96 Equity=102029.96 Spread=0.80 pips
2026-05-05 06:54:48 INFO mt5_bot - Signal=NONE reason=no_closed_bar_crossover price=None trend=bearish rsi=51.8 atr_pips=6.3 adx=18.8
2026-05-05 06:54:48 INFO mt5_bot - Execution status=skipped reason=no_closed_bar_crossover
2026-05-05 06:55:03 INFO mt5_bot - Balance=102029.96 Equity=102029.96 Spread=0.20 pips
2026-05-05 06:55:03 INFO mt5_bot - Signal=NONE reason=no_closed_bar_crossover price=None trend=bearish rsi=51.8 atr_pips=6.3 adx=18.8
2026-05-05 06:55:03 INFO mt5_bot - Execution status=skipped reason=no_closed_bar_crossover
2026-05-05 06:55:18 INFO mt5_bot - Balance=102029.96 Equity=102029.96 Spread=0.20 pips
2026-05-05 06:55:18 INFO mt5_bot - Signal=NONE reason=no_closed_bar_crossover price=None trend=bearish rsi=51.8 atr_pips=6.3 adx=18.8
2026-05-05 06:55:18 INFO mt5_bot - Execution status=skipped reason=no_closed_bar_crossover
2026-05-05 06:55:33 INFO mt5_bot - Balance=102029.96 Equity=102029.96 Spread=0.70 pips
2026-05-05 06:55:33 INFO mt5_bot - Signal=NONE reason=no_closed_bar_crossover price=None trend=bearish rsi=51.8 atr_pips=6.3 adx=18.8
2026-05-05 06:55:33 INFO mt5_bot - Execution status=skipped reason=no_closed_bar_crossover
2026-05-05 06:55:48 INFO mt5_bot - Balance=102029.96 Equity=102029.96 Spread=0.20 pips
2026-05-05 06:55:48 INFO mt5_bot - Signal=NONE reason=no_closed_bar_crossover price=None trend=bearish rsi=51.8 atr_pips=6.3 adx=18.8
2026-05-05 06:55:48 INFO mt5_bot - Execution status=skipped reason=no_closed_bar_crossover
2026-05-05 06:56:03 INFO mt5_bot - Balance=102029.96 Equity=102029.96 Spread=0.20 pips
2026-05-05 06:56:03 INFO mt5_bot - Signal=NONE reason=no_closed_bar_crossover price=None trend=bearish rsi=51.8 atr_pips=6.3 adx=18.8
2026-05-05 06:56:03 INFO mt5_bot - Execution status=skipped reason=no_closed_bar_crossover
2026-05-05 06:56:18 INFO mt5_bot - Balance=102029.96 Equity=102029.96 Spread=0.20 pips
2026-05-05 06:56:18 INFO mt5_bot - Signal=NONE reason=no_closed_bar_crossover price=None trend=bearish rsi=51.8 atr_pips=6.3 adx=18.8
2026-05-05 06:56:18 INFO mt5_bot - Execution status=skipped reason=no_closed_bar_crossover
^C2026-05-05 06:56:24 INFO mt5_bot - MT5 permissions: account_server=MetaQuotes-Demo account_trade_allowed=True account_trade_expert=True terminal_trade_allowed=True terminal_build=5836
2026-05-05 06:56:24 INFO mt5_bot - Starting PRO loop: symbol=EURUSD tf=M15 trend_tf=H1 trade_enabled=True trend_filter=True adx_filter=True rsi_momentum=False partial_close=True trailing_stop=True atr_sl_tp=True news_filter=True retest=False equity_curve=True
2026-05-05 06:56:24 INFO mt5_bot - Balance=102029.96 Equity=102029.96 Spread=1.10 pips
2026-05-05 06:56:24 INFO mt5_bot.news_filter - news_filter: loaded 115 events from shared cache
2026-05-05 06:56:24 INFO mt5_bot - Signal=NONE reason=no_closed_bar_crossover price=None trend=bearish rsi=51.8 atr_pips=6.3 adx=18.8
2026-05-05 06:56:24 INFO mt5_bot - Execution status=skipped reason=no_closed_bar_crossover
2026-05-05 06:56:39 INFO mt5_bot - Balance=102029.96 Equity=102029.96 Spread=0.20 pips
2026-05-05 06:56:39 INFO mt5_bot - Signal=NONE reason=no_closed_bar_crossover price=None trend=bearish rsi=51.8 atr_pips=6.3 adx=18.8
2026-05-05 06:56:39 INFO mt5_bot - Execution status=skipped reason=no_closed_bar_crossover
2026-05-05 06:56:54 INFO mt5_bot - Balance=102029.96 Equity=102029.96 Spread=0.60 pips
2026-05-05 06:56:54 INFO mt5_bot - Signal=NONE reason=no_closed_bar_crossover price=None trend=bearish rsi=51.8 atr_pips=6.3 adx=18.8
2026-05-05 06:56:54 INFO mt5_bot - Execution status=skipped reason=no_closed_bar_crossover
2026-05-05 06:57:09 INFO mt5_bot - Balance=102029.96 Equity=102029.96 Spread=0.20 pips
2026-05-05 06:57:09 INFO mt5_bot - Signal=NONE reason=no_closed_bar_crossover price=None trend=bearish rsi=51.8 atr_pips=6.3 adx=18.8
2026-05-05 06:57:09 INFO mt5_bot - Execution status=skipped reason=no_closed_bar_crossover
2026-05-05 06:57:24 INFO mt5_bot - Balance=102029.96 Equity=102029.96 Spread=0.20 pips
2026-05-05 06:57:24 INFO mt5_bot - Signal=NONE reason=no_closed_bar_crossover price=None trend=bearish rsi=51.8 atr_pips=6.3 adx=18.8
2026-05-05 06:57:24 INFO mt5_bot - Execution status=skipped reason=no_closed_bar_crossover
2026-05-05 06:57:39 INFO mt5_bot - Balance=102029.96 Equity=102029.96 Spread=0.20 pips
2026-05-05 06:57:39 INFO mt5_bot - Signal=NONE reason=no_closed_bar_crossover price=None trend=bearish rsi=51.8 atr_pips=6.3 adx=18.8
2026-05-05 06:57:39 INFO mt5_bot - Execution status=skipped reason=no_closed_bar_crossover
2026-05-05 06:57:54 INFO mt5_bot - Balance=102029.96 Equity=102029.96 Spread=0.20 pips
2026-05-05 06:57:54 INFO mt5_bot - Signal=NONE reason=no_closed_bar_crossover price=None trend=bearish rsi=51.8 atr_pips=6.3 adx=18.8
2026-05-05 06:57:54 INFO mt5_bot - Execution status=skipped reason=no_closed_bar_crossover
2026-05-05 06:58:09 INFO mt5_bot - Balance=102029.96 Equity=102029.96 Spread=0.20 pips
2026-05-05 06:58:09 INFO mt5_bot - Signal=NONE reason=no_closed_bar_crossover price=None trend=bearish rsi=51.8 atr_pips=6.3 adx=18.8
2026-05-05 06:58:09 INFO mt5_bot - Execution status=skipped reason=no_closed_bar_crossover
2026-05-05 06:58:24 INFO mt5_bot - Balance=102029.96 Equity=102029.96 Spread=0.20 pips
2026-05-05 06:58:24 INFO mt5_bot - Signal=NONE reason=no_closed_bar_crossover price=None trend=bearish rsi=51.8 atr_pips=6.3 adx=18.8
2026-05-05 06:58:24 INFO mt5_bot - Execution status=skipped reason=no_closed_bar_crossover
^C2026-05-05 07:04:50 INFO mt5_bot - MT5 permissions: account_server=MetaQuotes-Demo account_trade_allowed=True account_trade_expert=True terminal_trade_allowed=True terminal_build=5836
2026-05-05 07:04:50 INFO mt5_bot - Starting PRO loop: symbol=EURUSD tf=M15 trend_tf=H1 trade_enabled=True trend_filter=True adx_filter=True rsi_momentum=False partial_close=True trailing_stop=True atr_sl_tp=True news_filter=True retest=False equity_curve=True
2026-05-05 07:04:50 INFO mt5_bot - Balance=102029.96 Equity=102029.96 Spread=0.20 pips
2026-05-05 07:04:50 INFO mt5_bot.news_filter - news_filter: loaded 115 events from shared cache
2026-05-05 07:04:50 INFO mt5_bot - Signal=NONE reason=no_closed_bar_crossover price=None trend=bearish rsi=50.3 atr_pips=6.2 adx=18.8
2026-05-05 07:04:50 INFO mt5_bot - Execution status=skipped reason=no_closed_bar_crossover
2026-05-05 07:05:05 INFO mt5_bot - Balance=102029.96 Equity=102029.96 Spread=0.20 pips
2026-05-05 07:05:05 INFO mt5_bot - Signal=NONE reason=no_closed_bar_crossover price=None trend=bearish rsi=50.3 atr_pips=6.2 adx=18.8
2026-05-05 07:05:05 INFO mt5_bot - Execution status=skipped reason=no_closed_bar_crossover
2026-05-05 07:05:20 INFO mt5_bot - Balance=102029.96 Equity=102029.96 Spread=0.20 pips
2026-05-05 07:05:20 INFO mt5_bot - Signal=NONE reason=no_closed_bar_crossover price=None trend=bearish rsi=50.3 atr_pips=6.2 adx=18.8
2026-05-05 07:05:20 INFO mt5_bot - Execution status=skipped reason=no_closed_bar_crossover
2026-05-05 07:05:35 INFO mt5_bot - Balance=102029.96 Equity=102029.96 Spread=0.20 pips
2026-05-05 07:05:35 INFO mt5_bot - Signal=NONE reason=no_closed_bar_crossover price=None trend=bearish rsi=50.3 atr_pips=6.2 adx=18.8
2026-05-05 07:05:35 INFO mt5_bot - Execution status=skipped reason=no_closed_bar_crossover
2026-05-05 07:05:50 INFO mt5_bot - Balance=102029.96 Equity=102029.96 Spread=0.20 pips
2026-05-05 07:05:50 INFO mt5_bot - Signal=NONE reason=no_closed_bar_crossover price=None trend=bearish rsi=50.3 atr_pips=6.2 adx=18.8
2026-05-05 07:05:50 INFO mt5_bot - Execution status=skipped reason=no_closed_bar_crossover
2026-05-05 07:06:05 INFO mt5_bot - Balance=102029.96 Equity=102029.96 Spread=0.20 pips
2026-05-05 07:06:05 INFO mt5_bot - Signal=NONE reason=no_closed_bar_crossover price=None trend=bearish rsi=50.3 atr_pips=6.2 adx=18.8
2026-05-05 07:06:05 INFO mt5_bot - Execution status=skipped reason=no_closed_bar_crossover
2026-05-05 07:06:20 INFO mt5_bot - Balance=102029.96 Equity=102029.96 Spread=0.20 pips
2026-05-05 07:06:20 INFO mt5_bot - Signal=NONE reason=no_closed_bar_crossover price=None trend=bearish rsi=50.3 atr_pips=6.2 adx=18.8
2026-05-05 07:06:20 INFO mt5_bot - Execution status=skipped reason=no_closed_bar_crossover
2026-05-05 07:06:35 INFO mt5_bot - Balance=102029.96 Equity=102029.96 Spread=0.20 pips
2026-05-05 07:06:35 INFO mt5_bot - Signal=NONE reason=no_closed_bar_crossover price=None trend=bearish rsi=50.3 atr_pips=6.2 adx=18.8
2026-05-05 07:06:35 INFO mt5_bot - Execution status=skipped reason=no_closed_bar_crossover
2026-05-05 07:06:50 INFO mt5_bot - Balance=102029.96 Equity=102029.96 Spread=0.20 pips
2026-05-05 07:06:50 INFO mt5_bot - Signal=NONE reason=no_closed_bar_crossover price=None trend=bearish rsi=50.3 atr_pips=6.2 adx=18.8
2026-05-05 07:06:50 INFO mt5_bot - Execution status=skipped reason=no_closed_bar_crossover
2026-05-05 07:07:05 INFO mt5_bot - Balance=102029.96 Equity=102029.96 Spread=0.20 pips
2026-05-05 07:07:05 INFO mt5_bot - Signal=NONE reason=no_closed_bar_crossover price=None trend=bearish rsi=50.3 atr_pips=6.2 adx=18.8
2026-05-05 07:07:05 INFO mt5_bot - Execution status=skipped reason=no_closed_bar_crossover
2026-05-05 07:07:20 INFO mt5_bot - Balance=102029.96 Equity=102029.96 Spread=0.20 pips
2026-05-05 07:07:20 INFO mt5_bot - Signal=NONE reason=no_closed_bar_crossover price=None trend=bearish rsi=50.3 atr_pips=6.2 adx=18.8
2026-05-05 07:07:20 INFO mt5_bot - Execution status=skipped reason=no_closed_bar_crossover
2026-05-05 07:07:35 INFO mt5_bot - Balance=102029.96 Equity=102029.96 Spread=0.20 pips
2026-05-05 07:07:35 INFO mt5_bot - Signal=NONE reason=no_closed_bar_crossover price=None trend=bearish rsi=50.3 atr_pips=6.2 adx=18.8
2026-05-05 07:07:35 INFO mt5_bot - Execution status=skipped reason=no_closed_bar_crossover
2026-05-05 07:07:50 INFO mt5_bot - Balance=102029.96 Equity=102029.96 Spread=0.20 pips
2026-05-05 07:07:50 INFO mt5_bot - Signal=NONE reason=no_closed_bar_crossover price=None trend=bearish rsi=50.3 atr_pips=6.2 adx=18.8
2026-05-05 07:07:50 INFO mt5_bot - Execution status=skipped reason=no_closed_bar_crossover
2026-05-05 07:08:05 INFO mt5_bot - Balance=102029.96 Equity=102029.96 Spread=0.20 pips
2026-05-05 07:08:05 INFO mt5_bot - Signal=NONE reason=no_closed_bar_crossover price=None trend=bearish rsi=50.3 atr_pips=6.2 adx=18.8
2026-05-05 07:08:05 INFO mt5_bot - Execution status=skipped reason=no_closed_bar_crossover
2026-05-05 07:08:20 INFO mt5_bot - Balance=102029.96 Equity=102029.96 Spread=0.20 pips
2026-05-05 07:08:20 INFO mt5_bot - Signal=NONE reason=no_closed_bar_crossover price=None trend=bearish rsi=50.3 atr_pips=6.2 adx=18.8
2026-05-05 07:08:20 INFO mt5_bot - Execution status=skipped reason=no_closed_bar_crossover
2026-05-05 07:08:35 INFO mt5_bot - Balance=102029.96 Equity=102029.96 Spread=0.60 pips
2026-05-05 07:08:35 INFO mt5_bot - Signal=NONE reason=no_closed_bar_crossover price=None trend=bearish rsi=50.3 atr_pips=6.2 adx=18.8
2026-05-05 07:08:35 INFO mt5_bot - Execution status=skipped reason=no_closed_bar_crossover
2026-05-05 07:08:50 INFO mt5_bot - Balance=102029.96 Equity=102029.96 Spread=1.10 pips
2026-05-05 07:08:50 INFO mt5_bot - Signal=NONE reason=no_closed_bar_crossover price=None trend=bearish rsi=50.3 atr_pips=6.2 adx=18.8
2026-05-05 07:08:50 INFO mt5_bot - Execution status=skipped reason=no_closed_bar_crossover
2026-05-05 07:09:05 INFO mt5_bot - Balance=102029.96 Equity=102029.96 Spread=0.20 pips
2026-05-05 07:09:05 INFO mt5_bot - Signal=NONE reason=no_closed_bar_crossover price=None trend=bearish rsi=50.3 atr_pips=6.2 adx=18.8
2026-05-05 07:09:05 INFO mt5_bot - Execution status=skipped reason=no_closed_bar_crossover
2026-05-05 07:09:20 INFO mt5_bot - Balance=102029.96 Equity=102029.96 Spread=0.20 pips
2026-05-05 07:09:20 INFO mt5_bot - Signal=NONE reason=no_closed_bar_crossover price=None trend=bearish rsi=50.3 atr_pips=6.2 adx=18.8
2026-05-05 07:09:20 INFO mt5_bot - Execution status=skipped reason=no_closed_bar_crossover
2026-05-05 07:09:35 INFO mt5_bot - Balance=102029.96 Equity=102029.96 Spread=0.20 pips
2026-05-05 07:09:35 INFO mt5_bot - Signal=NONE reason=no_closed_bar_crossover price=None trend=bearish rsi=50.3 atr_pips=6.2 adx=18.8
2026-05-05 07:09:35 INFO mt5_bot - Execution status=skipped reason=no_closed_bar_crossover
2026-05-05 07:09:50 INFO mt5_bot - Balance=102029.96 Equity=102029.96 Spread=0.20 pips
2026-05-05 07:09:50 INFO mt5_bot - Signal=NONE reason=no_closed_bar_crossover price=None trend=bearish rsi=50.3 atr_pips=6.2 adx=18.8
2026-05-05 07:09:50 INFO mt5_bot - Execution status=skipped reason=no_closed_bar_crossover
2026-05-05 07:10:05 INFO mt5_bot - Balance=102029.96 Equity=102029.96 Spread=0.20 pips
2026-05-05 07:10:05 INFO mt5_bot - Signal=NONE reason=no_closed_bar_crossover price=None trend=bearish rsi=50.3 atr_pips=6.2 adx=18.8
2026-05-05 07:10:05 INFO mt5_bot - Execution status=skipped reason=no_closed_bar_crossover
2026-05-05 07:10:20 INFO mt5_bot - Balance=102029.96 Equity=102029.96 Spread=0.20 pips
2026-05-05 07:10:20 INFO mt5_bot - Signal=NONE reason=no_closed_bar_crossover price=None trend=bearish rsi=50.3 atr_pips=6.2 adx=18.8
2026-05-05 07:10:20 INFO mt5_bot - Execution status=skipped reason=no_closed_bar_crossover
2026-05-05 07:10:35 INFO mt5_bot - Balance=102029.96 Equity=102029.96 Spread=0.20 pips
2026-05-05 07:10:35 INFO mt5_bot - Signal=NONE reason=no_closed_bar_crossover price=None trend=bearish rsi=50.3 atr_pips=6.2 adx=18.8
2026-05-05 07:10:35 INFO mt5_bot - Execution status=skipped reason=no_closed_bar_crossover
2026-05-05 07:10:50 INFO mt5_bot - Balance=102029.96 Equity=102029.96 Spread=0.20 pips
2026-05-05 07:10:50 INFO mt5_bot - Signal=NONE reason=no_closed_bar_crossover price=None trend=bearish rsi=50.3 atr_pips=6.2 adx=18.8
2026-05-05 07:10:50 INFO mt5_bot - Execution status=skipped reason=no_closed_bar_crossover
2026-05-05 07:11:05 INFO mt5_bot - Balance=102029.96 Equity=102029.96 Spread=0.20 pips
2026-05-05 07:11:05 INFO mt5_bot - Signal=NONE reason=no_closed_bar_crossover price=None trend=bearish rsi=50.3 atr_pips=6.2 adx=18.8
2026-05-05 07:11:05 INFO mt5_bot - Execution status=skipped reason=no_closed_bar_crossover
2026-05-05 07:11:20 INFO mt5_bot - Balance=102029.96 Equity=102029.96 Spread=0.20 pips
2026-05-05 07:11:20 INFO mt5_bot - Signal=NONE reason=no_closed_bar_crossover price=None trend=bearish rsi=50.3 atr_pips=6.2 adx=18.8
2026-05-05 07:11:20 INFO mt5_bot - Execution status=skipped reason=no_closed_bar_crossover
2026-05-05 07:11:35 INFO mt5_bot - Balance=102029.96 Equity=102029.96 Spread=0.20 pips
2026-05-05 07:11:35 INFO mt5_bot - Signal=NONE reason=no_closed_bar_crossover price=None trend=bearish rsi=50.3 atr_pips=6.2 adx=18.8
2026-05-05 07:11:35 INFO mt5_bot - Execution status=skipped reason=no_closed_bar_crossover
2026-05-05 07:11:50 INFO mt5_bot - Balance=102029.96 Equity=102029.96 Spread=0.20 pips
2026-05-05 07:11:50 INFO mt5_bot - Signal=NONE reason=no_closed_bar_crossover price=None trend=bearish rsi=50.3 atr_pips=6.2 adx=18.8
2026-05-05 07:11:50 INFO mt5_bot - Execution status=skipped reason=no_closed_bar_crossover
2026-05-05 07:12:05 INFO mt5_bot - Balance=102029.96 Equity=102029.96 Spread=0.20 pips
2026-05-05 07:12:05 INFO mt5_bot - Signal=NONE reason=no_closed_bar_crossover price=None trend=bearish rsi=50.3 atr_pips=6.2 adx=18.8
2026-05-05 07:12:05 INFO mt5_bot - Execution status=skipped reason=no_closed_bar_crossover
2026-05-05 07:12:20 INFO mt5_bot - Balance=102029.96 Equity=102029.96 Spread=0.20 pips
2026-05-05 07:12:20 INFO mt5_bot - Signal=NONE reason=no_closed_bar_crossover price=None trend=bearish rsi=50.3 atr_pips=6.2 adx=18.8
2026-05-05 07:12:20 INFO mt5_bot - Execution status=skipped reason=no_closed_bar_crossover
2026-05-05 07:12:36 INFO mt5_bot - Balance=102029.96 Equity=102029.96 Spread=0.20 pips
2026-05-05 07:12:36 INFO mt5_bot - Signal=NONE reason=no_closed_bar_crossover price=None trend=bearish rsi=50.3 atr_pips=6.2 adx=18.8
2026-05-05 07:12:36 INFO mt5_bot - Execution status=skipped reason=no_closed_bar_crossover
2026-05-05 07:12:51 INFO mt5_bot - Balance=102029.96 Equity=102029.96 Spread=0.20 pips
2026-05-05 07:12:51 INFO mt5_bot - Signal=NONE reason=no_closed_bar_crossover price=None trend=bearish rsi=50.3 atr_pips=6.2 adx=18.8
2026-05-05 07:12:51 INFO mt5_bot - Execution status=skipped reason=no_closed_bar_crossover
2026-05-05 07:13:06 INFO mt5_bot - Balance=102029.96 Equity=102029.96 Spread=0.20 pips
2026-05-05 07:13:06 INFO mt5_bot - Signal=NONE reason=no_closed_bar_crossover price=None trend=bearish rsi=50.3 atr_pips=6.2 adx=18.8
2026-05-05 07:13:06 INFO mt5_bot - Execution status=skipped reason=no_closed_bar_crossover
2026-05-05 07:13:21 INFO mt5_bot - Balance=102029.96 Equity=102029.96 Spread=0.20 pips
2026-05-05 07:13:21 INFO mt5_bot - Signal=NONE reason=no_closed_bar_crossover price=None trend=bearish rsi=50.3 atr_pips=6.2 adx=18.8
2026-05-05 07:13:21 INFO mt5_bot - Execution status=skipped reason=no_closed_bar_crossover
2026-05-05 07:13:36 INFO mt5_bot - Balance=102029.96 Equity=102029.96 Spread=0.20 pips
2026-05-05 07:13:36 INFO mt5_bot - Signal=NONE reason=no_closed_bar_crossover price=None trend=bearish rsi=50.3 atr_pips=6.2 adx=18.8
2026-05-05 07:13:36 INFO mt5_bot - Execution status=skipped reason=no_closed_bar_crossover
2026-05-05 07:13:51 INFO mt5_bot - Balance=102029.96 Equity=102029.96 Spread=0.20 pips
2026-05-05 07:13:51 INFO mt5_bot - Signal=NONE reason=no_closed_bar_crossover price=None trend=bearish rsi=50.3 atr_pips=6.2 adx=18.8
2026-05-05 07:13:51 INFO mt5_bot - Execution status=skipped reason=no_closed_bar_crossover
2026-05-05 07:14:06 INFO mt5_bot - Balance=102029.96 Equity=102029.96 Spread=0.20 pips
2026-05-05 07:14:06 INFO mt5_bot - Signal=NONE reason=no_closed_bar_crossover price=None trend=bearish rsi=50.3 atr_pips=6.2 adx=18.8
2026-05-05 07:14:06 INFO mt5_bot - Execution status=skipped reason=no_closed_bar_crossover
2026-05-05 07:14:21 INFO mt5_bot - Balance=102029.96 Equity=102029.96 Spread=0.20 pips
2026-05-05 07:14:21 INFO mt5_bot - Signal=NONE reason=no_closed_bar_crossover price=None trend=bearish rsi=50.3 atr_pips=6.2 adx=18.8
2026-05-05 07:14:21 INFO mt5_bot - Execution status=skipped reason=no_closed_bar_crossover
2026-05-05 07:14:36 INFO mt5_bot - Balance=102029.96 Equity=102029.96 Spread=0.20 pips
2026-05-05 07:14:36 INFO mt5_bot - Signal=NONE reason=no_closed_bar_crossover price=None trend=bearish rsi=50.3 atr_pips=6.2 adx=18.8
2026-05-05 07:14:36 INFO mt5_bot - Execution status=skipped reason=no_closed_bar_crossover
2026-05-05 07:14:51 INFO mt5_bot - Balance=102029.96 Equity=102029.96 Spread=0.20 pips
2026-05-05 07:14:51 INFO mt5_bot - Signal=NONE reason=no_closed_bar_crossover price=None trend=bearish rsi=50.3 atr_pips=6.2 adx=18.8
2026-05-05 07:14:51 INFO mt5_bot - Execution status=skipped reason=no_closed_bar_crossover
2026-05-05 07:15:06 INFO mt5_bot - Balance=102029.96 Equity=102029.96 Spread=0.20 pips
2026-05-05 07:15:06 INFO mt5_bot - Signal=NONE reason=no_closed_bar_crossover price=None trend=bearish rsi=52.4 atr_pips=6.3 adx=17.9
2026-05-05 07:15:06 INFO mt5_bot - ADX reduce: adx=17.9 \u2192 risk_pct=1.12%
2026-05-05 07:15:06 INFO mt5_bot - Execution status=skipped reason=no_closed_bar_crossover
2026-05-05 07:15:21 INFO mt5_bot - Balance=102029.96 Equity=102029.96 Spread=0.20 pips
2026-05-05 07:15:21 INFO mt5_bot - Signal=NONE reason=no_closed_bar_crossover price=None trend=bearish rsi=52.4 atr_pips=6.3 adx=17.9
2026-05-05 07:15:21 INFO mt5_bot - ADX reduce: adx=17.9 \u2192 risk_pct=1.12%
2026-05-05 07:15:21 INFO mt5_bot - Execution status=skipped reason=no_closed_bar_crossover
2026-05-05 07:15:36 INFO mt5_bot - Balance=102029.96 Equity=102029.96 Spread=0.20 pips
2026-05-05 07:15:36 INFO mt5_bot - Signal=NONE reason=no_closed_bar_crossover price=None trend=bearish rsi=52.4 atr_pips=6.3 adx=17.9
2026-05-05 07:15:36 INFO mt5_bot - ADX reduce: adx=17.9 \u2192 risk_pct=1.12%
2026-05-05 07:15:36 INFO mt5_bot - Execution status=skipped reason=no_closed_bar_crossover
2026-05-05 07:15:51 INFO mt5_bot - Balance=102029.96 Equity=102029.96 Spread=0.20 pips
2026-05-05 07:15:51 INFO mt5_bot - Signal=NONE reason=no_closed_bar_crossover price=None trend=bearish rsi=52.4 atr_pips=6.3 adx=17.9
2026-05-05 07:15:51 INFO mt5_bot - ADX reduce: adx=17.9 \u2192 risk_pct=1.12%
2026-05-05 07:15:51 INFO mt5_bot - Execution status=skipped reason=no_closed_bar_crossover
2026-05-05 07:16:06 INFO mt5_bot - Balance=102029.96 Equity=102029.96 Spread=0.20 pips
2026-05-05 07:16:06 INFO mt5_bot - Signal=NONE reason=no_closed_bar_crossover price=None trend=bearish rsi=52.4 atr_pips=6.3 adx=17.9
2026-05-05 07:16:06 INFO mt5_bot - ADX reduce: adx=17.9 \u2192 risk_pct=1.12%
2026-05-05 07:16:06 INFO mt5_bot - Execution status=skipped reason=no_closed_bar_crossover
2026-05-05 07:16:21 INFO mt5_bot - Balance=102029.96 Equity=102029.96 Spread=0.20 pips
2026-05-05 07:16:21 INFO mt5_bot - Signal=NONE reason=no_closed_bar_crossover price=None trend=bearish rsi=52.4 atr_pips=6.3 adx=17.9
2026-05-05 07:16:21 INFO mt5_bot - ADX reduce: adx=17.9 \u2192 risk_pct=1.12%
2026-05-05 07:16:21 INFO mt5_bot - Execution status=skipped reason=no_closed_bar_crossover
2026-05-05 07:16:36 INFO mt5_bot - Balance=102029.96 Equity=102029.96 Spread=0.20 pips
2026-05-05 07:16:36 INFO mt5_bot - Signal=NONE reason=no_closed_bar_crossover price=None trend=bearish rsi=52.4 atr_pips=6.3 adx=17.9
2026-05-05 07:16:36 INFO mt5_bot - ADX reduce: adx=17.9 \u2192 risk_pct=1.12%
2026-05-05 07:16:36 INFO mt5_bot - Execution status=skipped reason=no_closed_bar_crossover
2026-05-05 07:16:51 INFO mt5_bot - Balance=102029.96 Equity=102029.96 Spread=0.20 pips
2026-05-05 07:16:51 INFO mt5_bot - Signal=NONE reason=no_closed_bar_crossover price=None trend=bearish rsi=52.4 atr_pips=6.3 adx=17.9
2026-05-05 07:16:51 INFO mt5_bot - ADX reduce: adx=17.9 \u2192 risk_pct=1.12%
2026-05-05 07:16:51 INFO mt5_bot - Execution status=skipped reason=no_closed_bar_crossover
2026-05-05 07:17:06 INFO mt5_bot - Balance=102029.96 Equity=102029.96 Spread=0.20 pips
2026-05-05 07:17:06 INFO mt5_bot - Signal=NONE reason=no_closed_bar_crossover price=None trend=bearish rsi=52.4 atr_pips=6.3 adx=17.9
2026-05-05 07:17:06 INFO mt5_bot - ADX reduce: adx=17.9 \u2192 risk_pct=1.12%
2026-05-05 07:17:06 INFO mt5_bot - Execution status=skipped reason=no_closed_bar_crossover
2026-05-05 07:17:21 INFO mt5_bot - Balance=102029.96 Equity=102029.96 Spread=0.20 pips
2026-05-05 07:17:21 INFO mt5_bot - Signal=NONE reason=no_closed_bar_crossover price=None trend=bearish rsi=52.4 atr_pips=6.3 adx=17.9
2026-05-05 07:17:21 INFO mt5_bot - ADX reduce: adx=17.9 \u2192 risk_pct=1.12%
2026-05-05 07:17:21 INFO mt5_bot - Execution status=skipped reason=no_closed_bar_crossover
2026-05-05 07:17:36 INFO mt5_bot - Balance=102029.96 Equity=102029.96 Spread=0.70 pips
2026-05-05 07:17:36 INFO mt5_bot - Signal=NONE reason=no_closed_bar_crossover price=None trend=bearish rsi=52.4 atr_pips=6.3 adx=17.9
2026-05-05 07:17:36 INFO mt5_bot - ADX reduce: adx=17.9 \u2192 risk_pct=1.12%
2026-05-05 07:17:36 INFO mt5_bot - Execution status=skipped reason=no_closed_bar_crossover
2026-05-05 07:17:51 INFO mt5_bot - Balance=102029.96 Equity=102029.96 Spread=0.20 pips
2026-05-05 07:17:51 INFO mt5_bot - Signal=NONE reason=no_closed_bar_crossover price=None trend=bearish rsi=52.4 atr_pips=6.3 adx=17.9
2026-05-05 07:17:51 INFO mt5_bot - ADX reduce: adx=17.9 \u2192 risk_pct=1.12%
2026-05-05 07:17:51 INFO mt5_bot - Execution status=skipped reason=no_closed_bar_crossover
2026-05-05 07:18:06 INFO mt5_bot - Balance=102029.96 Equity=102029.96 Spread=0.20 pips
2026-05-05 07:18:06 INFO mt5_bot - Signal=NONE reason=no_closed_bar_crossover price=None trend=bearish rsi=52.4 atr_pips=6.3 adx=17.9
2026-05-05 07:18:06 INFO mt5_bot - ADX reduce: adx=17.9 \u2192 risk_pct=1.12%
2026-05-05 07:18:06 INFO mt5_bot - Execution status=skipped reason=no_closed_bar_crossover
2026-05-05 07:18:21 INFO mt5_bot - Balance=102029.96 Equity=102029.96 Spread=0.20 pips
2026-05-05 07:18:21 INFO mt5_bot - Signal=NONE reason=no_closed_bar_crossover price=None trend=bearish rsi=52.4 atr_pips=6.3 adx=17.9
2026-05-05 07:18:21 INFO mt5_bot - ADX reduce: adx=17.9 \u2192 risk_pct=1.12%
2026-05-05 07:18:21 INFO mt5_bot - Execution status=skipped reason=no_closed_bar_crossover
2026-05-05 07:18:36 INFO mt5_bot - Balance=102029.96 Equity=102029.96 Spread=0.60 pips
2026-05-05 07:18:36 INFO mt5_bot - Signal=NONE reason=no_closed_bar_crossover price=None trend=bearish rsi=52.4 atr_pips=6.3 adx=17.9
2026-05-05 07:18:36 INFO mt5_bot - ADX reduce: adx=17.9 \u2192 risk_pct=1.12%
2026-05-05 07:18:36 INFO mt5_bot - Execution status=skipped reason=no_closed_bar_crossover
2026-05-05 07:18:51 INFO mt5_bot - Balance=102029.96 Equity=102029.96 Spread=0.80 pips
2026-05-05 07:18:51 INFO mt5_bot - Signal=NONE reason=no_closed_bar_crossover price=None trend=bearish rsi=52.4 atr_pips=6.3 adx=17.9
2026-05-05 07:18:51 INFO mt5_bot - ADX reduce: adx=17.9 \u2192 risk_pct=1.12%
2026-05-05 07:18:51 INFO mt5_bot - Execution status=skipped reason=no_closed_bar_crossover
2026-05-05 07:19:06 INFO mt5_bot - Balance=102029.96 Equity=102029.96 Spread=0.20 pips
2026-05-05 07:19:06 INFO mt5_bot - Signal=NONE reason=no_closed_bar_crossover price=None trend=bearish rsi=52.4 atr_pips=6.3 adx=17.9
2026-05-05 07:19:06 INFO mt5_bot - ADX reduce: adx=17.9 \u2192 risk_pct=1.12%
2026-05-05 07:19:06 INFO mt5_bot - Execution status=skipped reason=no_closed_bar_crossover
2026-05-05 07:19:21 INFO mt5_bot - Balance=102029.96 Equity=102029.96 Spread=0.20 pips
2026-05-05 07:19:21 INFO mt5_bot - Signal=NONE reason=no_closed_bar_crossover price=None trend=bearish rsi=52.4 atr_pips=6.3 adx=17.9
2026-05-05 07:19:21 INFO mt5_bot - ADX reduce: adx=17.9 \u2192 risk_pct=1.12%
2026-05-05 07:19:21 INFO mt5_bot - Execution status=skipped reason=no_closed_bar_crossover
2026-05-05 07:19:36 INFO mt5_bot - Balance=102029.96 Equity=102029.96 Spread=0.20 pips
2026-05-05 07:19:36 INFO mt5_bot - Signal=NONE reason=no_closed_bar_crossover price=None trend=bearish rsi=52.4 atr_pips=6.3 adx=17.9
2026-05-05 07:19:36 INFO mt5_bot - ADX reduce: adx=17.9 \u2192 risk_pct=1.12%
2026-05-05 07:19:36 INFO mt5_bot - Execution status=skipped reason=no_closed_bar_crossover
2026-05-05 07:19:51 INFO mt5_bot - Balance=102029.96 Equity=102029.96 Spread=0.20 pips
2026-05-05 07:19:51 INFO mt5_bot - Signal=NONE reason=no_closed_bar_crossover price=None trend=bearish rsi=52.4 atr_pips=6.3 adx=17.9
2026-05-05 07:19:51 INFO mt5_bot - ADX reduce: adx=17.9 \u2192 risk_pct=1.12%
2026-05-05 07:19:51 INFO mt5_bot - Execution status=skipped reason=no_closed_bar_crossover
2026-05-05 07:20:06 INFO mt5_bot - Balance=102029.96 Equity=102029.96 Spread=0.20 pips
2026-05-05 07:20:06 INFO mt5_bot - Signal=NONE reason=no_closed_bar_crossover price=None trend=bearish rsi=52.4 atr_pips=6.3 adx=17.9
2026-05-05 07:20:06 INFO mt5_bot - ADX reduce: adx=17.9 \u2192 risk_pct=1.12%
2026-05-05 07:20:06 INFO mt5_bot - Execution status=skipped reason=no_closed_bar_crossover
2026-05-05 07:20:21 INFO mt5_bot - Balance=102029.96 Equity=102029.96 Spread=0.20 pips
2026-05-05 07:20:21 INFO mt5_bot - Signal=NONE reason=no_closed_bar_crossover price=None trend=bearish rsi=52.4 atr_pips=6.3 adx=17.9
2026-05-05 07:20:21 INFO mt5_bot - ADX reduce: adx=17.9 \u2192 risk_pct=1.12%
2026-05-05 07:20:21 INFO mt5_bot - Execution status=skipped reason=no_closed_bar_crossover
2026-05-05 07:20:36 INFO mt5_bot - Balance=102029.96 Equity=102029.96 Spread=0.20 pips
2026-05-05 07:20:36 INFO mt5_bot - Signal=NONE reason=no_closed_bar_crossover price=None trend=bearish rsi=52.4 atr_pips=6.3 adx=17.9
2026-05-05 07:20:36 INFO mt5_bot - ADX reduce: adx=17.9 \u2192 risk_pct=1.12%
2026-05-05 07:20:36 INFO mt5_bot - Execution status=skipped reason=no_closed_bar_crossover
2026-05-05 07:20:51 INFO mt5_bot - Balance=102029.96 Equity=102029.96 Spread=0.70 pips
2026-05-05 07:20:51 INFO mt5_bot - Signal=NONE reason=no_closed_bar_crossover price=None trend=bearish rsi=52.4 atr_pips=6.3 adx=17.9
2026-05-05 07:20:51 INFO mt5_bot - ADX reduce: adx=17.9 \u2192 risk_pct=1.12%
2026-05-05 07:20:51 INFO mt5_bot - Execution status=skipped reason=no_closed_bar_crossover
2026-05-05 07:21:06 INFO mt5_bot - Balance=102029.96 Equity=102029.96 Spread=0.20 pips
2026-05-05 07:21:06 INFO mt5_bot - Signal=NONE reason=no_closed_bar_crossover price=None trend=bearish rsi=52.4 atr_pips=6.3 adx=17.9
2026-05-05 07:21:06 INFO mt5_bot - ADX reduce: adx=17.9 \u2192 risk_pct=1.12%
2026-05-05 07:21:06 INFO mt5_bot - Execution status=skipped reason=no_closed_bar_crossover
2026-05-05 07:21:21 INFO mt5_bot - Balance=102029.96 Equity=102029.96 Spread=0.20 pips
2026-05-05 07:21:21 INFO mt5_bot - Signal=NONE reason=no_closed_bar_crossover price=None trend=bearish rsi=52.4 atr_pips=6.3 adx=17.9
2026-05-05 07:21:21 INFO mt5_bot - ADX reduce: adx=17.9 \u2192 risk_pct=1.12%
2026-05-05 07:21:21 INFO mt5_bot - Execution status=skipped reason=no_closed_bar_crossover
2026-05-05 07:21:36 INFO mt5_bot - Balance=102029.96 Equity=102029.96 Spread=0.80 pips
2026-05-05 07:21:36 INFO mt5_bot - Signal=NONE reason=no_closed_bar_crossover price=None trend=bearish rsi=52.4 atr_pips=6.3 adx=17.9
2026-05-05 07:21:36 INFO mt5_bot - ADX reduce: adx=17.9 \u2192 risk_pct=1.12%
2026-05-05 07:21:36 INFO mt5_bot - Execution status=skipped reason=no_closed_bar_crossover
2026-05-05 07:21:51 INFO mt5_bot - Balance=102029.96 Equity=102029.96 Spread=0.20 pips
2026-05-05 07:21:51 INFO mt5_bot - Signal=NONE reason=no_closed_bar_crossover price=None trend=bearish rsi=52.4 atr_pips=6.3 adx=17.9
2026-05-05 07:21:51 INFO mt5_bot - ADX reduce: adx=17.9 \u2192 risk_pct=1.12%
2026-05-05 07:21:51 INFO mt5_bot - Execution status=skipped reason=no_closed_bar_crossover
2026-05-05 07:22:06 INFO mt5_bot - Balance=102029.96 Equity=102029.96 Spread=0.20 pips
2026-05-05 07:22:06 INFO mt5_bot - Signal=NONE reason=no_closed_bar_crossover price=None trend=bearish rsi=52.4 atr_pips=6.3 adx=17.9
2026-05-05 07:22:06 INFO mt5_bot - ADX reduce: adx=17.9 \u2192 risk_pct=1.12%
2026-05-05 07:22:06 INFO mt5_bot - Execution status=skipped reason=no_closed_bar_crossover
2026-05-05 07:22:21 INFO mt5_bot - Balance=102029.96 Equity=102029.96 Spread=0.20 pips
2026-05-05 07:22:21 INFO mt5_bot - Signal=NONE reason=no_closed_bar_crossover price=None trend=bearish rsi=52.4 atr_pips=6.3 adx=17.9
2026-05-05 07:22:21 INFO mt5_bot - ADX reduce: adx=17.9 \u2192 risk_pct=1.12%
2026-05-05 07:22:21 INFO mt5_bot - Execution status=skipped reason=no_closed_bar_crossover
2026-05-05 07:22:36 INFO mt5_bot - Balance=102029.96 Equity=102029.96 Spread=0.20 pips
2026-05-05 07:22:36 INFO mt5_bot - Signal=NONE reason=no_closed_bar_crossover price=None trend=bearish rsi=52.4 atr_pips=6.3 adx=17.9
2026-05-05 07:22:36 INFO mt5_bot - ADX reduce: adx=17.9 \u2192 risk_pct=1.12%
2026-05-05 07:22:36 INFO mt5_bot - Execution status=skipped reason=no_closed_bar_crossover
2026-05-05 07:22:51 INFO mt5_bot - Balance=102029.96 Equity=102029.96 Spread=1.00 pips
2026-05-05 07:22:51 INFO mt5_bot - Signal=NONE reason=no_closed_bar_crossover price=None trend=bearish rsi=52.4 atr_pips=6.3 adx=17.9
2026-05-05 07:22:51 INFO mt5_bot - ADX reduce: adx=17.9 \u2192 risk_pct=1.12%
2026-05-05 07:22:51 INFO mt5_bot - Execution status=skipped reason=no_closed_bar_crossover
2026-05-05 07:23:06 INFO mt5_bot - Balance=102029.96 Equity=102029.96 Spread=0.20 pips
2026-05-05 07:23:06 INFO mt5_bot - Signal=NONE reason=no_closed_bar_crossover price=None trend=bearish rsi=52.4 atr_pips=6.3 adx=17.9
2026-05-05 07:23:06 INFO mt5_bot - ADX reduce: adx=17.9 \u2192 risk_pct=1.12%
2026-05-05 07:23:06 INFO mt5_bot - Execution status=skipped reason=no_closed_bar_crossover
2026-05-05 07:23:21 INFO mt5_bot - Balance=102029.96 Equity=102029.96 Spread=0.20 pips
2026-05-05 07:23:21 INFO mt5_bot - Signal=NONE reason=no_closed_bar_crossover price=None trend=bearish rsi=52.4 atr_pips=6.3 adx=17.9
2026-05-05 07:23:21 INFO mt5_bot - ADX reduce: adx=17.9 \u2192 risk_pct=1.12%
2026-05-05 07:23:21 INFO mt5_bot - Execution status=skipped reason=no_closed_bar_crossover
2026-05-05 07:23:36 INFO mt5_bot - Balance=102029.96 Equity=102029.96 Spread=0.20 pips
2026-05-05 07:23:36 INFO mt5_bot - Signal=NONE reason=no_closed_bar_crossover price=None trend=bearish rsi=52.4 atr_pips=6.3 adx=17.9
2026-05-05 07:23:36 INFO mt5_bot - ADX reduce: adx=17.9 \u2192 risk_pct=1.12%
2026-05-05 07:23:36 INFO mt5_bot - Execution status=skipped reason=no_closed_bar_crossover
2026-05-05 07:23:51 INFO mt5_bot - Balance=102029.96 Equity=102029.96 Spread=0.20 pips
2026-05-05 07:23:51 INFO mt5_bot - Signal=NONE reason=no_closed_bar_crossover price=None trend=bearish rsi=52.4 atr_pips=6.3 adx=17.9
2026-05-05 07:23:51 INFO mt5_bot - ADX reduce: adx=17.9 \u2192 risk_pct=1.12%
2026-05-05 07:23:51 INFO mt5_bot - Execution status=skipped reason=no_closed_bar_crossover
2026-05-05 07:24:06 INFO mt5_bot - Balance=102029.96 Equity=102029.96 Spread=0.20 pips
2026-05-05 07:24:06 INFO mt5_bot - Signal=NONE reason=no_closed_bar_crossover price=None trend=bearish rsi=52.4 atr_pips=6.3 adx=17.9
2026-05-05 07:24:06 INFO mt5_bot - ADX reduce: adx=17.9 \u2192 risk_pct=1.12%
2026-05-05 07:24:06 INFO mt5_bot - Execution status=skipped reason=no_closed_bar_crossover
2026-05-05 07:24:21 INFO mt5_bot - Balance=102029.96 Equity=102029.96 Spread=0.20 pips
2026-05-05 07:24:21 INFO mt5_bot - Signal=NONE reason=no_closed_bar_crossover price=None trend=bearish rsi=52.4 atr_pips=6.3 adx=17.9
2026-05-05 07:24:21 INFO mt5_bot - ADX reduce: adx=17.9 \u2192 risk_pct=1.12%
2026-05-05 07:24:21 INFO mt5_bot - Execution status=skipped reason=no_closed_bar_crossover
2026-05-05 07:24:36 INFO mt5_bot - Balance=102029.96 Equity=102029.96 Spread=0.20 pips
2026-05-05 07:24:36 INFO mt5_bot - Signal=NONE reason=no_closed_bar_crossover price=None trend=bearish rsi=52.4 atr_pips=6.3 adx=17.9
2026-05-05 07:24:36 INFO mt5_bot - ADX reduce: adx=17.9 \u2192 risk_pct=1.12%
2026-05-05 07:24:36 INFO mt5_bot - Execution status=skipped reason=no_closed_bar_crossover
2026-05-05 07:24:51 INFO mt5_bot - Balance=102029.96 Equity=102029.96 Spread=0.20 pips
2026-05-05 07:24:51 INFO mt5_bot - Signal=NONE reason=no_closed_bar_crossover price=None trend=bearish rsi=52.4 atr_pips=6.3 adx=17.9
2026-05-05 07:24:51 INFO mt5_bot - ADX reduce: adx=17.9 \u2192 risk_pct=1.12%
2026-05-05 07:24:51 INFO mt5_bot - Execution status=skipped reason=no_closed_bar_crossover
2026-05-05 07:25:06 INFO mt5_bot - Balance=102029.96 Equity=102029.96 Spread=0.20 pips
2026-05-05 07:25:06 INFO mt5_bot - Signal=NONE reason=no_closed_bar_crossover price=None trend=bearish rsi=52.4 atr_pips=6.3 adx=17.9
2026-05-05 07:25:06 INFO mt5_bot - ADX reduce: adx=17.9 \u2192 risk_pct=1.12%
2026-05-05 07:25:06 INFO mt5_bot - Execution status=skipped reason=no_closed_bar_crossover
2026-05-05 07:25:21 INFO mt5_bot - Balance=102029.96 Equity=102029.96 Spread=0.20 pips
2026-05-05 07:25:21 INFO mt5_bot - Signal=NONE reason=no_closed_bar_crossover price=None trend=bearish rsi=52.4 atr_pips=6.3 adx=17.9
2026-05-05 07:25:21 INFO mt5_bot - ADX reduce: adx=17.9 \u2192 risk_pct=1.12%
2026-05-05 07:25:21 INFO mt5_bot - Execution status=skipped reason=no_closed_bar_crossover
2026-05-05 07:25:36 INFO mt5_bot - Balance=102029.96 Equity=102029.96 Spread=0.80 pips
2026-05-05 07:25:36 INFO mt5_bot - Signal=NONE reason=no_closed_bar_crossover price=None trend=bearish rsi=52.4 atr_pips=6.3 adx=17.9
2026-05-05 07:25:36 INFO mt5_bot - ADX reduce: adx=17.9 \u2192 risk_pct=1.12%
2026-05-05 07:25:36 INFO mt5_bot - Execution status=skipped reason=no_closed_bar_crossover
2026-05-05 07:25:51 INFO mt5_bot - Balance=102029.96 Equity=102029.96 Spread=0.20 pips
2026-05-05 07:25:51 INFO mt5_bot - Signal=NONE reason=no_closed_bar_crossover price=None trend=bearish rsi=52.4 atr_pips=6.3 adx=17.9
2026-05-05 07:25:51 INFO mt5_bot - ADX reduce: adx=17.9 \u2192 risk_pct=1.12%
2026-05-05 07:25:51 INFO mt5_bot - Execution status=skipped reason=no_closed_bar_crossover
2026-05-05 07:26:06 INFO mt5_bot - Balance=102029.96 Equity=102029.96 Spread=0.70 pips
2026-05-05 07:26:06 INFO mt5_bot - Signal=NONE reason=no_closed_bar_crossover price=None trend=bearish rsi=52.4 atr_pips=6.3 adx=17.9
2026-05-05 07:26:06 INFO mt5_bot - ADX reduce: adx=17.9 \u2192 risk_pct=1.12%
2026-05-05 07:26:06 INFO mt5_bot - Execution status=skipped reason=no_closed_bar_crossover
2026-05-05 07:26:21 INFO mt5_bot - Balance=102029.96 Equity=102029.96 Spread=0.20 pips
2026-05-05 07:26:21 INFO mt5_bot - Signal=NONE reason=no_closed_bar_crossover price=None trend=bearish rsi=52.4 atr_pips=6.3 adx=17.9
2026-05-05 07:26:21 INFO mt5_bot - ADX reduce: adx=17.9 \u2192 risk_pct=1.12%
2026-05-05 07:26:21 INFO mt5_bot - Execution status=skipped reason=no_closed_bar_crossover
2026-05-05 07:26:36 INFO mt5_bot - Balance=102029.96 Equity=102029.96 Spread=0.20 pips
2026-05-05 07:26:36 INFO mt5_bot - Signal=NONE reason=no_closed_bar_crossover price=None trend=bearish rsi=52.4 atr_pips=6.3 adx=17.9
2026-05-05 07:26:36 INFO mt5_bot - ADX reduce: adx=17.9 \u2192 risk_pct=1.12%
2026-05-05 07:26:36 INFO mt5_bot - Execution status=skipped reason=no_closed_bar_crossover
2026-05-05 07:26:51 INFO mt5_bot - Balance=102029.96 Equity=102029.96 Spread=0.20 pips
2026-05-05 07:26:51 INFO mt5_bot - Signal=NONE reason=no_closed_bar_crossover price=None trend=bearish rsi=52.4 atr_pips=6.3 adx=17.9
2026-05-05 07:26:51 INFO mt5_bot - ADX reduce: adx=17.9 \u2192 risk_pct=1.12%
2026-05-05 07:26:51 INFO mt5_bot - Execution status=skipped reason=no_closed_bar_crossover
2026-05-05 07:27:06 INFO mt5_bot - Balance=102029.96 Equity=102029.96 Spread=0.20 pips
2026-05-05 07:27:06 INFO mt5_bot - Signal=NONE reason=no_closed_bar_crossover price=None trend=bearish rsi=52.4 atr_pips=6.3 adx=17.9
2026-05-05 07:27:06 INFO mt5_bot - ADX reduce: adx=17.9 \u2192 risk_pct=1.12%
2026-05-05 07:27:06 INFO mt5_bot - Execution status=skipped reason=no_closed_bar_crossover
2026-05-05 07:27:22 INFO mt5_bot - Balance=102029.96 Equity=102029.96 Spread=0.20 pips
2026-05-05 07:27:22 INFO mt5_bot - Signal=NONE reason=no_closed_bar_crossover price=None trend=bearish rsi=52.4 atr_pips=6.3 adx=17.9
2026-05-05 07:27:22 INFO mt5_bot - ADX reduce: adx=17.9 \u2192 risk_pct=1.12%
2026-05-05 07:27:22 INFO mt5_bot - Execution status=skipped reason=no_closed_bar_crossover
2026-05-05 07:27:37 INFO mt5_bot - Balance=102029.96 Equity=102029.96 Spread=0.20 pips
2026-05-05 07:27:37 INFO mt5_bot - Signal=NONE reason=no_closed_bar_crossover price=None trend=bearish rsi=52.4 atr_pips=6.3 adx=17.9
2026-05-05 07:27:37 INFO mt5_bot - ADX reduce: adx=17.9 \u2192 risk_pct=1.12%
2026-05-05 07:27:37 INFO mt5_bot - Execution status=skipped reason=no_closed_bar_crossover
2026-05-05 07:27:52 INFO mt5_bot - Balance=102029.96 Equity=102029.96 Spread=0.20 pips
2026-05-05 07:27:52 INFO mt5_bot - Signal=NONE reason=no_closed_bar_crossover price=None trend=bearish rsi=52.4 atr_pips=6.3 adx=17.9
2026-05-05 07:27:52 INFO mt5_bot - ADX reduce: adx=17.9 \u2192 risk_pct=1.12%
2026-05-05 07:27:52 INFO mt5_bot - Execution status=skipped reason=no_closed_bar_crossover
2026-05-05 07:28:07 INFO mt5_bot - Balance=102029.96 Equity=102029.96 Spread=0.20 pips
2026-05-05 07:28:07 INFO mt5_bot - Signal=NONE reason=no_closed_bar_crossover price=None trend=bearish rsi=52.4 atr_pips=6.3 adx=17.9
2026-05-05 07:28:07 INFO mt5_bot - ADX reduce: adx=17.9 \u2192 risk_pct=1.12%
2026-05-05 07:28:07 INFO mt5_bot - Execution status=skipped reason=no_closed_bar_crossover
2026-05-05 07:28:22 INFO mt5_bot - Balance=102029.96 Equity=102029.96 Spread=0.20 pips
2026-05-05 07:28:22 INFO mt5_bot - Signal=NONE reason=no_closed_bar_crossover price=None trend=bearish rsi=52.4 atr_pips=6.3 adx=17.9
2026-05-05 07:28:22 INFO mt5_bot - ADX reduce: adx=17.9 \u2192 risk_pct=1.12%
2026-05-05 07:28:22 INFO mt5_bot - Execution status=skipped reason=no_closed_bar_crossover
^C2026-05-05 07:31:31 INFO mt5_bot - MT5 permissions: account_server=MetaQuotes-Demo account_trade_allowed=True account_trade_expert=True terminal_trade_allowed=True terminal_build=5836
2026-05-05 07:31:31 INFO mt5_bot - Starting PRO loop: symbol=EURUSD tf=M15 trend_tf=H1 trade_enabled=True trend_filter=True adx_filter=True rsi_momentum=False partial_close=True trailing_stop=True atr_sl_tp=True news_filter=True retest=False equity_curve=True
2026-05-05 07:31:31 INFO mt5_bot - Balance=102029.96 Equity=102029.96 Spread=0.20 pips
2026-05-05 07:31:32 INFO mt5_bot.news_filter - news_filter: loaded 115 events from ForexFactory/cache
2026-05-05 07:31:32 INFO mt5_bot - Signal=NONE reason=no_closed_bar_crossover price=None trend=bearish rsi=59.2 atr_pips=6.3 adx=18.1
2026-05-05 07:31:32 INFO mt5_bot - Execution status=skipped reason=no_closed_bar_crossover
2026-05-05 07:31:47 INFO mt5_bot - Balance=102029.96 Equity=102029.96 Spread=0.20 pips
2026-05-05 07:31:47 INFO mt5_bot - Signal=NONE reason=no_closed_bar_crossover price=None trend=bearish rsi=59.2 atr_pips=6.3 adx=18.1
2026-05-05 07:31:47 INFO mt5_bot - Execution status=skipped reason=no_closed_bar_crossover
2026-05-05 07:32:02 INFO mt5_bot - Balance=102029.96 Equity=102029.96 Spread=0.20 pips
2026-05-05 07:32:02 INFO mt5_bot - Signal=NONE reason=no_closed_bar_crossover price=None trend=bearish rsi=59.2 atr_pips=6.3 adx=18.1
2026-05-05 07:32:02 INFO mt5_bot - Execution status=skipped reason=no_closed_bar_crossover
2026-05-05 07:32:17 INFO mt5_bot - Balance=102029.96 Equity=102029.96 Spread=0.20 pips
2026-05-05 07:32:17 INFO mt5_bot - Signal=NONE reason=no_closed_bar_crossover price=None trend=bearish rsi=59.2 atr_pips=6.3 adx=18.1
2026-05-05 07:32:17 INFO mt5_bot - Execution status=skipped reason=no_closed_bar_crossover
2026-05-05 07:32:32 INFO mt5_bot - Balance=102029.96 Equity=102029.96 Spread=0.20 pips
2026-05-05 07:32:32 INFO mt5_bot - Signal=NONE reason=no_closed_bar_crossover price=None trend=bearish rsi=59.2 atr_pips=6.3 adx=18.1
2026-05-05 07:32:32 INFO mt5_bot - Execution status=skipped reason=no_closed_bar_crossover
2026-05-05 07:32:37 INFO mt5_bot - Stopped by user
2026-05-05 07:32:47 INFO mt5_bot - MT5 permissions: account_server=MetaQuotes-Demo account_trade_allowed=True account_trade_expert=True terminal_trade_allowed=True terminal_build=5836
2026-05-05 07:32:47 INFO mt5_bot - Starting PRO loop: symbol=EURUSD tf=M15 trend_tf=H1 trade_enabled=True trend_filter=True adx_filter=True rsi_momentum=False partial_close=True trailing_stop=True atr_sl_tp=True news_filter=True retest=False equity_curve=True
2026-05-05 07:32:47 INFO mt5_bot - Balance=102029.96 Equity=102029.96 Spread=0.20 pips
2026-05-05 07:32:47 INFO mt5_bot.news_filter - news_filter: loaded 115 events from shared cache
2026-05-05 07:32:47 INFO mt5_bot - Signal=NONE reason=no_closed_bar_crossover price=None trend=bearish rsi=59.2 atr_pips=6.3 adx=18.1
2026-05-05 07:32:47 INFO mt5_bot - Execution status=skipped reason=no_closed_bar_crossover
2026-05-05 07:33:02 INFO mt5_bot - Balance=102029.96 Equity=102029.96 Spread=0.20 pips
2026-05-05 07:33:02 INFO mt5_bot - Signal=NONE reason=no_closed_bar_crossover price=None trend=bearish rsi=59.2 atr_pips=6.3 adx=18.1
2026-05-05 07:33:02 INFO mt5_bot - Execution status=skipped reason=no_closed_bar_crossover
2026-05-05 07:33:17 INFO mt5_bot - Balance=102029.96 Equity=102029.96 Spread=0.50 pips
2026-05-05 07:33:17 INFO mt5_bot - Signal=NONE reason=no_closed_bar_crossover price=None trend=bearish rsi=59.2 atr_pips=6.3 adx=18.1
2026-05-05 07:33:17 INFO mt5_bot - Execution status=skipped reason=no_closed_bar_crossover
2026-05-05 07:33:32 INFO mt5_bot - Balance=102029.96 Equity=102029.96 Spread=0.50 pips
2026-05-05 07:33:32 INFO mt5_bot - Signal=NONE reason=no_closed_bar_crossover price=None trend=bearish rsi=59.2 atr_pips=6.3 adx=18.1
2026-05-05 07:33:32 INFO mt5_bot - Execution status=skipped reason=no_closed_bar_crossover
2026-05-05 07:33:47 INFO mt5_bot - Balance=102029.96 Equity=102029.96 Spread=0.80 pips
2026-05-05 07:33:47 INFO mt5_bot - Signal=NONE reason=no_closed_bar_crossover price=None trend=bearish rsi=59.2 atr_pips=6.3 adx=18.1
2026-05-05 07:33:47 INFO mt5_bot - Execution status=skipped reason=no_closed_bar_crossover
2026-05-05 07:34:02 INFO mt5_bot - Balance=102029.96 Equity=102029.96 Spread=0.20 pips
2026-05-05 07:34:02 INFO mt5_bot - Signal=NONE reason=no_closed_bar_crossover price=None trend=bearish rsi=59.2 atr_pips=6.3 adx=18.1
2026-05-05 07:34:02 INFO mt5_bot - Execution status=skipped reason=no_closed_bar_crossover
2026-05-05 07:34:17 INFO mt5_bot - Balance=102029.96 Equity=102029.96 Spread=0.20 pips
2026-05-05 07:34:17 INFO mt5_bot - Signal=NONE reason=no_closed_bar_crossover price=None trend=bearish rsi=59.2 atr_pips=6.3 adx=18.1
2026-05-05 07:34:17 INFO mt5_bot - Execution status=skipped reason=no_closed_bar_crossover
2026-05-05 07:34:32 INFO mt5_bot - Balance=102029.96 Equity=102029.96 Spread=1.60 pips
2026-05-05 07:34:32 INFO mt5_bot - Signal=NONE reason=no_closed_bar_crossover price=None trend=bearish rsi=59.2 atr_pips=6.3 adx=18.1
2026-05-05 07:34:32 INFO mt5_bot - Execution status=skipped reason=no_closed_bar_crossover
2026-05-05 07:34:47 INFO mt5_bot - Balance=102029.96 Equity=102029.96 Spread=0.20 pips
2026-05-05 07:34:47 INFO mt5_bot - Signal=NONE reason=no_closed_bar_crossover price=None trend=bearish rsi=59.2 atr_pips=6.3 adx=18.1
2026-05-05 07:34:47 INFO mt5_bot - Execution status=skipped reason=no_closed_bar_crossover
2026-05-05 07:35:02 INFO mt5_bot - Balance=102029.96 Equity=102029.96 Spread=1.00 pips
2026-05-05 07:35:02 INFO mt5_bot - Signal=NONE reason=no_closed_bar_crossover price=None trend=bearish rsi=59.2 atr_pips=6.3 adx=18.1
2026-05-05 07:35:02 INFO mt5_bot - Execution status=skipped reason=no_closed_bar_crossover
2026-05-05 07:35:17 INFO mt5_bot - Balance=102029.96 Equity=102029.96 Spread=0.20 pips
2026-05-05 07:35:17 INFO mt5_bot - Signal=NONE reason=no_closed_bar_crossover price=None trend=bearish rsi=59.2 atr_pips=6.3 adx=18.1
2026-05-05 07:35:17 INFO mt5_bot - Execution status=skipped reason=no_closed_bar_crossover
2026-05-05 07:35:32 INFO mt5_bot - Balance=102029.96 Equity=102029.96 Spread=0.90 pips
2026-05-05 07:35:32 INFO mt5_bot - Signal=NONE reason=no_closed_bar_crossover price=None trend=bearish rsi=59.2 atr_pips=6.3 adx=18.1
2026-05-05 07:35:32 INFO mt5_bot - Execution status=skipped reason=no_closed_bar_crossover
2026-05-05 07:35:47 INFO mt5_bot - Balance=102029.96 Equity=102029.96 Spread=0.20 pips
2026-05-05 07:35:47 INFO mt5_bot - Signal=NONE reason=no_closed_bar_crossover price=None trend=bearish rsi=59.2 atr_pips=6.3 adx=18.1
2026-05-05 07:35:47 INFO mt5_bot - Execution status=skipped reason=no_closed_bar_crossover
2026-05-05 07:36:02 INFO mt5_bot - Balance=102029.96 Equity=102029.96 Spread=0.20 pips
2026-05-05 07:36:02 INFO mt5_bot - Signal=NONE reason=no_closed_bar_crossover price=None trend=bearish rsi=59.2 atr_pips=6.3 adx=18.1
2026-05-05 07:36:02 INFO mt5_bot - Execution status=skipped reason=no_closed_bar_crossover
2026-05-05 07:36:17 INFO mt5_bot - Balance=102029.96 Equity=102029.96 Spread=0.20 pips
2026-05-05 07:36:17 INFO mt5_bot - Signal=NONE reason=no_closed_bar_crossover price=None trend=bearish rsi=59.2 atr_pips=6.3 adx=18.1
2026-05-05 07:36:17 INFO mt5_bot - Execution status=skipped reason=no_closed_bar_crossover
2026-05-05 07:36:32 INFO mt5_bot - Balance=102029.96 Equity=102029.96 Spread=0.20 pips
2026-05-05 07:36:32 INFO mt5_bot - Signal=NONE reason=no_closed_bar_crossover price=None trend=bearish rsi=59.2 atr_pips=6.3 adx=18.1
2026-05-05 07:36:32 INFO mt5_bot - Execution status=skipped reason=no_closed_bar_crossover
2026-05-05 07:36:47 INFO mt5_bot - Balance=102029.96 Equity=102029.96 Spread=1.00 pips
2026-05-05 07:36:47 INFO mt5_bot - Signal=NONE reason=no_closed_bar_crossover price=None trend=bearish rsi=59.2 atr_pips=6.3 adx=18.1
2026-05-05 07:36:47 INFO mt5_bot - Execution status=skipped reason=no_closed_bar_crossover
2026-05-05 07:37:02 INFO mt5_bot - Balance=102029.96 Equity=102029.96 Spread=0.20 pips
2026-05-05 07:37:02 INFO mt5_bot - Signal=NONE reason=no_closed_bar_crossover price=None trend=bearish rsi=59.2 atr_pips=6.3 adx=18.1
2026-05-05 07:37:02 INFO mt5_bot - Execution status=skipped reason=no_closed_bar_crossover
2026-05-05 07:37:17 INFO mt5_bot - Balance=102029.96 Equity=102029.96 Spread=0.20 pips
2026-05-05 07:37:17 INFO mt5_bot - Signal=NONE reason=no_closed_bar_crossover price=None trend=bearish rsi=59.2 atr_pips=6.3 adx=18.1
2026-05-05 07:37:17 INFO mt5_bot - Execution status=skipped reason=no_closed_bar_crossover
2026-05-05 07:37:32 INFO mt5_bot - Balance=102029.96 Equity=102029.96 Spread=0.20 pips
2026-05-05 07:37:32 INFO mt5_bot - Signal=NONE reason=no_closed_bar_crossover price=None trend=bearish rsi=59.2 atr_pips=6.3 adx=18.1
2026-05-05 07:37:32 INFO mt5_bot - Execution status=skipped reason=no_closed_bar_crossover
2026-05-05 07:37:47 INFO mt5_bot - Balance=102029.96 Equity=102029.96 Spread=0.20 pips
2026-05-05 07:37:47 INFO mt5_bot - Signal=NONE reason=no_closed_bar_crossover price=None trend=bearish rsi=59.2 atr_pips=6.3 adx=18.1
2026-05-05 07:37:47 INFO mt5_bot - Execution status=skipped reason=no_closed_bar_crossover
2026-05-05 07:38:02 INFO mt5_bot - Balance=102029.96 Equity=102029.96 Spread=0.20 pips
2026-05-05 07:38:02 INFO mt5_bot - Signal=NONE reason=no_closed_bar_crossover price=None trend=bearish rsi=59.2 atr_pips=6.3 adx=18.1
2026-05-05 07:38:02 INFO mt5_bot - Execution status=skipped reason=no_closed_bar_crossover
2026-05-05 07:38:17 INFO mt5_bot - Balance=102029.96 Equity=102029.96 Spread=0.20 pips
2026-05-05 07:38:17 INFO mt5_bot - Signal=NONE reason=no_closed_bar_crossover price=None trend=bearish rsi=59.2 atr_pips=6.3 adx=18.1
2026-05-05 07:38:17 INFO mt5_bot - Execution status=skipped reason=no_closed_bar_crossover
2026-05-05 07:38:32 INFO mt5_bot - Balance=102029.96 Equity=102029.96 Spread=0.20 pips
2026-05-05 07:38:32 INFO mt5_bot - Signal=NONE reason=no_closed_bar_crossover price=None trend=bearish rsi=59.2 atr_pips=6.3 adx=18.1
2026-05-05 07:38:32 INFO mt5_bot - Execution status=skipped reason=no_closed_bar_crossover
2026-05-05 07:38:47 INFO mt5_bot - Balance=102029.96 Equity=102029.96 Spread=0.20 pips
2026-05-05 07:38:47 INFO mt5_bot - Signal=NONE reason=no_closed_bar_crossover price=None trend=bearish rsi=59.2 atr_pips=6.3 adx=18.1
2026-05-05 07:38:47 INFO mt5_bot - Execution status=skipped reason=no_closed_bar_crossover
2026-05-05 07:39:02 INFO mt5_bot - Balance=102029.96 Equity=102029.96 Spread=0.20 pips
2026-05-05 07:39:02 INFO mt5_bot - Signal=NONE reason=no_closed_bar_crossover price=None trend=bearish rsi=59.2 atr_pips=6.3 adx=18.1
2026-05-05 07:39:02 INFO mt5_bot - Execution status=skipped reason=no_closed_bar_crossover
2026-05-05 07:39:17 INFO mt5_bot - Balance=102029.96 Equity=102029.96 Spread=0.20 pips
2026-05-05 07:39:17 INFO mt5_bot - Signal=NONE reason=no_closed_bar_crossover price=None trend=bearish rsi=59.2 atr_pips=6.3 adx=18.1
2026-05-05 07:39:17 INFO mt5_bot - Execution status=skipped reason=no_closed_bar_crossover
2026-05-05 07:39:32 INFO mt5_bot - Balance=102029.96 Equity=102029.96 Spread=0.40 pips
2026-05-05 07:39:32 INFO mt5_bot - Signal=NONE reason=no_closed_bar_crossover price=None trend=bearish rsi=59.2 atr_pips=6.3 adx=18.1
2026-05-05 07:39:32 INFO mt5_bot - Execution status=skipped reason=no_closed_bar_crossover
2026-05-05 07:39:47 INFO mt5_bot - Balance=102029.96 Equity=102029.96 Spread=0.20 pips
2026-05-05 07:39:47 INFO mt5_bot - Signal=NONE reason=no_closed_bar_crossover price=None trend=bearish rsi=59.2 atr_pips=6.3 adx=18.1
2026-05-05 07:39:47 INFO mt5_bot - Execution status=skipped reason=no_closed_bar_crossover
2026-05-05 07:40:02 INFO mt5_bot - Balance=102029.96 Equity=102029.96 Spread=0.20 pips
2026-05-05 07:40:02 INFO mt5_bot - Signal=NONE reason=no_closed_bar_crossover price=None trend=bearish rsi=59.2 atr_pips=6.3 adx=18.1
2026-05-05 07:40:02 INFO mt5_bot - Execution status=skipped reason=no_closed_bar_crossover
2026-05-05 07:40:17 INFO mt5_bot - Balance=102029.96 Equity=102029.96 Spread=0.50 pips
2026-05-05 07:40:17 INFO mt5_bot - Signal=NONE reason=no_closed_bar_crossover price=None trend=bearish rsi=59.2 atr_pips=6.3 adx=18.1
2026-05-05 07:40:17 INFO mt5_bot - Execution status=skipped reason=no_closed_bar_crossover
2026-05-05 07:40:32 INFO mt5_bot - Balance=102029.96 Equity=102029.96 Spread=0.20 pips
2026-05-05 07:40:32 INFO mt5_bot - Signal=NONE reason=no_closed_bar_crossover price=None trend=bearish rsi=59.2 atr_pips=6.3 adx=18.1
2026-05-05 07:40:32 INFO mt5_bot - Execution status=skipped reason=no_closed_bar_crossover
2026-05-05 07:40:47 INFO mt5_bot - Balance=102029.96 Equity=102029.96 Spread=1.10 pips
2026-05-05 07:40:47 INFO mt5_bot - Signal=NONE reason=no_closed_bar_crossover price=None trend=bearish rsi=59.2 atr_pips=6.3 adx=18.1
2026-05-05 07:40:47 INFO mt5_bot - Execution status=skipped reason=no_closed_bar_crossover
2026-05-05 07:41:02 INFO mt5_bot - Balance=102029.96 Equity=102029.96 Spread=0.60 pips
2026-05-05 07:41:02 INFO mt5_bot - Signal=NONE reason=no_closed_bar_crossover price=None trend=bearish rsi=59.2 atr_pips=6.3 adx=18.1
2026-05-05 07:41:02 INFO mt5_bot - Execution status=skipped reason=no_closed_bar_crossover
2026-05-05 07:41:17 INFO mt5_bot - Balance=102029.96 Equity=102029.96 Spread=0.50 pips
2026-05-05 07:41:17 INFO mt5_bot - Signal=NONE reason=no_closed_bar_crossover price=None trend=bearish rsi=59.2 atr_pips=6.3 adx=18.1
2026-05-05 07:41:17 INFO mt5_bot - Execution status=skipped reason=no_closed_bar_crossover
2026-05-05 07:41:32 INFO mt5_bot - Balance=102029.96 Equity=102029.96 Spread=0.20 pips
2026-05-05 07:41:32 INFO mt5_bot - Signal=NONE reason=no_closed_bar_crossover price=None trend=bearish rsi=59.2 atr_pips=6.3 adx=18.1
2026-05-05 07:41:32 INFO mt5_bot - Execution status=skipped reason=no_closed_bar_crossover
2026-05-05 07:41:47 INFO mt5_bot - Balance=102029.96 Equity=102029.96 Spread=0.20 pips
2026-05-05 07:41:47 INFO mt5_bot - Signal=NONE reason=no_closed_bar_crossover price=None trend=bearish rsi=59.2 atr_pips=6.3 adx=18.1
2026-05-05 07:41:47 INFO mt5_bot - Execution status=skipped reason=no_closed_bar_crossover
2026-05-05 07:42:02 INFO mt5_bot - Balance=102029.96 Equity=102029.96 Spread=0.20 pips
2026-05-05 07:42:02 INFO mt5_bot - Signal=NONE reason=no_closed_bar_crossover price=None trend=bearish rsi=59.2 atr_pips=6.3 adx=18.1
2026-05-05 07:42:02 INFO mt5_bot - Execution status=skipped reason=no_closed_bar_crossover
2026-05-05 07:42:17 INFO mt5_bot - Balance=102029.96 Equity=102029.96 Spread=0.60 pips
2026-05-05 07:42:17 INFO mt5_bot - Signal=NONE reason=no_closed_bar_crossover price=None trend=bearish rsi=59.2 atr_pips=6.3 adx=18.1
2026-05-05 07:42:17 INFO mt5_bot - Execution status=skipped reason=no_closed_bar_crossover
2026-05-05 07:42:32 INFO mt5_bot - Balance=102029.96 Equity=102029.96 Spread=0.20 pips
2026-05-05 07:42:32 INFO mt5_bot - Signal=NONE reason=no_closed_bar_crossover price=None trend=bearish rsi=59.2 atr_pips=6.3 adx=18.1
2026-05-05 07:42:32 INFO mt5_bot - Execution status=skipped reason=no_closed_bar_crossover
2026-05-05 07:42:47 INFO mt5_bot - Balance=102029.96 Equity=102029.96 Spread=0.50 pips
2026-05-05 07:42:47 INFO mt5_bot - Signal=NONE reason=no_closed_bar_crossover price=None trend=bearish rsi=59.2 atr_pips=6.3 adx=18.1
2026-05-05 07:42:47 INFO mt5_bot - Execution status=skipped reason=no_closed_bar_crossover
2026-05-05 07:43:02 INFO mt5_bot - Balance=102029.96 Equity=102029.96 Spread=0.50 pips
2026-05-05 07:43:02 INFO mt5_bot - Signal=NONE reason=no_closed_bar_crossover price=None trend=bearish rsi=59.2 atr_pips=6.3 adx=18.1
2026-05-05 07:43:02 INFO mt5_bot - Execution status=skipped reason=no_closed_bar_crossover
2026-05-05 07:43:17 INFO mt5_bot - Balance=102029.96 Equity=102029.96 Spread=0.20 pips
2026-05-05 07:43:17 INFO mt5_bot - Signal=NONE reason=no_closed_bar_crossover price=None trend=bearish rsi=59.2 atr_pips=6.3 adx=18.1
2026-05-05 07:43:17 INFO mt5_bot - Execution status=skipped reason=no_closed_bar_crossover
2026-05-05 07:43:32 INFO mt5_bot - Balance=102029.96 Equity=102029.96 Spread=0.20 pips
2026-05-05 07:43:32 INFO mt5_bot - Signal=NONE reason=no_closed_bar_crossover price=None trend=bearish rsi=59.2 atr_pips=6.3 adx=18.1
2026-05-05 07:43:32 INFO mt5_bot - Execution status=skipped reason=no_closed_bar_crossover
2026-05-05 07:43:47 INFO mt5_bot - Balance=102029.96 Equity=102029.96 Spread=0.50 pips
2026-05-05 07:43:47 INFO mt5_bot - Signal=NONE reason=no_closed_bar_crossover price=None trend=bearish rsi=59.2 atr_pips=6.3 adx=18.1
2026-05-05 07:43:47 INFO mt5_bot - Execution status=skipped reason=no_closed_bar_crossover
2026-05-05 07:44:02 INFO mt5_bot - Balance=102029.96 Equity=102029.96 Spread=0.20 pips
2026-05-05 07:44:02 INFO mt5_bot - Signal=NONE reason=no_closed_bar_crossover price=None trend=bearish rsi=59.2 atr_pips=6.3 adx=18.1
2026-05-05 07:44:02 INFO mt5_bot - Execution status=skipped reason=no_closed_bar_crossover
2026-05-05 07:44:17 INFO mt5_bot - Balance=102029.96 Equity=102029.96 Spread=0.20 pips
2026-05-05 07:44:17 INFO mt5_bot - Signal=NONE reason=no_closed_bar_crossover price=None trend=bearish rsi=59.2 atr_pips=6.3 adx=18.1
2026-05-05 07:44:17 INFO mt5_bot - Execution status=skipped reason=no_closed_bar_crossover
2026-05-05 07:44:32 INFO mt5_bot - Balance=102029.96 Equity=102029.96 Spread=0.70 pips
2026-05-05 07:44:32 INFO mt5_bot - Signal=NONE reason=no_closed_bar_crossover price=None trend=bearish rsi=59.2 atr_pips=6.3 adx=18.1
2026-05-05 07:44:32 INFO mt5_bot - Execution status=skipped reason=no_closed_bar_crossover
2026-05-05 07:44:47 INFO mt5_bot - Balance=102029.96 Equity=102029.96 Spread=0.20 pips
2026-05-05 07:44:47 INFO mt5_bot - Signal=NONE reason=no_closed_bar_crossover price=None trend=bearish rsi=59.2 atr_pips=6.3 adx=18.1
2026-05-05 07:44:47 INFO mt5_bot - Execution status=skipped reason=no_closed_bar_crossover
2026-05-05 07:45:02 INFO mt5_bot - Balance=102029.96 Equity=102029.96 Spread=0.60 pips
2026-05-05 07:45:02 INFO mt5_bot - Signal=NONE reason=no_closed_bar_crossover price=None trend=bearish rsi=51.5 atr_pips=6.4 adx=18.1
2026-05-05 07:45:02 INFO mt5_bot - Execution status=skipped reason=no_closed_bar_crossover
2026-05-05 07:45:17 INFO mt5_bot - Balance=102029.96 Equity=102029.96 Spread=1.10 pips
2026-05-05 07:45:17 INFO mt5_bot - Signal=NONE reason=no_closed_bar_crossover price=None trend=bearish rsi=51.5 atr_pips=6.4 adx=18.1
2026-05-05 07:45:17 INFO mt5_bot - Execution status=skipped reason=no_closed_bar_crossover
2026-05-05 07:45:32 INFO mt5_bot - Balance=102029.96 Equity=102029.96 Spread=0.20 pips
2026-05-05 07:45:32 INFO mt5_bot - Signal=NONE reason=no_closed_bar_crossover price=None trend=bearish rsi=51.5 atr_pips=6.4 adx=18.1
2026-05-05 07:45:32 INFO mt5_bot - Execution status=skipped reason=no_closed_bar_crossover
2026-05-05 07:45:47 INFO mt5_bot - Balance=102029.96 Equity=102029.96 Spread=0.20 pips
2026-05-05 07:45:47 INFO mt5_bot - Signal=NONE reason=no_closed_bar_crossover price=None trend=bearish rsi=51.5 atr_pips=6.4 adx=18.1
2026-05-05 07:45:47 INFO mt5_bot - Execution status=skipped reason=no_closed_bar_crossover
2026-05-05 07:46:02 INFO mt5_bot - Balance=102029.96 Equity=102029.96 Spread=0.20 pips
2026-05-05 07:46:03 INFO mt5_bot - Signal=NONE reason=no_closed_bar_crossover price=None trend=bearish rsi=51.5 atr_pips=6.4 adx=18.1
2026-05-05 07:46:03 INFO mt5_bot - Execution status=skipped reason=no_closed_bar_crossover
2026-05-05 07:46:18 INFO mt5_bot - Balance=102029.96 Equity=102029.96 Spread=0.50 pips
2026-05-05 07:46:18 INFO mt5_bot - Signal=NONE reason=no_closed_bar_crossover price=None trend=bearish rsi=51.5 atr_pips=6.4 adx=18.1
2026-05-05 07:46:18 INFO mt5_bot - Execution status=skipped reason=no_closed_bar_crossover
2026-05-05 07:46:33 INFO mt5_bot - Balance=102029.96 Equity=102029.96 Spread=0.50 pips
2026-05-05 07:46:33 INFO mt5_bot - Signal=NONE reason=no_closed_bar_crossover price=None trend=bearish rsi=51.5 atr_pips=6.4 adx=18.1
2026-05-05 07:46:33 INFO mt5_bot - Execution status=skipped reason=no_closed_bar_crossover
2026-05-05 07:46:48 INFO mt5_bot - Balance=102029.96 Equity=102029.96 Spread=0.20 pips
2026-05-05 07:46:48 INFO mt5_bot - Signal=NONE reason=no_closed_bar_crossover price=None trend=bearish rsi=51.5 atr_pips=6.4 adx=18.1
2026-05-05 07:46:48 INFO mt5_bot - Execution status=skipped reason=no_closed_bar_crossover
2026-05-05 07:47:03 INFO mt5_bot - Balance=102029.96 Equity=102029.96 Spread=0.70 pips
2026-05-05 07:47:03 INFO mt5_bot - Signal=NONE reason=no_closed_bar_crossover price=None trend=bearish rsi=51.5 atr_pips=6.4 adx=18.1
2026-05-05 07:47:03 INFO mt5_bot - Execution status=skipped reason=no_closed_bar_crossover
2026-05-05 07:47:18 INFO mt5_bot - Balance=102029.96 Equity=102029.96 Spread=0.20 pips
2026-05-05 07:47:18 INFO mt5_bot - Signal=NONE reason=no_closed_bar_crossover price=None trend=bearish rsi=51.5 atr_pips=6.4 adx=18.1
2026-05-05 07:47:18 INFO mt5_bot - Execution status=skipped reason=no_closed_bar_crossover
2026-05-05 07:47:33 INFO mt5_bot - Balance=102029.96 Equity=102029.96 Spread=0.50 pips
2026-05-05 07:47:33 INFO mt5_bot - Signal=NONE reason=no_closed_bar_crossover price=None trend=bearish rsi=51.5 atr_pips=6.4 adx=18.1
2026-05-05 07:47:33 INFO mt5_bot - Execution status=skipped reason=no_closed_bar_crossover
2026-05-05 07:47:48 INFO mt5_bot - Balance=102029.96 Equity=102029.96 Spread=0.20 pips
2026-05-05 07:47:48 INFO mt5_bot - Signal=NONE reason=no_closed_bar_crossover price=None trend=bearish rsi=51.5 atr_pips=6.4 adx=18.1
2026-05-05 07:47:48 INFO mt5_bot - Execution status=skipped reason=no_closed_bar_crossover
2026-05-05 07:48:03 INFO mt5_bot - Balance=102029.96 Equity=102029.96 Spread=0.20 pips
2026-05-05 07:48:03 INFO mt5_bot - Signal=NONE reason=no_closed_bar_crossover price=None trend=bearish rsi=51.5 atr_pips=6.4 adx=18.1
2026-05-05 07:48:03 INFO mt5_bot - Execution status=skipped reason=no_closed_bar_crossover
2026-05-05 07:48:18 INFO mt5_bot - Balance=102029.96 Equity=102029.96 Spread=0.20 pips
2026-05-05 07:48:18 INFO mt5_bot - Signal=NONE reason=no_closed_bar_crossover price=None trend=bearish rsi=51.5 atr_pips=6.4 adx=18.1
2026-05-05 07:48:18 INFO mt5_bot - Execution status=skipped reason=no_closed_bar_crossover
2026-05-05 07:48:33 INFO mt5_bot - Balance=102029.96 Equity=102029.96 Spread=0.20 pips
2026-05-05 07:48:33 INFO mt5_bot - Signal=NONE reason=no_closed_bar_crossover price=None trend=bearish rsi=51.5 atr_pips=6.4 adx=18.1
2026-05-05 07:48:33 INFO mt5_bot - Execution status=skipped reason=no_closed_bar_crossover
2026-05-05 07:48:48 INFO mt5_bot - Balance=102029.96 Equity=102029.96 Spread=0.20 pips
2026-05-05 07:48:48 INFO mt5_bot - Signal=NONE reason=no_closed_bar_crossover price=None trend=bearish rsi=51.5 atr_pips=6.4 adx=18.1
2026-05-05 07:48:48 INFO mt5_bot - Execution status=skipped reason=no_closed_bar_crossover
2026-05-05 07:49:03 INFO mt5_bot - Balance=102029.96 Equity=102029.96 Spread=0.60 pips
2026-05-05 07:49:03 INFO mt5_bot - Signal=NONE reason=no_closed_bar_crossover price=None trend=bearish rsi=51.5 atr_pips=6.4 adx=18.1
2026-05-05 07:49:03 INFO mt5_bot - Execution status=skipped reason=no_closed_bar_crossover
2026-05-05 07:49:18 INFO mt5_bot - Balance=102029.96 Equity=102029.96 Spread=0.20 pips
2026-05-05 07:49:18 INFO mt5_bot - Signal=NONE reason=no_closed_bar_crossover price=None trend=bearish rsi=51.5 atr_pips=6.4 adx=18.1
2026-05-05 07:49:18 INFO mt5_bot - Execution status=skipped reason=no_closed_bar_crossover
2026-05-05 07:49:33 INFO mt5_bot - Balance=102029.96 Equity=102029.96 Spread=0.20 pips
2026-05-05 07:49:33 INFO mt5_bot - Signal=NONE reason=no_closed_bar_crossover price=None trend=bearish rsi=51.5 atr_pips=6.4 adx=18.1
2026-05-05 07:49:33 INFO mt5_bot - Execution status=skipped reason=no_closed_bar_crossover
2026-05-05 07:49:48 INFO mt5_bot - Balance=102029.96 Equity=102029.96 Spread=0.20 pips
2026-05-05 07:49:48 INFO mt5_bot - Signal=NONE reason=no_closed_bar_crossover price=None trend=bearish rsi=51.5 atr_pips=6.4 adx=18.1
2026-05-05 07:49:48 INFO mt5_bot - Execution status=skipped reason=no_closed_bar_crossover
2026-05-05 07:50:03 INFO mt5_bot - Balance=102029.96 Equity=102029.96 Spread=0.20 pips
2026-05-05 07:50:03 INFO mt5_bot - Signal=NONE reason=no_closed_bar_crossover price=None trend=bearish rsi=51.5 atr_pips=6.4 adx=18.1
2026-05-05 07:50:03 INFO mt5_bot - Execution status=skipped reason=no_closed_bar_crossover
2026-05-05 07:50:18 INFO mt5_bot - Balance=102029.96 Equity=102029.96 Spread=0.20 pips
2026-05-05 07:50:18 INFO mt5_bot - Signal=NONE reason=no_closed_bar_crossover price=None trend=bearish rsi=51.5 atr_pips=6.4 adx=18.1
2026-05-05 07:50:18 INFO mt5_bot - Execution status=skipped reason=no_closed_bar_crossover
2026-05-05 07:50:33 INFO mt5_bot - Balance=102029.96 Equity=102029.96 Spread=0.20 pips
2026-05-05 07:50:33 INFO mt5_bot - Signal=NONE reason=no_closed_bar_crossover price=None trend=bearish rsi=51.5 atr_pips=6.4 adx=18.1
2026-05-05 07:50:33 INFO mt5_bot - Execution status=skipped reason=no_closed_bar_crossover
2026-05-05 07:50:48 INFO mt5_bot - Balance=102029.96 Equity=102029.96 Spread=0.20 pips
2026-05-05 07:50:48 INFO mt5_bot - Signal=NONE reason=no_closed_bar_crossover price=None trend=bearish rsi=51.5 atr_pips=6.4 adx=18.1
2026-05-05 07:50:48 INFO mt5_bot - Execution status=skipped reason=no_closed_bar_crossover
2026-05-05 07:51:03 INFO mt5_bot - Balance=102029.96 Equity=102029.96 Spread=0.20 pips
2026-05-05 07:51:03 INFO mt5_bot - Signal=NONE reason=no_closed_bar_crossover price=None trend=bearish rsi=51.5 atr_pips=6.4 adx=18.1
2026-05-05 07:51:03 INFO mt5_bot - Execution status=skipped reason=no_closed_bar_crossover
2026-05-05 07:51:18 INFO mt5_bot - Balance=102029.96 Equity=102029.96 Spread=0.20 pips
2026-05-05 07:51:18 INFO mt5_bot - Signal=NONE reason=no_closed_bar_crossover price=None trend=bearish rsi=51.5 atr_pips=6.4 adx=18.1
2026-05-05 07:51:18 INFO mt5_bot - Execution status=skipped reason=no_closed_bar_crossover
2026-05-05 07:51:33 INFO mt5_bot - Balance=102029.96 Equity=102029.96 Spread=0.70 pips
2026-05-05 07:51:33 INFO mt5_bot - Signal=NONE reason=no_closed_bar_crossover price=None trend=bearish rsi=51.5 atr_pips=6.4 adx=18.1
2026-05-05 07:51:33 INFO mt5_bot - Execution status=skipped reason=no_closed_bar_crossover
2026-05-05 07:51:48 INFO mt5_bot - Balance=102029.96 Equity=102029.96 Spread=0.40 pips
2026-05-05 07:51:48 INFO mt5_bot - Signal=NONE reason=no_closed_bar_crossover price=None trend=bearish rsi=51.5 atr_pips=6.4 adx=18.1
2026-05-05 07:51:48 INFO mt5_bot - Execution status=skipped reason=no_closed_bar_crossover
2026-05-05 07:52:03 INFO mt5_bot - Balance=102029.96 Equity=102029.96 Spread=0.20 pips
2026-05-05 07:52:03 INFO mt5_bot - Signal=NONE reason=no_closed_bar_crossover price=None trend=bearish rsi=51.5 atr_pips=6.4 adx=18.1
2026-05-05 07:52:03 INFO mt5_bot - Execution status=skipped reason=no_closed_bar_crossover
2026-05-05 07:52:18 INFO mt5_bot - Balance=102029.96 Equity=102029.96 Spread=0.50 pips
2026-05-05 07:52:18 INFO mt5_bot - Signal=NONE reason=no_closed_bar_crossover price=None trend=bearish rsi=51.5 atr_pips=6.4 adx=18.1
2026-05-05 07:52:18 INFO mt5_bot - Execution status=skipped reason=no_closed_bar_crossover
2026-05-05 07:52:33 INFO mt5_bot - Balance=102029.96 Equity=102029.96 Spread=0.20 pips
2026-05-05 07:52:33 INFO mt5_bot - Signal=NONE reason=no_closed_bar_crossover price=None trend=bearish rsi=51.5 atr_pips=6.4 adx=18.1
2026-05-05 07:52:33 INFO mt5_bot - Execution status=skipped reason=no_closed_bar_crossover
2026-05-05 07:52:48 INFO mt5_bot - Balance=102029.96 Equity=102029.96 Spread=0.20 pips
2026-05-05 07:52:48 INFO mt5_bot - Signal=NONE reason=no_closed_bar_crossover price=None trend=bearish rsi=51.5 atr_pips=6.4 adx=18.1
2026-05-05 07:52:48 INFO mt5_bot - Execution status=skipped reason=no_closed_bar_crossover
2026-05-05 07:53:03 INFO mt5_bot - Balance=102029.96 Equity=102029.96 Spread=0.20 pips
2026-05-05 07:53:03 INFO mt5_bot - Signal=NONE reason=no_closed_bar_crossover price=None trend=bearish rsi=51.5 atr_pips=6.4 adx=18.1
2026-05-05 07:53:03 INFO mt5_bot - Execution status=skipped reason=no_closed_bar_crossover
2026-05-05 07:53:18 INFO mt5_bot - Balance=102029.96 Equity=102029.96 Spread=0.50 pips
2026-05-05 07:53:18 INFO mt5_bot - Signal=NONE reason=no_closed_bar_crossover price=None trend=bearish rsi=51.5 atr_pips=6.4 adx=18.1
2026-05-05 07:53:18 INFO mt5_bot - Execution status=skipped reason=no_closed_bar_crossover
2026-05-05 07:53:33 INFO mt5_bot - Balance=102029.96 Equity=102029.96 Spread=0.20 pips
2026-05-05 07:53:33 INFO mt5_bot - Signal=NONE reason=no_closed_bar_crossover price=None trend=bearish rsi=51.5 atr_pips=6.4 adx=18.1
2026-05-05 07:53:33 INFO mt5_bot - Execution status=skipped reason=no_closed_bar_crossover
2026-05-05 07:53:48 INFO mt5_bot - Balance=102029.96 Equity=102029.96 Spread=0.20 pips
2026-05-05 07:53:48 INFO mt5_bot - Signal=NONE reason=no_closed_bar_crossover price=None trend=bearish rsi=51.5 atr_pips=6.4 adx=18.1
2026-05-05 07:53:48 INFO mt5_bot - Execution status=skipped reason=no_closed_bar_crossover
2026-05-05 07:54:03 INFO mt5_bot - Balance=102029.96 Equity=102029.96 Spread=0.20 pips
2026-05-05 07:54:03 INFO mt5_bot - Signal=NONE reason=no_closed_bar_crossover price=None trend=bearish rsi=51.5 atr_pips=6.4 adx=18.1
2026-05-05 07:54:03 INFO mt5_bot - Execution status=skipped reason=no_closed_bar_crossover
2026-05-05 07:54:18 INFO mt5_bot - Balance=102029.96 Equity=102029.96 Spread=0.20 pips
2026-05-05 07:54:18 INFO mt5_bot - Signal=NONE reason=no_closed_bar_crossover price=None trend=bearish rsi=51.5 atr_pips=6.4 adx=18.1
2026-05-05 07:54:18 INFO mt5_bot - Execution status=skipped reason=no_closed_bar_crossover
2026-05-05 07:54:33 INFO mt5_bot - Balance=102029.96 Equity=102029.96 Spread=0.20 pips
2026-05-05 07:54:33 INFO mt5_bot - Signal=NONE reason=no_closed_bar_crossover price=None trend=bearish rsi=51.5 atr_pips=6.4 adx=18.1
2026-05-05 07:54:33 INFO mt5_bot - Execution status=skipped reason=no_closed_bar_crossover
2026-05-05 07:54:48 INFO mt5_bot - Balance=102029.96 Equity=102029.96 Spread=0.20 pips
2026-05-05 07:54:48 INFO mt5_bot - Signal=NONE reason=no_closed_bar_crossover price=None trend=bearish rsi=51.5 atr_pips=6.4 adx=18.1
2026-05-05 07:54:48 INFO mt5_bot - Execution status=skipped reason=no_closed_bar_crossover
2026-05-05 07:55:03 INFO mt5_bot - Balance=102029.96 Equity=102029.96 Spread=0.20 pips
2026-05-05 07:55:03 INFO mt5_bot - Signal=NONE reason=no_closed_bar_crossover price=None trend=bearish rsi=51.5 atr_pips=6.4 adx=18.1
2026-05-05 07:55:03 INFO mt5_bot - Execution status=skipped reason=no_closed_bar_crossover
2026-05-05 07:55:18 INFO mt5_bot - Balance=102029.96 Equity=102029.96 Spread=0.20 pips
2026-05-05 07:55:18 INFO mt5_bot - Signal=NONE reason=no_closed_bar_crossover price=None trend=bearish rsi=51.5 atr_pips=6.4 adx=18.1
2026-05-05 07:55:18 INFO mt5_bot - Execution status=skipped reason=no_closed_bar_crossover
2026-05-05 07:55:33 INFO mt5_bot - Balance=102029.96 Equity=102029.96 Spread=0.20 pips
2026-05-05 07:55:33 INFO mt5_bot - Signal=NONE reason=no_closed_bar_crossover price=None trend=bearish rsi=51.5 atr_pips=6.4 adx=18.1
2026-05-05 07:55:33 INFO mt5_bot - Execution status=skipped reason=no_closed_bar_crossover
2026-05-05 07:55:48 INFO mt5_bot - Balance=102029.96 Equity=102029.96 Spread=1.00 pips
2026-05-05 07:55:48 INFO mt5_bot - Signal=NONE reason=no_closed_bar_crossover price=None trend=bearish rsi=51.5 atr_pips=6.4 adx=18.1
2026-05-05 07:55:48 INFO mt5_bot - Execution status=skipped reason=no_closed_bar_crossover
2026-05-05 07:56:03 INFO mt5_bot - Balance=102029.96 Equity=102029.96 Spread=0.20 pips
2026-05-05 07:56:03 INFO mt5_bot - Signal=NONE reason=no_closed_bar_crossover price=None trend=bearish rsi=51.5 atr_pips=6.4 adx=18.1
2026-05-05 07:56:03 INFO mt5_bot - Execution status=skipped reason=no_closed_bar_crossover
2026-05-05 07:56:18 INFO mt5_bot - Balance=102029.96 Equity=102029.96 Spread=0.20 pips
2026-05-05 07:56:18 INFO mt5_bot - Signal=NONE reason=no_closed_bar_crossover price=None trend=bearish rsi=51.5 atr_pips=6.4 adx=18.1
2026-05-05 07:56:18 INFO mt5_bot - Execution status=skipped reason=no_closed_bar_crossover
2026-05-05 07:56:33 INFO mt5_bot - Balance=102029.96 Equity=102029.96 Spread=0.20 pips
2026-05-05 07:56:33 INFO mt5_bot - Signal=NONE reason=no_closed_bar_crossover price=None trend=bearish rsi=51.5 atr_pips=6.4 adx=18.1
2026-05-05 07:56:33 INFO mt5_bot - Execution status=skipped reason=no_closed_bar_crossover
2026-05-05 07:56:48 INFO mt5_bot - Balance=102029.96 Equity=102029.96 Spread=0.20 pips
2026-05-05 07:56:48 INFO mt5_bot - Signal=NONE reason=no_closed_bar_crossover price=None trend=bearish rsi=51.5 atr_pips=6.4 adx=18.1
2026-05-05 07:56:48 INFO mt5_bot - Execution status=skipped reason=no_closed_bar_crossover
2026-05-05 07:57:03 INFO mt5_bot - Balance=102029.96 Equity=102029.96 Spread=0.20 pips
2026-05-05 07:57:03 INFO mt5_bot - Signal=NONE reason=no_closed_bar_crossover price=None trend=bearish rsi=51.5 atr_pips=6.4 adx=18.1
2026-05-05 07:57:03 INFO mt5_bot - Execution status=skipped reason=no_closed_bar_crossover
2026-05-05 07:57:18 INFO mt5_bot - Balance=102029.96 Equity=102029.96 Spread=0.20 pips
2026-05-05 07:57:18 INFO mt5_bot - Signal=NONE reason=no_closed_bar_crossover price=None trend=bearish rsi=51.5 atr_pips=6.4 adx=18.1
2026-05-05 07:57:18 INFO mt5_bot - Execution status=skipped reason=no_closed_bar_crossover
2026-05-05 07:57:33 INFO mt5_bot - Balance=102029.96 Equity=102029.96 Spread=0.20 pips
2026-05-05 07:57:33 INFO mt5_bot - Signal=NONE reason=no_closed_bar_crossover price=None trend=bearish rsi=51.5 atr_pips=6.4 adx=18.1
2026-05-05 07:57:33 INFO mt5_bot - Execution status=skipped reason=no_closed_bar_crossover
2026-05-05 07:57:48 INFO mt5_bot - Balance=102029.96 Equity=102029.96 Spread=0.20 pips
2026-05-05 07:57:48 INFO mt5_bot - Signal=NONE reason=no_closed_bar_crossover price=None trend=bearish rsi=51.5 atr_pips=6.4 adx=18.1
2026-05-05 07:57:48 INFO mt5_bot - Execution status=skipped reason=no_closed_bar_crossover
2026-05-05 07:58:03 INFO mt5_bot - Balance=102029.96 Equity=102029.96 Spread=0.20 pips
2026-05-05 07:58:03 INFO mt5_bot - Signal=NONE reason=no_closed_bar_crossover price=None trend=bearish rsi=51.5 atr_pips=6.4 adx=18.1
2026-05-05 07:58:03 INFO mt5_bot - Execution status=skipped reason=no_closed_bar_crossover
2026-05-05 07:58:18 INFO mt5_bot - Balance=102029.96 Equity=102029.96 Spread=0.80 pips
2026-05-05 07:58:18 INFO mt5_bot - Signal=NONE reason=no_closed_bar_crossover price=None trend=bearish rsi=51.5 atr_pips=6.4 adx=18.1
2026-05-05 07:58:18 INFO mt5_bot - Execution status=skipped reason=no_closed_bar_crossover
2026-05-05 07:58:33 INFO mt5_bot - Balance=102029.96 Equity=102029.96 Spread=0.20 pips
2026-05-05 07:58:33 INFO mt5_bot - Signal=NONE reason=no_closed_bar_crossover price=None trend=bearish rsi=51.5 atr_pips=6.4 adx=18.1
2026-05-05 07:58:33 INFO mt5_bot - Execution status=skipped reason=no_closed_bar_crossover
2026-05-05 07:58:48 INFO mt5_bot - Balance=102029.96 Equity=102029.96 Spread=0.50 pips
2026-05-05 07:58:48 INFO mt5_bot - Signal=NONE reason=no_closed_bar_crossover price=None trend=bearish rsi=51.5 atr_pips=6.4 adx=18.1
2026-05-05 07:58:48 INFO mt5_bot - Execution status=skipped reason=no_closed_bar_crossover
2026-05-05 07:59:03 INFO mt5_bot - Balance=102029.96 Equity=102029.96 Spread=0.20 pips
2026-05-05 07:59:03 INFO mt5_bot - Signal=NONE reason=no_closed_bar_crossover price=None trend=bearish rsi=51.5 atr_pips=6.4 adx=18.1
2026-05-05 07:59:03 INFO mt5_bot - Execution status=skipped reason=no_closed_bar_crossover
2026-05-05 07:59:18 INFO mt5_bot - Balance=102029.96 Equity=102029.96 Spread=1.10 pips
2026-05-05 07:59:18 INFO mt5_bot - Signal=NONE reason=no_closed_bar_crossover price=None trend=bearish rsi=51.5 atr_pips=6.4 adx=18.1
2026-05-05 07:59:18 INFO mt5_bot - Execution status=skipped reason=no_closed_bar_crossover
2026-05-05 07:59:33 INFO mt5_bot - Balance=102029.96 Equity=102029.96 Spread=0.60 pips
2026-05-05 07:59:33 INFO mt5_bot - Signal=NONE reason=no_closed_bar_crossover price=None trend=bearish rsi=51.5 atr_pips=6.4 adx=18.1
2026-05-05 07:59:33 INFO mt5_bot - Execution status=skipped reason=no_closed_bar_crossover
2026-05-05 07:59:48 INFO mt5_bot - Balance=102029.96 Equity=102029.96 Spread=0.20 pips
2026-05-05 07:59:48 INFO mt5_bot - Signal=NONE reason=no_closed_bar_crossover price=None trend=bearish rsi=51.5 atr_pips=6.4 adx=18.1
2026-05-05 07:59:48 INFO mt5_bot - Execution status=skipped reason=no_closed_bar_crossover
2026-05-05 08:00:03 INFO mt5_bot - Balance=102029.96 Equity=102029.96 Spread=0.20 pips
2026-05-05 08:00:03 INFO mt5_bot - Signal=NONE reason=no_closed_bar_crossover price=None trend=bearish rsi=53.3 atr_pips=6.2 adx=18.0
2026-05-05 08:00:03 INFO mt5_bot - Execution status=skipped reason=no_closed_bar_crossover
2026-05-05 08:00:18 INFO mt5_bot - Balance=102029.96 Equity=102029.96 Spread=0.50 pips
2026-05-05 08:00:18 INFO mt5_bot - Signal=NONE reason=no_closed_bar_crossover price=None trend=bearish rsi=53.3 atr_pips=6.2 adx=18.0
2026-05-05 08:00:18 INFO mt5_bot - Execution status=skipped reason=no_closed_bar_crossover
2026-05-05 08:00:33 INFO mt5_bot - Balance=102029.96 Equity=102029.96 Spread=0.20 pips
2026-05-05 08:00:33 INFO mt5_bot - Signal=NONE reason=no_closed_bar_crossover price=None trend=bearish rsi=53.3 atr_pips=6.2 adx=18.0
2026-05-05 08:00:33 INFO mt5_bot - Execution status=skipped reason=no_closed_bar_crossover
2026-05-05 08:00:49 INFO mt5_bot - Balance=102029.96 Equity=102029.96 Spread=0.90 pips
2026-05-05 08:00:49 INFO mt5_bot - Signal=NONE reason=no_closed_bar_crossover price=None trend=bearish rsi=53.3 atr_pips=6.2 adx=18.0
2026-05-05 08:00:49 INFO mt5_bot - Execution status=skipped reason=no_closed_bar_crossover
2026-05-05 08:01:04 INFO mt5_bot - Balance=102029.96 Equity=102029.96 Spread=0.20 pips
2026-05-05 08:01:04 INFO mt5_bot - Signal=NONE reason=no_closed_bar_crossover price=None trend=bearish rsi=53.3 atr_pips=6.2 adx=18.0
2026-05-05 08:01:04 INFO mt5_bot - Execution status=skipped reason=no_closed_bar_crossover
2026-05-05 08:01:19 INFO mt5_bot - Balance=102029.96 Equity=102029.96 Spread=0.80 pips
2026-05-05 08:01:19 INFO mt5_bot - Signal=NONE reason=no_closed_bar_crossover price=None trend=bearish rsi=53.3 atr_pips=6.2 adx=18.0
2026-05-05 08:01:19 INFO mt5_bot - Execution status=skipped reason=no_closed_bar_crossover
2026-05-05 08:01:34 INFO mt5_bot - Balance=102029.96 Equity=102029.96 Spread=0.90 pips
2026-05-05 08:01:34 INFO mt5_bot - Signal=NONE reason=no_closed_bar_crossover price=None trend=bearish rsi=53.3 atr_pips=6.2 adx=18.0
2026-05-05 08:01:34 INFO mt5_bot - Execution status=skipped reason=no_closed_bar_crossover
2026-05-05 08:01:49 INFO mt5_bot - Balance=102029.96 Equity=102029.96 Spread=0.20 pips
2026-05-05 08:01:49 INFO mt5_bot - Signal=NONE reason=no_closed_bar_crossover price=None trend=bearish rsi=53.3 atr_pips=6.2 adx=18.0
2026-05-05 08:01:49 INFO mt5_bot - Execution status=skipped reason=no_closed_bar_crossover
2026-05-05 08:02:04 INFO mt5_bot - Balance=102029.96 Equity=102029.96 Spread=0.20 pips
2026-05-05 08:02:04 INFO mt5_bot - Signal=NONE reason=no_closed_bar_crossover price=None trend=bearish rsi=53.3 atr_pips=6.2 adx=18.0
2026-05-05 08:02:04 INFO mt5_bot - Execution status=skipped reason=no_closed_bar_crossover
2026-05-05 08:02:19 INFO mt5_bot - Balance=102029.96 Equity=102029.96 Spread=0.20 pips
2026-05-05 08:02:19 INFO mt5_bot - Signal=NONE reason=no_closed_bar_crossover price=None trend=bearish rsi=53.3 atr_pips=6.2 adx=18.0
2026-05-05 08:02:19 INFO mt5_bot - Execution status=skipped reason=no_closed_bar_crossover
2026-05-05 08:02:34 INFO mt5_bot - Balance=102029.96 Equity=102029.96 Spread=0.20 pips
2026-05-05 08:02:34 INFO mt5_bot - Signal=NONE reason=no_closed_bar_crossover price=None trend=bearish rsi=53.3 atr_pips=6.2 adx=18.0
2026-05-05 08:02:34 INFO mt5_bot - Execution status=skipped reason=no_closed_bar_crossover
2026-05-05 08:02:49 INFO mt5_bot - Balance=102029.96 Equity=102029.96 Spread=0.20 pips
2026-05-05 08:02:49 INFO mt5_bot - Signal=NONE reason=no_closed_bar_crossover price=None trend=bearish rsi=53.3 atr_pips=6.2 adx=18.0
2026-05-05 08:02:49 INFO mt5_bot - Execution status=skipped reason=no_closed_bar_crossover
2026-05-05 08:03:04 INFO mt5_bot - Balance=102029.96 Equity=102029.96 Spread=0.20 pips
2026-05-05 08:03:04 INFO mt5_bot - Signal=NONE reason=no_closed_bar_crossover price=None trend=bearish rsi=53.3 atr_pips=6.2 adx=18.0
2026-05-05 08:03:04 INFO mt5_bot - Execution status=skipped reason=no_closed_bar_crossover
2026-05-05 08:03:19 INFO mt5_bot - Balance=102029.96 Equity=102029.96 Spread=0.20 pips
2026-05-05 08:03:19 INFO mt5_bot - Signal=NONE reason=no_closed_bar_crossover price=None trend=bearish rsi=53.3 atr_pips=6.2 adx=18.0
2026-05-05 08:03:19 INFO mt5_bot - Execution status=skipped reason=no_closed_bar_crossover
2026-05-05 08:03:34 INFO mt5_bot - Balance=102029.96 Equity=102029.96 Spread=0.40 pips
2026-05-05 08:03:34 INFO mt5_bot - Signal=NONE reason=no_closed_bar_crossover price=None trend=bearish rsi=53.3 atr_pips=6.2 adx=18.0
2026-05-05 08:03:34 INFO mt5_bot - Execution status=skipped reason=no_closed_bar_crossover
2026-05-05 08:03:49 INFO mt5_bot - Balance=102029.96 Equity=102029.96 Spread=1.00 pips
2026-05-05 08:03:49 INFO mt5_bot - Signal=NONE reason=no_closed_bar_crossover price=None trend=bearish rsi=53.3 atr_pips=6.2 adx=18.0
2026-05-05 08:03:49 INFO mt5_bot - Execution status=skipped reason=no_closed_bar_crossover
2026-05-05 08:04:04 INFO mt5_bot - Balance=102029.96 Equity=102029.96 Spread=0.20 pips
2026-05-05 08:04:04 INFO mt5_bot - Signal=NONE reason=no_closed_bar_crossover price=None trend=bearish rsi=53.3 atr_pips=6.2 adx=18.0
2026-05-05 08:04:04 INFO mt5_bot - Execution status=skipped reason=no_closed_bar_crossover
2026-05-05 08:04:19 INFO mt5_bot - Balance=102029.96 Equity=102029.96 Spread=0.20 pips
2026-05-05 08:04:19 INFO mt5_bot - Signal=NONE reason=no_closed_bar_crossover price=None trend=bearish rsi=53.3 atr_pips=6.2 adx=18.0
2026-05-05 08:04:19 INFO mt5_bot - Execution status=skipped reason=no_closed_bar_crossover
2026-05-05 08:04:34 INFO mt5_bot - Balance=102029.96 Equity=102029.96 Spread=0.20 pips
2026-05-05 08:04:34 INFO mt5_bot - Signal=NONE reason=no_closed_bar_crossover price=None trend=bearish rsi=53.3 atr_pips=6.2 adx=18.0
2026-05-05 08:04:34 INFO mt5_bot - Execution status=skipped reason=no_closed_bar_crossover
2026-05-05 08:04:49 INFO mt5_bot - Balance=102029.96 Equity=102029.96 Spread=0.50 pips
2026-05-05 08:04:49 INFO mt5_bot - Signal=NONE reason=no_closed_bar_crossover price=None trend=bearish rsi=53.3 atr_pips=6.2 adx=18.0
2026-05-05 08:04:49 INFO mt5_bot - Execution status=skipped reason=no_closed_bar_crossover
2026-05-05 08:05:04 INFO mt5_bot - Balance=102029.96 Equity=102029.96 Spread=0.50 pips
2026-05-05 08:05:04 INFO mt5_bot - Signal=NONE reason=no_closed_bar_crossover price=None trend=bearish rsi=53.3 atr_pips=6.2 adx=18.0
2026-05-05 08:05:04 INFO mt5_bot - Execution status=skipped reason=no_closed_bar_crossover
2026-05-05 08:05:19 INFO mt5_bot - Balance=102029.96 Equity=102029.96 Spread=0.50 pips
2026-05-05 08:05:19 INFO mt5_bot - Signal=NONE reason=no_closed_bar_crossover price=None trend=bearish rsi=53.3 atr_pips=6.2 adx=18.0
2026-05-05 08:05:19 INFO mt5_bot - Execution status=skipped reason=no_closed_bar_crossover
2026-05-05 08:05:34 INFO mt5_bot - Balance=102029.96 Equity=102029.96 Spread=0.20 pips
2026-05-05 08:05:34 INFO mt5_bot - Signal=NONE reason=no_closed_bar_crossover price=None trend=bearish rsi=53.3 atr_pips=6.2 adx=18.0
2026-05-05 08:05:34 INFO mt5_bot - Execution status=skipped reason=no_closed_bar_crossover
2026-05-05 08:05:49 INFO mt5_bot - Balance=102029.96 Equity=102029.96 Spread=0.20 pips
2026-05-05 08:05:49 INFO mt5_bot - Signal=NONE reason=no_closed_bar_crossover price=None trend=bearish rsi=53.3 atr_pips=6.2 adx=18.0
2026-05-05 08:05:49 INFO mt5_bot - Execution status=skipped reason=no_closed_bar_crossover
2026-05-05 08:06:04 INFO mt5_bot - Balance=102029.96 Equity=102029.96 Spread=0.20 pips
2026-05-05 08:06:04 INFO mt5_bot - Signal=NONE reason=no_closed_bar_crossover price=None trend=bearish rsi=53.3 atr_pips=6.2 adx=18.0
2026-05-05 08:06:04 INFO mt5_bot - Execution status=skipped reason=no_closed_bar_crossover
^C2026-05-05 16:37:33 INFO mt5_bot - MT5 permissions: account_server=MetaQuotes-Demo account_trade_allowed=True account_trade_expert=True terminal_trade_allowed=True terminal_build=5836
2026-05-05 16:37:33 INFO mt5_bot - Starting PRO loop: symbol=EURUSD tf=M15 trend_tf=H1 trade_enabled=True trend_filter=True adx_filter=True rsi_momentum=False partial_close=True trailing_stop=True atr_sl_tp=True news_filter=True retest=False equity_curve=True
2026-05-05 16:37:33 INFO mt5_bot - Balance=102029.96 Equity=102029.96 Spread=1.80 pips
2026-05-05 16:37:33 INFO mt5_bot - Session filter: UTC hour=21 outside [7,20) and [0,0)
2026-05-05 16:37:48 INFO mt5_bot - Balance=102029.96 Equity=102029.96 Spread=1.80 pips
2026-05-05 16:37:48 INFO mt5_bot - Session filter: UTC hour=21 outside [7,20) and [0,0)
2026-05-05 16:38:03 INFO mt5_bot - Balance=102029.96 Equity=102029.96 Spread=1.80 pips
2026-05-05 16:38:03 INFO mt5_bot - Spread filter: 1.80 > 1.80
2026-05-05 16:38:18 INFO mt5_bot - Balance=102029.96 Equity=102029.96 Spread=1.70 pips
2026-05-05 16:38:18 INFO mt5_bot - Session filter: UTC hour=21 outside [7,20) and [0,0)
2026-05-05 16:38:33 INFO mt5_bot - Balance=102029.96 Equity=102029.96 Spread=2.00 pips
2026-05-05 16:38:33 INFO mt5_bot - Spread filter: 2.00 > 1.80
2026-05-05 16:38:48 INFO mt5_bot - Balance=102029.96 Equity=102029.96 Spread=1.90 pips
2026-05-05 16:38:48 INFO mt5_bot - Spread filter: 1.90 > 1.80
2026-05-05 16:39:03 INFO mt5_bot - Balance=102029.96 Equity=102029.96 Spread=1.80 pips
2026-05-05 16:39:03 INFO mt5_bot - Spread filter: 1.80 > 1.80
2026-05-05 16:39:18 INFO mt5_bot - Balance=102029.96 Equity=102029.96 Spread=2.00 pips
2026-05-05 16:39:18 INFO mt5_bot - Spread filter: 2.00 > 1.80
2026-05-05 16:39:33 INFO mt5_bot - Balance=102029.96 Equity=102029.96 Spread=2.00 pips
2026-05-05 16:39:33 INFO mt5_bot - Spread filter: 2.00 > 1.80
2026-05-05 16:39:48 INFO mt5_bot - Balance=102029.96 Equity=102029.96 Spread=2.00 pips
2026-05-05 16:39:48 INFO mt5_bot - Spread filter: 2.00 > 1.80
2026-05-05 16:40:03 INFO mt5_bot - Balance=102029.96 Equity=102029.96 Spread=1.30 pips
2026-05-05 16:40:03 INFO mt5_bot - Session filter: UTC hour=21 outside [7,20) and [0,0)
2026-05-05 16:40:18 INFO mt5_bot - Balance=102029.96 Equity=102029.96 Spread=1.50 pips
2026-05-05 16:40:18 INFO mt5_bot - Session filter: UTC hour=21 outside [7,20) and [0,0)
2026-05-05 16:40:33 INFO mt5_bot - Balance=102029.96 Equity=102029.96 Spread=1.50 pips
2026-05-05 16:40:33 INFO mt5_bot - Session filter: UTC hour=21 outside [7,20) and [0,0)
2026-05-05 16:40:48 INFO mt5_bot - Balance=102029.96 Equity=102029.96 Spread=1.50 pips
2026-05-05 16:40:48 INFO mt5_bot - Session filter: UTC hour=21 outside [7,20) and [0,0)
2026-05-05 16:41:03 INFO mt5_bot - Balance=102029.96 Equity=102029.96 Spread=1.20 pips
2026-05-05 16:41:03 INFO mt5_bot - Session filter: UTC hour=21 outside [7,20) and [0,0)
2026-05-05 16:41:18 INFO mt5_bot - Balance=102029.96 Equity=102029.96 Spread=1.20 pips
2026-05-05 16:41:18 INFO mt5_bot - Session filter: UTC hour=21 outside [7,20) and [0,0)
2026-05-05 16:41:33 INFO mt5_bot - Balance=102029.96 Equity=102029.96 Spread=1.30 pips
2026-05-05 16:41:33 INFO mt5_bot - Session filter: UTC hour=21 outside [7,20) and [0,0)
2026-05-05 16:41:48 INFO mt5_bot - Balance=102029.96 Equity=102029.96 Spread=1.50 pips
2026-05-05 16:41:48 INFO mt5_bot - Session filter: UTC hour=21 outside [7,20) and [0,0)
2026-05-05 16:42:03 INFO mt5_bot - Balance=102029.96 Equity=102029.96 Spread=1.90 pips
2026-05-05 16:42:03 INFO mt5_bot - Spread filter: 1.90 > 1.80
2026-05-05 16:42:18 INFO mt5_bot - Balance=102029.96 Equity=102029.96 Spread=1.50 pips
2026-05-05 16:42:18 INFO mt5_bot - Session filter: UTC hour=21 outside [7,20) and [0,0)
2026-05-05 16:42:33 INFO mt5_bot - Balance=102029.96 Equity=102029.96 Spread=1.40 pips
2026-05-05 16:42:33 INFO mt5_bot - Session filter: UTC hour=21 outside [7,20) and [0,0)
2026-05-05 16:42:48 INFO mt5_bot - Balance=102029.96 Equity=102029.96 Spread=1.60 pips
2026-05-05 16:42:48 INFO mt5_bot - Session filter: UTC hour=21 outside [7,20) and [0,0)
2026-05-05 16:43:03 INFO mt5_bot - Balance=102029.96 Equity=102029.96 Spread=1.50 pips
2026-05-05 16:43:03 INFO mt5_bot - Session filter: UTC hour=21 outside [7,20) and [0,0)
2026-05-05 16:43:18 INFO mt5_bot - Balance=102029.96 Equity=102029.96 Spread=1.50 pips
2026-05-05 16:43:18 INFO mt5_bot - Session filter: UTC hour=21 outside [7,20) and [0,0)
2026-05-05 16:43:33 INFO mt5_bot - Balance=102029.96 Equity=102029.96 Spread=1.50 pips
2026-05-05 16:43:33 INFO mt5_bot - Session filter: UTC hour=21 outside [7,20) and [0,0)
2026-05-05 16:43:48 INFO mt5_bot - Balance=102029.96 Equity=102029.96 Spread=1.50 pips
2026-05-05 16:43:48 INFO mt5_bot - Session filter: UTC hour=21 outside [7,20) and [0,0)
2026-05-05 16:44:03 INFO mt5_bot - Balance=102029.96 Equity=102029.96 Spread=1.50 pips
2026-05-05 16:44:03 INFO mt5_bot - Session filter: UTC hour=21 outside [7,20) and [0,0)
2026-05-05 16:44:18 INFO mt5_bot - Balance=102029.96 Equity=102029.96 Spread=1.40 pips
2026-05-05 16:44:18 INFO mt5_bot - Session filter: UTC hour=21 outside [7,20) and [0,0)
2026-05-05 16:44:33 INFO mt5_bot - Balance=102029.96 Equity=102029.96 Spread=1.40 pips
2026-05-05 16:44:33 INFO mt5_bot - Session filter: UTC hour=21 outside [7,20) and [0,0)
2026-05-05 16:44:48 INFO mt5_bot - Balance=102029.96 Equity=102029.96 Spread=1.40 pips
2026-05-05 16:44:48 INFO mt5_bot - Session filter: UTC hour=21 outside [7,20) and [0,0)
2026-05-05 16:45:03 INFO mt5_bot - Balance=102029.96 Equity=102029.96 Spread=1.50 pips
2026-05-05 16:45:03 INFO mt5_bot - Session filter: UTC hour=21 outside [7,20) and [0,0)
2026-05-05 16:45:18 INFO mt5_bot - Balance=102029.96 Equity=102029.96 Spread=0.90 pips
2026-05-05 16:45:18 INFO mt5_bot - Session filter: UTC hour=21 outside [7,20) and [0,0)
2026-05-05 16:45:33 INFO mt5_bot - Balance=102029.96 Equity=102029.96 Spread=1.10 pips
2026-05-05 16:45:33 INFO mt5_bot - Session filter: UTC hour=21 outside [7,20) and [0,0)
2026-05-05 16:45:48 INFO mt5_bot - Balance=102029.96 Equity=102029.96 Spread=1.20 pips
2026-05-05 16:45:48 INFO mt5_bot - Session filter: UTC hour=21 outside [7,20) and [0,0)
2026-05-05 16:46:03 INFO mt5_bot - Balance=102029.96 Equity=102029.96 Spread=0.50 pips
2026-05-05 16:46:03 INFO mt5_bot - Session filter: UTC hour=21 outside [7,20) and [0,0)
2026-05-05 16:46:18 INFO mt5_bot - Balance=102029.96 Equity=102029.96 Spread=0.70 pips
2026-05-05 16:46:18 INFO mt5_bot - Session filter: UTC hour=21 outside [7,20) and [0,0)
2026-05-05 16:46:33 INFO mt5_bot - Balance=102029.96 Equity=102029.96 Spread=0.40 pips
2026-05-05 16:46:33 INFO mt5_bot - Session filter: UTC hour=21 outside [7,20) and [0,0)
2026-05-05 16:46:48 INFO mt5_bot - Balance=102029.96 Equity=102029.96 Spread=0.50 pips
2026-05-05 16:46:48 INFO mt5_bot - Session filter: UTC hour=21 outside [7,20) and [0,0)
2026-05-05 16:47:03 INFO mt5_bot - Balance=102029.96 Equity=102029.96 Spread=0.70 pips
2026-05-05 16:47:03 INFO mt5_bot - Session filter: UTC hour=21 outside [7,20) and [0,0)
2026-05-05 16:47:18 INFO mt5_bot - Balance=102029.96 Equity=102029.96 Spread=0.30 pips
2026-05-05 16:47:18 INFO mt5_bot - Session filter: UTC hour=21 outside [7,20) and [0,0)
2026-05-05 16:47:33 INFO mt5_bot - Balance=102029.96 Equity=102029.96 Spread=0.70 pips
2026-05-05 16:47:33 INFO mt5_bot - Session filter: UTC hour=21 outside [7,20) and [0,0)
2026-05-05 16:47:48 INFO mt5_bot - Balance=102029.96 Equity=102029.96 Spread=0.70 pips
2026-05-05 16:47:48 INFO mt5_bot - Session filter: UTC hour=21 outside [7,20) and [0,0)
2026-05-05 16:48:03 INFO mt5_bot - Balance=102029.96 Equity=102029.96 Spread=0.90 pips
2026-05-05 16:48:03 INFO mt5_bot - Session filter: UTC hour=21 outside [7,20) and [0,0)
2026-05-05 16:48:18 INFO mt5_bot - Balance=102029.96 Equity=102029.96 Spread=0.60 pips
2026-05-05 16:48:18 INFO mt5_bot - Session filter: UTC hour=21 outside [7,20) and [0,0)
2026-05-05 16:48:33 INFO mt5_bot - Balance=102029.96 Equity=102029.96 Spread=1.00 pips
2026-05-05 16:48:33 INFO mt5_bot - Session filter: UTC hour=21 outside [7,20) and [0,0)
2026-05-05 16:48:48 INFO mt5_bot - Balance=102029.96 Equity=102029.96 Spread=0.90 pips
2026-05-05 16:48:48 INFO mt5_bot - Session filter: UTC hour=21 outside [7,20) and [0,0)
2026-05-05 16:49:03 INFO mt5_bot - Balance=102029.96 Equity=102029.96 Spread=1.40 pips
2026-05-05 16:49:03 INFO mt5_bot - Session filter: UTC hour=21 outside [7,20) and [0,0)
2026-05-05 16:49:18 INFO mt5_bot - Balance=102029.96 Equity=102029.96 Spread=0.80 pips
2026-05-05 16:49:18 INFO mt5_bot - Session filter: UTC hour=21 outside [7,20) and [0,0)
2026-05-05 16:49:33 INFO mt5_bot - Balance=102029.96 Equity=102029.96 Spread=0.70 pips
2026-05-05 16:49:33 INFO mt5_bot - Session filter: UTC hour=21 outside [7,20) and [0,0)
2026-05-05 16:49:48 INFO mt5_bot - Balance=102029.96 Equity=102029.96 Spread=1.10 pips
2026-05-05 16:49:48 INFO mt5_bot - Session filter: UTC hour=21 outside [7,20) and [0,0)
2026-05-05 16:50:03 INFO mt5_bot - Balance=102029.96 Equity=102029.96 Spread=1.20 pips
2026-05-05 16:50:03 INFO mt5_bot - Session filter: UTC hour=21 outside [7,20) and [0,0)
2026-05-05 16:50:18 INFO mt5_bot - Balance=102029.96 Equity=102029.96 Spread=1.00 pips
2026-05-05 16:50:18 INFO mt5_bot - Session filter: UTC hour=21 outside [7,20) and [0,0)
2026-05-05 16:50:33 INFO mt5_bot - Balance=102029.96 Equity=102029.96 Spread=1.00 pips
2026-05-05 16:50:33 INFO mt5_bot - Session filter: UTC hour=21 outside [7,20) and [0,0)
2026-05-05 16:50:48 INFO mt5_bot - Balance=102029.96 Equity=102029.96 Spread=1.00 pips
2026-05-05 16:50:48 INFO mt5_bot - Session filter: UTC hour=21 outside [7,20) and [0,0)
2026-05-05 16:51:03 INFO mt5_bot - Balance=102029.96 Equity=102029.96 Spread=1.00 pips
2026-05-05 16:51:03 INFO mt5_bot - Session filter: UTC hour=21 outside [7,20) and [0,0)
2026-05-05 16:51:18 INFO mt5_bot - Balance=102029.96 Equity=102029.96 Spread=1.00 pips
2026-05-05 16:51:18 INFO mt5_bot - Session filter: UTC hour=21 outside [7,20) and [0,0)
2026-05-05 16:51:33 INFO mt5_bot - Balance=102029.96 Equity=102029.96 Spread=0.90 pips
2026-05-05 16:51:33 INFO mt5_bot - Session filter: UTC hour=21 outside [7,20) and [0,0)
2026-05-05 16:51:48 INFO mt5_bot - Balance=102029.96 Equity=102029.96 Spread=1.00 pips
2026-05-05 16:51:48 INFO mt5_bot - Session filter: UTC hour=21 outside [7,20) and [0,0)
2026-05-05 16:52:03 INFO mt5_bot - Balance=102029.96 Equity=102029.96 Spread=0.80 pips
2026-05-05 16:52:03 INFO mt5_bot - Session filter: UTC hour=21 outside [7,20) and [0,0)
2026-05-05 16:52:18 INFO mt5_bot - Balance=102029.96 Equity=102029.96 Spread=1.00 pips
2026-05-05 16:52:18 INFO mt5_bot - Session filter: UTC hour=21 outside [7,20) and [0,0)
2026-05-05 16:52:33 INFO mt5_bot - Balance=102029.96 Equity=102029.96 Spread=1.00 pips
2026-05-05 16:52:33 INFO mt5_bot - Session filter: UTC hour=21 outside [7,20) and [0,0)
2026-05-05 16:52:48 INFO mt5_bot - Balance=102029.96 Equity=102029.96 Spread=1.40 pips
2026-05-05 16:52:48 INFO mt5_bot - Session filter: UTC hour=21 outside [7,20) and [0,0)
2026-05-05 16:53:03 INFO mt5_bot - Balance=102029.96 Equity=102029.96 Spread=1.00 pips
2026-05-05 16:53:03 INFO mt5_bot - Session filter: UTC hour=21 outside [7,20) and [0,0)
2026-05-05 16:53:18 INFO mt5_bot - Balance=102029.96 Equity=102029.96 Spread=1.30 pips
2026-05-05 16:53:18 INFO mt5_bot - Session filter: UTC hour=21 outside [7,20) and [0,0)
2026-05-05 16:53:33 INFO mt5_bot - Balance=102029.96 Equity=102029.96 Spread=1.70 pips
2026-05-05 16:53:33 INFO mt5_bot - Session filter: UTC hour=21 outside [7,20) and [0,0)
2026-05-05 16:53:48 INFO mt5_bot - Balance=102029.96 Equity=102029.96 Spread=1.90 pips
2026-05-05 16:53:48 INFO mt5_bot - Spread filter: 1.90 > 1.80
2026-05-05 16:54:03 INFO mt5_bot - Balance=102029.96 Equity=102029.96 Spread=1.90 pips
2026-05-05 16:54:03 INFO mt5_bot - Spread filter: 1.90 > 1.80
2026-05-05 16:54:18 INFO mt5_bot - Balance=102029.96 Equity=102029.96 Spread=1.60 pips
2026-05-05 16:54:18 INFO mt5_bot - Session filter: UTC hour=21 outside [7,20) and [0,0)
2026-05-05 16:54:33 INFO mt5_bot - Balance=102029.96 Equity=102029.96 Spread=1.80 pips
2026-05-05 16:54:33 INFO mt5_bot - Session filter: UTC hour=21 outside [7,20) and [0,0)
2026-05-05 16:54:48 INFO mt5_bot - Balance=102029.96 Equity=102029.96 Spread=2.00 pips
2026-05-05 16:54:48 INFO mt5_bot - Spread filter: 2.00 > 1.80
2026-05-05 16:55:03 INFO mt5_bot - Balance=102029.96 Equity=102029.96 Spread=1.70 pips
2026-05-05 16:55:03 INFO mt5_bot - Session filter: UTC hour=21 outside [7,20) and [0,0)
2026-05-05 16:55:18 INFO mt5_bot - Balance=102029.96 Equity=102029.96 Spread=0.70 pips
2026-05-05 16:55:18 INFO mt5_bot - Session filter: UTC hour=21 outside [7,20) and [0,0)
2026-05-05 16:55:33 INFO mt5_bot - Balance=102029.96 Equity=102029.96 Spread=1.00 pips
2026-05-05 16:55:33 INFO mt5_bot - Session filter: UTC hour=21 outside [7,20) and [0,0)
2026-05-05 16:55:48 INFO mt5_bot - Balance=102029.96 Equity=102029.96 Spread=1.00 pips
2026-05-05 16:55:48 INFO mt5_bot - Session filter: UTC hour=21 outside [7,20) and [0,0)
2026-05-05 16:56:03 INFO mt5_bot - Balance=102029.96 Equity=102029.96 Spread=1.40 pips
2026-05-05 16:56:03 INFO mt5_bot - Session filter: UTC hour=21 outside [7,20) and [0,0)
2026-05-05 16:56:18 INFO mt5_bot - Balance=102029.96 Equity=102029.96 Spread=0.80 pips
2026-05-05 16:56:18 INFO mt5_bot - Session filter: UTC hour=21 outside [7,20) and [0,0)
2026-05-05 16:56:33 INFO mt5_bot - Balance=102029.96 Equity=102029.96 Spread=0.80 pips
2026-05-05 16:56:33 INFO mt5_bot - Session filter: UTC hour=21 outside [7,20) and [0,0)
2026-05-05 16:56:48 INFO mt5_bot - Balance=102029.96 Equity=102029.96 Spread=0.90 pips
2026-05-05 16:56:48 INFO mt5_bot - Session filter: UTC hour=21 outside [7,20) and [0,0)
2026-05-05 16:57:03 INFO mt5_bot - Balance=102029.96 Equity=102029.96 Spread=0.80 pips
2026-05-05 16:57:03 INFO mt5_bot - Session filter: UTC hour=21 outside [7,20) and [0,0)
2026-05-05 16:57:18 INFO mt5_bot - Balance=102029.96 Equity=102029.96 Spread=0.80 pips
2026-05-05 16:57:18 INFO mt5_bot - Session filter: UTC hour=21 outside [7,20) and [0,0)
2026-05-05 16:57:33 INFO mt5_bot - Balance=102029.96 Equity=102029.96 Spread=1.40 pips
2026-05-05 16:57:33 INFO mt5_bot - Session filter: UTC hour=21 outside [7,20) and [0,0)
2026-05-05 16:57:48 INFO mt5_bot - Balance=102029.96 Equity=102029.96 Spread=0.90 pips
2026-05-05 16:57:48 INFO mt5_bot - Session filter: UTC hour=21 outside [7,20) and [0,0)
2026-05-05 16:58:03 INFO mt5_bot - Balance=102029.96 Equity=102029.96 Spread=1.00 pips
2026-05-05 16:58:03 INFO mt5_bot - Session filter: UTC hour=21 outside [7,20) and [0,0)
2026-05-05 16:58:18 INFO mt5_bot - Balance=102029.96 Equity=102029.96 Spread=1.60 pips
2026-05-05 16:58:18 INFO mt5_bot - Session filter: UTC hour=21 outside [7,20) and [0,0)
2026-05-05 16:58:33 INFO mt5_bot - Balance=102029.96 Equity=102029.96 Spread=1.00 pips
2026-05-05 16:58:33 INFO mt5_bot - Session filter: UTC hour=21 outside [7,20) and [0,0)
2026-05-05 16:58:48 INFO mt5_bot - Balance=102029.96 Equity=102029.96 Spread=0.80 pips
2026-05-05 16:58:48 INFO mt5_bot - Session filter: UTC hour=21 outside [7,20) and [0,0)
2026-05-05 16:59:03 INFO mt5_bot - Balance=102029.96 Equity=102029.96 Spread=1.20 pips
2026-05-05 16:59:03 INFO mt5_bot - Session filter: UTC hour=21 outside [7,20) and [0,0)
2026-05-05 16:59:18 INFO mt5_bot - Balance=102029.96 Equity=102029.96 Spread=1.40 pips
2026-05-05 16:59:18 INFO mt5_bot - Session filter: UTC hour=21 outside [7,20) and [0,0)
2026-05-05 16:59:33 INFO mt5_bot - Balance=102029.96 Equity=102029.96 Spread=1.80 pips
2026-05-05 16:59:33 INFO mt5_bot - Session filter: UTC hour=21 outside [7,20) and [0,0)
2026-05-05 16:59:48 INFO mt5_bot - Balance=102029.96 Equity=102029.96 Spread=1.30 pips
2026-05-05 16:59:48 INFO mt5_bot - Session filter: UTC hour=21 outside [7,20) and [0,0)
2026-05-05 17:00:03 INFO mt5_bot - Balance=102029.96 Equity=102029.96 Spread=1.20 pips
2026-05-05 17:00:03 INFO mt5_bot - Session filter: UTC hour=22 outside [7,20) and [0,0)
2026-05-05 17:00:18 INFO mt5_bot - Balance=102029.96 Equity=102029.96 Spread=0.30 pips
2026-05-05 17:00:18 INFO mt5_bot - Session filter: UTC hour=22 outside [7,20) and [0,0)
2026-05-05 17:00:33 INFO mt5_bot - Balance=102029.96 Equity=102029.96 Spread=0.30 pips
2026-05-05 17:00:33 INFO mt5_bot - Session filter: UTC hour=22 outside [7,20) and [0,0)
2026-05-05 17:00:48 INFO mt5_bot - Balance=102029.96 Equity=102029.96 Spread=0.30 pips
2026-05-05 17:00:48 INFO mt5_bot - Session filter: UTC hour=22 outside [7,20) and [0,0)
2026-05-05 17:01:03 INFO mt5_bot - Balance=102029.96 Equity=102029.96 Spread=0.30 pips
2026-05-05 17:01:03 INFO mt5_bot - Session filter: UTC hour=22 outside [7,20) and [0,0)
2026-05-05 17:01:18 INFO mt5_bot - Balance=102029.96 Equity=102029.96 Spread=0.30 pips
2026-05-05 17:01:18 INFO mt5_bot - Session filter: UTC hour=22 outside [7,20) and [0,0)
2026-05-05 17:01:33 INFO mt5_bot - Balance=102029.96 Equity=102029.96 Spread=0.30 pips
2026-05-05 17:01:33 INFO mt5_bot - Session filter: UTC hour=22 outside [7,20) and [0,0)
2026-05-05 17:01:48 INFO mt5_bot - Balance=102029.96 Equity=102029.96 Spread=0.30 pips
2026-05-05 17:01:48 INFO mt5_bot - Session filter: UTC hour=22 outside [7,20) and [0,0)
2026-05-05 17:02:03 INFO mt5_bot - Balance=102029.96 Equity=102029.96 Spread=0.30 pips
2026-05-05 17:02:03 INFO mt5_bot - Session filter: UTC hour=22 outside [7,20) and [0,0)
2026-05-05 17:02:18 INFO mt5_bot - Balance=102029.96 Equity=102029.96 Spread=0.30 pips
2026-05-05 17:02:18 INFO mt5_bot - Session filter: UTC hour=22 outside [7,20) and [0,0)
2026-05-05 17:02:33 INFO mt5_bot - Balance=102029.96 Equity=102029.96 Spread=0.30 pips
2026-05-05 17:02:33 INFO mt5_bot - Session filter: UTC hour=22 outside [7,20) and [0,0)
2026-05-05 17:02:48 INFO mt5_bot - Balance=102029.96 Equity=102029.96 Spread=0.30 pips
2026-05-05 17:02:48 INFO mt5_bot - Session filter: UTC hour=22 outside [7,20) and [0,0)
2026-05-05 17:03:03 INFO mt5_bot - Balance=102029.96 Equity=102029.96 Spread=0.30 pips
2026-05-05 17:03:03 INFO mt5_bot - Session filter: UTC hour=22 outside [7,20) and [0,0)
2026-05-05 17:03:18 INFO mt5_bot - Balance=102029.96 Equity=102029.96 Spread=0.30 pips
2026-05-05 17:03:18 INFO mt5_bot - Session filter: UTC hour=22 outside [7,20) and [0,0)
2026-05-05 17:03:33 INFO mt5_bot - Balance=102029.96 Equity=102029.96 Spread=0.30 pips
2026-05-05 17:03:33 INFO mt5_bot - Session filter: UTC hour=22 outside [7,20) and [0,0)
2026-05-05 17:03:48 INFO mt5_bot - Balance=102029.96 Equity=102029.96 Spread=0.30 pips
2026-05-05 17:03:48 INFO mt5_bot - Session filter: UTC hour=22 outside [7,20) and [0,0)
2026-05-05 17:04:03 INFO mt5_bot - Balance=102029.96 Equity=102029.96 Spread=0.30 pips
2026-05-05 17:04:03 INFO mt5_bot - Session filter: UTC hour=22 outside [7,20) and [0,0)
2026-05-05 17:04:18 INFO mt5_bot - Balance=102029.96 Equity=102029.96 Spread=0.30 pips
2026-05-05 17:04:18 INFO mt5_bot - Session filter: UTC hour=22 outside [7,20) and [0,0)
2026-05-05 17:04:34 INFO mt5_bot - Balance=102029.96 Equity=102029.96 Spread=0.30 pips
2026-05-05 17:04:34 INFO mt5_bot - Session filter: UTC hour=22 outside [7,20) and [0,0)
2026-05-05 17:04:49 INFO mt5_bot - Balance=102029.96 Equity=102029.96 Spread=0.30 pips
2026-05-05 17:04:49 INFO mt5_bot - Session filter: UTC hour=22 outside [7,20) and [0,0)
2026-05-05 17:05:04 INFO mt5_bot - Balance=102029.96 Equity=102029.96 Spread=0.70 pips
2026-05-05 17:05:04 INFO mt5_bot - Session filter: UTC hour=22 outside [7,20) and [0,0)
2026-05-05 17:05:19 INFO mt5_bot - Balance=102029.96 Equity=102029.96 Spread=0.60 pips
2026-05-05 17:05:19 INFO mt5_bot - Session filter: UTC hour=22 outside [7,20) and [0,0)
2026-05-05 17:05:34 INFO mt5_bot - Balance=102029.96 Equity=102029.96 Spread=0.30 pips
2026-05-05 17:05:34 INFO mt5_bot - Session filter: UTC hour=22 outside [7,20) and [0,0)
2026-05-05 17:05:49 INFO mt5_bot - Balance=102029.96 Equity=102029.96 Spread=0.70 pips
2026-05-05 17:05:49 INFO mt5_bot - Session filter: UTC hour=22 outside [7,20) and [0,0)
2026-05-05 17:06:04 INFO mt5_bot - Balance=102029.96 Equity=102029.96 Spread=0.30 pips
2026-05-05 17:06:04 INFO mt5_bot - Session filter: UTC hour=22 outside [7,20) and [0,0)
2026-05-05 17:06:19 INFO mt5_bot - Balance=102029.96 Equity=102029.96 Spread=0.30 pips
2026-05-05 17:06:19 INFO mt5_bot - Session filter: UTC hour=22 outside [7,20) and [0,0)
2026-05-05 17:06:34 INFO mt5_bot - Balance=102029.96 Equity=102029.96 Spread=0.90 pips
2026-05-05 17:06:34 INFO mt5_bot - Session filter: UTC hour=22 outside [7,20) and [0,0)
2026-05-05 17:06:49 INFO mt5_bot - Balance=102029.96 Equity=102029.96 Spread=0.70 pips
2026-05-05 17:06:49 INFO mt5_bot - Session filter: UTC hour=22 outside [7,20) and [0,0)
2026-05-05 17:07:04 INFO mt5_bot - Balance=102029.96 Equity=102029.96 Spread=0.30 pips
2026-05-05 17:07:04 INFO mt5_bot - Session filter: UTC hour=22 outside [7,20) and [0,0)
2026-05-05 17:07:19 INFO mt5_bot - Balance=102029.96 Equity=102029.96 Spread=0.30 pips
2026-05-05 17:07:19 INFO mt5_bot - Session filter: UTC hour=22 outside [7,20) and [0,0)
2026-05-05 17:07:34 INFO mt5_bot - Balance=102029.96 Equity=102029.96 Spread=0.30 pips
2026-05-05 17:07:34 INFO mt5_bot - Session filter: UTC hour=22 outside [7,20) and [0,0)
2026-05-05 17:07:49 INFO mt5_bot - Balance=102029.96 Equity=102029.96 Spread=0.30 pips
2026-05-05 17:07:49 INFO mt5_bot - Session filter: UTC hour=22 outside [7,20) and [0,0)
2026-05-05 17:08:04 INFO mt5_bot - Balance=102029.96 Equity=102029.96 Spread=0.80 pips
2026-05-05 17:08:04 INFO mt5_bot - Session filter: UTC hour=22 outside [7,20) and [0,0)
2026-05-05 17:08:19 INFO mt5_bot - Balance=102029.96 Equity=102029.96 Spread=0.30 pips
2026-05-05 17:08:19 INFO mt5_bot - Session filter: UTC hour=22 outside [7,20) and [0,0)
2026-05-05 17:08:34 INFO mt5_bot - Balance=102029.96 Equity=102029.96 Spread=0.30 pips
2026-05-05 17:08:34 INFO mt5_bot - Session filter: UTC hour=22 outside [7,20) and [0,0)
2026-05-05 17:08:49 INFO mt5_bot - Balance=102029.96 Equity=102029.96 Spread=0.30 pips
2026-05-05 17:08:49 INFO mt5_bot - Session filter: UTC hour=22 outside [7,20) and [0,0)
2026-05-05 17:09:04 INFO mt5_bot - Balance=102029.96 Equity=102029.96 Spread=0.30 pips
2026-05-05 17:09:04 INFO mt5_bot - Session filter: UTC hour=22 outside [7,20) and [0,0)
2026-05-05 17:09:19 INFO mt5_bot - Balance=102029.96 Equity=102029.96 Spread=0.30 pips
2026-05-05 17:09:19 INFO mt5_bot - Session filter: UTC hour=22 outside [7,20) and [0,0)
2026-05-05 17:09:34 INFO mt5_bot - Balance=102029.96 Equity=102029.96 Spread=0.30 pips
2026-05-05 17:09:34 INFO mt5_bot - Session filter: UTC hour=22 outside [7,20) and [0,0)
2026-05-05 17:09:49 INFO mt5_bot - Balance=102029.96 Equity=102029.96 Spread=0.30 pips
2026-05-05 17:09:49 INFO mt5_bot - Session filter: UTC hour=22 outside [7,20) and [0,0)
2026-05-05 17:10:04 INFO mt5_bot - Balance=102029.96 Equity=102029.96 Spread=0.30 pips
2026-05-05 17:10:04 INFO mt5_bot - Session filter: UTC hour=22 outside [7,20) and [0,0)
2026-05-05 17:10:19 INFO mt5_bot - Balance=102029.96 Equity=102029.96 Spread=0.30 pips
2026-05-05 17:10:19 INFO mt5_bot - Session filter: UTC hour=22 outside [7,20) and [0,0)
2026-05-05 17:10:34 INFO mt5_bot - Balance=102029.96 Equity=102029.96 Spread=0.30 pips
2026-05-05 17:10:34 INFO mt5_bot - Session filter: UTC hour=22 outside [7,20) and [0,0)
2026-05-05 17:10:49 INFO mt5_bot - Balance=102029.96 Equity=102029.96 Spread=0.30 pips
2026-05-05 17:10:49 INFO mt5_bot - Session filter: UTC hour=22 outside [7,20) and [0,0)
2026-05-05 17:11:04 INFO mt5_bot - Balance=102029.96 Equity=102029.96 Spread=0.30 pips
2026-05-05 17:11:04 INFO mt5_bot - Session filter: UTC hour=22 outside [7,20) and [0,0)
2026-05-05 17:11:19 INFO mt5_bot - Balance=102029.96 Equity=102029.96 Spread=0.30 pips
2026-05-05 17:11:19 INFO mt5_bot - Session filter: UTC hour=22 outside [7,20) and [0,0)
2026-05-05 17:11:34 INFO mt5_bot - Balance=102029.96 Equity=102029.96 Spread=0.70 pips
2026-05-05 17:11:34 INFO mt5_bot - Session filter: UTC hour=22 outside [7,20) and [0,0)
2026-05-05 17:11:49 INFO mt5_bot - Balance=102029.96 Equity=102029.96 Spread=0.70 pips
2026-05-05 17:11:49 INFO mt5_bot - Session filter: UTC hour=22 outside [7,20) and [0,0)
2026-05-05 17:12:04 INFO mt5_bot - Balance=102029.96 Equity=102029.96 Spread=0.30 pips
2026-05-05 17:12:04 INFO mt5_bot - Session filter: UTC hour=22 outside [7,20) and [0,0)
2026-05-05 17:12:19 INFO mt5_bot - Balance=102029.96 Equity=102029.96 Spread=0.30 pips
2026-05-05 17:12:19 INFO mt5_bot - Session filter: UTC hour=22 outside [7,20) and [0,0)
2026-05-05 17:12:34 INFO mt5_bot - Balance=102029.96 Equity=102029.96 Spread=0.90 pips
2026-05-05 17:12:34 INFO mt5_bot - Session filter: UTC hour=22 outside [7,20) and [0,0)
2026-05-05 17:12:49 INFO mt5_bot - Balance=102029.96 Equity=102029.96 Spread=0.90 pips
2026-05-05 17:12:49 INFO mt5_bot - Session filter: UTC hour=22 outside [7,20) and [0,0)
2026-05-05 17:13:04 INFO mt5_bot - Balance=102029.96 Equity=102029.96 Spread=0.30 pips
2026-05-05 17:13:04 INFO mt5_bot - Session filter: UTC hour=22 outside [7,20) and [0,0)
2026-05-05 17:13:19 INFO mt5_bot - Balance=102029.96 Equity=102029.96 Spread=0.30 pips
2026-05-05 17:13:19 INFO mt5_bot - Session filter: UTC hour=22 outside [7,20) and [0,0)
2026-05-05 17:13:34 INFO mt5_bot - Balance=102029.96 Equity=102029.96 Spread=0.30 pips
2026-05-05 17:13:34 INFO mt5_bot - Session filter: UTC hour=22 outside [7,20) and [0,0)
2026-05-05 17:13:49 INFO mt5_bot - Balance=102029.96 Equity=102029.96 Spread=0.30 pips
2026-05-05 17:13:49 INFO mt5_bot - Session filter: UTC hour=22 outside [7,20) and [0,0)
2026-05-05 17:14:04 INFO mt5_bot - Balance=102029.96 Equity=102029.96 Spread=0.30 pips
2026-05-05 17:14:04 INFO mt5_bot - Session filter: UTC hour=22 outside [7,20) and [0,0)
2026-05-05 17:14:19 INFO mt5_bot - Balance=102029.96 Equity=102029.96 Spread=0.30 pips
2026-05-05 17:14:19 INFO mt5_bot - Session filter: UTC hour=22 outside [7,20) and [0,0)
2026-05-05 17:14:34 INFO mt5_bot - Balance=102029.96 Equity=102029.96 Spread=0.30 pips
2026-05-05 17:14:34 INFO mt5_bot - Session filter: UTC hour=22 outside [7,20) and [0,0)
2026-05-05 17:14:49 INFO mt5_bot - Balance=102029.96 Equity=102029.96 Spread=0.70 pips
2026-05-05 17:14:49 INFO mt5_bot - Session filter: UTC hour=22 outside [7,20) and [0,0)
2026-05-05 17:15:04 INFO mt5_bot - Balance=102029.96 Equity=102029.96 Spread=0.70 pips
2026-05-05 17:15:04 INFO mt5_bot - Session filter: UTC hour=22 outside [7,20) and [0,0)
2026-05-05 17:15:19 INFO mt5_bot - Balance=102029.96 Equity=102029.96 Spread=0.30 pips
2026-05-05 17:15:19 INFO mt5_bot - Session filter: UTC hour=22 outside [7,20) and [0,0)
2026-05-05 17:15:34 INFO mt5_bot - Balance=102029.96 Equity=102029.96 Spread=0.90 pips
2026-05-05 17:15:34 INFO mt5_bot - Session filter: UTC hour=22 outside [7,20) and [0,0)
2026-05-05 17:15:49 INFO mt5_bot - Balance=102029.96 Equity=102029.96 Spread=0.80 pips
2026-05-05 17:15:49 INFO mt5_bot - Session filter: UTC hour=22 outside [7,20) and [0,0)
2026-05-05 17:16:04 INFO mt5_bot - Balance=102029.96 Equity=102029.96 Spread=0.30 pips
2026-05-05 17:16:04 INFO mt5_bot - Session filter: UTC hour=22 outside [7,20) and [0,0)
2026-05-05 17:16:19 INFO mt5_bot - Balance=102029.96 Equity=102029.96 Spread=0.30 pips
2026-05-05 17:16:19 INFO mt5_bot - Session filter: UTC hour=22 outside [7,20) and [0,0)
2026-05-05 17:16:34 INFO mt5_bot - Balance=102029.96 Equity=102029.96 Spread=0.30 pips
2026-05-05 17:16:34 INFO mt5_bot - Session filter: UTC hour=22 outside [7,20) and [0,0)
2026-05-05 17:16:49 INFO mt5_bot - Balance=102029.96 Equity=102029.96 Spread=0.30 pips
2026-05-05 17:16:49 INFO mt5_bot - Session filter: UTC hour=22 outside [7,20) and [0,0)
2026-05-05 17:17:04 INFO mt5_bot - Balance=102029.96 Equity=102029.96 Spread=0.30 pips
2026-05-05 17:17:04 INFO mt5_bot - Session filter: UTC hour=22 outside [7,20) and [0,0)
2026-05-05 17:17:19 INFO mt5_bot - Balance=102029.96 Equity=102029.96 Spread=1.00 pips
2026-05-05 17:17:19 INFO mt5_bot - Session filter: UTC hour=22 outside [7,20) and [0,0)
2026-05-05 17:17:34 INFO mt5_bot - Balance=102029.96 Equity=102029.96 Spread=1.10 pips
2026-05-05 17:17:34 INFO mt5_bot - Session filter: UTC hour=22 outside [7,20) and [0,0)
2026-05-05 17:17:49 INFO mt5_bot - Balance=102029.96 Equity=102029.96 Spread=1.00 pips
2026-05-05 17:17:49 INFO mt5_bot - Session filter: UTC hour=22 outside [7,20) and [0,0)
2026-05-05 17:18:04 INFO mt5_bot - Balance=102029.96 Equity=102029.96 Spread=1.00 pips
2026-05-05 17:18:04 INFO mt5_bot - Session filter: UTC hour=22 outside [7,20) and [0,0)
2026-05-05 17:18:19 INFO mt5_bot - Balance=102029.96 Equity=102029.96 Spread=1.00 pips
2026-05-05 17:18:19 INFO mt5_bot - Session filter: UTC hour=22 outside [7,20) and [0,0)
2026-05-05 17:18:34 INFO mt5_bot - Balance=102029.96 Equity=102029.96 Spread=0.30 pips
2026-05-05 17:18:34 INFO mt5_bot - Session filter: UTC hour=22 outside [7,20) and [0,0)
2026-05-05 17:18:49 INFO mt5_bot - Balance=102029.96 Equity=102029.96 Spread=0.70 pips
2026-05-05 17:18:49 INFO mt5_bot - Session filter: UTC hour=22 outside [7,20) and [0,0)
2026-05-05 17:19:04 INFO mt5_bot - Balance=102029.96 Equity=102029.96 Spread=0.30 pips
2026-05-05 17:19:04 INFO mt5_bot - Session filter: UTC hour=22 outside [7,20) and [0,0)
2026-05-05 17:19:19 INFO mt5_bot - Balance=102029.96 Equity=102029.96 Spread=0.30 pips
2026-05-05 17:19:19 INFO mt5_bot - Session filter: UTC hour=22 outside [7,20) and [0,0)
2026-05-05 17:19:34 INFO mt5_bot - Balance=102029.96 Equity=102029.96 Spread=0.30 pips
2026-05-05 17:19:34 INFO mt5_bot - Session filter: UTC hour=22 outside [7,20) and [0,0)
2026-05-05 17:19:49 INFO mt5_bot - Balance=102029.96 Equity=102029.96 Spread=0.30 pips
2026-05-05 17:19:49 INFO mt5_bot - Session filter: UTC hour=22 outside [7,20) and [0,0)
2026-05-05 17:20:04 INFO mt5_bot - Balance=102029.96 Equity=102029.96 Spread=0.30 pips
2026-05-05 17:20:04 INFO mt5_bot - Session filter: UTC hour=22 outside [7,20) and [0,0)
2026-05-05 17:20:19 INFO mt5_bot - Balance=102029.96 Equity=102029.96 Spread=0.30 pips
2026-05-05 17:20:19 INFO mt5_bot - Session filter: UTC hour=22 outside [7,20) and [0,0)
2026-05-05 17:20:34 INFO mt5_bot - Balance=102029.96 Equity=102029.96 Spread=0.80 pips
2026-05-05 17:20:34 INFO mt5_bot - Session filter: UTC hour=22 outside [7,20) and [0,0)
2026-05-05 17:20:49 INFO mt5_bot - Balance=102029.96 Equity=102029.96 Spread=1.30 pips
2026-05-05 17:20:49 INFO mt5_bot - Session filter: UTC hour=22 outside [7,20) and [0,0)
2026-05-05 17:21:04 INFO mt5_bot - Balance=102029.96 Equity=102029.96 Spread=1.00 pips
2026-05-05 17:21:04 INFO mt5_bot - Session filter: UTC hour=22 outside [7,20) and [0,0)
2026-05-05 17:21:19 INFO mt5_bot - Balance=102029.96 Equity=102029.96 Spread=0.30 pips
2026-05-05 17:21:19 INFO mt5_bot - Session filter: UTC hour=22 outside [7,20) and [0,0)
2026-05-05 17:21:34 INFO mt5_bot - Balance=102029.96 Equity=102029.96 Spread=0.30 pips
2026-05-05 17:21:34 INFO mt5_bot - Session filter: UTC hour=22 outside [7,20) and [0,0)
2026-05-05 17:21:49 INFO mt5_bot - Balance=102029.96 Equity=102029.96 Spread=0.60 pips
2026-05-05 17:21:49 INFO mt5_bot - Session filter: UTC hour=22 outside [7,20) and [0,0)
2026-05-05 17:22:04 INFO mt5_bot - Balance=102029.96 Equity=102029.96 Spread=0.30 pips
2026-05-05 17:22:04 INFO mt5_bot - Session filter: UTC hour=22 outside [7,20) and [0,0)
2026-05-05 17:22:19 INFO mt5_bot - Balance=102029.96 Equity=102029.96 Spread=0.30 pips
2026-05-05 17:22:19 INFO mt5_bot - Session filter: UTC hour=22 outside [7,20) and [0,0)
2026-05-05 17:22:34 INFO mt5_bot - Balance=102029.96 Equity=102029.96 Spread=0.30 pips
2026-05-05 17:22:34 INFO mt5_bot - Session filter: UTC hour=22 outside [7,20) and [0,0)
2026-05-05 17:22:49 INFO mt5_bot - Balance=102029.96 Equity=102029.96 Spread=0.30 pips
2026-05-05 17:22:49 INFO mt5_bot - Session filter: UTC hour=22 outside [7,20) and [0,0)
2026-05-05 17:23:04 INFO mt5_bot - Balance=102029.96 Equity=102029.96 Spread=0.30 pips
2026-05-05 17:23:04 INFO mt5_bot - Session filter: UTC hour=22 outside [7,20) and [0,0)
2026-05-05 17:23:19 INFO mt5_bot - Balance=102029.96 Equity=102029.96 Spread=0.30 pips
2026-05-05 17:23:19 INFO mt5_bot - Session filter: UTC hour=22 outside [7,20) and [0,0)
2026-05-05 17:23:34 INFO mt5_bot - Balance=102029.96 Equity=102029.96 Spread=0.30 pips
2026-05-05 17:23:34 INFO mt5_bot - Session filter: UTC hour=22 outside [7,20) and [0,0)
2026-05-05 17:23:49 INFO mt5_bot - Balance=102029.96 Equity=102029.96 Spread=0.30 pips
2026-05-05 17:23:49 INFO mt5_bot - Session filter: UTC hour=22 outside [7,20) and [0,0)
2026-05-05 17:24:04 INFO mt5_bot - Balance=102029.96 Equity=102029.96 Spread=0.70 pips
2026-05-05 17:24:04 INFO mt5_bot - Session filter: UTC hour=22 outside [7,20) and [0,0)
2026-05-05 17:24:19 INFO mt5_bot - Balance=102029.96 Equity=102029.96 Spread=0.30 pips
2026-05-05 17:24:19 INFO mt5_bot - Session filter: UTC hour=22 outside [7,20) and [0,0)
2026-05-05 17:24:34 INFO mt5_bot - Balance=102029.96 Equity=102029.96 Spread=0.50 pips
2026-05-05 17:24:34 INFO mt5_bot - Session filter: UTC hour=22 outside [7,20) and [0,0)
2026-05-05 17:24:49 INFO mt5_bot - Balance=102029.96 Equity=102029.96 Spread=0.60 pips
2026-05-05 17:24:49 INFO mt5_bot - Session filter: UTC hour=22 outside [7,20) and [0,0)
2026-05-05 17:25:04 INFO mt5_bot - Balance=102029.96 Equity=102029.96 Spread=0.30 pips
2026-05-05 17:25:04 INFO mt5_bot - Session filter: UTC hour=22 outside [7,20) and [0,0)
2026-05-05 17:25:19 INFO mt5_bot - Balance=102029.96 Equity=102029.96 Spread=1.30 pips
2026-05-05 17:25:19 INFO mt5_bot - Session filter: UTC hour=22 outside [7,20) and [0,0)
2026-05-05 17:25:34 INFO mt5_bot - Balance=102029.96 Equity=102029.96 Spread=0.80 pips
2026-05-05 17:25:34 INFO mt5_bot - Session filter: UTC hour=22 outside [7,20) and [0,0)
2026-05-05 17:25:49 INFO mt5_bot - Balance=102029.96 Equity=102029.96 Spread=0.80 pips
2026-05-05 17:25:49 INFO mt5_bot - Session filter: UTC hour=22 outside [7,20) and [0,0)
2026-05-05 17:26:04 INFO mt5_bot - Balance=102029.96 Equity=102029.96 Spread=0.80 pips
2026-05-05 17:26:04 INFO mt5_bot - Session filter: UTC hour=22 outside [7,20) and [0,0)
2026-05-05 17:26:19 INFO mt5_bot - Balance=102029.96 Equity=102029.96 Spread=0.30 pips
2026-05-05 17:26:19 INFO mt5_bot - Session filter: UTC hour=22 outside [7,20) and [0,0)
2026-05-05 17:26:34 INFO mt5_bot - Balance=102029.96 Equity=102029.96 Spread=0.30 pips
2026-05-05 17:26:34 INFO mt5_bot - Session filter: UTC hour=22 outside [7,20) and [0,0)
2026-05-05 17:26:49 INFO mt5_bot - Balance=102029.96 Equity=102029.96 Spread=0.30 pips
2026-05-05 17:26:49 INFO mt5_bot - Session filter: UTC hour=22 outside [7,20) and [0,0)
2026-05-05 17:27:04 INFO mt5_bot - Balance=102029.96 Equity=102029.96 Spread=0.30 pips
2026-05-05 17:27:04 INFO mt5_bot - Session filter: UTC hour=22 outside [7,20) and [0,0)
2026-05-05 17:27:19 INFO mt5_bot - Balance=102029.96 Equity=102029.96 Spread=0.30 pips
2026-05-05 17:27:19 INFO mt5_bot - Session filter: UTC hour=22 outside [7,20) and [0,0)
2026-05-05 17:27:34 INFO mt5_bot - Balance=102029.96 Equity=102029.96 Spread=0.30 pips
2026-05-05 17:27:34 INFO mt5_bot - Session filter: UTC hour=22 outside [7,20) and [0,0)
2026-05-05 17:27:49 INFO mt5_bot - Balance=102029.96 Equity=102029.96 Spread=0.30 pips
2026-05-05 17:27:49 INFO mt5_bot - Session filter: UTC hour=22 outside [7,20) and [0,0)
2026-05-05 17:28:04 INFO mt5_bot - Balance=102029.96 Equity=102029.96 Spread=0.30 pips
2026-05-05 17:28:04 INFO mt5_bot - Session filter: UTC hour=22 outside [7,20) and [0,0)
2026-05-05 17:28:19 INFO mt5_bot - Balance=102029.96 Equity=102029.96 Spread=0.30 pips
2026-05-05 17:28:19 INFO mt5_bot - Session filter: UTC hour=22 outside [7,20) and [0,0)
2026-05-05 17:28:34 INFO mt5_bot - Balance=102029.96 Equity=102029.96 Spread=0.30 pips
2026-05-05 17:28:34 INFO mt5_bot - Session filter: UTC hour=22 outside [7,20) and [0,0)
2026-05-05 17:28:49 INFO mt5_bot - Balance=102029.96 Equity=102029.96 Spread=0.30 pips
2026-05-05 17:28:49 INFO mt5_bot - Session filter: UTC hour=22 outside [7,20) and [0,0)
2026-05-05 17:29:04 INFO mt5_bot - Balance=102029.96 Equity=102029.96 Spread=0.30 pips
2026-05-05 17:29:04 INFO mt5_bot - Session filter: UTC hour=22 outside [7,20) and [0,0)
2026-05-05 17:29:19 INFO mt5_bot - Balance=102029.96 Equity=102029.96 Spread=0.30 pips
2026-05-05 17:29:19 INFO mt5_bot - Session filter: UTC hour=22 outside [7,20) and [0,0)
2026-05-05 17:29:34 INFO mt5_bot - Balance=102029.96 Equity=102029.96 Spread=0.30 pips
2026-05-05 17:29:34 INFO mt5_bot - Session filter: UTC hour=22 outside [7,20) and [0,0)
2026-05-05 17:29:49 INFO mt5_bot - Balance=102029.96 Equity=102029.96 Spread=0.30 pips
2026-05-05 17:29:49 INFO mt5_bot - Session filter: UTC hour=22 outside [7,20) and [0,0)
2026-05-05 17:30:04 INFO mt5_bot - Balance=102029.96 Equity=102029.96 Spread=0.30 pips
2026-05-05 17:30:04 INFO mt5_bot - Session filter: UTC hour=22 outside [7,20) and [0,0)
2026-05-05 17:30:19 INFO mt5_bot - Balance=102029.96 Equity=102029.96 Spread=0.30 pips
2026-05-05 17:30:19 INFO mt5_bot - Session filter: UTC hour=22 outside [7,20) and [0,0)
2026-05-05 17:30:34 INFO mt5_bot - Balance=102029.96 Equity=102029.96 Spread=0.30 pips
2026-05-05 17:30:34 INFO mt5_bot - Session filter: UTC hour=22 outside [7,20) and [0,0)
2026-05-05 17:30:49 INFO mt5_bot - Balance=102029.96 Equity=102029.96 Spread=0.30 pips
2026-05-05 17:30:49 INFO mt5_bot - Session filter: UTC hour=22 outside [7,20) and [0,0)
2026-05-05 17:31:04 INFO mt5_bot - Balance=102029.96 Equity=102029.96 Spread=0.30 pips
2026-05-05 17:31:04 INFO mt5_bot - Session filter: UTC hour=22 outside [7,20) and [0,0)
2026-05-05 17:31:19 INFO mt5_bot - Balance=102029.96 Equity=102029.96 Spread=0.30 pips
2026-05-05 17:31:19 INFO mt5_bot - Session filter: UTC hour=22 outside [7,20) and [0,0)
2026-05-05 17:31:34 INFO mt5_bot - Balance=102029.96 Equity=102029.96 Spread=0.50 pips
2026-05-05 17:31:34 INFO mt5_bot - Session filter: UTC hour=22 outside [7,20) and [0,0)
2026-05-05 17:31:49 INFO mt5_bot - Balance=102029.96 Equity=102029.96 Spread=0.30 pips
2026-05-05 17:31:49 INFO mt5_bot - Session filter: UTC hour=22 outside [7,20) and [0,0)
2026-05-05 17:32:04 INFO mt5_bot - Balance=102029.96 Equity=102029.96 Spread=0.30 pips
2026-05-05 17:32:04 INFO mt5_bot - Session filter: UTC hour=22 outside [7,20) and [0,0)
2026-05-05 17:32:19 INFO mt5_bot - Balance=102029.96 Equity=102029.96 Spread=0.30 pips
2026-05-05 17:32:19 INFO mt5_bot - Session filter: UTC hour=22 outside [7,20) and [0,0)
2026-05-05 17:32:34 INFO mt5_bot - Balance=102029.96 Equity=102029.96 Spread=0.30 pips
2026-05-05 17:32:34 INFO mt5_bot - Session filter: UTC hour=22 outside [7,20) and [0,0)
2026-05-05 17:32:49 INFO mt5_bot - Balance=102029.96 Equity=102029.96 Spread=0.30 pips
2026-05-05 17:32:49 INFO mt5_bot - Session filter: UTC hour=22 outside [7,20) and [0,0)
2026-05-05 17:33:04 INFO mt5_bot - Balance=102029.96 Equity=102029.96 Spread=0.30 pips
2026-05-05 17:33:04 INFO mt5_bot - Session filter: UTC hour=22 outside [7,20) and [0,0)
2026-05-05 17:33:19 INFO mt5_bot - Balance=102029.96 Equity=102029.96 Spread=0.70 pips
2026-05-05 17:33:19 INFO mt5_bot - Session filter: UTC hour=22 outside [7,20) and [0,0)
2026-05-05 17:33:34 INFO mt5_bot - Balance=102029.96 Equity=102029.96 Spread=0.30 pips
2026-05-05 17:33:34 INFO mt5_bot - Session filter: UTC hour=22 outside [7,20) and [0,0)
2026-05-05 17:33:49 INFO mt5_bot - Balance=102029.96 Equity=102029.96 Spread=0.30 pips
2026-05-05 17:33:49 INFO mt5_bot - Session filter: UTC hour=22 outside [7,20) and [0,0)
2026-05-05 17:34:04 INFO mt5_bot - Balance=102029.96 Equity=102029.96 Spread=0.30 pips
2026-05-05 17:34:04 INFO mt5_bot - Session filter: UTC hour=22 outside [7,20) and [0,0)
2026-05-05 17:34:19 INFO mt5_bot - Balance=102029.96 Equity=102029.96 Spread=0.30 pips
2026-05-05 17:34:19 INFO mt5_bot - Session filter: UTC hour=22 outside [7,20) and [0,0)
2026-05-05 17:34:34 INFO mt5_bot - Balance=102029.96 Equity=102029.96 Spread=0.30 pips
2026-05-05 17:34:34 INFO mt5_bot - Session filter: UTC hour=22 outside [7,20) and [0,0)
2026-05-05 17:34:49 INFO mt5_bot - Balance=102029.96 Equity=102029.96 Spread=0.30 pips
2026-05-05 17:34:49 INFO mt5_bot - Session filter: UTC hour=22 outside [7,20) and [0,0)
2026-05-05 17:35:04 INFO mt5_bot - Balance=102029.96 Equity=102029.96 Spread=0.30 pips
2026-05-05 17:35:04 INFO mt5_bot - Session filter: UTC hour=22 outside [7,20) and [0,0)
2026-05-05 17:35:19 INFO mt5_bot - Balance=102029.96 Equity=102029.96 Spread=0.30 pips
2026-05-05 17:35:19 INFO mt5_bot - Session filter: UTC hour=22 outside [7,20) and [0,0)
2026-05-05 17:35:34 INFO mt5_bot - Balance=102029.96 Equity=102029.96 Spread=0.90 pips
2026-05-05 17:35:34 INFO mt5_bot - Session filter: UTC hour=22 outside [7,20) and [0,0)
2026-05-05 17:35:49 INFO mt5_bot - Balance=102029.96 Equity=102029.96 Spread=1.50 pips
2026-05-05 17:35:49 INFO mt5_bot - Session filter: UTC hour=22 outside [7,20) and [0,0)
2026-05-05 17:36:04 INFO mt5_bot - Balance=102029.96 Equity=102029.96 Spread=1.30 pips
2026-05-05 17:36:04 INFO mt5_bot - Session filter: UTC hour=22 outside [7,20) and [0,0)
2026-05-05 17:36:19 INFO mt5_bot - Balance=102029.96 Equity=102029.96 Spread=1.10 pips
2026-05-05 17:36:19 INFO mt5_bot - Session filter: UTC hour=22 outside [7,20) and [0,0)
2026-05-05 17:36:34 INFO mt5_bot - Balance=102029.96 Equity=102029.96 Spread=1.00 pips
2026-05-05 17:36:34 INFO mt5_bot - Session filter: UTC hour=22 outside [7,20) and [0,0)
2026-05-05 17:36:49 INFO mt5_bot - Balance=102029.96 Equity=102029.96 Spread=0.30 pips
2026-05-05 17:36:49 INFO mt5_bot - Session filter: UTC hour=22 outside [7,20) and [0,0)
2026-05-05 17:37:04 INFO mt5_bot - Balance=102029.96 Equity=102029.96 Spread=0.30 pips
2026-05-05 17:37:04 INFO mt5_bot - Session filter: UTC hour=22 outside [7,20) and [0,0)
2026-05-05 17:37:19 INFO mt5_bot - Balance=102029.96 Equity=102029.96 Spread=0.30 pips
2026-05-05 17:37:19 INFO mt5_bot - Session filter: UTC hour=22 outside [7,20) and [0,0)
2026-05-05 17:37:34 INFO mt5_bot - Balance=102029.96 Equity=102029.96 Spread=0.30 pips
2026-05-05 17:37:34 INFO mt5_bot - Session filter: UTC hour=22 outside [7,20) and [0,0)
2026-05-05 17:37:49 INFO mt5_bot - Balance=102029.96 Equity=102029.96 Spread=0.30 pips
2026-05-05 17:37:49 INFO mt5_bot - Session filter: UTC hour=22 outside [7,20) and [0,0)
2026-05-05 17:38:04 INFO mt5_bot - Balance=102029.96 Equity=102029.96 Spread=0.30 pips
2026-05-05 17:38:04 INFO mt5_bot - Session filter: UTC hour=22 outside [7,20) and [0,0)
2026-05-05 17:38:19 INFO mt5_bot - Balance=102029.96 Equity=102029.96 Spread=0.30 pips
2026-05-05 17:38:19 INFO mt5_bot - Session filter: UTC hour=22 outside [7,20) and [0,0)
2026-05-05 17:38:34 INFO mt5_bot - Balance=102029.96 Equity=102029.96 Spread=0.30 pips
2026-05-05 17:38:34 INFO mt5_bot - Session filter: UTC hour=22 outside [7,20) and [0,0)
2026-05-05 17:38:49 INFO mt5_bot - Balance=102029.96 Equity=102029.96 Spread=0.30 pips
2026-05-05 17:38:49 INFO mt5_bot - Session filter: UTC hour=22 outside [7,20) and [0,0)
2026-05-05 17:39:04 INFO mt5_bot - Balance=102029.96 Equity=102029.96 Spread=0.30 pips
2026-05-05 17:39:04 INFO mt5_bot - Session filter: UTC hour=22 outside [7,20) and [0,0)
2026-05-05 17:39:19 INFO mt5_bot - Balance=102029.96 Equity=102029.96 Spread=0.30 pips
2026-05-05 17:39:19 INFO mt5_bot - Session filter: UTC hour=22 outside [7,20) and [0,0)
2026-05-05 17:39:34 INFO mt5_bot - Balance=102029.96 Equity=102029.96 Spread=0.30 pips
2026-05-05 17:39:34 INFO mt5_bot - Session filter: UTC hour=22 outside [7,20) and [0,0)
2026-05-05 17:39:49 INFO mt5_bot - Balance=102029.96 Equity=102029.96 Spread=0.30 pips
2026-05-05 17:39:49 INFO mt5_bot - Session filter: UTC hour=22 outside [7,20) and [0,0)
2026-05-05 17:40:04 INFO mt5_bot - Balance=102029.96 Equity=102029.96 Spread=0.30 pips
2026-05-05 17:40:04 INFO mt5_bot - Session filter: UTC hour=22 outside [7,20) and [0,0)
2026-05-05 17:40:19 INFO mt5_bot - Balance=102029.96 Equity=102029.96 Spread=0.30 pips
2026-05-05 17:40:19 INFO mt5_bot - Session filter: UTC hour=22 outside [7,20) and [0,0)
2026-05-05 17:40:34 INFO mt5_bot - Balance=102029.96 Equity=102029.96 Spread=0.30 pips
2026-05-05 17:40:34 INFO mt5_bot - Session filter: UTC hour=22 outside [7,20) and [0,0)
2026-05-05 17:40:49 INFO mt5_bot - Balance=102029.96 Equity=102029.96 Spread=0.50 pips
2026-05-05 17:40:49 INFO mt5_bot - Session filter: UTC hour=22 outside [7,20) and [0,0)
2026-05-05 17:41:04 INFO mt5_bot - Balance=102029.96 Equity=102029.96 Spread=0.50 pips
2026-05-05 17:41:04 INFO mt5_bot - Session filter: UTC hour=22 outside [7,20) and [0,0)
2026-05-05 17:41:19 INFO mt5_bot - Balance=102029.96 Equity=102029.96 Spread=0.50 pips
2026-05-05 17:41:19 INFO mt5_bot - Session filter: UTC hour=22 outside [7,20) and [0,0)
2026-05-05 17:41:34 INFO mt5_bot - Balance=102029.96 Equity=102029.96 Spread=0.90 pips
2026-05-05 17:41:34 INFO mt5_bot - Session filter: UTC hour=22 outside [7,20) and [0,0)
2026-05-05 17:41:49 INFO mt5_bot - Balance=102029.96 Equity=102029.96 Spread=0.30 pips
2026-05-05 17:41:49 INFO mt5_bot - Session filter: UTC hour=22 outside [7,20) and [0,0)
2026-05-05 17:42:04 INFO mt5_bot - Balance=102029.96 Equity=102029.96 Spread=0.30 pips
2026-05-05 17:42:04 INFO mt5_bot - Session filter: UTC hour=22 outside [7,20) and [0,0)
2026-05-05 17:42:19 INFO mt5_bot - Balance=102029.96 Equity=102029.96 Spread=0.30 pips
2026-05-05 17:42:19 INFO mt5_bot - Session filter: UTC hour=22 outside [7,20) and [0,0)
2026-05-05 17:42:34 INFO mt5_bot - Balance=102029.96 Equity=102029.96 Spread=0.30 pips
2026-05-05 17:42:34 INFO mt5_bot - Session filter: UTC hour=22 outside [7,20) and [0,0)
2026-05-05 17:42:49 INFO mt5_bot - Balance=102029.96 Equity=102029.96 Spread=0.30 pips
2026-05-05 17:42:49 INFO mt5_bot - Session filter: UTC hour=22 outside [7,20) and [0,0)
2026-05-05 17:43:04 INFO mt5_bot - Balance=102029.96 Equity=102029.96 Spread=0.30 pips
2026-05-05 17:43:04 INFO mt5_bot - Session filter: UTC hour=22 outside [7,20) and [0,0)
2026-05-05 17:43:19 INFO mt5_bot - Balance=102029.96 Equity=102029.96 Spread=0.30 pips
2026-05-05 17:43:19 INFO mt5_bot - Session filter: UTC hour=22 outside [7,20) and [0,0)
2026-05-05 17:43:34 INFO mt5_bot - Balance=102029.96 Equity=102029.96 Spread=0.30 pips
2026-05-05 17:43:34 INFO mt5_bot - Session filter: UTC hour=22 outside [7,20) and [0,0)
2026-05-05 17:43:49 INFO mt5_bot - Balance=102029.96 Equity=102029.96 Spread=0.30 pips
2026-05-05 17:43:49 INFO mt5_bot - Session filter: UTC hour=22 outside [7,20) and [0,0)
2026-05-05 17:44:04 INFO mt5_bot - Balance=102029.96 Equity=102029.96 Spread=0.30 pips
2026-05-05 17:44:04 INFO mt5_bot - Session filter: UTC hour=22 outside [7,20) and [0,0)
2026-05-05 17:44:19 INFO mt5_bot - Balance=102029.96 Equity=102029.96 Spread=0.30 pips
2026-05-05 17:44:19 INFO mt5_bot - Session filter: UTC hour=22 outside [7,20) and [0,0)
2026-05-05 17:44:34 INFO mt5_bot - Balance=102029.96 Equity=102029.96 Spread=0.30 pips
2026-05-05 17:44:34 INFO mt5_bot - Session filter: UTC hour=22 outside [7,20) and [0,0)
2026-05-05 17:44:49 INFO mt5_bot - Balance=102029.96 Equity=102029.96 Spread=0.70 pips
2026-05-05 17:44:49 INFO mt5_bot - Session filter: UTC hour=22 outside [7,20) and [0,0)
2026-05-05 17:45:04 INFO mt5_bot - Balance=102029.96 Equity=102029.96 Spread=0.30 pips
2026-05-05 17:45:04 INFO mt5_bot - Session filter: UTC hour=22 outside [7,20) and [0,0)
2026-05-05 17:45:19 INFO mt5_bot - Balance=102029.96 Equity=102029.96 Spread=0.30 pips
2026-05-05 17:45:19 INFO mt5_bot - Session filter: UTC hour=22 outside [7,20) and [0,0)
2026-05-05 17:45:34 INFO mt5_bot - Balance=102029.96 Equity=102029.96 Spread=0.30 pips
2026-05-05 17:45:34 INFO mt5_bot - Session filter: UTC hour=22 outside [7,20) and [0,0)
2026-05-05 17:45:49 INFO mt5_bot - Balance=102029.96 Equity=102029.96 Spread=0.30 pips
2026-05-05 17:45:49 INFO mt5_bot - Session filter: UTC hour=22 outside [7,20) and [0,0)
2026-05-05 17:46:04 INFO mt5_bot - Balance=102029.96 Equity=102029.96 Spread=0.30 pips
2026-05-05 17:46:04 INFO mt5_bot - Session filter: UTC hour=22 outside [7,20) and [0,0)
2026-05-05 17:46:20 INFO mt5_bot - Balance=102029.96 Equity=102029.96 Spread=0.90 pips
2026-05-05 17:46:20 INFO mt5_bot - Session filter: UTC hour=22 outside [7,20) and [0,0)
2026-05-05 17:46:35 INFO mt5_bot - Balance=102029.96 Equity=102029.96 Spread=0.40 pips
2026-05-05 17:46:35 INFO mt5_bot - Session filter: UTC hour=22 outside [7,20) and [0,0)
2026-05-05 17:46:50 INFO mt5_bot - Balance=102029.96 Equity=102029.96 Spread=0.50 pips
2026-05-05 17:46:50 INFO mt5_bot - Session filter: UTC hour=22 outside [7,20) and [0,0)
2026-05-05 17:47:05 INFO mt5_bot - Balance=102029.96 Equity=102029.96 Spread=0.30 pips
2026-05-05 17:47:05 INFO mt5_bot - Session filter: UTC hour=22 outside [7,20) and [0,0)
2026-05-05 17:47:20 INFO mt5_bot - Balance=102029.96 Equity=102029.96 Spread=0.30 pips
2026-05-05 17:47:20 INFO mt5_bot - Session filter: UTC hour=22 outside [7,20) and [0,0)
2026-05-05 17:47:35 INFO mt5_bot - Balance=102029.96 Equity=102029.96 Spread=0.30 pips
2026-05-05 17:47:35 INFO mt5_bot - Session filter: UTC hour=22 outside [7,20) and [0,0)
2026-05-05 17:47:50 INFO mt5_bot - Balance=102029.96 Equity=102029.96 Spread=0.70 pips
2026-05-05 17:47:50 INFO mt5_bot - Session filter: UTC hour=22 outside [7,20) and [0,0)
2026-05-05 17:48:05 INFO mt5_bot - Balance=102029.96 Equity=102029.96 Spread=0.30 pips
2026-05-05 17:48:05 INFO mt5_bot - Session filter: UTC hour=22 outside [7,20) and [0,0)
2026-05-05 17:48:20 INFO mt5_bot - Balance=102029.96 Equity=102029.96 Spread=0.30 pips
2026-05-05 17:48:20 INFO mt5_bot - Session filter: UTC hour=22 outside [7,20) and [0,0)
2026-05-05 17:48:35 INFO mt5_bot - Balance=102029.96 Equity=102029.96 Spread=0.30 pips
2026-05-05 17:48:35 INFO mt5_bot - Session filter: UTC hour=22 outside [7,20) and [0,0)
2026-05-05 17:48:50 INFO mt5_bot - Balance=102029.96 Equity=102029.96 Spread=0.30 pips
2026-05-05 17:48:50 INFO mt5_bot - Session filter: UTC hour=22 outside [7,20) and [0,0)
2026-05-05 17:49:05 INFO mt5_bot - Balance=102029.96 Equity=102029.96 Spread=0.30 pips
2026-05-05 17:49:05 INFO mt5_bot - Session filter: UTC hour=22 outside [7,20) and [0,0)
2026-05-05 17:49:20 INFO mt5_bot - Balance=102029.96 Equity=102029.96 Spread=0.30 pips
2026-05-05 17:49:20 INFO mt5_bot - Session filter: UTC hour=22 outside [7,20) and [0,0)
2026-05-05 17:49:35 INFO mt5_bot - Balance=102029.96 Equity=102029.96 Spread=0.30 pips
2026-05-05 17:49:35 INFO mt5_bot - Session filter: UTC hour=22 outside [7,20) and [0,0)
2026-05-05 17:49:50 INFO mt5_bot - Balance=102029.96 Equity=102029.96 Spread=0.30 pips
2026-05-05 17:49:50 INFO mt5_bot - Session filter: UTC hour=22 outside [7,20) and [0,0)
2026-05-05 17:50:05 INFO mt5_bot - Balance=102029.96 Equity=102029.96 Spread=0.30 pips
2026-05-05 17:50:05 INFO mt5_bot - Session filter: UTC hour=22 outside [7,20) and [0,0)
2026-05-05 17:50:20 INFO mt5_bot - Balance=102029.96 Equity=102029.96 Spread=0.30 pips
2026-05-05 17:50:20 INFO mt5_bot - Session filter: UTC hour=22 outside [7,20) and [0,0)
2026-05-05 17:50:35 INFO mt5_bot - Balance=102029.96 Equity=102029.96 Spread=0.30 pips
2026-05-05 17:50:35 INFO mt5_bot - Session filter: UTC hour=22 outside [7,20) and [0,0)
2026-05-05 17:50:50 INFO mt5_bot - Balance=102029.96 Equity=102029.96 Spread=0.60 pips
2026-05-05 17:50:50 INFO mt5_bot - Session filter: UTC hour=22 outside [7,20) and [0,0)
2026-05-05 17:51:05 INFO mt5_bot - Balance=102029.96 Equity=102029.96 Spread=0.80 pips
2026-05-05 17:51:05 INFO mt5_bot - Session filter: UTC hour=22 outside [7,20) and [0,0)
2026-05-05 17:51:20 INFO mt5_bot - Balance=102029.96 Equity=102029.96 Spread=0.80 pips
2026-05-05 17:51:20 INFO mt5_bot - Session filter: UTC hour=22 outside [7,20) and [0,0)
2026-05-05 17:51:35 INFO mt5_bot - Balance=102029.96 Equity=102029.96 Spread=0.90 pips
2026-05-05 17:51:35 INFO mt5_bot - Session filter: UTC hour=22 outside [7,20) and [0,0)
2026-05-05 17:51:50 INFO mt5_bot - Balance=102029.96 Equity=102029.96 Spread=0.80 pips
2026-05-05 17:51:50 INFO mt5_bot - Session filter: UTC hour=22 outside [7,20) and [0,0)
2026-05-05 17:52:05 INFO mt5_bot - Balance=102029.96 Equity=102029.96 Spread=0.30 pips
2026-05-05 17:52:05 INFO mt5_bot - Session filter: UTC hour=22 outside [7,20) and [0,0)
2026-05-05 17:52:20 INFO mt5_bot - Balance=102029.96 Equity=102029.96 Spread=0.30 pips
2026-05-05 17:52:20 INFO mt5_bot - Session filter: UTC hour=22 outside [7,20) and [0,0)
2026-05-05 17:52:35 INFO mt5_bot - Balance=102029.96 Equity=102029.96 Spread=0.30 pips
2026-05-05 17:52:35 INFO mt5_bot - Session filter: UTC hour=22 outside [7,20) and [0,0)
2026-05-05 17:52:50 INFO mt5_bot - Balance=102029.96 Equity=102029.96 Spread=0.30 pips
2026-05-05 17:52:50 INFO mt5_bot - Session filter: UTC hour=22 outside [7,20) and [0,0)
2026-05-05 17:53:05 INFO mt5_bot - Balance=102029.96 Equity=102029.96 Spread=0.30 pips
2026-05-05 17:53:05 INFO mt5_bot - Session filter: UTC hour=22 outside [7,20) and [0,0)
2026-05-05 17:53:20 INFO mt5_bot - Balance=102029.96 Equity=102029.96 Spread=0.30 pips
2026-05-05 17:53:20 INFO mt5_bot - Session filter: UTC hour=22 outside [7,20) and [0,0)
2026-05-05 17:53:35 INFO mt5_bot - Balance=102029.96 Equity=102029.96 Spread=0.30 pips
2026-05-05 17:53:35 INFO mt5_bot - Session filter: UTC hour=22 outside [7,20) and [0,0)
2026-05-05 17:53:50 INFO mt5_bot - Balance=102029.96 Equity=102029.96 Spread=0.30 pips
2026-05-05 17:53:50 INFO mt5_bot - Session filter: UTC hour=22 outside [7,20) and [0,0)
2026-05-05 17:54:05 INFO mt5_bot - Balance=102029.96 Equity=102029.96 Spread=0.30 pips
2026-05-05 17:54:05 INFO mt5_bot - Session filter: UTC hour=22 outside [7,20) and [0,0)
2026-05-05 17:54:20 INFO mt5_bot - Balance=102029.96 Equity=102029.96 Spread=0.30 pips
2026-05-05 17:54:20 INFO mt5_bot - Session filter: UTC hour=22 outside [7,20) and [0,0)
2026-05-05 17:54:35 INFO mt5_bot - Balance=102029.96 Equity=102029.96 Spread=0.30 pips
2026-05-05 17:54:35 INFO mt5_bot - Session filter: UTC hour=22 outside [7,20) and [0,0)
2026-05-05 17:54:50 INFO mt5_bot - Balance=102029.96 Equity=102029.96 Spread=0.30 pips
2026-05-05 17:54:50 INFO mt5_bot - Session filter: UTC hour=22 outside [7,20) and [0,0)
2026-05-05 17:55:05 INFO mt5_bot - Balance=102029.96 Equity=102029.96 Spread=0.30 pips
2026-05-05 17:55:05 INFO mt5_bot - Session filter: UTC hour=22 outside [7,20) and [0,0)
2026-05-05 17:55:20 INFO mt5_bot - Balance=102029.96 Equity=102029.96 Spread=0.30 pips
2026-05-05 17:55:20 INFO mt5_bot - Session filter: UTC hour=22 outside [7,20) and [0,0)
2026-05-05 17:55:35 INFO mt5_bot - Balance=102029.96 Equity=102029.96 Spread=0.30 pips
2026-05-05 17:55:35 INFO mt5_bot - Session filter: UTC hour=22 outside [7,20) and [0,0)
2026-05-05 17:55:50 INFO mt5_bot - Balance=102029.96 Equity=102029.96 Spread=0.30 pips
2026-05-05 17:55:50 INFO mt5_bot - Session filter: UTC hour=22 outside [7,20) and [0,0)
2026-05-05 17:56:05 INFO mt5_bot - Balance=102029.96 Equity=102029.96 Spread=0.50 pips
2026-05-05 17:56:05 INFO mt5_bot - Session filter: UTC hour=22 outside [7,20) and [0,0)
2026-05-05 17:56:20 INFO mt5_bot - Balance=102029.96 Equity=102029.96 Spread=0.30 pips
2026-05-05 17:56:20 INFO mt5_bot - Session filter: UTC hour=22 outside [7,20) and [0,0)
2026-05-05 17:56:35 INFO mt5_bot - Balance=102029.96 Equity=102029.96 Spread=0.30 pips
2026-05-05 17:56:35 INFO mt5_bot - Session filter: UTC hour=22 outside [7,20) and [0,0)
2026-05-05 17:56:50 INFO mt5_bot - Balance=102029.96 Equity=102029.96 Spread=0.30 pips
2026-05-05 17:56:50 INFO mt5_bot - Session filter: UTC hour=22 outside [7,20) and [0,0)
2026-05-05 17:57:05 INFO mt5_bot - Balance=102029.96 Equity=102029.96 Spread=0.30 pips
2026-05-05 17:57:05 INFO mt5_bot - Session filter: UTC hour=22 outside [7,20) and [0,0)
2026-05-05 17:57:20 INFO mt5_bot - Balance=102029.96 Equity=102029.96 Spread=0.30 pips
2026-05-05 17:57:20 INFO mt5_bot - Session filter: UTC hour=22 outside [7,20) and [0,0)
2026-05-05 17:57:35 INFO mt5_bot - Balance=102029.96 Equity=102029.96 Spread=0.30 pips
2026-05-05 17:57:35 INFO mt5_bot - Session filter: UTC hour=22 outside [7,20) and [0,0)
2026-05-05 17:57:50 INFO mt5_bot - Balance=102029.96 Equity=102029.96 Spread=0.70 pips
2026-05-05 17:57:50 INFO mt5_bot - Session filter: UTC hour=22 outside [7,20) and [0,0)
2026-05-05 17:58:05 INFO mt5_bot - Balance=102029.96 Equity=102029.96 Spread=0.30 pips
2026-05-05 17:58:05 INFO mt5_bot - Session filter: UTC hour=22 outside [7,20) and [0,0)
2026-05-05 17:58:20 INFO mt5_bot - Balance=102029.96 Equity=102029.96 Spread=0.30 pips
2026-05-05 17:58:20 INFO mt5_bot - Session filter: UTC hour=22 outside [7,20) and [0,0)
2026-05-05 17:58:35 INFO mt5_bot - Balance=102029.96 Equity=102029.96 Spread=0.30 pips
2026-05-05 17:58:35 INFO mt5_bot - Session filter: UTC hour=22 outside [7,20) and [0,0)
2026-05-05 17:58:50 INFO mt5_bot - Balance=102029.96 Equity=102029.96 Spread=0.30 pips
2026-05-05 17:58:50 INFO mt5_bot - Session filter: UTC hour=22 outside [7,20) and [0,0)
2026-05-05 17:59:05 INFO mt5_bot - Balance=102029.96 Equity=102029.96 Spread=0.30 pips
2026-05-05 17:59:05 INFO mt5_bot - Session filter: UTC hour=22 outside [7,20) and [0,0)
2026-05-05 17:59:20 INFO mt5_bot - Balance=102029.96 Equity=102029.96 Spread=0.30 pips
2026-05-05 17:59:20 INFO mt5_bot - Session filter: UTC hour=22 outside [7,20) and [0,0)
2026-05-05 17:59:35 INFO mt5_bot - Balance=102029.96 Equity=102029.96 Spread=0.30 pips
2026-05-05 17:59:35 INFO mt5_bot - Session filter: UTC hour=22 outside [7,20) and [0,0)
2026-05-05 17:59:50 INFO mt5_bot - Balance=102029.96 Equity=102029.96 Spread=0.30 pips
2026-05-05 17:59:50 INFO mt5_bot - Session filter: UTC hour=22 outside [7,20) and [0,0)
2026-05-05 18:00:05 INFO mt5_bot - Balance=102029.96 Equity=102029.96 Spread=0.30 pips
2026-05-05 18:00:05 INFO mt5_bot - Session filter: UTC hour=23 outside [7,20) and [0,0)
2026-05-05 18:00:20 INFO mt5_bot - Balance=102029.96 Equity=102029.96 Spread=0.30 pips
2026-05-05 18:00:20 INFO mt5_bot - Session filter: UTC hour=23 outside [7,20) and [0,0)
2026-05-05 18:00:35 INFO mt5_bot - Balance=102029.96 Equity=102029.96 Spread=0.30 pips
2026-05-05 18:00:35 INFO mt5_bot - Session filter: UTC hour=23 outside [7,20) and [0,0)
2026-05-05 18:00:50 INFO mt5_bot - Balance=102029.96 Equity=102029.96 Spread=0.30 pips
2026-05-05 18:00:50 INFO mt5_bot - Session filter: UTC hour=23 outside [7,20) and [0,0)
2026-05-05 18:01:05 INFO mt5_bot - Balance=102029.96 Equity=102029.96 Spread=0.30 pips
2026-05-05 18:01:05 INFO mt5_bot - Session filter: UTC hour=23 outside [7,20) and [0,0)
2026-05-05 18:01:20 INFO mt5_bot - Balance=102029.96 Equity=102029.96 Spread=0.90 pips
2026-05-05 18:01:20 INFO mt5_bot - Session filter: UTC hour=23 outside [7,20) and [0,0)
2026-05-05 18:01:35 INFO mt5_bot - Balance=102029.96 Equity=102029.96 Spread=0.30 pips
2026-05-05 18:01:35 INFO mt5_bot - Session filter: UTC hour=23 outside [7,20) and [0,0)
2026-05-05 18:01:50 INFO mt5_bot - Balance=102029.96 Equity=102029.96 Spread=0.30 pips
2026-05-05 18:01:50 INFO mt5_bot - Session filter: UTC hour=23 outside [7,20) and [0,0)
2026-05-05 18:02:05 INFO mt5_bot - Balance=102029.96 Equity=102029.96 Spread=0.30 pips
2026-05-05 18:02:05 INFO mt5_bot - Session filter: UTC hour=23 outside [7,20) and [0,0)
2026-05-05 18:02:20 INFO mt5_bot - Balance=102029.96 Equity=102029.96 Spread=0.70 pips
2026-05-05 18:02:20 INFO mt5_bot - Session filter: UTC hour=23 outside [7,20) and [0,0)
2026-05-05 18:02:35 INFO mt5_bot - Balance=102029.96 Equity=102029.96 Spread=0.30 pips
2026-05-05 18:02:35 INFO mt5_bot - Session filter: UTC hour=23 outside [7,20) and [0,0)
2026-05-05 18:02:50 INFO mt5_bot - Balance=102029.96 Equity=102029.96 Spread=0.30 pips
2026-05-05 18:02:50 INFO mt5_bot - Session filter: UTC hour=23 outside [7,20) and [0,0)
2026-05-05 18:03:05 INFO mt5_bot - Balance=102029.96 Equity=102029.96 Spread=0.30 pips
2026-05-05 18:03:05 INFO mt5_bot - Session filter: UTC hour=23 outside [7,20) and [0,0)
2026-05-05 18:03:20 INFO mt5_bot - Balance=102029.96 Equity=102029.96 Spread=0.30 pips
2026-05-05 18:03:20 INFO mt5_bot - Session filter: UTC hour=23 outside [7,20) and [0,0)
2026-05-05 18:03:35 INFO mt5_bot - Balance=102029.96 Equity=102029.96 Spread=0.70 pips
2026-05-05 18:03:35 INFO mt5_bot - Session filter: UTC hour=23 outside [7,20) and [0,0)
2026-05-05 18:03:50 INFO mt5_bot - Balance=102029.96 Equity=102029.96 Spread=0.30 pips
2026-05-05 18:03:50 INFO mt5_bot - Session filter: UTC hour=23 outside [7,20) and [0,0)
2026-05-05 18:04:05 INFO mt5_bot - Balance=102029.96 Equity=102029.96 Spread=0.30 pips
2026-05-05 18:04:05 INFO mt5_bot - Session filter: UTC hour=23 outside [7,20) and [0,0)
2026-05-05 18:04:20 INFO mt5_bot - Balance=102029.96 Equity=102029.96 Spread=0.30 pips
2026-05-05 18:04:20 INFO mt5_bot - Session filter: UTC hour=23 outside [7,20) and [0,0)
2026-05-05 18:04:35 INFO mt5_bot - Balance=102029.96 Equity=102029.96 Spread=0.80 pips
2026-05-05 18:04:35 INFO mt5_bot - Session filter: UTC hour=23 outside [7,20) and [0,0)
2026-05-05 18:04:50 INFO mt5_bot - Balance=102029.96 Equity=102029.96 Spread=0.70 pips
2026-05-05 18:04:50 INFO mt5_bot - Session filter: UTC hour=23 outside [7,20) and [0,0)
2026-05-05 18:05:05 INFO mt5_bot - Balance=102029.96 Equity=102029.96 Spread=0.30 pips
2026-05-05 18:05:05 INFO mt5_bot - Session filter: UTC hour=23 outside [7,20) and [0,0)
2026-05-05 18:05:20 INFO mt5_bot - Balance=102029.96 Equity=102029.96 Spread=0.70 pips
2026-05-05 18:05:20 INFO mt5_bot - Session filter: UTC hour=23 outside [7,20) and [0,0)
2026-05-05 18:05:35 INFO mt5_bot - Balance=102029.96 Equity=102029.96 Spread=0.50 pips
2026-05-05 18:05:35 INFO mt5_bot - Session filter: UTC hour=23 outside [7,20) and [0,0)
2026-05-05 18:05:50 INFO mt5_bot - Balance=102029.96 Equity=102029.96 Spread=0.30 pips
2026-05-05 18:05:50 INFO mt5_bot - Session filter: UTC hour=23 outside [7,20) and [0,0)
2026-05-05 18:06:05 INFO mt5_bot - Balance=102029.96 Equity=102029.96 Spread=0.60 pips
2026-05-05 18:06:05 INFO mt5_bot - Session filter: UTC hour=23 outside [7,20) and [0,0)
2026-05-05 18:06:20 INFO mt5_bot - Balance=102029.96 Equity=102029.96 Spread=0.30 pips
2026-05-05 18:06:20 INFO mt5_bot - Session filter: UTC hour=23 outside [7,20) and [0,0)
2026-05-05 18:06:35 INFO mt5_bot - Balance=102029.96 Equity=102029.96 Spread=0.60 pips
2026-05-05 18:06:35 INFO mt5_bot - Session filter: UTC hour=23 outside [7,20) and [0,0)
2026-05-05 18:06:50 INFO mt5_bot - Balance=102029.96 Equity=102029.96 Spread=0.30 pips
2026-05-05 18:06:50 INFO mt5_bot - Session filter: UTC hour=23 outside [7,20) and [0,0)
2026-05-05 18:07:05 INFO mt5_bot - Balance=102029.96 Equity=102029.96 Spread=0.30 pips
2026-05-05 18:07:05 INFO mt5_bot - Session filter: UTC hour=23 outside [7,20) and [0,0)
2026-05-05 18:07:20 INFO mt5_bot - Balance=102029.96 Equity=102029.96 Spread=0.30 pips
2026-05-05 18:07:20 INFO mt5_bot - Session filter: UTC hour=23 outside [7,20) and [0,0)
2026-05-05 18:07:35 INFO mt5_bot - Balance=102029.96 Equity=102029.96 Spread=1.00 pips
2026-05-05 18:07:35 INFO mt5_bot - Session filter: UTC hour=23 outside [7,20) and [0,0)
2026-05-05 18:07:50 INFO mt5_bot - Balance=102029.96 Equity=102029.96 Spread=0.30 pips
2026-05-05 18:07:50 INFO mt5_bot - Session filter: UTC hour=23 outside [7,20) and [0,0)
2026-05-05 18:08:05 INFO mt5_bot - Balance=102029.96 Equity=102029.96 Spread=0.30 pips
2026-05-05 18:08:05 INFO mt5_bot - Session filter: UTC hour=23 outside [7,20) and [0,0)
2026-05-05 18:08:20 INFO mt5_bot - Balance=102029.96 Equity=102029.96 Spread=0.30 pips
2026-05-05 18:08:20 INFO mt5_bot - Session filter: UTC hour=23 outside [7,20) and [0,0)
2026-05-05 18:08:35 INFO mt5_bot - Balance=102029.96 Equity=102029.96 Spread=0.30 pips
2026-05-05 18:08:35 INFO mt5_bot - Session filter: UTC hour=23 outside [7,20) and [0,0)
2026-05-05 18:08:50 INFO mt5_bot - Balance=102029.96 Equity=102029.96 Spread=0.30 pips
2026-05-05 18:08:50 INFO mt5_bot - Session filter: UTC hour=23 outside [7,20) and [0,0)
2026-05-05 18:09:05 INFO mt5_bot - Balance=102029.96 Equity=102029.96 Spread=0.30 pips
2026-05-05 18:09:05 INFO mt5_bot - Session filter: UTC hour=23 outside [7,20) and [0,0)
2026-05-05 18:09:20 INFO mt5_bot - Balance=102029.96 Equity=102029.96 Spread=0.30 pips
2026-05-05 18:09:20 INFO mt5_bot - Session filter: UTC hour=23 outside [7,20) and [0,0)
2026-05-05 18:09:35 INFO mt5_bot - Balance=102029.96 Equity=102029.96 Spread=0.30 pips
2026-05-05 18:09:35 INFO mt5_bot - Session filter: UTC hour=23 outside [7,20) and [0,0)
2026-05-05 18:09:50 INFO mt5_bot - Balance=102029.96 Equity=102029.96 Spread=0.30 pips
2026-05-05 18:09:50 INFO mt5_bot - Session filter: UTC hour=23 outside [7,20) and [0,0)
2026-05-05 18:10:05 INFO mt5_bot - Balance=102029.96 Equity=102029.96 Spread=0.30 pips
2026-05-05 18:10:05 INFO mt5_bot - Session filter: UTC hour=23 outside [7,20) and [0,0)
2026-05-05 18:10:20 INFO mt5_bot - Balance=102029.96 Equity=102029.96 Spread=0.30 pips
2026-05-05 18:10:20 INFO mt5_bot - Session filter: UTC hour=23 outside [7,20) and [0,0)
2026-05-05 18:10:35 INFO mt5_bot - Balance=102029.96 Equity=102029.96 Spread=0.30 pips
2026-05-05 18:10:35 INFO mt5_bot - Session filter: UTC hour=23 outside [7,20) and [0,0)
2026-05-05 18:10:50 INFO mt5_bot - Balance=102029.96 Equity=102029.96 Spread=0.30 pips
2026-05-05 18:10:50 INFO mt5_bot - Session filter: UTC hour=23 outside [7,20) and [0,0)
2026-05-05 18:11:05 INFO mt5_bot - Balance=102029.96 Equity=102029.96 Spread=0.30 pips
2026-05-05 18:11:05 INFO mt5_bot - Session filter: UTC hour=23 outside [7,20) and [0,0)
2026-05-05 18:11:20 INFO mt5_bot - Balance=102029.96 Equity=102029.96 Spread=0.30 pips
2026-05-05 18:11:20 INFO mt5_bot - Session filter: UTC hour=23 outside [7,20) and [0,0)
2026-05-05 18:11:35 INFO mt5_bot - Balance=102029.96 Equity=102029.96 Spread=0.40 pips
2026-05-05 18:11:35 INFO mt5_bot - Session filter: UTC hour=23 outside [7,20) and [0,0)
2026-05-05 18:11:50 INFO mt5_bot - Balance=102029.96 Equity=102029.96 Spread=1.00 pips
2026-05-05 18:11:50 INFO mt5_bot - Session filter: UTC hour=23 outside [7,20) and [0,0)
2026-05-05 18:12:05 INFO mt5_bot - Balance=102029.96 Equity=102029.96 Spread=0.30 pips
2026-05-05 18:12:05 INFO mt5_bot - Session filter: UTC hour=23 outside [7,20) and [0,0)
2026-05-05 18:12:20 INFO mt5_bot - Balance=102029.96 Equity=102029.96 Spread=0.30 pips
2026-05-05 18:12:20 INFO mt5_bot - Session filter: UTC hour=23 outside [7,20) and [0,0)
2026-05-05 18:12:35 INFO mt5_bot - Balance=102029.96 Equity=102029.96 Spread=0.50 pips
2026-05-05 18:12:35 INFO mt5_bot - Session filter: UTC hour=23 outside [7,20) and [0,0)
2026-05-05 18:12:50 INFO mt5_bot - Balance=102029.96 Equity=102029.96 Spread=0.30 pips
2026-05-05 18:12:50 INFO mt5_bot - Session filter: UTC hour=23 outside [7,20) and [0,0)
2026-05-05 18:13:05 INFO mt5_bot - Balance=102029.96 Equity=102029.96 Spread=0.30 pips
2026-05-05 18:13:05 INFO mt5_bot - Session filter: UTC hour=23 outside [7,20) and [0,0)
2026-05-05 18:13:20 INFO mt5_bot - Balance=102029.96 Equity=102029.96 Spread=0.80 pips
2026-05-05 18:13:20 INFO mt5_bot - Session filter: UTC hour=23 outside [7,20) and [0,0)
2026-05-05 18:13:35 INFO mt5_bot - Balance=102029.96 Equity=102029.96 Spread=0.30 pips
2026-05-05 18:13:35 INFO mt5_bot - Session filter: UTC hour=23 outside [7,20) and [0,0)
2026-05-05 18:13:50 INFO mt5_bot - Balance=102029.96 Equity=102029.96 Spread=1.00 pips
2026-05-05 18:13:50 INFO mt5_bot - Session filter: UTC hour=23 outside [7,20) and [0,0)
2026-05-05 18:14:05 INFO mt5_bot - Balance=102029.96 Equity=102029.96 Spread=0.30 pips
2026-05-05 18:14:05 INFO mt5_bot - Session filter: UTC hour=23 outside [7,20) and [0,0)
2026-05-05 18:14:20 INFO mt5_bot - Balance=102029.96 Equity=102029.96 Spread=0.70 pips
2026-05-05 18:14:20 INFO mt5_bot - Session filter: UTC hour=23 outside [7,20) and [0,0)
2026-05-05 18:14:35 INFO mt5_bot - Balance=102029.96 Equity=102029.96 Spread=0.90 pips
2026-05-05 18:14:35 INFO mt5_bot - Session filter: UTC hour=23 outside [7,20) and [0,0)
2026-05-05 18:14:50 INFO mt5_bot - Balance=102029.96 Equity=102029.96 Spread=0.30 pips
2026-05-05 18:14:50 INFO mt5_bot - Session filter: UTC hour=23 outside [7,20) and [0,0)
2026-05-05 18:15:05 INFO mt5_bot - Balance=102029.96 Equity=102029.96 Spread=1.40 pips
2026-05-05 18:15:05 INFO mt5_bot - Session filter: UTC hour=23 outside [7,20) and [0,0)
2026-05-05 18:15:20 INFO mt5_bot - Balance=102029.96 Equity=102029.96 Spread=0.30 pips
2026-05-05 18:15:20 INFO mt5_bot - Session filter: UTC hour=23 outside [7,20) and [0,0)
2026-05-05 18:15:35 INFO mt5_bot - Balance=102029.96 Equity=102029.96 Spread=0.30 pips
2026-05-05 18:15:35 INFO mt5_bot - Session filter: UTC hour=23 outside [7,20) and [0,0)
2026-05-05 18:15:50 INFO mt5_bot - Balance=102029.96 Equity=102029.96 Spread=1.20 pips
2026-05-05 18:15:50 INFO mt5_bot - Session filter: UTC hour=23 outside [7,20) and [0,0)
2026-05-05 18:16:05 INFO mt5_bot - Balance=102029.96 Equity=102029.96 Spread=0.30 pips
2026-05-05 18:16:05 INFO mt5_bot - Session filter: UTC hour=23 outside [7,20) and [0,0)
2026-05-05 18:16:20 INFO mt5_bot - Balance=102029.96 Equity=102029.96 Spread=0.30 pips
2026-05-05 18:16:20 INFO mt5_bot - Session filter: UTC hour=23 outside [7,20) and [0,0)
2026-05-05 18:16:35 INFO mt5_bot - Balance=102029.96 Equity=102029.96 Spread=0.30 pips
2026-05-05 18:16:35 INFO mt5_bot - Session filter: UTC hour=23 outside [7,20) and [0,0)
2026-05-05 18:16:50 INFO mt5_bot - Balance=102029.96 Equity=102029.96 Spread=0.50 pips
2026-05-05 18:16:50 INFO mt5_bot - Session filter: UTC hour=23 outside [7,20) and [0,0)
2026-05-05 18:17:05 INFO mt5_bot - Balance=102029.96 Equity=102029.96 Spread=0.40 pips
2026-05-05 18:17:05 INFO mt5_bot - Session filter: UTC hour=23 outside [7,20) and [0,0)
2026-05-05 18:17:20 INFO mt5_bot - Balance=102029.96 Equity=102029.96 Spread=0.30 pips
2026-05-05 18:17:20 INFO mt5_bot - Session filter: UTC hour=23 outside [7,20) and [0,0)
2026-05-05 18:17:35 INFO mt5_bot - Balance=102029.96 Equity=102029.96 Spread=0.30 pips
2026-05-05 18:17:35 INFO mt5_bot - Session filter: UTC hour=23 outside [7,20) and [0,0)
2026-05-05 18:17:50 INFO mt5_bot - Balance=102029.96 Equity=102029.96 Spread=0.30 pips
2026-05-05 18:17:50 INFO mt5_bot - Session filter: UTC hour=23 outside [7,20) and [0,0)
2026-05-05 18:18:05 INFO mt5_bot - Balance=102029.96 Equity=102029.96 Spread=0.70 pips
2026-05-05 18:18:05 INFO mt5_bot - Session filter: UTC hour=23 outside [7,20) and [0,0)
2026-05-05 18:18:20 INFO mt5_bot - Balance=102029.96 Equity=102029.96 Spread=0.30 pips
2026-05-05 18:18:20 INFO mt5_bot - Session filter: UTC hour=23 outside [7,20) and [0,0)
2026-05-05 18:18:35 INFO mt5_bot - Balance=102029.96 Equity=102029.96 Spread=0.30 pips
2026-05-05 18:18:35 INFO mt5_bot - Session filter: UTC hour=23 outside [7,20) and [0,0)
2026-05-05 18:18:50 INFO mt5_bot - Balance=102029.96 Equity=102029.96 Spread=0.30 pips
2026-05-05 18:18:50 INFO mt5_bot - Session filter: UTC hour=23 outside [7,20) and [0,0)
2026-05-05 18:19:05 INFO mt5_bot - Balance=102029.96 Equity=102029.96 Spread=0.30 pips
2026-05-05 18:19:05 INFO mt5_bot - Session filter: UTC hour=23 outside [7,20) and [0,0)
2026-05-05 18:19:20 INFO mt5_bot - Balance=102029.96 Equity=102029.96 Spread=0.30 pips
2026-05-05 18:19:20 INFO mt5_bot - Session filter: UTC hour=23 outside [7,20) and [0,0)
2026-05-05 18:19:35 INFO mt5_bot - Balance=102029.96 Equity=102029.96 Spread=0.30 pips
2026-05-05 18:19:35 INFO mt5_bot - Session filter: UTC hour=23 outside [7,20) and [0,0)
2026-05-05 18:19:50 INFO mt5_bot - Balance=102029.96 Equity=102029.96 Spread=0.30 pips
2026-05-05 18:19:50 INFO mt5_bot - Session filter: UTC hour=23 outside [7,20) and [0,0)
2026-05-05 18:20:05 INFO mt5_bot - Balance=102029.96 Equity=102029.96 Spread=0.30 pips
2026-05-05 18:20:05 INFO mt5_bot - Session filter: UTC hour=23 outside [7,20) and [0,0)
2026-05-05 18:20:20 INFO mt5_bot - Balance=102029.96 Equity=102029.96 Spread=0.30 pips
2026-05-05 18:20:20 INFO mt5_bot - Session filter: UTC hour=23 outside [7,20) and [0,0)
2026-05-05 18:20:35 INFO mt5_bot - Balance=102029.96 Equity=102029.96 Spread=0.30 pips
2026-05-05 18:20:35 INFO mt5_bot - Session filter: UTC hour=23 outside [7,20) and [0,0)
2026-05-05 18:20:50 INFO mt5_bot - Balance=102029.96 Equity=102029.96 Spread=0.30 pips
2026-05-05 18:20:50 INFO mt5_bot - Session filter: UTC hour=23 outside [7,20) and [0,0)
2026-05-05 18:21:05 INFO mt5_bot - Balance=102029.96 Equity=102029.96 Spread=0.30 pips
2026-05-05 18:21:05 INFO mt5_bot - Session filter: UTC hour=23 outside [7,20) and [0,0)
2026-05-05 18:21:20 INFO mt5_bot - Balance=102029.96 Equity=102029.96 Spread=0.30 pips
2026-05-05 18:21:20 INFO mt5_bot - Session filter: UTC hour=23 outside [7,20) and [0,0)
2026-05-05 18:21:35 INFO mt5_bot - Balance=102029.96 Equity=102029.96 Spread=0.80 pips
2026-05-05 18:21:35 INFO mt5_bot - Session filter: UTC hour=23 outside [7,20) and [0,0)
2026-05-05 18:21:50 INFO mt5_bot - Balance=102029.96 Equity=102029.96 Spread=1.00 pips
2026-05-05 18:21:50 INFO mt5_bot - Session filter: UTC hour=23 outside [7,20) and [0,0)
2026-05-05 18:22:05 INFO mt5_bot - Balance=102029.96 Equity=102029.96 Spread=0.30 pips
2026-05-05 18:22:05 INFO mt5_bot - Session filter: UTC hour=23 outside [7,20) and [0,0)
2026-05-05 18:22:20 INFO mt5_bot - Balance=102029.96 Equity=102029.96 Spread=0.30 pips
2026-05-05 18:22:20 INFO mt5_bot - Session filter: UTC hour=23 outside [7,20) and [0,0)
2026-05-05 18:22:35 INFO mt5_bot - Balance=102029.96 Equity=102029.96 Spread=0.30 pips
2026-05-05 18:22:35 INFO mt5_bot - Session filter: UTC hour=23 outside [7,20) and [0,0)
2026-05-05 18:22:50 INFO mt5_bot - Balance=102029.96 Equity=102029.96 Spread=0.30 pips
2026-05-05 18:22:50 INFO mt5_bot - Session filter: UTC hour=23 outside [7,20) and [0,0)
2026-05-05 18:23:05 INFO mt5_bot - Balance=102029.96 Equity=102029.96 Spread=0.30 pips
2026-05-05 18:23:05 INFO mt5_bot - Session filter: UTC hour=23 outside [7,20) and [0,0)
2026-05-05 18:23:20 INFO mt5_bot - Balance=102029.96 Equity=102029.96 Spread=0.30 pips
2026-05-05 18:23:20 INFO mt5_bot - Session filter: UTC hour=23 outside [7,20) and [0,0)
2026-05-05 18:23:35 INFO mt5_bot - Balance=102029.96 Equity=102029.96 Spread=0.30 pips
2026-05-05 18:23:35 INFO mt5_bot - Session filter: UTC hour=23 outside [7,20) and [0,0)
2026-05-05 18:23:50 INFO mt5_bot - Balance=102029.96 Equity=102029.96 Spread=0.30 pips
2026-05-05 18:23:50 INFO mt5_bot - Session filter: UTC hour=23 outside [7,20) and [0,0)
2026-05-05 18:24:05 INFO mt5_bot - Balance=102029.96 Equity=102029.96 Spread=0.30 pips
2026-05-05 18:24:05 INFO mt5_bot - Session filter: UTC hour=23 outside [7,20) and [0,0)
2026-05-05 18:24:20 INFO mt5_bot - Balance=102029.96 Equity=102029.96 Spread=1.20 pips
2026-05-05 18:24:20 INFO mt5_bot - Session filter: UTC hour=23 outside [7,20) and [0,0)
2026-05-05 18:24:35 INFO mt5_bot - Balance=102029.96 Equity=102029.96 Spread=0.50 pips
2026-05-05 18:24:35 INFO mt5_bot - Session filter: UTC hour=23 outside [7,20) and [0,0)
2026-05-05 18:24:50 INFO mt5_bot - Balance=102029.96 Equity=102029.96 Spread=0.30 pips
2026-05-05 18:24:50 INFO mt5_bot - Session filter: UTC hour=23 outside [7,20) and [0,0)
2026-05-05 18:25:05 INFO mt5_bot - Balance=102029.96 Equity=102029.96 Spread=0.30 pips
2026-05-05 18:25:05 INFO mt5_bot - Session filter: UTC hour=23 outside [7,20) and [0,0)
2026-05-05 18:25:20 INFO mt5_bot - Balance=102029.96 Equity=102029.96 Spread=1.00 pips
2026-05-05 18:25:20 INFO mt5_bot - Session filter: UTC hour=23 outside [7,20) and [0,0)
2026-05-05 18:25:35 INFO mt5_bot - Balance=102029.96 Equity=102029.96 Spread=0.30 pips
2026-05-05 18:25:35 INFO mt5_bot - Session filter: UTC hour=23 outside [7,20) and [0,0)
2026-05-05 18:25:50 INFO mt5_bot - Balance=102029.96 Equity=102029.96 Spread=0.30 pips
2026-05-05 18:25:50 INFO mt5_bot - Session filter: UTC hour=23 outside [7,20) and [0,0)
2026-05-05 18:26:05 INFO mt5_bot - Balance=102029.96 Equity=102029.96 Spread=1.50 pips
2026-05-05 18:26:05 INFO mt5_bot - Session filter: UTC hour=23 outside [7,20) and [0,0)
2026-05-05 18:26:20 INFO mt5_bot - Balance=102029.96 Equity=102029.96 Spread=1.50 pips
2026-05-05 18:26:20 INFO mt5_bot - Session filter: UTC hour=23 outside [7,20) and [0,0)
2026-05-05 18:26:35 INFO mt5_bot - Balance=102029.96 Equity=102029.96 Spread=0.30 pips
2026-05-05 18:26:35 INFO mt5_bot - Session filter: UTC hour=23 outside [7,20) and [0,0)
2026-05-05 18:26:50 INFO mt5_bot - Balance=102029.96 Equity=102029.96 Spread=0.30 pips
2026-05-05 18:26:50 INFO mt5_bot - Session filter: UTC hour=23 outside [7,20) and [0,0)
2026-05-05 18:27:05 INFO mt5_bot - Balance=102029.96 Equity=102029.96 Spread=0.30 pips
2026-05-05 18:27:05 INFO mt5_bot - Session filter: UTC hour=23 outside [7,20) and [0,0)
2026-05-05 18:27:20 INFO mt5_bot - Balance=102029.96 Equity=102029.96 Spread=0.30 pips
2026-05-05 18:27:20 INFO mt5_bot - Session filter: UTC hour=23 outside [7,20) and [0,0)
2026-05-05 18:27:35 INFO mt5_bot - Balance=102029.96 Equity=102029.96 Spread=0.30 pips
2026-05-05 18:27:35 INFO mt5_bot - Session filter: UTC hour=23 outside [7,20) and [0,0)
2026-05-05 18:27:50 INFO mt5_bot - Balance=102029.96 Equity=102029.96 Spread=0.30 pips
2026-05-05 18:27:50 INFO mt5_bot - Session filter: UTC hour=23 outside [7,20) and [0,0)
2026-05-05 18:28:05 INFO mt5_bot - Balance=102029.96 Equity=102029.96 Spread=0.30 pips
2026-05-05 18:28:05 INFO mt5_bot - Session filter: UTC hour=23 outside [7,20) and [0,0)
2026-05-05 18:28:20 INFO mt5_bot - Balance=102029.96 Equity=102029.96 Spread=0.30 pips
2026-05-05 18:28:20 INFO mt5_bot - Session filter: UTC hour=23 outside [7,20) and [0,0)
2026-05-05 18:28:35 INFO mt5_bot - Balance=102029.96 Equity=102029.96 Spread=0.30 pips
2026-05-05 18:28:35 INFO mt5_bot - Session filter: UTC hour=23 outside [7,20) and [0,0)
2026-05-05 18:28:50 INFO mt5_bot - Balance=102029.96 Equity=102029.96 Spread=0.30 pips
2026-05-05 18:28:50 INFO mt5_bot - Session filter: UTC hour=23 outside [7,20) and [0,0)
2026-05-05 18:29:05 INFO mt5_bot - Balance=102029.96 Equity=102029.96 Spread=1.40 pips
2026-05-05 18:29:05 INFO mt5_bot - Session filter: UTC hour=23 outside [7,20) and [0,0)
2026-05-05 18:29:21 INFO mt5_bot - Balance=102029.96 Equity=102029.96 Spread=0.30 pips
2026-05-05 18:29:21 INFO mt5_bot - Session filter: UTC hour=23 outside [7,20) and [0,0)
2026-05-05 18:29:36 INFO mt5_bot - Balance=102029.96 Equity=102029.96 Spread=0.30 pips
2026-05-05 18:29:36 INFO mt5_bot - Session filter: UTC hour=23 outside [7,20) and [0,0)
2026-05-05 18:29:51 INFO mt5_bot - Balance=102029.96 Equity=102029.96 Spread=0.30 pips
2026-05-05 18:29:51 INFO mt5_bot - Session filter: UTC hour=23 outside [7,20) and [0,0)
2026-05-05 18:30:06 INFO mt5_bot - Balance=102029.96 Equity=102029.96 Spread=0.30 pips
2026-05-05 18:30:06 INFO mt5_bot - Session filter: UTC hour=23 outside [7,20) and [0,0)
2026-05-05 18:30:21 INFO mt5_bot - Balance=102029.96 Equity=102029.96 Spread=0.30 pips
2026-05-05 18:30:21 INFO mt5_bot - Session filter: UTC hour=23 outside [7,20) and [0,0)
2026-05-05 18:30:36 INFO mt5_bot - Balance=102029.96 Equity=102029.96 Spread=0.30 pips
2026-05-05 18:30:36 INFO mt5_bot - Session filter: UTC hour=23 outside [7,20) and [0,0)
2026-05-05 18:30:51 INFO mt5_bot - Balance=102029.96 Equity=102029.96 Spread=0.30 pips
2026-05-05 18:30:51 INFO mt5_bot - Session filter: UTC hour=23 outside [7,20) and [0,0)
2026-05-05 18:31:06 INFO mt5_bot - Balance=102029.96 Equity=102029.96 Spread=0.30 pips
2026-05-05 18:31:06 INFO mt5_bot - Session filter: UTC hour=23 outside [7,20) and [0,0)
2026-05-05 18:31:21 INFO mt5_bot - Balance=102029.96 Equity=102029.96 Spread=0.30 pips
2026-05-05 18:31:21 INFO mt5_bot - Session filter: UTC hour=23 outside [7,20) and [0,0)
2026-05-05 18:31:36 INFO mt5_bot - Balance=102029.96 Equity=102029.96 Spread=0.30 pips
2026-05-05 18:31:36 INFO mt5_bot - Session filter: UTC hour=23 outside [7,20) and [0,0)
2026-05-05 18:31:51 INFO mt5_bot - Balance=102029.96 Equity=102029.96 Spread=0.30 pips
2026-05-05 18:31:51 INFO mt5_bot - Session filter: UTC hour=23 outside [7,20) and [0,0)
2026-05-05 18:32:06 INFO mt5_bot - Balance=102029.96 Equity=102029.96 Spread=0.50 pips
2026-05-05 18:32:06 INFO mt5_bot - Session filter: UTC hour=23 outside [7,20) and [0,0)
2026-05-05 18:32:21 INFO mt5_bot - Balance=102029.96 Equity=102029.96 Spread=0.30 pips
2026-05-05 18:32:21 INFO mt5_bot - Session filter: UTC hour=23 outside [7,20) and [0,0)
2026-05-05 18:32:36 INFO mt5_bot - Balance=102029.96 Equity=102029.96 Spread=0.80 pips
2026-05-05 18:32:36 INFO mt5_bot - Session filter: UTC hour=23 outside [7,20) and [0,0)
2026-05-05 18:32:51 INFO mt5_bot - Balance=102029.96 Equity=102029.96 Spread=0.30 pips
2026-05-05 18:32:51 INFO mt5_bot - Session filter: UTC hour=23 outside [7,20) and [0,0)
2026-05-05 18:33:06 INFO mt5_bot - Balance=102029.96 Equity=102029.96 Spread=0.30 pips
2026-05-05 18:33:06 INFO mt5_bot - Session filter: UTC hour=23 outside [7,20) and [0,0)
2026-05-05 18:33:21 INFO mt5_bot - Balance=102029.96 Equity=102029.96 Spread=0.30 pips
2026-05-05 18:33:21 INFO mt5_bot - Session filter: UTC hour=23 outside [7,20) and [0,0)
2026-05-05 18:33:36 INFO mt5_bot - Balance=102029.96 Equity=102029.96 Spread=0.30 pips
2026-05-05 18:33:36 INFO mt5_bot - Session filter: UTC hour=23 outside [7,20) and [0,0)
2026-05-05 18:33:51 INFO mt5_bot - Balance=102029.96 Equity=102029.96 Spread=0.30 pips
2026-05-05 18:33:51 INFO mt5_bot - Session filter: UTC hour=23 outside [7,20) and [0,0)
2026-05-05 18:34:06 INFO mt5_bot - Balance=102029.96 Equity=102029.96 Spread=1.30 pips
2026-05-05 18:34:06 INFO mt5_bot - Session filter: UTC hour=23 outside [7,20) and [0,0)
2026-05-05 18:34:21 INFO mt5_bot - Balance=102029.96 Equity=102029.96 Spread=0.30 pips
2026-05-05 18:34:21 INFO mt5_bot - Session filter: UTC hour=23 outside [7,20) and [0,0)
2026-05-05 18:34:36 INFO mt5_bot - Balance=102029.96 Equity=102029.96 Spread=0.30 pips
2026-05-05 18:34:36 INFO mt5_bot - Session filter: UTC hour=23 outside [7,20) and [0,0)
2026-05-05 18:34:51 INFO mt5_bot - Balance=102029.96 Equity=102029.96 Spread=0.30 pips
2026-05-05 18:34:51 INFO mt5_bot - Session filter: UTC hour=23 outside [7,20) and [0,0)
2026-05-05 18:35:06 INFO mt5_bot - Balance=102029.96 Equity=102029.96 Spread=0.30 pips
2026-05-05 18:35:06 INFO mt5_bot - Session filter: UTC hour=23 outside [7,20) and [0,0)
2026-05-05 18:35:21 INFO mt5_bot - Balance=102029.96 Equity=102029.96 Spread=0.30 pips
2026-05-05 18:35:21 INFO mt5_bot - Session filter: UTC hour=23 outside [7,20) and [0,0)
2026-05-05 18:35:36 INFO mt5_bot - Balance=102029.96 Equity=102029.96 Spread=0.30 pips
2026-05-05 18:35:36 INFO mt5_bot - Session filter: UTC hour=23 outside [7,20) and [0,0)
2026-05-05 18:35:51 INFO mt5_bot - Balance=102029.96 Equity=102029.96 Spread=0.30 pips
2026-05-05 18:35:51 INFO mt5_bot - Session filter: UTC hour=23 outside [7,20) and [0,0)
2026-05-05 18:36:06 INFO mt5_bot - Balance=102029.96 Equity=102029.96 Spread=0.30 pips
2026-05-05 18:36:06 INFO mt5_bot - Session filter: UTC hour=23 outside [7,20) and [0,0)
2026-05-05 18:36:21 INFO mt5_bot - Balance=102029.96 Equity=102029.96 Spread=0.30 pips
2026-05-05 18:36:21 INFO mt5_bot - Session filter: UTC hour=23 outside [7,20) and [0,0)
2026-05-05 18:36:36 INFO mt5_bot - Balance=102029.96 Equity=102029.96 Spread=0.50 pips
2026-05-05 18:36:36 INFO mt5_bot - Session filter: UTC hour=23 outside [7,20) and [0,0)
2026-05-05 18:36:51 INFO mt5_bot - Balance=102029.96 Equity=102029.96 Spread=0.30 pips
2026-05-05 18:36:51 INFO mt5_bot - Session filter: UTC hour=23 outside [7,20) and [0,0)
2026-05-05 18:37:06 INFO mt5_bot - Balance=102029.96 Equity=102029.96 Spread=0.30 pips
2026-05-05 18:37:06 INFO mt5_bot - Session filter: UTC hour=23 outside [7,20) and [0,0)
2026-05-05 18:37:21 INFO mt5_bot - Balance=102029.96 Equity=102029.96 Spread=0.30 pips
2026-05-05 18:37:21 INFO mt5_bot - Session filter: UTC hour=23 outside [7,20) and [0,0)
2026-05-05 18:37:36 INFO mt5_bot - Balance=102029.96 Equity=102029.96 Spread=0.30 pips
2026-05-05 18:37:36 INFO mt5_bot - Session filter: UTC hour=23 outside [7,20) and [0,0)
2026-05-05 18:37:51 INFO mt5_bot - Balance=102029.96 Equity=102029.96 Spread=0.30 pips
2026-05-05 18:37:51 INFO mt5_bot - Session filter: UTC hour=23 outside [7,20) and [0,0)
2026-05-05 18:38:06 INFO mt5_bot - Balance=102029.96 Equity=102029.96 Spread=0.30 pips
2026-05-05 18:38:06 INFO mt5_bot - Session filter: UTC hour=23 outside [7,20) and [0,0)
2026-05-05 18:38:21 INFO mt5_bot - Balance=102029.96 Equity=102029.96 Spread=0.30 pips
2026-05-05 18:38:21 INFO mt5_bot - Session filter: UTC hour=23 outside [7,20) and [0,0)
2026-05-05 18:38:36 INFO mt5_bot - Balance=102029.96 Equity=102029.96 Spread=0.30 pips
2026-05-05 18:38:36 INFO mt5_bot - Session filter: UTC hour=23 outside [7,20) and [0,0)
2026-05-05 18:38:51 INFO mt5_bot - Balance=102029.96 Equity=102029.96 Spread=1.60 pips
2026-05-05 18:38:51 INFO mt5_bot - Session filter: UTC hour=23 outside [7,20) and [0,0)
2026-05-05 18:39:06 INFO mt5_bot - Balance=102029.96 Equity=102029.96 Spread=0.30 pips
2026-05-05 18:39:06 INFO mt5_bot - Session filter: UTC hour=23 outside [7,20) and [0,0)
2026-05-05 18:39:21 INFO mt5_bot - Balance=102029.96 Equity=102029.96 Spread=0.30 pips
2026-05-05 18:39:21 INFO mt5_bot - Session filter: UTC hour=23 outside [7,20) and [0,0)
2026-05-05 18:39:36 INFO mt5_bot - Balance=102029.96 Equity=102029.96 Spread=0.80 pips
2026-05-05 18:39:36 INFO mt5_bot - Session filter: UTC hour=23 outside [7,20) and [0,0)
2026-05-05 18:39:51 INFO mt5_bot - Balance=102029.96 Equity=102029.96 Spread=0.60 pips
2026-05-05 18:39:51 INFO mt5_bot - Session filter: UTC hour=23 outside [7,20) and [0,0)
2026-05-05 18:40:06 INFO mt5_bot - Balance=102029.96 Equity=102029.96 Spread=0.50 pips
2026-05-05 18:40:06 INFO mt5_bot - Session filter: UTC hour=23 outside [7,20) and [0,0)
2026-05-05 18:40:21 INFO mt5_bot - Balance=102029.96 Equity=102029.96 Spread=0.30 pips
2026-05-05 18:40:21 INFO mt5_bot - Session filter: UTC hour=23 outside [7,20) and [0,0)
2026-05-05 18:40:36 INFO mt5_bot - Balance=102029.96 Equity=102029.96 Spread=1.20 pips
2026-05-05 18:40:36 INFO mt5_bot - Session filter: UTC hour=23 outside [7,20) and [0,0)
2026-05-05 18:40:51 INFO mt5_bot - Balance=102029.96 Equity=102029.96 Spread=0.30 pips
2026-05-05 18:40:51 INFO mt5_bot - Session filter: UTC hour=23 outside [7,20) and [0,0)
2026-05-05 18:41:06 INFO mt5_bot - Balance=102029.96 Equity=102029.96 Spread=0.30 pips
2026-05-05 18:41:06 INFO mt5_bot - Session filter: UTC hour=23 outside [7,20) and [0,0)
2026-05-05 18:41:21 INFO mt5_bot - Balance=102029.96 Equity=102029.96 Spread=0.30 pips
2026-05-05 18:41:21 INFO mt5_bot - Session filter: UTC hour=23 outside [7,20) and [0,0)
2026-05-05 18:41:36 INFO mt5_bot - Balance=102029.96 Equity=102029.96 Spread=0.30 pips
2026-05-05 18:41:36 INFO mt5_bot - Session filter: UTC hour=23 outside [7,20) and [0,0)
2026-05-05 18:41:51 INFO mt5_bot - Balance=102029.96 Equity=102029.96 Spread=0.30 pips
2026-05-05 18:41:51 INFO mt5_bot - Session filter: UTC hour=23 outside [7,20) and [0,0)
2026-05-05 18:42:06 INFO mt5_bot - Balance=102029.96 Equity=102029.96 Spread=0.30 pips
2026-05-05 18:42:06 INFO mt5_bot - Session filter: UTC hour=23 outside [7,20) and [0,0)
2026-05-05 18:42:21 INFO mt5_bot - Balance=102029.96 Equity=102029.96 Spread=0.40 pips
2026-05-05 18:42:21 INFO mt5_bot - Session filter: UTC hour=23 outside [7,20) and [0,0)
2026-05-05 18:42:36 INFO mt5_bot - Balance=102029.96 Equity=102029.96 Spread=0.60 pips
2026-05-05 18:42:36 INFO mt5_bot - Session filter: UTC hour=23 outside [7,20) and [0,0)
2026-05-05 18:42:51 INFO mt5_bot - Balance=102029.96 Equity=102029.96 Spread=1.00 pips
2026-05-05 18:42:51 INFO mt5_bot - Session filter: UTC hour=23 outside [7,20) and [0,0)
2026-05-05 18:43:06 INFO mt5_bot - Balance=102029.96 Equity=102029.96 Spread=0.30 pips
2026-05-05 18:43:06 INFO mt5_bot - Session filter: UTC hour=23 outside [7,20) and [0,0)
2026-05-05 18:43:21 INFO mt5_bot - Balance=102029.96 Equity=102029.96 Spread=0.30 pips
2026-05-05 18:43:21 INFO mt5_bot - Session filter: UTC hour=23 outside [7,20) and [0,0)
2026-05-05 18:43:36 INFO mt5_bot - Balance=102029.96 Equity=102029.96 Spread=0.30 pips
2026-05-05 18:43:36 INFO mt5_bot - Session filter: UTC hour=23 outside [7,20) and [0,0)
2026-05-05 18:43:51 INFO mt5_bot - Balance=102029.96 Equity=102029.96 Spread=0.30 pips
2026-05-05 18:43:51 INFO mt5_bot - Session filter: UTC hour=23 outside [7,20) and [0,0)
2026-05-05 18:44:06 INFO mt5_bot - Balance=102029.96 Equity=102029.96 Spread=0.30 pips
2026-05-05 18:44:06 INFO mt5_bot - Session filter: UTC hour=23 outside [7,20) and [0,0)
2026-05-05 18:44:21 INFO mt5_bot - Balance=102029.96 Equity=102029.96 Spread=0.30 pips
2026-05-05 18:44:21 INFO mt5_bot - Session filter: UTC hour=23 outside [7,20) and [0,0)
2026-05-05 18:44:36 INFO mt5_bot - Balance=102029.96 Equity=102029.96 Spread=0.30 pips
2026-05-05 18:44:36 INFO mt5_bot - Session filter: UTC hour=23 outside [7,20) and [0,0)
2026-05-05 18:44:51 INFO mt5_bot - Balance=102029.96 Equity=102029.96 Spread=0.30 pips
2026-05-05 18:44:51 INFO mt5_bot - Session filter: UTC hour=23 outside [7,20) and [0,0)
2026-05-05 18:45:06 INFO mt5_bot - Balance=102029.96 Equity=102029.96 Spread=0.30 pips
2026-05-05 18:45:06 INFO mt5_bot - Session filter: UTC hour=23 outside [7,20) and [0,0)
2026-05-05 18:45:21 INFO mt5_bot - Balance=102029.96 Equity=102029.96 Spread=0.30 pips
2026-05-05 18:45:21 INFO mt5_bot - Session filter: UTC hour=23 outside [7,20) and [0,0)
2026-05-05 18:45:36 INFO mt5_bot - Balance=102029.96 Equity=102029.96 Spread=0.30 pips
2026-05-05 18:45:36 INFO mt5_bot - Session filter: UTC hour=23 outside [7,20) and [0,0)
2026-05-05 18:45:51 INFO mt5_bot - Balance=102029.96 Equity=102029.96 Spread=0.30 pips
2026-05-05 18:45:51 INFO mt5_bot - Session filter: UTC hour=23 outside [7,20) and [0,0)
2026-05-05 18:46:06 INFO mt5_bot - Balance=102029.96 Equity=102029.96 Spread=0.30 pips
2026-05-05 18:46:06 INFO mt5_bot - Session filter: UTC hour=23 outside [7,20) and [0,0)
2026-05-05 18:46:21 INFO mt5_bot - Balance=102029.96 Equity=102029.96 Spread=0.30 pips
2026-05-05 18:46:21 INFO mt5_bot - Session filter: UTC hour=23 outside [7,20) and [0,0)
2026-05-05 18:46:36 INFO mt5_bot - Balance=102029.96 Equity=102029.96 Spread=0.30 pips
2026-05-05 18:46:36 INFO mt5_bot - Session filter: UTC hour=23 outside [7,20) and [0,0)
2026-05-05 18:46:51 INFO mt5_bot - Balance=102029.96 Equity=102029.96 Spread=0.30 pips
2026-05-05 18:46:51 INFO mt5_bot - Session filter: UTC hour=23 outside [7,20) and [0,0)
2026-05-05 18:47:06 INFO mt5_bot - Balance=102029.96 Equity=102029.96 Spread=0.30 pips
2026-05-05 18:47:06 INFO mt5_bot - Session filter: UTC hour=23 outside [7,20) and [0,0)
2026-05-05 18:47:21 INFO mt5_bot - Balance=102029.96 Equity=102029.96 Spread=0.30 pips
2026-05-05 18:47:21 INFO mt5_bot - Session filter: UTC hour=23 outside [7,20) and [0,0)
2026-05-05 18:47:36 INFO mt5_bot - Balance=102029.96 Equity=102029.96 Spread=0.30 pips
2026-05-05 18:47:36 INFO mt5_bot - Session filter: UTC hour=23 outside [7,20) and [0,0)
2026-05-05 18:47:51 INFO mt5_bot - Balance=102029.96 Equity=102029.96 Spread=0.30 pips
2026-05-05 18:47:51 INFO mt5_bot - Session filter: UTC hour=23 outside [7,20) and [0,0)
2026-05-05 18:48:06 INFO mt5_bot - Balance=102029.96 Equity=102029.96 Spread=0.30 pips
2026-05-05 18:48:06 INFO mt5_bot - Session filter: UTC hour=23 outside [7,20) and [0,0)
2026-05-05 18:48:21 INFO mt5_bot - Balance=102029.96 Equity=102029.96 Spread=0.30 pips
2026-05-05 18:48:21 INFO mt5_bot - Session filter: UTC hour=23 outside [7,20) and [0,0)
2026-05-05 18:48:36 INFO mt5_bot - Balance=102029.96 Equity=102029.96 Spread=0.30 pips
2026-05-05 18:48:36 INFO mt5_bot - Session filter: UTC hour=23 outside [7,20) and [0,0)
2026-05-05 18:48:51 INFO mt5_bot - Balance=102029.96 Equity=102029.96 Spread=0.30 pips
2026-05-05 18:48:51 INFO mt5_bot - Session filter: UTC hour=23 outside [7,20) and [0,0)
2026-05-05 18:49:06 INFO mt5_bot - Balance=102029.96 Equity=102029.96 Spread=0.30 pips
2026-05-05 18:49:06 INFO mt5_bot - Session filter: UTC hour=23 outside [7,20) and [0,0)
2026-05-05 18:49:21 INFO mt5_bot - Balance=102029.96 Equity=102029.96 Spread=0.30 pips
2026-05-05 18:49:21 INFO mt5_bot - Session filter: UTC hour=23 outside [7,20) and [0,0)
2026-05-05 18:49:36 INFO mt5_bot - Balance=102029.96 Equity=102029.96 Spread=0.30 pips
2026-05-05 18:49:36 INFO mt5_bot - Session filter: UTC hour=23 outside [7,20) and [0,0)
2026-05-05 18:49:51 INFO mt5_bot - Balance=102029.96 Equity=102029.96 Spread=0.30 pips
2026-05-05 18:49:51 INFO mt5_bot - Session filter: UTC hour=23 outside [7,20) and [0,0)
2026-05-05 18:50:06 INFO mt5_bot - Balance=102029.96 Equity=102029.96 Spread=0.30 pips
2026-05-05 18:50:06 INFO mt5_bot - Session filter: UTC hour=23 outside [7,20) and [0,0)
2026-05-05 18:50:21 INFO mt5_bot - Balance=102029.96 Equity=102029.96 Spread=0.30 pips
2026-05-05 18:50:21 INFO mt5_bot - Session filter: UTC hour=23 outside [7,20) and [0,0)
2026-05-05 18:50:36 INFO mt5_bot - Balance=102029.96 Equity=102029.96 Spread=0.30 pips
2026-05-05 18:50:36 INFO mt5_bot - Session filter: UTC hour=23 outside [7,20) and [0,0)
2026-05-05 18:50:51 INFO mt5_bot - Balance=102029.96 Equity=102029.96 Spread=0.30 pips
2026-05-05 18:50:51 INFO mt5_bot - Session filter: UTC hour=23 outside [7,20) and [0,0)
2026-05-05 18:51:06 INFO mt5_bot - Balance=102029.96 Equity=102029.96 Spread=0.30 pips
2026-05-05 18:51:06 INFO mt5_bot - Session filter: UTC hour=23 outside [7,20) and [0,0)
2026-05-05 18:51:21 INFO mt5_bot - Balance=102029.96 Equity=102029.96 Spread=0.30 pips
2026-05-05 18:51:21 INFO mt5_bot - Session filter: UTC hour=23 outside [7,20) and [0,0)
2026-05-05 18:51:36 INFO mt5_bot - Balance=102029.96 Equity=102029.96 Spread=0.30 pips
2026-05-05 18:51:36 INFO mt5_bot - Session filter: UTC hour=23 outside [7,20) and [0,0)
2026-05-05 18:51:51 INFO mt5_bot - Balance=102029.96 Equity=102029.96 Spread=0.30 pips
2026-05-05 18:51:51 INFO mt5_bot - Session filter: UTC hour=23 outside [7,20) and [0,0)
2026-05-05 18:52:06 INFO mt5_bot - Balance=102029.96 Equity=102029.96 Spread=0.30 pips
2026-05-05 18:52:06 INFO mt5_bot - Session filter: UTC hour=23 outside [7,20) and [0,0)
2026-05-05 18:52:21 INFO mt5_bot - Balance=102029.96 Equity=102029.96 Spread=0.30 pips
2026-05-05 18:52:21 INFO mt5_bot - Session filter: UTC hour=23 outside [7,20) and [0,0)
2026-05-05 18:52:36 INFO mt5_bot - Balance=102029.96 Equity=102029.96 Spread=0.30 pips
2026-05-05 18:52:36 INFO mt5_bot - Session filter: UTC hour=23 outside [7,20) and [0,0)
2026-05-05 18:52:51 INFO mt5_bot - Balance=102029.96 Equity=102029.96 Spread=0.30 pips
2026-05-05 18:52:51 INFO mt5_bot - Session filter: UTC hour=23 outside [7,20) and [0,0)
2026-05-05 18:53:06 INFO mt5_bot - Balance=102029.96 Equity=102029.96 Spread=0.30 pips
2026-05-05 18:53:06 INFO mt5_bot - Session filter: UTC hour=23 outside [7,20) and [0,0)
2026-05-05 18:53:21 INFO mt5_bot - Balance=102029.96 Equity=102029.96 Spread=0.70 pips
2026-05-05 18:53:21 INFO mt5_bot - Session filter: UTC hour=23 outside [7,20) and [0,0)
2026-05-05 18:53:36 INFO mt5_bot - Balance=102029.96 Equity=102029.96 Spread=0.30 pips
2026-05-05 18:53:36 INFO mt5_bot - Session filter: UTC hour=23 outside [7,20) and [0,0)
2026-05-05 18:53:51 INFO mt5_bot - Balance=102029.96 Equity=102029.96 Spread=0.30 pips
2026-05-05 18:53:51 INFO mt5_bot - Session filter: UTC hour=23 outside [7,20) and [0,0)
2026-05-05 18:54:06 INFO mt5_bot - Balance=102029.96 Equity=102029.96 Spread=0.30 pips
2026-05-05 18:54:06 INFO mt5_bot - Session filter: UTC hour=23 outside [7,20) and [0,0)
2026-05-05 18:54:21 INFO mt5_bot - Balance=102029.96 Equity=102029.96 Spread=0.30 pips
2026-05-05 18:54:21 INFO mt5_bot - Session filter: UTC hour=23 outside [7,20) and [0,0)
2026-05-05 18:54:36 INFO mt5_bot - Balance=102029.96 Equity=102029.96 Spread=0.30 pips
2026-05-05 18:54:36 INFO mt5_bot - Session filter: UTC hour=23 outside [7,20) and [0,0)
2026-05-05 18:54:51 INFO mt5_bot - Balance=102029.96 Equity=102029.96 Spread=0.30 pips
2026-05-05 18:54:51 INFO mt5_bot - Session filter: UTC hour=23 outside [7,20) and [0,0)
2026-05-05 18:55:06 INFO mt5_bot - Balance=102029.96 Equity=102029.96 Spread=0.30 pips
2026-05-05 18:55:06 INFO mt5_bot - Session filter: UTC hour=23 outside [7,20) and [0,0)
2026-05-05 18:55:21 INFO mt5_bot - Balance=102029.96 Equity=102029.96 Spread=0.30 pips
2026-05-05 18:55:21 INFO mt5_bot - Session filter: UTC hour=23 outside [7,20) and [0,0)
2026-05-05 18:55:36 INFO mt5_bot - Balance=102029.96 Equity=102029.96 Spread=0.30 pips
2026-05-05 18:55:36 INFO mt5_bot - Session filter: UTC hour=23 outside [7,20) and [0,0)
2026-05-05 18:55:51 INFO mt5_bot - Balance=102029.96 Equity=102029.96 Spread=0.30 pips
2026-05-05 18:55:51 INFO mt5_bot - Session filter: UTC hour=23 outside [7,20) and [0,0)
2026-05-05 18:56:06 INFO mt5_bot - Balance=102029.96 Equity=102029.96 Spread=0.30 pips
2026-05-05 18:56:06 INFO mt5_bot - Session filter: UTC hour=23 outside [7,20) and [0,0)
2026-05-05 18:56:21 INFO mt5_bot - Balance=102029.96 Equity=102029.96 Spread=0.30 pips
2026-05-05 18:56:21 INFO mt5_bot - Session filter: UTC hour=23 outside [7,20) and [0,0)
2026-05-05 18:56:36 INFO mt5_bot - Balance=102029.96 Equity=102029.96 Spread=0.30 pips
2026-05-05 18:56:36 INFO mt5_bot - Session filter: UTC hour=23 outside [7,20) and [0,0)
2026-05-05 18:56:51 INFO mt5_bot - Balance=102029.96 Equity=102029.96 Spread=0.30 pips
2026-05-05 18:56:51 INFO mt5_bot - Session filter: UTC hour=23 outside [7,20) and [0,0)
2026-05-05 18:57:06 INFO mt5_bot - Balance=102029.96 Equity=102029.96 Spread=0.30 pips
2026-05-05 18:57:06 INFO mt5_bot - Session filter: UTC hour=23 outside [7,20) and [0,0)
2026-05-05 18:57:21 INFO mt5_bot - Balance=102029.96 Equity=102029.96 Spread=0.30 pips
2026-05-05 18:57:21 INFO mt5_bot - Session filter: UTC hour=23 outside [7,20) and [0,0)
2026-05-05 18:57:36 INFO mt5_bot - Balance=102029.96 Equity=102029.96 Spread=0.30 pips
2026-05-05 18:57:36 INFO mt5_bot - Session filter: UTC hour=23 outside [7,20) and [0,0)
2026-05-05 18:57:51 INFO mt5_bot - Balance=102029.96 Equity=102029.96 Spread=0.30 pips
2026-05-05 18:57:51 INFO mt5_bot - Session filter: UTC hour=23 outside [7,20) and [0,0)
2026-05-05 18:58:06 INFO mt5_bot - Balance=102029.96 Equity=102029.96 Spread=0.30 pips
2026-05-05 18:58:06 INFO mt5_bot - Session filter: UTC hour=23 outside [7,20) and [0,0)
2026-05-05 18:58:21 INFO mt5_bot - Balance=102029.96 Equity=102029.96 Spread=0.30 pips
2026-05-05 18:58:21 INFO mt5_bot - Session filter: UTC hour=23 outside [7,20) and [0,0)
2026-05-05 18:58:36 INFO mt5_bot - Balance=102029.96 Equity=102029.96 Spread=0.30 pips
2026-05-05 18:58:36 INFO mt5_bot - Session filter: UTC hour=23 outside [7,20) and [0,0)
2026-05-05 18:58:51 INFO mt5_bot - Balance=102029.96 Equity=102029.96 Spread=0.30 pips
2026-05-05 18:58:51 INFO mt5_bot - Session filter: UTC hour=23 outside [7,20) and [0,0)
2026-05-05 18:59:06 INFO mt5_bot - Balance=102029.96 Equity=102029.96 Spread=0.50 pips
2026-05-05 18:59:06 INFO mt5_bot - Session filter: UTC hour=23 outside [7,20) and [0,0)
2026-05-05 18:59:21 INFO mt5_bot - Balance=102029.96 Equity=102029.96 Spread=0.30 pips
2026-05-05 18:59:21 INFO mt5_bot - Session filter: UTC hour=23 outside [7,20) and [0,0)
2026-05-05 18:59:36 INFO mt5_bot - Balance=102029.96 Equity=102029.96 Spread=0.30 pips
2026-05-05 18:59:36 INFO mt5_bot - Session filter: UTC hour=23 outside [7,20) and [0,0)
2026-05-05 18:59:51 INFO mt5_bot - Balance=102029.96 Equity=102029.96 Spread=0.30 pips
2026-05-05 18:59:51 INFO mt5_bot - Session filter: UTC hour=23 outside [7,20) and [0,0)
2026-05-05 19:00:06 INFO mt5_bot - Balance=102029.96 Equity=102029.96 Spread=0.60 pips
--- Logging error ---
Traceback (most recent call last):
  File "C:\Program Files\WindowsApps\PythonSoftwareFoundation.Python.3.13_3.13.3568.0_x64__qbz5n2kfra8p0\Lib\logging\handlers.py", line 80, in emit
    self.doRollover()
    ~~~~~~~~~~~~~~~^^
  File "C:\Program Files\WindowsApps\PythonSoftwareFoundation.Python.3.13_3.13.3568.0_x64__qbz5n2kfra8p0\Lib\logging\handlers.py", line 456, in doRollover
    self.rotate(self.baseFilename, dfn)
    ~~~~~~~~~~~^^^^^^^^^^^^^^^^^^^^^^^^
  File "C:\Program Files\WindowsApps\PythonSoftwareFoundation.Python.3.13_3.13.3568.0_x64__qbz5n2kfra8p0\Lib\logging\handlers.py", line 121, in rotate
    os.rename(source, dest)
    ~~~~~~~~~^^^^^^^^^^^^^^
PermissionError: [WinError 32] El proceso no tiene acceso al archivo porque está siendo utilizado por otro proceso: 'C:\\Users\\jean_\\Desktop\\Pagina web\\mt5_trading_bot\\logs\\bot_20260505.log' -> 'C:\\Users\\jean_\\Desktop\\Pagina web\\mt5_trading_bot\\logs\\bot_20260505.log.2026-05-05'
Call stack:
  File "<frozen runpy>", line 198, in _run_module_as_main
  File "<frozen runpy>", line 88, in _run_code
  File "C:\Users\jean_\Desktop\Pagina web\mt5_trading_bot\src\mt5_bot\__main__.py", line 5, in <module>
    raise SystemExit(main())
  File "C:\Users\jean_\Desktop\Pagina web\mt5_trading_bot\src\mt5_bot\cli.py", line 67, in main
    return run_trade(
  File "C:\Users\jean_\Desktop\Pagina web\mt5_trading_bot\src\mt5_bot\cli.py", line 260, in run_trade
    LOGGER.info("Balance=%.2f Equity=%.2f Spread=%.2f pips",
Message: 'Balance=%.2f Equity=%.2f Spread=%.2f pips'
Arguments: (102029.96, 102029.96, 0.6000000000017103)
2026-05-05 19:00:06 INFO mt5_bot - Session filter: UTC hour=0 outside [7,20) and [0,0)
--- Logging error ---
Traceback (most recent call last):
  File "C:\Program Files\WindowsApps\PythonSoftwareFoundation.Python.3.13_3.13.3568.0_x64__qbz5n2kfra8p0\Lib\logging\handlers.py", line 80, in emit
    self.doRollover()
    ~~~~~~~~~~~~~~~^^
  File "C:\Program Files\WindowsApps\PythonSoftwareFoundation.Python.3.13_3.13.3568.0_x64__qbz5n2kfra8p0\Lib\logging\handlers.py", line 456, in doRollover
    self.rotate(self.baseFilename, dfn)
    ~~~~~~~~~~~^^^^^^^^^^^^^^^^^^^^^^^^
  File "C:\Program Files\WindowsApps\PythonSoftwareFoundation.Python.3.13_3.13.3568.0_x64__qbz5n2kfra8p0\Lib\logging\handlers.py", line 121, in rotate
    os.rename(source, dest)
    ~~~~~~~~~^^^^^^^^^^^^^^
PermissionError: [WinError 32] El proceso no tiene acceso al archivo porque está siendo utilizado por otro proceso: 'C:\\Users\\jean_\\Desktop\\Pagina web\\mt5_trading_bot\\logs\\bot_20260505.log' -> 'C:\\Users\\jean_\\Desktop\\Pagina web\\mt5_trading_bot\\logs\\bot_20260505.log.2026-05-05'
Call stack:
  File "<frozen runpy>", line 198, in _run_module_as_main
  File "<frozen runpy>", line 88, in _run_code
  File "C:\Users\jean_\Desktop\Pagina web\mt5_trading_bot\src\mt5_bot\__main__.py", line 5, in <module>
    raise SystemExit(main())
  File "C:\Users\jean_\Desktop\Pagina web\mt5_trading_bot\src\mt5_bot\cli.py", line 67, in main
    return run_trade(
  File "C:\Users\jean_\Desktop\Pagina web\mt5_trading_bot\src\mt5_bot\cli.py", line 301, in run_trade
    LOGGER.info("Session filter: UTC hour=%d outside [%d,%d) and [%d,%d)",
Message: 'Session filter: UTC hour=%d outside [%d,%d) and [%d,%d)'
Arguments: (0, 7, 20, 0, 0)
2026-05-05 19:00:21 INFO mt5_bot - Balance=102029.96 Equity=102029.96 Spread=0.20 pips
2026-05-05 19:00:21 INFO mt5_bot - Session filter: UTC hour=0 outside [7,20) and [0,0)
2026-05-05 19:00:36 INFO mt5_bot - Balance=102029.96 Equity=102029.96 Spread=0.20 pips
2026-05-05 19:00:36 INFO mt5_bot - Session filter: UTC hour=0 outside [7,20) and [0,0)
2026-05-05 19:00:51 INFO mt5_bot - Balance=102029.96 Equity=102029.96 Spread=0.20 pips
2026-05-05 19:00:51 INFO mt5_bot - Session filter: UTC hour=0 outside [7,20) and [0,0)
2026-05-05 19:01:06 INFO mt5_bot - Balance=102029.96 Equity=102029.96 Spread=0.20 pips
2026-05-05 19:01:06 INFO mt5_bot - Session filter: UTC hour=0 outside [7,20) and [0,0)
2026-05-05 19:01:21 INFO mt5_bot - Balance=102029.96 Equity=102029.96 Spread=0.20 pips
2026-05-05 19:01:21 INFO mt5_bot - Session filter: UTC hour=0 outside [7,20) and [0,0)
2026-05-05 19:01:36 INFO mt5_bot - Balance=102029.96 Equity=102029.96 Spread=0.20 pips
2026-05-05 19:01:36 INFO mt5_bot - Session filter: UTC hour=0 outside [7,20) and [0,0)
2026-05-05 19:01:51 INFO mt5_bot - Balance=102029.96 Equity=102029.96 Spread=0.60 pips
2026-05-05 19:01:51 INFO mt5_bot - Session filter: UTC hour=0 outside [7,20) and [0,0)
2026-05-05 19:02:06 INFO mt5_bot - Balance=102029.96 Equity=102029.96 Spread=0.20 pips
2026-05-05 19:02:06 INFO mt5_bot - Session filter: UTC hour=0 outside [7,20) and [0,0)
2026-05-05 19:02:21 INFO mt5_bot - Balance=102029.96 Equity=102029.96 Spread=0.20 pips
2026-05-05 19:02:21 INFO mt5_bot - Session filter: UTC hour=0 outside [7,20) and [0,0)
2026-05-05 19:02:36 INFO mt5_bot - Balance=102029.96 Equity=102029.96 Spread=0.20 pips
2026-05-05 19:02:36 INFO mt5_bot - Session filter: UTC hour=0 outside [7,20) and [0,0)
2026-05-05 19:02:51 INFO mt5_bot - Balance=102029.96 Equity=102029.96 Spread=0.20 pips
2026-05-05 19:02:51 INFO mt5_bot - Session filter: UTC hour=0 outside [7,20) and [0,0)
2026-05-05 19:03:06 INFO mt5_bot - Balance=102029.96 Equity=102029.96 Spread=0.20 pips
2026-05-05 19:03:06 INFO mt5_bot - Session filter: UTC hour=0 outside [7,20) and [0,0)
2026-05-05 19:03:21 INFO mt5_bot - Balance=102029.96 Equity=102029.96 Spread=0.20 pips
2026-05-05 19:03:21 INFO mt5_bot - Session filter: UTC hour=0 outside [7,20) and [0,0)
2026-05-05 19:03:36 INFO mt5_bot - Balance=102029.96 Equity=102029.96 Spread=0.20 pips
2026-05-05 19:03:36 INFO mt5_bot - Session filter: UTC hour=0 outside [7,20) and [0,0)
2026-05-05 19:03:51 INFO mt5_bot - Balance=102029.96 Equity=102029.96 Spread=0.20 pips
2026-05-05 19:03:51 INFO mt5_bot - Session filter: UTC hour=0 outside [7,20) and [0,0)
2026-05-05 19:04:06 INFO mt5_bot - Balance=102029.96 Equity=102029.96 Spread=0.20 pips
2026-05-05 19:04:06 INFO mt5_bot - Session filter: UTC hour=0 outside [7,20) and [0,0)
2026-05-05 19:04:21 INFO mt5_bot - Balance=102029.96 Equity=102029.96 Spread=0.20 pips
2026-05-05 19:04:21 INFO mt5_bot - Session filter: UTC hour=0 outside [7,20) and [0,0)
2026-05-05 19:04:36 INFO mt5_bot - Balance=102029.96 Equity=102029.96 Spread=0.20 pips
2026-05-05 19:04:36 INFO mt5_bot - Session filter: UTC hour=0 outside [7,20) and [0,0)
2026-05-05 19:04:51 INFO mt5_bot - Balance=102029.96 Equity=102029.96 Spread=0.20 pips
2026-05-05 19:04:51 INFO mt5_bot - Session filter: UTC hour=0 outside [7,20) and [0,0)
2026-05-05 19:05:06 INFO mt5_bot - Balance=102029.96 Equity=102029.96 Spread=0.20 pips
2026-05-05 19:05:06 INFO mt5_bot - Session filter: UTC hour=0 outside [7,20) and [0,0)
2026-05-05 19:05:21 INFO mt5_bot - Balance=102029.96 Equity=102029.96 Spread=0.20 pips
2026-05-05 19:05:21 INFO mt5_bot - Session filter: UTC hour=0 outside [7,20) and [0,0)
2026-05-05 19:05:36 INFO mt5_bot - Balance=102029.96 Equity=102029.96 Spread=0.20 pips
2026-05-05 19:05:36 INFO mt5_bot - Session filter: UTC hour=0 outside [7,20) and [0,0)
2026-05-05 19:05:51 INFO mt5_bot - Balance=102029.96 Equity=102029.96 Spread=0.20 pips
2026-05-05 19:05:51 INFO mt5_bot - Session filter: UTC hour=0 outside [7,20) and [0,0)
2026-05-05 19:06:06 INFO mt5_bot - Balance=102029.96 Equity=102029.96 Spread=0.20 pips
2026-05-05 19:06:06 INFO mt5_bot - Session filter: UTC hour=0 outside [7,20) and [0,0)
2026-05-05 19:06:21 INFO mt5_bot - Balance=102029.96 Equity=102029.96 Spread=0.20 pips
2026-05-05 19:06:21 INFO mt5_bot - Session filter: UTC hour=0 outside [7,20) and [0,0)
2026-05-05 19:06:36 INFO mt5_bot - Balance=102029.96 Equity=102029.96 Spread=0.20 pips
2026-05-05 19:06:36 INFO mt5_bot - Session filter: UTC hour=0 outside [7,20) and [0,0)
2026-05-05 19:06:51 INFO mt5_bot - Balance=102029.96 Equity=102029.96 Spread=0.20 pips
2026-05-05 19:06:51 INFO mt5_bot - Session filter: UTC hour=0 outside [7,20) and [0,0)
2026-05-05 19:07:06 INFO mt5_bot - Balance=102029.96 Equity=102029.96 Spread=0.20 pips
2026-05-05 19:07:06 INFO mt5_bot - Session filter: UTC hour=0 outside [7,20) and [0,0)
2026-05-05 19:07:21 INFO mt5_bot - Balance=102029.96 Equity=102029.96 Spread=0.20 pips
2026-05-05 19:07:21 INFO mt5_bot - Session filter: UTC hour=0 outside [7,20) and [0,0)
2026-05-05 19:07:36 INFO mt5_bot - Balance=102029.96 Equity=102029.96 Spread=0.20 pips
2026-05-05 19:07:36 INFO mt5_bot - Session filter: UTC hour=0 outside [7,20) and [0,0)
2026-05-05 19:07:51 INFO mt5_bot - Balance=102029.96 Equity=102029.96 Spread=0.20 pips
2026-05-05 19:07:51 INFO mt5_bot - Session filter: UTC hour=0 outside [7,20) and [0,0)
2026-05-05 19:08:06 INFO mt5_bot - Balance=102029.96 Equity=102029.96 Spread=0.20 pips
2026-05-05 19:08:06 INFO mt5_bot - Session filter: UTC hour=0 outside [7,20) and [0,0)
2026-05-05 19:08:21 INFO mt5_bot - Balance=102029.96 Equity=102029.96 Spread=0.20 pips
2026-05-05 19:08:21 INFO mt5_bot - Session filter: UTC hour=0 outside [7,20) and [0,0)
2026-05-05 19:08:36 INFO mt5_bot - Balance=102029.96 Equity=102029.96 Spread=0.20 pips
2026-05-05 19:08:36 INFO mt5_bot - Session filter: UTC hour=0 outside [7,20) and [0,0)
2026-05-05 19:08:52 INFO mt5_bot - Balance=102029.96 Equity=102029.96 Spread=0.20 pips
2026-05-05 19:08:52 INFO mt5_bot - Session filter: UTC hour=0 outside [7,20) and [0,0)
2026-05-05 19:09:07 INFO mt5_bot - Balance=102029.96 Equity=102029.96 Spread=0.20 pips
2026-05-05 19:09:07 INFO mt5_bot - Session filter: UTC hour=0 outside [7,20) and [0,0)
2026-05-05 19:09:22 INFO mt5_bot - Balance=102029.96 Equity=102029.96 Spread=0.50 pips
2026-05-05 19:09:22 INFO mt5_bot - Session filter: UTC hour=0 outside [7,20) and [0,0)
2026-05-05 19:09:37 INFO mt5_bot - Balance=102029.96 Equity=102029.96 Spread=0.20 pips
2026-05-05 19:09:37 INFO mt5_bot - Session filter: UTC hour=0 outside [7,20) and [0,0)
2026-05-05 19:09:52 INFO mt5_bot - Balance=102029.96 Equity=102029.96 Spread=0.20 pips
2026-05-05 19:09:52 INFO mt5_bot - Session filter: UTC hour=0 outside [7,20) and [0,0)
2026-05-05 19:10:07 INFO mt5_bot - Balance=102029.96 Equity=102029.96 Spread=0.20 pips
2026-05-05 19:10:07 INFO mt5_bot - Session filter: UTC hour=0 outside [7,20) and [0,0)
2026-05-05 19:10:22 INFO mt5_bot - Balance=102029.96 Equity=102029.96 Spread=0.20 pips
2026-05-05 19:10:22 INFO mt5_bot - Session filter: UTC hour=0 outside [7,20) and [0,0)
2026-05-05 19:10:37 INFO mt5_bot - Balance=102029.96 Equity=102029.96 Spread=0.20 pips
2026-05-05 19:10:37 INFO mt5_bot - Session filter: UTC hour=0 outside [7,20) and [0,0)
2026-05-05 19:10:52 INFO mt5_bot - Balance=102029.96 Equity=102029.96 Spread=0.20 pips
2026-05-05 19:10:52 INFO mt5_bot - Session filter: UTC hour=0 outside [7,20) and [0,0)
2026-05-05 19:11:07 INFO mt5_bot - Balance=102029.96 Equity=102029.96 Spread=0.20 pips
2026-05-05 19:11:07 INFO mt5_bot - Session filter: UTC hour=0 outside [7,20) and [0,0)
2026-05-05 19:11:22 INFO mt5_bot - Balance=102029.96 Equity=102029.96 Spread=0.20 pips
2026-05-05 19:11:22 INFO mt5_bot - Session filter: UTC hour=0 outside [7,20) and [0,0)
2026-05-05 19:11:37 INFO mt5_bot - Balance=102029.96 Equity=102029.96 Spread=0.20 pips
2026-05-05 19:11:37 INFO mt5_bot - Session filter: UTC hour=0 outside [7,20) and [0,0)
2026-05-05 19:11:52 INFO mt5_bot - Balance=102029.96 Equity=102029.96 Spread=0.90 pips
2026-05-05 19:11:52 INFO mt5_bot - Session filter: UTC hour=0 outside [7,20) and [0,0)
2026-05-05 19:12:07 INFO mt5_bot - Balance=102029.96 Equity=102029.96 Spread=0.20 pips
2026-05-05 19:12:07 INFO mt5_bot - Session filter: UTC hour=0 outside [7,20) and [0,0)
2026-05-05 19:12:22 INFO mt5_bot - Balance=102029.96 Equity=102029.96 Spread=0.20 pips
2026-05-05 19:12:22 INFO mt5_bot - Session filter: UTC hour=0 outside [7,20) and [0,0)
2026-05-05 19:12:37 INFO mt5_bot - Balance=102029.96 Equity=102029.96 Spread=0.20 pips
2026-05-05 19:12:37 INFO mt5_bot - Session filter: UTC hour=0 outside [7,20) and [0,0)
2026-05-05 19:12:52 INFO mt5_bot - Balance=102029.96 Equity=102029.96 Spread=0.20 pips
2026-05-05 19:12:52 INFO mt5_bot - Session filter: UTC hour=0 outside [7,20) and [0,0)
2026-05-05 19:13:07 INFO mt5_bot - Balance=102029.96 Equity=102029.96 Spread=0.20 pips
2026-05-05 19:13:07 INFO mt5_bot - Session filter: UTC hour=0 outside [7,20) and [0,0)
2026-05-05 19:13:22 INFO mt5_bot - Balance=102029.96 Equity=102029.96 Spread=0.20 pips
2026-05-05 19:13:22 INFO mt5_bot - Session filter: UTC hour=0 outside [7,20) and [0,0)
2026-05-05 19:13:37 INFO mt5_bot - Balance=102029.96 Equity=102029.96 Spread=0.20 pips
2026-05-05 19:13:37 INFO mt5_bot - Session filter: UTC hour=0 outside [7,20) and [0,0)
2026-05-05 19:13:52 INFO mt5_bot - Balance=102029.96 Equity=102029.96 Spread=0.20 pips
2026-05-05 19:13:52 INFO mt5_bot - Session filter: UTC hour=0 outside [7,20) and [0,0)
2026-05-05 19:14:07 INFO mt5_bot - Balance=102029.96 Equity=102029.96 Spread=0.20 pips
2026-05-05 19:14:07 INFO mt5_bot - Session filter: UTC hour=0 outside [7,20) and [0,0)
2026-05-05 19:14:22 INFO mt5_bot - Balance=102029.96 Equity=102029.96 Spread=0.50 pips
2026-05-05 19:14:22 INFO mt5_bot - Session filter: UTC hour=0 outside [7,20) and [0,0)
2026-05-05 19:14:37 INFO mt5_bot - Balance=102029.96 Equity=102029.96 Spread=0.20 pips
2026-05-05 19:14:37 INFO mt5_bot - Session filter: UTC hour=0 outside [7,20) and [0,0)
2026-05-05 19:14:52 INFO mt5_bot - Balance=102029.96 Equity=102029.96 Spread=0.20 pips
2026-05-05 19:14:52 INFO mt5_bot - Session filter: UTC hour=0 outside [7,20) and [0,0)
2026-05-05 19:15:07 INFO mt5_bot - Balance=102029.96 Equity=102029.96 Spread=0.20 pips
2026-05-05 19:15:07 INFO mt5_bot - Session filter: UTC hour=0 outside [7,20) and [0,0)
2026-05-05 19:15:22 INFO mt5_bot - Balance=102029.96 Equity=102029.96 Spread=1.10 pips
2026-05-05 19:15:22 INFO mt5_bot - Session filter: UTC hour=0 outside [7,20) and [0,0)
2026-05-05 19:15:37 INFO mt5_bot - Balance=102029.96 Equity=102029.96 Spread=0.20 pips
2026-05-05 19:15:37 INFO mt5_bot - Session filter: UTC hour=0 outside [7,20) and [0,0)
2026-05-05 19:15:52 INFO mt5_bot - Balance=102029.96 Equity=102029.96 Spread=0.20 pips
2026-05-05 19:15:52 INFO mt5_bot - Session filter: UTC hour=0 outside [7,20) and [0,0)
2026-05-05 19:16:07 INFO mt5_bot - Balance=102029.96 Equity=102029.96 Spread=0.20 pips
2026-05-05 19:16:07 INFO mt5_bot - Session filter: UTC hour=0 outside [7,20) and [0,0)
2026-05-05 19:16:22 INFO mt5_bot - Balance=102029.96 Equity=102029.96 Spread=0.20 pips
2026-05-05 19:16:22 INFO mt5_bot - Session filter: UTC hour=0 outside [7,20) and [0,0)
2026-05-05 19:16:37 INFO mt5_bot - Balance=102029.96 Equity=102029.96 Spread=0.20 pips
2026-05-05 19:16:37 INFO mt5_bot - Session filter: UTC hour=0 outside [7,20) and [0,0)
2026-05-05 19:16:52 INFO mt5_bot - Balance=102029.96 Equity=102029.96 Spread=0.20 pips
2026-05-05 19:16:52 INFO mt5_bot - Session filter: UTC hour=0 outside [7,20) and [0,0)
2026-05-05 19:17:07 INFO mt5_bot - Balance=102029.96 Equity=102029.96 Spread=0.20 pips
2026-05-05 19:17:07 INFO mt5_bot - Session filter: UTC hour=0 outside [7,20) and [0,0)
2026-05-05 19:17:22 INFO mt5_bot - Balance=102029.96 Equity=102029.96 Spread=0.20 pips
2026-05-05 19:17:22 INFO mt5_bot - Session filter: UTC hour=0 outside [7,20) and [0,0)
2026-05-05 19:17:37 INFO mt5_bot - Balance=102029.96 Equity=102029.96 Spread=0.20 pips
2026-05-05 19:17:37 INFO mt5_bot - Session filter: UTC hour=0 outside [7,20) and [0,0)
2026-05-05 19:17:52 INFO mt5_bot - Balance=102029.96 Equity=102029.96 Spread=0.20 pips
2026-05-05 19:17:52 INFO mt5_bot - Session filter: UTC hour=0 outside [7,20) and [0,0)
2026-05-05 19:18:07 INFO mt5_bot - Balance=102029.96 Equity=102029.96 Spread=0.20 pips
2026-05-05 19:18:07 INFO mt5_bot - Session filter: UTC hour=0 outside [7,20) and [0,0)
2026-05-05 19:18:22 INFO mt5_bot - Balance=102029.96 Equity=102029.96 Spread=0.20 pips
2026-05-05 19:18:22 INFO mt5_bot - Session filter: UTC hour=0 outside [7,20) and [0,0)
2026-05-05 19:18:37 INFO mt5_bot - Balance=102029.96 Equity=102029.96 Spread=0.20 pips
2026-05-05 19:18:37 INFO mt5_bot - Session filter: UTC hour=0 outside [7,20) and [0,0)
2026-05-05 19:18:52 INFO mt5_bot - Balance=102029.96 Equity=102029.96 Spread=0.20 pips
2026-05-05 19:18:52 INFO mt5_bot - Session filter: UTC hour=0 outside [7,20) and [0,0)
2026-05-05 19:19:07 INFO mt5_bot - Balance=102029.96 Equity=102029.96 Spread=0.50 pips
2026-05-05 19:19:07 INFO mt5_bot - Session filter: UTC hour=0 outside [7,20) and [0,0)
2026-05-05 19:19:22 INFO mt5_bot - Balance=102029.96 Equity=102029.96 Spread=0.20 pips
2026-05-05 19:19:22 INFO mt5_bot - Session filter: UTC hour=0 outside [7,20) and [0,0)
2026-05-05 19:19:37 INFO mt5_bot - Balance=102029.96 Equity=102029.96 Spread=0.20 pips
2026-05-05 19:19:37 INFO mt5_bot - Session filter: UTC hour=0 outside [7,20) and [0,0)
2026-05-05 19:19:52 INFO mt5_bot - Balance=102029.96 Equity=102029.96 Spread=0.20 pips
2026-05-05 19:19:52 INFO mt5_bot - Session filter: UTC hour=0 outside [7,20) and [0,0)
2026-05-05 19:20:07 INFO mt5_bot - Balance=102029.96 Equity=102029.96 Spread=0.20 pips
2026-05-05 19:20:07 INFO mt5_bot - Session filter: UTC hour=0 outside [7,20) and [0,0)
2026-05-05 19:20:22 INFO mt5_bot - Balance=102029.96 Equity=102029.96 Spread=0.20 pips
2026-05-05 19:20:22 INFO mt5_bot - Session filter: UTC hour=0 outside [7,20) and [0,0)
2026-05-05 19:20:37 INFO mt5_bot - Balance=102029.96 Equity=102029.96 Spread=0.20 pips
2026-05-05 19:20:37 INFO mt5_bot - Session filter: UTC hour=0 outside [7,20) and [0,0)
2026-05-05 19:20:52 INFO mt5_bot - Balance=102029.96 Equity=102029.96 Spread=0.20 pips
2026-05-05 19:20:52 INFO mt5_bot - Session filter: UTC hour=0 outside [7,20) and [0,0)
2026-05-05 19:21:07 INFO mt5_bot - Balance=102029.96 Equity=102029.96 Spread=0.20 pips
2026-05-05 19:21:07 INFO mt5_bot - Session filter: UTC hour=0 outside [7,20) and [0,0)
2026-05-05 19:21:22 INFO mt5_bot - Balance=102029.96 Equity=102029.96 Spread=0.60 pips
2026-05-05 19:21:22 INFO mt5_bot - Session filter: UTC hour=0 outside [7,20) and [0,0)
2026-05-05 19:21:37 INFO mt5_bot - Balance=102029.96 Equity=102029.96 Spread=0.20 pips
2026-05-05 19:21:37 INFO mt5_bot - Session filter: UTC hour=0 outside [7,20) and [0,0)
2026-05-05 19:21:52 INFO mt5_bot - Balance=102029.96 Equity=102029.96 Spread=0.20 pips
2026-05-05 19:21:52 INFO mt5_bot - Session filter: UTC hour=0 outside [7,20) and [0,0)
2026-05-05 19:22:07 INFO mt5_bot - Balance=102029.96 Equity=102029.96 Spread=0.50 pips
2026-05-05 19:22:07 INFO mt5_bot - Session filter: UTC hour=0 outside [7,20) and [0,0)
2026-05-05 19:22:22 INFO mt5_bot - Balance=102029.96 Equity=102029.96 Spread=0.20 pips
2026-05-05 19:22:22 INFO mt5_bot - Session filter: UTC hour=0 outside [7,20) and [0,0)
2026-05-05 19:22:37 INFO mt5_bot - Balance=102029.96 Equity=102029.96 Spread=0.20 pips
2026-05-05 19:22:37 INFO mt5_bot - Session filter: UTC hour=0 outside [7,20) and [0,0)
2026-05-05 19:22:52 INFO mt5_bot - Balance=102029.96 Equity=102029.96 Spread=0.20 pips
2026-05-05 19:22:52 INFO mt5_bot - Session filter: UTC hour=0 outside [7,20) and [0,0)
2026-05-05 19:23:07 INFO mt5_bot - Balance=102029.96 Equity=102029.96 Spread=0.20 pips
2026-05-05 19:23:07 INFO mt5_bot - Session filter: UTC hour=0 outside [7,20) and [0,0)
2026-05-05 19:23:22 INFO mt5_bot - Balance=102029.96 Equity=102029.96 Spread=0.50 pips
2026-05-05 19:23:22 INFO mt5_bot - Session filter: UTC hour=0 outside [7,20) and [0,0)
2026-05-05 19:23:37 INFO mt5_bot - Balance=102029.96 Equity=102029.96 Spread=0.20 pips
2026-05-05 19:23:37 INFO mt5_bot - Session filter: UTC hour=0 outside [7,20) and [0,0)
2026-05-05 19:23:52 INFO mt5_bot - Balance=102029.96 Equity=102029.96 Spread=0.20 pips
2026-05-05 19:23:52 INFO mt5_bot - Session filter: UTC hour=0 outside [7,20) and [0,0)
2026-05-05 19:24:07 INFO mt5_bot - Balance=102029.96 Equity=102029.96 Spread=0.20 pips
2026-05-05 19:24:07 INFO mt5_bot - Session filter: UTC hour=0 outside [7,20) and [0,0)
2026-05-05 19:24:22 INFO mt5_bot - Balance=102029.96 Equity=102029.96 Spread=0.20 pips
2026-05-05 19:24:22 INFO mt5_bot - Session filter: UTC hour=0 outside [7,20) and [0,0)
2026-05-05 19:24:37 INFO mt5_bot - Balance=102029.96 Equity=102029.96 Spread=0.60 pips
2026-05-05 19:24:37 INFO mt5_bot - Session filter: UTC hour=0 outside [7,20) and [0,0)
2026-05-05 19:24:52 INFO mt5_bot - Balance=102029.96 Equity=102029.96 Spread=0.20 pips
2026-05-05 19:24:52 INFO mt5_bot - Session filter: UTC hour=0 outside [7,20) and [0,0)
2026-05-05 19:25:07 INFO mt5_bot - Balance=102029.96 Equity=102029.96 Spread=0.20 pips
2026-05-05 19:25:07 INFO mt5_bot - Session filter: UTC hour=0 outside [7,20) and [0,0)
2026-05-05 19:25:22 INFO mt5_bot - Balance=102029.96 Equity=102029.96 Spread=0.20 pips
2026-05-05 19:25:22 INFO mt5_bot - Session filter: UTC hour=0 outside [7,20) and [0,0)
2026-05-05 19:25:37 INFO mt5_bot - Balance=102029.96 Equity=102029.96 Spread=0.20 pips
2026-05-05 19:25:37 INFO mt5_bot - Session filter: UTC hour=0 outside [7,20) and [0,0)
2026-05-05 19:25:52 INFO mt5_bot - Balance=102029.96 Equity=102029.96 Spread=0.20 pips
2026-05-05 19:25:52 INFO mt5_bot - Session filter: UTC hour=0 outside [7,20) and [0,0)
2026-05-05 19:26:07 INFO mt5_bot - Balance=102029.96 Equity=102029.96 Spread=0.20 pips
2026-05-05 19:26:07 INFO mt5_bot - Session filter: UTC hour=0 outside [7,20) and [0,0)
2026-05-05 19:26:22 INFO mt5_bot - Balance=102029.96 Equity=102029.96 Spread=0.20 pips
2026-05-05 19:26:22 INFO mt5_bot - Session filter: UTC hour=0 outside [7,20) and [0,0)
2026-05-05 19:26:37 INFO mt5_bot - Balance=102029.96 Equity=102029.96 Spread=0.60 pips
2026-05-05 19:26:37 INFO mt5_bot - Session filter: UTC hour=0 outside [7,20) and [0,0)
2026-05-05 19:26:52 INFO mt5_bot - Balance=102029.96 Equity=102029.96 Spread=0.20 pips
2026-05-05 19:26:52 INFO mt5_bot - Session filter: UTC hour=0 outside [7,20) and [0,0)
2026-05-05 19:27:07 INFO mt5_bot - Balance=102029.96 Equity=102029.96 Spread=0.20 pips
2026-05-05 19:27:07 INFO mt5_bot - Session filter: UTC hour=0 outside [7,20) and [0,0)
2026-05-05 19:27:22 INFO mt5_bot - Balance=102029.96 Equity=102029.96 Spread=0.20 pips
2026-05-05 19:27:22 INFO mt5_bot - Session filter: UTC hour=0 outside [7,20) and [0,0)
2026-05-05 19:27:37 INFO mt5_bot - Balance=102029.96 Equity=102029.96 Spread=0.20 pips
2026-05-05 19:27:37 INFO mt5_bot - Session filter: UTC hour=0 outside [7,20) and [0,0)
2026-05-05 19:27:52 INFO mt5_bot - Balance=102029.96 Equity=102029.96 Spread=0.20 pips
2026-05-05 19:27:52 INFO mt5_bot - Session filter: UTC hour=0 outside [7,20) and [0,0)
2026-05-05 19:28:07 INFO mt5_bot - Balance=102029.96 Equity=102029.96 Spread=0.20 pips
2026-05-05 19:28:07 INFO mt5_bot - Session filter: UTC hour=0 outside [7,20) and [0,0)
2026-05-05 19:28:22 INFO mt5_bot - Balance=102029.96 Equity=102029.96 Spread=0.20 pips
2026-05-05 19:28:22 INFO mt5_bot - Session filter: UTC hour=0 outside [7,20) and [0,0)
2026-05-05 19:28:37 INFO mt5_bot - Balance=102029.96 Equity=102029.96 Spread=0.80 pips
2026-05-05 19:28:37 INFO mt5_bot - Session filter: UTC hour=0 outside [7,20) and [0,0)
2026-05-05 19:28:52 INFO mt5_bot - Balance=102029.96 Equity=102029.96 Spread=0.20 pips
2026-05-05 19:28:52 INFO mt5_bot - Session filter: UTC hour=0 outside [7,20) and [0,0)
2026-05-05 19:29:07 INFO mt5_bot - Balance=102029.96 Equity=102029.96 Spread=0.20 pips
2026-05-05 19:29:07 INFO mt5_bot - Session filter: UTC hour=0 outside [7,20) and [0,0)
2026-05-05 19:29:22 INFO mt5_bot - Balance=102029.96 Equity=102029.96 Spread=0.50 pips
2026-05-05 19:29:22 INFO mt5_bot - Session filter: UTC hour=0 outside [7,20) and [0,0)
2026-05-05 19:29:37 INFO mt5_bot - Balance=102029.96 Equity=102029.96 Spread=0.20 pips
2026-05-05 19:29:37 INFO mt5_bot - Session filter: UTC hour=0 outside [7,20) and [0,0)
2026-05-05 19:29:52 INFO mt5_bot - Balance=102029.96 Equity=102029.96 Spread=0.20 pips
2026-05-05 19:29:52 INFO mt5_bot - Session filter: UTC hour=0 outside [7,20) and [0,0)
2026-05-05 19:30:07 INFO mt5_bot - Balance=102029.96 Equity=102029.96 Spread=0.20 pips
2026-05-05 19:30:07 INFO mt5_bot - Session filter: UTC hour=0 outside [7,20) and [0,0)
2026-05-05 19:30:22 INFO mt5_bot - Balance=102029.96 Equity=102029.96 Spread=0.50 pips
2026-05-05 19:30:22 INFO mt5_bot - Session filter: UTC hour=0 outside [7,20) and [0,0)
2026-05-05 19:30:37 INFO mt5_bot - Balance=102029.96 Equity=102029.96 Spread=0.20 pips
2026-05-05 19:30:37 INFO mt5_bot - Session filter: UTC hour=0 outside [7,20) and [0,0)
2026-05-05 19:30:52 INFO mt5_bot - Balance=102029.96 Equity=102029.96 Spread=0.20 pips
2026-05-05 19:30:52 INFO mt5_bot - Session filter: UTC hour=0 outside [7,20) and [0,0)
2026-05-05 19:31:07 INFO mt5_bot - Balance=102029.96 Equity=102029.96 Spread=0.20 pips
2026-05-05 19:31:07 INFO mt5_bot - Session filter: UTC hour=0 outside [7,20) and [0,0)
2026-05-05 19:31:22 INFO mt5_bot - Balance=102029.96 Equity=102029.96 Spread=0.20 pips
2026-05-05 19:31:22 INFO mt5_bot - Session filter: UTC hour=0 outside [7,20) and [0,0)
2026-05-05 19:31:37 INFO mt5_bot - Balance=102029.96 Equity=102029.96 Spread=0.50 pips
2026-05-05 19:31:37 INFO mt5_bot - Session filter: UTC hour=0 outside [7,20) and [0,0)
2026-05-05 19:31:52 INFO mt5_bot - Balance=102029.96 Equity=102029.96 Spread=0.20 pips
2026-05-05 19:31:52 INFO mt5_bot - Session filter: UTC hour=0 outside [7,20) and [0,0)
2026-05-05 19:32:07 INFO mt5_bot - Balance=102029.96 Equity=102029.96 Spread=0.20 pips
2026-05-05 19:32:07 INFO mt5_bot - Session filter: UTC hour=0 outside [7,20) and [0,0)
2026-05-05 19:32:22 INFO mt5_bot - Balance=102029.96 Equity=102029.96 Spread=0.20 pips
2026-05-05 19:32:22 INFO mt5_bot - Session filter: UTC hour=0 outside [7,20) and [0,0)
2026-05-05 19:32:37 INFO mt5_bot - Balance=102029.96 Equity=102029.96 Spread=0.70 pips
2026-05-05 19:32:37 INFO mt5_bot - Session filter: UTC hour=0 outside [7,20) and [0,0)
2026-05-05 19:32:52 INFO mt5_bot - Balance=102029.96 Equity=102029.96 Spread=0.20 pips
2026-05-05 19:32:52 INFO mt5_bot - Session filter: UTC hour=0 outside [7,20) and [0,0)
2026-05-05 19:33:07 INFO mt5_bot - Balance=102029.96 Equity=102029.96 Spread=0.70 pips
2026-05-05 19:33:07 INFO mt5_bot - Session filter: UTC hour=0 outside [7,20) and [0,0)
2026-05-05 19:33:22 INFO mt5_bot - Balance=102029.96 Equity=102029.96 Spread=1.10 pips
2026-05-05 19:33:22 INFO mt5_bot - Session filter: UTC hour=0 outside [7,20) and [0,0)
2026-05-05 19:33:37 INFO mt5_bot - Balance=102029.96 Equity=102029.96 Spread=0.70 pips
2026-05-05 19:33:37 INFO mt5_bot - Session filter: UTC hour=0 outside [7,20) and [0,0)
2026-05-05 19:33:52 INFO mt5_bot - Balance=102029.96 Equity=102029.96 Spread=0.20 pips
2026-05-05 19:33:52 INFO mt5_bot - Session filter: UTC hour=0 outside [7,20) and [0,0)
2026-05-05 19:34:07 INFO mt5_bot - Balance=102029.96 Equity=102029.96 Spread=0.20 pips
2026-05-05 19:34:07 INFO mt5_bot - Session filter: UTC hour=0 outside [7,20) and [0,0)
2026-05-05 19:34:22 INFO mt5_bot - Balance=102029.96 Equity=102029.96 Spread=0.20 pips
2026-05-05 19:34:22 INFO mt5_bot - Session filter: UTC hour=0 outside [7,20) and [0,0)
2026-05-05 19:34:37 INFO mt5_bot - Balance=102029.96 Equity=102029.96 Spread=0.20 pips
2026-05-05 19:34:37 INFO mt5_bot - Session filter: UTC hour=0 outside [7,20) and [0,0)
2026-05-05 19:34:52 INFO mt5_bot - Balance=102029.96 Equity=102029.96 Spread=0.20 pips
2026-05-05 19:34:52 INFO mt5_bot - Session filter: UTC hour=0 outside [7,20) and [0,0)
2026-05-05 19:35:07 INFO mt5_bot - Balance=102029.96 Equity=102029.96 Spread=0.20 pips
2026-05-05 19:35:07 INFO mt5_bot - Session filter: UTC hour=0 outside [7,20) and [0,0)
2026-05-05 19:35:22 INFO mt5_bot - Balance=102029.96 Equity=102029.96 Spread=0.20 pips
2026-05-05 19:35:22 INFO mt5_bot - Session filter: UTC hour=0 outside [7,20) and [0,0)
2026-05-05 19:35:37 INFO mt5_bot - Balance=102029.96 Equity=102029.96 Spread=0.20 pips
2026-05-05 19:35:37 INFO mt5_bot - Session filter: UTC hour=0 outside [7,20) and [0,0)
2026-05-05 19:35:52 INFO mt5_bot - Balance=102029.96 Equity=102029.96 Spread=0.20 pips
2026-05-05 19:35:52 INFO mt5_bot - Session filter: UTC hour=0 outside [7,20) and [0,0)
2026-05-05 19:36:07 INFO mt5_bot - Balance=102029.96 Equity=102029.96 Spread=0.20 pips
2026-05-05 19:36:07 INFO mt5_bot - Session filter: UTC hour=0 outside [7,20) and [0,0)
2026-05-05 19:36:22 INFO mt5_bot - Balance=102029.96 Equity=102029.96 Spread=0.20 pips
2026-05-05 19:36:22 INFO mt5_bot - Session filter: UTC hour=0 outside [7,20) and [0,0)
2026-05-05 19:36:37 INFO mt5_bot - Balance=102029.96 Equity=102029.96 Spread=0.20 pips
2026-05-05 19:36:37 INFO mt5_bot - Session filter: UTC hour=0 outside [7,20) and [0,0)
2026-05-05 19:36:52 INFO mt5_bot - Balance=102029.96 Equity=102029.96 Spread=0.50 pips
2026-05-05 19:36:52 INFO mt5_bot - Session filter: UTC hour=0 outside [7,20) and [0,0)
2026-05-05 19:37:07 INFO mt5_bot - Balance=102029.96 Equity=102029.96 Spread=0.80 pips
2026-05-05 19:37:07 INFO mt5_bot - Session filter: UTC hour=0 outside [7,20) and [0,0)
2026-05-05 19:37:22 INFO mt5_bot - Balance=102029.96 Equity=102029.96 Spread=0.20 pips
2026-05-05 19:37:22 INFO mt5_bot - Session filter: UTC hour=0 outside [7,20) and [0,0)
2026-05-05 19:37:37 INFO mt5_bot - Balance=102029.96 Equity=102029.96 Spread=0.50 pips
2026-05-05 19:37:37 INFO mt5_bot - Session filter: UTC hour=0 outside [7,20) and [0,0)
2026-05-05 19:37:52 INFO mt5_bot - Balance=102029.96 Equity=102029.96 Spread=0.20 pips
2026-05-05 19:37:52 INFO mt5_bot - Session filter: UTC hour=0 outside [7,20) and [0,0)
2026-05-05 19:38:07 INFO mt5_bot - Balance=102029.96 Equity=102029.96 Spread=0.20 pips
2026-05-05 19:38:07 INFO mt5_bot - Session filter: UTC hour=0 outside [7,20) and [0,0)
2026-05-05 19:38:22 INFO mt5_bot - Balance=102029.96 Equity=102029.96 Spread=0.20 pips
2026-05-05 19:38:22 INFO mt5_bot - Session filter: UTC hour=0 outside [7,20) and [0,0)
2026-05-05 19:38:37 INFO mt5_bot - Balance=102029.96 Equity=102029.96 Spread=0.20 pips
2026-05-05 19:38:37 INFO mt5_bot - Session filter: UTC hour=0 outside [7,20) and [0,0)
2026-05-05 19:38:52 INFO mt5_bot - Balance=102029.96 Equity=102029.96 Spread=0.20 pips
2026-05-05 19:38:52 INFO mt5_bot - Session filter: UTC hour=0 outside [7,20) and [0,0)
2026-05-05 19:39:07 INFO mt5_bot - Balance=102029.96 Equity=102029.96 Spread=0.20 pips
2026-05-05 19:39:07 INFO mt5_bot - Session filter: UTC hour=0 outside [7,20) and [0,0)
2026-05-05 19:39:22 INFO mt5_bot - Balance=102029.96 Equity=102029.96 Spread=0.20 pips
2026-05-05 19:39:22 INFO mt5_bot - Session filter: UTC hour=0 outside [7,20) and [0,0)
2026-05-05 19:39:37 INFO mt5_bot - Balance=102029.96 Equity=102029.96 Spread=0.20 pips
2026-05-05 19:39:37 INFO mt5_bot - Session filter: UTC hour=0 outside [7,20) and [0,0)
2026-05-05 19:39:52 INFO mt5_bot - Balance=102029.96 Equity=102029.96 Spread=1.80 pips
2026-05-05 19:39:52 INFO mt5_bot - Spread filter: 1.80 > 1.80
2026-05-05 19:40:07 INFO mt5_bot - Balance=102029.96 Equity=102029.96 Spread=0.20 pips
2026-05-05 19:40:07 INFO mt5_bot - Session filter: UTC hour=0 outside [7,20) and [0,0)
2026-05-05 19:40:22 INFO mt5_bot - Balance=102029.96 Equity=102029.96 Spread=0.20 pips
2026-05-05 19:40:22 INFO mt5_bot - Session filter: UTC hour=0 outside [7,20) and [0,0)
2026-05-05 19:40:37 INFO mt5_bot - Balance=102029.96 Equity=102029.96 Spread=0.20 pips
2026-05-05 19:40:37 INFO mt5_bot - Session filter: UTC hour=0 outside [7,20) and [0,0)
2026-05-05 19:40:52 INFO mt5_bot - Balance=102029.96 Equity=102029.96 Spread=0.20 pips
2026-05-05 19:40:52 INFO mt5_bot - Session filter: UTC hour=0 outside [7,20) and [0,0)
2026-05-05 19:41:07 INFO mt5_bot - Balance=102029.96 Equity=102029.96 Spread=0.20 pips
2026-05-05 19:41:07 INFO mt5_bot - Session filter: UTC hour=0 outside [7,20) and [0,0)
2026-05-05 19:41:22 INFO mt5_bot - Balance=102029.96 Equity=102029.96 Spread=0.20 pips
2026-05-05 19:41:22 INFO mt5_bot - Session filter: UTC hour=0 outside [7,20) and [0,0)
2026-05-05 19:41:37 INFO mt5_bot - Balance=102029.96 Equity=102029.96 Spread=0.20 pips
2026-05-05 19:41:37 INFO mt5_bot - Session filter: UTC hour=0 outside [7,20) and [0,0)
2026-05-05 19:41:52 INFO mt5_bot - Balance=102029.96 Equity=102029.96 Spread=0.20 pips
2026-05-05 19:41:52 INFO mt5_bot - Session filter: UTC hour=0 outside [7,20) and [0,0)
2026-05-05 19:42:07 INFO mt5_bot - Balance=102029.96 Equity=102029.96 Spread=0.20 pips
2026-05-05 19:42:07 INFO mt5_bot - Session filter: UTC hour=0 outside [7,20) and [0,0)
2026-05-05 19:42:22 INFO mt5_bot - Balance=102029.96 Equity=102029.96 Spread=0.20 pips
2026-05-05 19:42:22 INFO mt5_bot - Session filter: UTC hour=0 outside [7,20) and [0,0)
2026-05-05 19:42:37 INFO mt5_bot - Balance=102029.96 Equity=102029.96 Spread=0.20 pips
2026-05-05 19:42:37 INFO mt5_bot - Session filter: UTC hour=0 outside [7,20) and [0,0)
2026-05-05 19:42:52 INFO mt5_bot - Balance=102029.96 Equity=102029.96 Spread=0.20 pips
2026-05-05 19:42:52 INFO mt5_bot - Session filter: UTC hour=0 outside [7,20) and [0,0)
2026-05-05 19:43:07 INFO mt5_bot - Balance=102029.96 Equity=102029.96 Spread=0.20 pips
2026-05-05 19:43:07 INFO mt5_bot - Session filter: UTC hour=0 outside [7,20) and [0,0)
2026-05-05 19:43:22 INFO mt5_bot - Balance=102029.96 Equity=102029.96 Spread=0.20 pips
2026-05-05 19:43:22 INFO mt5_bot - Session filter: UTC hour=0 outside [7,20) and [0,0)
2026-05-05 19:43:37 INFO mt5_bot - Balance=102029.96 Equity=102029.96 Spread=0.20 pips
2026-05-05 19:43:37 INFO mt5_bot - Session filter: UTC hour=0 outside [7,20) and [0,0)
2026-05-05 19:43:52 INFO mt5_bot - Balance=102029.96 Equity=102029.96 Spread=0.20 pips
2026-05-05 19:43:52 INFO mt5_bot - Session filter: UTC hour=0 outside [7,20) and [0,0)
2026-05-05 19:44:07 INFO mt5_bot - Balance=102029.96 Equity=102029.96 Spread=0.50 pips
2026-05-05 19:44:07 INFO mt5_bot - Session filter: UTC hour=0 outside [7,20) and [0,0)
2026-05-05 19:44:22 INFO mt5_bot - Balance=102029.96 Equity=102029.96 Spread=0.20 pips
2026-05-05 19:44:22 INFO mt5_bot - Session filter: UTC hour=0 outside [7,20) and [0,0)
2026-05-05 19:44:37 INFO mt5_bot - Balance=102029.96 Equity=102029.96 Spread=0.20 pips
2026-05-05 19:44:37 INFO mt5_bot - Session filter: UTC hour=0 outside [7,20) and [0,0)
2026-05-05 19:44:52 INFO mt5_bot - Balance=102029.96 Equity=102029.96 Spread=0.20 pips
2026-05-05 19:44:52 INFO mt5_bot - Session filter: UTC hour=0 outside [7,20) and [0,0)
2026-05-05 19:45:07 INFO mt5_bot - Balance=102029.96 Equity=102029.96 Spread=0.20 pips
2026-05-05 19:45:07 INFO mt5_bot - Session filter: UTC hour=0 outside [7,20) and [0,0)
2026-05-05 19:45:22 INFO mt5_bot - Balance=102029.96 Equity=102029.96 Spread=0.20 pips
2026-05-05 19:45:22 INFO mt5_bot - Session filter: UTC hour=0 outside [7,20) and [0,0)
2026-05-05 19:45:37 INFO mt5_bot - Balance=102029.96 Equity=102029.96 Spread=0.20 pips
2026-05-05 19:45:37 INFO mt5_bot - Session filter: UTC hour=0 outside [7,20) and [0,0)
2026-05-05 19:45:52 INFO mt5_bot - Balance=102029.96 Equity=102029.96 Spread=0.20 pips
2026-05-05 19:45:52 INFO mt5_bot - Session filter: UTC hour=0 outside [7,20) and [0,0)
2026-05-05 19:46:07 INFO mt5_bot - Balance=102029.96 Equity=102029.96 Spread=0.20 pips
2026-05-05 19:46:07 INFO mt5_bot - Session filter: UTC hour=0 outside [7,20) and [0,0)
2026-05-05 19:46:22 INFO mt5_bot - Balance=102029.96 Equity=102029.96 Spread=0.20 pips
2026-05-05 19:46:22 INFO mt5_bot - Session filter: UTC hour=0 outside [7,20) and [0,0)
2026-05-05 19:46:37 INFO mt5_bot - Balance=102029.96 Equity=102029.96 Spread=0.20 pips
2026-05-05 19:46:37 INFO mt5_bot - Session filter: UTC hour=0 outside [7,20) and [0,0)
2026-05-05 19:46:52 INFO mt5_bot - Balance=102029.96 Equity=102029.96 Spread=0.20 pips
2026-05-05 19:46:52 INFO mt5_bot - Session filter: UTC hour=0 outside [7,20) and [0,0)
2026-05-05 19:47:07 INFO mt5_bot - Balance=102029.96 Equity=102029.96 Spread=0.20 pips
2026-05-05 19:47:07 INFO mt5_bot - Session filter: UTC hour=0 outside [7,20) and [0,0)
2026-05-05 19:47:22 INFO mt5_bot - Balance=102029.96 Equity=102029.96 Spread=0.20 pips
2026-05-05 19:47:22 INFO mt5_bot - Session filter: UTC hour=0 outside [7,20) and [0,0)
2026-05-05 19:47:37 INFO mt5_bot - Balance=102029.96 Equity=102029.96 Spread=0.20 pips
2026-05-05 19:47:37 INFO mt5_bot - Session filter: UTC hour=0 outside [7,20) and [0,0)
2026-05-05 19:47:52 INFO mt5_bot - Balance=102029.96 Equity=102029.96 Spread=0.20 pips
2026-05-05 19:47:52 INFO mt5_bot - Session filter: UTC hour=0 outside [7,20) and [0,0)
2026-05-05 19:48:07 INFO mt5_bot - Balance=102029.96 Equity=102029.96 Spread=0.60 pips
2026-05-05 19:48:07 INFO mt5_bot - Session filter: UTC hour=0 outside [7,20) and [0,0)
2026-05-05 19:48:22 INFO mt5_bot - Balance=102029.96 Equity=102029.96 Spread=0.20 pips
2026-05-05 19:48:22 INFO mt5_bot - Session filter: UTC hour=0 outside [7,20) and [0,0)
2026-05-05 19:48:37 INFO mt5_bot - Balance=102029.96 Equity=102029.96 Spread=0.60 pips
2026-05-05 19:48:37 INFO mt5_bot - Session filter: UTC hour=0 outside [7,20) and [0,0)
2026-05-05 19:48:52 INFO mt5_bot - Balance=102029.96 Equity=102029.96 Spread=0.20 pips
2026-05-05 19:48:52 INFO mt5_bot - Session filter: UTC hour=0 outside [7,20) and [0,0)
2026-05-05 19:49:07 INFO mt5_bot - Balance=102029.96 Equity=102029.96 Spread=0.20 pips
2026-05-05 19:49:07 INFO mt5_bot - Session filter: UTC hour=0 outside [7,20) and [0,0)
2026-05-05 19:49:22 INFO mt5_bot - Balance=102029.96 Equity=102029.96 Spread=0.20 pips
2026-05-05 19:49:22 INFO mt5_bot - Session filter: UTC hour=0 outside [7,20) and [0,0)
2026-05-05 19:49:37 INFO mt5_bot - Balance=102029.96 Equity=102029.96 Spread=0.60 pips
2026-05-05 19:49:37 INFO mt5_bot - Session filter: UTC hour=0 outside [7,20) and [0,0)
2026-05-05 19:49:52 INFO mt5_bot - Balance=102029.96 Equity=102029.96 Spread=0.20 pips
2026-05-05 19:49:52 INFO mt5_bot - Session filter: UTC hour=0 outside [7,20) and [0,0)
2026-05-05 19:50:07 INFO mt5_bot - Balance=102029.96 Equity=102029.96 Spread=0.20 pips
2026-05-05 19:50:07 INFO mt5_bot - Session filter: UTC hour=0 outside [7,20) and [0,0)
2026-05-05 19:50:23 INFO mt5_bot - Balance=102029.96 Equity=102029.96 Spread=0.50 pips
2026-05-05 19:50:23 INFO mt5_bot - Session filter: UTC hour=0 outside [7,20) and [0,0)
2026-05-05 19:50:38 INFO mt5_bot - Balance=102029.96 Equity=102029.96 Spread=0.20 pips
2026-05-05 19:50:38 INFO mt5_bot - Session filter: UTC hour=0 outside [7,20) and [0,0)
2026-05-05 19:50:53 INFO mt5_bot - Balance=102029.96 Equity=102029.96 Spread=0.20 pips
2026-05-05 19:50:53 INFO mt5_bot - Session filter: UTC hour=0 outside [7,20) and [0,0)
2026-05-05 19:51:08 INFO mt5_bot - Balance=102029.96 Equity=102029.96 Spread=0.20 pips
2026-05-05 19:51:08 INFO mt5_bot - Session filter: UTC hour=0 outside [7,20) and [0,0)
2026-05-05 19:51:23 INFO mt5_bot - Balance=102029.96 Equity=102029.96 Spread=0.20 pips
2026-05-05 19:51:23 INFO mt5_bot - Session filter: UTC hour=0 outside [7,20) and [0,0)
2026-05-05 19:51:38 INFO mt5_bot - Balance=102029.96 Equity=102029.96 Spread=0.20 pips
2026-05-05 19:51:38 INFO mt5_bot - Session filter: UTC hour=0 outside [7,20) and [0,0)
2026-05-05 19:51:53 INFO mt5_bot - Balance=102029.96 Equity=102029.96 Spread=0.20 pips
2026-05-05 19:51:53 INFO mt5_bot - Session filter: UTC hour=0 outside [7,20) and [0,0)
2026-05-05 19:52:08 INFO mt5_bot - Balance=102029.96 Equity=102029.96 Spread=0.20 pips
2026-05-05 19:52:08 INFO mt5_bot - Session filter: UTC hour=0 outside [7,20) and [0,0)
2026-05-05 19:52:23 INFO mt5_bot - Balance=102029.96 Equity=102029.96 Spread=0.20 pips
2026-05-05 19:52:23 INFO mt5_bot - Session filter: UTC hour=0 outside [7,20) and [0,0)
2026-05-05 19:52:38 INFO mt5_bot - Balance=102029.96 Equity=102029.96 Spread=0.20 pips
2026-05-05 19:52:38 INFO mt5_bot - Session filter: UTC hour=0 outside [7,20) and [0,0)
2026-05-05 19:52:53 INFO mt5_bot - Balance=102029.96 Equity=102029.96 Spread=0.20 pips
2026-05-05 19:52:53 INFO mt5_bot - Session filter: UTC hour=0 outside [7,20) and [0,0)
2026-05-05 19:53:08 INFO mt5_bot - Balance=102029.96 Equity=102029.96 Spread=0.20 pips
2026-05-05 19:53:08 INFO mt5_bot - Session filter: UTC hour=0 outside [7,20) and [0,0)
2026-05-05 19:53:23 INFO mt5_bot - Balance=102029.96 Equity=102029.96 Spread=0.20 pips
2026-05-05 19:53:23 INFO mt5_bot - Session filter: UTC hour=0 outside [7,20) and [0,0)
2026-05-05 19:53:38 INFO mt5_bot - Balance=102029.96 Equity=102029.96 Spread=0.20 pips
2026-05-05 19:53:38 INFO mt5_bot - Session filter: UTC hour=0 outside [7,20) and [0,0)
2026-05-05 19:53:53 INFO mt5_bot - Balance=102029.96 Equity=102029.96 Spread=0.90 pips
2026-05-05 19:53:53 INFO mt5_bot - Session filter: UTC hour=0 outside [7,20) and [0,0)
2026-05-05 19:54:08 INFO mt5_bot - Balance=102029.96 Equity=102029.96 Spread=0.50 pips
2026-05-05 19:54:08 INFO mt5_bot - Session filter: UTC hour=0 outside [7,20) and [0,0)
2026-05-05 19:54:23 INFO mt5_bot - Balance=102029.96 Equity=102029.96 Spread=0.70 pips
2026-05-05 19:54:23 INFO mt5_bot - Session filter: UTC hour=0 outside [7,20) and [0,0)
2026-05-05 19:54:38 INFO mt5_bot - Balance=102029.96 Equity=102029.96 Spread=0.70 pips
2026-05-05 19:54:38 INFO mt5_bot - Session filter: UTC hour=0 outside [7,20) and [0,0)
2026-05-05 19:54:53 INFO mt5_bot - Balance=102029.96 Equity=102029.96 Spread=0.20 pips
2026-05-05 19:54:53 INFO mt5_bot - Session filter: UTC hour=0 outside [7,20) and [0,0)
2026-05-05 19:55:08 INFO mt5_bot - Balance=102029.96 Equity=102029.96 Spread=0.50 pips
2026-05-05 19:55:08 INFO mt5_bot - Session filter: UTC hour=0 outside [7,20) and [0,0)
2026-05-05 19:55:23 INFO mt5_bot - Balance=102029.96 Equity=102029.96 Spread=0.20 pips
2026-05-05 19:55:23 INFO mt5_bot - Session filter: UTC hour=0 outside [7,20) and [0,0)
2026-05-05 19:55:38 INFO mt5_bot - Balance=102029.96 Equity=102029.96 Spread=0.20 pips
2026-05-05 19:55:38 INFO mt5_bot - Session filter: UTC hour=0 outside [7,20) and [0,0)
2026-05-05 19:55:53 INFO mt5_bot - Balance=102029.96 Equity=102029.96 Spread=0.20 pips
2026-05-05 19:55:53 INFO mt5_bot - Session filter: UTC hour=0 outside [7,20) and [0,0)
2026-05-05 19:56:08 INFO mt5_bot - Balance=102029.96 Equity=102029.96 Spread=0.20 pips
2026-05-05 19:56:08 INFO mt5_bot - Session filter: UTC hour=0 outside [7,20) and [0,0)
2026-05-05 19:56:23 INFO mt5_bot - Balance=102029.96 Equity=102029.96 Spread=0.20 pips
2026-05-05 19:56:23 INFO mt5_bot - Session filter: UTC hour=0 outside [7,20) and [0,0)
2026-05-05 19:56:38 INFO mt5_bot - Balance=102029.96 Equity=102029.96 Spread=0.20 pips
2026-05-05 19:56:38 INFO mt5_bot - Session filter: UTC hour=0 outside [7,20) and [0,0)
2026-05-05 19:56:53 INFO mt5_bot - Balance=102029.96 Equity=102029.96 Spread=1.00 pips
2026-05-05 19:56:53 INFO mt5_bot - Session filter: UTC hour=0 outside [7,20) and [0,0)
2026-05-05 19:57:08 INFO mt5_bot - Balance=102029.96 Equity=102029.96 Spread=0.20 pips
2026-05-05 19:57:08 INFO mt5_bot - Session filter: UTC hour=0 outside [7,20) and [0,0)
2026-05-05 19:57:23 INFO mt5_bot - Balance=102029.96 Equity=102029.96 Spread=0.20 pips
2026-05-05 19:57:23 INFO mt5_bot - Session filter: UTC hour=0 outside [7,20) and [0,0)
2026-05-05 19:57:38 INFO mt5_bot - Balance=102029.96 Equity=102029.96 Spread=0.20 pips
2026-05-05 19:57:38 INFO mt5_bot - Session filter: UTC hour=0 outside [7,20) and [0,0)
2026-05-05 19:57:53 INFO mt5_bot - Balance=102029.96 Equity=102029.96 Spread=0.20 pips
2026-05-05 19:57:53 INFO mt5_bot - Session filter: UTC hour=0 outside [7,20) and [0,0)
2026-05-05 19:58:08 INFO mt5_bot - Balance=102029.96 Equity=102029.96 Spread=0.20 pips
2026-05-05 19:58:08 INFO mt5_bot - Session filter: UTC hour=0 outside [7,20) and [0,0)
2026-05-05 19:58:23 INFO mt5_bot - Balance=102029.96 Equity=102029.96 Spread=0.20 pips
2026-05-05 19:58:23 INFO mt5_bot - Session filter: UTC hour=0 outside [7,20) and [0,0)
2026-05-05 19:58:38 INFO mt5_bot - Balance=102029.96 Equity=102029.96 Spread=0.20 pips
2026-05-05 19:58:38 INFO mt5_bot - Session filter: UTC hour=0 outside [7,20) and [0,0)
2026-05-05 19:58:53 INFO mt5_bot - Balance=102029.96 Equity=102029.96 Spread=0.70 pips
2026-05-05 19:58:53 INFO mt5_bot - Session filter: UTC hour=0 outside [7,20) and [0,0)
2026-05-05 19:59:08 INFO mt5_bot - Balance=102029.96 Equity=102029.96 Spread=0.20 pips
2026-05-05 19:59:08 INFO mt5_bot - Session filter: UTC hour=0 outside [7,20) and [0,0)
2026-05-05 19:59:23 INFO mt5_bot - Balance=102029.96 Equity=102029.96 Spread=0.70 pips
2026-05-05 19:59:23 INFO mt5_bot - Session filter: UTC hour=0 outside [7,20) and [0,0)
2026-05-05 19:59:38 INFO mt5_bot - Balance=102029.96 Equity=102029.96 Spread=0.20 pips
2026-05-05 19:59:38 INFO mt5_bot - Session filter: UTC hour=0 outside [7,20) and [0,0)
2026-05-05 19:59:53 INFO mt5_bot - Balance=102029.96 Equity=102029.96 Spread=0.20 pips
2026-05-05 19:59:53 INFO mt5_bot - Session filter: UTC hour=0 outside [7,20) and [0,0)
2026-05-05 20:00:08 INFO mt5_bot - Balance=102029.96 Equity=102029.96 Spread=0.20 pips
2026-05-05 20:00:08 INFO mt5_bot - Session filter: UTC hour=1 outside [7,20) and [0,0)
2026-05-05 20:00:23 INFO mt5_bot - Balance=102029.96 Equity=102029.96 Spread=0.20 pips
2026-05-05 20:00:23 INFO mt5_bot - Session filter: UTC hour=1 outside [7,20) and [0,0)
2026-05-05 20:00:38 INFO mt5_bot - Balance=102029.96 Equity=102029.96 Spread=0.20 pips
2026-05-05 20:00:38 INFO mt5_bot - Session filter: UTC hour=1 outside [7,20) and [0,0)
2026-05-05 20:00:53 INFO mt5_bot - Balance=102029.96 Equity=102029.96 Spread=0.20 pips
2026-05-05 20:00:53 INFO mt5_bot - Session filter: UTC hour=1 outside [7,20) and [0,0)
2026-05-05 20:01:08 INFO mt5_bot - Balance=102029.96 Equity=102029.96 Spread=0.50 pips
2026-05-05 20:01:08 INFO mt5_bot - Session filter: UTC hour=1 outside [7,20) and [0,0)
2026-05-05 20:01:23 INFO mt5_bot - Balance=102029.96 Equity=102029.96 Spread=0.50 pips
2026-05-05 20:01:23 INFO mt5_bot - Session filter: UTC hour=1 outside [7,20) and [0,0)
2026-05-05 20:01:38 INFO mt5_bot - Balance=102029.96 Equity=102029.96 Spread=0.20 pips
2026-05-05 20:01:38 INFO mt5_bot - Session filter: UTC hour=1 outside [7,20) and [0,0)
2026-05-05 20:01:53 INFO mt5_bot - Balance=102029.96 Equity=102029.96 Spread=0.50 pips
2026-05-05 20:01:53 INFO mt5_bot - Session filter: UTC hour=1 outside [7,20) and [0,0)
2026-05-05 20:02:08 INFO mt5_bot - Balance=102029.96 Equity=102029.96 Spread=0.20 pips
2026-05-05 20:02:08 INFO mt5_bot - Session filter: UTC hour=1 outside [7,20) and [0,0)
2026-05-05 20:02:23 INFO mt5_bot - Balance=102029.96 Equity=102029.96 Spread=0.20 pips
2026-05-05 20:02:23 INFO mt5_bot - Session filter: UTC hour=1 outside [7,20) and [0,0)
2026-05-05 20:02:38 INFO mt5_bot - Balance=102029.96 Equity=102029.96 Spread=0.20 pips
2026-05-05 20:02:38 INFO mt5_bot - Session filter: UTC hour=1 outside [7,20) and [0,0)
2026-05-05 20:02:53 INFO mt5_bot - Balance=102029.96 Equity=102029.96 Spread=0.20 pips
2026-05-05 20:02:53 INFO mt5_bot - Session filter: UTC hour=1 outside [7,20) and [0,0)
2026-05-05 20:03:08 INFO mt5_bot - Balance=102029.96 Equity=102029.96 Spread=0.20 pips
2026-05-05 20:03:08 INFO mt5_bot - Session filter: UTC hour=1 outside [7,20) and [0,0)
2026-05-05 20:03:23 INFO mt5_bot - Balance=102029.96 Equity=102029.96 Spread=0.20 pips
2026-05-05 20:03:23 INFO mt5_bot - Session filter: UTC hour=1 outside [7,20) and [0,0)
2026-05-05 20:03:38 INFO mt5_bot - Balance=102029.96 Equity=102029.96 Spread=0.20 pips
2026-05-05 20:03:38 INFO mt5_bot - Session filter: UTC hour=1 outside [7,20) and [0,0)
2026-05-05 20:03:53 INFO mt5_bot - Balance=102029.96 Equity=102029.96 Spread=0.20 pips
2026-05-05 20:03:53 INFO mt5_bot - Session filter: UTC hour=1 outside [7,20) and [0,0)
2026-05-05 20:04:08 INFO mt5_bot - Balance=102029.96 Equity=102029.96 Spread=0.20 pips
2026-05-05 20:04:08 INFO mt5_bot - Session filter: UTC hour=1 outside [7,20) and [0,0)
2026-05-05 20:04:23 INFO mt5_bot - Balance=102029.96 Equity=102029.96 Spread=0.20 pips
2026-05-05 20:04:23 INFO mt5_bot - Session filter: UTC hour=1 outside [7,20) and [0,0)
2026-05-05 20:04:38 INFO mt5_bot - Balance=102029.96 Equity=102029.96 Spread=0.90 pips
2026-05-05 20:04:38 INFO mt5_bot - Session filter: UTC hour=1 outside [7,20) and [0,0)
2026-05-05 20:04:53 INFO mt5_bot - Balance=102029.96 Equity=102029.96 Spread=0.20 pips
2026-05-05 20:04:53 INFO mt5_bot - Session filter: UTC hour=1 outside [7,20) and [0,0)
2026-05-05 20:05:08 INFO mt5_bot - Balance=102029.96 Equity=102029.96 Spread=0.20 pips
2026-05-05 20:05:08 INFO mt5_bot - Session filter: UTC hour=1 outside [7,20) and [0,0)
2026-05-05 20:05:23 INFO mt5_bot - Balance=102029.96 Equity=102029.96 Spread=0.70 pips
2026-05-05 20:05:23 INFO mt5_bot - Session filter: UTC hour=1 outside [7,20) and [0,0)
2026-05-05 20:05:38 INFO mt5_bot - Balance=102029.96 Equity=102029.96 Spread=0.20 pips
2026-05-05 20:05:38 INFO mt5_bot - Session filter: UTC hour=1 outside [7,20) and [0,0)
2026-05-05 20:05:53 INFO mt5_bot - Balance=102029.96 Equity=102029.96 Spread=0.20 pips
2026-05-05 20:05:53 INFO mt5_bot - Session filter: UTC hour=1 outside [7,20) and [0,0)
2026-05-05 20:06:08 INFO mt5_bot - Balance=102029.96 Equity=102029.96 Spread=0.20 pips
2026-05-05 20:06:08 INFO mt5_bot - Session filter: UTC hour=1 outside [7,20) and [0,0)
2026-05-05 20:06:23 INFO mt5_bot - Balance=102029.96 Equity=102029.96 Spread=0.20 pips
2026-05-05 20:06:23 INFO mt5_bot - Session filter: UTC hour=1 outside [7,20) and [0,0)
2026-05-05 20:06:38 INFO mt5_bot - Balance=102029.96 Equity=102029.96 Spread=0.20 pips
2026-05-05 20:06:38 INFO mt5_bot - Session filter: UTC hour=1 outside [7,20) and [0,0)
2026-05-05 20:06:53 INFO mt5_bot - Balance=102029.96 Equity=102029.96 Spread=0.20 pips
2026-05-05 20:06:53 INFO mt5_bot - Session filter: UTC hour=1 outside [7,20) and [0,0)
2026-05-05 20:07:08 INFO mt5_bot - Balance=102029.96 Equity=102029.96 Spread=0.20 pips
2026-05-05 20:07:08 INFO mt5_bot - Session filter: UTC hour=1 outside [7,20) and [0,0)
2026-05-05 20:07:23 INFO mt5_bot - Balance=102029.96 Equity=102029.96 Spread=0.20 pips
2026-05-05 20:07:23 INFO mt5_bot - Session filter: UTC hour=1 outside [7,20) and [0,0)
2026-05-05 20:07:38 INFO mt5_bot - Balance=102029.96 Equity=102029.96 Spread=0.20 pips
2026-05-05 20:07:38 INFO mt5_bot - Session filter: UTC hour=1 outside [7,20) and [0,0)
2026-05-05 20:07:53 INFO mt5_bot - Balance=102029.96 Equity=102029.96 Spread=0.20 pips
2026-05-05 20:07:53 INFO mt5_bot - Session filter: UTC hour=1 outside [7,20) and [0,0)
2026-05-05 20:08:08 INFO mt5_bot - Balance=102029.96 Equity=102029.96 Spread=0.20 pips
2026-05-05 20:08:08 INFO mt5_bot - Session filter: UTC hour=1 outside [7,20) and [0,0)
2026-05-05 20:08:23 INFO mt5_bot - Balance=102029.96 Equity=102029.96 Spread=0.50 pips
2026-05-05 20:08:23 INFO mt5_bot - Session filter: UTC hour=1 outside [7,20) and [0,0)
2026-05-05 20:08:38 INFO mt5_bot - Balance=102029.96 Equity=102029.96 Spread=0.20 pips
2026-05-05 20:08:38 INFO mt5_bot - Session filter: UTC hour=1 outside [7,20) and [0,0)
2026-05-05 20:08:53 INFO mt5_bot - Balance=102029.96 Equity=102029.96 Spread=0.20 pips
2026-05-05 20:08:53 INFO mt5_bot - Session filter: UTC hour=1 outside [7,20) and [0,0)
2026-05-05 20:09:08 INFO mt5_bot - Balance=102029.96 Equity=102029.96 Spread=0.20 pips
2026-05-05 20:09:08 INFO mt5_bot - Session filter: UTC hour=1 outside [7,20) and [0,0)
2026-05-05 20:09:23 INFO mt5_bot - Balance=102029.96 Equity=102029.96 Spread=0.20 pips
2026-05-05 20:09:23 INFO mt5_bot - Session filter: UTC hour=1 outside [7,20) and [0,0)
2026-05-05 20:09:38 INFO mt5_bot - Balance=102029.96 Equity=102029.96 Spread=0.20 pips
2026-05-05 20:09:38 INFO mt5_bot - Session filter: UTC hour=1 outside [7,20) and [0,0)
2026-05-05 20:09:53 INFO mt5_bot - Balance=102029.96 Equity=102029.96 Spread=0.20 pips
2026-05-05 20:09:53 INFO mt5_bot - Session filter: UTC hour=1 outside [7,20) and [0,0)
2026-05-05 20:10:08 INFO mt5_bot - Balance=102029.96 Equity=102029.96 Spread=0.20 pips
2026-05-05 20:10:08 INFO mt5_bot - Session filter: UTC hour=1 outside [7,20) and [0,0)
2026-05-05 20:10:23 INFO mt5_bot - Balance=102029.96 Equity=102029.96 Spread=0.20 pips
2026-05-05 20:10:23 INFO mt5_bot - Session filter: UTC hour=1 outside [7,20) and [0,0)
2026-05-05 20:10:38 INFO mt5_bot - Balance=102029.96 Equity=102029.96 Spread=0.20 pips
2026-05-05 20:10:38 INFO mt5_bot - Session filter: UTC hour=1 outside [7,20) and [0,0)
2026-05-05 20:10:53 INFO mt5_bot - Balance=102029.96 Equity=102029.96 Spread=0.20 pips
2026-05-05 20:10:53 INFO mt5_bot - Session filter: UTC hour=1 outside [7,20) and [0,0)
2026-05-05 20:11:08 INFO mt5_bot - Balance=102029.96 Equity=102029.96 Spread=0.20 pips
2026-05-05 20:11:08 INFO mt5_bot - Session filter: UTC hour=1 outside [7,20) and [0,0)
2026-05-05 20:11:23 INFO mt5_bot - Balance=102029.96 Equity=102029.96 Spread=0.20 pips
2026-05-05 20:11:23 INFO mt5_bot - Session filter: UTC hour=1 outside [7,20) and [0,0)
2026-05-05 20:11:38 INFO mt5_bot - Balance=102029.96 Equity=102029.96 Spread=0.20 pips
2026-05-05 20:11:38 INFO mt5_bot - Session filter: UTC hour=1 outside [7,20) and [0,0)
2026-05-05 20:11:53 INFO mt5_bot - Balance=102029.96 Equity=102029.96 Spread=0.70 pips
2026-05-05 20:11:53 INFO mt5_bot - Session filter: UTC hour=1 outside [7,20) and [0,0)
2026-05-05 20:12:08 INFO mt5_bot - Balance=102029.96 Equity=102029.96 Spread=0.20 pips
2026-05-05 20:12:08 INFO mt5_bot - Session filter: UTC hour=1 outside [7,20) and [0,0)
2026-05-05 20:12:23 INFO mt5_bot - Balance=102029.96 Equity=102029.96 Spread=0.20 pips
2026-05-05 20:12:23 INFO mt5_bot - Session filter: UTC hour=1 outside [7,20) and [0,0)
2026-05-05 20:12:38 INFO mt5_bot - Balance=102029.96 Equity=102029.96 Spread=0.20 pips
2026-05-05 20:12:38 INFO mt5_bot - Session filter: UTC hour=1 outside [7,20) and [0,0)
2026-05-05 20:12:53 INFO mt5_bot - Balance=102029.96 Equity=102029.96 Spread=0.40 pips
2026-05-05 20:12:53 INFO mt5_bot - Session filter: UTC hour=1 outside [7,20) and [0,0)
2026-05-05 20:13:08 INFO mt5_bot - Balance=102029.96 Equity=102029.96 Spread=0.20 pips
2026-05-05 20:13:08 INFO mt5_bot - Session filter: UTC hour=1 outside [7,20) and [0,0)
2026-05-05 20:13:23 INFO mt5_bot - Balance=102029.96 Equity=102029.96 Spread=0.20 pips
2026-05-05 20:13:23 INFO mt5_bot - Session filter: UTC hour=1 outside [7,20) and [0,0)
2026-05-05 20:13:38 INFO mt5_bot - Balance=102029.96 Equity=102029.96 Spread=0.20 pips
2026-05-05 20:13:38 INFO mt5_bot - Session filter: UTC hour=1 outside [7,20) and [0,0)
2026-05-05 20:13:53 INFO mt5_bot - Balance=102029.96 Equity=102029.96 Spread=0.90 pips
2026-05-05 20:13:53 INFO mt5_bot - Session filter: UTC hour=1 outside [7,20) and [0,0)
2026-05-05 20:14:08 INFO mt5_bot - Balance=102029.96 Equity=102029.96 Spread=0.20 pips
2026-05-05 20:14:08 INFO mt5_bot - Session filter: UTC hour=1 outside [7,20) and [0,0)
2026-05-05 20:14:23 INFO mt5_bot - Balance=102029.96 Equity=102029.96 Spread=0.20 pips
2026-05-05 20:14:23 INFO mt5_bot - Session filter: UTC hour=1 outside [7,20) and [0,0)
2026-05-05 20:14:38 INFO mt5_bot - Balance=102029.96 Equity=102029.96 Spread=0.20 pips
2026-05-05 20:14:38 INFO mt5_bot - Session filter: UTC hour=1 outside [7,20) and [0,0)
2026-05-05 20:14:53 INFO mt5_bot - Balance=102029.96 Equity=102029.96 Spread=0.50 pips
2026-05-05 20:14:53 INFO mt5_bot - Session filter: UTC hour=1 outside [7,20) and [0,0)
2026-05-05 20:15:08 INFO mt5_bot - Balance=102029.96 Equity=102029.96 Spread=0.20 pips
2026-05-05 20:15:08 INFO mt5_bot - Session filter: UTC hour=1 outside [7,20) and [0,0)
2026-05-05 20:15:23 INFO mt5_bot - Balance=102029.96 Equity=102029.96 Spread=0.20 pips
2026-05-05 20:15:23 INFO mt5_bot - Session filter: UTC hour=1 outside [7,20) and [0,0)
2026-05-05 20:15:38 INFO mt5_bot - Balance=102029.96 Equity=102029.96 Spread=0.20 pips
2026-05-05 20:15:38 INFO mt5_bot - Session filter: UTC hour=1 outside [7,20) and [0,0)
2026-05-05 20:15:53 INFO mt5_bot - Balance=102029.96 Equity=102029.96 Spread=0.20 pips
2026-05-05 20:15:53 INFO mt5_bot - Session filter: UTC hour=1 outside [7,20) and [0,0)
2026-05-05 20:16:08 INFO mt5_bot - Balance=102029.96 Equity=102029.96 Spread=0.20 pips
2026-05-05 20:16:08 INFO mt5_bot - Session filter: UTC hour=1 outside [7,20) and [0,0)
2026-05-05 20:16:23 INFO mt5_bot - Balance=102029.96 Equity=102029.96 Spread=0.20 pips
2026-05-05 20:16:23 INFO mt5_bot - Session filter: UTC hour=1 outside [7,20) and [0,0)
2026-05-05 20:16:38 INFO mt5_bot - Balance=102029.96 Equity=102029.96 Spread=0.20 pips
2026-05-05 20:16:38 INFO mt5_bot - Session filter: UTC hour=1 outside [7,20) and [0,0)
2026-05-05 20:16:53 INFO mt5_bot - Balance=102029.96 Equity=102029.96 Spread=0.20 pips
2026-05-05 20:16:53 INFO mt5_bot - Session filter: UTC hour=1 outside [7,20) and [0,0)
2026-05-05 20:17:08 INFO mt5_bot - Balance=102029.96 Equity=102029.96 Spread=0.20 pips
2026-05-05 20:17:08 INFO mt5_bot - Session filter: UTC hour=1 outside [7,20) and [0,0)
2026-05-05 20:17:23 INFO mt5_bot - Balance=102029.96 Equity=102029.96 Spread=0.20 pips
2026-05-05 20:17:23 INFO mt5_bot - Session filter: UTC hour=1 outside [7,20) and [0,0)
2026-05-05 20:17:38 INFO mt5_bot - Balance=102029.96 Equity=102029.96 Spread=0.20 pips
2026-05-05 20:17:38 INFO mt5_bot - Session filter: UTC hour=1 outside [7,20) and [0,0)
2026-05-05 20:17:53 INFO mt5_bot - Balance=102029.96 Equity=102029.96 Spread=0.20 pips
2026-05-05 20:17:53 INFO mt5_bot - Session filter: UTC hour=1 outside [7,20) and [0,0)
2026-05-05 20:18:08 INFO mt5_bot - Balance=102029.96 Equity=102029.96 Spread=0.20 pips
2026-05-05 20:18:08 INFO mt5_bot - Session filter: UTC hour=1 outside [7,20) and [0,0)
2026-05-05 20:18:23 INFO mt5_bot - Balance=102029.96 Equity=102029.96 Spread=0.40 pips
2026-05-05 20:18:23 INFO mt5_bot - Session filter: UTC hour=1 outside [7,20) and [0,0)
2026-05-05 20:18:38 INFO mt5_bot - Balance=102029.96 Equity=102029.96 Spread=0.20 pips
2026-05-05 20:18:38 INFO mt5_bot - Session filter: UTC hour=1 outside [7,20) and [0,0)
2026-05-05 20:18:53 INFO mt5_bot - Balance=102029.96 Equity=102029.96 Spread=0.20 pips
2026-05-05 20:18:53 INFO mt5_bot - Session filter: UTC hour=1 outside [7,20) and [0,0)
2026-05-05 20:19:08 INFO mt5_bot - Balance=102029.96 Equity=102029.96 Spread=0.20 pips
2026-05-05 20:19:08 INFO mt5_bot - Session filter: UTC hour=1 outside [7,20) and [0,0)
2026-05-05 20:19:23 INFO mt5_bot - Balance=102029.96 Equity=102029.96 Spread=0.20 pips
2026-05-05 20:19:23 INFO mt5_bot - Session filter: UTC hour=1 outside [7,20) and [0,0)
2026-05-05 20:19:38 INFO mt5_bot - Balance=102029.96 Equity=102029.96 Spread=0.20 pips
2026-05-05 20:19:38 INFO mt5_bot - Session filter: UTC hour=1 outside [7,20) and [0,0)
2026-05-05 20:19:53 INFO mt5_bot - Balance=102029.96 Equity=102029.96 Spread=0.20 pips
2026-05-05 20:19:53 INFO mt5_bot - Session filter: UTC hour=1 outside [7,20) and [0,0)
2026-05-05 20:20:08 INFO mt5_bot - Balance=102029.96 Equity=102029.96 Spread=0.70 pips
2026-05-05 20:20:08 INFO mt5_bot - Session filter: UTC hour=1 outside [7,20) and [0,0)
2026-05-05 20:20:23 INFO mt5_bot - Balance=102029.96 Equity=102029.96 Spread=0.20 pips
2026-05-05 20:20:23 INFO mt5_bot - Session filter: UTC hour=1 outside [7,20) and [0,0)
2026-05-05 20:20:38 INFO mt5_bot - Balance=102029.96 Equity=102029.96 Spread=0.20 pips
2026-05-05 20:20:38 INFO mt5_bot - Session filter: UTC hour=1 outside [7,20) and [0,0)
2026-05-05 20:20:53 INFO mt5_bot - Balance=102029.96 Equity=102029.96 Spread=0.20 pips
2026-05-05 20:20:53 INFO mt5_bot - Session filter: UTC hour=1 outside [7,20) and [0,0)
2026-05-05 20:21:08 INFO mt5_bot - Balance=102029.96 Equity=102029.96 Spread=0.70 pips
2026-05-05 20:21:08 INFO mt5_bot - Session filter: UTC hour=1 outside [7,20) and [0,0)
2026-05-05 20:21:23 INFO mt5_bot - Balance=102029.96 Equity=102029.96 Spread=0.20 pips
2026-05-05 20:21:23 INFO mt5_bot - Session filter: UTC hour=1 outside [7,20) and [0,0)
2026-05-05 20:21:38 INFO mt5_bot - Balance=102029.96 Equity=102029.96 Spread=0.20 pips
2026-05-05 20:21:38 INFO mt5_bot - Session filter: UTC hour=1 outside [7,20) and [0,0)
2026-05-05 20:21:53 INFO mt5_bot - Balance=102029.96 Equity=102029.96 Spread=0.20 pips
2026-05-05 20:21:53 INFO mt5_bot - Session filter: UTC hour=1 outside [7,20) and [0,0)
2026-05-05 20:22:08 INFO mt5_bot - Balance=102029.96 Equity=102029.96 Spread=0.20 pips
2026-05-05 20:22:08 INFO mt5_bot - Session filter: UTC hour=1 outside [7,20) and [0,0)
2026-05-05 20:22:23 INFO mt5_bot - Balance=102029.96 Equity=102029.96 Spread=0.20 pips
2026-05-05 20:22:23 INFO mt5_bot - Session filter: UTC hour=1 outside [7,20) and [0,0)
2026-05-05 20:22:38 INFO mt5_bot - Balance=102029.96 Equity=102029.96 Spread=0.70 pips
2026-05-05 20:22:38 INFO mt5_bot - Session filter: UTC hour=1 outside [7,20) and [0,0)
2026-05-05 20:22:53 INFO mt5_bot - Balance=102029.96 Equity=102029.96 Spread=0.20 pips
2026-05-05 20:22:53 INFO mt5_bot - Session filter: UTC hour=1 outside [7,20) and [0,0)
2026-05-05 20:23:08 INFO mt5_bot - Balance=102029.96 Equity=102029.96 Spread=0.20 pips
2026-05-05 20:23:08 INFO mt5_bot - Session filter: UTC hour=1 outside [7,20) and [0,0)
2026-05-05 20:23:23 INFO mt5_bot - Balance=102029.96 Equity=102029.96 Spread=0.20 pips
2026-05-05 20:23:23 INFO mt5_bot - Session filter: UTC hour=1 outside [7,20) and [0,0)
2026-05-05 20:23:38 INFO mt5_bot - Balance=102029.96 Equity=102029.96 Spread=0.60 pips
2026-05-05 20:23:38 INFO mt5_bot - Session filter: UTC hour=1 outside [7,20) and [0,0)
2026-05-05 20:23:53 INFO mt5_bot - Balance=102029.96 Equity=102029.96 Spread=1.30 pips
2026-05-05 20:23:53 INFO mt5_bot - Session filter: UTC hour=1 outside [7,20) and [0,0)
2026-05-05 20:24:08 INFO mt5_bot - Balance=102029.96 Equity=102029.96 Spread=0.20 pips
2026-05-05 20:24:08 INFO mt5_bot - Session filter: UTC hour=1 outside [7,20) and [0,0)
2026-05-05 20:24:23 INFO mt5_bot - Balance=102029.96 Equity=102029.96 Spread=0.20 pips
2026-05-05 20:24:23 INFO mt5_bot - Session filter: UTC hour=1 outside [7,20) and [0,0)
2026-05-05 20:24:38 INFO mt5_bot - Balance=102029.96 Equity=102029.96 Spread=0.20 pips
2026-05-05 20:24:38 INFO mt5_bot - Session filter: UTC hour=1 outside [7,20) and [0,0)
2026-05-05 20:24:53 INFO mt5_bot - Balance=102029.96 Equity=102029.96 Spread=0.20 pips
2026-05-05 20:24:53 INFO mt5_bot - Session filter: UTC hour=1 outside [7,20) and [0,0)
2026-05-05 20:25:08 INFO mt5_bot - Balance=102029.96 Equity=102029.96 Spread=0.20 pips
2026-05-05 20:25:08 INFO mt5_bot - Session filter: UTC hour=1 outside [7,20) and [0,0)
2026-05-05 20:25:23 INFO mt5_bot - Balance=102029.96 Equity=102029.96 Spread=0.20 pips
2026-05-05 20:25:23 INFO mt5_bot - Session filter: UTC hour=1 outside [7,20) and [0,0)
2026-05-05 20:25:38 INFO mt5_bot - Balance=102029.96 Equity=102029.96 Spread=0.20 pips
2026-05-05 20:25:38 INFO mt5_bot - Session filter: UTC hour=1 outside [7,20) and [0,0)
2026-05-05 20:25:53 INFO mt5_bot - Balance=102029.96 Equity=102029.96 Spread=0.20 pips
2026-05-05 20:25:53 INFO mt5_bot - Session filter: UTC hour=1 outside [7,20) and [0,0)
2026-05-05 20:26:08 INFO mt5_bot - Balance=102029.96 Equity=102029.96 Spread=0.20 pips
2026-05-05 20:26:08 INFO mt5_bot - Session filter: UTC hour=1 outside [7,20) and [0,0)
2026-05-05 20:26:23 INFO mt5_bot - Balance=102029.96 Equity=102029.96 Spread=0.20 pips
2026-05-05 20:26:23 INFO mt5_bot - Session filter: UTC hour=1 outside [7,20) and [0,0)
2026-05-05 20:26:38 INFO mt5_bot - Balance=102029.96 Equity=102029.96 Spread=0.20 pips
2026-05-05 20:26:38 INFO mt5_bot - Session filter: UTC hour=1 outside [7,20) and [0,0)
2026-05-05 20:26:53 INFO mt5_bot - Balance=102029.96 Equity=102029.96 Spread=0.20 pips
2026-05-05 20:26:53 INFO mt5_bot - Session filter: UTC hour=1 outside [7,20) and [0,0)
2026-05-05 20:27:08 INFO mt5_bot - Balance=102029.96 Equity=102029.96 Spread=0.20 pips
2026-05-05 20:27:08 INFO mt5_bot - Session filter: UTC hour=1 outside [7,20) and [0,0)
2026-05-05 20:27:23 INFO mt5_bot - Balance=102029.96 Equity=102029.96 Spread=0.20 pips
2026-05-05 20:27:23 INFO mt5_bot - Session filter: UTC hour=1 outside [7,20) and [0,0)
2026-05-05 20:27:38 INFO mt5_bot - Balance=102029.96 Equity=102029.96 Spread=0.20 pips
2026-05-05 20:27:38 INFO mt5_bot - Session filter: UTC hour=1 outside [7,20) and [0,0)
2026-05-05 20:27:53 INFO mt5_bot - Balance=102029.96 Equity=102029.96 Spread=0.20 pips
2026-05-05 20:27:53 INFO mt5_bot - Session filter: UTC hour=1 outside [7,20) and [0,0)
2026-05-05 20:28:08 INFO mt5_bot - Balance=102029.96 Equity=102029.96 Spread=0.20 pips
2026-05-05 20:28:08 INFO mt5_bot - Session filter: UTC hour=1 outside [7,20) and [0,0)
2026-05-05 20:28:23 INFO mt5_bot - Balance=102029.96 Equity=102029.96 Spread=0.20 pips
2026-05-05 20:28:23 INFO mt5_bot - Session filter: UTC hour=1 outside [7,20) and [0,0)
2026-05-05 20:28:38 INFO mt5_bot - Balance=102029.96 Equity=102029.96 Spread=0.50 pips
2026-05-05 20:28:38 INFO mt5_bot - Session filter: UTC hour=1 outside [7,20) and [0,0)
2026-05-05 20:28:53 INFO mt5_bot - Balance=102029.96 Equity=102029.96 Spread=0.60 pips
2026-05-05 20:28:53 INFO mt5_bot - Session filter: UTC hour=1 outside [7,20) and [0,0)
2026-05-05 20:29:08 INFO mt5_bot - Balance=102029.96 Equity=102029.96 Spread=0.20 pips
2026-05-05 20:29:08 INFO mt5_bot - Session filter: UTC hour=1 outside [7,20) and [0,0)
2026-05-05 20:29:23 INFO mt5_bot - Balance=102029.96 Equity=102029.96 Spread=0.20 pips
2026-05-05 20:29:23 INFO mt5_bot - Session filter: UTC hour=1 outside [7,20) and [0,0)
2026-05-05 20:29:38 INFO mt5_bot - Balance=102029.96 Equity=102029.96 Spread=0.20 pips
2026-05-05 20:29:38 INFO mt5_bot - Session filter: UTC hour=1 outside [7,20) and [0,0)
2026-05-05 20:29:53 INFO mt5_bot - Balance=102029.96 Equity=102029.96 Spread=0.20 pips
2026-05-05 20:29:53 INFO mt5_bot - Session filter: UTC hour=1 outside [7,20) and [0,0)
2026-05-05 20:30:08 INFO mt5_bot - Balance=102029.96 Equity=102029.96 Spread=0.20 pips
2026-05-05 20:30:08 INFO mt5_bot - Session filter: UTC hour=1 outside [7,20) and [0,0)
2026-05-05 20:30:23 INFO mt5_bot - Balance=102029.96 Equity=102029.96 Spread=0.20 pips
2026-05-05 20:30:23 INFO mt5_bot - Session filter: UTC hour=1 outside [7,20) and [0,0)
2026-05-05 20:30:38 INFO mt5_bot - Balance=102029.96 Equity=102029.96 Spread=0.20 pips
2026-05-05 20:30:38 INFO mt5_bot - Session filter: UTC hour=1 outside [7,20) and [0,0)
2026-05-05 20:30:53 INFO mt5_bot - Balance=102029.96 Equity=102029.96 Spread=0.20 pips
2026-05-05 20:30:53 INFO mt5_bot - Session filter: UTC hour=1 outside [7,20) and [0,0)
2026-05-05 20:31:08 INFO mt5_bot - Balance=102029.96 Equity=102029.96 Spread=0.20 pips
2026-05-05 20:31:08 INFO mt5_bot - Session filter: UTC hour=1 outside [7,20) and [0,0)
2026-05-05 20:31:23 INFO mt5_bot - Balance=102029.96 Equity=102029.96 Spread=0.60 pips
2026-05-05 20:31:23 INFO mt5_bot - Session filter: UTC hour=1 outside [7,20) and [0,0)
2026-05-05 20:31:38 INFO mt5_bot - Balance=102029.96 Equity=102029.96 Spread=0.20 pips
2026-05-05 20:31:38 INFO mt5_bot - Session filter: UTC hour=1 outside [7,20) and [0,0)
2026-05-05 20:31:53 INFO mt5_bot - Balance=102029.96 Equity=102029.96 Spread=0.20 pips
2026-05-05 20:31:53 INFO mt5_bot - Session filter: UTC hour=1 outside [7,20) and [0,0)
2026-05-05 20:32:08 INFO mt5_bot - Balance=102029.96 Equity=102029.96 Spread=0.20 pips
2026-05-05 20:32:08 INFO mt5_bot - Session filter: UTC hour=1 outside [7,20) and [0,0)
2026-05-05 20:32:24 INFO mt5_bot - Balance=102029.96 Equity=102029.96 Spread=0.20 pips
2026-05-05 20:32:24 INFO mt5_bot - Session filter: UTC hour=1 outside [7,20) and [0,0)
2026-05-05 20:32:39 INFO mt5_bot - Balance=102029.96 Equity=102029.96 Spread=0.20 pips
2026-05-05 20:32:39 INFO mt5_bot - Session filter: UTC hour=1 outside [7,20) and [0,0)
2026-05-05 20:32:54 INFO mt5_bot - Balance=102029.96 Equity=102029.96 Spread=0.20 pips
2026-05-05 20:32:54 INFO mt5_bot - Session filter: UTC hour=1 outside [7,20) and [0,0)
2026-05-05 20:33:09 INFO mt5_bot - Balance=102029.96 Equity=102029.96 Spread=0.50 pips
2026-05-05 20:33:09 INFO mt5_bot - Session filter: UTC hour=1 outside [7,20) and [0,0)
2026-05-05 20:33:24 INFO mt5_bot - Balance=102029.96 Equity=102029.96 Spread=0.20 pips
2026-05-05 20:33:24 INFO mt5_bot - Session filter: UTC hour=1 outside [7,20) and [0,0)
2026-05-05 20:33:39 INFO mt5_bot - Balance=102029.96 Equity=102029.96 Spread=0.20 pips
2026-05-05 20:33:39 INFO mt5_bot - Session filter: UTC hour=1 outside [7,20) and [0,0)
2026-05-05 20:33:54 INFO mt5_bot - Balance=102029.96 Equity=102029.96 Spread=0.20 pips
2026-05-05 20:33:54 INFO mt5_bot - Session filter: UTC hour=1 outside [7,20) and [0,0)
2026-05-05 20:34:09 INFO mt5_bot - Balance=102029.96 Equity=102029.96 Spread=0.20 pips
2026-05-05 20:34:09 INFO mt5_bot - Session filter: UTC hour=1 outside [7,20) and [0,0)
2026-05-05 20:34:24 INFO mt5_bot - Balance=102029.96 Equity=102029.96 Spread=0.20 pips
2026-05-05 20:34:24 INFO mt5_bot - Session filter: UTC hour=1 outside [7,20) and [0,0)
2026-05-05 20:34:39 INFO mt5_bot - Balance=102029.96 Equity=102029.96 Spread=0.20 pips
2026-05-05 20:34:39 INFO mt5_bot - Session filter: UTC hour=1 outside [7,20) and [0,0)
2026-05-05 20:34:54 INFO mt5_bot - Balance=102029.96 Equity=102029.96 Spread=0.20 pips
2026-05-05 20:34:54 INFO mt5_bot - Session filter: UTC hour=1 outside [7,20) and [0,0)
2026-05-05 20:35:09 INFO mt5_bot - Balance=102029.96 Equity=102029.96 Spread=0.20 pips
2026-05-05 20:35:09 INFO mt5_bot - Session filter: UTC hour=1 outside [7,20) and [0,0)
2026-05-05 20:35:24 INFO mt5_bot - Balance=102029.96 Equity=102029.96 Spread=0.20 pips
2026-05-05 20:35:24 INFO mt5_bot - Session filter: UTC hour=1 outside [7,20) and [0,0)
2026-05-05 20:35:39 INFO mt5_bot - Balance=102029.96 Equity=102029.96 Spread=0.20 pips
2026-05-05 20:35:39 INFO mt5_bot - Session filter: UTC hour=1 outside [7,20) and [0,0)
2026-05-05 20:35:54 INFO mt5_bot - Balance=102029.96 Equity=102029.96 Spread=0.20 pips
2026-05-05 20:35:54 INFO mt5_bot - Session filter: UTC hour=1 outside [7,20) and [0,0)
2026-05-05 20:36:09 INFO mt5_bot - Balance=102029.96 Equity=102029.96 Spread=0.20 pips
2026-05-05 20:36:09 INFO mt5_bot - Session filter: UTC hour=1 outside [7,20) and [0,0)
2026-05-05 20:36:24 INFO mt5_bot - Balance=102029.96 Equity=102029.96 Spread=0.20 pips
2026-05-05 20:36:24 INFO mt5_bot - Session filter: UTC hour=1 outside [7,20) and [0,0)
2026-05-05 20:36:39 INFO mt5_bot - Balance=102029.96 Equity=102029.96 Spread=0.20 pips
2026-05-05 20:36:39 INFO mt5_bot - Session filter: UTC hour=1 outside [7,20) and [0,0)
2026-05-05 20:36:54 INFO mt5_bot - Balance=102029.96 Equity=102029.96 Spread=0.20 pips
2026-05-05 20:36:54 INFO mt5_bot - Session filter: UTC hour=1 outside [7,20) and [0,0)
2026-05-05 20:37:09 INFO mt5_bot - Balance=102029.96 Equity=102029.96 Spread=0.20 pips
2026-05-05 20:37:09 INFO mt5_bot - Session filter: UTC hour=1 outside [7,20) and [0,0)
2026-05-05 20:37:24 INFO mt5_bot - Balance=102029.96 Equity=102029.96 Spread=0.20 pips
2026-05-05 20:37:24 INFO mt5_bot - Session filter: UTC hour=1 outside [7,20) and [0,0)
2026-05-05 20:37:39 INFO mt5_bot - Balance=102029.96 Equity=102029.96 Spread=0.20 pips
2026-05-05 20:37:39 INFO mt5_bot - Session filter: UTC hour=1 outside [7,20) and [0,0)
2026-05-05 20:37:54 INFO mt5_bot - Balance=102029.96 Equity=102029.96 Spread=0.60 pips
2026-05-05 20:37:54 INFO mt5_bot - Session filter: UTC hour=1 outside [7,20) and [0,0)
2026-05-05 20:38:09 INFO mt5_bot - Balance=102029.96 Equity=102029.96 Spread=0.20 pips
2026-05-05 20:38:09 INFO mt5_bot - Session filter: UTC hour=1 outside [7,20) and [0,0)
2026-05-05 20:38:24 INFO mt5_bot - Balance=102029.96 Equity=102029.96 Spread=0.20 pips
2026-05-05 20:38:24 INFO mt5_bot - Session filter: UTC hour=1 outside [7,20) and [0,0)
2026-05-05 20:38:39 INFO mt5_bot - Balance=102029.96 Equity=102029.96 Spread=0.20 pips
2026-05-05 20:38:39 INFO mt5_bot - Session filter: UTC hour=1 outside [7,20) and [0,0)
2026-05-05 20:38:54 INFO mt5_bot - Balance=102029.96 Equity=102029.96 Spread=0.20 pips
2026-05-05 20:38:54 INFO mt5_bot - Session filter: UTC hour=1 outside [7,20) and [0,0)
2026-05-05 20:39:09 INFO mt5_bot - Balance=102029.96 Equity=102029.96 Spread=0.20 pips
2026-05-05 20:39:09 INFO mt5_bot - Session filter: UTC hour=1 outside [7,20) and [0,0)
2026-05-05 20:39:24 INFO mt5_bot - Balance=102029.96 Equity=102029.96 Spread=0.20 pips
2026-05-05 20:39:24 INFO mt5_bot - Session filter: UTC hour=1 outside [7,20) and [0,0)
2026-05-05 20:39:39 INFO mt5_bot - Balance=102029.96 Equity=102029.96 Spread=0.20 pips
2026-05-05 20:39:39 INFO mt5_bot - Session filter: UTC hour=1 outside [7,20) and [0,0)
2026-05-05 20:39:54 INFO mt5_bot - Balance=102029.96 Equity=102029.96 Spread=0.20 pips
2026-05-05 20:39:54 INFO mt5_bot - Session filter: UTC hour=1 outside [7,20) and [0,0)
2026-05-05 20:40:09 INFO mt5_bot - Balance=102029.96 Equity=102029.96 Spread=0.20 pips
2026-05-05 20:40:09 INFO mt5_bot - Session filter: UTC hour=1 outside [7,20) and [0,0)
2026-05-05 20:40:24 INFO mt5_bot - Balance=102029.96 Equity=102029.96 Spread=0.20 pips
2026-05-05 20:40:24 INFO mt5_bot - Session filter: UTC hour=1 outside [7,20) and [0,0)
pips
2026-05-05 20:39:40 INFO mt5_bot - Session filter: UTC hour=1 outside [7,20) and [0,0)
2026-05-05 20:39:55 INFO mt5_bot - Balance=102029.96 Equity=102029.96 Spread=0.70 pips
2026-05-05 20:39:55 INFO mt5_bot - Session filter: UTC hour=1 outside [7,20) and [0,0)
2026-05-05 20:40:10 INFO mt5_bot - Balance=102029.96 Equity=102029.96 Spread=0.20 pips
2026-05-05 20:40:10 INFO mt5_bot - Session filter: UTC hour=1 outside [7,20) and [0,0)
2026-05-05 20:40:25 INFO mt5_bot - Balance=102029.96 Equity=102029.96 Spread=0.20 pips
2026-05-05 20:40:25 INFO mt5_bot - Session filter: UTC hour=1 outside [7,20) and [0,0)
2026-05-05 20:40:40 INFO mt5_bot - Balance=102029.96 Equity=102029.96 Spread=0.50 pips
2026-05-05 20:40:40 INFO mt5_bot - Session filter: UTC hour=1 outside [7,20) and [0,0)
2026-05-05 20:40:55 INFO mt5_bot - Balance=102029.96 Equity=102029.96 Spread=0.20 pips
2026-05-05 20:40:55 INFO mt5_bot - Session filter: UTC hour=1 outside [7,20) and [0,0)
2026-05-05 20:41:10 INFO mt5_bot - Balance=102029.96 Equity=102029.96 Spread=0.20 pips
2026-05-05 20:41:10 INFO mt5_bot - Session filter: UTC hour=1 outside [7,20) and [0,0)
2026-05-05 20:41:25 INFO mt5_bot - Balance=102029.96 Equity=102029.96 Spread=1.00 pips
2026-05-05 20:41:25 INFO mt5_bot - Session filter: UTC hour=1 outside [7,20) and [0,0)
2026-05-05 20:41:40 INFO mt5_bot - Balance=102029.96 Equity=102029.96 Spread=0.80 pips
2026-05-05 20:41:40 INFO mt5_bot - Session filter: UTC hour=1 outside [7,20) and [0,0)
2026-05-05 20:41:55 INFO mt5_bot - Balance=102029.96 Equity=102029.96 Spread=0.20 pips
2026-05-05 20:41:55 INFO mt5_bot - Session filter: UTC hour=1 outside [7,20) and [0,0)
2026-05-05 20:42:10 INFO mt5_bot - Balance=102029.96 Equity=102029.96 Spread=0.20 pips
2026-05-05 20:42:10 INFO mt5_bot - Session filter: UTC hour=1 outside [7,20) and [0,0)
2026-05-05 20:42:25 INFO mt5_bot - Balance=102029.96 Equity=102029.96 Spread=0.20 pips
2026-05-05 20:42:25 INFO mt5_bot - Session filter: UTC hour=1 outside [7,20) and [0,0)
2026-05-05 20:42:40 INFO mt5_bot - Balance=102029.96 Equity=102029.96 Spread=0.20 pips
2026-05-05 20:42:40 INFO mt5_bot - Session filter: UTC hour=1 outside [7,20) and [0,0)
2026-05-05 20:42:55 INFO mt5_bot - Balance=102029.96 Equity=102029.96 Spread=0.20 pips
2026-05-05 20:42:55 INFO mt5_bot - Session filter: UTC hour=1 outside [7,20) and [0,0)
2026-05-05 20:43:10 INFO mt5_bot - Balance=102029.96 Equity=102029.96 Spread=0.20 pips
2026-05-05 20:43:10 INFO mt5_bot - Session filter: UTC hour=1 outside [7,20) and [0,0)
2026-05-05 20:43:25 INFO mt5_bot - Balance=102029.96 Equity=102029.96 Spread=0.20 pips
2026-05-05 20:43:25 INFO mt5_bot - Session filter: UTC hour=1 outside [7,20) and [0,0)
2026-05-05 20:43:40 INFO mt5_bot - Balance=102029.96 Equity=102029.96 Spread=0.20 pips
2026-05-05 20:43:40 INFO mt5_bot - Session filter: UTC hour=1 outside [7,20) and [0,0)
2026-05-05 20:43:55 INFO mt5_bot - Balance=102029.96 Equity=102029.96 Spread=0.20 pips
2026-05-05 20:43:55 INFO mt5_bot - Session filter: UTC hour=1 outside [7,20) and [0,0)
2026-05-05 20:44:10 INFO mt5_bot - Balance=102029.96 Equity=102029.96 Spread=0.20 pips
2026-05-05 20:44:10 INFO mt5_bot - Session filter: UTC hour=1 outside [7,20) and [0,0)
2026-05-05 20:44:25 INFO mt5_bot - Balance=102029.96 Equity=102029.96 Spread=0.20 pips
2026-05-05 20:44:25 INFO mt5_bot - Session filter: UTC hour=1 outside [7,20) and [0,0)
2026-05-05 20:44:40 INFO mt5_bot - Balance=102029.96 Equity=102029.96 Spread=0.20 pips
2026-05-05 20:44:40 INFO mt5_bot - Session filter: UTC hour=1 outside [7,20) and [0,0)
2026-05-05 20:44:55 INFO mt5_bot - Balance=102029.96 Equity=102029.96 Spread=0.50 pips
2026-05-05 20:44:55 INFO mt5_bot - Session filter: UTC hour=1 outside [7,20) and [0,0)
2026-05-05 20:45:10 INFO mt5_bot - Balance=102029.96 Equity=102029.96 Spread=0.50 pips
2026-05-05 20:45:10 INFO mt5_bot - Session filter: UTC hour=1 outside [7,20) and [0,0)
2026-05-05 20:45:25 INFO mt5_bot - Balance=102029.96 Equity=102029.96 Spread=0.20 pips
2026-05-05 20:45:25 INFO mt5_bot - Session filter: UTC hour=1 outside [7,20) and [0,0)
2026-05-05 20:45:40 INFO mt5_bot - Balance=102029.96 Equity=102029.96 Spread=0.90 pips
2026-05-05 20:45:40 INFO mt5_bot - Session filter: UTC hour=1 outside [7,20) and [0,0)
2026-05-05 20:45:55 INFO mt5_bot - Balance=102029.96 Equity=102029.96 Spread=0.20 pips
2026-05-05 20:45:55 INFO mt5_bot - Session filter: UTC hour=1 outside [7,20) and [0,0)
2026-05-05 20:46:10 INFO mt5_bot - Balance=102029.96 Equity=102029.96 Spread=0.20 pips
2026-05-05 20:46:10 INFO mt5_bot - Session filter: UTC hour=1 outside [7,20) and [0,0)
2026-05-05 20:46:25 INFO mt5_bot - Balance=102029.96 Equity=102029.96 Spread=0.20 pips
2026-05-05 20:46:25 INFO mt5_bot - Session filter: UTC hour=1 outside [7,20) and [0,0)
2026-05-05 20:46:40 INFO mt5_bot - Balance=102029.96 Equity=102029.96 Spread=0.20 pips
2026-05-05 20:46:40 INFO mt5_bot - Session filter: UTC hour=1 outside [7,20) and [0,0)
2026-05-05 20:46:55 INFO mt5_bot - Balance=102029.96 Equity=102029.96 Spread=0.20 pips
2026-05-05 20:46:55 INFO mt5_bot - Session filter: UTC hour=1 outside [7,20) and [0,0)
2026-05-05 20:47:10 INFO mt5_bot - Balance=102029.96 Equity=102029.96 Spread=0.20 pips
2026-05-05 20:47:10 INFO mt5_bot - Session filter: UTC hour=1 outside [7,20) and [0,0)
2026-05-05 20:47:25 INFO mt5_bot - Balance=102029.96 Equity=102029.96 Spread=0.90 pips
2026-05-05 20:47:25 INFO mt5_bot - Session filter: UTC hour=1 outside [7,20) and [0,0)
2026-05-05 20:47:40 INFO mt5_bot - Balance=102029.96 Equity=102029.96 Spread=0.20 pips
2026-05-05 20:47:40 INFO mt5_bot - Session filter: UTC hour=1 outside [7,20) and [0,0)
2026-05-05 20:47:55 INFO mt5_bot - Balance=102029.96 Equity=102029.96 Spread=0.20 pips
2026-05-05 20:47:55 INFO mt5_bot - Session filter: UTC hour=1 outside [7,20) and [0,0)
2026-05-05 20:48:10 INFO mt5_bot - Balance=102029.96 Equity=102029.96 Spread=0.20 pips
2026-05-05 20:48:10 INFO mt5_bot - Session filter: UTC hour=1 outside [7,20) and [0,0)
2026-05-05 20:48:25 INFO mt5_bot - Balance=102029.96 Equity=102029.96 Spread=0.20 pips
2026-05-05 20:48:25 INFO mt5_bot - Session filter: UTC hour=1 outside [7,20) and [0,0)
2026-05-05 20:48:40 INFO mt5_bot - Balance=102029.96 Equity=102029.96 Spread=0.20 pips
2026-05-05 20:48:40 INFO mt5_bot - Session filter: UTC hour=1 outside [7,20) and [0,0)
2026-05-05 20:48:55 INFO mt5_bot - Balance=102029.96 Equity=102029.96 Spread=0.20 pips
2026-05-05 20:48:55 INFO mt5_bot - Session filter: UTC hour=1 outside [7,20) and [0,0)
2026-05-05 20:49:10 INFO mt5_bot - Balance=102029.96 Equity=102029.96 Spread=0.20 pips
2026-05-05 20:49:10 INFO mt5_bot - Session filter: UTC hour=1 outside [7,20) and [0,0)
2026-05-05 20:49:25 INFO mt5_bot - Balance=102029.96 Equity=102029.96 Spread=0.20 pips
2026-05-05 20:49:25 INFO mt5_bot - Session filter: UTC hour=1 outside [7,20) and [0,0)
2026-05-05 20:49:40 INFO mt5_bot - Balance=102029.96 Equity=102029.96 Spread=0.20 pips
2026-05-05 20:49:40 INFO mt5_bot - Session filter: UTC hour=1 outside [7,20) and [0,0)
2026-05-05 20:49:55 INFO mt5_bot - Balance=102029.96 Equity=102029.96 Spread=0.20 pips
2026-05-05 20:49:55 INFO mt5_bot - Session filter: UTC hour=1 outside [7,20) and [0,0)
2026-05-05 20:50:10 INFO mt5_bot - Balance=102029.96 Equity=102029.96 Spread=0.20 pips
2026-05-05 20:50:10 INFO mt5_bot - Session filter: UTC hour=1 outside [7,20) and [0,0)
2026-05-05 20:50:25 INFO mt5_bot - Balance=102029.96 Equity=102029.96 Spread=0.20 pips
2026-05-05 20:50:25 INFO mt5_bot - Session filter: UTC hour=1 outside [7,20) and [0,0)
2026-05-05 20:50:40 INFO mt5_bot - Balance=102029.96 Equity=102029.96 Spread=0.20 pips
2026-05-05 20:50:40 INFO mt5_bot - Session filter: UTC hour=1 outside [7,20) and [0,0)
2026-05-05 20:50:55 INFO mt5_bot - Balance=102029.96 Equity=102029.96 Spread=0.20 pips
2026-05-05 20:50:55 INFO mt5_bot - Session filter: UTC hour=1 outside [7,20) and [0,0)
2026-05-05 20:51:10 INFO mt5_bot - Balance=102029.96 Equity=102029.96 Spread=0.20 pips
2026-05-05 20:51:10 INFO mt5_bot - Session filter: UTC hour=1 outside [7,20) and [0,0)
2026-05-05 20:51:25 INFO mt5_bot - Balance=102029.96 Equity=102029.96 Spread=1.00 pips
2026-05-05 20:51:25 INFO mt5_bot - Session filter: UTC hour=1 outside [7,20) and [0,0)
2026-05-05 20:51:40 INFO mt5_bot - Balance=102029.96 Equity=102029.96 Spread=0.20 pips
2026-05-05 20:51:40 INFO mt5_bot - Session filter: UTC hour=1 outside [7,20) and [0,0)
2026-05-05 20:51:55 INFO mt5_bot - Balance=102029.96 Equity=102029.96 Spread=0.20 pips
2026-05-05 20:51:55 INFO mt5_bot - Session filter: UTC hour=1 outside [7,20) and [0,0)
2026-05-05 20:52:10 INFO mt5_bot - Balance=102029.96 Equity=102029.96 Spread=0.20 pips
2026-05-05 20:52:10 INFO mt5_bot - Session filter: UTC hour=1 outside [7,20) and [0,0)
2026-05-05 20:52:25 INFO mt5_bot - Balance=102029.96 Equity=102029.96 Spread=0.20 pips
2026-05-05 20:52:25 INFO mt5_bot - Session filter: UTC hour=1 outside [7,20) and [0,0)
2026-05-05 20:52:40 INFO mt5_bot - Balance=102029.96 Equity=102029.96 Spread=0.20 pips
2026-05-05 20:52:40 INFO mt5_bot - Session filter: UTC hour=1 outside [7,20) and [0,0)
2026-05-05 20:52:55 INFO mt5_bot - Balance=102029.96 Equity=102029.96 Spread=0.20 pips
2026-05-05 20:52:55 INFO mt5_bot - Session filter: UTC hour=1 outside [7,20) and [0,0)
2026-05-05 20:53:10 INFO mt5_bot - Balance=102029.96 Equity=102029.96 Spread=0.20 pips
2026-05-05 20:53:10 INFO mt5_bot - Session filter: UTC hour=1 outside [7,20) and [0,0)
2026-05-05 20:53:25 INFO mt5_bot - Balance=102029.96 Equity=102029.96 Spread=0.20 pips
2026-05-05 20:53:25 INFO mt5_bot - Session filter: UTC hour=1 outside [7,20) and [0,0)
2026-05-05 20:53:40 INFO mt5_bot - Balance=102029.96 Equity=102029.96 Spread=0.20 pips
2026-05-05 20:53:40 INFO mt5_bot - Session filter: UTC hour=1 outside [7,20) and [0,0)
2026-05-05 20:53:55 INFO mt5_bot - Balance=102029.96 Equity=102029.96 Spread=0.50 pips
2026-05-05 20:53:55 INFO mt5_bot - Session filter: UTC hour=1 outside [7,20) and [0,0)
2026-05-05 20:54:10 INFO mt5_bot - Balance=102029.96 Equity=102029.96 Spread=0.20 pips
2026-05-05 20:54:10 INFO mt5_bot - Session filter: UTC hour=1 outside [7,20) and [0,0)
2026-05-05 20:54:25 INFO mt5_bot - Balance=102029.96 Equity=102029.96 Spread=0.20 pips
2026-05-05 20:54:25 INFO mt5_bot - Session filter: UTC hour=1 outside [7,20) and [0,0)
2026-05-05 20:54:40 INFO mt5_bot - Balance=102029.96 Equity=102029.96 Spread=0.20 pips
2026-05-05 20:54:40 INFO mt5_bot - Session filter: UTC hour=1 outside [7,20) and [0,0)
2026-05-05 20:54:55 INFO mt5_bot - Balance=102029.96 Equity=102029.96 Spread=0.60 pips
2026-05-05 20:54:55 INFO mt5_bot - Session filter: UTC hour=1 outside [7,20) and [0,0)
2026-05-05 20:55:10 INFO mt5_bot - Balance=102029.96 Equity=102029.96 Spread=0.60 pips
2026-05-05 20:55:10 INFO mt5_bot - Session filter: UTC hour=1 outside [7,20) and [0,0)
2026-05-05 20:55:25 INFO mt5_bot - Balance=102029.96 Equity=102029.96 Spread=0.50 pips
2026-05-05 20:55:25 INFO mt5_bot - Session filter: UTC hour=1 outside [7,20) and [0,0)
2026-05-05 20:55:40 INFO mt5_bot - Balance=102029.96 Equity=102029.96 Spread=0.20 pips
2026-05-05 20:55:40 INFO mt5_bot - Session filter: UTC hour=1 outside [7,20) and [0,0)
2026-05-05 20:55:55 INFO mt5_bot - Balance=102029.96 Equity=102029.96 Spread=0.20 pips
2026-05-05 20:55:55 INFO mt5_bot - Session filter: UTC hour=1 outside [7,20) and [0,0)
2026-05-05 20:56:10 INFO mt5_bot - Balance=102029.96 Equity=102029.96 Spread=0.20 pips
2026-05-05 20:56:10 INFO mt5_bot - Session filter: UTC hour=1 outside [7,20) and [0,0)
2026-05-05 20:56:25 INFO mt5_bot - Balance=102029.96 Equity=102029.96 Spread=0.20 pips
2026-05-05 20:56:25 INFO mt5_bot - Session filter: UTC hour=1 outside [7,20) and [0,0)
2026-05-05 20:56:40 INFO mt5_bot - Balance=102029.96 Equity=102029.96 Spread=0.20 pips
2026-05-05 20:56:40 INFO mt5_bot - Session filter: UTC hour=1 outside [7,20) and [0,0)
2026-05-05 20:56:55 INFO mt5_bot - Balance=102029.96 Equity=102029.96 Spread=0.20 pips
2026-05-05 20:56:55 INFO mt5_bot - Session filter: UTC hour=1 outside [7,20) and [0,0)
2026-05-05 20:57:10 INFO mt5_bot - Balance=102029.96 Equity=102029.96 Spread=0.20 pips
2026-05-05 20:57:10 INFO mt5_bot - Session filter: UTC hour=1 outside [7,20) and [0,0)
2026-05-05 20:57:25 INFO mt5_bot - Balance=102029.96 Equity=102029.96 Spread=0.20 pips
2026-05-05 20:57:25 INFO mt5_bot - Session filter: UTC hour=1 outside [7,20) and [0,0)
2026-05-05 20:57:40 INFO mt5_bot - Balance=102029.96 Equity=102029.96 Spread=0.20 pips
2026-05-05 20:57:40 INFO mt5_bot - Session filter: UTC hour=1 outside [7,20) and [0,0)
2026-05-05 20:57:55 INFO mt5_bot - Balance=102029.96 Equity=102029.96 Spread=0.20 pips
2026-05-05 20:57:55 INFO mt5_bot - Session filter: UTC hour=1 outside [7,20) and [0,0)
2026-05-05 20:58:10 INFO mt5_bot - Balance=102029.96 Equity=102029.96 Spread=0.20 pips
2026-05-05 20:58:10 INFO mt5_bot - Session filter: UTC hour=1 outside [7,20) and [0,0)
2026-05-05 20:58:25 INFO mt5_bot - Balance=102029.96 Equity=102029.96 Spread=0.20 pips
2026-05-05 20:58:25 INFO mt5_bot - Session filter: UTC hour=1 outside [7,20) and [0,0)
2026-05-05 20:58:40 INFO mt5_bot - Balance=102029.96 Equity=102029.96 Spread=0.20 pips
2026-05-05 20:58:40 INFO mt5_bot - Session filter: UTC hour=1 outside [7,20) and [0,0)
2026-05-05 20:58:55 INFO mt5_bot - Balance=102029.96 Equity=102029.96 Spread=1.00 pips
2026-05-05 20:58:55 INFO mt5_bot - Session filter: UTC hour=1 outside [7,20) and [0,0)
2026-05-05 20:59:10 INFO mt5_bot - Balance=102029.96 Equity=102029.96 Spread=0.20 pips
2026-05-05 20:59:10 INFO mt5_bot - Session filter: UTC hour=1 outside [7,20) and [0,0)
2026-05-05 20:59:25 INFO mt5_bot - Balance=102029.96 Equity=102029.96 Spread=0.20 pips
2026-05-05 20:59:25 INFO mt5_bot - Session filter: UTC hour=1 outside [7,20) and [0,0)
2026-05-05 20:59:40 INFO mt5_bot - Balance=102029.96 Equity=102029.96 Spread=0.20 pips
2026-05-05 20:59:40 INFO mt5_bot - Session filter: UTC hour=1 outside [7,20) and [0,0)
2026-05-05 20:59:55 INFO mt5_bot - Balance=102029.96 Equity=102029.96 Spread=0.20 pips
2026-05-05 20:59:55 INFO mt5_bot - Session filter: UTC hour=1 outside [7,20) and [0,0)
2026-05-05 21:00:10 INFO mt5_bot - Balance=102029.96 Equity=102029.96 Spread=0.20 pips
2026-05-05 21:00:10 INFO mt5_bot - Session filter: UTC hour=2 outside [7,20) and [0,0)
2026-05-05 21:00:25 INFO mt5_bot - Balance=102029.96 Equity=102029.96 Spread=0.20 pips
2026-05-05 21:00:25 INFO mt5_bot - Session filter: UTC hour=2 outside [7,20) and [0,0)
2026-05-05 21:00:40 INFO mt5_bot - Balance=102029.96 Equity=102029.96 Spread=0.20 pips
2026-05-05 21:00:40 INFO mt5_bot - Session filter: UTC hour=2 outside [7,20) and [0,0)
2026-05-05 21:00:55 INFO mt5_bot - Balance=102029.96 Equity=102029.96 Spread=0.20 pips
2026-05-05 21:00:55 INFO mt5_bot - Session filter: UTC hour=2 outside [7,20) and [0,0)
2026-05-05 21:01:10 INFO mt5_bot - Balance=102029.96 Equity=102029.96 Spread=0.70 pips
2026-05-05 21:01:10 INFO mt5_bot - Session filter: UTC hour=2 outside [7,20) and [0,0)
2026-05-05 21:01:25 INFO mt5_bot - Balance=102029.96 Equity=102029.96 Spread=0.50 pips
2026-05-05 21:01:25 INFO mt5_bot - Session filter: UTC hour=2 outside [7,20) and [0,0)
2026-05-05 21:01:40 INFO mt5_bot - Balance=102029.96 Equity=102029.96 Spread=1.10 pips
2026-05-05 21:01:40 INFO mt5_bot - Session filter: UTC hour=2 outside [7,20) and [0,0)
2026-05-05 21:01:55 INFO mt5_bot - Balance=102029.96 Equity=102029.96 Spread=0.20 pips
2026-05-05 21:01:55 INFO mt5_bot - Session filter: UTC hour=2 outside [7,20) and [0,0)
2026-05-05 21:02:10 INFO mt5_bot - Balance=102029.96 Equity=102029.96 Spread=1.20 pips
2026-05-05 21:02:10 INFO mt5_bot - Session filter: UTC hour=2 outside [7,20) and [0,0)
2026-05-05 21:02:25 INFO mt5_bot - Balance=102029.96 Equity=102029.96 Spread=0.40 pips
2026-05-05 21:02:25 INFO mt5_bot - Session filter: UTC hour=2 outside [7,20) and [0,0)
2026-05-05 21:02:40 INFO mt5_bot - Balance=102029.96 Equity=102029.96 Spread=0.20 pips
2026-05-05 21:02:40 INFO mt5_bot - Session filter: UTC hour=2 outside [7,20) and [0,0)
2026-05-05 21:02:55 INFO mt5_bot - Balance=102029.96 Equity=102029.96 Spread=1.20 pips
2026-05-05 21:02:55 INFO mt5_bot - Session filter: UTC hour=2 outside [7,20) and [0,0)
2026-05-05 21:03:10 INFO mt5_bot - Balance=102029.96 Equity=102029.96 Spread=1.70 pips
2026-05-05 21:03:10 INFO mt5_bot - Session filter: UTC hour=2 outside [7,20) and [0,0)
2026-05-05 21:03:25 INFO mt5_bot - Balance=102029.96 Equity=102029.96 Spread=0.20 pips
2026-05-05 21:03:25 INFO mt5_bot - Session filter: UTC hour=2 outside [7,20) and [0,0)
2026-05-05 21:03:40 INFO mt5_bot - Balance=102029.96 Equity=102029.96 Spread=0.20 pips
2026-05-05 21:03:40 INFO mt5_bot - Session filter: UTC hour=2 outside [7,20) and [0,0)
2026-05-05 21:03:55 INFO mt5_bot - Balance=102029.96 Equity=102029.96 Spread=0.20 pips
2026-05-05 21:03:55 INFO mt5_bot - Session filter: UTC hour=2 outside [7,20) and [0,0)
2026-05-05 21:04:10 INFO mt5_bot - Balance=102029.96 Equity=102029.96 Spread=0.20 pips
2026-05-05 21:04:10 INFO mt5_bot - Session filter: UTC hour=2 outside [7,20) and [0,0)
2026-05-05 21:04:25 INFO mt5_bot - Balance=102029.96 Equity=102029.96 Spread=0.20 pips
2026-05-05 21:04:25 INFO mt5_bot - Session filter: UTC hour=2 outside [7,20) and [0,0)
2026-05-05 21:04:40 INFO mt5_bot - Balance=102029.96 Equity=102029.96 Spread=0.20 pips
2026-05-05 21:04:40 INFO mt5_bot - Session filter: UTC hour=2 outside [7,20) and [0,0)
2026-05-05 21:04:55 INFO mt5_bot - Balance=102029.96 Equity=102029.96 Spread=0.20 pips
2026-05-05 21:04:55 INFO mt5_bot - Session filter: UTC hour=2 outside [7,20) and [0,0)
2026-05-05 21:05:10 INFO mt5_bot - Balance=102029.96 Equity=102029.96 Spread=1.00 pips
2026-05-05 21:05:10 INFO mt5_bot - Session filter: UTC hour=2 outside [7,20) and [0,0)
2026-05-05 21:05:25 INFO mt5_bot - Balance=102029.96 Equity=102029.96 Spread=0.20 pips
2026-05-05 21:05:25 INFO mt5_bot - Session filter: UTC hour=2 outside [7,20) and [0,0)
2026-05-05 21:05:40 INFO mt5_bot - Balance=102029.96 Equity=102029.96 Spread=0.60 pips
2026-05-05 21:05:40 INFO mt5_bot - Session filter: UTC hour=2 outside [7,20) and [0,0)
2026-05-05 21:05:55 INFO mt5_bot - Balance=102029.96 Equity=102029.96 Spread=0.20 pips
2026-05-05 21:05:55 INFO mt5_bot - Session filter: UTC hour=2 outside [7,20) and [0,0)
2026-05-05 21:06:10 INFO mt5_bot - Balance=102029.96 Equity=102029.96 Spread=0.60 pips
2026-05-05 21:06:10 INFO mt5_bot - Session filter: UTC hour=2 outside [7,20) and [0,0)
2026-05-05 21:06:25 INFO mt5_bot - Balance=102029.96 Equity=102029.96 Spread=0.20 pips
2026-05-05 21:06:25 INFO mt5_bot - Session filter: UTC hour=2 outside [7,20) and [0,0)
2026-05-05 21:06:40 INFO mt5_bot - Balance=102029.96 Equity=102029.96 Spread=1.40 pips
2026-05-05 21:06:40 INFO mt5_bot - Session filter: UTC hour=2 outside [7,20) and [0,0)
2026-05-05 21:06:55 INFO mt5_bot - Balance=102029.96 Equity=102029.96 Spread=1.30 pips
2026-05-05 21:06:55 INFO mt5_bot - Session filter: UTC hour=2 outside [7,20) and [0,0)
2026-05-05 21:07:10 INFO mt5_bot - Balance=102029.96 Equity=102029.96 Spread=0.50 pips
2026-05-05 21:07:10 INFO mt5_bot - Session filter: UTC hour=2 outside [7,20) and [0,0)
2026-05-05 21:07:25 INFO mt5_bot - Balance=102029.96 Equity=102029.96 Spread=0.60 pips
2026-05-05 21:07:25 INFO mt5_bot - Session filter: UTC hour=2 outside [7,20) and [0,0)
2026-05-05 21:07:40 INFO mt5_bot - Balance=102029.96 Equity=102029.96 Spread=0.20 pips
2026-05-05 21:07:40 INFO mt5_bot - Session filter: UTC hour=2 outside [7,20) and [0,0)
2026-05-05 21:07:55 INFO mt5_bot - Balance=102029.96 Equity=102029.96 Spread=0.20 pips
2026-05-05 21:07:55 INFO mt5_bot - Session filter: UTC hour=2 outside [7,20) and [0,0)
2026-05-05 21:08:10 INFO mt5_bot - Balance=102029.96 Equity=102029.96 Spread=0.20 pips
2026-05-05 21:08:10 INFO mt5_bot - Session filter: UTC hour=2 outside [7,20) and [0,0)
2026-05-05 21:08:25 INFO mt5_bot - Balance=102029.96 Equity=102029.96 Spread=0.20 pips
2026-05-05 21:08:25 INFO mt5_bot - Session filter: UTC hour=2 outside [7,20) and [0,0)
2026-05-05 21:08:40 INFO mt5_bot - Balance=102029.96 Equity=102029.96 Spread=0.20 pips
2026-05-05 21:08:40 INFO mt5_bot - Session filter: UTC hour=2 outside [7,20) and [0,0)
2026-05-05 21:08:43 INFO mt5_bot - Stopped by user
2026-05-05 21:10:59 INFO mt5_bot - MT5 permissions: account_server=MetaQuotes-Demo account_trade_allowed=True account_trade_expert=True terminal_trade_allowed=True terminal_build=5836
2026-05-05 21:10:59 INFO mt5_bot - Starting PRO loop: symbol=EURUSD tf=M15 trend_tf=H1 trade_enabled=True trend_filter=True adx_filter=True rsi_momentum=False partial_close=True trailing_stop=True atr_sl_tp=True news_filter=True retest=False equity_curve=True
2026-05-05 21:10:59 INFO mt5_bot - Balance=102029.96 Equity=102029.96 Spread=0.20 pips
2026-05-05 21:10:59 INFO mt5_bot - Session filter: UTC hour=2 outside [7,20) and [0,0)
2026-05-05 21:11:14 INFO mt5_bot - Balance=102029.96 Equity=102029.96 Spread=0.20 pips
2026-05-05 21:11:14 INFO mt5_bot - Session filter: UTC hour=2 outside [7,20) and [0,0)
2026-05-05 21:11:29 INFO mt5_bot - Balance=102029.96 Equity=102029.96 Spread=0.20 pips
2026-05-05 21:11:29 INFO mt5_bot - Session filter: UTC hour=2 outside [7,20) and [0,0)
2026-05-05 21:11:44 INFO mt5_bot - Balance=102029.96 Equity=102029.96 Spread=0.50 pips
2026-05-05 21:11:44 INFO mt5_bot - Session filter: UTC hour=2 outside [7,20) and [0,0)
2026-05-05 21:11:59 INFO mt5_bot - Balance=102029.96 Equity=102029.96 Spread=0.20 pips
2026-05-05 21:11:59 INFO mt5_bot - Session filter: UTC hour=2 outside [7,20) and [0,0)
2026-05-05 21:12:14 INFO mt5_bot - Balance=102029.96 Equity=102029.96 Spread=0.20 pips
2026-05-05 21:12:14 INFO mt5_bot - Session filter: UTC hour=2 outside [7,20) and [0,0)
2026-05-05 21:12:29 INFO mt5_bot - Balance=102029.96 Equity=102029.96 Spread=0.20 pips
2026-05-05 21:12:29 INFO mt5_bot - Session filter: UTC hour=2 outside [7,20) and [0,0)
2026-05-05 21:12:44 INFO mt5_bot - Balance=102029.96 Equity=102029.96 Spread=1.60 pips
2026-05-05 21:12:44 INFO mt5_bot - Session filter: UTC hour=2 outside [7,20) and [0,0)
2026-05-05 21:12:59 INFO mt5_bot - Balance=102029.96 Equity=102029.96 Spread=0.20 pips
2026-05-05 21:12:59 INFO mt5_bot - Session filter: UTC hour=2 outside [7,20) and [0,0)
2026-05-05 21:13:14 INFO mt5_bot - Balance=102029.96 Equity=102029.96 Spread=0.20 pips
2026-05-05 21:13:14 INFO mt5_bot - Session filter: UTC hour=2 outside [7,20) and [0,0)
2026-05-05 21:13:29 INFO mt5_bot - Balance=102029.96 Equity=102029.96 Spread=0.20 pips
2026-05-05 21:13:29 INFO mt5_bot - Session filter: UTC hour=2 outside [7,20) and [0,0)
2026-05-05 21:13:44 INFO mt5_bot - Balance=102029.96 Equity=102029.96 Spread=0.20 pips
2026-05-05 21:13:44 INFO mt5_bot - Session filter: UTC hour=2 outside [7,20) and [0,0)
2026-05-05 21:13:59 INFO mt5_bot - Balance=102029.96 Equity=102029.96 Spread=0.20 pips
2026-05-05 21:13:59 INFO mt5_bot - Session filter: UTC hour=2 outside [7,20) and [0,0)
2026-05-05 21:14:14 INFO mt5_bot - Balance=102029.96 Equity=102029.96 Spread=0.70 pips
2026-05-05 21:14:14 INFO mt5_bot - Session filter: UTC hour=2 outside [7,20) and [0,0)
2026-05-05 21:14:29 INFO mt5_bot - Balance=102029.96 Equity=102029.96 Spread=0.50 pips
2026-05-05 21:14:29 INFO mt5_bot - Session filter: UTC hour=2 outside [7,20) and [0,0)
2026-05-05 21:14:44 INFO mt5_bot - Balance=102029.96 Equity=102029.96 Spread=0.20 pips
2026-05-05 21:14:44 INFO mt5_bot - Session filter: UTC hour=2 outside [7,20) and [0,0)
2026-05-05 21:14:59 INFO mt5_bot - Balance=102029.96 Equity=102029.96 Spread=0.60 pips
2026-05-05 21:14:59 INFO mt5_bot - Session filter: UTC hour=2 outside [7,20) and [0,0)
2026-05-05 21:15:14 INFO mt5_bot - Balance=102029.96 Equity=102029.96 Spread=0.20 pips
2026-05-05 21:15:14 INFO mt5_bot - Session filter: UTC hour=2 outside [7,20) and [0,0)
2026-05-05 21:15:29 INFO mt5_bot - Balance=102029.96 Equity=102029.96 Spread=0.20 pips
2026-05-05 21:15:29 INFO mt5_bot - Session filter: UTC hour=2 outside [7,20) and [0,0)
2026-05-05 21:15:44 INFO mt5_bot - Balance=102029.96 Equity=102029.96 Spread=0.20 pips
2026-05-05 21:15:44 INFO mt5_bot - Session filter: UTC hour=2 outside [7,20) and [0,0)
2026-05-05 21:15:59 INFO mt5_bot - Balance=102029.96 Equity=102029.96 Spread=0.20 pips
2026-05-05 21:15:59 INFO mt5_bot - Session filter: UTC hour=2 outside [7,20) and [0,0)
2026-05-05 21:16:14 INFO mt5_bot - Balance=102029.96 Equity=102029.96 Spread=0.20 pips
2026-05-05 21:16:14 INFO mt5_bot - Session filter: UTC hour=2 outside [7,20) and [0,0)
2026-05-05 21:16:29 INFO mt5_bot - Balance=102029.96 Equity=102029.96 Spread=1.00 pips
2026-05-05 21:16:29 INFO mt5_bot - Session filter: UTC hour=2 outside [7,20) and [0,0)
2026-05-05 21:16:44 INFO mt5_bot - Balance=102029.96 Equity=102029.96 Spread=0.90 pips
2026-05-05 21:16:44 INFO mt5_bot - Session filter: UTC hour=2 outside [7,20) and [0,0)
2026-05-05 21:16:59 INFO mt5_bot - Balance=102029.96 Equity=102029.96 Spread=0.20 pips
2026-05-05 21:16:59 INFO mt5_bot - Session filter: UTC hour=2 outside [7,20) and [0,0)
2026-05-05 21:17:14 INFO mt5_bot - Balance=102029.96 Equity=102029.96 Spread=0.20 pips
2026-05-05 21:17:14 INFO mt5_bot - Session filter: UTC hour=2 outside [7,20) and [0,0)
2026-05-05 21:17:29 INFO mt5_bot - Balance=102029.96 Equity=102029.96 Spread=0.20 pips
2026-05-05 21:17:29 INFO mt5_bot - Session filter: UTC hour=2 outside [7,20) and [0,0)
2026-05-05 21:17:44 INFO mt5_bot - Balance=102029.96 Equity=102029.96 Spread=0.20 pips
2026-05-05 21:17:44 INFO mt5_bot - Session filter: UTC hour=2 outside [7,20) and [0,0)
2026-05-05 21:17:59 INFO mt5_bot - Balance=102029.96 Equity=102029.96 Spread=0.20 pips
2026-05-05 21:17:59 INFO mt5_bot - Session filter: UTC hour=2 outside [7,20) and [0,0)
2026-05-05 21:18:14 INFO mt5_bot - Balance=102029.96 Equity=102029.96 Spread=0.20 pips
2026-05-05 21:18:14 INFO mt5_bot - Session filter: UTC hour=2 outside [7,20) and [0,0)
2026-05-05 21:18:29 INFO mt5_bot - Balance=102029.96 Equity=102029.96 Spread=1.30 pips
2026-05-05 21:18:29 INFO mt5_bot - Session filter: UTC hour=2 outside [7,20) and [0,0)
2026-05-05 21:18:44 INFO mt5_bot - Balance=102029.96 Equity=102029.96 Spread=0.50 pips
2026-05-05 21:18:44 INFO mt5_bot - Session filter: UTC hour=2 outside [7,20) and [0,0)
2026-05-05 21:18:59 INFO mt5_bot - Balance=102029.96 Equity=102029.96 Spread=0.20 pips
2026-05-05 21:18:59 INFO mt5_bot - Session filter: UTC hour=2 outside [7,20) and [0,0)
2026-05-05 21:19:14 INFO mt5_bot - Balance=102029.96 Equity=102029.96 Spread=0.20 pips
2026-05-05 21:19:14 INFO mt5_bot - Session filter: UTC hour=2 outside [7,20) and [0,0)
2026-05-05 21:19:29 INFO mt5_bot - Balance=102029.96 Equity=102029.96 Spread=0.20 pips
2026-05-05 21:19:29 INFO mt5_bot - Session filter: UTC hour=2 outside [7,20) and [0,0)
2026-05-05 21:19:44 INFO mt5_bot - Balance=102029.96 Equity=102029.96 Spread=0.20 pips
2026-05-05 21:19:44 INFO mt5_bot - Session filter: UTC hour=2 outside [7,20) and [0,0)
2026-05-05 21:19:59 INFO mt5_bot - Balance=102029.96 Equity=102029.96 Spread=0.20 pips
2026-05-05 21:19:59 INFO mt5_bot - Session filter: UTC hour=2 outside [7,20) and [0,0)
2026-05-05 21:20:14 INFO mt5_bot - Balance=102029.96 Equity=102029.96 Spread=0.20 pips
2026-05-05 21:20:14 INFO mt5_bot - Session filter: UTC hour=2 outside [7,20) and [0,0)
2026-05-05 21:20:29 INFO mt5_bot - Balance=102029.96 Equity=102029.96 Spread=0.20 pips
2026-05-05 21:20:29 INFO mt5_bot - Session filter: UTC hour=2 outside [7,20) and [0,0)
2026-05-05 21:20:44 INFO mt5_bot - Balance=102029.96 Equity=102029.96 Spread=0.20 pips
2026-05-05 21:20:44 INFO mt5_bot - Session filter: UTC hour=2 outside [7,20) and [0,0)
2026-05-05 21:33:35 INFO mt5_bot - MT5 permissions: account_server=MetaQuotes-Demo account_trade_allowed=True account_trade_expert=True terminal_trade_allowed=True terminal_build=5836
2026-05-05 21:33:35 INFO mt5_bot - Starting PRO loop: symbol=EURUSD tf=M15 trend_tf=H1 trade_enabled=True trend_filter=True adx_filter=True rsi_momentum=False partial_close=True trailing_stop=True atr_sl_tp=True news_filter=True retest=False equity_curve=True
2026-05-05 21:33:36 INFO mt5_bot - Balance=102029.96 Equity=102029.96 Spread=0.20 pips
2026-05-05 21:33:36 INFO mt5_bot - Session filter: UTC hour=2 outside [7,20) and [0,0)
2026-05-05 21:33:51 INFO mt5_bot - Balance=102029.96 Equity=102029.96 Spread=0.20 pips
2026-05-05 21:33:51 INFO mt5_bot - Session filter: UTC hour=2 outside [7,20) and [0,0)
2026-05-05 21:34:01 INFO mt5_bot - MT5 permissions: account_server=MetaQuotes-Demo account_trade_allowed=True account_trade_expert=True terminal_trade_allowed=True terminal_build=5836
2026-05-05 21:34:01 INFO mt5_bot - Starting PRO loop: symbol=EURUSD tf=M15 trend_tf=H1 trade_enabled=True trend_filter=True adx_filter=True rsi_momentum=False partial_close=True trailing_stop=True atr_sl_tp=True news_filter=True retest=False equity_curve=True
2026-05-05 21:34:01 INFO mt5_bot - Balance=102029.96 Equity=102029.96 Spread=0.20 pips
2026-05-05 21:34:01 INFO mt5_bot - Session filter: UTC hour=2 outside [7,20) and [0,0)
2026-05-05 21:34:11 INFO mt5_bot - MT5 permissions: account_server=MetaQuotes-Demo account_trade_allowed=True account_trade_expert=True terminal_trade_allowed=True terminal_build=5836
2026-05-05 21:34:11 INFO mt5_bot - Starting PRO loop: symbol=EURUSD tf=M15 trend_tf=H1 trade_enabled=True trend_filter=True adx_filter=True rsi_momentum=False partial_close=True trailing_stop=True atr_sl_tp=True news_filter=True retest=False equity_curve=True
2026-05-05 21:34:11 INFO mt5_bot - Balance=102029.96 Equity=102029.96 Spread=0.20 pips
2026-05-05 21:34:11 INFO mt5_bot - Session filter: UTC hour=2 outside [7,20) and [0,0)
2026-05-05 21:34:26 INFO mt5_bot - Balance=102029.96 Equity=102029.96 Spread=0.20 pips
2026-05-05 21:34:26 INFO mt5_bot - Session filter: UTC hour=2 outside [7,20) and [0,0)
2026-05-05 21:34:43 INFO mt5_bot - MT5 permissions: account_server=MetaQuotes-Demo account_trade_allowed=True account_trade_expert=True terminal_trade_allowed=True terminal_build=5836
2026-05-05 21:34:43 INFO mt5_bot - Starting PRO loop: symbol=EURUSD tf=M15 trend_tf=H1 trade_enabled=True trend_filter=True adx_filter=True rsi_momentum=False partial_close=True trailing_stop=True atr_sl_tp=True news_filter=True retest=False equity_curve=True
2026-05-05 21:34:43 INFO mt5_bot - Balance=102029.96 Equity=102029.96 Spread=0.20 pips
2026-05-05 21:34:43 INFO mt5_bot - Session filter: UTC hour=2 outside [7,20) and [0,0)
2026-05-05 21:35:05 INFO mt5_bot - MT5 permissions: account_server=MetaQuotes-Demo account_trade_allowed=True account_trade_expert=True terminal_trade_allowed=True terminal_build=5836
2026-05-05 21:35:05 INFO mt5_bot - Starting PRO loop: symbol=EURUSD tf=M15 trend_tf=H1 trade_enabled=True trend_filter=True adx_filter=True rsi_momentum=False partial_close=True trailing_stop=True atr_sl_tp=True news_filter=True retest=False equity_curve=True
2026-05-05 21:35:05 INFO mt5_bot - Balance=102029.96 Equity=102029.96 Spread=0.20 pips
2026-05-05 21:35:05 INFO mt5_bot - Session filter: UTC hour=2 outside [7,20) and [0,0)
2026-05-05 23:06:33 INFO mt5_bot - MT5 permissions: account_server=MetaQuotes-Demo account_trade_allowed=True account_trade_expert=True terminal_trade_allowed=True terminal_build=5836
2026-05-05 23:06:33 INFO mt5_bot - Starting PRO loop: symbol=EURUSD tf=M15 trend_tf=H1 trade_enabled=True trend_filter=True adx_filter=True rsi_momentum=False partial_close=True trailing_stop=True atr_sl_tp=True news_filter=True retest=False equity_curve=True
2026-05-05 23:06:33 INFO mt5_bot - Balance=102029.96 Equity=102029.96 Spread=0.20 pips
2026-05-05 23:06:33 INFO mt5_bot - Session filter: UTC hour=4 outside [7,20) and [0,0)
2026-05-05 23:06:33 WARNING mt5_bot.notifier - Telegram HTTP 403: MT5_TELEGRAM_CHAT_ID points to a bot/chat the bot cannot message. Use Jean's numeric user chat_id, a group/channel id where the bot is a member, or disable MT5_TELEGRAM_* until fixed.
2026-05-05 23:06:48 INFO mt5_bot - Balance=102029.96 Equity=102029.96 Spread=1.30 pips
2026-05-05 23:06:48 INFO mt5_bot - Session filter: UTC hour=4 outside [7,20) and [0,0)
2026-05-05 23:07:03 INFO mt5_bot - Balance=102029.96 Equity=102029.96 Spread=0.90 pips
2026-05-05 23:07:03 INFO mt5_bot - Session filter: UTC hour=4 outside [7,20) and [0,0)
2026-05-05 23:07:18 INFO mt5_bot - Balance=102029.96 Equity=102029.96 Spread=0.90 pips
2026-05-05 23:07:18 INFO mt5_bot - Session filter: UTC hour=4 outside [7,20) and [0,0)
2026-05-05 23:07:33 INFO mt5_bot - Balance=102029.96 Equity=102029.96 Spread=0.90 pips
2026-05-05 23:07:33 INFO mt5_bot - Session filter: UTC hour=4 outside [7,20) and [0,0)
2026-05-05 23:07:48 INFO mt5_bot - Balance=102029.96 Equity=102029.96 Spread=0.20 pips
2026-05-05 23:07:48 INFO mt5_bot - Session filter: UTC hour=4 outside [7,20) and [0,0)
2026-05-05 23:08:03 INFO mt5_bot - Balance=102029.96 Equity=102029.96 Spread=0.80 pips
2026-05-05 23:08:03 INFO mt5_bot - Session filter: UTC hour=4 outside [7,20) and [0,0)
2026-05-05 23:08:18 INFO mt5_bot - Balance=102029.96 Equity=102029.96 Spread=0.20 pips
2026-05-05 23:08:18 INFO mt5_bot - Session filter: UTC hour=4 outside [7,20) and [0,0)
2026-05-05 23:08:33 INFO mt5_bot - Balance=102029.96 Equity=102029.96 Spread=0.20 pips
2026-05-05 23:08:33 INFO mt5_bot - Session filter: UTC hour=4 outside [7,20) and [0,0)
2026-05-05 23:08:48 INFO mt5_bot - Balance=102029.96 Equity=102029.96 Spread=0.20 pips
2026-05-05 23:08:48 INFO mt5_bot - Session filter: UTC hour=4 outside [7,20) and [0,0)
2026-05-05 23:09:03 INFO mt5_bot - Balance=102029.96 Equity=102029.96 Spread=0.20 pips
2026-05-05 23:09:03 INFO mt5_bot - Session filter: UTC hour=4 outside [7,20) and [0,0)
2026-05-05 23:09:18 INFO mt5_bot - Balance=102029.96 Equity=102029.96 Spread=0.20 pips
2026-05-05 23:09:18 INFO mt5_bot - Session filter: UTC hour=4 outside [7,20) and [0,0)
2026-05-05 23:09:33 INFO mt5_bot - Balance=102029.96 Equity=102029.96 Spread=0.20 pips
2026-05-05 23:09:33 INFO mt5_bot - Session filter: UTC hour=4 outside [7,20) and [0,0)
2026-05-05 23:09:48 INFO mt5_bot - Balance=102029.96 Equity=102029.96 Spread=0.20 pips
2026-05-05 23:09:48 INFO mt5_bot - Session filter: UTC hour=4 outside [7,20) and [0,0)
2026-05-05 23:10:03 INFO mt5_bot - Balance=102029.96 Equity=102029.96 Spread=0.20 pips
2026-05-05 23:10:03 INFO mt5_bot - Session filter: UTC hour=4 outside [7,20) and [0,0)
2026-05-05 23:10:18 INFO mt5_bot - Balance=102029.96 Equity=102029.96 Spread=0.80 pips
2026-05-05 23:10:18 INFO mt5_bot - Session filter: UTC hour=4 outside [7,20) and [0,0)
2026-05-05 23:10:33 INFO mt5_bot - Balance=102029.96 Equity=102029.96 Spread=0.20 pips
2026-05-05 23:10:33 INFO mt5_bot - Session filter: UTC hour=4 outside [7,20) and [0,0)
2026-05-05 23:10:48 INFO mt5_bot - Balance=102029.96 Equity=102029.96 Spread=0.90 pips
2026-05-05 23:10:48 INFO mt5_bot - Session filter: UTC hour=4 outside [7,20) and [0,0)
2026-05-05 23:11:03 INFO mt5_bot - Balance=102029.96 Equity=102029.96 Spread=0.20 pips
2026-05-05 23:11:03 INFO mt5_bot - Session filter: UTC hour=4 outside [7,20) and [0,0)
2026-05-05 23:11:18 INFO mt5_bot - Balance=102029.96 Equity=102029.96 Spread=0.20 pips
2026-05-05 23:11:18 INFO mt5_bot - Session filter: UTC hour=4 outside [7,20) and [0,0)
2026-05-05 23:11:33 INFO mt5_bot - Balance=102029.96 Equity=102029.96 Spread=0.60 pips
2026-05-05 23:11:33 INFO mt5_bot - Session filter: UTC hour=4 outside [7,20) and [0,0)
2026-05-05 23:11:48 INFO mt5_bot - Balance=102029.96 Equity=102029.96 Spread=0.20 pips
2026-05-05 23:11:48 INFO mt5_bot - Session filter: UTC hour=4 outside [7,20) and [0,0)
2026-05-05 23:12:03 INFO mt5_bot - Balance=102029.96 Equity=102029.96 Spread=0.20 pips
2026-05-05 23:12:03 INFO mt5_bot - Session filter: UTC hour=4 outside [7,20) and [0,0)
2026-05-05 23:12:18 INFO mt5_bot - Balance=102029.96 Equity=102029.96 Spread=0.20 pips
2026-05-05 23:12:18 INFO mt5_bot - Session filter: UTC hour=4 outside [7,20) and [0,0)
2026-05-05 23:12:33 INFO mt5_bot - Balance=102029.96 Equity=102029.96 Spread=0.50 pips
2026-05-05 23:12:33 INFO mt5_bot - Session filter: UTC hour=4 outside [7,20) and [0,0)
2026-05-05 23:12:48 INFO mt5_bot - Balance=102029.96 Equity=102029.96 Spread=0.20 pips
2026-05-05 23:12:48 INFO mt5_bot - Session filter: UTC hour=4 outside [7,20) and [0,0)
2026-05-05 23:13:03 INFO mt5_bot - Balance=102029.96 Equity=102029.96 Spread=0.20 pips
2026-05-05 23:13:03 INFO mt5_bot - Session filter: UTC hour=4 outside [7,20) and [0,0)
2026-05-05 23:13:18 INFO mt5_bot - Balance=102029.96 Equity=102029.96 Spread=0.20 pips
2026-05-05 23:13:18 INFO mt5_bot - Session filter: UTC hour=4 outside [7,20) and [0,0)
2026-05-05 23:13:33 INFO mt5_bot - Balance=102029.96 Equity=102029.96 Spread=0.20 pips
2026-05-05 23:13:33 INFO mt5_bot - Session filter: UTC hour=4 outside [7,20) and [0,0)
2026-05-05 23:13:48 INFO mt5_bot - Balance=102029.96 Equity=102029.96 Spread=0.20 pips
2026-05-05 23:13:48 INFO mt5_bot - Session filter: UTC hour=4 outside [7,20) and [0,0)
^C2026-05-05 23:18:58 INFO mt5_bot - MT5 permissions: account_server=MetaQuotes-Demo account_trade_allowed=True account_trade_expert=True terminal_trade_allowed=True terminal_build=5836
2026-05-05 23:18:58 INFO mt5_bot - Starting PRO loop: symbol=EURUSD tf=M15 trend_tf=H1 trade_enabled=True trend_filter=True adx_filter=True rsi_momentum=False partial_close=True trailing_stop=True atr_sl_tp=True news_filter=True retest=False equity_curve=True
2026-05-05 23:18:58 INFO mt5_bot - Balance=102029.96 Equity=102029.96 Spread=0.20 pips
2026-05-05 23:18:58 INFO mt5_bot - Session filter: UTC hour=4 outside [7,20) and [0,0)
2026-05-05 23:19:13 INFO mt5_bot - Balance=102029.96 Equity=102029.96 Spread=0.20 pips
2026-05-05 23:19:13 INFO mt5_bot - Session filter: UTC hour=4 outside [7,20) and [0,0)
2026-05-05 23:19:28 INFO mt5_bot - Balance=102029.96 Equity=102029.96 Spread=0.50 pips
2026-05-05 23:19:28 INFO mt5_bot - Session filter: UTC hour=4 outside [7,20) and [0,0)
2026-05-05 23:19:43 INFO mt5_bot - Balance=102029.96 Equity=102029.96 Spread=0.50 pips
2026-05-05 23:19:43 INFO mt5_bot - Session filter: UTC hour=4 outside [7,20) and [0,0)
2026-05-05 23:19:58 INFO mt5_bot - Balance=102029.96 Equity=102029.96 Spread=0.90 pips
2026-05-05 23:19:58 INFO mt5_bot - Session filter: UTC hour=4 outside [7,20) and [0,0)
2026-05-05 23:20:13 INFO mt5_bot - Balance=102029.96 Equity=102029.96 Spread=0.20 pips
2026-05-05 23:20:13 INFO mt5_bot - Session filter: UTC hour=4 outside [7,20) and [0,0)
2026-05-05 23:20:28 INFO mt5_bot - Balance=102029.96 Equity=102029.96 Spread=0.20 pips
2026-05-05 23:20:28 INFO mt5_bot - Session filter: UTC hour=4 outside [7,20) and [0,0)
2026-05-05 23:20:43 INFO mt5_bot - Balance=102029.96 Equity=102029.96 Spread=0.20 pips
2026-05-05 23:20:43 INFO mt5_bot - Session filter: UTC hour=4 outside [7,20) and [0,0)
2026-05-05 23:20:58 INFO mt5_bot - Balance=102029.96 Equity=102029.96 Spread=0.20 pips
2026-05-05 23:20:58 INFO mt5_bot - Session filter: UTC hour=4 outside [7,20) and [0,0)
2026-05-05 23:21:13 INFO mt5_bot - Balance=102029.96 Equity=102029.96 Spread=0.20 pips
2026-05-05 23:21:13 INFO mt5_bot - Session filter: UTC hour=4 outside [7,20) and [0,0)
2026-05-05 23:21:28 INFO mt5_bot - Balance=102029.96 Equity=102029.96 Spread=0.20 pips
2026-05-05 23:21:28 INFO mt5_bot - Session filter: UTC hour=4 outside [7,20) and [0,0)
2026-05-05 23:21:43 INFO mt5_bot - Balance=102029.96 Equity=102029.96 Spread=0.20 pips
2026-05-05 23:21:43 INFO mt5_bot - Session filter: UTC hour=4 outside [7,20) and [0,0)
2026-05-05 23:21:58 INFO mt5_bot - Balance=102029.96 Equity=102029.96 Spread=0.80 pips
2026-05-05 23:21:58 INFO mt5_bot - Session filter: UTC hour=4 outside [7,20) and [0,0)
2026-05-05 23:22:13 INFO mt5_bot - Balance=102029.96 Equity=102029.96 Spread=0.20 pips
2026-05-05 23:22:13 INFO mt5_bot - Session filter: UTC hour=4 outside [7,20) and [0,0)
2026-05-05 23:22:28 INFO mt5_bot - Balance=102029.96 Equity=102029.96 Spread=0.20 pips
2026-05-05 23:22:28 INFO mt5_bot - Session filter: UTC hour=4 outside [7,20) and [0,0)
2026-05-05 23:22:43 INFO mt5_bot - Balance=102029.96 Equity=102029.96 Spread=0.60 pips
2026-05-05 23:22:43 INFO mt5_bot - Session filter: UTC hour=4 outside [7,20) and [0,0)
2026-05-05 23:22:58 INFO mt5_bot - Balance=102029.96 Equity=102029.96 Spread=0.20 pips
2026-05-05 23:22:58 INFO mt5_bot - Session filter: UTC hour=4 outside [7,20) and [0,0)
2026-05-05 23:23:13 INFO mt5_bot - Balance=102029.96 Equity=102029.96 Spread=0.20 pips
2026-05-05 23:23:13 INFO mt5_bot - Session filter: UTC hour=4 outside [7,20) and [0,0)
2026-05-05 23:23:28 INFO mt5_bot - Balance=102029.96 Equity=102029.96 Spread=1.30 pips
2026-05-05 23:23:28 INFO mt5_bot - Session filter: UTC hour=4 outside [7,20) and [0,0)
2026-05-05 23:23:43 INFO mt5_bot - Balance=102029.96 Equity=102029.96 Spread=0.20 pips
2026-05-05 23:23:43 INFO mt5_bot - Session filter: UTC hour=4 outside [7,20) and [0,0)
2026-05-05 23:23:58 INFO mt5_bot - Balance=102029.96 Equity=102029.96 Spread=0.50 pips
2026-05-05 23:23:58 INFO mt5_bot - Session filter: UTC hour=4 outside [7,20) and [0,0)
2026-05-05 23:24:13 INFO mt5_bot - Balance=102029.96 Equity=102029.96 Spread=0.50 pips
2026-05-05 23:24:13 INFO mt5_bot - Session filter: UTC hour=4 outside [7,20) and [0,0)
2026-05-05 23:24:28 INFO mt5_bot - Balance=102029.96 Equity=102029.96 Spread=0.20 pips
2026-05-05 23:24:28 INFO mt5_bot - Session filter: UTC hour=4 outside [7,20) and [0,0)
2026-05-05 23:24:43 INFO mt5_bot - Balance=102029.96 Equity=102029.96 Spread=0.20 pips
2026-05-05 23:24:43 INFO mt5_bot - Session filter: UTC hour=4 outside [7,20) and [0,0)
2026-05-05 23:24:58 INFO mt5_bot - Balance=102029.96 Equity=102029.96 Spread=0.20 pips
2026-05-05 23:24:58 INFO mt5_bot - Session filter: UTC hour=4 outside [7,20) and [0,0)
2026-05-05 23:25:13 INFO mt5_bot - Balance=102029.96 Equity=102029.96 Spread=0.60 pips
2026-05-05 23:25:13 INFO mt5_bot - Session filter: UTC hour=4 outside [7,20) and [0,0)
2026-05-05 23:25:28 INFO mt5_bot - Balance=102029.96 Equity=102029.96 Spread=0.50 pips
2026-05-05 23:25:28 INFO mt5_bot - Session filter: UTC hour=4 outside [7,20) and [0,0)
2026-05-05 23:25:43 INFO mt5_bot - Balance=102029.96 Equity=102029.96 Spread=0.50 pips
2026-05-05 23:25:43 INFO mt5_bot - Session filter: UTC hour=4 outside [7,20) and [0,0)
2026-05-05 23:25:58 INFO mt5_bot - Balance=102029.96 Equity=102029.96 Spread=0.50 pips
2026-05-05 23:25:58 INFO mt5_bot - Session filter: UTC hour=4 outside [7,20) and [0,0)
2026-05-05 23:26:13 INFO mt5_bot - Balance=102029.96 Equity=102029.96 Spread=0.20 pips
2026-05-05 23:26:13 INFO mt5_bot - Session filter: UTC hour=4 outside [7,20) and [0,0)
2026-05-05 23:26:28 INFO mt5_bot - Balance=102029.96 Equity=102029.96 Spread=1.10 pips
2026-05-05 23:26:28 INFO mt5_bot - Session filter: UTC hour=4 outside [7,20) and [0,0)
2026-05-05 23:26:43 INFO mt5_bot - Balance=102029.96 Equity=102029.96 Spread=0.20 pips
2026-05-05 23:26:43 INFO mt5_bot - Session filter: UTC hour=4 outside [7,20) and [0,0)
2026-05-05 23:26:58 INFO mt5_bot - Balance=102029.96 Equity=102029.96 Spread=0.20 pips
2026-05-05 23:26:58 INFO mt5_bot - Session filter: UTC hour=4 outside [7,20) and [0,0)
2026-05-05 23:27:13 INFO mt5_bot - Balance=102029.96 Equity=102029.96 Spread=0.20 pips
2026-05-05 23:27:13 INFO mt5_bot - Session filter: UTC hour=4 outside [7,20) and [0,0)
2026-05-05 23:27:28 INFO mt5_bot - Balance=102029.96 Equity=102029.96 Spread=0.20 pips
2026-05-05 23:27:28 INFO mt5_bot - Session filter: UTC hour=4 outside [7,20) and [0,0)
2026-05-05 23:27:43 INFO mt5_bot - Balance=102029.96 Equity=102029.96 Spread=0.50 pips
2026-05-05 23:27:43 INFO mt5_bot - Session filter: UTC hour=4 outside [7,20) and [0,0)
2026-05-05 23:27:58 INFO mt5_bot - Balance=102029.96 Equity=102029.96 Spread=0.60 pips
2026-05-05 23:27:58 INFO mt5_bot - Session filter: UTC hour=4 outside [7,20) and [0,0)
2026-05-05 23:28:13 INFO mt5_bot - Balance=102029.96 Equity=102029.96 Spread=1.10 pips
2026-05-05 23:28:13 INFO mt5_bot - Session filter: UTC hour=4 outside [7,20) and [0,0)
2026-05-05 23:28:28 INFO mt5_bot - Balance=102029.96 Equity=102029.96 Spread=0.20 pips
2026-05-05 23:28:28 INFO mt5_bot - Session filter: UTC hour=4 outside [7,20) and [0,0)
2026-05-05 23:28:43 INFO mt5_bot - Balance=102029.96 Equity=102029.96 Spread=0.20 pips
2026-05-05 23:28:43 INFO mt5_bot - Session filter: UTC hour=4 outside [7,20) and [0,0)
2026-05-05 23:28:58 INFO mt5_bot - Balance=102029.96 Equity=102029.96 Spread=0.20 pips
2026-05-05 23:28:58 INFO mt5_bot - Session filter: UTC hour=4 outside [7,20) and [0,0)
2026-05-05 23:29:13 INFO mt5_bot - Balance=102029.96 Equity=102029.96 Spread=0.20 pips
2026-05-05 23:29:13 INFO mt5_bot - Session filter: UTC hour=4 outside [7,20) and [0,0)
2026-05-05 23:29:28 INFO mt5_bot - Balance=102029.96 Equity=102029.96 Spread=0.20 pips
2026-05-05 23:29:28 INFO mt5_bot - Session filter: UTC hour=4 outside [7,20) and [0,0)
2026-05-05 23:29:43 INFO mt5_bot - Balance=102029.96 Equity=102029.96 Spread=0.20 pips
2026-05-05 23:29:43 INFO mt5_bot - Session filter: UTC hour=4 outside [7,20) and [0,0)
2026-05-05 23:29:58 INFO mt5_bot - Balance=102029.96 Equity=102029.96 Spread=0.20 pips
2026-05-05 23:29:58 INFO mt5_bot - Session filter: UTC hour=4 outside [7,20) and [0,0)
2026-05-05 23:30:13 INFO mt5_bot - Balance=102029.96 Equity=102029.96 Spread=0.20 pips
2026-05-05 23:30:13 INFO mt5_bot - Session filter: UTC hour=4 outside [7,20) and [0,0)
2026-05-05 23:30:28 INFO mt5_bot - Balance=102029.96 Equity=102029.96 Spread=0.20 pips
2026-05-05 23:30:28 INFO mt5_bot - Session filter: UTC hour=4 outside [7,20) and [0,0)
2026-05-05 23:30:43 INFO mt5_bot - Balance=102029.96 Equity=102029.96 Spread=0.20 pips
2026-05-05 23:30:43 INFO mt5_bot - Session filter: UTC hour=4 outside [7,20) and [0,0)
2026-05-05 23:30:58 INFO mt5_bot - Balance=102029.96 Equity=102029.96 Spread=0.20 pips
2026-05-05 23:30:58 INFO mt5_bot - Session filter: UTC hour=4 outside [7,20) and [0,0)
2026-05-05 23:31:13 INFO mt5_bot - Balance=102029.96 Equity=102029.96 Spread=0.90 pips
2026-05-05 23:31:13 INFO mt5_bot - Session filter: UTC hour=4 outside [7,20) and [0,0)
2026-05-05 23:31:28 INFO mt5_bot - Balance=102029.96 Equity=102029.96 Spread=0.20 pips
2026-05-05 23:31:28 INFO mt5_bot - Session filter: UTC hour=4 outside [7,20) and [0,0)
2026-05-05 23:31:43 INFO mt5_bot - Balance=102029.96 Equity=102029.96 Spread=0.60 pips
2026-05-05 23:31:43 INFO mt5_bot - Session filter: UTC hour=4 outside [7,20) and [0,0)
2026-05-05 23:31:58 INFO mt5_bot - Balance=102029.96 Equity=102029.96 Spread=0.20 pips
2026-05-05 23:31:58 INFO mt5_bot - Session filter: UTC hour=4 outside [7,20) and [0,0)
2026-05-05 23:32:13 INFO mt5_bot - Balance=102029.96 Equity=102029.96 Spread=0.20 pips
2026-05-05 23:32:13 INFO mt5_bot - Session filter: UTC hour=4 outside [7,20) and [0,0)
2026-05-05 23:32:28 INFO mt5_bot - Balance=102029.96 Equity=102029.96 Spread=0.20 pips
2026-05-05 23:32:28 INFO mt5_bot - Session filter: UTC hour=4 outside [7,20) and [0,0)
2026-05-05 23:32:43 INFO mt5_bot - Balance=102029.96 Equity=102029.96 Spread=0.20 pips
2026-05-05 23:32:43 INFO mt5_bot - Session filter: UTC hour=4 outside [7,20) and [0,0)
2026-05-05 23:32:58 INFO mt5_bot - Balance=102029.96 Equity=102029.96 Spread=0.50 pips
2026-05-05 23:32:58 INFO mt5_bot - Session filter: UTC hour=4 outside [7,20) and [0,0)
2026-05-05 23:33:13 INFO mt5_bot - Balance=102029.96 Equity=102029.96 Spread=0.20 pips
2026-05-05 23:33:13 INFO mt5_bot - Session filter: UTC hour=4 outside [7,20) and [0,0)
2026-05-05 23:33:28 INFO mt5_bot - Balance=102029.96 Equity=102029.96 Spread=0.20 pips
2026-05-05 23:33:28 INFO mt5_bot - Session filter: UTC hour=4 outside [7,20) and [0,0)
2026-05-05 23:33:43 INFO mt5_bot - Balance=102029.96 Equity=102029.96 Spread=0.20 pips
2026-05-05 23:33:43 INFO mt5_bot - Session filter: UTC hour=4 outside [7,20) and [0,0)
2026-05-05 23:33:58 INFO mt5_bot - Balance=102029.96 Equity=102029.96 Spread=0.20 pips
2026-05-05 23:33:58 INFO mt5_bot - Session filter: UTC hour=4 outside [7,20) and [0,0)
2026-05-05 23:34:13 INFO mt5_bot - Balance=102029.96 Equity=102029.96 Spread=0.20 pips
2026-05-05 23:34:13 INFO mt5_bot - Session filter: UTC hour=4 outside [7,20) and [0,0)
2026-05-05 23:34:28 INFO mt5_bot - Balance=102029.96 Equity=102029.96 Spread=0.20 pips
2026-05-05 23:34:28 INFO mt5_bot - Session filter: UTC hour=4 outside [7,20) and [0,0)
2026-05-05 23:34:43 INFO mt5_bot - Balance=102029.96 Equity=102029.96 Spread=0.20 pips
2026-05-05 23:34:43 INFO mt5_bot - Session filter: UTC hour=4 outside [7,20) and [0,0)
2026-05-05 23:34:58 INFO mt5_bot - Balance=102029.96 Equity=102029.96 Spread=0.20 pips
2026-05-05 23:34:58 INFO mt5_bot - Session filter: UTC hour=4 outside [7,20) and [0,0)
2026-05-05 23:35:13 INFO mt5_bot - Balance=102029.96 Equity=102029.96 Spread=0.20 pips
2026-05-05 23:35:13 INFO mt5_bot - Session filter: UTC hour=4 outside [7,20) and [0,0)
2026-05-05 23:35:28 INFO mt5_bot - Balance=102029.96 Equity=102029.96 Spread=0.20 pips
2026-05-05 23:35:28 INFO mt5_bot - Session filter: UTC hour=4 outside [7,20) and [0,0)
2026-05-05 23:35:43 INFO mt5_bot - Balance=102029.96 Equity=102029.96 Spread=0.20 pips
2026-05-05 23:35:43 INFO mt5_bot - Session filter: UTC hour=4 outside [7,20) and [0,0)
2026-05-05 23:35:58 INFO mt5_bot - Balance=102029.96 Equity=102029.96 Spread=0.20 pips
2026-05-05 23:35:58 INFO mt5_bot - Session filter: UTC hour=4 outside [7,20) and [0,0)
2026-05-05 23:36:13 INFO mt5_bot - Balance=102029.96 Equity=102029.96 Spread=0.20 pips
2026-05-05 23:36:13 INFO mt5_bot - Session filter: UTC hour=4 outside [7,20) and [0,0)
2026-05-05 23:36:28 INFO mt5_bot - Balance=102029.96 Equity=102029.96 Spread=0.20 pips
2026-05-05 23:36:28 INFO mt5_bot - Session filter: UTC hour=4 outside [7,20) and [0,0)
2026-05-05 23:36:43 INFO mt5_bot - Balance=102029.96 Equity=102029.96 Spread=0.20 pips
2026-05-05 23:36:43 INFO mt5_bot - Session filter: UTC hour=4 outside [7,20) and [0,0)
2026-05-05 23:36:58 INFO mt5_bot - Balance=102029.96 Equity=102029.96 Spread=0.20 pips
2026-05-05 23:36:58 INFO mt5_bot - Session filter: UTC hour=4 outside [7,20) and [0,0)
2026-05-05 23:37:13 INFO mt5_bot - Balance=102029.96 Equity=102029.96 Spread=0.20 pips
2026-05-05 23:37:13 INFO mt5_bot - Session filter: UTC hour=4 outside [7,20) and [0,0)
2026-05-05 23:37:28 INFO mt5_bot - Balance=102029.96 Equity=102029.96 Spread=0.20 pips
2026-05-05 23:37:28 INFO mt5_bot - Session filter: UTC hour=4 outside [7,20) and [0,0)
2026-05-05 23:37:43 INFO mt5_bot - Balance=102029.96 Equity=102029.96 Spread=0.20 pips
2026-05-05 23:37:43 INFO mt5_bot - Session filter: UTC hour=4 outside [7,20) and [0,0)
2026-05-05 23:37:58 INFO mt5_bot - Balance=102029.96 Equity=102029.96 Spread=0.20 pips
2026-05-05 23:37:58 INFO mt5_bot - Session filter: UTC hour=4 outside [7,20) and [0,0)
2026-05-05 23:38:13 INFO mt5_bot - Balance=102029.96 Equity=102029.96 Spread=0.20 pips
2026-05-05 23:38:13 INFO mt5_bot - Session filter: UTC hour=4 outside [7,20) and [0,0)
2026-05-05 23:38:28 INFO mt5_bot - Balance=102029.96 Equity=102029.96 Spread=0.60 pips
2026-05-05 23:38:28 INFO mt5_bot - Session filter: UTC hour=4 outside [7,20) and [0,0)
2026-05-05 23:38:43 INFO mt5_bot - Balance=102029.96 Equity=102029.96 Spread=0.20 pips
2026-05-05 23:38:43 INFO mt5_bot - Session filter: UTC hour=4 outside [7,20) and [0,0)
2026-05-05 23:38:59 INFO mt5_bot - Balance=102029.96 Equity=102029.96 Spread=0.20 pips
2026-05-05 23:38:59 INFO mt5_bot - Session filter: UTC hour=4 outside [7,20) and [0,0)
2026-05-05 23:39:14 INFO mt5_bot - Balance=102029.96 Equity=102029.96 Spread=0.20 pips
2026-05-05 23:39:14 INFO mt5_bot - Session filter: UTC hour=4 outside [7,20) and [0,0)
2026-05-05 23:39:29 INFO mt5_bot - Balance=102029.96 Equity=102029.96 Spread=0.50 pips
2026-05-05 23:39:29 INFO mt5_bot - Session filter: UTC hour=4 outside [7,20) and [0,0)
2026-05-05 23:39:44 INFO mt5_bot - Balance=102029.96 Equity=102029.96 Spread=0.20 pips
2026-05-05 23:39:44 INFO mt5_bot - Session filter: UTC hour=4 outside [7,20) and [0,0)
2026-05-05 23:39:59 INFO mt5_bot - Balance=102029.96 Equity=102029.96 Spread=0.20 pips
2026-05-05 23:39:59 INFO mt5_bot - Session filter: UTC hour=4 outside [7,20) and [0,0)
2026-05-05 23:40:14 INFO mt5_bot - Balance=102029.96 Equity=102029.96 Spread=0.20 pips
2026-05-05 23:40:14 INFO mt5_bot - Session filter: UTC hour=4 outside [7,20) and [0,0)
2026-05-05 23:40:29 INFO mt5_bot - Balance=102029.96 Equity=102029.96 Spread=0.20 pips
2026-05-05 23:40:29 INFO mt5_bot - Session filter: UTC hour=4 outside [7,20) and [0,0)
2026-05-05 23:40:44 INFO mt5_bot - Balance=102029.96 Equity=102029.96 Spread=0.20 pips
2026-05-05 23:40:44 INFO mt5_bot - Session filter: UTC hour=4 outside [7,20) and [0,0)
2026-05-05 23:40:59 INFO mt5_bot - Balance=102029.96 Equity=102029.96 Spread=0.20 pips
2026-05-05 23:40:59 INFO mt5_bot - Session filter: UTC hour=4 outside [7,20) and [0,0)
2026-05-05 23:41:14 INFO mt5_bot - Balance=102029.96 Equity=102029.96 Spread=0.60 pips
2026-05-05 23:41:14 INFO mt5_bot - Session filter: UTC hour=4 outside [7,20) and [0,0)
2026-05-05 23:41:29 INFO mt5_bot - Balance=102029.96 Equity=102029.96 Spread=0.20 pips
2026-05-05 23:41:29 INFO mt5_bot - Session filter: UTC hour=4 outside [7,20) and [0,0)
2026-05-05 23:41:44 INFO mt5_bot - Balance=102029.96 Equity=102029.96 Spread=0.20 pips
2026-05-05 23:41:44 INFO mt5_bot - Session filter: UTC hour=4 outside [7,20) and [0,0)
2026-05-05 23:41:59 INFO mt5_bot - Balance=102029.96 Equity=102029.96 Spread=0.20 pips
2026-05-05 23:41:59 INFO mt5_bot - Session filter: UTC hour=4 outside [7,20) and [0,0)
2026-05-05 23:42:14 INFO mt5_bot - Balance=102029.96 Equity=102029.96 Spread=0.20 pips
2026-05-05 23:42:14 INFO mt5_bot - Session filter: UTC hour=4 outside [7,20) and [0,0)
2026-05-05 23:42:29 INFO mt5_bot - Balance=102029.96 Equity=102029.96 Spread=0.20 pips
2026-05-05 23:42:29 INFO mt5_bot - Session filter: UTC hour=4 outside [7,20) and [0,0)
2026-05-05 23:42:44 INFO mt5_bot - Balance=102029.96 Equity=102029.96 Spread=0.70 pips
2026-05-05 23:42:44 INFO mt5_bot - Session filter: UTC hour=4 outside [7,20) and [0,0)
2026-05-05 23:42:59 INFO mt5_bot - Balance=102029.96 Equity=102029.96 Spread=0.20 pips
2026-05-05 23:42:59 INFO mt5_bot - Session filter: UTC hour=4 outside [7,20) and [0,0)
2026-05-05 23:43:14 INFO mt5_bot - Balance=102029.96 Equity=102029.96 Spread=0.20 pips
2026-05-05 23:43:14 INFO mt5_bot - Session filter: UTC hour=4 outside [7,20) and [0,0)
2026-05-05 23:43:29 INFO mt5_bot - Balance=102029.96 Equity=102029.96 Spread=0.20 pips
2026-05-05 23:43:29 INFO mt5_bot - Session filter: UTC hour=4 outside [7,20) and [0,0)
2026-05-05 23:43:44 INFO mt5_bot - Balance=102029.96 Equity=102029.96 Spread=0.20 pips
2026-05-05 23:43:44 INFO mt5_bot - Session filter: UTC hour=4 outside [7,20) and [0,0)
2026-05-05 23:43:59 INFO mt5_bot - Balance=102029.96 Equity=102029.96 Spread=0.20 pips
2026-05-05 23:43:59 INFO mt5_bot - Session filter: UTC hour=4 outside [7,20) and [0,0)
2026-05-05 23:44:14 INFO mt5_bot - Balance=102029.96 Equity=102029.96 Spread=0.20 pips
2026-05-05 23:44:14 INFO mt5_bot - Session filter: UTC hour=4 outside [7,20) and [0,0)
2026-05-05 23:44:29 INFO mt5_bot - Balance=102029.96 Equity=102029.96 Spread=0.20 pips
2026-05-05 23:44:29 INFO mt5_bot - Session filter: UTC hour=4 outside [7,20) and [0,0)
2026-05-05 23:44:44 INFO mt5_bot - Balance=102029.96 Equity=102029.96 Spread=0.20 pips
2026-05-05 23:44:44 INFO mt5_bot - Session filter: UTC hour=4 outside [7,20) and [0,0)
2026-05-05 23:44:59 INFO mt5_bot - Balance=102029.96 Equity=102029.96 Spread=0.20 pips
2026-05-05 23:44:59 INFO mt5_bot - Session filter: UTC hour=4 outside [7,20) and [0,0)
2026-05-05 23:45:14 INFO mt5_bot - Balance=102029.96 Equity=102029.96 Spread=0.20 pips
2026-05-05 23:45:14 INFO mt5_bot - Session filter: UTC hour=4 outside [7,20) and [0,0)
2026-05-05 23:45:29 INFO mt5_bot - Balance=102029.96 Equity=102029.96 Spread=0.20 pips
2026-05-05 23:45:29 INFO mt5_bot - Session filter: UTC hour=4 outside [7,20) and [0,0)
2026-05-05 23:45:44 INFO mt5_bot - Balance=102029.96 Equity=102029.96 Spread=0.20 pips
2026-05-05 23:45:44 INFO mt5_bot - Session filter: UTC hour=4 outside [7,20) and [0,0)
2026-05-05 23:45:59 INFO mt5_bot - Balance=102029.96 Equity=102029.96 Spread=0.20 pips
2026-05-05 23:45:59 INFO mt5_bot - Session filter: UTC hour=4 outside [7,20) and [0,0)
2026-05-05 23:46:14 INFO mt5_bot - Balance=102029.96 Equity=102029.96 Spread=0.60 pips
2026-05-05 23:46:14 INFO mt5_bot - Session filter: UTC hour=4 outside [7,20) and [0,0)
2026-05-05 23:46:29 INFO mt5_bot - Balance=102029.96 Equity=102029.96 Spread=0.20 pips
2026-05-05 23:46:29 INFO mt5_bot - Session filter: UTC hour=4 outside [7,20) and [0,0)
2026-05-05 23:46:44 INFO mt5_bot - Balance=102029.96 Equity=102029.96 Spread=0.20 pips
2026-05-05 23:46:44 INFO mt5_bot - Session filter: UTC hour=4 outside [7,20) and [0,0)
2026-05-05 23:46:59 INFO mt5_bot - Balance=102029.96 Equity=102029.96 Spread=0.20 pips
2026-05-05 23:46:59 INFO mt5_bot - Session filter: UTC hour=4 outside [7,20) and [0,0)
2026-05-05 23:47:14 INFO mt5_bot - Balance=102029.96 Equity=102029.96 Spread=0.80 pips
2026-05-05 23:47:14 INFO mt5_bot - Session filter: UTC hour=4 outside [7,20) and [0,0)
2026-05-05 23:47:29 INFO mt5_bot - Balance=102029.96 Equity=102029.96 Spread=0.20 pips
2026-05-05 23:47:29 INFO mt5_bot - Session filter: UTC hour=4 outside [7,20) and [0,0)
2026-05-05 23:47:44 INFO mt5_bot - Balance=102029.96 Equity=102029.96 Spread=0.20 pips
2026-05-05 23:47:44 INFO mt5_bot - Session filter: UTC hour=4 outside [7,20) and [0,0)
2026-05-05 23:47:59 INFO mt5_bot - Balance=102029.96 Equity=102029.96 Spread=0.20 pips
2026-05-05 23:47:59 INFO mt5_bot - Session filter: UTC hour=4 outside [7,20) and [0,0)
2026-05-05 23:48:14 INFO mt5_bot - Balance=102029.96 Equity=102029.96 Spread=0.20 pips
2026-05-05 23:48:14 INFO mt5_bot - Session filter: UTC hour=4 outside [7,20) and [0,0)
2026-05-05 23:48:29 INFO mt5_bot - Balance=102029.96 Equity=102029.96 Spread=0.20 pips
2026-05-05 23:48:29 INFO mt5_bot - Session filter: UTC hour=4 outside [7,20) and [0,0)
2026-05-05 23:48:44 INFO mt5_bot - Balance=102029.96 Equity=102029.96 Spread=0.20 pips
2026-05-05 23:48:44 INFO mt5_bot - Session filter: UTC hour=4 outside [7,20) and [0,0)
2026-05-05 23:48:59 INFO mt5_bot - Balance=102029.96 Equity=102029.96 Spread=0.20 pips
2026-05-05 23:48:59 INFO mt5_bot - Session filter: UTC hour=4 outside [7,20) and [0,0)
2026-05-05 23:49:14 INFO mt5_bot - Balance=102029.96 Equity=102029.96 Spread=0.40 pips
2026-05-05 23:49:14 INFO mt5_bot - Session filter: UTC hour=4 outside [7,20) and [0,0)
2026-05-05 23:49:29 INFO mt5_bot - Balance=102029.96 Equity=102029.96 Spread=0.20 pips
2026-05-05 23:49:29 INFO mt5_bot - Session filter: UTC hour=4 outside [7,20) and [0,0)
2026-05-05 23:49:44 INFO mt5_bot - Balance=102029.96 Equity=102029.96 Spread=0.20 pips
2026-05-05 23:49:44 INFO mt5_bot - Session filter: UTC hour=4 outside [7,20) and [0,0)
2026-05-05 23:49:59 INFO mt5_bot - Balance=102029.96 Equity=102029.96 Spread=0.20 pips
2026-05-05 23:49:59 INFO mt5_bot - Session filter: UTC hour=4 outside [7,20) and [0,0)
2026-05-05 23:50:14 INFO mt5_bot - Balance=102029.96 Equity=102029.96 Spread=0.20 pips
2026-05-05 23:50:14 INFO mt5_bot - Session filter: UTC hour=4 outside [7,20) and [0,0)
2026-05-05 23:50:29 INFO mt5_bot - Balance=102029.96 Equity=102029.96 Spread=0.20 pips
2026-05-05 23:50:29 INFO mt5_bot - Session filter: UTC hour=4 outside [7,20) and [0,0)
2026-05-05 23:50:44 INFO mt5_bot - Balance=102029.96 Equity=102029.96 Spread=0.60 pips
2026-05-05 23:50:44 INFO mt5_bot - Session filter: UTC hour=4 outside [7,20) and [0,0)
2026-05-05 23:50:59 INFO mt5_bot - Balance=102029.96 Equity=102029.96 Spread=0.20 pips
2026-05-05 23:50:59 INFO mt5_bot - Session filter: UTC hour=4 outside [7,20) and [0,0)
2026-05-05 23:51:14 INFO mt5_bot - Balance=102029.96 Equity=102029.96 Spread=0.20 pips
2026-05-05 23:51:14 INFO mt5_bot - Session filter: UTC hour=4 outside [7,20) and [0,0)
2026-05-05 23:51:29 INFO mt5_bot - Balance=102029.96 Equity=102029.96 Spread=0.20 pips
2026-05-05 23:51:29 INFO mt5_bot - Session filter: UTC hour=4 outside [7,20) and [0,0)
2026-05-05 23:51:44 INFO mt5_bot - Balance=102029.96 Equity=102029.96 Spread=0.20 pips
2026-05-05 23:51:44 INFO mt5_bot - Session filter: UTC hour=4 outside [7,20) and [0,0)
2026-05-05 23:51:59 INFO mt5_bot - Balance=102029.96 Equity=102029.96 Spread=0.20 pips
2026-05-05 23:51:59 INFO mt5_bot - Session filter: UTC hour=4 outside [7,20) and [0,0)
2026-05-05 23:52:14 INFO mt5_bot - Balance=102029.96 Equity=102029.96 Spread=0.50 pips
2026-05-05 23:52:14 INFO mt5_bot - Session filter: UTC hour=4 outside [7,20) and [0,0)
2026-05-05 23:52:29 INFO mt5_bot - Balance=102029.96 Equity=102029.96 Spread=0.50 pips
2026-05-05 23:52:29 INFO mt5_bot - Session filter: UTC hour=4 outside [7,20) and [0,0)
2026-05-05 23:52:44 INFO mt5_bot - Balance=102029.96 Equity=102029.96 Spread=0.20 pips
2026-05-05 23:52:44 INFO mt5_bot - Session filter: UTC hour=4 outside [7,20) and [0,0)
2026-05-05 23:52:59 INFO mt5_bot - Balance=102029.96 Equity=102029.96 Spread=0.20 pips
2026-05-05 23:52:59 INFO mt5_bot - Session filter: UTC hour=4 outside [7,20) and [0,0)
2026-05-05 23:53:14 INFO mt5_bot - Balance=102029.96 Equity=102029.96 Spread=0.20 pips
2026-05-05 23:53:14 INFO mt5_bot - Session filter: UTC hour=4 outside [7,20) and [0,0)
2026-05-05 23:53:29 INFO mt5_bot - Balance=102029.96 Equity=102029.96 Spread=0.20 pips
2026-05-05 23:53:29 INFO mt5_bot - Session filter: UTC hour=4 outside [7,20) and [0,0)
2026-05-05 23:53:44 INFO mt5_bot - Balance=102029.96 Equity=102029.96 Spread=0.50 pips
2026-05-05 23:53:44 INFO mt5_bot - Session filter: UTC hour=4 outside [7,20) and [0,0)
2026-05-05 23:53:59 INFO mt5_bot - Balance=102029.96 Equity=102029.96 Spread=0.20 pips
2026-05-05 23:53:59 INFO mt5_bot - Session filter: UTC hour=4 outside [7,20) and [0,0)
2026-05-05 23:54:14 INFO mt5_bot - Balance=102029.96 Equity=102029.96 Spread=0.20 pips
2026-05-05 23:54:14 INFO mt5_bot - Session filter: UTC hour=4 outside [7,20) and [0,0)
2026-05-05 23:54:29 INFO mt5_bot - Balance=102029.96 Equity=102029.96 Spread=0.20 pips
2026-05-05 23:54:29 INFO mt5_bot - Session filter: UTC hour=4 outside [7,20) and [0,0)
2026-05-05 23:54:44 INFO mt5_bot - Balance=102029.96 Equity=102029.96 Spread=0.20 pips
2026-05-05 23:54:44 INFO mt5_bot - Session filter: UTC hour=4 outside [7,20) and [0,0)
2026-05-05 23:54:59 INFO mt5_bot - Balance=102029.96 Equity=102029.96 Spread=0.20 pips
2026-05-05 23:54:59 INFO mt5_bot - Session filter: UTC hour=4 outside [7,20) and [0,0)
2026-05-05 23:55:14 INFO mt5_bot - Balance=102029.96 Equity=102029.96 Spread=0.20 pips
2026-05-05 23:55:14 INFO mt5_bot - Session filter: UTC hour=4 outside [7,20) and [0,0)
2026-05-05 23:55:29 INFO mt5_bot - Balance=102029.96 Equity=102029.96 Spread=0.20 pips
2026-05-05 23:55:29 INFO mt5_bot - Session filter: UTC hour=4 outside [7,20) and [0,0)
2026-05-05 23:55:44 INFO mt5_bot - Balance=102029.96 Equity=102029.96 Spread=0.20 pips
2026-05-05 23:55:44 INFO mt5_bot - Session filter: UTC hour=4 outside [7,20) and [0,0)
2026-05-05 23:55:59 INFO mt5_bot - Balance=102029.96 Equity=102029.96 Spread=0.60 pips
2026-05-05 23:55:59 INFO mt5_bot - Session filter: UTC hour=4 outside [7,20) and [0,0)
2026-05-05 23:56:14 INFO mt5_bot - Balance=102029.96 Equity=102029.96 Spread=0.20 pips
2026-05-05 23:56:14 INFO mt5_bot - Session filter: UTC hour=4 outside [7,20) and [0,0)
2026-05-05 23:56:29 INFO mt5_bot - Balance=102029.96 Equity=102029.96 Spread=0.20 pips
2026-05-05 23:56:29 INFO mt5_bot - Session filter: UTC hour=4 outside [7,20) and [0,0)
2026-05-05 23:56:44 INFO mt5_bot - Balance=102029.96 Equity=102029.96 Spread=0.20 pips
2026-05-05 23:56:44 INFO mt5_bot - Session filter: UTC hour=4 outside [7,20) and [0,0)
2026-05-05 23:56:59 INFO mt5_bot - Balance=102029.96 Equity=102029.96 Spread=0.80 pips
2026-05-05 23:56:59 INFO mt5_bot - Session filter: UTC hour=4 outside [7,20) and [0,0)
2026-05-05 23:57:14 INFO mt5_bot - Balance=102029.96 Equity=102029.96 Spread=0.20 pips
2026-05-05 23:57:14 INFO mt5_bot - Session filter: UTC hour=4 outside [7,20) and [0,0)
2026-05-05 23:57:29 INFO mt5_bot - Balance=102029.96 Equity=102029.96 Spread=0.20 pips
2026-05-05 23:57:29 INFO mt5_bot - Session filter: UTC hour=4 outside [7,20) and [0,0)
2026-05-05 23:57:44 INFO mt5_bot - Balance=102029.96 Equity=102029.96 Spread=0.20 pips
2026-05-05 23:57:44 INFO mt5_bot - Session filter: UTC hour=4 outside [7,20) and [0,0)
2026-05-05 23:57:59 INFO mt5_bot - Balance=102029.96 Equity=102029.96 Spread=0.20 pips
2026-05-05 23:57:59 INFO mt5_bot - Session filter: UTC hour=4 outside [7,20) and [0,0)
2026-05-05 23:58:14 INFO mt5_bot - Balance=102029.96 Equity=102029.96 Spread=0.20 pips
2026-05-05 23:58:14 INFO mt5_bot - Session filter: UTC hour=4 outside [7,20) and [0,0)
2026-05-05 23:58:29 INFO mt5_bot - Balance=102029.96 Equity=102029.96 Spread=0.20 pips
2026-05-05 23:58:29 INFO mt5_bot - Session filter: UTC hour=4 outside [7,20) and [0,0)
2026-05-05 23:58:44 INFO mt5_bot - Balance=102029.96 Equity=102029.96 Spread=0.70 pips
2026-05-05 23:58:44 INFO mt5_bot - Session filter: UTC hour=4 outside [7,20) and [0,0)
2026-05-05 23:58:59 INFO mt5_bot - Balance=102029.96 Equity=102029.96 Spread=0.20 pips
2026-05-05 23:58:59 INFO mt5_bot - Session filter: UTC hour=4 outside [7,20) and [0,0)
2026-05-05 23:59:14 INFO mt5_bot - Balance=102029.96 Equity=102029.96 Spread=1.10 pips
2026-05-05 23:59:14 INFO mt5_bot - Session filter: UTC hour=4 outside [7,20) and [0,0)
2026-05-05 23:59:29 INFO mt5_bot - Balance=102029.96 Equity=102029.96 Spread=0.20 pips
2026-05-05 23:59:29 INFO mt5_bot - Session filter: UTC hour=4 outside [7,20) and [0,0)
2026-05-05 23:59:44 INFO mt5_bot - Balance=102029.96 Equity=102029.96 Spread=0.90 pips
2026-05-05 23:59:44 INFO mt5_bot - Session filter: UTC hour=4 outside [7,20) and [0,0)
2026-05-05 23:59:59 INFO mt5_bot - Balance=102029.96 Equity=102029.96 Spread=0.20 pips
2026-05-05 23:59:59 INFO mt5_bot - Session filter: UTC hour=4 outside [7,20) and [0,0)
2026-05-06 00:00:14 INFO mt5_bot - Balance=102029.96 Equity=102029.96 Spread=0.20 pips
2026-05-06 00:00:14 INFO mt5_bot - Session filter: UTC hour=5 outside [7,20) and [0,0)
2026-05-06 00:00:29 INFO mt5_bot - Balance=102029.96 Equity=102029.96 Spread=0.20 pips
2026-05-06 00:00:29 INFO mt5_bot - Session filter: UTC hour=5 outside [7,20) and [0,0)
2026-05-06 00:00:44 INFO mt5_bot - Balance=102029.96 Equity=102029.96 Spread=0.70 pips
2026-05-06 00:00:44 INFO mt5_bot - Session filter: UTC hour=5 outside [7,20) and [0,0)
2026-05-06 00:00:59 INFO mt5_bot - Balance=102029.96 Equity=102029.96 Spread=0.50 pips
2026-05-06 00:00:59 INFO mt5_bot - Session filter: UTC hour=5 outside [7,20) and [0,0)
2026-05-06 00:01:14 INFO mt5_bot - Balance=102029.96 Equity=102029.96 Spread=0.20 pips
2026-05-06 00:01:14 INFO mt5_bot - Session filter: UTC hour=5 outside [7,20) and [0,0)
2026-05-06 00:01:29 INFO mt5_bot - Balance=102029.96 Equity=102029.96 Spread=0.20 pips
2026-05-06 00:01:29 INFO mt5_bot - Session filter: UTC hour=5 outside [7,20) and [0,0)
2026-05-06 00:01:44 INFO mt5_bot - Balance=102029.96 Equity=102029.96 Spread=0.20 pips
2026-05-06 00:01:44 INFO mt5_bot - Session filter: UTC hour=5 outside [7,20) and [0,0)
2026-05-06 00:01:59 INFO mt5_bot - Balance=102029.96 Equity=102029.96 Spread=0.20 pips
2026-05-06 00:01:59 INFO mt5_bot - Session filter: UTC hour=5 outside [7,20) and [0,0)
2026-05-06 00:02:14 INFO mt5_bot - Balance=102029.96 Equity=102029.96 Spread=0.20 pips
2026-05-06 00:02:14 INFO mt5_bot - Session filter: UTC hour=5 outside [7,20) and [0,0)
2026-05-06 00:02:29 INFO mt5_bot - Balance=102029.96 Equity=102029.96 Spread=0.20 pips
2026-05-06 00:02:29 INFO mt5_bot - Session filter: UTC hour=5 outside [7,20) and [0,0)
2026-05-06 00:02:44 INFO mt5_bot - Balance=102029.96 Equity=102029.96 Spread=0.20 pips
2026-05-06 00:02:44 INFO mt5_bot - Session filter: UTC hour=5 outside [7,20) and [0,0)
2026-05-06 00:02:59 INFO mt5_bot - Balance=102029.96 Equity=102029.96 Spread=0.50 pips
2026-05-06 00:02:59 INFO mt5_bot - Session filter: UTC hour=5 outside [7,20) and [0,0)
2026-05-06 00:03:14 INFO mt5_bot - Balance=102029.96 Equity=102029.96 Spread=0.20 pips
2026-05-06 00:03:14 INFO mt5_bot - Session filter: UTC hour=5 outside [7,20) and [0,0)
2026-05-06 00:03:29 INFO mt5_bot - Balance=102029.96 Equity=102029.96 Spread=0.20 pips
2026-05-06 00:03:29 INFO mt5_bot - Session filter: UTC hour=5 outside [7,20) and [0,0)
2026-05-06 00:03:44 INFO mt5_bot - Balance=102029.96 Equity=102029.96 Spread=0.20 pips
2026-05-06 00:03:44 INFO mt5_bot - Session filter: UTC hour=5 outside [7,20) and [0,0)
2026-05-06 00:03:59 INFO mt5_bot - Balance=102029.96 Equity=102029.96 Spread=0.60 pips
2026-05-06 00:03:59 INFO mt5_bot - Session filter: UTC hour=5 outside [7,20) and [0,0)
2026-05-06 00:04:14 INFO mt5_bot - Balance=102029.96 Equity=102029.96 Spread=0.20 pips
2026-05-06 00:04:14 INFO mt5_bot - Session filter: UTC hour=5 outside [7,20) and [0,0)
2026-05-06 00:04:29 INFO mt5_bot - Balance=102029.96 Equity=102029.96 Spread=0.20 pips
2026-05-06 00:04:29 INFO mt5_bot - Session filter: UTC hour=5 outside [7,20) and [0,0)
2026-05-06 00:04:44 INFO mt5_bot - Balance=102029.96 Equity=102029.96 Spread=0.20 pips
2026-05-06 00:04:44 INFO mt5_bot - Session filter: UTC hour=5 outside [7,20) and [0,0)
2026-05-06 00:04:59 INFO mt5_bot - Balance=102029.96 Equity=102029.96 Spread=0.20 pips
2026-05-06 00:04:59 INFO mt5_bot - Session filter: UTC hour=5 outside [7,20) and [0,0)
2026-05-06 00:05:14 INFO mt5_bot - Balance=102029.96 Equity=102029.96 Spread=0.20 pips
2026-05-06 00:05:14 INFO mt5_bot - Session filter: UTC hour=5 outside [7,20) and [0,0)
2026-05-06 00:05:29 INFO mt5_bot - Balance=102029.96 Equity=102029.96 Spread=1.90 pips
2026-05-06 00:05:29 INFO mt5_bot - Spread filter: 1.90 > 1.80
2026-05-06 00:05:44 INFO mt5_bot - Balance=102029.96 Equity=102029.96 Spread=0.20 pips
2026-05-06 00:05:44 INFO mt5_bot - Session filter: UTC hour=5 outside [7,20) and [0,0)
2026-05-06 00:05:59 INFO mt5_bot - Balance=102029.96 Equity=102029.96 Spread=0.20 pips
2026-05-06 00:05:59 INFO mt5_bot - Session filter: UTC hour=5 outside [7,20) and [0,0)
2026-05-06 00:06:14 INFO mt5_bot - Balance=102029.96 Equity=102029.96 Spread=0.20 pips
2026-05-06 00:06:14 INFO mt5_bot - Session filter: UTC hour=5 outside [7,20) and [0,0)
2026-05-06 00:06:29 INFO mt5_bot - Balance=102029.96 Equity=102029.96 Spread=0.20 pips
2026-05-06 00:06:29 INFO mt5_bot - Session filter: UTC hour=5 outside [7,20) and [0,0)
2026-05-06 00:06:44 INFO mt5_bot - Balance=102029.96 Equity=102029.96 Spread=0.20 pips
2026-05-06 00:06:44 INFO mt5_bot - Session filter: UTC hour=5 outside [7,20) and [0,0)
2026-05-06 00:06:59 INFO mt5_bot - Balance=102029.96 Equity=102029.96 Spread=0.20 pips
2026-05-06 00:06:59 INFO mt5_bot - Session filter: UTC hour=5 outside [7,20) and [0,0)
2026-05-06 00:07:14 INFO mt5_bot - Balance=102029.96 Equity=102029.96 Spread=0.20 pips
2026-05-06 00:07:14 INFO mt5_bot - Session filter: UTC hour=5 outside [7,20) and [0,0)
2026-05-06 00:07:29 INFO mt5_bot - Balance=102029.96 Equity=102029.96 Spread=0.20 pips
2026-05-06 00:07:29 INFO mt5_bot - Session filter: UTC hour=5 outside [7,20) and [0,0)
2026-05-06 00:07:44 INFO mt5_bot - Balance=102029.96 Equity=102029.96 Spread=0.20 pips
2026-05-06 00:07:44 INFO mt5_bot - Session filter: UTC hour=5 outside [7,20) and [0,0)
2026-05-06 00:07:59 INFO mt5_bot - Balance=102029.96 Equity=102029.96 Spread=0.20 pips
2026-05-06 00:07:59 INFO mt5_bot - Session filter: UTC hour=5 outside [7,20) and [0,0)
2026-05-06 00:08:14 INFO mt5_bot - Balance=102029.96 Equity=102029.96 Spread=0.20 pips
2026-05-06 00:08:14 INFO mt5_bot - Session filter: UTC hour=5 outside [7,20) and [0,0)
2026-05-06 00:08:29 INFO mt5_bot - Balance=102029.96 Equity=102029.96 Spread=0.20 pips
2026-05-06 00:08:29 INFO mt5_bot - Session filter: UTC hour=5 outside [7,20) and [0,0)
2026-05-06 00:08:44 INFO mt5_bot - Balance=102029.96 Equity=102029.96 Spread=0.20 pips
2026-05-06 00:08:44 INFO mt5_bot - Session filter: UTC hour=5 outside [7,20) and [0,0)
2026-05-06 00:08:59 INFO mt5_bot - Balance=102029.96 Equity=102029.96 Spread=0.20 pips
2026-05-06 00:08:59 INFO mt5_bot - Session filter: UTC hour=5 outside [7,20) and [0,0)
2026-05-06 00:09:14 INFO mt5_bot - Balance=102029.96 Equity=102029.96 Spread=0.20 pips
2026-05-06 00:09:14 INFO mt5_bot - Session filter: UTC hour=5 outside [7,20) and [0,0)
2026-05-06 00:09:29 INFO mt5_bot - Balance=102029.96 Equity=102029.96 Spread=0.20 pips
2026-05-06 00:09:29 INFO mt5_bot - Session filter: UTC hour=5 outside [7,20) and [0,0)
2026-05-06 00:09:44 INFO mt5_bot - Balance=102029.96 Equity=102029.96 Spread=0.20 pips
2026-05-06 00:09:44 INFO mt5_bot - Session filter: UTC hour=5 outside [7,20) and [0,0)
2026-05-06 00:09:59 INFO mt5_bot - Balance=102029.96 Equity=102029.96 Spread=1.10 pips
2026-05-06 00:09:59 INFO mt5_bot - Session filter: UTC hour=5 outside [7,20) and [0,0)
2026-05-06 00:10:14 INFO mt5_bot - Balance=102029.96 Equity=102029.96 Spread=0.60 pips
2026-05-06 00:10:14 INFO mt5_bot - Session filter: UTC hour=5 outside [7,20) and [0,0)
2026-05-06 00:10:29 INFO mt5_bot - Balance=102029.96 Equity=102029.96 Spread=0.20 pips
2026-05-06 00:10:29 INFO mt5_bot - Session filter: UTC hour=5 outside [7,20) and [0,0)
2026-05-06 00:10:44 INFO mt5_bot - Balance=102029.96 Equity=102029.96 Spread=0.50 pips
2026-05-06 00:10:44 INFO mt5_bot - Session filter: UTC hour=5 outside [7,20) and [0,0)
2026-05-06 00:10:59 INFO mt5_bot - Balance=102029.96 Equity=102029.96 Spread=0.20 pips
2026-05-06 00:10:59 INFO mt5_bot - Session filter: UTC hour=5 outside [7,20) and [0,0)
2026-05-06 00:11:14 INFO mt5_bot - Balance=102029.96 Equity=102029.96 Spread=1.30 pips
2026-05-06 00:11:14 INFO mt5_bot - Session filter: UTC hour=5 outside [7,20) and [0,0)
2026-05-06 00:11:29 INFO mt5_bot - Balance=102029.96 Equity=102029.96 Spread=0.20 pips
2026-05-06 00:11:29 INFO mt5_bot - Session filter: UTC hour=5 outside [7,20) and [0,0)
2026-05-06 00:11:44 INFO mt5_bot - Balance=102029.96 Equity=102029.96 Spread=0.80 pips
2026-05-06 00:11:44 INFO mt5_bot - Session filter: UTC hour=5 outside [7,20) and [0,0)
2026-05-06 00:11:59 INFO mt5_bot - Balance=102029.96 Equity=102029.96 Spread=0.20 pips
2026-05-06 00:11:59 INFO mt5_bot - Session filter: UTC hour=5 outside [7,20) and [0,0)
2026-05-06 00:12:14 INFO mt5_bot - Balance=102029.96 Equity=102029.96 Spread=0.20 pips
2026-05-06 00:12:14 INFO mt5_bot - Session filter: UTC hour=5 outside [7,20) and [0,0)
2026-05-06 00:12:29 INFO mt5_bot - Balance=102029.96 Equity=102029.96 Spread=2.40 pips
2026-05-06 00:12:29 INFO mt5_bot - Spread filter: 2.40 > 1.80
2026-05-06 00:12:44 INFO mt5_bot - Balance=102029.96 Equity=102029.96 Spread=0.20 pips
2026-05-06 00:12:44 INFO mt5_bot - Session filter: UTC hour=5 outside [7,20) and [0,0)
2026-05-06 00:12:59 INFO mt5_bot - Balance=102029.96 Equity=102029.96 Spread=0.20 pips
2026-05-06 00:12:59 INFO mt5_bot - Session filter: UTC hour=5 outside [7,20) and [0,0)
2026-05-06 00:13:14 INFO mt5_bot - Balance=102029.96 Equity=102029.96 Spread=0.20 pips
2026-05-06 00:13:14 INFO mt5_bot - Session filter: UTC hour=5 outside [7,20) and [0,0)
2026-05-06 00:13:29 INFO mt5_bot - Balance=102029.96 Equity=102029.96 Spread=0.20 pips
2026-05-06 00:13:29 INFO mt5_bot - Session filter: UTC hour=5 outside [7,20) and [0,0)
2026-05-06 00:13:44 INFO mt5_bot - Balance=102029.96 Equity=102029.96 Spread=0.60 pips
2026-05-06 00:13:44 INFO mt5_bot - Session filter: UTC hour=5 outside [7,20) and [0,0)
2026-05-06 00:13:59 INFO mt5_bot - Balance=102029.96 Equity=102029.96 Spread=0.90 pips
2026-05-06 00:13:59 INFO mt5_bot - Session filter: UTC hour=5 outside [7,20) and [0,0)
2026-05-06 00:14:14 INFO mt5_bot - Balance=102029.96 Equity=102029.96 Spread=0.20 pips
2026-05-06 00:14:14 INFO mt5_bot - Session filter: UTC hour=5 outside [7,20) and [0,0)
2026-05-06 00:14:29 INFO mt5_bot - Balance=102029.96 Equity=102029.96 Spread=0.20 pips
2026-05-06 00:14:29 INFO mt5_bot - Session filter: UTC hour=5 outside [7,20) and [0,0)
2026-05-06 00:14:44 INFO mt5_bot - Balance=102029.96 Equity=102029.96 Spread=0.20 pips
2026-05-06 00:14:44 INFO mt5_bot - Session filter: UTC hour=5 outside [7,20) and [0,0)
2026-05-06 00:14:59 INFO mt5_bot - Balance=102029.96 Equity=102029.96 Spread=0.50 pips
2026-05-06 00:14:59 INFO mt5_bot - Session filter: UTC hour=5 outside [7,20) and [0,0)
2026-05-06 00:15:14 INFO mt5_bot - Balance=102029.96 Equity=102029.96 Spread=0.20 pips
2026-05-06 00:15:14 INFO mt5_bot - Session filter: UTC hour=5 outside [7,20) and [0,0)
2026-05-06 00:15:29 INFO mt5_bot - Balance=102029.96 Equity=102029.96 Spread=0.20 pips
2026-05-06 00:15:29 INFO mt5_bot - Session filter: UTC hour=5 outside [7,20) and [0,0)
2026-05-06 00:15:44 INFO mt5_bot - Balance=102029.96 Equity=102029.96 Spread=0.20 pips
2026-05-06 00:15:44 INFO mt5_bot - Session filter: UTC hour=5 outside [7,20) and [0,0)
2026-05-06 00:15:59 INFO mt5_bot - Balance=102029.96 Equity=102029.96 Spread=0.90 pips
2026-05-06 00:15:59 INFO mt5_bot - Session filter: UTC hour=5 outside [7,20) and [0,0)
2026-05-06 00:16:14 INFO mt5_bot - Balance=102029.96 Equity=102029.96 Spread=0.20 pips
2026-05-06 00:16:14 INFO mt5_bot - Session filter: UTC hour=5 outside [7,20) and [0,0)
2026-05-06 00:16:29 INFO mt5_bot - Balance=102029.96 Equity=102029.96 Spread=0.20 pips
2026-05-06 00:16:29 INFO mt5_bot - Session filter: UTC hour=5 outside [7,20) and [0,0)
2026-05-06 00:16:44 INFO mt5_bot - Balance=102029.96 Equity=102029.96 Spread=0.20 pips
2026-05-06 00:16:44 INFO mt5_bot - Session filter: UTC hour=5 outside [7,20) and [0,0)
2026-05-06 00:16:59 INFO mt5_bot - Balance=102029.96 Equity=102029.96 Spread=0.20 pips
2026-05-06 00:16:59 INFO mt5_bot - Session filter: UTC hour=5 outside [7,20) and [0,0)
2026-05-06 00:17:14 INFO mt5_bot - Balance=102029.96 Equity=102029.96 Spread=0.20 pips
2026-05-06 00:17:14 INFO mt5_bot - Session filter: UTC hour=5 outside [7,20) and [0,0)
2026-05-06 00:17:29 INFO mt5_bot - Balance=102029.96 Equity=102029.96 Spread=0.20 pips
2026-05-06 00:17:29 INFO mt5_bot - Session filter: UTC hour=5 outside [7,20) and [0,0)
2026-05-06 00:17:44 INFO mt5_bot - Balance=102029.96 Equity=102029.96 Spread=0.20 pips
2026-05-06 00:17:44 INFO mt5_bot - Session filter: UTC hour=5 outside [7,20) and [0,0)
2026-05-06 00:17:59 INFO mt5_bot - Balance=102029.96 Equity=102029.96 Spread=0.20 pips
2026-05-06 00:17:59 INFO mt5_bot - Session filter: UTC hour=5 outside [7,20) and [0,0)
2026-05-06 00:18:14 INFO mt5_bot - Balance=102029.96 Equity=102029.96 Spread=0.20 pips
2026-05-06 00:18:14 INFO mt5_bot - Session filter: UTC hour=5 outside [7,20) and [0,0)
2026-05-06 00:18:29 INFO mt5_bot - Balance=102029.96 Equity=102029.96 Spread=0.20 pips
2026-05-06 00:18:29 INFO mt5_bot - Session filter: UTC hour=5 outside [7,20) and [0,0)
2026-05-06 00:18:44 INFO mt5_bot - Balance=102029.96 Equity=102029.96 Spread=0.20 pips
2026-05-06 00:18:44 INFO mt5_bot - Session filter: UTC hour=5 outside [7,20) and [0,0)
2026-05-06 00:18:59 INFO mt5_bot - Balance=102029.96 Equity=102029.96 Spread=0.20 pips
2026-05-06 00:18:59 INFO mt5_bot - Session filter: UTC hour=5 outside [7,20) and [0,0)
2026-05-06 00:19:14 INFO mt5_bot - Balance=102029.96 Equity=102029.96 Spread=0.20 pips
2026-05-06 00:19:14 INFO mt5_bot - Session filter: UTC hour=5 outside [7,20) and [0,0)
2026-05-06 00:19:29 INFO mt5_bot - Balance=102029.96 Equity=102029.96 Spread=0.20 pips
2026-05-06 00:19:29 INFO mt5_bot - Session filter: UTC hour=5 outside [7,20) and [0,0)
2026-05-06 00:19:44 INFO mt5_bot - Balance=102029.96 Equity=102029.96 Spread=0.20 pips
2026-05-06 00:19:44 INFO mt5_bot - Session filter: UTC hour=5 outside [7,20) and [0,0)
2026-05-06 00:19:59 INFO mt5_bot - Balance=102029.96 Equity=102029.96 Spread=0.20 pips
2026-05-06 00:19:59 INFO mt5_bot - Session filter: UTC hour=5 outside [7,20) and [0,0)
2026-05-06 00:20:14 INFO mt5_bot - Balance=102029.96 Equity=102029.96 Spread=0.20 pips
2026-05-06 00:20:14 INFO mt5_bot - Session filter: UTC hour=5 outside [7,20) and [0,0)
2026-05-06 00:20:29 INFO mt5_bot - Balance=102029.96 Equity=102029.96 Spread=0.20 pips
2026-05-06 00:20:29 INFO mt5_bot - Session filter: UTC hour=5 outside [7,20) and [0,0)
2026-05-06 00:20:44 INFO mt5_bot - Balance=102029.96 Equity=102029.96 Spread=0.50 pips
2026-05-06 00:20:44 INFO mt5_bot - Session filter: UTC hour=5 outside [7,20) and [0,0)
2026-05-06 00:20:59 INFO mt5_bot - Balance=102029.96 Equity=102029.96 Spread=0.20 pips
2026-05-06 00:20:59 INFO mt5_bot - Session filter: UTC hour=5 outside [7,20) and [0,0)
2026-05-06 00:21:14 INFO mt5_bot - Balance=102029.96 Equity=102029.96 Spread=0.20 pips
2026-05-06 00:21:14 INFO mt5_bot - Session filter: UTC hour=5 outside [7,20) and [0,0)
2026-05-06 00:21:29 INFO mt5_bot - Balance=102029.96 Equity=102029.96 Spread=0.20 pips
2026-05-06 00:21:29 INFO mt5_bot - Session filter: UTC hour=5 outside [7,20) and [0,0)
2026-05-06 00:21:44 INFO mt5_bot - Balance=102029.96 Equity=102029.96 Spread=0.90 pips
2026-05-06 00:21:44 INFO mt5_bot - Session filter: UTC hour=5 outside [7,20) and [0,0)
2026-05-06 00:21:59 INFO mt5_bot - Balance=102029.96 Equity=102029.96 Spread=0.50 pips
2026-05-06 00:21:59 INFO mt5_bot - Session filter: UTC hour=5 outside [7,20) and [0,0)
2026-05-06 00:22:14 INFO mt5_bot - Balance=102029.96 Equity=102029.96 Spread=0.50 pips
2026-05-06 00:22:14 INFO mt5_bot - Session filter: UTC hour=5 outside [7,20) and [0,0)
2026-05-06 00:22:29 INFO mt5_bot - Balance=102029.96 Equity=102029.96 Spread=0.20 pips
2026-05-06 00:22:29 INFO mt5_bot - Session filter: UTC hour=5 outside [7,20) and [0,0)
2026-05-06 00:22:44 INFO mt5_bot - Balance=102029.96 Equity=102029.96 Spread=0.20 pips
2026-05-06 00:22:44 INFO mt5_bot - Session filter: UTC hour=5 outside [7,20) and [0,0)
2026-05-06 00:22:59 INFO mt5_bot - Balance=102029.96 Equity=102029.96 Spread=0.20 pips
2026-05-06 00:22:59 INFO mt5_bot - Session filter: UTC hour=5 outside [7,20) and [0,0)
2026-05-06 00:23:14 INFO mt5_bot - Balance=102029.96 Equity=102029.96 Spread=0.20 pips
2026-05-06 00:23:14 INFO mt5_bot - Session filter: UTC hour=5 outside [7,20) and [0,0)
2026-05-06 00:23:29 INFO mt5_bot - Balance=102029.96 Equity=102029.96 Spread=0.20 pips
2026-05-06 00:23:29 INFO mt5_bot - Session filter: UTC hour=5 outside [7,20) and [0,0)
2026-05-06 00:23:44 INFO mt5_bot - Balance=102029.96 Equity=102029.96 Spread=0.20 pips
2026-05-06 00:23:44 INFO mt5_bot - Session filter: UTC hour=5 outside [7,20) and [0,0)
2026-05-06 00:24:00 INFO mt5_bot - Balance=102029.96 Equity=102029.96 Spread=0.20 pips
2026-05-06 00:24:00 INFO mt5_bot - Session filter: UTC hour=5 outside [7,20) and [0,0)
2026-05-06 00:24:15 INFO mt5_bot - Balance=102029.96 Equity=102029.96 Spread=0.20 pips
2026-05-06 00:24:15 INFO mt5_bot - Session filter: UTC hour=5 outside [7,20) and [0,0)
2026-05-06 00:24:30 INFO mt5_bot - Balance=102029.96 Equity=102029.96 Spread=0.20 pips
2026-05-06 00:24:30 INFO mt5_bot - Session filter: UTC hour=5 outside [7,20) and [0,0)
2026-05-06 00:24:45 INFO mt5_bot - Balance=102029.96 Equity=102029.96 Spread=0.20 pips
2026-05-06 00:24:45 INFO mt5_bot - Session filter: UTC hour=5 outside [7,20) and [0,0)
2026-05-06 00:25:00 INFO mt5_bot - Balance=102029.96 Equity=102029.96 Spread=0.20 pips
2026-05-06 00:25:00 INFO mt5_bot - Session filter: UTC hour=5 outside [7,20) and [0,0)
2026-05-06 00:25:15 INFO mt5_bot - Balance=102029.96 Equity=102029.96 Spread=0.20 pips
2026-05-06 00:25:15 INFO mt5_bot - Session filter: UTC hour=5 outside [7,20) and [0,0)
2026-05-06 00:25:30 INFO mt5_bot - Balance=102029.96 Equity=102029.96 Spread=0.20 pips
2026-05-06 00:25:30 INFO mt5_bot - Session filter: UTC hour=5 outside [7,20) and [0,0)
2026-05-06 00:25:45 INFO mt5_bot - Balance=102029.96 Equity=102029.96 Spread=0.20 pips
2026-05-06 00:25:45 INFO mt5_bot - Session filter: UTC hour=5 outside [7,20) and [0,0)
2026-05-06 00:26:00 INFO mt5_bot - Balance=102029.96 Equity=102029.96 Spread=0.20 pips
2026-05-06 00:26:00 INFO mt5_bot - Session filter: UTC hour=5 outside [7,20) and [0,0)
2026-05-06 00:26:15 INFO mt5_bot - Balance=102029.96 Equity=102029.96 Spread=0.20 pips
2026-05-06 00:26:15 INFO mt5_bot - Session filter: UTC hour=5 outside [7,20) and [0,0)
2026-05-06 00:26:30 INFO mt5_bot - Balance=102029.96 Equity=102029.96 Spread=0.20 pips
2026-05-06 00:26:30 INFO mt5_bot - Session filter: UTC hour=5 outside [7,20) and [0,0)
2026-05-06 00:26:45 INFO mt5_bot - Balance=102029.96 Equity=102029.96 Spread=0.60 pips
2026-05-06 00:26:45 INFO mt5_bot - Session filter: UTC hour=5 outside [7,20) and [0,0)
2026-05-06 00:27:00 INFO mt5_bot - Balance=102029.96 Equity=102029.96 Spread=0.20 pips
2026-05-06 00:27:00 INFO mt5_bot - Session filter: UTC hour=5 outside [7,20) and [0,0)
2026-05-06 00:27:15 INFO mt5_bot - Balance=102029.96 Equity=102029.96 Spread=0.20 pips
2026-05-06 00:27:15 INFO mt5_bot - Session filter: UTC hour=5 outside [7,20) and [0,0)
2026-05-06 00:27:30 INFO mt5_bot - Balance=102029.96 Equity=102029.96 Spread=0.70 pips
2026-05-06 00:27:30 INFO mt5_bot - Session filter: UTC hour=5 outside [7,20) and [0,0)
2026-05-06 00:27:45 INFO mt5_bot - Balance=102029.96 Equity=102029.96 Spread=0.20 pips
2026-05-06 00:27:45 INFO mt5_bot - Session filter: UTC hour=5 outside [7,20) and [0,0)
2026-05-06 00:28:00 INFO mt5_bot - Balance=102029.96 Equity=102029.96 Spread=0.20 pips
2026-05-06 00:28:00 INFO mt5_bot - Session filter: UTC hour=5 outside [7,20) and [0,0)
2026-05-06 00:28:15 INFO mt5_bot - Balance=102029.96 Equity=102029.96 Spread=0.20 pips
2026-05-06 00:28:15 INFO mt5_bot - Session filter: UTC hour=5 outside [7,20) and [0,0)
2026-05-06 00:28:30 INFO mt5_bot - Balance=102029.96 Equity=102029.96 Spread=1.50 pips
2026-05-06 00:28:30 INFO mt5_bot - Session filter: UTC hour=5 outside [7,20) and [0,0)
2026-05-06 00:28:45 INFO mt5_bot - Balance=102029.96 Equity=102029.96 Spread=0.60 pips
2026-05-06 00:28:45 INFO mt5_bot - Session filter: UTC hour=5 outside [7,20) and [0,0)
2026-05-06 00:29:00 INFO mt5_bot - Balance=102029.96 Equity=102029.96 Spread=0.20 pips
2026-05-06 00:29:00 INFO mt5_bot - Session filter: UTC hour=5 outside [7,20) and [0,0)
2026-05-06 00:29:15 INFO mt5_bot - Balance=102029.96 Equity=102029.96 Spread=0.80 pips
2026-05-06 00:29:15 INFO mt5_bot - Session filter: UTC hour=5 outside [7,20) and [0,0)
2026-05-06 00:29:30 INFO mt5_bot - Balance=102029.96 Equity=102029.96 Spread=0.20 pips
2026-05-06 00:29:30 INFO mt5_bot - Session filter: UTC hour=5 outside [7,20) and [0,0)
2026-05-06 00:29:45 INFO mt5_bot - Balance=102029.96 Equity=102029.96 Spread=1.70 pips
2026-05-06 00:29:45 INFO mt5_bot - Session filter: UTC hour=5 outside [7,20) and [0,0)
2026-05-06 00:30:00 INFO mt5_bot - Balance=102029.96 Equity=102029.96 Spread=0.20 pips
2026-05-06 00:30:00 INFO mt5_bot - Session filter: UTC hour=5 outside [7,20) and [0,0)
2026-05-06 00:30:15 INFO mt5_bot - Balance=102029.96 Equity=102029.96 Spread=1.10 pips
2026-05-06 00:30:15 INFO mt5_bot - Session filter: UTC hour=5 outside [7,20) and [0,0)
2026-05-06 00:30:30 INFO mt5_bot - Balance=102029.96 Equity=102029.96 Spread=0.80 pips
2026-05-06 00:30:30 INFO mt5_bot - Session filter: UTC hour=5 outside [7,20) and [0,0)
2026-05-06 00:30:45 INFO mt5_bot - Balance=102029.96 Equity=102029.96 Spread=0.20 pips
2026-05-06 00:30:45 INFO mt5_bot - Session filter: UTC hour=5 outside [7,20) and [0,0)
2026-05-06 00:31:00 INFO mt5_bot - Balance=102029.96 Equity=102029.96 Spread=0.20 pips
2026-05-06 00:31:00 INFO mt5_bot - Session filter: UTC hour=5 outside [7,20) and [0,0)
2026-05-06 00:31:15 INFO mt5_bot - Balance=102029.96 Equity=102029.96 Spread=0.20 pips
2026-05-06 00:31:15 INFO mt5_bot - Session filter: UTC hour=5 outside [7,20) and [0,0)
2026-05-06 00:31:30 INFO mt5_bot - Balance=102029.96 Equity=102029.96 Spread=0.20 pips
2026-05-06 00:31:30 INFO mt5_bot - Session filter: UTC hour=5 outside [7,20) and [0,0)
2026-05-06 00:31:45 INFO mt5_bot - Balance=102029.96 Equity=102029.96 Spread=0.20 pips
2026-05-06 00:31:45 INFO mt5_bot - Session filter: UTC hour=5 outside [7,20) and [0,0)
2026-05-06 00:32:00 INFO mt5_bot - Balance=102029.96 Equity=102029.96 Spread=0.20 pips
2026-05-06 00:32:00 INFO mt5_bot - Session filter: UTC hour=5 outside [7,20) and [0,0)
2026-05-06 00:32:15 INFO mt5_bot - Balance=102029.96 Equity=102029.96 Spread=0.80 pips
2026-05-06 00:32:15 INFO mt5_bot - Session filter: UTC hour=5 outside [7,20) and [0,0)
2026-05-06 00:32:30 INFO mt5_bot - Balance=102029.96 Equity=102029.96 Spread=0.20 pips
2026-05-06 00:32:30 INFO mt5_bot - Session filter: UTC hour=5 outside [7,20) and [0,0)
2026-05-06 00:32:45 INFO mt5_bot - Balance=102029.96 Equity=102029.96 Spread=1.00 pips
2026-05-06 00:32:45 INFO mt5_bot - Session filter: UTC hour=5 outside [7,20) and [0,0)
2026-05-06 00:33:00 INFO mt5_bot - Balance=102029.96 Equity=102029.96 Spread=0.20 pips
2026-05-06 00:33:00 INFO mt5_bot - Session filter: UTC hour=5 outside [7,20) and [0,0)
2026-05-06 00:33:15 INFO mt5_bot - Balance=102029.96 Equity=102029.96 Spread=0.20 pips
2026-05-06 00:33:15 INFO mt5_bot - Session filter: UTC hour=5 outside [7,20) and [0,0)
2026-05-06 00:33:30 INFO mt5_bot - Balance=102029.96 Equity=102029.96 Spread=0.20 pips
2026-05-06 00:33:30 INFO mt5_bot - Session filter: UTC hour=5 outside [7,20) and [0,0)
2026-05-06 00:33:45 INFO mt5_bot - Balance=102029.96 Equity=102029.96 Spread=0.20 pips
2026-05-06 00:33:45 INFO mt5_bot - Session filter: UTC hour=5 outside [7,20) and [0,0)
2026-05-06 00:34:00 INFO mt5_bot - Balance=102029.96 Equity=102029.96 Spread=0.20 pips
2026-05-06 00:34:00 INFO mt5_bot - Session filter: UTC hour=5 outside [7,20) and [0,0)
2026-05-06 00:34:15 INFO mt5_bot - Balance=102029.96 Equity=102029.96 Spread=0.20 pips
2026-05-06 00:34:15 INFO mt5_bot - Session filter: UTC hour=5 outside [7,20) and [0,0)
2026-05-06 00:34:30 INFO mt5_bot - Balance=102029.96 Equity=102029.96 Spread=0.20 pips
2026-05-06 00:34:30 INFO mt5_bot - Session filter: UTC hour=5 outside [7,20) and [0,0)
2026-05-06 00:34:45 INFO mt5_bot - Balance=102029.96 Equity=102029.96 Spread=0.20 pips
2026-05-06 00:34:45 INFO mt5_bot - Session filter: UTC hour=5 outside [7,20) and [0,0)
2026-05-06 00:35:00 INFO mt5_bot - Balance=102029.96 Equity=102029.96 Spread=0.90 pips
2026-05-06 00:35:00 INFO mt5_bot - Session filter: UTC hour=5 outside [7,20) and [0,0)
2026-05-06 00:35:15 INFO mt5_bot - Balance=102029.96 Equity=102029.96 Spread=0.20 pips
2026-05-06 00:35:15 INFO mt5_bot - Session filter: UTC hour=5 outside [7,20) and [0,0)
2026-05-06 00:35:30 INFO mt5_bot - Balance=102029.96 Equity=102029.96 Spread=0.60 pips
2026-05-06 00:35:30 INFO mt5_bot - Session filter: UTC hour=5 outside [7,20) and [0,0)
2026-05-06 00:35:45 INFO mt5_bot - Balance=102029.96 Equity=102029.96 Spread=0.20 pips
2026-05-06 00:35:45 INFO mt5_bot - Session filter: UTC hour=5 outside [7,20) and [0,0)
2026-05-06 00:36:00 INFO mt5_bot - Balance=102029.96 Equity=102029.96 Spread=0.20 pips
2026-05-06 00:36:00 INFO mt5_bot - Session filter: UTC hour=5 outside [7,20) and [0,0)
2026-05-06 00:36:15 INFO mt5_bot - Balance=102029.96 Equity=102029.96 Spread=0.20 pips
2026-05-06 00:36:15 INFO mt5_bot - Session filter: UTC hour=5 outside [7,20) and [0,0)
2026-05-06 00:36:30 INFO mt5_bot - Balance=102029.96 Equity=102029.96 Spread=0.20 pips
2026-05-06 00:36:30 INFO mt5_bot - Session filter: UTC hour=5 outside [7,20) and [0,0)
2026-05-06 00:36:45 INFO mt5_bot - Balance=102029.96 Equity=102029.96 Spread=0.20 pips
2026-05-06 00:36:45 INFO mt5_bot - Session filter: UTC hour=5 outside [7,20) and [0,0)
2026-05-06 00:37:00 INFO mt5_bot - Balance=102029.96 Equity=102029.96 Spread=0.20 pips
2026-05-06 00:37:00 INFO mt5_bot - Session filter: UTC hour=5 outside [7,20) and [0,0)
2026-05-06 00:37:15 INFO mt5_bot - Balance=102029.96 Equity=102029.96 Spread=0.60 pips
2026-05-06 00:37:15 INFO mt5_bot - Session filter: UTC hour=5 outside [7,20) and [0,0)
2026-05-06 00:37:30 INFO mt5_bot - Balance=102029.96 Equity=102029.96 Spread=0.20 pips
2026-05-06 00:37:30 INFO mt5_bot - Session filter: UTC hour=5 outside [7,20) and [0,0)
2026-05-06 00:37:45 INFO mt5_bot - Balance=102029.96 Equity=102029.96 Spread=0.20 pips
2026-05-06 00:37:45 INFO mt5_bot - Session filter: UTC hour=5 outside [7,20) and [0,0)
2026-05-06 00:38:00 INFO mt5_bot - Balance=102029.96 Equity=102029.96 Spread=0.20 pips
2026-05-06 00:38:00 INFO mt5_bot - Session filter: UTC hour=5 outside [7,20) and [0,0)
2026-05-06 00:38:15 INFO mt5_bot - Balance=102029.96 Equity=102029.96 Spread=0.20 pips
2026-05-06 00:38:15 INFO mt5_bot - Session filter: UTC hour=5 outside [7,20) and [0,0)
2026-05-06 00:38:30 INFO mt5_bot - Balance=102029.96 Equity=102029.96 Spread=0.20 pips
2026-05-06 00:38:30 INFO mt5_bot - Session filter: UTC hour=5 outside [7,20) and [0,0)
2026-05-06 00:38:45 INFO mt5_bot - Balance=102029.96 Equity=102029.96 Spread=0.50 pips
2026-05-06 00:38:45 INFO mt5_bot - Session filter: UTC hour=5 outside [7,20) and [0,0)
2026-05-06 00:39:00 INFO mt5_bot - Balance=102029.96 Equity=102029.96 Spread=0.90 pips
2026-05-06 00:39:00 INFO mt5_bot - Session filter: UTC hour=5 outside [7,20) and [0,0)
2026-05-06 00:39:15 INFO mt5_bot - Balance=102029.96 Equity=102029.96 Spread=0.20 pips
2026-05-06 00:39:15 INFO mt5_bot - Session filter: UTC hour=5 outside [7,20) and [0,0)
2026-05-06 00:39:30 INFO mt5_bot - Balance=102029.96 Equity=102029.96 Spread=0.20 pips
2026-05-06 00:39:30 INFO mt5_bot - Session filter: UTC hour=5 outside [7,20) and [0,0)
2026-05-06 00:39:45 INFO mt5_bot - Balance=102029.96 Equity=102029.96 Spread=0.20 pips
2026-05-06 00:39:45 INFO mt5_bot - Session filter: UTC hour=5 outside [7,20) and [0,0)
2026-05-06 00:40:00 INFO mt5_bot - Balance=102029.96 Equity=102029.96 Spread=0.20 pips
2026-05-06 00:40:00 INFO mt5_bot - Session filter: UTC hour=5 outside [7,20) and [0,0)
2026-05-06 00:40:15 INFO mt5_bot - Balance=102029.96 Equity=102029.96 Spread=0.20 pips
2026-05-06 00:40:15 INFO mt5_bot - Session filter: UTC hour=5 outside [7,20) and [0,0)
2026-05-06 00:40:30 INFO mt5_bot - Balance=102029.96 Equity=102029.96 Spread=0.20 pips
2026-05-06 00:40:30 INFO mt5_bot - Session filter: UTC hour=5 outside [7,20) and [0,0)
2026-05-06 00:40:45 INFO mt5_bot - Balance=102029.96 Equity=102029.96 Spread=0.50 pips
2026-05-06 00:40:45 INFO mt5_bot - Session filter: UTC hour=5 outside [7,20) and [0,0)
2026-05-06 00:41:00 INFO mt5_bot - Balance=102029.96 Equity=102029.96 Spread=0.20 pips
2026-05-06 00:41:00 INFO mt5_bot - Session filter: UTC hour=5 outside [7,20) and [0,0)
2026-05-06 00:41:15 INFO mt5_bot - Balance=102029.96 Equity=102029.96 Spread=0.90 pips
2026-05-06 00:41:15 INFO mt5_bot - Session filter: UTC hour=5 outside [7,20) and [0,0)
2026-05-06 00:41:30 INFO mt5_bot - Balance=102029.96 Equity=102029.96 Spread=0.90 pips
2026-05-06 00:41:30 INFO mt5_bot - Session filter: UTC hour=5 outside [7,20) and [0,0)
2026-05-06 00:41:45 INFO mt5_bot - Balance=102029.96 Equity=102029.96 Spread=0.50 pips
2026-05-06 00:41:45 INFO mt5_bot - Session filter: UTC hour=5 outside [7,20) and [0,0)
2026-05-06 00:42:00 INFO mt5_bot - Balance=102029.96 Equity=102029.96 Spread=0.20 pips
2026-05-06 00:42:00 INFO mt5_bot - Session filter: UTC hour=5 outside [7,20) and [0,0)
2026-05-06 00:42:15 INFO mt5_bot - Balance=102029.96 Equity=102029.96 Spread=0.40 pips
2026-05-06 00:42:15 INFO mt5_bot - Session filter: UTC hour=5 outside [7,20) and [0,0)
2026-05-06 00:42:30 INFO mt5_bot - Balance=102029.96 Equity=102029.96 Spread=0.90 pips
2026-05-06 00:42:30 INFO mt5_bot - Session filter: UTC hour=5 outside [7,20) and [0,0)
2026-05-06 00:42:45 INFO mt5_bot - Balance=102029.96 Equity=102029.96 Spread=0.20 pips
2026-05-06 00:42:45 INFO mt5_bot - Session filter: UTC hour=5 outside [7,20) and [0,0)
2026-05-06 00:43:00 INFO mt5_bot - Balance=102029.96 Equity=102029.96 Spread=0.20 pips
2026-05-06 00:43:00 INFO mt5_bot - Session filter: UTC hour=5 outside [7,20) and [0,0)
2026-05-06 00:43:15 INFO mt5_bot - Balance=102029.96 Equity=102029.96 Spread=1.40 pips
2026-05-06 00:43:15 INFO mt5_bot - Session filter: UTC hour=5 outside [7,20) and [0,0)
2026-05-06 00:43:30 INFO mt5_bot - Balance=102029.96 Equity=102029.96 Spread=0.20 pips
2026-05-06 00:43:30 INFO mt5_bot - Session filter: UTC hour=5 outside [7,20) and [0,0)
2026-05-06 00:43:45 INFO mt5_bot - Balance=102029.96 Equity=102029.96 Spread=0.40 pips
2026-05-06 00:43:45 INFO mt5_bot - Session filter: UTC hour=5 outside [7,20) and [0,0)
2026-05-06 00:44:00 INFO mt5_bot - Balance=102029.96 Equity=102029.96 Spread=0.20 pips
2026-05-06 00:44:00 INFO mt5_bot - Session filter: UTC hour=5 outside [7,20) and [0,0)
2026-05-06 00:44:15 INFO mt5_bot - Balance=102029.96 Equity=102029.96 Spread=0.20 pips
2026-05-06 00:44:15 INFO mt5_bot - Session filter: UTC hour=5 outside [7,20) and [0,0)
2026-05-06 00:44:30 INFO mt5_bot - Balance=102029.96 Equity=102029.96 Spread=0.20 pips
2026-05-06 00:44:30 INFO mt5_bot - Session filter: UTC hour=5 outside [7,20) and [0,0)
2026-05-06 00:44:45 INFO mt5_bot - Balance=102029.96 Equity=102029.96 Spread=0.60 pips
2026-05-06 00:44:45 INFO mt5_bot - Session filter: UTC hour=5 outside [7,20) and [0,0)
2026-05-06 00:45:00 INFO mt5_bot - Balance=102029.96 Equity=102029.96 Spread=0.20 pips
2026-05-06 00:45:00 INFO mt5_bot - Session filter: UTC hour=5 outside [7,20) and [0,0)
2026-05-06 00:45:15 INFO mt5_bot - Balance=102029.96 Equity=102029.96 Spread=0.20 pips
2026-05-06 00:45:15 INFO mt5_bot - Session filter: UTC hour=5 outside [7,20) and [0,0)
2026-05-06 00:45:30 INFO mt5_bot - Balance=102029.96 Equity=102029.96 Spread=1.00 pips
2026-05-06 00:45:30 INFO mt5_bot - Session filter: UTC hour=5 outside [7,20) and [0,0)
2026-05-06 00:45:45 INFO mt5_bot - Balance=102029.96 Equity=102029.96 Spread=0.40 pips
2026-05-06 00:45:45 INFO mt5_bot - Session filter: UTC hour=5 outside [7,20) and [0,0)
2026-05-06 00:46:00 INFO mt5_bot - Balance=102029.96 Equity=102029.96 Spread=0.20 pips
2026-05-06 00:46:00 INFO mt5_bot - Session filter: UTC hour=5 outside [7,20) and [0,0)
2026-05-06 00:46:15 INFO mt5_bot - Balance=102029.96 Equity=102029.96 Spread=0.20 pips
2026-05-06 00:46:15 INFO mt5_bot - Session filter: UTC hour=5 outside [7,20) and [0,0)
2026-05-06 00:46:30 INFO mt5_bot - Balance=102029.96 Equity=102029.96 Spread=0.60 pips
2026-05-06 00:46:30 INFO mt5_bot - Session filter: UTC hour=5 outside [7,20) and [0,0)
2026-05-06 00:46:45 INFO mt5_bot - Balance=102029.96 Equity=102029.96 Spread=0.20 pips
2026-05-06 00:46:45 INFO mt5_bot - Session filter: UTC hour=5 outside [7,20) and [0,0)
2026-05-06 00:47:00 INFO mt5_bot - Balance=102029.96 Equity=102029.96 Spread=0.20 pips
2026-05-06 00:47:00 INFO mt5_bot - Session filter: UTC hour=5 outside [7,20) and [0,0)
2026-05-06 00:47:15 INFO mt5_bot - Balance=102029.96 Equity=102029.96 Spread=0.20 pips
2026-05-06 00:47:15 INFO mt5_bot - Session filter: UTC hour=5 outside [7,20) and [0,0)
2026-05-06 00:47:30 INFO mt5_bot - Balance=102029.96 Equity=102029.96 Spread=0.20 pips
2026-05-06 00:47:30 INFO mt5_bot - Session filter: UTC hour=5 outside [7,20) and [0,0)
2026-05-06 00:47:45 INFO mt5_bot - Balance=102029.96 Equity=102029.96 Spread=0.20 pips
2026-05-06 00:47:45 INFO mt5_bot - Session filter: UTC hour=5 outside [7,20) and [0,0)
2026-05-06 00:48:00 INFO mt5_bot - Balance=102029.96 Equity=102029.96 Spread=0.50 pips
2026-05-06 00:48:00 INFO mt5_bot - Session filter: UTC hour=5 outside [7,20) and [0,0)
2026-05-06 00:48:15 INFO mt5_bot - Balance=102029.96 Equity=102029.96 Spread=0.20 pips
2026-05-06 00:48:15 INFO mt5_bot - Session filter: UTC hour=5 outside [7,20) and [0,0)
2026-05-06 00:48:30 INFO mt5_bot - Balance=102029.96 Equity=102029.96 Spread=0.20 pips
2026-05-06 00:48:30 INFO mt5_bot - Session filter: UTC hour=5 outside [7,20) and [0,0)
2026-05-06 00:48:45 INFO mt5_bot - Balance=102029.96 Equity=102029.96 Spread=0.20 pips
2026-05-06 00:48:45 INFO mt5_bot - Session filter: UTC hour=5 outside [7,20) and [0,0)
2026-05-06 00:49:00 INFO mt5_bot - Balance=102029.96 Equity=102029.96 Spread=0.20 pips
2026-05-06 00:49:00 INFO mt5_bot - Session filter: UTC hour=5 outside [7,20) and [0,0)
2026-05-06 00:49:15 INFO mt5_bot - Balance=102029.96 Equity=102029.96 Spread=0.20 pips
2026-05-06 00:49:15 INFO mt5_bot - Session filter: UTC hour=5 outside [7,20) and [0,0)
2026-05-06 00:49:30 INFO mt5_bot - Balance=102029.96 Equity=102029.96 Spread=0.20 pips
2026-05-06 00:49:30 INFO mt5_bot - Session filter: UTC hour=5 outside [7,20) and [0,0)
2026-05-06 00:49:45 INFO mt5_bot - Balance=102029.96 Equity=102029.96 Spread=0.20 pips
2026-05-06 00:49:45 INFO mt5_bot - Session filter: UTC hour=5 outside [7,20) and [0,0)
2026-05-06 00:50:00 INFO mt5_bot - Balance=102029.96 Equity=102029.96 Spread=0.20 pips
2026-05-06 00:50:00 INFO mt5_bot - Session filter: UTC hour=5 outside [7,20) and [0,0)
2026-05-06 00:50:15 INFO mt5_bot - Balance=102029.96 Equity=102029.96 Spread=0.20 pips
2026-05-06 00:50:15 INFO mt5_bot - Session filter: UTC hour=5 outside [7,20) and [0,0)
2026-05-06 00:50:30 INFO mt5_bot - Balance=102029.96 Equity=102029.96 Spread=0.20 pips
2026-05-06 00:50:30 INFO mt5_bot - Session filter: UTC hour=5 outside [7,20) and [0,0)
2026-05-06 00:50:45 INFO mt5_bot - Balance=102029.96 Equity=102029.96 Spread=0.20 pips
2026-05-06 00:50:45 INFO mt5_bot - Session filter: UTC hour=5 outside [7,20) and [0,0)
2026-05-06 00:51:00 INFO mt5_bot - Balance=102029.96 Equity=102029.96 Spread=0.20 pips
2026-05-06 00:51:00 INFO mt5_bot - Session filter: UTC hour=5 outside [7,20) and [0,0)
2026-05-06 00:51:15 INFO mt5_bot - Balance=102029.96 Equity=102029.96 Spread=0.20 pips
2026-05-06 00:51:15 INFO mt5_bot - Session filter: UTC hour=5 outside [7,20) and [0,0)
2026-05-06 00:51:30 INFO mt5_bot - Balance=102029.96 Equity=102029.96 Spread=0.20 pips
2026-05-06 00:51:30 INFO mt5_bot - Session filter: UTC hour=5 outside [7,20) and [0,0)
2026-05-06 00:51:45 INFO mt5_bot - Balance=102029.96 Equity=102029.96 Spread=0.20 pips
2026-05-06 00:51:45 INFO mt5_bot - Session filter: UTC hour=5 outside [7,20) and [0,0)
2026-05-06 00:52:00 INFO mt5_bot - Balance=102029.96 Equity=102029.96 Spread=0.20 pips
2026-05-06 00:52:00 INFO mt5_bot - Session filter: UTC hour=5 outside [7,20) and [0,0)
2026-05-06 00:52:15 INFO mt5_bot - Balance=102029.96 Equity=102029.96 Spread=0.20 pips
2026-05-06 00:52:15 INFO mt5_bot - Session filter: UTC hour=5 outside [7,20) and [0,0)
2026-05-06 00:52:30 INFO mt5_bot - Balance=102029.96 Equity=102029.96 Spread=1.00 pips
2026-05-06 00:52:30 INFO mt5_bot - Session filter: UTC hour=5 outside [7,20) and [0,0)
2026-05-06 00:52:45 INFO mt5_bot - Balance=102029.96 Equity=102029.96 Spread=1.10 pips
2026-05-06 00:52:45 INFO mt5_bot - Session filter: UTC hour=5 outside [7,20) and [0,0)
2026-05-06 00:53:00 INFO mt5_bot - Balance=102029.96 Equity=102029.96 Spread=0.20 pips
2026-05-06 00:53:00 INFO mt5_bot - Session filter: UTC hour=5 outside [7,20) and [0,0)
2026-05-06 00:53:15 INFO mt5_bot - Balance=102029.96 Equity=102029.96 Spread=0.20 pips
2026-05-06 00:53:15 INFO mt5_bot - Session filter: UTC hour=5 outside [7,20) and [0,0)
2026-05-06 00:53:30 INFO mt5_bot - Balance=102029.96 Equity=102029.96 Spread=0.20 pips
2026-05-06 00:53:30 INFO mt5_bot - Session filter: UTC hour=5 outside [7,20) and [0,0)
2026-05-06 00:53:45 INFO mt5_bot - Balance=102029.96 Equity=102029.96 Spread=0.20 pips
2026-05-06 00:53:45 INFO mt5_bot - Session filter: UTC hour=5 outside [7,20) and [0,0)
2026-05-06 00:54:00 INFO mt5_bot - Balance=102029.96 Equity=102029.96 Spread=0.20 pips
2026-05-06 00:54:00 INFO mt5_bot - Session filter: UTC hour=5 outside [7,20) and [0,0)
2026-05-06 00:54:15 INFO mt5_bot - Balance=102029.96 Equity=102029.96 Spread=0.50 pips
2026-05-06 00:54:15 INFO mt5_bot - Session filter: UTC hour=5 outside [7,20) and [0,0)
2026-05-06 00:54:30 INFO mt5_bot - Balance=102029.96 Equity=102029.96 Spread=0.20 pips
2026-05-06 00:54:30 INFO mt5_bot - Session filter: UTC hour=5 outside [7,20) and [0,0)
2026-05-06 00:54:45 INFO mt5_bot - Balance=102029.96 Equity=102029.96 Spread=0.20 pips
2026-05-06 00:54:45 INFO mt5_bot - Session filter: UTC hour=5 outside [7,20) and [0,0)
2026-05-06 00:55:00 INFO mt5_bot - Balance=102029.96 Equity=102029.96 Spread=0.20 pips
2026-05-06 00:55:00 INFO mt5_bot - Session filter: UTC hour=5 outside [7,20) and [0,0)
2026-05-06 00:55:15 INFO mt5_bot - Balance=102029.96 Equity=102029.96 Spread=0.20 pips
2026-05-06 00:55:15 INFO mt5_bot - Session filter: UTC hour=5 outside [7,20) and [0,0)
2026-05-06 00:55:30 INFO mt5_bot - Balance=102029.96 Equity=102029.96 Spread=0.20 pips
2026-05-06 00:55:30 INFO mt5_bot - Session filter: UTC hour=5 outside [7,20) and [0,0)
2026-05-06 00:55:45 INFO mt5_bot - Balance=102029.96 Equity=102029.96 Spread=0.20 pips
2026-05-06 00:55:45 INFO mt5_bot - Session filter: UTC hour=5 outside [7,20) and [0,0)
2026-05-06 00:56:00 INFO mt5_bot - Balance=102029.96 Equity=102029.96 Spread=0.20 pips
2026-05-06 00:56:00 INFO mt5_bot - Session filter: UTC hour=5 outside [7,20) and [0,0)
2026-05-06 00:56:15 INFO mt5_bot - Balance=102029.96 Equity=102029.96 Spread=0.20 pips
2026-05-06 00:56:15 INFO mt5_bot - Session filter: UTC hour=5 outside [7,20) and [0,0)
2026-05-06 00:56:30 INFO mt5_bot - Balance=102029.96 Equity=102029.96 Spread=0.20 pips
2026-05-06 00:56:30 INFO mt5_bot - Session filter: UTC hour=5 outside [7,20) and [0,0)
2026-05-06 00:56:45 INFO mt5_bot - Balance=102029.96 Equity=102029.96 Spread=0.60 pips
2026-05-06 00:56:45 INFO mt5_bot - Session filter: UTC hour=5 outside [7,20) and [0,0)
2026-05-06 00:57:00 INFO mt5_bot - Balance=102029.96 Equity=102029.96 Spread=0.20 pips
2026-05-06 00:57:00 INFO mt5_bot - Session filter: UTC hour=5 outside [7,20) and [0,0)
2026-05-06 00:57:15 INFO mt5_bot - Balance=102029.96 Equity=102029.96 Spread=0.20 pips
2026-05-06 00:57:15 INFO mt5_bot - Session filter: UTC hour=5 outside [7,20) and [0,0)
2026-05-06 00:57:30 INFO mt5_bot - Balance=102029.96 Equity=102029.96 Spread=0.20 pips
2026-05-06 00:57:30 INFO mt5_bot - Session filter: UTC hour=5 outside [7,20) and [0,0)
2026-05-06 00:57:45 INFO mt5_bot - Balance=102029.96 Equity=102029.96 Spread=0.20 pips
2026-05-06 00:57:45 INFO mt5_bot - Session filter: UTC hour=5 outside [7,20) and [0,0)
2026-05-06 00:58:00 INFO mt5_bot - Balance=102029.96 Equity=102029.96 Spread=0.20 pips
2026-05-06 00:58:00 INFO mt5_bot - Session filter: UTC hour=5 outside [7,20) and [0,0)
2026-05-06 00:58:15 INFO mt5_bot - Balance=102029.96 Equity=102029.96 Spread=0.20 pips
2026-05-06 00:58:15 INFO mt5_bot - Session filter: UTC hour=5 outside [7,20) and [0,0)
2026-05-06 00:58:30 INFO mt5_bot - Balance=102029.96 Equity=102029.96 Spread=0.90 pips
2026-05-06 00:58:30 INFO mt5_bot - Session filter: UTC hour=5 outside [7,20) and [0,0)
2026-05-06 00:58:45 INFO mt5_bot - Balance=102029.96 Equity=102029.96 Spread=0.50 pips
2026-05-06 00:58:45 INFO mt5_bot - Session filter: UTC hour=5 outside [7,20) and [0,0)
2026-05-06 00:59:00 INFO mt5_bot - Balance=102029.96 Equity=102029.96 Spread=0.90 pips
2026-05-06 00:59:00 INFO mt5_bot - Session filter: UTC hour=5 outside [7,20) and [0,0)
2026-05-06 00:59:15 INFO mt5_bot - Balance=102029.96 Equity=102029.96 Spread=0.20 pips
2026-05-06 00:59:15 INFO mt5_bot - Session filter: UTC hour=5 outside [7,20) and [0,0)
2026-05-06 00:59:30 INFO mt5_bot - Balance=102029.96 Equity=102029.96 Spread=0.50 pips
2026-05-06 00:59:30 INFO mt5_bot - Session filter: UTC hour=5 outside [7,20) and [0,0)
2026-05-06 00:59:45 INFO mt5_bot - Balance=102029.96 Equity=102029.96 Spread=0.20 pips
2026-05-06 00:59:45 INFO mt5_bot - Session filter: UTC hour=5 outside [7,20) and [0,0)
2026-05-06 01:00:00 INFO mt5_bot - Balance=102029.96 Equity=102029.96 Spread=0.20 pips
2026-05-06 01:00:00 INFO mt5_bot - Session filter: UTC hour=6 outside [7,20) and [0,0)
2026-05-06 01:00:15 INFO mt5_bot - Balance=102029.96 Equity=102029.96 Spread=0.20 pips
2026-05-06 01:00:15 INFO mt5_bot - Session filter: UTC hour=6 outside [7,20) and [0,0)
2026-05-06 01:00:30 INFO mt5_bot - Balance=102029.96 Equity=102029.96 Spread=0.20 pips
2026-05-06 01:00:30 INFO mt5_bot - Session filter: UTC hour=6 outside [7,20) and [0,0)
2026-05-06 01:00:45 INFO mt5_bot - Balance=102029.96 Equity=102029.96 Spread=0.20 pips
2026-05-06 01:00:45 INFO mt5_bot - Session filter: UTC hour=6 outside [7,20) and [0,0)
2026-05-06 01:01:00 INFO mt5_bot - Balance=102029.96 Equity=102029.96 Spread=0.20 pips
2026-05-06 01:01:00 INFO mt5_bot - Session filter: UTC hour=6 outside [7,20) and [0,0)
2026-05-06 01:01:15 INFO mt5_bot - Balance=102029.96 Equity=102029.96 Spread=0.20 pips
2026-05-06 01:01:15 INFO mt5_bot - Session filter: UTC hour=6 outside [7,20) and [0,0)
2026-05-06 01:01:30 INFO mt5_bot - Balance=102029.96 Equity=102029.96 Spread=0.20 pips
2026-05-06 01:01:30 INFO mt5_bot - Session filter: UTC hour=6 outside [7,20) and [0,0)
2026-05-06 01:01:45 INFO mt5_bot - Balance=102029.96 Equity=102029.96 Spread=0.20 pips
2026-05-06 01:01:45 INFO mt5_bot - Session filter: UTC hour=6 outside [7,20) and [0,0)
2026-05-06 01:02:00 INFO mt5_bot - Balance=102029.96 Equity=102029.96 Spread=0.20 pips
2026-05-06 01:02:00 INFO mt5_bot - Session filter: UTC hour=6 outside [7,20) and [0,0)
2026-05-06 01:02:15 INFO mt5_bot - Balance=102029.96 Equity=102029.96 Spread=0.20 pips
2026-05-06 01:02:15 INFO mt5_bot - Session filter: UTC hour=6 outside [7,20) and [0,0)
2026-05-06 01:02:30 INFO mt5_bot - Balance=102029.96 Equity=102029.96 Spread=0.20 pips
2026-05-06 01:02:30 INFO mt5_bot - Session filter: UTC hour=6 outside [7,20) and [0,0)
2026-05-06 01:02:45 INFO mt5_bot - Balance=102029.96 Equity=102029.96 Spread=0.20 pips
2026-05-06 01:02:45 INFO mt5_bot - Session filter: UTC hour=6 outside [7,20) and [0,0)
2026-05-06 01:03:00 INFO mt5_bot - Balance=102029.96 Equity=102029.96 Spread=0.20 pips
2026-05-06 01:03:00 INFO mt5_bot - Session filter: UTC hour=6 outside [7,20) and [0,0)
2026-05-06 01:03:15 INFO mt5_bot - Balance=102029.96 Equity=102029.96 Spread=0.20 pips
2026-05-06 01:03:15 INFO mt5_bot - Session filter: UTC hour=6 outside [7,20) and [0,0)
2026-05-06 01:03:30 INFO mt5_bot - Balance=102029.96 Equity=102029.96 Spread=0.20 pips
2026-05-06 01:03:30 INFO mt5_bot - Session filter: UTC hour=6 outside [7,20) and [0,0)
2026-05-06 01:03:45 INFO mt5_bot - Balance=102029.96 Equity=102029.96 Spread=0.20 pips
2026-05-06 01:03:45 INFO mt5_bot - Session filter: UTC hour=6 outside [7,20) and [0,0)
2026-05-06 01:04:00 INFO mt5_bot - Balance=102029.96 Equity=102029.96 Spread=0.20 pips
2026-05-06 01:04:00 INFO mt5_bot - Session filter: UTC hour=6 outside [7,20) and [0,0)
2026-05-06 01:04:15 INFO mt5_bot - Balance=102029.96 Equity=102029.96 Spread=0.20 pips
2026-05-06 01:04:15 INFO mt5_bot - Session filter: UTC hour=6 outside [7,20) and [0,0)
2026-05-06 01:04:30 INFO mt5_bot - Balance=102029.96 Equity=102029.96 Spread=0.20 pips
2026-05-06 01:04:30 INFO mt5_bot - Session filter: UTC hour=6 outside [7,20) and [0,0)
2026-05-06 01:04:45 INFO mt5_bot - Balance=102029.96 Equity=102029.96 Spread=0.20 pips
2026-05-06 01:04:45 INFO mt5_bot - Session filter: UTC hour=6 outside [7,20) and [0,0)
2026-05-06 01:05:00 INFO mt5_bot - Balance=102029.96 Equity=102029.96 Spread=0.20 pips
2026-05-06 01:05:00 INFO mt5_bot - Session filter: UTC hour=6 outside [7,20) and [0,0)
2026-05-06 01:05:15 INFO mt5_bot - Balance=102029.96 Equity=102029.96 Spread=0.60 pips
2026-05-06 01:05:15 INFO mt5_bot - Session filter: UTC hour=6 outside [7,20) and [0,0)
2026-05-06 01:05:30 INFO mt5_bot - Balance=102029.96 Equity=102029.96 Spread=0.20 pips
2026-05-06 01:05:30 INFO mt5_bot - Session filter: UTC hour=6 outside [7,20) and [0,0)
2026-05-06 01:05:45 INFO mt5_bot - Balance=102029.96 Equity=102029.96 Spread=0.20 pips
2026-05-06 01:05:45 INFO mt5_bot - Session filter: UTC hour=6 outside [7,20) and [0,0)
2026-05-06 01:06:00 INFO mt5_bot - Balance=102029.96 Equity=102029.96 Spread=0.20 pips
2026-05-06 01:06:00 INFO mt5_bot - Session filter: UTC hour=6 outside [7,20) and [0,0)
2026-05-06 01:06:15 INFO mt5_bot - Balance=102029.96 Equity=102029.96 Spread=0.20 pips
2026-05-06 01:06:15 INFO mt5_bot - Session filter: UTC hour=6 outside [7,20) and [0,0)
2026-05-06 01:06:30 INFO mt5_bot - Balance=102029.96 Equity=102029.96 Spread=0.20 pips
2026-05-06 01:06:30 INFO mt5_bot - Session filter: UTC hour=6 outside [7,20) and [0,0)
2026-05-06 01:06:45 INFO mt5_bot - Balance=102029.96 Equity=102029.96 Spread=0.20 pips
2026-05-06 01:06:45 INFO mt5_bot - Session filter: UTC hour=6 outside [7,20) and [0,0)
2026-05-06 01:07:00 INFO mt5_bot - Balance=102029.96 Equity=102029.96 Spread=0.20 pips
2026-05-06 01:07:00 INFO mt5_bot - Session filter: UTC hour=6 outside [7,20) and [0,0)
2026-05-06 01:07:15 INFO mt5_bot - Balance=102029.96 Equity=102029.96 Spread=1.40 pips
2026-05-06 01:07:15 INFO mt5_bot - Session filter: UTC hour=6 outside [7,20) and [0,0)
2026-05-06 01:07:30 INFO mt5_bot - Balance=102029.96 Equity=102029.96 Spread=0.70 pips
2026-05-06 01:07:30 INFO mt5_bot - Session filter: UTC hour=6 outside [7,20) and [0,0)
2026-05-06 01:07:45 INFO mt5_bot - Balance=102029.96 Equity=102029.96 Spread=0.20 pips
2026-05-06 01:07:45 INFO mt5_bot - Session filter: UTC hour=6 outside [7,20) and [0,0)
2026-05-06 01:08:00 INFO mt5_bot - Balance=102029.96 Equity=102029.96 Spread=0.20 pips
2026-05-06 01:08:00 INFO mt5_bot - Session filter: UTC hour=6 outside [7,20) and [0,0)
2026-05-06 01:08:16 INFO mt5_bot - Balance=102029.96 Equity=102029.96 Spread=0.20 pips
2026-05-06 01:08:16 INFO mt5_bot - Session filter: UTC hour=6 outside [7,20) and [0,0)
2026-05-06 01:08:31 INFO mt5_bot - Balance=102029.96 Equity=102029.96 Spread=0.20 pips
2026-05-06 01:08:31 INFO mt5_bot - Session filter: UTC hour=6 outside [7,20) and [0,0)
2026-05-06 01:08:46 INFO mt5_bot - Balance=102029.96 Equity=102029.96 Spread=0.20 pips
2026-05-06 01:08:46 INFO mt5_bot - Session filter: UTC hour=6 outside [7,20) and [0,0)
2026-05-06 01:09:01 INFO mt5_bot - Balance=102029.96 Equity=102029.96 Spread=0.20 pips
2026-05-06 01:09:01 INFO mt5_bot - Session filter: UTC hour=6 outside [7,20) and [0,0)
2026-05-06 01:09:16 INFO mt5_bot - Balance=102029.96 Equity=102029.96 Spread=0.20 pips
2026-05-06 01:09:16 INFO mt5_bot - Session filter: UTC hour=6 outside [7,20) and [0,0)
2026-05-06 01:09:31 INFO mt5_bot - Balance=102029.96 Equity=102029.96 Spread=0.20 pips
2026-05-06 01:09:31 INFO mt5_bot - Session filter: UTC hour=6 outside [7,20) and [0,0)
2026-05-06 01:09:46 INFO mt5_bot - Balance=102029.96 Equity=102029.96 Spread=0.20 pips
2026-05-06 01:09:46 INFO mt5_bot - Session filter: UTC hour=6 outside [7,20) and [0,0)
2026-05-06 01:10:01 INFO mt5_bot - Balance=102029.96 Equity=102029.96 Spread=0.20 pips
2026-05-06 01:10:01 INFO mt5_bot - Session filter: UTC hour=6 outside [7,20) and [0,0)
2026-05-06 01:10:16 INFO mt5_bot - Balance=102029.96 Equity=102029.96 Spread=0.20 pips
2026-05-06 01:10:16 INFO mt5_bot - Session filter: UTC hour=6 outside [7,20) and [0,0)
2026-05-06 01:10:31 INFO mt5_bot - Balance=102029.96 Equity=102029.96 Spread=0.20 pips
2026-05-06 01:10:31 INFO mt5_bot - Session filter: UTC hour=6 outside [7,20) and [0,0)
2026-05-06 01:10:46 INFO mt5_bot - Balance=102029.96 Equity=102029.96 Spread=0.20 pips
2026-05-06 01:10:46 INFO mt5_bot - Session filter: UTC hour=6 outside [7,20) and [0,0)
2026-05-06 01:11:01 INFO mt5_bot - Balance=102029.96 Equity=102029.96 Spread=0.40 pips
2026-05-06 01:11:01 INFO mt5_bot - Session filter: UTC hour=6 outside [7,20) and [0,0)
2026-05-06 01:11:16 INFO mt5_bot - Balance=102029.96 Equity=102029.96 Spread=0.20 pips
2026-05-06 01:11:16 INFO mt5_bot - Session filter: UTC hour=6 outside [7,20) and [0,0)
2026-05-06 01:11:31 INFO mt5_bot - Balance=102029.96 Equity=102029.96 Spread=0.20 pips
2026-05-06 01:11:31 INFO mt5_bot - Session filter: UTC hour=6 outside [7,20) and [0,0)
2026-05-06 01:11:46 INFO mt5_bot - Balance=102029.96 Equity=102029.96 Spread=0.20 pips
2026-05-06 01:11:46 INFO mt5_bot - Session filter: UTC hour=6 outside [7,20) and [0,0)
2026-05-06 01:12:01 INFO mt5_bot - Balance=102029.96 Equity=102029.96 Spread=0.20 pips
2026-05-06 01:12:01 INFO mt5_bot - Session filter: UTC hour=6 outside [7,20) and [0,0)
2026-05-06 01:12:16 INFO mt5_bot - Balance=102029.96 Equity=102029.96 Spread=0.20 pips
2026-05-06 01:12:16 INFO mt5_bot - Session filter: UTC hour=6 outside [7,20) and [0,0)
2026-05-06 01:12:31 INFO mt5_bot - Balance=102029.96 Equity=102029.96 Spread=0.20 pips
2026-05-06 01:12:31 INFO mt5_bot - Session filter: UTC hour=6 outside [7,20) and [0,0)
2026-05-06 01:12:46 INFO mt5_bot - Balance=102029.96 Equity=102029.96 Spread=0.20 pips
2026-05-06 01:12:46 INFO mt5_bot - Session filter: UTC hour=6 outside [7,20) and [0,0)
2026-05-06 01:13:01 INFO mt5_bot - Balance=102029.96 Equity=102029.96 Spread=0.20 pips
2026-05-06 01:13:01 INFO mt5_bot - Session filter: UTC hour=6 outside [7,20) and [0,0)
2026-05-06 01:13:16 INFO mt5_bot - Balance=102029.96 Equity=102029.96 Spread=0.20 pips
2026-05-06 01:13:16 INFO mt5_bot - Session filter: UTC hour=6 outside [7,20) and [0,0)
2026-05-06 01:13:31 INFO mt5_bot - Balance=102029.96 Equity=102029.96 Spread=0.20 pips
2026-05-06 01:13:31 INFO mt5_bot - Session filter: UTC hour=6 outside [7,20) and [0,0)
2026-05-06 01:13:46 INFO mt5_bot - Balance=102029.96 Equity=102029.96 Spread=0.20 pips
2026-05-06 01:13:46 INFO mt5_bot - Session filter: UTC hour=6 outside [7,20) and [0,0)
2026-05-06 01:14:01 INFO mt5_bot - Balance=102029.96 Equity=102029.96 Spread=0.20 pips
2026-05-06 01:14:01 INFO mt5_bot - Session filter: UTC hour=6 outside [7,20) and [0,0)
2026-05-06 01:14:16 INFO mt5_bot - Balance=102029.96 Equity=102029.96 Spread=0.20 pips
2026-05-06 01:14:16 INFO mt5_bot - Session filter: UTC hour=6 outside [7,20) and [0,0)
2026-05-06 01:14:31 INFO mt5_bot - Balance=102029.96 Equity=102029.96 Spread=0.20 pips
2026-05-06 01:14:31 INFO mt5_bot - Session filter: UTC hour=6 outside [7,20) and [0,0)
2026-05-06 01:14:46 INFO mt5_bot - Balance=102029.96 Equity=102029.96 Spread=0.20 pips
2026-05-06 01:14:46 INFO mt5_bot - Session filter: UTC hour=6 outside [7,20) and [0,0)
2026-05-06 01:15:01 INFO mt5_bot - Balance=102029.96 Equity=102029.96 Spread=0.50 pips
2026-05-06 01:15:01 INFO mt5_bot - Session filter: UTC hour=6 outside [7,20) and [0,0)
2026-05-06 01:15:16 INFO mt5_bot - Balance=102029.96 Equity=102029.96 Spread=0.20 pips
2026-05-06 01:15:16 INFO mt5_bot - Session filter: UTC hour=6 outside [7,20) and [0,0)
2026-05-06 01:15:31 INFO mt5_bot - Balance=102029.96 Equity=102029.96 Spread=0.20 pips
2026-05-06 01:15:31 INFO mt5_bot - Session filter: UTC hour=6 outside [7,20) and [0,0)
2026-05-06 01:15:46 INFO mt5_bot - Balance=102029.96 Equity=102029.96 Spread=0.20 pips
2026-05-06 01:15:46 INFO mt5_bot - Session filter: UTC hour=6 outside [7,20) and [0,0)
2026-05-06 01:16:01 INFO mt5_bot - Balance=102029.96 Equity=102029.96 Spread=0.20 pips
2026-05-06 01:16:01 INFO mt5_bot - Session filter: UTC hour=6 outside [7,20) and [0,0)
2026-05-06 01:16:16 INFO mt5_bot - Balance=102029.96 Equity=102029.96 Spread=0.20 pips
2026-05-06 01:16:16 INFO mt5_bot - Session filter: UTC hour=6 outside [7,20) and [0,0)
2026-05-06 01:16:31 INFO mt5_bot - Balance=102029.96 Equity=102029.96 Spread=0.20 pips
2026-05-06 01:16:31 INFO mt5_bot - Session filter: UTC hour=6 outside [7,20) and [0,0)
2026-05-06 01:16:46 INFO mt5_bot - Balance=102029.96 Equity=102029.96 Spread=0.20 pips
2026-05-06 01:16:46 INFO mt5_bot - Session filter: UTC hour=6 outside [7,20) and [0,0)
2026-05-06 01:17:01 INFO mt5_bot - Balance=102029.96 Equity=102029.96 Spread=0.20 pips
2026-05-06 01:17:01 INFO mt5_bot - Session filter: UTC hour=6 outside [7,20) and [0,0)
2026-05-06 01:17:16 INFO mt5_bot - Balance=102029.96 Equity=102029.96 Spread=0.20 pips
2026-05-06 01:17:16 INFO mt5_bot - Session filter: UTC hour=6 outside [7,20) and [0,0)
2026-05-06 01:17:31 INFO mt5_bot - Balance=102029.96 Equity=102029.96 Spread=0.20 pips
2026-05-06 01:17:31 INFO mt5_bot - Session filter: UTC hour=6 outside [7,20) and [0,0)
2026-05-06 01:17:46 INFO mt5_bot - Balance=102029.96 Equity=102029.96 Spread=1.00 pips
2026-05-06 01:17:46 INFO mt5_bot - Session filter: UTC hour=6 outside [7,20) and [0,0)
2026-05-06 01:18:01 INFO mt5_bot - Balance=102029.96 Equity=102029.96 Spread=0.20 pips
2026-05-06 01:18:01 INFO mt5_bot - Session filter: UTC hour=6 outside [7,20) and [0,0)
2026-05-06 01:18:16 INFO mt5_bot - Balance=102029.96 Equity=102029.96 Spread=0.20 pips
2026-05-06 01:18:16 INFO mt5_bot - Session filter: UTC hour=6 outside [7,20) and [0,0)
2026-05-06 01:18:31 INFO mt5_bot - Balance=102029.96 Equity=102029.96 Spread=0.60 pips
2026-05-06 01:18:31 INFO mt5_bot - Session filter: UTC hour=6 outside [7,20) and [0,0)
2026-05-06 01:18:46 INFO mt5_bot - Balance=102029.96 Equity=102029.96 Spread=1.10 pips
2026-05-06 01:18:46 INFO mt5_bot - Session filter: UTC hour=6 outside [7,20) and [0,0)
2026-05-06 01:19:01 INFO mt5_bot - Balance=102029.96 Equity=102029.96 Spread=0.90 pips
2026-05-06 01:19:01 INFO mt5_bot - Session filter: UTC hour=6 outside [7,20) and [0,0)
2026-05-06 01:19:16 INFO mt5_bot - Balance=102029.96 Equity=102029.96 Spread=0.20 pips
2026-05-06 01:19:16 INFO mt5_bot - Session filter: UTC hour=6 outside [7,20) and [0,0)
2026-05-06 01:19:31 INFO mt5_bot - Balance=102029.96 Equity=102029.96 Spread=0.20 pips
2026-05-06 01:19:31 INFO mt5_bot - Session filter: UTC hour=6 outside [7,20) and [0,0)
2026-05-06 01:19:46 INFO mt5_bot - Balance=102029.96 Equity=102029.96 Spread=0.70 pips
2026-05-06 01:19:46 INFO mt5_bot - Session filter: UTC hour=6 outside [7,20) and [0,0)
2026-05-06 01:20:01 INFO mt5_bot - Balance=102029.96 Equity=102029.96 Spread=0.20 pips
2026-05-06 01:20:01 INFO mt5_bot - Session filter: UTC hour=6 outside [7,20) and [0,0)
2026-05-06 01:20:16 INFO mt5_bot - Balance=102029.96 Equity=102029.96 Spread=0.20 pips
2026-05-06 01:20:16 INFO mt5_bot - Session filter: UTC hour=6 outside [7,20) and [0,0)
2026-05-06 01:20:31 INFO mt5_bot - Balance=102029.96 Equity=102029.96 Spread=0.20 pips
2026-05-06 01:20:31 INFO mt5_bot - Session filter: UTC hour=6 outside [7,20) and [0,0)
2026-05-06 01:20:46 INFO mt5_bot - Balance=102029.96 Equity=102029.96 Spread=0.20 pips
2026-05-06 01:20:46 INFO mt5_bot - Session filter: UTC hour=6 outside [7,20) and [0,0)
2026-05-06 01:21:01 INFO mt5_bot - Balance=102029.96 Equity=102029.96 Spread=0.80 pips
2026-05-06 01:21:01 INFO mt5_bot - Session filter: UTC hour=6 outside [7,20) and [0,0)
2026-05-06 01:21:16 INFO mt5_bot - Balance=102029.96 Equity=102029.96 Spread=0.20 pips
2026-05-06 01:21:16 INFO mt5_bot - Session filter: UTC hour=6 outside [7,20) and [0,0)
2026-05-06 01:21:31 INFO mt5_bot - Balance=102029.96 Equity=102029.96 Spread=0.20 pips
2026-05-06 01:21:31 INFO mt5_bot - Session filter: UTC hour=6 outside [7,20) and [0,0)
2026-05-06 01:21:46 INFO mt5_bot - Balance=102029.96 Equity=102029.96 Spread=0.20 pips
2026-05-06 01:21:46 INFO mt5_bot - Session filter: UTC hour=6 outside [7,20) and [0,0)
2026-05-06 01:22:01 INFO mt5_bot - Balance=102029.96 Equity=102029.96 Spread=0.20 pips
2026-05-06 01:22:01 INFO mt5_bot - Session filter: UTC hour=6 outside [7,20) and [0,0)
2026-05-06 01:22:16 INFO mt5_bot - Balance=102029.96 Equity=102029.96 Spread=0.20 pips
2026-05-06 01:22:16 INFO mt5_bot - Session filter: UTC hour=6 outside [7,20) and [0,0)
2026-05-06 01:22:31 INFO mt5_bot - Balance=102029.96 Equity=102029.96 Spread=0.20 pips
2026-05-06 01:22:31 INFO mt5_bot - Session filter: UTC hour=6 outside [7,20) and [0,0)
2026-05-06 01:22:46 INFO mt5_bot - Balance=102029.96 Equity=102029.96 Spread=0.20 pips
2026-05-06 01:22:46 INFO mt5_bot - Session filter: UTC hour=6 outside [7,20) and [0,0)
2026-05-06 01:23:01 INFO mt5_bot - Balance=102029.96 Equity=102029.96 Spread=0.20 pips
2026-05-06 01:23:01 INFO mt5_bot - Session filter: UTC hour=6 outside [7,20) and [0,0)
2026-05-06 01:23:16 INFO mt5_bot - Balance=102029.96 Equity=102029.96 Spread=0.20 pips
2026-05-06 01:23:16 INFO mt5_bot - Session filter: UTC hour=6 outside [7,20) and [0,0)
2026-05-06 01:23:31 INFO mt5_bot - Balance=102029.96 Equity=102029.96 Spread=0.20 pips
2026-05-06 01:23:31 INFO mt5_bot - Session filter: UTC hour=6 outside [7,20) and [0,0)
2026-05-06 01:23:46 INFO mt5_bot - Balance=102029.96 Equity=102029.96 Spread=0.20 pips
2026-05-06 01:23:46 INFO mt5_bot - Session filter: UTC hour=6 outside [7,20) and [0,0)
2026-05-06 01:24:01 INFO mt5_bot - Balance=102029.96 Equity=102029.96 Spread=0.20 pips
2026-05-06 01:24:01 INFO mt5_bot - Session filter: UTC hour=6 outside [7,20) and [0,0)
2026-05-06 01:24:16 INFO mt5_bot - Balance=102029.96 Equity=102029.96 Spread=0.60 pips
2026-05-06 01:24:16 INFO mt5_bot - Session filter: UTC hour=6 outside [7,20) and [0,0)
2026-05-06 01:24:31 INFO mt5_bot - Balance=102029.96 Equity=102029.96 Spread=0.80 pips
2026-05-06 01:24:31 INFO mt5_bot - Session filter: UTC hour=6 outside [7,20) and [0,0)
2026-05-06 01:24:46 INFO mt5_bot - Balance=102029.96 Equity=102029.96 Spread=0.20 pips
2026-05-06 01:24:46 INFO mt5_bot - Session filter: UTC hour=6 outside [7,20) and [0,0)
2026-05-06 01:25:01 INFO mt5_bot - Balance=102029.96 Equity=102029.96 Spread=0.20 pips
2026-05-06 01:25:01 INFO mt5_bot - Session filter: UTC hour=6 outside [7,20) and [0,0)
2026-05-06 01:25:16 INFO mt5_bot - Balance=102029.96 Equity=102029.96 Spread=0.50 pips
2026-05-06 01:25:16 INFO mt5_bot - Session filter: UTC hour=6 outside [7,20) and [0,0)
2026-05-06 01:25:31 INFO mt5_bot - Balance=102029.96 Equity=102029.96 Spread=0.20 pips
2026-05-06 01:25:31 INFO mt5_bot - Session filter: UTC hour=6 outside [7,20) and [0,0)
2026-05-06 01:25:46 INFO mt5_bot - Balance=102029.96 Equity=102029.96 Spread=0.20 pips
2026-05-06 01:25:46 INFO mt5_bot - Session filter: UTC hour=6 outside [7,20) and [0,0)
2026-05-06 01:26:01 INFO mt5_bot - Balance=102029.96 Equity=102029.96 Spread=0.20 pips
2026-05-06 01:26:01 INFO mt5_bot - Session filter: UTC hour=6 outside [7,20) and [0,0)
2026-05-06 01:26:16 INFO mt5_bot - Balance=102029.96 Equity=102029.96 Spread=0.40 pips
2026-05-06 01:26:16 INFO mt5_bot - Session filter: UTC hour=6 outside [7,20) and [0,0)
2026-05-06 01:26:31 INFO mt5_bot - Balance=102029.96 Equity=102029.96 Spread=0.20 pips
2026-05-06 01:26:31 INFO mt5_bot - Session filter: UTC hour=6 outside [7,20) and [0,0)
2026-05-06 01:26:46 INFO mt5_bot - Balance=102029.96 Equity=102029.96 Spread=0.20 pips
2026-05-06 01:26:46 INFO mt5_bot - Session filter: UTC hour=6 outside [7,20) and [0,0)
2026-05-06 01:27:01 INFO mt5_bot - Balance=102029.96 Equity=102029.96 Spread=0.20 pips
2026-05-06 01:27:01 INFO mt5_bot - Session filter: UTC hour=6 outside [7,20) and [0,0)
2026-05-06 01:27:16 INFO mt5_bot - Balance=102029.96 Equity=102029.96 Spread=0.20 pips
2026-05-06 01:27:16 INFO mt5_bot - Session filter: UTC hour=6 outside [7,20) and [0,0)
2026-05-06 01:27:31 INFO mt5_bot - Balance=102029.96 Equity=102029.96 Spread=0.20 pips
2026-05-06 01:27:31 INFO mt5_bot - Session filter: UTC hour=6 outside [7,20) and [0,0)
2026-05-06 01:27:46 INFO mt5_bot - Balance=102029.96 Equity=102029.96 Spread=0.20 pips
2026-05-06 01:27:46 INFO mt5_bot - Session filter: UTC hour=6 outside [7,20) and [0,0)
2026-05-06 01:28:01 INFO mt5_bot - Balance=102029.96 Equity=102029.96 Spread=0.50 pips
2026-05-06 01:28:01 INFO mt5_bot - Session filter: UTC hour=6 outside [7,20) and [0,0)
2026-05-06 01:28:16 INFO mt5_bot - Balance=102029.96 Equity=102029.96 Spread=0.20 pips
2026-05-06 01:28:16 INFO mt5_bot - Session filter: UTC hour=6 outside [7,20) and [0,0)
2026-05-06 01:28:31 INFO mt5_bot - Balance=102029.96 Equity=102029.96 Spread=0.20 pips
2026-05-06 01:28:31 INFO mt5_bot - Session filter: UTC hour=6 outside [7,20) and [0,0)
2026-05-06 01:28:46 INFO mt5_bot - Balance=102029.96 Equity=102029.96 Spread=0.20 pips
2026-05-06 01:28:46 INFO mt5_bot - Session filter: UTC hour=6 outside [7,20) and [0,0)
2026-05-06 01:29:01 INFO mt5_bot - Balance=102029.96 Equity=102029.96 Spread=0.20 pips
2026-05-06 01:29:01 INFO mt5_bot - Session filter: UTC hour=6 outside [7,20) and [0,0)
2026-05-06 01:29:16 INFO mt5_bot - Balance=102029.96 Equity=102029.96 Spread=0.20 pips
2026-05-06 01:29:16 INFO mt5_bot - Session filter: UTC hour=6 outside [7,20) and [0,0)
2026-05-06 01:29:31 INFO mt5_bot - Balance=102029.96 Equity=102029.96 Spread=0.20 pips
2026-05-06 01:29:31 INFO mt5_bot - Session filter: UTC hour=6 outside [7,20) and [0,0)
2026-05-06 01:29:46 INFO mt5_bot - Balance=102029.96 Equity=102029.96 Spread=0.20 pips
2026-05-06 01:29:46 INFO mt5_bot - Session filter: UTC hour=6 outside [7,20) and [0,0)
2026-05-06 01:30:01 INFO mt5_bot - Balance=102029.96 Equity=102029.96 Spread=0.20 pips
2026-05-06 01:30:01 INFO mt5_bot - Session filter: UTC hour=6 outside [7,20) and [0,0)
2026-05-06 01:30:16 INFO mt5_bot - Balance=102029.96 Equity=102029.96 Spread=0.20 pips
2026-05-06 01:30:16 INFO mt5_bot - Session filter: UTC hour=6 outside [7,20) and [0,0)
2026-05-06 01:30:31 INFO mt5_bot - Balance=102029.96 Equity=102029.96 Spread=0.20 pips
2026-05-06 01:30:31 INFO mt5_bot - Session filter: UTC hour=6 outside [7,20) and [0,0)
2026-05-06 01:30:46 INFO mt5_bot - Balance=102029.96 Equity=102029.96 Spread=0.20 pips
2026-05-06 01:30:46 INFO mt5_bot - Session filter: UTC hour=6 outside [7,20) and [0,0)
2026-05-06 01:31:01 INFO mt5_bot - Balance=102029.96 Equity=102029.96 Spread=0.20 pips
2026-05-06 01:31:01 INFO mt5_bot - Session filter: UTC hour=6 outside [7,20) and [0,0)
2026-05-06 01:31:16 INFO mt5_bot - Balance=102029.96 Equity=102029.96 Spread=0.20 pips
2026-05-06 01:31:16 INFO mt5_bot - Session filter: UTC hour=6 outside [7,20) and [0,0)
2026-05-06 01:31:31 INFO mt5_bot - Balance=102029.96 Equity=102029.96 Spread=0.20 pips
2026-05-06 01:31:31 INFO mt5_bot - Session filter: UTC hour=6 outside [7,20) and [0,0)
2026-05-06 01:31:46 INFO mt5_bot - Balance=102029.96 Equity=102029.96 Spread=0.20 pips
2026-05-06 01:31:46 INFO mt5_bot - Session filter: UTC hour=6 outside [7,20) and [0,0)
2026-05-06 01:32:01 INFO mt5_bot - Balance=102029.96 Equity=102029.96 Spread=0.20 pips
2026-05-06 01:32:01 INFO mt5_bot - Session filter: UTC hour=6 outside [7,20) and [0,0)
2026-05-06 01:32:16 INFO mt5_bot - Balance=102029.96 Equity=102029.96 Spread=0.20 pips
2026-05-06 01:32:16 INFO mt5_bot - Session filter: UTC hour=6 outside [7,20) and [0,0)
2026-05-06 01:32:31 INFO mt5_bot - Balance=102029.96 Equity=102029.96 Spread=0.60 pips
2026-05-06 01:32:31 INFO mt5_bot - Session filter: UTC hour=6 outside [7,20) and [0,0)
2026-05-06 01:32:46 INFO mt5_bot - Balance=102029.96 Equity=102029.96 Spread=0.20 pips
2026-05-06 01:32:46 INFO mt5_bot - Session filter: UTC hour=6 outside [7,20) and [0,0)
2026-05-06 01:33:01 INFO mt5_bot - Balance=102029.96 Equity=102029.96 Spread=0.20 pips
2026-05-06 01:33:01 INFO mt5_bot - Session filter: UTC hour=6 outside [7,20) and [0,0)
2026-05-06 01:33:16 INFO mt5_bot - Balance=102029.96 Equity=102029.96 Spread=0.80 pips
2026-05-06 01:33:16 INFO mt5_bot - Session filter: UTC hour=6 outside [7,20) and [0,0)
2026-05-06 01:33:31 INFO mt5_bot - Balance=102029.96 Equity=102029.96 Spread=0.60 pips
2026-05-06 01:33:31 INFO mt5_bot - Session filter: UTC hour=6 outside [7,20) and [0,0)
2026-05-06 01:33:46 INFO mt5_bot - Balance=102029.96 Equity=102029.96 Spread=0.20 pips
2026-05-06 01:33:46 INFO mt5_bot - Session filter: UTC hour=6 outside [7,20) and [0,0)
2026-05-06 01:34:01 INFO mt5_bot - Balance=102029.96 Equity=102029.96 Spread=0.20 pips
2026-05-06 01:34:01 INFO mt5_bot - Session filter: UTC hour=6 outside [7,20) and [0,0)
2026-05-06 01:34:16 INFO mt5_bot - Balance=102029.96 Equity=102029.96 Spread=0.80 pips
2026-05-06 01:34:16 INFO mt5_bot - Session filter: UTC hour=6 outside [7,20) and [0,0)
2026-05-06 01:34:31 INFO mt5_bot - Balance=102029.96 Equity=102029.96 Spread=0.90 pips
2026-05-06 01:34:31 INFO mt5_bot - Session filter: UTC hour=6 outside [7,20) and [0,0)
2026-05-06 01:34:46 INFO mt5_bot - Balance=102029.96 Equity=102029.96 Spread=0.20 pips
2026-05-06 01:34:46 INFO mt5_bot - Session filter: UTC hour=6 outside [7,20) and [0,0)
2026-05-06 01:35:01 INFO mt5_bot - Balance=102029.96 Equity=102029.96 Spread=0.20 pips
2026-05-06 01:35:01 INFO mt5_bot - Session filter: UTC hour=6 outside [7,20) and [0,0)
2026-05-06 01:35:16 INFO mt5_bot - Balance=102029.96 Equity=102029.96 Spread=0.20 pips
2026-05-06 01:35:16 INFO mt5_bot - Session filter: UTC hour=6 outside [7,20) and [0,0)
2026-05-06 01:35:31 INFO mt5_bot - Balance=102029.96 Equity=102029.96 Spread=0.20 pips
2026-05-06 01:35:31 INFO mt5_bot - Session filter: UTC hour=6 outside [7,20) and [0,0)
2026-05-06 01:35:46 INFO mt5_bot - Balance=102029.96 Equity=102029.96 Spread=0.20 pips
2026-05-06 01:35:46 INFO mt5_bot - Session filter: UTC hour=6 outside [7,20) and [0,0)
2026-05-06 01:36:01 INFO mt5_bot - Balance=102029.96 Equity=102029.96 Spread=0.20 pips
2026-05-06 01:36:01 INFO mt5_bot - Session filter: UTC hour=6 outside [7,20) and [0,0)
2026-05-06 01:36:16 INFO mt5_bot - Balance=102029.96 Equity=102029.96 Spread=1.00 pips
2026-05-06 01:36:16 INFO mt5_bot - Session filter: UTC hour=6 outside [7,20) and [0,0)
2026-05-06 01:36:31 INFO mt5_bot - Balance=102029.96 Equity=102029.96 Spread=0.20 pips
2026-05-06 01:36:31 INFO mt5_bot - Session filter: UTC hour=6 outside [7,20) and [0,0)
2026-05-06 01:36:46 INFO mt5_bot - Balance=102029.96 Equity=102029.96 Spread=0.20 pips
2026-05-06 01:36:46 INFO mt5_bot - Session filter: UTC hour=6 outside [7,20) and [0,0)
2026-05-06 01:37:01 INFO mt5_bot - Balance=102029.96 Equity=102029.96 Spread=0.20 pips
2026-05-06 01:37:01 INFO mt5_bot - Session filter: UTC hour=6 outside [7,20) and [0,0)
2026-05-06 01:37:16 INFO mt5_bot - Balance=102029.96 Equity=102029.96 Spread=0.20 pips
2026-05-06 01:37:16 INFO mt5_bot - Session filter: UTC hour=6 outside [7,20) and [0,0)
2026-05-06 01:37:31 INFO mt5_bot - Balance=102029.96 Equity=102029.96 Spread=0.20 pips
2026-05-06 01:37:31 INFO mt5_bot - Session filter: UTC hour=6 outside [7,20) and [0,0)
2026-05-06 01:37:46 INFO mt5_bot - Balance=102029.96 Equity=102029.96 Spread=0.80 pips
2026-05-06 01:37:46 INFO mt5_bot - Session filter: UTC hour=6 outside [7,20) and [0,0)
2026-05-06 01:38:01 INFO mt5_bot - Balance=102029.96 Equity=102029.96 Spread=0.70 pips
2026-05-06 01:38:01 INFO mt5_bot - Session filter: UTC hour=6 outside [7,20) and [0,0)
2026-05-06 01:38:16 INFO mt5_bot - Balance=102029.96 Equity=102029.96 Spread=0.50 pips
2026-05-06 01:38:16 INFO mt5_bot - Session filter: UTC hour=6 outside [7,20) and [0,0)
2026-05-06 01:38:31 INFO mt5_bot - Balance=102029.96 Equity=102029.96 Spread=0.20 pips
2026-05-06 01:38:31 INFO mt5_bot - Session filter: UTC hour=6 outside [7,20) and [0,0)
2026-05-06 01:38:46 INFO mt5_bot - Balance=102029.96 Equity=102029.96 Spread=0.20 pips
2026-05-06 01:38:46 INFO mt5_bot - Session filter: UTC hour=6 outside [7,20) and [0,0)
2026-05-06 01:39:01 INFO mt5_bot - Balance=102029.96 Equity=102029.96 Spread=0.20 pips
2026-05-06 01:39:01 INFO mt5_bot - Session filter: UTC hour=6 outside [7,20) and [0,0)
2026-05-06 01:39:16 INFO mt5_bot - Balance=102029.96 Equity=102029.96 Spread=0.20 pips
2026-05-06 01:39:16 INFO mt5_bot - Session filter: UTC hour=6 outside [7,20) and [0,0)
2026-05-06 01:39:31 INFO mt5_bot - Balance=102029.96 Equity=102029.96 Spread=0.20 pips
2026-05-06 01:39:31 INFO mt5_bot - Session filter: UTC hour=6 outside [7,20) and [0,0)
2026-05-06 01:39:46 INFO mt5_bot - Balance=102029.96 Equity=102029.96 Spread=0.20 pips
2026-05-06 01:39:46 INFO mt5_bot - Session filter: UTC hour=6 outside [7,20) and [0,0)
2026-05-06 01:40:01 INFO mt5_bot - Balance=102029.96 Equity=102029.96 Spread=0.20 pips
2026-05-06 01:40:01 INFO mt5_bot - Session filter: UTC hour=6 outside [7,20) and [0,0)
2026-05-06 01:40:16 INFO mt5_bot - Balance=102029.96 Equity=102029.96 Spread=0.20 pips
2026-05-06 01:40:16 INFO mt5_bot - Session filter: UTC hour=6 outside [7,20) and [0,0)
2026-05-06 01:40:31 INFO mt5_bot - Balance=102029.96 Equity=102029.96 Spread=0.50 pips
2026-05-06 01:40:31 INFO mt5_bot - Session filter: UTC hour=6 outside [7,20) and [0,0)
2026-05-06 01:40:46 INFO mt5_bot - Balance=102029.96 Equity=102029.96 Spread=0.20 pips
2026-05-06 01:40:46 INFO mt5_bot - Session filter: UTC hour=6 outside [7,20) and [0,0)
2026-05-06 01:41:01 INFO mt5_bot - Balance=102029.96 Equity=102029.96 Spread=0.20 pips
2026-05-06 01:41:01 INFO mt5_bot - Session filter: UTC hour=6 outside [7,20) and [0,0)
2026-05-06 01:41:16 INFO mt5_bot - Balance=102029.96 Equity=102029.96 Spread=1.40 pips
2026-05-06 01:41:16 INFO mt5_bot - Session filter: UTC hour=6 outside [7,20) and [0,0)
2026-05-06 01:41:31 INFO mt5_bot - Balance=102029.96 Equity=102029.96 Spread=0.20 pips
2026-05-06 01:41:31 INFO mt5_bot - Session filter: UTC hour=6 outside [7,20) and [0,0)
2026-05-06 01:41:46 INFO mt5_bot - Balance=102029.96 Equity=102029.96 Spread=0.20 pips
2026-05-06 01:41:46 INFO mt5_bot - Session filter: UTC hour=6 outside [7,20) and [0,0)
2026-05-06 01:42:01 INFO mt5_bot - Balance=102029.96 Equity=102029.96 Spread=0.20 pips
2026-05-06 01:42:01 INFO mt5_bot - Session filter: UTC hour=6 outside [7,20) and [0,0)
2026-05-06 01:42:16 INFO mt5_bot - Balance=102029.96 Equity=102029.96 Spread=0.60 pips
2026-05-06 01:42:16 INFO mt5_bot - Session filter: UTC hour=6 outside [7,20) and [0,0)
2026-05-06 01:42:31 INFO mt5_bot - Balance=102029.96 Equity=102029.96 Spread=0.20 pips
2026-05-06 01:42:31 INFO mt5_bot - Session filter: UTC hour=6 outside [7,20) and [0,0)
2026-05-06 01:42:46 INFO mt5_bot - Balance=102029.96 Equity=102029.96 Spread=0.20 pips
2026-05-06 01:42:46 INFO mt5_bot - Session filter: UTC hour=6 outside [7,20) and [0,0)
2026-05-06 01:43:01 INFO mt5_bot - Balance=102029.96 Equity=102029.96 Spread=0.70 pips
2026-05-06 01:43:01 INFO mt5_bot - Session filter: UTC hour=6 outside [7,20) and [0,0)
2026-05-06 01:43:16 INFO mt5_bot - Balance=102029.96 Equity=102029.96 Spread=0.20 pips
2026-05-06 01:43:16 INFO mt5_bot - Session filter: UTC hour=6 outside [7,20) and [0,0)
2026-05-06 01:43:31 INFO mt5_bot - Balance=102029.96 Equity=102029.96 Spread=0.20 pips
2026-05-06 01:43:31 INFO mt5_bot - Session filter: UTC hour=6 outside [7,20) and [0,0)
2026-05-06 01:43:46 INFO mt5_bot - Balance=102029.96 Equity=102029.96 Spread=0.20 pips
2026-05-06 01:43:46 INFO mt5_bot - Session filter: UTC hour=6 outside [7,20) and [0,0)
2026-05-06 01:44:01 INFO mt5_bot - Balance=102029.96 Equity=102029.96 Spread=0.20 pips
2026-05-06 01:44:01 INFO mt5_bot - Session filter: UTC hour=6 outside [7,20) and [0,0)
2026-05-06 01:44:16 INFO mt5_bot - Balance=102029.96 Equity=102029.96 Spread=0.50 pips
2026-05-06 01:44:16 INFO mt5_bot - Session filter: UTC hour=6 outside [7,20) and [0,0)
2026-05-06 01:44:31 INFO mt5_bot - Balance=102029.96 Equity=102029.96 Spread=0.20 pips
2026-05-06 01:44:31 INFO mt5_bot - Session filter: UTC hour=6 outside [7,20) and [0,0)
2026-05-06 01:44:46 INFO mt5_bot - Balance=102029.96 Equity=102029.96 Spread=0.20 pips
2026-05-06 01:44:46 INFO mt5_bot - Session filter: UTC hour=6 outside [7,20) and [0,0)
2026-05-06 01:45:01 INFO mt5_bot - Balance=102029.96 Equity=102029.96 Spread=0.20 pips
2026-05-06 01:45:01 INFO mt5_bot - Session filter: UTC hour=6 outside [7,20) and [0,0)
2026-05-06 01:45:16 INFO mt5_bot - Balance=102029.96 Equity=102029.96 Spread=0.20 pips
2026-05-06 01:45:16 INFO mt5_bot - Session filter: UTC hour=6 outside [7,20) and [0,0)
2026-05-06 01:45:31 INFO mt5_bot - Balance=102029.96 Equity=102029.96 Spread=0.20 pips
2026-05-06 01:45:31 INFO mt5_bot - Session filter: UTC hour=6 outside [7,20) and [0,0)
2026-05-06 01:45:46 INFO mt5_bot - Balance=102029.96 Equity=102029.96 Spread=0.50 pips
2026-05-06 01:45:46 INFO mt5_bot - Session filter: UTC hour=6 outside [7,20) and [0,0)
2026-05-06 01:46:01 INFO mt5_bot - Balance=102029.96 Equity=102029.96 Spread=0.20 pips
2026-05-06 01:46:01 INFO mt5_bot - Session filter: UTC hour=6 outside [7,20) and [0,0)
2026-05-06 01:46:16 INFO mt5_bot - Balance=102029.96 Equity=102029.96 Spread=0.20 pips
2026-05-06 01:46:16 INFO mt5_bot - Session filter: UTC hour=6 outside [7,20) and [0,0)
2026-05-06 01:46:31 INFO mt5_bot - Balance=102029.96 Equity=102029.96 Spread=0.20 pips
2026-05-06 01:46:31 INFO mt5_bot - Session filter: UTC hour=6 outside [7,20) and [0,0)
2026-05-06 01:46:46 INFO mt5_bot - Balance=102029.96 Equity=102029.96 Spread=0.20 pips
2026-05-06 01:46:46 INFO mt5_bot - Session filter: UTC hour=6 outside [7,20) and [0,0)
2026-05-06 01:47:01 INFO mt5_bot - Balance=102029.96 Equity=102029.96 Spread=0.20 pips
2026-05-06 01:47:01 INFO mt5_bot - Session filter: UTC hour=6 outside [7,20) and [0,0)
2026-05-06 01:47:16 INFO mt5_bot - Balance=102029.96 Equity=102029.96 Spread=0.20 pips
2026-05-06 01:47:16 INFO mt5_bot - Session filter: UTC hour=6 outside [7,20) and [0,0)
2026-05-06 01:47:31 INFO mt5_bot - Balance=102029.96 Equity=102029.96 Spread=0.20 pips
2026-05-06 01:47:31 INFO mt5_bot - Session filter: UTC hour=6 outside [7,20) and [0,0)
2026-05-06 01:47:46 INFO mt5_bot - Balance=102029.96 Equity=102029.96 Spread=0.20 pips
2026-05-06 01:47:46 INFO mt5_bot - Session filter: UTC hour=6 outside [7,20) and [0,0)
2026-05-06 01:48:01 INFO mt5_bot - Balance=102029.96 Equity=102029.96 Spread=0.20 pips
2026-05-06 01:48:01 INFO mt5_bot - Session filter: UTC hour=6 outside [7,20) and [0,0)
2026-05-06 01:48:16 INFO mt5_bot - Balance=102029.96 Equity=102029.96 Spread=0.20 pips
2026-05-06 01:48:16 INFO mt5_bot - Session filter: UTC hour=6 outside [7,20) and [0,0)
2026-05-06 01:48:31 INFO mt5_bot - Balance=102029.96 Equity=102029.96 Spread=0.20 pips
2026-05-06 01:48:31 INFO mt5_bot - Session filter: UTC hour=6 outside [7,20) and [0,0)
2026-05-06 01:48:46 INFO mt5_bot - Balance=102029.96 Equity=102029.96 Spread=0.90 pips
2026-05-06 01:48:46 INFO mt5_bot - Session filter: UTC hour=6 outside [7,20) and [0,0)
2026-05-06 01:49:01 INFO mt5_bot - Balance=102029.96 Equity=102029.96 Spread=0.50 pips
2026-05-06 01:49:01 INFO mt5_bot - Session filter: UTC hour=6 outside [7,20) and [0,0)
2026-05-06 01:49:16 INFO mt5_bot - Balance=102029.96 Equity=102029.96 Spread=0.20 pips
2026-05-06 01:49:16 INFO mt5_bot - Session filter: UTC hour=6 outside [7,20) and [0,0)
2026-05-06 01:49:31 INFO mt5_bot - Balance=102029.96 Equity=102029.96 Spread=0.20 pips
2026-05-06 01:49:31 INFO mt5_bot - Session filter: UTC hour=6 outside [7,20) and [0,0)
2026-05-06 01:49:46 INFO mt5_bot - Balance=102029.96 Equity=102029.96 Spread=0.20 pips
2026-05-06 01:49:46 INFO mt5_bot - Session filter: UTC hour=6 outside [7,20) and [0,0)
2026-05-06 01:50:01 INFO mt5_bot - Balance=102029.96 Equity=102029.96 Spread=0.20 pips
2026-05-06 01:50:01 INFO mt5_bot - Session filter: UTC hour=6 outside [7,20) and [0,0)
2026-05-06 01:50:16 INFO mt5_bot - Balance=102029.96 Equity=102029.96 Spread=0.50 pips
2026-05-06 01:50:16 INFO mt5_bot - Session filter: UTC hour=6 outside [7,20) and [0,0)
2026-05-06 01:50:31 INFO mt5_bot - Balance=102029.96 Equity=102029.96 Spread=0.60 pips
2026-05-06 01:50:31 INFO mt5_bot - Session filter: UTC hour=6 outside [7,20) and [0,0)
2026-05-06 01:50:46 INFO mt5_bot - Balance=102029.96 Equity=102029.96 Spread=0.20 pips
2026-05-06 01:50:46 INFO mt5_bot - Session filter: UTC hour=6 outside [7,20) and [0,0)
2026-05-06 01:51:01 INFO mt5_bot - Balance=102029.96 Equity=102029.96 Spread=0.80 pips
2026-05-06 01:51:01 INFO mt5_bot - Session filter: UTC hour=6 outside [7,20) and [0,0)
2026-05-06 01:51:16 INFO mt5_bot - Balance=102029.96 Equity=102029.96 Spread=0.60 pips
2026-05-06 01:51:16 INFO mt5_bot - Session filter: UTC hour=6 outside [7,20) and [0,0)
2026-05-06 01:51:31 INFO mt5_bot - Balance=102029.96 Equity=102029.96 Spread=0.20 pips
2026-05-06 01:51:31 INFO mt5_bot - Session filter: UTC hour=6 outside [7,20) and [0,0)
2026-05-06 01:51:46 INFO mt5_bot - Balance=102029.96 Equity=102029.96 Spread=0.20 pips
2026-05-06 01:51:46 INFO mt5_bot - Session filter: UTC hour=6 outside [7,20) and [0,0)
2026-05-06 01:52:01 INFO mt5_bot - Balance=102029.96 Equity=102029.96 Spread=0.60 pips
2026-05-06 01:52:01 INFO mt5_bot - Session filter: UTC hour=6 outside [7,20) and [0,0)
2026-05-06 01:52:16 INFO mt5_bot - Balance=102029.96 Equity=102029.96 Spread=0.20 pips
2026-05-06 01:52:16 INFO mt5_bot - Session filter: UTC hour=6 outside [7,20) and [0,0)
2026-05-06 01:52:32 INFO mt5_bot - Balance=102029.96 Equity=102029.96 Spread=0.20 pips
2026-05-06 01:52:32 INFO mt5_bot - Session filter: UTC hour=6 outside [7,20) and [0,0)
2026-05-06 01:52:47 INFO mt5_bot - Balance=102029.96 Equity=102029.96 Spread=0.90 pips
2026-05-06 01:52:47 INFO mt5_bot - Session filter: UTC hour=6 outside [7,20) and [0,0)
2026-05-06 01:53:02 INFO mt5_bot - Balance=102029.96 Equity=102029.96 Spread=0.20 pips
2026-05-06 01:53:02 INFO mt5_bot - Session filter: UTC hour=6 outside [7,20) and [0,0)
2026-05-06 01:53:17 INFO mt5_bot - Balance=102029.96 Equity=102029.96 Spread=0.60 pips
2026-05-06 01:53:17 INFO mt5_bot - Session filter: UTC hour=6 outside [7,20) and [0,0)
2026-05-06 01:53:32 INFO mt5_bot - Balance=102029.96 Equity=102029.96 Spread=0.20 pips
2026-05-06 01:53:32 INFO mt5_bot - Session filter: UTC hour=6 outside [7,20) and [0,0)
2026-05-06 01:53:47 INFO mt5_bot - Balance=102029.96 Equity=102029.96 Spread=0.20 pips
2026-05-06 01:53:47 INFO mt5_bot - Session filter: UTC hour=6 outside [7,20) and [0,0)
2026-05-06 01:54:02 INFO mt5_bot - Balance=102029.96 Equity=102029.96 Spread=0.20 pips
2026-05-06 01:54:02 INFO mt5_bot - Session filter: UTC hour=6 outside [7,20) and [0,0)
2026-05-06 01:54:17 INFO mt5_bot - Balance=102029.96 Equity=102029.96 Spread=0.20 pips
2026-05-06 01:54:17 INFO mt5_bot - Session filter: UTC hour=6 outside [7,20) and [0,0)
2026-05-06 01:54:32 INFO mt5_bot - Balance=102029.96 Equity=102029.96 Spread=1.20 pips
2026-05-06 01:54:32 INFO mt5_bot - Session filter: UTC hour=6 outside [7,20) and [0,0)
2026-05-06 01:54:47 INFO mt5_bot - Balance=102029.96 Equity=102029.96 Spread=0.70 pips
2026-05-06 01:54:47 INFO mt5_bot - Session filter: UTC hour=6 outside [7,20) and [0,0)
2026-05-06 01:55:02 INFO mt5_bot - Balance=102029.96 Equity=102029.96 Spread=0.20 pips
2026-05-06 01:55:02 INFO mt5_bot - Session filter: UTC hour=6 outside [7,20) and [0,0)
2026-05-06 01:55:17 INFO mt5_bot - Balance=102029.96 Equity=102029.96 Spread=0.20 pips
2026-05-06 01:55:17 INFO mt5_bot - Session filter: UTC hour=6 outside [7,20) and [0,0)
2026-05-06 01:55:32 INFO mt5_bot - Balance=102029.96 Equity=102029.96 Spread=0.20 pips
2026-05-06 01:55:32 INFO mt5_bot - Session filter: UTC hour=6 outside [7,20) and [0,0)
2026-05-06 01:55:47 INFO mt5_bot - Balance=102029.96 Equity=102029.96 Spread=0.20 pips
2026-05-06 01:55:47 INFO mt5_bot - Session filter: UTC hour=6 outside [7,20) and [0,0)
2026-05-06 01:56:02 INFO mt5_bot - Balance=102029.96 Equity=102029.96 Spread=0.20 pips
2026-05-06 01:56:02 INFO mt5_bot - Session filter: UTC hour=6 outside [7,20) and [0,0)
2026-05-06 01:56:17 INFO mt5_bot - Balance=102029.96 Equity=102029.96 Spread=0.40 pips
2026-05-06 01:56:17 INFO mt5_bot - Session filter: UTC hour=6 outside [7,20) and [0,0)
2026-05-06 01:56:32 INFO mt5_bot - Balance=102029.96 Equity=102029.96 Spread=0.20 pips
2026-05-06 01:56:32 INFO mt5_bot - Session filter: UTC hour=6 outside [7,20) and [0,0)
2026-05-06 01:56:47 INFO mt5_bot - Balance=102029.96 Equity=102029.96 Spread=0.20 pips
2026-05-06 01:56:47 INFO mt5_bot - Session filter: UTC hour=6 outside [7,20) and [0,0)
2026-05-06 01:57:02 INFO mt5_bot - Balance=102029.96 Equity=102029.96 Spread=0.20 pips
2026-05-06 01:57:02 INFO mt5_bot - Session filter: UTC hour=6 outside [7,20) and [0,0)
2026-05-06 01:57:17 INFO mt5_bot - Balance=102029.96 Equity=102029.96 Spread=0.20 pips
2026-05-06 01:57:17 INFO mt5_bot - Session filter: UTC hour=6 outside [7,20) and [0,0)
2026-05-06 01:57:32 INFO mt5_bot - Balance=102029.96 Equity=102029.96 Spread=0.20 pips
2026-05-06 01:57:32 INFO mt5_bot - Session filter: UTC hour=6 outside [7,20) and [0,0)
2026-05-06 01:57:47 INFO mt5_bot - Balance=102029.96 Equity=102029.96 Spread=0.20 pips
2026-05-06 01:57:47 INFO mt5_bot - Session filter: UTC hour=6 outside [7,20) and [0,0)
2026-05-06 01:58:02 INFO mt5_bot - Balance=102029.96 Equity=102029.96 Spread=0.20 pips
2026-05-06 01:58:02 INFO mt5_bot - Session filter: UTC hour=6 outside [7,20) and [0,0)
2026-05-06 01:58:17 INFO mt5_bot - Balance=102029.96 Equity=102029.96 Spread=0.20 pips
2026-05-06 01:58:17 INFO mt5_bot - Session filter: UTC hour=6 outside [7,20) and [0,0)
2026-05-06 01:58:32 INFO mt5_bot - Balance=102029.96 Equity=102029.96 Spread=0.80 pips
2026-05-06 01:58:32 INFO mt5_bot - Session filter: UTC hour=6 outside [7,20) and [0,0)
2026-05-06 01:58:47 INFO mt5_bot - Balance=102029.96 Equity=102029.96 Spread=0.20 pips
2026-05-06 01:58:47 INFO mt5_bot - Session filter: UTC hour=6 outside [7,20) and [0,0)
2026-05-06 01:59:02 INFO mt5_bot - Balance=102029.96 Equity=102029.96 Spread=0.20 pips
2026-05-06 01:59:02 INFO mt5_bot - Session filter: UTC hour=6 outside [7,20) and [0,0)
2026-05-06 01:59:17 INFO mt5_bot - Balance=102029.96 Equity=102029.96 Spread=0.50 pips
2026-05-06 01:59:17 INFO mt5_bot - Session filter: UTC hour=6 outside [7,20) and [0,0)
2026-05-06 01:59:32 INFO mt5_bot - Balance=102029.96 Equity=102029.96 Spread=0.20 pips
2026-05-06 01:59:32 INFO mt5_bot - Session filter: UTC hour=6 outside [7,20) and [0,0)
2026-05-06 01:59:47 INFO mt5_bot - Balance=102029.96 Equity=102029.96 Spread=0.20 pips
2026-05-06 01:59:47 INFO mt5_bot - Session filter: UTC hour=6 outside [7,20) and [0,0)
2026-05-06 02:00:02 INFO mt5_bot - Balance=102029.96 Equity=102029.96 Spread=0.20 pips
2026-05-06 02:00:02 INFO mt5_bot.news_filter - news_filter: loaded 115 events from ForexFactory/cache
2026-05-06 02:00:02 INFO mt5_bot - Signal=NONE reason=no_closed_bar_crossover price=None trend=bullish rsi=66.4 atr_pips=5.6 adx=40.0
2026-05-06 02:00:02 INFO mt5_bot - ADX boost: adx=40.0 \u2192 risk_pct=1.88%
2026-05-06 02:00:02 INFO mt5_bot - Execution status=skipped reason=no_closed_bar_crossover
2026-05-06 02:00:17 INFO mt5_bot - Balance=102029.96 Equity=102029.96 Spread=0.50 pips
2026-05-06 02:00:17 INFO mt5_bot - Signal=NONE reason=no_closed_bar_crossover price=None trend=bullish rsi=66.4 atr_pips=5.6 adx=40.0
2026-05-06 02:00:17 INFO mt5_bot - ADX boost: adx=40.0 \u2192 risk_pct=1.88%
2026-05-06 02:00:17 INFO mt5_bot - Execution status=skipped reason=no_closed_bar_crossover
2026-05-06 02:00:32 INFO mt5_bot - Balance=102029.96 Equity=102029.96 Spread=0.50 pips
2026-05-06 02:00:32 INFO mt5_bot - Signal=NONE reason=no_closed_bar_crossover price=None trend=bullish rsi=66.4 atr_pips=5.6 adx=40.0
2026-05-06 02:00:32 INFO mt5_bot - ADX boost: adx=40.0 \u2192 risk_pct=1.88%
2026-05-06 02:00:32 INFO mt5_bot - Execution status=skipped reason=no_closed_bar_crossover
2026-05-06 02:00:47 INFO mt5_bot - Balance=102029.96 Equity=102029.96 Spread=0.50 pips
2026-05-06 02:00:47 INFO mt5_bot - Signal=NONE reason=no_closed_bar_crossover price=None trend=bullish rsi=66.4 atr_pips=5.6 adx=40.0
2026-05-06 02:00:47 INFO mt5_bot - ADX boost: adx=40.0 \u2192 risk_pct=1.88%
2026-05-06 02:00:47 INFO mt5_bot - Execution status=skipped reason=no_closed_bar_crossover
2026-05-06 02:01:02 INFO mt5_bot - Balance=102029.96 Equity=102029.96 Spread=0.20 pips
2026-05-06 02:01:02 INFO mt5_bot - Signal=NONE reason=no_closed_bar_crossover price=None trend=bullish rsi=66.4 atr_pips=5.6 adx=40.0
2026-05-06 02:01:02 INFO mt5_bot - ADX boost: adx=40.0 \u2192 risk_pct=1.88%
2026-05-06 02:01:02 INFO mt5_bot - Execution status=skipped reason=no_closed_bar_crossover
2026-05-06 02:01:17 INFO mt5_bot - Balance=102029.96 Equity=102029.96 Spread=0.90 pips
2026-05-06 02:01:17 INFO mt5_bot - Signal=NONE reason=no_closed_bar_crossover price=None trend=bullish rsi=66.4 atr_pips=5.6 adx=40.0
2026-05-06 02:01:17 INFO mt5_bot - ADX boost: adx=40.0 \u2192 risk_pct=1.88%
2026-05-06 02:01:17 INFO mt5_bot - Execution status=skipped reason=no_closed_bar_crossover
2026-05-06 02:01:32 INFO mt5_bot - Balance=102029.96 Equity=102029.96 Spread=0.60 pips
2026-05-06 02:01:32 INFO mt5_bot - Signal=NONE reason=no_closed_bar_crossover price=None trend=bullish rsi=66.4 atr_pips=5.6 adx=40.0
2026-05-06 02:01:32 INFO mt5_bot - ADX boost: adx=40.0 \u2192 risk_pct=1.88%
2026-05-06 02:01:32 INFO mt5_bot - Execution status=skipped reason=no_closed_bar_crossover
2026-05-06 02:01:47 INFO mt5_bot - Balance=102029.96 Equity=102029.96 Spread=0.20 pips
2026-05-06 02:01:47 INFO mt5_bot - Signal=NONE reason=no_closed_bar_crossover price=None trend=bullish rsi=66.4 atr_pips=5.6 adx=40.0
2026-05-06 02:01:47 INFO mt5_bot - ADX boost: adx=40.0 \u2192 risk_pct=1.88%
2026-05-06 02:01:47 INFO mt5_bot - Execution status=skipped reason=no_closed_bar_crossover
2026-05-06 02:02:02 INFO mt5_bot - Balance=102029.96 Equity=102029.96 Spread=0.20 pips
2026-05-06 02:02:02 INFO mt5_bot - Signal=NONE reason=no_closed_bar_crossover price=None trend=bullish rsi=66.4 atr_pips=5.6 adx=40.0
2026-05-06 02:02:02 INFO mt5_bot - ADX boost: adx=40.0 \u2192 risk_pct=1.88%
2026-05-06 02:02:02 INFO mt5_bot - Execution status=skipped reason=no_closed_bar_crossover
2026-05-06 02:02:17 INFO mt5_bot - Balance=102029.96 Equity=102029.96 Spread=0.20 pips
2026-05-06 02:02:17 INFO mt5_bot - Signal=NONE reason=no_closed_bar_crossover price=None trend=bullish rsi=66.4 atr_pips=5.6 adx=40.0
2026-05-06 02:02:17 INFO mt5_bot - ADX boost: adx=40.0 \u2192 risk_pct=1.88%
2026-05-06 02:02:17 INFO mt5_bot - Execution status=skipped reason=no_closed_bar_crossover
2026-05-06 02:02:32 INFO mt5_bot - Balance=102029.96 Equity=102029.96 Spread=0.20 pips
2026-05-06 02:02:32 INFO mt5_bot - Signal=NONE reason=no_closed_bar_crossover price=None trend=bullish rsi=66.4 atr_pips=5.6 adx=40.0
2026-05-06 02:02:32 INFO mt5_bot - ADX boost: adx=40.0 \u2192 risk_pct=1.88%
2026-05-06 02:02:32 INFO mt5_bot - Execution status=skipped reason=no_closed_bar_crossover
2026-05-06 02:02:47 INFO mt5_bot - Balance=102029.96 Equity=102029.96 Spread=0.20 pips
2026-05-06 02:02:47 INFO mt5_bot - Signal=NONE reason=no_closed_bar_crossover price=None trend=bullish rsi=66.4 atr_pips=5.6 adx=40.0
2026-05-06 02:02:47 INFO mt5_bot - ADX boost: adx=40.0 \u2192 risk_pct=1.88%
2026-05-06 02:02:47 INFO mt5_bot - Execution status=skipped reason=no_closed_bar_crossover
2026-05-06 02:03:02 INFO mt5_bot - Balance=102029.96 Equity=102029.96 Spread=0.20 pips
2026-05-06 02:03:02 INFO mt5_bot - Signal=NONE reason=no_closed_bar_crossover price=None trend=bullish rsi=66.4 atr_pips=5.6 adx=40.0
2026-05-06 02:03:02 INFO mt5_bot - ADX boost: adx=40.0 \u2192 risk_pct=1.88%
2026-05-06 02:03:02 INFO mt5_bot - Execution status=skipped reason=no_closed_bar_crossover
2026-05-06 02:03:17 INFO mt5_bot - Balance=102029.96 Equity=102029.96 Spread=0.20 pips
2026-05-06 02:03:17 INFO mt5_bot - Signal=NONE reason=no_closed_bar_crossover price=None trend=bullish rsi=66.4 atr_pips=5.6 adx=40.0
2026-05-06 02:03:17 INFO mt5_bot - ADX boost: adx=40.0 \u2192 risk_pct=1.88%
2026-05-06 02:03:17 INFO mt5_bot - Execution status=skipped reason=no_closed_bar_crossover
2026-05-06 02:03:32 INFO mt5_bot - Balance=102029.96 Equity=102029.96 Spread=0.20 pips
2026-05-06 02:03:32 INFO mt5_bot - Signal=NONE reason=no_closed_bar_crossover price=None trend=bullish rsi=66.4 atr_pips=5.6 adx=40.0
2026-05-06 02:03:32 INFO mt5_bot - ADX boost: adx=40.0 \u2192 risk_pct=1.88%
2026-05-06 02:03:32 INFO mt5_bot - Execution status=skipped reason=no_closed_bar_crossover
2026-05-06 02:03:47 INFO mt5_bot - Balance=102029.96 Equity=102029.96 Spread=0.20 pips
2026-05-06 02:03:47 INFO mt5_bot - Signal=NONE reason=no_closed_bar_crossover price=None trend=bullish rsi=66.4 atr_pips=5.6 adx=40.0
2026-05-06 02:03:47 INFO mt5_bot - ADX boost: adx=40.0 \u2192 risk_pct=1.88%
2026-05-06 02:03:47 INFO mt5_bot - Execution status=skipped reason=no_closed_bar_crossover
2026-05-06 02:04:02 INFO mt5_bot - Balance=102029.96 Equity=102029.96 Spread=0.50 pips
2026-05-06 02:04:02 INFO mt5_bot - Signal=NONE reason=no_closed_bar_crossover price=None trend=bullish rsi=66.4 atr_pips=5.6 adx=40.0
2026-05-06 02:04:02 INFO mt5_bot - ADX boost: adx=40.0 \u2192 risk_pct=1.88%
2026-05-06 02:04:02 INFO mt5_bot - Execution status=skipped reason=no_closed_bar_crossover
2026-05-06 02:04:17 INFO mt5_bot - Balance=102029.96 Equity=102029.96 Spread=0.20 pips
2026-05-06 02:04:17 INFO mt5_bot - Signal=NONE reason=no_closed_bar_crossover price=None trend=bullish rsi=66.4 atr_pips=5.6 adx=40.0
2026-05-06 02:04:17 INFO mt5_bot - ADX boost: adx=40.0 \u2192 risk_pct=1.88%
2026-05-06 02:04:17 INFO mt5_bot - Execution status=skipped reason=no_closed_bar_crossover
2026-05-06 02:04:32 INFO mt5_bot - Balance=102029.96 Equity=102029.96 Spread=0.20 pips
2026-05-06 02:04:32 INFO mt5_bot - Signal=NONE reason=no_closed_bar_crossover price=None trend=bullish rsi=66.4 atr_pips=5.6 adx=40.0
2026-05-06 02:04:32 INFO mt5_bot - ADX boost: adx=40.0 \u2192 risk_pct=1.88%
2026-05-06 02:04:32 INFO mt5_bot - Execution status=skipped reason=no_closed_bar_crossover
2026-05-06 02:04:47 INFO mt5_bot - Balance=102029.96 Equity=102029.96 Spread=0.20 pips
2026-05-06 02:04:47 INFO mt5_bot - Signal=NONE reason=no_closed_bar_crossover price=None trend=bullish rsi=66.4 atr_pips=5.6 adx=40.0
2026-05-06 02:04:47 INFO mt5_bot - ADX boost: adx=40.0 \u2192 risk_pct=1.88%
2026-05-06 02:04:47 INFO mt5_bot - Execution status=skipped reason=no_closed_bar_crossover
2026-05-06 02:05:02 INFO mt5_bot - Balance=102029.96 Equity=102029.96 Spread=0.20 pips
2026-05-06 02:05:02 INFO mt5_bot - Signal=NONE reason=no_closed_bar_crossover price=None trend=bullish rsi=66.4 atr_pips=5.6 adx=40.0
2026-05-06 02:05:02 INFO mt5_bot - ADX boost: adx=40.0 \u2192 risk_pct=1.88%
2026-05-06 02:05:02 INFO mt5_bot - Execution status=skipped reason=no_closed_bar_crossover
2026-05-06 02:05:17 INFO mt5_bot - Balance=102029.96 Equity=102029.96 Spread=0.70 pips
2026-05-06 02:05:17 INFO mt5_bot - Signal=NONE reason=no_closed_bar_crossover price=None trend=bullish rsi=66.4 atr_pips=5.6 adx=40.0
2026-05-06 02:05:17 INFO mt5_bot - ADX boost: adx=40.0 \u2192 risk_pct=1.88%
2026-05-06 02:05:17 INFO mt5_bot - Execution status=skipped reason=no_closed_bar_crossover
2026-05-06 02:05:32 INFO mt5_bot - Balance=102029.96 Equity=102029.96 Spread=0.20 pips
2026-05-06 02:05:32 INFO mt5_bot - Signal=NONE reason=no_closed_bar_crossover price=None trend=bullish rsi=66.4 atr_pips=5.6 adx=40.0
2026-05-06 02:05:32 INFO mt5_bot - ADX boost: adx=40.0 \u2192 risk_pct=1.88%
2026-05-06 02:05:32 INFO mt5_bot - Execution status=skipped reason=no_closed_bar_crossover
2026-05-06 02:05:47 INFO mt5_bot - Balance=102029.96 Equity=102029.96 Spread=0.20 pips
2026-05-06 02:05:47 INFO mt5_bot - Signal=NONE reason=no_closed_bar_crossover price=None trend=bullish rsi=66.4 atr_pips=5.6 adx=40.0
2026-05-06 02:05:47 INFO mt5_bot - ADX boost: adx=40.0 \u2192 risk_pct=1.88%
2026-05-06 02:05:47 INFO mt5_bot - Execution status=skipped reason=no_closed_bar_crossover
2026-05-06 02:06:02 INFO mt5_bot - Balance=102029.96 Equity=102029.96 Spread=0.20 pips
2026-05-06 02:06:02 INFO mt5_bot - Signal=NONE reason=no_closed_bar_crossover price=None trend=bullish rsi=66.4 atr_pips=5.6 adx=40.0
2026-05-06 02:06:02 INFO mt5_bot - ADX boost: adx=40.0 \u2192 risk_pct=1.88%
2026-05-06 02:06:02 INFO mt5_bot - Execution status=skipped reason=no_closed_bar_crossover
2026-05-06 02:06:17 INFO mt5_bot - Balance=102029.96 Equity=102029.96 Spread=0.20 pips
2026-05-06 02:06:17 INFO mt5_bot - Signal=NONE reason=no_closed_bar_crossover price=None trend=bullish rsi=66.4 atr_pips=5.6 adx=40.0
2026-05-06 02:06:17 INFO mt5_bot - ADX boost: adx=40.0 \u2192 risk_pct=1.88%
2026-05-06 02:06:17 INFO mt5_bot - Execution status=skipped reason=no_closed_bar_crossover
2026-05-06 02:06:32 INFO mt5_bot - Balance=102029.96 Equity=102029.96 Spread=0.20 pips
2026-05-06 02:06:32 INFO mt5_bot - Signal=NONE reason=no_closed_bar_crossover price=None trend=bullish rsi=66.4 atr_pips=5.6 adx=40.0
2026-05-06 02:06:32 INFO mt5_bot - ADX boost: adx=40.0 \u2192 risk_pct=1.88%
2026-05-06 02:06:32 INFO mt5_bot - Execution status=skipped reason=no_closed_bar_crossover
2026-05-06 02:06:47 INFO mt5_bot - Balance=102029.96 Equity=102029.96 Spread=0.60 pips
2026-05-06 02:06:47 INFO mt5_bot - Signal=NONE reason=no_closed_bar_crossover price=None trend=bullish rsi=66.4 atr_pips=5.6 adx=40.0
2026-05-06 02:06:47 INFO mt5_bot - ADX boost: adx=40.0 \u2192 risk_pct=1.88%
2026-05-06 02:06:47 INFO mt5_bot - Execution status=skipped reason=no_closed_bar_crossover
2026-05-06 02:07:02 INFO mt5_bot - Balance=102029.96 Equity=102029.96 Spread=0.20 pips
2026-05-06 02:07:02 INFO mt5_bot - Signal=NONE reason=no_closed_bar_crossover price=None trend=bullish rsi=66.4 atr_pips=5.6 adx=40.0
2026-05-06 02:07:02 INFO mt5_bot - ADX boost: adx=40.0 \u2192 risk_pct=1.88%
2026-05-06 02:07:02 INFO mt5_bot - Execution status=skipped reason=no_closed_bar_crossover
2026-05-06 02:07:17 INFO mt5_bot - Balance=102029.96 Equity=102029.96 Spread=0.20 pips
2026-05-06 02:07:17 INFO mt5_bot - Signal=NONE reason=no_closed_bar_crossover price=None trend=bullish rsi=66.4 atr_pips=5.6 adx=40.0
2026-05-06 02:07:17 INFO mt5_bot - ADX boost: adx=40.0 \u2192 risk_pct=1.88%
2026-05-06 02:07:17 INFO mt5_bot - Execution status=skipped reason=no_closed_bar_crossover
2026-05-06 02:07:32 INFO mt5_bot - Balance=102029.96 Equity=102029.96 Spread=0.20 pips
2026-05-06 02:07:32 INFO mt5_bot - Signal=NONE reason=no_closed_bar_crossover price=None trend=bullish rsi=66.4 atr_pips=5.6 adx=40.0
2026-05-06 02:07:32 INFO mt5_bot - ADX boost: adx=40.0 \u2192 risk_pct=1.88%
2026-05-06 02:07:32 INFO mt5_bot - Execution status=skipped reason=no_closed_bar_crossover
2026-05-06 02:07:47 INFO mt5_bot - Balance=102029.96 Equity=102029.96 Spread=0.20 pips
2026-05-06 02:07:47 INFO mt5_bot - Signal=NONE reason=no_closed_bar_crossover price=None trend=bullish rsi=66.4 atr_pips=5.6 adx=40.0
2026-05-06 02:07:47 INFO mt5_bot - ADX boost: adx=40.0 \u2192 risk_pct=1.88%
2026-05-06 02:07:47 INFO mt5_bot - Execution status=skipped reason=no_closed_bar_crossover
2026-05-06 02:08:02 INFO mt5_bot - Balance=102029.96 Equity=102029.96 Spread=0.20 pips
2026-05-06 02:08:02 INFO mt5_bot - Signal=NONE reason=no_closed_bar_crossover price=None trend=bullish rsi=66.4 atr_pips=5.6 adx=40.0
2026-05-06 02:08:02 INFO mt5_bot - ADX boost: adx=40.0 \u2192 risk_pct=1.88%
2026-05-06 02:08:02 INFO mt5_bot - Execution status=skipped reason=no_closed_bar_crossover
2026-05-06 02:08:17 INFO mt5_bot - Balance=102029.96 Equity=102029.96 Spread=0.20 pips
2026-05-06 02:08:17 INFO mt5_bot - Signal=NONE reason=no_closed_bar_crossover price=None trend=bullish rsi=66.4 atr_pips=5.6 adx=40.0
2026-05-06 02:08:17 INFO mt5_bot - ADX boost: adx=40.0 \u2192 risk_pct=1.88%
2026-05-06 02:08:17 INFO mt5_bot - Execution status=skipped reason=no_closed_bar_crossover
2026-05-06 02:08:32 INFO mt5_bot - Balance=102029.96 Equity=102029.96 Spread=0.20 pips
2026-05-06 02:08:32 INFO mt5_bot - Signal=NONE reason=no_closed_bar_crossover price=None trend=bullish rsi=66.4 atr_pips=5.6 adx=40.0
2026-05-06 02:08:32 INFO mt5_bot - ADX boost: adx=40.0 \u2192 risk_pct=1.88%
2026-05-06 02:08:32 INFO mt5_bot - Execution status=skipped reason=no_closed_bar_crossover
2026-05-06 02:08:47 INFO mt5_bot - Balance=102029.96 Equity=102029.96 Spread=0.60 pips
2026-05-06 02:08:47 INFO mt5_bot - Signal=NONE reason=no_closed_bar_crossover price=None trend=bullish rsi=66.4 atr_pips=5.6 adx=40.0
2026-05-06 02:08:47 INFO mt5_bot - ADX boost: adx=40.0 \u2192 risk_pct=1.88%
2026-05-06 02:08:47 INFO mt5_bot - Execution status=skipped reason=no_closed_bar_crossover
2026-05-06 02:09:02 INFO mt5_bot - Balance=102029.96 Equity=102029.96 Spread=1.50 pips
2026-05-06 02:09:02 INFO mt5_bot - Signal=NONE reason=no_closed_bar_crossover price=None trend=bullish rsi=66.4 atr_pips=5.6 adx=40.0
2026-05-06 02:09:02 INFO mt5_bot - ADX boost: adx=40.0 \u2192 risk_pct=1.88%
2026-05-06 02:09:02 INFO mt5_bot - Execution status=skipped reason=no_closed_bar_crossover
2026-05-06 02:09:17 INFO mt5_bot - Balance=102029.96 Equity=102029.96 Spread=0.20 pips
2026-05-06 02:09:17 INFO mt5_bot - Signal=NONE reason=no_closed_bar_crossover price=None trend=bullish rsi=66.4 atr_pips=5.6 adx=40.0
2026-05-06 02:09:17 INFO mt5_bot - ADX boost: adx=40.0 \u2192 risk_pct=1.88%
2026-05-06 02:09:17 INFO mt5_bot - Execution status=skipped reason=no_closed_bar_crossover
2026-05-06 02:09:32 INFO mt5_bot - Balance=102029.96 Equity=102029.96 Spread=1.10 pips
2026-05-06 02:09:33 INFO mt5_bot - Signal=NONE reason=no_closed_bar_crossover price=None trend=bullish rsi=66.4 atr_pips=5.6 adx=40.0
2026-05-06 02:09:33 INFO mt5_bot - ADX boost: adx=40.0 \u2192 risk_pct=1.88%
2026-05-06 02:09:33 INFO mt5_bot - Execution status=skipped reason=no_closed_bar_crossover
2026-05-06 02:09:48 INFO mt5_bot - Balance=102029.96 Equity=102029.96 Spread=0.20 pips
2026-05-06 02:09:48 INFO mt5_bot - Signal=NONE reason=no_closed_bar_crossover price=None trend=bullish rsi=66.4 atr_pips=5.6 adx=40.0
2026-05-06 02:09:48 INFO mt5_bot - ADX boost: adx=40.0 \u2192 risk_pct=1.88%
2026-05-06 02:09:48 INFO mt5_bot - Execution status=skipped reason=no_closed_bar_crossover
2026-05-06 02:10:03 INFO mt5_bot - Balance=102029.96 Equity=102029.96 Spread=0.20 pips
2026-05-06 02:10:03 INFO mt5_bot - Signal=NONE reason=no_closed_bar_crossover price=None trend=bullish rsi=66.4 atr_pips=5.6 adx=40.0
2026-05-06 02:10:03 INFO mt5_bot - ADX boost: adx=40.0 \u2192 risk_pct=1.88%
2026-05-06 02:10:03 INFO mt5_bot - Execution status=skipped reason=no_closed_bar_crossover
2026-05-06 02:10:18 INFO mt5_bot - Balance=102029.96 Equity=102029.96 Spread=0.20 pips
2026-05-06 02:10:18 INFO mt5_bot - Signal=NONE reason=no_closed_bar_crossover price=None trend=bullish rsi=66.4 atr_pips=5.6 adx=40.0
2026-05-06 02:10:18 INFO mt5_bot - ADX boost: adx=40.0 \u2192 risk_pct=1.88%
2026-05-06 02:10:18 INFO mt5_bot - Execution status=skipped reason=no_closed_bar_crossover
2026-05-06 02:10:33 INFO mt5_bot - Balance=102029.96 Equity=102029.96 Spread=0.40 pips
2026-05-06 02:10:33 INFO mt5_bot - Signal=NONE reason=no_closed_bar_crossover price=None trend=bullish rsi=66.4 atr_pips=5.6 adx=40.0
2026-05-06 02:10:33 INFO mt5_bot - ADX boost: adx=40.0 \u2192 risk_pct=1.88%
2026-05-06 02:10:33 INFO mt5_bot - Execution status=skipped reason=no_closed_bar_crossover
2026-05-06 02:10:48 INFO mt5_bot - Balance=102029.96 Equity=102029.96 Spread=0.20 pips
2026-05-06 02:10:48 INFO mt5_bot - Signal=NONE reason=no_closed_bar_crossover price=None trend=bullish rsi=66.4 atr_pips=5.6 adx=40.0
2026-05-06 02:10:48 INFO mt5_bot - ADX boost: adx=40.0 \u2192 risk_pct=1.88%
2026-05-06 02:10:48 INFO mt5_bot - Execution status=skipped reason=no_closed_bar_crossover
2026-05-06 02:11:03 INFO mt5_bot - Balance=102029.96 Equity=102029.96 Spread=0.20 pips
2026-05-06 02:11:03 INFO mt5_bot - Signal=NONE reason=no_closed_bar_crossover price=None trend=bullish rsi=66.4 atr_pips=5.6 adx=40.0
2026-05-06 02:11:03 INFO mt5_bot - ADX boost: adx=40.0 \u2192 risk_pct=1.88%
2026-05-06 02:11:03 INFO mt5_bot - Execution status=skipped reason=no_closed_bar_crossover
2026-05-06 02:11:18 INFO mt5_bot - Balance=102029.96 Equity=102029.96 Spread=0.50 pips
2026-05-06 02:11:18 INFO mt5_bot - Signal=NONE reason=no_closed_bar_crossover price=None trend=bullish rsi=66.4 atr_pips=5.6 adx=40.0
2026-05-06 02:11:18 INFO mt5_bot - ADX boost: adx=40.0 \u2192 risk_pct=1.88%
2026-05-06 02:11:18 INFO mt5_bot - Execution status=skipped reason=no_closed_bar_crossover
2026-05-06 02:11:33 INFO mt5_bot - Balance=102029.96 Equity=102029.96 Spread=0.20 pips
2026-05-06 02:11:33 INFO mt5_bot - Signal=NONE reason=no_closed_bar_crossover price=None trend=bullish rsi=66.4 atr_pips=5.6 adx=40.0
2026-05-06 02:11:33 INFO mt5_bot - ADX boost: adx=40.0 \u2192 risk_pct=1.88%
2026-05-06 02:11:33 INFO mt5_bot - Execution status=skipped reason=no_closed_bar_crossover
2026-05-06 02:11:48 INFO mt5_bot - Balance=102029.96 Equity=102029.96 Spread=0.60 pips
2026-05-06 02:11:48 INFO mt5_bot - Signal=NONE reason=no_closed_bar_crossover price=None trend=bullish rsi=66.4 atr_pips=5.6 adx=40.0
2026-05-06 02:11:48 INFO mt5_bot - ADX boost: adx=40.0 \u2192 risk_pct=1.88%
2026-05-06 02:11:48 INFO mt5_bot - Execution status=skipped reason=no_closed_bar_crossover
2026-05-06 02:12:03 INFO mt5_bot - Balance=102029.96 Equity=102029.96 Spread=0.20 pips
2026-05-06 02:12:03 INFO mt5_bot - Signal=NONE reason=no_closed_bar_crossover price=None trend=bullish rsi=66.4 atr_pips=5.6 adx=40.0
2026-05-06 02:12:03 INFO mt5_bot - ADX boost: adx=40.0 \u2192 risk_pct=1.88%
2026-05-06 02:12:03 INFO mt5_bot - Execution status=skipped reason=no_closed_bar_crossover
2026-05-06 02:12:18 INFO mt5_bot - Balance=102029.96 Equity=102029.96 Spread=0.20 pips
2026-05-06 02:12:18 INFO mt5_bot - Signal=NONE reason=no_closed_bar_crossover price=None trend=bullish rsi=66.4 atr_pips=5.6 adx=40.0
2026-05-06 02:12:18 INFO mt5_bot - ADX boost: adx=40.0 \u2192 risk_pct=1.88%
2026-05-06 02:12:18 INFO mt5_bot - Execution status=skipped reason=no_closed_bar_crossover
2026-05-06 02:12:33 INFO mt5_bot - Balance=102029.96 Equity=102029.96 Spread=0.20 pips
2026-05-06 02:12:33 INFO mt5_bot - Signal=NONE reason=no_closed_bar_crossover price=None trend=bullish rsi=66.4 atr_pips=5.6 adx=40.0
2026-05-06 02:12:33 INFO mt5_bot - ADX boost: adx=40.0 \u2192 risk_pct=1.88%
2026-05-06 02:12:33 INFO mt5_bot - Execution status=skipped reason=no_closed_bar_crossover
2026-05-06 02:12:48 INFO mt5_bot - Balance=102029.96 Equity=102029.96 Spread=0.20 pips
2026-05-06 02:12:48 INFO mt5_bot - Signal=NONE reason=no_closed_bar_crossover price=None trend=bullish rsi=66.4 atr_pips=5.6 adx=40.0
2026-05-06 02:12:48 INFO mt5_bot - ADX boost: adx=40.0 \u2192 risk_pct=1.88%
2026-05-06 02:12:48 INFO mt5_bot - Execution status=skipped reason=no_closed_bar_crossover
2026-05-06 02:13:03 INFO mt5_bot - Balance=102029.96 Equity=102029.96 Spread=0.20 pips
2026-05-06 02:13:03 INFO mt5_bot - Signal=NONE reason=no_closed_bar_crossover price=None trend=bullish rsi=66.4 atr_pips=5.6 adx=40.0
2026-05-06 02:13:03 INFO mt5_bot - ADX boost: adx=40.0 \u2192 risk_pct=1.88%
2026-05-06 02:13:03 INFO mt5_bot - Execution status=skipped reason=no_closed_bar_crossover
2026-05-06 02:13:18 INFO mt5_bot - Balance=102029.96 Equity=102029.96 Spread=0.20 pips
2026-05-06 02:13:18 INFO mt5_bot - Signal=NONE reason=no_closed_bar_crossover price=None trend=bullish rsi=66.4 atr_pips=5.6 adx=40.0
2026-05-06 02:13:18 INFO mt5_bot - ADX boost: adx=40.0 \u2192 risk_pct=1.88%
2026-05-06 02:13:18 INFO mt5_bot - Execution status=skipped reason=no_closed_bar_crossover
2026-05-06 02:13:33 INFO mt5_bot - Balance=102029.96 Equity=102029.96 Spread=0.20 pips
2026-05-06 02:13:33 INFO mt5_bot - Signal=NONE reason=no_closed_bar_crossover price=None trend=bullish rsi=66.4 atr_pips=5.6 adx=40.0
2026-05-06 02:13:33 INFO mt5_bot - ADX boost: adx=40.0 \u2192 risk_pct=1.88%
2026-05-06 02:13:33 INFO mt5_bot - Execution status=skipped reason=no_closed_bar_crossover
2026-05-06 02:13:48 INFO mt5_bot - Balance=102029.96 Equity=102029.96 Spread=0.20 pips
2026-05-06 02:13:48 INFO mt5_bot - Signal=NONE reason=no_closed_bar_crossover price=None trend=bullish rsi=66.4 atr_pips=5.6 adx=40.0
2026-05-06 02:13:48 INFO mt5_bot - ADX boost: adx=40.0 \u2192 risk_pct=1.88%
2026-05-06 02:13:48 INFO mt5_bot - Execution status=skipped reason=no_closed_bar_crossover
2026-05-06 02:14:03 INFO mt5_bot - Balance=102029.96 Equity=102029.96 Spread=0.20 pips
2026-05-06 02:14:03 INFO mt5_bot - Signal=NONE reason=no_closed_bar_crossover price=None trend=bullish rsi=66.4 atr_pips=5.6 adx=40.0
2026-05-06 02:14:03 INFO mt5_bot - ADX boost: adx=40.0 \u2192 risk_pct=1.88%
2026-05-06 02:14:03 INFO mt5_bot - Execution status=skipped reason=no_closed_bar_crossover
2026-05-06 02:14:18 INFO mt5_bot - Balance=102029.96 Equity=102029.96 Spread=0.40 pips
2026-05-06 02:14:18 INFO mt5_bot - Signal=NONE reason=no_closed_bar_crossover price=None trend=bullish rsi=66.4 atr_pips=5.6 adx=40.0
2026-05-06 02:14:18 INFO mt5_bot - ADX boost: adx=40.0 \u2192 risk_pct=1.88%
2026-05-06 02:14:18 INFO mt5_bot - Execution status=skipped reason=no_closed_bar_crossover
2026-05-06 02:14:33 INFO mt5_bot - Balance=102029.96 Equity=102029.96 Spread=0.20 pips
2026-05-06 02:14:33 INFO mt5_bot - Signal=NONE reason=no_closed_bar_crossover price=None trend=bullish rsi=66.4 atr_pips=5.6 adx=40.0
2026-05-06 02:14:33 INFO mt5_bot - ADX boost: adx=40.0 \u2192 risk_pct=1.88%
2026-05-06 02:14:33 INFO mt5_bot - Execution status=skipped reason=no_closed_bar_crossover
2026-05-06 02:14:48 INFO mt5_bot - Balance=102029.96 Equity=102029.96 Spread=0.20 pips
2026-05-06 02:14:48 INFO mt5_bot - Signal=NONE reason=no_closed_bar_crossover price=None trend=bullish rsi=66.4 atr_pips=5.6 adx=40.0
2026-05-06 02:14:48 INFO mt5_bot - ADX boost: adx=40.0 \u2192 risk_pct=1.88%
2026-05-06 02:14:48 INFO mt5_bot - Execution status=skipped reason=no_closed_bar_crossover
2026-05-06 02:15:03 INFO mt5_bot - Balance=102029.96 Equity=102029.96 Spread=0.20 pips
2026-05-06 02:15:03 INFO mt5_bot - Signal=NONE reason=no_closed_bar_crossover price=None trend=bullish rsi=56.2 atr_pips=5.8 adx=39.1
2026-05-06 02:15:03 INFO mt5_bot - ADX boost: adx=39.1 \u2192 risk_pct=1.88%
2026-05-06 02:15:03 INFO mt5_bot - Execution status=skipped reason=no_closed_bar_crossover
2026-05-06 02:15:18 INFO mt5_bot - Balance=102029.96 Equity=102029.96 Spread=0.20 pips
2026-05-06 02:15:18 INFO mt5_bot - Signal=NONE reason=no_closed_bar_crossover price=None trend=bullish rsi=56.2 atr_pips=5.8 adx=39.1
2026-05-06 02:15:18 INFO mt5_bot - ADX boost: adx=39.1 \u2192 risk_pct=1.88%
2026-05-06 02:15:18 INFO mt5_bot - Execution status=skipped reason=no_closed_bar_crossover
2026-05-06 02:15:33 INFO mt5_bot - Balance=102029.96 Equity=102029.96 Spread=0.20 pips
2026-05-06 02:15:33 INFO mt5_bot - Signal=NONE reason=no_closed_bar_crossover price=None trend=bullish rsi=56.2 atr_pips=5.8 adx=39.1
2026-05-06 02:15:33 INFO mt5_bot - ADX boost: adx=39.1 \u2192 risk_pct=1.88%
2026-05-06 02:15:33 INFO mt5_bot - Execution status=skipped reason=no_closed_bar_crossover
2026-05-06 02:15:48 INFO mt5_bot - Balance=102029.96 Equity=102029.96 Spread=0.20 pips
2026-05-06 02:15:48 INFO mt5_bot - Signal=NONE reason=no_closed_bar_crossover price=None trend=bullish rsi=56.2 atr_pips=5.8 adx=39.1
2026-05-06 02:15:48 INFO mt5_bot - ADX boost: adx=39.1 \u2192 risk_pct=1.88%
2026-05-06 02:15:48 INFO mt5_bot - Execution status=skipped reason=no_closed_bar_crossover
2026-05-06 02:16:03 INFO mt5_bot - Balance=102029.96 Equity=102029.96 Spread=0.20 pips
2026-05-06 02:16:03 INFO mt5_bot - Signal=NONE reason=no_closed_bar_crossover price=None trend=bullish rsi=56.2 atr_pips=5.8 adx=39.1
2026-05-06 02:16:03 INFO mt5_bot - ADX boost: adx=39.1 \u2192 risk_pct=1.88%
2026-05-06 02:16:03 INFO mt5_bot - Execution status=skipped reason=no_closed_bar_crossover
2026-05-06 02:16:18 INFO mt5_bot - Balance=102029.96 Equity=102029.96 Spread=0.20 pips
2026-05-06 02:16:18 INFO mt5_bot - Signal=NONE reason=no_closed_bar_crossover price=None trend=bullish rsi=56.2 atr_pips=5.8 adx=39.1
2026-05-06 02:16:18 INFO mt5_bot - ADX boost: adx=39.1 \u2192 risk_pct=1.88%
2026-05-06 02:16:18 INFO mt5_bot - Execution status=skipped reason=no_closed_bar_crossover
2026-05-06 02:16:33 INFO mt5_bot - Balance=102029.96 Equity=102029.96 Spread=0.20 pips
2026-05-06 02:16:33 INFO mt5_bot - Signal=NONE reason=no_closed_bar_crossover price=None trend=bullish rsi=56.2 atr_pips=5.8 adx=39.1
2026-05-06 02:16:33 INFO mt5_bot - ADX boost: adx=39.1 \u2192 risk_pct=1.88%
2026-05-06 02:16:33 INFO mt5_bot - Execution status=skipped reason=no_closed_bar_crossover
2026-05-06 02:16:48 INFO mt5_bot - Balance=102029.96 Equity=102029.96 Spread=0.50 pips
2026-05-06 02:16:48 INFO mt5_bot - Signal=NONE reason=no_closed_bar_crossover price=None trend=bullish rsi=56.2 atr_pips=5.8 adx=39.1
2026-05-06 02:16:48 INFO mt5_bot - ADX boost: adx=39.1 \u2192 risk_pct=1.88%
2026-05-06 02:16:48 INFO mt5_bot - Execution status=skipped reason=no_closed_bar_crossover
2026-05-06 02:17:03 INFO mt5_bot - Balance=102029.96 Equity=102029.96 Spread=0.20 pips
2026-05-06 02:17:03 INFO mt5_bot - Signal=NONE reason=no_closed_bar_crossover price=None trend=bullish rsi=56.2 atr_pips=5.8 adx=39.1
2026-05-06 02:17:03 INFO mt5_bot - ADX boost: adx=39.1 \u2192 risk_pct=1.88%
2026-05-06 02:17:03 INFO mt5_bot - Execution status=skipped reason=no_closed_bar_crossover
2026-05-06 02:17:18 INFO mt5_bot - Balance=102029.96 Equity=102029.96 Spread=0.20 pips
2026-05-06 02:17:18 INFO mt5_bot - Signal=NONE reason=no_closed_bar_crossover price=None trend=bullish rsi=56.2 atr_pips=5.8 adx=39.1
2026-05-06 02:17:18 INFO mt5_bot - ADX boost: adx=39.1 \u2192 risk_pct=1.88%
2026-05-06 02:17:18 INFO mt5_bot - Execution status=skipped reason=no_closed_bar_crossover
2026-05-06 02:17:33 INFO mt5_bot - Balance=102029.96 Equity=102029.96 Spread=0.20 pips
2026-05-06 02:17:33 INFO mt5_bot - Signal=NONE reason=no_closed_bar_crossover price=None trend=bullish rsi=56.2 atr_pips=5.8 adx=39.1
2026-05-06 02:17:33 INFO mt5_bot - ADX boost: adx=39.1 \u2192 risk_pct=1.88%
2026-05-06 02:17:33 INFO mt5_bot - Execution status=skipped reason=no_closed_bar_crossover
2026-05-06 02:17:48 INFO mt5_bot - Balance=102029.96 Equity=102029.96 Spread=0.20 pips
2026-05-06 02:17:48 INFO mt5_bot - Signal=NONE reason=no_closed_bar_crossover price=None trend=bullish rsi=56.2 atr_pips=5.8 adx=39.1
2026-05-06 02:17:48 INFO mt5_bot - ADX boost: adx=39.1 \u2192 risk_pct=1.88%
2026-05-06 02:17:48 INFO mt5_bot - Execution status=skipped reason=no_closed_bar_crossover
2026-05-06 02:18:03 INFO mt5_bot - Balance=102029.96 Equity=102029.96 Spread=1.50 pips
2026-05-06 02:18:03 INFO mt5_bot - Signal=NONE reason=no_closed_bar_crossover price=None trend=bullish rsi=56.2 atr_pips=5.8 adx=39.1
2026-05-06 02:18:03 INFO mt5_bot - ADX boost: adx=39.1 \u2192 risk_pct=1.88%
2026-05-06 02:18:03 INFO mt5_bot - Execution status=skipped reason=no_closed_bar_crossover
2026-05-06 02:18:18 INFO mt5_bot - Balance=102029.96 Equity=102029.96 Spread=0.20 pips
2026-05-06 02:18:18 INFO mt5_bot - Signal=NONE reason=no_closed_bar_crossover price=None trend=bullish rsi=56.2 atr_pips=5.8 adx=39.1
2026-05-06 02:18:18 INFO mt5_bot - ADX boost: adx=39.1 \u2192 risk_pct=1.88%
2026-05-06 02:18:18 INFO mt5_bot - Execution status=skipped reason=no_closed_bar_crossover
2026-05-06 02:18:33 INFO mt5_bot - Balance=102029.96 Equity=102029.96 Spread=0.20 pips
2026-05-06 02:18:33 INFO mt5_bot - Signal=NONE reason=no_closed_bar_crossover price=None trend=bullish rsi=56.2 atr_pips=5.8 adx=39.1
2026-05-06 02:18:33 INFO mt5_bot - ADX boost: adx=39.1 \u2192 risk_pct=1.88%
2026-05-06 02:18:33 INFO mt5_bot - Execution status=skipped reason=no_closed_bar_crossover
2026-05-06 02:18:48 INFO mt5_bot - Balance=102029.96 Equity=102029.96 Spread=0.20 pips
2026-05-06 02:18:48 INFO mt5_bot - Signal=NONE reason=no_closed_bar_crossover price=None trend=bullish rsi=56.2 atr_pips=5.8 adx=39.1
2026-05-06 02:18:48 INFO mt5_bot - ADX boost: adx=39.1 \u2192 risk_pct=1.88%
2026-05-06 02:18:48 INFO mt5_bot - Execution status=skipped reason=no_closed_bar_crossover
2026-05-06 02:19:03 INFO mt5_bot - Balance=102029.96 Equity=102029.96 Spread=0.20 pips
2026-05-06 02:19:03 INFO mt5_bot - Signal=NONE reason=no_closed_bar_crossover price=None trend=bullish rsi=56.2 atr_pips=5.8 adx=39.1
2026-05-06 02:19:03 INFO mt5_bot - ADX boost: adx=39.1 \u2192 risk_pct=1.88%
2026-05-06 02:19:03 INFO mt5_bot - Execution status=skipped reason=no_closed_bar_crossover
2026-05-06 02:19:18 INFO mt5_bot - Balance=102029.96 Equity=102029.96 Spread=0.20 pips
2026-05-06 02:19:18 INFO mt5_bot - Signal=NONE reason=no_closed_bar_crossover price=None trend=bullish rsi=56.2 atr_pips=5.8 adx=39.1
2026-05-06 02:19:18 INFO mt5_bot - ADX boost: adx=39.1 \u2192 risk_pct=1.88%
2026-05-06 02:19:18 INFO mt5_bot - Execution status=skipped reason=no_closed_bar_crossover
2026-05-06 02:19:33 INFO mt5_bot - Balance=102029.96 Equity=102029.96 Spread=0.20 pips
2026-05-06 02:19:33 INFO mt5_bot - Signal=NONE reason=no_closed_bar_crossover price=None trend=bullish rsi=56.2 atr_pips=5.8 adx=39.1
2026-05-06 02:19:33 INFO mt5_bot - ADX boost: adx=39.1 \u2192 risk_pct=1.88%
2026-05-06 02:19:33 INFO mt5_bot - Execution status=skipped reason=no_closed_bar_crossover
2026-05-06 02:19:48 INFO mt5_bot - Balance=102029.96 Equity=102029.96 Spread=0.70 pips
2026-05-06 02:19:48 INFO mt5_bot - Signal=NONE reason=no_closed_bar_crossover price=None trend=bullish rsi=56.2 atr_pips=5.8 adx=39.1
2026-05-06 02:19:48 INFO mt5_bot - ADX boost: adx=39.1 \u2192 risk_pct=1.88%
2026-05-06 02:19:48 INFO mt5_bot - Execution status=skipped reason=no_closed_bar_crossover
2026-05-06 02:20:03 INFO mt5_bot - Balance=102029.96 Equity=102029.96 Spread=0.20 pips
2026-05-06 02:20:03 INFO mt5_bot - Signal=NONE reason=no_closed_bar_crossover price=None trend=bullish rsi=56.2 atr_pips=5.8 adx=39.1
2026-05-06 02:20:03 INFO mt5_bot - ADX boost: adx=39.1 \u2192 risk_pct=1.88%
2026-05-06 02:20:03 INFO mt5_bot - Execution status=skipped reason=no_closed_bar_crossover
2026-05-06 02:20:18 INFO mt5_bot - Balance=102029.96 Equity=102029.96 Spread=0.20 pips
2026-05-06 02:20:18 INFO mt5_bot - Signal=NONE reason=no_closed_bar_crossover price=None trend=bullish rsi=56.2 atr_pips=5.8 adx=39.1
2026-05-06 02:20:18 INFO mt5_bot - ADX boost: adx=39.1 \u2192 risk_pct=1.88%
2026-05-06 02:20:18 INFO mt5_bot - Execution status=skipped reason=no_closed_bar_crossover
2026-05-06 02:20:33 INFO mt5_bot - Balance=102029.96 Equity=102029.96 Spread=0.20 pips
2026-05-06 02:20:33 INFO mt5_bot - Signal=NONE reason=no_closed_bar_crossover price=None trend=bullish rsi=56.2 atr_pips=5.8 adx=39.1
2026-05-06 02:20:33 INFO mt5_bot - ADX boost: adx=39.1 \u2192 risk_pct=1.88%
2026-05-06 02:20:33 INFO mt5_bot - Execution status=skipped reason=no_closed_bar_crossover
2026-05-06 02:20:48 INFO mt5_bot - Balance=102029.96 Equity=102029.96 Spread=0.20 pips
2026-05-06 02:20:48 INFO mt5_bot - Signal=NONE reason=no_closed_bar_crossover price=None trend=bullish rsi=56.2 atr_pips=5.8 adx=39.1
2026-05-06 02:20:48 INFO mt5_bot - ADX boost: adx=39.1 \u2192 risk_pct=1.88%
2026-05-06 02:20:48 INFO mt5_bot - Execution status=skipped reason=no_closed_bar_crossover
2026-05-06 02:21:03 INFO mt5_bot - Balance=102029.96 Equity=102029.96 Spread=0.20 pips
2026-05-06 02:21:03 INFO mt5_bot - Signal=NONE reason=no_closed_bar_crossover price=None trend=bullish rsi=56.2 atr_pips=5.8 adx=39.1
2026-05-06 02:21:03 INFO mt5_bot - ADX boost: adx=39.1 \u2192 risk_pct=1.88%
2026-05-06 02:21:03 INFO mt5_bot - Execution status=skipped reason=no_closed_bar_crossover
2026-05-06 02:21:18 INFO mt5_bot - Balance=102029.96 Equity=102029.96 Spread=1.00 pips
2026-05-06 02:21:18 INFO mt5_bot - Signal=NONE reason=no_closed_bar_crossover price=None trend=bullish rsi=56.2 atr_pips=5.8 adx=39.1
2026-05-06 02:21:18 INFO mt5_bot - ADX boost: adx=39.1 \u2192 risk_pct=1.88%
2026-05-06 02:21:18 INFO mt5_bot - Execution status=skipped reason=no_closed_bar_crossover
2026-05-06 02:21:33 INFO mt5_bot - Balance=102029.96 Equity=102029.96 Spread=0.60 pips
2026-05-06 02:21:33 INFO mt5_bot - Signal=NONE reason=no_closed_bar_crossover price=None trend=bullish rsi=56.2 atr_pips=5.8 adx=39.1
2026-05-06 02:21:33 INFO mt5_bot - ADX boost: adx=39.1 \u2192 risk_pct=1.88%
2026-05-06 02:21:33 INFO mt5_bot - Execution status=skipped reason=no_closed_bar_crossover
2026-05-06 02:21:48 INFO mt5_bot - Balance=102029.96 Equity=102029.96 Spread=0.20 pips
2026-05-06 02:21:48 INFO mt5_bot - Signal=NONE reason=no_closed_bar_crossover price=None trend=bullish rsi=56.2 atr_pips=5.8 adx=39.1
2026-05-06 02:21:48 INFO mt5_bot - ADX boost: adx=39.1 \u2192 risk_pct=1.88%
2026-05-06 02:21:48 INFO mt5_bot - Execution status=skipped reason=no_closed_bar_crossover
2026-05-06 02:22:03 INFO mt5_bot - Balance=102029.96 Equity=102029.96 Spread=0.20 pips
2026-05-06 02:22:03 INFO mt5_bot - Signal=NONE reason=no_closed_bar_crossover price=None trend=bullish rsi=56.2 atr_pips=5.8 adx=39.1
2026-05-06 02:22:03 INFO mt5_bot - ADX boost: adx=39.1 \u2192 risk_pct=1.88%
2026-05-06 02:22:03 INFO mt5_bot - Execution status=skipped reason=no_closed_bar_crossover
2026-05-06 02:22:18 INFO mt5_bot - Balance=102029.96 Equity=102029.96 Spread=0.20 pips
2026-05-06 02:22:18 INFO mt5_bot - Signal=NONE reason=no_closed_bar_crossover price=None trend=bullish rsi=56.2 atr_pips=5.8 adx=39.1
2026-05-06 02:22:18 INFO mt5_bot - ADX boost: adx=39.1 \u2192 risk_pct=1.88%
2026-05-06 02:22:18 INFO mt5_bot - Execution status=skipped reason=no_closed_bar_crossover
2026-05-06 02:22:33 INFO mt5_bot - Balance=102029.96 Equity=102029.96 Spread=0.20 pips
2026-05-06 02:22:33 INFO mt5_bot - Signal=NONE reason=no_closed_bar_crossover price=None trend=bullish rsi=56.2 atr_pips=5.8 adx=39.1
2026-05-06 02:22:33 INFO mt5_bot - ADX boost: adx=39.1 \u2192 risk_pct=1.88%
2026-05-06 02:22:33 INFO mt5_bot - Execution status=skipped reason=no_closed_bar_crossover
2026-05-06 02:22:48 INFO mt5_bot - Balance=102029.96 Equity=102029.96 Spread=0.50 pips
2026-05-06 02:22:48 INFO mt5_bot - Signal=NONE reason=no_closed_bar_crossover price=None trend=bullish rsi=56.2 atr_pips=5.8 adx=39.1
2026-05-06 02:22:48 INFO mt5_bot - ADX boost: adx=39.1 \u2192 risk_pct=1.88%
2026-05-06 02:22:48 INFO mt5_bot - Execution status=skipped reason=no_closed_bar_crossover
2026-05-06 02:23:03 INFO mt5_bot - Balance=102029.96 Equity=102029.96 Spread=0.20 pips
2026-05-06 02:23:03 INFO mt5_bot - Signal=NONE reason=no_closed_bar_crossover price=None trend=bullish rsi=56.2 atr_pips=5.8 adx=39.1
2026-05-06 02:23:03 INFO mt5_bot - ADX boost: adx=39.1 \u2192 risk_pct=1.88%
2026-05-06 02:23:03 INFO mt5_bot - Execution status=skipped reason=no_closed_bar_crossover
2026-05-06 02:23:18 INFO mt5_bot - Balance=102029.96 Equity=102029.96 Spread=0.80 pips
2026-05-06 02:23:18 INFO mt5_bot - Signal=NONE reason=no_closed_bar_crossover price=None trend=bullish rsi=56.2 atr_pips=5.8 adx=39.1
2026-05-06 02:23:18 INFO mt5_bot - ADX boost: adx=39.1 \u2192 risk_pct=1.88%
2026-05-06 02:23:18 INFO mt5_bot - Execution status=skipped reason=no_closed_bar_crossover
2026-05-06 02:23:33 INFO mt5_bot - Balance=102029.96 Equity=102029.96 Spread=0.50 pips
2026-05-06 02:23:33 INFO mt5_bot - Signal=NONE reason=no_closed_bar_crossover price=None trend=bullish rsi=56.2 atr_pips=5.8 adx=39.1
2026-05-06 02:23:33 INFO mt5_bot - ADX boost: adx=39.1 \u2192 risk_pct=1.88%
2026-05-06 02:23:33 INFO mt5_bot - Execution status=skipped reason=no_closed_bar_crossover
2026-05-06 02:23:48 INFO mt5_bot - Balance=102029.96 Equity=102029.96 Spread=0.20 pips
2026-05-06 02:23:48 INFO mt5_bot - Signal=NONE reason=no_closed_bar_crossover price=None trend=bullish rsi=56.2 atr_pips=5.8 adx=39.1
2026-05-06 02:23:48 INFO mt5_bot - ADX boost: adx=39.1 \u2192 risk_pct=1.88%
2026-05-06 02:23:48 INFO mt5_bot - Execution status=skipped reason=no_closed_bar_crossover
2026-05-06 02:24:03 INFO mt5_bot - Balance=102029.96 Equity=102029.96 Spread=0.20 pips
2026-05-06 02:24:03 INFO mt5_bot - Signal=NONE reason=no_closed_bar_crossover price=None trend=bullish rsi=56.2 atr_pips=5.8 adx=39.1
2026-05-06 02:24:03 INFO mt5_bot - ADX boost: adx=39.1 \u2192 risk_pct=1.88%
2026-05-06 02:24:03 INFO mt5_bot - Execution status=skipped reason=no_closed_bar_crossover
2026-05-06 02:24:18 INFO mt5_bot - Balance=102029.96 Equity=102029.96 Spread=0.20 pips
2026-05-06 02:24:18 INFO mt5_bot - Signal=NONE reason=no_closed_bar_crossover price=None trend=bullish rsi=56.2 atr_pips=5.8 adx=39.1
2026-05-06 02:24:18 INFO mt5_bot - ADX boost: adx=39.1 \u2192 risk_pct=1.88%
2026-05-06 02:24:18 INFO mt5_bot - Execution status=skipped reason=no_closed_bar_crossover
2026-05-06 02:24:33 INFO mt5_bot - Balance=102029.96 Equity=102029.96 Spread=0.20 pips
2026-05-06 02:24:33 INFO mt5_bot - Signal=NONE reason=no_closed_bar_crossover price=None trend=bullish rsi=56.2 atr_pips=5.8 adx=39.1
2026-05-06 02:24:33 INFO mt5_bot - ADX boost: adx=39.1 \u2192 risk_pct=1.88%
2026-05-06 02:24:33 INFO mt5_bot - Execution status=skipped reason=no_closed_bar_crossover
2026-05-06 02:24:48 INFO mt5_bot - Balance=102029.96 Equity=102029.96 Spread=0.20 pips
2026-05-06 02:24:48 INFO mt5_bot - Signal=NONE reason=no_closed_bar_crossover price=None trend=bullish rsi=56.2 atr_pips=5.8 adx=39.1
2026-05-06 02:24:48 INFO mt5_bot - ADX boost: adx=39.1 \u2192 risk_pct=1.88%
2026-05-06 02:24:48 INFO mt5_bot - Execution status=skipped reason=no_closed_bar_crossover
2026-05-06 02:25:03 INFO mt5_bot - Balance=102029.96 Equity=102029.96 Spread=0.20 pips
2026-05-06 02:25:03 INFO mt5_bot - Signal=NONE reason=no_closed_bar_crossover price=None trend=bullish rsi=56.2 atr_pips=5.8 adx=39.1
2026-05-06 02:25:03 INFO mt5_bot - ADX boost: adx=39.1 \u2192 risk_pct=1.88%
2026-05-06 02:25:03 INFO mt5_bot - Execution status=skipped reason=no_closed_bar_crossover
2026-05-06 02:25:18 INFO mt5_bot - Balance=102029.96 Equity=102029.96 Spread=0.20 pips
2026-05-06 02:25:18 INFO mt5_bot - Signal=NONE reason=no_closed_bar_crossover price=None trend=bullish rsi=56.2 atr_pips=5.8 adx=39.1
2026-05-06 02:25:18 INFO mt5_bot - ADX boost: adx=39.1 \u2192 risk_pct=1.88%
2026-05-06 02:25:18 INFO mt5_bot - Execution status=skipped reason=no_closed_bar_crossover
2026-05-06 02:25:33 INFO mt5_bot - Balance=102029.96 Equity=102029.96 Spread=1.10 pips
2026-05-06 02:25:34 INFO mt5_bot - Signal=NONE reason=no_closed_bar_crossover price=None trend=bullish rsi=56.2 atr_pips=5.8 adx=39.1
2026-05-06 02:25:34 INFO mt5_bot - ADX boost: adx=39.1 \u2192 risk_pct=1.88%
2026-05-06 02:25:34 INFO mt5_bot - Execution status=skipped reason=no_closed_bar_crossover
2026-05-06 02:25:49 INFO mt5_bot - Balance=102029.96 Equity=102029.96 Spread=0.20 pips
2026-05-06 02:25:49 INFO mt5_bot - Signal=NONE reason=no_closed_bar_crossover price=None trend=bullish rsi=56.2 atr_pips=5.8 adx=39.1
2026-05-06 02:25:49 INFO mt5_bot - ADX boost: adx=39.1 \u2192 risk_pct=1.88%
2026-05-06 02:25:49 INFO mt5_bot - Execution status=skipped reason=no_closed_bar_crossover
2026-05-06 02:26:04 INFO mt5_bot - Balance=102029.96 Equity=102029.96 Spread=0.20 pips
2026-05-06 02:26:04 INFO mt5_bot - Signal=NONE reason=no_closed_bar_crossover price=None trend=bullish rsi=56.2 atr_pips=5.8 adx=39.1
2026-05-06 02:26:04 INFO mt5_bot - ADX boost: adx=39.1 \u2192 risk_pct=1.88%
2026-05-06 02:26:04 INFO mt5_bot - Execution status=skipped reason=no_closed_bar_crossover
2026-05-06 02:26:19 INFO mt5_bot - Balance=102029.96 Equity=102029.96 Spread=0.50 pips
2026-05-06 02:26:19 INFO mt5_bot - Signal=NONE reason=no_closed_bar_crossover price=None trend=bullish rsi=56.2 atr_pips=5.8 adx=39.1
2026-05-06 02:26:19 INFO mt5_bot - ADX boost: adx=39.1 \u2192 risk_pct=1.88%
2026-05-06 02:26:19 INFO mt5_bot - Execution status=skipped reason=no_closed_bar_crossover
2026-05-06 02:26:34 INFO mt5_bot - Balance=102029.96 Equity=102029.96 Spread=0.20 pips
2026-05-06 02:26:34 INFO mt5_bot - Signal=NONE reason=no_closed_bar_crossover price=None trend=bullish rsi=56.2 atr_pips=5.8 adx=39.1
2026-05-06 02:26:34 INFO mt5_bot - ADX boost: adx=39.1 \u2192 risk_pct=1.88%
2026-05-06 02:26:34 INFO mt5_bot - Execution status=skipped reason=no_closed_bar_crossover
2026-05-06 02:26:49 INFO mt5_bot - Balance=102029.96 Equity=102029.96 Spread=0.20 pips
2026-05-06 02:26:49 INFO mt5_bot - Signal=NONE reason=no_closed_bar_crossover price=None trend=bullish rsi=56.2 atr_pips=5.8 adx=39.1
2026-05-06 02:26:49 INFO mt5_bot - ADX boost: adx=39.1 \u2192 risk_pct=1.88%
2026-05-06 02:26:49 INFO mt5_bot - Execution status=skipped reason=no_closed_bar_crossover
2026-05-06 02:27:04 INFO mt5_bot - Balance=102029.96 Equity=102029.96 Spread=0.20 pips
2026-05-06 02:27:04 INFO mt5_bot - Signal=NONE reason=no_closed_bar_crossover price=None trend=bullish rsi=56.2 atr_pips=5.8 adx=39.1
2026-05-06 02:27:04 INFO mt5_bot - ADX boost: adx=39.1 \u2192 risk_pct=1.88%
2026-05-06 02:27:04 INFO mt5_bot - Execution status=skipped reason=no_closed_bar_crossover
2026-05-06 02:27:19 INFO mt5_bot - Balance=102029.96 Equity=102029.96 Spread=0.20 pips
2026-05-06 02:27:19 INFO mt5_bot - Signal=NONE reason=no_closed_bar_crossover price=None trend=bullish rsi=56.2 atr_pips=5.8 adx=39.1
2026-05-06 02:27:19 INFO mt5_bot - ADX boost: adx=39.1 \u2192 risk_pct=1.88%
2026-05-06 02:27:19 INFO mt5_bot - Execution status=skipped reason=no_closed_bar_crossover
2026-05-06 02:27:34 INFO mt5_bot - Balance=102029.96 Equity=102029.96 Spread=0.20 pips
2026-05-06 02:27:34 INFO mt5_bot - Signal=NONE reason=no_closed_bar_crossover price=None trend=bullish rsi=56.2 atr_pips=5.8 adx=39.1
2026-05-06 02:27:34 INFO mt5_bot - ADX boost: adx=39.1 \u2192 risk_pct=1.88%
2026-05-06 02:27:34 INFO mt5_bot - Execution status=skipped reason=no_closed_bar_crossover
2026-05-06 02:27:49 INFO mt5_bot - Balance=102029.96 Equity=102029.96 Spread=0.20 pips
2026-05-06 02:27:49 INFO mt5_bot - Signal=NONE reason=no_closed_bar_crossover price=None trend=bullish rsi=56.2 atr_pips=5.8 adx=39.1
2026-05-06 02:27:49 INFO mt5_bot - ADX boost: adx=39.1 \u2192 risk_pct=1.88%
2026-05-06 02:27:49 INFO mt5_bot - Execution status=skipped reason=no_closed_bar_crossover
2026-05-06 02:28:04 INFO mt5_bot - Balance=102029.96 Equity=102029.96 Spread=0.20 pips
2026-05-06 02:28:04 INFO mt5_bot - Signal=NONE reason=no_closed_bar_crossover price=None trend=bullish rsi=56.2 atr_pips=5.8 adx=39.1
2026-05-06 02:28:04 INFO mt5_bot - ADX boost: adx=39.1 \u2192 risk_pct=1.88%
2026-05-06 02:28:04 INFO mt5_bot - Execution status=skipped reason=no_closed_bar_crossover
2026-05-06 02:28:19 INFO mt5_bot - Balance=102029.96 Equity=102029.96 Spread=0.60 pips
2026-05-06 02:28:19 INFO mt5_bot - Signal=NONE reason=no_closed_bar_crossover price=None trend=bullish rsi=56.2 atr_pips=5.8 adx=39.1
2026-05-06 02:28:19 INFO mt5_bot - ADX boost: adx=39.1 \u2192 risk_pct=1.88%
2026-05-06 02:28:19 INFO mt5_bot - Execution status=skipped reason=no_closed_bar_crossover
2026-05-06 02:28:34 INFO mt5_bot - Balance=102029.96 Equity=102029.96 Spread=0.20 pips
2026-05-06 02:28:34 INFO mt5_bot - Signal=NONE reason=no_closed_bar_crossover price=None trend=bullish rsi=56.2 atr_pips=5.8 adx=39.1
2026-05-06 02:28:34 INFO mt5_bot - ADX boost: adx=39.1 \u2192 risk_pct=1.88%
2026-05-06 02:28:34 INFO mt5_bot - Execution status=skipped reason=no_closed_bar_crossover
2026-05-06 02:28:49 INFO mt5_bot - Balance=102029.96 Equity=102029.96 Spread=0.20 pips
2026-05-06 02:28:49 INFO mt5_bot - Signal=NONE reason=no_closed_bar_crossover price=None trend=bullish rsi=56.2 atr_pips=5.8 adx=39.1
2026-05-06 02:28:49 INFO mt5_bot - ADX boost: adx=39.1 \u2192 risk_pct=1.88%
2026-05-06 02:28:49 INFO mt5_bot - Execution status=skipped reason=no_closed_bar_crossover
2026-05-06 02:29:04 INFO mt5_bot - Balance=102029.96 Equity=102029.96 Spread=0.20 pips
2026-05-06 02:29:04 INFO mt5_bot - Signal=NONE reason=no_closed_bar_crossover price=None trend=bullish rsi=56.2 atr_pips=5.8 adx=39.1
2026-05-06 02:29:04 INFO mt5_bot - ADX boost: adx=39.1 \u2192 risk_pct=1.88%
2026-05-06 02:29:04 INFO mt5_bot - Execution status=skipped reason=no_closed_bar_crossover
2026-05-06 02:29:19 INFO mt5_bot - Balance=102029.96 Equity=102029.96 Spread=0.20 pips
2026-05-06 02:29:19 INFO mt5_bot - Signal=NONE reason=no_closed_bar_crossover price=None trend=bullish rsi=56.2 atr_pips=5.8 adx=39.1
2026-05-06 02:29:19 INFO mt5_bot - ADX boost: adx=39.1 \u2192 risk_pct=1.88%
2026-05-06 02:29:19 INFO mt5_bot - Execution status=skipped reason=no_closed_bar_crossover
2026-05-06 02:29:34 INFO mt5_bot - Balance=102029.96 Equity=102029.96 Spread=0.20 pips
2026-05-06 02:29:34 INFO mt5_bot - Signal=NONE reason=no_closed_bar_crossover price=None trend=bullish rsi=56.2 atr_pips=5.8 adx=39.1
2026-05-06 02:29:34 INFO mt5_bot - ADX boost: adx=39.1 \u2192 risk_pct=1.88%
2026-05-06 02:29:34 INFO mt5_bot - Execution status=skipped reason=no_closed_bar_crossover
2026-05-06 02:29:49 INFO mt5_bot - Balance=102029.96 Equity=102029.96 Spread=0.60 pips
2026-05-06 02:29:49 INFO mt5_bot - Signal=NONE reason=no_closed_bar_crossover price=None trend=bullish rsi=56.2 atr_pips=5.8 adx=39.1
2026-05-06 02:29:49 INFO mt5_bot - ADX boost: adx=39.1 \u2192 risk_pct=1.88%
2026-05-06 02:29:49 INFO mt5_bot - Execution status=skipped reason=no_closed_bar_crossover
2026-05-06 02:30:04 INFO mt5_bot - Balance=102029.96 Equity=102029.96 Spread=0.20 pips
2026-05-06 02:30:04 INFO mt5_bot - Signal=NONE reason=no_closed_bar_crossover price=None trend=bullish rsi=58.1 atr_pips=5.7 adx=37.9
2026-05-06 02:30:04 INFO mt5_bot - ADX boost: adx=37.9 \u2192 risk_pct=1.88%
2026-05-06 02:30:04 INFO mt5_bot - Execution status=skipped reason=no_closed_bar_crossover
2026-05-06 02:30:19 INFO mt5_bot - Balance=102029.96 Equity=102029.96 Spread=1.00 pips
2026-05-06 02:30:19 INFO mt5_bot - Signal=NONE reason=no_closed_bar_crossover price=None trend=bullish rsi=58.1 atr_pips=5.7 adx=37.9
2026-05-06 02:30:19 INFO mt5_bot - ADX boost: adx=37.9 \u2192 risk_pct=1.88%
2026-05-06 02:30:19 INFO mt5_bot - Execution status=skipped reason=no_closed_bar_crossover
2026-05-06 02:30:34 INFO mt5_bot - Balance=102029.96 Equity=102029.96 Spread=0.20 pips
2026-05-06 02:30:34 INFO mt5_bot - Signal=NONE reason=no_closed_bar_crossover price=None trend=bullish rsi=58.1 atr_pips=5.7 adx=37.9
2026-05-06 02:30:34 INFO mt5_bot - ADX boost: adx=37.9 \u2192 risk_pct=1.88%
2026-05-06 02:30:34 INFO mt5_bot - Execution status=skipped reason=no_closed_bar_crossover
2026-05-06 02:30:49 INFO mt5_bot - Balance=102029.96 Equity=102029.96 Spread=0.20 pips
2026-05-06 02:30:49 INFO mt5_bot - Signal=NONE reason=no_closed_bar_crossover price=None trend=bullish rsi=58.1 atr_pips=5.7 adx=37.9
2026-05-06 02:30:49 INFO mt5_bot - ADX boost: adx=37.9 \u2192 risk_pct=1.88%
2026-05-06 02:30:49 INFO mt5_bot - Execution status=skipped reason=no_closed_bar_crossover
2026-05-06 02:31:04 INFO mt5_bot - Balance=102029.96 Equity=102029.96 Spread=0.20 pips
2026-05-06 02:31:04 INFO mt5_bot - Signal=NONE reason=no_closed_bar_crossover price=None trend=bullish rsi=58.1 atr_pips=5.7 adx=37.9
2026-05-06 02:31:04 INFO mt5_bot - ADX boost: adx=37.9 \u2192 risk_pct=1.88%
2026-05-06 02:31:04 INFO mt5_bot - Execution status=skipped reason=no_closed_bar_crossover
2026-05-06 02:31:19 INFO mt5_bot - Balance=102029.96 Equity=102029.96 Spread=0.30 pips
2026-05-06 02:31:19 INFO mt5_bot - Signal=NONE reason=no_closed_bar_crossover price=None trend=bullish rsi=58.1 atr_pips=5.7 adx=37.9
2026-05-06 02:31:19 INFO mt5_bot - ADX boost: adx=37.9 \u2192 risk_pct=1.88%
2026-05-06 02:31:19 INFO mt5_bot - Execution status=skipped reason=no_closed_bar_crossover
2026-05-06 02:31:34 INFO mt5_bot - Balance=102029.96 Equity=102029.96 Spread=0.20 pips
2026-05-06 02:31:34 INFO mt5_bot - Signal=NONE reason=no_closed_bar_crossover price=None trend=bullish rsi=58.1 atr_pips=5.7 adx=37.9
2026-05-06 02:31:34 INFO mt5_bot - ADX boost: adx=37.9 \u2192 risk_pct=1.88%
2026-05-06 02:31:34 INFO mt5_bot - Execution status=skipped reason=no_closed_bar_crossover
2026-05-06 02:31:49 INFO mt5_bot - Balance=102029.96 Equity=102029.96 Spread=0.20 pips
2026-05-06 02:31:49 INFO mt5_bot - Signal=NONE reason=no_closed_bar_crossover price=None trend=bullish rsi=58.1 atr_pips=5.7 adx=37.9
2026-05-06 02:31:49 INFO mt5_bot - ADX boost: adx=37.9 \u2192 risk_pct=1.88%
2026-05-06 02:31:49 INFO mt5_bot - Execution status=skipped reason=no_closed_bar_crossover
2026-05-06 02:32:04 INFO mt5_bot - Balance=102029.96 Equity=102029.96 Spread=0.20 pips
2026-05-06 02:32:04 INFO mt5_bot - Signal=NONE reason=no_closed_bar_crossover price=None trend=bullish rsi=58.1 atr_pips=5.7 adx=37.9
2026-05-06 02:32:04 INFO mt5_bot - ADX boost: adx=37.9 \u2192 risk_pct=1.88%
2026-05-06 02:32:04 INFO mt5_bot - Execution status=skipped reason=no_closed_bar_crossover
2026-05-06 02:32:19 INFO mt5_bot - Balance=102029.96 Equity=102029.96 Spread=0.90 pips
2026-05-06 02:32:19 INFO mt5_bot - Signal=NONE reason=no_closed_bar_crossover price=None trend=bullish rsi=58.1 atr_pips=5.7 adx=37.9
2026-05-06 02:32:19 INFO mt5_bot - ADX boost: adx=37.9 \u2192 risk_pct=1.88%
2026-05-06 02:32:19 INFO mt5_bot - Execution status=skipped reason=no_closed_bar_crossover
2026-05-06 02:32:34 INFO mt5_bot - Balance=102029.96 Equity=102029.96 Spread=0.20 pips
2026-05-06 02:32:34 INFO mt5_bot - Signal=NONE reason=no_closed_bar_crossover price=None trend=bullish rsi=58.1 atr_pips=5.7 adx=37.9
2026-05-06 02:32:34 INFO mt5_bot - ADX boost: adx=37.9 \u2192 risk_pct=1.88%
2026-05-06 02:32:34 INFO mt5_bot - Execution status=skipped reason=no_closed_bar_crossover
2026-05-06 02:32:49 INFO mt5_bot - Balance=102029.96 Equity=102029.96 Spread=0.20 pips
2026-05-06 02:32:49 INFO mt5_bot - Signal=NONE reason=no_closed_bar_crossover price=None trend=bullish rsi=58.1 atr_pips=5.7 adx=37.9
2026-05-06 02:32:49 INFO mt5_bot - ADX boost: adx=37.9 \u2192 risk_pct=1.88%
2026-05-06 02:32:49 INFO mt5_bot - Execution status=skipped reason=no_closed_bar_crossover
2026-05-06 02:33:04 INFO mt5_bot - Balance=102029.96 Equity=102029.96 Spread=0.20 pips
2026-05-06 02:33:04 INFO mt5_bot - Signal=NONE reason=no_closed_bar_crossover price=None trend=bullish rsi=58.1 atr_pips=5.7 adx=37.9
2026-05-06 02:33:04 INFO mt5_bot - ADX boost: adx=37.9 \u2192 risk_pct=1.88%
2026-05-06 02:33:04 INFO mt5_bot - Execution status=skipped reason=no_closed_bar_crossover
2026-05-06 02:33:19 INFO mt5_bot - Balance=102029.96 Equity=102029.96 Spread=0.20 pips
2026-05-06 02:33:19 INFO mt5_bot - Signal=NONE reason=no_closed_bar_crossover price=None trend=bullish rsi=58.1 atr_pips=5.7 adx=37.9
2026-05-06 02:33:19 INFO mt5_bot - ADX boost: adx=37.9 \u2192 risk_pct=1.88%
2026-05-06 02:33:19 INFO mt5_bot - Execution status=skipped reason=no_closed_bar_crossover
2026-05-06 02:33:34 INFO mt5_bot - Balance=102029.96 Equity=102029.96 Spread=0.20 pips
2026-05-06 02:33:34 INFO mt5_bot - Signal=NONE reason=no_closed_bar_crossover price=None trend=bullish rsi=58.1 atr_pips=5.7 adx=37.9
2026-05-06 02:33:34 INFO mt5_bot - ADX boost: adx=37.9 \u2192 risk_pct=1.88%
2026-05-06 02:33:34 INFO mt5_bot - Execution status=skipped reason=no_closed_bar_crossover
2026-05-06 02:33:49 INFO mt5_bot - Balance=102029.96 Equity=102029.96 Spread=0.20 pips
2026-05-06 02:33:49 INFO mt5_bot - Signal=NONE reason=no_closed_bar_crossover price=None trend=bullish rsi=58.1 atr_pips=5.7 adx=37.9
2026-05-06 02:33:49 INFO mt5_bot - ADX boost: adx=37.9 \u2192 risk_pct=1.88%
2026-05-06 02:33:49 INFO mt5_bot - Execution status=skipped reason=no_closed_bar_crossover
2026-05-06 02:34:04 INFO mt5_bot - Balance=102029.96 Equity=102029.96 Spread=0.50 pips
2026-05-06 02:34:04 INFO mt5_bot - Signal=NONE reason=no_closed_bar_crossover price=None trend=bullish rsi=58.1 atr_pips=5.7 adx=37.9
2026-05-06 02:34:04 INFO mt5_bot - ADX boost: adx=37.9 \u2192 risk_pct=1.88%
2026-05-06 02:34:04 INFO mt5_bot - Execution status=skipped reason=no_closed_bar_crossover
2026-05-06 02:34:19 INFO mt5_bot - Balance=102029.96 Equity=102029.96 Spread=0.20 pips
2026-05-06 02:34:19 INFO mt5_bot - Signal=NONE reason=no_closed_bar_crossover price=None trend=bullish rsi=58.1 atr_pips=5.7 adx=37.9
2026-05-06 02:34:19 INFO mt5_bot - ADX boost: adx=37.9 \u2192 risk_pct=1.88%
2026-05-06 02:34:19 INFO mt5_bot - Execution status=skipped reason=no_closed_bar_crossover
2026-05-06 02:34:34 INFO mt5_bot - Balance=102029.96 Equity=102029.96 Spread=0.90 pips
2026-05-06 02:34:34 INFO mt5_bot - Signal=NONE reason=no_closed_bar_crossover price=None trend=bullish rsi=58.1 atr_pips=5.7 adx=37.9
2026-05-06 02:34:34 INFO mt5_bot - ADX boost: adx=37.9 \u2192 risk_pct=1.88%
2026-05-06 02:34:34 INFO mt5_bot - Execution status=skipped reason=no_closed_bar_crossover
2026-05-06 02:34:49 INFO mt5_bot - Balance=102029.96 Equity=102029.96 Spread=0.20 pips
2026-05-06 02:34:49 INFO mt5_bot - Signal=NONE reason=no_closed_bar_crossover price=None trend=bullish rsi=58.1 atr_pips=5.7 adx=37.9
2026-05-06 02:34:49 INFO mt5_bot - ADX boost: adx=37.9 \u2192 risk_pct=1.88%
2026-05-06 02:34:49 INFO mt5_bot - Execution status=skipped reason=no_closed_bar_crossover
2026-05-06 02:35:04 INFO mt5_bot - Balance=102029.96 Equity=102029.96 Spread=0.20 pips
2026-05-06 02:35:04 INFO mt5_bot - Signal=NONE reason=no_closed_bar_crossover price=None trend=bullish rsi=58.1 atr_pips=5.7 adx=37.9
2026-05-06 02:35:04 INFO mt5_bot - ADX boost: adx=37.9 \u2192 risk_pct=1.88%
2026-05-06 02:35:04 INFO mt5_bot - Execution status=skipped reason=no_closed_bar_crossover
2026-05-06 02:35:19 INFO mt5_bot - Balance=102029.96 Equity=102029.96 Spread=0.90 pips
2026-05-06 02:35:19 INFO mt5_bot - Signal=NONE reason=no_closed_bar_crossover price=None trend=bullish rsi=58.1 atr_pips=5.7 adx=37.9
2026-05-06 02:35:19 INFO mt5_bot - ADX boost: adx=37.9 \u2192 risk_pct=1.88%
2026-05-06 02:35:19 INFO mt5_bot - Execution status=skipped reason=no_closed_bar_crossover
2026-05-06 02:35:34 INFO mt5_bot - Balance=102029.96 Equity=102029.96 Spread=0.20 pips
2026-05-06 02:35:34 INFO mt5_bot - Signal=NONE reason=no_closed_bar_crossover price=None trend=bullish rsi=58.1 atr_pips=5.7 adx=37.9
2026-05-06 02:35:34 INFO mt5_bot - ADX boost: adx=37.9 \u2192 risk_pct=1.88%
2026-05-06 02:35:34 INFO mt5_bot - Execution status=skipped reason=no_closed_bar_crossover
2026-05-06 02:35:49 INFO mt5_bot - Balance=102029.96 Equity=102029.96 Spread=0.50 pips
2026-05-06 02:35:49 INFO mt5_bot - Signal=NONE reason=no_closed_bar_crossover price=None trend=bullish rsi=58.1 atr_pips=5.7 adx=37.9
2026-05-06 02:35:49 INFO mt5_bot - ADX boost: adx=37.9 \u2192 risk_pct=1.88%
2026-05-06 02:35:49 INFO mt5_bot - Execution status=skipped reason=no_closed_bar_crossover
2026-05-06 02:36:04 INFO mt5_bot - Balance=102029.96 Equity=102029.96 Spread=1.00 pips
2026-05-06 02:36:04 INFO mt5_bot - Signal=NONE reason=no_closed_bar_crossover price=None trend=bullish rsi=58.1 atr_pips=5.7 adx=37.9
2026-05-06 02:36:04 INFO mt5_bot - ADX boost: adx=37.9 \u2192 risk_pct=1.88%
2026-05-06 02:36:04 INFO mt5_bot - Execution status=skipped reason=no_closed_bar_crossover
2026-05-06 02:36:19 INFO mt5_bot - Balance=102029.96 Equity=102029.96 Spread=0.20 pips
2026-05-06 02:36:19 INFO mt5_bot - Signal=NONE reason=no_closed_bar_crossover price=None trend=bullish rsi=58.1 atr_pips=5.7 adx=37.9
2026-05-06 02:36:19 INFO mt5_bot - ADX boost: adx=37.9 \u2192 risk_pct=1.88%
2026-05-06 02:36:19 INFO mt5_bot - Execution status=skipped reason=no_closed_bar_crossover
2026-05-06 02:36:34 INFO mt5_bot - Balance=102029.96 Equity=102029.96 Spread=0.60 pips
2026-05-06 02:36:34 INFO mt5_bot - Signal=NONE reason=no_closed_bar_crossover price=None trend=bullish rsi=58.1 atr_pips=5.7 adx=37.9
2026-05-06 02:36:34 INFO mt5_bot - ADX boost: adx=37.9 \u2192 risk_pct=1.88%
2026-05-06 02:36:34 INFO mt5_bot - Execution status=skipped reason=no_closed_bar_crossover
2026-05-06 02:36:49 INFO mt5_bot - Balance=102029.96 Equity=102029.96 Spread=0.50 pips
2026-05-06 02:36:49 INFO mt5_bot - Signal=NONE reason=no_closed_bar_crossover price=None trend=bullish rsi=58.1 atr_pips=5.7 adx=37.9
2026-05-06 02:36:49 INFO mt5_bot - ADX boost: adx=37.9 \u2192 risk_pct=1.88%
2026-05-06 02:36:49 INFO mt5_bot - Execution status=skipped reason=no_closed_bar_crossover
2026-05-06 02:37:04 INFO mt5_bot - Balance=102029.96 Equity=102029.96 Spread=0.20 pips
2026-05-06 02:37:04 INFO mt5_bot - Signal=NONE reason=no_closed_bar_crossover price=None trend=bullish rsi=58.1 atr_pips=5.7 adx=37.9
2026-05-06 02:37:04 INFO mt5_bot - ADX boost: adx=37.9 \u2192 risk_pct=1.88%
2026-05-06 02:37:04 INFO mt5_bot - Execution status=skipped reason=no_closed_bar_crossover
2026-05-06 02:37:19 INFO mt5_bot - Balance=102029.96 Equity=102029.96 Spread=0.20 pips
2026-05-06 02:37:19 INFO mt5_bot - Signal=NONE reason=no_closed_bar_crossover price=None trend=bullish rsi=58.1 atr_pips=5.7 adx=37.9
2026-05-06 02:37:19 INFO mt5_bot - ADX boost: adx=37.9 \u2192 risk_pct=1.88%
2026-05-06 02:37:19 INFO mt5_bot - Execution status=skipped reason=no_closed_bar_crossover
2026-05-06 02:37:34 INFO mt5_bot - Balance=102029.96 Equity=102029.96 Spread=0.20 pips
2026-05-06 02:37:34 INFO mt5_bot - Signal=NONE reason=no_closed_bar_crossover price=None trend=bullish rsi=58.1 atr_pips=5.7 adx=37.9
2026-05-06 02:37:34 INFO mt5_bot - ADX boost: adx=37.9 \u2192 risk_pct=1.88%
2026-05-06 02:37:34 INFO mt5_bot - Execution status=skipped reason=no_closed_bar_crossover
2026-05-06 02:37:49 INFO mt5_bot - Balance=102029.96 Equity=102029.96 Spread=0.20 pips
2026-05-06 02:37:49 INFO mt5_bot - Signal=NONE reason=no_closed_bar_crossover price=None trend=bullish rsi=58.1 atr_pips=5.7 adx=37.9
2026-05-06 02:37:49 INFO mt5_bot - ADX boost: adx=37.9 \u2192 risk_pct=1.88%
2026-05-06 02:37:49 INFO mt5_bot - Execution status=skipped reason=no_closed_bar_crossover
2026-05-06 02:38:04 INFO mt5_bot - Balance=102029.96 Equity=102029.96 Spread=0.20 pips
2026-05-06 02:38:04 INFO mt5_bot - Signal=NONE reason=no_closed_bar_crossover price=None trend=bullish rsi=58.1 atr_pips=5.7 adx=37.9
2026-05-06 02:38:04 INFO mt5_bot - ADX boost: adx=37.9 \u2192 risk_pct=1.88%
2026-05-06 02:38:04 INFO mt5_bot - Execution status=skipped reason=no_closed_bar_crossover
2026-05-06 02:38:19 INFO mt5_bot - Balance=102029.96 Equity=102029.96 Spread=0.20 pips
2026-05-06 02:38:19 INFO mt5_bot - Signal=NONE reason=no_closed_bar_crossover price=None trend=bullish rsi=58.1 atr_pips=5.7 adx=37.9
2026-05-06 02:38:19 INFO mt5_bot - ADX boost: adx=37.9 \u2192 risk_pct=1.88%
2026-05-06 02:38:19 INFO mt5_bot - Execution status=skipped reason=no_closed_bar_crossover
2026-05-06 02:38:34 INFO mt5_bot - Balance=102029.96 Equity=102029.96 Spread=0.20 pips
2026-05-06 02:38:34 INFO mt5_bot - Signal=NONE reason=no_closed_bar_crossover price=None trend=bullish rsi=58.1 atr_pips=5.7 adx=37.9
2026-05-06 02:38:34 INFO mt5_bot - ADX boost: adx=37.9 \u2192 risk_pct=1.88%
2026-05-06 02:38:34 INFO mt5_bot - Execution status=skipped reason=no_closed_bar_crossover
2026-05-06 02:38:49 INFO mt5_bot - Balance=102029.96 Equity=102029.96 Spread=0.20 pips
2026-05-06 02:38:49 INFO mt5_bot - Signal=NONE reason=no_closed_bar_crossover price=None trend=bullish rsi=58.1 atr_pips=5.7 adx=37.9
2026-05-06 02:38:49 INFO mt5_bot - ADX boost: adx=37.9 \u2192 risk_pct=1.88%
2026-05-06 02:38:49 INFO mt5_bot - Execution status=skipped reason=no_closed_bar_crossover
2026-05-06 02:39:04 INFO mt5_bot - Balance=102029.96 Equity=102029.96 Spread=0.20 pips
2026-05-06 02:39:04 INFO mt5_bot - Signal=NONE reason=no_closed_bar_crossover price=None trend=bullish rsi=58.1 atr_pips=5.7 adx=37.9
2026-05-06 02:39:04 INFO mt5_bot - ADX boost: adx=37.9 \u2192 risk_pct=1.88%
2026-05-06 02:39:04 INFO mt5_bot - Execution status=skipped reason=no_closed_bar_crossover
2026-05-06 02:39:19 INFO mt5_bot - Balance=102029.96 Equity=102029.96 Spread=0.20 pips
2026-05-06 02:39:19 INFO mt5_bot - Signal=NONE reason=no_closed_bar_crossover price=None trend=bullish rsi=58.1 atr_pips=5.7 adx=37.9
2026-05-06 02:39:19 INFO mt5_bot - ADX boost: adx=37.9 \u2192 risk_pct=1.88%
2026-05-06 02:39:19 INFO mt5_bot - Execution status=skipped reason=no_closed_bar_crossover
2026-05-06 02:39:34 INFO mt5_bot - Balance=102029.96 Equity=102029.96 Spread=0.80 pips
2026-05-06 02:39:34 INFO mt5_bot - Signal=NONE reason=no_closed_bar_crossover price=None trend=bullish rsi=58.1 atr_pips=5.7 adx=37.9
2026-05-06 02:39:34 INFO mt5_bot - ADX boost: adx=37.9 \u2192 risk_pct=1.88%
2026-05-06 02:39:34 INFO mt5_bot - Execution status=skipped reason=no_closed_bar_crossover
2026-05-06 02:39:49 INFO mt5_bot - Balance=102029.96 Equity=102029.96 Spread=0.20 pips
2026-05-06 02:39:49 INFO mt5_bot - Signal=NONE reason=no_closed_bar_crossover price=None trend=bullish rsi=58.1 atr_pips=5.7 adx=37.9
2026-05-06 02:39:49 INFO mt5_bot - ADX boost: adx=37.9 \u2192 risk_pct=1.88%
2026-05-06 02:39:49 INFO mt5_bot - Execution status=skipped reason=no_closed_bar_crossover
2026-05-06 02:40:04 INFO mt5_bot - Balance=102029.96 Equity=102029.96 Spread=0.20 pips
2026-05-06 02:40:04 INFO mt5_bot - Signal=NONE reason=no_closed_bar_crossover price=None trend=bullish rsi=58.1 atr_pips=5.7 adx=37.9
2026-05-06 02:40:04 INFO mt5_bot - ADX boost: adx=37.9 \u2192 risk_pct=1.88%
2026-05-06 02:40:04 INFO mt5_bot - Execution status=skipped reason=no_closed_bar_crossover
2026-05-06 02:40:19 INFO mt5_bot - Balance=102029.96 Equity=102029.96 Spread=0.20 pips
2026-05-06 02:40:19 INFO mt5_bot - Signal=NONE reason=no_closed_bar_crossover price=None trend=bullish rsi=58.1 atr_pips=5.7 adx=37.9
2026-05-06 02:40:19 INFO mt5_bot - ADX boost: adx=37.9 \u2192 risk_pct=1.88%
2026-05-06 02:40:19 INFO mt5_bot - Execution status=skipped reason=no_closed_bar_crossover
2026-05-06 02:40:34 INFO mt5_bot - Balance=102029.96 Equity=102029.96 Spread=0.20 pips
2026-05-06 02:40:35 INFO mt5_bot - Signal=NONE reason=no_closed_bar_crossover price=None trend=bullish rsi=58.1 atr_pips=5.7 adx=37.9
2026-05-06 02:40:35 INFO mt5_bot - ADX boost: adx=37.9 \u2192 risk_pct=1.88%
2026-05-06 02:40:35 INFO mt5_bot - Execution status=skipped reason=no_closed_bar_crossover
2026-05-06 02:40:50 INFO mt5_bot - Balance=102029.96 Equity=102029.96 Spread=0.20 pips
2026-05-06 02:40:50 INFO mt5_bot - Signal=NONE reason=no_closed_bar_crossover price=None trend=bullish rsi=58.1 atr_pips=5.7 adx=37.9
2026-05-06 02:40:50 INFO mt5_bot - ADX boost: adx=37.9 \u2192 risk_pct=1.88%
2026-05-06 02:40:50 INFO mt5_bot - Execution status=skipped reason=no_closed_bar_crossover
2026-05-06 02:41:05 INFO mt5_bot - Balance=102029.96 Equity=102029.96 Spread=0.60 pips
2026-05-06 02:41:05 INFO mt5_bot - Signal=NONE reason=no_closed_bar_crossover price=None trend=bullish rsi=58.1 atr_pips=5.7 adx=37.9
2026-05-06 02:41:05 INFO mt5_bot - ADX boost: adx=37.9 \u2192 risk_pct=1.88%
2026-05-06 02:41:05 INFO mt5_bot - Execution status=skipped reason=no_closed_bar_crossover
2026-05-06 02:41:20 INFO mt5_bot - Balance=102029.96 Equity=102029.96 Spread=0.20 pips
2026-05-06 02:41:20 INFO mt5_bot - Signal=NONE reason=no_closed_bar_crossover price=None trend=bullish rsi=58.1 atr_pips=5.7 adx=37.9
2026-05-06 02:41:20 INFO mt5_bot - ADX boost: adx=37.9 \u2192 risk_pct=1.88%
2026-05-06 02:41:20 INFO mt5_bot - Execution status=skipped reason=no_closed_bar_crossover
2026-05-06 02:41:35 INFO mt5_bot - Balance=102029.96 Equity=102029.96 Spread=0.20 pips
2026-05-06 02:41:35 INFO mt5_bot - Signal=NONE reason=no_closed_bar_crossover price=None trend=bullish rsi=58.1 atr_pips=5.7 adx=37.9
2026-05-06 02:41:35 INFO mt5_bot - ADX boost: adx=37.9 \u2192 risk_pct=1.88%
2026-05-06 02:41:35 INFO mt5_bot - Execution status=skipped reason=no_closed_bar_crossover
2026-05-06 02:41:50 INFO mt5_bot - Balance=102029.96 Equity=102029.96 Spread=1.40 pips
2026-05-06 02:41:50 INFO mt5_bot - Signal=NONE reason=no_closed_bar_crossover price=None trend=bullish rsi=58.1 atr_pips=5.7 adx=37.9
2026-05-06 02:41:50 INFO mt5_bot - ADX boost: adx=37.9 \u2192 risk_pct=1.88%
2026-05-06 02:41:50 INFO mt5_bot - Execution status=skipped reason=no_closed_bar_crossover
2026-05-06 02:42:05 INFO mt5_bot - Balance=102029.96 Equity=102029.96 Spread=0.20 pips
2026-05-06 02:42:05 INFO mt5_bot - Signal=NONE reason=no_closed_bar_crossover price=None trend=bullish rsi=58.1 atr_pips=5.7 adx=37.9
2026-05-06 02:42:05 INFO mt5_bot - ADX boost: adx=37.9 \u2192 risk_pct=1.88%
2026-05-06 02:42:05 INFO mt5_bot - Execution status=skipped reason=no_closed_bar_crossover
2026-05-06 02:42:20 INFO mt5_bot - Balance=102029.96 Equity=102029.96 Spread=0.40 pips
2026-05-06 02:42:20 INFO mt5_bot - Signal=NONE reason=no_closed_bar_crossover price=None trend=bullish rsi=58.1 atr_pips=5.7 adx=37.9
2026-05-06 02:42:20 INFO mt5_bot - ADX boost: adx=37.9 \u2192 risk_pct=1.88%
2026-05-06 02:42:20 INFO mt5_bot - Execution status=skipped reason=no_closed_bar_crossover
2026-05-06 02:42:35 INFO mt5_bot - Balance=102029.96 Equity=102029.96 Spread=0.20 pips
2026-05-06 02:42:35 INFO mt5_bot - Signal=NONE reason=no_closed_bar_crossover price=None trend=bullish rsi=58.1 atr_pips=5.7 adx=37.9
2026-05-06 02:42:35 INFO mt5_bot - ADX boost: adx=37.9 \u2192 risk_pct=1.88%
2026-05-06 02:42:35 INFO mt5_bot - Execution status=skipped reason=no_closed_bar_crossover
2026-05-06 02:42:50 INFO mt5_bot - Balance=102029.96 Equity=102029.96 Spread=0.20 pips
2026-05-06 02:42:50 INFO mt5_bot - Signal=NONE reason=no_closed_bar_crossover price=None trend=bullish rsi=58.1 atr_pips=5.7 adx=37.9
2026-05-06 02:42:50 INFO mt5_bot - ADX boost: adx=37.9 \u2192 risk_pct=1.88%
2026-05-06 02:42:50 INFO mt5_bot - Execution status=skipped reason=no_closed_bar_crossover
2026-05-06 02:43:05 INFO mt5_bot - Balance=102029.96 Equity=102029.96 Spread=0.60 pips
2026-05-06 02:43:05 INFO mt5_bot - Signal=NONE reason=no_closed_bar_crossover price=None trend=bullish rsi=58.1 atr_pips=5.7 adx=37.9
2026-05-06 02:43:05 INFO mt5_bot - ADX boost: adx=37.9 \u2192 risk_pct=1.88%
2026-05-06 02:43:05 INFO mt5_bot - Execution status=skipped reason=no_closed_bar_crossover
2026-05-06 02:43:20 INFO mt5_bot - Balance=102029.96 Equity=102029.96 Spread=1.40 pips
2026-05-06 02:43:20 INFO mt5_bot - Signal=NONE reason=no_closed_bar_crossover price=None trend=bullish rsi=58.1 atr_pips=5.7 adx=37.9
2026-05-06 02:43:20 INFO mt5_bot - ADX boost: adx=37.9 \u2192 risk_pct=1.88%
2026-05-06 02:43:20 INFO mt5_bot - Execution status=skipped reason=no_closed_bar_crossover
2026-05-06 02:43:35 INFO mt5_bot - Balance=102029.96 Equity=102029.96 Spread=0.90 pips
2026-05-06 02:43:35 INFO mt5_bot - Signal=NONE reason=no_closed_bar_crossover price=None trend=bullish rsi=58.1 atr_pips=5.7 adx=37.9
2026-05-06 02:43:35 INFO mt5_bot - ADX boost: adx=37.9 \u2192 risk_pct=1.88%
2026-05-06 02:43:35 INFO mt5_bot - Execution status=skipped reason=no_closed_bar_crossover
2026-05-06 02:43:50 INFO mt5_bot - Balance=102029.96 Equity=102029.96 Spread=0.50 pips
2026-05-06 02:43:50 INFO mt5_bot - Signal=NONE reason=no_closed_bar_crossover price=None trend=bullish rsi=58.1 atr_pips=5.7 adx=37.9
2026-05-06 02:43:50 INFO mt5_bot - ADX boost: adx=37.9 \u2192 risk_pct=1.88%
2026-05-06 02:43:50 INFO mt5_bot - Execution status=skipped reason=no_closed_bar_crossover
2026-05-06 02:44:05 INFO mt5_bot - Balance=102029.96 Equity=102029.96 Spread=0.20 pips
2026-05-06 02:44:05 INFO mt5_bot - Signal=NONE reason=no_closed_bar_crossover price=None trend=bullish rsi=58.1 atr_pips=5.7 adx=37.9
2026-05-06 02:44:05 INFO mt5_bot - ADX boost: adx=37.9 \u2192 risk_pct=1.88%
2026-05-06 02:44:05 INFO mt5_bot - Execution status=skipped reason=no_closed_bar_crossover
2026-05-06 02:44:20 INFO mt5_bot - Balance=102029.96 Equity=102029.96 Spread=0.70 pips
2026-05-06 02:44:20 INFO mt5_bot - Signal=NONE reason=no_closed_bar_crossover price=None trend=bullish rsi=58.1 atr_pips=5.7 adx=37.9
2026-05-06 02:44:20 INFO mt5_bot - ADX boost: adx=37.9 \u2192 risk_pct=1.88%
2026-05-06 02:44:20 INFO mt5_bot - Execution status=skipped reason=no_closed_bar_crossover
2026-05-06 02:44:35 INFO mt5_bot - Balance=102029.96 Equity=102029.96 Spread=0.20 pips
2026-05-06 02:44:35 INFO mt5_bot - Signal=NONE reason=no_closed_bar_crossover price=None trend=bullish rsi=58.1 atr_pips=5.7 adx=37.9
2026-05-06 02:44:35 INFO mt5_bot - ADX boost: adx=37.9 \u2192 risk_pct=1.88%
2026-05-06 02:44:35 INFO mt5_bot - Execution status=skipped reason=no_closed_bar_crossover
2026-05-06 02:44:50 INFO mt5_bot - Balance=102029.96 Equity=102029.96 Spread=0.20 pips
2026-05-06 02:44:50 INFO mt5_bot - Signal=NONE reason=no_closed_bar_crossover price=None trend=bullish rsi=58.1 atr_pips=5.7 adx=37.9
2026-05-06 02:44:50 INFO mt5_bot - ADX boost: adx=37.9 \u2192 risk_pct=1.88%
2026-05-06 02:44:50 INFO mt5_bot - Execution status=skipped reason=no_closed_bar_crossover
2026-05-06 02:45:05 INFO mt5_bot - Balance=102029.96 Equity=102029.96 Spread=0.20 pips
2026-05-06 02:45:05 INFO mt5_bot - Signal=NONE reason=no_closed_bar_crossover price=None trend=bullish rsi=54.7 atr_pips=5.8 adx=36.1
2026-05-06 02:45:05 INFO mt5_bot - ADX boost: adx=36.1 \u2192 risk_pct=1.88%
2026-05-06 02:45:05 INFO mt5_bot - Execution status=skipped reason=no_closed_bar_crossover
2026-05-06 02:45:20 INFO mt5_bot - Balance=102029.96 Equity=102029.96 Spread=0.20 pips
2026-05-06 02:45:20 INFO mt5_bot - Signal=NONE reason=no_closed_bar_crossover price=None trend=bullish rsi=54.7 atr_pips=5.8 adx=36.1
2026-05-06 02:45:20 INFO mt5_bot - ADX boost: adx=36.1 \u2192 risk_pct=1.88%
2026-05-06 02:45:20 INFO mt5_bot - Execution status=skipped reason=no_closed_bar_crossover
2026-05-06 02:45:35 INFO mt5_bot - Balance=102029.96 Equity=102029.96 Spread=0.50 pips
2026-05-06 02:45:35 INFO mt5_bot - Signal=NONE reason=no_closed_bar_crossover price=None trend=bullish rsi=54.7 atr_pips=5.8 adx=36.1
2026-05-06 02:45:35 INFO mt5_bot - ADX boost: adx=36.1 \u2192 risk_pct=1.88%
2026-05-06 02:45:35 INFO mt5_bot - Execution status=skipped reason=no_closed_bar_crossover
2026-05-06 02:45:50 INFO mt5_bot - Balance=102029.96 Equity=102029.96 Spread=0.60 pips
2026-05-06 02:45:50 INFO mt5_bot - Signal=NONE reason=no_closed_bar_crossover price=None trend=bullish rsi=54.7 atr_pips=5.8 adx=36.1
2026-05-06 02:45:50 INFO mt5_bot - ADX boost: adx=36.1 \u2192 risk_pct=1.88%
2026-05-06 02:45:50 INFO mt5_bot - Execution status=skipped reason=no_closed_bar_crossover
2026-05-06 02:46:05 INFO mt5_bot - Balance=102029.96 Equity=102029.96 Spread=0.50 pips
2026-05-06 02:46:05 INFO mt5_bot - Signal=NONE reason=no_closed_bar_crossover price=None trend=bullish rsi=54.7 atr_pips=5.8 adx=36.1
2026-05-06 02:46:05 INFO mt5_bot - ADX boost: adx=36.1 \u2192 risk_pct=1.88%
2026-05-06 02:46:05 INFO mt5_bot - Execution status=skipped reason=no_closed_bar_crossover
2026-05-06 02:46:20 INFO mt5_bot - Balance=102029.96 Equity=102029.96 Spread=0.20 pips
2026-05-06 02:46:20 INFO mt5_bot - Signal=NONE reason=no_closed_bar_crossover price=None trend=bullish rsi=54.7 atr_pips=5.8 adx=36.1
2026-05-06 02:46:20 INFO mt5_bot - ADX boost: adx=36.1 \u2192 risk_pct=1.88%
2026-05-06 02:46:20 INFO mt5_bot - Execution status=skipped reason=no_closed_bar_crossover
2026-05-06 02:46:35 INFO mt5_bot - Balance=102029.96 Equity=102029.96 Spread=0.20 pips
2026-05-06 02:46:35 INFO mt5_bot - Signal=NONE reason=no_closed_bar_crossover price=None trend=bullish rsi=54.7 atr_pips=5.8 adx=36.1
2026-05-06 02:46:35 INFO mt5_bot - ADX boost: adx=36.1 \u2192 risk_pct=1.88%
2026-05-06 02:46:35 INFO mt5_bot - Execution status=skipped reason=no_closed_bar_crossover
2026-05-06 02:46:50 INFO mt5_bot - Balance=102029.96 Equity=102029.96 Spread=0.20 pips
2026-05-06 02:46:50 INFO mt5_bot - Signal=NONE reason=no_closed_bar_crossover price=None trend=bullish rsi=54.7 atr_pips=5.8 adx=36.1
2026-05-06 02:46:50 INFO mt5_bot - ADX boost: adx=36.1 \u2192 risk_pct=1.88%
2026-05-06 02:46:50 INFO mt5_bot - Execution status=skipped reason=no_closed_bar_crossover
2026-05-06 02:47:05 INFO mt5_bot - Balance=102029.96 Equity=102029.96 Spread=1.10 pips
2026-05-06 02:47:05 INFO mt5_bot - Signal=NONE reason=no_closed_bar_crossover price=None trend=bullish rsi=54.7 atr_pips=5.8 adx=36.1
2026-05-06 02:47:05 INFO mt5_bot - ADX boost: adx=36.1 \u2192 risk_pct=1.88%
2026-05-06 02:47:05 INFO mt5_bot - Execution status=skipped reason=no_closed_bar_crossover
2026-05-06 02:47:20 INFO mt5_bot - Balance=102029.96 Equity=102029.96 Spread=0.20 pips
2026-05-06 02:47:20 INFO mt5_bot - Signal=NONE reason=no_closed_bar_crossover price=None trend=bullish rsi=54.7 atr_pips=5.8 adx=36.1
2026-05-06 02:47:20 INFO mt5_bot - ADX boost: adx=36.1 \u2192 risk_pct=1.88%
2026-05-06 02:47:20 INFO mt5_bot - Execution status=skipped reason=no_closed_bar_crossover
2026-05-06 02:47:35 INFO mt5_bot - Balance=102029.96 Equity=102029.96 Spread=0.60 pips
2026-05-06 02:47:35 INFO mt5_bot - Signal=NONE reason=no_closed_bar_crossover price=None trend=bullish rsi=54.7 atr_pips=5.8 adx=36.1
2026-05-06 02:47:35 INFO mt5_bot - ADX boost: adx=36.1 \u2192 risk_pct=1.88%
2026-05-06 02:47:35 INFO mt5_bot - Execution status=skipped reason=no_closed_bar_crossover
2026-05-06 02:47:50 INFO mt5_bot - Balance=102029.96 Equity=102029.96 Spread=0.20 pips
2026-05-06 02:47:50 INFO mt5_bot - Signal=NONE reason=no_closed_bar_crossover price=None trend=bullish rsi=54.7 atr_pips=5.8 adx=36.1
2026-05-06 02:47:50 INFO mt5_bot - ADX boost: adx=36.1 \u2192 risk_pct=1.88%
2026-05-06 02:47:50 INFO mt5_bot - Execution status=skipped reason=no_closed_bar_crossover
2026-05-06 02:48:05 INFO mt5_bot - Balance=102029.96 Equity=102029.96 Spread=0.20 pips
2026-05-06 02:48:05 INFO mt5_bot - Signal=NONE reason=no_closed_bar_crossover price=None trend=bullish rsi=54.7 atr_pips=5.8 adx=36.1
2026-05-06 02:48:05 INFO mt5_bot - ADX boost: adx=36.1 \u2192 risk_pct=1.88%
2026-05-06 02:48:05 INFO mt5_bot - Execution status=skipped reason=no_closed_bar_crossover
2026-05-06 02:48:20 INFO mt5_bot - Balance=102029.96 Equity=102029.96 Spread=0.40 pips
2026-05-06 02:48:20 INFO mt5_bot - Signal=NONE reason=no_closed_bar_crossover price=None trend=bullish rsi=54.7 atr_pips=5.8 adx=36.1
2026-05-06 02:48:20 INFO mt5_bot - ADX boost: adx=36.1 \u2192 risk_pct=1.88%
2026-05-06 02:48:20 INFO mt5_bot - Execution status=skipped reason=no_closed_bar_crossover
2026-05-06 02:48:35 INFO mt5_bot - Balance=102029.96 Equity=102029.96 Spread=0.20 pips
2026-05-06 02:48:35 INFO mt5_bot - Signal=NONE reason=no_closed_bar_crossover price=None trend=bullish rsi=54.7 atr_pips=5.8 adx=36.1
2026-05-06 02:48:35 INFO mt5_bot - ADX boost: adx=36.1 \u2192 risk_pct=1.88%
2026-05-06 02:48:35 INFO mt5_bot - Execution status=skipped reason=no_closed_bar_crossover
2026-05-06 02:48:50 INFO mt5_bot - Balance=102029.96 Equity=102029.96 Spread=0.20 pips
2026-05-06 02:48:50 INFO mt5_bot - Signal=NONE reason=no_closed_bar_crossover price=None trend=bullish rsi=54.7 atr_pips=5.8 adx=36.1
2026-05-06 02:48:50 INFO mt5_bot - ADX boost: adx=36.1 \u2192 risk_pct=1.88%
2026-05-06 02:48:50 INFO mt5_bot - Execution status=skipped reason=no_closed_bar_crossover
2026-05-06 02:49:05 INFO mt5_bot - Balance=102029.96 Equity=102029.96 Spread=0.60 pips
2026-05-06 02:49:05 INFO mt5_bot - Signal=NONE reason=no_closed_bar_crossover price=None trend=bullish rsi=54.7 atr_pips=5.8 adx=36.1
2026-05-06 02:49:05 INFO mt5_bot - ADX boost: adx=36.1 \u2192 risk_pct=1.88%
2026-05-06 02:49:05 INFO mt5_bot - Execution status=skipped reason=no_closed_bar_crossover
2026-05-06 02:49:20 INFO mt5_bot - Balance=102029.96 Equity=102029.96 Spread=0.20 pips
2026-05-06 02:49:20 INFO mt5_bot - Signal=NONE reason=no_closed_bar_crossover price=None trend=bullish rsi=54.7 atr_pips=5.8 adx=36.1
2026-05-06 02:49:20 INFO mt5_bot - ADX boost: adx=36.1 \u2192 risk_pct=1.88%
2026-05-06 02:49:20 INFO mt5_bot - Execution status=skipped reason=no_closed_bar_crossover
2026-05-06 02:49:35 INFO mt5_bot - Balance=102029.96 Equity=102029.96 Spread=0.20 pips
2026-05-06 02:49:35 INFO mt5_bot - Signal=NONE reason=no_closed_bar_crossover price=None trend=bullish rsi=54.7 atr_pips=5.8 adx=36.1
2026-05-06 02:49:35 INFO mt5_bot - ADX boost: adx=36.1 \u2192 risk_pct=1.88%
2026-05-06 02:49:35 INFO mt5_bot - Execution status=skipped reason=no_closed_bar_crossover
2026-05-06 02:49:50 INFO mt5_bot - Balance=102029.96 Equity=102029.96 Spread=0.20 pips
2026-05-06 02:49:50 INFO mt5_bot - Signal=NONE reason=no_closed_bar_crossover price=None trend=bullish rsi=54.7 atr_pips=5.8 adx=36.1
2026-05-06 02:49:50 INFO mt5_bot - ADX boost: adx=36.1 \u2192 risk_pct=1.88%
2026-05-06 02:49:50 INFO mt5_bot - Execution status=skipped reason=no_closed_bar_crossover
2026-05-06 02:50:05 INFO mt5_bot - Balance=102029.96 Equity=102029.96 Spread=0.20 pips
2026-05-06 02:50:05 INFO mt5_bot - Signal=NONE reason=no_closed_bar_crossover price=None trend=bullish rsi=54.7 atr_pips=5.8 adx=36.1
2026-05-06 02:50:05 INFO mt5_bot - ADX boost: adx=36.1 \u2192 risk_pct=1.88%
2026-05-06 02:50:05 INFO mt5_bot - Execution status=skipped reason=no_closed_bar_crossover
2026-05-06 02:50:20 INFO mt5_bot - Balance=102029.96 Equity=102029.96 Spread=0.20 pips
2026-05-06 02:50:20 INFO mt5_bot - Signal=NONE reason=no_closed_bar_crossover price=None trend=bullish rsi=54.7 atr_pips=5.8 adx=36.1
2026-05-06 02:50:20 INFO mt5_bot - ADX boost: adx=36.1 \u2192 risk_pct=1.88%
2026-05-06 02:50:20 INFO mt5_bot - Execution status=skipped reason=no_closed_bar_crossover
2026-05-06 02:50:35 INFO mt5_bot - Balance=102029.96 Equity=102029.96 Spread=0.20 pips
2026-05-06 02:50:35 INFO mt5_bot - Signal=NONE reason=no_closed_bar_crossover price=None trend=bullish rsi=54.7 atr_pips=5.8 adx=36.1
2026-05-06 02:50:35 INFO mt5_bot - ADX boost: adx=36.1 \u2192 risk_pct=1.88%
2026-05-06 02:50:35 INFO mt5_bot - Execution status=skipped reason=no_closed_bar_crossover
2026-05-06 02:50:50 INFO mt5_bot - Balance=102029.96 Equity=102029.96 Spread=0.20 pips
2026-05-06 02:50:50 INFO mt5_bot - Signal=NONE reason=no_closed_bar_crossover price=None trend=bullish rsi=54.7 atr_pips=5.8 adx=36.1
2026-05-06 02:50:50 INFO mt5_bot - ADX boost: adx=36.1 \u2192 risk_pct=1.88%
2026-05-06 02:50:50 INFO mt5_bot - Execution status=skipped reason=no_closed_bar_crossover
2026-05-06 02:51:05 INFO mt5_bot - Balance=102029.96 Equity=102029.96 Spread=0.20 pips
2026-05-06 02:51:05 INFO mt5_bot - Signal=NONE reason=no_closed_bar_crossover price=None trend=bullish rsi=54.7 atr_pips=5.8 adx=36.1
2026-05-06 02:51:05 INFO mt5_bot - ADX boost: adx=36.1 \u2192 risk_pct=1.88%
2026-05-06 02:51:05 INFO mt5_bot - Execution status=skipped reason=no_closed_bar_crossover
2026-05-06 02:51:20 INFO mt5_bot - Balance=102029.96 Equity=102029.96 Spread=0.20 pips
2026-05-06 02:51:20 INFO mt5_bot - Signal=NONE reason=no_closed_bar_crossover price=None trend=bullish rsi=54.7 atr_pips=5.8 adx=36.1
2026-05-06 02:51:20 INFO mt5_bot - ADX boost: adx=36.1 \u2192 risk_pct=1.88%
2026-05-06 02:51:20 INFO mt5_bot - Execution status=skipped reason=no_closed_bar_crossover
2026-05-06 02:51:35 INFO mt5_bot - Balance=102029.96 Equity=102029.96 Spread=0.20 pips
2026-05-06 02:51:35 INFO mt5_bot - Signal=NONE reason=no_closed_bar_crossover price=None trend=bullish rsi=54.7 atr_pips=5.8 adx=36.1
2026-05-06 02:51:35 INFO mt5_bot - ADX boost: adx=36.1 \u2192 risk_pct=1.88%
2026-05-06 02:51:35 INFO mt5_bot - Execution status=skipped reason=no_closed_bar_crossover
2026-05-06 02:51:50 INFO mt5_bot - Balance=102029.96 Equity=102029.96 Spread=0.20 pips
2026-05-06 02:51:50 INFO mt5_bot - Signal=NONE reason=no_closed_bar_crossover price=None trend=bullish rsi=54.7 atr_pips=5.8 adx=36.1
2026-05-06 02:51:50 INFO mt5_bot - ADX boost: adx=36.1 \u2192 risk_pct=1.88%
2026-05-06 02:51:50 INFO mt5_bot - Execution status=skipped reason=no_closed_bar_crossover
2026-05-06 02:52:05 INFO mt5_bot - Balance=102029.96 Equity=102029.96 Spread=0.20 pips
2026-05-06 02:52:05 INFO mt5_bot - Signal=NONE reason=no_closed_bar_crossover price=None trend=bullish rsi=54.7 atr_pips=5.8 adx=36.1
2026-05-06 02:52:05 INFO mt5_bot - ADX boost: adx=36.1 \u2192 risk_pct=1.88%
2026-05-06 02:52:05 INFO mt5_bot - Execution status=skipped reason=no_closed_bar_crossover
2026-05-06 02:52:20 INFO mt5_bot - Balance=102029.96 Equity=102029.96 Spread=0.20 pips
2026-05-06 02:52:20 INFO mt5_bot - Signal=NONE reason=no_closed_bar_crossover price=None trend=bullish rsi=54.7 atr_pips=5.8 adx=36.1
2026-05-06 02:52:20 INFO mt5_bot - ADX boost: adx=36.1 \u2192 risk_pct=1.88%
2026-05-06 02:52:20 INFO mt5_bot - Execution status=skipped reason=no_closed_bar_crossover
2026-05-06 02:52:35 INFO mt5_bot - Balance=102029.96 Equity=102029.96 Spread=0.20 pips
2026-05-06 02:52:35 INFO mt5_bot - Signal=NONE reason=no_closed_bar_crossover price=None trend=bullish rsi=54.7 atr_pips=5.8 adx=36.1
2026-05-06 02:52:35 INFO mt5_bot - ADX boost: adx=36.1 \u2192 risk_pct=1.88%
2026-05-06 02:52:35 INFO mt5_bot - Execution status=skipped reason=no_closed_bar_crossover
2026-05-06 02:52:50 INFO mt5_bot - Balance=102029.96 Equity=102029.96 Spread=0.50 pips
2026-05-06 02:52:50 INFO mt5_bot - Signal=NONE reason=no_closed_bar_crossover price=None trend=bullish rsi=54.7 atr_pips=5.8 adx=36.1
2026-05-06 02:52:50 INFO mt5_bot - ADX boost: adx=36.1 \u2192 risk_pct=1.88%
2026-05-06 02:52:50 INFO mt5_bot - Execution status=skipped reason=no_closed_bar_crossover
2026-05-06 02:53:05 INFO mt5_bot - Balance=102029.96 Equity=102029.96 Spread=0.20 pips
2026-05-06 02:53:05 INFO mt5_bot - Signal=NONE reason=no_closed_bar_crossover price=None trend=bullish rsi=54.7 atr_pips=5.8 adx=36.1
2026-05-06 02:53:05 INFO mt5_bot - ADX boost: adx=36.1 \u2192 risk_pct=1.88%
2026-05-06 02:53:05 INFO mt5_bot - Execution status=skipped reason=no_closed_bar_crossover
2026-05-06 02:53:20 INFO mt5_bot - Balance=102029.96 Equity=102029.96 Spread=0.40 pips
2026-05-06 02:53:20 INFO mt5_bot - Signal=NONE reason=no_closed_bar_crossover price=None trend=bullish rsi=54.7 atr_pips=5.8 adx=36.1
2026-05-06 02:53:20 INFO mt5_bot - ADX boost: adx=36.1 \u2192 risk_pct=1.88%
2026-05-06 02:53:20 INFO mt5_bot - Execution status=skipped reason=no_closed_bar_crossover
2026-05-06 02:53:35 INFO mt5_bot - Balance=102029.96 Equity=102029.96 Spread=0.20 pips
2026-05-06 02:53:35 INFO mt5_bot - Signal=NONE reason=no_closed_bar_crossover price=None trend=bullish rsi=54.7 atr_pips=5.8 adx=36.1
2026-05-06 02:53:35 INFO mt5_bot - ADX boost: adx=36.1 \u2192 risk_pct=1.88%
2026-05-06 02:53:35 INFO mt5_bot - Execution status=skipped reason=no_closed_bar_crossover
2026-05-06 02:53:50 INFO mt5_bot - Balance=102029.96 Equity=102029.96 Spread=0.20 pips
2026-05-06 02:53:50 INFO mt5_bot - Signal=NONE reason=no_closed_bar_crossover price=None trend=bullish rsi=54.7 atr_pips=5.8 adx=36.1
2026-05-06 02:53:50 INFO mt5_bot - ADX boost: adx=36.1 \u2192 risk_pct=1.88%
2026-05-06 02:53:50 INFO mt5_bot - Execution status=skipped reason=no_closed_bar_crossover
2026-05-06 02:54:05 INFO mt5_bot - Balance=102029.96 Equity=102029.96 Spread=0.20 pips
2026-05-06 02:54:05 INFO mt5_bot - Signal=NONE reason=no_closed_bar_crossover price=None trend=bullish rsi=54.7 atr_pips=5.8 adx=36.1
2026-05-06 02:54:05 INFO mt5_bot - ADX boost: adx=36.1 \u2192 risk_pct=1.88%
2026-05-06 02:54:05 INFO mt5_bot - Execution status=skipped reason=no_closed_bar_crossover
2026-05-06 02:54:20 INFO mt5_bot - Balance=102029.96 Equity=102029.96 Spread=0.20 pips
2026-05-06 02:54:20 INFO mt5_bot - Signal=NONE reason=no_closed_bar_crossover price=None trend=bullish rsi=54.7 atr_pips=5.8 adx=36.1
2026-05-06 02:54:20 INFO mt5_bot - ADX boost: adx=36.1 \u2192 risk_pct=1.88%
2026-05-06 02:54:20 INFO mt5_bot - Execution status=skipped reason=no_closed_bar_crossover
2026-05-06 02:54:35 INFO mt5_bot - Balance=102029.96 Equity=102029.96 Spread=0.20 pips
2026-05-06 02:54:35 INFO mt5_bot - Signal=NONE reason=no_closed_bar_crossover price=None trend=bullish rsi=54.7 atr_pips=5.8 adx=36.1
2026-05-06 02:54:35 INFO mt5_bot - ADX boost: adx=36.1 \u2192 risk_pct=1.88%
2026-05-06 02:54:35 INFO mt5_bot - Execution status=skipped reason=no_closed_bar_crossover
2026-05-06 02:54:50 INFO mt5_bot - Balance=102029.96 Equity=102029.96 Spread=0.20 pips
2026-05-06 02:54:50 INFO mt5_bot - Signal=NONE reason=no_closed_bar_crossover price=None trend=bullish rsi=54.7 atr_pips=5.8 adx=36.1
2026-05-06 02:54:50 INFO mt5_bot - ADX boost: adx=36.1 \u2192 risk_pct=1.88%
2026-05-06 02:54:50 INFO mt5_bot - Execution status=skipped reason=no_closed_bar_crossover
2026-05-06 02:55:05 INFO mt5_bot - Balance=102029.96 Equity=102029.96 Spread=0.20 pips
2026-05-06 02:55:05 INFO mt5_bot - Signal=NONE reason=no_closed_bar_crossover price=None trend=bullish rsi=54.7 atr_pips=5.8 adx=36.1
2026-05-06 02:55:05 INFO mt5_bot - ADX boost: adx=36.1 \u2192 risk_pct=1.88%
2026-05-06 02:55:05 INFO mt5_bot - Execution status=skipped reason=no_closed_bar_crossover
2026-05-06 02:55:20 INFO mt5_bot - Balance=102029.96 Equity=102029.96 Spread=0.20 pips
2026-05-06 02:55:20 INFO mt5_bot - Signal=NONE reason=no_closed_bar_crossover price=None trend=bullish rsi=54.7 atr_pips=5.8 adx=36.1
2026-05-06 02:55:20 INFO mt5_bot - ADX boost: adx=36.1 \u2192 risk_pct=1.88%
2026-05-06 02:55:20 INFO mt5_bot - Execution status=skipped reason=no_closed_bar_crossover
2026-05-06 02:55:35 INFO mt5_bot - Balance=102029.96 Equity=102029.96 Spread=0.20 pips
2026-05-06 02:55:35 INFO mt5_bot - Signal=NONE reason=no_closed_bar_crossover price=None trend=bullish rsi=54.7 atr_pips=5.8 adx=36.1
2026-05-06 02:55:35 INFO mt5_bot - ADX boost: adx=36.1 \u2192 risk_pct=1.88%
2026-05-06 02:55:35 INFO mt5_bot - Execution status=skipped reason=no_closed_bar_crossover
2026-05-06 02:55:50 INFO mt5_bot - Balance=102029.96 Equity=102029.96 Spread=0.20 pips
2026-05-06 02:55:50 INFO mt5_bot - Signal=NONE reason=no_closed_bar_crossover price=None trend=bullish rsi=54.7 atr_pips=5.8 adx=36.1
2026-05-06 02:55:50 INFO mt5_bot - ADX boost: adx=36.1 \u2192 risk_pct=1.88%
2026-05-06 02:55:50 INFO mt5_bot - Execution status=skipped reason=no_closed_bar_crossover
2026-05-06 02:56:05 INFO mt5_bot - Balance=102029.96 Equity=102029.96 Spread=0.20 pips
2026-05-06 02:56:05 INFO mt5_bot - Signal=NONE reason=no_closed_bar_crossover price=None trend=bullish rsi=54.7 atr_pips=5.8 adx=36.1
2026-05-06 02:56:05 INFO mt5_bot - ADX boost: adx=36.1 \u2192 risk_pct=1.88%
2026-05-06 02:56:05 INFO mt5_bot - Execution status=skipped reason=no_closed_bar_crossover
2026-05-06 02:56:20 INFO mt5_bot - Balance=102029.96 Equity=102029.96 Spread=0.20 pips
2026-05-06 02:56:20 INFO mt5_bot - Signal=NONE reason=no_closed_bar_crossover price=None trend=bullish rsi=54.7 atr_pips=5.8 adx=36.1
2026-05-06 02:56:20 INFO mt5_bot - ADX boost: adx=36.1 \u2192 risk_pct=1.88%
2026-05-06 02:56:20 INFO mt5_bot - Execution status=skipped reason=no_closed_bar_crossover
2026-05-06 02:56:36 INFO mt5_bot - Balance=102029.96 Equity=102029.96 Spread=0.20 pips
2026-05-06 02:56:36 INFO mt5_bot - Signal=NONE reason=no_closed_bar_crossover price=None trend=bullish rsi=54.7 atr_pips=5.8 adx=36.1
2026-05-06 02:56:36 INFO mt5_bot - ADX boost: adx=36.1 \u2192 risk_pct=1.88%
2026-05-06 02:56:36 INFO mt5_bot - Execution status=skipped reason=no_closed_bar_crossover
2026-05-06 02:56:51 INFO mt5_bot - Balance=102029.96 Equity=102029.96 Spread=0.20 pips
2026-05-06 02:56:51 INFO mt5_bot - Signal=NONE reason=no_closed_bar_crossover price=None trend=bullish rsi=54.7 atr_pips=5.8 adx=36.1
2026-05-06 02:56:51 INFO mt5_bot - ADX boost: adx=36.1 \u2192 risk_pct=1.88%
2026-05-06 02:56:51 INFO mt5_bot - Execution status=skipped reason=no_closed_bar_crossover
2026-05-06 02:57:06 INFO mt5_bot - Balance=102029.96 Equity=102029.96 Spread=0.20 pips
2026-05-06 02:57:06 INFO mt5_bot - Signal=NONE reason=no_closed_bar_crossover price=None trend=bullish rsi=54.7 atr_pips=5.8 adx=36.1
2026-05-06 02:57:06 INFO mt5_bot - ADX boost: adx=36.1 \u2192 risk_pct=1.88%
2026-05-06 02:57:06 INFO mt5_bot - Execution status=skipped reason=no_closed_bar_crossover
2026-05-06 02:57:21 INFO mt5_bot - Balance=102029.96 Equity=102029.96 Spread=0.30 pips
2026-05-06 02:57:21 INFO mt5_bot - Signal=NONE reason=no_closed_bar_crossover price=None trend=bullish rsi=54.7 atr_pips=5.8 adx=36.1
2026-05-06 02:57:21 INFO mt5_bot - ADX boost: adx=36.1 \u2192 risk_pct=1.88%
2026-05-06 02:57:21 INFO mt5_bot - Execution status=skipped reason=no_closed_bar_crossover
2026-05-06 02:57:36 INFO mt5_bot - Balance=102029.96 Equity=102029.96 Spread=0.60 pips
2026-05-06 02:57:36 INFO mt5_bot - Signal=NONE reason=no_closed_bar_crossover price=None trend=bullish rsi=54.7 atr_pips=5.8 adx=36.1
2026-05-06 02:57:36 INFO mt5_bot - ADX boost: adx=36.1 \u2192 risk_pct=1.88%
2026-05-06 02:57:36 INFO mt5_bot - Execution status=skipped reason=no_closed_bar_crossover
2026-05-06 02:57:51 INFO mt5_bot - Balance=102029.96 Equity=102029.96 Spread=0.20 pips
2026-05-06 02:57:51 INFO mt5_bot - Signal=NONE reason=no_closed_bar_crossover price=None trend=bullish rsi=54.7 atr_pips=5.8 adx=36.1
2026-05-06 02:57:51 INFO mt5_bot - ADX boost: adx=36.1 \u2192 risk_pct=1.88%
2026-05-06 02:57:51 INFO mt5_bot - Execution status=skipped reason=no_closed_bar_crossover
2026-05-06 02:58:06 INFO mt5_bot - Balance=102029.96 Equity=102029.96 Spread=0.20 pips
2026-05-06 02:58:06 INFO mt5_bot - Signal=NONE reason=no_closed_bar_crossover price=None trend=bullish rsi=54.7 atr_pips=5.8 adx=36.1
2026-05-06 02:58:06 INFO mt5_bot - ADX boost: adx=36.1 \u2192 risk_pct=1.88%
2026-05-06 02:58:06 INFO mt5_bot - Execution status=skipped reason=no_closed_bar_crossover
2026-05-06 02:58:21 INFO mt5_bot - Balance=102029.96 Equity=102029.96 Spread=0.20 pips
2026-05-06 02:58:21 INFO mt5_bot - Signal=NONE reason=no_closed_bar_crossover price=None trend=bullish rsi=54.7 atr_pips=5.8 adx=36.1
2026-05-06 02:58:21 INFO mt5_bot - ADX boost: adx=36.1 \u2192 risk_pct=1.88%
2026-05-06 02:58:21 INFO mt5_bot - Execution status=skipped reason=no_closed_bar_crossover
2026-05-06 02:58:36 INFO mt5_bot - Balance=102029.96 Equity=102029.96 Spread=0.20 pips
2026-05-06 02:58:36 INFO mt5_bot - Signal=NONE reason=no_closed_bar_crossover price=None trend=bullish rsi=54.7 atr_pips=5.8 adx=36.1
2026-05-06 02:58:36 INFO mt5_bot - ADX boost: adx=36.1 \u2192 risk_pct=1.88%
2026-05-06 02:58:36 INFO mt5_bot - Execution status=skipped reason=no_closed_bar_crossover
2026-05-06 02:58:51 INFO mt5_bot - Balance=102029.96 Equity=102029.96 Spread=1.00 pips
2026-05-06 02:58:51 INFO mt5_bot - Signal=NONE reason=no_closed_bar_crossover price=None trend=bullish rsi=54.7 atr_pips=5.8 adx=36.1
2026-05-06 02:58:51 INFO mt5_bot - ADX boost: adx=36.1 \u2192 risk_pct=1.88%
2026-05-06 02:58:51 INFO mt5_bot - Execution status=skipped reason=no_closed_bar_crossover
2026-05-06 02:59:06 INFO mt5_bot - Balance=102029.96 Equity=102029.96 Spread=0.20 pips
2026-05-06 02:59:06 INFO mt5_bot - Signal=NONE reason=no_closed_bar_crossover price=None trend=bullish rsi=54.7 atr_pips=5.8 adx=36.1
2026-05-06 02:59:06 INFO mt5_bot - ADX boost: adx=36.1 \u2192 risk_pct=1.88%
2026-05-06 02:59:06 INFO mt5_bot - Execution status=skipped reason=no_closed_bar_crossover
2026-05-06 02:59:21 INFO mt5_bot - Balance=102029.96 Equity=102029.96 Spread=0.20 pips
2026-05-06 02:59:21 INFO mt5_bot - Signal=NONE reason=no_closed_bar_crossover price=None trend=bullish rsi=54.7 atr_pips=5.8 adx=36.1
2026-05-06 02:59:21 INFO mt5_bot - ADX boost: adx=36.1 \u2192 risk_pct=1.88%
2026-05-06 02:59:21 INFO mt5_bot - Execution status=skipped reason=no_closed_bar_crossover
2026-05-06 02:59:36 INFO mt5_bot - Balance=102029.96 Equity=102029.96 Spread=0.20 pips
2026-05-06 02:59:36 INFO mt5_bot - Signal=NONE reason=no_closed_bar_crossover price=None trend=bullish rsi=54.7 atr_pips=5.8 adx=36.1
2026-05-06 02:59:36 INFO mt5_bot - ADX boost: adx=36.1 \u2192 risk_pct=1.88%
2026-05-06 02:59:36 INFO mt5_bot - Execution status=skipped reason=no_closed_bar_crossover
2026-05-06 02:59:51 INFO mt5_bot - Balance=102029.96 Equity=102029.96 Spread=0.20 pips
2026-05-06 02:59:51 INFO mt5_bot - Signal=NONE reason=no_closed_bar_crossover price=None trend=bullish rsi=54.7 atr_pips=5.8 adx=36.1
2026-05-06 02:59:51 INFO mt5_bot - ADX boost: adx=36.1 \u2192 risk_pct=1.88%
2026-05-06 02:59:51 INFO mt5_bot - Execution status=skipped reason=no_closed_bar_crossover
2026-05-06 03:00:06 INFO mt5_bot - Balance=102029.96 Equity=102029.96 Spread=0.20 pips
2026-05-06 03:00:06 INFO mt5_bot.news_filter - news_filter: loaded 115 events from ForexFactory/cache
2026-05-06 03:00:06 INFO mt5_bot - Signal=NONE reason=no_closed_bar_crossover price=None trend=bullish rsi=66.3 atr_pips=6.2 adx=35.6
2026-05-06 03:00:06 INFO mt5_bot - ADX boost: adx=35.6 \u2192 risk_pct=1.88%
2026-05-06 03:00:06 INFO mt5_bot - Execution status=skipped reason=no_closed_bar_crossover
2026-05-06 03:00:21 INFO mt5_bot - Balance=102029.96 Equity=102029.96 Spread=0.20 pips
2026-05-06 03:00:21 INFO mt5_bot - Signal=NONE reason=no_closed_bar_crossover price=None trend=bullish rsi=66.3 atr_pips=6.2 adx=35.6
2026-05-06 03:00:21 INFO mt5_bot - ADX boost: adx=35.6 \u2192 risk_pct=1.88%
2026-05-06 03:00:21 INFO mt5_bot - Execution status=skipped reason=no_closed_bar_crossover
2026-05-06 03:00:36 INFO mt5_bot - Balance=102029.96 Equity=102029.96 Spread=0.20 pips
2026-05-06 03:00:36 INFO mt5_bot - Signal=NONE reason=no_closed_bar_crossover price=None trend=bullish rsi=66.3 atr_pips=6.2 adx=35.6
2026-05-06 03:00:36 INFO mt5_bot - ADX boost: adx=35.6 \u2192 risk_pct=1.88%
2026-05-06 03:00:36 INFO mt5_bot - Execution status=skipped reason=no_closed_bar_crossover
2026-05-06 03:00:51 INFO mt5_bot - Balance=102029.96 Equity=102029.96 Spread=0.50 pips
2026-05-06 03:00:51 INFO mt5_bot - Signal=NONE reason=no_closed_bar_crossover price=None trend=bullish rsi=66.3 atr_pips=6.2 adx=35.6
2026-05-06 03:00:51 INFO mt5_bot - ADX boost: adx=35.6 \u2192 risk_pct=1.88%
2026-05-06 03:00:51 INFO mt5_bot - Execution status=skipped reason=no_closed_bar_crossover
2026-05-06 03:01:06 INFO mt5_bot - Balance=102029.96 Equity=102029.96 Spread=0.40 pips
2026-05-06 03:01:06 INFO mt5_bot - Signal=NONE reason=no_closed_bar_crossover price=None trend=bullish rsi=66.3 atr_pips=6.2 adx=35.6
2026-05-06 03:01:06 INFO mt5_bot - ADX boost: adx=35.6 \u2192 risk_pct=1.88%
2026-05-06 03:01:06 INFO mt5_bot - Execution status=skipped reason=no_closed_bar_crossover
2026-05-06 03:01:21 INFO mt5_bot - Balance=102029.96 Equity=102029.96 Spread=0.80 pips
2026-05-06 03:01:21 INFO mt5_bot - Signal=NONE reason=no_closed_bar_crossover price=None trend=bullish rsi=66.3 atr_pips=6.2 adx=35.6
2026-05-06 03:01:21 INFO mt5_bot - ADX boost: adx=35.6 \u2192 risk_pct=1.88%
2026-05-06 03:01:21 INFO mt5_bot - Execution status=skipped reason=no_closed_bar_crossover
2026-05-06 03:01:36 INFO mt5_bot - Balance=102029.96 Equity=102029.96 Spread=0.20 pips
2026-05-06 03:01:36 INFO mt5_bot - Signal=NONE reason=no_closed_bar_crossover price=None trend=bullish rsi=66.3 atr_pips=6.2 adx=35.6
2026-05-06 03:01:36 INFO mt5_bot - ADX boost: adx=35.6 \u2192 risk_pct=1.88%
2026-05-06 03:01:36 INFO mt5_bot - Execution status=skipped reason=no_closed_bar_crossover
2026-05-06 03:01:51 INFO mt5_bot - Balance=102029.96 Equity=102029.96 Spread=0.20 pips
2026-05-06 03:01:51 INFO mt5_bot - Signal=NONE reason=no_closed_bar_crossover price=None trend=bullish rsi=66.3 atr_pips=6.2 adx=35.6
2026-05-06 03:01:51 INFO mt5_bot - ADX boost: adx=35.6 \u2192 risk_pct=1.88%
2026-05-06 03:01:51 INFO mt5_bot - Execution status=skipped reason=no_closed_bar_crossover
2026-05-06 03:02:06 INFO mt5_bot - Balance=102029.96 Equity=102029.96 Spread=0.70 pips
2026-05-06 03:02:06 INFO mt5_bot - Signal=NONE reason=no_closed_bar_crossover price=None trend=bullish rsi=66.3 atr_pips=6.2 adx=35.6
2026-05-06 03:02:06 INFO mt5_bot - ADX boost: adx=35.6 \u2192 risk_pct=1.88%
2026-05-06 03:02:06 INFO mt5_bot - Execution status=skipped reason=no_closed_bar_crossover
2026-05-06 03:02:21 INFO mt5_bot - Balance=102029.96 Equity=102029.96 Spread=0.60 pips
2026-05-06 03:02:21 INFO mt5_bot - Signal=NONE reason=no_closed_bar_crossover price=None trend=bullish rsi=66.3 atr_pips=6.2 adx=35.6
2026-05-06 03:02:21 INFO mt5_bot - ADX boost: adx=35.6 \u2192 risk_pct=1.88%
2026-05-06 03:02:21 INFO mt5_bot - Execution status=skipped reason=no_closed_bar_crossover
2026-05-06 03:02:36 INFO mt5_bot - Balance=102029.96 Equity=102029.96 Spread=0.20 pips
2026-05-06 03:02:36 INFO mt5_bot - Signal=NONE reason=no_closed_bar_crossover price=None trend=bullish rsi=66.3 atr_pips=6.2 adx=35.6
2026-05-06 03:02:36 INFO mt5_bot - ADX boost: adx=35.6 \u2192 risk_pct=1.88%
2026-05-06 03:02:36 INFO mt5_bot - Execution status=skipped reason=no_closed_bar_crossover
2026-05-06 03:02:51 INFO mt5_bot - Balance=102029.96 Equity=102029.96 Spread=0.20 pips
2026-05-06 03:02:51 INFO mt5_bot - Signal=NONE reason=no_closed_bar_crossover price=None trend=bullish rsi=66.3 atr_pips=6.2 adx=35.6
2026-05-06 03:02:51 INFO mt5_bot - ADX boost: adx=35.6 \u2192 risk_pct=1.88%
2026-05-06 03:02:51 INFO mt5_bot - Execution status=skipped reason=no_closed_bar_crossover
2026-05-06 03:03:06 INFO mt5_bot - Balance=102029.96 Equity=102029.96 Spread=0.50 pips
2026-05-06 03:03:06 INFO mt5_bot - Signal=NONE reason=no_closed_bar_crossover price=None trend=bullish rsi=66.3 atr_pips=6.2 adx=35.6
2026-05-06 03:03:06 INFO mt5_bot - ADX boost: adx=35.6 \u2192 risk_pct=1.88%
2026-05-06 03:03:06 INFO mt5_bot - Execution status=skipped reason=no_closed_bar_crossover
2026-05-06 03:03:21 INFO mt5_bot - Balance=102029.96 Equity=102029.96 Spread=0.20 pips
2026-05-06 03:03:21 INFO mt5_bot - Signal=NONE reason=no_closed_bar_crossover price=None trend=bullish rsi=66.3 atr_pips=6.2 adx=35.6
2026-05-06 03:03:21 INFO mt5_bot - ADX boost: adx=35.6 \u2192 risk_pct=1.88%
2026-05-06 03:03:21 INFO mt5_bot - Execution status=skipped reason=no_closed_bar_crossover
2026-05-06 03:03:36 INFO mt5_bot - Balance=102029.96 Equity=102029.96 Spread=0.20 pips
2026-05-06 03:03:36 INFO mt5_bot - Signal=NONE reason=no_closed_bar_crossover price=None trend=bullish rsi=66.3 atr_pips=6.2 adx=35.6
2026-05-06 03:03:36 INFO mt5_bot - ADX boost: adx=35.6 \u2192 risk_pct=1.88%
2026-05-06 03:03:36 INFO mt5_bot - Execution status=skipped reason=no_closed_bar_crossover
2026-05-06 03:03:51 INFO mt5_bot - Balance=102029.96 Equity=102029.96 Spread=0.20 pips
2026-05-06 03:03:51 INFO mt5_bot - Signal=NONE reason=no_closed_bar_crossover price=None trend=bullish rsi=66.3 atr_pips=6.2 adx=35.6
2026-05-06 03:03:51 INFO mt5_bot - ADX boost: adx=35.6 \u2192 risk_pct=1.88%
2026-05-06 03:03:51 INFO mt5_bot - Execution status=skipped reason=no_closed_bar_crossover
2026-05-06 03:04:06 INFO mt5_bot - Balance=102029.96 Equity=102029.96 Spread=0.20 pips
2026-05-06 03:04:06 INFO mt5_bot - Signal=NONE reason=no_closed_bar_crossover price=None trend=bullish rsi=66.3 atr_pips=6.2 adx=35.6
2026-05-06 03:04:06 INFO mt5_bot - ADX boost: adx=35.6 \u2192 risk_pct=1.88%
2026-05-06 03:04:06 INFO mt5_bot - Execution status=skipped reason=no_closed_bar_crossover
2026-05-06 03:04:21 INFO mt5_bot - Balance=102029.96 Equity=102029.96 Spread=0.20 pips
2026-05-06 03:04:21 INFO mt5_bot - Signal=NONE reason=no_closed_bar_crossover price=None trend=bullish rsi=66.3 atr_pips=6.2 adx=35.6
2026-05-06 03:04:21 INFO mt5_bot - ADX boost: adx=35.6 \u2192 risk_pct=1.88%
2026-05-06 03:04:21 INFO mt5_bot - Execution status=skipped reason=no_closed_bar_crossover
2026-05-06 03:04:36 INFO mt5_bot - Balance=102029.96 Equity=102029.96 Spread=0.20 pips
2026-05-06 03:04:36 INFO mt5_bot - Signal=NONE reason=no_closed_bar_crossover price=None trend=bullish rsi=66.3 atr_pips=6.2 adx=35.6
2026-05-06 03:04:36 INFO mt5_bot - ADX boost: adx=35.6 \u2192 risk_pct=1.88%
2026-05-06 03:04:36 INFO mt5_bot - Execution status=skipped reason=no_closed_bar_crossover
2026-05-06 03:04:51 INFO mt5_bot - Balance=102029.96 Equity=102029.96 Spread=0.20 pips
2026-05-06 03:04:51 INFO mt5_bot - Signal=NONE reason=no_closed_bar_crossover price=None trend=bullish rsi=66.3 atr_pips=6.2 adx=35.6
2026-05-06 03:04:51 INFO mt5_bot - ADX boost: adx=35.6 \u2192 risk_pct=1.88%
2026-05-06 03:04:51 INFO mt5_bot - Execution status=skipped reason=no_closed_bar_crossover
2026-05-06 03:05:06 INFO mt5_bot - Balance=102029.96 Equity=102029.96 Spread=0.20 pips
2026-05-06 03:05:06 INFO mt5_bot - Signal=NONE reason=no_closed_bar_crossover price=None trend=bullish rsi=66.3 atr_pips=6.2 adx=35.6
2026-05-06 03:05:06 INFO mt5_bot - ADX boost: adx=35.6 \u2192 risk_pct=1.88%
2026-05-06 03:05:06 INFO mt5_bot - Execution status=skipped reason=no_closed_bar_crossover
2026-05-06 03:05:21 INFO mt5_bot - Balance=102029.96 Equity=102029.96 Spread=0.20 pips
2026-05-06 03:05:21 INFO mt5_bot - Signal=NONE reason=no_closed_bar_crossover price=None trend=bullish rsi=66.3 atr_pips=6.2 adx=35.6
2026-05-06 03:05:21 INFO mt5_bot - ADX boost: adx=35.6 \u2192 risk_pct=1.88%
2026-05-06 03:05:21 INFO mt5_bot - Execution status=skipped reason=no_closed_bar_crossover
2026-05-06 03:05:36 INFO mt5_bot - Balance=102029.96 Equity=102029.96 Spread=0.20 pips
2026-05-06 03:05:36 INFO mt5_bot - Signal=NONE reason=no_closed_bar_crossover price=None trend=bullish rsi=66.3 atr_pips=6.2 adx=35.6
2026-05-06 03:05:36 INFO mt5_bot - ADX boost: adx=35.6 \u2192 risk_pct=1.88%
2026-05-06 03:05:36 INFO mt5_bot - Execution status=skipped reason=no_closed_bar_crossover
2026-05-06 03:05:51 INFO mt5_bot - Balance=102029.96 Equity=102029.96 Spread=0.90 pips
2026-05-06 03:05:51 INFO mt5_bot - Signal=NONE reason=no_closed_bar_crossover price=None trend=bullish rsi=66.3 atr_pips=6.2 adx=35.6
2026-05-06 03:05:51 INFO mt5_bot - ADX boost: adx=35.6 \u2192 risk_pct=1.88%
2026-05-06 03:05:51 INFO mt5_bot - Execution status=skipped reason=no_closed_bar_crossover
2026-05-06 03:06:06 INFO mt5_bot - Balance=102029.96 Equity=102029.96 Spread=0.50 pips
2026-05-06 03:06:06 INFO mt5_bot - Signal=NONE reason=no_closed_bar_crossover price=None trend=bullish rsi=66.3 atr_pips=6.2 adx=35.6
2026-05-06 03:06:06 INFO mt5_bot - ADX boost: adx=35.6 \u2192 risk_pct=1.88%
2026-05-06 03:06:06 INFO mt5_bot - Execution status=skipped reason=no_closed_bar_crossover
2026-05-06 03:06:21 INFO mt5_bot - Balance=102029.96 Equity=102029.96 Spread=0.60 pips
2026-05-06 03:06:21 INFO mt5_bot - Signal=NONE reason=no_closed_bar_crossover price=None trend=bullish rsi=66.3 atr_pips=6.2 adx=35.6
2026-05-06 03:06:21 INFO mt5_bot - ADX boost: adx=35.6 \u2192 risk_pct=1.88%
2026-05-06 03:06:21 INFO mt5_bot - Execution status=skipped reason=no_closed_bar_crossover
2026-05-06 03:06:36 INFO mt5_bot - Balance=102029.96 Equity=102029.96 Spread=0.20 pips
2026-05-06 03:06:36 INFO mt5_bot - Signal=NONE reason=no_closed_bar_crossover price=None trend=bullish rsi=66.3 atr_pips=6.2 adx=35.6
2026-05-06 03:06:36 INFO mt5_bot - ADX boost: adx=35.6 \u2192 risk_pct=1.88%
2026-05-06 03:06:36 INFO mt5_bot - Execution status=skipped reason=no_closed_bar_crossover
2026-05-06 03:06:51 INFO mt5_bot - Balance=102029.96 Equity=102029.96 Spread=0.40 pips
2026-05-06 03:06:51 INFO mt5_bot - Signal=NONE reason=no_closed_bar_crossover price=None trend=bullish rsi=66.3 atr_pips=6.2 adx=35.6
2026-05-06 03:06:51 INFO mt5_bot - ADX boost: adx=35.6 \u2192 risk_pct=1.88%
2026-05-06 03:06:51 INFO mt5_bot - Execution status=skipped reason=no_closed_bar_crossover
2026-05-06 03:07:06 INFO mt5_bot - Balance=102029.96 Equity=102029.96 Spread=0.20 pips
2026-05-06 03:07:06 INFO mt5_bot - Signal=NONE reason=no_closed_bar_crossover price=None trend=bullish rsi=66.3 atr_pips=6.2 adx=35.6
2026-05-06 03:07:06 INFO mt5_bot - ADX boost: adx=35.6 \u2192 risk_pct=1.88%
2026-05-06 03:07:06 INFO mt5_bot - Execution status=skipped reason=no_closed_bar_crossover
2026-05-06 03:07:21 INFO mt5_bot - Balance=102029.96 Equity=102029.96 Spread=0.20 pips
2026-05-06 03:07:21 INFO mt5_bot - Signal=NONE reason=no_closed_bar_crossover price=None trend=bullish rsi=66.3 atr_pips=6.2 adx=35.6
2026-05-06 03:07:21 INFO mt5_bot - ADX boost: adx=35.6 \u2192 risk_pct=1.88%
2026-05-06 03:07:21 INFO mt5_bot - Execution status=skipped reason=no_closed_bar_crossover
2026-05-06 03:07:36 INFO mt5_bot - Balance=102029.96 Equity=102029.96 Spread=0.20 pips
2026-05-06 03:07:36 INFO mt5_bot - Signal=NONE reason=no_closed_bar_crossover price=None trend=bullish rsi=66.3 atr_pips=6.2 adx=35.6
2026-05-06 03:07:36 INFO mt5_bot - ADX boost: adx=35.6 \u2192 risk_pct=1.88%
2026-05-06 03:07:36 INFO mt5_bot - Execution status=skipped reason=no_closed_bar_crossover
2026-05-06 03:07:51 INFO mt5_bot - Balance=102029.96 Equity=102029.96 Spread=0.50 pips
2026-05-06 03:07:51 INFO mt5_bot - Signal=NONE reason=no_closed_bar_crossover price=None trend=bullish rsi=66.3 atr_pips=6.2 adx=35.6
2026-05-06 03:07:51 INFO mt5_bot - ADX boost: adx=35.6 \u2192 risk_pct=1.88%
2026-05-06 03:07:51 INFO mt5_bot - Execution status=skipped reason=no_closed_bar_crossover
2026-05-06 03:08:06 INFO mt5_bot - Balance=102029.96 Equity=102029.96 Spread=0.20 pips
2026-05-06 03:08:06 INFO mt5_bot - Signal=NONE reason=no_closed_bar_crossover price=None trend=bullish rsi=66.3 atr_pips=6.2 adx=35.6
2026-05-06 03:08:06 INFO mt5_bot - ADX boost: adx=35.6 \u2192 risk_pct=1.88%
2026-05-06 03:08:06 INFO mt5_bot - Execution status=skipped reason=no_closed_bar_crossover
2026-05-06 03:08:21 INFO mt5_bot - Balance=102029.96 Equity=102029.96 Spread=0.20 pips
2026-05-06 03:08:21 INFO mt5_bot - Signal=NONE reason=no_closed_bar_crossover price=None trend=bullish rsi=66.3 atr_pips=6.2 adx=35.6
2026-05-06 03:08:21 INFO mt5_bot - ADX boost: adx=35.6 \u2192 risk_pct=1.88%
2026-05-06 03:08:21 INFO mt5_bot - Execution status=skipped reason=no_closed_bar_crossover
2026-05-06 03:08:36 INFO mt5_bot - Balance=102029.96 Equity=102029.96 Spread=0.20 pips
2026-05-06 03:08:36 INFO mt5_bot - Signal=NONE reason=no_closed_bar_crossover price=None trend=bullish rsi=66.3 atr_pips=6.2 adx=35.6
2026-05-06 03:08:36 INFO mt5_bot - ADX boost: adx=35.6 \u2192 risk_pct=1.88%
2026-05-06 03:08:36 INFO mt5_bot - Execution status=skipped reason=no_closed_bar_crossover
2026-05-06 03:08:51 INFO mt5_bot - Balance=102029.96 Equity=102029.96 Spread=0.20 pips
2026-05-06 03:08:51 INFO mt5_bot - Signal=NONE reason=no_closed_bar_crossover price=None trend=bullish rsi=66.3 atr_pips=6.2 adx=35.6
2026-05-06 03:08:51 INFO mt5_bot - ADX boost: adx=35.6 \u2192 risk_pct=1.88%
2026-05-06 03:08:51 INFO mt5_bot - Execution status=skipped reason=no_closed_bar_crossover
2026-05-06 03:09:06 INFO mt5_bot - Balance=102029.96 Equity=102029.96 Spread=0.90 pips
2026-05-06 03:09:06 INFO mt5_bot - Signal=NONE reason=no_closed_bar_crossover price=None trend=bullish rsi=66.3 atr_pips=6.2 adx=35.6
2026-05-06 03:09:06 INFO mt5_bot - ADX boost: adx=35.6 \u2192 risk_pct=1.88%
2026-05-06 03:09:06 INFO mt5_bot - Execution status=skipped reason=no_closed_bar_crossover
2026-05-06 03:09:21 INFO mt5_bot - Balance=102029.96 Equity=102029.96 Spread=0.50 pips
2026-05-06 03:09:21 INFO mt5_bot - Signal=NONE reason=no_closed_bar_crossover price=None trend=bullish rsi=66.3 atr_pips=6.2 adx=35.6
2026-05-06 03:09:21 INFO mt5_bot - ADX boost: adx=35.6 \u2192 risk_pct=1.88%
2026-05-06 03:09:21 INFO mt5_bot - Execution status=skipped reason=no_closed_bar_crossover
2026-05-06 03:09:36 INFO mt5_bot - Balance=102029.96 Equity=102029.96 Spread=0.20 pips
2026-05-06 03:09:37 INFO mt5_bot - Signal=NONE reason=no_closed_bar_crossover price=None trend=bullish rsi=66.3 atr_pips=6.2 adx=35.6
2026-05-06 03:09:37 INFO mt5_bot - ADX boost: adx=35.6 \u2192 risk_pct=1.88%
2026-05-06 03:09:37 INFO mt5_bot - Execution status=skipped reason=no_closed_bar_crossover
2026-05-06 03:09:52 INFO mt5_bot - Balance=102029.96 Equity=102029.96 Spread=1.40 pips
2026-05-06 03:09:52 INFO mt5_bot - Signal=NONE reason=no_closed_bar_crossover price=None trend=bullish rsi=66.3 atr_pips=6.2 adx=35.6
2026-05-06 03:09:52 INFO mt5_bot - ADX boost: adx=35.6 \u2192 risk_pct=1.88%
2026-05-06 03:09:52 INFO mt5_bot - Execution status=skipped reason=no_closed_bar_crossover
2026-05-06 03:10:07 INFO mt5_bot - Balance=102029.96 Equity=102029.96 Spread=0.50 pips
2026-05-06 03:10:07 INFO mt5_bot - Signal=NONE reason=no_closed_bar_crossover price=None trend=bullish rsi=66.3 atr_pips=6.2 adx=35.6
2026-05-06 03:10:07 INFO mt5_bot - ADX boost: adx=35.6 \u2192 risk_pct=1.88%
2026-05-06 03:10:07 INFO mt5_bot - Execution status=skipped reason=no_closed_bar_crossover
2026-05-06 03:10:22 INFO mt5_bot - Balance=102029.96 Equity=102029.96 Spread=0.20 pips
2026-05-06 03:10:22 INFO mt5_bot - Signal=NONE reason=no_closed_bar_crossover price=None trend=bullish rsi=66.3 atr_pips=6.2 adx=35.6
2026-05-06 03:10:22 INFO mt5_bot - ADX boost: adx=35.6 \u2192 risk_pct=1.88%
2026-05-06 03:10:22 INFO mt5_bot - Execution status=skipped reason=no_closed_bar_crossover
2026-05-06 03:10:37 INFO mt5_bot - Balance=102029.96 Equity=102029.96 Spread=0.20 pips
2026-05-06 03:10:37 INFO mt5_bot - Signal=NONE reason=no_closed_bar_crossover price=None trend=bullish rsi=66.3 atr_pips=6.2 adx=35.6
2026-05-06 03:10:37 INFO mt5_bot - ADX boost: adx=35.6 \u2192 risk_pct=1.88%
2026-05-06 03:10:37 INFO mt5_bot - Execution status=skipped reason=no_closed_bar_crossover
2026-05-06 03:10:52 INFO mt5_bot - Balance=102029.96 Equity=102029.96 Spread=0.20 pips
2026-05-06 03:10:52 INFO mt5_bot - Signal=NONE reason=no_closed_bar_crossover price=None trend=bullish rsi=66.3 atr_pips=6.2 adx=35.6
2026-05-06 03:10:52 INFO mt5_bot - ADX boost: adx=35.6 \u2192 risk_pct=1.88%
2026-05-06 03:10:52 INFO mt5_bot - Execution status=skipped reason=no_closed_bar_crossover
2026-05-06 03:11:07 INFO mt5_bot - Balance=102029.96 Equity=102029.96 Spread=0.20 pips
2026-05-06 03:11:07 INFO mt5_bot - Signal=NONE reason=no_closed_bar_crossover price=None trend=bullish rsi=66.3 atr_pips=6.2 adx=35.6
2026-05-06 03:11:07 INFO mt5_bot - ADX boost: adx=35.6 \u2192 risk_pct=1.88%
2026-05-06 03:11:07 INFO mt5_bot - Execution status=skipped reason=no_closed_bar_crossover
2026-05-06 03:11:22 INFO mt5_bot - Balance=102029.96 Equity=102029.96 Spread=0.20 pips
2026-05-06 03:11:22 INFO mt5_bot - Signal=NONE reason=no_closed_bar_crossover price=None trend=bullish rsi=66.3 atr_pips=6.2 adx=35.6
2026-05-06 03:11:22 INFO mt5_bot - ADX boost: adx=35.6 \u2192 risk_pct=1.88%
2026-05-06 03:11:22 INFO mt5_bot - Execution status=skipped reason=no_closed_bar_crossover
2026-05-06 03:11:37 INFO mt5_bot - Balance=102029.96 Equity=102029.96 Spread=0.20 pips
2026-05-06 03:11:37 INFO mt5_bot - Signal=NONE reason=no_closed_bar_crossover price=None trend=bullish rsi=66.3 atr_pips=6.2 adx=35.6
2026-05-06 03:11:37 INFO mt5_bot - ADX boost: adx=35.6 \u2192 risk_pct=1.88%
2026-05-06 03:11:37 INFO mt5_bot - Execution status=skipped reason=no_closed_bar_crossover
2026-05-06 03:11:52 INFO mt5_bot - Balance=102029.96 Equity=102029.96 Spread=0.20 pips
2026-05-06 03:11:52 INFO mt5_bot - Signal=NONE reason=no_closed_bar_crossover price=None trend=bullish rsi=66.3 atr_pips=6.2 adx=35.6
2026-05-06 03:11:52 INFO mt5_bot - ADX boost: adx=35.6 \u2192 risk_pct=1.88%
2026-05-06 03:11:52 INFO mt5_bot - Execution status=skipped reason=no_closed_bar_crossover
2026-05-06 03:12:07 INFO mt5_bot - Balance=102029.96 Equity=102029.96 Spread=0.20 pips
2026-05-06 03:12:07 INFO mt5_bot - Signal=NONE reason=no_closed_bar_crossover price=None trend=bullish rsi=66.3 atr_pips=6.2 adx=35.6
2026-05-06 03:12:07 INFO mt5_bot - ADX boost: adx=35.6 \u2192 risk_pct=1.88%
2026-05-06 03:12:07 INFO mt5_bot - Execution status=skipped reason=no_closed_bar_crossover
2026-05-06 03:12:22 INFO mt5_bot - Balance=102029.96 Equity=102029.96 Spread=0.20 pips
2026-05-06 03:12:22 INFO mt5_bot - Signal=NONE reason=no_closed_bar_crossover price=None trend=bullish rsi=66.3 atr_pips=6.2 adx=35.6
2026-05-06 03:12:22 INFO mt5_bot - ADX boost: adx=35.6 \u2192 risk_pct=1.88%
2026-05-06 03:12:22 INFO mt5_bot - Execution status=skipped reason=no_closed_bar_crossover
2026-05-06 03:12:37 INFO mt5_bot - Balance=102029.96 Equity=102029.96 Spread=0.20 pips
2026-05-06 03:12:37 INFO mt5_bot - Signal=NONE reason=no_closed_bar_crossover price=None trend=bullish rsi=66.3 atr_pips=6.2 adx=35.6
2026-05-06 03:12:37 INFO mt5_bot - ADX boost: adx=35.6 \u2192 risk_pct=1.88%
2026-05-06 03:12:37 INFO mt5_bot - Execution status=skipped reason=no_closed_bar_crossover
2026-05-06 03:12:52 INFO mt5_bot - Balance=102029.96 Equity=102029.96 Spread=1.00 pips
2026-05-06 03:12:52 INFO mt5_bot - Signal=NONE reason=no_closed_bar_crossover price=None trend=bullish rsi=66.3 atr_pips=6.2 adx=35.6
2026-05-06 03:12:52 INFO mt5_bot - ADX boost: adx=35.6 \u2192 risk_pct=1.88%
2026-05-06 03:12:52 INFO mt5_bot - Execution status=skipped reason=no_closed_bar_crossover
2026-05-06 03:13:07 INFO mt5_bot - Balance=102029.96 Equity=102029.96 Spread=0.20 pips
2026-05-06 03:13:07 INFO mt5_bot - Signal=NONE reason=no_closed_bar_crossover price=None trend=bullish rsi=66.3 atr_pips=6.2 adx=35.6
2026-05-06 03:13:07 INFO mt5_bot - ADX boost: adx=35.6 \u2192 risk_pct=1.88%
2026-05-06 03:13:07 INFO mt5_bot - Execution status=skipped reason=no_closed_bar_crossover
2026-05-06 03:13:22 INFO mt5_bot - Balance=102029.96 Equity=102029.96 Spread=0.20 pips
2026-05-06 03:13:22 INFO mt5_bot - Signal=NONE reason=no_closed_bar_crossover price=None trend=bullish rsi=66.3 atr_pips=6.2 adx=35.6
2026-05-06 03:13:22 INFO mt5_bot - ADX boost: adx=35.6 \u2192 risk_pct=1.88%
2026-05-06 03:13:22 INFO mt5_bot - Execution status=skipped reason=no_closed_bar_crossover
2026-05-06 03:13:37 INFO mt5_bot - Balance=102029.96 Equity=102029.96 Spread=0.20 pips
2026-05-06 03:13:37 INFO mt5_bot - Signal=NONE reason=no_closed_bar_crossover price=None trend=bullish rsi=66.3 atr_pips=6.2 adx=35.6
2026-05-06 03:13:37 INFO mt5_bot - ADX boost: adx=35.6 \u2192 risk_pct=1.88%
2026-05-06 03:13:37 INFO mt5_bot - Execution status=skipped reason=no_closed_bar_crossover
2026-05-06 03:13:52 INFO mt5_bot - Balance=102029.96 Equity=102029.96 Spread=0.20 pips
2026-05-06 03:13:52 INFO mt5_bot - Signal=NONE reason=no_closed_bar_crossover price=None trend=bullish rsi=66.3 atr_pips=6.2 adx=35.6
2026-05-06 03:13:52 INFO mt5_bot - ADX boost: adx=35.6 \u2192 risk_pct=1.88%
2026-05-06 03:13:52 INFO mt5_bot - Execution status=skipped reason=no_closed_bar_crossover
2026-05-06 03:14:07 INFO mt5_bot - Balance=102029.96 Equity=102029.96 Spread=0.20 pips
2026-05-06 03:14:07 INFO mt5_bot - Signal=NONE reason=no_closed_bar_crossover price=None trend=bullish rsi=66.3 atr_pips=6.2 adx=35.6
2026-05-06 03:14:07 INFO mt5_bot - ADX boost: adx=35.6 \u2192 risk_pct=1.88%
2026-05-06 03:14:07 INFO mt5_bot - Execution status=skipped reason=no_closed_bar_crossover
2026-05-06 03:14:22 INFO mt5_bot - Balance=102029.96 Equity=102029.96 Spread=0.20 pips
2026-05-06 03:14:22 INFO mt5_bot - Signal=NONE reason=no_closed_bar_crossover price=None trend=bullish rsi=66.3 atr_pips=6.2 adx=35.6
2026-05-06 03:14:22 INFO mt5_bot - ADX boost: adx=35.6 \u2192 risk_pct=1.88%
2026-05-06 03:14:22 INFO mt5_bot - Execution status=skipped reason=no_closed_bar_crossover
2026-05-06 03:14:37 INFO mt5_bot - Balance=102029.96 Equity=102029.96 Spread=0.20 pips
2026-05-06 03:14:37 INFO mt5_bot - Signal=NONE reason=no_closed_bar_crossover price=None trend=bullish rsi=66.3 atr_pips=6.2 adx=35.6
2026-05-06 03:14:37 INFO mt5_bot - ADX boost: adx=35.6 \u2192 risk_pct=1.88%
2026-05-06 03:14:37 INFO mt5_bot - Execution status=skipped reason=no_closed_bar_crossover
2026-05-06 03:14:52 INFO mt5_bot - Balance=102029.96 Equity=102029.96 Spread=0.20 pips
2026-05-06 03:14:52 INFO mt5_bot - Signal=NONE reason=no_closed_bar_crossover price=None trend=bullish rsi=66.3 atr_pips=6.2 adx=35.6
2026-05-06 03:14:52 INFO mt5_bot - ADX boost: adx=35.6 \u2192 risk_pct=1.88%
2026-05-06 03:14:52 INFO mt5_bot - Execution status=skipped reason=no_closed_bar_crossover
2026-05-06 03:15:07 INFO mt5_bot - Balance=102029.96 Equity=102029.96 Spread=0.90 pips
2026-05-06 03:15:07 INFO mt5_bot - Signal=NONE reason=no_closed_bar_crossover price=None trend=bullish rsi=58.8 atr_pips=6.3 adx=35.4
2026-05-06 03:15:07 INFO mt5_bot - ADX boost: adx=35.4 \u2192 risk_pct=1.88%
2026-05-06 03:15:07 INFO mt5_bot - Execution status=skipped reason=no_closed_bar_crossover
2026-05-06 03:15:22 INFO mt5_bot - Balance=102029.96 Equity=102029.96 Spread=0.20 pips
2026-05-06 03:15:22 INFO mt5_bot - Signal=NONE reason=no_closed_bar_crossover price=None trend=bullish rsi=58.8 atr_pips=6.3 adx=35.4
2026-05-06 03:15:22 INFO mt5_bot - ADX boost: adx=35.4 \u2192 risk_pct=1.88%
2026-05-06 03:15:22 INFO mt5_bot - Execution status=skipped reason=no_closed_bar_crossover
2026-05-06 03:15:37 INFO mt5_bot - Balance=102029.96 Equity=102029.96 Spread=0.20 pips
2026-05-06 03:15:37 INFO mt5_bot - Signal=NONE reason=no_closed_bar_crossover price=None trend=bullish rsi=58.8 atr_pips=6.3 adx=35.4
2026-05-06 03:15:37 INFO mt5_bot - ADX boost: adx=35.4 \u2192 risk_pct=1.88%
2026-05-06 03:15:37 INFO mt5_bot - Execution status=skipped reason=no_closed_bar_crossover
2026-05-06 03:15:52 INFO mt5_bot - Balance=102029.96 Equity=102029.96 Spread=0.20 pips
2026-05-06 03:15:52 INFO mt5_bot - Signal=NONE reason=no_closed_bar_crossover price=None trend=bullish rsi=58.8 atr_pips=6.3 adx=35.4
2026-05-06 03:15:52 INFO mt5_bot - ADX boost: adx=35.4 \u2192 risk_pct=1.88%
2026-05-06 03:15:52 INFO mt5_bot - Execution status=skipped reason=no_closed_bar_crossover
2026-05-06 03:16:07 INFO mt5_bot - Balance=102029.96 Equity=102029.96 Spread=0.20 pips
2026-05-06 03:16:07 INFO mt5_bot - Signal=NONE reason=no_closed_bar_crossover price=None trend=bullish rsi=58.8 atr_pips=6.3 adx=35.4
2026-05-06 03:16:07 INFO mt5_bot - ADX boost: adx=35.4 \u2192 risk_pct=1.88%
2026-05-06 03:16:07 INFO mt5_bot - Execution status=skipped reason=no_closed_bar_crossover
2026-05-06 03:16:22 INFO mt5_bot - Balance=102029.96 Equity=102029.96 Spread=0.20 pips
2026-05-06 03:16:22 INFO mt5_bot - Signal=NONE reason=no_closed_bar_crossover price=None trend=bullish rsi=58.8 atr_pips=6.3 adx=35.4
2026-05-06 03:16:22 INFO mt5_bot - ADX boost: adx=35.4 \u2192 risk_pct=1.88%
2026-05-06 03:16:22 INFO mt5_bot - Execution status=skipped reason=no_closed_bar_crossover
2026-05-06 03:16:37 INFO mt5_bot - Balance=102029.96 Equity=102029.96 Spread=0.20 pips
2026-05-06 03:16:37 INFO mt5_bot - Signal=NONE reason=no_closed_bar_crossover price=None trend=bullish rsi=58.8 atr_pips=6.3 adx=35.4
2026-05-06 03:16:37 INFO mt5_bot - ADX boost: adx=35.4 \u2192 risk_pct=1.88%
2026-05-06 03:16:37 INFO mt5_bot - Execution status=skipped reason=no_closed_bar_crossover
2026-05-06 03:16:52 INFO mt5_bot - Balance=102029.96 Equity=102029.96 Spread=0.20 pips
2026-05-06 03:16:52 INFO mt5_bot - Signal=NONE reason=no_closed_bar_crossover price=None trend=bullish rsi=58.8 atr_pips=6.3 adx=35.4
2026-05-06 03:16:52 INFO mt5_bot - ADX boost: adx=35.4 \u2192 risk_pct=1.88%
2026-05-06 03:16:52 INFO mt5_bot - Execution status=skipped reason=no_closed_bar_crossover
2026-05-06 03:17:07 INFO mt5_bot - Balance=102029.96 Equity=102029.96 Spread=0.20 pips
2026-05-06 03:17:07 INFO mt5_bot - Signal=NONE reason=no_closed_bar_crossover price=None trend=bullish rsi=58.8 atr_pips=6.3 adx=35.4
2026-05-06 03:17:07 INFO mt5_bot - ADX boost: adx=35.4 \u2192 risk_pct=1.88%
2026-05-06 03:17:07 INFO mt5_bot - Execution status=skipped reason=no_closed_bar_crossover
2026-05-06 03:17:22 INFO mt5_bot - Balance=102029.96 Equity=102029.96 Spread=0.20 pips
2026-05-06 03:17:22 INFO mt5_bot - Signal=NONE reason=no_closed_bar_crossover price=None trend=bullish rsi=58.8 atr_pips=6.3 adx=35.4
2026-05-06 03:17:22 INFO mt5_bot - ADX boost: adx=35.4 \u2192 risk_pct=1.88%
2026-05-06 03:17:22 INFO mt5_bot - Execution status=skipped reason=no_closed_bar_crossover
2026-05-06 03:17:37 INFO mt5_bot - Balance=102029.96 Equity=102029.96 Spread=0.90 pips
2026-05-06 03:17:37 INFO mt5_bot - Signal=NONE reason=no_closed_bar_crossover price=None trend=bullish rsi=58.8 atr_pips=6.3 adx=35.4
2026-05-06 03:17:37 INFO mt5_bot - ADX boost: adx=35.4 \u2192 risk_pct=1.88%
2026-05-06 03:17:37 INFO mt5_bot - Execution status=skipped reason=no_closed_bar_crossover
2026-05-06 03:17:52 INFO mt5_bot - Balance=102029.96 Equity=102029.96 Spread=1.60 pips
2026-05-06 03:17:52 INFO mt5_bot - Signal=NONE reason=no_closed_bar_crossover price=None trend=bullish rsi=58.8 atr_pips=6.3 adx=35.4
2026-05-06 03:17:52 INFO mt5_bot - ADX boost: adx=35.4 \u2192 risk_pct=1.88%
2026-05-06 03:17:52 INFO mt5_bot - Execution status=skipped reason=no_closed_bar_crossover
2026-05-06 03:18:07 INFO mt5_bot - Balance=102029.96 Equity=102029.96 Spread=0.20 pips
2026-05-06 03:18:07 INFO mt5_bot - Signal=NONE reason=no_closed_bar_crossover price=None trend=bullish rsi=58.8 atr_pips=6.3 adx=35.4
2026-05-06 03:18:07 INFO mt5_bot - ADX boost: adx=35.4 \u2192 risk_pct=1.88%
2026-05-06 03:18:07 INFO mt5_bot - Execution status=skipped reason=no_closed_bar_crossover
2026-05-06 03:18:22 INFO mt5_bot - Balance=102029.96 Equity=102029.96 Spread=0.20 pips
2026-05-06 03:18:22 INFO mt5_bot - Signal=NONE reason=no_closed_bar_crossover price=None trend=bullish rsi=58.8 atr_pips=6.3 adx=35.4
2026-05-06 03:18:22 INFO mt5_bot - ADX boost: adx=35.4 \u2192 risk_pct=1.88%
2026-05-06 03:18:22 INFO mt5_bot - Execution status=skipped reason=no_closed_bar_crossover
2026-05-06 03:18:37 INFO mt5_bot - Balance=102029.96 Equity=102029.96 Spread=0.20 pips
2026-05-06 03:18:37 INFO mt5_bot - Signal=NONE reason=no_closed_bar_crossover price=None trend=bullish rsi=58.8 atr_pips=6.3 adx=35.4
2026-05-06 03:18:37 INFO mt5_bot - ADX boost: adx=35.4 \u2192 risk_pct=1.88%
2026-05-06 03:18:37 INFO mt5_bot - Execution status=skipped reason=no_closed_bar_crossover
2026-05-06 03:18:52 INFO mt5_bot - Balance=102029.96 Equity=102029.96 Spread=0.70 pips
2026-05-06 03:18:52 INFO mt5_bot - Signal=NONE reason=no_closed_bar_crossover price=None trend=bullish rsi=58.8 atr_pips=6.3 adx=35.4
2026-05-06 03:18:52 INFO mt5_bot - ADX boost: adx=35.4 \u2192 risk_pct=1.88%
2026-05-06 03:18:52 INFO mt5_bot - Execution status=skipped reason=no_closed_bar_crossover
2026-05-06 03:19:07 INFO mt5_bot - Balance=102029.96 Equity=102029.96 Spread=0.50 pips
2026-05-06 03:19:07 INFO mt5_bot - Signal=NONE reason=no_closed_bar_crossover price=None trend=bullish rsi=58.8 atr_pips=6.3 adx=35.4
2026-05-06 03:19:07 INFO mt5_bot - ADX boost: adx=35.4 \u2192 risk_pct=1.88%
2026-05-06 03:19:07 INFO mt5_bot - Execution status=skipped reason=no_closed_bar_crossover
2026-05-06 03:19:22 INFO mt5_bot - Balance=102029.96 Equity=102029.96 Spread=0.20 pips
2026-05-06 03:19:22 INFO mt5_bot - Signal=NONE reason=no_closed_bar_crossover price=None trend=bullish rsi=58.8 atr_pips=6.3 adx=35.4
2026-05-06 03:19:22 INFO mt5_bot - ADX boost: adx=35.4 \u2192 risk_pct=1.88%
2026-05-06 03:19:22 INFO mt5_bot - Execution status=skipped reason=no_closed_bar_crossover
2026-05-06 03:19:37 INFO mt5_bot - Balance=102029.96 Equity=102029.96 Spread=0.20 pips
2026-05-06 03:19:37 INFO mt5_bot - Signal=NONE reason=no_closed_bar_crossover price=None trend=bullish rsi=58.8 atr_pips=6.3 adx=35.4
2026-05-06 03:19:37 INFO mt5_bot - ADX boost: adx=35.4 \u2192 risk_pct=1.88%
2026-05-06 03:19:37 INFO mt5_bot - Execution status=skipped reason=no_closed_bar_crossover
2026-05-06 03:19:52 INFO mt5_bot - Balance=102029.96 Equity=102029.96 Spread=0.20 pips
2026-05-06 03:19:52 INFO mt5_bot - Signal=NONE reason=no_closed_bar_crossover price=None trend=bullish rsi=58.8 atr_pips=6.3 adx=35.4
2026-05-06 03:19:52 INFO mt5_bot - ADX boost: adx=35.4 \u2192 risk_pct=1.88%
2026-05-06 03:19:52 INFO mt5_bot - Execution status=skipped reason=no_closed_bar_crossover
2026-05-06 03:20:07 INFO mt5_bot - Balance=102029.96 Equity=102029.96 Spread=1.00 pips
2026-05-06 03:20:07 INFO mt5_bot - Signal=NONE reason=no_closed_bar_crossover price=None trend=bullish rsi=58.8 atr_pips=6.3 adx=35.4
2026-05-06 03:20:07 INFO mt5_bot - ADX boost: adx=35.4 \u2192 risk_pct=1.88%
2026-05-06 03:20:07 INFO mt5_bot - Execution status=skipped reason=no_closed_bar_crossover
2026-05-06 03:20:22 INFO mt5_bot - Balance=102029.96 Equity=102029.96 Spread=0.20 pips
2026-05-06 03:20:22 INFO mt5_bot - Signal=NONE reason=no_closed_bar_crossover price=None trend=bullish rsi=58.8 atr_pips=6.3 adx=35.4
2026-05-06 03:20:22 INFO mt5_bot - ADX boost: adx=35.4 \u2192 risk_pct=1.88%
2026-05-06 03:20:22 INFO mt5_bot - Execution status=skipped reason=no_closed_bar_crossover
2026-05-06 03:20:37 INFO mt5_bot - Balance=102029.96 Equity=102029.96 Spread=0.20 pips
2026-05-06 03:20:37 INFO mt5_bot - Signal=NONE reason=no_closed_bar_crossover price=None trend=bullish rsi=58.8 atr_pips=6.3 adx=35.4
2026-05-06 03:20:37 INFO mt5_bot - ADX boost: adx=35.4 \u2192 risk_pct=1.88%
2026-05-06 03:20:37 INFO mt5_bot - Execution status=skipped reason=no_closed_bar_crossover
2026-05-06 03:20:52 INFO mt5_bot - Balance=102029.96 Equity=102029.96 Spread=0.20 pips
2026-05-06 03:20:52 INFO mt5_bot - Signal=NONE reason=no_closed_bar_crossover price=None trend=bullish rsi=58.8 atr_pips=6.3 adx=35.4
2026-05-06 03:20:52 INFO mt5_bot - ADX boost: adx=35.4 \u2192 risk_pct=1.88%
2026-05-06 03:20:52 INFO mt5_bot - Execution status=skipped reason=no_closed_bar_crossover
2026-05-06 03:21:07 INFO mt5_bot - Balance=102029.96 Equity=102029.96 Spread=0.40 pips
2026-05-06 03:21:07 INFO mt5_bot - Signal=NONE reason=no_closed_bar_crossover price=None trend=bullish rsi=58.8 atr_pips=6.3 adx=35.4
2026-05-06 03:21:07 INFO mt5_bot - ADX boost: adx=35.4 \u2192 risk_pct=1.88%
2026-05-06 03:21:07 INFO mt5_bot - Execution status=skipped reason=no_closed_bar_crossover
2026-05-06 03:21:22 INFO mt5_bot - Balance=102029.96 Equity=102029.96 Spread=0.20 pips
2026-05-06 03:21:22 INFO mt5_bot - Signal=NONE reason=no_closed_bar_crossover price=None trend=bullish rsi=58.8 atr_pips=6.3 adx=35.4
2026-05-06 03:21:22 INFO mt5_bot - ADX boost: adx=35.4 \u2192 risk_pct=1.88%
2026-05-06 03:21:22 INFO mt5_bot - Execution status=skipped reason=no_closed_bar_crossover
2026-05-06 03:21:37 INFO mt5_bot - Balance=102029.96 Equity=102029.96 Spread=0.20 pips
2026-05-06 03:21:37 INFO mt5_bot - Signal=NONE reason=no_closed_bar_crossover price=None trend=bullish rsi=58.8 atr_pips=6.3 adx=35.4
2026-05-06 03:21:37 INFO mt5_bot - ADX boost: adx=35.4 \u2192 risk_pct=1.88%
2026-05-06 03:21:37 INFO mt5_bot - Execution status=skipped reason=no_closed_bar_crossover
2026-05-06 03:21:52 INFO mt5_bot - Balance=102029.96 Equity=102029.96 Spread=0.20 pips
2026-05-06 03:21:52 INFO mt5_bot - Signal=NONE reason=no_closed_bar_crossover price=None trend=bullish rsi=58.8 atr_pips=6.3 adx=35.4
2026-05-06 03:21:52 INFO mt5_bot - ADX boost: adx=35.4 \u2192 risk_pct=1.88%
2026-05-06 03:21:52 INFO mt5_bot - Execution status=skipped reason=no_closed_bar_crossover
2026-05-06 03:22:07 INFO mt5_bot - Balance=102029.96 Equity=102029.96 Spread=0.20 pips
2026-05-06 03:22:07 INFO mt5_bot - Signal=NONE reason=no_closed_bar_crossover price=None trend=bullish rsi=58.8 atr_pips=6.3 adx=35.4
2026-05-06 03:22:07 INFO mt5_bot - ADX boost: adx=35.4 \u2192 risk_pct=1.88%
2026-05-06 03:22:07 INFO mt5_bot - Execution status=skipped reason=no_closed_bar_crossover
2026-05-06 03:22:22 INFO mt5_bot - Balance=102029.96 Equity=102029.96 Spread=0.20 pips
2026-05-06 03:22:22 INFO mt5_bot - Signal=NONE reason=no_closed_bar_crossover price=None trend=bullish rsi=58.8 atr_pips=6.3 adx=35.4
2026-05-06 03:22:22 INFO mt5_bot - ADX boost: adx=35.4 \u2192 risk_pct=1.88%
2026-05-06 03:22:22 INFO mt5_bot - Execution status=skipped reason=no_closed_bar_crossover
2026-05-06 03:22:37 INFO mt5_bot - Balance=102029.96 Equity=102029.96 Spread=1.20 pips
2026-05-06 03:22:37 INFO mt5_bot - Signal=NONE reason=no_closed_bar_crossover price=None trend=bullish rsi=58.8 atr_pips=6.3 adx=35.4
2026-05-06 03:22:37 INFO mt5_bot - ADX boost: adx=35.4 \u2192 risk_pct=1.88%
2026-05-06 03:22:37 INFO mt5_bot - Execution status=skipped reason=no_closed_bar_crossover
2026-05-06 03:22:52 INFO mt5_bot - Balance=102029.96 Equity=102029.96 Spread=0.20 pips
2026-05-06 03:22:52 INFO mt5_bot - Signal=NONE reason=no_closed_bar_crossover price=None trend=bullish rsi=58.8 atr_pips=6.3 adx=35.4
2026-05-06 03:22:52 INFO mt5_bot - ADX boost: adx=35.4 \u2192 risk_pct=1.88%
2026-05-06 03:22:52 INFO mt5_bot - Execution status=skipped reason=no_closed_bar_crossover
2026-05-06 03:23:07 INFO mt5_bot - Balance=102029.96 Equity=102029.96 Spread=0.20 pips
2026-05-06 03:23:07 INFO mt5_bot - Signal=NONE reason=no_closed_bar_crossover price=None trend=bullish rsi=58.8 atr_pips=6.3 adx=35.4
2026-05-06 03:23:07 INFO mt5_bot - ADX boost: adx=35.4 \u2192 risk_pct=1.88%
2026-05-06 03:23:07 INFO mt5_bot - Execution status=skipped reason=no_closed_bar_crossover
2026-05-06 03:23:22 INFO mt5_bot - Balance=102029.96 Equity=102029.96 Spread=0.20 pips
2026-05-06 03:23:22 INFO mt5_bot - Signal=NONE reason=no_closed_bar_crossover price=None trend=bullish rsi=58.8 atr_pips=6.3 adx=35.4
2026-05-06 03:23:22 INFO mt5_bot - ADX boost: adx=35.4 \u2192 risk_pct=1.88%
2026-05-06 03:23:22 INFO mt5_bot - Execution status=skipped reason=no_closed_bar_crossover
2026-05-06 03:23:37 INFO mt5_bot - Balance=102029.96 Equity=102029.96 Spread=0.90 pips
2026-05-06 03:23:37 INFO mt5_bot - Signal=NONE reason=no_closed_bar_crossover price=None trend=bullish rsi=58.8 atr_pips=6.3 adx=35.4
2026-05-06 03:23:37 INFO mt5_bot - ADX boost: adx=35.4 \u2192 risk_pct=1.88%
2026-05-06 03:23:37 INFO mt5_bot - Execution status=skipped reason=no_closed_bar_crossover
2026-05-06 03:23:52 INFO mt5_bot - Balance=102029.96 Equity=102029.96 Spread=0.20 pips
2026-05-06 03:23:52 INFO mt5_bot - Signal=NONE reason=no_closed_bar_crossover price=None trend=bullish rsi=58.8 atr_pips=6.3 adx=35.4
2026-05-06 03:23:52 INFO mt5_bot - ADX boost: adx=35.4 \u2192 risk_pct=1.88%
2026-05-06 03:23:52 INFO mt5_bot - Execution status=skipped reason=no_closed_bar_crossover
2026-05-06 03:24:07 INFO mt5_bot - Balance=102029.96 Equity=102029.96 Spread=0.20 pips
2026-05-06 03:24:07 INFO mt5_bot - Signal=NONE reason=no_closed_bar_crossover price=None trend=bullish rsi=58.8 atr_pips=6.3 adx=35.4
2026-05-06 03:24:07 INFO mt5_bot - ADX boost: adx=35.4 \u2192 risk_pct=1.88%
2026-05-06 03:24:07 INFO mt5_bot - Execution status=skipped reason=no_closed_bar_crossover
2026-05-06 03:24:22 INFO mt5_bot - Balance=102029.96 Equity=102029.96 Spread=0.20 pips
2026-05-06 03:24:22 INFO mt5_bot - Signal=NONE reason=no_closed_bar_crossover price=None trend=bullish rsi=58.8 atr_pips=6.3 adx=35.4
2026-05-06 03:24:22 INFO mt5_bot - ADX boost: adx=35.4 \u2192 risk_pct=1.88%
2026-05-06 03:24:22 INFO mt5_bot - Execution status=skipped reason=no_closed_bar_crossover
2026-05-06 03:24:37 INFO mt5_bot - Balance=102029.96 Equity=102029.96 Spread=0.20 pips
2026-05-06 03:24:37 INFO mt5_bot - Signal=NONE reason=no_closed_bar_crossover price=None trend=bullish rsi=58.8 atr_pips=6.3 adx=35.4
2026-05-06 03:24:37 INFO mt5_bot - ADX boost: adx=35.4 \u2192 risk_pct=1.88%
2026-05-06 03:24:37 INFO mt5_bot - Execution status=skipped reason=no_closed_bar_crossover
2026-05-06 03:24:52 INFO mt5_bot - Balance=102029.96 Equity=102029.96 Spread=0.50 pips
2026-05-06 03:24:52 INFO mt5_bot - Signal=NONE reason=no_closed_bar_crossover price=None trend=bullish rsi=58.8 atr_pips=6.3 adx=35.4
2026-05-06 03:24:52 INFO mt5_bot - ADX boost: adx=35.4 \u2192 risk_pct=1.88%
2026-05-06 03:24:52 INFO mt5_bot - Execution status=skipped reason=no_closed_bar_crossover
2026-05-06 03:25:07 INFO mt5_bot - Balance=102029.96 Equity=102029.96 Spread=0.20 pips
2026-05-06 03:25:07 INFO mt5_bot - Signal=NONE reason=no_closed_bar_crossover price=None trend=bullish rsi=58.8 atr_pips=6.3 adx=35.4
2026-05-06 03:25:07 INFO mt5_bot - ADX boost: adx=35.4 \u2192 risk_pct=1.88%
2026-05-06 03:25:07 INFO mt5_bot - Execution status=skipped reason=no_closed_bar_crossover
2026-05-06 03:25:22 INFO mt5_bot - Balance=102029.96 Equity=102029.96 Spread=1.00 pips
2026-05-06 03:25:23 INFO mt5_bot - Signal=NONE reason=no_closed_bar_crossover price=None trend=bullish rsi=58.8 atr_pips=6.3 adx=35.4
2026-05-06 03:25:23 INFO mt5_bot - ADX boost: adx=35.4 \u2192 risk_pct=1.88%
2026-05-06 03:25:23 INFO mt5_bot - Execution status=skipped reason=no_closed_bar_crossover
2026-05-06 03:25:38 INFO mt5_bot - Balance=102029.96 Equity=102029.96 Spread=0.20 pips
2026-05-06 03:25:38 INFO mt5_bot - Signal=NONE reason=no_closed_bar_crossover price=None trend=bullish rsi=58.8 atr_pips=6.3 adx=35.4
2026-05-06 03:25:38 INFO mt5_bot - ADX boost: adx=35.4 \u2192 risk_pct=1.88%
2026-05-06 03:25:38 INFO mt5_bot - Execution status=skipped reason=no_closed_bar_crossover
2026-05-06 03:25:53 INFO mt5_bot - Balance=102029.96 Equity=102029.96 Spread=0.60 pips
2026-05-06 03:25:53 INFO mt5_bot - Signal=NONE reason=no_closed_bar_crossover price=None trend=bullish rsi=58.8 atr_pips=6.3 adx=35.4
2026-05-06 03:25:53 INFO mt5_bot - ADX boost: adx=35.4 \u2192 risk_pct=1.88%
2026-05-06 03:25:53 INFO mt5_bot - Execution status=skipped reason=no_closed_bar_crossover
2026-05-06 03:26:08 INFO mt5_bot - Balance=102029.96 Equity=102029.96 Spread=1.00 pips
2026-05-06 03:26:08 INFO mt5_bot - Signal=NONE reason=no_closed_bar_crossover price=None trend=bullish rsi=58.8 atr_pips=6.3 adx=35.4
2026-05-06 03:26:08 INFO mt5_bot - ADX boost: adx=35.4 \u2192 risk_pct=1.88%
2026-05-06 03:26:08 INFO mt5_bot - Execution status=skipped reason=no_closed_bar_crossover
2026-05-06 03:26:23 INFO mt5_bot - Balance=102029.96 Equity=102029.96 Spread=0.20 pips
2026-05-06 03:26:23 INFO mt5_bot - Signal=NONE reason=no_closed_bar_crossover price=None trend=bullish rsi=58.8 atr_pips=6.3 adx=35.4
2026-05-06 03:26:23 INFO mt5_bot - ADX boost: adx=35.4 \u2192 risk_pct=1.88%
2026-05-06 03:26:23 INFO mt5_bot - Execution status=skipped reason=no_closed_bar_crossover
2026-05-06 03:26:38 INFO mt5_bot - Balance=102029.96 Equity=102029.96 Spread=0.20 pips
2026-05-06 03:26:38 INFO mt5_bot - Signal=NONE reason=no_closed_bar_crossover price=None trend=bullish rsi=58.8 atr_pips=6.3 adx=35.4
2026-05-06 03:26:38 INFO mt5_bot - ADX boost: adx=35.4 \u2192 risk_pct=1.88%
2026-05-06 03:26:38 INFO mt5_bot - Execution status=skipped reason=no_closed_bar_crossover
2026-05-06 03:26:53 INFO mt5_bot - Balance=102029.96 Equity=102029.96 Spread=0.20 pips
2026-05-06 03:26:53 INFO mt5_bot - Signal=NONE reason=no_closed_bar_crossover price=None trend=bullish rsi=58.8 atr_pips=6.3 adx=35.4
2026-05-06 03:26:53 INFO mt5_bot - ADX boost: adx=35.4 \u2192 risk_pct=1.88%
2026-05-06 03:26:53 INFO mt5_bot - Execution status=skipped reason=no_closed_bar_crossover
2026-05-06 03:27:08 INFO mt5_bot - Balance=102029.96 Equity=102029.96 Spread=0.20 pips
2026-05-06 03:27:08 INFO mt5_bot - Signal=NONE reason=no_closed_bar_crossover price=None trend=bullish rsi=58.8 atr_pips=6.3 adx=35.4
2026-05-06 03:27:08 INFO mt5_bot - ADX boost: adx=35.4 \u2192 risk_pct=1.88%
2026-05-06 03:27:08 INFO mt5_bot - Execution status=skipped reason=no_closed_bar_crossover
2026-05-06 03:27:23 INFO mt5_bot - Balance=102029.96 Equity=102029.96 Spread=0.20 pips
2026-05-06 03:27:23 INFO mt5_bot - Signal=NONE reason=no_closed_bar_crossover price=None trend=bullish rsi=58.8 atr_pips=6.3 adx=35.4
2026-05-06 03:27:23 INFO mt5_bot - ADX boost: adx=35.4 \u2192 risk_pct=1.88%
2026-05-06 03:27:23 INFO mt5_bot - Execution status=skipped reason=no_closed_bar_crossover
2026-05-06 03:27:38 INFO mt5_bot - Balance=102029.96 Equity=102029.96 Spread=0.50 pips
2026-05-06 03:27:38 INFO mt5_bot - Signal=NONE reason=no_closed_bar_crossover price=None trend=bullish rsi=58.8 atr_pips=6.3 adx=35.4
2026-05-06 03:27:38 INFO mt5_bot - ADX boost: adx=35.4 \u2192 risk_pct=1.88%
2026-05-06 03:27:38 INFO mt5_bot - Execution status=skipped reason=no_closed_bar_crossover
2026-05-06 03:27:53 INFO mt5_bot - Balance=102029.96 Equity=102029.96 Spread=0.20 pips
2026-05-06 03:27:53 INFO mt5_bot - Signal=NONE reason=no_closed_bar_crossover price=None trend=bullish rsi=58.8 atr_pips=6.3 adx=35.4
2026-05-06 03:27:53 INFO mt5_bot - ADX boost: adx=35.4 \u2192 risk_pct=1.88%
2026-05-06 03:27:53 INFO mt5_bot - Execution status=skipped reason=no_closed_bar_crossover
2026-05-06 03:28:08 INFO mt5_bot - Balance=102029.96 Equity=102029.96 Spread=0.20 pips
2026-05-06 03:28:08 INFO mt5_bot - Signal=NONE reason=no_closed_bar_crossover price=None trend=bullish rsi=58.8 atr_pips=6.3 adx=35.4
2026-05-06 03:28:08 INFO mt5_bot - ADX boost: adx=35.4 \u2192 risk_pct=1.88%
2026-05-06 03:28:08 INFO mt5_bot - Execution status=skipped reason=no_closed_bar_crossover
2026-05-06 03:28:23 INFO mt5_bot - Balance=102029.96 Equity=102029.96 Spread=0.70 pips
2026-05-06 03:28:23 INFO mt5_bot - Signal=NONE reason=no_closed_bar_crossover price=None trend=bullish rsi=58.8 atr_pips=6.3 adx=35.4
2026-05-06 03:28:23 INFO mt5_bot - ADX boost: adx=35.4 \u2192 risk_pct=1.88%
2026-05-06 03:28:23 INFO mt5_bot - Execution status=skipped reason=no_closed_bar_crossover
2026-05-06 03:28:38 INFO mt5_bot - Balance=102029.96 Equity=102029.96 Spread=0.20 pips
2026-05-06 03:28:38 INFO mt5_bot - Signal=NONE reason=no_closed_bar_crossover price=None trend=bullish rsi=58.8 atr_pips=6.3 adx=35.4
2026-05-06 03:28:38 INFO mt5_bot - ADX boost: adx=35.4 \u2192 risk_pct=1.88%
2026-05-06 03:28:38 INFO mt5_bot - Execution status=skipped reason=no_closed_bar_crossover
2026-05-06 03:28:53 INFO mt5_bot - Balance=102029.96 Equity=102029.96 Spread=0.20 pips
2026-05-06 03:28:53 INFO mt5_bot - Signal=NONE reason=no_closed_bar_crossover price=None trend=bullish rsi=58.8 atr_pips=6.3 adx=35.4
2026-05-06 03:28:53 INFO mt5_bot - ADX boost: adx=35.4 \u2192 risk_pct=1.88%
2026-05-06 03:28:53 INFO mt5_bot - Execution status=skipped reason=no_closed_bar_crossover
2026-05-06 03:29:08 INFO mt5_bot - Balance=102029.96 Equity=102029.96 Spread=0.20 pips
2026-05-06 03:29:08 INFO mt5_bot - Signal=NONE reason=no_closed_bar_crossover price=None trend=bullish rsi=58.8 atr_pips=6.3 adx=35.4
2026-05-06 03:29:08 INFO mt5_bot - ADX boost: adx=35.4 \u2192 risk_pct=1.88%
2026-05-06 03:29:08 INFO mt5_bot - Execution status=skipped reason=no_closed_bar_crossover
2026-05-06 03:29:23 INFO mt5_bot - Balance=102029.96 Equity=102029.96 Spread=0.80 pips
2026-05-06 03:29:23 INFO mt5_bot - Signal=NONE reason=no_closed_bar_crossover price=None trend=bullish rsi=58.8 atr_pips=6.3 adx=35.4
2026-05-06 03:29:23 INFO mt5_bot - ADX boost: adx=35.4 \u2192 risk_pct=1.88%
2026-05-06 03:29:23 INFO mt5_bot - Execution status=skipped reason=no_closed_bar_crossover
2026-05-06 03:29:38 INFO mt5_bot - Balance=102029.96 Equity=102029.96 Spread=0.70 pips
2026-05-06 03:29:38 INFO mt5_bot - Signal=NONE reason=no_closed_bar_crossover price=None trend=bullish rsi=58.8 atr_pips=6.3 adx=35.4
2026-05-06 03:29:38 INFO mt5_bot - ADX boost: adx=35.4 \u2192 risk_pct=1.88%
2026-05-06 03:29:38 INFO mt5_bot - Execution status=skipped reason=no_closed_bar_crossover
2026-05-06 03:29:53 INFO mt5_bot - Balance=102029.96 Equity=102029.96 Spread=0.80 pips
2026-05-06 03:29:53 INFO mt5_bot - Signal=NONE reason=no_closed_bar_crossover price=None trend=bullish rsi=58.8 atr_pips=6.3 adx=35.4
2026-05-06 03:29:53 INFO mt5_bot - ADX boost: adx=35.4 \u2192 risk_pct=1.88%
2026-05-06 03:29:53 INFO mt5_bot - Execution status=skipped reason=no_closed_bar_crossover
2026-05-06 03:30:08 INFO mt5_bot - Balance=102029.96 Equity=102029.96 Spread=0.20 pips
2026-05-06 03:30:08 INFO mt5_bot - Signal=NONE reason=no_closed_bar_crossover price=None trend=bullish rsi=63.3 atr_pips=6.3 adx=35.2
2026-05-06 03:30:08 INFO mt5_bot - ADX boost: adx=35.2 \u2192 risk_pct=1.88%
2026-05-06 03:30:08 INFO mt5_bot - Execution status=skipped reason=no_closed_bar_crossover
2026-05-06 03:30:23 INFO mt5_bot - Balance=102029.96 Equity=102029.96 Spread=0.20 pips
2026-05-06 03:30:23 INFO mt5_bot - Signal=NONE reason=no_closed_bar_crossover price=None trend=bullish rsi=63.3 atr_pips=6.3 adx=35.2
2026-05-06 03:30:23 INFO mt5_bot - ADX boost: adx=35.2 \u2192 risk_pct=1.88%
2026-05-06 03:30:23 INFO mt5_bot - Execution status=skipped reason=no_closed_bar_crossover
2026-05-06 03:30:38 INFO mt5_bot - Balance=102029.96 Equity=102029.96 Spread=0.20 pips
2026-05-06 03:30:38 INFO mt5_bot - Signal=NONE reason=no_closed_bar_crossover price=None trend=bullish rsi=63.3 atr_pips=6.3 adx=35.2
2026-05-06 03:30:38 INFO mt5_bot - ADX boost: adx=35.2 \u2192 risk_pct=1.88%
2026-05-06 03:30:38 INFO mt5_bot - Execution status=skipped reason=no_closed_bar_crossover
2026-05-06 03:30:53 INFO mt5_bot - Balance=102029.96 Equity=102029.96 Spread=0.20 pips
2026-05-06 03:30:53 INFO mt5_bot - Signal=NONE reason=no_closed_bar_crossover price=None trend=bullish rsi=63.3 atr_pips=6.3 adx=35.2
2026-05-06 03:30:53 INFO mt5_bot - ADX boost: adx=35.2 \u2192 risk_pct=1.88%
2026-05-06 03:30:53 INFO mt5_bot - Execution status=skipped reason=no_closed_bar_crossover
2026-05-06 03:31:08 INFO mt5_bot - Balance=102029.96 Equity=102029.96 Spread=0.20 pips
2026-05-06 03:31:08 INFO mt5_bot - Signal=NONE reason=no_closed_bar_crossover price=None trend=bullish rsi=63.3 atr_pips=6.3 adx=35.2
2026-05-06 03:31:08 INFO mt5_bot - ADX boost: adx=35.2 \u2192 risk_pct=1.88%
2026-05-06 03:31:08 INFO mt5_bot - Execution status=skipped reason=no_closed_bar_crossover
2026-05-06 03:31:23 INFO mt5_bot - Balance=102029.96 Equity=102029.96 Spread=0.20 pips
2026-05-06 03:31:23 INFO mt5_bot - Signal=NONE reason=no_closed_bar_crossover price=None trend=bullish rsi=63.3 atr_pips=6.3 adx=35.2
2026-05-06 03:31:23 INFO mt5_bot - ADX boost: adx=35.2 \u2192 risk_pct=1.88%
2026-05-06 03:31:23 INFO mt5_bot - Execution status=skipped reason=no_closed_bar_crossover
2026-05-06 03:31:38 INFO mt5_bot - Balance=102029.96 Equity=102029.96 Spread=0.20 pips
2026-05-06 03:31:38 INFO mt5_bot - Signal=NONE reason=no_closed_bar_crossover price=None trend=bullish rsi=63.3 atr_pips=6.3 adx=35.2
2026-05-06 03:31:38 INFO mt5_bot - ADX boost: adx=35.2 \u2192 risk_pct=1.88%
2026-05-06 03:31:38 INFO mt5_bot - Execution status=skipped reason=no_closed_bar_crossover
2026-05-06 03:31:53 INFO mt5_bot - Balance=102029.96 Equity=102029.96 Spread=1.00 pips
2026-05-06 03:31:53 INFO mt5_bot - Signal=NONE reason=no_closed_bar_crossover price=None trend=bullish rsi=63.3 atr_pips=6.3 adx=35.2
2026-05-06 03:31:53 INFO mt5_bot - ADX boost: adx=35.2 \u2192 risk_pct=1.88%
2026-05-06 03:31:53 INFO mt5_bot - Execution status=skipped reason=no_closed_bar_crossover
2026-05-06 03:32:08 INFO mt5_bot - Balance=102029.96 Equity=102029.96 Spread=0.20 pips
2026-05-06 03:32:08 INFO mt5_bot - Signal=NONE reason=no_closed_bar_crossover price=None trend=bullish rsi=63.3 atr_pips=6.3 adx=35.2
2026-05-06 03:32:08 INFO mt5_bot - ADX boost: adx=35.2 \u2192 risk_pct=1.88%
2026-05-06 03:32:08 INFO mt5_bot - Execution status=skipped reason=no_closed_bar_crossover
2026-05-06 03:32:23 INFO mt5_bot - Balance=102029.96 Equity=102029.96 Spread=0.20 pips
2026-05-06 03:32:23 INFO mt5_bot - Signal=NONE reason=no_closed_bar_crossover price=None trend=bullish rsi=63.3 atr_pips=6.3 adx=35.2
2026-05-06 03:32:23 INFO mt5_bot - ADX boost: adx=35.2 \u2192 risk_pct=1.88%
2026-05-06 03:32:23 INFO mt5_bot - Execution status=skipped reason=no_closed_bar_crossover
2026-05-06 03:32:38 INFO mt5_bot - Balance=102029.96 Equity=102029.96 Spread=0.20 pips
2026-05-06 03:32:38 INFO mt5_bot - Signal=NONE reason=no_closed_bar_crossover price=None trend=bullish rsi=63.3 atr_pips=6.3 adx=35.2
2026-05-06 03:32:38 INFO mt5_bot - ADX boost: adx=35.2 \u2192 risk_pct=1.88%
2026-05-06 03:32:38 INFO mt5_bot - Execution status=skipped reason=no_closed_bar_crossover
2026-05-06 03:32:53 INFO mt5_bot - Balance=102029.96 Equity=102029.96 Spread=0.20 pips
2026-05-06 03:32:53 INFO mt5_bot - Signal=NONE reason=no_closed_bar_crossover price=None trend=bullish rsi=63.3 atr_pips=6.3 adx=35.2
2026-05-06 03:32:53 INFO mt5_bot - ADX boost: adx=35.2 \u2192 risk_pct=1.88%
2026-05-06 03:32:53 INFO mt5_bot - Execution status=skipped reason=no_closed_bar_crossover
2026-05-06 03:33:08 INFO mt5_bot - Balance=102029.96 Equity=102029.96 Spread=0.20 pips
2026-05-06 03:33:08 INFO mt5_bot - Signal=NONE reason=no_closed_bar_crossover price=None trend=bullish rsi=63.3 atr_pips=6.3 adx=35.2
2026-05-06 03:33:08 INFO mt5_bot - ADX boost: adx=35.2 \u2192 risk_pct=1.88%
2026-05-06 03:33:08 INFO mt5_bot - Execution status=skipped reason=no_closed_bar_crossover
2026-05-06 03:33:23 INFO mt5_bot - Balance=102029.96 Equity=102029.96 Spread=0.80 pips
2026-05-06 03:33:23 INFO mt5_bot - Signal=NONE reason=no_closed_bar_crossover price=None trend=bullish rsi=63.3 atr_pips=6.3 adx=35.2
2026-05-06 03:33:23 INFO mt5_bot - ADX boost: adx=35.2 \u2192 risk_pct=1.88%
2026-05-06 03:33:23 INFO mt5_bot - Execution status=skipped reason=no_closed_bar_crossover
2026-05-06 03:33:38 INFO mt5_bot - Balance=102029.96 Equity=102029.96 Spread=0.20 pips
2026-05-06 03:33:38 INFO mt5_bot - Signal=NONE reason=no_closed_bar_crossover price=None trend=bullish rsi=63.3 atr_pips=6.3 adx=35.2
2026-05-06 03:33:38 INFO mt5_bot - ADX boost: adx=35.2 \u2192 risk_pct=1.88%
2026-05-06 03:33:38 INFO mt5_bot - Execution status=skipped reason=no_closed_bar_crossover
2026-05-06 03:33:53 INFO mt5_bot - Balance=102029.96 Equity=102029.96 Spread=0.20 pips
2026-05-06 03:33:53 INFO mt5_bot - Signal=NONE reason=no_closed_bar_crossover price=None trend=bullish rsi=63.3 atr_pips=6.3 adx=35.2
2026-05-06 03:33:53 INFO mt5_bot - ADX boost: adx=35.2 \u2192 risk_pct=1.88%
2026-05-06 03:33:53 INFO mt5_bot - Execution status=skipped reason=no_closed_bar_crossover
2026-05-06 03:34:08 INFO mt5_bot - Balance=102029.96 Equity=102029.96 Spread=0.20 pips
2026-05-06 03:34:08 INFO mt5_bot - Signal=NONE reason=no_closed_bar_crossover price=None trend=bullish rsi=63.3 atr_pips=6.3 adx=35.2
2026-05-06 03:34:08 INFO mt5_bot - ADX boost: adx=35.2 \u2192 risk_pct=1.88%
2026-05-06 03:34:08 INFO mt5_bot - Execution status=skipped reason=no_closed_bar_crossover
2026-05-06 03:34:23 INFO mt5_bot - Balance=102029.96 Equity=102029.96 Spread=0.60 pips
2026-05-06 03:34:23 INFO mt5_bot - Signal=NONE reason=no_closed_bar_crossover price=None trend=bullish rsi=63.3 atr_pips=6.3 adx=35.2
2026-05-06 03:34:23 INFO mt5_bot - ADX boost: adx=35.2 \u2192 risk_pct=1.88%
2026-05-06 03:34:23 INFO mt5_bot - Execution status=skipped reason=no_closed_bar_crossover
2026-05-06 03:34:38 INFO mt5_bot - Balance=102029.96 Equity=102029.96 Spread=0.50 pips
2026-05-06 03:34:38 INFO mt5_bot - Signal=NONE reason=no_closed_bar_crossover price=None trend=bullish rsi=63.3 atr_pips=6.3 adx=35.2
2026-05-06 03:34:38 INFO mt5_bot - ADX boost: adx=35.2 \u2192 risk_pct=1.88%
2026-05-06 03:34:38 INFO mt5_bot - Execution status=skipped reason=no_closed_bar_crossover
2026-05-06 03:34:53 INFO mt5_bot - Balance=102029.96 Equity=102029.96 Spread=0.20 pips
2026-05-06 03:34:53 INFO mt5_bot - Signal=NONE reason=no_closed_bar_crossover price=None trend=bullish rsi=63.3 atr_pips=6.3 adx=35.2
2026-05-06 03:34:53 INFO mt5_bot - ADX boost: adx=35.2 \u2192 risk_pct=1.88%
2026-05-06 03:34:53 INFO mt5_bot - Execution status=skipped reason=no_closed_bar_crossover
2026-05-06 03:35:08 INFO mt5_bot - Balance=102029.96 Equity=102029.96 Spread=0.20 pips
2026-05-06 03:35:08 INFO mt5_bot - Signal=NONE reason=no_closed_bar_crossover price=None trend=bullish rsi=63.3 atr_pips=6.3 adx=35.2
2026-05-06 03:35:08 INFO mt5_bot - ADX boost: adx=35.2 \u2192 risk_pct=1.88%
2026-05-06 03:35:08 INFO mt5_bot - Execution status=skipped reason=no_closed_bar_crossover
2026-05-06 03:35:23 INFO mt5_bot - Balance=102029.96 Equity=102029.96 Spread=0.80 pips
2026-05-06 03:35:23 INFO mt5_bot - Signal=NONE reason=no_closed_bar_crossover price=None trend=bullish rsi=63.3 atr_pips=6.3 adx=35.2
2026-05-06 03:35:23 INFO mt5_bot - ADX boost: adx=35.2 \u2192 risk_pct=1.88%
2026-05-06 03:35:23 INFO mt5_bot - Execution status=skipped reason=no_closed_bar_crossover
2026-05-06 03:35:38 INFO mt5_bot - Balance=102029.96 Equity=102029.96 Spread=0.20 pips
2026-05-06 03:35:38 INFO mt5_bot - Signal=NONE reason=no_closed_bar_crossover price=None trend=bullish rsi=63.3 atr_pips=6.3 adx=35.2
2026-05-06 03:35:38 INFO mt5_bot - ADX boost: adx=35.2 \u2192 risk_pct=1.88%
2026-05-06 03:35:38 INFO mt5_bot - Execution status=skipped reason=no_closed_bar_crossover
2026-05-06 03:35:53 INFO mt5_bot - Balance=102029.96 Equity=102029.96 Spread=0.50 pips
2026-05-06 03:35:53 INFO mt5_bot - Signal=NONE reason=no_closed_bar_crossover price=None trend=bullish rsi=63.3 atr_pips=6.3 adx=35.2
2026-05-06 03:35:53 INFO mt5_bot - ADX boost: adx=35.2 \u2192 risk_pct=1.88%
2026-05-06 03:35:53 INFO mt5_bot - Execution status=skipped reason=no_closed_bar_crossover
2026-05-06 03:36:08 INFO mt5_bot - Balance=102029.96 Equity=102029.96 Spread=0.20 pips
2026-05-06 03:36:08 INFO mt5_bot - Signal=NONE reason=no_closed_bar_crossover price=None trend=bullish rsi=63.3 atr_pips=6.3 adx=35.2
2026-05-06 03:36:08 INFO mt5_bot - ADX boost: adx=35.2 \u2192 risk_pct=1.88%
2026-05-06 03:36:08 INFO mt5_bot - Execution status=skipped reason=no_closed_bar_crossover
2026-05-06 03:36:23 INFO mt5_bot - Balance=102029.96 Equity=102029.96 Spread=0.20 pips
2026-05-06 03:36:23 INFO mt5_bot - Signal=NONE reason=no_closed_bar_crossover price=None trend=bullish rsi=63.3 atr_pips=6.3 adx=35.2
2026-05-06 03:36:23 INFO mt5_bot - ADX boost: adx=35.2 \u2192 risk_pct=1.88%
2026-05-06 03:36:23 INFO mt5_bot - Execution status=skipped reason=no_closed_bar_crossover
2026-05-06 03:36:38 INFO mt5_bot - Balance=102029.96 Equity=102029.96 Spread=0.20 pips
2026-05-06 03:36:38 INFO mt5_bot - Signal=NONE reason=no_closed_bar_crossover price=None trend=bullish rsi=63.3 atr_pips=6.3 adx=35.2
2026-05-06 03:36:38 INFO mt5_bot - ADX boost: adx=35.2 \u2192 risk_pct=1.88%
2026-05-06 03:36:38 INFO mt5_bot - Execution status=skipped reason=no_closed_bar_crossover
2026-05-06 03:36:53 INFO mt5_bot - Balance=102029.96 Equity=102029.96 Spread=0.20 pips
2026-05-06 03:36:53 INFO mt5_bot - Signal=NONE reason=no_closed_bar_crossover price=None trend=bullish rsi=63.3 atr_pips=6.3 adx=35.2
2026-05-06 03:36:53 INFO mt5_bot - ADX boost: adx=35.2 \u2192 risk_pct=1.88%
2026-05-06 03:36:53 INFO mt5_bot - Execution status=skipped reason=no_closed_bar_crossover
2026-05-06 03:37:08 INFO mt5_bot - Balance=102029.96 Equity=102029.96 Spread=0.20 pips
2026-05-06 03:37:08 INFO mt5_bot - Signal=NONE reason=no_closed_bar_crossover price=None trend=bullish rsi=63.3 atr_pips=6.3 adx=35.2
2026-05-06 03:37:08 INFO mt5_bot - ADX boost: adx=35.2 \u2192 risk_pct=1.88%
2026-05-06 03:37:08 INFO mt5_bot - Execution status=skipped reason=no_closed_bar_crossover
2026-05-06 03:37:23 INFO mt5_bot - Balance=102029.96 Equity=102029.96 Spread=0.40 pips
2026-05-06 03:37:23 INFO mt5_bot - Signal=NONE reason=no_closed_bar_crossover price=None trend=bullish rsi=63.3 atr_pips=6.3 adx=35.2
2026-05-06 03:37:23 INFO mt5_bot - ADX boost: adx=35.2 \u2192 risk_pct=1.88%
2026-05-06 03:37:23 INFO mt5_bot - Execution status=skipped reason=no_closed_bar_crossover
2026-05-06 03:37:38 INFO mt5_bot - Balance=102029.96 Equity=102029.96 Spread=0.20 pips
2026-05-06 03:37:38 INFO mt5_bot - Signal=NONE reason=no_closed_bar_crossover price=None trend=bullish rsi=63.3 atr_pips=6.3 adx=35.2
2026-05-06 03:37:38 INFO mt5_bot - ADX boost: adx=35.2 \u2192 risk_pct=1.88%
2026-05-06 03:37:38 INFO mt5_bot - Execution status=skipped reason=no_closed_bar_crossover
2026-05-06 03:37:53 INFO mt5_bot - Balance=102029.96 Equity=102029.96 Spread=0.20 pips
2026-05-06 03:37:53 INFO mt5_bot - Signal=NONE reason=no_closed_bar_crossover price=None trend=bullish rsi=63.3 atr_pips=6.3 adx=35.2
2026-05-06 03:37:53 INFO mt5_bot - ADX boost: adx=35.2 \u2192 risk_pct=1.88%
2026-05-06 03:37:53 INFO mt5_bot - Execution status=skipped reason=no_closed_bar_crossover
2026-05-06 03:38:08 INFO mt5_bot - Balance=102029.96 Equity=102029.96 Spread=0.20 pips
2026-05-06 03:38:08 INFO mt5_bot - Signal=NONE reason=no_closed_bar_crossover price=None trend=bullish rsi=63.3 atr_pips=6.3 adx=35.2
2026-05-06 03:38:08 INFO mt5_bot - ADX boost: adx=35.2 \u2192 risk_pct=1.88%
2026-05-06 03:38:08 INFO mt5_bot - Execution status=skipped reason=no_closed_bar_crossover
2026-05-06 03:38:23 INFO mt5_bot - Balance=102029.96 Equity=102029.96 Spread=0.50 pips
2026-05-06 03:38:23 INFO mt5_bot - Signal=NONE reason=no_closed_bar_crossover price=None trend=bullish rsi=63.3 atr_pips=6.3 adx=35.2
2026-05-06 03:38:23 INFO mt5_bot - ADX boost: adx=35.2 \u2192 risk_pct=1.88%
2026-05-06 03:38:23 INFO mt5_bot - Execution status=skipped reason=no_closed_bar_crossover
2026-05-06 03:38:38 INFO mt5_bot - Balance=102029.96 Equity=102029.96 Spread=0.20 pips
2026-05-06 03:38:38 INFO mt5_bot - Signal=NONE reason=no_closed_bar_crossover price=None trend=bullish rsi=63.3 atr_pips=6.3 adx=35.2
2026-05-06 03:38:38 INFO mt5_bot - ADX boost: adx=35.2 \u2192 risk_pct=1.88%
2026-05-06 03:38:38 INFO mt5_bot - Execution status=skipped reason=no_closed_bar_crossover
2026-05-06 03:38:53 INFO mt5_bot - Balance=102029.96 Equity=102029.96 Spread=0.50 pips
2026-05-06 03:38:53 INFO mt5_bot - Signal=NONE reason=no_closed_bar_crossover price=None trend=bullish rsi=63.3 atr_pips=6.3 adx=35.2
2026-05-06 03:38:53 INFO mt5_bot - ADX boost: adx=35.2 \u2192 risk_pct=1.88%
2026-05-06 03:38:53 INFO mt5_bot - Execution status=skipped reason=no_closed_bar_crossover
2026-05-06 03:39:08 INFO mt5_bot - Balance=102029.96 Equity=102029.96 Spread=0.20 pips
2026-05-06 03:39:08 INFO mt5_bot - Signal=NONE reason=no_closed_bar_crossover price=None trend=bullish rsi=63.3 atr_pips=6.3 adx=35.2
2026-05-06 03:39:08 INFO mt5_bot - ADX boost: adx=35.2 \u2192 risk_pct=1.88%
2026-05-06 03:39:08 INFO mt5_bot - Execution status=skipped reason=no_closed_bar_crossover
2026-05-06 03:39:23 INFO mt5_bot - Balance=102029.96 Equity=102029.96 Spread=0.20 pips
2026-05-06 03:39:23 INFO mt5_bot - Signal=NONE reason=no_closed_bar_crossover price=None trend=bullish rsi=63.3 atr_pips=6.3 adx=35.2
2026-05-06 03:39:23 INFO mt5_bot - ADX boost: adx=35.2 \u2192 risk_pct=1.88%
2026-05-06 03:39:23 INFO mt5_bot - Execution status=skipped reason=no_closed_bar_crossover
2026-05-06 03:39:38 INFO mt5_bot - Balance=102029.96 Equity=102029.96 Spread=0.20 pips
2026-05-06 03:39:38 INFO mt5_bot - Signal=NONE reason=no_closed_bar_crossover price=None trend=bullish rsi=63.3 atr_pips=6.3 adx=35.2
2026-05-06 03:39:38 INFO mt5_bot - ADX boost: adx=35.2 \u2192 risk_pct=1.88%
2026-05-06 03:39:38 INFO mt5_bot - Execution status=skipped reason=no_closed_bar_crossover
2026-05-06 03:39:53 INFO mt5_bot - Balance=102029.96 Equity=102029.96 Spread=0.20 pips
2026-05-06 03:39:53 INFO mt5_bot - Signal=NONE reason=no_closed_bar_crossover price=None trend=bullish rsi=63.3 atr_pips=6.3 adx=35.2
2026-05-06 03:39:53 INFO mt5_bot - ADX boost: adx=35.2 \u2192 risk_pct=1.88%
2026-05-06 03:39:53 INFO mt5_bot - Execution status=skipped reason=no_closed_bar_crossover
2026-05-06 03:40:08 INFO mt5_bot - Balance=102029.96 Equity=102029.96 Spread=0.20 pips
2026-05-06 03:40:08 INFO mt5_bot - Signal=NONE reason=no_closed_bar_crossover price=None trend=bullish rsi=63.3 atr_pips=6.3 adx=35.2
2026-05-06 03:40:08 INFO mt5_bot - ADX boost: adx=35.2 \u2192 risk_pct=1.88%
2026-05-06 03:40:08 INFO mt5_bot - Execution status=skipped reason=no_closed_bar_crossover
2026-05-06 03:40:23 INFO mt5_bot - Balance=102029.96 Equity=102029.96 Spread=0.20 pips
2026-05-06 03:40:23 INFO mt5_bot - Signal=NONE reason=no_closed_bar_crossover price=None trend=bullish rsi=63.3 atr_pips=6.3 adx=35.2
2026-05-06 03:40:23 INFO mt5_bot - ADX boost: adx=35.2 \u2192 risk_pct=1.88%
2026-05-06 03:40:23 INFO mt5_bot - Execution status=skipped reason=no_closed_bar_crossover
2026-05-06 03:40:38 INFO mt5_bot - Balance=102029.96 Equity=102029.96 Spread=1.00 pips
2026-05-06 03:40:38 INFO mt5_bot - Signal=NONE reason=no_closed_bar_crossover price=None trend=bullish rsi=63.3 atr_pips=6.3 adx=35.2
2026-05-06 03:40:38 INFO mt5_bot - ADX boost: adx=35.2 \u2192 risk_pct=1.88%
2026-05-06 03:40:38 INFO mt5_bot - Execution status=skipped reason=no_closed_bar_crossover
2026-05-06 03:40:53 INFO mt5_bot - Balance=102029.96 Equity=102029.96 Spread=0.20 pips
2026-05-06 03:40:53 INFO mt5_bot - Signal=NONE reason=no_closed_bar_crossover price=None trend=bullish rsi=63.3 atr_pips=6.3 adx=35.2
2026-05-06 03:40:53 INFO mt5_bot - ADX boost: adx=35.2 \u2192 risk_pct=1.88%
2026-05-06 03:40:53 INFO mt5_bot - Execution status=skipped reason=no_closed_bar_crossover
2026-05-06 03:41:08 INFO mt5_bot - Balance=102029.96 Equity=102029.96 Spread=0.20 pips
2026-05-06 03:41:09 INFO mt5_bot - Signal=NONE reason=no_closed_bar_crossover price=None trend=bullish rsi=63.3 atr_pips=6.3 adx=35.2
2026-05-06 03:41:09 INFO mt5_bot - ADX boost: adx=35.2 \u2192 risk_pct=1.88%
2026-05-06 03:41:09 INFO mt5_bot - Execution status=skipped reason=no_closed_bar_crossover
2026-05-06 03:41:24 INFO mt5_bot - Balance=102029.96 Equity=102029.96 Spread=0.20 pips
2026-05-06 03:41:24 INFO mt5_bot - Signal=NONE reason=no_closed_bar_crossover price=None trend=bullish rsi=63.3 atr_pips=6.3 adx=35.2
2026-05-06 03:41:24 INFO mt5_bot - ADX boost: adx=35.2 \u2192 risk_pct=1.88%
2026-05-06 03:41:24 INFO mt5_bot - Execution status=skipped reason=no_closed_bar_crossover
2026-05-06 03:41:39 INFO mt5_bot - Balance=102029.96 Equity=102029.96 Spread=0.20 pips
2026-05-06 03:41:39 INFO mt5_bot - Signal=NONE reason=no_closed_bar_crossover price=None trend=bullish rsi=63.3 atr_pips=6.3 adx=35.2
2026-05-06 03:41:39 INFO mt5_bot - ADX boost: adx=35.2 \u2192 risk_pct=1.88%
2026-05-06 03:41:39 INFO mt5_bot - Execution status=skipped reason=no_closed_bar_crossover
2026-05-06 03:41:54 INFO mt5_bot - Balance=102029.96 Equity=102029.96 Spread=1.10 pips
2026-05-06 03:41:54 INFO mt5_bot - Signal=NONE reason=no_closed_bar_crossover price=None trend=bullish rsi=63.3 atr_pips=6.3 adx=35.2
2026-05-06 03:41:54 INFO mt5_bot - ADX boost: adx=35.2 \u2192 risk_pct=1.88%
2026-05-06 03:41:54 INFO mt5_bot - Execution status=skipped reason=no_closed_bar_crossover
2026-05-06 03:42:09 INFO mt5_bot - Balance=102029.96 Equity=102029.96 Spread=0.60 pips
2026-05-06 03:42:09 INFO mt5_bot - Signal=NONE reason=no_closed_bar_crossover price=None trend=bullish rsi=63.3 atr_pips=6.3 adx=35.2
2026-05-06 03:42:09 INFO mt5_bot - ADX boost: adx=35.2 \u2192 risk_pct=1.88%
2026-05-06 03:42:09 INFO mt5_bot - Execution status=skipped reason=no_closed_bar_crossover
2026-05-06 03:42:24 INFO mt5_bot - Balance=102029.96 Equity=102029.96 Spread=0.20 pips
2026-05-06 03:42:24 INFO mt5_bot - Signal=NONE reason=no_closed_bar_crossover price=None trend=bullish rsi=63.3 atr_pips=6.3 adx=35.2
2026-05-06 03:42:24 INFO mt5_bot - ADX boost: adx=35.2 \u2192 risk_pct=1.88%
2026-05-06 03:42:24 INFO mt5_bot - Execution status=skipped reason=no_closed_bar_crossover
2026-05-06 03:42:39 INFO mt5_bot - Balance=102029.96 Equity=102029.96 Spread=0.50 pips
2026-05-06 03:42:39 INFO mt5_bot - Signal=NONE reason=no_closed_bar_crossover price=None trend=bullish rsi=63.3 atr_pips=6.3 adx=35.2
2026-05-06 03:42:39 INFO mt5_bot - ADX boost: adx=35.2 \u2192 risk_pct=1.88%
2026-05-06 03:42:39 INFO mt5_bot - Execution status=skipped reason=no_closed_bar_crossover
2026-05-06 03:42:54 INFO mt5_bot - Balance=102029.96 Equity=102029.96 Spread=0.20 pips
2026-05-06 03:42:54 INFO mt5_bot - Signal=NONE reason=no_closed_bar_crossover price=None trend=bullish rsi=63.3 atr_pips=6.3 adx=35.2
2026-05-06 03:42:54 INFO mt5_bot - ADX boost: adx=35.2 \u2192 risk_pct=1.88%
2026-05-06 03:42:54 INFO mt5_bot - Execution status=skipped reason=no_closed_bar_crossover
2026-05-06 03:43:09 INFO mt5_bot - Balance=102029.96 Equity=102029.96 Spread=0.20 pips
2026-05-06 03:43:09 INFO mt5_bot - Signal=NONE reason=no_closed_bar_crossover price=None trend=bullish rsi=63.3 atr_pips=6.3 adx=35.2
2026-05-06 03:43:09 INFO mt5_bot - ADX boost: adx=35.2 \u2192 risk_pct=1.88%
2026-05-06 03:43:09 INFO mt5_bot - Execution status=skipped reason=no_closed_bar_crossover
2026-05-06 03:43:24 INFO mt5_bot - Balance=102029.96 Equity=102029.96 Spread=0.20 pips
2026-05-06 03:43:24 INFO mt5_bot - Signal=NONE reason=no_closed_bar_crossover price=None trend=bullish rsi=63.3 atr_pips=6.3 adx=35.2
2026-05-06 03:43:24 INFO mt5_bot - ADX boost: adx=35.2 \u2192 risk_pct=1.88%
2026-05-06 03:43:24 INFO mt5_bot - Execution status=skipped reason=no_closed_bar_crossover
2026-05-06 03:43:39 INFO mt5_bot - Balance=102029.96 Equity=102029.96 Spread=0.50 pips
2026-05-06 03:43:39 INFO mt5_bot - Signal=NONE reason=no_closed_bar_crossover price=None trend=bullish rsi=63.3 atr_pips=6.3 adx=35.2
2026-05-06 03:43:39 INFO mt5_bot - ADX boost: adx=35.2 \u2192 risk_pct=1.88%
2026-05-06 03:43:39 INFO mt5_bot - Execution status=skipped reason=no_closed_bar_crossover
2026-05-06 03:43:54 INFO mt5_bot - Balance=102029.96 Equity=102029.96 Spread=0.20 pips
2026-05-06 03:43:54 INFO mt5_bot - Signal=NONE reason=no_closed_bar_crossover price=None trend=bullish rsi=63.3 atr_pips=6.3 adx=35.2
2026-05-06 03:43:54 INFO mt5_bot - ADX boost: adx=35.2 \u2192 risk_pct=1.88%
2026-05-06 03:43:54 INFO mt5_bot - Execution status=skipped reason=no_closed_bar_crossover
2026-05-06 03:44:09 INFO mt5_bot - Balance=102029.96 Equity=102029.96 Spread=0.20 pips
2026-05-06 03:44:09 INFO mt5_bot - Signal=NONE reason=no_closed_bar_crossover price=None trend=bullish rsi=63.3 atr_pips=6.3 adx=35.2
2026-05-06 03:44:09 INFO mt5_bot - ADX boost: adx=35.2 \u2192 risk_pct=1.88%
2026-05-06 03:44:09 INFO mt5_bot - Execution status=skipped reason=no_closed_bar_crossover
2026-05-06 03:44:24 INFO mt5_bot - Balance=102029.96 Equity=102029.96 Spread=0.20 pips
2026-05-06 03:44:24 INFO mt5_bot - Signal=NONE reason=no_closed_bar_crossover price=None trend=bullish rsi=63.3 atr_pips=6.3 adx=35.2
2026-05-06 03:44:24 INFO mt5_bot - ADX boost: adx=35.2 \u2192 risk_pct=1.88%
2026-05-06 03:44:24 INFO mt5_bot - Execution status=skipped reason=no_closed_bar_crossover
2026-05-06 03:44:39 INFO mt5_bot - Balance=102029.96 Equity=102029.96 Spread=0.20 pips
2026-05-06 03:44:39 INFO mt5_bot - Signal=NONE reason=no_closed_bar_crossover price=None trend=bullish rsi=63.3 atr_pips=6.3 adx=35.2
2026-05-06 03:44:39 INFO mt5_bot - ADX boost: adx=35.2 \u2192 risk_pct=1.88%
2026-05-06 03:44:39 INFO mt5_bot - Execution status=skipped reason=no_closed_bar_crossover
2026-05-06 03:44:54 INFO mt5_bot - Balance=102029.96 Equity=102029.96 Spread=0.20 pips
2026-05-06 03:44:54 INFO mt5_bot - Signal=NONE reason=no_closed_bar_crossover price=None trend=bullish rsi=63.3 atr_pips=6.3 adx=35.2
2026-05-06 03:44:54 INFO mt5_bot - ADX boost: adx=35.2 \u2192 risk_pct=1.88%
2026-05-06 03:44:54 INFO mt5_bot - Execution status=skipped reason=no_closed_bar_crossover
2026-05-06 03:45:09 INFO mt5_bot - Balance=102029.96 Equity=102029.96 Spread=0.20 pips
2026-05-06 03:45:09 INFO mt5_bot - Signal=NONE reason=no_closed_bar_crossover price=None trend=bullish rsi=70.9 atr_pips=6.7 adx=36.3
2026-05-06 03:45:09 INFO mt5_bot - ADX boost: adx=36.3 \u2192 risk_pct=1.88%
2026-05-06 03:45:09 INFO mt5_bot - Execution status=skipped reason=no_closed_bar_crossover
2026-05-06 03:45:24 INFO mt5_bot - Balance=102029.96 Equity=102029.96 Spread=0.20 pips
2026-05-06 03:45:24 INFO mt5_bot - Signal=NONE reason=no_closed_bar_crossover price=None trend=bullish rsi=70.9 atr_pips=6.7 adx=36.3
2026-05-06 03:45:24 INFO mt5_bot - ADX boost: adx=36.3 \u2192 risk_pct=1.88%
2026-05-06 03:45:24 INFO mt5_bot - Execution status=skipped reason=no_closed_bar_crossover
2026-05-06 03:45:39 INFO mt5_bot - Balance=102029.96 Equity=102029.96 Spread=0.60 pips
2026-05-06 03:45:39 INFO mt5_bot - Signal=NONE reason=no_closed_bar_crossover price=None trend=bullish rsi=70.9 atr_pips=6.7 adx=36.3
2026-05-06 03:45:39 INFO mt5_bot - ADX boost: adx=36.3 \u2192 risk_pct=1.88%
2026-05-06 03:45:39 INFO mt5_bot - Execution status=skipped reason=no_closed_bar_crossover
2026-05-06 03:45:54 INFO mt5_bot - Balance=102029.96 Equity=102029.96 Spread=0.20 pips
2026-05-06 03:45:54 INFO mt5_bot - Signal=NONE reason=no_closed_bar_crossover price=None trend=bullish rsi=70.9 atr_pips=6.7 adx=36.3
2026-05-06 03:45:54 INFO mt5_bot - ADX boost: adx=36.3 \u2192 risk_pct=1.88%
2026-05-06 03:45:54 INFO mt5_bot - Execution status=skipped reason=no_closed_bar_crossover
2026-05-06 03:46:09 INFO mt5_bot - Balance=102029.96 Equity=102029.96 Spread=0.20 pips
2026-05-06 03:46:09 INFO mt5_bot - Signal=NONE reason=no_closed_bar_crossover price=None trend=bullish rsi=70.9 atr_pips=6.7 adx=36.3
2026-05-06 03:46:09 INFO mt5_bot - ADX boost: adx=36.3 \u2192 risk_pct=1.88%
2026-05-06 03:46:09 INFO mt5_bot - Execution status=skipped reason=no_closed_bar_crossover
2026-05-06 03:46:24 INFO mt5_bot - Balance=102029.96 Equity=102029.96 Spread=0.50 pips
2026-05-06 03:46:24 INFO mt5_bot - Signal=NONE reason=no_closed_bar_crossover price=None trend=bullish rsi=70.9 atr_pips=6.7 adx=36.3
2026-05-06 03:46:24 INFO mt5_bot - ADX boost: adx=36.3 \u2192 risk_pct=1.88%
2026-05-06 03:46:24 INFO mt5_bot - Execution status=skipped reason=no_closed_bar_crossover
2026-05-06 03:46:39 INFO mt5_bot - Balance=102029.96 Equity=102029.96 Spread=0.20 pips
2026-05-06 03:46:39 INFO mt5_bot - Signal=NONE reason=no_closed_bar_crossover price=None trend=bullish rsi=70.9 atr_pips=6.7 adx=36.3
2026-05-06 03:46:39 INFO mt5_bot - ADX boost: adx=36.3 \u2192 risk_pct=1.88%
2026-05-06 03:46:39 INFO mt5_bot - Execution status=skipped reason=no_closed_bar_crossover
2026-05-06 03:46:54 INFO mt5_bot - Balance=102029.96 Equity=102029.96 Spread=0.50 pips
2026-05-06 03:46:54 INFO mt5_bot - Signal=NONE reason=no_closed_bar_crossover price=None trend=bullish rsi=70.9 atr_pips=6.7 adx=36.3
2026-05-06 03:46:54 INFO mt5_bot - ADX boost: adx=36.3 \u2192 risk_pct=1.88%
2026-05-06 03:46:54 INFO mt5_bot - Execution status=skipped reason=no_closed_bar_crossover
2026-05-06 03:47:09 INFO mt5_bot - Balance=102029.96 Equity=102029.96 Spread=0.20 pips
2026-05-06 03:47:09 INFO mt5_bot - Signal=NONE reason=no_closed_bar_crossover price=None trend=bullish rsi=70.9 atr_pips=6.7 adx=36.3
2026-05-06 03:47:09 INFO mt5_bot - ADX boost: adx=36.3 \u2192 risk_pct=1.88%
2026-05-06 03:47:09 INFO mt5_bot - Execution status=skipped reason=no_closed_bar_crossover
2026-05-06 03:47:24 INFO mt5_bot - Balance=102029.96 Equity=102029.96 Spread=0.20 pips
2026-05-06 03:47:24 INFO mt5_bot - Signal=NONE reason=no_closed_bar_crossover price=None trend=bullish rsi=70.9 atr_pips=6.7 adx=36.3
2026-05-06 03:47:24 INFO mt5_bot - ADX boost: adx=36.3 \u2192 risk_pct=1.88%
2026-05-06 03:47:24 INFO mt5_bot - Execution status=skipped reason=no_closed_bar_crossover
2026-05-06 03:47:39 INFO mt5_bot - Balance=102029.96 Equity=102029.96 Spread=0.20 pips
2026-05-06 03:47:39 INFO mt5_bot - Signal=NONE reason=no_closed_bar_crossover price=None trend=bullish rsi=70.9 atr_pips=6.7 adx=36.3
2026-05-06 03:47:39 INFO mt5_bot - ADX boost: adx=36.3 \u2192 risk_pct=1.88%
2026-05-06 03:47:39 INFO mt5_bot - Execution status=skipped reason=no_closed_bar_crossover
2026-05-06 03:47:54 INFO mt5_bot - Balance=102029.96 Equity=102029.96 Spread=0.20 pips
2026-05-06 03:47:54 INFO mt5_bot - Signal=NONE reason=no_closed_bar_crossover price=None trend=bullish rsi=70.9 atr_pips=6.7 adx=36.3
2026-05-06 03:47:54 INFO mt5_bot - ADX boost: adx=36.3 \u2192 risk_pct=1.88%
2026-05-06 03:47:54 INFO mt5_bot - Execution status=skipped reason=no_closed_bar_crossover
2026-05-06 03:48:09 INFO mt5_bot - Balance=102029.96 Equity=102029.96 Spread=0.20 pips
2026-05-06 03:48:09 INFO mt5_bot - Signal=NONE reason=no_closed_bar_crossover price=None trend=bullish rsi=70.9 atr_pips=6.7 adx=36.3
2026-05-06 03:48:09 INFO mt5_bot - ADX boost: adx=36.3 \u2192 risk_pct=1.88%
2026-05-06 03:48:09 INFO mt5_bot - Execution status=skipped reason=no_closed_bar_crossover
2026-05-06 03:48:24 INFO mt5_bot - Balance=102029.96 Equity=102029.96 Spread=0.50 pips
2026-05-06 03:48:24 INFO mt5_bot - Signal=NONE reason=no_closed_bar_crossover price=None trend=bullish rsi=70.9 atr_pips=6.7 adx=36.3
2026-05-06 03:48:24 INFO mt5_bot - ADX boost: adx=36.3 \u2192 risk_pct=1.88%
2026-05-06 03:48:24 INFO mt5_bot - Execution status=skipped reason=no_closed_bar_crossover
2026-05-06 03:48:39 INFO mt5_bot - Balance=102029.96 Equity=102029.96 Spread=0.20 pips
2026-05-06 03:48:39 INFO mt5_bot - Signal=NONE reason=no_closed_bar_crossover price=None trend=bullish rsi=70.9 atr_pips=6.7 adx=36.3
2026-05-06 03:48:39 INFO mt5_bot - ADX boost: adx=36.3 \u2192 risk_pct=1.88%
2026-05-06 03:48:39 INFO mt5_bot - Execution status=skipped reason=no_closed_bar_crossover
2026-05-06 03:48:54 INFO mt5_bot - Balance=102029.96 Equity=102029.96 Spread=0.20 pips
2026-05-06 03:48:54 INFO mt5_bot - Signal=NONE reason=no_closed_bar_crossover price=None trend=bullish rsi=70.9 atr_pips=6.7 adx=36.3
2026-05-06 03:48:54 INFO mt5_bot - ADX boost: adx=36.3 \u2192 risk_pct=1.88%
2026-05-06 03:48:54 INFO mt5_bot - Execution status=skipped reason=no_closed_bar_crossover
2026-05-06 03:49:09 INFO mt5_bot - Balance=102029.96 Equity=102029.96 Spread=0.20 pips
2026-05-06 03:49:09 INFO mt5_bot - Signal=NONE reason=no_closed_bar_crossover price=None trend=bullish rsi=70.9 atr_pips=6.7 adx=36.3
2026-05-06 03:49:09 INFO mt5_bot - ADX boost: adx=36.3 \u2192 risk_pct=1.88%
2026-05-06 03:49:09 INFO mt5_bot - Execution status=skipped reason=no_closed_bar_crossover
2026-05-06 03:49:24 INFO mt5_bot - Balance=102029.96 Equity=102029.96 Spread=0.20 pips
2026-05-06 03:49:24 INFO mt5_bot - Signal=NONE reason=no_closed_bar_crossover price=None trend=bullish rsi=70.9 atr_pips=6.7 adx=36.3
2026-05-06 03:49:24 INFO mt5_bot - ADX boost: adx=36.3 \u2192 risk_pct=1.88%
2026-05-06 03:49:24 INFO mt5_bot - Execution status=skipped reason=no_closed_bar_crossover
2026-05-06 03:49:39 INFO mt5_bot - Balance=102029.96 Equity=102029.96 Spread=0.20 pips
2026-05-06 03:49:39 INFO mt5_bot - Signal=NONE reason=no_closed_bar_crossover price=None trend=bullish rsi=70.9 atr_pips=6.7 adx=36.3
2026-05-06 03:49:39 INFO mt5_bot - ADX boost: adx=36.3 \u2192 risk_pct=1.88%
2026-05-06 03:49:39 INFO mt5_bot - Execution status=skipped reason=no_closed_bar_crossover
2026-05-06 03:49:54 INFO mt5_bot - Balance=102029.96 Equity=102029.96 Spread=0.20 pips
2026-05-06 03:49:54 INFO mt5_bot - Signal=NONE reason=no_closed_bar_crossover price=None trend=bullish rsi=70.9 atr_pips=6.7 adx=36.3
2026-05-06 03:49:54 INFO mt5_bot - ADX boost: adx=36.3 \u2192 risk_pct=1.88%
2026-05-06 03:49:54 INFO mt5_bot - Execution status=skipped reason=no_closed_bar_crossover
2026-05-06 03:50:09 INFO mt5_bot - Balance=102029.96 Equity=102029.96 Spread=0.20 pips
2026-05-06 03:50:09 INFO mt5_bot - Signal=NONE reason=no_closed_bar_crossover price=None trend=bullish rsi=70.9 atr_pips=6.7 adx=36.3
2026-05-06 03:50:09 INFO mt5_bot - ADX boost: adx=36.3 \u2192 risk_pct=1.88%
2026-05-06 03:50:09 INFO mt5_bot - Execution status=skipped reason=no_closed_bar_crossover
2026-05-06 03:50:24 INFO mt5_bot - Balance=102029.96 Equity=102029.96 Spread=0.20 pips
2026-05-06 03:50:24 INFO mt5_bot - Signal=NONE reason=no_closed_bar_crossover price=None trend=bullish rsi=70.9 atr_pips=6.7 adx=36.3
2026-05-06 03:50:24 INFO mt5_bot - ADX boost: adx=36.3 \u2192 risk_pct=1.88%
2026-05-06 03:50:24 INFO mt5_bot - Execution status=skipped reason=no_closed_bar_crossover
2026-05-06 03:50:39 INFO mt5_bot - Balance=102029.96 Equity=102029.96 Spread=0.20 pips
2026-05-06 03:50:39 INFO mt5_bot - Signal=NONE reason=no_closed_bar_crossover price=None trend=bullish rsi=70.9 atr_pips=6.7 adx=36.3
2026-05-06 03:50:39 INFO mt5_bot - ADX boost: adx=36.3 \u2192 risk_pct=1.88%
2026-05-06 03:50:39 INFO mt5_bot - Execution status=skipped reason=no_closed_bar_crossover
2026-05-06 03:50:54 INFO mt5_bot - Balance=102029.96 Equity=102029.96 Spread=0.20 pips
2026-05-06 03:50:54 INFO mt5_bot - Signal=NONE reason=no_closed_bar_crossover price=None trend=bullish rsi=70.9 atr_pips=6.7 adx=36.3
2026-05-06 03:50:54 INFO mt5_bot - ADX boost: adx=36.3 \u2192 risk_pct=1.88%
2026-05-06 03:50:54 INFO mt5_bot - Execution status=skipped reason=no_closed_bar_crossover
2026-05-06 03:51:09 INFO mt5_bot - Balance=102029.96 Equity=102029.96 Spread=0.20 pips
2026-05-06 03:51:09 INFO mt5_bot - Signal=NONE reason=no_closed_bar_crossover price=None trend=bullish rsi=70.9 atr_pips=6.7 adx=36.3
2026-05-06 03:51:09 INFO mt5_bot - ADX boost: adx=36.3 \u2192 risk_pct=1.88%
2026-05-06 03:51:09 INFO mt5_bot - Execution status=skipped reason=no_closed_bar_crossover
2026-05-06 03:51:24 INFO mt5_bot - Balance=102029.96 Equity=102029.96 Spread=0.20 pips
2026-05-06 03:51:24 INFO mt5_bot - Signal=NONE reason=no_closed_bar_crossover price=None trend=bullish rsi=70.9 atr_pips=6.7 adx=36.3
2026-05-06 03:51:24 INFO mt5_bot - ADX boost: adx=36.3 \u2192 risk_pct=1.88%
2026-05-06 03:51:24 INFO mt5_bot - Execution status=skipped reason=no_closed_bar_crossover
2026-05-06 03:51:39 INFO mt5_bot - Balance=102029.96 Equity=102029.96 Spread=0.20 pips
2026-05-06 03:51:39 INFO mt5_bot - Signal=NONE reason=no_closed_bar_crossover price=None trend=bullish rsi=70.9 atr_pips=6.7 adx=36.3
2026-05-06 03:51:39 INFO mt5_bot - ADX boost: adx=36.3 \u2192 risk_pct=1.88%
2026-05-06 03:51:39 INFO mt5_bot - Execution status=skipped reason=no_closed_bar_crossover
2026-05-06 03:51:54 INFO mt5_bot - Balance=102029.96 Equity=102029.96 Spread=0.20 pips
2026-05-06 03:51:54 INFO mt5_bot - Signal=NONE reason=no_closed_bar_crossover price=None trend=bullish rsi=70.9 atr_pips=6.7 adx=36.3
2026-05-06 03:51:54 INFO mt5_bot - ADX boost: adx=36.3 \u2192 risk_pct=1.88%
2026-05-06 03:51:54 INFO mt5_bot - Execution status=skipped reason=no_closed_bar_crossover
2026-05-06 03:52:09 INFO mt5_bot - Balance=102029.96 Equity=102029.96 Spread=0.20 pips
2026-05-06 03:52:09 INFO mt5_bot - Signal=NONE reason=no_closed_bar_crossover price=None trend=bullish rsi=70.9 atr_pips=6.7 adx=36.3
2026-05-06 03:52:09 INFO mt5_bot - ADX boost: adx=36.3 \u2192 risk_pct=1.88%
2026-05-06 03:52:09 INFO mt5_bot - Execution status=skipped reason=no_closed_bar_crossover
2026-05-06 03:52:24 INFO mt5_bot - Balance=102029.96 Equity=102029.96 Spread=0.20 pips
2026-05-06 03:52:24 INFO mt5_bot - Signal=NONE reason=no_closed_bar_crossover price=None trend=bullish rsi=70.9 atr_pips=6.7 adx=36.3
2026-05-06 03:52:24 INFO mt5_bot - ADX boost: adx=36.3 \u2192 risk_pct=1.88%
2026-05-06 03:52:24 INFO mt5_bot - Execution status=skipped reason=no_closed_bar_crossover
2026-05-06 03:52:39 INFO mt5_bot - Balance=102029.96 Equity=102029.96 Spread=0.20 pips
2026-05-06 03:52:39 INFO mt5_bot - Signal=NONE reason=no_closed_bar_crossover price=None trend=bullish rsi=70.9 atr_pips=6.7 adx=36.3
2026-05-06 03:52:39 INFO mt5_bot - ADX boost: adx=36.3 \u2192 risk_pct=1.88%
2026-05-06 03:52:39 INFO mt5_bot - Execution status=skipped reason=no_closed_bar_crossover
2026-05-06 03:52:54 INFO mt5_bot - Balance=102029.96 Equity=102029.96 Spread=0.20 pips
2026-05-06 03:52:54 INFO mt5_bot - Signal=NONE reason=no_closed_bar_crossover price=None trend=bullish rsi=70.9 atr_pips=6.7 adx=36.3
2026-05-06 03:52:54 INFO mt5_bot - ADX boost: adx=36.3 \u2192 risk_pct=1.88%
2026-05-06 03:52:54 INFO mt5_bot - Execution status=skipped reason=no_closed_bar_crossover
2026-05-06 03:53:09 INFO mt5_bot - Balance=102029.96 Equity=102029.96 Spread=0.60 pips
2026-05-06 03:53:09 INFO mt5_bot - Signal=NONE reason=no_closed_bar_crossover price=None trend=bullish rsi=70.9 atr_pips=6.7 adx=36.3
2026-05-06 03:53:09 INFO mt5_bot - ADX boost: adx=36.3 \u2192 risk_pct=1.88%
2026-05-06 03:53:09 INFO mt5_bot - Execution status=skipped reason=no_closed_bar_crossover
2026-05-06 03:53:24 INFO mt5_bot - Balance=102029.96 Equity=102029.96 Spread=0.60 pips
2026-05-06 03:53:24 INFO mt5_bot - Signal=NONE reason=no_closed_bar_crossover price=None trend=bullish rsi=70.9 atr_pips=6.7 adx=36.3
2026-05-06 03:53:24 INFO mt5_bot - ADX boost: adx=36.3 \u2192 risk_pct=1.88%
2026-05-06 03:53:24 INFO mt5_bot - Execution status=skipped reason=no_closed_bar_crossover
2026-05-06 03:53:39 INFO mt5_bot - Balance=102029.96 Equity=102029.96 Spread=0.20 pips
2026-05-06 03:53:39 INFO mt5_bot - Signal=NONE reason=no_closed_bar_crossover price=None trend=bullish rsi=70.9 atr_pips=6.7 adx=36.3
2026-05-06 03:53:39 INFO mt5_bot - ADX boost: adx=36.3 \u2192 risk_pct=1.88%
2026-05-06 03:53:39 INFO mt5_bot - Execution status=skipped reason=no_closed_bar_crossover
2026-05-06 03:53:54 INFO mt5_bot - Balance=102029.96 Equity=102029.96 Spread=0.20 pips
2026-05-06 03:53:54 INFO mt5_bot - Signal=NONE reason=no_closed_bar_crossover price=None trend=bullish rsi=70.9 atr_pips=6.7 adx=36.3
2026-05-06 03:53:54 INFO mt5_bot - ADX boost: adx=36.3 \u2192 risk_pct=1.88%
2026-05-06 03:53:54 INFO mt5_bot - Execution status=skipped reason=no_closed_bar_crossover
2026-05-06 03:54:09 INFO mt5_bot - Balance=102029.96 Equity=102029.96 Spread=0.20 pips
2026-05-06 03:54:09 INFO mt5_bot - Signal=NONE reason=no_closed_bar_crossover price=None trend=bullish rsi=70.9 atr_pips=6.7 adx=36.3
2026-05-06 03:54:09 INFO mt5_bot - ADX boost: adx=36.3 \u2192 risk_pct=1.88%
2026-05-06 03:54:09 INFO mt5_bot - Execution status=skipped reason=no_closed_bar_crossover
2026-05-06 03:54:24 INFO mt5_bot - Balance=102029.96 Equity=102029.96 Spread=0.50 pips
2026-05-06 03:54:24 INFO mt5_bot - Signal=NONE reason=no_closed_bar_crossover price=None trend=bullish rsi=70.9 atr_pips=6.7 adx=36.3
2026-05-06 03:54:24 INFO mt5_bot - ADX boost: adx=36.3 \u2192 risk_pct=1.88%
2026-05-06 03:54:24 INFO mt5_bot - Execution status=skipped reason=no_closed_bar_crossover
2026-05-06 03:54:39 INFO mt5_bot - Balance=102029.96 Equity=102029.96 Spread=0.20 pips
2026-05-06 03:54:39 INFO mt5_bot - Signal=NONE reason=no_closed_bar_crossover price=None trend=bullish rsi=70.9 atr_pips=6.7 adx=36.3
2026-05-06 03:54:39 INFO mt5_bot - ADX boost: adx=36.3 \u2192 risk_pct=1.88%
2026-05-06 03:54:39 INFO mt5_bot - Execution status=skipped reason=no_closed_bar_crossover
2026-05-06 03:54:54 INFO mt5_bot - Balance=102029.96 Equity=102029.96 Spread=0.20 pips
2026-05-06 03:54:54 INFO mt5_bot - Signal=NONE reason=no_closed_bar_crossover price=None trend=bullish rsi=70.9 atr_pips=6.7 adx=36.3
2026-05-06 03:54:54 INFO mt5_bot - ADX boost: adx=36.3 \u2192 risk_pct=1.88%
2026-05-06 03:54:54 INFO mt5_bot - Execution status=skipped reason=no_closed_bar_crossover
2026-05-06 03:55:09 INFO mt5_bot - Balance=102029.96 Equity=102029.96 Spread=0.20 pips
2026-05-06 03:55:09 INFO mt5_bot - Signal=NONE reason=no_closed_bar_crossover price=None trend=bullish rsi=70.9 atr_pips=6.7 adx=36.3
2026-05-06 03:55:09 INFO mt5_bot - ADX boost: adx=36.3 \u2192 risk_pct=1.88%
2026-05-06 03:55:09 INFO mt5_bot - Execution status=skipped reason=no_closed_bar_crossover
2026-05-06 03:55:24 INFO mt5_bot - Balance=102029.96 Equity=102029.96 Spread=0.20 pips
2026-05-06 03:55:24 INFO mt5_bot - Signal=NONE reason=no_closed_bar_crossover price=None trend=bullish rsi=70.9 atr_pips=6.7 adx=36.3
2026-05-06 03:55:24 INFO mt5_bot - ADX boost: adx=36.3 \u2192 risk_pct=1.88%
2026-05-06 03:55:24 INFO mt5_bot - Execution status=skipped reason=no_closed_bar_crossover
2026-05-06 03:55:39 INFO mt5_bot - Balance=102029.96 Equity=102029.96 Spread=0.20 pips
2026-05-06 03:55:39 INFO mt5_bot - Signal=NONE reason=no_closed_bar_crossover price=None trend=bullish rsi=70.9 atr_pips=6.7 adx=36.3
2026-05-06 03:55:39 INFO mt5_bot - ADX boost: adx=36.3 \u2192 risk_pct=1.88%
2026-05-06 03:55:39 INFO mt5_bot - Execution status=skipped reason=no_closed_bar_crossover
2026-05-06 03:55:54 INFO mt5_bot - Balance=102029.96 Equity=102029.96 Spread=0.20 pips
2026-05-06 03:55:54 INFO mt5_bot - Signal=NONE reason=no_closed_bar_crossover price=None trend=bullish rsi=70.9 atr_pips=6.7 adx=36.3
2026-05-06 03:55:54 INFO mt5_bot - ADX boost: adx=36.3 \u2192 risk_pct=1.88%
2026-05-06 03:55:54 INFO mt5_bot - Execution status=skipped reason=no_closed_bar_crossover
2026-05-06 03:56:09 INFO mt5_bot - Balance=102029.96 Equity=102029.96 Spread=0.20 pips
2026-05-06 03:56:09 INFO mt5_bot - Signal=NONE reason=no_closed_bar_crossover price=None trend=bullish rsi=70.9 atr_pips=6.7 adx=36.3
2026-05-06 03:56:09 INFO mt5_bot - ADX boost: adx=36.3 \u2192 risk_pct=1.88%
2026-05-06 03:56:09 INFO mt5_bot - Execution status=skipped reason=no_closed_bar_crossover
2026-05-06 03:56:24 INFO mt5_bot - Balance=102029.96 Equity=102029.96 Spread=0.20 pips
2026-05-06 03:56:24 INFO mt5_bot - Signal=NONE reason=no_closed_bar_crossover price=None trend=bullish rsi=70.9 atr_pips=6.7 adx=36.3
2026-05-06 03:56:24 INFO mt5_bot - ADX boost: adx=36.3 \u2192 risk_pct=1.88%
2026-05-06 03:56:24 INFO mt5_bot - Execution status=skipped reason=no_closed_bar_crossover
2026-05-06 03:56:39 INFO mt5_bot - Balance=102029.96 Equity=102029.96 Spread=0.20 pips
2026-05-06 03:56:39 INFO mt5_bot - Signal=NONE reason=no_closed_bar_crossover price=None trend=bullish rsi=70.9 atr_pips=6.7 adx=36.3
2026-05-06 03:56:39 INFO mt5_bot - ADX boost: adx=36.3 \u2192 risk_pct=1.88%
2026-05-06 03:56:39 INFO mt5_bot - Execution status=skipped reason=no_closed_bar_crossover
2026-05-06 03:56:54 INFO mt5_bot - Balance=102029.96 Equity=102029.96 Spread=0.60 pips
2026-05-06 03:56:54 INFO mt5_bot - Signal=NONE reason=no_closed_bar_crossover price=None trend=bullish rsi=70.9 atr_pips=6.7 adx=36.3
2026-05-06 03:56:54 INFO mt5_bot - ADX boost: adx=36.3 \u2192 risk_pct=1.88%
2026-05-06 03:56:54 INFO mt5_bot - Execution status=skipped reason=no_closed_bar_crossover
2026-05-06 03:57:10 INFO mt5_bot - Balance=102029.96 Equity=102029.96 Spread=0.20 pips
2026-05-06 03:57:10 INFO mt5_bot - Signal=NONE reason=no_closed_bar_crossover price=None trend=bullish rsi=70.9 atr_pips=6.7 adx=36.3
2026-05-06 03:57:10 INFO mt5_bot - ADX boost: adx=36.3 \u2192 risk_pct=1.88%
2026-05-06 03:57:10 INFO mt5_bot - Execution status=skipped reason=no_closed_bar_crossover
2026-05-06 03:57:25 INFO mt5_bot - Balance=102029.96 Equity=102029.96 Spread=0.20 pips
2026-05-06 03:57:25 INFO mt5_bot - Signal=NONE reason=no_closed_bar_crossover price=None trend=bullish rsi=70.9 atr_pips=6.7 adx=36.3
2026-05-06 03:57:25 INFO mt5_bot - ADX boost: adx=36.3 \u2192 risk_pct=1.88%
2026-05-06 03:57:25 INFO mt5_bot - Execution status=skipped reason=no_closed_bar_crossover
2026-05-06 03:57:40 INFO mt5_bot - Balance=102029.96 Equity=102029.96 Spread=0.20 pips
2026-05-06 03:57:40 INFO mt5_bot - Signal=NONE reason=no_closed_bar_crossover price=None trend=bullish rsi=70.9 atr_pips=6.7 adx=36.3
2026-05-06 03:57:40 INFO mt5_bot - ADX boost: adx=36.3 \u2192 risk_pct=1.88%
2026-05-06 03:57:40 INFO mt5_bot - Execution status=skipped reason=no_closed_bar_crossover
2026-05-06 03:57:55 INFO mt5_bot - Balance=102029.96 Equity=102029.96 Spread=0.20 pips
2026-05-06 03:57:55 INFO mt5_bot - Signal=NONE reason=no_closed_bar_crossover price=None trend=bullish rsi=70.9 atr_pips=6.7 adx=36.3
2026-05-06 03:57:55 INFO mt5_bot - ADX boost: adx=36.3 \u2192 risk_pct=1.88%
2026-05-06 03:57:55 INFO mt5_bot - Execution status=skipped reason=no_closed_bar_crossover
2026-05-06 03:58:10 INFO mt5_bot - Balance=102029.96 Equity=102029.96 Spread=0.20 pips
2026-05-06 03:58:10 INFO mt5_bot - Signal=NONE reason=no_closed_bar_crossover price=None trend=bullish rsi=70.9 atr_pips=6.7 adx=36.3
2026-05-06 03:58:10 INFO mt5_bot - ADX boost: adx=36.3 \u2192 risk_pct=1.88%
2026-05-06 03:58:10 INFO mt5_bot - Execution status=skipped reason=no_closed_bar_crossover
2026-05-06 03:58:25 INFO mt5_bot - Balance=102029.96 Equity=102029.96 Spread=1.40 pips
2026-05-06 03:58:25 INFO mt5_bot - Signal=NONE reason=no_closed_bar_crossover price=None trend=bullish rsi=70.9 atr_pips=6.7 adx=36.3
2026-05-06 03:58:25 INFO mt5_bot - ADX boost: adx=36.3 \u2192 risk_pct=1.88%
2026-05-06 03:58:25 INFO mt5_bot - Execution status=skipped reason=no_closed_bar_crossover
2026-05-06 03:58:40 INFO mt5_bot - Balance=102029.96 Equity=102029.96 Spread=0.20 pips
2026-05-06 03:58:40 INFO mt5_bot - Signal=NONE reason=no_closed_bar_crossover price=None trend=bullish rsi=70.9 atr_pips=6.7 adx=36.3
2026-05-06 03:58:40 INFO mt5_bot - ADX boost: adx=36.3 \u2192 risk_pct=1.88%
2026-05-06 03:58:40 INFO mt5_bot - Execution status=skipped reason=no_closed_bar_crossover
2026-05-06 03:58:55 INFO mt5_bot - Balance=102029.96 Equity=102029.96 Spread=0.20 pips
2026-05-06 03:58:55 INFO mt5_bot - Signal=NONE reason=no_closed_bar_crossover price=None trend=bullish rsi=70.9 atr_pips=6.7 adx=36.3
2026-05-06 03:58:55 INFO mt5_bot - ADX boost: adx=36.3 \u2192 risk_pct=1.88%
2026-05-06 03:58:55 INFO mt5_bot - Execution status=skipped reason=no_closed_bar_crossover
2026-05-06 03:59:10 INFO mt5_bot - Balance=102029.96 Equity=102029.96 Spread=0.20 pips
2026-05-06 03:59:10 INFO mt5_bot - Signal=NONE reason=no_closed_bar_crossover price=None trend=bullish rsi=70.9 atr_pips=6.7 adx=36.3
2026-05-06 03:59:10 INFO mt5_bot - ADX boost: adx=36.3 \u2192 risk_pct=1.88%
2026-05-06 03:59:10 INFO mt5_bot - Execution status=skipped reason=no_closed_bar_crossover
2026-05-06 03:59:25 INFO mt5_bot - Balance=102029.96 Equity=102029.96 Spread=0.20 pips
2026-05-06 03:59:25 INFO mt5_bot - Signal=NONE reason=no_closed_bar_crossover price=None trend=bullish rsi=70.9 atr_pips=6.7 adx=36.3
2026-05-06 03:59:25 INFO mt5_bot - ADX boost: adx=36.3 \u2192 risk_pct=1.88%
2026-05-06 03:59:25 INFO mt5_bot - Execution status=skipped reason=no_closed_bar_crossover
2026-05-06 03:59:40 INFO mt5_bot - Balance=102029.96 Equity=102029.96 Spread=0.20 pips
2026-05-06 03:59:40 INFO mt5_bot - Signal=NONE reason=no_closed_bar_crossover price=None trend=bullish rsi=70.9 atr_pips=6.7 adx=36.3
2026-05-06 03:59:40 INFO mt5_bot - ADX boost: adx=36.3 \u2192 risk_pct=1.88%
2026-05-06 03:59:40 INFO mt5_bot - Execution status=skipped reason=no_closed_bar_crossover
2026-05-06 03:59:55 INFO mt5_bot - Balance=102029.96 Equity=102029.96 Spread=0.20 pips
2026-05-06 03:59:55 INFO mt5_bot - Signal=NONE reason=no_closed_bar_crossover price=None trend=bullish rsi=70.9 atr_pips=6.7 adx=36.3
2026-05-06 03:59:55 INFO mt5_bot - ADX boost: adx=36.3 \u2192 risk_pct=1.88%
2026-05-06 03:59:55 INFO mt5_bot - Execution status=skipped reason=no_closed_bar_crossover
2026-05-06 04:00:10 INFO mt5_bot - Balance=102029.96 Equity=102029.96 Spread=0.20 pips
2026-05-06 04:00:10 INFO mt5_bot.news_filter - news_filter: loaded 115 events from ForexFactory/cache
2026-05-06 04:00:10 INFO mt5_bot - Signal=NONE reason=no_closed_bar_crossover price=None trend=bullish rsi=77.9 atr_pips=7.9 adx=38.6
2026-05-06 04:00:10 INFO mt5_bot - ADX boost: adx=38.6 \u2192 risk_pct=1.88%
2026-05-06 04:00:10 INFO mt5_bot - Execution status=skipped reason=no_closed_bar_crossover
2026-05-06 04:00:25 INFO mt5_bot - Balance=102029.96 Equity=102029.96 Spread=0.20 pips
2026-05-06 04:00:25 INFO mt5_bot - Signal=NONE reason=no_closed_bar_crossover price=None trend=bullish rsi=77.9 atr_pips=7.9 adx=38.6
2026-05-06 04:00:25 INFO mt5_bot - ADX boost: adx=38.6 \u2192 risk_pct=1.88%
2026-05-06 04:00:25 INFO mt5_bot - Execution status=skipped reason=no_closed_bar_crossover
2026-05-06 04:00:40 INFO mt5_bot - Balance=102029.96 Equity=102029.96 Spread=0.20 pips
2026-05-06 04:00:40 INFO mt5_bot - Signal=NONE reason=no_closed_bar_crossover price=None trend=bullish rsi=77.9 atr_pips=7.9 adx=38.6
2026-05-06 04:00:40 INFO mt5_bot - ADX boost: adx=38.6 \u2192 risk_pct=1.88%
2026-05-06 04:00:40 INFO mt5_bot - Execution status=skipped reason=no_closed_bar_crossover
2026-05-06 04:00:55 INFO mt5_bot - Balance=102029.96 Equity=102029.96 Spread=0.20 pips
2026-05-06 04:00:55 INFO mt5_bot - Signal=NONE reason=no_closed_bar_crossover price=None trend=bullish rsi=77.9 atr_pips=7.9 adx=38.6
2026-05-06 04:00:55 INFO mt5_bot - ADX boost: adx=38.6 \u2192 risk_pct=1.88%
2026-05-06 04:00:55 INFO mt5_bot - Execution status=skipped reason=no_closed_bar_crossover
2026-05-06 04:01:10 INFO mt5_bot - Balance=102029.96 Equity=102029.96 Spread=0.20 pips
2026-05-06 04:01:10 INFO mt5_bot - Signal=NONE reason=no_closed_bar_crossover price=None trend=bullish rsi=77.9 atr_pips=7.9 adx=38.6
2026-05-06 04:01:10 INFO mt5_bot - ADX boost: adx=38.6 \u2192 risk_pct=1.88%
2026-05-06 04:01:10 INFO mt5_bot - Execution status=skipped reason=no_closed_bar_crossover
2026-05-06 04:01:25 INFO mt5_bot - Balance=102029.96 Equity=102029.96 Spread=0.20 pips
2026-05-06 04:01:25 INFO mt5_bot - Signal=NONE reason=no_closed_bar_crossover price=None trend=bullish rsi=77.9 atr_pips=7.9 adx=38.6
2026-05-06 04:01:25 INFO mt5_bot - ADX boost: adx=38.6 \u2192 risk_pct=1.88%
2026-05-06 04:01:25 INFO mt5_bot - Execution status=skipped reason=no_closed_bar_crossover
2026-05-06 04:01:40 INFO mt5_bot - Balance=102029.96 Equity=102029.96 Spread=0.20 pips
2026-05-06 04:01:40 INFO mt5_bot - Signal=NONE reason=no_closed_bar_crossover price=None trend=bullish rsi=77.9 atr_pips=7.9 adx=38.6
2026-05-06 04:01:40 INFO mt5_bot - ADX boost: adx=38.6 \u2192 risk_pct=1.88%
2026-05-06 04:01:40 INFO mt5_bot - Execution status=skipped reason=no_closed_bar_crossover
2026-05-06 04:01:55 INFO mt5_bot - Balance=102029.96 Equity=102029.96 Spread=0.20 pips
2026-05-06 04:01:55 INFO mt5_bot - Signal=NONE reason=no_closed_bar_crossover price=None trend=bullish rsi=77.9 atr_pips=7.9 adx=38.6
2026-05-06 04:01:55 INFO mt5_bot - ADX boost: adx=38.6 \u2192 risk_pct=1.88%
2026-05-06 04:01:55 INFO mt5_bot - Execution status=skipped reason=no_closed_bar_crossover
2026-05-06 04:02:10 INFO mt5_bot - Balance=102029.96 Equity=102029.96 Spread=0.20 pips
2026-05-06 04:02:10 INFO mt5_bot - Signal=NONE reason=no_closed_bar_crossover price=None trend=bullish rsi=77.9 atr_pips=7.9 adx=38.6
2026-05-06 04:02:10 INFO mt5_bot - ADX boost: adx=38.6 \u2192 risk_pct=1.88%
2026-05-06 04:02:10 INFO mt5_bot - Execution status=skipped reason=no_closed_bar_crossover
2026-05-06 04:02:25 INFO mt5_bot - Balance=102029.96 Equity=102029.96 Spread=0.20 pips
2026-05-06 04:02:25 INFO mt5_bot - Signal=NONE reason=no_closed_bar_crossover price=None trend=bullish rsi=77.9 atr_pips=7.9 adx=38.6
2026-05-06 04:02:25 INFO mt5_bot - ADX boost: adx=38.6 \u2192 risk_pct=1.88%
2026-05-06 04:02:25 INFO mt5_bot - Execution status=skipped reason=no_closed_bar_crossover
2026-05-06 04:02:40 INFO mt5_bot - Balance=102029.96 Equity=102029.96 Spread=0.20 pips
2026-05-06 04:02:40 INFO mt5_bot - Signal=NONE reason=no_closed_bar_crossover price=None trend=bullish rsi=77.9 atr_pips=7.9 adx=38.6
2026-05-06 04:02:40 INFO mt5_bot - ADX boost: adx=38.6 \u2192 risk_pct=1.88%
2026-05-06 04:02:40 INFO mt5_bot - Execution status=skipped reason=no_closed_bar_crossover
2026-05-06 04:02:55 INFO mt5_bot - Balance=102029.96 Equity=102029.96 Spread=0.60 pips
2026-05-06 04:02:55 INFO mt5_bot - Signal=NONE reason=no_closed_bar_crossover price=None trend=bullish rsi=77.9 atr_pips=7.9 adx=38.6
2026-05-06 04:02:55 INFO mt5_bot - ADX boost: adx=38.6 \u2192 risk_pct=1.88%
2026-05-06 04:02:55 INFO mt5_bot - Execution status=skipped reason=no_closed_bar_crossover
2026-05-06 04:03:10 INFO mt5_bot - Balance=102029.96 Equity=102029.96 Spread=0.20 pips
2026-05-06 04:03:10 INFO mt5_bot - Signal=NONE reason=no_closed_bar_crossover price=None trend=bullish rsi=77.9 atr_pips=7.9 adx=38.6
2026-05-06 04:03:10 INFO mt5_bot - ADX boost: adx=38.6 \u2192 risk_pct=1.88%
2026-05-06 04:03:10 INFO mt5_bot - Execution status=skipped reason=no_closed_bar_crossover
2026-05-06 04:03:25 INFO mt5_bot - Balance=102029.96 Equity=102029.96 Spread=0.20 pips
2026-05-06 04:03:25 INFO mt5_bot - Signal=NONE reason=no_closed_bar_crossover price=None trend=bullish rsi=77.9 atr_pips=7.9 adx=38.6
2026-05-06 04:03:25 INFO mt5_bot - ADX boost: adx=38.6 \u2192 risk_pct=1.88%
2026-05-06 04:03:25 INFO mt5_bot - Execution status=skipped reason=no_closed_bar_crossover
2026-05-06 04:03:40 INFO mt5_bot - Balance=102029.96 Equity=102029.96 Spread=0.20 pips
2026-05-06 04:03:40 INFO mt5_bot - Signal=NONE reason=no_closed_bar_crossover price=None trend=bullish rsi=77.9 atr_pips=7.9 adx=38.6
2026-05-06 04:03:40 INFO mt5_bot - ADX boost: adx=38.6 \u2192 risk_pct=1.88%
2026-05-06 04:03:40 INFO mt5_bot - Execution status=skipped reason=no_closed_bar_crossover
2026-05-06 04:03:55 INFO mt5_bot - Balance=102029.96 Equity=102029.96 Spread=0.20 pips
2026-05-06 04:03:55 INFO mt5_bot - Signal=NONE reason=no_closed_bar_crossover price=None trend=bullish rsi=77.9 atr_pips=7.9 adx=38.6
2026-05-06 04:03:55 INFO mt5_bot - ADX boost: adx=38.6 \u2192 risk_pct=1.88%
2026-05-06 04:03:55 INFO mt5_bot - Execution status=skipped reason=no_closed_bar_crossover
2026-05-06 04:04:10 INFO mt5_bot - Balance=102029.96 Equity=102029.96 Spread=0.20 pips
2026-05-06 04:04:10 INFO mt5_bot - Signal=NONE reason=no_closed_bar_crossover price=None trend=bullish rsi=77.9 atr_pips=7.9 adx=38.6
2026-05-06 04:04:10 INFO mt5_bot - ADX boost: adx=38.6 \u2192 risk_pct=1.88%
2026-05-06 04:04:10 INFO mt5_bot - Execution status=skipped reason=no_closed_bar_crossover
2026-05-06 04:04:25 INFO mt5_bot - Balance=102029.96 Equity=102029.96 Spread=0.20 pips
2026-05-06 04:04:25 INFO mt5_bot - Signal=NONE reason=no_closed_bar_crossover price=None trend=bullish rsi=77.9 atr_pips=7.9 adx=38.6
2026-05-06 04:04:25 INFO mt5_bot - ADX boost: adx=38.6 \u2192 risk_pct=1.88%
2026-05-06 04:04:25 INFO mt5_bot - Execution status=skipped reason=no_closed_bar_crossover
2026-05-06 04:04:40 INFO mt5_bot - Balance=102029.96 Equity=102029.96 Spread=0.20 pips
2026-05-06 04:04:40 INFO mt5_bot - Signal=NONE reason=no_closed_bar_crossover price=None trend=bullish rsi=77.9 atr_pips=7.9 adx=38.6
2026-05-06 04:04:40 INFO mt5_bot - ADX boost: adx=38.6 \u2192 risk_pct=1.88%
2026-05-06 04:04:40 INFO mt5_bot - Execution status=skipped reason=no_closed_bar_crossover
2026-05-06 04:04:55 INFO mt5_bot - Balance=102029.96 Equity=102029.96 Spread=0.80 pips
2026-05-06 04:04:55 INFO mt5_bot - Signal=NONE reason=no_closed_bar_crossover price=None trend=bullish rsi=77.9 atr_pips=7.9 adx=38.6
2026-05-06 04:04:55 INFO mt5_bot - ADX boost: adx=38.6 \u2192 risk_pct=1.88%
2026-05-06 04:04:55 INFO mt5_bot - Execution status=skipped reason=no_closed_bar_crossover
2026-05-06 04:05:10 INFO mt5_bot - Balance=102029.96 Equity=102029.96 Spread=0.40 pips
2026-05-06 04:05:10 INFO mt5_bot - Signal=NONE reason=no_closed_bar_crossover price=None trend=bullish rsi=77.9 atr_pips=7.9 adx=38.6
2026-05-06 04:05:10 INFO mt5_bot - ADX boost: adx=38.6 \u2192 risk_pct=1.88%
2026-05-06 04:05:10 INFO mt5_bot - Execution status=skipped reason=no_closed_bar_crossover
2026-05-06 04:05:25 INFO mt5_bot - Balance=102029.96 Equity=102029.96 Spread=0.50 pips
2026-05-06 04:05:25 INFO mt5_bot - Signal=NONE reason=no_closed_bar_crossover price=None trend=bullish rsi=77.9 atr_pips=7.9 adx=38.6
2026-05-06 04:05:25 INFO mt5_bot - ADX boost: adx=38.6 \u2192 risk_pct=1.88%
2026-05-06 04:05:25 INFO mt5_bot - Execution status=skipped reason=no_closed_bar_crossover
2026-05-06 04:05:40 INFO mt5_bot - Balance=102029.96 Equity=102029.96 Spread=0.20 pips
2026-05-06 04:05:40 INFO mt5_bot - Signal=NONE reason=no_closed_bar_crossover price=None trend=bullish rsi=77.9 atr_pips=7.9 adx=38.6
2026-05-06 04:05:40 INFO mt5_bot - ADX boost: adx=38.6 \u2192 risk_pct=1.88%
2026-05-06 04:05:40 INFO mt5_bot - Execution status=skipped reason=no_closed_bar_crossover
2026-05-06 04:05:55 INFO mt5_bot - Balance=102029.96 Equity=102029.96 Spread=0.20 pips
2026-05-06 04:05:55 INFO mt5_bot - Signal=NONE reason=no_closed_bar_crossover price=None trend=bullish rsi=77.9 atr_pips=7.9 adx=38.6
2026-05-06 04:05:55 INFO mt5_bot - ADX boost: adx=38.6 \u2192 risk_pct=1.88%
2026-05-06 04:05:55 INFO mt5_bot - Execution status=skipped reason=no_closed_bar_crossover
2026-05-06 04:06:10 INFO mt5_bot - Balance=102029.96 Equity=102029.96 Spread=0.20 pips
2026-05-06 04:06:10 INFO mt5_bot - Signal=NONE reason=no_closed_bar_crossover price=None trend=bullish rsi=77.9 atr_pips=7.9 adx=38.6
2026-05-06 04:06:10 INFO mt5_bot - ADX boost: adx=38.6 \u2192 risk_pct=1.88%
2026-05-06 04:06:10 INFO mt5_bot - Execution status=skipped reason=no_closed_bar_crossover
2026-05-06 04:06:25 INFO mt5_bot - Balance=102029.96 Equity=102029.96 Spread=0.20 pips
2026-05-06 04:06:25 INFO mt5_bot - Signal=NONE reason=no_closed_bar_crossover price=None trend=bullish rsi=77.9 atr_pips=7.9 adx=38.6
2026-05-06 04:06:25 INFO mt5_bot - ADX boost: adx=38.6 \u2192 risk_pct=1.88%
2026-05-06 04:06:25 INFO mt5_bot - Execution status=skipped reason=no_closed_bar_crossover
2026-05-06 04:06:40 INFO mt5_bot - Balance=102029.96 Equity=102029.96 Spread=0.20 pips
2026-05-06 04:06:40 INFO mt5_bot - Signal=NONE reason=no_closed_bar_crossover price=None trend=bullish rsi=77.9 atr_pips=7.9 adx=38.6
2026-05-06 04:06:40 INFO mt5_bot - ADX boost: adx=38.6 \u2192 risk_pct=1.88%
2026-05-06 04:06:40 INFO mt5_bot - Execution status=skipped reason=no_closed_bar_crossover
2026-05-06 04:06:55 INFO mt5_bot - Balance=102029.96 Equity=102029.96 Spread=0.20 pips
2026-05-06 04:06:55 INFO mt5_bot - Signal=NONE reason=no_closed_bar_crossover price=None trend=bullish rsi=77.9 atr_pips=7.9 adx=38.6
2026-05-06 04:06:55 INFO mt5_bot - ADX boost: adx=38.6 \u2192 risk_pct=1.88%
2026-05-06 04:06:55 INFO mt5_bot - Execution status=skipped reason=no_closed_bar_crossover
2026-05-06 04:07:10 INFO mt5_bot - Balance=102029.96 Equity=102029.96 Spread=0.20 pips
2026-05-06 04:07:10 INFO mt5_bot - Signal=NONE reason=no_closed_bar_crossover price=None trend=bullish rsi=77.9 atr_pips=7.9 adx=38.6
2026-05-06 04:07:10 INFO mt5_bot - ADX boost: adx=38.6 \u2192 risk_pct=1.88%
2026-05-06 04:07:10 INFO mt5_bot - Execution status=skipped reason=no_closed_bar_crossover
2026-05-06 04:07:25 INFO mt5_bot - Balance=102029.96 Equity=102029.96 Spread=0.20 pips
2026-05-06 04:07:25 INFO mt5_bot - Signal=NONE reason=no_closed_bar_crossover price=None trend=bullish rsi=77.9 atr_pips=7.9 adx=38.6
2026-05-06 04:07:25 INFO mt5_bot - ADX boost: adx=38.6 \u2192 risk_pct=1.88%
2026-05-06 04:07:25 INFO mt5_bot - Execution status=skipped reason=no_closed_bar_crossover
2026-05-06 04:07:40 INFO mt5_bot - Balance=102029.96 Equity=102029.96 Spread=0.20 pips
2026-05-06 04:07:40 INFO mt5_bot - Signal=NONE reason=no_closed_bar_crossover price=None trend=bullish rsi=77.9 atr_pips=7.9 adx=38.6
2026-05-06 04:07:40 INFO mt5_bot - ADX boost: adx=38.6 \u2192 risk_pct=1.88%
2026-05-06 04:07:40 INFO mt5_bot - Execution status=skipped reason=no_closed_bar_crossover
2026-05-06 04:07:55 INFO mt5_bot - Balance=102029.96 Equity=102029.96 Spread=0.20 pips
2026-05-06 04:07:55 INFO mt5_bot - Signal=NONE reason=no_closed_bar_crossover price=None trend=bullish rsi=77.9 atr_pips=7.9 adx=38.6
2026-05-06 04:07:55 INFO mt5_bot - ADX boost: adx=38.6 \u2192 risk_pct=1.88%
2026-05-06 04:07:55 INFO mt5_bot - Execution status=skipped reason=no_closed_bar_crossover
2026-05-06 04:08:10 INFO mt5_bot - Balance=102029.96 Equity=102029.96 Spread=0.20 pips
2026-05-06 04:08:10 INFO mt5_bot - Signal=NONE reason=no_closed_bar_crossover price=None trend=bullish rsi=77.9 atr_pips=7.9 adx=38.6
2026-05-06 04:08:10 INFO mt5_bot - ADX boost: adx=38.6 \u2192 risk_pct=1.88%
2026-05-06 04:08:10 INFO mt5_bot - Execution status=skipped reason=no_closed_bar_crossover
2026-05-06 04:08:25 INFO mt5_bot - Balance=102029.96 Equity=102029.96 Spread=0.20 pips
2026-05-06 04:08:25 INFO mt5_bot - Signal=NONE reason=no_closed_bar_crossover price=None trend=bullish rsi=77.9 atr_pips=7.9 adx=38.6
2026-05-06 04:08:25 INFO mt5_bot - ADX boost: adx=38.6 \u2192 risk_pct=1.88%
2026-05-06 04:08:25 INFO mt5_bot - Execution status=skipped reason=no_closed_bar_crossover
2026-05-06 04:08:40 INFO mt5_bot - Balance=102029.96 Equity=102029.96 Spread=0.20 pips
2026-05-06 04:08:40 INFO mt5_bot - Signal=NONE reason=no_closed_bar_crossover price=None trend=bullish rsi=77.9 atr_pips=7.9 adx=38.6
2026-05-06 04:08:40 INFO mt5_bot - ADX boost: adx=38.6 \u2192 risk_pct=1.88%
2026-05-06 04:08:40 INFO mt5_bot - Execution status=skipped reason=no_closed_bar_crossover
2026-05-06 04:08:55 INFO mt5_bot - Balance=102029.96 Equity=102029.96 Spread=0.20 pips
2026-05-06 04:08:55 INFO mt5_bot - Signal=NONE reason=no_closed_bar_crossover price=None trend=bullish rsi=77.9 atr_pips=7.9 adx=38.6
2026-05-06 04:08:55 INFO mt5_bot - ADX boost: adx=38.6 \u2192 risk_pct=1.88%
2026-05-06 04:08:55 INFO mt5_bot - Execution status=skipped reason=no_closed_bar_crossover
2026-05-06 04:09:10 INFO mt5_bot - Balance=102029.96 Equity=102029.96 Spread=0.20 pips
2026-05-06 04:09:10 INFO mt5_bot - Signal=NONE reason=no_closed_bar_crossover price=None trend=bullish rsi=77.9 atr_pips=7.9 adx=38.6
2026-05-06 04:09:10 INFO mt5_bot - ADX boost: adx=38.6 \u2192 risk_pct=1.88%
2026-05-06 04:09:10 INFO mt5_bot - Execution status=skipped reason=no_closed_bar_crossover
2026-05-06 04:09:25 INFO mt5_bot - Balance=102029.96 Equity=102029.96 Spread=0.20 pips
2026-05-06 04:09:25 INFO mt5_bot - Signal=NONE reason=no_closed_bar_crossover price=None trend=bullish rsi=77.9 atr_pips=7.9 adx=38.6
2026-05-06 04:09:25 INFO mt5_bot - ADX boost: adx=38.6 \u2192 risk_pct=1.88%
2026-05-06 04:09:25 INFO mt5_bot - Execution status=skipped reason=no_closed_bar_crossover
2026-05-06 04:09:40 INFO mt5_bot - Balance=102029.96 Equity=102029.96 Spread=0.20 pips
2026-05-06 04:09:40 INFO mt5_bot - Signal=NONE reason=no_closed_bar_crossover price=None trend=bullish rsi=77.9 atr_pips=7.9 adx=38.6
2026-05-06 04:09:40 INFO mt5_bot - ADX boost: adx=38.6 \u2192 risk_pct=1.88%
2026-05-06 04:09:40 INFO mt5_bot - Execution status=skipped reason=no_closed_bar_crossover
2026-05-06 04:09:55 INFO mt5_bot - Balance=102029.96 Equity=102029.96 Spread=0.80 pips
2026-05-06 04:09:56 INFO mt5_bot - Signal=NONE reason=no_closed_bar_crossover price=None trend=bullish rsi=77.9 atr_pips=7.9 adx=38.6
2026-05-06 04:09:56 INFO mt5_bot - ADX boost: adx=38.6 \u2192 risk_pct=1.88%
2026-05-06 04:09:56 INFO mt5_bot - Execution status=skipped reason=no_closed_bar_crossover
2026-05-06 04:10:11 INFO mt5_bot - Balance=102029.96 Equity=102029.96 Spread=0.20 pips
2026-05-06 04:10:11 INFO mt5_bot - Signal=NONE reason=no_closed_bar_crossover price=None trend=bullish rsi=77.9 atr_pips=7.9 adx=38.6
2026-05-06 04:10:11 INFO mt5_bot - ADX boost: adx=38.6 \u2192 risk_pct=1.88%
2026-05-06 04:10:11 INFO mt5_bot - Execution status=skipped reason=no_closed_bar_crossover
2026-05-06 04:10:26 INFO mt5_bot - Balance=102029.96 Equity=102029.96 Spread=0.20 pips
2026-05-06 04:10:26 INFO mt5_bot - Signal=NONE reason=no_closed_bar_crossover price=None trend=bullish rsi=77.9 atr_pips=7.9 adx=38.6
2026-05-06 04:10:26 INFO mt5_bot - ADX boost: adx=38.6 \u2192 risk_pct=1.88%
2026-05-06 04:10:26 INFO mt5_bot - Execution status=skipped reason=no_closed_bar_crossover
2026-05-06 04:10:41 INFO mt5_bot - Balance=102029.96 Equity=102029.96 Spread=0.60 pips
2026-05-06 04:10:41 INFO mt5_bot - Signal=NONE reason=no_closed_bar_crossover price=None trend=bullish rsi=77.9 atr_pips=7.9 adx=38.6
2026-05-06 04:10:41 INFO mt5_bot - ADX boost: adx=38.6 \u2192 risk_pct=1.88%
2026-05-06 04:10:41 INFO mt5_bot - Execution status=skipped reason=no_closed_bar_crossover
2026-05-06 04:10:56 INFO mt5_bot - Balance=102029.96 Equity=102029.96 Spread=0.20 pips
2026-05-06 04:10:56 INFO mt5_bot - Signal=NONE reason=no_closed_bar_crossover price=None trend=bullish rsi=77.9 atr_pips=7.9 adx=38.6
2026-05-06 04:10:56 INFO mt5_bot - ADX boost: adx=38.6 \u2192 risk_pct=1.88%
2026-05-06 04:10:56 INFO mt5_bot - Execution status=skipped reason=no_closed_bar_crossover
2026-05-06 04:11:11 INFO mt5_bot - Balance=102029.96 Equity=102029.96 Spread=0.20 pips
2026-05-06 04:11:11 INFO mt5_bot - Signal=NONE reason=no_closed_bar_crossover price=None trend=bullish rsi=77.9 atr_pips=7.9 adx=38.6
2026-05-06 04:11:11 INFO mt5_bot - ADX boost: adx=38.6 \u2192 risk_pct=1.88%
2026-05-06 04:11:11 INFO mt5_bot - Execution status=skipped reason=no_closed_bar_crossover
2026-05-06 04:11:26 INFO mt5_bot - Balance=102029.96 Equity=102029.96 Spread=0.20 pips
2026-05-06 04:11:26 INFO mt5_bot - Signal=NONE reason=no_closed_bar_crossover price=None trend=bullish rsi=77.9 atr_pips=7.9 adx=38.6
2026-05-06 04:11:26 INFO mt5_bot - ADX boost: adx=38.6 \u2192 risk_pct=1.88%
2026-05-06 04:11:26 INFO mt5_bot - Execution status=skipped reason=no_closed_bar_crossover
2026-05-06 04:11:41 INFO mt5_bot - Balance=102029.96 Equity=102029.96 Spread=0.20 pips
2026-05-06 04:11:41 INFO mt5_bot - Signal=NONE reason=no_closed_bar_crossover price=None trend=bullish rsi=77.9 atr_pips=7.9 adx=38.6
2026-05-06 04:11:41 INFO mt5_bot - ADX boost: adx=38.6 \u2192 risk_pct=1.88%
2026-05-06 04:11:41 INFO mt5_bot - Execution status=skipped reason=no_closed_bar_crossover
2026-05-06 04:11:56 INFO mt5_bot - Balance=102029.96 Equity=102029.96 Spread=0.20 pips
2026-05-06 04:11:56 INFO mt5_bot - Signal=NONE reason=no_closed_bar_crossover price=None trend=bullish rsi=77.9 atr_pips=7.9 adx=38.6
2026-05-06 04:11:56 INFO mt5_bot - ADX boost: adx=38.6 \u2192 risk_pct=1.88%
2026-05-06 04:11:56 INFO mt5_bot - Execution status=skipped reason=no_closed_bar_crossover
2026-05-06 04:12:11 INFO mt5_bot - Balance=102029.96 Equity=102029.96 Spread=0.20 pips
2026-05-06 04:12:11 INFO mt5_bot - Signal=NONE reason=no_closed_bar_crossover price=None trend=bullish rsi=77.9 atr_pips=7.9 adx=38.6
2026-05-06 04:12:11 INFO mt5_bot - ADX boost: adx=38.6 \u2192 risk_pct=1.88%
2026-05-06 04:12:11 INFO mt5_bot - Execution status=skipped reason=no_closed_bar_crossover
2026-05-06 04:12:26 INFO mt5_bot - Balance=102029.96 Equity=102029.96 Spread=0.20 pips
2026-05-06 04:12:26 INFO mt5_bot - Signal=NONE reason=no_closed_bar_crossover price=None trend=bullish rsi=77.9 atr_pips=7.9 adx=38.6
2026-05-06 04:12:26 INFO mt5_bot - ADX boost: adx=38.6 \u2192 risk_pct=1.88%
2026-05-06 04:12:26 INFO mt5_bot - Execution status=skipped reason=no_closed_bar_crossover
2026-05-06 04:12:41 INFO mt5_bot - Balance=102029.96 Equity=102029.96 Spread=0.20 pips
2026-05-06 04:12:41 INFO mt5_bot - Signal=NONE reason=no_closed_bar_crossover price=None trend=bullish rsi=77.9 atr_pips=7.9 adx=38.6
2026-05-06 04:12:41 INFO mt5_bot - ADX boost: adx=38.6 \u2192 risk_pct=1.88%
2026-05-06 04:12:41 INFO mt5_bot - Execution status=skipped reason=no_closed_bar_crossover
2026-05-06 04:12:56 INFO mt5_bot - Balance=102029.96 Equity=102029.96 Spread=0.20 pips
2026-05-06 04:12:56 INFO mt5_bot - Signal=NONE reason=no_closed_bar_crossover price=None trend=bullish rsi=77.9 atr_pips=7.9 adx=38.6
2026-05-06 04:12:56 INFO mt5_bot - ADX boost: adx=38.6 \u2192 risk_pct=1.88%
2026-05-06 04:12:56 INFO mt5_bot - Execution status=skipped reason=no_closed_bar_crossover
2026-05-06 04:13:11 INFO mt5_bot - Balance=102029.96 Equity=102029.96 Spread=0.20 pips
2026-05-06 04:13:11 INFO mt5_bot - Signal=NONE reason=no_closed_bar_crossover price=None trend=bullish rsi=77.9 atr_pips=7.9 adx=38.6
2026-05-06 04:13:11 INFO mt5_bot - ADX boost: adx=38.6 \u2192 risk_pct=1.88%
2026-05-06 04:13:11 INFO mt5_bot - Execution status=skipped reason=no_closed_bar_crossover
2026-05-06 04:13:26 INFO mt5_bot - Balance=102029.96 Equity=102029.96 Spread=0.90 pips
2026-05-06 04:13:26 INFO mt5_bot - Signal=NONE reason=no_closed_bar_crossover price=None trend=bullish rsi=77.9 atr_pips=7.9 adx=38.6
2026-05-06 04:13:26 INFO mt5_bot - ADX boost: adx=38.6 \u2192 risk_pct=1.88%
2026-05-06 04:13:26 INFO mt5_bot - Execution status=skipped reason=no_closed_bar_crossover
2026-05-06 04:13:41 INFO mt5_bot - Balance=102029.96 Equity=102029.96 Spread=0.40 pips
2026-05-06 04:13:41 INFO mt5_bot - Signal=NONE reason=no_closed_bar_crossover price=None trend=bullish rsi=77.9 atr_pips=7.9 adx=38.6
2026-05-06 04:13:41 INFO mt5_bot - ADX boost: adx=38.6 \u2192 risk_pct=1.88%
2026-05-06 04:13:41 INFO mt5_bot - Execution status=skipped reason=no_closed_bar_crossover
2026-05-06 04:13:56 INFO mt5_bot - Balance=102029.96 Equity=102029.96 Spread=0.20 pips
2026-05-06 04:13:56 INFO mt5_bot - Signal=NONE reason=no_closed_bar_crossover price=None trend=bullish rsi=77.9 atr_pips=7.9 adx=38.6
2026-05-06 04:13:56 INFO mt5_bot - ADX boost: adx=38.6 \u2192 risk_pct=1.88%
2026-05-06 04:13:56 INFO mt5_bot - Execution status=skipped reason=no_closed_bar_crossover
2026-05-06 04:14:11 INFO mt5_bot - Balance=102029.96 Equity=102029.96 Spread=0.20 pips
2026-05-06 04:14:11 INFO mt5_bot - Signal=NONE reason=no_closed_bar_crossover price=None trend=bullish rsi=77.9 atr_pips=7.9 adx=38.6
2026-05-06 04:14:11 INFO mt5_bot - ADX boost: adx=38.6 \u2192 risk_pct=1.88%
2026-05-06 04:14:11 INFO mt5_bot - Execution status=skipped reason=no_closed_bar_crossover
2026-05-06 04:14:26 INFO mt5_bot - Balance=102029.96 Equity=102029.96 Spread=0.20 pips
2026-05-06 04:14:26 INFO mt5_bot - Signal=NONE reason=no_closed_bar_crossover price=None trend=bullish rsi=77.9 atr_pips=7.9 adx=38.6
2026-05-06 04:14:26 INFO mt5_bot - ADX boost: adx=38.6 \u2192 risk_pct=1.88%
2026-05-06 04:14:26 INFO mt5_bot - Execution status=skipped reason=no_closed_bar_crossover
2026-05-06 04:14:41 INFO mt5_bot - Balance=102029.96 Equity=102029.96 Spread=0.20 pips
2026-05-06 04:14:41 INFO mt5_bot - Signal=NONE reason=no_closed_bar_crossover price=None trend=bullish rsi=77.9 atr_pips=7.9 adx=38.6
2026-05-06 04:14:41 INFO mt5_bot - ADX boost: adx=38.6 \u2192 risk_pct=1.88%
2026-05-06 04:14:41 INFO mt5_bot - Execution status=skipped reason=no_closed_bar_crossover
2026-05-06 04:14:56 INFO mt5_bot - Balance=102029.96 Equity=102029.96 Spread=0.90 pips
2026-05-06 04:14:56 INFO mt5_bot - Signal=NONE reason=no_closed_bar_crossover price=None trend=bullish rsi=77.9 atr_pips=7.9 adx=38.6
2026-05-06 04:14:56 INFO mt5_bot - ADX boost: adx=38.6 \u2192 risk_pct=1.88%
2026-05-06 04:14:56 INFO mt5_bot - Execution status=skipped reason=no_closed_bar_crossover
2026-05-06 04:15:11 INFO mt5_bot - Balance=102029.96 Equity=102029.96 Spread=0.20 pips
2026-05-06 04:15:11 INFO mt5_bot - Signal=NONE reason=no_closed_bar_crossover price=None trend=bullish rsi=74.2 atr_pips=8.0 adx=40.7
2026-05-06 04:15:11 INFO mt5_bot - ADX boost: adx=40.7 \u2192 risk_pct=1.88%
2026-05-06 04:15:11 INFO mt5_bot - Execution status=skipped reason=no_closed_bar_crossover
2026-05-06 04:15:26 INFO mt5_bot - Balance=102029.96 Equity=102029.96 Spread=0.20 pips
2026-05-06 04:15:26 INFO mt5_bot - Signal=NONE reason=no_closed_bar_crossover price=None trend=bullish rsi=74.2 atr_pips=8.0 adx=40.7
2026-05-06 04:15:26 INFO mt5_bot - ADX boost: adx=40.7 \u2192 risk_pct=1.88%
2026-05-06 04:15:26 INFO mt5_bot - Execution status=skipped reason=no_closed_bar_crossover
2026-05-06 04:15:41 INFO mt5_bot - Balance=102029.96 Equity=102029.96 Spread=0.20 pips
2026-05-06 04:15:41 INFO mt5_bot - Signal=NONE reason=no_closed_bar_crossover price=None trend=bullish rsi=74.2 atr_pips=8.0 adx=40.7
2026-05-06 04:15:41 INFO mt5_bot - ADX boost: adx=40.7 \u2192 risk_pct=1.88%
2026-05-06 04:15:41 INFO mt5_bot - Execution status=skipped reason=no_closed_bar_crossover
2026-05-06 04:15:56 INFO mt5_bot - Balance=102029.96 Equity=102029.96 Spread=0.20 pips
2026-05-06 04:15:56 INFO mt5_bot - Signal=NONE reason=no_closed_bar_crossover price=None trend=bullish rsi=74.2 atr_pips=8.0 adx=40.7
2026-05-06 04:15:56 INFO mt5_bot - ADX boost: adx=40.7 \u2192 risk_pct=1.88%
2026-05-06 04:15:56 INFO mt5_bot - Execution status=skipped reason=no_closed_bar_crossover
2026-05-06 04:16:11 INFO mt5_bot - Balance=102029.96 Equity=102029.96 Spread=0.20 pips
2026-05-06 04:16:11 INFO mt5_bot - Signal=NONE reason=no_closed_bar_crossover price=None trend=bullish rsi=74.2 atr_pips=8.0 adx=40.7
2026-05-06 04:16:11 INFO mt5_bot - ADX boost: adx=40.7 \u2192 risk_pct=1.88%
2026-05-06 04:16:11 INFO mt5_bot - Execution status=skipped reason=no_closed_bar_crossover
2026-05-06 04:16:26 INFO mt5_bot - Balance=102029.96 Equity=102029.96 Spread=0.20 pips
2026-05-06 04:16:26 INFO mt5_bot - Signal=NONE reason=no_closed_bar_crossover price=None trend=bullish rsi=74.2 atr_pips=8.0 adx=40.7
2026-05-06 04:16:26 INFO mt5_bot - ADX boost: adx=40.7 \u2192 risk_pct=1.88%
2026-05-06 04:16:26 INFO mt5_bot - Execution status=skipped reason=no_closed_bar_crossover
2026-05-06 04:16:41 INFO mt5_bot - Balance=102029.96 Equity=102029.96 Spread=0.20 pips
2026-05-06 04:16:41 INFO mt5_bot - Signal=NONE reason=no_closed_bar_crossover price=None trend=bullish rsi=74.2 atr_pips=8.0 adx=40.7
2026-05-06 04:16:41 INFO mt5_bot - ADX boost: adx=40.7 \u2192 risk_pct=1.88%
2026-05-06 04:16:41 INFO mt5_bot - Execution status=skipped reason=no_closed_bar_crossover
2026-05-06 04:16:56 INFO mt5_bot - Balance=102029.96 Equity=102029.96 Spread=0.20 pips
2026-05-06 04:16:56 INFO mt5_bot - Signal=NONE reason=no_closed_bar_crossover price=None trend=bullish rsi=74.2 atr_pips=8.0 adx=40.7
2026-05-06 04:16:56 INFO mt5_bot - ADX boost: adx=40.7 \u2192 risk_pct=1.88%
2026-05-06 04:16:56 INFO mt5_bot - Execution status=skipped reason=no_closed_bar_crossover
2026-05-06 04:17:11 INFO mt5_bot - Balance=102029.96 Equity=102029.96 Spread=0.20 pips
2026-05-06 04:17:11 INFO mt5_bot - Signal=NONE reason=no_closed_bar_crossover price=None trend=bullish rsi=74.2 atr_pips=8.0 adx=40.7
2026-05-06 04:17:11 INFO mt5_bot - ADX boost: adx=40.7 \u2192 risk_pct=1.88%
2026-05-06 04:17:11 INFO mt5_bot - Execution status=skipped reason=no_closed_bar_crossover
2026-05-06 04:17:26 INFO mt5_bot - Balance=102029.96 Equity=102029.96 Spread=0.20 pips
2026-05-06 04:17:26 INFO mt5_bot - Signal=NONE reason=no_closed_bar_crossover price=None trend=bullish rsi=74.2 atr_pips=8.0 adx=40.7
2026-05-06 04:17:26 INFO mt5_bot - ADX boost: adx=40.7 \u2192 risk_pct=1.88%
2026-05-06 04:17:26 INFO mt5_bot - Execution status=skipped reason=no_closed_bar_crossover
2026-05-06 04:17:41 INFO mt5_bot - Balance=102029.96 Equity=102029.96 Spread=0.20 pips
2026-05-06 04:17:41 INFO mt5_bot - Signal=NONE reason=no_closed_bar_crossover price=None trend=bullish rsi=74.2 atr_pips=8.0 adx=40.7
2026-05-06 04:17:41 INFO mt5_bot - ADX boost: adx=40.7 \u2192 risk_pct=1.88%
2026-05-06 04:17:41 INFO mt5_bot - Execution status=skipped reason=no_closed_bar_crossover
2026-05-06 04:17:56 INFO mt5_bot - Balance=102029.96 Equity=102029.96 Spread=0.70 pips
2026-05-06 04:17:56 INFO mt5_bot - Signal=NONE reason=no_closed_bar_crossover price=None trend=bullish rsi=74.2 atr_pips=8.0 adx=40.7
2026-05-06 04:17:56 INFO mt5_bot - ADX boost: adx=40.7 \u2192 risk_pct=1.88%
2026-05-06 04:17:56 INFO mt5_bot - Execution status=skipped reason=no_closed_bar_crossover
2026-05-06 04:18:11 INFO mt5_bot - Balance=102029.96 Equity=102029.96 Spread=0.20 pips
2026-05-06 04:18:11 INFO mt5_bot - Signal=NONE reason=no_closed_bar_crossover price=None trend=bullish rsi=74.2 atr_pips=8.0 adx=40.7
2026-05-06 04:18:11 INFO mt5_bot - ADX boost: adx=40.7 \u2192 risk_pct=1.88%
2026-05-06 04:18:11 INFO mt5_bot - Execution status=skipped reason=no_closed_bar_crossover
2026-05-06 04:18:26 INFO mt5_bot - Balance=102029.96 Equity=102029.96 Spread=0.20 pips
2026-05-06 04:18:26 INFO mt5_bot - Signal=NONE reason=no_closed_bar_crossover price=None trend=bullish rsi=74.2 atr_pips=8.0 adx=40.7
2026-05-06 04:18:26 INFO mt5_bot - ADX boost: adx=40.7 \u2192 risk_pct=1.88%
2026-05-06 04:18:26 INFO mt5_bot - Execution status=skipped reason=no_closed_bar_crossover
2026-05-06 04:18:41 INFO mt5_bot - Balance=102029.96 Equity=102029.96 Spread=0.20 pips
2026-05-06 04:18:41 INFO mt5_bot - Signal=NONE reason=no_closed_bar_crossover price=None trend=bullish rsi=74.2 atr_pips=8.0 adx=40.7
2026-05-06 04:18:41 INFO mt5_bot - ADX boost: adx=40.7 \u2192 risk_pct=1.88%
2026-05-06 04:18:41 INFO mt5_bot - Execution status=skipped reason=no_closed_bar_crossover
2026-05-06 04:18:56 INFO mt5_bot - Balance=102029.96 Equity=102029.96 Spread=0.20 pips
2026-05-06 04:18:56 INFO mt5_bot - Signal=NONE reason=no_closed_bar_crossover price=None trend=bullish rsi=74.2 atr_pips=8.0 adx=40.7
2026-05-06 04:18:56 INFO mt5_bot - ADX boost: adx=40.7 \u2192 risk_pct=1.88%
2026-05-06 04:18:56 INFO mt5_bot - Execution status=skipped reason=no_closed_bar_crossover
2026-05-06 04:19:11 INFO mt5_bot - Balance=102029.96 Equity=102029.96 Spread=0.20 pips
2026-05-06 04:19:11 INFO mt5_bot - Signal=NONE reason=no_closed_bar_crossover price=None trend=bullish rsi=74.2 atr_pips=8.0 adx=40.7
2026-05-06 04:19:11 INFO mt5_bot - ADX boost: adx=40.7 \u2192 risk_pct=1.88%
2026-05-06 04:19:11 INFO mt5_bot - Execution status=skipped reason=no_closed_bar_crossover
2026-05-06 04:19:26 INFO mt5_bot - Balance=102029.96 Equity=102029.96 Spread=0.80 pips
2026-05-06 04:19:26 INFO mt5_bot - Signal=NONE reason=no_closed_bar_crossover price=None trend=bullish rsi=74.2 atr_pips=8.0 adx=40.7
2026-05-06 04:19:26 INFO mt5_bot - ADX boost: adx=40.7 \u2192 risk_pct=1.88%
2026-05-06 04:19:26 INFO mt5_bot - Execution status=skipped reason=no_closed_bar_crossover
2026-05-06 04:19:41 INFO mt5_bot - Balance=102029.96 Equity=102029.96 Spread=1.10 pips
2026-05-06 04:19:41 INFO mt5_bot - Signal=NONE reason=no_closed_bar_crossover price=None trend=bullish rsi=74.2 atr_pips=8.0 adx=40.7
2026-05-06 04:19:41 INFO mt5_bot - ADX boost: adx=40.7 \u2192 risk_pct=1.88%
2026-05-06 04:19:41 INFO mt5_bot - Execution status=skipped reason=no_closed_bar_crossover
2026-05-06 04:19:56 INFO mt5_bot - Balance=102029.96 Equity=102029.96 Spread=0.20 pips
2026-05-06 04:19:56 INFO mt5_bot - Signal=NONE reason=no_closed_bar_crossover price=None trend=bullish rsi=74.2 atr_pips=8.0 adx=40.7
2026-05-06 04:19:56 INFO mt5_bot - ADX boost: adx=40.7 \u2192 risk_pct=1.88%
2026-05-06 04:19:56 INFO mt5_bot - Execution status=skipped reason=no_closed_bar_crossover
2026-05-06 04:20:11 INFO mt5_bot - Balance=102029.96 Equity=102029.96 Spread=0.50 pips
2026-05-06 04:20:11 INFO mt5_bot - Signal=NONE reason=no_closed_bar_crossover price=None trend=bullish rsi=74.2 atr_pips=8.0 adx=40.7
2026-05-06 04:20:11 INFO mt5_bot - ADX boost: adx=40.7 \u2192 risk_pct=1.88%
2026-05-06 04:20:11 INFO mt5_bot - Execution status=skipped reason=no_closed_bar_crossover
2026-05-06 04:20:26 INFO mt5_bot - Balance=102029.96 Equity=102029.96 Spread=0.20 pips
2026-05-06 04:20:26 INFO mt5_bot - Signal=NONE reason=no_closed_bar_crossover price=None trend=bullish rsi=74.2 atr_pips=8.0 adx=40.7
2026-05-06 04:20:26 INFO mt5_bot - ADX boost: adx=40.7 \u2192 risk_pct=1.88%
2026-05-06 04:20:26 INFO mt5_bot - Execution status=skipped reason=no_closed_bar_crossover
2026-05-06 04:20:41 INFO mt5_bot - Balance=102029.96 Equity=102029.96 Spread=0.20 pips
2026-05-06 04:20:41 INFO mt5_bot - Signal=NONE reason=no_closed_bar_crossover price=None trend=bullish rsi=74.2 atr_pips=8.0 adx=40.7
2026-05-06 04:20:41 INFO mt5_bot - ADX boost: adx=40.7 \u2192 risk_pct=1.88%
2026-05-06 04:20:41 INFO mt5_bot - Execution status=skipped reason=no_closed_bar_crossover
2026-05-06 04:20:56 INFO mt5_bot - Balance=102029.96 Equity=102029.96 Spread=1.00 pips
2026-05-06 04:20:56 INFO mt5_bot - Signal=NONE reason=no_closed_bar_crossover price=None trend=bullish rsi=74.2 atr_pips=8.0 adx=40.7
2026-05-06 04:20:56 INFO mt5_bot - ADX boost: adx=40.7 \u2192 risk_pct=1.88%
2026-05-06 04:20:56 INFO mt5_bot - Execution status=skipped reason=no_closed_bar_crossover
2026-05-06 04:21:11 INFO mt5_bot - Balance=102029.96 Equity=102029.96 Spread=0.20 pips
2026-05-06 04:21:11 INFO mt5_bot - Signal=NONE reason=no_closed_bar_crossover price=None trend=bullish rsi=74.2 atr_pips=8.0 adx=40.7
2026-05-06 04:21:11 INFO mt5_bot - ADX boost: adx=40.7 \u2192 risk_pct=1.88%
2026-05-06 04:21:11 INFO mt5_bot - Execution status=skipped reason=no_closed_bar_crossover
2026-05-06 04:21:26 INFO mt5_bot - Balance=102029.96 Equity=102029.96 Spread=0.20 pips
2026-05-06 04:21:26 INFO mt5_bot - Signal=NONE reason=no_closed_bar_crossover price=None trend=bullish rsi=74.2 atr_pips=8.0 adx=40.7
2026-05-06 04:21:26 INFO mt5_bot - ADX boost: adx=40.7 \u2192 risk_pct=1.88%
2026-05-06 04:21:26 INFO mt5_bot - Execution status=skipped reason=no_closed_bar_crossover
2026-05-06 04:21:41 INFO mt5_bot - Balance=102029.96 Equity=102029.96 Spread=0.20 pips
2026-05-06 04:21:41 INFO mt5_bot - Signal=NONE reason=no_closed_bar_crossover price=None trend=bullish rsi=74.2 atr_pips=8.0 adx=40.7
2026-05-06 04:21:41 INFO mt5_bot - ADX boost: adx=40.7 \u2192 risk_pct=1.88%
2026-05-06 04:21:41 INFO mt5_bot - Execution status=skipped reason=no_closed_bar_crossover
2026-05-06 04:21:56 INFO mt5_bot - Balance=102029.96 Equity=102029.96 Spread=0.20 pips
2026-05-06 04:21:56 INFO mt5_bot - Signal=NONE reason=no_closed_bar_crossover price=None trend=bullish rsi=74.2 atr_pips=8.0 adx=40.7
2026-05-06 04:21:56 INFO mt5_bot - ADX boost: adx=40.7 \u2192 risk_pct=1.88%
2026-05-06 04:21:56 INFO mt5_bot - Execution status=skipped reason=no_closed_bar_crossover
2026-05-06 04:22:11 INFO mt5_bot - Balance=102029.96 Equity=102029.96 Spread=0.20 pips
2026-05-06 04:22:11 INFO mt5_bot - Signal=NONE reason=no_closed_bar_crossover price=None trend=bullish rsi=74.2 atr_pips=8.0 adx=40.7
2026-05-06 04:22:11 INFO mt5_bot - ADX boost: adx=40.7 \u2192 risk_pct=1.88%
2026-05-06 04:22:11 INFO mt5_bot - Execution status=skipped reason=no_closed_bar_crossover
2026-05-06 04:22:26 INFO mt5_bot - Balance=102029.96 Equity=102029.96 Spread=0.20 pips
2026-05-06 04:22:26 INFO mt5_bot - Signal=NONE reason=no_closed_bar_crossover price=None trend=bullish rsi=74.2 atr_pips=8.0 adx=40.7
2026-05-06 04:22:26 INFO mt5_bot - ADX boost: adx=40.7 \u2192 risk_pct=1.88%
2026-05-06 04:22:26 INFO mt5_bot - Execution status=skipped reason=no_closed_bar_crossover
2026-05-06 04:22:41 INFO mt5_bot - Balance=102029.96 Equity=102029.96 Spread=0.20 pips
2026-05-06 04:22:41 INFO mt5_bot - Signal=NONE reason=no_closed_bar_crossover price=None trend=bullish rsi=74.2 atr_pips=8.0 adx=40.7
2026-05-06 04:22:41 INFO mt5_bot - ADX boost: adx=40.7 \u2192 risk_pct=1.88%
2026-05-06 04:22:41 INFO mt5_bot - Execution status=skipped reason=no_closed_bar_crossover
2026-05-06 04:22:56 INFO mt5_bot - Balance=102029.96 Equity=102029.96 Spread=0.20 pips
2026-05-06 04:22:56 INFO mt5_bot - Signal=NONE reason=no_closed_bar_crossover price=None trend=bullish rsi=74.2 atr_pips=8.0 adx=40.7
2026-05-06 04:22:56 INFO mt5_bot - ADX boost: adx=40.7 \u2192 risk_pct=1.88%
2026-05-06 04:22:56 INFO mt5_bot - Execution status=skipped reason=no_closed_bar_crossover
2026-05-06 04:23:11 INFO mt5_bot - Balance=102029.96 Equity=102029.96 Spread=0.20 pips
2026-05-06 04:23:11 INFO mt5_bot - Signal=NONE reason=no_closed_bar_crossover price=None trend=bullish rsi=74.2 atr_pips=8.0 adx=40.7
2026-05-06 04:23:11 INFO mt5_bot - ADX boost: adx=40.7 \u2192 risk_pct=1.88%
2026-05-06 04:23:11 INFO mt5_bot - Execution status=skipped reason=no_closed_bar_crossover
2026-05-06 04:23:26 INFO mt5_bot - Balance=102029.96 Equity=102029.96 Spread=0.20 pips
2026-05-06 04:23:26 INFO mt5_bot - Signal=NONE reason=no_closed_bar_crossover price=None trend=bullish rsi=74.2 atr_pips=8.0 adx=40.7
2026-05-06 04:23:26 INFO mt5_bot - ADX boost: adx=40.7 \u2192 risk_pct=1.88%
2026-05-06 04:23:26 INFO mt5_bot - Execution status=skipped reason=no_closed_bar_crossover
2026-05-06 04:23:41 INFO mt5_bot - Balance=102029.96 Equity=102029.96 Spread=0.40 pips
2026-05-06 04:23:41 INFO mt5_bot - Signal=NONE reason=no_closed_bar_crossover price=None trend=bullish rsi=74.2 atr_pips=8.0 adx=40.7
2026-05-06 04:23:41 INFO mt5_bot - ADX boost: adx=40.7 \u2192 risk_pct=1.88%
2026-05-06 04:23:41 INFO mt5_bot - Execution status=skipped reason=no_closed_bar_crossover
2026-05-06 04:23:56 INFO mt5_bot - Balance=102029.96 Equity=102029.96 Spread=0.20 pips
2026-05-06 04:23:56 INFO mt5_bot - Signal=NONE reason=no_closed_bar_crossover price=None trend=bullish rsi=74.2 atr_pips=8.0 adx=40.7
2026-05-06 04:23:56 INFO mt5_bot - ADX boost: adx=40.7 \u2192 risk_pct=1.88%
2026-05-06 04:23:56 INFO mt5_bot - Execution status=skipped reason=no_closed_bar_crossover
2026-05-06 04:24:11 INFO mt5_bot - Balance=102029.96 Equity=102029.96 Spread=0.20 pips
2026-05-06 04:24:11 INFO mt5_bot - Signal=NONE reason=no_closed_bar_crossover price=None trend=bullish rsi=74.2 atr_pips=8.0 adx=40.7
2026-05-06 04:24:11 INFO mt5_bot - ADX boost: adx=40.7 \u2192 risk_pct=1.88%
2026-05-06 04:24:11 INFO mt5_bot - Execution status=skipped reason=no_closed_bar_crossover
2026-05-06 04:24:26 INFO mt5_bot - Balance=102029.96 Equity=102029.96 Spread=0.70 pips
2026-05-06 04:24:26 INFO mt5_bot - Signal=NONE reason=no_closed_bar_crossover price=None trend=bullish rsi=74.2 atr_pips=8.0 adx=40.7
2026-05-06 04:24:26 INFO mt5_bot - ADX boost: adx=40.7 \u2192 risk_pct=1.88%
2026-05-06 04:24:26 INFO mt5_bot - Execution status=skipped reason=no_closed_bar_crossover
2026-05-06 04:24:41 INFO mt5_bot - Balance=102029.96 Equity=102029.96 Spread=1.60 pips
2026-05-06 04:24:41 INFO mt5_bot - Signal=NONE reason=no_closed_bar_crossover price=None trend=bullish rsi=74.2 atr_pips=8.0 adx=40.7
2026-05-06 04:24:41 INFO mt5_bot - ADX boost: adx=40.7 \u2192 risk_pct=1.88%
2026-05-06 04:24:41 INFO mt5_bot - Execution status=skipped reason=no_closed_bar_crossover
2026-05-06 04:24:56 INFO mt5_bot - Balance=102029.96 Equity=102029.96 Spread=0.20 pips
2026-05-06 04:24:56 INFO mt5_bot - Signal=NONE reason=no_closed_bar_crossover price=None trend=bullish rsi=74.2 atr_pips=8.0 adx=40.7
2026-05-06 04:24:56 INFO mt5_bot - ADX boost: adx=40.7 \u2192 risk_pct=1.88%
2026-05-06 04:24:56 INFO mt5_bot - Execution status=skipped reason=no_closed_bar_crossover
2026-05-06 04:25:11 INFO mt5_bot - Balance=102029.96 Equity=102029.96 Spread=0.60 pips
2026-05-06 04:25:11 INFO mt5_bot - Signal=NONE reason=no_closed_bar_crossover price=None trend=bullish rsi=74.2 atr_pips=8.0 adx=40.7
2026-05-06 04:25:11 INFO mt5_bot - ADX boost: adx=40.7 \u2192 risk_pct=1.88%
2026-05-06 04:25:11 INFO mt5_bot - Execution status=skipped reason=no_closed_bar_crossover
2026-05-06 04:25:26 INFO mt5_bot - Balance=102029.96 Equity=102029.96 Spread=0.50 pips
2026-05-06 04:25:26 INFO mt5_bot - Signal=NONE reason=no_closed_bar_crossover price=None trend=bullish rsi=74.2 atr_pips=8.0 adx=40.7
2026-05-06 04:25:26 INFO mt5_bot - ADX boost: adx=40.7 \u2192 risk_pct=1.88%
2026-05-06 04:25:26 INFO mt5_bot - Execution status=skipped reason=no_closed_bar_crossover
2026-05-06 04:25:42 INFO mt5_bot - Balance=102029.96 Equity=102029.96 Spread=0.20 pips
2026-05-06 04:25:42 INFO mt5_bot - Signal=NONE reason=no_closed_bar_crossover price=None trend=bullish rsi=74.2 atr_pips=8.0 adx=40.7
2026-05-06 04:25:42 INFO mt5_bot - ADX boost: adx=40.7 \u2192 risk_pct=1.88%
2026-05-06 04:25:42 INFO mt5_bot - Execution status=skipped reason=no_closed_bar_crossover
2026-05-06 04:25:57 INFO mt5_bot - Balance=102029.96 Equity=102029.96 Spread=0.20 pips
2026-05-06 04:25:57 INFO mt5_bot - Signal=NONE reason=no_closed_bar_crossover price=None trend=bullish rsi=74.2 atr_pips=8.0 adx=40.7
2026-05-06 04:25:57 INFO mt5_bot - ADX boost: adx=40.7 \u2192 risk_pct=1.88%
2026-05-06 04:25:57 INFO mt5_bot - Execution status=skipped reason=no_closed_bar_crossover
2026-05-06 04:26:12 INFO mt5_bot - Balance=102029.96 Equity=102029.96 Spread=0.20 pips
2026-05-06 04:26:12 INFO mt5_bot - Signal=NONE reason=no_closed_bar_crossover price=None trend=bullish rsi=74.2 atr_pips=8.0 adx=40.7
2026-05-06 04:26:12 INFO mt5_bot - ADX boost: adx=40.7 \u2192 risk_pct=1.88%
2026-05-06 04:26:12 INFO mt5_bot - Execution status=skipped reason=no_closed_bar_crossover
2026-05-06 04:26:27 INFO mt5_bot - Balance=102029.96 Equity=102029.96 Spread=0.70 pips
2026-05-06 04:26:27 INFO mt5_bot - Signal=NONE reason=no_closed_bar_crossover price=None trend=bullish rsi=74.2 atr_pips=8.0 adx=40.7
2026-05-06 04:26:27 INFO mt5_bot - ADX boost: adx=40.7 \u2192 risk_pct=1.88%
2026-05-06 04:26:27 INFO mt5_bot - Execution status=skipped reason=no_closed_bar_crossover
2026-05-06 04:26:42 INFO mt5_bot - Balance=102029.96 Equity=102029.96 Spread=0.20 pips
2026-05-06 04:26:42 INFO mt5_bot - Signal=NONE reason=no_closed_bar_crossover price=None trend=bullish rsi=74.2 atr_pips=8.0 adx=40.7
2026-05-06 04:26:42 INFO mt5_bot - ADX boost: adx=40.7 \u2192 risk_pct=1.88%
2026-05-06 04:26:42 INFO mt5_bot - Execution status=skipped reason=no_closed_bar_crossover
2026-05-06 04:26:57 INFO mt5_bot - Balance=102029.96 Equity=102029.96 Spread=0.20 pips
2026-05-06 04:26:57 INFO mt5_bot - Signal=NONE reason=no_closed_bar_crossover price=None trend=bullish rsi=74.2 atr_pips=8.0 adx=40.7
2026-05-06 04:26:57 INFO mt5_bot - ADX boost: adx=40.7 \u2192 risk_pct=1.88%
2026-05-06 04:26:57 INFO mt5_bot - Execution status=skipped reason=no_closed_bar_crossover
2026-05-06 04:27:12 INFO mt5_bot - Balance=102029.96 Equity=102029.96 Spread=0.90 pips
2026-05-06 04:27:12 INFO mt5_bot - Signal=NONE reason=no_closed_bar_crossover price=None trend=bullish rsi=74.2 atr_pips=8.0 adx=40.7
2026-05-06 04:27:12 INFO mt5_bot - ADX boost: adx=40.7 \u2192 risk_pct=1.88%
2026-05-06 04:27:12 INFO mt5_bot - Execution status=skipped reason=no_closed_bar_crossover
2026-05-06 04:27:27 INFO mt5_bot - Balance=102029.96 Equity=102029.96 Spread=0.20 pips
2026-05-06 04:27:27 INFO mt5_bot - Signal=NONE reason=no_closed_bar_crossover price=None trend=bullish rsi=74.2 atr_pips=8.0 adx=40.7
2026-05-06 04:27:27 INFO mt5_bot - ADX boost: adx=40.7 \u2192 risk_pct=1.88%
2026-05-06 04:27:27 INFO mt5_bot - Execution status=skipped reason=no_closed_bar_crossover
2026-05-06 04:27:42 INFO mt5_bot - Balance=102029.96 Equity=102029.96 Spread=0.20 pips
2026-05-06 04:27:42 INFO mt5_bot - Signal=NONE reason=no_closed_bar_crossover price=None trend=bullish rsi=74.2 atr_pips=8.0 adx=40.7
2026-05-06 04:27:42 INFO mt5_bot - ADX boost: adx=40.7 \u2192 risk_pct=1.88%
2026-05-06 04:27:42 INFO mt5_bot - Execution status=skipped reason=no_closed_bar_crossover
2026-05-06 04:27:57 INFO mt5_bot - Balance=102029.96 Equity=102029.96 Spread=1.40 pips
2026-05-06 04:27:57 INFO mt5_bot - Signal=NONE reason=no_closed_bar_crossover price=None trend=bullish rsi=74.2 atr_pips=8.0 adx=40.7
2026-05-06 04:27:57 INFO mt5_bot - ADX boost: adx=40.7 \u2192 risk_pct=1.88%
2026-05-06 04:27:57 INFO mt5_bot - Execution status=skipped reason=no_closed_bar_crossover
2026-05-06 04:28:12 INFO mt5_bot - Balance=102029.96 Equity=102029.96 Spread=0.60 pips
2026-05-06 04:28:12 INFO mt5_bot - Signal=NONE reason=no_closed_bar_crossover price=None trend=bullish rsi=74.2 atr_pips=8.0 adx=40.7
2026-05-06 04:28:12 INFO mt5_bot - ADX boost: adx=40.7 \u2192 risk_pct=1.88%
2026-05-06 04:28:12 INFO mt5_bot - Execution status=skipped reason=no_closed_bar_crossover
2026-05-06 04:28:27 INFO mt5_bot - Balance=102029.96 Equity=102029.96 Spread=0.20 pips
2026-05-06 04:28:27 INFO mt5_bot - Signal=NONE reason=no_closed_bar_crossover price=None trend=bullish rsi=74.2 atr_pips=8.0 adx=40.7
2026-05-06 04:28:27 INFO mt5_bot - ADX boost: adx=40.7 \u2192 risk_pct=1.88%
2026-05-06 04:28:27 INFO mt5_bot - Execution status=skipped reason=no_closed_bar_crossover
2026-05-06 04:28:42 INFO mt5_bot - Balance=102029.96 Equity=102029.96 Spread=0.20 pips
2026-05-06 04:28:42 INFO mt5_bot - Signal=NONE reason=no_closed_bar_crossover price=None trend=bullish rsi=74.2 atr_pips=8.0 adx=40.7
2026-05-06 04:28:42 INFO mt5_bot - ADX boost: adx=40.7 \u2192 risk_pct=1.88%
2026-05-06 04:28:42 INFO mt5_bot - Execution status=skipped reason=no_closed_bar_crossover
2026-05-06 04:28:57 INFO mt5_bot - Balance=102029.96 Equity=102029.96 Spread=0.50 pips
2026-05-06 04:28:57 INFO mt5_bot - Signal=NONE reason=no_closed_bar_crossover price=None trend=bullish rsi=74.2 atr_pips=8.0 adx=40.7
2026-05-06 04:28:57 INFO mt5_bot - ADX boost: adx=40.7 \u2192 risk_pct=1.88%
2026-05-06 04:28:57 INFO mt5_bot - Execution status=skipped reason=no_closed_bar_crossover
2026-05-06 04:29:12 INFO mt5_bot - Balance=102029.96 Equity=102029.96 Spread=0.20 pips
2026-05-06 04:29:12 INFO mt5_bot - Signal=NONE reason=no_closed_bar_crossover price=None trend=bullish rsi=74.2 atr_pips=8.0 adx=40.7
2026-05-06 04:29:12 INFO mt5_bot - ADX boost: adx=40.7 \u2192 risk_pct=1.88%
2026-05-06 04:29:12 INFO mt5_bot - Execution status=skipped reason=no_closed_bar_crossover
2026-05-06 04:29:27 INFO mt5_bot - Balance=102029.96 Equity=102029.96 Spread=0.20 pips
2026-05-06 04:29:27 INFO mt5_bot - Signal=NONE reason=no_closed_bar_crossover price=None trend=bullish rsi=74.2 atr_pips=8.0 adx=40.7
2026-05-06 04:29:27 INFO mt5_bot - ADX boost: adx=40.7 \u2192 risk_pct=1.88%
2026-05-06 04:29:27 INFO mt5_bot - Execution status=skipped reason=no_closed_bar_crossover
2026-05-06 04:29:42 INFO mt5_bot - Balance=102029.96 Equity=102029.96 Spread=0.20 pips
2026-05-06 04:29:42 INFO mt5_bot - Signal=NONE reason=no_closed_bar_crossover price=None trend=bullish rsi=74.2 atr_pips=8.0 adx=40.7
2026-05-06 04:29:42 INFO mt5_bot - ADX boost: adx=40.7 \u2192 risk_pct=1.88%
2026-05-06 04:29:42 INFO mt5_bot - Execution status=skipped reason=no_closed_bar_crossover
2026-05-06 04:29:57 INFO mt5_bot - Balance=102029.96 Equity=102029.96 Spread=0.20 pips
2026-05-06 04:29:57 INFO mt5_bot - Signal=NONE reason=no_closed_bar_crossover price=None trend=bullish rsi=74.2 atr_pips=8.0 adx=40.7
2026-05-06 04:29:57 INFO mt5_bot - ADX boost: adx=40.7 \u2192 risk_pct=1.88%
2026-05-06 04:29:57 INFO mt5_bot - Execution status=skipped reason=no_closed_bar_crossover
2026-05-06 04:30:12 INFO mt5_bot - Balance=102029.96 Equity=102029.96 Spread=0.20 pips
2026-05-06 04:30:12 INFO mt5_bot - Signal=NONE reason=no_closed_bar_crossover price=None trend=bullish rsi=77.1 atr_pips=8.2 adx=42.8
2026-05-06 04:30:12 INFO mt5_bot - ADX boost: adx=42.8 \u2192 risk_pct=1.88%
2026-05-06 04:30:12 INFO mt5_bot - Execution status=skipped reason=no_closed_bar_crossover
2026-05-06 04:30:27 INFO mt5_bot - Balance=102029.96 Equity=102029.96 Spread=0.20 pips
2026-05-06 04:30:27 INFO mt5_bot - Signal=NONE reason=no_closed_bar_crossover price=None trend=bullish rsi=77.1 atr_pips=8.2 adx=42.8
2026-05-06 04:30:27 INFO mt5_bot - ADX boost: adx=42.8 \u2192 risk_pct=1.88%
2026-05-06 04:30:27 INFO mt5_bot - Execution status=skipped reason=no_closed_bar_crossover
2026-05-06 04:30:42 INFO mt5_bot - Balance=102029.96 Equity=102029.96 Spread=0.20 pips
2026-05-06 04:30:42 INFO mt5_bot - Signal=NONE reason=no_closed_bar_crossover price=None trend=bullish rsi=77.1 atr_pips=8.2 adx=42.8
2026-05-06 04:30:42 INFO mt5_bot - ADX boost: adx=42.8 \u2192 risk_pct=1.88%
2026-05-06 04:30:42 INFO mt5_bot - Execution status=skipped reason=no_closed_bar_crossover
2026-05-06 04:30:57 INFO mt5_bot - Balance=102029.96 Equity=102029.96 Spread=0.20 pips
2026-05-06 04:30:57 INFO mt5_bot - Signal=NONE reason=no_closed_bar_crossover price=None trend=bullish rsi=77.1 atr_pips=8.2 adx=42.8
2026-05-06 04:30:57 INFO mt5_bot - ADX boost: adx=42.8 \u2192 risk_pct=1.88%
2026-05-06 04:30:57 INFO mt5_bot - Execution status=skipped reason=no_closed_bar_crossover
2026-05-06 04:31:12 INFO mt5_bot - Balance=102029.96 Equity=102029.96 Spread=0.20 pips
2026-05-06 04:31:12 INFO mt5_bot - Signal=NONE reason=no_closed_bar_crossover price=None trend=bullish rsi=77.1 atr_pips=8.2 adx=42.8
2026-05-06 04:31:12 INFO mt5_bot - ADX boost: adx=42.8 \u2192 risk_pct=1.88%
2026-05-06 04:31:12 INFO mt5_bot - Execution status=skipped reason=no_closed_bar_crossover
2026-05-06 04:31:27 INFO mt5_bot - Balance=102029.96 Equity=102029.96 Spread=0.20 pips
2026-05-06 04:31:27 INFO mt5_bot - Signal=NONE reason=no_closed_bar_crossover price=None trend=bullish rsi=77.1 atr_pips=8.2 adx=42.8
2026-05-06 04:31:27 INFO mt5_bot - ADX boost: adx=42.8 \u2192 risk_pct=1.88%
2026-05-06 04:31:27 INFO mt5_bot - Execution status=skipped reason=no_closed_bar_crossover
2026-05-06 04:31:42 INFO mt5_bot - Balance=102029.96 Equity=102029.96 Spread=0.20 pips
2026-05-06 04:31:42 INFO mt5_bot - Signal=NONE reason=no_closed_bar_crossover price=None trend=bullish rsi=77.1 atr_pips=8.2 adx=42.8
2026-05-06 04:31:42 INFO mt5_bot - ADX boost: adx=42.8 \u2192 risk_pct=1.88%
2026-05-06 04:31:42 INFO mt5_bot - Execution status=skipped reason=no_closed_bar_crossover
2026-05-06 04:31:57 INFO mt5_bot - Balance=102029.96 Equity=102029.96 Spread=0.20 pips
2026-05-06 04:31:57 INFO mt5_bot - Signal=NONE reason=no_closed_bar_crossover price=None trend=bullish rsi=77.1 atr_pips=8.2 adx=42.8
2026-05-06 04:31:57 INFO mt5_bot - ADX boost: adx=42.8 \u2192 risk_pct=1.88%
2026-05-06 04:31:57 INFO mt5_bot - Execution status=skipped reason=no_closed_bar_crossover
2026-05-06 04:32:12 INFO mt5_bot - Balance=102029.96 Equity=102029.96 Spread=0.20 pips
2026-05-06 04:32:12 INFO mt5_bot - Signal=NONE reason=no_closed_bar_crossover price=None trend=bullish rsi=77.1 atr_pips=8.2 adx=42.8
2026-05-06 04:32:12 INFO mt5_bot - ADX boost: adx=42.8 \u2192 risk_pct=1.88%
2026-05-06 04:32:12 INFO mt5_bot - Execution status=skipped reason=no_closed_bar_crossover
2026-05-06 04:32:27 INFO mt5_bot - Balance=102029.96 Equity=102029.96 Spread=0.20 pips
2026-05-06 04:32:27 INFO mt5_bot - Signal=NONE reason=no_closed_bar_crossover price=None trend=bullish rsi=77.1 atr_pips=8.2 adx=42.8
2026-05-06 04:32:27 INFO mt5_bot - ADX boost: adx=42.8 \u2192 risk_pct=1.88%
2026-05-06 04:32:27 INFO mt5_bot - Execution status=skipped reason=no_closed_bar_crossover
2026-05-06 04:32:42 INFO mt5_bot - Balance=102029.96 Equity=102029.96 Spread=0.20 pips
2026-05-06 04:32:42 INFO mt5_bot - Signal=NONE reason=no_closed_bar_crossover price=None trend=bullish rsi=77.1 atr_pips=8.2 adx=42.8
2026-05-06 04:32:42 INFO mt5_bot - ADX boost: adx=42.8 \u2192 risk_pct=1.88%
2026-05-06 04:32:42 INFO mt5_bot - Execution status=skipped reason=no_closed_bar_crossover
2026-05-06 04:32:57 INFO mt5_bot - Balance=102029.96 Equity=102029.96 Spread=0.20 pips
2026-05-06 04:32:57 INFO mt5_bot - Signal=NONE reason=no_closed_bar_crossover price=None trend=bullish rsi=77.1 atr_pips=8.2 adx=42.8
2026-05-06 04:32:57 INFO mt5_bot - ADX boost: adx=42.8 \u2192 risk_pct=1.88%
2026-05-06 04:32:57 INFO mt5_bot - Execution status=skipped reason=no_closed_bar_crossover
2026-05-06 04:33:12 INFO mt5_bot - Balance=102029.96 Equity=102029.96 Spread=0.20 pips
2026-05-06 04:33:12 INFO mt5_bot - Signal=NONE reason=no_closed_bar_crossover price=None trend=bullish rsi=77.1 atr_pips=8.2 adx=42.8
2026-05-06 04:33:12 INFO mt5_bot - ADX boost: adx=42.8 \u2192 risk_pct=1.88%
2026-05-06 04:33:12 INFO mt5_bot - Execution status=skipped reason=no_closed_bar_crossover
2026-05-06 04:33:27 INFO mt5_bot - Balance=102029.96 Equity=102029.96 Spread=0.20 pips
2026-05-06 04:33:27 INFO mt5_bot - Signal=NONE reason=no_closed_bar_crossover price=None trend=bullish rsi=77.1 atr_pips=8.2 adx=42.8
2026-05-06 04:33:27 INFO mt5_bot - ADX boost: adx=42.8 \u2192 risk_pct=1.88%
2026-05-06 04:33:27 INFO mt5_bot - Execution status=skipped reason=no_closed_bar_crossover
2026-05-06 04:33:42 INFO mt5_bot - Balance=102029.96 Equity=102029.96 Spread=0.20 pips
2026-05-06 04:33:42 INFO mt5_bot - Signal=NONE reason=no_closed_bar_crossover price=None trend=bullish rsi=77.1 atr_pips=8.2 adx=42.8
2026-05-06 04:33:42 INFO mt5_bot - ADX boost: adx=42.8 \u2192 risk_pct=1.88%
2026-05-06 04:33:42 INFO mt5_bot - Execution status=skipped reason=no_closed_bar_crossover
2026-05-06 04:33:57 INFO mt5_bot - Balance=102029.96 Equity=102029.96 Spread=0.50 pips
2026-05-06 04:33:57 INFO mt5_bot - Signal=NONE reason=no_closed_bar_crossover price=None trend=bullish rsi=77.1 atr_pips=8.2 adx=42.8
2026-05-06 04:33:57 INFO mt5_bot - ADX boost: adx=42.8 \u2192 risk_pct=1.88%
2026-05-06 04:33:57 INFO mt5_bot - Execution status=skipped reason=no_closed_bar_crossover
2026-05-06 04:34:12 INFO mt5_bot - Balance=102029.96 Equity=102029.96 Spread=0.20 pips
2026-05-06 04:34:12 INFO mt5_bot - Signal=NONE reason=no_closed_bar_crossover price=None trend=bullish rsi=77.1 atr_pips=8.2 adx=42.8
2026-05-06 04:34:12 INFO mt5_bot - ADX boost: adx=42.8 \u2192 risk_pct=1.88%
2026-05-06 04:34:12 INFO mt5_bot - Execution status=skipped reason=no_closed_bar_crossover
2026-05-06 04:34:27 INFO mt5_bot - Balance=102029.96 Equity=102029.96 Spread=0.20 pips
2026-05-06 04:34:27 INFO mt5_bot - Signal=NONE reason=no_closed_bar_crossover price=None trend=bullish rsi=77.1 atr_pips=8.2 adx=42.8
2026-05-06 04:34:27 INFO mt5_bot - ADX boost: adx=42.8 \u2192 risk_pct=1.88%
2026-05-06 04:34:27 INFO mt5_bot - Execution status=skipped reason=no_closed_bar_crossover
2026-05-06 04:34:42 INFO mt5_bot - Balance=102029.96 Equity=102029.96 Spread=0.20 pips
2026-05-06 04:34:42 INFO mt5_bot - Signal=NONE reason=no_closed_bar_crossover price=None trend=bullish rsi=77.1 atr_pips=8.2 adx=42.8
2026-05-06 04:34:42 INFO mt5_bot - ADX boost: adx=42.8 \u2192 risk_pct=1.88%
2026-05-06 04:34:42 INFO mt5_bot - Execution status=skipped reason=no_closed_bar_crossover
2026-05-06 04:34:57 INFO mt5_bot - Balance=102029.96 Equity=102029.96 Spread=0.20 pips
2026-05-06 04:34:57 INFO mt5_bot - Signal=NONE reason=no_closed_bar_crossover price=None trend=bullish rsi=77.1 atr_pips=8.2 adx=42.8
2026-05-06 04:34:57 INFO mt5_bot - ADX boost: adx=42.8 \u2192 risk_pct=1.88%
2026-05-06 04:34:57 INFO mt5_bot - Execution status=skipped reason=no_closed_bar_crossover
2026-05-06 04:35:12 INFO mt5_bot - Balance=102029.96 Equity=102029.96 Spread=0.40 pips
2026-05-06 04:35:12 INFO mt5_bot - Signal=NONE reason=no_closed_bar_crossover price=None trend=bullish rsi=77.1 atr_pips=8.2 adx=42.8
2026-05-06 04:35:12 INFO mt5_bot - ADX boost: adx=42.8 \u2192 risk_pct=1.88%
2026-05-06 04:35:12 INFO mt5_bot - Execution status=skipped reason=no_closed_bar_crossover
2026-05-06 04:35:27 INFO mt5_bot - Balance=102029.96 Equity=102029.96 Spread=0.20 pips
2026-05-06 04:35:27 INFO mt5_bot - Signal=NONE reason=no_closed_bar_crossover price=None trend=bullish rsi=77.1 atr_pips=8.2 adx=42.8
2026-05-06 04:35:27 INFO mt5_bot - ADX boost: adx=42.8 \u2192 risk_pct=1.88%
2026-05-06 04:35:27 INFO mt5_bot - Execution status=skipped reason=no_closed_bar_crossover
2026-05-06 04:35:42 INFO mt5_bot - Balance=102029.96 Equity=102029.96 Spread=0.20 pips
2026-05-06 04:35:42 INFO mt5_bot - Signal=NONE reason=no_closed_bar_crossover price=None trend=bullish rsi=77.1 atr_pips=8.2 adx=42.8
2026-05-06 04:35:42 INFO mt5_bot - ADX boost: adx=42.8 \u2192 risk_pct=1.88%
2026-05-06 04:35:42 INFO mt5_bot - Execution status=skipped reason=no_closed_bar_crossover
2026-05-06 04:35:57 INFO mt5_bot - Balance=102029.96 Equity=102029.96 Spread=0.20 pips
2026-05-06 04:35:57 INFO mt5_bot - Signal=NONE reason=no_closed_bar_crossover price=None trend=bullish rsi=77.1 atr_pips=8.2 adx=42.8
2026-05-06 04:35:57 INFO mt5_bot - ADX boost: adx=42.8 \u2192 risk_pct=1.88%
2026-05-06 04:35:57 INFO mt5_bot - Execution status=skipped reason=no_closed_bar_crossover
2026-05-06 04:36:12 INFO mt5_bot - Balance=102029.96 Equity=102029.96 Spread=1.10 pips
2026-05-06 04:36:12 INFO mt5_bot - Signal=NONE reason=no_closed_bar_crossover price=None trend=bullish rsi=77.1 atr_pips=8.2 adx=42.8
2026-05-06 04:36:12 INFO mt5_bot - ADX boost: adx=42.8 \u2192 risk_pct=1.88%
2026-05-06 04:36:12 INFO mt5_bot - Execution status=skipped reason=no_closed_bar_crossover
2026-05-06 04:36:27 INFO mt5_bot - Balance=102029.96 Equity=102029.96 Spread=0.20 pips
2026-05-06 04:36:27 INFO mt5_bot - Signal=NONE reason=no_closed_bar_crossover price=None trend=bullish rsi=77.1 atr_pips=8.2 adx=42.8
2026-05-06 04:36:27 INFO mt5_bot - ADX boost: adx=42.8 \u2192 risk_pct=1.88%
2026-05-06 04:36:27 INFO mt5_bot - Execution status=skipped reason=no_closed_bar_crossover
2026-05-06 04:36:42 INFO mt5_bot - Balance=102029.96 Equity=102029.96 Spread=0.20 pips
2026-05-06 04:36:42 INFO mt5_bot - Signal=NONE reason=no_closed_bar_crossover price=None trend=bullish rsi=77.1 atr_pips=8.2 adx=42.8
2026-05-06 04:36:42 INFO mt5_bot - ADX boost: adx=42.8 \u2192 risk_pct=1.88%
2026-05-06 04:36:42 INFO mt5_bot - Execution status=skipped reason=no_closed_bar_crossover
2026-05-06 04:36:57 INFO mt5_bot - Balance=102029.96 Equity=102029.96 Spread=0.20 pips
2026-05-06 04:36:57 INFO mt5_bot - Signal=NONE reason=no_closed_bar_crossover price=None trend=bullish rsi=77.1 atr_pips=8.2 adx=42.8
2026-05-06 04:36:57 INFO mt5_bot - ADX boost: adx=42.8 \u2192 risk_pct=1.88%
2026-05-06 04:36:57 INFO mt5_bot - Execution status=skipped reason=no_closed_bar_crossover
2026-05-06 04:37:12 INFO mt5_bot - Balance=102029.96 Equity=102029.96 Spread=0.20 pips
2026-05-06 04:37:12 INFO mt5_bot - Signal=NONE reason=no_closed_bar_crossover price=None trend=bullish rsi=77.1 atr_pips=8.2 adx=42.8
2026-05-06 04:37:12 INFO mt5_bot - ADX boost: adx=42.8 \u2192 risk_pct=1.88%
2026-05-06 04:37:12 INFO mt5_bot - Execution status=skipped reason=no_closed_bar_crossover
2026-05-06 04:37:27 INFO mt5_bot - Balance=102029.96 Equity=102029.96 Spread=0.20 pips
2026-05-06 04:37:27 INFO mt5_bot - Signal=NONE reason=no_closed_bar_crossover price=None trend=bullish rsi=77.1 atr_pips=8.2 adx=42.8
2026-05-06 04:37:27 INFO mt5_bot - ADX boost: adx=42.8 \u2192 risk_pct=1.88%
2026-05-06 04:37:27 INFO mt5_bot - Execution status=skipped reason=no_closed_bar_crossover
2026-05-06 04:37:42 INFO mt5_bot - Balance=102029.96 Equity=102029.96 Spread=0.20 pips
2026-05-06 04:37:42 INFO mt5_bot - Signal=NONE reason=no_closed_bar_crossover price=None trend=bullish rsi=77.1 atr_pips=8.2 adx=42.8
2026-05-06 04:37:42 INFO mt5_bot - ADX boost: adx=42.8 \u2192 risk_pct=1.88%
2026-05-06 04:37:42 INFO mt5_bot - Execution status=skipped reason=no_closed_bar_crossover
2026-05-06 04:37:57 INFO mt5_bot - Balance=102029.96 Equity=102029.96 Spread=0.20 pips
2026-05-06 04:37:57 INFO mt5_bot - Signal=NONE reason=no_closed_bar_crossover price=None trend=bullish rsi=77.1 atr_pips=8.2 adx=42.8
2026-05-06 04:37:57 INFO mt5_bot - ADX boost: adx=42.8 \u2192 risk_pct=1.88%
2026-05-06 04:37:57 INFO mt5_bot - Execution status=skipped reason=no_closed_bar_crossover
2026-05-06 04:38:12 INFO mt5_bot - Balance=102029.96 Equity=102029.96 Spread=0.20 pips
2026-05-06 04:38:12 INFO mt5_bot - Signal=NONE reason=no_closed_bar_crossover price=None trend=bullish rsi=77.1 atr_pips=8.2 adx=42.8
2026-05-06 04:38:12 INFO mt5_bot - ADX boost: adx=42.8 \u2192 risk_pct=1.88%
2026-05-06 04:38:12 INFO mt5_bot - Execution status=skipped reason=no_closed_bar_crossover
2026-05-06 04:38:27 INFO mt5_bot - Balance=102029.96 Equity=102029.96 Spread=0.20 pips
2026-05-06 04:38:27 INFO mt5_bot - Signal=NONE reason=no_closed_bar_crossover price=None trend=bullish rsi=77.1 atr_pips=8.2 adx=42.8
2026-05-06 04:38:27 INFO mt5_bot - ADX boost: adx=42.8 \u2192 risk_pct=1.88%
2026-05-06 04:38:27 INFO mt5_bot - Execution status=skipped reason=no_closed_bar_crossover
2026-05-06 04:38:42 INFO mt5_bot - Balance=102029.96 Equity=102029.96 Spread=0.60 pips
2026-05-06 04:38:42 INFO mt5_bot - Signal=NONE reason=no_closed_bar_crossover price=None trend=bullish rsi=77.1 atr_pips=8.2 adx=42.8
2026-05-06 04:38:42 INFO mt5_bot - ADX boost: adx=42.8 \u2192 risk_pct=1.88%
2026-05-06 04:38:42 INFO mt5_bot - Execution status=skipped reason=no_closed_bar_crossover
2026-05-06 04:38:57 INFO mt5_bot - Balance=102029.96 Equity=102029.96 Spread=0.20 pips
2026-05-06 04:38:57 INFO mt5_bot - Signal=NONE reason=no_closed_bar_crossover price=None trend=bullish rsi=77.1 atr_pips=8.2 adx=42.8
2026-05-06 04:38:57 INFO mt5_bot - ADX boost: adx=42.8 \u2192 risk_pct=1.88%
2026-05-06 04:38:57 INFO mt5_bot - Execution status=skipped reason=no_closed_bar_crossover
2026-05-06 04:39:12 INFO mt5_bot - Balance=102029.96 Equity=102029.96 Spread=0.50 pips
2026-05-06 04:39:12 INFO mt5_bot - Signal=NONE reason=no_closed_bar_crossover price=None trend=bullish rsi=77.1 atr_pips=8.2 adx=42.8
2026-05-06 04:39:12 INFO mt5_bot - ADX boost: adx=42.8 \u2192 risk_pct=1.88%
2026-05-06 04:39:12 INFO mt5_bot - Execution status=skipped reason=no_closed_bar_crossover
2026-05-06 04:39:27 INFO mt5_bot - Balance=102029.96 Equity=102029.96 Spread=0.20 pips
2026-05-06 04:39:27 INFO mt5_bot - Signal=NONE reason=no_closed_bar_crossover price=None trend=bullish rsi=77.1 atr_pips=8.2 adx=42.8
2026-05-06 04:39:27 INFO mt5_bot - ADX boost: adx=42.8 \u2192 risk_pct=1.88%
2026-05-06 04:39:27 INFO mt5_bot - Execution status=skipped reason=no_closed_bar_crossover
2026-05-06 04:39:42 INFO mt5_bot - Balance=102029.96 Equity=102029.96 Spread=0.50 pips
2026-05-06 04:39:42 INFO mt5_bot - Signal=NONE reason=no_closed_bar_crossover price=None trend=bullish rsi=77.1 atr_pips=8.2 adx=42.8
2026-05-06 04:39:42 INFO mt5_bot - ADX boost: adx=42.8 \u2192 risk_pct=1.88%
2026-05-06 04:39:42 INFO mt5_bot - Execution status=skipped reason=no_closed_bar_crossover
2026-05-06 04:39:57 INFO mt5_bot - Balance=102029.96 Equity=102029.96 Spread=0.20 pips
2026-05-06 04:39:57 INFO mt5_bot - Signal=NONE reason=no_closed_bar_crossover price=None trend=bullish rsi=77.1 atr_pips=8.2 adx=42.8
2026-05-06 04:39:57 INFO mt5_bot - ADX boost: adx=42.8 \u2192 risk_pct=1.88%
2026-05-06 04:39:57 INFO mt5_bot - Execution status=skipped reason=no_closed_bar_crossover
2026-05-06 04:40:12 INFO mt5_bot - Balance=102029.96 Equity=102029.96 Spread=0.20 pips
2026-05-06 04:40:12 INFO mt5_bot - Signal=NONE reason=no_closed_bar_crossover price=None trend=bullish rsi=77.1 atr_pips=8.2 adx=42.8
2026-05-06 04:40:12 INFO mt5_bot - ADX boost: adx=42.8 \u2192 risk_pct=1.88%
2026-05-06 04:40:12 INFO mt5_bot - Execution status=skipped reason=no_closed_bar_crossover
2026-05-06 04:40:27 INFO mt5_bot - Balance=102029.96 Equity=102029.96 Spread=0.60 pips
2026-05-06 04:40:27 INFO mt5_bot - Signal=NONE reason=no_closed_bar_crossover price=None trend=bullish rsi=77.1 atr_pips=8.2 adx=42.8
2026-05-06 04:40:27 INFO mt5_bot - ADX boost: adx=42.8 \u2192 risk_pct=1.88%
2026-05-06 04:40:27 INFO mt5_bot - Execution status=skipped reason=no_closed_bar_crossover
2026-05-06 04:40:42 INFO mt5_bot - Balance=102029.96 Equity=102029.96 Spread=0.20 pips
2026-05-06 04:40:42 INFO mt5_bot - Signal=NONE reason=no_closed_bar_crossover price=None trend=bullish rsi=77.1 atr_pips=8.2 adx=42.8
2026-05-06 04:40:42 INFO mt5_bot - ADX boost: adx=42.8 \u2192 risk_pct=1.88%
2026-05-06 04:40:42 INFO mt5_bot - Execution status=skipped reason=no_closed_bar_crossover
2026-05-06 04:40:57 INFO mt5_bot - Balance=102029.96 Equity=102029.96 Spread=0.20 pips
2026-05-06 04:40:57 INFO mt5_bot - Signal=NONE reason=no_closed_bar_crossover price=None trend=bullish rsi=77.1 atr_pips=8.2 adx=42.8
2026-05-06 04:40:57 INFO mt5_bot - ADX boost: adx=42.8 \u2192 risk_pct=1.88%
2026-05-06 04:40:57 INFO mt5_bot - Execution status=skipped reason=no_closed_bar_crossover
2026-05-06 04:41:12 INFO mt5_bot - Balance=102029.96 Equity=102029.96 Spread=0.80 pips
2026-05-06 04:41:12 INFO mt5_bot - Signal=NONE reason=no_closed_bar_crossover price=None trend=bullish rsi=77.1 atr_pips=8.2 adx=42.8
2026-05-06 04:41:12 INFO mt5_bot - ADX boost: adx=42.8 \u2192 risk_pct=1.88%
2026-05-06 04:41:13 INFO mt5_bot - Execution status=skipped reason=no_closed_bar_crossover
2026-05-06 04:41:28 INFO mt5_bot - Balance=102029.96 Equity=102029.96 Spread=0.20 pips
2026-05-06 04:41:28 INFO mt5_bot - Signal=NONE reason=no_closed_bar_crossover price=None trend=bullish rsi=77.1 atr_pips=8.2 adx=42.8
2026-05-06 04:41:28 INFO mt5_bot - ADX boost: adx=42.8 \u2192 risk_pct=1.88%
2026-05-06 04:41:28 INFO mt5_bot - Execution status=skipped reason=no_closed_bar_crossover
2026-05-06 04:41:43 INFO mt5_bot - Balance=102029.96 Equity=102029.96 Spread=0.20 pips
2026-05-06 04:41:43 INFO mt5_bot - Signal=NONE reason=no_closed_bar_crossover price=None trend=bullish rsi=77.1 atr_pips=8.2 adx=42.8
2026-05-06 04:41:43 INFO mt5_bot - ADX boost: adx=42.8 \u2192 risk_pct=1.88%
2026-05-06 04:41:43 INFO mt5_bot - Execution status=skipped reason=no_closed_bar_crossover
2026-05-06 04:41:58 INFO mt5_bot - Balance=102029.96 Equity=102029.96 Spread=0.60 pips
2026-05-06 04:41:58 INFO mt5_bot - Signal=NONE reason=no_closed_bar_crossover price=None trend=bullish rsi=77.1 atr_pips=8.2 adx=42.8
2026-05-06 04:41:58 INFO mt5_bot - ADX boost: adx=42.8 \u2192 risk_pct=1.88%
2026-05-06 04:41:58 INFO mt5_bot - Execution status=skipped reason=no_closed_bar_crossover
2026-05-06 04:42:13 INFO mt5_bot - Balance=102029.96 Equity=102029.96 Spread=0.70 pips
2026-05-06 04:42:13 INFO mt5_bot - Signal=NONE reason=no_closed_bar_crossover price=None trend=bullish rsi=77.1 atr_pips=8.2 adx=42.8
2026-05-06 04:42:13 INFO mt5_bot - ADX boost: adx=42.8 \u2192 risk_pct=1.88%
2026-05-06 04:42:13 INFO mt5_bot - Execution status=skipped reason=no_closed_bar_crossover
2026-05-06 04:42:28 INFO mt5_bot - Balance=102029.96 Equity=102029.96 Spread=0.20 pips
2026-05-06 04:42:28 INFO mt5_bot - Signal=NONE reason=no_closed_bar_crossover price=None trend=bullish rsi=77.1 atr_pips=8.2 adx=42.8
2026-05-06 04:42:28 INFO mt5_bot - ADX boost: adx=42.8 \u2192 risk_pct=1.88%
2026-05-06 04:42:28 INFO mt5_bot - Execution status=skipped reason=no_closed_bar_crossover
2026-05-06 04:42:43 INFO mt5_bot - Balance=102029.96 Equity=102029.96 Spread=0.20 pips
2026-05-06 04:42:43 INFO mt5_bot - Signal=NONE reason=no_closed_bar_crossover price=None trend=bullish rsi=77.1 atr_pips=8.2 adx=42.8
2026-05-06 04:42:43 INFO mt5_bot - ADX boost: adx=42.8 \u2192 risk_pct=1.88%
2026-05-06 04:42:43 INFO mt5_bot - Execution status=skipped reason=no_closed_bar_crossover
2026-05-06 04:42:58 INFO mt5_bot - Balance=102029.96 Equity=102029.96 Spread=0.20 pips
2026-05-06 04:42:58 INFO mt5_bot - Signal=NONE reason=no_closed_bar_crossover price=None trend=bullish rsi=77.1 atr_pips=8.2 adx=42.8
2026-05-06 04:42:58 INFO mt5_bot - ADX boost: adx=42.8 \u2192 risk_pct=1.88%
2026-05-06 04:42:58 INFO mt5_bot - Execution status=skipped reason=no_closed_bar_crossover
2026-05-06 04:43:13 INFO mt5_bot - Balance=102029.96 Equity=102029.96 Spread=0.20 pips
2026-05-06 04:43:13 INFO mt5_bot - Signal=NONE reason=no_closed_bar_crossover price=None trend=bullish rsi=77.1 atr_pips=8.2 adx=42.8
2026-05-06 04:43:13 INFO mt5_bot - ADX boost: adx=42.8 \u2192 risk_pct=1.88%
2026-05-06 04:43:13 INFO mt5_bot - Execution status=skipped reason=no_closed_bar_crossover
2026-05-06 04:43:28 INFO mt5_bot - Balance=102029.96 Equity=102029.96 Spread=0.20 pips
2026-05-06 04:43:28 INFO mt5_bot - Signal=NONE reason=no_closed_bar_crossover price=None trend=bullish rsi=77.1 atr_pips=8.2 adx=42.8
2026-05-06 04:43:28 INFO mt5_bot - ADX boost: adx=42.8 \u2192 risk_pct=1.88%
2026-05-06 04:43:28 INFO mt5_bot - Execution status=skipped reason=no_closed_bar_crossover
2026-05-06 04:43:43 INFO mt5_bot - Balance=102029.96 Equity=102029.96 Spread=0.60 pips
2026-05-06 04:43:43 INFO mt5_bot - Signal=NONE reason=no_closed_bar_crossover price=None trend=bullish rsi=77.1 atr_pips=8.2 adx=42.8
2026-05-06 04:43:43 INFO mt5_bot - ADX boost: adx=42.8 \u2192 risk_pct=1.88%
2026-05-06 04:43:43 INFO mt5_bot - Execution status=skipped reason=no_closed_bar_crossover
2026-05-06 04:43:58 INFO mt5_bot - Balance=102029.96 Equity=102029.96 Spread=0.50 pips
2026-05-06 04:43:58 INFO mt5_bot - Signal=NONE reason=no_closed_bar_crossover price=None trend=bullish rsi=77.1 atr_pips=8.2 adx=42.8
2026-05-06 04:43:58 INFO mt5_bot - ADX boost: adx=42.8 \u2192 risk_pct=1.88%
2026-05-06 04:43:58 INFO mt5_bot - Execution status=skipped reason=no_closed_bar_crossover
2026-05-06 04:44:13 INFO mt5_bot - Balance=102029.96 Equity=102029.96 Spread=0.20 pips
2026-05-06 04:44:13 INFO mt5_bot - Signal=NONE reason=no_closed_bar_crossover price=None trend=bullish rsi=77.1 atr_pips=8.2 adx=42.8
2026-05-06 04:44:13 INFO mt5_bot - ADX boost: adx=42.8 \u2192 risk_pct=1.88%
2026-05-06 04:44:13 INFO mt5_bot - Execution status=skipped reason=no_closed_bar_crossover
2026-05-06 04:44:28 INFO mt5_bot - Balance=102029.96 Equity=102029.96 Spread=0.20 pips
2026-05-06 04:44:28 INFO mt5_bot - Signal=NONE reason=no_closed_bar_crossover price=None trend=bullish rsi=77.1 atr_pips=8.2 adx=42.8
2026-05-06 04:44:28 INFO mt5_bot - ADX boost: adx=42.8 \u2192 risk_pct=1.88%
2026-05-06 04:44:28 INFO mt5_bot - Execution status=skipped reason=no_closed_bar_crossover
2026-05-06 04:44:43 INFO mt5_bot - Balance=102029.96 Equity=102029.96 Spread=0.20 pips
2026-05-06 04:44:43 INFO mt5_bot - Signal=NONE reason=no_closed_bar_crossover price=None trend=bullish rsi=77.1 atr_pips=8.2 adx=42.8
2026-05-06 04:44:43 INFO mt5_bot - ADX boost: adx=42.8 \u2192 risk_pct=1.88%
2026-05-06 04:44:43 INFO mt5_bot - Execution status=skipped reason=no_closed_bar_crossover
2026-05-06 04:44:58 INFO mt5_bot - Balance=102029.96 Equity=102029.96 Spread=0.20 pips
2026-05-06 04:44:58 INFO mt5_bot - Signal=NONE reason=no_closed_bar_crossover price=None trend=bullish rsi=77.1 atr_pips=8.2 adx=42.8
2026-05-06 04:44:58 INFO mt5_bot - ADX boost: adx=42.8 \u2192 risk_pct=1.88%
2026-05-06 04:44:58 INFO mt5_bot - Execution status=skipped reason=no_closed_bar_crossover
2026-05-06 04:45:13 INFO mt5_bot - Balance=102029.96 Equity=102029.96 Spread=0.20 pips
2026-05-06 04:45:13 INFO mt5_bot - Signal=NONE reason=no_closed_bar_crossover price=None trend=bullish rsi=79.0 atr_pips=8.2 adx=45.0
2026-05-06 04:45:13 INFO mt5_bot - ADX boost: adx=45.0 \u2192 risk_pct=1.88%
2026-05-06 04:45:13 INFO mt5_bot - Execution status=skipped reason=no_closed_bar_crossover
2026-05-06 04:45:28 INFO mt5_bot - Balance=102029.96 Equity=102029.96 Spread=0.40 pips
2026-05-06 04:45:28 INFO mt5_bot - Signal=NONE reason=no_closed_bar_crossover price=None trend=bullish rsi=79.0 atr_pips=8.2 adx=45.0
2026-05-06 04:45:28 INFO mt5_bot - ADX boost: adx=45.0 \u2192 risk_pct=1.88%
2026-05-06 04:45:28 INFO mt5_bot - Execution status=skipped reason=no_closed_bar_crossover
2026-05-06 04:45:43 INFO mt5_bot - Balance=102029.96 Equity=102029.96 Spread=1.00 pips
2026-05-06 04:45:43 INFO mt5_bot - Signal=NONE reason=no_closed_bar_crossover price=None trend=bullish rsi=79.0 atr_pips=8.2 adx=45.0
2026-05-06 04:45:43 INFO mt5_bot - ADX boost: adx=45.0 \u2192 risk_pct=1.88%
2026-05-06 04:45:43 INFO mt5_bot - Execution status=skipped reason=no_closed_bar_crossover
2026-05-06 04:45:58 INFO mt5_bot - Balance=102029.96 Equity=102029.96 Spread=0.40 pips
2026-05-06 04:45:58 INFO mt5_bot - Signal=NONE reason=no_closed_bar_crossover price=None trend=bullish rsi=79.0 atr_pips=8.2 adx=45.0
2026-05-06 04:45:58 INFO mt5_bot - ADX boost: adx=45.0 \u2192 risk_pct=1.88%
2026-05-06 04:45:58 INFO mt5_bot - Execution status=skipped reason=no_closed_bar_crossover
2026-05-06 04:46:13 INFO mt5_bot - Balance=102029.96 Equity=102029.96 Spread=0.20 pips
2026-05-06 04:46:13 INFO mt5_bot - Signal=NONE reason=no_closed_bar_crossover price=None trend=bullish rsi=79.0 atr_pips=8.2 adx=45.0
2026-05-06 04:46:13 INFO mt5_bot - ADX boost: adx=45.0 \u2192 risk_pct=1.88%
2026-05-06 04:46:13 INFO mt5_bot - Execution status=skipped reason=no_closed_bar_crossover
2026-05-06 04:46:28 INFO mt5_bot - Balance=102029.96 Equity=102029.96 Spread=0.20 pips
2026-05-06 04:46:28 INFO mt5_bot - Signal=NONE reason=no_closed_bar_crossover price=None trend=bullish rsi=79.0 atr_pips=8.2 adx=45.0
2026-05-06 04:46:28 INFO mt5_bot - ADX boost: adx=45.0 \u2192 risk_pct=1.88%
2026-05-06 04:46:28 INFO mt5_bot - Execution status=skipped reason=no_closed_bar_crossover
2026-05-06 04:46:43 INFO mt5_bot - Balance=102029.96 Equity=102029.96 Spread=0.20 pips
2026-05-06 04:46:43 INFO mt5_bot - Signal=NONE reason=no_closed_bar_crossover price=None trend=bullish rsi=79.0 atr_pips=8.2 adx=45.0
2026-05-06 04:46:43 INFO mt5_bot - ADX boost: adx=45.0 \u2192 risk_pct=1.88%
2026-05-06 04:46:43 INFO mt5_bot - Execution status=skipped reason=no_closed_bar_crossover
2026-05-06 04:46:58 INFO mt5_bot - Balance=102029.96 Equity=102029.96 Spread=1.30 pips
2026-05-06 04:46:58 INFO mt5_bot - Signal=NONE reason=no_closed_bar_crossover price=None trend=bullish rsi=79.0 atr_pips=8.2 adx=45.0
2026-05-06 04:46:58 INFO mt5_bot - ADX boost: adx=45.0 \u2192 risk_pct=1.88%
2026-05-06 04:46:58 INFO mt5_bot - Execution status=skipped reason=no_closed_bar_crossover
2026-05-06 04:47:13 INFO mt5_bot - Balance=102029.96 Equity=102029.96 Spread=0.60 pips
2026-05-06 04:47:13 INFO mt5_bot - Signal=NONE reason=no_closed_bar_crossover price=None trend=bullish rsi=79.0 atr_pips=8.2 adx=45.0
2026-05-06 04:47:13 INFO mt5_bot - ADX boost: adx=45.0 \u2192 risk_pct=1.88%
2026-05-06 04:47:13 INFO mt5_bot - Execution status=skipped reason=no_closed_bar_crossover
2026-05-06 04:47:28 INFO mt5_bot - Balance=102029.96 Equity=102029.96 Spread=0.20 pips
2026-05-06 04:47:28 INFO mt5_bot - Signal=NONE reason=no_closed_bar_crossover price=None trend=bullish rsi=79.0 atr_pips=8.2 adx=45.0
2026-05-06 04:47:28 INFO mt5_bot - ADX boost: adx=45.0 \u2192 risk_pct=1.88%
2026-05-06 04:47:28 INFO mt5_bot - Execution status=skipped reason=no_closed_bar_crossover
2026-05-06 04:47:43 INFO mt5_bot - Balance=102029.96 Equity=102029.96 Spread=0.20 pips
2026-05-06 04:47:43 INFO mt5_bot - Signal=NONE reason=no_closed_bar_crossover price=None trend=bullish rsi=79.0 atr_pips=8.2 adx=45.0
2026-05-06 04:47:43 INFO mt5_bot - ADX boost: adx=45.0 \u2192 risk_pct=1.88%
2026-05-06 04:47:43 INFO mt5_bot - Execution status=skipped reason=no_closed_bar_crossover
2026-05-06 04:47:58 INFO mt5_bot - Balance=102029.96 Equity=102029.96 Spread=0.20 pips
2026-05-06 04:47:58 INFO mt5_bot - Signal=NONE reason=no_closed_bar_crossover price=None trend=bullish rsi=79.0 atr_pips=8.2 adx=45.0
2026-05-06 04:47:58 INFO mt5_bot - ADX boost: adx=45.0 \u2192 risk_pct=1.88%
2026-05-06 04:47:58 INFO mt5_bot - Execution status=skipped reason=no_closed_bar_crossover
2026-05-06 04:48:13 INFO mt5_bot - Balance=102029.96 Equity=102029.96 Spread=0.20 pips
2026-05-06 04:48:13 INFO mt5_bot - Signal=NONE reason=no_closed_bar_crossover price=None trend=bullish rsi=79.0 atr_pips=8.2 adx=45.0
2026-05-06 04:48:13 INFO mt5_bot - ADX boost: adx=45.0 \u2192 risk_pct=1.88%
2026-05-06 04:48:13 INFO mt5_bot - Execution status=skipped reason=no_closed_bar_crossover
2026-05-06 04:48:28 INFO mt5_bot - Balance=102029.96 Equity=102029.96 Spread=0.20 pips
2026-05-06 04:48:28 INFO mt5_bot - Signal=NONE reason=no_closed_bar_crossover price=None trend=bullish rsi=79.0 atr_pips=8.2 adx=45.0
2026-05-06 04:48:28 INFO mt5_bot - ADX boost: adx=45.0 \u2192 risk_pct=1.88%
2026-05-06 04:48:28 INFO mt5_bot - Execution status=skipped reason=no_closed_bar_crossover
2026-05-06 04:48:43 INFO mt5_bot - Balance=102029.96 Equity=102029.96 Spread=0.20 pips
2026-05-06 04:48:43 INFO mt5_bot - Signal=NONE reason=no_closed_bar_crossover price=None trend=bullish rsi=79.0 atr_pips=8.2 adx=45.0
2026-05-06 04:48:43 INFO mt5_bot - ADX boost: adx=45.0 \u2192 risk_pct=1.88%
2026-05-06 04:48:43 INFO mt5_bot - Execution status=skipped reason=no_closed_bar_crossover
2026-05-06 04:48:58 INFO mt5_bot - Balance=102029.96 Equity=102029.96 Spread=0.20 pips
2026-05-06 04:48:58 INFO mt5_bot - Signal=NONE reason=no_closed_bar_crossover price=None trend=bullish rsi=79.0 atr_pips=8.2 adx=45.0
2026-05-06 04:48:58 INFO mt5_bot - ADX boost: adx=45.0 \u2192 risk_pct=1.88%
2026-05-06 04:48:58 INFO mt5_bot - Execution status=skipped reason=no_closed_bar_crossover
2026-05-06 04:49:13 INFO mt5_bot - Balance=102029.96 Equity=102029.96 Spread=0.70 pips
2026-05-06 04:49:13 INFO mt5_bot - Signal=NONE reason=no_closed_bar_crossover price=None trend=bullish rsi=79.0 atr_pips=8.2 adx=45.0
2026-05-06 04:49:13 INFO mt5_bot - ADX boost: adx=45.0 \u2192 risk_pct=1.88%
2026-05-06 04:49:13 INFO mt5_bot - Execution status=skipped reason=no_closed_bar_crossover
2026-05-06 04:49:28 INFO mt5_bot - Balance=102029.96 Equity=102029.96 Spread=0.20 pips
2026-05-06 04:49:28 INFO mt5_bot - Signal=NONE reason=no_closed_bar_crossover price=None trend=bullish rsi=79.0 atr_pips=8.2 adx=45.0
2026-05-06 04:49:28 INFO mt5_bot - ADX boost: adx=45.0 \u2192 risk_pct=1.88%
2026-05-06 04:49:28 INFO mt5_bot - Execution status=skipped reason=no_closed_bar_crossover
2026-05-06 04:49:43 INFO mt5_bot - Balance=102029.96 Equity=102029.96 Spread=0.20 pips
2026-05-06 04:49:43 INFO mt5_bot - Signal=NONE reason=no_closed_bar_crossover price=None trend=bullish rsi=79.0 atr_pips=8.2 adx=45.0
2026-05-06 04:49:43 INFO mt5_bot - ADX boost: adx=45.0 \u2192 risk_pct=1.88%
2026-05-06 04:49:43 INFO mt5_bot - Execution status=skipped reason=no_closed_bar_crossover
2026-05-06 04:49:58 INFO mt5_bot - Balance=102029.96 Equity=102029.96 Spread=0.60 pips
2026-05-06 04:49:58 INFO mt5_bot - Signal=NONE reason=no_closed_bar_crossover price=None trend=bullish rsi=79.0 atr_pips=8.2 adx=45.0
2026-05-06 04:49:58 INFO mt5_bot - ADX boost: adx=45.0 \u2192 risk_pct=1.88%
2026-05-06 04:49:58 INFO mt5_bot - Execution status=skipped reason=no_closed_bar_crossover
2026-05-06 04:50:13 INFO mt5_bot - Balance=102029.96 Equity=102029.96 Spread=0.20 pips
2026-05-06 04:50:13 INFO mt5_bot - Signal=NONE reason=no_closed_bar_crossover price=None trend=bullish rsi=79.0 atr_pips=8.2 adx=45.0
2026-05-06 04:50:13 INFO mt5_bot - ADX boost: adx=45.0 \u2192 risk_pct=1.88%
2026-05-06 04:50:13 INFO mt5_bot - Execution status=skipped reason=no_closed_bar_crossover
2026-05-06 04:50:28 INFO mt5_bot - Balance=102029.96 Equity=102029.96 Spread=0.20 pips
2026-05-06 04:50:28 INFO mt5_bot - Signal=NONE reason=no_closed_bar_crossover price=None trend=bullish rsi=79.0 atr_pips=8.2 adx=45.0
2026-05-06 04:50:28 INFO mt5_bot - ADX boost: adx=45.0 \u2192 risk_pct=1.88%
2026-05-06 04:50:28 INFO mt5_bot - Execution status=skipped reason=no_closed_bar_crossover
2026-05-06 04:50:43 INFO mt5_bot - Balance=102029.96 Equity=102029.96 Spread=0.20 pips
2026-05-06 04:50:43 INFO mt5_bot - Signal=NONE reason=no_closed_bar_crossover price=None trend=bullish rsi=79.0 atr_pips=8.2 adx=45.0
2026-05-06 04:50:43 INFO mt5_bot - ADX boost: adx=45.0 \u2192 risk_pct=1.88%
2026-05-06 04:50:43 INFO mt5_bot - Execution status=skipped reason=no_closed_bar_crossover
2026-05-06 04:50:58 INFO mt5_bot - Balance=102029.96 Equity=102029.96 Spread=0.20 pips
2026-05-06 04:50:58 INFO mt5_bot - Signal=NONE reason=no_closed_bar_crossover price=None trend=bullish rsi=79.0 atr_pips=8.2 adx=45.0
2026-05-06 04:50:58 INFO mt5_bot - ADX boost: adx=45.0 \u2192 risk_pct=1.88%
2026-05-06 04:50:58 INFO mt5_bot - Execution status=skipped reason=no_closed_bar_crossover
2026-05-06 04:51:13 INFO mt5_bot - Balance=102029.96 Equity=102029.96 Spread=0.20 pips
2026-05-06 04:51:13 INFO mt5_bot - Signal=NONE reason=no_closed_bar_crossover price=None trend=bullish rsi=79.0 atr_pips=8.2 adx=45.0
2026-05-06 04:51:13 INFO mt5_bot - ADX boost: adx=45.0 \u2192 risk_pct=1.88%
2026-05-06 04:51:13 INFO mt5_bot - Execution status=skipped reason=no_closed_bar_crossover
2026-05-06 04:51:28 INFO mt5_bot - Balance=102029.96 Equity=102029.96 Spread=0.80 pips
2026-05-06 04:51:28 INFO mt5_bot - Signal=NONE reason=no_closed_bar_crossover price=None trend=bullish rsi=79.0 atr_pips=8.2 adx=45.0
2026-05-06 04:51:28 INFO mt5_bot - ADX boost: adx=45.0 \u2192 risk_pct=1.88%
2026-05-06 04:51:28 INFO mt5_bot - Execution status=skipped reason=no_closed_bar_crossover
2026-05-06 04:51:43 INFO mt5_bot - Balance=102029.96 Equity=102029.96 Spread=0.20 pips
2026-05-06 04:51:43 INFO mt5_bot - Signal=NONE reason=no_closed_bar_crossover price=None trend=bullish rsi=79.0 atr_pips=8.2 adx=45.0
2026-05-06 04:51:43 INFO mt5_bot - ADX boost: adx=45.0 \u2192 risk_pct=1.88%
2026-05-06 04:51:43 INFO mt5_bot - Execution status=skipped reason=no_closed_bar_crossover
2026-05-06 04:51:58 INFO mt5_bot - Balance=102029.96 Equity=102029.96 Spread=0.20 pips
2026-05-06 04:51:58 INFO mt5_bot - Signal=NONE reason=no_closed_bar_crossover price=None trend=bullish rsi=79.0 atr_pips=8.2 adx=45.0
2026-05-06 04:51:58 INFO mt5_bot - ADX boost: adx=45.0 \u2192 risk_pct=1.88%
2026-05-06 04:51:58 INFO mt5_bot - Execution status=skipped reason=no_closed_bar_crossover
2026-05-06 04:52:13 INFO mt5_bot - Balance=102029.96 Equity=102029.96 Spread=0.60 pips
2026-05-06 04:52:13 INFO mt5_bot - Signal=NONE reason=no_closed_bar_crossover price=None trend=bullish rsi=79.0 atr_pips=8.2 adx=45.0
2026-05-06 04:52:13 INFO mt5_bot - ADX boost: adx=45.0 \u2192 risk_pct=1.88%
2026-05-06 04:52:13 INFO mt5_bot - Execution status=skipped reason=no_closed_bar_crossover
2026-05-06 04:52:28 INFO mt5_bot - Balance=102029.96 Equity=102029.96 Spread=0.20 pips
2026-05-06 04:52:28 INFO mt5_bot - Signal=NONE reason=no_closed_bar_crossover price=None trend=bullish rsi=79.0 atr_pips=8.2 adx=45.0
2026-05-06 04:52:28 INFO mt5_bot - ADX boost: adx=45.0 \u2192 risk_pct=1.88%
2026-05-06 04:52:28 INFO mt5_bot - Execution status=skipped reason=no_closed_bar_crossover
2026-05-06 04:52:43 INFO mt5_bot - Balance=102029.96 Equity=102029.96 Spread=0.20 pips
2026-05-06 04:52:43 INFO mt5_bot - Signal=NONE reason=no_closed_bar_crossover price=None trend=bullish rsi=79.0 atr_pips=8.2 adx=45.0
2026-05-06 04:52:43 INFO mt5_bot - ADX boost: adx=45.0 \u2192 risk_pct=1.88%
2026-05-06 04:52:43 INFO mt5_bot - Execution status=skipped reason=no_closed_bar_crossover
2026-05-06 04:52:58 INFO mt5_bot - Balance=102029.96 Equity=102029.96 Spread=0.50 pips
2026-05-06 04:52:58 INFO mt5_bot - Signal=NONE reason=no_closed_bar_crossover price=None trend=bullish rsi=79.0 atr_pips=8.2 adx=45.0
2026-05-06 04:52:58 INFO mt5_bot - ADX boost: adx=45.0 \u2192 risk_pct=1.88%
2026-05-06 04:52:58 INFO mt5_bot - Execution status=skipped reason=no_closed_bar_crossover
2026-05-06 04:53:13 INFO mt5_bot - Balance=102029.96 Equity=102029.96 Spread=0.20 pips
2026-05-06 04:53:13 INFO mt5_bot - Signal=NONE reason=no_closed_bar_crossover price=None trend=bullish rsi=79.0 atr_pips=8.2 adx=45.0
2026-05-06 04:53:13 INFO mt5_bot - ADX boost: adx=45.0 \u2192 risk_pct=1.88%
2026-05-06 04:53:13 INFO mt5_bot - Execution status=skipped reason=no_closed_bar_crossover
2026-05-06 04:53:28 INFO mt5_bot - Balance=102029.96 Equity=102029.96 Spread=0.20 pips
2026-05-06 04:53:28 INFO mt5_bot - Signal=NONE reason=no_closed_bar_crossover price=None trend=bullish rsi=79.0 atr_pips=8.2 adx=45.0
2026-05-06 04:53:28 INFO mt5_bot - ADX boost: adx=45.0 \u2192 risk_pct=1.88%
2026-05-06 04:53:28 INFO mt5_bot - Execution status=skipped reason=no_closed_bar_crossover
2026-05-06 04:53:43 INFO mt5_bot - Balance=102029.96 Equity=102029.96 Spread=0.20 pips
2026-05-06 04:53:43 INFO mt5_bot - Signal=NONE reason=no_closed_bar_crossover price=None trend=bullish rsi=79.0 atr_pips=8.2 adx=45.0
2026-05-06 04:53:43 INFO mt5_bot - ADX boost: adx=45.0 \u2192 risk_pct=1.88%
2026-05-06 04:53:43 INFO mt5_bot - Execution status=skipped reason=no_closed_bar_crossover
2026-05-06 04:53:58 INFO mt5_bot - Balance=102029.96 Equity=102029.96 Spread=0.60 pips
2026-05-06 04:53:58 INFO mt5_bot - Signal=NONE reason=no_closed_bar_crossover price=None trend=bullish rsi=79.0 atr_pips=8.2 adx=45.0
2026-05-06 04:53:58 INFO mt5_bot - ADX boost: adx=45.0 \u2192 risk_pct=1.88%
2026-05-06 04:53:58 INFO mt5_bot - Execution status=skipped reason=no_closed_bar_crossover
2026-05-06 04:54:13 INFO mt5_bot - Balance=102029.96 Equity=102029.96 Spread=0.50 pips
2026-05-06 04:54:13 INFO mt5_bot - Signal=NONE reason=no_closed_bar_crossover price=None trend=bullish rsi=79.0 atr_pips=8.2 adx=45.0
2026-05-06 04:54:13 INFO mt5_bot - ADX boost: adx=45.0 \u2192 risk_pct=1.88%
2026-05-06 04:54:13 INFO mt5_bot - Execution status=skipped reason=no_closed_bar_crossover
2026-05-06 04:54:28 INFO mt5_bot - Balance=102029.96 Equity=102029.96 Spread=0.20 pips
2026-05-06 04:54:28 INFO mt5_bot - Signal=NONE reason=no_closed_bar_crossover price=None trend=bullish rsi=79.0 atr_pips=8.2 adx=45.0
2026-05-06 04:54:28 INFO mt5_bot - ADX boost: adx=45.0 \u2192 risk_pct=1.88%
2026-05-06 04:54:28 INFO mt5_bot - Execution status=skipped reason=no_closed_bar_crossover
2026-05-06 04:54:43 INFO mt5_bot - Balance=102029.96 Equity=102029.96 Spread=0.20 pips
2026-05-06 04:54:43 INFO mt5_bot - Signal=NONE reason=no_closed_bar_crossover price=None trend=bullish rsi=79.0 atr_pips=8.2 adx=45.0
2026-05-06 04:54:43 INFO mt5_bot - ADX boost: adx=45.0 \u2192 risk_pct=1.88%
2026-05-06 04:54:43 INFO mt5_bot - Execution status=skipped reason=no_closed_bar_crossover
2026-05-06 04:54:58 INFO mt5_bot - Balance=102029.96 Equity=102029.96 Spread=0.70 pips
2026-05-06 04:54:58 INFO mt5_bot - Signal=NONE reason=no_closed_bar_crossover price=None trend=bullish rsi=79.0 atr_pips=8.2 adx=45.0
2026-05-06 04:54:58 INFO mt5_bot - ADX boost: adx=45.0 \u2192 risk_pct=1.88%
2026-05-06 04:54:58 INFO mt5_bot - Execution status=skipped reason=no_closed_bar_crossover
2026-05-06 04:55:13 INFO mt5_bot - Balance=102029.96 Equity=102029.96 Spread=0.20 pips
2026-05-06 04:55:13 INFO mt5_bot - Signal=NONE reason=no_closed_bar_crossover price=None trend=bullish rsi=79.0 atr_pips=8.2 adx=45.0
2026-05-06 04:55:13 INFO mt5_bot - ADX boost: adx=45.0 \u2192 risk_pct=1.88%
2026-05-06 04:55:13 INFO mt5_bot - Execution status=skipped reason=no_closed_bar_crossover
2026-05-06 04:55:28 INFO mt5_bot - Balance=102029.96 Equity=102029.96 Spread=0.20 pips
2026-05-06 04:55:28 INFO mt5_bot - Signal=NONE reason=no_closed_bar_crossover price=None trend=bullish rsi=79.0 atr_pips=8.2 adx=45.0
2026-05-06 04:55:28 INFO mt5_bot - ADX boost: adx=45.0 \u2192 risk_pct=1.88%
2026-05-06 04:55:28 INFO mt5_bot - Execution status=skipped reason=no_closed_bar_crossover
2026-05-06 04:55:43 INFO mt5_bot - Balance=102029.96 Equity=102029.96 Spread=0.20 pips
2026-05-06 04:55:43 INFO mt5_bot - Signal=NONE reason=no_closed_bar_crossover price=None trend=bullish rsi=79.0 atr_pips=8.2 adx=45.0
2026-05-06 04:55:43 INFO mt5_bot - ADX boost: adx=45.0 \u2192 risk_pct=1.88%
2026-05-06 04:55:43 INFO mt5_bot - Execution status=skipped reason=no_closed_bar_crossover
2026-05-06 04:55:58 INFO mt5_bot - Balance=102029.96 Equity=102029.96 Spread=0.70 pips
2026-05-06 04:55:58 INFO mt5_bot - Signal=NONE reason=no_closed_bar_crossover price=None trend=bullish rsi=79.0 atr_pips=8.2 adx=45.0
2026-05-06 04:55:58 INFO mt5_bot - ADX boost: adx=45.0 \u2192 risk_pct=1.88%
2026-05-06 04:55:58 INFO mt5_bot - Execution status=skipped reason=no_closed_bar_crossover
2026-05-06 04:56:13 INFO mt5_bot - Balance=102029.96 Equity=102029.96 Spread=0.20 pips
2026-05-06 04:56:13 INFO mt5_bot - Signal=NONE reason=no_closed_bar_crossover price=None trend=bullish rsi=79.0 atr_pips=8.2 adx=45.0
2026-05-06 04:56:13 INFO mt5_bot - ADX boost: adx=45.0 \u2192 risk_pct=1.88%
2026-05-06 04:56:13 INFO mt5_bot - Execution status=skipped reason=no_closed_bar_crossover
2026-05-06 04:56:28 INFO mt5_bot - Balance=102029.96 Equity=102029.96 Spread=0.20 pips
2026-05-06 04:56:28 INFO mt5_bot - Signal=NONE reason=no_closed_bar_crossover price=None trend=bullish rsi=79.0 atr_pips=8.2 adx=45.0
2026-05-06 04:56:28 INFO mt5_bot - ADX boost: adx=45.0 \u2192 risk_pct=1.88%
2026-05-06 04:56:28 INFO mt5_bot - Execution status=skipped reason=no_closed_bar_crossover
2026-05-06 04:56:43 INFO mt5_bot - Balance=102029.96 Equity=102029.96 Spread=1.00 pips
2026-05-06 04:56:43 INFO mt5_bot - Signal=NONE reason=no_closed_bar_crossover price=None trend=bullish rsi=79.0 atr_pips=8.2 adx=45.0
2026-05-06 04:56:43 INFO mt5_bot - ADX boost: adx=45.0 \u2192 risk_pct=1.88%
2026-05-06 04:56:43 INFO mt5_bot - Execution status=skipped reason=no_closed_bar_crossover
2026-05-06 04:56:58 INFO mt5_bot - Balance=102029.96 Equity=102029.96 Spread=0.20 pips
2026-05-06 04:56:59 INFO mt5_bot - Signal=NONE reason=no_closed_bar_crossover price=None trend=bullish rsi=79.0 atr_pips=8.2 adx=45.0
2026-05-06 04:56:59 INFO mt5_bot - ADX boost: adx=45.0 \u2192 risk_pct=1.88%
2026-05-06 04:56:59 INFO mt5_bot - Execution status=skipped reason=no_closed_bar_crossover
2026-05-06 04:57:14 INFO mt5_bot - Balance=102029.96 Equity=102029.96 Spread=0.20 pips
2026-05-06 04:57:14 INFO mt5_bot - Signal=NONE reason=no_closed_bar_crossover price=None trend=bullish rsi=79.0 atr_pips=8.2 adx=45.0
2026-05-06 04:57:14 INFO mt5_bot - ADX boost: adx=45.0 \u2192 risk_pct=1.88%
2026-05-06 04:57:14 INFO mt5_bot - Execution status=skipped reason=no_closed_bar_crossover
2026-05-06 04:57:29 INFO mt5_bot - Balance=102029.96 Equity=102029.96 Spread=0.50 pips
2026-05-06 04:57:29 INFO mt5_bot - Signal=NONE reason=no_closed_bar_crossover price=None trend=bullish rsi=79.0 atr_pips=8.2 adx=45.0
2026-05-06 04:57:29 INFO mt5_bot - ADX boost: adx=45.0 \u2192 risk_pct=1.88%
2026-05-06 04:57:29 INFO mt5_bot - Execution status=skipped reason=no_closed_bar_crossover
2026-05-06 04:57:44 INFO mt5_bot - Balance=102029.96 Equity=102029.96 Spread=0.20 pips
2026-05-06 04:57:44 INFO mt5_bot - Signal=NONE reason=no_closed_bar_crossover price=None trend=bullish rsi=79.0 atr_pips=8.2 adx=45.0
2026-05-06 04:57:44 INFO mt5_bot - ADX boost: adx=45.0 \u2192 risk_pct=1.88%
2026-05-06 04:57:44 INFO mt5_bot - Execution status=skipped reason=no_closed_bar_crossover
2026-05-06 04:57:59 INFO mt5_bot - Balance=102029.96 Equity=102029.96 Spread=0.20 pips
2026-05-06 04:57:59 INFO mt5_bot - Signal=NONE reason=no_closed_bar_crossover price=None trend=bullish rsi=79.0 atr_pips=8.2 adx=45.0
2026-05-06 04:57:59 INFO mt5_bot - ADX boost: adx=45.0 \u2192 risk_pct=1.88%
2026-05-06 04:57:59 INFO mt5_bot - Execution status=skipped reason=no_closed_bar_crossover
2026-05-06 04:58:14 INFO mt5_bot - Balance=102029.96 Equity=102029.96 Spread=0.20 pips
2026-05-06 04:58:14 INFO mt5_bot - Signal=NONE reason=no_closed_bar_crossover price=None trend=bullish rsi=79.0 atr_pips=8.2 adx=45.0
2026-05-06 04:58:14 INFO mt5_bot - ADX boost: adx=45.0 \u2192 risk_pct=1.88%
2026-05-06 04:58:14 INFO mt5_bot - Execution status=skipped reason=no_closed_bar_crossover
2026-05-06 04:58:29 INFO mt5_bot - Balance=102029.96 Equity=102029.96 Spread=0.20 pips
2026-05-06 04:58:29 INFO mt5_bot - Signal=NONE reason=no_closed_bar_crossover price=None trend=bullish rsi=79.0 atr_pips=8.2 adx=45.0
2026-05-06 04:58:29 INFO mt5_bot - ADX boost: adx=45.0 \u2192 risk_pct=1.88%
2026-05-06 04:58:29 INFO mt5_bot - Execution status=skipped reason=no_closed_bar_crossover
2026-05-06 04:58:44 INFO mt5_bot - Balance=102029.96 Equity=102029.96 Spread=0.20 pips
2026-05-06 04:58:44 INFO mt5_bot - Signal=NONE reason=no_closed_bar_crossover price=None trend=bullish rsi=79.0 atr_pips=8.2 adx=45.0
2026-05-06 04:58:44 INFO mt5_bot - ADX boost: adx=45.0 \u2192 risk_pct=1.88%
2026-05-06 04:58:44 INFO mt5_bot - Execution status=skipped reason=no_closed_bar_crossover
2026-05-06 04:58:59 INFO mt5_bot - Balance=102029.96 Equity=102029.96 Spread=0.20 pips
2026-05-06 04:58:59 INFO mt5_bot - Signal=NONE reason=no_closed_bar_crossover price=None trend=bullish rsi=79.0 atr_pips=8.2 adx=45.0
2026-05-06 04:58:59 INFO mt5_bot - ADX boost: adx=45.0 \u2192 risk_pct=1.88%
2026-05-06 04:58:59 INFO mt5_bot - Execution status=skipped reason=no_closed_bar_crossover
2026-05-06 04:59:14 INFO mt5_bot - Balance=102029.96 Equity=102029.96 Spread=0.20 pips
2026-05-06 04:59:14 INFO mt5_bot - Signal=NONE reason=no_closed_bar_crossover price=None trend=bullish rsi=79.0 atr_pips=8.2 adx=45.0
2026-05-06 04:59:14 INFO mt5_bot - ADX boost: adx=45.0 \u2192 risk_pct=1.88%
2026-05-06 04:59:14 INFO mt5_bot - Execution status=skipped reason=no_closed_bar_crossover
2026-05-06 04:59:29 INFO mt5_bot - Balance=102029.96 Equity=102029.96 Spread=0.20 pips
2026-05-06 04:59:29 INFO mt5_bot - Signal=NONE reason=no_closed_bar_crossover price=None trend=bullish rsi=79.0 atr_pips=8.2 adx=45.0
2026-05-06 04:59:29 INFO mt5_bot - ADX boost: adx=45.0 \u2192 risk_pct=1.88%
2026-05-06 04:59:29 INFO mt5_bot - Execution status=skipped reason=no_closed_bar_crossover
2026-05-06 04:59:44 INFO mt5_bot - Balance=102029.96 Equity=102029.96 Spread=0.20 pips
2026-05-06 04:59:44 INFO mt5_bot - Signal=NONE reason=no_closed_bar_crossover price=None trend=bullish rsi=79.0 atr_pips=8.2 adx=45.0
2026-05-06 04:59:44 INFO mt5_bot - ADX boost: adx=45.0 \u2192 risk_pct=1.88%
2026-05-06 04:59:44 INFO mt5_bot - Execution status=skipped reason=no_closed_bar_crossover
2026-05-06 04:59:59 INFO mt5_bot - Balance=102029.96 Equity=102029.96 Spread=0.20 pips
2026-05-06 04:59:59 INFO mt5_bot - Signal=NONE reason=no_closed_bar_crossover price=None trend=bullish rsi=79.0 atr_pips=8.2 adx=45.0
2026-05-06 04:59:59 INFO mt5_bot - ADX boost: adx=45.0 \u2192 risk_pct=1.88%
2026-05-06 04:59:59 INFO mt5_bot - Execution status=skipped reason=no_closed_bar_crossover
2026-05-06 05:00:14 INFO mt5_bot - Balance=102029.96 Equity=102029.96 Spread=0.20 pips
2026-05-06 05:00:14 INFO mt5_bot.news_filter - news_filter: loaded 115 events from ForexFactory/cache
2026-05-06 05:00:14 INFO mt5_bot - Signal=NONE reason=no_closed_bar_crossover price=None trend=bullish rsi=79.8 atr_pips=8.1 adx=47.1
2026-05-06 05:00:14 INFO mt5_bot - ADX boost: adx=47.1 \u2192 risk_pct=1.88%
2026-05-06 05:00:14 INFO mt5_bot - Execution status=skipped reason=no_closed_bar_crossover
2026-05-06 05:00:29 INFO mt5_bot - Balance=102029.96 Equity=102029.96 Spread=0.20 pips
2026-05-06 05:00:29 INFO mt5_bot - Signal=NONE reason=no_closed_bar_crossover price=None trend=bullish rsi=79.8 atr_pips=8.1 adx=47.1
2026-05-06 05:00:29 INFO mt5_bot - ADX boost: adx=47.1 \u2192 risk_pct=1.88%
2026-05-06 05:00:29 INFO mt5_bot - Execution status=skipped reason=no_closed_bar_crossover
2026-05-06 05:00:44 INFO mt5_bot - Balance=102029.96 Equity=102029.96 Spread=0.20 pips
2026-05-06 05:00:44 INFO mt5_bot - Signal=NONE reason=no_closed_bar_crossover price=None trend=bullish rsi=79.8 atr_pips=8.1 adx=47.1
2026-05-06 05:00:44 INFO mt5_bot - ADX boost: adx=47.1 \u2192 risk_pct=1.88%
2026-05-06 05:00:44 INFO mt5_bot - Execution status=skipped reason=no_closed_bar_crossover
2026-05-06 05:00:59 INFO mt5_bot - Balance=102029.96 Equity=102029.96 Spread=0.20 pips
2026-05-06 05:00:59 INFO mt5_bot - Signal=NONE reason=no_closed_bar_crossover price=None trend=bullish rsi=79.8 atr_pips=8.1 adx=47.1
2026-05-06 05:00:59 INFO mt5_bot - ADX boost: adx=47.1 \u2192 risk_pct=1.88%
2026-05-06 05:00:59 INFO mt5_bot - Execution status=skipped reason=no_closed_bar_crossover
2026-05-06 05:01:14 INFO mt5_bot - Balance=102029.96 Equity=102029.96 Spread=0.20 pips
2026-05-06 05:01:14 INFO mt5_bot - Signal=NONE reason=no_closed_bar_crossover price=None trend=bullish rsi=79.8 atr_pips=8.1 adx=47.1
2026-05-06 05:01:14 INFO mt5_bot - ADX boost: adx=47.1 \u2192 risk_pct=1.88%
2026-05-06 05:01:14 INFO mt5_bot - Execution status=skipped reason=no_closed_bar_crossover
2026-05-06 05:01:29 INFO mt5_bot - Balance=102029.96 Equity=102029.96 Spread=0.20 pips
2026-05-06 05:01:29 INFO mt5_bot - Signal=NONE reason=no_closed_bar_crossover price=None trend=bullish rsi=79.8 atr_pips=8.1 adx=47.1
2026-05-06 05:01:29 INFO mt5_bot - ADX boost: adx=47.1 \u2192 risk_pct=1.88%
2026-05-06 05:01:29 INFO mt5_bot - Execution status=skipped reason=no_closed_bar_crossover
2026-05-06 05:01:44 INFO mt5_bot - Balance=102029.96 Equity=102029.96 Spread=0.60 pips
2026-05-06 05:01:44 INFO mt5_bot - Signal=NONE reason=no_closed_bar_crossover price=None trend=bullish rsi=79.8 atr_pips=8.1 adx=47.1
2026-05-06 05:01:44 INFO mt5_bot - ADX boost: adx=47.1 \u2192 risk_pct=1.88%
2026-05-06 05:01:44 INFO mt5_bot - Execution status=skipped reason=no_closed_bar_crossover
2026-05-06 05:01:59 INFO mt5_bot - Balance=102029.96 Equity=102029.96 Spread=0.50 pips
2026-05-06 05:01:59 INFO mt5_bot - Signal=NONE reason=no_closed_bar_crossover price=None trend=bullish rsi=79.8 atr_pips=8.1 adx=47.1
2026-05-06 05:01:59 INFO mt5_bot - ADX boost: adx=47.1 \u2192 risk_pct=1.88%
2026-05-06 05:01:59 INFO mt5_bot - Execution status=skipped reason=no_closed_bar_crossover
2026-05-06 05:02:14 INFO mt5_bot - Balance=102029.96 Equity=102029.96 Spread=0.20 pips
2026-05-06 05:02:14 INFO mt5_bot - Signal=NONE reason=no_closed_bar_crossover price=None trend=bullish rsi=79.8 atr_pips=8.1 adx=47.1
2026-05-06 05:02:14 INFO mt5_bot - ADX boost: adx=47.1 \u2192 risk_pct=1.88%
2026-05-06 05:02:14 INFO mt5_bot - Execution status=skipped reason=no_closed_bar_crossover
2026-05-06 05:02:29 INFO mt5_bot - Balance=102029.96 Equity=102029.96 Spread=0.20 pips
2026-05-06 05:02:29 INFO mt5_bot - Signal=NONE reason=no_closed_bar_crossover price=None trend=bullish rsi=79.8 atr_pips=8.1 adx=47.1
2026-05-06 05:02:29 INFO mt5_bot - ADX boost: adx=47.1 \u2192 risk_pct=1.88%
2026-05-06 05:02:29 INFO mt5_bot - Execution status=skipped reason=no_closed_bar_crossover
2026-05-06 05:02:44 INFO mt5_bot - Balance=102029.96 Equity=102029.96 Spread=0.20 pips
2026-05-06 05:02:44 INFO mt5_bot - Signal=NONE reason=no_closed_bar_crossover price=None trend=bullish rsi=79.8 atr_pips=8.1 adx=47.1
2026-05-06 05:02:44 INFO mt5_bot - ADX boost: adx=47.1 \u2192 risk_pct=1.88%
2026-05-06 05:02:44 INFO mt5_bot - Execution status=skipped reason=no_closed_bar_crossover
2026-05-06 05:02:59 INFO mt5_bot - Balance=102029.96 Equity=102029.96 Spread=0.20 pips
2026-05-06 05:02:59 INFO mt5_bot - Signal=NONE reason=no_closed_bar_crossover price=None trend=bullish rsi=79.8 atr_pips=8.1 adx=47.1
2026-05-06 05:02:59 INFO mt5_bot - ADX boost: adx=47.1 \u2192 risk_pct=1.88%
2026-05-06 05:02:59 INFO mt5_bot - Execution status=skipped reason=no_closed_bar_crossover
2026-05-06 05:03:14 INFO mt5_bot - Balance=102029.96 Equity=102029.96 Spread=0.40 pips
2026-05-06 05:03:14 INFO mt5_bot - Signal=NONE reason=no_closed_bar_crossover price=None trend=bullish rsi=79.8 atr_pips=8.1 adx=47.1
2026-05-06 05:03:14 INFO mt5_bot - ADX boost: adx=47.1 \u2192 risk_pct=1.88%
2026-05-06 05:03:14 INFO mt5_bot - Execution status=skipped reason=no_closed_bar_crossover
2026-05-06 05:03:29 INFO mt5_bot - Balance=102029.96 Equity=102029.96 Spread=0.20 pips
2026-05-06 05:03:29 INFO mt5_bot - Signal=NONE reason=no_closed_bar_crossover price=None trend=bullish rsi=79.8 atr_pips=8.1 adx=47.1
2026-05-06 05:03:29 INFO mt5_bot - ADX boost: adx=47.1 \u2192 risk_pct=1.88%
2026-05-06 05:03:29 INFO mt5_bot - Execution status=skipped reason=no_closed_bar_crossover
2026-05-06 05:03:44 INFO mt5_bot - Balance=102029.96 Equity=102029.96 Spread=0.20 pips
2026-05-06 05:03:44 INFO mt5_bot - Signal=NONE reason=no_closed_bar_crossover price=None trend=bullish rsi=79.8 atr_pips=8.1 adx=47.1
2026-05-06 05:03:44 INFO mt5_bot - ADX boost: adx=47.1 \u2192 risk_pct=1.88%
2026-05-06 05:03:44 INFO mt5_bot - Execution status=skipped reason=no_closed_bar_crossover
2026-05-06 05:03:59 INFO mt5_bot - Balance=102029.96 Equity=102029.96 Spread=0.20 pips
2026-05-06 05:03:59 INFO mt5_bot - Signal=NONE reason=no_closed_bar_crossover price=None trend=bullish rsi=79.8 atr_pips=8.1 adx=47.1
2026-05-06 05:03:59 INFO mt5_bot - ADX boost: adx=47.1 \u2192 risk_pct=1.88%
2026-05-06 05:03:59 INFO mt5_bot - Execution status=skipped reason=no_closed_bar_crossover
2026-05-06 05:04:14 INFO mt5_bot - Balance=102029.96 Equity=102029.96 Spread=0.20 pips
2026-05-06 05:04:14 INFO mt5_bot - Signal=NONE reason=no_closed_bar_crossover price=None trend=bullish rsi=79.8 atr_pips=8.1 adx=47.1
2026-05-06 05:04:14 INFO mt5_bot - ADX boost: adx=47.1 \u2192 risk_pct=1.88%
2026-05-06 05:04:14 INFO mt5_bot - Execution status=skipped reason=no_closed_bar_crossover
2026-05-06 05:04:29 INFO mt5_bot - Balance=102029.96 Equity=102029.96 Spread=0.20 pips
2026-05-06 05:04:29 INFO mt5_bot - Signal=NONE reason=no_closed_bar_crossover price=None trend=bullish rsi=79.8 atr_pips=8.1 adx=47.1
2026-05-06 05:04:29 INFO mt5_bot - ADX boost: adx=47.1 \u2192 risk_pct=1.88%
2026-05-06 05:04:29 INFO mt5_bot - Execution status=skipped reason=no_closed_bar_crossover
2026-05-06 05:04:44 INFO mt5_bot - Balance=102029.96 Equity=102029.96 Spread=0.20 pips
2026-05-06 05:04:44 INFO mt5_bot - Signal=NONE reason=no_closed_bar_crossover price=None trend=bullish rsi=79.8 atr_pips=8.1 adx=47.1
2026-05-06 05:04:44 INFO mt5_bot - ADX boost: adx=47.1 \u2192 risk_pct=1.88%
2026-05-06 05:04:44 INFO mt5_bot - Execution status=skipped reason=no_closed_bar_crossover
2026-05-06 05:04:59 INFO mt5_bot - Balance=102029.96 Equity=102029.96 Spread=0.20 pips
2026-05-06 05:04:59 INFO mt5_bot - Signal=NONE reason=no_closed_bar_crossover price=None trend=bullish rsi=79.8 atr_pips=8.1 adx=47.1
2026-05-06 05:04:59 INFO mt5_bot - ADX boost: adx=47.1 \u2192 risk_pct=1.88%
2026-05-06 05:04:59 INFO mt5_bot - Execution status=skipped reason=no_closed_bar_crossover
2026-05-06 05:05:14 INFO mt5_bot - Balance=102029.96 Equity=102029.96 Spread=0.20 pips
2026-05-06 05:05:14 INFO mt5_bot - Signal=NONE reason=no_closed_bar_crossover price=None trend=bullish rsi=79.8 atr_pips=8.1 adx=47.1
2026-05-06 05:05:14 INFO mt5_bot - ADX boost: adx=47.1 \u2192 risk_pct=1.88%
2026-05-06 05:05:14 INFO mt5_bot - Execution status=skipped reason=no_closed_bar_crossover
2026-05-06 05:05:29 INFO mt5_bot - Balance=102029.96 Equity=102029.96 Spread=0.20 pips
2026-05-06 05:05:29 INFO mt5_bot - Signal=NONE reason=no_closed_bar_crossover price=None trend=bullish rsi=79.8 atr_pips=8.1 adx=47.1
2026-05-06 05:05:29 INFO mt5_bot - ADX boost: adx=47.1 \u2192 risk_pct=1.88%
2026-05-06 05:05:29 INFO mt5_bot - Execution status=skipped reason=no_closed_bar_crossover
2026-05-06 05:05:44 INFO mt5_bot - Balance=102029.96 Equity=102029.96 Spread=0.20 pips
2026-05-06 05:05:44 INFO mt5_bot - Signal=NONE reason=no_closed_bar_crossover price=None trend=bullish rsi=79.8 atr_pips=8.1 adx=47.1
2026-05-06 05:05:44 INFO mt5_bot - ADX boost: adx=47.1 \u2192 risk_pct=1.88%
2026-05-06 05:05:44 INFO mt5_bot - Execution status=skipped reason=no_closed_bar_crossover
2026-05-06 05:05:59 INFO mt5_bot - Balance=102029.96 Equity=102029.96 Spread=0.40 pips
2026-05-06 05:05:59 INFO mt5_bot - Signal=NONE reason=no_closed_bar_crossover price=None trend=bullish rsi=79.8 atr_pips=8.1 adx=47.1
2026-05-06 05:05:59 INFO mt5_bot - ADX boost: adx=47.1 \u2192 risk_pct=1.88%
2026-05-06 05:05:59 INFO mt5_bot - Execution status=skipped reason=no_closed_bar_crossover
2026-05-06 05:06:14 INFO mt5_bot - Balance=102029.96 Equity=102029.96 Spread=0.20 pips
2026-05-06 05:06:14 INFO mt5_bot - Signal=NONE reason=no_closed_bar_crossover price=None trend=bullish rsi=79.8 atr_pips=8.1 adx=47.1
2026-05-06 05:06:14 INFO mt5_bot - ADX boost: adx=47.1 \u2192 risk_pct=1.88%
2026-05-06 05:06:14 INFO mt5_bot - Execution status=skipped reason=no_closed_bar_crossover
2026-05-06 05:06:29 INFO mt5_bot - Balance=102029.96 Equity=102029.96 Spread=0.20 pips
2026-05-06 05:06:29 INFO mt5_bot - Signal=NONE reason=no_closed_bar_crossover price=None trend=bullish rsi=79.8 atr_pips=8.1 adx=47.1
2026-05-06 05:06:29 INFO mt5_bot - ADX boost: adx=47.1 \u2192 risk_pct=1.88%
2026-05-06 05:06:29 INFO mt5_bot - Execution status=skipped reason=no_closed_bar_crossover
2026-05-06 05:06:44 INFO mt5_bot - Balance=102029.96 Equity=102029.96 Spread=0.20 pips
2026-05-06 05:06:44 INFO mt5_bot - Signal=NONE reason=no_closed_bar_crossover price=None trend=bullish rsi=79.8 atr_pips=8.1 adx=47.1
2026-05-06 05:06:44 INFO mt5_bot - ADX boost: adx=47.1 \u2192 risk_pct=1.88%
2026-05-06 05:06:44 INFO mt5_bot - Execution status=skipped reason=no_closed_bar_crossover
2026-05-06 05:06:59 INFO mt5_bot - Balance=102029.96 Equity=102029.96 Spread=0.20 pips
2026-05-06 05:06:59 INFO mt5_bot - Signal=NONE reason=no_closed_bar_crossover price=None trend=bullish rsi=79.8 atr_pips=8.1 adx=47.1
2026-05-06 05:06:59 INFO mt5_bot - ADX boost: adx=47.1 \u2192 risk_pct=1.88%
2026-05-06 05:06:59 INFO mt5_bot - Execution status=skipped reason=no_closed_bar_crossover
2026-05-06 05:07:14 INFO mt5_bot - Balance=102029.96 Equity=102029.96 Spread=0.20 pips
2026-05-06 05:07:14 INFO mt5_bot - Signal=NONE reason=no_closed_bar_crossover price=None trend=bullish rsi=79.8 atr_pips=8.1 adx=47.1
2026-05-06 05:07:14 INFO mt5_bot - ADX boost: adx=47.1 \u2192 risk_pct=1.88%
2026-05-06 05:07:14 INFO mt5_bot - Execution status=skipped reason=no_closed_bar_crossover
2026-05-06 05:07:29 INFO mt5_bot - Balance=102029.96 Equity=102029.96 Spread=0.20 pips
2026-05-06 05:07:29 INFO mt5_bot - Signal=NONE reason=no_closed_bar_crossover price=None trend=bullish rsi=79.8 atr_pips=8.1 adx=47.1
2026-05-06 05:07:29 INFO mt5_bot - ADX boost: adx=47.1 \u2192 risk_pct=1.88%
2026-05-06 05:07:29 INFO mt5_bot - Execution status=skipped reason=no_closed_bar_crossover
2026-05-06 05:07:44 INFO mt5_bot - Balance=102029.96 Equity=102029.96 Spread=0.50 pips
2026-05-06 05:07:44 INFO mt5_bot - Signal=NONE reason=no_closed_bar_crossover price=None trend=bullish rsi=79.8 atr_pips=8.1 adx=47.1
2026-05-06 05:07:44 INFO mt5_bot - ADX boost: adx=47.1 \u2192 risk_pct=1.88%
2026-05-06 05:07:44 INFO mt5_bot - Execution status=skipped reason=no_closed_bar_crossover
2026-05-06 05:07:59 INFO mt5_bot - Balance=102029.96 Equity=102029.96 Spread=0.20 pips
2026-05-06 05:07:59 INFO mt5_bot - Signal=NONE reason=no_closed_bar_crossover price=None trend=bullish rsi=79.8 atr_pips=8.1 adx=47.1
2026-05-06 05:07:59 INFO mt5_bot - ADX boost: adx=47.1 \u2192 risk_pct=1.88%
2026-05-06 05:07:59 INFO mt5_bot - Execution status=skipped reason=no_closed_bar_crossover
2026-05-06 05:08:14 INFO mt5_bot - Balance=102029.96 Equity=102029.96 Spread=0.20 pips
2026-05-06 05:08:14 INFO mt5_bot - Signal=NONE reason=no_closed_bar_crossover price=None trend=bullish rsi=79.8 atr_pips=8.1 adx=47.1
2026-05-06 05:08:14 INFO mt5_bot - ADX boost: adx=47.1 \u2192 risk_pct=1.88%
2026-05-06 05:08:14 INFO mt5_bot - Execution status=skipped reason=no_closed_bar_crossover
2026-05-06 05:08:29 INFO mt5_bot - Balance=102029.96 Equity=102029.96 Spread=0.20 pips
2026-05-06 05:08:29 INFO mt5_bot - Signal=NONE reason=no_closed_bar_crossover price=None trend=bullish rsi=79.8 atr_pips=8.1 adx=47.1
2026-05-06 05:08:29 INFO mt5_bot - ADX boost: adx=47.1 \u2192 risk_pct=1.88%
2026-05-06 05:08:29 INFO mt5_bot - Execution status=skipped reason=no_closed_bar_crossover
2026-05-06 05:08:44 INFO mt5_bot - Balance=102029.96 Equity=102029.96 Spread=0.20 pips
2026-05-06 05:08:44 INFO mt5_bot - Signal=NONE reason=no_closed_bar_crossover price=None trend=bullish rsi=79.8 atr_pips=8.1 adx=47.1
2026-05-06 05:08:44 INFO mt5_bot - ADX boost: adx=47.1 \u2192 risk_pct=1.88%
2026-05-06 05:08:44 INFO mt5_bot - Execution status=skipped reason=no_closed_bar_crossover
2026-05-06 05:08:59 INFO mt5_bot - Balance=102029.96 Equity=102029.96 Spread=0.20 pips
2026-05-06 05:08:59 INFO mt5_bot - Signal=NONE reason=no_closed_bar_crossover price=None trend=bullish rsi=79.8 atr_pips=8.1 adx=47.1
2026-05-06 05:08:59 INFO mt5_bot - ADX boost: adx=47.1 \u2192 risk_pct=1.88%
2026-05-06 05:08:59 INFO mt5_bot - Execution status=skipped reason=no_closed_bar_crossover
2026-05-06 05:09:14 INFO mt5_bot - Balance=102029.96 Equity=102029.96 Spread=0.20 pips
2026-05-06 05:09:14 INFO mt5_bot - Signal=NONE reason=no_closed_bar_crossover price=None trend=bullish rsi=79.8 atr_pips=8.1 adx=47.1
2026-05-06 05:09:14 INFO mt5_bot - ADX boost: adx=47.1 \u2192 risk_pct=1.88%
2026-05-06 05:09:14 INFO mt5_bot - Execution status=skipped reason=no_closed_bar_crossover
2026-05-06 05:09:29 INFO mt5_bot - Balance=102029.96 Equity=102029.96 Spread=0.60 pips
2026-05-06 05:09:29 INFO mt5_bot - Signal=NONE reason=no_closed_bar_crossover price=None trend=bullish rsi=79.8 atr_pips=8.1 adx=47.1
2026-05-06 05:09:29 INFO mt5_bot - ADX boost: adx=47.1 \u2192 risk_pct=1.88%
2026-05-06 05:09:29 INFO mt5_bot - Execution status=skipped reason=no_closed_bar_crossover
2026-05-06 05:09:44 INFO mt5_bot - Balance=102029.96 Equity=102029.96 Spread=0.20 pips
2026-05-06 05:09:44 INFO mt5_bot - Signal=NONE reason=no_closed_bar_crossover price=None trend=bullish rsi=79.8 atr_pips=8.1 adx=47.1
2026-05-06 05:09:44 INFO mt5_bot - ADX boost: adx=47.1 \u2192 risk_pct=1.88%
2026-05-06 05:09:44 INFO mt5_bot - Execution status=skipped reason=no_closed_bar_crossover
2026-05-06 05:09:59 INFO mt5_bot - Balance=102029.96 Equity=102029.96 Spread=0.20 pips
2026-05-06 05:09:59 INFO mt5_bot - Signal=NONE reason=no_closed_bar_crossover price=None trend=bullish rsi=79.8 atr_pips=8.1 adx=47.1
2026-05-06 05:09:59 INFO mt5_bot - ADX boost: adx=47.1 \u2192 risk_pct=1.88%
2026-05-06 05:09:59 INFO mt5_bot - Execution status=skipped reason=no_closed_bar_crossover
2026-05-06 05:10:15 INFO mt5_bot - Balance=102029.96 Equity=102029.96 Spread=0.20 pips
2026-05-06 05:10:15 INFO mt5_bot - Signal=NONE reason=no_closed_bar_crossover price=None trend=bullish rsi=79.8 atr_pips=8.1 adx=47.1
2026-05-06 05:10:15 INFO mt5_bot - ADX boost: adx=47.1 \u2192 risk_pct=1.88%
2026-05-06 05:10:15 INFO mt5_bot - Execution status=skipped reason=no_closed_bar_crossover
2026-05-06 05:10:30 INFO mt5_bot - Balance=102029.96 Equity=102029.96 Spread=0.20 pips
2026-05-06 05:10:30 INFO mt5_bot - Signal=NONE reason=no_closed_bar_crossover price=None trend=bullish rsi=79.8 atr_pips=8.1 adx=47.1
2026-05-06 05:10:30 INFO mt5_bot - ADX boost: adx=47.1 \u2192 risk_pct=1.88%
2026-05-06 05:10:30 INFO mt5_bot - Execution status=skipped reason=no_closed_bar_crossover
2026-05-06 05:10:45 INFO mt5_bot - Balance=102029.96 Equity=102029.96 Spread=0.80 pips
2026-05-06 05:10:45 INFO mt5_bot - Signal=NONE reason=no_closed_bar_crossover price=None trend=bullish rsi=79.8 atr_pips=8.1 adx=47.1
2026-05-06 05:10:45 INFO mt5_bot - ADX boost: adx=47.1 \u2192 risk_pct=1.88%
2026-05-06 05:10:45 INFO mt5_bot - Execution status=skipped reason=no_closed_bar_crossover
2026-05-06 05:11:00 INFO mt5_bot - Balance=102029.96 Equity=102029.96 Spread=0.20 pips
2026-05-06 05:11:00 INFO mt5_bot - Signal=NONE reason=no_closed_bar_crossover price=None trend=bullish rsi=79.8 atr_pips=8.1 adx=47.1
2026-05-06 05:11:00 INFO mt5_bot - ADX boost: adx=47.1 \u2192 risk_pct=1.88%
2026-05-06 05:11:00 INFO mt5_bot - Execution status=skipped reason=no_closed_bar_crossover
2026-05-06 05:11:15 INFO mt5_bot - Balance=102029.96 Equity=102029.96 Spread=0.20 pips
2026-05-06 05:11:15 INFO mt5_bot - Signal=NONE reason=no_closed_bar_crossover price=None trend=bullish rsi=79.8 atr_pips=8.1 adx=47.1
2026-05-06 05:11:15 INFO mt5_bot - ADX boost: adx=47.1 \u2192 risk_pct=1.88%
2026-05-06 05:11:15 INFO mt5_bot - Execution status=skipped reason=no_closed_bar_crossover
2026-05-06 05:11:30 INFO mt5_bot - Balance=102029.96 Equity=102029.96 Spread=0.60 pips
2026-05-06 05:11:30 INFO mt5_bot - Signal=NONE reason=no_closed_bar_crossover price=None trend=bullish rsi=79.8 atr_pips=8.1 adx=47.1
2026-05-06 05:11:30 INFO mt5_bot - ADX boost: adx=47.1 \u2192 risk_pct=1.88%
2026-05-06 05:11:30 INFO mt5_bot - Execution status=skipped reason=no_closed_bar_crossover
2026-05-06 05:11:45 INFO mt5_bot - Balance=102029.96 Equity=102029.96 Spread=0.60 pips
2026-05-06 05:11:45 INFO mt5_bot - Signal=NONE reason=no_closed_bar_crossover price=None trend=bullish rsi=79.8 atr_pips=8.1 adx=47.1
2026-05-06 05:11:45 INFO mt5_bot - ADX boost: adx=47.1 \u2192 risk_pct=1.88%
2026-05-06 05:11:45 INFO mt5_bot - Execution status=skipped reason=no_closed_bar_crossover
2026-05-06 05:12:00 INFO mt5_bot - Balance=102029.96 Equity=102029.96 Spread=0.50 pips
2026-05-06 05:12:00 INFO mt5_bot - Signal=NONE reason=no_closed_bar_crossover price=None trend=bullish rsi=79.8 atr_pips=8.1 adx=47.1
2026-05-06 05:12:00 INFO mt5_bot - ADX boost: adx=47.1 \u2192 risk_pct=1.88%
2026-05-06 05:12:00 INFO mt5_bot - Execution status=skipped reason=no_closed_bar_crossover
2026-05-06 05:12:15 INFO mt5_bot - Balance=102029.96 Equity=102029.96 Spread=0.20 pips
2026-05-06 05:12:15 INFO mt5_bot - Signal=NONE reason=no_closed_bar_crossover price=None trend=bullish rsi=79.8 atr_pips=8.1 adx=47.1
2026-05-06 05:12:15 INFO mt5_bot - ADX boost: adx=47.1 \u2192 risk_pct=1.88%
2026-05-06 05:12:15 INFO mt5_bot - Execution status=skipped reason=no_closed_bar_crossover
2026-05-06 05:12:30 INFO mt5_bot - Balance=102029.96 Equity=102029.96 Spread=0.20 pips
2026-05-06 05:12:30 INFO mt5_bot - Signal=NONE reason=no_closed_bar_crossover price=None trend=bullish rsi=79.8 atr_pips=8.1 adx=47.1
2026-05-06 05:12:30 INFO mt5_bot - ADX boost: adx=47.1 \u2192 risk_pct=1.88%
2026-05-06 05:12:30 INFO mt5_bot - Execution status=skipped reason=no_closed_bar_crossover
2026-05-06 05:12:45 INFO mt5_bot - Balance=102029.96 Equity=102029.96 Spread=0.80 pips
2026-05-06 05:12:45 INFO mt5_bot - Signal=NONE reason=no_closed_bar_crossover price=None trend=bullish rsi=79.8 atr_pips=8.1 adx=47.1
2026-05-06 05:12:45 INFO mt5_bot - ADX boost: adx=47.1 \u2192 risk_pct=1.88%
2026-05-06 05:12:45 INFO mt5_bot - Execution status=skipped reason=no_closed_bar_crossover
2026-05-06 05:13:00 INFO mt5_bot - Balance=102029.96 Equity=102029.96 Spread=0.20 pips
2026-05-06 05:13:00 INFO mt5_bot - Signal=NONE reason=no_closed_bar_crossover price=None trend=bullish rsi=79.8 atr_pips=8.1 adx=47.1
2026-05-06 05:13:00 INFO mt5_bot - ADX boost: adx=47.1 \u2192 risk_pct=1.88%
2026-05-06 05:13:00 INFO mt5_bot - Execution status=skipped reason=no_closed_bar_crossover
2026-05-06 05:13:15 INFO mt5_bot - Balance=102029.96 Equity=102029.96 Spread=0.20 pips
2026-05-06 05:13:15 INFO mt5_bot - Signal=NONE reason=no_closed_bar_crossover price=None trend=bullish rsi=79.8 atr_pips=8.1 adx=47.1
2026-05-06 05:13:15 INFO mt5_bot - ADX boost: adx=47.1 \u2192 risk_pct=1.88%
2026-05-06 05:13:15 INFO mt5_bot - Execution status=skipped reason=no_closed_bar_crossover
2026-05-06 05:13:30 INFO mt5_bot - Balance=102029.96 Equity=102029.96 Spread=0.20 pips
2026-05-06 05:13:30 INFO mt5_bot - Signal=NONE reason=no_closed_bar_crossover price=None trend=bullish rsi=79.8 atr_pips=8.1 adx=47.1
2026-05-06 05:13:30 INFO mt5_bot - ADX boost: adx=47.1 \u2192 risk_pct=1.88%
2026-05-06 05:13:30 INFO mt5_bot - Execution status=skipped reason=no_closed_bar_crossover
2026-05-06 05:13:45 INFO mt5_bot - Balance=102029.96 Equity=102029.96 Spread=0.20 pips
2026-05-06 05:13:45 INFO mt5_bot - Signal=NONE reason=no_closed_bar_crossover price=None trend=bullish rsi=79.8 atr_pips=8.1 adx=47.1
2026-05-06 05:13:45 INFO mt5_bot - ADX boost: adx=47.1 \u2192 risk_pct=1.88%
2026-05-06 05:13:45 INFO mt5_bot - Execution status=skipped reason=no_closed_bar_crossover
2026-05-06 05:14:00 INFO mt5_bot - Balance=102029.96 Equity=102029.96 Spread=0.20 pips
2026-05-06 05:14:00 INFO mt5_bot - Signal=NONE reason=no_closed_bar_crossover price=None trend=bullish rsi=79.8 atr_pips=8.1 adx=47.1
2026-05-06 05:14:00 INFO mt5_bot - ADX boost: adx=47.1 \u2192 risk_pct=1.88%
2026-05-06 05:14:00 INFO mt5_bot - Execution status=skipped reason=no_closed_bar_crossover
2026-05-06 05:14:15 INFO mt5_bot - Balance=102029.96 Equity=102029.96 Spread=0.20 pips
2026-05-06 05:14:15 INFO mt5_bot - Signal=NONE reason=no_closed_bar_crossover price=None trend=bullish rsi=79.8 atr_pips=8.1 adx=47.1
2026-05-06 05:14:15 INFO mt5_bot - ADX boost: adx=47.1 \u2192 risk_pct=1.88%
2026-05-06 05:14:15 INFO mt5_bot - Execution status=skipped reason=no_closed_bar_crossover
2026-05-06 05:14:30 INFO mt5_bot - Balance=102029.96 Equity=102029.96 Spread=0.20 pips
2026-05-06 05:14:30 INFO mt5_bot - Signal=NONE reason=no_closed_bar_crossover price=None trend=bullish rsi=79.8 atr_pips=8.1 adx=47.1
2026-05-06 05:14:30 INFO mt5_bot - ADX boost: adx=47.1 \u2192 risk_pct=1.88%
2026-05-06 05:14:30 INFO mt5_bot - Execution status=skipped reason=no_closed_bar_crossover
2026-05-06 05:14:45 INFO mt5_bot - Balance=102029.96 Equity=102029.96 Spread=0.50 pips
2026-05-06 05:14:45 INFO mt5_bot - Signal=NONE reason=no_closed_bar_crossover price=None trend=bullish rsi=79.8 atr_pips=8.1 adx=47.1
2026-05-06 05:14:45 INFO mt5_bot - ADX boost: adx=47.1 \u2192 risk_pct=1.88%
2026-05-06 05:14:45 INFO mt5_bot - Execution status=skipped reason=no_closed_bar_crossover
2026-05-06 05:15:00 INFO mt5_bot - Balance=102029.96 Equity=102029.96 Spread=0.20 pips
2026-05-06 05:15:00 INFO mt5_bot - Signal=NONE reason=no_closed_bar_crossover price=None trend=bullish rsi=73.3 atr_pips=8.2 adx=48.5
2026-05-06 05:15:00 INFO mt5_bot - ADX boost: adx=48.5 \u2192 risk_pct=1.88%
2026-05-06 05:15:00 INFO mt5_bot - Execution status=skipped reason=no_closed_bar_crossover
2026-05-06 05:15:15 INFO mt5_bot - Balance=102029.96 Equity=102029.96 Spread=0.20 pips
2026-05-06 05:15:15 INFO mt5_bot - Signal=NONE reason=no_closed_bar_crossover price=None trend=bullish rsi=73.3 atr_pips=8.2 adx=48.5
2026-05-06 05:15:15 INFO mt5_bot - ADX boost: adx=48.5 \u2192 risk_pct=1.88%
2026-05-06 05:15:15 INFO mt5_bot - Execution status=skipped reason=no_closed_bar_crossover
2026-05-06 05:15:30 INFO mt5_bot - Balance=102029.96 Equity=102029.96 Spread=0.20 pips
2026-05-06 05:15:30 INFO mt5_bot - Signal=NONE reason=no_closed_bar_crossover price=None trend=bullish rsi=73.3 atr_pips=8.2 adx=48.5
2026-05-06 05:15:30 INFO mt5_bot - ADX boost: adx=48.5 \u2192 risk_pct=1.88%
2026-05-06 05:15:30 INFO mt5_bot - Execution status=skipped reason=no_closed_bar_crossover
2026-05-06 05:15:45 INFO mt5_bot - Balance=102029.96 Equity=102029.96 Spread=0.20 pips
2026-05-06 05:15:45 INFO mt5_bot - Signal=NONE reason=no_closed_bar_crossover price=None trend=bullish rsi=73.3 atr_pips=8.2 adx=48.5
2026-05-06 05:15:45 INFO mt5_bot - ADX boost: adx=48.5 \u2192 risk_pct=1.88%
2026-05-06 05:15:45 INFO mt5_bot - Execution status=skipped reason=no_closed_bar_crossover
2026-05-06 05:16:00 INFO mt5_bot - Balance=102029.96 Equity=102029.96 Spread=0.20 pips
2026-05-06 05:16:00 INFO mt5_bot - Signal=NONE reason=no_closed_bar_crossover price=None trend=bullish rsi=73.3 atr_pips=8.2 adx=48.5
2026-05-06 05:16:00 INFO mt5_bot - ADX boost: adx=48.5 \u2192 risk_pct=1.88%
2026-05-06 05:16:00 INFO mt5_bot - Execution status=skipped reason=no_closed_bar_crossover
2026-05-06 05:16:15 INFO mt5_bot - Balance=102029.96 Equity=102029.96 Spread=0.20 pips
2026-05-06 05:16:15 INFO mt5_bot - Signal=NONE reason=no_closed_bar_crossover price=None trend=bullish rsi=73.3 atr_pips=8.2 adx=48.5
2026-05-06 05:16:15 INFO mt5_bot - ADX boost: adx=48.5 \u2192 risk_pct=1.88%
2026-05-06 05:16:15 INFO mt5_bot - Execution status=skipped reason=no_closed_bar_crossover
2026-05-06 05:16:30 INFO mt5_bot - Balance=102029.96 Equity=102029.96 Spread=0.20 pips
2026-05-06 05:16:30 INFO mt5_bot - Signal=NONE reason=no_closed_bar_crossover price=None trend=bullish rsi=73.3 atr_pips=8.2 adx=48.5
2026-05-06 05:16:30 INFO mt5_bot - ADX boost: adx=48.5 \u2192 risk_pct=1.88%
2026-05-06 05:16:30 INFO mt5_bot - Execution status=skipped reason=no_closed_bar_crossover
2026-05-06 05:16:45 INFO mt5_bot - Balance=102029.96 Equity=102029.96 Spread=0.20 pips
2026-05-06 05:16:45 INFO mt5_bot - Signal=NONE reason=no_closed_bar_crossover price=None trend=bullish rsi=73.3 atr_pips=8.2 adx=48.5
2026-05-06 05:16:45 INFO mt5_bot - ADX boost: adx=48.5 \u2192 risk_pct=1.88%
2026-05-06 05:16:45 INFO mt5_bot - Execution status=skipped reason=no_closed_bar_crossover
2026-05-06 05:17:00 INFO mt5_bot - Balance=102029.96 Equity=102029.96 Spread=0.20 pips
2026-05-06 05:17:00 INFO mt5_bot - Signal=NONE reason=no_closed_bar_crossover price=None trend=bullish rsi=73.3 atr_pips=8.2 adx=48.5
2026-05-06 05:17:00 INFO mt5_bot - ADX boost: adx=48.5 \u2192 risk_pct=1.88%
2026-05-06 05:17:00 INFO mt5_bot - Execution status=skipped reason=no_closed_bar_crossover
2026-05-06 05:17:15 INFO mt5_bot - Balance=102029.96 Equity=102029.96 Spread=0.60 pips
2026-05-06 05:17:15 INFO mt5_bot - Signal=NONE reason=no_closed_bar_crossover price=None trend=bullish rsi=73.3 atr_pips=8.2 adx=48.5
2026-05-06 05:17:15 INFO mt5_bot - ADX boost: adx=48.5 \u2192 risk_pct=1.88%
2026-05-06 05:17:15 INFO mt5_bot - Execution status=skipped reason=no_closed_bar_crossover
2026-05-06 05:17:30 INFO mt5_bot - Balance=102029.96 Equity=102029.96 Spread=0.20 pips
2026-05-06 05:17:30 INFO mt5_bot - Signal=NONE reason=no_closed_bar_crossover price=None trend=bullish rsi=73.3 atr_pips=8.2 adx=48.5
2026-05-06 05:17:30 INFO mt5_bot - ADX boost: adx=48.5 \u2192 risk_pct=1.88%
2026-05-06 05:17:30 INFO mt5_bot - Execution status=skipped reason=no_closed_bar_crossover
2026-05-06 05:17:45 INFO mt5_bot - Balance=102029.96 Equity=102029.96 Spread=0.20 pips
2026-05-06 05:17:45 INFO mt5_bot - Signal=NONE reason=no_closed_bar_crossover price=None trend=bullish rsi=73.3 atr_pips=8.2 adx=48.5
2026-05-06 05:17:45 INFO mt5_bot - ADX boost: adx=48.5 \u2192 risk_pct=1.88%
2026-05-06 05:17:45 INFO mt5_bot - Execution status=skipped reason=no_closed_bar_crossover
2026-05-06 05:18:00 INFO mt5_bot - Balance=102029.96 Equity=102029.96 Spread=0.20 pips
2026-05-06 05:18:00 INFO mt5_bot - Signal=NONE reason=no_closed_bar_crossover price=None trend=bullish rsi=73.3 atr_pips=8.2 adx=48.5
2026-05-06 05:18:00 INFO mt5_bot - ADX boost: adx=48.5 \u2192 risk_pct=1.88%
2026-05-06 05:18:00 INFO mt5_bot - Execution status=skipped reason=no_closed_bar_crossover
2026-05-06 05:18:15 INFO mt5_bot - Balance=102029.96 Equity=102029.96 Spread=0.20 pips
2026-05-06 05:18:15 INFO mt5_bot - Signal=NONE reason=no_closed_bar_crossover price=None trend=bullish rsi=73.3 atr_pips=8.2 adx=48.5
2026-05-06 05:18:15 INFO mt5_bot - ADX boost: adx=48.5 \u2192 risk_pct=1.88%
2026-05-06 05:18:15 INFO mt5_bot - Execution status=skipped reason=no_closed_bar_crossover
2026-05-06 05:18:30 INFO mt5_bot - Balance=102029.96 Equity=102029.96 Spread=0.20 pips
2026-05-06 05:18:30 INFO mt5_bot - Signal=NONE reason=no_closed_bar_crossover price=None trend=bullish rsi=73.3 atr_pips=8.2 adx=48.5
2026-05-06 05:18:30 INFO mt5_bot - ADX boost: adx=48.5 \u2192 risk_pct=1.88%
2026-05-06 05:18:30 INFO mt5_bot - Execution status=skipped reason=no_closed_bar_crossover
2026-05-06 05:18:45 INFO mt5_bot - Balance=102029.96 Equity=102029.96 Spread=0.20 pips
2026-05-06 05:18:45 INFO mt5_bot - Signal=NONE reason=no_closed_bar_crossover price=None trend=bullish rsi=73.3 atr_pips=8.2 adx=48.5
2026-05-06 05:18:45 INFO mt5_bot - ADX boost: adx=48.5 \u2192 risk_pct=1.88%
2026-05-06 05:18:45 INFO mt5_bot - Execution status=skipped reason=no_closed_bar_crossover
2026-05-06 05:19:00 INFO mt5_bot - Balance=102029.96 Equity=102029.96 Spread=0.20 pips
2026-05-06 05:19:00 INFO mt5_bot - Signal=NONE reason=no_closed_bar_crossover price=None trend=bullish rsi=73.3 atr_pips=8.2 adx=48.5
2026-05-06 05:19:00 INFO mt5_bot - ADX boost: adx=48.5 \u2192 risk_pct=1.88%
2026-05-06 05:19:00 INFO mt5_bot - Execution status=skipped reason=no_closed_bar_crossover
2026-05-06 05:19:15 INFO mt5_bot - Balance=102029.96 Equity=102029.96 Spread=0.20 pips
2026-05-06 05:19:15 INFO mt5_bot - Signal=NONE reason=no_closed_bar_crossover price=None trend=bullish rsi=73.3 atr_pips=8.2 adx=48.5
2026-05-06 05:19:15 INFO mt5_bot - ADX boost: adx=48.5 \u2192 risk_pct=1.88%
2026-05-06 05:19:15 INFO mt5_bot - Execution status=skipped reason=no_closed_bar_crossover
2026-05-06 05:19:30 INFO mt5_bot - Balance=102029.96 Equity=102029.96 Spread=0.20 pips
2026-05-06 05:19:30 INFO mt5_bot - Signal=NONE reason=no_closed_bar_crossover price=None trend=bullish rsi=73.3 atr_pips=8.2 adx=48.5
2026-05-06 05:19:30 INFO mt5_bot - ADX boost: adx=48.5 \u2192 risk_pct=1.88%
2026-05-06 05:19:30 INFO mt5_bot - Execution status=skipped reason=no_closed_bar_crossover
2026-05-06 05:19:45 INFO mt5_bot - Balance=102029.96 Equity=102029.96 Spread=0.20 pips
2026-05-06 05:19:45 INFO mt5_bot - Signal=NONE reason=no_closed_bar_crossover price=None trend=bullish rsi=73.3 atr_pips=8.2 adx=48.5
2026-05-06 05:19:45 INFO mt5_bot - ADX boost: adx=48.5 \u2192 risk_pct=1.88%
2026-05-06 05:19:45 INFO mt5_bot - Execution status=skipped reason=no_closed_bar_crossover
2026-05-06 05:20:00 INFO mt5_bot - Balance=102029.96 Equity=102029.96 Spread=0.20 pips
2026-05-06 05:20:00 INFO mt5_bot - Signal=NONE reason=no_closed_bar_crossover price=None trend=bullish rsi=73.3 atr_pips=8.2 adx=48.5
2026-05-06 05:20:00 INFO mt5_bot - ADX boost: adx=48.5 \u2192 risk_pct=1.88%
2026-05-06 05:20:00 INFO mt5_bot - Execution status=skipped reason=no_closed_bar_crossover
2026-05-06 05:20:15 INFO mt5_bot - Balance=102029.96 Equity=102029.96 Spread=0.70 pips
2026-05-06 05:20:15 INFO mt5_bot - Signal=NONE reason=no_closed_bar_crossover price=None trend=bullish rsi=73.3 atr_pips=8.2 adx=48.5
2026-05-06 05:20:15 INFO mt5_bot - ADX boost: adx=48.5 \u2192 risk_pct=1.88%
2026-05-06 05:20:15 INFO mt5_bot - Execution status=skipped reason=no_closed_bar_crossover
2026-05-06 05:20:30 INFO mt5_bot - Balance=102029.96 Equity=102029.96 Spread=0.20 pips
2026-05-06 05:20:30 INFO mt5_bot - Signal=NONE reason=no_closed_bar_crossover price=None trend=bullish rsi=73.3 atr_pips=8.2 adx=48.5
2026-05-06 05:20:30 INFO mt5_bot - ADX boost: adx=48.5 \u2192 risk_pct=1.88%
2026-05-06 05:20:30 INFO mt5_bot - Execution status=skipped reason=no_closed_bar_crossover
2026-05-06 05:20:45 INFO mt5_bot - Balance=102029.96 Equity=102029.96 Spread=0.20 pips
2026-05-06 05:20:45 INFO mt5_bot - Signal=NONE reason=no_closed_bar_crossover price=None trend=bullish rsi=73.3 atr_pips=8.2 adx=48.5
2026-05-06 05:20:45 INFO mt5_bot - ADX boost: adx=48.5 \u2192 risk_pct=1.88%
2026-05-06 05:20:45 INFO mt5_bot - Execution status=skipped reason=no_closed_bar_crossover
2026-05-06 05:21:00 INFO mt5_bot - Balance=102029.96 Equity=102029.96 Spread=0.20 pips
2026-05-06 05:21:00 INFO mt5_bot - Signal=NONE reason=no_closed_bar_crossover price=None trend=bullish rsi=73.3 atr_pips=8.2 adx=48.5
2026-05-06 05:21:00 INFO mt5_bot - ADX boost: adx=48.5 \u2192 risk_pct=1.88%
2026-05-06 05:21:00 INFO mt5_bot - Execution status=skipped reason=no_closed_bar_crossover
2026-05-06 05:21:15 INFO mt5_bot - Balance=102029.96 Equity=102029.96 Spread=0.20 pips
2026-05-06 05:21:15 INFO mt5_bot - Signal=NONE reason=no_closed_bar_crossover price=None trend=bullish rsi=73.3 atr_pips=8.2 adx=48.5
2026-05-06 05:21:15 INFO mt5_bot - ADX boost: adx=48.5 \u2192 risk_pct=1.88%
2026-05-06 05:21:15 INFO mt5_bot - Execution status=skipped reason=no_closed_bar_crossover
2026-05-06 05:21:30 INFO mt5_bot - Balance=102029.96 Equity=102029.96 Spread=0.20 pips
2026-05-06 05:21:30 INFO mt5_bot - Signal=NONE reason=no_closed_bar_crossover price=None trend=bullish rsi=73.3 atr_pips=8.2 adx=48.5
2026-05-06 05:21:30 INFO mt5_bot - ADX boost: adx=48.5 \u2192 risk_pct=1.88%
2026-05-06 05:21:30 INFO mt5_bot - Execution status=skipped reason=no_closed_bar_crossover
2026-05-06 05:21:45 INFO mt5_bot - Balance=102029.96 Equity=102029.96 Spread=0.50 pips
2026-05-06 05:21:45 INFO mt5_bot - Signal=NONE reason=no_closed_bar_crossover price=None trend=bullish rsi=73.3 atr_pips=8.2 adx=48.5
2026-05-06 05:21:45 INFO mt5_bot - ADX boost: adx=48.5 \u2192 risk_pct=1.88%
2026-05-06 05:21:45 INFO mt5_bot - Execution status=skipped reason=no_closed_bar_crossover
2026-05-06 05:22:00 INFO mt5_bot - Balance=102029.96 Equity=102029.96 Spread=0.20 pips
2026-05-06 05:22:00 INFO mt5_bot - Signal=NONE reason=no_closed_bar_crossover price=None trend=bullish rsi=73.3 atr_pips=8.2 adx=48.5
2026-05-06 05:22:00 INFO mt5_bot - ADX boost: adx=48.5 \u2192 risk_pct=1.88%
2026-05-06 05:22:00 INFO mt5_bot - Execution status=skipped reason=no_closed_bar_crossover
2026-05-06 05:22:15 INFO mt5_bot - Balance=102029.96 Equity=102029.96 Spread=0.50 pips
2026-05-06 05:22:15 INFO mt5_bot - Signal=NONE reason=no_closed_bar_crossover price=None trend=bullish rsi=73.3 atr_pips=8.2 adx=48.5
2026-05-06 05:22:15 INFO mt5_bot - ADX boost: adx=48.5 \u2192 risk_pct=1.88%
2026-05-06 05:22:15 INFO mt5_bot - Execution status=skipped reason=no_closed_bar_crossover
2026-05-06 05:22:30 INFO mt5_bot - Balance=102029.96 Equity=102029.96 Spread=0.20 pips
2026-05-06 05:22:30 INFO mt5_bot - Signal=NONE reason=no_closed_bar_crossover price=None trend=bullish rsi=73.3 atr_pips=8.2 adx=48.5
2026-05-06 05:22:30 INFO mt5_bot - ADX boost: adx=48.5 \u2192 risk_pct=1.88%
2026-05-06 05:22:30 INFO mt5_bot - Execution status=skipped reason=no_closed_bar_crossover
2026-05-06 05:22:45 INFO mt5_bot - Balance=102029.96 Equity=102029.96 Spread=0.20 pips
2026-05-06 05:22:45 INFO mt5_bot - Signal=NONE reason=no_closed_bar_crossover price=None trend=bullish rsi=73.3 atr_pips=8.2 adx=48.5
2026-05-06 05:22:45 INFO mt5_bot - ADX boost: adx=48.5 \u2192 risk_pct=1.88%
2026-05-06 05:22:45 INFO mt5_bot - Execution status=skipped reason=no_closed_bar_crossover
2026-05-06 05:23:00 INFO mt5_bot - Balance=102029.96 Equity=102029.96 Spread=0.20 pips
2026-05-06 05:23:00 INFO mt5_bot - Signal=NONE reason=no_closed_bar_crossover price=None trend=bullish rsi=73.3 atr_pips=8.2 adx=48.5
2026-05-06 05:23:00 INFO mt5_bot - ADX boost: adx=48.5 \u2192 risk_pct=1.88%
2026-05-06 05:23:00 INFO mt5_bot - Execution status=skipped reason=no_closed_bar_crossover
2026-05-06 05:23:15 INFO mt5_bot - Balance=102029.96 Equity=102029.96 Spread=0.20 pips
2026-05-06 05:23:15 INFO mt5_bot - Signal=NONE reason=no_closed_bar_crossover price=None trend=bullish rsi=73.3 atr_pips=8.2 adx=48.5
2026-05-06 05:23:15 INFO mt5_bot - ADX boost: adx=48.5 \u2192 risk_pct=1.88%
2026-05-06 05:23:15 INFO mt5_bot - Execution status=skipped reason=no_closed_bar_crossover
2026-05-06 05:23:30 INFO mt5_bot - Balance=102029.96 Equity=102029.96 Spread=0.20 pips
2026-05-06 05:23:30 INFO mt5_bot - Signal=NONE reason=no_closed_bar_crossover price=None trend=bullish rsi=73.3 atr_pips=8.2 adx=48.5
2026-05-06 05:23:30 INFO mt5_bot - ADX boost: adx=48.5 \u2192 risk_pct=1.88%
2026-05-06 05:23:30 INFO mt5_bot - Execution status=skipped reason=no_closed_bar_crossover
2026-05-06 05:23:45 INFO mt5_bot - Balance=102029.96 Equity=102029.96 Spread=0.20 pips
2026-05-06 05:23:45 INFO mt5_bot - Signal=NONE reason=no_closed_bar_crossover price=None trend=bullish rsi=73.3 atr_pips=8.2 adx=48.5
2026-05-06 05:23:45 INFO mt5_bot - ADX boost: adx=48.5 \u2192 risk_pct=1.88%
2026-05-06 05:23:45 INFO mt5_bot - Execution status=skipped reason=no_closed_bar_crossover
2026-05-06 05:24:00 INFO mt5_bot - Balance=102029.96 Equity=102029.96 Spread=1.20 pips
2026-05-06 05:24:00 INFO mt5_bot - Signal=NONE reason=no_closed_bar_crossover price=None trend=bullish rsi=73.3 atr_pips=8.2 adx=48.5
2026-05-06 05:24:00 INFO mt5_bot - ADX boost: adx=48.5 \u2192 risk_pct=1.88%
2026-05-06 05:24:00 INFO mt5_bot - Execution status=skipped reason=no_closed_bar_crossover
2026-05-06 05:24:15 INFO mt5_bot - Balance=102029.96 Equity=102029.96 Spread=0.20 pips
2026-05-06 05:24:15 INFO mt5_bot - Signal=NONE reason=no_closed_bar_crossover price=None trend=bullish rsi=73.3 atr_pips=8.2 adx=48.5
2026-05-06 05:24:15 INFO mt5_bot - ADX boost: adx=48.5 \u2192 risk_pct=1.88%
2026-05-06 05:24:15 INFO mt5_bot - Execution status=skipped reason=no_closed_bar_crossover
2026-05-06 05:24:30 INFO mt5_bot - Balance=102029.96 Equity=102029.96 Spread=0.60 pips
2026-05-06 05:24:30 INFO mt5_bot - Signal=NONE reason=no_closed_bar_crossover price=None trend=bullish rsi=73.3 atr_pips=8.2 adx=48.5
2026-05-06 05:24:30 INFO mt5_bot - ADX boost: adx=48.5 \u2192 risk_pct=1.88%
2026-05-06 05:24:30 INFO mt5_bot - Execution status=skipped reason=no_closed_bar_crossover
2026-05-06 05:24:45 INFO mt5_bot - Balance=102029.96 Equity=102029.96 Spread=0.20 pips
2026-05-06 05:24:45 INFO mt5_bot - Signal=NONE reason=no_closed_bar_crossover price=None trend=bullish rsi=73.3 atr_pips=8.2 adx=48.5
2026-05-06 05:24:45 INFO mt5_bot - ADX boost: adx=48.5 \u2192 risk_pct=1.88%
2026-05-06 05:24:45 INFO mt5_bot - Execution status=skipped reason=no_closed_bar_crossover
2026-05-06 05:25:00 INFO mt5_bot - Balance=102029.96 Equity=102029.96 Spread=0.20 pips
2026-05-06 05:25:00 INFO mt5_bot - Signal=NONE reason=no_closed_bar_crossover price=None trend=bullish rsi=73.3 atr_pips=8.2 adx=48.5
2026-05-06 05:25:00 INFO mt5_bot - ADX boost: adx=48.5 \u2192 risk_pct=1.88%
2026-05-06 05:25:00 INFO mt5_bot - Execution status=skipped reason=no_closed_bar_crossover
2026-05-06 05:25:15 INFO mt5_bot - Balance=102029.96 Equity=102029.96 Spread=0.20 pips
2026-05-06 05:25:15 INFO mt5_bot - Signal=NONE reason=no_closed_bar_crossover price=None trend=bullish rsi=73.3 atr_pips=8.2 adx=48.5
2026-05-06 05:25:15 INFO mt5_bot - ADX boost: adx=48.5 \u2192 risk_pct=1.88%
2026-05-06 05:25:15 INFO mt5_bot - Execution status=skipped reason=no_closed_bar_crossover
2026-05-06 05:25:30 INFO mt5_bot - Balance=102029.96 Equity=102029.96 Spread=0.90 pips
2026-05-06 05:25:30 INFO mt5_bot - Signal=NONE reason=no_closed_bar_crossover price=None trend=bullish rsi=73.3 atr_pips=8.2 adx=48.5
2026-05-06 05:25:30 INFO mt5_bot - ADX boost: adx=48.5 \u2192 risk_pct=1.88%
2026-05-06 05:25:30 INFO mt5_bot - Execution status=skipped reason=no_closed_bar_crossover
2026-05-06 05:25:45 INFO mt5_bot - Balance=102029.96 Equity=102029.96 Spread=0.20 pips
2026-05-06 05:25:45 INFO mt5_bot - Signal=NONE reason=no_closed_bar_crossover price=None trend=bullish rsi=73.3 atr_pips=8.2 adx=48.5
2026-05-06 05:25:45 INFO mt5_bot - ADX boost: adx=48.5 \u2192 risk_pct=1.88%
2026-05-06 05:25:45 INFO mt5_bot - Execution status=skipped reason=no_closed_bar_crossover
2026-05-06 05:26:01 INFO mt5_bot - Balance=102029.96 Equity=102029.96 Spread=0.20 pips
2026-05-06 05:26:01 INFO mt5_bot - Signal=NONE reason=no_closed_bar_crossover price=None trend=bullish rsi=73.3 atr_pips=8.2 adx=48.5
2026-05-06 05:26:01 INFO mt5_bot - ADX boost: adx=48.5 \u2192 risk_pct=1.88%
2026-05-06 05:26:01 INFO mt5_bot - Execution status=skipped reason=no_closed_bar_crossover
2026-05-06 05:26:16 INFO mt5_bot - Balance=102029.96 Equity=102029.96 Spread=0.20 pips
2026-05-06 05:26:16 INFO mt5_bot - Signal=NONE reason=no_closed_bar_crossover price=None trend=bullish rsi=73.3 atr_pips=8.2 adx=48.5
2026-05-06 05:26:16 INFO mt5_bot - ADX boost: adx=48.5 \u2192 risk_pct=1.88%
2026-05-06 05:26:16 INFO mt5_bot - Execution status=skipped reason=no_closed_bar_crossover
2026-05-06 05:26:31 INFO mt5_bot - Balance=102029.96 Equity=102029.96 Spread=0.20 pips
2026-05-06 05:26:31 INFO mt5_bot - Signal=NONE reason=no_closed_bar_crossover price=None trend=bullish rsi=73.3 atr_pips=8.2 adx=48.5
2026-05-06 05:26:31 INFO mt5_bot - ADX boost: adx=48.5 \u2192 risk_pct=1.88%
2026-05-06 05:26:31 INFO mt5_bot - Execution status=skipped reason=no_closed_bar_crossover
2026-05-06 05:26:46 INFO mt5_bot - Balance=102029.96 Equity=102029.96 Spread=0.30 pips
2026-05-06 05:26:46 INFO mt5_bot - Signal=NONE reason=no_closed_bar_crossover price=None trend=bullish rsi=73.3 atr_pips=8.2 adx=48.5
2026-05-06 05:26:46 INFO mt5_bot - ADX boost: adx=48.5 \u2192 risk_pct=1.88%
2026-05-06 05:26:46 INFO mt5_bot - Execution status=skipped reason=no_closed_bar_crossover
2026-05-06 05:27:01 INFO mt5_bot - Balance=102029.96 Equity=102029.96 Spread=0.20 pips
2026-05-06 05:27:01 INFO mt5_bot - Signal=NONE reason=no_closed_bar_crossover price=None trend=bullish rsi=73.3 atr_pips=8.2 adx=48.5
2026-05-06 05:27:01 INFO mt5_bot - ADX boost: adx=48.5 \u2192 risk_pct=1.88%
2026-05-06 05:27:01 INFO mt5_bot - Execution status=skipped reason=no_closed_bar_crossover
2026-05-06 05:27:16 INFO mt5_bot - Balance=102029.96 Equity=102029.96 Spread=0.20 pips
2026-05-06 05:27:16 INFO mt5_bot - Signal=NONE reason=no_closed_bar_crossover price=None trend=bullish rsi=73.3 atr_pips=8.2 adx=48.5
2026-05-06 05:27:16 INFO mt5_bot - ADX boost: adx=48.5 \u2192 risk_pct=1.88%
2026-05-06 05:27:16 INFO mt5_bot - Execution status=skipped reason=no_closed_bar_crossover
2026-05-06 05:27:31 INFO mt5_bot - Balance=102029.96 Equity=102029.96 Spread=0.20 pips
2026-05-06 05:27:31 INFO mt5_bot - Signal=NONE reason=no_closed_bar_crossover price=None trend=bullish rsi=73.3 atr_pips=8.2 adx=48.5
2026-05-06 05:27:31 INFO mt5_bot - ADX boost: adx=48.5 \u2192 risk_pct=1.88%
2026-05-06 05:27:31 INFO mt5_bot - Execution status=skipped reason=no_closed_bar_crossover
2026-05-06 05:27:46 INFO mt5_bot - Balance=102029.96 Equity=102029.96 Spread=0.20 pips
2026-05-06 05:27:46 INFO mt5_bot - Signal=NONE reason=no_closed_bar_crossover price=None trend=bullish rsi=73.3 atr_pips=8.2 adx=48.5
2026-05-06 05:27:46 INFO mt5_bot - ADX boost: adx=48.5 \u2192 risk_pct=1.88%
2026-05-06 05:27:46 INFO mt5_bot - Execution status=skipped reason=no_closed_bar_crossover
2026-05-06 05:28:01 INFO mt5_bot - Balance=102029.96 Equity=102029.96 Spread=0.20 pips
2026-05-06 05:28:01 INFO mt5_bot - Signal=NONE reason=no_closed_bar_crossover price=None trend=bullish rsi=73.3 atr_pips=8.2 adx=48.5
2026-05-06 05:28:01 INFO mt5_bot - ADX boost: adx=48.5 \u2192 risk_pct=1.88%
2026-05-06 05:28:01 INFO mt5_bot - Execution status=skipped reason=no_closed_bar_crossover
2026-05-06 05:28:16 INFO mt5_bot - Balance=102029.96 Equity=102029.96 Spread=0.60 pips
2026-05-06 05:28:16 INFO mt5_bot - Signal=NONE reason=no_closed_bar_crossover price=None trend=bullish rsi=73.3 atr_pips=8.2 adx=48.5
2026-05-06 05:28:16 INFO mt5_bot - ADX boost: adx=48.5 \u2192 risk_pct=1.88%
2026-05-06 05:28:16 INFO mt5_bot - Execution status=skipped reason=no_closed_bar_crossover
2026-05-06 05:28:31 INFO mt5_bot - Balance=102029.96 Equity=102029.96 Spread=0.50 pips
2026-05-06 05:28:31 INFO mt5_bot - Signal=NONE reason=no_closed_bar_crossover price=None trend=bullish rsi=73.3 atr_pips=8.2 adx=48.5
2026-05-06 05:28:31 INFO mt5_bot - ADX boost: adx=48.5 \u2192 risk_pct=1.88%
2026-05-06 05:28:31 INFO mt5_bot - Execution status=skipped reason=no_closed_bar_crossover
2026-05-06 05:28:46 INFO mt5_bot - Balance=102029.96 Equity=102029.96 Spread=0.20 pips
2026-05-06 05:28:46 INFO mt5_bot - Signal=NONE reason=no_closed_bar_crossover price=None trend=bullish rsi=73.3 atr_pips=8.2 adx=48.5
2026-05-06 05:28:46 INFO mt5_bot - ADX boost: adx=48.5 \u2192 risk_pct=1.88%
2026-05-06 05:28:46 INFO mt5_bot - Execution status=skipped reason=no_closed_bar_crossover
2026-05-06 05:29:01 INFO mt5_bot - Balance=102029.96 Equity=102029.96 Spread=1.00 pips
2026-05-06 05:29:01 INFO mt5_bot - Signal=NONE reason=no_closed_bar_crossover price=None trend=bullish rsi=73.3 atr_pips=8.2 adx=48.5
2026-05-06 05:29:01 INFO mt5_bot - ADX boost: adx=48.5 \u2192 risk_pct=1.88%
2026-05-06 05:29:01 INFO mt5_bot - Execution status=skipped reason=no_closed_bar_crossover
2026-05-06 05:29:16 INFO mt5_bot - Balance=102029.96 Equity=102029.96 Spread=0.20 pips
2026-05-06 05:29:16 INFO mt5_bot - Signal=NONE reason=no_closed_bar_crossover price=None trend=bullish rsi=73.3 atr_pips=8.2 adx=48.5
2026-05-06 05:29:16 INFO mt5_bot - ADX boost: adx=48.5 \u2192 risk_pct=1.88%
2026-05-06 05:29:16 INFO mt5_bot - Execution status=skipped reason=no_closed_bar_crossover
2026-05-06 05:29:31 INFO mt5_bot - Balance=102029.96 Equity=102029.96 Spread=0.80 pips
2026-05-06 05:29:31 INFO mt5_bot - Signal=NONE reason=no_closed_bar_crossover price=None trend=bullish rsi=73.3 atr_pips=8.2 adx=48.5
2026-05-06 05:29:31 INFO mt5_bot - ADX boost: adx=48.5 \u2192 risk_pct=1.88%
2026-05-06 05:29:31 INFO mt5_bot - Execution status=skipped reason=no_closed_bar_crossover
2026-05-06 05:29:46 INFO mt5_bot - Balance=102029.96 Equity=102029.96 Spread=0.20 pips
2026-05-06 05:29:46 INFO mt5_bot - Signal=NONE reason=no_closed_bar_crossover price=None trend=bullish rsi=73.3 atr_pips=8.2 adx=48.5
2026-05-06 05:29:46 INFO mt5_bot - ADX boost: adx=48.5 \u2192 risk_pct=1.88%
2026-05-06 05:29:46 INFO mt5_bot - Execution status=skipped reason=no_closed_bar_crossover
2026-05-06 05:30:01 INFO mt5_bot - Balance=102029.96 Equity=102029.96 Spread=0.20 pips
2026-05-06 05:30:01 INFO mt5_bot - Signal=NONE reason=no_closed_bar_crossover price=None trend=bullish rsi=73.5 atr_pips=7.9 adx=49.2
2026-05-06 05:30:01 INFO mt5_bot - ADX boost: adx=49.2 \u2192 risk_pct=1.88%
2026-05-06 05:30:01 INFO mt5_bot - Execution status=skipped reason=no_closed_bar_crossover
2026-05-06 05:30:16 INFO mt5_bot - Balance=102029.96 Equity=102029.96 Spread=0.90 pips
2026-05-06 05:30:16 INFO mt5_bot - Signal=NONE reason=no_closed_bar_crossover price=None trend=bullish rsi=73.5 atr_pips=7.9 adx=49.2
2026-05-06 05:30:16 INFO mt5_bot - ADX boost: adx=49.2 \u2192 risk_pct=1.88%
2026-05-06 05:30:16 INFO mt5_bot - Execution status=skipped reason=no_closed_bar_crossover
2026-05-06 05:30:31 INFO mt5_bot - Balance=102029.96 Equity=102029.96 Spread=0.20 pips
2026-05-06 05:30:31 INFO mt5_bot - Signal=NONE reason=no_closed_bar_crossover price=None trend=bullish rsi=73.5 atr_pips=7.9 adx=49.2
2026-05-06 05:30:31 INFO mt5_bot - ADX boost: adx=49.2 \u2192 risk_pct=1.88%
2026-05-06 05:30:31 INFO mt5_bot - Execution status=skipped reason=no_closed_bar_crossover
2026-05-06 05:30:46 INFO mt5_bot - Balance=102029.96 Equity=102029.96 Spread=0.20 pips
2026-05-06 05:30:46 INFO mt5_bot - Signal=NONE reason=no_closed_bar_crossover price=None trend=bullish rsi=73.5 atr_pips=7.9 adx=49.2
2026-05-06 05:30:46 INFO mt5_bot - ADX boost: adx=49.2 \u2192 risk_pct=1.88%
2026-05-06 05:30:46 INFO mt5_bot - Execution status=skipped reason=no_closed_bar_crossover
2026-05-06 05:31:01 INFO mt5_bot - Balance=102029.96 Equity=102029.96 Spread=0.20 pips
2026-05-06 05:31:01 INFO mt5_bot - Signal=NONE reason=no_closed_bar_crossover price=None trend=bullish rsi=73.5 atr_pips=7.9 adx=49.2
2026-05-06 05:31:01 INFO mt5_bot - ADX boost: adx=49.2 \u2192 risk_pct=1.88%
2026-05-06 05:31:01 INFO mt5_bot - Execution status=skipped reason=no_closed_bar_crossover
2026-05-06 05:31:16 INFO mt5_bot - Balance=102029.96 Equity=102029.96 Spread=0.40 pips
2026-05-06 05:31:16 INFO mt5_bot - Signal=NONE reason=no_closed_bar_crossover price=None trend=bullish rsi=73.5 atr_pips=7.9 adx=49.2
2026-05-06 05:31:16 INFO mt5_bot - ADX boost: adx=49.2 \u2192 risk_pct=1.88%
2026-05-06 05:31:16 INFO mt5_bot - Execution status=skipped reason=no_closed_bar_crossover
2026-05-06 05:31:31 INFO mt5_bot - Balance=102029.96 Equity=102029.96 Spread=0.70 pips
2026-05-06 05:31:31 INFO mt5_bot - Signal=NONE reason=no_closed_bar_crossover price=None trend=bullish rsi=73.5 atr_pips=7.9 adx=49.2
2026-05-06 05:31:31 INFO mt5_bot - ADX boost: adx=49.2 \u2192 risk_pct=1.88%
2026-05-06 05:31:31 INFO mt5_bot - Execution status=skipped reason=no_closed_bar_crossover
2026-05-06 05:31:46 INFO mt5_bot - Balance=102029.96 Equity=102029.96 Spread=0.20 pips
2026-05-06 05:31:46 INFO mt5_bot - Signal=NONE reason=no_closed_bar_crossover price=None trend=bullish rsi=73.5 atr_pips=7.9 adx=49.2
2026-05-06 05:31:46 INFO mt5_bot - ADX boost: adx=49.2 \u2192 risk_pct=1.88%
2026-05-06 05:31:46 INFO mt5_bot - Execution status=skipped reason=no_closed_bar_crossover
2026-05-06 05:32:01 INFO mt5_bot - Balance=102029.96 Equity=102029.96 Spread=0.20 pips
2026-05-06 05:32:01 INFO mt5_bot - Signal=NONE reason=no_closed_bar_crossover price=None trend=bullish rsi=73.5 atr_pips=7.9 adx=49.2
2026-05-06 05:32:01 INFO mt5_bot - ADX boost: adx=49.2 \u2192 risk_pct=1.88%
2026-05-06 05:32:01 INFO mt5_bot - Execution status=skipped reason=no_closed_bar_crossover
2026-05-06 05:32:16 INFO mt5_bot - Balance=102029.96 Equity=102029.96 Spread=0.20 pips
2026-05-06 05:32:16 INFO mt5_bot - Signal=NONE reason=no_closed_bar_crossover price=None trend=bullish rsi=73.5 atr_pips=7.9 adx=49.2
2026-05-06 05:32:16 INFO mt5_bot - ADX boost: adx=49.2 \u2192 risk_pct=1.88%
2026-05-06 05:32:16 INFO mt5_bot - Execution status=skipped reason=no_closed_bar_crossover
2026-05-06 05:32:31 INFO mt5_bot - Balance=102029.96 Equity=102029.96 Spread=1.00 pips
2026-05-06 05:32:31 INFO mt5_bot - Signal=NONE reason=no_closed_bar_crossover price=None trend=bullish rsi=73.5 atr_pips=7.9 adx=49.2
2026-05-06 05:32:31 INFO mt5_bot - ADX boost: adx=49.2 \u2192 risk_pct=1.88%
2026-05-06 05:32:31 INFO mt5_bot - Execution status=skipped reason=no_closed_bar_crossover
2026-05-06 05:32:46 INFO mt5_bot - Balance=102029.96 Equity=102029.96 Spread=1.00 pips
2026-05-06 05:32:46 INFO mt5_bot - Signal=NONE reason=no_closed_bar_crossover price=None trend=bullish rsi=73.5 atr_pips=7.9 adx=49.2
2026-05-06 05:32:46 INFO mt5_bot - ADX boost: adx=49.2 \u2192 risk_pct=1.88%
2026-05-06 05:32:46 INFO mt5_bot - Execution status=skipped reason=no_closed_bar_crossover
2026-05-06 05:33:01 INFO mt5_bot - Balance=102029.96 Equity=102029.96 Spread=0.50 pips
2026-05-06 05:33:01 INFO mt5_bot - Signal=NONE reason=no_closed_bar_crossover price=None trend=bullish rsi=73.5 atr_pips=7.9 adx=49.2
2026-05-06 05:33:01 INFO mt5_bot - ADX boost: adx=49.2 \u2192 risk_pct=1.88%
2026-05-06 05:33:01 INFO mt5_bot - Execution status=skipped reason=no_closed_bar_crossover
2026-05-06 05:33:16 INFO mt5_bot - Balance=102029.96 Equity=102029.96 Spread=0.20 pips
2026-05-06 05:33:16 INFO mt5_bot - Signal=NONE reason=no_closed_bar_crossover price=None trend=bullish rsi=73.5 atr_pips=7.9 adx=49.2
2026-05-06 05:33:16 INFO mt5_bot - ADX boost: adx=49.2 \u2192 risk_pct=1.88%
2026-05-06 05:33:16 INFO mt5_bot - Execution status=skipped reason=no_closed_bar_crossover
2026-05-06 05:33:31 INFO mt5_bot - Balance=102029.96 Equity=102029.96 Spread=0.20 pips
2026-05-06 05:33:31 INFO mt5_bot - Signal=NONE reason=no_closed_bar_crossover price=None trend=bullish rsi=73.5 atr_pips=7.9 adx=49.2
2026-05-06 05:33:31 INFO mt5_bot - ADX boost: adx=49.2 \u2192 risk_pct=1.88%
2026-05-06 05:33:31 INFO mt5_bot - Execution status=skipped reason=no_closed_bar_crossover
2026-05-06 05:33:46 INFO mt5_bot - Balance=102029.96 Equity=102029.96 Spread=0.20 pips
2026-05-06 05:33:46 INFO mt5_bot - Signal=NONE reason=no_closed_bar_crossover price=None trend=bullish rsi=73.5 atr_pips=7.9 adx=49.2
2026-05-06 05:33:46 INFO mt5_bot - ADX boost: adx=49.2 \u2192 risk_pct=1.88%
2026-05-06 05:33:46 INFO mt5_bot - Execution status=skipped reason=no_closed_bar_crossover
2026-05-06 05:34:01 INFO mt5_bot - Balance=102029.96 Equity=102029.96 Spread=0.20 pips
2026-05-06 05:34:01 INFO mt5_bot - Signal=NONE reason=no_closed_bar_crossover price=None trend=bullish rsi=73.5 atr_pips=7.9 adx=49.2
2026-05-06 05:34:01 INFO mt5_bot - ADX boost: adx=49.2 \u2192 risk_pct=1.88%
2026-05-06 05:34:01 INFO mt5_bot - Execution status=skipped reason=no_closed_bar_crossover
2026-05-06 05:34:16 INFO mt5_bot - Balance=102029.96 Equity=102029.96 Spread=0.20 pips
2026-05-06 05:34:16 INFO mt5_bot - Signal=NONE reason=no_closed_bar_crossover price=None trend=bullish rsi=73.5 atr_pips=7.9 adx=49.2
2026-05-06 05:34:16 INFO mt5_bot - ADX boost: adx=49.2 \u2192 risk_pct=1.88%
2026-05-06 05:34:16 INFO mt5_bot - Execution status=skipped reason=no_closed_bar_crossover
2026-05-06 05:34:31 INFO mt5_bot - Balance=102029.96 Equity=102029.96 Spread=0.50 pips
2026-05-06 05:34:31 INFO mt5_bot - Signal=NONE reason=no_closed_bar_crossover price=None trend=bullish rsi=73.5 atr_pips=7.9 adx=49.2
2026-05-06 05:34:31 INFO mt5_bot - ADX boost: adx=49.2 \u2192 risk_pct=1.88%
2026-05-06 05:34:31 INFO mt5_bot - Execution status=skipped reason=no_closed_bar_crossover
2026-05-06 05:34:46 INFO mt5_bot - Balance=102029.96 Equity=102029.96 Spread=0.20 pips
2026-05-06 05:34:46 INFO mt5_bot - Signal=NONE reason=no_closed_bar_crossover price=None trend=bullish rsi=73.5 atr_pips=7.9 adx=49.2
2026-05-06 05:34:46 INFO mt5_bot - ADX boost: adx=49.2 \u2192 risk_pct=1.88%
2026-05-06 05:34:46 INFO mt5_bot - Execution status=skipped reason=no_closed_bar_crossover
2026-05-06 05:35:01 INFO mt5_bot - Balance=102029.96 Equity=102029.96 Spread=0.20 pips
2026-05-06 05:35:01 INFO mt5_bot - Signal=NONE reason=no_closed_bar_crossover price=None trend=bullish rsi=73.5 atr_pips=7.9 adx=49.2
2026-05-06 05:35:01 INFO mt5_bot - ADX boost: adx=49.2 \u2192 risk_pct=1.88%
2026-05-06 05:35:01 INFO mt5_bot - Execution status=skipped reason=no_closed_bar_crossover
2026-05-06 05:35:16 INFO mt5_bot - Balance=102029.96 Equity=102029.96 Spread=0.20 pips
2026-05-06 05:35:16 INFO mt5_bot - Signal=NONE reason=no_closed_bar_crossover price=None trend=bullish rsi=73.5 atr_pips=7.9 adx=49.2
2026-05-06 05:35:16 INFO mt5_bot - ADX boost: adx=49.2 \u2192 risk_pct=1.88%
2026-05-06 05:35:16 INFO mt5_bot - Execution status=skipped reason=no_closed_bar_crossover
2026-05-06 05:35:31 INFO mt5_bot - Balance=102029.96 Equity=102029.96 Spread=0.20 pips
2026-05-06 05:35:31 INFO mt5_bot - Signal=NONE reason=no_closed_bar_crossover price=None trend=bullish rsi=73.5 atr_pips=7.9 adx=49.2
2026-05-06 05:35:31 INFO mt5_bot - ADX boost: adx=49.2 \u2192 risk_pct=1.88%
2026-05-06 05:35:31 INFO mt5_bot - Execution status=skipped reason=no_closed_bar_crossover
2026-05-06 05:35:46 INFO mt5_bot - Balance=102029.96 Equity=102029.96 Spread=0.20 pips
2026-05-06 05:35:46 INFO mt5_bot - Signal=NONE reason=no_closed_bar_crossover price=None trend=bullish rsi=73.5 atr_pips=7.9 adx=49.2
2026-05-06 05:35:46 INFO mt5_bot - ADX boost: adx=49.2 \u2192 risk_pct=1.88%
2026-05-06 05:35:46 INFO mt5_bot - Execution status=skipped reason=no_closed_bar_crossover
2026-05-06 05:36:01 INFO mt5_bot - Balance=102029.96 Equity=102029.96 Spread=0.60 pips
2026-05-06 05:36:01 INFO mt5_bot - Signal=NONE reason=no_closed_bar_crossover price=None trend=bullish rsi=73.5 atr_pips=7.9 adx=49.2
2026-05-06 05:36:01 INFO mt5_bot - ADX boost: adx=49.2 \u2192 risk_pct=1.88%
2026-05-06 05:36:01 INFO mt5_bot - Execution status=skipped reason=no_closed_bar_crossover
2026-05-06 05:36:16 INFO mt5_bot - Balance=102029.96 Equity=102029.96 Spread=0.70 pips
2026-05-06 05:36:16 INFO mt5_bot - Signal=NONE reason=no_closed_bar_crossover price=None trend=bullish rsi=73.5 atr_pips=7.9 adx=49.2
2026-05-06 05:36:16 INFO mt5_bot - ADX boost: adx=49.2 \u2192 risk_pct=1.88%
2026-05-06 05:36:16 INFO mt5_bot - Execution status=skipped reason=no_closed_bar_crossover
2026-05-06 05:36:31 INFO mt5_bot - Balance=102029.96 Equity=102029.96 Spread=0.20 pips
2026-05-06 05:36:31 INFO mt5_bot - Signal=NONE reason=no_closed_bar_crossover price=None trend=bullish rsi=73.5 atr_pips=7.9 adx=49.2
2026-05-06 05:36:31 INFO mt5_bot - ADX boost: adx=49.2 \u2192 risk_pct=1.88%
2026-05-06 05:36:31 INFO mt5_bot - Execution status=skipped reason=no_closed_bar_crossover
2026-05-06 05:36:46 INFO mt5_bot - Balance=102029.96 Equity=102029.96 Spread=0.40 pips
2026-05-06 05:36:46 INFO mt5_bot - Signal=NONE reason=no_closed_bar_crossover price=None trend=bullish rsi=73.5 atr_pips=7.9 adx=49.2
2026-05-06 05:36:46 INFO mt5_bot - ADX boost: adx=49.2 \u2192 risk_pct=1.88%
2026-05-06 05:36:46 INFO mt5_bot - Execution status=skipped reason=no_closed_bar_crossover
2026-05-06 05:37:01 INFO mt5_bot - Balance=102029.96 Equity=102029.96 Spread=0.20 pips
2026-05-06 05:37:01 INFO mt5_bot - Signal=NONE reason=no_closed_bar_crossover price=None trend=bullish rsi=73.5 atr_pips=7.9 adx=49.2
2026-05-06 05:37:01 INFO mt5_bot - ADX boost: adx=49.2 \u2192 risk_pct=1.88%
2026-05-06 05:37:01 INFO mt5_bot - Execution status=skipped reason=no_closed_bar_crossover
2026-05-06 05:37:16 INFO mt5_bot - Balance=102029.96 Equity=102029.96 Spread=0.20 pips
2026-05-06 05:37:16 INFO mt5_bot - Signal=NONE reason=no_closed_bar_crossover price=None trend=bullish rsi=73.5 atr_pips=7.9 adx=49.2
2026-05-06 05:37:16 INFO mt5_bot - ADX boost: adx=49.2 \u2192 risk_pct=1.88%
2026-05-06 05:37:16 INFO mt5_bot - Execution status=skipped reason=no_closed_bar_crossover
2026-05-06 05:37:31 INFO mt5_bot - Balance=102029.96 Equity=102029.96 Spread=0.20 pips
2026-05-06 05:37:31 INFO mt5_bot - Signal=NONE reason=no_closed_bar_crossover price=None trend=bullish rsi=73.5 atr_pips=7.9 adx=49.2
2026-05-06 05:37:31 INFO mt5_bot - ADX boost: adx=49.2 \u2192 risk_pct=1.88%
2026-05-06 05:37:31 INFO mt5_bot - Execution status=skipped reason=no_closed_bar_crossover
2026-05-06 05:37:46 INFO mt5_bot - Balance=102029.96 Equity=102029.96 Spread=0.20 pips
2026-05-06 05:37:46 INFO mt5_bot - Signal=NONE reason=no_closed_bar_crossover price=None trend=bullish rsi=73.5 atr_pips=7.9 adx=49.2
2026-05-06 05:37:46 INFO mt5_bot - ADX boost: adx=49.2 \u2192 risk_pct=1.88%
2026-05-06 05:37:46 INFO mt5_bot - Execution status=skipped reason=no_closed_bar_crossover
2026-05-06 05:38:01 INFO mt5_bot - Balance=102029.96 Equity=102029.96 Spread=0.20 pips
2026-05-06 05:38:01 INFO mt5_bot - Signal=NONE reason=no_closed_bar_crossover price=None trend=bullish rsi=73.5 atr_pips=7.9 adx=49.2
2026-05-06 05:38:01 INFO mt5_bot - ADX boost: adx=49.2 \u2192 risk_pct=1.88%
2026-05-06 05:38:01 INFO mt5_bot - Execution status=skipped reason=no_closed_bar_crossover
2026-05-06 05:38:16 INFO mt5_bot - Balance=102029.96 Equity=102029.96 Spread=0.80 pips
2026-05-06 05:38:16 INFO mt5_bot - Signal=NONE reason=no_closed_bar_crossover price=None trend=bullish rsi=73.5 atr_pips=7.9 adx=49.2
2026-05-06 05:38:16 INFO mt5_bot - ADX boost: adx=49.2 \u2192 risk_pct=1.88%
2026-05-06 05:38:16 INFO mt5_bot - Execution status=skipped reason=no_closed_bar_crossover
2026-05-06 05:38:31 INFO mt5_bot - Balance=102029.96 Equity=102029.96 Spread=0.20 pips
2026-05-06 05:38:31 INFO mt5_bot - Signal=NONE reason=no_closed_bar_crossover price=None trend=bullish rsi=73.5 atr_pips=7.9 adx=49.2
2026-05-06 05:38:31 INFO mt5_bot - ADX boost: adx=49.2 \u2192 risk_pct=1.88%
2026-05-06 05:38:31 INFO mt5_bot - Execution status=skipped reason=no_closed_bar_crossover
2026-05-06 05:38:46 INFO mt5_bot - Balance=102029.96 Equity=102029.96 Spread=0.80 pips
2026-05-06 05:38:46 INFO mt5_bot - Signal=NONE reason=no_closed_bar_crossover price=None trend=bullish rsi=73.5 atr_pips=7.9 adx=49.2
2026-05-06 05:38:46 INFO mt5_bot - ADX boost: adx=49.2 \u2192 risk_pct=1.88%
2026-05-06 05:38:46 INFO mt5_bot - Execution status=skipped reason=no_closed_bar_crossover
2026-05-06 05:39:01 INFO mt5_bot - Balance=102029.96 Equity=102029.96 Spread=0.20 pips
2026-05-06 05:39:01 INFO mt5_bot - Signal=NONE reason=no_closed_bar_crossover price=None trend=bullish rsi=73.5 atr_pips=7.9 adx=49.2
2026-05-06 05:39:01 INFO mt5_bot - ADX boost: adx=49.2 \u2192 risk_pct=1.88%
2026-05-06 05:39:01 INFO mt5_bot - Execution status=skipped reason=no_closed_bar_crossover
2026-05-06 05:39:16 INFO mt5_bot - Balance=102029.96 Equity=102029.96 Spread=0.50 pips
2026-05-06 05:39:16 INFO mt5_bot - Signal=NONE reason=no_closed_bar_crossover price=None trend=bullish rsi=73.5 atr_pips=7.9 adx=49.2
2026-05-06 05:39:16 INFO mt5_bot - ADX boost: adx=49.2 \u2192 risk_pct=1.88%
2026-05-06 05:39:16 INFO mt5_bot - Execution status=skipped reason=no_closed_bar_crossover
2026-05-06 05:39:31 INFO mt5_bot - Balance=102029.96 Equity=102029.96 Spread=0.20 pips
2026-05-06 05:39:31 INFO mt5_bot - Signal=NONE reason=no_closed_bar_crossover price=None trend=bullish rsi=73.5 atr_pips=7.9 adx=49.2
2026-05-06 05:39:31 INFO mt5_bot - ADX boost: adx=49.2 \u2192 risk_pct=1.88%
2026-05-06 05:39:31 INFO mt5_bot - Execution status=skipped reason=no_closed_bar_crossover
2026-05-06 05:39:46 INFO mt5_bot - Balance=102029.96 Equity=102029.96 Spread=0.20 pips
2026-05-06 05:39:46 INFO mt5_bot - Signal=NONE reason=no_closed_bar_crossover price=None trend=bullish rsi=73.5 atr_pips=7.9 adx=49.2
2026-05-06 05:39:46 INFO mt5_bot - ADX boost: adx=49.2 \u2192 risk_pct=1.88%
2026-05-06 05:39:46 INFO mt5_bot - Execution status=skipped reason=no_closed_bar_crossover
2026-05-06 05:40:01 INFO mt5_bot - Balance=102029.96 Equity=102029.96 Spread=0.20 pips
2026-05-06 05:40:01 INFO mt5_bot - Signal=NONE reason=no_closed_bar_crossover price=None trend=bullish rsi=73.5 atr_pips=7.9 adx=49.2
2026-05-06 05:40:01 INFO mt5_bot - ADX boost: adx=49.2 \u2192 risk_pct=1.88%
2026-05-06 05:40:01 INFO mt5_bot - Execution status=skipped reason=no_closed_bar_crossover
2026-05-06 05:40:16 INFO mt5_bot - Balance=102029.96 Equity=102029.96 Spread=0.60 pips
2026-05-06 05:40:16 INFO mt5_bot - Signal=NONE reason=no_closed_bar_crossover price=None trend=bullish rsi=73.5 atr_pips=7.9 adx=49.2
2026-05-06 05:40:16 INFO mt5_bot - ADX boost: adx=49.2 \u2192 risk_pct=1.88%
2026-05-06 05:40:16 INFO mt5_bot - Execution status=skipped reason=no_closed_bar_crossover
2026-05-06 05:40:31 INFO mt5_bot - Balance=102029.96 Equity=102029.96 Spread=0.20 pips
2026-05-06 05:40:31 INFO mt5_bot - Signal=NONE reason=no_closed_bar_crossover price=None trend=bullish rsi=73.5 atr_pips=7.9 adx=49.2
2026-05-06 05:40:31 INFO mt5_bot - ADX boost: adx=49.2 \u2192 risk_pct=1.88%
2026-05-06 05:40:31 INFO mt5_bot - Execution status=skipped reason=no_closed_bar_crossover
2026-05-06 05:40:46 INFO mt5_bot - Balance=102029.96 Equity=102029.96 Spread=0.20 pips
2026-05-06 05:40:46 INFO mt5_bot - Signal=NONE reason=no_closed_bar_crossover price=None trend=bullish rsi=73.5 atr_pips=7.9 adx=49.2
2026-05-06 05:40:46 INFO mt5_bot - ADX boost: adx=49.2 \u2192 risk_pct=1.88%
2026-05-06 05:40:46 INFO mt5_bot - Execution status=skipped reason=no_closed_bar_crossover
2026-05-06 05:41:01 INFO mt5_bot - Balance=102029.96 Equity=102029.96 Spread=0.20 pips
2026-05-06 05:41:01 INFO mt5_bot - Signal=NONE reason=no_closed_bar_crossover price=None trend=bullish rsi=73.5 atr_pips=7.9 adx=49.2
2026-05-06 05:41:01 INFO mt5_bot - ADX boost: adx=49.2 \u2192 risk_pct=1.88%
2026-05-06 05:41:01 INFO mt5_bot - Execution status=skipped reason=no_closed_bar_crossover
2026-05-06 05:41:16 INFO mt5_bot - Balance=102029.96 Equity=102029.96 Spread=0.20 pips
2026-05-06 05:41:16 INFO mt5_bot - Signal=NONE reason=no_closed_bar_crossover price=None trend=bullish rsi=73.5 atr_pips=7.9 adx=49.2
2026-05-06 05:41:16 INFO mt5_bot - ADX boost: adx=49.2 \u2192 risk_pct=1.88%
2026-05-06 05:41:16 INFO mt5_bot - Execution status=skipped reason=no_closed_bar_crossover
2026-05-06 05:41:32 INFO mt5_bot - Balance=102029.96 Equity=102029.96 Spread=1.10 pips
2026-05-06 05:41:32 INFO mt5_bot - Signal=NONE reason=no_closed_bar_crossover price=None trend=bullish rsi=73.5 atr_pips=7.9 adx=49.2
2026-05-06 05:41:32 INFO mt5_bot - ADX boost: adx=49.2 \u2192 risk_pct=1.88%
2026-05-06 05:41:32 INFO mt5_bot - Execution status=skipped reason=no_closed_bar_crossover
2026-05-06 05:41:47 INFO mt5_bot - Balance=102029.96 Equity=102029.96 Spread=0.20 pips
2026-05-06 05:41:47 INFO mt5_bot - Signal=NONE reason=no_closed_bar_crossover price=None trend=bullish rsi=73.5 atr_pips=7.9 adx=49.2
2026-05-06 05:41:47 INFO mt5_bot - ADX boost: adx=49.2 \u2192 risk_pct=1.88%
2026-05-06 05:41:47 INFO mt5_bot - Execution status=skipped reason=no_closed_bar_crossover
2026-05-06 05:42:02 INFO mt5_bot - Balance=102029.96 Equity=102029.96 Spread=0.20 pips
2026-05-06 05:42:02 INFO mt5_bot - Signal=NONE reason=no_closed_bar_crossover price=None trend=bullish rsi=73.5 atr_pips=7.9 adx=49.2
2026-05-06 05:42:02 INFO mt5_bot - ADX boost: adx=49.2 \u2192 risk_pct=1.88%
2026-05-06 05:42:02 INFO mt5_bot - Execution status=skipped reason=no_closed_bar_crossover
2026-05-06 05:42:17 INFO mt5_bot - Balance=102029.96 Equity=102029.96 Spread=0.20 pips
2026-05-06 05:42:17 INFO mt5_bot - Signal=NONE reason=no_closed_bar_crossover price=None trend=bullish rsi=73.5 atr_pips=7.9 adx=49.2
2026-05-06 05:42:17 INFO mt5_bot - ADX boost: adx=49.2 \u2192 risk_pct=1.88%
2026-05-06 05:42:17 INFO mt5_bot - Execution status=skipped reason=no_closed_bar_crossover
2026-05-06 05:42:32 INFO mt5_bot - Balance=102029.96 Equity=102029.96 Spread=0.20 pips
2026-05-06 05:42:32 INFO mt5_bot - Signal=NONE reason=no_closed_bar_crossover price=None trend=bullish rsi=73.5 atr_pips=7.9 adx=49.2
2026-05-06 05:42:32 INFO mt5_bot - ADX boost: adx=49.2 \u2192 risk_pct=1.88%
2026-05-06 05:42:32 INFO mt5_bot - Execution status=skipped reason=no_closed_bar_crossover
2026-05-06 05:42:47 INFO mt5_bot - Balance=102029.96 Equity=102029.96 Spread=0.20 pips
2026-05-06 05:42:47 INFO mt5_bot - Signal=NONE reason=no_closed_bar_crossover price=None trend=bullish rsi=73.5 atr_pips=7.9 adx=49.2
2026-05-06 05:42:47 INFO mt5_bot - ADX boost: adx=49.2 \u2192 risk_pct=1.88%
2026-05-06 05:42:47 INFO mt5_bot - Execution status=skipped reason=no_closed_bar_crossover
2026-05-06 05:43:02 INFO mt5_bot - Balance=102029.96 Equity=102029.96 Spread=0.40 pips
2026-05-06 05:43:02 INFO mt5_bot - Signal=NONE reason=no_closed_bar_crossover price=None trend=bullish rsi=73.5 atr_pips=7.9 adx=49.2
2026-05-06 05:43:02 INFO mt5_bot - ADX boost: adx=49.2 \u2192 risk_pct=1.88%
2026-05-06 05:43:02 INFO mt5_bot - Execution status=skipped reason=no_closed_bar_crossover
2026-05-06 05:43:17 INFO mt5_bot - Balance=102029.96 Equity=102029.96 Spread=0.20 pips
2026-05-06 05:43:17 INFO mt5_bot - Signal=NONE reason=no_closed_bar_crossover price=None trend=bullish rsi=73.5 atr_pips=7.9 adx=49.2
2026-05-06 05:43:17 INFO mt5_bot - ADX boost: adx=49.2 \u2192 risk_pct=1.88%
2026-05-06 05:43:17 INFO mt5_bot - Execution status=skipped reason=no_closed_bar_crossover
2026-05-06 05:43:32 INFO mt5_bot - Balance=102029.96 Equity=102029.96 Spread=0.60 pips
2026-05-06 05:43:32 INFO mt5_bot - Signal=NONE reason=no_closed_bar_crossover price=None trend=bullish rsi=73.5 atr_pips=7.9 adx=49.2
2026-05-06 05:43:32 INFO mt5_bot - ADX boost: adx=49.2 \u2192 risk_pct=1.88%
2026-05-06 05:43:32 INFO mt5_bot - Execution status=skipped reason=no_closed_bar_crossover
2026-05-06 05:43:47 INFO mt5_bot - Balance=102029.96 Equity=102029.96 Spread=0.20 pips
2026-05-06 05:43:47 INFO mt5_bot - Signal=NONE reason=no_closed_bar_crossover price=None trend=bullish rsi=73.5 atr_pips=7.9 adx=49.2
2026-05-06 05:43:47 INFO mt5_bot - ADX boost: adx=49.2 \u2192 risk_pct=1.88%
2026-05-06 05:43:47 INFO mt5_bot - Execution status=skipped reason=no_closed_bar_crossover
2026-05-06 05:44:02 INFO mt5_bot - Balance=102029.96 Equity=102029.96 Spread=0.20 pips
2026-05-06 05:44:02 INFO mt5_bot - Signal=NONE reason=no_closed_bar_crossover price=None trend=bullish rsi=73.5 atr_pips=7.9 adx=49.2
2026-05-06 05:44:02 INFO mt5_bot - ADX boost: adx=49.2 \u2192 risk_pct=1.88%
2026-05-06 05:44:02 INFO mt5_bot - Execution status=skipped reason=no_closed_bar_crossover
2026-05-06 05:44:17 INFO mt5_bot - Balance=102029.96 Equity=102029.96 Spread=0.20 pips
2026-05-06 05:44:17 INFO mt5_bot - Signal=NONE reason=no_closed_bar_crossover price=None trend=bullish rsi=73.5 atr_pips=7.9 adx=49.2
2026-05-06 05:44:17 INFO mt5_bot - ADX boost: adx=49.2 \u2192 risk_pct=1.88%
2026-05-06 05:44:17 INFO mt5_bot - Execution status=skipped reason=no_closed_bar_crossover
2026-05-06 05:44:32 INFO mt5_bot - Balance=102029.96 Equity=102029.96 Spread=0.60 pips
2026-05-06 05:44:32 INFO mt5_bot - Signal=NONE reason=no_closed_bar_crossover price=None trend=bullish rsi=73.5 atr_pips=7.9 adx=49.2
2026-05-06 05:44:32 INFO mt5_bot - ADX boost: adx=49.2 \u2192 risk_pct=1.88%
2026-05-06 05:44:32 INFO mt5_bot - Execution status=skipped reason=no_closed_bar_crossover
2026-05-06 05:44:47 INFO mt5_bot - Balance=102029.96 Equity=102029.96 Spread=0.20 pips
2026-05-06 05:44:47 INFO mt5_bot - Signal=NONE reason=no_closed_bar_crossover price=None trend=bullish rsi=73.5 atr_pips=7.9 adx=49.2
2026-05-06 05:44:47 INFO mt5_bot - ADX boost: adx=49.2 \u2192 risk_pct=1.88%
2026-05-06 05:44:47 INFO mt5_bot - Execution status=skipped reason=no_closed_bar_crossover
2026-05-06 05:45:02 INFO mt5_bot - Balance=102029.96 Equity=102029.96 Spread=0.90 pips
2026-05-06 05:45:02 INFO mt5_bot - Signal=NONE reason=no_closed_bar_crossover price=None trend=bullish rsi=79.0 atr_pips=8.4 adx=50.6
2026-05-06 05:45:02 INFO mt5_bot - ADX boost: adx=50.6 \u2192 risk_pct=1.88%
2026-05-06 05:45:02 INFO mt5_bot - Execution status=skipped reason=no_closed_bar_crossover
2026-05-06 05:45:17 INFO mt5_bot - Balance=102029.96 Equity=102029.96 Spread=0.20 pips
2026-05-06 05:45:17 INFO mt5_bot - Signal=NONE reason=no_closed_bar_crossover price=None trend=bullish rsi=79.0 atr_pips=8.4 adx=50.6
2026-05-06 05:45:17 INFO mt5_bot - ADX boost: adx=50.6 \u2192 risk_pct=1.88%
2026-05-06 05:45:17 INFO mt5_bot - Execution status=skipped reason=no_closed_bar_crossover
2026-05-06 05:45:32 INFO mt5_bot - Balance=102029.96 Equity=102029.96 Spread=0.20 pips
2026-05-06 05:45:32 INFO mt5_bot - Signal=NONE reason=no_closed_bar_crossover price=None trend=bullish rsi=79.0 atr_pips=8.4 adx=50.6
2026-05-06 05:45:32 INFO mt5_bot - ADX boost: adx=50.6 \u2192 risk_pct=1.88%
2026-05-06 05:45:32 INFO mt5_bot - Execution status=skipped reason=no_closed_bar_crossover
2026-05-06 05:45:47 INFO mt5_bot - Balance=102029.96 Equity=102029.96 Spread=0.20 pips
2026-05-06 05:45:47 INFO mt5_bot - Signal=NONE reason=no_closed_bar_crossover price=None trend=bullish rsi=79.0 atr_pips=8.4 adx=50.6
2026-05-06 05:45:47 INFO mt5_bot - ADX boost: adx=50.6 \u2192 risk_pct=1.88%
2026-05-06 05:45:47 INFO mt5_bot - Execution status=skipped reason=no_closed_bar_crossover
2026-05-06 05:46:02 INFO mt5_bot - Balance=102029.96 Equity=102029.96 Spread=0.20 pips
2026-05-06 05:46:02 INFO mt5_bot - Signal=NONE reason=no_closed_bar_crossover price=None trend=bullish rsi=79.0 atr_pips=8.4 adx=50.6
2026-05-06 05:46:02 INFO mt5_bot - ADX boost: adx=50.6 \u2192 risk_pct=1.88%
2026-05-06 05:46:02 INFO mt5_bot - Execution status=skipped reason=no_closed_bar_crossover
2026-05-06 05:46:17 INFO mt5_bot - Balance=102029.96 Equity=102029.96 Spread=0.20 pips
2026-05-06 05:46:17 INFO mt5_bot - Signal=NONE reason=no_closed_bar_crossover price=None trend=bullish rsi=79.0 atr_pips=8.4 adx=50.6
2026-05-06 05:46:17 INFO mt5_bot - ADX boost: adx=50.6 \u2192 risk_pct=1.88%
2026-05-06 05:46:17 INFO mt5_bot - Execution status=skipped reason=no_closed_bar_crossover
2026-05-06 05:46:32 INFO mt5_bot - Balance=102029.96 Equity=102029.96 Spread=0.60 pips
2026-05-06 05:46:32 INFO mt5_bot - Signal=NONE reason=no_closed_bar_crossover price=None trend=bullish rsi=79.0 atr_pips=8.4 adx=50.6
2026-05-06 05:46:32 INFO mt5_bot - ADX boost: adx=50.6 \u2192 risk_pct=1.88%
2026-05-06 05:46:32 INFO mt5_bot - Execution status=skipped reason=no_closed_bar_crossover
2026-05-06 05:46:47 INFO mt5_bot - Balance=102029.96 Equity=102029.96 Spread=0.20 pips
2026-05-06 05:46:47 INFO mt5_bot - Signal=NONE reason=no_closed_bar_crossover price=None trend=bullish rsi=79.0 atr_pips=8.4 adx=50.6
2026-05-06 05:46:47 INFO mt5_bot - ADX boost: adx=50.6 \u2192 risk_pct=1.88%
2026-05-06 05:46:47 INFO mt5_bot - Execution status=skipped reason=no_closed_bar_crossover
2026-05-06 05:47:02 INFO mt5_bot - Balance=102029.96 Equity=102029.96 Spread=0.20 pips
2026-05-06 05:47:02 INFO mt5_bot - Signal=NONE reason=no_closed_bar_crossover price=None trend=bullish rsi=79.0 atr_pips=8.4 adx=50.6
2026-05-06 05:47:02 INFO mt5_bot - ADX boost: adx=50.6 \u2192 risk_pct=1.88%
2026-05-06 05:47:02 INFO mt5_bot - Execution status=skipped reason=no_closed_bar_crossover
2026-05-06 05:47:17 INFO mt5_bot - Balance=102029.96 Equity=102029.96 Spread=0.20 pips
2026-05-06 05:47:17 INFO mt5_bot - Signal=NONE reason=no_closed_bar_crossover price=None trend=bullish rsi=79.0 atr_pips=8.4 adx=50.6
2026-05-06 05:47:17 INFO mt5_bot - ADX boost: adx=50.6 \u2192 risk_pct=1.88%
2026-05-06 05:47:17 INFO mt5_bot - Execution status=skipped reason=no_closed_bar_crossover
2026-05-06 05:47:32 INFO mt5_bot - Balance=102029.96 Equity=102029.96 Spread=0.20 pips
2026-05-06 05:47:32 INFO mt5_bot - Signal=NONE reason=no_closed_bar_crossover price=None trend=bullish rsi=79.0 atr_pips=8.4 adx=50.6
2026-05-06 05:47:32 INFO mt5_bot - ADX boost: adx=50.6 \u2192 risk_pct=1.88%
2026-05-06 05:47:32 INFO mt5_bot - Execution status=skipped reason=no_closed_bar_crossover
2026-05-06 05:47:47 INFO mt5_bot - Balance=102029.96 Equity=102029.96 Spread=0.20 pips
2026-05-06 05:47:47 INFO mt5_bot - Signal=NONE reason=no_closed_bar_crossover price=None trend=bullish rsi=79.0 atr_pips=8.4 adx=50.6
2026-05-06 05:47:47 INFO mt5_bot - ADX boost: adx=50.6 \u2192 risk_pct=1.88%
2026-05-06 05:47:47 INFO mt5_bot - Execution status=skipped reason=no_closed_bar_crossover
2026-05-06 05:48:02 INFO mt5_bot - Balance=102029.96 Equity=102029.96 Spread=0.20 pips
2026-05-06 05:48:02 INFO mt5_bot - Signal=NONE reason=no_closed_bar_crossover price=None trend=bullish rsi=79.0 atr_pips=8.4 adx=50.6
2026-05-06 05:48:02 INFO mt5_bot - ADX boost: adx=50.6 \u2192 risk_pct=1.88%
2026-05-06 05:48:02 INFO mt5_bot - Execution status=skipped reason=no_closed_bar_crossover
2026-05-06 05:48:17 INFO mt5_bot - Balance=102029.96 Equity=102029.96 Spread=0.80 pips
2026-05-06 05:48:17 INFO mt5_bot - Signal=NONE reason=no_closed_bar_crossover price=None trend=bullish rsi=79.0 atr_pips=8.4 adx=50.6
2026-05-06 05:48:17 INFO mt5_bot - ADX boost: adx=50.6 \u2192 risk_pct=1.88%
2026-05-06 05:48:17 INFO mt5_bot - Execution status=skipped reason=no_closed_bar_crossover
2026-05-06 05:48:32 INFO mt5_bot - Balance=102029.96 Equity=102029.96 Spread=0.20 pips
2026-05-06 05:48:32 INFO mt5_bot - Signal=NONE reason=no_closed_bar_crossover price=None trend=bullish rsi=79.0 atr_pips=8.4 adx=50.6
2026-05-06 05:48:32 INFO mt5_bot - ADX boost: adx=50.6 \u2192 risk_pct=1.88%
2026-05-06 05:48:32 INFO mt5_bot - Execution status=skipped reason=no_closed_bar_crossover
2026-05-06 05:48:47 INFO mt5_bot - Balance=102029.96 Equity=102029.96 Spread=0.20 pips
2026-05-06 05:48:47 INFO mt5_bot - Signal=NONE reason=no_closed_bar_crossover price=None trend=bullish rsi=79.0 atr_pips=8.4 adx=50.6
2026-05-06 05:48:47 INFO mt5_bot - ADX boost: adx=50.6 \u2192 risk_pct=1.88%
2026-05-06 05:48:47 INFO mt5_bot - Execution status=skipped reason=no_closed_bar_crossover
2026-05-06 05:49:02 INFO mt5_bot - Balance=102029.96 Equity=102029.96 Spread=0.20 pips
2026-05-06 05:49:02 INFO mt5_bot - Signal=NONE reason=no_closed_bar_crossover price=None trend=bullish rsi=79.0 atr_pips=8.4 adx=50.6
2026-05-06 05:49:02 INFO mt5_bot - ADX boost: adx=50.6 \u2192 risk_pct=1.88%
2026-05-06 05:49:02 INFO mt5_bot - Execution status=skipped reason=no_closed_bar_crossover
2026-05-06 05:49:17 INFO mt5_bot - Balance=102029.96 Equity=102029.96 Spread=0.20 pips
2026-05-06 05:49:17 INFO mt5_bot - Signal=NONE reason=no_closed_bar_crossover price=None trend=bullish rsi=79.0 atr_pips=8.4 adx=50.6
2026-05-06 05:49:17 INFO mt5_bot - ADX boost: adx=50.6 \u2192 risk_pct=1.88%
2026-05-06 05:49:17 INFO mt5_bot - Execution status=skipped reason=no_closed_bar_crossover
2026-05-06 05:49:32 INFO mt5_bot - Balance=102029.96 Equity=102029.96 Spread=0.20 pips
2026-05-06 05:49:32 INFO mt5_bot - Signal=NONE reason=no_closed_bar_crossover price=None trend=bullish rsi=79.0 atr_pips=8.4 adx=50.6
2026-05-06 05:49:32 INFO mt5_bot - ADX boost: adx=50.6 \u2192 risk_pct=1.88%
2026-05-06 05:49:32 INFO mt5_bot - Execution status=skipped reason=no_closed_bar_crossover
2026-05-06 05:49:47 INFO mt5_bot - Balance=102029.96 Equity=102029.96 Spread=0.20 pips
2026-05-06 05:49:47 INFO mt5_bot - Signal=NONE reason=no_closed_bar_crossover price=None trend=bullish rsi=79.0 atr_pips=8.4 adx=50.6
2026-05-06 05:49:47 INFO mt5_bot - ADX boost: adx=50.6 \u2192 risk_pct=1.88%
2026-05-06 05:49:47 INFO mt5_bot - Execution status=skipped reason=no_closed_bar_crossover
2026-05-06 05:50:02 INFO mt5_bot - Balance=102029.96 Equity=102029.96 Spread=0.20 pips
2026-05-06 05:50:02 INFO mt5_bot - Signal=NONE reason=no_closed_bar_crossover price=None trend=bullish rsi=79.0 atr_pips=8.4 adx=50.6
2026-05-06 05:50:02 INFO mt5_bot - ADX boost: adx=50.6 \u2192 risk_pct=1.88%
2026-05-06 05:50:02 INFO mt5_bot - Execution status=skipped reason=no_closed_bar_crossover
2026-05-06 05:50:17 INFO mt5_bot - Balance=102029.96 Equity=102029.96 Spread=0.20 pips
2026-05-06 05:50:17 INFO mt5_bot - Signal=NONE reason=no_closed_bar_crossover price=None trend=bullish rsi=79.0 atr_pips=8.4 adx=50.6
2026-05-06 05:50:17 INFO mt5_bot - ADX boost: adx=50.6 \u2192 risk_pct=1.88%
2026-05-06 05:50:17 INFO mt5_bot - Execution status=skipped reason=no_closed_bar_crossover
2026-05-06 05:50:32 INFO mt5_bot - Balance=102029.96 Equity=102029.96 Spread=0.20 pips
2026-05-06 05:50:32 INFO mt5_bot - Signal=NONE reason=no_closed_bar_crossover price=None trend=bullish rsi=79.0 atr_pips=8.4 adx=50.6
2026-05-06 05:50:32 INFO mt5_bot - ADX boost: adx=50.6 \u2192 risk_pct=1.88%
2026-05-06 05:50:32 INFO mt5_bot - Execution status=skipped reason=no_closed_bar_crossover
2026-05-06 05:50:47 INFO mt5_bot - Balance=102029.96 Equity=102029.96 Spread=1.10 pips
2026-05-06 05:50:47 INFO mt5_bot - Signal=NONE reason=no_closed_bar_crossover price=None trend=bullish rsi=79.0 atr_pips=8.4 adx=50.6
2026-05-06 05:50:47 INFO mt5_bot - ADX boost: adx=50.6 \u2192 risk_pct=1.88%
2026-05-06 05:50:47 INFO mt5_bot - Execution status=skipped reason=no_closed_bar_crossover
2026-05-06 05:51:02 INFO mt5_bot - Balance=102029.96 Equity=102029.96 Spread=0.80 pips
2026-05-06 05:51:02 INFO mt5_bot - Signal=NONE reason=no_closed_bar_crossover price=None trend=bullish rsi=79.0 atr_pips=8.4 adx=50.6
2026-05-06 05:51:02 INFO mt5_bot - ADX boost: adx=50.6 \u2192 risk_pct=1.88%
2026-05-06 05:51:02 INFO mt5_bot - Execution status=skipped reason=no_closed_bar_crossover
2026-05-06 05:51:17 INFO mt5_bot - Balance=102029.96 Equity=102029.96 Spread=0.20 pips
2026-05-06 05:51:17 INFO mt5_bot - Signal=NONE reason=no_closed_bar_crossover price=None trend=bullish rsi=79.0 atr_pips=8.4 adx=50.6
2026-05-06 05:51:17 INFO mt5_bot - ADX boost: adx=50.6 \u2192 risk_pct=1.88%
2026-05-06 05:51:17 INFO mt5_bot - Execution status=skipped reason=no_closed_bar_crossover
2026-05-06 05:51:32 INFO mt5_bot - Balance=102029.96 Equity=102029.96 Spread=0.20 pips
2026-05-06 05:51:32 INFO mt5_bot - Signal=NONE reason=no_closed_bar_crossover price=None trend=bullish rsi=79.0 atr_pips=8.4 adx=50.6
2026-05-06 05:51:32 INFO mt5_bot - ADX boost: adx=50.6 \u2192 risk_pct=1.88%
2026-05-06 05:51:32 INFO mt5_bot - Execution status=skipped reason=no_closed_bar_crossover
2026-05-06 05:51:47 INFO mt5_bot - Balance=102029.96 Equity=102029.96 Spread=0.20 pips
2026-05-06 05:51:47 INFO mt5_bot - Signal=NONE reason=no_closed_bar_crossover price=None trend=bullish rsi=79.0 atr_pips=8.4 adx=50.6
2026-05-06 05:51:47 INFO mt5_bot - ADX boost: adx=50.6 \u2192 risk_pct=1.88%
2026-05-06 05:51:47 INFO mt5_bot - Execution status=skipped reason=no_closed_bar_crossover
2026-05-06 05:52:02 INFO mt5_bot - Balance=102029.96 Equity=102029.96 Spread=0.20 pips
2026-05-06 05:52:02 INFO mt5_bot - Signal=NONE reason=no_closed_bar_crossover price=None trend=bullish rsi=79.0 atr_pips=8.4 adx=50.6
2026-05-06 05:52:02 INFO mt5_bot - ADX boost: adx=50.6 \u2192 risk_pct=1.88%
2026-05-06 05:52:02 INFO mt5_bot - Execution status=skipped reason=no_closed_bar_crossover
2026-05-06 05:52:17 INFO mt5_bot - Balance=102029.96 Equity=102029.96 Spread=0.20 pips
2026-05-06 05:52:17 INFO mt5_bot - Signal=NONE reason=no_closed_bar_crossover price=None trend=bullish rsi=79.0 atr_pips=8.4 adx=50.6
2026-05-06 05:52:17 INFO mt5_bot - ADX boost: adx=50.6 \u2192 risk_pct=1.88%
2026-05-06 05:52:17 INFO mt5_bot - Execution status=skipped reason=no_closed_bar_crossover
2026-05-06 05:52:32 INFO mt5_bot - Balance=102029.96 Equity=102029.96 Spread=0.20 pips
2026-05-06 05:52:32 INFO mt5_bot - Signal=NONE reason=no_closed_bar_crossover price=None trend=bullish rsi=79.0 atr_pips=8.4 adx=50.6
2026-05-06 05:52:32 INFO mt5_bot - ADX boost: adx=50.6 \u2192 risk_pct=1.88%
2026-05-06 05:52:32 INFO mt5_bot - Execution status=skipped reason=no_closed_bar_crossover
2026-05-06 05:52:47 INFO mt5_bot - Balance=102029.96 Equity=102029.96 Spread=0.40 pips
2026-05-06 05:52:47 INFO mt5_bot - Signal=NONE reason=no_closed_bar_crossover price=None trend=bullish rsi=79.0 atr_pips=8.4 adx=50.6
2026-05-06 05:52:47 INFO mt5_bot - ADX boost: adx=50.6 \u2192 risk_pct=1.88%
2026-05-06 05:52:47 INFO mt5_bot - Execution status=skipped reason=no_closed_bar_crossover
2026-05-06 05:53:02 INFO mt5_bot - Balance=102029.96 Equity=102029.96 Spread=0.20 pips
2026-05-06 05:53:02 INFO mt5_bot - Signal=NONE reason=no_closed_bar_crossover price=None trend=bullish rsi=79.0 atr_pips=8.4 adx=50.6
2026-05-06 05:53:02 INFO mt5_bot - ADX boost: adx=50.6 \u2192 risk_pct=1.88%
2026-05-06 05:53:02 INFO mt5_bot - Execution status=skipped reason=no_closed_bar_crossover
2026-05-06 05:53:17 INFO mt5_bot - Balance=102029.96 Equity=102029.96 Spread=0.20 pips
2026-05-06 05:53:17 INFO mt5_bot - Signal=NONE reason=no_closed_bar_crossover price=None trend=bullish rsi=79.0 atr_pips=8.4 adx=50.6
2026-05-06 05:53:17 INFO mt5_bot - ADX boost: adx=50.6 \u2192 risk_pct=1.88%
2026-05-06 05:53:17 INFO mt5_bot - Execution status=skipped reason=no_closed_bar_crossover
2026-05-06 05:53:32 INFO mt5_bot - Balance=102029.96 Equity=102029.96 Spread=0.60 pips
2026-05-06 05:53:32 INFO mt5_bot - Signal=NONE reason=no_closed_bar_crossover price=None trend=bullish rsi=79.0 atr_pips=8.4 adx=50.6
2026-05-06 05:53:32 INFO mt5_bot - ADX boost: adx=50.6 \u2192 risk_pct=1.88%
2026-05-06 05:53:32 INFO mt5_bot - Execution status=skipped reason=no_closed_bar_crossover
2026-05-06 05:53:47 INFO mt5_bot - Balance=102029.96 Equity=102029.96 Spread=0.80 pips
2026-05-06 05:53:47 INFO mt5_bot - Signal=NONE reason=no_closed_bar_crossover price=None trend=bullish rsi=79.0 atr_pips=8.4 adx=50.6
2026-05-06 05:53:47 INFO mt5_bot - ADX boost: adx=50.6 \u2192 risk_pct=1.88%
2026-05-06 05:53:47 INFO mt5_bot - Execution status=skipped reason=no_closed_bar_crossover
2026-05-06 05:54:02 INFO mt5_bot - Balance=102029.96 Equity=102029.96 Spread=0.20 pips
2026-05-06 05:54:02 INFO mt5_bot - Signal=NONE reason=no_closed_bar_crossover price=None trend=bullish rsi=79.0 atr_pips=8.4 adx=50.6
2026-05-06 05:54:02 INFO mt5_bot - ADX boost: adx=50.6 \u2192 risk_pct=1.88%
2026-05-06 05:54:02 INFO mt5_bot - Execution status=skipped reason=no_closed_bar_crossover
2026-05-06 05:54:17 INFO mt5_bot - Balance=102029.96 Equity=102029.96 Spread=0.60 pips
2026-05-06 05:54:17 INFO mt5_bot - Signal=NONE reason=no_closed_bar_crossover price=None trend=bullish rsi=79.0 atr_pips=8.4 adx=50.6
2026-05-06 05:54:17 INFO mt5_bot - ADX boost: adx=50.6 \u2192 risk_pct=1.88%
2026-05-06 05:54:17 INFO mt5_bot - Execution status=skipped reason=no_closed_bar_crossover
2026-05-06 05:54:32 INFO mt5_bot - Balance=102029.96 Equity=102029.96 Spread=0.20 pips
2026-05-06 05:54:32 INFO mt5_bot - Signal=NONE reason=no_closed_bar_crossover price=None trend=bullish rsi=79.0 atr_pips=8.4 adx=50.6
2026-05-06 05:54:32 INFO mt5_bot - ADX boost: adx=50.6 \u2192 risk_pct=1.88%
2026-05-06 05:54:32 INFO mt5_bot - Execution status=skipped reason=no_closed_bar_crossover
2026-05-06 05:54:47 INFO mt5_bot - Balance=102029.96 Equity=102029.96 Spread=0.20 pips
2026-05-06 05:54:47 INFO mt5_bot - Signal=NONE reason=no_closed_bar_crossover price=None trend=bullish rsi=79.0 atr_pips=8.4 adx=50.6
2026-05-06 05:54:47 INFO mt5_bot - ADX boost: adx=50.6 \u2192 risk_pct=1.88%
2026-05-06 05:54:47 INFO mt5_bot - Execution status=skipped reason=no_closed_bar_crossover
2026-05-06 05:55:02 INFO mt5_bot - Balance=102029.96 Equity=102029.96 Spread=0.20 pips
2026-05-06 05:55:02 INFO mt5_bot - Signal=NONE reason=no_closed_bar_crossover price=None trend=bullish rsi=79.0 atr_pips=8.4 adx=50.6
2026-05-06 05:55:02 INFO mt5_bot - ADX boost: adx=50.6 \u2192 risk_pct=1.88%
2026-05-06 05:55:02 INFO mt5_bot - Execution status=skipped reason=no_closed_bar_crossover
2026-05-06 05:55:17 INFO mt5_bot - Balance=102029.96 Equity=102029.96 Spread=0.20 pips
2026-05-06 05:55:17 INFO mt5_bot - Signal=NONE reason=no_closed_bar_crossover price=None trend=bullish rsi=79.0 atr_pips=8.4 adx=50.6
2026-05-06 05:55:17 INFO mt5_bot - ADX boost: adx=50.6 \u2192 risk_pct=1.88%
2026-05-06 05:55:17 INFO mt5_bot - Execution status=skipped reason=no_closed_bar_crossover
2026-05-06 05:55:32 INFO mt5_bot - Balance=102029.96 Equity=102029.96 Spread=0.20 pips
2026-05-06 05:55:32 INFO mt5_bot - Signal=NONE reason=no_closed_bar_crossover price=None trend=bullish rsi=79.0 atr_pips=8.4 adx=50.6
2026-05-06 05:55:32 INFO mt5_bot - ADX boost: adx=50.6 \u2192 risk_pct=1.88%
2026-05-06 05:55:32 INFO mt5_bot - Execution status=skipped reason=no_closed_bar_crossover
2026-05-06 05:55:47 INFO mt5_bot - Balance=102029.96 Equity=102029.96 Spread=1.40 pips
2026-05-06 05:55:47 INFO mt5_bot - Signal=NONE reason=no_closed_bar_crossover price=None trend=bullish rsi=79.0 atr_pips=8.4 adx=50.6
2026-05-06 05:55:47 INFO mt5_bot - ADX boost: adx=50.6 \u2192 risk_pct=1.88%
2026-05-06 05:55:47 INFO mt5_bot - Execution status=skipped reason=no_closed_bar_crossover
2026-05-06 05:56:02 INFO mt5_bot - Balance=102029.96 Equity=102029.96 Spread=0.20 pips
2026-05-06 05:56:02 INFO mt5_bot - Signal=NONE reason=no_closed_bar_crossover price=None trend=bullish rsi=79.0 atr_pips=8.4 adx=50.6
2026-05-06 05:56:02 INFO mt5_bot - ADX boost: adx=50.6 \u2192 risk_pct=1.88%
2026-05-06 05:56:02 INFO mt5_bot - Execution status=skipped reason=no_closed_bar_crossover
2026-05-06 05:56:17 INFO mt5_bot - Balance=102029.96 Equity=102029.96 Spread=0.20 pips
2026-05-06 05:56:17 INFO mt5_bot - Signal=NONE reason=no_closed_bar_crossover price=None trend=bullish rsi=79.0 atr_pips=8.4 adx=50.6
2026-05-06 05:56:17 INFO mt5_bot - ADX boost: adx=50.6 \u2192 risk_pct=1.88%
2026-05-06 05:56:17 INFO mt5_bot - Execution status=skipped reason=no_closed_bar_crossover
2026-05-06 05:56:32 INFO mt5_bot - Balance=102029.96 Equity=102029.96 Spread=0.20 pips
2026-05-06 05:56:32 INFO mt5_bot - Signal=NONE reason=no_closed_bar_crossover price=None trend=bullish rsi=79.0 atr_pips=8.4 adx=50.6
2026-05-06 05:56:32 INFO mt5_bot - ADX boost: adx=50.6 \u2192 risk_pct=1.88%
2026-05-06 05:56:32 INFO mt5_bot - Execution status=skipped reason=no_closed_bar_crossover
2026-05-06 05:56:47 INFO mt5_bot - Balance=102029.96 Equity=102029.96 Spread=0.20 pips
2026-05-06 05:56:47 INFO mt5_bot - Signal=NONE reason=no_closed_bar_crossover price=None trend=bullish rsi=79.0 atr_pips=8.4 adx=50.6
2026-05-06 05:56:47 INFO mt5_bot - ADX boost: adx=50.6 \u2192 risk_pct=1.88%
2026-05-06 05:56:47 INFO mt5_bot - Execution status=skipped reason=no_closed_bar_crossover
2026-05-06 05:57:02 INFO mt5_bot - Balance=102029.96 Equity=102029.96 Spread=0.50 pips
2026-05-06 05:57:02 INFO mt5_bot - Signal=NONE reason=no_closed_bar_crossover price=None trend=bullish rsi=79.0 atr_pips=8.4 adx=50.6
2026-05-06 05:57:03 INFO mt5_bot - ADX boost: adx=50.6 \u2192 risk_pct=1.88%
2026-05-06 05:57:03 INFO mt5_bot - Execution status=skipped reason=no_closed_bar_crossover
2026-05-06 05:57:18 INFO mt5_bot - Balance=102029.96 Equity=102029.96 Spread=0.20 pips
2026-05-06 05:57:18 INFO mt5_bot - Signal=NONE reason=no_closed_bar_crossover price=None trend=bullish rsi=79.0 atr_pips=8.4 adx=50.6
2026-05-06 05:57:18 INFO mt5_bot - ADX boost: adx=50.6 \u2192 risk_pct=1.88%
2026-05-06 05:57:18 INFO mt5_bot - Execution status=skipped reason=no_closed_bar_crossover
2026-05-06 05:57:33 INFO mt5_bot - Balance=102029.96 Equity=102029.96 Spread=0.20 pips
2026-05-06 05:57:33 INFO mt5_bot - Signal=NONE reason=no_closed_bar_crossover price=None trend=bullish rsi=79.0 atr_pips=8.4 adx=50.6
2026-05-06 05:57:33 INFO mt5_bot - ADX boost: adx=50.6 \u2192 risk_pct=1.88%
2026-05-06 05:57:33 INFO mt5_bot - Execution status=skipped reason=no_closed_bar_crossover
2026-05-06 05:57:48 INFO mt5_bot - Balance=102029.96 Equity=102029.96 Spread=0.40 pips
2026-05-06 05:57:48 INFO mt5_bot - Signal=NONE reason=no_closed_bar_crossover price=None trend=bullish rsi=79.0 atr_pips=8.4 adx=50.6
2026-05-06 05:57:48 INFO mt5_bot - ADX boost: adx=50.6 \u2192 risk_pct=1.88%
2026-05-06 05:57:48 INFO mt5_bot - Execution status=skipped reason=no_closed_bar_crossover
2026-05-06 05:58:03 INFO mt5_bot - Balance=102029.96 Equity=102029.96 Spread=0.20 pips
2026-05-06 05:58:03 INFO mt5_bot - Signal=NONE reason=no_closed_bar_crossover price=None trend=bullish rsi=79.0 atr_pips=8.4 adx=50.6
2026-05-06 05:58:03 INFO mt5_bot - ADX boost: adx=50.6 \u2192 risk_pct=1.88%
2026-05-06 05:58:03 INFO mt5_bot - Execution status=skipped reason=no_closed_bar_crossover
2026-05-06 05:58:18 INFO mt5_bot - Balance=102029.96 Equity=102029.96 Spread=0.20 pips
2026-05-06 05:58:18 INFO mt5_bot - Signal=NONE reason=no_closed_bar_crossover price=None trend=bullish rsi=79.0 atr_pips=8.4 adx=50.6
2026-05-06 05:58:18 INFO mt5_bot - ADX boost: adx=50.6 \u2192 risk_pct=1.88%
2026-05-06 05:58:18 INFO mt5_bot - Execution status=skipped reason=no_closed_bar_crossover
2026-05-06 05:58:33 INFO mt5_bot - Balance=102029.96 Equity=102029.96 Spread=0.20 pips
2026-05-06 05:58:33 INFO mt5_bot - Signal=NONE reason=no_closed_bar_crossover price=None trend=bullish rsi=79.0 atr_pips=8.4 adx=50.6
2026-05-06 05:58:33 INFO mt5_bot - ADX boost: adx=50.6 \u2192 risk_pct=1.88%
2026-05-06 05:58:33 INFO mt5_bot - Execution status=skipped reason=no_closed_bar_crossover
2026-05-06 05:58:48 INFO mt5_bot - Balance=102029.96 Equity=102029.96 Spread=0.20 pips
2026-05-06 05:58:48 INFO mt5_bot - Signal=NONE reason=no_closed_bar_crossover price=None trend=bullish rsi=79.0 atr_pips=8.4 adx=50.6
2026-05-06 05:58:48 INFO mt5_bot - ADX boost: adx=50.6 \u2192 risk_pct=1.88%
2026-05-06 05:58:48 INFO mt5_bot - Execution status=skipped reason=no_closed_bar_crossover
2026-05-06 05:59:03 INFO mt5_bot - Balance=102029.96 Equity=102029.96 Spread=0.20 pips
2026-05-06 05:59:03 INFO mt5_bot - Signal=NONE reason=no_closed_bar_crossover price=None trend=bullish rsi=79.0 atr_pips=8.4 adx=50.6
2026-05-06 05:59:03 INFO mt5_bot - ADX boost: adx=50.6 \u2192 risk_pct=1.88%
2026-05-06 05:59:03 INFO mt5_bot - Execution status=skipped reason=no_closed_bar_crossover
2026-05-06 05:59:18 INFO mt5_bot - Balance=102029.96 Equity=102029.96 Spread=0.20 pips
2026-05-06 05:59:18 INFO mt5_bot - Signal=NONE reason=no_closed_bar_crossover price=None trend=bullish rsi=79.0 atr_pips=8.4 adx=50.6
2026-05-06 05:59:18 INFO mt5_bot - ADX boost: adx=50.6 \u2192 risk_pct=1.88%
2026-05-06 05:59:18 INFO mt5_bot - Execution status=skipped reason=no_closed_bar_crossover
2026-05-06 05:59:33 INFO mt5_bot - Balance=102029.96 Equity=102029.96 Spread=0.20 pips
2026-05-06 05:59:33 INFO mt5_bot - Signal=NONE reason=no_closed_bar_crossover price=None trend=bullish rsi=79.0 atr_pips=8.4 adx=50.6
2026-05-06 05:59:33 INFO mt5_bot - ADX boost: adx=50.6 \u2192 risk_pct=1.88%
2026-05-06 05:59:33 INFO mt5_bot - Execution status=skipped reason=no_closed_bar_crossover
2026-05-06 05:59:48 INFO mt5_bot - Balance=102029.96 Equity=102029.96 Spread=0.50 pips
2026-05-06 05:59:48 INFO mt5_bot - Signal=NONE reason=no_closed_bar_crossover price=None trend=bullish rsi=79.0 atr_pips=8.4 adx=50.6
2026-05-06 05:59:48 INFO mt5_bot - ADX boost: adx=50.6 \u2192 risk_pct=1.88%
2026-05-06 05:59:48 INFO mt5_bot - Execution status=skipped reason=no_closed_bar_crossover
2026-05-06 06:00:03 INFO mt5_bot - Balance=102029.96 Equity=102029.96 Spread=0.20 pips
2026-05-06 06:00:03 INFO mt5_bot - Signal=NONE reason=no_closed_bar_crossover price=None trend=bullish rsi=80.8 atr_pips=9.0 adx=52.2
2026-05-06 06:00:03 INFO mt5_bot - ADX boost: adx=52.2 \u2192 risk_pct=1.88%
2026-05-06 06:00:03 INFO mt5_bot - Execution status=skipped reason=no_closed_bar_crossover
2026-05-06 06:00:18 INFO mt5_bot - Balance=102029.96 Equity=102029.96 Spread=0.20 pips
2026-05-06 06:00:18 INFO mt5_bot.news_filter - news_filter: loaded 115 events from ForexFactory/cache
2026-05-06 06:00:18 INFO mt5_bot - Signal=NONE reason=no_closed_bar_crossover price=None trend=bullish rsi=80.8 atr_pips=9.0 adx=52.2
2026-05-06 06:00:18 INFO mt5_bot - ADX boost: adx=52.2 \u2192 risk_pct=1.88%
2026-05-06 06:00:18 INFO mt5_bot - Execution status=skipped reason=no_closed_bar_crossover
2026-05-06 06:00:33 INFO mt5_bot - Balance=102029.96 Equity=102029.96 Spread=0.70 pips
2026-05-06 06:00:33 INFO mt5_bot - Signal=NONE reason=no_closed_bar_crossover price=None trend=bullish rsi=80.8 atr_pips=9.0 adx=52.2
2026-05-06 06:00:33 INFO mt5_bot - ADX boost: adx=52.2 \u2192 risk_pct=1.88%
2026-05-06 06:00:33 INFO mt5_bot - Execution status=skipped reason=no_closed_bar_crossover
2026-05-06 06:00:48 INFO mt5_bot - Balance=102029.96 Equity=102029.96 Spread=1.10 pips
2026-05-06 06:00:48 INFO mt5_bot - Signal=NONE reason=no_closed_bar_crossover price=None trend=bullish rsi=80.8 atr_pips=9.0 adx=52.2
2026-05-06 06:00:48 INFO mt5_bot - ADX boost: adx=52.2 \u2192 risk_pct=1.88%
2026-05-06 06:00:48 INFO mt5_bot - Execution status=skipped reason=no_closed_bar_crossover
2026-05-06 06:01:03 INFO mt5_bot - Balance=102029.96 Equity=102029.96 Spread=0.50 pips
2026-05-06 06:01:03 INFO mt5_bot - Signal=NONE reason=no_closed_bar_crossover price=None trend=bullish rsi=80.8 atr_pips=9.0 adx=52.2
2026-05-06 06:01:03 INFO mt5_bot - ADX boost: adx=52.2 \u2192 risk_pct=1.88%
2026-05-06 06:01:03 INFO mt5_bot - Execution status=skipped reason=no_closed_bar_crossover
2026-05-06 06:01:18 INFO mt5_bot - Balance=102029.96 Equity=102029.96 Spread=0.20 pips
2026-05-06 06:01:18 INFO mt5_bot - Signal=NONE reason=no_closed_bar_crossover price=None trend=bullish rsi=80.8 atr_pips=9.0 adx=52.2
2026-05-06 06:01:18 INFO mt5_bot - ADX boost: adx=52.2 \u2192 risk_pct=1.88%
2026-05-06 06:01:18 INFO mt5_bot - Execution status=skipped reason=no_closed_bar_crossover
2026-05-06 06:01:33 INFO mt5_bot - Balance=102029.96 Equity=102029.96 Spread=0.20 pips
2026-05-06 06:01:33 INFO mt5_bot - Signal=NONE reason=no_closed_bar_crossover price=None trend=bullish rsi=80.8 atr_pips=9.0 adx=52.2
2026-05-06 06:01:33 INFO mt5_bot - ADX boost: adx=52.2 \u2192 risk_pct=1.88%
2026-05-06 06:01:33 INFO mt5_bot - Execution status=skipped reason=no_closed_bar_crossover
2026-05-06 06:01:48 INFO mt5_bot - Balance=102029.96 Equity=102029.96 Spread=0.20 pips
2026-05-06 06:01:48 INFO mt5_bot - Signal=NONE reason=no_closed_bar_crossover price=None trend=bullish rsi=80.8 atr_pips=9.0 adx=52.2
2026-05-06 06:01:48 INFO mt5_bot - ADX boost: adx=52.2 \u2192 risk_pct=1.88%
2026-05-06 06:01:48 INFO mt5_bot - Execution status=skipped reason=no_closed_bar_crossover
2026-05-06 06:02:03 INFO mt5_bot - Balance=102029.96 Equity=102029.96 Spread=0.20 pips
2026-05-06 06:02:03 INFO mt5_bot - Signal=NONE reason=no_closed_bar_crossover price=None trend=bullish rsi=80.8 atr_pips=9.0 adx=52.2
2026-05-06 06:02:03 INFO mt5_bot - ADX boost: adx=52.2 \u2192 risk_pct=1.88%
2026-05-06 06:02:03 INFO mt5_bot - Execution status=skipped reason=no_closed_bar_crossover
2026-05-06 06:02:18 INFO mt5_bot - Balance=102029.96 Equity=102029.96 Spread=0.20 pips
2026-05-06 06:02:18 INFO mt5_bot - Signal=NONE reason=no_closed_bar_crossover price=None trend=bullish rsi=80.8 atr_pips=9.0 adx=52.2
2026-05-06 06:02:18 INFO mt5_bot - ADX boost: adx=52.2 \u2192 risk_pct=1.88%
2026-05-06 06:02:18 INFO mt5_bot - Execution status=skipped reason=no_closed_bar_crossover
2026-05-06 06:02:33 INFO mt5_bot - Balance=102029.96 Equity=102029.96 Spread=0.80 pips
2026-05-06 06:02:33 INFO mt5_bot - Signal=NONE reason=no_closed_bar_crossover price=None trend=bullish rsi=80.8 atr_pips=9.0 adx=52.2
2026-05-06 06:02:33 INFO mt5_bot - ADX boost: adx=52.2 \u2192 risk_pct=1.88%
2026-05-06 06:02:33 INFO mt5_bot - Execution status=skipped reason=no_closed_bar_crossover
2026-05-06 06:02:48 INFO mt5_bot - Balance=102029.96 Equity=102029.96 Spread=0.20 pips
2026-05-06 06:02:48 INFO mt5_bot - Signal=NONE reason=no_closed_bar_crossover price=None trend=bullish rsi=80.8 atr_pips=9.0 adx=52.2
2026-05-06 06:02:48 INFO mt5_bot - ADX boost: adx=52.2 \u2192 risk_pct=1.88%
2026-05-06 06:02:48 INFO mt5_bot - Execution status=skipped reason=no_closed_bar_crossover
2026-05-06 06:03:03 INFO mt5_bot - Balance=102029.96 Equity=102029.96 Spread=0.20 pips
2026-05-06 06:03:03 INFO mt5_bot - Signal=NONE reason=no_closed_bar_crossover price=None trend=bullish rsi=80.8 atr_pips=9.0 adx=52.2
2026-05-06 06:03:03 INFO mt5_bot - ADX boost: adx=52.2 \u2192 risk_pct=1.88%
2026-05-06 06:03:03 INFO mt5_bot - Execution status=skipped reason=no_closed_bar_crossover
2026-05-06 06:03:18 INFO mt5_bot - Balance=102029.96 Equity=102029.96 Spread=0.20 pips
2026-05-06 06:03:18 INFO mt5_bot - Signal=NONE reason=no_closed_bar_crossover price=None trend=bullish rsi=80.8 atr_pips=9.0 adx=52.2
2026-05-06 06:03:18 INFO mt5_bot - ADX boost: adx=52.2 \u2192 risk_pct=1.88%
2026-05-06 06:03:18 INFO mt5_bot - Execution status=skipped reason=no_closed_bar_crossover
2026-05-06 06:03:33 INFO mt5_bot - Balance=102029.96 Equity=102029.96 Spread=0.20 pips
2026-05-06 06:03:33 INFO mt5_bot - Signal=NONE reason=no_closed_bar_crossover price=None trend=bullish rsi=80.8 atr_pips=9.0 adx=52.2
2026-05-06 06:03:33 INFO mt5_bot - ADX boost: adx=52.2 \u2192 risk_pct=1.88%
2026-05-06 06:03:33 INFO mt5_bot - Execution status=skipped reason=no_closed_bar_crossover
2026-05-06 06:03:48 INFO mt5_bot - Balance=102029.96 Equity=102029.96 Spread=0.20 pips
2026-05-06 06:03:48 INFO mt5_bot - Signal=NONE reason=no_closed_bar_crossover price=None trend=bullish rsi=80.8 atr_pips=9.0 adx=52.2
2026-05-06 06:03:48 INFO mt5_bot - ADX boost: adx=52.2 \u2192 risk_pct=1.88%
2026-05-06 06:03:48 INFO mt5_bot - Execution status=skipped reason=no_closed_bar_crossover
2026-05-06 06:04:03 INFO mt5_bot - Balance=102029.96 Equity=102029.96 Spread=0.20 pips
2026-05-06 06:04:03 INFO mt5_bot - Signal=NONE reason=no_closed_bar_crossover price=None trend=bullish rsi=80.8 atr_pips=9.0 adx=52.2
2026-05-06 06:04:03 INFO mt5_bot - ADX boost: adx=52.2 \u2192 risk_pct=1.88%
2026-05-06 06:04:03 INFO mt5_bot - Execution status=skipped reason=no_closed_bar_crossover
2026-05-06 06:04:18 INFO mt5_bot - Balance=102029.96 Equity=102029.96 Spread=0.20 pips
2026-05-06 06:04:18 INFO mt5_bot - Signal=NONE reason=no_closed_bar_crossover price=None trend=bullish rsi=80.8 atr_pips=9.0 adx=52.2
2026-05-06 06:04:18 INFO mt5_bot - ADX boost: adx=52.2 \u2192 risk_pct=1.88%
2026-05-06 06:04:18 INFO mt5_bot - Execution status=skipped reason=no_closed_bar_crossover
2026-05-06 06:04:33 INFO mt5_bot - Balance=102029.96 Equity=102029.96 Spread=0.20 pips
2026-05-06 06:04:33 INFO mt5_bot - Signal=NONE reason=no_closed_bar_crossover price=None trend=bullish rsi=80.8 atr_pips=9.0 adx=52.2
2026-05-06 06:04:33 INFO mt5_bot - ADX boost: adx=52.2 \u2192 risk_pct=1.88%
2026-05-06 06:04:33 INFO mt5_bot - Execution status=skipped reason=no_closed_bar_crossover
2026-05-06 06:04:48 INFO mt5_bot - Balance=102029.96 Equity=102029.96 Spread=0.20 pips
2026-05-06 06:04:48 INFO mt5_bot - Signal=NONE reason=no_closed_bar_crossover price=None trend=bullish rsi=80.8 atr_pips=9.0 adx=52.2
2026-05-06 06:04:48 INFO mt5_bot - ADX boost: adx=52.2 \u2192 risk_pct=1.88%
2026-05-06 06:04:48 INFO mt5_bot - Execution status=skipped reason=no_closed_bar_crossover
2026-05-06 06:05:03 INFO mt5_bot - Balance=102029.96 Equity=102029.96 Spread=0.20 pips
2026-05-06 06:05:03 INFO mt5_bot - Signal=NONE reason=no_closed_bar_crossover price=None trend=bullish rsi=80.8 atr_pips=9.0 adx=52.2
2026-05-06 06:05:03 INFO mt5_bot - ADX boost: adx=52.2 \u2192 risk_pct=1.88%
2026-05-06 06:05:03 INFO mt5_bot - Execution status=skipped reason=no_closed_bar_crossover
2026-05-06 06:05:18 INFO mt5_bot - Balance=102029.96 Equity=102029.96 Spread=0.40 pips
2026-05-06 06:05:18 INFO mt5_bot - Signal=NONE reason=no_closed_bar_crossover price=None trend=bullish rsi=80.8 atr_pips=9.0 adx=52.2
2026-05-06 06:05:18 INFO mt5_bot - ADX boost: adx=52.2 \u2192 risk_pct=1.88%
2026-05-06 06:05:18 INFO mt5_bot - Execution status=skipped reason=no_closed_bar_crossover
2026-05-06 06:05:33 INFO mt5_bot - Balance=102029.96 Equity=102029.96 Spread=0.20 pips
2026-05-06 06:05:33 INFO mt5_bot - Signal=NONE reason=no_closed_bar_crossover price=None trend=bullish rsi=80.8 atr_pips=9.0 adx=52.2
2026-05-06 06:05:33 INFO mt5_bot - ADX boost: adx=52.2 \u2192 risk_pct=1.88%
2026-05-06 06:05:33 INFO mt5_bot - Execution status=skipped reason=no_closed_bar_crossover
2026-05-06 06:05:48 INFO mt5_bot - Balance=102029.96 Equity=102029.96 Spread=0.20 pips
2026-05-06 06:05:48 INFO mt5_bot - Signal=NONE reason=no_closed_bar_crossover price=None trend=bullish rsi=80.8 atr_pips=9.0 adx=52.2
2026-05-06 06:05:48 INFO mt5_bot - ADX boost: adx=52.2 \u2192 risk_pct=1.88%
2026-05-06 06:05:48 INFO mt5_bot - Execution status=skipped reason=no_closed_bar_crossover
2026-05-06 06:06:03 INFO mt5_bot - Balance=102029.96 Equity=102029.96 Spread=0.20 pips
2026-05-06 06:06:03 INFO mt5_bot - Signal=NONE reason=no_closed_bar_crossover price=None trend=bullish rsi=80.8 atr_pips=9.0 adx=52.2
2026-05-06 06:06:03 INFO mt5_bot - ADX boost: adx=52.2 \u2192 risk_pct=1.88%
2026-05-06 06:06:03 INFO mt5_bot - Execution status=skipped reason=no_closed_bar_crossover
2026-05-06 06:06:18 INFO mt5_bot - Balance=102029.96 Equity=102029.96 Spread=0.20 pips
2026-05-06 06:06:18 INFO mt5_bot - Signal=NONE reason=no_closed_bar_crossover price=None trend=bullish rsi=80.8 atr_pips=9.0 adx=52.2
2026-05-06 06:06:18 INFO mt5_bot - ADX boost: adx=52.2 \u2192 risk_pct=1.88%
2026-05-06 06:06:18 INFO mt5_bot - Execution status=skipped reason=no_closed_bar_crossover
2026-05-06 06:06:33 INFO mt5_bot - Balance=102029.96 Equity=102029.96 Spread=0.60 pips
2026-05-06 06:06:33 INFO mt5_bot - Signal=NONE reason=no_closed_bar_crossover price=None trend=bullish rsi=80.8 atr_pips=9.0 adx=52.2
2026-05-06 06:06:33 INFO mt5_bot - ADX boost: adx=52.2 \u2192 risk_pct=1.88%
2026-05-06 06:06:33 INFO mt5_bot - Execution status=skipped reason=no_closed_bar_crossover
2026-05-06 06:06:48 INFO mt5_bot - Balance=102029.96 Equity=102029.96 Spread=0.20 pips
2026-05-06 06:06:48 INFO mt5_bot - Signal=NONE reason=no_closed_bar_crossover price=None trend=bullish rsi=80.8 atr_pips=9.0 adx=52.2
2026-05-06 06:06:48 INFO mt5_bot - ADX boost: adx=52.2 \u2192 risk_pct=1.88%
2026-05-06 06:06:48 INFO mt5_bot - Execution status=skipped reason=no_closed_bar_crossover
2026-05-06 06:07:03 INFO mt5_bot - Balance=102029.96 Equity=102029.96 Spread=0.60 pips
2026-05-06 06:07:04 INFO mt5_bot - Signal=NONE reason=no_closed_bar_crossover price=None trend=bullish rsi=80.8 atr_pips=9.0 adx=52.2
2026-05-06 06:07:04 INFO mt5_bot - ADX boost: adx=52.2 \u2192 risk_pct=1.88%
2026-05-06 06:07:04 INFO mt5_bot - Execution status=skipped reason=no_closed_bar_crossover
2026-05-06 06:07:19 INFO mt5_bot - Balance=102029.96 Equity=102029.96 Spread=0.20 pips
2026-05-06 06:07:19 INFO mt5_bot - Signal=NONE reason=no_closed_bar_crossover price=None trend=bullish rsi=80.8 atr_pips=9.0 adx=52.2
2026-05-06 06:07:19 INFO mt5_bot - ADX boost: adx=52.2 \u2192 risk_pct=1.88%
2026-05-06 06:07:19 INFO mt5_bot - Execution status=skipped reason=no_closed_bar_crossover
2026-05-06 06:07:34 INFO mt5_bot - Balance=102029.96 Equity=102029.96 Spread=0.20 pips
2026-05-06 06:07:34 INFO mt5_bot - Signal=NONE reason=no_closed_bar_crossover price=None trend=bullish rsi=80.8 atr_pips=9.0 adx=52.2
2026-05-06 06:07:34 INFO mt5_bot - ADX boost: adx=52.2 \u2192 risk_pct=1.88%
2026-05-06 06:07:34 INFO mt5_bot - Execution status=skipped reason=no_closed_bar_crossover
2026-05-06 06:07:49 INFO mt5_bot - Balance=102029.96 Equity=102029.96 Spread=0.20 pips
2026-05-06 06:07:49 INFO mt5_bot - Signal=NONE reason=no_closed_bar_crossover price=None trend=bullish rsi=80.8 atr_pips=9.0 adx=52.2
2026-05-06 06:07:49 INFO mt5_bot - ADX boost: adx=52.2 \u2192 risk_pct=1.88%
2026-05-06 06:07:49 INFO mt5_bot - Execution status=skipped reason=no_closed_bar_crossover
2026-05-06 06:08:04 INFO mt5_bot - Balance=102029.96 Equity=102029.96 Spread=0.20 pips
2026-05-06 06:08:04 INFO mt5_bot - Signal=NONE reason=no_closed_bar_crossover price=None trend=bullish rsi=80.8 atr_pips=9.0 adx=52.2
2026-05-06 06:08:04 INFO mt5_bot - ADX boost: adx=52.2 \u2192 risk_pct=1.88%
2026-05-06 06:08:04 INFO mt5_bot - Execution status=skipped reason=no_closed_bar_crossover
2026-05-06 06:08:19 INFO mt5_bot - Balance=102029.96 Equity=102029.96 Spread=0.20 pips
2026-05-06 06:08:19 INFO mt5_bot - Signal=NONE reason=no_closed_bar_crossover price=None trend=bullish rsi=80.8 atr_pips=9.0 adx=52.2
2026-05-06 06:08:19 INFO mt5_bot - ADX boost: adx=52.2 \u2192 risk_pct=1.88%
2026-05-06 06:08:19 INFO mt5_bot - Execution status=skipped reason=no_closed_bar_crossover
2026-05-06 06:08:34 INFO mt5_bot - Balance=102029.96 Equity=102029.96 Spread=0.20 pips
2026-05-06 06:08:34 INFO mt5_bot - Signal=NONE reason=no_closed_bar_crossover price=None trend=bullish rsi=80.8 atr_pips=9.0 adx=52.2
2026-05-06 06:08:34 INFO mt5_bot - ADX boost: adx=52.2 \u2192 risk_pct=1.88%
2026-05-06 06:08:34 INFO mt5_bot - Execution status=skipped reason=no_closed_bar_crossover
2026-05-06 06:08:49 INFO mt5_bot - Balance=102029.96 Equity=102029.96 Spread=0.20 pips
2026-05-06 06:08:49 INFO mt5_bot - Signal=NONE reason=no_closed_bar_crossover price=None trend=bullish rsi=80.8 atr_pips=9.0 adx=52.2
2026-05-06 06:08:49 INFO mt5_bot - ADX boost: adx=52.2 \u2192 risk_pct=1.88%
2026-05-06 06:08:49 INFO mt5_bot - Execution status=skipped reason=no_closed_bar_crossover
2026-05-06 06:09:04 INFO mt5_bot - Balance=102029.96 Equity=102029.96 Spread=0.60 pips
2026-05-06 06:09:04 INFO mt5_bot - Signal=NONE reason=no_closed_bar_crossover price=None trend=bullish rsi=80.8 atr_pips=9.0 adx=52.2
2026-05-06 06:09:04 INFO mt5_bot - ADX boost: adx=52.2 \u2192 risk_pct=1.88%
2026-05-06 06:09:04 INFO mt5_bot - Execution status=skipped reason=no_closed_bar_crossover
2026-05-06 06:09:19 INFO mt5_bot - Balance=102029.96 Equity=102029.96 Spread=0.20 pips
2026-05-06 06:09:19 INFO mt5_bot - Signal=NONE reason=no_closed_bar_crossover price=None trend=bullish rsi=80.8 atr_pips=9.0 adx=52.2
2026-05-06 06:09:19 INFO mt5_bot - ADX boost: adx=52.2 \u2192 risk_pct=1.88%
2026-05-06 06:09:19 INFO mt5_bot - Execution status=skipped reason=no_closed_bar_crossover
2026-05-06 06:09:34 INFO mt5_bot - Balance=102029.96 Equity=102029.96 Spread=0.60 pips
2026-05-06 06:09:34 INFO mt5_bot - Signal=NONE reason=no_closed_bar_crossover price=None trend=bullish rsi=80.8 atr_pips=9.0 adx=52.2
2026-05-06 06:09:34 INFO mt5_bot - ADX boost: adx=52.2 \u2192 risk_pct=1.88%
2026-05-06 06:09:34 INFO mt5_bot - Execution status=skipped reason=no_closed_bar_crossover
2026-05-06 06:09:49 INFO mt5_bot - Balance=102029.96 Equity=102029.96 Spread=0.20 pips
2026-05-06 06:09:49 INFO mt5_bot - Signal=NONE reason=no_closed_bar_crossover price=None trend=bullish rsi=80.8 atr_pips=9.0 adx=52.2
2026-05-06 06:09:49 INFO mt5_bot - ADX boost: adx=52.2 \u2192 risk_pct=1.88%
2026-05-06 06:09:49 INFO mt5_bot - Execution status=skipped reason=no_closed_bar_crossover
2026-05-06 06:10:04 INFO mt5_bot - Balance=102029.96 Equity=102029.96 Spread=0.20 pips
2026-05-06 06:10:04 INFO mt5_bot - Signal=NONE reason=no_closed_bar_crossover price=None trend=bullish rsi=80.8 atr_pips=9.0 adx=52.2
2026-05-06 06:10:04 INFO mt5_bot - ADX boost: adx=52.2 \u2192 risk_pct=1.88%
2026-05-06 06:10:04 INFO mt5_bot - Execution status=skipped reason=no_closed_bar_crossover
2026-05-06 06:10:19 INFO mt5_bot - Balance=102029.96 Equity=102029.96 Spread=0.20 pips
2026-05-06 06:10:19 INFO mt5_bot - Signal=NONE reason=no_closed_bar_crossover price=None trend=bullish rsi=80.8 atr_pips=9.0 adx=52.2
2026-05-06 06:10:19 INFO mt5_bot - ADX boost: adx=52.2 \u2192 risk_pct=1.88%
2026-05-06 06:10:19 INFO mt5_bot - Execution status=skipped reason=no_closed_bar_crossover
2026-05-06 06:10:34 INFO mt5_bot - Balance=102029.96 Equity=102029.96 Spread=0.20 pips
2026-05-06 06:10:34 INFO mt5_bot - Signal=NONE reason=no_closed_bar_crossover price=None trend=bullish rsi=80.8 atr_pips=9.0 adx=52.2
2026-05-06 06:10:34 INFO mt5_bot - ADX boost: adx=52.2 \u2192 risk_pct=1.88%
2026-05-06 06:10:34 INFO mt5_bot - Execution status=skipped reason=no_closed_bar_crossover
2026-05-06 06:10:49 INFO mt5_bot - Balance=102029.96 Equity=102029.96 Spread=0.80 pips
2026-05-06 06:10:49 INFO mt5_bot - Signal=NONE reason=no_closed_bar_crossover price=None trend=bullish rsi=80.8 atr_pips=9.0 adx=52.2
2026-05-06 06:10:49 INFO mt5_bot - ADX boost: adx=52.2 \u2192 risk_pct=1.88%
2026-05-06 06:10:49 INFO mt5_bot - Execution status=skipped reason=no_closed_bar_crossover
2026-05-06 06:11:04 INFO mt5_bot - Balance=102029.96 Equity=102029.96 Spread=0.20 pips
2026-05-06 06:11:04 INFO mt5_bot - Signal=NONE reason=no_closed_bar_crossover price=None trend=bullish rsi=80.8 atr_pips=9.0 adx=52.2
2026-05-06 06:11:04 INFO mt5_bot - ADX boost: adx=52.2 \u2192 risk_pct=1.88%
2026-05-06 06:11:04 INFO mt5_bot - Execution status=skipped reason=no_closed_bar_crossover
2026-05-06 06:11:19 INFO mt5_bot - Balance=102029.96 Equity=102029.96 Spread=0.20 pips
2026-05-06 06:11:19 INFO mt5_bot - Signal=NONE reason=no_closed_bar_crossover price=None trend=bullish rsi=80.8 atr_pips=9.0 adx=52.2
2026-05-06 06:11:19 INFO mt5_bot - ADX boost: adx=52.2 \u2192 risk_pct=1.88%
2026-05-06 06:11:19 INFO mt5_bot - Execution status=skipped reason=no_closed_bar_crossover
2026-05-06 06:11:34 INFO mt5_bot - Balance=102029.96 Equity=102029.96 Spread=0.20 pips
2026-05-06 06:11:34 INFO mt5_bot - Signal=NONE reason=no_closed_bar_crossover price=None trend=bullish rsi=80.8 atr_pips=9.0 adx=52.2
2026-05-06 06:11:34 INFO mt5_bot - ADX boost: adx=52.2 \u2192 risk_pct=1.88%
2026-05-06 06:11:34 INFO mt5_bot - Execution status=skipped reason=no_closed_bar_crossover
2026-05-06 06:11:49 INFO mt5_bot - Balance=102029.96 Equity=102029.96 Spread=0.50 pips
2026-05-06 06:11:49 INFO mt5_bot - Signal=NONE reason=no_closed_bar_crossover price=None trend=bullish rsi=80.8 atr_pips=9.0 adx=52.2
2026-05-06 06:11:49 INFO mt5_bot - ADX boost: adx=52.2 \u2192 risk_pct=1.88%
2026-05-06 06:11:49 INFO mt5_bot - Execution status=skipped reason=no_closed_bar_crossover
2026-05-06 06:12:04 INFO mt5_bot - Balance=102029.96 Equity=102029.96 Spread=0.20 pips
2026-05-06 06:12:04 INFO mt5_bot - Signal=NONE reason=no_closed_bar_crossover price=None trend=bullish rsi=80.8 atr_pips=9.0 adx=52.2
2026-05-06 06:12:04 INFO mt5_bot - ADX boost: adx=52.2 \u2192 risk_pct=1.88%
2026-05-06 06:12:04 INFO mt5_bot - Execution status=skipped reason=no_closed_bar_crossover
2026-05-06 06:12:19 INFO mt5_bot - Balance=102029.96 Equity=102029.96 Spread=0.20 pips
2026-05-06 06:12:19 INFO mt5_bot - Signal=NONE reason=no_closed_bar_crossover price=None trend=bullish rsi=80.8 atr_pips=9.0 adx=52.2
2026-05-06 06:12:19 INFO mt5_bot - ADX boost: adx=52.2 \u2192 risk_pct=1.88%
2026-05-06 06:12:19 INFO mt5_bot - Execution status=skipped reason=no_closed_bar_crossover
2026-05-06 06:12:34 INFO mt5_bot - Balance=102029.96 Equity=102029.96 Spread=0.20 pips
2026-05-06 06:12:34 INFO mt5_bot - Signal=NONE reason=no_closed_bar_crossover price=None trend=bullish rsi=80.8 atr_pips=9.0 adx=52.2
2026-05-06 06:12:34 INFO mt5_bot - ADX boost: adx=52.2 \u2192 risk_pct=1.88%
2026-05-06 06:12:34 INFO mt5_bot - Execution status=skipped reason=no_closed_bar_crossover
2026-05-06 06:12:49 INFO mt5_bot - Balance=102029.96 Equity=102029.96 Spread=0.20 pips
2026-05-06 06:12:49 INFO mt5_bot - Signal=NONE reason=no_closed_bar_crossover price=None trend=bullish rsi=80.8 atr_pips=9.0 adx=52.2
2026-05-06 06:12:49 INFO mt5_bot - ADX boost: adx=52.2 \u2192 risk_pct=1.88%
2026-05-06 06:12:49 INFO mt5_bot - Execution status=skipped reason=no_closed_bar_crossover
2026-05-06 06:13:04 INFO mt5_bot - Balance=102029.96 Equity=102029.96 Spread=0.20 pips
2026-05-06 06:13:04 INFO mt5_bot - Signal=NONE reason=no_closed_bar_crossover price=None trend=bullish rsi=80.8 atr_pips=9.0 adx=52.2
2026-05-06 06:13:04 INFO mt5_bot - ADX boost: adx=52.2 \u2192 risk_pct=1.88%
2026-05-06 06:13:04 INFO mt5_bot - Execution status=skipped reason=no_closed_bar_crossover
2026-05-06 06:13:19 INFO mt5_bot - Balance=102029.96 Equity=102029.96 Spread=0.20 pips
2026-05-06 06:13:19 INFO mt5_bot - Signal=NONE reason=no_closed_bar_crossover price=None trend=bullish rsi=80.8 atr_pips=9.0 adx=52.2
2026-05-06 06:13:19 INFO mt5_bot - ADX boost: adx=52.2 \u2192 risk_pct=1.88%
2026-05-06 06:13:19 INFO mt5_bot - Execution status=skipped reason=no_closed_bar_crossover
2026-05-06 06:13:34 INFO mt5_bot - Balance=102029.96 Equity=102029.96 Spread=0.20 pips
2026-05-06 06:13:34 INFO mt5_bot - Signal=NONE reason=no_closed_bar_crossover price=None trend=bullish rsi=80.8 atr_pips=9.0 adx=52.2
2026-05-06 06:13:34 INFO mt5_bot - ADX boost: adx=52.2 \u2192 risk_pct=1.88%
2026-05-06 06:13:34 INFO mt5_bot - Execution status=skipped reason=no_closed_bar_crossover
2026-05-06 06:13:49 INFO mt5_bot - Balance=102029.96 Equity=102029.96 Spread=0.20 pips
2026-05-06 06:13:49 INFO mt5_bot - Signal=NONE reason=no_closed_bar_crossover price=None trend=bullish rsi=80.8 atr_pips=9.0 adx=52.2
2026-05-06 06:13:49 INFO mt5_bot - ADX boost: adx=52.2 \u2192 risk_pct=1.88%
2026-05-06 06:13:49 INFO mt5_bot - Execution status=skipped reason=no_closed_bar_crossover
2026-05-06 06:14:04 INFO mt5_bot - Balance=102029.96 Equity=102029.96 Spread=0.20 pips
2026-05-06 06:14:04 INFO mt5_bot - Signal=NONE reason=no_closed_bar_crossover price=None trend=bullish rsi=80.8 atr_pips=9.0 adx=52.2
2026-05-06 06:14:04 INFO mt5_bot - ADX boost: adx=52.2 \u2192 risk_pct=1.88%
2026-05-06 06:14:04 INFO mt5_bot - Execution status=skipped reason=no_closed_bar_crossover
2026-05-06 06:14:19 INFO mt5_bot - Balance=102029.96 Equity=102029.96 Spread=0.20 pips
2026-05-06 06:14:19 INFO mt5_bot - Signal=NONE reason=no_closed_bar_crossover price=None trend=bullish rsi=80.8 atr_pips=9.0 adx=52.2
2026-05-06 06:14:19 INFO mt5_bot - ADX boost: adx=52.2 \u2192 risk_pct=1.88%
2026-05-06 06:14:19 INFO mt5_bot - Execution status=skipped reason=no_closed_bar_crossover
2026-05-06 06:14:34 INFO mt5_bot - Balance=102029.96 Equity=102029.96 Spread=0.20 pips
2026-05-06 06:14:34 INFO mt5_bot - Signal=NONE reason=no_closed_bar_crossover price=None trend=bullish rsi=80.8 atr_pips=9.0 adx=52.2
2026-05-06 06:14:34 INFO mt5_bot - ADX boost: adx=52.2 \u2192 risk_pct=1.88%
2026-05-06 06:14:34 INFO mt5_bot - Execution status=skipped reason=no_closed_bar_crossover
2026-05-06 06:14:49 INFO mt5_bot - Balance=102029.96 Equity=102029.96 Spread=0.20 pips
2026-05-06 06:14:49 INFO mt5_bot - Signal=NONE reason=no_closed_bar_crossover price=None trend=bullish rsi=80.8 atr_pips=9.0 adx=52.2
2026-05-06 06:14:49 INFO mt5_bot - ADX boost: adx=52.2 \u2192 risk_pct=1.88%
2026-05-06 06:14:49 INFO mt5_bot - Execution status=skipped reason=no_closed_bar_crossover
2026-05-06 06:15:04 INFO mt5_bot - Balance=102029.96 Equity=102029.96 Spread=1.40 pips
2026-05-06 06:15:04 INFO mt5_bot - Signal=NONE reason=no_closed_bar_crossover price=None trend=bullish rsi=75.5 atr_pips=9.0 adx=53.7
2026-05-06 06:15:04 INFO mt5_bot - ADX boost: adx=53.7 \u2192 risk_pct=1.88%
2026-05-06 06:15:04 INFO mt5_bot - Execution status=skipped reason=no_closed_bar_crossover
2026-05-06 06:15:19 INFO mt5_bot - Balance=102029.96 Equity=102029.96 Spread=0.50 pips
2026-05-06 06:15:19 INFO mt5_bot - Signal=NONE reason=no_closed_bar_crossover price=None trend=bullish rsi=75.5 atr_pips=9.0 adx=53.7
2026-05-06 06:15:19 INFO mt5_bot - ADX boost: adx=53.7 \u2192 risk_pct=1.88%
2026-05-06 06:15:19 INFO mt5_bot - Execution status=skipped reason=no_closed_bar_crossover
2026-05-06 06:15:34 INFO mt5_bot - Balance=102029.96 Equity=102029.96 Spread=0.20 pips
2026-05-06 06:15:34 INFO mt5_bot - Signal=NONE reason=no_closed_bar_crossover price=None trend=bullish rsi=75.5 atr_pips=9.0 adx=53.7
2026-05-06 06:15:34 INFO mt5_bot - ADX boost: adx=53.7 \u2192 risk_pct=1.88%
2026-05-06 06:15:34 INFO mt5_bot - Execution status=skipped reason=no_closed_bar_crossover
2026-05-06 06:15:49 INFO mt5_bot - Balance=102029.96 Equity=102029.96 Spread=0.20 pips
2026-05-06 06:15:49 INFO mt5_bot - Signal=NONE reason=no_closed_bar_crossover price=None trend=bullish rsi=75.5 atr_pips=9.0 adx=53.7
2026-05-06 06:15:49 INFO mt5_bot - ADX boost: adx=53.7 \u2192 risk_pct=1.88%
2026-05-06 06:15:49 INFO mt5_bot - Execution status=skipped reason=no_closed_bar_crossover
2026-05-06 06:16:04 INFO mt5_bot - Balance=102029.96 Equity=102029.96 Spread=0.20 pips
2026-05-06 06:16:04 INFO mt5_bot - Signal=NONE reason=no_closed_bar_crossover price=None trend=bullish rsi=75.5 atr_pips=9.0 adx=53.7
2026-05-06 06:16:04 INFO mt5_bot - ADX boost: adx=53.7 \u2192 risk_pct=1.88%
2026-05-06 06:16:04 INFO mt5_bot - Execution status=skipped reason=no_closed_bar_crossover
2026-05-06 06:16:19 INFO mt5_bot - Balance=102029.96 Equity=102029.96 Spread=0.20 pips
2026-05-06 06:16:19 INFO mt5_bot - Signal=NONE reason=no_closed_bar_crossover price=None trend=bullish rsi=75.5 atr_pips=9.0 adx=53.7
2026-05-06 06:16:19 INFO mt5_bot - ADX boost: adx=53.7 \u2192 risk_pct=1.88%
2026-05-06 06:16:19 INFO mt5_bot - Execution status=skipped reason=no_closed_bar_crossover
2026-05-06 06:16:34 INFO mt5_bot - Balance=102029.96 Equity=102029.96 Spread=0.20 pips
2026-05-06 06:16:34 INFO mt5_bot - Signal=NONE reason=no_closed_bar_crossover price=None trend=bullish rsi=75.5 atr_pips=9.0 adx=53.7
2026-05-06 06:16:34 INFO mt5_bot - ADX boost: adx=53.7 \u2192 risk_pct=1.88%
2026-05-06 06:16:34 INFO mt5_bot - Execution status=skipped reason=no_closed_bar_crossover
2026-05-06 06:16:49 INFO mt5_bot - Balance=102029.96 Equity=102029.96 Spread=0.20 pips
2026-05-06 06:16:49 INFO mt5_bot - Signal=NONE reason=no_closed_bar_crossover price=None trend=bullish rsi=75.5 atr_pips=9.0 adx=53.7
2026-05-06 06:16:49 INFO mt5_bot - ADX boost: adx=53.7 \u2192 risk_pct=1.88%
2026-05-06 06:16:49 INFO mt5_bot - Execution status=skipped reason=no_closed_bar_crossover
2026-05-06 06:17:04 INFO mt5_bot - Balance=102029.96 Equity=102029.96 Spread=0.20 pips
2026-05-06 06:17:04 INFO mt5_bot - Signal=NONE reason=no_closed_bar_crossover price=None trend=bullish rsi=75.5 atr_pips=9.0 adx=53.7
2026-05-06 06:17:04 INFO mt5_bot - ADX boost: adx=53.7 \u2192 risk_pct=1.88%
2026-05-06 06:17:04 INFO mt5_bot - Execution status=skipped reason=no_closed_bar_crossover
2026-05-06 06:17:19 INFO mt5_bot - Balance=102029.96 Equity=102029.96 Spread=0.20 pips
2026-05-06 06:17:19 INFO mt5_bot - Signal=NONE reason=no_closed_bar_crossover price=None trend=bullish rsi=75.5 atr_pips=9.0 adx=53.7
2026-05-06 06:17:19 INFO mt5_bot - ADX boost: adx=53.7 \u2192 risk_pct=1.88%
2026-05-06 06:17:19 INFO mt5_bot - Execution status=skipped reason=no_closed_bar_crossover
2026-05-06 06:17:34 INFO mt5_bot - Balance=102029.96 Equity=102029.96 Spread=0.20 pips
2026-05-06 06:17:34 INFO mt5_bot - Signal=NONE reason=no_closed_bar_crossover price=None trend=bullish rsi=75.5 atr_pips=9.0 adx=53.7
2026-05-06 06:17:34 INFO mt5_bot - ADX boost: adx=53.7 \u2192 risk_pct=1.88%
2026-05-06 06:17:34 INFO mt5_bot - Execution status=skipped reason=no_closed_bar_crossover
2026-05-06 06:17:50 INFO mt5_bot - Balance=102029.96 Equity=102029.96 Spread=0.20 pips
2026-05-06 06:17:50 INFO mt5_bot - Signal=NONE reason=no_closed_bar_crossover price=None trend=bullish rsi=75.5 atr_pips=9.0 adx=53.7
2026-05-06 06:17:50 INFO mt5_bot - ADX boost: adx=53.7 \u2192 risk_pct=1.88%
2026-05-06 06:17:50 INFO mt5_bot - Execution status=skipped reason=no_closed_bar_crossover
2026-05-06 06:18:05 INFO mt5_bot - Balance=102029.96 Equity=102029.96 Spread=0.20 pips
2026-05-06 06:18:05 INFO mt5_bot - Signal=NONE reason=no_closed_bar_crossover price=None trend=bullish rsi=75.5 atr_pips=9.0 adx=53.7
2026-05-06 06:18:05 INFO mt5_bot - ADX boost: adx=53.7 \u2192 risk_pct=1.88%
2026-05-06 06:18:05 INFO mt5_bot - Execution status=skipped reason=no_closed_bar_crossover
2026-05-06 06:18:20 INFO mt5_bot - Balance=102029.96 Equity=102029.96 Spread=0.20 pips
2026-05-06 06:18:20 INFO mt5_bot - Signal=NONE reason=no_closed_bar_crossover price=None trend=bullish rsi=75.5 atr_pips=9.0 adx=53.7
2026-05-06 06:18:20 INFO mt5_bot - ADX boost: adx=53.7 \u2192 risk_pct=1.88%
2026-05-06 06:18:20 INFO mt5_bot - Execution status=skipped reason=no_closed_bar_crossover
2026-05-06 06:18:35 INFO mt5_bot - Balance=102029.96 Equity=102029.96 Spread=0.20 pips
2026-05-06 06:18:35 INFO mt5_bot - Signal=NONE reason=no_closed_bar_crossover price=None trend=bullish rsi=75.5 atr_pips=9.0 adx=53.7
2026-05-06 06:18:35 INFO mt5_bot - ADX boost: adx=53.7 \u2192 risk_pct=1.88%
2026-05-06 06:18:35 INFO mt5_bot - Execution status=skipped reason=no_closed_bar_crossover
2026-05-06 06:18:50 INFO mt5_bot - Balance=102029.96 Equity=102029.96 Spread=0.20 pips
2026-05-06 06:18:50 INFO mt5_bot - Signal=NONE reason=no_closed_bar_crossover price=None trend=bullish rsi=75.5 atr_pips=9.0 adx=53.7
2026-05-06 06:18:50 INFO mt5_bot - ADX boost: adx=53.7 \u2192 risk_pct=1.88%
2026-05-06 06:18:50 INFO mt5_bot - Execution status=skipped reason=no_closed_bar_crossover
2026-05-06 06:19:05 INFO mt5_bot - Balance=102029.96 Equity=102029.96 Spread=0.20 pips
2026-05-06 06:19:05 INFO mt5_bot - Signal=NONE reason=no_closed_bar_crossover price=None trend=bullish rsi=75.5 atr_pips=9.0 adx=53.7
2026-05-06 06:19:05 INFO mt5_bot - ADX boost: adx=53.7 \u2192 risk_pct=1.88%
2026-05-06 06:19:05 INFO mt5_bot - Execution status=skipped reason=no_closed_bar_crossover
2026-05-06 06:19:20 INFO mt5_bot - Balance=102029.96 Equity=102029.96 Spread=0.20 pips
2026-05-06 06:19:20 INFO mt5_bot - Signal=NONE reason=no_closed_bar_crossover price=None trend=bullish rsi=75.5 atr_pips=9.0 adx=53.7
2026-05-06 06:19:20 INFO mt5_bot - ADX boost: adx=53.7 \u2192 risk_pct=1.88%
2026-05-06 06:19:20 INFO mt5_bot - Execution status=skipped reason=no_closed_bar_crossover
2026-05-06 06:19:35 INFO mt5_bot - Balance=102029.96 Equity=102029.96 Spread=0.70 pips
2026-05-06 06:19:35 INFO mt5_bot - Signal=NONE reason=no_closed_bar_crossover price=None trend=bullish rsi=75.5 atr_pips=9.0 adx=53.7
2026-05-06 06:19:35 INFO mt5_bot - ADX boost: adx=53.7 \u2192 risk_pct=1.88%
2026-05-06 06:19:35 INFO mt5_bot - Execution status=skipped reason=no_closed_bar_crossover
2026-05-06 06:19:50 INFO mt5_bot - Balance=102029.96 Equity=102029.96 Spread=0.20 pips
2026-05-06 06:19:50 INFO mt5_bot - Signal=NONE reason=no_closed_bar_crossover price=None trend=bullish rsi=75.5 atr_pips=9.0 adx=53.7
2026-05-06 06:19:50 INFO mt5_bot - ADX boost: adx=53.7 \u2192 risk_pct=1.88%
2026-05-06 06:19:50 INFO mt5_bot - Execution status=skipped reason=no_closed_bar_crossover
2026-05-06 06:20:05 INFO mt5_bot - Balance=102029.96 Equity=102029.96 Spread=0.20 pips
2026-05-06 06:20:05 INFO mt5_bot - Signal=NONE reason=no_closed_bar_crossover price=None trend=bullish rsi=75.5 atr_pips=9.0 adx=53.7
2026-05-06 06:20:05 INFO mt5_bot - ADX boost: adx=53.7 \u2192 risk_pct=1.88%
2026-05-06 06:20:05 INFO mt5_bot - Execution status=skipped reason=no_closed_bar_crossover
2026-05-06 06:20:20 INFO mt5_bot - Balance=102029.96 Equity=102029.96 Spread=0.20 pips
2026-05-06 06:20:20 INFO mt5_bot - Signal=NONE reason=no_closed_bar_crossover price=None trend=bullish rsi=75.5 atr_pips=9.0 adx=53.7
2026-05-06 06:20:20 INFO mt5_bot - ADX boost: adx=53.7 \u2192 risk_pct=1.88%
2026-05-06 06:20:20 INFO mt5_bot - Execution status=skipped reason=no_closed_bar_crossover
2026-05-06 06:20:35 INFO mt5_bot - Balance=102029.96 Equity=102029.96 Spread=1.40 pips
2026-05-06 06:20:35 INFO mt5_bot - Signal=NONE reason=no_closed_bar_crossover price=None trend=bullish rsi=75.5 atr_pips=9.0 adx=53.7
2026-05-06 06:20:35 INFO mt5_bot - ADX boost: adx=53.7 \u2192 risk_pct=1.88%
2026-05-06 06:20:35 INFO mt5_bot - Execution status=skipped reason=no_closed_bar_crossover
2026-05-06 06:20:50 INFO mt5_bot - Balance=102029.96 Equity=102029.96 Spread=0.20 pips
2026-05-06 06:20:50 INFO mt5_bot - Signal=NONE reason=no_closed_bar_crossover price=None trend=bullish rsi=75.5 atr_pips=9.0 adx=53.7
2026-05-06 06:20:50 INFO mt5_bot - ADX boost: adx=53.7 \u2192 risk_pct=1.88%
2026-05-06 06:20:50 INFO mt5_bot - Execution status=skipped reason=no_closed_bar_crossover
2026-05-06 06:21:05 INFO mt5_bot - Balance=102029.96 Equity=102029.96 Spread=0.20 pips
2026-05-06 06:21:05 INFO mt5_bot - Signal=NONE reason=no_closed_bar_crossover price=None trend=bullish rsi=75.5 atr_pips=9.0 adx=53.7
2026-05-06 06:21:05 INFO mt5_bot - ADX boost: adx=53.7 \u2192 risk_pct=1.88%
2026-05-06 06:21:05 INFO mt5_bot - Execution status=skipped reason=no_closed_bar_crossover
2026-05-06 06:21:20 INFO mt5_bot - Balance=102029.96 Equity=102029.96 Spread=0.20 pips
2026-05-06 06:21:20 INFO mt5_bot - Signal=NONE reason=no_closed_bar_crossover price=None trend=bullish rsi=75.5 atr_pips=9.0 adx=53.7
2026-05-06 06:21:20 INFO mt5_bot - ADX boost: adx=53.7 \u2192 risk_pct=1.88%
2026-05-06 06:21:20 INFO mt5_bot - Execution status=skipped reason=no_closed_bar_crossover
2026-05-06 06:21:35 INFO mt5_bot - Balance=102029.96 Equity=102029.96 Spread=0.20 pips
2026-05-06 06:21:35 INFO mt5_bot - Signal=NONE reason=no_closed_bar_crossover price=None trend=bullish rsi=75.5 atr_pips=9.0 adx=53.7
2026-05-06 06:21:35 INFO mt5_bot - ADX boost: adx=53.7 \u2192 risk_pct=1.88%
2026-05-06 06:21:35 INFO mt5_bot - Execution status=skipped reason=no_closed_bar_crossover
2026-05-06 06:21:50 INFO mt5_bot - Balance=102029.96 Equity=102029.96 Spread=0.80 pips
2026-05-06 06:21:50 INFO mt5_bot - Signal=NONE reason=no_closed_bar_crossover price=None trend=bullish rsi=75.5 atr_pips=9.0 adx=53.7
2026-05-06 06:21:50 INFO mt5_bot - ADX boost: adx=53.7 \u2192 risk_pct=1.88%
2026-05-06 06:21:50 INFO mt5_bot - Execution status=skipped reason=no_closed_bar_crossover
2026-05-06 06:22:05 INFO mt5_bot - Balance=102029.96 Equity=102029.96 Spread=1.20 pips
2026-05-06 06:22:05 INFO mt5_bot - Signal=NONE reason=no_closed_bar_crossover price=None trend=bullish rsi=75.5 atr_pips=9.0 adx=53.7
2026-05-06 06:22:05 INFO mt5_bot - ADX boost: adx=53.7 \u2192 risk_pct=1.88%
2026-05-06 06:22:05 INFO mt5_bot - Execution status=skipped reason=no_closed_bar_crossover
2026-05-06 06:22:20 INFO mt5_bot - Balance=102029.96 Equity=102029.96 Spread=0.20 pips
2026-05-06 06:22:20 INFO mt5_bot - Signal=NONE reason=no_closed_bar_crossover price=None trend=bullish rsi=75.5 atr_pips=9.0 adx=53.7
2026-05-06 06:22:20 INFO mt5_bot - ADX boost: adx=53.7 \u2192 risk_pct=1.88%
2026-05-06 06:22:20 INFO mt5_bot - Execution status=skipped reason=no_closed_bar_crossover
2026-05-06 06:22:35 INFO mt5_bot - Balance=102029.96 Equity=102029.96 Spread=0.20 pips
2026-05-06 06:22:35 INFO mt5_bot - Signal=NONE reason=no_closed_bar_crossover price=None trend=bullish rsi=75.5 atr_pips=9.0 adx=53.7
2026-05-06 06:22:35 INFO mt5_bot - ADX boost: adx=53.7 \u2192 risk_pct=1.88%
2026-05-06 06:22:35 INFO mt5_bot - Execution status=skipped reason=no_closed_bar_crossover
2026-05-06 06:22:50 INFO mt5_bot - Balance=102029.96 Equity=102029.96 Spread=1.20 pips
2026-05-06 06:22:50 INFO mt5_bot - Signal=NONE reason=no_closed_bar_crossover price=None trend=bullish rsi=75.5 atr_pips=9.0 adx=53.7
2026-05-06 06:22:50 INFO mt5_bot - ADX boost: adx=53.7 \u2192 risk_pct=1.88%
2026-05-06 06:22:50 INFO mt5_bot - Execution status=skipped reason=no_closed_bar_crossover
2026-05-06 06:23:05 INFO mt5_bot - Balance=102029.96 Equity=102029.96 Spread=0.20 pips
2026-05-06 06:23:05 INFO mt5_bot - Signal=NONE reason=no_closed_bar_crossover price=None trend=bullish rsi=75.5 atr_pips=9.0 adx=53.7
2026-05-06 06:23:05 INFO mt5_bot - ADX boost: adx=53.7 \u2192 risk_pct=1.88%
2026-05-06 06:23:05 INFO mt5_bot - Execution status=skipped reason=no_closed_bar_crossover
2026-05-06 06:23:20 INFO mt5_bot - Balance=102029.96 Equity=102029.96 Spread=0.80 pips
2026-05-06 06:23:20 INFO mt5_bot - Signal=NONE reason=no_closed_bar_crossover price=None trend=bullish rsi=75.5 atr_pips=9.0 adx=53.7
2026-05-06 06:23:20 INFO mt5_bot - ADX boost: adx=53.7 \u2192 risk_pct=1.88%
2026-05-06 06:23:20 INFO mt5_bot - Execution status=skipped reason=no_closed_bar_crossover
2026-05-06 06:23:35 INFO mt5_bot - Balance=102029.96 Equity=102029.96 Spread=0.20 pips
2026-05-06 06:23:35 INFO mt5_bot - Signal=NONE reason=no_closed_bar_crossover price=None trend=bullish rsi=75.5 atr_pips=9.0 adx=53.7
2026-05-06 06:23:35 INFO mt5_bot - ADX boost: adx=53.7 \u2192 risk_pct=1.88%
2026-05-06 06:23:35 INFO mt5_bot - Execution status=skipped reason=no_closed_bar_crossover
2026-05-06 06:23:50 INFO mt5_bot - Balance=102029.96 Equity=102029.96 Spread=0.50 pips
2026-05-06 06:23:50 INFO mt5_bot - Signal=NONE reason=no_closed_bar_crossover price=None trend=bullish rsi=75.5 atr_pips=9.0 adx=53.7
2026-05-06 06:23:50 INFO mt5_bot - ADX boost: adx=53.7 \u2192 risk_pct=1.88%
2026-05-06 06:23:50 INFO mt5_bot - Execution status=skipped reason=no_closed_bar_crossover
2026-05-06 06:24:05 INFO mt5_bot - Balance=102029.96 Equity=102029.96 Spread=0.20 pips
2026-05-06 06:24:05 INFO mt5_bot - Signal=NONE reason=no_closed_bar_crossover price=None trend=bullish rsi=75.5 atr_pips=9.0 adx=53.7
2026-05-06 06:24:05 INFO mt5_bot - ADX boost: adx=53.7 \u2192 risk_pct=1.88%
2026-05-06 06:24:05 INFO mt5_bot - Execution status=skipped reason=no_closed_bar_crossover
2026-05-06 06:24:21 INFO mt5_bot - Balance=102029.96 Equity=102029.96 Spread=0.70 pips
2026-05-06 06:24:21 INFO mt5_bot - Signal=NONE reason=no_closed_bar_crossover price=None trend=bullish rsi=75.5 atr_pips=9.0 adx=53.7
2026-05-06 06:24:21 INFO mt5_bot - ADX boost: adx=53.7 \u2192 risk_pct=1.88%
2026-05-06 06:24:21 INFO mt5_bot - Execution status=skipped reason=no_closed_bar_crossover
2026-05-06 06:24:36 INFO mt5_bot - Balance=102029.96 Equity=102029.96 Spread=0.60 pips
2026-05-06 06:24:36 INFO mt5_bot - Signal=NONE reason=no_closed_bar_crossover price=None trend=bullish rsi=75.5 atr_pips=9.0 adx=53.7
2026-05-06 06:24:36 INFO mt5_bot - ADX boost: adx=53.7 \u2192 risk_pct=1.88%
2026-05-06 06:24:36 INFO mt5_bot - Execution status=skipped reason=no_closed_bar_crossover
2026-05-06 06:24:51 INFO mt5_bot - Balance=102029.96 Equity=102029.96 Spread=0.20 pips
2026-05-06 06:24:51 INFO mt5_bot - Signal=NONE reason=no_closed_bar_crossover price=None trend=bullish rsi=75.5 atr_pips=9.0 adx=53.7
2026-05-06 06:24:51 INFO mt5_bot - ADX boost: adx=53.7 \u2192 risk_pct=1.88%
2026-05-06 06:24:51 INFO mt5_bot - Execution status=skipped reason=no_closed_bar_crossover
2026-05-06 06:25:06 INFO mt5_bot - Balance=102029.96 Equity=102029.96 Spread=0.20 pips
2026-05-06 06:25:06 INFO mt5_bot - Signal=NONE reason=no_closed_bar_crossover price=None trend=bullish rsi=75.5 atr_pips=9.0 adx=53.7
2026-05-06 06:25:06 INFO mt5_bot - ADX boost: adx=53.7 \u2192 risk_pct=1.88%
2026-05-06 06:25:06 INFO mt5_bot - Execution status=skipped reason=no_closed_bar_crossover
2026-05-06 06:25:21 INFO mt5_bot - Balance=102029.96 Equity=102029.96 Spread=0.20 pips
2026-05-06 06:25:21 INFO mt5_bot - Signal=NONE reason=no_closed_bar_crossover price=None trend=bullish rsi=75.5 atr_pips=9.0 adx=53.7
2026-05-06 06:25:21 INFO mt5_bot - ADX boost: adx=53.7 \u2192 risk_pct=1.88%
2026-05-06 06:25:21 INFO mt5_bot - Execution status=skipped reason=no_closed_bar_crossover
2026-05-06 06:25:36 INFO mt5_bot - Balance=102029.96 Equity=102029.96 Spread=0.20 pips
2026-05-06 06:25:36 INFO mt5_bot - Signal=NONE reason=no_closed_bar_crossover price=None trend=bullish rsi=75.5 atr_pips=9.0 adx=53.7
2026-05-06 06:25:36 INFO mt5_bot - ADX boost: adx=53.7 \u2192 risk_pct=1.88%
2026-05-06 06:25:36 INFO mt5_bot - Execution status=skipped reason=no_closed_bar_crossover
2026-05-06 06:25:51 INFO mt5_bot - Balance=102029.96 Equity=102029.96 Spread=0.80 pips
2026-05-06 06:25:51 INFO mt5_bot - Signal=NONE reason=no_closed_bar_crossover price=None trend=bullish rsi=75.5 atr_pips=9.0 adx=53.7
2026-05-06 06:25:51 INFO mt5_bot - ADX boost: adx=53.7 \u2192 risk_pct=1.88%
2026-05-06 06:25:51 INFO mt5_bot - Execution status=skipped reason=no_closed_bar_crossover
2026-05-06 06:26:06 INFO mt5_bot - Balance=102029.96 Equity=102029.96 Spread=0.20 pips
2026-05-06 06:26:06 INFO mt5_bot - Signal=NONE reason=no_closed_bar_crossover price=None trend=bullish rsi=75.5 atr_pips=9.0 adx=53.7
2026-05-06 06:26:06 INFO mt5_bot - ADX boost: adx=53.7 \u2192 risk_pct=1.88%
2026-05-06 06:26:06 INFO mt5_bot - Execution status=skipped reason=no_closed_bar_crossover
2026-05-06 06:26:21 INFO mt5_bot - Balance=102029.96 Equity=102029.96 Spread=0.20 pips
2026-05-06 06:26:21 INFO mt5_bot - Signal=NONE reason=no_closed_bar_crossover price=None trend=bullish rsi=75.5 atr_pips=9.0 adx=53.7
2026-05-06 06:26:21 INFO mt5_bot - ADX boost: adx=53.7 \u2192 risk_pct=1.88%
2026-05-06 06:26:21 INFO mt5_bot - Execution status=skipped reason=no_closed_bar_crossover
2026-05-06 06:26:36 INFO mt5_bot - Balance=102029.96 Equity=102029.96 Spread=0.20 pips
2026-05-06 06:26:36 INFO mt5_bot - Signal=NONE reason=no_closed_bar_crossover price=None trend=bullish rsi=75.5 atr_pips=9.0 adx=53.7
2026-05-06 06:26:36 INFO mt5_bot - ADX boost: adx=53.7 \u2192 risk_pct=1.88%
2026-05-06 06:26:36 INFO mt5_bot - Execution status=skipped reason=no_closed_bar_crossover
2026-05-06 06:26:51 INFO mt5_bot - Balance=102029.96 Equity=102029.96 Spread=0.20 pips
2026-05-06 06:26:51 INFO mt5_bot - Signal=NONE reason=no_closed_bar_crossover price=None trend=bullish rsi=75.5 atr_pips=9.0 adx=53.7
2026-05-06 06:26:51 INFO mt5_bot - ADX boost: adx=53.7 \u2192 risk_pct=1.88%
2026-05-06 06:26:51 INFO mt5_bot - Execution status=skipped reason=no_closed_bar_crossover
2026-05-06 06:27:06 INFO mt5_bot - Balance=102029.96 Equity=102029.96 Spread=0.20 pips
2026-05-06 06:27:06 INFO mt5_bot - Signal=NONE reason=no_closed_bar_crossover price=None trend=bullish rsi=75.5 atr_pips=9.0 adx=53.7
2026-05-06 06:27:06 INFO mt5_bot - ADX boost: adx=53.7 \u2192 risk_pct=1.88%
2026-05-06 06:27:06 INFO mt5_bot - Execution status=skipped reason=no_closed_bar_crossover
2026-05-06 06:27:21 INFO mt5_bot - Balance=102029.96 Equity=102029.96 Spread=0.20 pips
2026-05-06 06:27:21 INFO mt5_bot - Signal=NONE reason=no_closed_bar_crossover price=None trend=bullish rsi=75.5 atr_pips=9.0 adx=53.7
2026-05-06 06:27:21 INFO mt5_bot - ADX boost: adx=53.7 \u2192 risk_pct=1.88%
2026-05-06 06:27:21 INFO mt5_bot - Execution status=skipped reason=no_closed_bar_crossover
2026-05-06 06:27:36 INFO mt5_bot - Balance=102029.96 Equity=102029.96 Spread=1.00 pips
2026-05-06 06:27:36 INFO mt5_bot - Signal=NONE reason=no_closed_bar_crossover price=None trend=bullish rsi=75.5 atr_pips=9.0 adx=53.7
2026-05-06 06:27:36 INFO mt5_bot - ADX boost: adx=53.7 \u2192 risk_pct=1.88%
2026-05-06 06:27:36 INFO mt5_bot - Execution status=skipped reason=no_closed_bar_crossover
2026-05-06 06:27:51 INFO mt5_bot - Balance=102029.96 Equity=102029.96 Spread=0.20 pips
2026-05-06 06:27:51 INFO mt5_bot - Signal=NONE reason=no_closed_bar_crossover price=None trend=bullish rsi=75.5 atr_pips=9.0 adx=53.7
2026-05-06 06:27:51 INFO mt5_bot - ADX boost: adx=53.7 \u2192 risk_pct=1.88%
2026-05-06 06:27:51 INFO mt5_bot - Execution status=skipped reason=no_closed_bar_crossover
2026-05-06 06:28:06 INFO mt5_bot - Balance=102029.96 Equity=102029.96 Spread=0.20 pips
2026-05-06 06:28:06 INFO mt5_bot - Signal=NONE reason=no_closed_bar_crossover price=None trend=bullish rsi=75.5 atr_pips=9.0 adx=53.7
2026-05-06 06:28:06 INFO mt5_bot - ADX boost: adx=53.7 \u2192 risk_pct=1.88%
2026-05-06 06:28:06 INFO mt5_bot - Execution status=skipped reason=no_closed_bar_crossover
2026-05-06 06:28:21 INFO mt5_bot - Balance=102029.96 Equity=102029.96 Spread=0.20 pips
2026-05-06 06:28:21 INFO mt5_bot - Signal=NONE reason=no_closed_bar_crossover price=None trend=bullish rsi=75.5 atr_pips=9.0 adx=53.7
2026-05-06 06:28:21 INFO mt5_bot - ADX boost: adx=53.7 \u2192 risk_pct=1.88%
2026-05-06 06:28:21 INFO mt5_bot - Execution status=skipped reason=no_closed_bar_crossover
2026-05-06 06:28:36 INFO mt5_bot - Balance=102029.96 Equity=102029.96 Spread=0.70 pips
2026-05-06 06:28:36 INFO mt5_bot - Signal=NONE reason=no_closed_bar_crossover price=None trend=bullish rsi=75.5 atr_pips=9.0 adx=53.7
2026-05-06 06:28:36 INFO mt5_bot - ADX boost: adx=53.7 \u2192 risk_pct=1.88%
2026-05-06 06:28:36 INFO mt5_bot - Execution status=skipped reason=no_closed_bar_crossover
2026-05-06 06:28:51 INFO mt5_bot - Balance=102029.96 Equity=102029.96 Spread=0.20 pips
2026-05-06 06:28:51 INFO mt5_bot - Signal=NONE reason=no_closed_bar_crossover price=None trend=bullish rsi=75.5 atr_pips=9.0 adx=53.7
2026-05-06 06:28:51 INFO mt5_bot - ADX boost: adx=53.7 \u2192 risk_pct=1.88%
2026-05-06 06:28:51 INFO mt5_bot - Execution status=skipped reason=no_closed_bar_crossover
2026-05-06 06:29:06 INFO mt5_bot - Balance=102029.96 Equity=102029.96 Spread=1.10 pips
2026-05-06 06:29:06 INFO mt5_bot - Signal=NONE reason=no_closed_bar_crossover price=None trend=bullish rsi=75.5 atr_pips=9.0 adx=53.7
2026-05-06 06:29:06 INFO mt5_bot - ADX boost: adx=53.7 \u2192 risk_pct=1.88%
2026-05-06 06:29:06 INFO mt5_bot - Execution status=skipped reason=no_closed_bar_crossover
2026-05-06 06:29:21 INFO mt5_bot - Balance=102029.96 Equity=102029.96 Spread=0.20 pips
2026-05-06 06:29:21 INFO mt5_bot - Signal=NONE reason=no_closed_bar_crossover price=None trend=bullish rsi=75.5 atr_pips=9.0 adx=53.7
2026-05-06 06:29:21 INFO mt5_bot - ADX boost: adx=53.7 \u2192 risk_pct=1.88%
2026-05-06 06:29:21 INFO mt5_bot - Execution status=skipped reason=no_closed_bar_crossover
2026-05-06 06:29:36 INFO mt5_bot - Balance=102029.96 Equity=102029.96 Spread=0.20 pips
2026-05-06 06:29:36 INFO mt5_bot - Signal=NONE reason=no_closed_bar_crossover price=None trend=bullish rsi=75.5 atr_pips=9.0 adx=53.7
2026-05-06 06:29:36 INFO mt5_bot - ADX boost: adx=53.7 \u2192 risk_pct=1.88%
2026-05-06 06:29:36 INFO mt5_bot - Execution status=skipped reason=no_closed_bar_crossover
2026-05-06 06:29:51 INFO mt5_bot - Balance=102029.96 Equity=102029.96 Spread=0.20 pips
2026-05-06 06:29:51 INFO mt5_bot - Signal=NONE reason=no_closed_bar_crossover price=None trend=bullish rsi=75.5 atr_pips=9.0 adx=53.7
2026-05-06 06:29:51 INFO mt5_bot - ADX boost: adx=53.7 \u2192 risk_pct=1.88%
2026-05-06 06:29:51 INFO mt5_bot - Execution status=skipped reason=no_closed_bar_crossover
2026-05-06 06:30:06 INFO mt5_bot - Balance=102029.96 Equity=102029.96 Spread=1.00 pips
2026-05-06 06:30:06 INFO mt5_bot - Signal=NONE reason=no_closed_bar_crossover price=None trend=bullish rsi=75.8 atr_pips=9.0 adx=54.9
2026-05-06 06:30:06 INFO mt5_bot - ADX boost: adx=54.9 \u2192 risk_pct=1.88%
2026-05-06 06:30:06 INFO mt5_bot - Execution status=skipped reason=no_closed_bar_crossover
2026-05-06 06:30:21 INFO mt5_bot - Balance=102029.96 Equity=102029.96 Spread=0.20 pips
2026-05-06 06:30:21 INFO mt5_bot - Signal=NONE reason=no_closed_bar_crossover price=None trend=bullish rsi=75.8 atr_pips=9.0 adx=54.9
2026-05-06 06:30:21 INFO mt5_bot - ADX boost: adx=54.9 \u2192 risk_pct=1.88%
2026-05-06 06:30:21 INFO mt5_bot - Execution status=skipped reason=no_closed_bar_crossover
2026-05-06 06:30:36 INFO mt5_bot - Balance=102029.96 Equity=102029.96 Spread=0.20 pips
2026-05-06 06:30:36 INFO mt5_bot - Signal=NONE reason=no_closed_bar_crossover price=None trend=bullish rsi=75.8 atr_pips=9.0 adx=54.9
2026-05-06 06:30:36 INFO mt5_bot - ADX boost: adx=54.9 \u2192 risk_pct=1.88%
2026-05-06 06:30:36 INFO mt5_bot - Execution status=skipped reason=no_closed_bar_crossover
2026-05-06 06:30:51 INFO mt5_bot - Balance=102029.96 Equity=102029.96 Spread=0.20 pips
2026-05-06 06:30:51 INFO mt5_bot - Signal=NONE reason=no_closed_bar_crossover price=None trend=bullish rsi=75.8 atr_pips=9.0 adx=54.9
2026-05-06 06:30:51 INFO mt5_bot - ADX boost: adx=54.9 \u2192 risk_pct=1.88%
2026-05-06 06:30:51 INFO mt5_bot - Execution status=skipped reason=no_closed_bar_crossover
2026-05-06 06:31:06 INFO mt5_bot - Balance=102029.96 Equity=102029.96 Spread=0.20 pips
2026-05-06 06:31:06 INFO mt5_bot - Signal=NONE reason=no_closed_bar_crossover price=None trend=bullish rsi=75.8 atr_pips=9.0 adx=54.9
2026-05-06 06:31:06 INFO mt5_bot - ADX boost: adx=54.9 \u2192 risk_pct=1.88%
2026-05-06 06:31:06 INFO mt5_bot - Execution status=skipped reason=no_closed_bar_crossover
2026-05-06 06:31:21 INFO mt5_bot - Balance=102029.96 Equity=102029.96 Spread=0.60 pips
2026-05-06 06:31:21 INFO mt5_bot - Signal=NONE reason=no_closed_bar_crossover price=None trend=bullish rsi=75.8 atr_pips=9.0 adx=54.9
2026-05-06 06:31:21 INFO mt5_bot - ADX boost: adx=54.9 \u2192 risk_pct=1.88%
2026-05-06 06:31:21 INFO mt5_bot - Execution status=skipped reason=no_closed_bar_crossover
2026-05-06 06:31:36 INFO mt5_bot - Balance=102029.96 Equity=102029.96 Spread=0.20 pips
2026-05-06 06:31:36 INFO mt5_bot - Signal=NONE reason=no_closed_bar_crossover price=None trend=bullish rsi=75.8 atr_pips=9.0 adx=54.9
2026-05-06 06:31:36 INFO mt5_bot - ADX boost: adx=54.9 \u2192 risk_pct=1.88%
2026-05-06 06:31:36 INFO mt5_bot - Execution status=skipped reason=no_closed_bar_crossover
2026-05-06 06:31:51 INFO mt5_bot - Balance=102029.96 Equity=102029.96 Spread=0.20 pips
2026-05-06 06:31:51 INFO mt5_bot - Signal=NONE reason=no_closed_bar_crossover price=None trend=bullish rsi=75.8 atr_pips=9.0 adx=54.9
2026-05-06 06:31:51 INFO mt5_bot - ADX boost: adx=54.9 \u2192 risk_pct=1.88%
2026-05-06 06:31:51 INFO mt5_bot - Execution status=skipped reason=no_closed_bar_crossover
2026-05-06 06:32:06 INFO mt5_bot - Balance=102029.96 Equity=102029.96 Spread=0.50 pips
2026-05-06 06:32:06 INFO mt5_bot - Signal=NONE reason=no_closed_bar_crossover price=None trend=bullish rsi=75.8 atr_pips=9.0 adx=54.9
2026-05-06 06:32:06 INFO mt5_bot - ADX boost: adx=54.9 \u2192 risk_pct=1.88%
2026-05-06 06:32:06 INFO mt5_bot - Execution status=skipped reason=no_closed_bar_crossover
2026-05-06 06:32:21 INFO mt5_bot - Balance=102029.96 Equity=102029.96 Spread=0.20 pips
2026-05-06 06:32:21 INFO mt5_bot - Signal=NONE reason=no_closed_bar_crossover price=None trend=bullish rsi=75.8 atr_pips=9.0 adx=54.9
2026-05-06 06:32:21 INFO mt5_bot - ADX boost: adx=54.9 \u2192 risk_pct=1.88%
2026-05-06 06:32:21 INFO mt5_bot - Execution status=skipped reason=no_closed_bar_crossover
2026-05-06 06:32:36 INFO mt5_bot - Balance=102029.96 Equity=102029.96 Spread=0.20 pips
2026-05-06 06:32:36 INFO mt5_bot - Signal=NONE reason=no_closed_bar_crossover price=None trend=bullish rsi=75.8 atr_pips=9.0 adx=54.9
2026-05-06 06:32:36 INFO mt5_bot - ADX boost: adx=54.9 \u2192 risk_pct=1.88%
2026-05-06 06:32:36 INFO mt5_bot - Execution status=skipped reason=no_closed_bar_crossover
2026-05-06 06:32:51 INFO mt5_bot - Balance=102029.96 Equity=102029.96 Spread=0.20 pips
2026-05-06 06:32:51 INFO mt5_bot - Signal=NONE reason=no_closed_bar_crossover price=None trend=bullish rsi=75.8 atr_pips=9.0 adx=54.9
2026-05-06 06:32:51 INFO mt5_bot - ADX boost: adx=54.9 \u2192 risk_pct=1.88%
2026-05-06 06:32:51 INFO mt5_bot - Execution status=skipped reason=no_closed_bar_crossover
2026-05-06 06:33:06 INFO mt5_bot - Balance=102029.96 Equity=102029.96 Spread=0.20 pips
2026-05-06 06:33:06 INFO mt5_bot - Signal=NONE reason=no_closed_bar_crossover price=None trend=bullish rsi=75.8 atr_pips=9.0 adx=54.9
2026-05-06 06:33:06 INFO mt5_bot - ADX boost: adx=54.9 \u2192 risk_pct=1.88%
2026-05-06 06:33:06 INFO mt5_bot - Execution status=skipped reason=no_closed_bar_crossover
2026-05-06 06:33:21 INFO mt5_bot - Balance=102029.96 Equity=102029.96 Spread=0.20 pips
2026-05-06 06:33:21 INFO mt5_bot - Signal=NONE reason=no_closed_bar_crossover price=None trend=bullish rsi=75.8 atr_pips=9.0 adx=54.9
2026-05-06 06:33:21 INFO mt5_bot - ADX boost: adx=54.9 \u2192 risk_pct=1.88%
2026-05-06 06:33:21 INFO mt5_bot - Execution status=skipped reason=no_closed_bar_crossover
2026-05-06 06:33:36 INFO mt5_bot - Balance=102029.96 Equity=102029.96 Spread=0.50 pips
2026-05-06 06:33:36 INFO mt5_bot - Signal=NONE reason=no_closed_bar_crossover price=None trend=bullish rsi=75.8 atr_pips=9.0 adx=54.9
2026-05-06 06:33:36 INFO mt5_bot - ADX boost: adx=54.9 \u2192 risk_pct=1.88%
2026-05-06 06:33:36 INFO mt5_bot - Execution status=skipped reason=no_closed_bar_crossover
2026-05-06 06:33:51 INFO mt5_bot - Balance=102029.96 Equity=102029.96 Spread=0.20 pips
2026-05-06 06:33:51 INFO mt5_bot - Signal=NONE reason=no_closed_bar_crossover price=None trend=bullish rsi=75.8 atr_pips=9.0 adx=54.9
2026-05-06 06:33:51 INFO mt5_bot - ADX boost: adx=54.9 \u2192 risk_pct=1.88%
2026-05-06 06:33:51 INFO mt5_bot - Execution status=skipped reason=no_closed_bar_crossover
2026-05-06 06:34:06 INFO mt5_bot - Balance=102029.96 Equity=102029.96 Spread=0.80 pips
2026-05-06 06:34:06 INFO mt5_bot - Signal=NONE reason=no_closed_bar_crossover price=None trend=bullish rsi=75.8 atr_pips=9.0 adx=54.9
2026-05-06 06:34:06 INFO mt5_bot - ADX boost: adx=54.9 \u2192 risk_pct=1.88%
2026-05-06 06:34:06 INFO mt5_bot - Execution status=skipped reason=no_closed_bar_crossover
2026-05-06 06:34:21 INFO mt5_bot - Balance=102029.96 Equity=102029.96 Spread=0.20 pips
2026-05-06 06:34:21 INFO mt5_bot - Signal=NONE reason=no_closed_bar_crossover price=None trend=bullish rsi=75.8 atr_pips=9.0 adx=54.9
2026-05-06 06:34:21 INFO mt5_bot - ADX boost: adx=54.9 \u2192 risk_pct=1.88%
2026-05-06 06:34:21 INFO mt5_bot - Execution status=skipped reason=no_closed_bar_crossover
2026-05-06 06:34:36 INFO mt5_bot - Balance=102029.96 Equity=102029.96 Spread=1.60 pips
2026-05-06 06:34:36 INFO mt5_bot - Signal=NONE reason=no_closed_bar_crossover price=None trend=bullish rsi=75.8 atr_pips=9.0 adx=54.9
2026-05-06 06:34:36 INFO mt5_bot - ADX boost: adx=54.9 \u2192 risk_pct=1.88%
2026-05-06 06:34:36 INFO mt5_bot - Execution status=skipped reason=no_closed_bar_crossover
2026-05-06 06:34:51 INFO mt5_bot - Balance=102029.96 Equity=102029.96 Spread=0.20 pips
2026-05-06 06:34:51 INFO mt5_bot - Signal=NONE reason=no_closed_bar_crossover price=None trend=bullish rsi=75.8 atr_pips=9.0 adx=54.9
2026-05-06 06:34:51 INFO mt5_bot - ADX boost: adx=54.9 \u2192 risk_pct=1.88%
2026-05-06 06:34:51 INFO mt5_bot - Execution status=skipped reason=no_closed_bar_crossover
2026-05-06 06:35:06 INFO mt5_bot - Balance=102029.96 Equity=102029.96 Spread=0.20 pips
2026-05-06 06:35:06 INFO mt5_bot - Signal=NONE reason=no_closed_bar_crossover price=None trend=bullish rsi=75.8 atr_pips=9.0 adx=54.9
2026-05-06 06:35:06 INFO mt5_bot - ADX boost: adx=54.9 \u2192 risk_pct=1.88%
2026-05-06 06:35:06 INFO mt5_bot - Execution status=skipped reason=no_closed_bar_crossover
2026-05-06 06:35:21 INFO mt5_bot - Balance=102029.96 Equity=102029.96 Spread=0.20 pips
2026-05-06 06:35:21 INFO mt5_bot - Signal=NONE reason=no_closed_bar_crossover price=None trend=bullish rsi=75.8 atr_pips=9.0 adx=54.9
2026-05-06 06:35:21 INFO mt5_bot - ADX boost: adx=54.9 \u2192 risk_pct=1.88%
2026-05-06 06:35:21 INFO mt5_bot - Execution status=skipped reason=no_closed_bar_crossover
2026-05-06 06:35:36 INFO mt5_bot - Balance=102029.96 Equity=102029.96 Spread=0.60 pips
2026-05-06 06:35:36 INFO mt5_bot - Signal=NONE reason=no_closed_bar_crossover price=None trend=bullish rsi=75.8 atr_pips=9.0 adx=54.9
2026-05-06 06:35:36 INFO mt5_bot - ADX boost: adx=54.9 \u2192 risk_pct=1.88%
2026-05-06 06:35:36 INFO mt5_bot - Execution status=skipped reason=no_closed_bar_crossover
2026-05-06 06:35:51 INFO mt5_bot - Balance=102029.96 Equity=102029.96 Spread=0.50 pips
2026-05-06 06:35:51 INFO mt5_bot - Signal=NONE reason=no_closed_bar_crossover price=None trend=bullish rsi=75.8 atr_pips=9.0 adx=54.9
2026-05-06 06:35:51 INFO mt5_bot - ADX boost: adx=54.9 \u2192 risk_pct=1.88%
2026-05-06 06:35:51 INFO mt5_bot - Execution status=skipped reason=no_closed_bar_crossover
2026-05-06 06:36:06 INFO mt5_bot - Balance=102029.96 Equity=102029.96 Spread=0.20 pips
2026-05-06 06:36:06 INFO mt5_bot - Signal=NONE reason=no_closed_bar_crossover price=None trend=bullish rsi=75.8 atr_pips=9.0 adx=54.9
2026-05-06 06:36:06 INFO mt5_bot - ADX boost: adx=54.9 \u2192 risk_pct=1.88%
2026-05-06 06:36:06 INFO mt5_bot - Execution status=skipped reason=no_closed_bar_crossover
2026-05-06 06:36:21 INFO mt5_bot - Balance=102029.96 Equity=102029.96 Spread=1.80 pips
2026-05-06 06:36:21 INFO mt5_bot - Spread filter: 1.80 > 1.80
2026-05-06 06:36:36 INFO mt5_bot - Balance=102029.96 Equity=102029.96 Spread=0.20 pips
2026-05-06 06:36:36 INFO mt5_bot - Signal=NONE reason=no_closed_bar_crossover price=None trend=bullish rsi=75.8 atr_pips=9.0 adx=54.9
2026-05-06 06:36:36 INFO mt5_bot - ADX boost: adx=54.9 \u2192 risk_pct=1.88%
2026-05-06 06:36:36 INFO mt5_bot - Execution status=skipped reason=no_closed_bar_crossover
2026-05-06 06:36:51 INFO mt5_bot - Balance=102029.96 Equity=102029.96 Spread=0.20 pips
2026-05-06 06:36:51 INFO mt5_bot - Signal=NONE reason=no_closed_bar_crossover price=None trend=bullish rsi=75.8 atr_pips=9.0 adx=54.9
2026-05-06 06:36:51 INFO mt5_bot - ADX boost: adx=54.9 \u2192 risk_pct=1.88%
2026-05-06 06:36:51 INFO mt5_bot - Execution status=skipped reason=no_closed_bar_crossover
2026-05-06 06:37:06 INFO mt5_bot - Balance=102029.96 Equity=102029.96 Spread=0.20 pips
2026-05-06 06:37:06 INFO mt5_bot - Signal=NONE reason=no_closed_bar_crossover price=None trend=bullish rsi=75.8 atr_pips=9.0 adx=54.9
2026-05-06 06:37:06 INFO mt5_bot - ADX boost: adx=54.9 \u2192 risk_pct=1.88%
2026-05-06 06:37:06 INFO mt5_bot - Execution status=skipped reason=no_closed_bar_crossover
2026-05-06 06:37:21 INFO mt5_bot - Balance=102029.96 Equity=102029.96 Spread=0.90 pips
2026-05-06 06:37:21 INFO mt5_bot - Signal=NONE reason=no_closed_bar_crossover price=None trend=bullish rsi=75.8 atr_pips=9.0 adx=54.9
2026-05-06 06:37:21 INFO mt5_bot - ADX boost: adx=54.9 \u2192 risk_pct=1.88%
2026-05-06 06:37:21 INFO mt5_bot - Execution status=skipped reason=no_closed_bar_crossover
2026-05-06 06:37:36 INFO mt5_bot - Balance=102029.96 Equity=102029.96 Spread=0.40 pips
2026-05-06 06:37:36 INFO mt5_bot - Signal=NONE reason=no_closed_bar_crossover price=None trend=bullish rsi=75.8 atr_pips=9.0 adx=54.9
2026-05-06 06:37:36 INFO mt5_bot - ADX boost: adx=54.9 \u2192 risk_pct=1.88%
2026-05-06 06:37:36 INFO mt5_bot - Execution status=skipped reason=no_closed_bar_crossover
2026-05-06 06:37:51 INFO mt5_bot - Balance=102029.96 Equity=102029.96 Spread=0.20 pips
2026-05-06 06:37:51 INFO mt5_bot - Signal=NONE reason=no_closed_bar_crossover price=None trend=bullish rsi=75.8 atr_pips=9.0 adx=54.9
2026-05-06 06:37:51 INFO mt5_bot - ADX boost: adx=54.9 \u2192 risk_pct=1.88%
2026-05-06 06:37:51 INFO mt5_bot - Execution status=skipped reason=no_closed_bar_crossover
2026-05-06 06:38:06 INFO mt5_bot - Balance=102029.96 Equity=102029.96 Spread=0.50 pips
2026-05-06 06:38:06 INFO mt5_bot - Signal=NONE reason=no_closed_bar_crossover price=None trend=bullish rsi=75.8 atr_pips=9.0 adx=54.9
2026-05-06 06:38:06 INFO mt5_bot - ADX boost: adx=54.9 \u2192 risk_pct=1.88%
2026-05-06 06:38:06 INFO mt5_bot - Execution status=skipped reason=no_closed_bar_crossover
2026-05-06 06:38:21 INFO mt5_bot - Balance=102029.96 Equity=102029.96 Spread=0.90 pips
2026-05-06 06:38:21 INFO mt5_bot - Signal=NONE reason=no_closed_bar_crossover price=None trend=bullish rsi=75.8 atr_pips=9.0 adx=54.9
2026-05-06 06:38:21 INFO mt5_bot - ADX boost: adx=54.9 \u2192 risk_pct=1.88%
2026-05-06 06:38:21 INFO mt5_bot - Execution status=skipped reason=no_closed_bar_crossover
2026-05-06 06:38:36 INFO mt5_bot - Balance=102029.96 Equity=102029.96 Spread=0.20 pips
2026-05-06 06:38:36 INFO mt5_bot - Signal=NONE reason=no_closed_bar_crossover price=None trend=bullish rsi=75.8 atr_pips=9.0 adx=54.9
2026-05-06 06:38:36 INFO mt5_bot - ADX boost: adx=54.9 \u2192 risk_pct=1.88%
2026-05-06 06:38:36 INFO mt5_bot - Execution status=skipped reason=no_closed_bar_crossover
2026-05-06 06:38:51 INFO mt5_bot - Balance=102029.96 Equity=102029.96 Spread=0.70 pips
2026-05-06 06:38:51 INFO mt5_bot - Signal=NONE reason=no_closed_bar_crossover price=None trend=bullish rsi=75.8 atr_pips=9.0 adx=54.9
2026-05-06 06:38:51 INFO mt5_bot - ADX boost: adx=54.9 \u2192 risk_pct=1.88%
2026-05-06 06:38:51 INFO mt5_bot - Execution status=skipped reason=no_closed_bar_crossover
2026-05-06 06:39:06 INFO mt5_bot - Balance=102029.96 Equity=102029.96 Spread=0.20 pips
2026-05-06 06:39:06 INFO mt5_bot - Signal=NONE reason=no_closed_bar_crossover price=None trend=bullish rsi=75.8 atr_pips=9.0 adx=54.9
2026-05-06 06:39:06 INFO mt5_bot - ADX boost: adx=54.9 \u2192 risk_pct=1.88%
2026-05-06 06:39:06 INFO mt5_bot - Execution status=skipped reason=no_closed_bar_crossover
2026-05-06 06:39:21 INFO mt5_bot - Balance=102029.96 Equity=102029.96 Spread=0.20 pips
2026-05-06 06:39:21 INFO mt5_bot - Signal=NONE reason=no_closed_bar_crossover price=None trend=bullish rsi=75.8 atr_pips=9.0 adx=54.9
2026-05-06 06:39:21 INFO mt5_bot - ADX boost: adx=54.9 \u2192 risk_pct=1.88%
2026-05-06 06:39:21 INFO mt5_bot - Execution status=skipped reason=no_closed_bar_crossover
2026-05-06 06:39:37 INFO mt5_bot - Balance=102029.96 Equity=102029.96 Spread=0.20 pips
2026-05-06 06:39:37 INFO mt5_bot - Signal=NONE reason=no_closed_bar_crossover price=None trend=bullish rsi=75.8 atr_pips=9.0 adx=54.9
2026-05-06 06:39:37 INFO mt5_bot - ADX boost: adx=54.9 \u2192 risk_pct=1.88%
2026-05-06 06:39:37 INFO mt5_bot - Execution status=skipped reason=no_closed_bar_crossover
2026-05-06 06:39:52 INFO mt5_bot - Balance=102029.96 Equity=102029.96 Spread=0.60 pips
2026-05-06 06:39:52 INFO mt5_bot - Signal=NONE reason=no_closed_bar_crossover price=None trend=bullish rsi=75.8 atr_pips=9.0 adx=54.9
2026-05-06 06:39:52 INFO mt5_bot - ADX boost: adx=54.9 \u2192 risk_pct=1.88%
2026-05-06 06:39:52 INFO mt5_bot - Execution status=skipped reason=no_closed_bar_crossover
2026-05-06 06:40:07 INFO mt5_bot - Balance=102029.96 Equity=102029.96 Spread=0.20 pips
2026-05-06 06:40:07 INFO mt5_bot - Signal=NONE reason=no_closed_bar_crossover price=None trend=bullish rsi=75.8 atr_pips=9.0 adx=54.9
2026-05-06 06:40:07 INFO mt5_bot - ADX boost: adx=54.9 \u2192 risk_pct=1.88%
2026-05-06 06:40:07 INFO mt5_bot - Execution status=skipped reason=no_closed_bar_crossover
2026-05-06 06:40:22 INFO mt5_bot - Balance=102029.96 Equity=102029.96 Spread=1.10 pips
2026-05-06 06:40:22 INFO mt5_bot - Signal=NONE reason=no_closed_bar_crossover price=None trend=bullish rsi=75.8 atr_pips=9.0 adx=54.9
2026-05-06 06:40:22 INFO mt5_bot - ADX boost: adx=54.9 \u2192 risk_pct=1.88%
2026-05-06 06:40:22 INFO mt5_bot - Execution status=skipped reason=no_closed_bar_crossover
2026-05-06 06:40:37 INFO mt5_bot - Balance=102029.96 Equity=102029.96 Spread=0.20 pips
2026-05-06 06:40:37 INFO mt5_bot - Signal=NONE reason=no_closed_bar_crossover price=None trend=bullish rsi=75.8 atr_pips=9.0 adx=54.9
2026-05-06 06:40:37 INFO mt5_bot - ADX boost: adx=54.9 \u2192 risk_pct=1.88%
2026-05-06 06:40:37 INFO mt5_bot - Execution status=skipped reason=no_closed_bar_crossover
2026-05-06 06:40:52 INFO mt5_bot - Balance=102029.96 Equity=102029.96 Spread=0.20 pips
2026-05-06 06:40:52 INFO mt5_bot - Signal=NONE reason=no_closed_bar_crossover price=None trend=bullish rsi=75.8 atr_pips=9.0 adx=54.9
2026-05-06 06:40:52 INFO mt5_bot - ADX boost: adx=54.9 \u2192 risk_pct=1.88%
2026-05-06 06:40:52 INFO mt5_bot - Execution status=skipped reason=no_closed_bar_crossover
2026-05-06 06:41:07 INFO mt5_bot - Balance=102029.96 Equity=102029.96 Spread=0.20 pips
2026-05-06 06:41:07 INFO mt5_bot - Signal=NONE reason=no_closed_bar_crossover price=None trend=bullish rsi=75.8 atr_pips=9.0 adx=54.9
2026-05-06 06:41:07 INFO mt5_bot - ADX boost: adx=54.9 \u2192 risk_pct=1.88%
2026-05-06 06:41:07 INFO mt5_bot - Execution status=skipped reason=no_closed_bar_crossover
2026-05-06 06:41:22 INFO mt5_bot - Balance=102029.96 Equity=102029.96 Spread=0.20 pips
2026-05-06 06:41:22 INFO mt5_bot - Signal=NONE reason=no_closed_bar_crossover price=None trend=bullish rsi=75.8 atr_pips=9.0 adx=54.9
2026-05-06 06:41:22 INFO mt5_bot - ADX boost: adx=54.9 \u2192 risk_pct=1.88%
2026-05-06 06:41:22 INFO mt5_bot - Execution status=skipped reason=no_closed_bar_crossover
2026-05-06 06:41:37 INFO mt5_bot - Balance=102029.96 Equity=102029.96 Spread=0.20 pips
2026-05-06 06:41:37 INFO mt5_bot - Signal=NONE reason=no_closed_bar_crossover price=None trend=bullish rsi=75.8 atr_pips=9.0 adx=54.9
2026-05-06 06:41:37 INFO mt5_bot - ADX boost: adx=54.9 \u2192 risk_pct=1.88%
2026-05-06 06:41:37 INFO mt5_bot - Execution status=skipped reason=no_closed_bar_crossover
2026-05-06 06:41:52 INFO mt5_bot - Balance=102029.96 Equity=102029.96 Spread=0.50 pips
2026-05-06 06:41:52 INFO mt5_bot - Signal=NONE reason=no_closed_bar_crossover price=None trend=bullish rsi=75.8 atr_pips=9.0 adx=54.9
2026-05-06 06:41:52 INFO mt5_bot - ADX boost: adx=54.9 \u2192 risk_pct=1.88%
2026-05-06 06:41:52 INFO mt5_bot - Execution status=skipped reason=no_closed_bar_crossover
2026-05-06 06:42:07 INFO mt5_bot - Balance=102029.96 Equity=102029.96 Spread=0.20 pips
2026-05-06 06:42:07 INFO mt5_bot - Signal=NONE reason=no_closed_bar_crossover price=None trend=bullish rsi=75.8 atr_pips=9.0 adx=54.9
2026-05-06 06:42:07 INFO mt5_bot - ADX boost: adx=54.9 \u2192 risk_pct=1.88%
2026-05-06 06:42:07 INFO mt5_bot - Execution status=skipped reason=no_closed_bar_crossover
2026-05-06 06:42:22 INFO mt5_bot - Balance=102029.96 Equity=102029.96 Spread=0.20 pips
2026-05-06 06:42:22 INFO mt5_bot - Signal=NONE reason=no_closed_bar_crossover price=None trend=bullish rsi=75.8 atr_pips=9.0 adx=54.9
2026-05-06 06:42:22 INFO mt5_bot - ADX boost: adx=54.9 \u2192 risk_pct=1.88%
2026-05-06 06:42:22 INFO mt5_bot - Execution status=skipped reason=no_closed_bar_crossover
2026-05-06 06:42:37 INFO mt5_bot - Balance=102029.96 Equity=102029.96 Spread=0.60 pips
2026-05-06 06:42:37 INFO mt5_bot - Signal=NONE reason=no_closed_bar_crossover price=None trend=bullish rsi=75.8 atr_pips=9.0 adx=54.9
2026-05-06 06:42:37 INFO mt5_bot - ADX boost: adx=54.9 \u2192 risk_pct=1.88%
2026-05-06 06:42:37 INFO mt5_bot - Execution status=skipped reason=no_closed_bar_crossover
2026-05-06 06:42:52 INFO mt5_bot - Balance=102029.96 Equity=102029.96 Spread=0.20 pips
2026-05-06 06:42:52 INFO mt5_bot - Signal=NONE reason=no_closed_bar_crossover price=None trend=bullish rsi=75.8 atr_pips=9.0 adx=54.9
2026-05-06 06:42:52 INFO mt5_bot - ADX boost: adx=54.9 \u2192 risk_pct=1.88%
2026-05-06 06:42:52 INFO mt5_bot - Execution status=skipped reason=no_closed_bar_crossover
2026-05-06 06:43:07 INFO mt5_bot - Balance=102029.96 Equity=102029.96 Spread=0.20 pips
2026-05-06 06:43:07 INFO mt5_bot - Signal=NONE reason=no_closed_bar_crossover price=None trend=bullish rsi=75.8 atr_pips=9.0 adx=54.9
2026-05-06 06:43:07 INFO mt5_bot - ADX boost: adx=54.9 \u2192 risk_pct=1.88%
2026-05-06 06:43:07 INFO mt5_bot - Execution status=skipped reason=no_closed_bar_crossover
2026-05-06 06:43:22 INFO mt5_bot - Balance=102029.96 Equity=102029.96 Spread=0.20 pips
2026-05-06 06:43:22 INFO mt5_bot - Signal=NONE reason=no_closed_bar_crossover price=None trend=bullish rsi=75.8 atr_pips=9.0 adx=54.9
2026-05-06 06:43:22 INFO mt5_bot - ADX boost: adx=54.9 \u2192 risk_pct=1.88%
2026-05-06 06:43:22 INFO mt5_bot - Execution status=skipped reason=no_closed_bar_crossover
2026-05-06 06:43:37 INFO mt5_bot - Balance=102029.96 Equity=102029.96 Spread=0.20 pips
2026-05-06 06:43:37 INFO mt5_bot - Signal=NONE reason=no_closed_bar_crossover price=None trend=bullish rsi=75.8 atr_pips=9.0 adx=54.9
2026-05-06 06:43:37 INFO mt5_bot - ADX boost: adx=54.9 \u2192 risk_pct=1.88%
2026-05-06 06:43:37 INFO mt5_bot - Execution status=skipped reason=no_closed_bar_crossover
2026-05-06 06:43:52 INFO mt5_bot - Balance=102029.96 Equity=102029.96 Spread=0.20 pips
2026-05-06 06:43:52 INFO mt5_bot - Signal=NONE reason=no_closed_bar_crossover price=None trend=bullish rsi=75.8 atr_pips=9.0 adx=54.9
2026-05-06 06:43:52 INFO mt5_bot - ADX boost: adx=54.9 \u2192 risk_pct=1.88%
2026-05-06 06:43:52 INFO mt5_bot - Execution status=skipped reason=no_closed_bar_crossover
2026-05-06 06:44:07 INFO mt5_bot - Balance=102029.96 Equity=102029.96 Spread=0.20 pips
2026-05-06 06:44:07 INFO mt5_bot - Signal=NONE reason=no_closed_bar_crossover price=None trend=bullish rsi=75.8 atr_pips=9.0 adx=54.9
2026-05-06 06:44:07 INFO mt5_bot - ADX boost: adx=54.9 \u2192 risk_pct=1.88%
2026-05-06 06:44:07 INFO mt5_bot - Execution status=skipped reason=no_closed_bar_crossover
2026-05-06 06:44:22 INFO mt5_bot - Balance=102029.96 Equity=102029.96 Spread=0.20 pips
2026-05-06 06:44:22 INFO mt5_bot - Signal=NONE reason=no_closed_bar_crossover price=None trend=bullish rsi=75.8 atr_pips=9.0 adx=54.9
2026-05-06 06:44:22 INFO mt5_bot - ADX boost: adx=54.9 \u2192 risk_pct=1.88%
2026-05-06 06:44:22 INFO mt5_bot - Execution status=skipped reason=no_closed_bar_crossover
2026-05-06 06:44:37 INFO mt5_bot - Balance=102029.96 Equity=102029.96 Spread=0.50 pips
2026-05-06 06:44:37 INFO mt5_bot - Signal=NONE reason=no_closed_bar_crossover price=None trend=bullish rsi=75.8 atr_pips=9.0 adx=54.9
2026-05-06 06:44:37 INFO mt5_bot - ADX boost: adx=54.9 \u2192 risk_pct=1.88%
2026-05-06 06:44:37 INFO mt5_bot - Execution status=skipped reason=no_closed_bar_crossover
2026-05-06 06:44:52 INFO mt5_bot - Balance=102029.96 Equity=102029.96 Spread=0.20 pips
2026-05-06 06:44:52 INFO mt5_bot - Signal=NONE reason=no_closed_bar_crossover price=None trend=bullish rsi=75.8 atr_pips=9.0 adx=54.9
2026-05-06 06:44:52 INFO mt5_bot - ADX boost: adx=54.9 \u2192 risk_pct=1.88%
2026-05-06 06:44:52 INFO mt5_bot - Execution status=skipped reason=no_closed_bar_crossover
2026-05-06 06:45:07 INFO mt5_bot - Balance=102029.96 Equity=102029.96 Spread=0.20 pips
2026-05-06 06:45:07 INFO mt5_bot - Signal=NONE reason=no_closed_bar_crossover price=None trend=bullish rsi=64.8 atr_pips=9.3 adx=54.6
2026-05-06 06:45:07 INFO mt5_bot - ADX boost: adx=54.6 \u2192 risk_pct=1.88%
2026-05-06 06:45:07 INFO mt5_bot - Execution status=skipped reason=no_closed_bar_crossover
2026-05-06 06:45:22 INFO mt5_bot - Balance=102029.96 Equity=102029.96 Spread=0.20 pips
2026-05-06 06:45:22 INFO mt5_bot - Signal=NONE reason=no_closed_bar_crossover price=None trend=bullish rsi=64.8 atr_pips=9.3 adx=54.6
2026-05-06 06:45:22 INFO mt5_bot - ADX boost: adx=54.6 \u2192 risk_pct=1.88%
2026-05-06 06:45:22 INFO mt5_bot - Execution status=skipped reason=no_closed_bar_crossover
2026-05-06 06:45:37 INFO mt5_bot - Balance=102029.96 Equity=102029.96 Spread=0.20 pips
2026-05-06 06:45:37 INFO mt5_bot - Signal=NONE reason=no_closed_bar_crossover price=None trend=bullish rsi=64.8 atr_pips=9.3 adx=54.6
2026-05-06 06:45:37 INFO mt5_bot - ADX boost: adx=54.6 \u2192 risk_pct=1.88%
2026-05-06 06:45:37 INFO mt5_bot - Execution status=skipped reason=no_closed_bar_crossover
2026-05-06 06:45:52 INFO mt5_bot - Balance=102029.96 Equity=102029.96 Spread=0.40 pips
2026-05-06 06:45:52 INFO mt5_bot - Signal=NONE reason=no_closed_bar_crossover price=None trend=bullish rsi=64.8 atr_pips=9.3 adx=54.6
2026-05-06 06:45:52 INFO mt5_bot - ADX boost: adx=54.6 \u2192 risk_pct=1.88%
2026-05-06 06:45:52 INFO mt5_bot - Execution status=skipped reason=no_closed_bar_crossover
2026-05-06 06:46:07 INFO mt5_bot - Balance=102029.96 Equity=102029.96 Spread=0.20 pips
2026-05-06 06:46:07 INFO mt5_bot - Signal=NONE reason=no_closed_bar_crossover price=None trend=bullish rsi=64.8 atr_pips=9.3 adx=54.6
2026-05-06 06:46:07 INFO mt5_bot - ADX boost: adx=54.6 \u2192 risk_pct=1.88%
2026-05-06 06:46:07 INFO mt5_bot - Execution status=skipped reason=no_closed_bar_crossover
2026-05-06 06:46:22 INFO mt5_bot - Balance=102029.96 Equity=102029.96 Spread=0.20 pips
2026-05-06 06:46:22 INFO mt5_bot - Signal=NONE reason=no_closed_bar_crossover price=None trend=bullish rsi=64.8 atr_pips=9.3 adx=54.6
2026-05-06 06:46:22 INFO mt5_bot - ADX boost: adx=54.6 \u2192 risk_pct=1.88%
2026-05-06 06:46:22 INFO mt5_bot - Execution status=skipped reason=no_closed_bar_crossover
2026-05-06 06:46:37 INFO mt5_bot - Balance=102029.96 Equity=102029.96 Spread=0.60 pips
2026-05-06 06:46:37 INFO mt5_bot - Signal=NONE reason=no_closed_bar_crossover price=None trend=bullish rsi=64.8 atr_pips=9.3 adx=54.6
2026-05-06 06:46:37 INFO mt5_bot - ADX boost: adx=54.6 \u2192 risk_pct=1.88%
2026-05-06 06:46:37 INFO mt5_bot - Execution status=skipped reason=no_closed_bar_crossover
2026-05-06 06:46:52 INFO mt5_bot - Balance=102029.96 Equity=102029.96 Spread=0.20 pips
2026-05-06 06:46:52 INFO mt5_bot - Signal=NONE reason=no_closed_bar_crossover price=None trend=bullish rsi=64.8 atr_pips=9.3 adx=54.6
2026-05-06 06:46:52 INFO mt5_bot - ADX boost: adx=54.6 \u2192 risk_pct=1.88%
2026-05-06 06:46:52 INFO mt5_bot - Execution status=skipped reason=no_closed_bar_crossover
2026-05-06 06:47:07 INFO mt5_bot - Balance=102029.96 Equity=102029.96 Spread=0.20 pips
2026-05-06 06:47:07 INFO mt5_bot - Signal=NONE reason=no_closed_bar_crossover price=None trend=bullish rsi=64.8 atr_pips=9.3 adx=54.6
2026-05-06 06:47:07 INFO mt5_bot - ADX boost: adx=54.6 \u2192 risk_pct=1.88%
2026-05-06 06:47:07 INFO mt5_bot - Execution status=skipped reason=no_closed_bar_crossover
2026-05-06 06:47:22 INFO mt5_bot - Balance=102029.96 Equity=102029.96 Spread=0.20 pips
2026-05-06 06:47:22 INFO mt5_bot - Signal=NONE reason=no_closed_bar_crossover price=None trend=bullish rsi=64.8 atr_pips=9.3 adx=54.6
2026-05-06 06:47:22 INFO mt5_bot - ADX boost: adx=54.6 \u2192 risk_pct=1.88%
2026-05-06 06:47:22 INFO mt5_bot - Execution status=skipped reason=no_closed_bar_crossover
2026-05-06 06:47:37 INFO mt5_bot - Balance=102029.96 Equity=102029.96 Spread=0.20 pips
2026-05-06 06:47:37 INFO mt5_bot - Signal=NONE reason=no_closed_bar_crossover price=None trend=bullish rsi=64.8 atr_pips=9.3 adx=54.6
2026-05-06 06:47:37 INFO mt5_bot - ADX boost: adx=54.6 \u2192 risk_pct=1.88%
2026-05-06 06:47:37 INFO mt5_bot - Execution status=skipped reason=no_closed_bar_crossover
2026-05-06 06:47:52 INFO mt5_bot - Balance=102029.96 Equity=102029.96 Spread=0.20 pips
2026-05-06 06:47:52 INFO mt5_bot - Signal=NONE reason=no_closed_bar_crossover price=None trend=bullish rsi=64.8 atr_pips=9.3 adx=54.6
2026-05-06 06:47:52 INFO mt5_bot - ADX boost: adx=54.6 \u2192 risk_pct=1.88%
2026-05-06 06:47:52 INFO mt5_bot - Execution status=skipped reason=no_closed_bar_crossover
2026-05-06 06:48:07 INFO mt5_bot - Balance=102029.96 Equity=102029.96 Spread=0.20 pips
2026-05-06 06:48:07 INFO mt5_bot - Signal=NONE reason=no_closed_bar_crossover price=None trend=bullish rsi=64.8 atr_pips=9.3 adx=54.6
2026-05-06 06:48:07 INFO mt5_bot - ADX boost: adx=54.6 \u2192 risk_pct=1.88%
2026-05-06 06:48:07 INFO mt5_bot - Execution status=skipped reason=no_closed_bar_crossover
2026-05-06 06:48:22 INFO mt5_bot - Balance=102029.96 Equity=102029.96 Spread=0.20 pips
2026-05-06 06:48:22 INFO mt5_bot - Signal=NONE reason=no_closed_bar_crossover price=None trend=bullish rsi=64.8 atr_pips=9.3 adx=54.6
2026-05-06 06:48:22 INFO mt5_bot - ADX boost: adx=54.6 \u2192 risk_pct=1.88%
2026-05-06 06:48:22 INFO mt5_bot - Execution status=skipped reason=no_closed_bar_crossover
2026-05-06 06:48:37 INFO mt5_bot - Balance=102029.96 Equity=102029.96 Spread=0.20 pips
2026-05-06 06:48:37 INFO mt5_bot - Signal=NONE reason=no_closed_bar_crossover price=None trend=bullish rsi=64.8 atr_pips=9.3 adx=54.6
2026-05-06 06:48:37 INFO mt5_bot - ADX boost: adx=54.6 \u2192 risk_pct=1.88%
2026-05-06 06:48:37 INFO mt5_bot - Execution status=skipped reason=no_closed_bar_crossover
2026-05-06 06:48:52 INFO mt5_bot - Balance=102029.96 Equity=102029.96 Spread=0.20 pips
2026-05-06 06:48:52 INFO mt5_bot - Signal=NONE reason=no_closed_bar_crossover price=None trend=bullish rsi=64.8 atr_pips=9.3 adx=54.6
2026-05-06 06:48:52 INFO mt5_bot - ADX boost: adx=54.6 \u2192 risk_pct=1.88%
2026-05-06 06:48:52 INFO mt5_bot - Execution status=skipped reason=no_closed_bar_crossover
2026-05-06 06:49:07 INFO mt5_bot - Balance=102029.96 Equity=102029.96 Spread=0.60 pips
2026-05-06 06:49:07 INFO mt5_bot - Signal=NONE reason=no_closed_bar_crossover price=None trend=bullish rsi=64.8 atr_pips=9.3 adx=54.6
2026-05-06 06:49:07 INFO mt5_bot - ADX boost: adx=54.6 \u2192 risk_pct=1.88%
2026-05-06 06:49:07 INFO mt5_bot - Execution status=skipped reason=no_closed_bar_crossover
