2026-05-05 06:49:56 INFO mt5_bot - MT5 permissions: account_server=MetaQuotes-Demo account_trade_allowed=True account_trade_expert=True terminal_trade_allowed=True terminal_build=5836
2026-05-05 06:49:56 INFO mt5_bot - Starting PRO loop: symbol=AUDUSD tf=M15 trend_tf=H1 trade_enabled=True trend_filter=False adx_filter=True rsi_momentum=False partial_close=True trailing_stop=True atr_sl_tp=True news_filter=True retest=False equity_curve=True
2026-05-05 06:49:56 INFO mt5_bot - Balance=102029.96 Equity=102029.96 Spread=0.20 pips
2026-05-05 06:49:56 INFO mt5_bot.news_filter - news_filter: loaded 115 events from shared cache
2026-05-05 06:49:56 INFO mt5_bot - Signal=NONE reason=no_closed_bar_crossover price=None trend=None rsi=65.0 atr_pips=5.8 adx=30.3
2026-05-05 06:49:56 INFO mt5_bot - ADX boost: adx=30.3 \u2192 risk_pct=1.50%
2026-05-05 06:49:56 INFO mt5_bot - Execution status=skipped reason=no_closed_bar_crossover
2026-05-05 06:50:11 INFO mt5_bot - Balance=102029.96 Equity=102029.96 Spread=0.20 pips
2026-05-05 06:50:11 INFO mt5_bot - Signal=NONE reason=no_closed_bar_crossover price=None trend=None rsi=65.0 atr_pips=5.8 adx=30.3
2026-05-05 06:50:11 INFO mt5_bot - ADX boost: adx=30.3 \u2192 risk_pct=1.50%
2026-05-05 06:50:11 INFO mt5_bot - Execution status=skipped reason=no_closed_bar_crossover
2026-05-05 06:50:26 INFO mt5_bot - Balance=102029.96 Equity=102029.96 Spread=0.20 pips
2026-05-05 06:50:26 INFO mt5_bot - Signal=NONE reason=no_closed_bar_crossover price=None trend=None rsi=65.0 atr_pips=5.8 adx=30.3
2026-05-05 06:50:26 INFO mt5_bot - ADX boost: adx=30.3 \u2192 risk_pct=1.50%
2026-05-05 06:50:26 INFO mt5_bot - Execution status=skipped reason=no_closed_bar_crossover
2026-05-05 06:50:41 INFO mt5_bot - Balance=102029.96 Equity=102029.96 Spread=0.40 pips
2026-05-05 06:50:41 INFO mt5_bot - Signal=NONE reason=no_closed_bar_crossover price=None trend=None rsi=65.0 atr_pips=5.8 adx=30.3
2026-05-05 06:50:41 INFO mt5_bot - ADX boost: adx=30.3 \u2192 risk_pct=1.50%
2026-05-05 06:50:41 INFO mt5_bot - Execution status=skipped reason=no_closed_bar_crossover
2026-05-05 06:50:56 INFO mt5_bot - Balance=102029.96 Equity=102029.96 Spread=0.20 pips
2026-05-05 06:50:56 INFO mt5_bot - Signal=NONE reason=no_closed_bar_crossover price=None trend=None rsi=65.0 atr_pips=5.8 adx=30.3
2026-05-05 06:50:56 INFO mt5_bot - ADX boost: adx=30.3 \u2192 risk_pct=1.50%
2026-05-05 06:50:56 INFO mt5_bot - Execution status=skipped reason=no_closed_bar_crossover
2026-05-05 06:51:11 INFO mt5_bot - Balance=102029.96 Equity=102029.96 Spread=0.20 pips
2026-05-05 06:51:11 INFO mt5_bot - Signal=NONE reason=no_closed_bar_crossover price=None trend=None rsi=65.0 atr_pips=5.8 adx=30.3
2026-05-05 06:51:11 INFO mt5_bot - ADX boost: adx=30.3 \u2192 risk_pct=1.50%
2026-05-05 06:51:11 INFO mt5_bot - Execution status=skipped reason=no_closed_bar_crossover
2026-05-05 06:51:26 INFO mt5_bot - Balance=102029.96 Equity=102029.96 Spread=0.40 pips
2026-05-05 06:51:26 INFO mt5_bot - Signal=NONE reason=no_closed_bar_crossover price=None trend=None rsi=65.0 atr_pips=5.8 adx=30.3
2026-05-05 06:51:26 INFO mt5_bot - ADX boost: adx=30.3 \u2192 risk_pct=1.50%
2026-05-05 06:51:26 INFO mt5_bot - Execution status=skipped reason=no_closed_bar_crossover
2026-05-05 06:51:41 INFO mt5_bot - Balance=102029.96 Equity=102029.96 Spread=0.40 pips
2026-05-05 06:51:41 INFO mt5_bot - Signal=NONE reason=no_closed_bar_crossover price=None trend=None rsi=65.0 atr_pips=5.8 adx=30.3
2026-05-05 06:51:41 INFO mt5_bot - ADX boost: adx=30.3 \u2192 risk_pct=1.50%
2026-05-05 06:51:41 INFO mt5_bot - Execution status=skipped reason=no_closed_bar_crossover
2026-05-05 06:51:56 INFO mt5_bot - Balance=102029.96 Equity=102029.96 Spread=0.40 pips
2026-05-05 06:51:56 INFO mt5_bot - Signal=NONE reason=no_closed_bar_crossover price=None trend=None rsi=65.0 atr_pips=5.8 adx=30.3
2026-05-05 06:51:56 INFO mt5_bot - ADX boost: adx=30.3 \u2192 risk_pct=1.50%
2026-05-05 06:51:56 INFO mt5_bot - Execution status=skipped reason=no_closed_bar_crossover
^C2026-05-05 06:52:30 INFO mt5_bot - MT5 permissions: account_server=MetaQuotes-Demo account_trade_allowed=True account_trade_expert=True terminal_trade_allowed=True terminal_build=5836
2026-05-05 06:52:30 INFO mt5_bot - Starting PRO loop: symbol=AUDUSD tf=M15 trend_tf=H1 trade_enabled=True trend_filter=False adx_filter=True rsi_momentum=False partial_close=True trailing_stop=True atr_sl_tp=True news_filter=True retest=False equity_curve=True
2026-05-05 06:52:30 INFO mt5_bot - Balance=102029.96 Equity=102029.96 Spread=0.40 pips
2026-05-05 06:52:30 INFO mt5_bot.news_filter - news_filter: loaded 115 events from shared cache
2026-05-05 06:52:30 INFO mt5_bot - Signal=NONE reason=no_closed_bar_crossover price=None trend=None rsi=65.0 atr_pips=5.8 adx=30.3
2026-05-05 06:52:30 INFO mt5_bot - ADX boost: adx=30.3 \u2192 risk_pct=1.50%
2026-05-05 06:52:30 INFO mt5_bot - Execution status=skipped reason=no_closed_bar_crossover
2026-05-05 06:52:45 INFO mt5_bot - Balance=102029.96 Equity=102029.96 Spread=0.20 pips
2026-05-05 06:52:45 INFO mt5_bot - Signal=NONE reason=no_closed_bar_crossover price=None trend=None rsi=65.0 atr_pips=5.8 adx=30.3
2026-05-05 06:52:45 INFO mt5_bot - ADX boost: adx=30.3 \u2192 risk_pct=1.50%
2026-05-05 06:52:45 INFO mt5_bot - Execution status=skipped reason=no_closed_bar_crossover
2026-05-05 06:53:00 INFO mt5_bot - Balance=102029.96 Equity=102029.96 Spread=0.20 pips
2026-05-05 06:53:00 INFO mt5_bot - Signal=NONE reason=no_closed_bar_crossover price=None trend=None rsi=65.0 atr_pips=5.8 adx=30.3
2026-05-05 06:53:00 INFO mt5_bot - ADX boost: adx=30.3 \u2192 risk_pct=1.50%
2026-05-05 06:53:00 INFO mt5_bot - Execution status=skipped reason=no_closed_bar_crossover
2026-05-05 06:53:15 INFO mt5_bot - Balance=102029.96 Equity=102029.96 Spread=0.20 pips
2026-05-05 06:53:15 INFO mt5_bot - Signal=NONE reason=no_closed_bar_crossover price=None trend=None rsi=65.0 atr_pips=5.8 adx=30.3
2026-05-05 06:53:15 INFO mt5_bot - ADX boost: adx=30.3 \u2192 risk_pct=1.50%
2026-05-05 06:53:15 INFO mt5_bot - Execution status=skipped reason=no_closed_bar_crossover
2026-05-05 06:53:30 INFO mt5_bot - Balance=102029.96 Equity=102029.96 Spread=0.20 pips
2026-05-05 06:53:30 INFO mt5_bot - Signal=NONE reason=no_closed_bar_crossover price=None trend=None rsi=65.0 atr_pips=5.8 adx=30.3
2026-05-05 06:53:30 INFO mt5_bot - ADX boost: adx=30.3 \u2192 risk_pct=1.50%
2026-05-05 06:53:30 INFO mt5_bot - Execution status=skipped reason=no_closed_bar_crossover
2026-05-05 06:53:45 INFO mt5_bot - Balance=102029.96 Equity=102029.96 Spread=0.40 pips
2026-05-05 06:53:45 INFO mt5_bot - Signal=NONE reason=no_closed_bar_crossover price=None trend=None rsi=65.0 atr_pips=5.8 adx=30.3
2026-05-05 06:53:45 INFO mt5_bot - ADX boost: adx=30.3 \u2192 risk_pct=1.50%
2026-05-05 06:53:45 INFO mt5_bot - Execution status=skipped reason=no_closed_bar_crossover
2026-05-05 06:54:00 INFO mt5_bot - Balance=102029.96 Equity=102029.96 Spread=0.20 pips
2026-05-05 06:54:00 INFO mt5_bot - Signal=NONE reason=no_closed_bar_crossover price=None trend=None rsi=65.0 atr_pips=5.8 adx=30.3
2026-05-05 06:54:00 INFO mt5_bot - ADX boost: adx=30.3 \u2192 risk_pct=1.50%
2026-05-05 06:54:00 INFO mt5_bot - Execution status=skipped reason=no_closed_bar_crossover
2026-05-05 06:54:15 INFO mt5_bot - Balance=102029.96 Equity=102029.96 Spread=0.20 pips
2026-05-05 06:54:15 INFO mt5_bot - Signal=NONE reason=no_closed_bar_crossover price=None trend=None rsi=65.0 atr_pips=5.8 adx=30.3
2026-05-05 06:54:15 INFO mt5_bot - ADX boost: adx=30.3 \u2192 risk_pct=1.50%
2026-05-05 06:54:15 INFO mt5_bot - Execution status=skipped reason=no_closed_bar_crossover
2026-05-05 06:54:30 INFO mt5_bot - Balance=102029.96 Equity=102029.96 Spread=0.40 pips
2026-05-05 06:54:30 INFO mt5_bot - Signal=NONE reason=no_closed_bar_crossover price=None trend=None rsi=65.0 atr_pips=5.8 adx=30.3
2026-05-05 06:54:30 INFO mt5_bot - ADX boost: adx=30.3 \u2192 risk_pct=1.50%
2026-05-05 06:54:30 INFO mt5_bot - Execution status=skipped reason=no_closed_bar_crossover
2026-05-05 06:54:45 INFO mt5_bot - Balance=102029.96 Equity=102029.96 Spread=0.40 pips
2026-05-05 06:54:45 INFO mt5_bot - Signal=NONE reason=no_closed_bar_crossover price=None trend=None rsi=65.0 atr_pips=5.8 adx=30.3
2026-05-05 06:54:45 INFO mt5_bot - ADX boost: adx=30.3 \u2192 risk_pct=1.50%
2026-05-05 06:54:45 INFO mt5_bot - Execution status=skipped reason=no_closed_bar_crossover
2026-05-05 06:55:00 INFO mt5_bot - Balance=102029.96 Equity=102029.96 Spread=0.20 pips
2026-05-05 06:55:00 INFO mt5_bot - Signal=NONE reason=no_closed_bar_crossover price=None trend=None rsi=65.0 atr_pips=5.8 adx=30.3
2026-05-05 06:55:00 INFO mt5_bot - ADX boost: adx=30.3 \u2192 risk_pct=1.50%
2026-05-05 06:55:00 INFO mt5_bot - Execution status=skipped reason=no_closed_bar_crossover
2026-05-05 06:55:15 INFO mt5_bot - Balance=102029.96 Equity=102029.96 Spread=0.40 pips
2026-05-05 06:55:15 INFO mt5_bot - Signal=NONE reason=no_closed_bar_crossover price=None trend=None rsi=65.0 atr_pips=5.8 adx=30.3
2026-05-05 06:55:15 INFO mt5_bot - ADX boost: adx=30.3 \u2192 risk_pct=1.50%
2026-05-05 06:55:15 INFO mt5_bot - Execution status=skipped reason=no_closed_bar_crossover
2026-05-05 06:55:30 INFO mt5_bot - Balance=102029.96 Equity=102029.96 Spread=0.40 pips
2026-05-05 06:55:30 INFO mt5_bot - Signal=NONE reason=no_closed_bar_crossover price=None trend=None rsi=65.0 atr_pips=5.8 adx=30.3
2026-05-05 06:55:30 INFO mt5_bot - ADX boost: adx=30.3 \u2192 risk_pct=1.50%
2026-05-05 06:55:30 INFO mt5_bot - Execution status=skipped reason=no_closed_bar_crossover
2026-05-05 06:55:45 INFO mt5_bot - Balance=102029.96 Equity=102029.96 Spread=0.40 pips
2026-05-05 06:55:45 INFO mt5_bot - Signal=NONE reason=no_closed_bar_crossover price=None trend=None rsi=65.0 atr_pips=5.8 adx=30.3
2026-05-05 06:55:45 INFO mt5_bot - ADX boost: adx=30.3 \u2192 risk_pct=1.50%
2026-05-05 06:55:45 INFO mt5_bot - Execution status=skipped reason=no_closed_bar_crossover
2026-05-05 06:56:00 INFO mt5_bot - Balance=102029.96 Equity=102029.96 Spread=0.40 pips
2026-05-05 06:56:00 INFO mt5_bot - Signal=NONE reason=no_closed_bar_crossover price=None trend=None rsi=65.0 atr_pips=5.8 adx=30.3
2026-05-05 06:56:00 INFO mt5_bot - ADX boost: adx=30.3 \u2192 risk_pct=1.50%
2026-05-05 06:56:00 INFO mt5_bot - Execution status=skipped reason=no_closed_bar_crossover
2026-05-05 06:56:15 INFO mt5_bot - Balance=102029.96 Equity=102029.96 Spread=0.40 pips
2026-05-05 06:56:15 INFO mt5_bot - Signal=NONE reason=no_closed_bar_crossover price=None trend=None rsi=65.0 atr_pips=5.8 adx=30.3
2026-05-05 06:56:15 INFO mt5_bot - ADX boost: adx=30.3 \u2192 risk_pct=1.50%
2026-05-05 06:56:15 INFO mt5_bot - Execution status=skipped reason=no_closed_bar_crossover
^C2026-05-05 06:56:36 INFO mt5_bot - MT5 permissions: account_server=MetaQuotes-Demo account_trade_allowed=True account_trade_expert=True terminal_trade_allowed=True terminal_build=5836
2026-05-05 06:56:36 INFO mt5_bot - Starting PRO loop: symbol=AUDUSD tf=M15 trend_tf=H1 trade_enabled=True trend_filter=False adx_filter=True rsi_momentum=False partial_close=True trailing_stop=True atr_sl_tp=True news_filter=True retest=False equity_curve=True
2026-05-05 06:56:36 INFO mt5_bot - Balance=102029.96 Equity=102029.96 Spread=0.40 pips
2026-05-05 06:56:36 INFO mt5_bot.news_filter - news_filter: loaded 115 events from shared cache
2026-05-05 06:56:36 INFO mt5_bot - Signal=NONE reason=no_closed_bar_crossover price=None trend=None rsi=65.0 atr_pips=5.8 adx=30.3
2026-05-05 06:56:36 INFO mt5_bot - ADX boost: adx=30.3 \u2192 risk_pct=1.50%
2026-05-05 06:56:36 INFO mt5_bot - Execution status=skipped reason=no_closed_bar_crossover
2026-05-05 06:56:51 INFO mt5_bot - Balance=102029.96 Equity=102029.96 Spread=0.40 pips
2026-05-05 06:56:51 INFO mt5_bot - Signal=NONE reason=no_closed_bar_crossover price=None trend=None rsi=65.0 atr_pips=5.8 adx=30.3
2026-05-05 06:56:51 INFO mt5_bot - ADX boost: adx=30.3 \u2192 risk_pct=1.50%
2026-05-05 06:56:51 INFO mt5_bot - Execution status=skipped reason=no_closed_bar_crossover
2026-05-05 06:57:06 INFO mt5_bot - Balance=102029.96 Equity=102029.96 Spread=0.20 pips
2026-05-05 06:57:06 INFO mt5_bot - Signal=NONE reason=no_closed_bar_crossover price=None trend=None rsi=65.0 atr_pips=5.8 adx=30.3
2026-05-05 06:57:06 INFO mt5_bot - ADX boost: adx=30.3 \u2192 risk_pct=1.50%
2026-05-05 06:57:06 INFO mt5_bot - Execution status=skipped reason=no_closed_bar_crossover
2026-05-05 06:57:21 INFO mt5_bot - Balance=102029.96 Equity=102029.96 Spread=0.20 pips
2026-05-05 06:57:21 INFO mt5_bot - Signal=NONE reason=no_closed_bar_crossover price=None trend=None rsi=65.0 atr_pips=5.8 adx=30.3
2026-05-05 06:57:21 INFO mt5_bot - ADX boost: adx=30.3 \u2192 risk_pct=1.50%
2026-05-05 06:57:21 INFO mt5_bot - Execution status=skipped reason=no_closed_bar_crossover
2026-05-05 06:57:36 INFO mt5_bot - Balance=102029.96 Equity=102029.96 Spread=0.40 pips
2026-05-05 06:57:36 INFO mt5_bot - Signal=NONE reason=no_closed_bar_crossover price=None trend=None rsi=65.0 atr_pips=5.8 adx=30.3
2026-05-05 06:57:36 INFO mt5_bot - ADX boost: adx=30.3 \u2192 risk_pct=1.50%
2026-05-05 06:57:36 INFO mt5_bot - Execution status=skipped reason=no_closed_bar_crossover
2026-05-05 06:57:51 INFO mt5_bot - Balance=102029.96 Equity=102029.96 Spread=0.20 pips
2026-05-05 06:57:51 INFO mt5_bot - Signal=NONE reason=no_closed_bar_crossover price=None trend=None rsi=65.0 atr_pips=5.8 adx=30.3
2026-05-05 06:57:51 INFO mt5_bot - ADX boost: adx=30.3 \u2192 risk_pct=1.50%
2026-05-05 06:57:51 INFO mt5_bot - Execution status=skipped reason=no_closed_bar_crossover
2026-05-05 06:58:06 INFO mt5_bot - Balance=102029.96 Equity=102029.96 Spread=0.40 pips
2026-05-05 06:58:06 INFO mt5_bot - Signal=NONE reason=no_closed_bar_crossover price=None trend=None rsi=65.0 atr_pips=5.8 adx=30.3
2026-05-05 06:58:06 INFO mt5_bot - ADX boost: adx=30.3 \u2192 risk_pct=1.50%
2026-05-05 06:58:06 INFO mt5_bot - Execution status=skipped reason=no_closed_bar_crossover
2026-05-05 06:58:21 INFO mt5_bot - Balance=102029.96 Equity=102029.96 Spread=0.40 pips
2026-05-05 06:58:21 INFO mt5_bot - Signal=NONE reason=no_closed_bar_crossover price=None trend=None rsi=65.0 atr_pips=5.8 adx=30.3
2026-05-05 06:58:21 INFO mt5_bot - ADX boost: adx=30.3 \u2192 risk_pct=1.50%
2026-05-05 06:58:21 INFO mt5_bot - Execution status=skipped reason=no_closed_bar_crossover
^C2026-05-05 07:05:02 INFO mt5_bot - MT5 permissions: account_server=MetaQuotes-Demo account_trade_allowed=True account_trade_expert=True terminal_trade_allowed=True terminal_build=5836
2026-05-05 07:05:02 INFO mt5_bot - Starting PRO loop: symbol=AUDUSD tf=M15 trend_tf=H1 trade_enabled=True trend_filter=False adx_filter=True rsi_momentum=False partial_close=True trailing_stop=True atr_sl_tp=True news_filter=True retest=False equity_curve=True
2026-05-05 07:05:02 INFO mt5_bot - Balance=102029.96 Equity=102029.96 Spread=0.40 pips
2026-05-05 07:05:02 INFO mt5_bot.news_filter - news_filter: loaded 115 events from shared cache
2026-05-05 07:05:02 INFO mt5_bot - Signal=NONE reason=no_closed_bar_crossover price=None trend=None rsi=65.1 atr_pips=5.6 adx=31.2
2026-05-05 07:05:02 INFO mt5_bot - ADX boost: adx=31.2 \u2192 risk_pct=1.50%
2026-05-05 07:05:02 INFO mt5_bot - Execution status=skipped reason=no_closed_bar_crossover
2026-05-05 07:05:17 INFO mt5_bot - Balance=102029.96 Equity=102029.96 Spread=0.40 pips
2026-05-05 07:05:17 INFO mt5_bot - Signal=NONE reason=no_closed_bar_crossover price=None trend=None rsi=65.1 atr_pips=5.6 adx=31.2
2026-05-05 07:05:17 INFO mt5_bot - ADX boost: adx=31.2 \u2192 risk_pct=1.50%
2026-05-05 07:05:17 INFO mt5_bot - Execution status=skipped reason=no_closed_bar_crossover
2026-05-05 07:05:32 INFO mt5_bot - Balance=102029.96 Equity=102029.96 Spread=0.20 pips
2026-05-05 07:05:32 INFO mt5_bot - Signal=NONE reason=no_closed_bar_crossover price=None trend=None rsi=65.1 atr_pips=5.6 adx=31.2
2026-05-05 07:05:32 INFO mt5_bot - ADX boost: adx=31.2 \u2192 risk_pct=1.50%
2026-05-05 07:05:32 INFO mt5_bot - Execution status=skipped reason=no_closed_bar_crossover
2026-05-05 07:05:47 INFO mt5_bot - Balance=102029.96 Equity=102029.96 Spread=0.20 pips
2026-05-05 07:05:47 INFO mt5_bot - Signal=NONE reason=no_closed_bar_crossover price=None trend=None rsi=65.1 atr_pips=5.6 adx=31.2
2026-05-05 07:05:47 INFO mt5_bot - ADX boost: adx=31.2 \u2192 risk_pct=1.50%
2026-05-05 07:05:47 INFO mt5_bot - Execution status=skipped reason=no_closed_bar_crossover
2026-05-05 07:06:02 INFO mt5_bot - Balance=102029.96 Equity=102029.96 Spread=0.20 pips
2026-05-05 07:06:02 INFO mt5_bot - Signal=NONE reason=no_closed_bar_crossover price=None trend=None rsi=65.1 atr_pips=5.6 adx=31.2
2026-05-05 07:06:02 INFO mt5_bot - ADX boost: adx=31.2 \u2192 risk_pct=1.50%
2026-05-05 07:06:02 INFO mt5_bot - Execution status=skipped reason=no_closed_bar_crossover
2026-05-05 07:06:17 INFO mt5_bot - Balance=102029.96 Equity=102029.96 Spread=0.40 pips
2026-05-05 07:06:17 INFO mt5_bot - Signal=NONE reason=no_closed_bar_crossover price=None trend=None rsi=65.1 atr_pips=5.6 adx=31.2
2026-05-05 07:06:17 INFO mt5_bot - ADX boost: adx=31.2 \u2192 risk_pct=1.50%
2026-05-05 07:06:17 INFO mt5_bot - Execution status=skipped reason=no_closed_bar_crossover
2026-05-05 07:06:32 INFO mt5_bot - Balance=102029.96 Equity=102029.96 Spread=0.40 pips
2026-05-05 07:06:32 INFO mt5_bot - Signal=NONE reason=no_closed_bar_crossover price=None trend=None rsi=65.1 atr_pips=5.6 adx=31.2
2026-05-05 07:06:32 INFO mt5_bot - ADX boost: adx=31.2 \u2192 risk_pct=1.50%
2026-05-05 07:06:32 INFO mt5_bot - Execution status=skipped reason=no_closed_bar_crossover
2026-05-05 07:06:47 INFO mt5_bot - Balance=102029.96 Equity=102029.96 Spread=0.40 pips
2026-05-05 07:06:47 INFO mt5_bot - Signal=NONE reason=no_closed_bar_crossover price=None trend=None rsi=65.1 atr_pips=5.6 adx=31.2
2026-05-05 07:06:47 INFO mt5_bot - ADX boost: adx=31.2 \u2192 risk_pct=1.50%
2026-05-05 07:06:47 INFO mt5_bot - Execution status=skipped reason=no_closed_bar_crossover
2026-05-05 07:07:02 INFO mt5_bot - Balance=102029.96 Equity=102029.96 Spread=0.40 pips
2026-05-05 07:07:02 INFO mt5_bot - Signal=NONE reason=no_closed_bar_crossover price=None trend=None rsi=65.1 atr_pips=5.6 adx=31.2
2026-05-05 07:07:02 INFO mt5_bot - ADX boost: adx=31.2 \u2192 risk_pct=1.50%
2026-05-05 07:07:02 INFO mt5_bot - Execution status=skipped reason=no_closed_bar_crossover
2026-05-05 07:07:17 INFO mt5_bot - Balance=102029.96 Equity=102029.96 Spread=0.40 pips
2026-05-05 07:07:17 INFO mt5_bot - Signal=NONE reason=no_closed_bar_crossover price=None trend=None rsi=65.1 atr_pips=5.6 adx=31.2
2026-05-05 07:07:17 INFO mt5_bot - ADX boost: adx=31.2 \u2192 risk_pct=1.50%
2026-05-05 07:07:17 INFO mt5_bot - Execution status=skipped reason=no_closed_bar_crossover
2026-05-05 07:07:32 INFO mt5_bot - Balance=102029.96 Equity=102029.96 Spread=0.20 pips
2026-05-05 07:07:32 INFO mt5_bot - Signal=NONE reason=no_closed_bar_crossover price=None trend=None rsi=65.1 atr_pips=5.6 adx=31.2
2026-05-05 07:07:32 INFO mt5_bot - ADX boost: adx=31.2 \u2192 risk_pct=1.50%
2026-05-05 07:07:32 INFO mt5_bot - Execution status=skipped reason=no_closed_bar_crossover
2026-05-05 07:07:47 INFO mt5_bot - Balance=102029.96 Equity=102029.96 Spread=0.20 pips
2026-05-05 07:07:47 INFO mt5_bot - Signal=NONE reason=no_closed_bar_crossover price=None trend=None rsi=65.1 atr_pips=5.6 adx=31.2
2026-05-05 07:07:47 INFO mt5_bot - ADX boost: adx=31.2 \u2192 risk_pct=1.50%
2026-05-05 07:07:47 INFO mt5_bot - Execution status=skipped reason=no_closed_bar_crossover
2026-05-05 07:08:02 INFO mt5_bot - Balance=102029.96 Equity=102029.96 Spread=0.20 pips
2026-05-05 07:08:02 INFO mt5_bot - Signal=NONE reason=no_closed_bar_crossover price=None trend=None rsi=65.1 atr_pips=5.6 adx=31.2
2026-05-05 07:08:02 INFO mt5_bot - ADX boost: adx=31.2 \u2192 risk_pct=1.50%
2026-05-05 07:08:02 INFO mt5_bot - Execution status=skipped reason=no_closed_bar_crossover
2026-05-05 07:08:17 INFO mt5_bot - Balance=102029.96 Equity=102029.96 Spread=0.40 pips
2026-05-05 07:08:17 INFO mt5_bot - Signal=NONE reason=no_closed_bar_crossover price=None trend=None rsi=65.1 atr_pips=5.6 adx=31.2
2026-05-05 07:08:17 INFO mt5_bot - ADX boost: adx=31.2 \u2192 risk_pct=1.50%
2026-05-05 07:08:17 INFO mt5_bot - Execution status=skipped reason=no_closed_bar_crossover
2026-05-05 07:08:32 INFO mt5_bot - Balance=102029.96 Equity=102029.96 Spread=0.40 pips
2026-05-05 07:08:32 INFO mt5_bot - Signal=NONE reason=no_closed_bar_crossover price=None trend=None rsi=65.1 atr_pips=5.6 adx=31.2
2026-05-05 07:08:32 INFO mt5_bot - ADX boost: adx=31.2 \u2192 risk_pct=1.50%
2026-05-05 07:08:32 INFO mt5_bot - Execution status=skipped reason=no_closed_bar_crossover
2026-05-05 07:08:47 INFO mt5_bot - Balance=102029.96 Equity=102029.96 Spread=0.20 pips
2026-05-05 07:08:47 INFO mt5_bot - Signal=NONE reason=no_closed_bar_crossover price=None trend=None rsi=65.1 atr_pips=5.6 adx=31.2
2026-05-05 07:08:47 INFO mt5_bot - ADX boost: adx=31.2 \u2192 risk_pct=1.50%
2026-05-05 07:08:47 INFO mt5_bot - Execution status=skipped reason=no_closed_bar_crossover
2026-05-05 07:09:02 INFO mt5_bot - Balance=102029.96 Equity=102029.96 Spread=0.20 pips
2026-05-05 07:09:02 INFO mt5_bot - Signal=NONE reason=no_closed_bar_crossover price=None trend=None rsi=65.1 atr_pips=5.6 adx=31.2
2026-05-05 07:09:02 INFO mt5_bot - ADX boost: adx=31.2 \u2192 risk_pct=1.50%
2026-05-05 07:09:02 INFO mt5_bot - Execution status=skipped reason=no_closed_bar_crossover
2026-05-05 07:09:17 INFO mt5_bot - Balance=102029.96 Equity=102029.96 Spread=0.20 pips
2026-05-05 07:09:17 INFO mt5_bot - Signal=NONE reason=no_closed_bar_crossover price=None trend=None rsi=65.1 atr_pips=5.6 adx=31.2
2026-05-05 07:09:17 INFO mt5_bot - ADX boost: adx=31.2 \u2192 risk_pct=1.50%
2026-05-05 07:09:17 INFO mt5_bot - Execution status=skipped reason=no_closed_bar_crossover
2026-05-05 07:09:32 INFO mt5_bot - Balance=102029.96 Equity=102029.96 Spread=0.20 pips
2026-05-05 07:09:32 INFO mt5_bot - Signal=NONE reason=no_closed_bar_crossover price=None trend=None rsi=65.1 atr_pips=5.6 adx=31.2
2026-05-05 07:09:32 INFO mt5_bot - ADX boost: adx=31.2 \u2192 risk_pct=1.50%
2026-05-05 07:09:32 INFO mt5_bot - Execution status=skipped reason=no_closed_bar_crossover
2026-05-05 07:09:47 INFO mt5_bot - Balance=102029.96 Equity=102029.96 Spread=0.40 pips
2026-05-05 07:09:47 INFO mt5_bot - Signal=NONE reason=no_closed_bar_crossover price=None trend=None rsi=65.1 atr_pips=5.6 adx=31.2
2026-05-05 07:09:47 INFO mt5_bot - ADX boost: adx=31.2 \u2192 risk_pct=1.50%
2026-05-05 07:09:47 INFO mt5_bot - Execution status=skipped reason=no_closed_bar_crossover
2026-05-05 07:10:02 INFO mt5_bot - Balance=102029.96 Equity=102029.96 Spread=0.20 pips
2026-05-05 07:10:02 INFO mt5_bot - Signal=NONE reason=no_closed_bar_crossover price=None trend=None rsi=65.1 atr_pips=5.6 adx=31.2
2026-05-05 07:10:02 INFO mt5_bot - ADX boost: adx=31.2 \u2192 risk_pct=1.50%
2026-05-05 07:10:02 INFO mt5_bot - Execution status=skipped reason=no_closed_bar_crossover
2026-05-05 07:10:17 INFO mt5_bot - Balance=102029.96 Equity=102029.96 Spread=0.20 pips
2026-05-05 07:10:17 INFO mt5_bot - Signal=NONE reason=no_closed_bar_crossover price=None trend=None rsi=65.1 atr_pips=5.6 adx=31.2
2026-05-05 07:10:17 INFO mt5_bot - ADX boost: adx=31.2 \u2192 risk_pct=1.50%
2026-05-05 07:10:17 INFO mt5_bot - Execution status=skipped reason=no_closed_bar_crossover
2026-05-05 07:10:32 INFO mt5_bot - Balance=102029.96 Equity=102029.96 Spread=0.40 pips
2026-05-05 07:10:32 INFO mt5_bot - Signal=NONE reason=no_closed_bar_crossover price=None trend=None rsi=65.1 atr_pips=5.6 adx=31.2
2026-05-05 07:10:32 INFO mt5_bot - ADX boost: adx=31.2 \u2192 risk_pct=1.50%
2026-05-05 07:10:32 INFO mt5_bot - Execution status=skipped reason=no_closed_bar_crossover
2026-05-05 07:10:47 INFO mt5_bot - Balance=102029.96 Equity=102029.96 Spread=0.20 pips
2026-05-05 07:10:47 INFO mt5_bot - Signal=NONE reason=no_closed_bar_crossover price=None trend=None rsi=65.1 atr_pips=5.6 adx=31.2
2026-05-05 07:10:47 INFO mt5_bot - ADX boost: adx=31.2 \u2192 risk_pct=1.50%
2026-05-05 07:10:47 INFO mt5_bot - Execution status=skipped reason=no_closed_bar_crossover
2026-05-05 07:11:02 INFO mt5_bot - Balance=102029.96 Equity=102029.96 Spread=0.20 pips
2026-05-05 07:11:02 INFO mt5_bot - Signal=NONE reason=no_closed_bar_crossover price=None trend=None rsi=65.1 atr_pips=5.6 adx=31.2
2026-05-05 07:11:02 INFO mt5_bot - ADX boost: adx=31.2 \u2192 risk_pct=1.50%
2026-05-05 07:11:02 INFO mt5_bot - Execution status=skipped reason=no_closed_bar_crossover
2026-05-05 07:11:17 INFO mt5_bot - Balance=102029.96 Equity=102029.96 Spread=0.20 pips
2026-05-05 07:11:17 INFO mt5_bot - Signal=NONE reason=no_closed_bar_crossover price=None trend=None rsi=65.1 atr_pips=5.6 adx=31.2
2026-05-05 07:11:17 INFO mt5_bot - ADX boost: adx=31.2 \u2192 risk_pct=1.50%
2026-05-05 07:11:17 INFO mt5_bot - Execution status=skipped reason=no_closed_bar_crossover
2026-05-05 07:11:32 INFO mt5_bot - Balance=102029.96 Equity=102029.96 Spread=0.40 pips
2026-05-05 07:11:32 INFO mt5_bot - Signal=NONE reason=no_closed_bar_crossover price=None trend=None rsi=65.1 atr_pips=5.6 adx=31.2
2026-05-05 07:11:32 INFO mt5_bot - ADX boost: adx=31.2 \u2192 risk_pct=1.50%
2026-05-05 07:11:32 INFO mt5_bot - Execution status=skipped reason=no_closed_bar_crossover
2026-05-05 07:11:47 INFO mt5_bot - Balance=102029.96 Equity=102029.96 Spread=0.20 pips
2026-05-05 07:11:47 INFO mt5_bot - Signal=NONE reason=no_closed_bar_crossover price=None trend=None rsi=65.1 atr_pips=5.6 adx=31.2
2026-05-05 07:11:47 INFO mt5_bot - ADX boost: adx=31.2 \u2192 risk_pct=1.50%
2026-05-05 07:11:47 INFO mt5_bot - Execution status=skipped reason=no_closed_bar_crossover
2026-05-05 07:12:02 INFO mt5_bot - Balance=102029.96 Equity=102029.96 Spread=0.40 pips
2026-05-05 07:12:02 INFO mt5_bot - Signal=NONE reason=no_closed_bar_crossover price=None trend=None rsi=65.1 atr_pips=5.6 adx=31.2
2026-05-05 07:12:02 INFO mt5_bot - ADX boost: adx=31.2 \u2192 risk_pct=1.50%
2026-05-05 07:12:02 INFO mt5_bot - Execution status=skipped reason=no_closed_bar_crossover
2026-05-05 07:12:17 INFO mt5_bot - Balance=102029.96 Equity=102029.96 Spread=0.20 pips
2026-05-05 07:12:17 INFO mt5_bot - Signal=NONE reason=no_closed_bar_crossover price=None trend=None rsi=65.1 atr_pips=5.6 adx=31.2
2026-05-05 07:12:17 INFO mt5_bot - ADX boost: adx=31.2 \u2192 risk_pct=1.50%
2026-05-05 07:12:17 INFO mt5_bot - Execution status=skipped reason=no_closed_bar_crossover
2026-05-05 07:12:32 INFO mt5_bot - Balance=102029.96 Equity=102029.96 Spread=0.40 pips
2026-05-05 07:12:33 INFO mt5_bot - Signal=NONE reason=no_closed_bar_crossover price=None trend=None rsi=65.1 atr_pips=5.6 adx=31.2
2026-05-05 07:12:33 INFO mt5_bot - ADX boost: adx=31.2 \u2192 risk_pct=1.50%
2026-05-05 07:12:33 INFO mt5_bot - Execution status=skipped reason=no_closed_bar_crossover
2026-05-05 07:12:48 INFO mt5_bot - Balance=102029.96 Equity=102029.96 Spread=0.20 pips
2026-05-05 07:12:48 INFO mt5_bot - Signal=NONE reason=no_closed_bar_crossover price=None trend=None rsi=65.1 atr_pips=5.6 adx=31.2
2026-05-05 07:12:48 INFO mt5_bot - ADX boost: adx=31.2 \u2192 risk_pct=1.50%
2026-05-05 07:12:48 INFO mt5_bot - Execution status=skipped reason=no_closed_bar_crossover
2026-05-05 07:13:03 INFO mt5_bot - Balance=102029.96 Equity=102029.96 Spread=0.20 pips
2026-05-05 07:13:03 INFO mt5_bot - Signal=NONE reason=no_closed_bar_crossover price=None trend=None rsi=65.1 atr_pips=5.6 adx=31.2
2026-05-05 07:13:03 INFO mt5_bot - ADX boost: adx=31.2 \u2192 risk_pct=1.50%
2026-05-05 07:13:03 INFO mt5_bot - Execution status=skipped reason=no_closed_bar_crossover
2026-05-05 07:13:18 INFO mt5_bot - Balance=102029.96 Equity=102029.96 Spread=0.20 pips
2026-05-05 07:13:18 INFO mt5_bot - Signal=NONE reason=no_closed_bar_crossover price=None trend=None rsi=65.1 atr_pips=5.6 adx=31.2
2026-05-05 07:13:18 INFO mt5_bot - ADX boost: adx=31.2 \u2192 risk_pct=1.50%
2026-05-05 07:13:18 INFO mt5_bot - Execution status=skipped reason=no_closed_bar_crossover
2026-05-05 07:13:33 INFO mt5_bot - Balance=102029.96 Equity=102029.96 Spread=0.20 pips
2026-05-05 07:13:33 INFO mt5_bot - Signal=NONE reason=no_closed_bar_crossover price=None trend=None rsi=65.1 atr_pips=5.6 adx=31.2
2026-05-05 07:13:33 INFO mt5_bot - ADX boost: adx=31.2 \u2192 risk_pct=1.50%
2026-05-05 07:13:33 INFO mt5_bot - Execution status=skipped reason=no_closed_bar_crossover
2026-05-05 07:13:48 INFO mt5_bot - Balance=102029.96 Equity=102029.96 Spread=0.20 pips
2026-05-05 07:13:48 INFO mt5_bot - Signal=NONE reason=no_closed_bar_crossover price=None trend=None rsi=65.1 atr_pips=5.6 adx=31.2
2026-05-05 07:13:48 INFO mt5_bot - ADX boost: adx=31.2 \u2192 risk_pct=1.50%
2026-05-05 07:13:48 INFO mt5_bot - Execution status=skipped reason=no_closed_bar_crossover
2026-05-05 07:14:03 INFO mt5_bot - Balance=102029.96 Equity=102029.96 Spread=0.40 pips
2026-05-05 07:14:03 INFO mt5_bot - Signal=NONE reason=no_closed_bar_crossover price=None trend=None rsi=65.1 atr_pips=5.6 adx=31.2
2026-05-05 07:14:03 INFO mt5_bot - ADX boost: adx=31.2 \u2192 risk_pct=1.50%
2026-05-05 07:14:03 INFO mt5_bot - Execution status=skipped reason=no_closed_bar_crossover
2026-05-05 07:14:18 INFO mt5_bot - Balance=102029.96 Equity=102029.96 Spread=0.20 pips
2026-05-05 07:14:18 INFO mt5_bot - Signal=NONE reason=no_closed_bar_crossover price=None trend=None rsi=65.1 atr_pips=5.6 adx=31.2
2026-05-05 07:14:18 INFO mt5_bot - ADX boost: adx=31.2 \u2192 risk_pct=1.50%
2026-05-05 07:14:18 INFO mt5_bot - Execution status=skipped reason=no_closed_bar_crossover
2026-05-05 07:14:33 INFO mt5_bot - Balance=102029.96 Equity=102029.96 Spread=0.40 pips
2026-05-05 07:14:33 INFO mt5_bot - Signal=NONE reason=no_closed_bar_crossover price=None trend=None rsi=65.1 atr_pips=5.6 adx=31.2
2026-05-05 07:14:33 INFO mt5_bot - ADX boost: adx=31.2 \u2192 risk_pct=1.50%
2026-05-05 07:14:33 INFO mt5_bot - Execution status=skipped reason=no_closed_bar_crossover
2026-05-05 07:14:48 INFO mt5_bot - Balance=102029.96 Equity=102029.96 Spread=0.20 pips
2026-05-05 07:14:48 INFO mt5_bot - Signal=NONE reason=no_closed_bar_crossover price=None trend=None rsi=65.1 atr_pips=5.6 adx=31.2
2026-05-05 07:14:48 INFO mt5_bot - ADX boost: adx=31.2 \u2192 risk_pct=1.50%
2026-05-05 07:14:48 INFO mt5_bot - Execution status=skipped reason=no_closed_bar_crossover
2026-05-05 07:15:03 INFO mt5_bot - Balance=102029.96 Equity=102029.96 Spread=0.20 pips
2026-05-05 07:15:03 INFO mt5_bot - Signal=NONE reason=no_closed_bar_crossover price=None trend=None rsi=65.9 atr_pips=5.8 adx=30.8
2026-05-05 07:15:03 INFO mt5_bot - ADX boost: adx=30.8 \u2192 risk_pct=1.50%
2026-05-05 07:15:03 INFO mt5_bot - Execution status=skipped reason=no_closed_bar_crossover
2026-05-05 07:15:18 INFO mt5_bot - Balance=102029.96 Equity=102029.96 Spread=0.20 pips
2026-05-05 07:15:18 INFO mt5_bot - Signal=NONE reason=no_closed_bar_crossover price=None trend=None rsi=65.9 atr_pips=5.8 adx=30.8
2026-05-05 07:15:18 INFO mt5_bot - ADX boost: adx=30.8 \u2192 risk_pct=1.50%
2026-05-05 07:15:18 INFO mt5_bot - Execution status=skipped reason=no_closed_bar_crossover
2026-05-05 07:15:33 INFO mt5_bot - Balance=102029.96 Equity=102029.96 Spread=0.20 pips
2026-05-05 07:15:33 INFO mt5_bot - Signal=NONE reason=no_closed_bar_crossover price=None trend=None rsi=65.9 atr_pips=5.8 adx=30.8
2026-05-05 07:15:33 INFO mt5_bot - ADX boost: adx=30.8 \u2192 risk_pct=1.50%
2026-05-05 07:15:33 INFO mt5_bot - Execution status=skipped reason=no_closed_bar_crossover
2026-05-05 07:15:48 INFO mt5_bot - Balance=102029.96 Equity=102029.96 Spread=0.40 pips
2026-05-05 07:15:48 INFO mt5_bot - Signal=NONE reason=no_closed_bar_crossover price=None trend=None rsi=65.9 atr_pips=5.8 adx=30.8
2026-05-05 07:15:48 INFO mt5_bot - ADX boost: adx=30.8 \u2192 risk_pct=1.50%
2026-05-05 07:15:48 INFO mt5_bot - Execution status=skipped reason=no_closed_bar_crossover
2026-05-05 07:16:03 INFO mt5_bot - Balance=102029.96 Equity=102029.96 Spread=0.20 pips
2026-05-05 07:16:03 INFO mt5_bot - Signal=NONE reason=no_closed_bar_crossover price=None trend=None rsi=65.9 atr_pips=5.8 adx=30.8
2026-05-05 07:16:03 INFO mt5_bot - ADX boost: adx=30.8 \u2192 risk_pct=1.50%
2026-05-05 07:16:03 INFO mt5_bot - Execution status=skipped reason=no_closed_bar_crossover
2026-05-05 07:16:18 INFO mt5_bot - Balance=102029.96 Equity=102029.96 Spread=0.20 pips
2026-05-05 07:16:18 INFO mt5_bot - Signal=NONE reason=no_closed_bar_crossover price=None trend=None rsi=65.9 atr_pips=5.8 adx=30.8
2026-05-05 07:16:18 INFO mt5_bot - ADX boost: adx=30.8 \u2192 risk_pct=1.50%
2026-05-05 07:16:18 INFO mt5_bot - Execution status=skipped reason=no_closed_bar_crossover
2026-05-05 07:16:33 INFO mt5_bot - Balance=102029.96 Equity=102029.96 Spread=0.40 pips
2026-05-05 07:16:33 INFO mt5_bot - Signal=NONE reason=no_closed_bar_crossover price=None trend=None rsi=65.9 atr_pips=5.8 adx=30.8
2026-05-05 07:16:33 INFO mt5_bot - ADX boost: adx=30.8 \u2192 risk_pct=1.50%
2026-05-05 07:16:33 INFO mt5_bot - Execution status=skipped reason=no_closed_bar_crossover
2026-05-05 07:16:48 INFO mt5_bot - Balance=102029.96 Equity=102029.96 Spread=0.20 pips
2026-05-05 07:16:48 INFO mt5_bot - Signal=NONE reason=no_closed_bar_crossover price=None trend=None rsi=65.9 atr_pips=5.8 adx=30.8
2026-05-05 07:16:48 INFO mt5_bot - ADX boost: adx=30.8 \u2192 risk_pct=1.50%
2026-05-05 07:16:48 INFO mt5_bot - Execution status=skipped reason=no_closed_bar_crossover
2026-05-05 07:17:03 INFO mt5_bot - Balance=102029.96 Equity=102029.96 Spread=0.40 pips
2026-05-05 07:17:03 INFO mt5_bot - Signal=NONE reason=no_closed_bar_crossover price=None trend=None rsi=65.9 atr_pips=5.8 adx=30.8
2026-05-05 07:17:03 INFO mt5_bot - ADX boost: adx=30.8 \u2192 risk_pct=1.50%
2026-05-05 07:17:03 INFO mt5_bot - Execution status=skipped reason=no_closed_bar_crossover
2026-05-05 07:17:18 INFO mt5_bot - Balance=102029.96 Equity=102029.96 Spread=0.40 pips
2026-05-05 07:17:18 INFO mt5_bot - Signal=NONE reason=no_closed_bar_crossover price=None trend=None rsi=65.9 atr_pips=5.8 adx=30.8
2026-05-05 07:17:18 INFO mt5_bot - ADX boost: adx=30.8 \u2192 risk_pct=1.50%
2026-05-05 07:17:18 INFO mt5_bot - Execution status=skipped reason=no_closed_bar_crossover
2026-05-05 07:17:33 INFO mt5_bot - Balance=102029.96 Equity=102029.96 Spread=0.20 pips
2026-05-05 07:17:33 INFO mt5_bot - Signal=NONE reason=no_closed_bar_crossover price=None trend=None rsi=65.9 atr_pips=5.8 adx=30.8
2026-05-05 07:17:33 INFO mt5_bot - ADX boost: adx=30.8 \u2192 risk_pct=1.50%
2026-05-05 07:17:33 INFO mt5_bot - Execution status=skipped reason=no_closed_bar_crossover
2026-05-05 07:17:48 INFO mt5_bot - Balance=102029.96 Equity=102029.96 Spread=0.20 pips
2026-05-05 07:17:48 INFO mt5_bot - Signal=NONE reason=no_closed_bar_crossover price=None trend=None rsi=65.9 atr_pips=5.8 adx=30.8
2026-05-05 07:17:48 INFO mt5_bot - ADX boost: adx=30.8 \u2192 risk_pct=1.50%
2026-05-05 07:17:48 INFO mt5_bot - Execution status=skipped reason=no_closed_bar_crossover
2026-05-05 07:18:03 INFO mt5_bot - Balance=102029.96 Equity=102029.96 Spread=0.20 pips
2026-05-05 07:18:03 INFO mt5_bot - Signal=NONE reason=no_closed_bar_crossover price=None trend=None rsi=65.9 atr_pips=5.8 adx=30.8
2026-05-05 07:18:03 INFO mt5_bot - ADX boost: adx=30.8 \u2192 risk_pct=1.50%
2026-05-05 07:18:03 INFO mt5_bot - Execution status=skipped reason=no_closed_bar_crossover
2026-05-05 07:18:18 INFO mt5_bot - Balance=102029.96 Equity=102029.96 Spread=0.20 pips
2026-05-05 07:18:18 INFO mt5_bot - Signal=NONE reason=no_closed_bar_crossover price=None trend=None rsi=65.9 atr_pips=5.8 adx=30.8
2026-05-05 07:18:18 INFO mt5_bot - ADX boost: adx=30.8 \u2192 risk_pct=1.50%
2026-05-05 07:18:18 INFO mt5_bot - Execution status=skipped reason=no_closed_bar_crossover
2026-05-05 07:18:33 INFO mt5_bot - Balance=102029.96 Equity=102029.96 Spread=0.20 pips
2026-05-05 07:18:33 INFO mt5_bot - Signal=NONE reason=no_closed_bar_crossover price=None trend=None rsi=65.9 atr_pips=5.8 adx=30.8
2026-05-05 07:18:33 INFO mt5_bot - ADX boost: adx=30.8 \u2192 risk_pct=1.50%
2026-05-05 07:18:33 INFO mt5_bot - Execution status=skipped reason=no_closed_bar_crossover
2026-05-05 07:18:48 INFO mt5_bot - Balance=102029.96 Equity=102029.96 Spread=0.40 pips
2026-05-05 07:18:48 INFO mt5_bot - Signal=NONE reason=no_closed_bar_crossover price=None trend=None rsi=65.9 atr_pips=5.8 adx=30.8
2026-05-05 07:18:48 INFO mt5_bot - ADX boost: adx=30.8 \u2192 risk_pct=1.50%
2026-05-05 07:18:48 INFO mt5_bot - Execution status=skipped reason=no_closed_bar_crossover
2026-05-05 07:19:03 INFO mt5_bot - Balance=102029.96 Equity=102029.96 Spread=0.20 pips
2026-05-05 07:19:03 INFO mt5_bot - Signal=NONE reason=no_closed_bar_crossover price=None trend=None rsi=65.9 atr_pips=5.8 adx=30.8
2026-05-05 07:19:03 INFO mt5_bot - ADX boost: adx=30.8 \u2192 risk_pct=1.50%
2026-05-05 07:19:03 INFO mt5_bot - Execution status=skipped reason=no_closed_bar_crossover
2026-05-05 07:19:18 INFO mt5_bot - Balance=102029.96 Equity=102029.96 Spread=0.20 pips
2026-05-05 07:19:18 INFO mt5_bot - Signal=NONE reason=no_closed_bar_crossover price=None trend=None rsi=65.9 atr_pips=5.8 adx=30.8
2026-05-05 07:19:18 INFO mt5_bot - ADX boost: adx=30.8 \u2192 risk_pct=1.50%
2026-05-05 07:19:18 INFO mt5_bot - Execution status=skipped reason=no_closed_bar_crossover
2026-05-05 07:19:33 INFO mt5_bot - Balance=102029.96 Equity=102029.96 Spread=0.40 pips
2026-05-05 07:19:33 INFO mt5_bot - Signal=NONE reason=no_closed_bar_crossover price=None trend=None rsi=65.9 atr_pips=5.8 adx=30.8
2026-05-05 07:19:33 INFO mt5_bot - ADX boost: adx=30.8 \u2192 risk_pct=1.50%
2026-05-05 07:19:33 INFO mt5_bot - Execution status=skipped reason=no_closed_bar_crossover
2026-05-05 07:19:48 INFO mt5_bot - Balance=102029.96 Equity=102029.96 Spread=0.40 pips
2026-05-05 07:19:48 INFO mt5_bot - Signal=NONE reason=no_closed_bar_crossover price=None trend=None rsi=65.9 atr_pips=5.8 adx=30.8
2026-05-05 07:19:48 INFO mt5_bot - ADX boost: adx=30.8 \u2192 risk_pct=1.50%
2026-05-05 07:19:48 INFO mt5_bot - Execution status=skipped reason=no_closed_bar_crossover
2026-05-05 07:20:03 INFO mt5_bot - Balance=102029.96 Equity=102029.96 Spread=0.40 pips
2026-05-05 07:20:03 INFO mt5_bot - Signal=NONE reason=no_closed_bar_crossover price=None trend=None rsi=65.9 atr_pips=5.8 adx=30.8
2026-05-05 07:20:03 INFO mt5_bot - ADX boost: adx=30.8 \u2192 risk_pct=1.50%
2026-05-05 07:20:03 INFO mt5_bot - Execution status=skipped reason=no_closed_bar_crossover
2026-05-05 07:20:18 INFO mt5_bot - Balance=102029.96 Equity=102029.96 Spread=0.40 pips
2026-05-05 07:20:18 INFO mt5_bot - Signal=NONE reason=no_closed_bar_crossover price=None trend=None rsi=65.9 atr_pips=5.8 adx=30.8
2026-05-05 07:20:18 INFO mt5_bot - ADX boost: adx=30.8 \u2192 risk_pct=1.50%
2026-05-05 07:20:18 INFO mt5_bot - Execution status=skipped reason=no_closed_bar_crossover
2026-05-05 07:20:33 INFO mt5_bot - Balance=102029.96 Equity=102029.96 Spread=0.40 pips
2026-05-05 07:20:33 INFO mt5_bot - Signal=NONE reason=no_closed_bar_crossover price=None trend=None rsi=65.9 atr_pips=5.8 adx=30.8
2026-05-05 07:20:33 INFO mt5_bot - ADX boost: adx=30.8 \u2192 risk_pct=1.50%
2026-05-05 07:20:33 INFO mt5_bot - Execution status=skipped reason=no_closed_bar_crossover
2026-05-05 07:20:48 INFO mt5_bot - Balance=102029.96 Equity=102029.96 Spread=0.20 pips
2026-05-05 07:20:48 INFO mt5_bot - Signal=NONE reason=no_closed_bar_crossover price=None trend=None rsi=65.9 atr_pips=5.8 adx=30.8
2026-05-05 07:20:48 INFO mt5_bot - ADX boost: adx=30.8 \u2192 risk_pct=1.50%
2026-05-05 07:20:48 INFO mt5_bot - Execution status=skipped reason=no_closed_bar_crossover
2026-05-05 07:21:03 INFO mt5_bot - Balance=102029.96 Equity=102029.96 Spread=0.40 pips
2026-05-05 07:21:03 INFO mt5_bot - Signal=NONE reason=no_closed_bar_crossover price=None trend=None rsi=65.9 atr_pips=5.8 adx=30.8
2026-05-05 07:21:03 INFO mt5_bot - ADX boost: adx=30.8 \u2192 risk_pct=1.50%
2026-05-05 07:21:03 INFO mt5_bot - Execution status=skipped reason=no_closed_bar_crossover
2026-05-05 07:21:18 INFO mt5_bot - Balance=102029.96 Equity=102029.96 Spread=0.20 pips
2026-05-05 07:21:18 INFO mt5_bot - Signal=NONE reason=no_closed_bar_crossover price=None trend=None rsi=65.9 atr_pips=5.8 adx=30.8
2026-05-05 07:21:18 INFO mt5_bot - ADX boost: adx=30.8 \u2192 risk_pct=1.50%
2026-05-05 07:21:18 INFO mt5_bot - Execution status=skipped reason=no_closed_bar_crossover
2026-05-05 07:21:33 INFO mt5_bot - Balance=102029.96 Equity=102029.96 Spread=0.20 pips
2026-05-05 07:21:33 INFO mt5_bot - Signal=NONE reason=no_closed_bar_crossover price=None trend=None rsi=65.9 atr_pips=5.8 adx=30.8
2026-05-05 07:21:33 INFO mt5_bot - ADX boost: adx=30.8 \u2192 risk_pct=1.50%
2026-05-05 07:21:33 INFO mt5_bot - Execution status=skipped reason=no_closed_bar_crossover
2026-05-05 07:21:48 INFO mt5_bot - Balance=102029.96 Equity=102029.96 Spread=0.20 pips
2026-05-05 07:21:48 INFO mt5_bot - Signal=NONE reason=no_closed_bar_crossover price=None trend=None rsi=65.9 atr_pips=5.8 adx=30.8
2026-05-05 07:21:48 INFO mt5_bot - ADX boost: adx=30.8 \u2192 risk_pct=1.50%
2026-05-05 07:21:48 INFO mt5_bot - Execution status=skipped reason=no_closed_bar_crossover
2026-05-05 07:22:03 INFO mt5_bot - Balance=102029.96 Equity=102029.96 Spread=0.20 pips
2026-05-05 07:22:03 INFO mt5_bot - Signal=NONE reason=no_closed_bar_crossover price=None trend=None rsi=65.9 atr_pips=5.8 adx=30.8
2026-05-05 07:22:03 INFO mt5_bot - ADX boost: adx=30.8 \u2192 risk_pct=1.50%
2026-05-05 07:22:03 INFO mt5_bot - Execution status=skipped reason=no_closed_bar_crossover
2026-05-05 07:22:18 INFO mt5_bot - Balance=102029.96 Equity=102029.96 Spread=0.20 pips
2026-05-05 07:22:18 INFO mt5_bot - Signal=NONE reason=no_closed_bar_crossover price=None trend=None rsi=65.9 atr_pips=5.8 adx=30.8
2026-05-05 07:22:18 INFO mt5_bot - ADX boost: adx=30.8 \u2192 risk_pct=1.50%
2026-05-05 07:22:18 INFO mt5_bot - Execution status=skipped reason=no_closed_bar_crossover
2026-05-05 07:22:33 INFO mt5_bot - Balance=102029.96 Equity=102029.96 Spread=0.20 pips
2026-05-05 07:22:33 INFO mt5_bot - Signal=NONE reason=no_closed_bar_crossover price=None trend=None rsi=65.9 atr_pips=5.8 adx=30.8
2026-05-05 07:22:33 INFO mt5_bot - ADX boost: adx=30.8 \u2192 risk_pct=1.50%
2026-05-05 07:22:33 INFO mt5_bot - Execution status=skipped reason=no_closed_bar_crossover
2026-05-05 07:22:48 INFO mt5_bot - Balance=102029.96 Equity=102029.96 Spread=0.40 pips
2026-05-05 07:22:48 INFO mt5_bot - Signal=NONE reason=no_closed_bar_crossover price=None trend=None rsi=65.9 atr_pips=5.8 adx=30.8
2026-05-05 07:22:48 INFO mt5_bot - ADX boost: adx=30.8 \u2192 risk_pct=1.50%
2026-05-05 07:22:48 INFO mt5_bot - Execution status=skipped reason=no_closed_bar_crossover
2026-05-05 07:23:03 INFO mt5_bot - Balance=102029.96 Equity=102029.96 Spread=0.20 pips
2026-05-05 07:23:03 INFO mt5_bot - Signal=NONE reason=no_closed_bar_crossover price=None trend=None rsi=65.9 atr_pips=5.8 adx=30.8
2026-05-05 07:23:03 INFO mt5_bot - ADX boost: adx=30.8 \u2192 risk_pct=1.50%
2026-05-05 07:23:03 INFO mt5_bot - Execution status=skipped reason=no_closed_bar_crossover
2026-05-05 07:23:18 INFO mt5_bot - Balance=102029.96 Equity=102029.96 Spread=0.20 pips
2026-05-05 07:23:18 INFO mt5_bot - Signal=NONE reason=no_closed_bar_crossover price=None trend=None rsi=65.9 atr_pips=5.8 adx=30.8
2026-05-05 07:23:18 INFO mt5_bot - ADX boost: adx=30.8 \u2192 risk_pct=1.50%
2026-05-05 07:23:18 INFO mt5_bot - Execution status=skipped reason=no_closed_bar_crossover
2026-05-05 07:23:33 INFO mt5_bot - Balance=102029.96 Equity=102029.96 Spread=0.40 pips
2026-05-05 07:23:33 INFO mt5_bot - Signal=NONE reason=no_closed_bar_crossover price=None trend=None rsi=65.9 atr_pips=5.8 adx=30.8
2026-05-05 07:23:33 INFO mt5_bot - ADX boost: adx=30.8 \u2192 risk_pct=1.50%
2026-05-05 07:23:33 INFO mt5_bot - Execution status=skipped reason=no_closed_bar_crossover
2026-05-05 07:23:48 INFO mt5_bot - Balance=102029.96 Equity=102029.96 Spread=0.40 pips
2026-05-05 07:23:48 INFO mt5_bot - Signal=NONE reason=no_closed_bar_crossover price=None trend=None rsi=65.9 atr_pips=5.8 adx=30.8
2026-05-05 07:23:48 INFO mt5_bot - ADX boost: adx=30.8 \u2192 risk_pct=1.50%
2026-05-05 07:23:48 INFO mt5_bot - Execution status=skipped reason=no_closed_bar_crossover
2026-05-05 07:24:03 INFO mt5_bot - Balance=102029.96 Equity=102029.96 Spread=0.20 pips
2026-05-05 07:24:03 INFO mt5_bot - Signal=NONE reason=no_closed_bar_crossover price=None trend=None rsi=65.9 atr_pips=5.8 adx=30.8
2026-05-05 07:24:03 INFO mt5_bot - ADX boost: adx=30.8 \u2192 risk_pct=1.50%
2026-05-05 07:24:03 INFO mt5_bot - Execution status=skipped reason=no_closed_bar_crossover
2026-05-05 07:24:18 INFO mt5_bot - Balance=102029.96 Equity=102029.96 Spread=0.40 pips
2026-05-05 07:24:18 INFO mt5_bot - Signal=NONE reason=no_closed_bar_crossover price=None trend=None rsi=65.9 atr_pips=5.8 adx=30.8
2026-05-05 07:24:18 INFO mt5_bot - ADX boost: adx=30.8 \u2192 risk_pct=1.50%
2026-05-05 07:24:18 INFO mt5_bot - Execution status=skipped reason=no_closed_bar_crossover
2026-05-05 07:24:33 INFO mt5_bot - Balance=102029.96 Equity=102029.96 Spread=0.40 pips
2026-05-05 07:24:33 INFO mt5_bot - Signal=NONE reason=no_closed_bar_crossover price=None trend=None rsi=65.9 atr_pips=5.8 adx=30.8
2026-05-05 07:24:33 INFO mt5_bot - ADX boost: adx=30.8 \u2192 risk_pct=1.50%
2026-05-05 07:24:33 INFO mt5_bot - Execution status=skipped reason=no_closed_bar_crossover
2026-05-05 07:24:48 INFO mt5_bot - Balance=102029.96 Equity=102029.96 Spread=0.40 pips
2026-05-05 07:24:48 INFO mt5_bot - Signal=NONE reason=no_closed_bar_crossover price=None trend=None rsi=65.9 atr_pips=5.8 adx=30.8
2026-05-05 07:24:48 INFO mt5_bot - ADX boost: adx=30.8 \u2192 risk_pct=1.50%
2026-05-05 07:24:48 INFO mt5_bot - Execution status=skipped reason=no_closed_bar_crossover
2026-05-05 07:25:03 INFO mt5_bot - Balance=102029.96 Equity=102029.96 Spread=0.40 pips
2026-05-05 07:25:03 INFO mt5_bot - Signal=NONE reason=no_closed_bar_crossover price=None trend=None rsi=65.9 atr_pips=5.8 adx=30.8
2026-05-05 07:25:03 INFO mt5_bot - ADX boost: adx=30.8 \u2192 risk_pct=1.50%
2026-05-05 07:25:03 INFO mt5_bot - Execution status=skipped reason=no_closed_bar_crossover
2026-05-05 07:25:18 INFO mt5_bot - Balance=102029.96 Equity=102029.96 Spread=0.20 pips
2026-05-05 07:25:18 INFO mt5_bot - Signal=NONE reason=no_closed_bar_crossover price=None trend=None rsi=65.9 atr_pips=5.8 adx=30.8
2026-05-05 07:25:18 INFO mt5_bot - ADX boost: adx=30.8 \u2192 risk_pct=1.50%
2026-05-05 07:25:18 INFO mt5_bot - Execution status=skipped reason=no_closed_bar_crossover
2026-05-05 07:25:33 INFO mt5_bot - Balance=102029.96 Equity=102029.96 Spread=0.20 pips
2026-05-05 07:25:33 INFO mt5_bot - Signal=NONE reason=no_closed_bar_crossover price=None trend=None rsi=65.9 atr_pips=5.8 adx=30.8
2026-05-05 07:25:33 INFO mt5_bot - ADX boost: adx=30.8 \u2192 risk_pct=1.50%
2026-05-05 07:25:33 INFO mt5_bot - Execution status=skipped reason=no_closed_bar_crossover
2026-05-05 07:25:48 INFO mt5_bot - Balance=102029.96 Equity=102029.96 Spread=0.40 pips
2026-05-05 07:25:48 INFO mt5_bot - Signal=NONE reason=no_closed_bar_crossover price=None trend=None rsi=65.9 atr_pips=5.8 adx=30.8
2026-05-05 07:25:48 INFO mt5_bot - ADX boost: adx=30.8 \u2192 risk_pct=1.50%
2026-05-05 07:25:48 INFO mt5_bot - Execution status=skipped reason=no_closed_bar_crossover
2026-05-05 07:26:03 INFO mt5_bot - Balance=102029.96 Equity=102029.96 Spread=0.20 pips
2026-05-05 07:26:03 INFO mt5_bot - Signal=NONE reason=no_closed_bar_crossover price=None trend=None rsi=65.9 atr_pips=5.8 adx=30.8
2026-05-05 07:26:03 INFO mt5_bot - ADX boost: adx=30.8 \u2192 risk_pct=1.50%
2026-05-05 07:26:03 INFO mt5_bot - Execution status=skipped reason=no_closed_bar_crossover
2026-05-05 07:26:18 INFO mt5_bot - Balance=102029.96 Equity=102029.96 Spread=0.40 pips
2026-05-05 07:26:18 INFO mt5_bot - Signal=NONE reason=no_closed_bar_crossover price=None trend=None rsi=65.9 atr_pips=5.8 adx=30.8
2026-05-05 07:26:18 INFO mt5_bot - ADX boost: adx=30.8 \u2192 risk_pct=1.50%
2026-05-05 07:26:18 INFO mt5_bot - Execution status=skipped reason=no_closed_bar_crossover
2026-05-05 07:26:33 INFO mt5_bot - Balance=102029.96 Equity=102029.96 Spread=0.20 pips
2026-05-05 07:26:33 INFO mt5_bot - Signal=NONE reason=no_closed_bar_crossover price=None trend=None rsi=65.9 atr_pips=5.8 adx=30.8
2026-05-05 07:26:33 INFO mt5_bot - ADX boost: adx=30.8 \u2192 risk_pct=1.50%
2026-05-05 07:26:33 INFO mt5_bot - Execution status=skipped reason=no_closed_bar_crossover
2026-05-05 07:26:48 INFO mt5_bot - Balance=102029.96 Equity=102029.96 Spread=0.20 pips
2026-05-05 07:26:48 INFO mt5_bot - Signal=NONE reason=no_closed_bar_crossover price=None trend=None rsi=65.9 atr_pips=5.8 adx=30.8
2026-05-05 07:26:48 INFO mt5_bot - ADX boost: adx=30.8 \u2192 risk_pct=1.50%
2026-05-05 07:26:48 INFO mt5_bot - Execution status=skipped reason=no_closed_bar_crossover
2026-05-05 07:27:03 INFO mt5_bot - Balance=102029.96 Equity=102029.96 Spread=0.20 pips
2026-05-05 07:27:03 INFO mt5_bot - Signal=NONE reason=no_closed_bar_crossover price=None trend=None rsi=65.9 atr_pips=5.8 adx=30.8
2026-05-05 07:27:03 INFO mt5_bot - ADX boost: adx=30.8 \u2192 risk_pct=1.50%
2026-05-05 07:27:03 INFO mt5_bot - Execution status=skipped reason=no_closed_bar_crossover
2026-05-05 07:27:18 INFO mt5_bot - Balance=102029.96 Equity=102029.96 Spread=0.20 pips
2026-05-05 07:27:18 INFO mt5_bot - Signal=NONE reason=no_closed_bar_crossover price=None trend=None rsi=65.9 atr_pips=5.8 adx=30.8
2026-05-05 07:27:18 INFO mt5_bot - ADX boost: adx=30.8 \u2192 risk_pct=1.50%
2026-05-05 07:27:18 INFO mt5_bot - Execution status=skipped reason=no_closed_bar_crossover
2026-05-05 07:27:33 INFO mt5_bot - Balance=102029.96 Equity=102029.96 Spread=0.20 pips
2026-05-05 07:27:33 INFO mt5_bot - Signal=NONE reason=no_closed_bar_crossover price=None trend=None rsi=65.9 atr_pips=5.8 adx=30.8
2026-05-05 07:27:33 INFO mt5_bot - ADX boost: adx=30.8 \u2192 risk_pct=1.50%
2026-05-05 07:27:33 INFO mt5_bot - Execution status=skipped reason=no_closed_bar_crossover
2026-05-05 07:27:48 INFO mt5_bot - Balance=102029.96 Equity=102029.96 Spread=0.40 pips
2026-05-05 07:27:48 INFO mt5_bot - Signal=NONE reason=no_closed_bar_crossover price=None trend=None rsi=65.9 atr_pips=5.8 adx=30.8
2026-05-05 07:27:48 INFO mt5_bot - ADX boost: adx=30.8 \u2192 risk_pct=1.50%
2026-05-05 07:27:48 INFO mt5_bot - Execution status=skipped reason=no_closed_bar_crossover
2026-05-05 07:28:03 INFO mt5_bot - Balance=102029.96 Equity=102029.96 Spread=0.40 pips
2026-05-05 07:28:03 INFO mt5_bot - Signal=NONE reason=no_closed_bar_crossover price=None trend=None rsi=65.9 atr_pips=5.8 adx=30.8
2026-05-05 07:28:03 INFO mt5_bot - ADX boost: adx=30.8 \u2192 risk_pct=1.50%
2026-05-05 07:28:03 INFO mt5_bot - Execution status=skipped reason=no_closed_bar_crossover
2026-05-05 07:28:19 INFO mt5_bot - Balance=102029.96 Equity=102029.96 Spread=0.40 pips
2026-05-05 07:28:19 INFO mt5_bot - Signal=NONE reason=no_closed_bar_crossover price=None trend=None rsi=65.9 atr_pips=5.8 adx=30.8
2026-05-05 07:28:19 INFO mt5_bot - ADX boost: adx=30.8 \u2192 risk_pct=1.50%
2026-05-05 07:28:19 INFO mt5_bot - Execution status=skipped reason=no_closed_bar_crossover
^C2026-05-05 07:32:58 INFO mt5_bot - MT5 permissions: account_server=MetaQuotes-Demo account_trade_allowed=True account_trade_expert=True terminal_trade_allowed=True terminal_build=5836
2026-05-05 07:32:58 INFO mt5_bot - Starting PRO loop: symbol=AUDUSD tf=M15 trend_tf=H1 trade_enabled=True trend_filter=False adx_filter=True rsi_momentum=False partial_close=True trailing_stop=True atr_sl_tp=True news_filter=True retest=False equity_curve=True
2026-05-05 07:32:58 INFO mt5_bot - Balance=102029.96 Equity=102029.96 Spread=0.20 pips
2026-05-05 07:32:58 INFO mt5_bot.news_filter - news_filter: loaded 115 events from shared cache
2026-05-05 07:32:58 INFO mt5_bot - Signal=NONE reason=no_closed_bar_crossover price=None trend=None rsi=73.0 atr_pips=6.1 adx=31.5
2026-05-05 07:32:58 INFO mt5_bot - ADX boost: adx=31.5 \u2192 risk_pct=1.50%
2026-05-05 07:32:58 INFO mt5_bot - Execution status=skipped reason=no_closed_bar_crossover
2026-05-05 07:33:13 INFO mt5_bot - Balance=102029.96 Equity=102029.96 Spread=0.40 pips
2026-05-05 07:33:13 INFO mt5_bot - Signal=NONE reason=no_closed_bar_crossover price=None trend=None rsi=73.0 atr_pips=6.1 adx=31.5
2026-05-05 07:33:13 INFO mt5_bot - ADX boost: adx=31.5 \u2192 risk_pct=1.50%
2026-05-05 07:33:13 INFO mt5_bot - Execution status=skipped reason=no_closed_bar_crossover
2026-05-05 07:33:28 INFO mt5_bot - Balance=102029.96 Equity=102029.96 Spread=0.40 pips
2026-05-05 07:33:28 INFO mt5_bot - Signal=NONE reason=no_closed_bar_crossover price=None trend=None rsi=73.0 atr_pips=6.1 adx=31.5
2026-05-05 07:33:28 INFO mt5_bot - ADX boost: adx=31.5 \u2192 risk_pct=1.50%
2026-05-05 07:33:28 INFO mt5_bot - Execution status=skipped reason=no_closed_bar_crossover
2026-05-05 07:33:43 INFO mt5_bot - Balance=102029.96 Equity=102029.96 Spread=0.40 pips
2026-05-05 07:33:43 INFO mt5_bot - Signal=NONE reason=no_closed_bar_crossover price=None trend=None rsi=73.0 atr_pips=6.1 adx=31.5
2026-05-05 07:33:43 INFO mt5_bot - ADX boost: adx=31.5 \u2192 risk_pct=1.50%
2026-05-05 07:33:43 INFO mt5_bot - Execution status=skipped reason=no_closed_bar_crossover
2026-05-05 07:33:58 INFO mt5_bot - Balance=102029.96 Equity=102029.96 Spread=0.40 pips
2026-05-05 07:33:58 INFO mt5_bot - Signal=NONE reason=no_closed_bar_crossover price=None trend=None rsi=73.0 atr_pips=6.1 adx=31.5
2026-05-05 07:33:58 INFO mt5_bot - ADX boost: adx=31.5 \u2192 risk_pct=1.50%
2026-05-05 07:33:58 INFO mt5_bot - Execution status=skipped reason=no_closed_bar_crossover
2026-05-05 07:34:13 INFO mt5_bot - Balance=102029.96 Equity=102029.96 Spread=0.40 pips
2026-05-05 07:34:13 INFO mt5_bot - Signal=NONE reason=no_closed_bar_crossover price=None trend=None rsi=73.0 atr_pips=6.1 adx=31.5
2026-05-05 07:34:13 INFO mt5_bot - ADX boost: adx=31.5 \u2192 risk_pct=1.50%
2026-05-05 07:34:13 INFO mt5_bot - Execution status=skipped reason=no_closed_bar_crossover
2026-05-05 07:34:28 INFO mt5_bot - Balance=102029.96 Equity=102029.96 Spread=0.40 pips
2026-05-05 07:34:28 INFO mt5_bot - Signal=NONE reason=no_closed_bar_crossover price=None trend=None rsi=73.0 atr_pips=6.1 adx=31.5
2026-05-05 07:34:28 INFO mt5_bot - ADX boost: adx=31.5 \u2192 risk_pct=1.50%
2026-05-05 07:34:28 INFO mt5_bot - Execution status=skipped reason=no_closed_bar_crossover
2026-05-05 07:34:43 INFO mt5_bot - Balance=102029.96 Equity=102029.96 Spread=0.40 pips
2026-05-05 07:34:43 INFO mt5_bot - Signal=NONE reason=no_closed_bar_crossover price=None trend=None rsi=73.0 atr_pips=6.1 adx=31.5
2026-05-05 07:34:43 INFO mt5_bot - ADX boost: adx=31.5 \u2192 risk_pct=1.50%
2026-05-05 07:34:43 INFO mt5_bot - Execution status=skipped reason=no_closed_bar_crossover
2026-05-05 07:34:58 INFO mt5_bot - Balance=102029.96 Equity=102029.96 Spread=0.40 pips
2026-05-05 07:34:58 INFO mt5_bot - Signal=NONE reason=no_closed_bar_crossover price=None trend=None rsi=73.0 atr_pips=6.1 adx=31.5
2026-05-05 07:34:58 INFO mt5_bot - ADX boost: adx=31.5 \u2192 risk_pct=1.50%
2026-05-05 07:34:58 INFO mt5_bot - Execution status=skipped reason=no_closed_bar_crossover
2026-05-05 07:35:13 INFO mt5_bot - Balance=102029.96 Equity=102029.96 Spread=0.40 pips
2026-05-05 07:35:13 INFO mt5_bot - Signal=NONE reason=no_closed_bar_crossover price=None trend=None rsi=73.0 atr_pips=6.1 adx=31.5
2026-05-05 07:35:13 INFO mt5_bot - ADX boost: adx=31.5 \u2192 risk_pct=1.50%
2026-05-05 07:35:13 INFO mt5_bot - Execution status=skipped reason=no_closed_bar_crossover
2026-05-05 07:35:28 INFO mt5_bot - Balance=102029.96 Equity=102029.96 Spread=0.20 pips
2026-05-05 07:35:28 INFO mt5_bot - Signal=NONE reason=no_closed_bar_crossover price=None trend=None rsi=73.0 atr_pips=6.1 adx=31.5
2026-05-05 07:35:28 INFO mt5_bot - ADX boost: adx=31.5 \u2192 risk_pct=1.50%
2026-05-05 07:35:28 INFO mt5_bot - Execution status=skipped reason=no_closed_bar_crossover
2026-05-05 07:35:43 INFO mt5_bot - Balance=102029.96 Equity=102029.96 Spread=0.20 pips
2026-05-05 07:35:43 INFO mt5_bot - Signal=NONE reason=no_closed_bar_crossover price=None trend=None rsi=73.0 atr_pips=6.1 adx=31.5
2026-05-05 07:35:43 INFO mt5_bot - ADX boost: adx=31.5 \u2192 risk_pct=1.50%
2026-05-05 07:35:43 INFO mt5_bot - Execution status=skipped reason=no_closed_bar_crossover
2026-05-05 07:35:58 INFO mt5_bot - Balance=102029.96 Equity=102029.96 Spread=0.20 pips
2026-05-05 07:35:58 INFO mt5_bot - Signal=NONE reason=no_closed_bar_crossover price=None trend=None rsi=73.0 atr_pips=6.1 adx=31.5
2026-05-05 07:35:58 INFO mt5_bot - ADX boost: adx=31.5 \u2192 risk_pct=1.50%
2026-05-05 07:35:58 INFO mt5_bot - Execution status=skipped reason=no_closed_bar_crossover
2026-05-05 07:36:14 INFO mt5_bot - Balance=102029.96 Equity=102029.96 Spread=0.20 pips
2026-05-05 07:36:14 INFO mt5_bot - Signal=NONE reason=no_closed_bar_crossover price=None trend=None rsi=73.0 atr_pips=6.1 adx=31.5
2026-05-05 07:36:14 INFO mt5_bot - ADX boost: adx=31.5 \u2192 risk_pct=1.50%
2026-05-05 07:36:14 INFO mt5_bot - Execution status=skipped reason=no_closed_bar_crossover
2026-05-05 07:36:29 INFO mt5_bot - Balance=102029.96 Equity=102029.96 Spread=0.40 pips
2026-05-05 07:36:29 INFO mt5_bot - Signal=NONE reason=no_closed_bar_crossover price=None trend=None rsi=73.0 atr_pips=6.1 adx=31.5
2026-05-05 07:36:29 INFO mt5_bot - ADX boost: adx=31.5 \u2192 risk_pct=1.50%
2026-05-05 07:36:29 INFO mt5_bot - Execution status=skipped reason=no_closed_bar_crossover
2026-05-05 07:36:44 INFO mt5_bot - Balance=102029.96 Equity=102029.96 Spread=0.40 pips
2026-05-05 07:36:44 INFO mt5_bot - Signal=NONE reason=no_closed_bar_crossover price=None trend=None rsi=73.0 atr_pips=6.1 adx=31.5
2026-05-05 07:36:44 INFO mt5_bot - ADX boost: adx=31.5 \u2192 risk_pct=1.50%
2026-05-05 07:36:44 INFO mt5_bot - Execution status=skipped reason=no_closed_bar_crossover
2026-05-05 07:36:59 INFO mt5_bot - Balance=102029.96 Equity=102029.96 Spread=0.40 pips
2026-05-05 07:36:59 INFO mt5_bot - Signal=NONE reason=no_closed_bar_crossover price=None trend=None rsi=73.0 atr_pips=6.1 adx=31.5
2026-05-05 07:36:59 INFO mt5_bot - ADX boost: adx=31.5 \u2192 risk_pct=1.50%
2026-05-05 07:36:59 INFO mt5_bot - Execution status=skipped reason=no_closed_bar_crossover
2026-05-05 07:37:14 INFO mt5_bot - Balance=102029.96 Equity=102029.96 Spread=0.40 pips
2026-05-05 07:37:14 INFO mt5_bot - Signal=NONE reason=no_closed_bar_crossover price=None trend=None rsi=73.0 atr_pips=6.1 adx=31.5
2026-05-05 07:37:14 INFO mt5_bot - ADX boost: adx=31.5 \u2192 risk_pct=1.50%
2026-05-05 07:37:14 INFO mt5_bot - Execution status=skipped reason=no_closed_bar_crossover
2026-05-05 07:37:29 INFO mt5_bot - Balance=102029.96 Equity=102029.96 Spread=0.40 pips
2026-05-05 07:37:29 INFO mt5_bot - Signal=NONE reason=no_closed_bar_crossover price=None trend=None rsi=73.0 atr_pips=6.1 adx=31.5
2026-05-05 07:37:29 INFO mt5_bot - ADX boost: adx=31.5 \u2192 risk_pct=1.50%
2026-05-05 07:37:29 INFO mt5_bot - Execution status=skipped reason=no_closed_bar_crossover
2026-05-05 07:37:44 INFO mt5_bot - Balance=102029.96 Equity=102029.96 Spread=0.20 pips
2026-05-05 07:37:44 INFO mt5_bot - Signal=NONE reason=no_closed_bar_crossover price=None trend=None rsi=73.0 atr_pips=6.1 adx=31.5
2026-05-05 07:37:44 INFO mt5_bot - ADX boost: adx=31.5 \u2192 risk_pct=1.50%
2026-05-05 07:37:44 INFO mt5_bot - Execution status=skipped reason=no_closed_bar_crossover
2026-05-05 07:37:59 INFO mt5_bot - Balance=102029.96 Equity=102029.96 Spread=0.20 pips
2026-05-05 07:37:59 INFO mt5_bot - Signal=NONE reason=no_closed_bar_crossover price=None trend=None rsi=73.0 atr_pips=6.1 adx=31.5
2026-05-05 07:37:59 INFO mt5_bot - ADX boost: adx=31.5 \u2192 risk_pct=1.50%
2026-05-05 07:37:59 INFO mt5_bot - Execution status=skipped reason=no_closed_bar_crossover
2026-05-05 07:38:14 INFO mt5_bot - Balance=102029.96 Equity=102029.96 Spread=0.40 pips
2026-05-05 07:38:14 INFO mt5_bot - Signal=NONE reason=no_closed_bar_crossover price=None trend=None rsi=73.0 atr_pips=6.1 adx=31.5
2026-05-05 07:38:14 INFO mt5_bot - ADX boost: adx=31.5 \u2192 risk_pct=1.50%
2026-05-05 07:38:14 INFO mt5_bot - Execution status=skipped reason=no_closed_bar_crossover
2026-05-05 07:38:29 INFO mt5_bot - Balance=102029.96 Equity=102029.96 Spread=0.20 pips
2026-05-05 07:38:29 INFO mt5_bot - Signal=NONE reason=no_closed_bar_crossover price=None trend=None rsi=73.0 atr_pips=6.1 adx=31.5
2026-05-05 07:38:29 INFO mt5_bot - ADX boost: adx=31.5 \u2192 risk_pct=1.50%
2026-05-05 07:38:29 INFO mt5_bot - Execution status=skipped reason=no_closed_bar_crossover
2026-05-05 07:38:44 INFO mt5_bot - Balance=102029.96 Equity=102029.96 Spread=0.20 pips
2026-05-05 07:38:44 INFO mt5_bot - Signal=NONE reason=no_closed_bar_crossover price=None trend=None rsi=73.0 atr_pips=6.1 adx=31.5
2026-05-05 07:38:44 INFO mt5_bot - ADX boost: adx=31.5 \u2192 risk_pct=1.50%
2026-05-05 07:38:44 INFO mt5_bot - Execution status=skipped reason=no_closed_bar_crossover
2026-05-05 07:38:59 INFO mt5_bot - Balance=102029.96 Equity=102029.96 Spread=0.40 pips
2026-05-05 07:38:59 INFO mt5_bot - Signal=NONE reason=no_closed_bar_crossover price=None trend=None rsi=73.0 atr_pips=6.1 adx=31.5
2026-05-05 07:38:59 INFO mt5_bot - ADX boost: adx=31.5 \u2192 risk_pct=1.50%
2026-05-05 07:38:59 INFO mt5_bot - Execution status=skipped reason=no_closed_bar_crossover
2026-05-05 07:39:14 INFO mt5_bot - Balance=102029.96 Equity=102029.96 Spread=0.20 pips
2026-05-05 07:39:14 INFO mt5_bot - Signal=NONE reason=no_closed_bar_crossover price=None trend=None rsi=73.0 atr_pips=6.1 adx=31.5
2026-05-05 07:39:14 INFO mt5_bot - ADX boost: adx=31.5 \u2192 risk_pct=1.50%
2026-05-05 07:39:14 INFO mt5_bot - Execution status=skipped reason=no_closed_bar_crossover
2026-05-05 07:39:29 INFO mt5_bot - Balance=102029.96 Equity=102029.96 Spread=0.40 pips
2026-05-05 07:39:29 INFO mt5_bot - Signal=NONE reason=no_closed_bar_crossover price=None trend=None rsi=73.0 atr_pips=6.1 adx=31.5
2026-05-05 07:39:29 INFO mt5_bot - ADX boost: adx=31.5 \u2192 risk_pct=1.50%
2026-05-05 07:39:29 INFO mt5_bot - Execution status=skipped reason=no_closed_bar_crossover
2026-05-05 07:39:44 INFO mt5_bot - Balance=102029.96 Equity=102029.96 Spread=0.20 pips
2026-05-05 07:39:44 INFO mt5_bot - Signal=NONE reason=no_closed_bar_crossover price=None trend=None rsi=73.0 atr_pips=6.1 adx=31.5
2026-05-05 07:39:44 INFO mt5_bot - ADX boost: adx=31.5 \u2192 risk_pct=1.50%
2026-05-05 07:39:44 INFO mt5_bot - Execution status=skipped reason=no_closed_bar_crossover
2026-05-05 07:39:59 INFO mt5_bot - Balance=102029.96 Equity=102029.96 Spread=0.20 pips
2026-05-05 07:39:59 INFO mt5_bot - Signal=NONE reason=no_closed_bar_crossover price=None trend=None rsi=73.0 atr_pips=6.1 adx=31.5
2026-05-05 07:39:59 INFO mt5_bot - ADX boost: adx=31.5 \u2192 risk_pct=1.50%
2026-05-05 07:39:59 INFO mt5_bot - Execution status=skipped reason=no_closed_bar_crossover
2026-05-05 07:40:14 INFO mt5_bot - Balance=102029.96 Equity=102029.96 Spread=0.40 pips
2026-05-05 07:40:14 INFO mt5_bot - Signal=NONE reason=no_closed_bar_crossover price=None trend=None rsi=73.0 atr_pips=6.1 adx=31.5
2026-05-05 07:40:14 INFO mt5_bot - ADX boost: adx=31.5 \u2192 risk_pct=1.50%
2026-05-05 07:40:14 INFO mt5_bot - Execution status=skipped reason=no_closed_bar_crossover
2026-05-05 07:40:29 INFO mt5_bot - Balance=102029.96 Equity=102029.96 Spread=0.40 pips
2026-05-05 07:40:29 INFO mt5_bot - Signal=NONE reason=no_closed_bar_crossover price=None trend=None rsi=73.0 atr_pips=6.1 adx=31.5
2026-05-05 07:40:29 INFO mt5_bot - ADX boost: adx=31.5 \u2192 risk_pct=1.50%
2026-05-05 07:40:29 INFO mt5_bot - Execution status=skipped reason=no_closed_bar_crossover
2026-05-05 07:40:44 INFO mt5_bot - Balance=102029.96 Equity=102029.96 Spread=0.40 pips
2026-05-05 07:40:44 INFO mt5_bot - Signal=NONE reason=no_closed_bar_crossover price=None trend=None rsi=73.0 atr_pips=6.1 adx=31.5
2026-05-05 07:40:44 INFO mt5_bot - ADX boost: adx=31.5 \u2192 risk_pct=1.50%
2026-05-05 07:40:44 INFO mt5_bot - Execution status=skipped reason=no_closed_bar_crossover
2026-05-05 07:40:59 INFO mt5_bot - Balance=102029.96 Equity=102029.96 Spread=0.20 pips
2026-05-05 07:40:59 INFO mt5_bot - Signal=NONE reason=no_closed_bar_crossover price=None trend=None rsi=73.0 atr_pips=6.1 adx=31.5
2026-05-05 07:40:59 INFO mt5_bot - ADX boost: adx=31.5 \u2192 risk_pct=1.50%
2026-05-05 07:40:59 INFO mt5_bot - Execution status=skipped reason=no_closed_bar_crossover
2026-05-05 07:41:14 INFO mt5_bot - Balance=102029.96 Equity=102029.96 Spread=0.40 pips
2026-05-05 07:41:14 INFO mt5_bot - Signal=NONE reason=no_closed_bar_crossover price=None trend=None rsi=73.0 atr_pips=6.1 adx=31.5
2026-05-05 07:41:14 INFO mt5_bot - ADX boost: adx=31.5 \u2192 risk_pct=1.50%
2026-05-05 07:41:14 INFO mt5_bot - Execution status=skipped reason=no_closed_bar_crossover
2026-05-05 07:41:29 INFO mt5_bot - Balance=102029.96 Equity=102029.96 Spread=0.40 pips
2026-05-05 07:41:29 INFO mt5_bot - Signal=NONE reason=no_closed_bar_crossover price=None trend=None rsi=73.0 atr_pips=6.1 adx=31.5
2026-05-05 07:41:29 INFO mt5_bot - ADX boost: adx=31.5 \u2192 risk_pct=1.50%
2026-05-05 07:41:29 INFO mt5_bot - Execution status=skipped reason=no_closed_bar_crossover
2026-05-05 07:41:44 INFO mt5_bot - Balance=102029.96 Equity=102029.96 Spread=0.40 pips
2026-05-05 07:41:44 INFO mt5_bot - Signal=NONE reason=no_closed_bar_crossover price=None trend=None rsi=73.0 atr_pips=6.1 adx=31.5
2026-05-05 07:41:44 INFO mt5_bot - ADX boost: adx=31.5 \u2192 risk_pct=1.50%
2026-05-05 07:41:44 INFO mt5_bot - Execution status=skipped reason=no_closed_bar_crossover
2026-05-05 07:41:59 INFO mt5_bot - Balance=102029.96 Equity=102029.96 Spread=0.20 pips
2026-05-05 07:41:59 INFO mt5_bot - Signal=NONE reason=no_closed_bar_crossover price=None trend=None rsi=73.0 atr_pips=6.1 adx=31.5
2026-05-05 07:41:59 INFO mt5_bot - ADX boost: adx=31.5 \u2192 risk_pct=1.50%
2026-05-05 07:41:59 INFO mt5_bot - Execution status=skipped reason=no_closed_bar_crossover
2026-05-05 07:42:14 INFO mt5_bot - Balance=102029.96 Equity=102029.96 Spread=0.20 pips
2026-05-05 07:42:14 INFO mt5_bot - Signal=NONE reason=no_closed_bar_crossover price=None trend=None rsi=73.0 atr_pips=6.1 adx=31.5
2026-05-05 07:42:14 INFO mt5_bot - ADX boost: adx=31.5 \u2192 risk_pct=1.50%
2026-05-05 07:42:14 INFO mt5_bot - Execution status=skipped reason=no_closed_bar_crossover
2026-05-05 07:42:29 INFO mt5_bot - Balance=102029.96 Equity=102029.96 Spread=0.40 pips
2026-05-05 07:42:29 INFO mt5_bot - Signal=NONE reason=no_closed_bar_crossover price=None trend=None rsi=73.0 atr_pips=6.1 adx=31.5
2026-05-05 07:42:29 INFO mt5_bot - ADX boost: adx=31.5 \u2192 risk_pct=1.50%
2026-05-05 07:42:29 INFO mt5_bot - Execution status=skipped reason=no_closed_bar_crossover
2026-05-05 07:42:44 INFO mt5_bot - Balance=102029.96 Equity=102029.96 Spread=0.40 pips
2026-05-05 07:42:44 INFO mt5_bot - Signal=NONE reason=no_closed_bar_crossover price=None trend=None rsi=73.0 atr_pips=6.1 adx=31.5
2026-05-05 07:42:44 INFO mt5_bot - ADX boost: adx=31.5 \u2192 risk_pct=1.50%
2026-05-05 07:42:44 INFO mt5_bot - Execution status=skipped reason=no_closed_bar_crossover
2026-05-05 07:42:59 INFO mt5_bot - Balance=102029.96 Equity=102029.96 Spread=0.40 pips
2026-05-05 07:42:59 INFO mt5_bot - Signal=NONE reason=no_closed_bar_crossover price=None trend=None rsi=73.0 atr_pips=6.1 adx=31.5
2026-05-05 07:42:59 INFO mt5_bot - ADX boost: adx=31.5 \u2192 risk_pct=1.50%
2026-05-05 07:42:59 INFO mt5_bot - Execution status=skipped reason=no_closed_bar_crossover
2026-05-05 07:43:14 INFO mt5_bot - Balance=102029.96 Equity=102029.96 Spread=0.20 pips
2026-05-05 07:43:14 INFO mt5_bot - Signal=NONE reason=no_closed_bar_crossover price=None trend=None rsi=73.0 atr_pips=6.1 adx=31.5
2026-05-05 07:43:14 INFO mt5_bot - ADX boost: adx=31.5 \u2192 risk_pct=1.50%
2026-05-05 07:43:14 INFO mt5_bot - Execution status=skipped reason=no_closed_bar_crossover
2026-05-05 07:43:29 INFO mt5_bot - Balance=102029.96 Equity=102029.96 Spread=0.20 pips
2026-05-05 07:43:29 INFO mt5_bot - Signal=NONE reason=no_closed_bar_crossover price=None trend=None rsi=73.0 atr_pips=6.1 adx=31.5
2026-05-05 07:43:29 INFO mt5_bot - ADX boost: adx=31.5 \u2192 risk_pct=1.50%
2026-05-05 07:43:29 INFO mt5_bot - Execution status=skipped reason=no_closed_bar_crossover
2026-05-05 07:43:44 INFO mt5_bot - Balance=102029.96 Equity=102029.96 Spread=0.20 pips
2026-05-05 07:43:44 INFO mt5_bot - Signal=NONE reason=no_closed_bar_crossover price=None trend=None rsi=73.0 atr_pips=6.1 adx=31.5
2026-05-05 07:43:44 INFO mt5_bot - ADX boost: adx=31.5 \u2192 risk_pct=1.50%
2026-05-05 07:43:44 INFO mt5_bot - Execution status=skipped reason=no_closed_bar_crossover
2026-05-05 07:43:59 INFO mt5_bot - Balance=102029.96 Equity=102029.96 Spread=0.40 pips
2026-05-05 07:43:59 INFO mt5_bot - Signal=NONE reason=no_closed_bar_crossover price=None trend=None rsi=73.0 atr_pips=6.1 adx=31.5
2026-05-05 07:43:59 INFO mt5_bot - ADX boost: adx=31.5 \u2192 risk_pct=1.50%
2026-05-05 07:43:59 INFO mt5_bot - Execution status=skipped reason=no_closed_bar_crossover
2026-05-05 07:44:14 INFO mt5_bot - Balance=102029.96 Equity=102029.96 Spread=0.20 pips
2026-05-05 07:44:14 INFO mt5_bot - Signal=NONE reason=no_closed_bar_crossover price=None trend=None rsi=73.0 atr_pips=6.1 adx=31.5
2026-05-05 07:44:14 INFO mt5_bot - ADX boost: adx=31.5 \u2192 risk_pct=1.50%
2026-05-05 07:44:14 INFO mt5_bot - Execution status=skipped reason=no_closed_bar_crossover
2026-05-05 07:44:29 INFO mt5_bot - Balance=102029.96 Equity=102029.96 Spread=0.40 pips
2026-05-05 07:44:29 INFO mt5_bot - Signal=NONE reason=no_closed_bar_crossover price=None trend=None rsi=73.0 atr_pips=6.1 adx=31.5
2026-05-05 07:44:29 INFO mt5_bot - ADX boost: adx=31.5 \u2192 risk_pct=1.50%
2026-05-05 07:44:29 INFO mt5_bot - Execution status=skipped reason=no_closed_bar_crossover
2026-05-05 07:44:44 INFO mt5_bot - Balance=102029.96 Equity=102029.96 Spread=0.20 pips
2026-05-05 07:44:44 INFO mt5_bot - Signal=NONE reason=no_closed_bar_crossover price=None trend=None rsi=73.0 atr_pips=6.1 adx=31.5
2026-05-05 07:44:44 INFO mt5_bot - ADX boost: adx=31.5 \u2192 risk_pct=1.50%
2026-05-05 07:44:44 INFO mt5_bot - Execution status=skipped reason=no_closed_bar_crossover
2026-05-05 07:44:59 INFO mt5_bot - Balance=102029.96 Equity=102029.96 Spread=0.20 pips
2026-05-05 07:44:59 INFO mt5_bot - Signal=NONE reason=no_closed_bar_crossover price=None trend=None rsi=73.0 atr_pips=6.1 adx=31.5
2026-05-05 07:44:59 INFO mt5_bot - ADX boost: adx=31.5 \u2192 risk_pct=1.50%
2026-05-05 07:44:59 INFO mt5_bot - Execution status=skipped reason=no_closed_bar_crossover
2026-05-05 07:45:14 INFO mt5_bot - Balance=102029.96 Equity=102029.96 Spread=0.40 pips
2026-05-05 07:45:14 INFO mt5_bot - Signal=NONE reason=no_closed_bar_crossover price=None trend=None rsi=59.7 atr_pips=6.3 adx=32.1
2026-05-05 07:45:14 INFO mt5_bot - ADX boost: adx=32.1 \u2192 risk_pct=1.50%
2026-05-05 07:45:14 INFO mt5_bot - Execution status=skipped reason=no_closed_bar_crossover
2026-05-05 07:45:29 INFO mt5_bot - Balance=102029.96 Equity=102029.96 Spread=0.40 pips
2026-05-05 07:45:29 INFO mt5_bot - Signal=NONE reason=no_closed_bar_crossover price=None trend=None rsi=59.7 atr_pips=6.3 adx=32.1
2026-05-05 07:45:29 INFO mt5_bot - ADX boost: adx=32.1 \u2192 risk_pct=1.50%
2026-05-05 07:45:29 INFO mt5_bot - Execution status=skipped reason=no_closed_bar_crossover
2026-05-05 07:45:44 INFO mt5_bot - Balance=102029.96 Equity=102029.96 Spread=0.40 pips
2026-05-05 07:45:44 INFO mt5_bot - Signal=NONE reason=no_closed_bar_crossover price=None trend=None rsi=59.7 atr_pips=6.3 adx=32.1
2026-05-05 07:45:44 INFO mt5_bot - ADX boost: adx=32.1 \u2192 risk_pct=1.50%
2026-05-05 07:45:44 INFO mt5_bot - Execution status=skipped reason=no_closed_bar_crossover
2026-05-05 07:45:59 INFO mt5_bot - Balance=102029.96 Equity=102029.96 Spread=0.40 pips
2026-05-05 07:45:59 INFO mt5_bot - Signal=NONE reason=no_closed_bar_crossover price=None trend=None rsi=59.7 atr_pips=6.3 adx=32.1
2026-05-05 07:45:59 INFO mt5_bot - ADX boost: adx=32.1 \u2192 risk_pct=1.50%
2026-05-05 07:45:59 INFO mt5_bot - Execution status=skipped reason=no_closed_bar_crossover
2026-05-05 07:46:14 INFO mt5_bot - Balance=102029.96 Equity=102029.96 Spread=0.20 pips
2026-05-05 07:46:14 INFO mt5_bot - Signal=NONE reason=no_closed_bar_crossover price=None trend=None rsi=59.7 atr_pips=6.3 adx=32.1
2026-05-05 07:46:14 INFO mt5_bot - ADX boost: adx=32.1 \u2192 risk_pct=1.50%
2026-05-05 07:46:14 INFO mt5_bot - Execution status=skipped reason=no_closed_bar_crossover
2026-05-05 07:46:29 INFO mt5_bot - Balance=102029.96 Equity=102029.96 Spread=0.20 pips
2026-05-05 07:46:29 INFO mt5_bot - Signal=NONE reason=no_closed_bar_crossover price=None trend=None rsi=59.7 atr_pips=6.3 adx=32.1
2026-05-05 07:46:29 INFO mt5_bot - ADX boost: adx=32.1 \u2192 risk_pct=1.50%
2026-05-05 07:46:29 INFO mt5_bot - Execution status=skipped reason=no_closed_bar_crossover
2026-05-05 07:46:44 INFO mt5_bot - Balance=102029.96 Equity=102029.96 Spread=0.20 pips
2026-05-05 07:46:44 INFO mt5_bot - Signal=NONE reason=no_closed_bar_crossover price=None trend=None rsi=59.7 atr_pips=6.3 adx=32.1
2026-05-05 07:46:44 INFO mt5_bot - ADX boost: adx=32.1 \u2192 risk_pct=1.50%
2026-05-05 07:46:44 INFO mt5_bot - Execution status=skipped reason=no_closed_bar_crossover
2026-05-05 07:46:59 INFO mt5_bot - Balance=102029.96 Equity=102029.96 Spread=0.20 pips
2026-05-05 07:46:59 INFO mt5_bot - Signal=NONE reason=no_closed_bar_crossover price=None trend=None rsi=59.7 atr_pips=6.3 adx=32.1
2026-05-05 07:46:59 INFO mt5_bot - ADX boost: adx=32.1 \u2192 risk_pct=1.50%
2026-05-05 07:46:59 INFO mt5_bot - Execution status=skipped reason=no_closed_bar_crossover
2026-05-05 07:47:14 INFO mt5_bot - Balance=102029.96 Equity=102029.96 Spread=0.40 pips
2026-05-05 07:47:14 INFO mt5_bot - Signal=NONE reason=no_closed_bar_crossover price=None trend=None rsi=59.7 atr_pips=6.3 adx=32.1
2026-05-05 07:47:14 INFO mt5_bot - ADX boost: adx=32.1 \u2192 risk_pct=1.50%
2026-05-05 07:47:14 INFO mt5_bot - Execution status=skipped reason=no_closed_bar_crossover
2026-05-05 07:47:29 INFO mt5_bot - Balance=102029.96 Equity=102029.96 Spread=0.20 pips
2026-05-05 07:47:29 INFO mt5_bot - Signal=NONE reason=no_closed_bar_crossover price=None trend=None rsi=59.7 atr_pips=6.3 adx=32.1
2026-05-05 07:47:29 INFO mt5_bot - ADX boost: adx=32.1 \u2192 risk_pct=1.50%
2026-05-05 07:47:29 INFO mt5_bot - Execution status=skipped reason=no_closed_bar_crossover
2026-05-05 07:47:44 INFO mt5_bot - Balance=102029.96 Equity=102029.96 Spread=0.20 pips
2026-05-05 07:47:44 INFO mt5_bot - Signal=NONE reason=no_closed_bar_crossover price=None trend=None rsi=59.7 atr_pips=6.3 adx=32.1
2026-05-05 07:47:44 INFO mt5_bot - ADX boost: adx=32.1 \u2192 risk_pct=1.50%
2026-05-05 07:47:44 INFO mt5_bot - Execution status=skipped reason=no_closed_bar_crossover
2026-05-05 07:47:59 INFO mt5_bot - Balance=102029.96 Equity=102029.96 Spread=0.40 pips
2026-05-05 07:47:59 INFO mt5_bot - Signal=NONE reason=no_closed_bar_crossover price=None trend=None rsi=59.7 atr_pips=6.3 adx=32.1
2026-05-05 07:47:59 INFO mt5_bot - ADX boost: adx=32.1 \u2192 risk_pct=1.50%
2026-05-05 07:47:59 INFO mt5_bot - Execution status=skipped reason=no_closed_bar_crossover
2026-05-05 07:48:14 INFO mt5_bot - Balance=102029.96 Equity=102029.96 Spread=0.20 pips
2026-05-05 07:48:14 INFO mt5_bot - Signal=NONE reason=no_closed_bar_crossover price=None trend=None rsi=59.7 atr_pips=6.3 adx=32.1
2026-05-05 07:48:14 INFO mt5_bot - ADX boost: adx=32.1 \u2192 risk_pct=1.50%
2026-05-05 07:48:14 INFO mt5_bot - Execution status=skipped reason=no_closed_bar_crossover
2026-05-05 07:48:29 INFO mt5_bot - Balance=102029.96 Equity=102029.96 Spread=0.40 pips
2026-05-05 07:48:29 INFO mt5_bot - Signal=NONE reason=no_closed_bar_crossover price=None trend=None rsi=59.7 atr_pips=6.3 adx=32.1
2026-05-05 07:48:29 INFO mt5_bot - ADX boost: adx=32.1 \u2192 risk_pct=1.50%
2026-05-05 07:48:29 INFO mt5_bot - Execution status=skipped reason=no_closed_bar_crossover
2026-05-05 07:48:44 INFO mt5_bot - Balance=102029.96 Equity=102029.96 Spread=0.40 pips
2026-05-05 07:48:44 INFO mt5_bot - Signal=NONE reason=no_closed_bar_crossover price=None trend=None rsi=59.7 atr_pips=6.3 adx=32.1
2026-05-05 07:48:44 INFO mt5_bot - ADX boost: adx=32.1 \u2192 risk_pct=1.50%
2026-05-05 07:48:44 INFO mt5_bot - Execution status=skipped reason=no_closed_bar_crossover
2026-05-05 07:48:59 INFO mt5_bot - Balance=102029.96 Equity=102029.96 Spread=0.20 pips
2026-05-05 07:48:59 INFO mt5_bot - Signal=NONE reason=no_closed_bar_crossover price=None trend=None rsi=59.7 atr_pips=6.3 adx=32.1
2026-05-05 07:48:59 INFO mt5_bot - ADX boost: adx=32.1 \u2192 risk_pct=1.50%
2026-05-05 07:48:59 INFO mt5_bot - Execution status=skipped reason=no_closed_bar_crossover
2026-05-05 07:49:14 INFO mt5_bot - Balance=102029.96 Equity=102029.96 Spread=0.20 pips
2026-05-05 07:49:14 INFO mt5_bot - Signal=NONE reason=no_closed_bar_crossover price=None trend=None rsi=59.7 atr_pips=6.3 adx=32.1
2026-05-05 07:49:14 INFO mt5_bot - ADX boost: adx=32.1 \u2192 risk_pct=1.50%
2026-05-05 07:49:14 INFO mt5_bot - Execution status=skipped reason=no_closed_bar_crossover
2026-05-05 07:49:29 INFO mt5_bot - Balance=102029.96 Equity=102029.96 Spread=0.40 pips
2026-05-05 07:49:29 INFO mt5_bot - Signal=NONE reason=no_closed_bar_crossover price=None trend=None rsi=59.7 atr_pips=6.3 adx=32.1
2026-05-05 07:49:29 INFO mt5_bot - ADX boost: adx=32.1 \u2192 risk_pct=1.50%
2026-05-05 07:49:29 INFO mt5_bot - Execution status=skipped reason=no_closed_bar_crossover
2026-05-05 07:49:44 INFO mt5_bot - Balance=102029.96 Equity=102029.96 Spread=0.40 pips
2026-05-05 07:49:44 INFO mt5_bot - Signal=NONE reason=no_closed_bar_crossover price=None trend=None rsi=59.7 atr_pips=6.3 adx=32.1
2026-05-05 07:49:44 INFO mt5_bot - ADX boost: adx=32.1 \u2192 risk_pct=1.50%
2026-05-05 07:49:44 INFO mt5_bot - Execution status=skipped reason=no_closed_bar_crossover
2026-05-05 07:49:59 INFO mt5_bot - Balance=102029.96 Equity=102029.96 Spread=0.20 pips
2026-05-05 07:49:59 INFO mt5_bot - Signal=NONE reason=no_closed_bar_crossover price=None trend=None rsi=59.7 atr_pips=6.3 adx=32.1
2026-05-05 07:49:59 INFO mt5_bot - ADX boost: adx=32.1 \u2192 risk_pct=1.50%
2026-05-05 07:49:59 INFO mt5_bot - Execution status=skipped reason=no_closed_bar_crossover
2026-05-05 07:50:14 INFO mt5_bot - Balance=102029.96 Equity=102029.96 Spread=0.20 pips
2026-05-05 07:50:14 INFO mt5_bot - Signal=NONE reason=no_closed_bar_crossover price=None trend=None rsi=59.7 atr_pips=6.3 adx=32.1
2026-05-05 07:50:14 INFO mt5_bot - ADX boost: adx=32.1 \u2192 risk_pct=1.50%
2026-05-05 07:50:14 INFO mt5_bot - Execution status=skipped reason=no_closed_bar_crossover
2026-05-05 07:50:29 INFO mt5_bot - Balance=102029.96 Equity=102029.96 Spread=0.40 pips
2026-05-05 07:50:29 INFO mt5_bot - Signal=NONE reason=no_closed_bar_crossover price=None trend=None rsi=59.7 atr_pips=6.3 adx=32.1
2026-05-05 07:50:29 INFO mt5_bot - ADX boost: adx=32.1 \u2192 risk_pct=1.50%
2026-05-05 07:50:29 INFO mt5_bot - Execution status=skipped reason=no_closed_bar_crossover
2026-05-05 07:50:44 INFO mt5_bot - Balance=102029.96 Equity=102029.96 Spread=0.20 pips
2026-05-05 07:50:44 INFO mt5_bot - Signal=NONE reason=no_closed_bar_crossover price=None trend=None rsi=59.7 atr_pips=6.3 adx=32.1
2026-05-05 07:50:44 INFO mt5_bot - ADX boost: adx=32.1 \u2192 risk_pct=1.50%
2026-05-05 07:50:44 INFO mt5_bot - Execution status=skipped reason=no_closed_bar_crossover
2026-05-05 07:50:59 INFO mt5_bot - Balance=102029.96 Equity=102029.96 Spread=0.40 pips
2026-05-05 07:50:59 INFO mt5_bot - Signal=NONE reason=no_closed_bar_crossover price=None trend=None rsi=59.7 atr_pips=6.3 adx=32.1
2026-05-05 07:50:59 INFO mt5_bot - ADX boost: adx=32.1 \u2192 risk_pct=1.50%
2026-05-05 07:50:59 INFO mt5_bot - Execution status=skipped reason=no_closed_bar_crossover
2026-05-05 07:51:14 INFO mt5_bot - Balance=102029.96 Equity=102029.96 Spread=0.40 pips
2026-05-05 07:51:15 INFO mt5_bot - Signal=NONE reason=no_closed_bar_crossover price=None trend=None rsi=59.7 atr_pips=6.3 adx=32.1
2026-05-05 07:51:15 INFO mt5_bot - ADX boost: adx=32.1 \u2192 risk_pct=1.50%
2026-05-05 07:51:15 INFO mt5_bot - Execution status=skipped reason=no_closed_bar_crossover
2026-05-05 07:51:30 INFO mt5_bot - Balance=102029.96 Equity=102029.96 Spread=0.40 pips
2026-05-05 07:51:30 INFO mt5_bot - Signal=NONE reason=no_closed_bar_crossover price=None trend=None rsi=59.7 atr_pips=6.3 adx=32.1
2026-05-05 07:51:30 INFO mt5_bot - ADX boost: adx=32.1 \u2192 risk_pct=1.50%
2026-05-05 07:51:30 INFO mt5_bot - Execution status=skipped reason=no_closed_bar_crossover
2026-05-05 07:51:45 INFO mt5_bot - Balance=102029.96 Equity=102029.96 Spread=0.20 pips
2026-05-05 07:51:45 INFO mt5_bot - Signal=NONE reason=no_closed_bar_crossover price=None trend=None rsi=59.7 atr_pips=6.3 adx=32.1
2026-05-05 07:51:45 INFO mt5_bot - ADX boost: adx=32.1 \u2192 risk_pct=1.50%
2026-05-05 07:51:45 INFO mt5_bot - Execution status=skipped reason=no_closed_bar_crossover
2026-05-05 07:52:00 INFO mt5_bot - Balance=102029.96 Equity=102029.96 Spread=0.20 pips
2026-05-05 07:52:00 INFO mt5_bot - Signal=NONE reason=no_closed_bar_crossover price=None trend=None rsi=59.7 atr_pips=6.3 adx=32.1
2026-05-05 07:52:00 INFO mt5_bot - ADX boost: adx=32.1 \u2192 risk_pct=1.50%
2026-05-05 07:52:00 INFO mt5_bot - Execution status=skipped reason=no_closed_bar_crossover
2026-05-05 07:52:15 INFO mt5_bot - Balance=102029.96 Equity=102029.96 Spread=0.20 pips
2026-05-05 07:52:15 INFO mt5_bot - Signal=NONE reason=no_closed_bar_crossover price=None trend=None rsi=59.7 atr_pips=6.3 adx=32.1
2026-05-05 07:52:15 INFO mt5_bot - ADX boost: adx=32.1 \u2192 risk_pct=1.50%
2026-05-05 07:52:15 INFO mt5_bot - Execution status=skipped reason=no_closed_bar_crossover
2026-05-05 07:52:30 INFO mt5_bot - Balance=102029.96 Equity=102029.96 Spread=0.40 pips
2026-05-05 07:52:30 INFO mt5_bot - Signal=NONE reason=no_closed_bar_crossover price=None trend=None rsi=59.7 atr_pips=6.3 adx=32.1
2026-05-05 07:52:30 INFO mt5_bot - ADX boost: adx=32.1 \u2192 risk_pct=1.50%
2026-05-05 07:52:30 INFO mt5_bot - Execution status=skipped reason=no_closed_bar_crossover
2026-05-05 07:52:45 INFO mt5_bot - Balance=102029.96 Equity=102029.96 Spread=0.40 pips
2026-05-05 07:52:45 INFO mt5_bot - Signal=NONE reason=no_closed_bar_crossover price=None trend=None rsi=59.7 atr_pips=6.3 adx=32.1
2026-05-05 07:52:45 INFO mt5_bot - ADX boost: adx=32.1 \u2192 risk_pct=1.50%
2026-05-05 07:52:45 INFO mt5_bot - Execution status=skipped reason=no_closed_bar_crossover
2026-05-05 07:53:00 INFO mt5_bot - Balance=102029.96 Equity=102029.96 Spread=0.40 pips
2026-05-05 07:53:00 INFO mt5_bot - Signal=NONE reason=no_closed_bar_crossover price=None trend=None rsi=59.7 atr_pips=6.3 adx=32.1
2026-05-05 07:53:00 INFO mt5_bot - ADX boost: adx=32.1 \u2192 risk_pct=1.50%
2026-05-05 07:53:00 INFO mt5_bot - Execution status=skipped reason=no_closed_bar_crossover
2026-05-05 07:53:15 INFO mt5_bot - Balance=102029.96 Equity=102029.96 Spread=0.40 pips
2026-05-05 07:53:15 INFO mt5_bot - Signal=NONE reason=no_closed_bar_crossover price=None trend=None rsi=59.7 atr_pips=6.3 adx=32.1
2026-05-05 07:53:15 INFO mt5_bot - ADX boost: adx=32.1 \u2192 risk_pct=1.50%
2026-05-05 07:53:15 INFO mt5_bot - Execution status=skipped reason=no_closed_bar_crossover
2026-05-05 07:53:30 INFO mt5_bot - Balance=102029.96 Equity=102029.96 Spread=0.40 pips
2026-05-05 07:53:30 INFO mt5_bot - Signal=NONE reason=no_closed_bar_crossover price=None trend=None rsi=59.7 atr_pips=6.3 adx=32.1
2026-05-05 07:53:30 INFO mt5_bot - ADX boost: adx=32.1 \u2192 risk_pct=1.50%
2026-05-05 07:53:30 INFO mt5_bot - Execution status=skipped reason=no_closed_bar_crossover
2026-05-05 07:53:45 INFO mt5_bot - Balance=102029.96 Equity=102029.96 Spread=0.20 pips
2026-05-05 07:53:45 INFO mt5_bot - Signal=NONE reason=no_closed_bar_crossover price=None trend=None rsi=59.7 atr_pips=6.3 adx=32.1
2026-05-05 07:53:45 INFO mt5_bot - ADX boost: adx=32.1 \u2192 risk_pct=1.50%
2026-05-05 07:53:45 INFO mt5_bot - Execution status=skipped reason=no_closed_bar_crossover
2026-05-05 07:54:00 INFO mt5_bot - Balance=102029.96 Equity=102029.96 Spread=0.20 pips
2026-05-05 07:54:00 INFO mt5_bot - Signal=NONE reason=no_closed_bar_crossover price=None trend=None rsi=59.7 atr_pips=6.3 adx=32.1
2026-05-05 07:54:00 INFO mt5_bot - ADX boost: adx=32.1 \u2192 risk_pct=1.50%
2026-05-05 07:54:00 INFO mt5_bot - Execution status=skipped reason=no_closed_bar_crossover
2026-05-05 07:54:15 INFO mt5_bot - Balance=102029.96 Equity=102029.96 Spread=0.20 pips
2026-05-05 07:54:15 INFO mt5_bot - Signal=NONE reason=no_closed_bar_crossover price=None trend=None rsi=59.7 atr_pips=6.3 adx=32.1
2026-05-05 07:54:15 INFO mt5_bot - ADX boost: adx=32.1 \u2192 risk_pct=1.50%
2026-05-05 07:54:15 INFO mt5_bot - Execution status=skipped reason=no_closed_bar_crossover
2026-05-05 07:54:30 INFO mt5_bot - Balance=102029.96 Equity=102029.96 Spread=0.20 pips
2026-05-05 07:54:30 INFO mt5_bot - Signal=NONE reason=no_closed_bar_crossover price=None trend=None rsi=59.7 atr_pips=6.3 adx=32.1
2026-05-05 07:54:30 INFO mt5_bot - ADX boost: adx=32.1 \u2192 risk_pct=1.50%
2026-05-05 07:54:30 INFO mt5_bot - Execution status=skipped reason=no_closed_bar_crossover
2026-05-05 07:54:45 INFO mt5_bot - Balance=102029.96 Equity=102029.96 Spread=0.40 pips
2026-05-05 07:54:45 INFO mt5_bot - Signal=NONE reason=no_closed_bar_crossover price=None trend=None rsi=59.7 atr_pips=6.3 adx=32.1
2026-05-05 07:54:45 INFO mt5_bot - ADX boost: adx=32.1 \u2192 risk_pct=1.50%
2026-05-05 07:54:45 INFO mt5_bot - Execution status=skipped reason=no_closed_bar_crossover
2026-05-05 07:55:00 INFO mt5_bot - Balance=102029.96 Equity=102029.96 Spread=0.20 pips
2026-05-05 07:55:00 INFO mt5_bot - Signal=NONE reason=no_closed_bar_crossover price=None trend=None rsi=59.7 atr_pips=6.3 adx=32.1
2026-05-05 07:55:00 INFO mt5_bot - ADX boost: adx=32.1 \u2192 risk_pct=1.50%
2026-05-05 07:55:00 INFO mt5_bot - Execution status=skipped reason=no_closed_bar_crossover
2026-05-05 07:55:15 INFO mt5_bot - Balance=102029.96 Equity=102029.96 Spread=0.40 pips
2026-05-05 07:55:15 INFO mt5_bot - Signal=NONE reason=no_closed_bar_crossover price=None trend=None rsi=59.7 atr_pips=6.3 adx=32.1
2026-05-05 07:55:15 INFO mt5_bot - ADX boost: adx=32.1 \u2192 risk_pct=1.50%
2026-05-05 07:55:15 INFO mt5_bot - Execution status=skipped reason=no_closed_bar_crossover
2026-05-05 07:55:30 INFO mt5_bot - Balance=102029.96 Equity=102029.96 Spread=0.20 pips
2026-05-05 07:55:30 INFO mt5_bot - Signal=NONE reason=no_closed_bar_crossover price=None trend=None rsi=59.7 atr_pips=6.3 adx=32.1
2026-05-05 07:55:30 INFO mt5_bot - ADX boost: adx=32.1 \u2192 risk_pct=1.50%
2026-05-05 07:55:30 INFO mt5_bot - Execution status=skipped reason=no_closed_bar_crossover
2026-05-05 07:55:45 INFO mt5_bot - Balance=102029.96 Equity=102029.96 Spread=0.20 pips
2026-05-05 07:55:45 INFO mt5_bot - Signal=NONE reason=no_closed_bar_crossover price=None trend=None rsi=59.7 atr_pips=6.3 adx=32.1
2026-05-05 07:55:45 INFO mt5_bot - ADX boost: adx=32.1 \u2192 risk_pct=1.50%
2026-05-05 07:55:45 INFO mt5_bot - Execution status=skipped reason=no_closed_bar_crossover
2026-05-05 07:56:00 INFO mt5_bot - Balance=102029.96 Equity=102029.96 Spread=0.40 pips
2026-05-05 07:56:00 INFO mt5_bot - Signal=NONE reason=no_closed_bar_crossover price=None trend=None rsi=59.7 atr_pips=6.3 adx=32.1
2026-05-05 07:56:00 INFO mt5_bot - ADX boost: adx=32.1 \u2192 risk_pct=1.50%
2026-05-05 07:56:00 INFO mt5_bot - Execution status=skipped reason=no_closed_bar_crossover
2026-05-05 07:56:15 INFO mt5_bot - Balance=102029.96 Equity=102029.96 Spread=0.40 pips
2026-05-05 07:56:15 INFO mt5_bot - Signal=NONE reason=no_closed_bar_crossover price=None trend=None rsi=59.7 atr_pips=6.3 adx=32.1
2026-05-05 07:56:15 INFO mt5_bot - ADX boost: adx=32.1 \u2192 risk_pct=1.50%
2026-05-05 07:56:15 INFO mt5_bot - Execution status=skipped reason=no_closed_bar_crossover
2026-05-05 07:56:30 INFO mt5_bot - Balance=102029.96 Equity=102029.96 Spread=0.20 pips
2026-05-05 07:56:30 INFO mt5_bot - Signal=NONE reason=no_closed_bar_crossover price=None trend=None rsi=59.7 atr_pips=6.3 adx=32.1
2026-05-05 07:56:30 INFO mt5_bot - ADX boost: adx=32.1 \u2192 risk_pct=1.50%
2026-05-05 07:56:30 INFO mt5_bot - Execution status=skipped reason=no_closed_bar_crossover
2026-05-05 07:56:45 INFO mt5_bot - Balance=102029.96 Equity=102029.96 Spread=0.20 pips
2026-05-05 07:56:45 INFO mt5_bot - Signal=NONE reason=no_closed_bar_crossover price=None trend=None rsi=59.7 atr_pips=6.3 adx=32.1
2026-05-05 07:56:45 INFO mt5_bot - ADX boost: adx=32.1 \u2192 risk_pct=1.50%
2026-05-05 07:56:45 INFO mt5_bot - Execution status=skipped reason=no_closed_bar_crossover
2026-05-05 07:57:00 INFO mt5_bot - Balance=102029.96 Equity=102029.96 Spread=0.20 pips
2026-05-05 07:57:00 INFO mt5_bot - Signal=NONE reason=no_closed_bar_crossover price=None trend=None rsi=59.7 atr_pips=6.3 adx=32.1
2026-05-05 07:57:00 INFO mt5_bot - ADX boost: adx=32.1 \u2192 risk_pct=1.50%
2026-05-05 07:57:00 INFO mt5_bot - Execution status=skipped reason=no_closed_bar_crossover
2026-05-05 07:57:15 INFO mt5_bot - Balance=102029.96 Equity=102029.96 Spread=0.40 pips
2026-05-05 07:57:15 INFO mt5_bot - Signal=NONE reason=no_closed_bar_crossover price=None trend=None rsi=59.7 atr_pips=6.3 adx=32.1
2026-05-05 07:57:15 INFO mt5_bot - ADX boost: adx=32.1 \u2192 risk_pct=1.50%
2026-05-05 07:57:15 INFO mt5_bot - Execution status=skipped reason=no_closed_bar_crossover
2026-05-05 07:57:30 INFO mt5_bot - Balance=102029.96 Equity=102029.96 Spread=0.20 pips
2026-05-05 07:57:30 INFO mt5_bot - Signal=NONE reason=no_closed_bar_crossover price=None trend=None rsi=59.7 atr_pips=6.3 adx=32.1
2026-05-05 07:57:30 INFO mt5_bot - ADX boost: adx=32.1 \u2192 risk_pct=1.50%
2026-05-05 07:57:30 INFO mt5_bot - Execution status=skipped reason=no_closed_bar_crossover
2026-05-05 07:57:45 INFO mt5_bot - Balance=102029.96 Equity=102029.96 Spread=0.20 pips
2026-05-05 07:57:45 INFO mt5_bot - Signal=NONE reason=no_closed_bar_crossover price=None trend=None rsi=59.7 atr_pips=6.3 adx=32.1
2026-05-05 07:57:45 INFO mt5_bot - ADX boost: adx=32.1 \u2192 risk_pct=1.50%
2026-05-05 07:57:45 INFO mt5_bot - Execution status=skipped reason=no_closed_bar_crossover
2026-05-05 07:58:00 INFO mt5_bot - Balance=102029.96 Equity=102029.96 Spread=0.20 pips
2026-05-05 07:58:00 INFO mt5_bot - Signal=NONE reason=no_closed_bar_crossover price=None trend=None rsi=59.7 atr_pips=6.3 adx=32.1
2026-05-05 07:58:00 INFO mt5_bot - ADX boost: adx=32.1 \u2192 risk_pct=1.50%
2026-05-05 07:58:00 INFO mt5_bot - Execution status=skipped reason=no_closed_bar_crossover
2026-05-05 07:58:15 INFO mt5_bot - Balance=102029.96 Equity=102029.96 Spread=0.40 pips
2026-05-05 07:58:15 INFO mt5_bot - Signal=NONE reason=no_closed_bar_crossover price=None trend=None rsi=59.7 atr_pips=6.3 adx=32.1
2026-05-05 07:58:15 INFO mt5_bot - ADX boost: adx=32.1 \u2192 risk_pct=1.50%
2026-05-05 07:58:15 INFO mt5_bot - Execution status=skipped reason=no_closed_bar_crossover
2026-05-05 07:58:30 INFO mt5_bot - Balance=102029.96 Equity=102029.96 Spread=0.40 pips
2026-05-05 07:58:30 INFO mt5_bot - Signal=NONE reason=no_closed_bar_crossover price=None trend=None rsi=59.7 atr_pips=6.3 adx=32.1
2026-05-05 07:58:30 INFO mt5_bot - ADX boost: adx=32.1 \u2192 risk_pct=1.50%
2026-05-05 07:58:30 INFO mt5_bot - Execution status=skipped reason=no_closed_bar_crossover
2026-05-05 07:58:45 INFO mt5_bot - Balance=102029.96 Equity=102029.96 Spread=0.40 pips
2026-05-05 07:58:45 INFO mt5_bot - Signal=NONE reason=no_closed_bar_crossover price=None trend=None rsi=59.7 atr_pips=6.3 adx=32.1
2026-05-05 07:58:45 INFO mt5_bot - ADX boost: adx=32.1 \u2192 risk_pct=1.50%
2026-05-05 07:58:45 INFO mt5_bot - Execution status=skipped reason=no_closed_bar_crossover
2026-05-05 07:59:00 INFO mt5_bot - Balance=102029.96 Equity=102029.96 Spread=0.20 pips
2026-05-05 07:59:00 INFO mt5_bot - Signal=NONE reason=no_closed_bar_crossover price=None trend=None rsi=59.7 atr_pips=6.3 adx=32.1
2026-05-05 07:59:00 INFO mt5_bot - ADX boost: adx=32.1 \u2192 risk_pct=1.50%
2026-05-05 07:59:00 INFO mt5_bot - Execution status=skipped reason=no_closed_bar_crossover
2026-05-05 07:59:15 INFO mt5_bot - Balance=102029.96 Equity=102029.96 Spread=0.20 pips
2026-05-05 07:59:15 INFO mt5_bot - Signal=NONE reason=no_closed_bar_crossover price=None trend=None rsi=59.7 atr_pips=6.3 adx=32.1
2026-05-05 07:59:15 INFO mt5_bot - ADX boost: adx=32.1 \u2192 risk_pct=1.50%
2026-05-05 07:59:15 INFO mt5_bot - Execution status=skipped reason=no_closed_bar_crossover
2026-05-05 07:59:30 INFO mt5_bot - Balance=102029.96 Equity=102029.96 Spread=0.20 pips
2026-05-05 07:59:30 INFO mt5_bot - Signal=NONE reason=no_closed_bar_crossover price=None trend=None rsi=59.7 atr_pips=6.3 adx=32.1
2026-05-05 07:59:30 INFO mt5_bot - ADX boost: adx=32.1 \u2192 risk_pct=1.50%
2026-05-05 07:59:30 INFO mt5_bot - Execution status=skipped reason=no_closed_bar_crossover
2026-05-05 07:59:45 INFO mt5_bot - Balance=102029.96 Equity=102029.96 Spread=0.20 pips
2026-05-05 07:59:45 INFO mt5_bot - Signal=NONE reason=no_closed_bar_crossover price=None trend=None rsi=59.7 atr_pips=6.3 adx=32.1
2026-05-05 07:59:45 INFO mt5_bot - ADX boost: adx=32.1 \u2192 risk_pct=1.50%
2026-05-05 07:59:45 INFO mt5_bot - Execution status=skipped reason=no_closed_bar_crossover
2026-05-05 08:00:00 INFO mt5_bot - Balance=102029.96 Equity=102029.96 Spread=0.20 pips
2026-05-05 08:00:00 INFO mt5_bot - Signal=NONE reason=no_closed_bar_crossover price=None trend=None rsi=61.7 atr_pips=6.1 adx=32.5
2026-05-05 08:00:00 INFO mt5_bot - ADX boost: adx=32.5 \u2192 risk_pct=1.50%
2026-05-05 08:00:00 INFO mt5_bot - Execution status=skipped reason=no_closed_bar_crossover
2026-05-05 08:00:15 INFO mt5_bot - Balance=102029.96 Equity=102029.96 Spread=0.40 pips
2026-05-05 08:00:15 INFO mt5_bot - Signal=NONE reason=no_closed_bar_crossover price=None trend=None rsi=61.7 atr_pips=6.1 adx=32.5
2026-05-05 08:00:15 INFO mt5_bot - ADX boost: adx=32.5 \u2192 risk_pct=1.50%
2026-05-05 08:00:15 INFO mt5_bot - Execution status=skipped reason=no_closed_bar_crossover
2026-05-05 08:00:30 INFO mt5_bot - Balance=102029.96 Equity=102029.96 Spread=0.40 pips
2026-05-05 08:00:30 INFO mt5_bot - Signal=NONE reason=no_closed_bar_crossover price=None trend=None rsi=61.7 atr_pips=6.1 adx=32.5
2026-05-05 08:00:30 INFO mt5_bot - ADX boost: adx=32.5 \u2192 risk_pct=1.50%
2026-05-05 08:00:30 INFO mt5_bot - Execution status=skipped reason=no_closed_bar_crossover
2026-05-05 08:00:45 INFO mt5_bot - Balance=102029.96 Equity=102029.96 Spread=0.20 pips
2026-05-05 08:00:45 INFO mt5_bot - Signal=NONE reason=no_closed_bar_crossover price=None trend=None rsi=61.7 atr_pips=6.1 adx=32.5
2026-05-05 08:00:45 INFO mt5_bot - ADX boost: adx=32.5 \u2192 risk_pct=1.50%
2026-05-05 08:00:45 INFO mt5_bot - Execution status=skipped reason=no_closed_bar_crossover
2026-05-05 08:01:00 INFO mt5_bot - Balance=102029.96 Equity=102029.96 Spread=0.40 pips
2026-05-05 08:01:00 INFO mt5_bot - Signal=NONE reason=no_closed_bar_crossover price=None trend=None rsi=61.7 atr_pips=6.1 adx=32.5
2026-05-05 08:01:00 INFO mt5_bot - ADX boost: adx=32.5 \u2192 risk_pct=1.50%
2026-05-05 08:01:00 INFO mt5_bot - Execution status=skipped reason=no_closed_bar_crossover
2026-05-05 08:01:15 INFO mt5_bot - Balance=102029.96 Equity=102029.96 Spread=0.40 pips
2026-05-05 08:01:15 INFO mt5_bot - Signal=NONE reason=no_closed_bar_crossover price=None trend=None rsi=61.7 atr_pips=6.1 adx=32.5
2026-05-05 08:01:15 INFO mt5_bot - ADX boost: adx=32.5 \u2192 risk_pct=1.50%
2026-05-05 08:01:15 INFO mt5_bot - Execution status=skipped reason=no_closed_bar_crossover
2026-05-05 08:01:30 INFO mt5_bot - Balance=102029.96 Equity=102029.96 Spread=0.20 pips
2026-05-05 08:01:30 INFO mt5_bot - Signal=NONE reason=no_closed_bar_crossover price=None trend=None rsi=61.7 atr_pips=6.1 adx=32.5
2026-05-05 08:01:30 INFO mt5_bot - ADX boost: adx=32.5 \u2192 risk_pct=1.50%
2026-05-05 08:01:30 INFO mt5_bot - Execution status=skipped reason=no_closed_bar_crossover
2026-05-05 08:01:45 INFO mt5_bot - Balance=102029.96 Equity=102029.96 Spread=0.40 pips
2026-05-05 08:01:45 INFO mt5_bot - Signal=NONE reason=no_closed_bar_crossover price=None trend=None rsi=61.7 atr_pips=6.1 adx=32.5
2026-05-05 08:01:45 INFO mt5_bot - ADX boost: adx=32.5 \u2192 risk_pct=1.50%
2026-05-05 08:01:45 INFO mt5_bot - Execution status=skipped reason=no_closed_bar_crossover
2026-05-05 08:02:00 INFO mt5_bot - Balance=102029.96 Equity=102029.96 Spread=0.40 pips
2026-05-05 08:02:00 INFO mt5_bot - Signal=NONE reason=no_closed_bar_crossover price=None trend=None rsi=61.7 atr_pips=6.1 adx=32.5
2026-05-05 08:02:00 INFO mt5_bot - ADX boost: adx=32.5 \u2192 risk_pct=1.50%
2026-05-05 08:02:00 INFO mt5_bot - Execution status=skipped reason=no_closed_bar_crossover
2026-05-05 08:02:15 INFO mt5_bot - Balance=102029.96 Equity=102029.96 Spread=0.20 pips
2026-05-05 08:02:15 INFO mt5_bot - Signal=NONE reason=no_closed_bar_crossover price=None trend=None rsi=61.7 atr_pips=6.1 adx=32.5
2026-05-05 08:02:15 INFO mt5_bot - ADX boost: adx=32.5 \u2192 risk_pct=1.50%
2026-05-05 08:02:15 INFO mt5_bot - Execution status=skipped reason=no_closed_bar_crossover
2026-05-05 08:02:30 INFO mt5_bot - Balance=102029.96 Equity=102029.96 Spread=0.40 pips
2026-05-05 08:02:30 INFO mt5_bot - Signal=NONE reason=no_closed_bar_crossover price=None trend=None rsi=61.7 atr_pips=6.1 adx=32.5
2026-05-05 08:02:30 INFO mt5_bot - ADX boost: adx=32.5 \u2192 risk_pct=1.50%
2026-05-05 08:02:30 INFO mt5_bot - Execution status=skipped reason=no_closed_bar_crossover
2026-05-05 08:02:45 INFO mt5_bot - Balance=102029.96 Equity=102029.96 Spread=0.40 pips
2026-05-05 08:02:45 INFO mt5_bot - Signal=NONE reason=no_closed_bar_crossover price=None trend=None rsi=61.7 atr_pips=6.1 adx=32.5
2026-05-05 08:02:45 INFO mt5_bot - ADX boost: adx=32.5 \u2192 risk_pct=1.50%
2026-05-05 08:02:45 INFO mt5_bot - Execution status=skipped reason=no_closed_bar_crossover
2026-05-05 08:03:00 INFO mt5_bot - Balance=102029.96 Equity=102029.96 Spread=0.20 pips
2026-05-05 08:03:00 INFO mt5_bot - Signal=NONE reason=no_closed_bar_crossover price=None trend=None rsi=61.7 atr_pips=6.1 adx=32.5
2026-05-05 08:03:00 INFO mt5_bot - ADX boost: adx=32.5 \u2192 risk_pct=1.50%
2026-05-05 08:03:00 INFO mt5_bot - Execution status=skipped reason=no_closed_bar_crossover
2026-05-05 08:03:15 INFO mt5_bot - Balance=102029.96 Equity=102029.96 Spread=0.20 pips
2026-05-05 08:03:15 INFO mt5_bot - Signal=NONE reason=no_closed_bar_crossover price=None trend=None rsi=61.7 atr_pips=6.1 adx=32.5
2026-05-05 08:03:15 INFO mt5_bot - ADX boost: adx=32.5 \u2192 risk_pct=1.50%
2026-05-05 08:03:15 INFO mt5_bot - Execution status=skipped reason=no_closed_bar_crossover
2026-05-05 08:03:30 INFO mt5_bot - Balance=102029.96 Equity=102029.96 Spread=0.40 pips
2026-05-05 08:03:30 INFO mt5_bot - Signal=NONE reason=no_closed_bar_crossover price=None trend=None rsi=61.7 atr_pips=6.1 adx=32.5
2026-05-05 08:03:30 INFO mt5_bot - ADX boost: adx=32.5 \u2192 risk_pct=1.50%
2026-05-05 08:03:30 INFO mt5_bot - Execution status=skipped reason=no_closed_bar_crossover
2026-05-05 08:03:45 INFO mt5_bot - Balance=102029.96 Equity=102029.96 Spread=0.20 pips
2026-05-05 08:03:45 INFO mt5_bot - Signal=NONE reason=no_closed_bar_crossover price=None trend=None rsi=61.7 atr_pips=6.1 adx=32.5
2026-05-05 08:03:45 INFO mt5_bot - ADX boost: adx=32.5 \u2192 risk_pct=1.50%
2026-05-05 08:03:45 INFO mt5_bot - Execution status=skipped reason=no_closed_bar_crossover
2026-05-05 08:04:00 INFO mt5_bot - Balance=102029.96 Equity=102029.96 Spread=0.20 pips
2026-05-05 08:04:00 INFO mt5_bot - Signal=NONE reason=no_closed_bar_crossover price=None trend=None rsi=61.7 atr_pips=6.1 adx=32.5
2026-05-05 08:04:00 INFO mt5_bot - ADX boost: adx=32.5 \u2192 risk_pct=1.50%
2026-05-05 08:04:00 INFO mt5_bot - Execution status=skipped reason=no_closed_bar_crossover
2026-05-05 08:04:15 INFO mt5_bot - Balance=102029.96 Equity=102029.96 Spread=0.20 pips
2026-05-05 08:04:15 INFO mt5_bot - Signal=NONE reason=no_closed_bar_crossover price=None trend=None rsi=61.7 atr_pips=6.1 adx=32.5
2026-05-05 08:04:15 INFO mt5_bot - ADX boost: adx=32.5 \u2192 risk_pct=1.50%
2026-05-05 08:04:15 INFO mt5_bot - Execution status=skipped reason=no_closed_bar_crossover
2026-05-05 08:04:30 INFO mt5_bot - Balance=102029.96 Equity=102029.96 Spread=0.20 pips
2026-05-05 08:04:30 INFO mt5_bot - Signal=NONE reason=no_closed_bar_crossover price=None trend=None rsi=61.7 atr_pips=6.1 adx=32.5
2026-05-05 08:04:30 INFO mt5_bot - ADX boost: adx=32.5 \u2192 risk_pct=1.50%
2026-05-05 08:04:30 INFO mt5_bot - Execution status=skipped reason=no_closed_bar_crossover
2026-05-05 08:04:45 INFO mt5_bot - Balance=102029.96 Equity=102029.96 Spread=0.20 pips
2026-05-05 08:04:45 INFO mt5_bot - Signal=NONE reason=no_closed_bar_crossover price=None trend=None rsi=61.7 atr_pips=6.1 adx=32.5
2026-05-05 08:04:45 INFO mt5_bot - ADX boost: adx=32.5 \u2192 risk_pct=1.50%
2026-05-05 08:04:45 INFO mt5_bot - Execution status=skipped reason=no_closed_bar_crossover
2026-05-05 08:05:00 INFO mt5_bot - Balance=102029.96 Equity=102029.96 Spread=0.40 pips
2026-05-05 08:05:00 INFO mt5_bot - Signal=NONE reason=no_closed_bar_crossover price=None trend=None rsi=61.7 atr_pips=6.1 adx=32.5
2026-05-05 08:05:00 INFO mt5_bot - ADX boost: adx=32.5 \u2192 risk_pct=1.50%
2026-05-05 08:05:00 INFO mt5_bot - Execution status=skipped reason=no_closed_bar_crossover
2026-05-05 08:05:15 INFO mt5_bot - Balance=102029.96 Equity=102029.96 Spread=0.40 pips
2026-05-05 08:05:15 INFO mt5_bot - Signal=NONE reason=no_closed_bar_crossover price=None trend=None rsi=61.7 atr_pips=6.1 adx=32.5
2026-05-05 08:05:15 INFO mt5_bot - ADX boost: adx=32.5 \u2192 risk_pct=1.50%
2026-05-05 08:05:15 INFO mt5_bot - Execution status=skipped reason=no_closed_bar_crossover
2026-05-05 08:05:30 INFO mt5_bot - Balance=102029.96 Equity=102029.96 Spread=0.20 pips
2026-05-05 08:05:30 INFO mt5_bot - Signal=NONE reason=no_closed_bar_crossover price=None trend=None rsi=61.7 atr_pips=6.1 adx=32.5
2026-05-05 08:05:30 INFO mt5_bot - ADX boost: adx=32.5 \u2192 risk_pct=1.50%
2026-05-05 08:05:30 INFO mt5_bot - Execution status=skipped reason=no_closed_bar_crossover
2026-05-05 08:05:45 INFO mt5_bot - Balance=102029.96 Equity=102029.96 Spread=0.20 pips
2026-05-05 08:05:45 INFO mt5_bot - Signal=NONE reason=no_closed_bar_crossover price=None trend=None rsi=61.7 atr_pips=6.1 adx=32.5
2026-05-05 08:05:45 INFO mt5_bot - ADX boost: adx=32.5 \u2192 risk_pct=1.50%
2026-05-05 08:05:45 INFO mt5_bot - Execution status=skipped reason=no_closed_bar_crossover
2026-05-05 08:06:00 INFO mt5_bot - Balance=102029.96 Equity=102029.96 Spread=0.40 pips
2026-05-05 08:06:00 INFO mt5_bot - Signal=NONE reason=no_closed_bar_crossover price=None trend=None rsi=61.7 atr_pips=6.1 adx=32.5
2026-05-05 08:06:00 INFO mt5_bot - ADX boost: adx=32.5 \u2192 risk_pct=1.50%
2026-05-05 08:06:00 INFO mt5_bot - Execution status=skipped reason=no_closed_bar_crossover
2026-05-05 08:06:15 INFO mt5_bot - Balance=102029.96 Equity=102029.96 Spread=0.40 pips
2026-05-05 08:06:15 INFO mt5_bot - Signal=NONE reason=no_closed_bar_crossover price=None trend=None rsi=61.7 atr_pips=6.1 adx=32.5
2026-05-05 08:06:15 INFO mt5_bot - ADX boost: adx=32.5 \u2192 risk_pct=1.50%
2026-05-05 08:06:15 INFO mt5_bot - Execution status=skipped reason=no_closed_bar_crossover
^C2026-05-05 23:06:44 INFO mt5_bot - MT5 permissions: account_server=MetaQuotes-Demo account_trade_allowed=True account_trade_expert=True terminal_trade_allowed=True terminal_build=5836
2026-05-05 23:06:44 INFO mt5_bot - Starting PRO loop: symbol=AUDUSD tf=M15 trend_tf=H1 trade_enabled=True trend_filter=True adx_filter=True rsi_momentum=False partial_close=True trailing_stop=True atr_sl_tp=True news_filter=True retest=False equity_curve=True
2026-05-05 23:06:44 INFO mt5_bot - Balance=102029.96 Equity=102029.96 Spread=0.80 pips
2026-05-05 23:06:44 INFO mt5_bot - Session filter: UTC hour=4 outside [7,20) and [0,0)
2026-05-05 23:06:45 WARNING mt5_bot.notifier - Telegram HTTP 403: MT5_TELEGRAM_CHAT_ID points to a bot/chat the bot cannot message. Use Jean's numeric user chat_id, a group/channel id where the bot is a member, or disable MT5_TELEGRAM_* until fixed.
2026-05-05 23:06:59 INFO mt5_bot - Balance=102029.96 Equity=102029.96 Spread=0.80 pips
2026-05-05 23:06:59 INFO mt5_bot - Session filter: UTC hour=4 outside [7,20) and [0,0)
2026-05-05 23:07:14 INFO mt5_bot - Balance=102029.96 Equity=102029.96 Spread=0.80 pips
2026-05-05 23:07:14 INFO mt5_bot - Session filter: UTC hour=4 outside [7,20) and [0,0)
2026-05-05 23:07:29 INFO mt5_bot - Balance=102029.96 Equity=102029.96 Spread=0.80 pips
2026-05-05 23:07:29 INFO mt5_bot - Session filter: UTC hour=4 outside [7,20) and [0,0)
2026-05-05 23:07:44 INFO mt5_bot - Balance=102029.96 Equity=102029.96 Spread=0.80 pips
2026-05-05 23:07:44 INFO mt5_bot - Session filter: UTC hour=4 outside [7,20) and [0,0)
2026-05-05 23:07:59 INFO mt5_bot - Balance=102029.96 Equity=102029.96 Spread=0.80 pips
2026-05-05 23:07:59 INFO mt5_bot - Session filter: UTC hour=4 outside [7,20) and [0,0)
2026-05-05 23:08:14 INFO mt5_bot - Balance=102029.96 Equity=102029.96 Spread=0.80 pips
2026-05-05 23:08:14 INFO mt5_bot - Session filter: UTC hour=4 outside [7,20) and [0,0)
2026-05-05 23:08:29 INFO mt5_bot - Balance=102029.96 Equity=102029.96 Spread=0.80 pips
2026-05-05 23:08:29 INFO mt5_bot - Session filter: UTC hour=4 outside [7,20) and [0,0)
2026-05-05 23:08:44 INFO mt5_bot - Balance=102029.96 Equity=102029.96 Spread=0.80 pips
2026-05-05 23:08:44 INFO mt5_bot - Session filter: UTC hour=4 outside [7,20) and [0,0)
2026-05-05 23:08:59 INFO mt5_bot - Balance=102029.96 Equity=102029.96 Spread=0.80 pips
2026-05-05 23:08:59 INFO mt5_bot - Session filter: UTC hour=4 outside [7,20) and [0,0)
2026-05-05 23:09:14 INFO mt5_bot - Balance=102029.96 Equity=102029.96 Spread=0.80 pips
2026-05-05 23:09:14 INFO mt5_bot - Session filter: UTC hour=4 outside [7,20) and [0,0)
2026-05-05 23:09:29 INFO mt5_bot - Balance=102029.96 Equity=102029.96 Spread=0.80 pips
2026-05-05 23:09:29 INFO mt5_bot - Session filter: UTC hour=4 outside [7,20) and [0,0)
2026-05-05 23:09:44 INFO mt5_bot - Balance=102029.96 Equity=102029.96 Spread=0.80 pips
2026-05-05 23:09:44 INFO mt5_bot - Session filter: UTC hour=4 outside [7,20) and [0,0)
2026-05-05 23:09:59 INFO mt5_bot - Balance=102029.96 Equity=102029.96 Spread=0.80 pips
2026-05-05 23:09:59 INFO mt5_bot - Session filter: UTC hour=4 outside [7,20) and [0,0)
2026-05-05 23:10:14 INFO mt5_bot - Balance=102029.96 Equity=102029.96 Spread=0.80 pips
2026-05-05 23:10:14 INFO mt5_bot - Session filter: UTC hour=4 outside [7,20) and [0,0)
2026-05-05 23:10:29 INFO mt5_bot - Balance=102029.96 Equity=102029.96 Spread=0.80 pips
2026-05-05 23:10:29 INFO mt5_bot - Session filter: UTC hour=4 outside [7,20) and [0,0)
2026-05-05 23:10:44 INFO mt5_bot - Balance=102029.96 Equity=102029.96 Spread=0.80 pips
2026-05-05 23:10:44 INFO mt5_bot - Session filter: UTC hour=4 outside [7,20) and [0,0)
2026-05-05 23:10:59 INFO mt5_bot - Balance=102029.96 Equity=102029.96 Spread=0.80 pips
2026-05-05 23:10:59 INFO mt5_bot - Session filter: UTC hour=4 outside [7,20) and [0,0)
2026-05-05 23:11:14 INFO mt5_bot - Balance=102029.96 Equity=102029.96 Spread=0.70 pips
2026-05-05 23:11:14 INFO mt5_bot - Session filter: UTC hour=4 outside [7,20) and [0,0)
2026-05-05 23:11:29 INFO mt5_bot - Balance=102029.96 Equity=102029.96 Spread=0.80 pips
2026-05-05 23:11:29 INFO mt5_bot - Session filter: UTC hour=4 outside [7,20) and [0,0)
2026-05-05 23:11:44 INFO mt5_bot - Balance=102029.96 Equity=102029.96 Spread=0.70 pips
2026-05-05 23:11:44 INFO mt5_bot - Session filter: UTC hour=4 outside [7,20) and [0,0)
2026-05-05 23:11:59 INFO mt5_bot - Balance=102029.96 Equity=102029.96 Spread=0.80 pips
2026-05-05 23:11:59 INFO mt5_bot - Session filter: UTC hour=4 outside [7,20) and [0,0)
2026-05-05 23:12:14 INFO mt5_bot - Balance=102029.96 Equity=102029.96 Spread=0.80 pips
2026-05-05 23:12:14 INFO mt5_bot - Session filter: UTC hour=4 outside [7,20) and [0,0)
2026-05-05 23:12:29 INFO mt5_bot - Balance=102029.96 Equity=102029.96 Spread=0.80 pips
2026-05-05 23:12:29 INFO mt5_bot - Session filter: UTC hour=4 outside [7,20) and [0,0)
2026-05-05 23:12:44 INFO mt5_bot - Balance=102029.96 Equity=102029.96 Spread=0.80 pips
2026-05-05 23:12:44 INFO mt5_bot - Session filter: UTC hour=4 outside [7,20) and [0,0)
2026-05-05 23:12:59 INFO mt5_bot - Balance=102029.96 Equity=102029.96 Spread=0.80 pips
2026-05-05 23:12:59 INFO mt5_bot - Session filter: UTC hour=4 outside [7,20) and [0,0)
2026-05-05 23:13:14 INFO mt5_bot - Balance=102029.96 Equity=102029.96 Spread=0.80 pips
2026-05-05 23:13:14 INFO mt5_bot - Session filter: UTC hour=4 outside [7,20) and [0,0)
2026-05-05 23:13:29 INFO mt5_bot - Balance=102029.96 Equity=102029.96 Spread=0.80 pips
2026-05-05 23:13:29 INFO mt5_bot - Session filter: UTC hour=4 outside [7,20) and [0,0)
2026-05-05 23:13:44 INFO mt5_bot - Balance=102029.96 Equity=102029.96 Spread=0.80 pips
2026-05-05 23:13:44 INFO mt5_bot - Session filter: UTC hour=4 outside [7,20) and [0,0)
2026-05-05 23:13:59 INFO mt5_bot - Balance=102029.96 Equity=102029.96 Spread=0.80 pips
2026-05-05 23:13:59 INFO mt5_bot - Session filter: UTC hour=4 outside [7,20) and [0,0)
^C2026-05-05 23:16:49 INFO mt5_bot - MT5 permissions: account_server=MetaQuotes-Demo account_trade_allowed=True account_trade_expert=True terminal_trade_allowed=True terminal_build=5836
2026-05-05 23:16:49 INFO mt5_bot - Starting PRO loop: symbol=AUDUSD tf=M15 trend_tf=H1 trade_enabled=True trend_filter=True adx_filter=True rsi_momentum=False partial_close=True trailing_stop=True atr_sl_tp=True news_filter=True retest=False equity_curve=True
2026-05-05 23:16:49 INFO mt5_bot - Balance=102029.96 Equity=102029.96 Spread=0.80 pips
2026-05-05 23:16:49 INFO mt5_bot - Session filter: UTC hour=4 outside [7,20) and [0,0)
2026-05-05 23:16:49 WARNING mt5_bot.notifier - Telegram HTTP 403: MT5_TELEGRAM_CHAT_ID points to a bot/chat the bot cannot message. Use Jean's numeric user chat_id, a group/channel id where the bot is a member, or disable MT5_TELEGRAM_* until fixed.
2026-05-05 23:17:04 INFO mt5_bot - Balance=102029.96 Equity=102029.96 Spread=0.80 pips
2026-05-05 23:17:04 INFO mt5_bot - Session filter: UTC hour=4 outside [7,20) and [0,0)
2026-05-05 23:17:19 INFO mt5_bot - Balance=102029.96 Equity=102029.96 Spread=0.80 pips
2026-05-05 23:17:19 INFO mt5_bot - Session filter: UTC hour=4 outside [7,20) and [0,0)
2026-05-05 23:17:34 INFO mt5_bot - Balance=102029.96 Equity=102029.96 Spread=0.80 pips
2026-05-05 23:17:34 INFO mt5_bot - Session filter: UTC hour=4 outside [7,20) and [0,0)
2026-05-05 23:17:49 INFO mt5_bot - Balance=102029.96 Equity=102029.96 Spread=0.80 pips
2026-05-05 23:17:49 INFO mt5_bot - Session filter: UTC hour=4 outside [7,20) and [0,0)
2026-05-05 23:18:04 INFO mt5_bot - Balance=102029.96 Equity=102029.96 Spread=0.80 pips
2026-05-05 23:18:04 INFO mt5_bot - Session filter: UTC hour=4 outside [7,20) and [0,0)
2026-05-05 23:18:19 INFO mt5_bot - Balance=102029.96 Equity=102029.96 Spread=0.80 pips
2026-05-05 23:18:19 INFO mt5_bot - Session filter: UTC hour=4 outside [7,20) and [0,0)
2026-05-05 23:18:34 INFO mt5_bot - Balance=102029.96 Equity=102029.96 Spread=0.80 pips
2026-05-05 23:18:34 INFO mt5_bot - Session filter: UTC hour=4 outside [7,20) and [0,0)
2026-05-05 23:18:49 INFO mt5_bot - Balance=102029.96 Equity=102029.96 Spread=0.80 pips
2026-05-05 23:18:49 INFO mt5_bot - Session filter: UTC hour=4 outside [7,20) and [0,0)
2026-05-05 23:19:04 INFO mt5_bot - Balance=102029.96 Equity=102029.96 Spread=0.80 pips
2026-05-05 23:19:04 INFO mt5_bot - Session filter: UTC hour=4 outside [7,20) and [0,0)
2026-05-05 23:19:19 INFO mt5_bot - Balance=102029.96 Equity=102029.96 Spread=0.80 pips
2026-05-05 23:19:19 INFO mt5_bot - Session filter: UTC hour=4 outside [7,20) and [0,0)
2026-05-05 23:19:34 INFO mt5_bot - Balance=102029.96 Equity=102029.96 Spread=0.80 pips
2026-05-05 23:19:34 INFO mt5_bot - Session filter: UTC hour=4 outside [7,20) and [0,0)
2026-05-05 23:19:49 INFO mt5_bot - Balance=102029.96 Equity=102029.96 Spread=0.80 pips
2026-05-05 23:19:49 INFO mt5_bot - Session filter: UTC hour=4 outside [7,20) and [0,0)
2026-05-05 23:20:04 INFO mt5_bot - Balance=102029.96 Equity=102029.96 Spread=0.80 pips
2026-05-05 23:20:04 INFO mt5_bot - Session filter: UTC hour=4 outside [7,20) and [0,0)
2026-05-05 23:20:19 INFO mt5_bot - Balance=102029.96 Equity=102029.96 Spread=0.80 pips
2026-05-05 23:20:19 INFO mt5_bot - Session filter: UTC hour=4 outside [7,20) and [0,0)
2026-05-05 23:20:34 INFO mt5_bot - Balance=102029.96 Equity=102029.96 Spread=0.80 pips
2026-05-05 23:20:34 INFO mt5_bot - Session filter: UTC hour=4 outside [7,20) and [0,0)
2026-05-05 23:20:49 INFO mt5_bot - Balance=102029.96 Equity=102029.96 Spread=0.80 pips
2026-05-05 23:20:49 INFO mt5_bot - Session filter: UTC hour=4 outside [7,20) and [0,0)
2026-05-05 23:21:04 INFO mt5_bot - Balance=102029.96 Equity=102029.96 Spread=0.80 pips
2026-05-05 23:21:04 INFO mt5_bot - Session filter: UTC hour=4 outside [7,20) and [0,0)
2026-05-05 23:21:19 INFO mt5_bot - Balance=102029.96 Equity=102029.96 Spread=0.80 pips
2026-05-05 23:21:19 INFO mt5_bot - Session filter: UTC hour=4 outside [7,20) and [0,0)
2026-05-05 23:21:34 INFO mt5_bot - Balance=102029.96 Equity=102029.96 Spread=0.80 pips
2026-05-05 23:21:34 INFO mt5_bot - Session filter: UTC hour=4 outside [7,20) and [0,0)
2026-05-05 23:21:49 INFO mt5_bot - Balance=102029.96 Equity=102029.96 Spread=0.80 pips
2026-05-05 23:21:49 INFO mt5_bot - Session filter: UTC hour=4 outside [7,20) and [0,0)
2026-05-05 23:22:04 INFO mt5_bot - Balance=102029.96 Equity=102029.96 Spread=0.80 pips
2026-05-05 23:22:04 INFO mt5_bot - Session filter: UTC hour=4 outside [7,20) and [0,0)
2026-05-05 23:22:19 INFO mt5_bot - Balance=102029.96 Equity=102029.96 Spread=0.80 pips
2026-05-05 23:22:19 INFO mt5_bot - Session filter: UTC hour=4 outside [7,20) and [0,0)
2026-05-05 23:22:34 INFO mt5_bot - Balance=102029.96 Equity=102029.96 Spread=0.80 pips
2026-05-05 23:22:34 INFO mt5_bot - Session filter: UTC hour=4 outside [7,20) and [0,0)
2026-05-05 23:22:49 INFO mt5_bot - Balance=102029.96 Equity=102029.96 Spread=0.80 pips
2026-05-05 23:22:49 INFO mt5_bot - Session filter: UTC hour=4 outside [7,20) and [0,0)
2026-05-05 23:23:04 INFO mt5_bot - Balance=102029.96 Equity=102029.96 Spread=0.80 pips
2026-05-05 23:23:04 INFO mt5_bot - Session filter: UTC hour=4 outside [7,20) and [0,0)
2026-05-05 23:23:19 INFO mt5_bot - Balance=102029.96 Equity=102029.96 Spread=0.80 pips
2026-05-05 23:23:19 INFO mt5_bot - Session filter: UTC hour=4 outside [7,20) and [0,0)
2026-05-05 23:23:34 INFO mt5_bot - Balance=102029.96 Equity=102029.96 Spread=0.80 pips
2026-05-05 23:23:34 INFO mt5_bot - Session filter: UTC hour=4 outside [7,20) and [0,0)
2026-05-05 23:23:49 INFO mt5_bot - Balance=102029.96 Equity=102029.96 Spread=0.80 pips
2026-05-05 23:23:49 INFO mt5_bot - Session filter: UTC hour=4 outside [7,20) and [0,0)
2026-05-05 23:24:04 INFO mt5_bot - Balance=102029.96 Equity=102029.96 Spread=0.80 pips
2026-05-05 23:24:04 INFO mt5_bot - Session filter: UTC hour=4 outside [7,20) and [0,0)
2026-05-05 23:24:19 INFO mt5_bot - Balance=102029.96 Equity=102029.96 Spread=0.80 pips
2026-05-05 23:24:19 INFO mt5_bot - Session filter: UTC hour=4 outside [7,20) and [0,0)
2026-05-05 23:24:34 INFO mt5_bot - Balance=102029.96 Equity=102029.96 Spread=0.80 pips
2026-05-05 23:24:34 INFO mt5_bot - Session filter: UTC hour=4 outside [7,20) and [0,0)
2026-05-05 23:24:49 INFO mt5_bot - Balance=102029.96 Equity=102029.96 Spread=0.80 pips
2026-05-05 23:24:49 INFO mt5_bot - Session filter: UTC hour=4 outside [7,20) and [0,0)
2026-05-05 23:25:04 INFO mt5_bot - Balance=102029.96 Equity=102029.96 Spread=0.80 pips
2026-05-05 23:25:04 INFO mt5_bot - Session filter: UTC hour=4 outside [7,20) and [0,0)
2026-05-05 23:25:19 INFO mt5_bot - Balance=102029.96 Equity=102029.96 Spread=0.80 pips
2026-05-05 23:25:19 INFO mt5_bot - Session filter: UTC hour=4 outside [7,20) and [0,0)
2026-05-05 23:25:34 INFO mt5_bot - Balance=102029.96 Equity=102029.96 Spread=0.80 pips
2026-05-05 23:25:34 INFO mt5_bot - Session filter: UTC hour=4 outside [7,20) and [0,0)
2026-05-05 23:25:49 INFO mt5_bot - Balance=102029.96 Equity=102029.96 Spread=0.80 pips
2026-05-05 23:25:49 INFO mt5_bot - Session filter: UTC hour=4 outside [7,20) and [0,0)
2026-05-05 23:26:04 INFO mt5_bot - Balance=102029.96 Equity=102029.96 Spread=0.80 pips
2026-05-05 23:26:04 INFO mt5_bot - Session filter: UTC hour=4 outside [7,20) and [0,0)
2026-05-05 23:26:19 INFO mt5_bot - Balance=102029.96 Equity=102029.96 Spread=0.80 pips
2026-05-05 23:26:19 INFO mt5_bot - Session filter: UTC hour=4 outside [7,20) and [0,0)
2026-05-05 23:26:34 INFO mt5_bot - Balance=102029.96 Equity=102029.96 Spread=0.80 pips
2026-05-05 23:26:34 INFO mt5_bot - Session filter: UTC hour=4 outside [7,20) and [0,0)
2026-05-05 23:26:49 INFO mt5_bot - Balance=102029.96 Equity=102029.96 Spread=0.80 pips
2026-05-05 23:26:49 INFO mt5_bot - Session filter: UTC hour=4 outside [7,20) and [0,0)
2026-05-05 23:27:04 INFO mt5_bot - Balance=102029.96 Equity=102029.96 Spread=0.80 pips
2026-05-05 23:27:04 INFO mt5_bot - Session filter: UTC hour=4 outside [7,20) and [0,0)
2026-05-05 23:27:19 INFO mt5_bot - Balance=102029.96 Equity=102029.96 Spread=0.80 pips
2026-05-05 23:27:19 INFO mt5_bot - Session filter: UTC hour=4 outside [7,20) and [0,0)
2026-05-05 23:27:34 INFO mt5_bot - Balance=102029.96 Equity=102029.96 Spread=0.80 pips
2026-05-05 23:27:34 INFO mt5_bot - Session filter: UTC hour=4 outside [7,20) and [0,0)
2026-05-05 23:27:49 INFO mt5_bot - Balance=102029.96 Equity=102029.96 Spread=0.80 pips
2026-05-05 23:27:49 INFO mt5_bot - Session filter: UTC hour=4 outside [7,20) and [0,0)
2026-05-05 23:28:04 INFO mt5_bot - Balance=102029.96 Equity=102029.96 Spread=0.80 pips
2026-05-05 23:28:04 INFO mt5_bot - Session filter: UTC hour=4 outside [7,20) and [0,0)
2026-05-05 23:28:19 INFO mt5_bot - Balance=102029.96 Equity=102029.96 Spread=0.80 pips
2026-05-05 23:28:19 INFO mt5_bot - Session filter: UTC hour=4 outside [7,20) and [0,0)
2026-05-05 23:28:34 INFO mt5_bot - Balance=102029.96 Equity=102029.96 Spread=0.80 pips
2026-05-05 23:28:34 INFO mt5_bot - Session filter: UTC hour=4 outside [7,20) and [0,0)
2026-05-05 23:28:49 INFO mt5_bot - Balance=102029.96 Equity=102029.96 Spread=0.80 pips
2026-05-05 23:28:49 INFO mt5_bot - Session filter: UTC hour=4 outside [7,20) and [0,0)
2026-05-05 23:29:04 INFO mt5_bot - Balance=102029.96 Equity=102029.96 Spread=0.80 pips
2026-05-05 23:29:04 INFO mt5_bot - Session filter: UTC hour=4 outside [7,20) and [0,0)
2026-05-05 23:29:19 INFO mt5_bot - Balance=102029.96 Equity=102029.96 Spread=0.80 pips
2026-05-05 23:29:19 INFO mt5_bot - Session filter: UTC hour=4 outside [7,20) and [0,0)
2026-05-05 23:29:34 INFO mt5_bot - Balance=102029.96 Equity=102029.96 Spread=0.80 pips
2026-05-05 23:29:34 INFO mt5_bot - Session filter: UTC hour=4 outside [7,20) and [0,0)
2026-05-05 23:29:49 INFO mt5_bot - Balance=102029.96 Equity=102029.96 Spread=0.80 pips
2026-05-05 23:29:49 INFO mt5_bot - Session filter: UTC hour=4 outside [7,20) and [0,0)
2026-05-05 23:30:04 INFO mt5_bot - Balance=102029.96 Equity=102029.96 Spread=0.80 pips
2026-05-05 23:30:04 INFO mt5_bot - Session filter: UTC hour=4 outside [7,20) and [0,0)
2026-05-05 23:30:19 INFO mt5_bot - Balance=102029.96 Equity=102029.96 Spread=0.80 pips
2026-05-05 23:30:19 INFO mt5_bot - Session filter: UTC hour=4 outside [7,20) and [0,0)
2026-05-05 23:30:34 INFO mt5_bot - Balance=102029.96 Equity=102029.96 Spread=0.80 pips
2026-05-05 23:30:34 INFO mt5_bot - Session filter: UTC hour=4 outside [7,20) and [0,0)
2026-05-05 23:30:49 INFO mt5_bot - Balance=102029.96 Equity=102029.96 Spread=0.80 pips
2026-05-05 23:30:49 INFO mt5_bot - Session filter: UTC hour=4 outside [7,20) and [0,0)
2026-05-05 23:31:04 INFO mt5_bot - Balance=102029.96 Equity=102029.96 Spread=0.70 pips
2026-05-05 23:31:04 INFO mt5_bot - Session filter: UTC hour=4 outside [7,20) and [0,0)
2026-05-05 23:31:19 INFO mt5_bot - Balance=102029.96 Equity=102029.96 Spread=0.80 pips
2026-05-05 23:31:19 INFO mt5_bot - Session filter: UTC hour=4 outside [7,20) and [0,0)
2026-05-05 23:31:34 INFO mt5_bot - Balance=102029.96 Equity=102029.96 Spread=0.80 pips
2026-05-05 23:31:34 INFO mt5_bot - Session filter: UTC hour=4 outside [7,20) and [0,0)
2026-05-05 23:31:49 INFO mt5_bot - Balance=102029.96 Equity=102029.96 Spread=0.80 pips
2026-05-05 23:31:49 INFO mt5_bot - Session filter: UTC hour=4 outside [7,20) and [0,0)
2026-05-05 23:32:04 INFO mt5_bot - Balance=102029.96 Equity=102029.96 Spread=0.80 pips
2026-05-05 23:32:04 INFO mt5_bot - Session filter: UTC hour=4 outside [7,20) and [0,0)
2026-05-05 23:32:19 INFO mt5_bot - Balance=102029.96 Equity=102029.96 Spread=0.70 pips
2026-05-05 23:32:19 INFO mt5_bot - Session filter: UTC hour=4 outside [7,20) and [0,0)
2026-05-05 23:32:34 INFO mt5_bot - Balance=102029.96 Equity=102029.96 Spread=0.80 pips
2026-05-05 23:32:34 INFO mt5_bot - Session filter: UTC hour=4 outside [7,20) and [0,0)
2026-05-05 23:32:49 INFO mt5_bot - Balance=102029.96 Equity=102029.96 Spread=0.80 pips
2026-05-05 23:32:49 INFO mt5_bot - Session filter: UTC hour=4 outside [7,20) and [0,0)
2026-05-05 23:33:04 INFO mt5_bot - Balance=102029.96 Equity=102029.96 Spread=0.80 pips
2026-05-05 23:33:04 INFO mt5_bot - Session filter: UTC hour=4 outside [7,20) and [0,0)
2026-05-05 23:33:19 INFO mt5_bot - Balance=102029.96 Equity=102029.96 Spread=0.80 pips
2026-05-05 23:33:19 INFO mt5_bot - Session filter: UTC hour=4 outside [7,20) and [0,0)
2026-05-05 23:33:34 INFO mt5_bot - Balance=102029.96 Equity=102029.96 Spread=0.80 pips
2026-05-05 23:33:34 INFO mt5_bot - Session filter: UTC hour=4 outside [7,20) and [0,0)
2026-05-05 23:33:49 INFO mt5_bot - Balance=102029.96 Equity=102029.96 Spread=0.80 pips
2026-05-05 23:33:49 INFO mt5_bot - Session filter: UTC hour=4 outside [7,20) and [0,0)
2026-05-05 23:34:04 INFO mt5_bot - Balance=102029.96 Equity=102029.96 Spread=0.80 pips
2026-05-05 23:34:04 INFO mt5_bot - Session filter: UTC hour=4 outside [7,20) and [0,0)
2026-05-05 23:34:19 INFO mt5_bot - Balance=102029.96 Equity=102029.96 Spread=0.80 pips
2026-05-05 23:34:19 INFO mt5_bot - Session filter: UTC hour=4 outside [7,20) and [0,0)
2026-05-05 23:34:34 INFO mt5_bot - Balance=102029.96 Equity=102029.96 Spread=0.70 pips
2026-05-05 23:34:34 INFO mt5_bot - Session filter: UTC hour=4 outside [7,20) and [0,0)
2026-05-05 23:34:49 INFO mt5_bot - Balance=102029.96 Equity=102029.96 Spread=0.80 pips
2026-05-05 23:34:49 INFO mt5_bot - Session filter: UTC hour=4 outside [7,20) and [0,0)
2026-05-05 23:35:04 INFO mt5_bot - Balance=102029.96 Equity=102029.96 Spread=0.80 pips
2026-05-05 23:35:04 INFO mt5_bot - Session filter: UTC hour=4 outside [7,20) and [0,0)
2026-05-05 23:35:19 INFO mt5_bot - Balance=102029.96 Equity=102029.96 Spread=0.80 pips
2026-05-05 23:35:19 INFO mt5_bot - Session filter: UTC hour=4 outside [7,20) and [0,0)
2026-05-05 23:35:34 INFO mt5_bot - Balance=102029.96 Equity=102029.96 Spread=0.80 pips
2026-05-05 23:35:34 INFO mt5_bot - Session filter: UTC hour=4 outside [7,20) and [0,0)
2026-05-05 23:35:49 INFO mt5_bot - Balance=102029.96 Equity=102029.96 Spread=0.80 pips
2026-05-05 23:35:49 INFO mt5_bot - Session filter: UTC hour=4 outside [7,20) and [0,0)
2026-05-05 23:36:04 INFO mt5_bot - Balance=102029.96 Equity=102029.96 Spread=0.80 pips
2026-05-05 23:36:04 INFO mt5_bot - Session filter: UTC hour=4 outside [7,20) and [0,0)
2026-05-05 23:36:19 INFO mt5_bot - Balance=102029.96 Equity=102029.96 Spread=0.80 pips
2026-05-05 23:36:19 INFO mt5_bot - Session filter: UTC hour=4 outside [7,20) and [0,0)
2026-05-05 23:36:34 INFO mt5_bot - Balance=102029.96 Equity=102029.96 Spread=0.80 pips
2026-05-05 23:36:34 INFO mt5_bot - Session filter: UTC hour=4 outside [7,20) and [0,0)
2026-05-05 23:36:49 INFO mt5_bot - Balance=102029.96 Equity=102029.96 Spread=0.80 pips
2026-05-05 23:36:49 INFO mt5_bot - Session filter: UTC hour=4 outside [7,20) and [0,0)
2026-05-05 23:37:04 INFO mt5_bot - Balance=102029.96 Equity=102029.96 Spread=0.80 pips
2026-05-05 23:37:04 INFO mt5_bot - Session filter: UTC hour=4 outside [7,20) and [0,0)
2026-05-05 23:37:19 INFO mt5_bot - Balance=102029.96 Equity=102029.96 Spread=0.80 pips
2026-05-05 23:37:19 INFO mt5_bot - Session filter: UTC hour=4 outside [7,20) and [0,0)
2026-05-05 23:37:34 INFO mt5_bot - Balance=102029.96 Equity=102029.96 Spread=0.80 pips
2026-05-05 23:37:34 INFO mt5_bot - Session filter: UTC hour=4 outside [7,20) and [0,0)
2026-05-05 23:37:49 INFO mt5_bot - Balance=102029.96 Equity=102029.96 Spread=0.70 pips
2026-05-05 23:37:49 INFO mt5_bot - Session filter: UTC hour=4 outside [7,20) and [0,0)
2026-05-05 23:38:04 INFO mt5_bot - Balance=102029.96 Equity=102029.96 Spread=0.80 pips
2026-05-05 23:38:04 INFO mt5_bot - Session filter: UTC hour=4 outside [7,20) and [0,0)
2026-05-05 23:38:19 INFO mt5_bot - Balance=102029.96 Equity=102029.96 Spread=0.80 pips
2026-05-05 23:38:19 INFO mt5_bot - Session filter: UTC hour=4 outside [7,20) and [0,0)
2026-05-05 23:38:34 INFO mt5_bot - Balance=102029.96 Equity=102029.96 Spread=0.80 pips
2026-05-05 23:38:34 INFO mt5_bot - Session filter: UTC hour=4 outside [7,20) and [0,0)
2026-05-05 23:38:49 INFO mt5_bot - Balance=102029.96 Equity=102029.96 Spread=0.80 pips
2026-05-05 23:38:49 INFO mt5_bot - Session filter: UTC hour=4 outside [7,20) and [0,0)
2026-05-05 23:39:04 INFO mt5_bot - Balance=102029.96 Equity=102029.96 Spread=0.80 pips
2026-05-05 23:39:04 INFO mt5_bot - Session filter: UTC hour=4 outside [7,20) and [0,0)
2026-05-05 23:39:19 INFO mt5_bot - Balance=102029.96 Equity=102029.96 Spread=0.80 pips
2026-05-05 23:39:19 INFO mt5_bot - Session filter: UTC hour=4 outside [7,20) and [0,0)
2026-05-05 23:39:34 INFO mt5_bot - Balance=102029.96 Equity=102029.96 Spread=0.80 pips
2026-05-05 23:39:34 INFO mt5_bot - Session filter: UTC hour=4 outside [7,20) and [0,0)
2026-05-05 23:39:49 INFO mt5_bot - Balance=102029.96 Equity=102029.96 Spread=0.80 pips
2026-05-05 23:39:49 INFO mt5_bot - Session filter: UTC hour=4 outside [7,20) and [0,0)
2026-05-05 23:40:04 INFO mt5_bot - Balance=102029.96 Equity=102029.96 Spread=0.80 pips
2026-05-05 23:40:04 INFO mt5_bot - Session filter: UTC hour=4 outside [7,20) and [0,0)
2026-05-05 23:40:19 INFO mt5_bot - Balance=102029.96 Equity=102029.96 Spread=0.80 pips
2026-05-05 23:40:19 INFO mt5_bot - Session filter: UTC hour=4 outside [7,20) and [0,0)
2026-05-05 23:40:34 INFO mt5_bot - Balance=102029.96 Equity=102029.96 Spread=0.80 pips
2026-05-05 23:40:34 INFO mt5_bot - Session filter: UTC hour=4 outside [7,20) and [0,0)
2026-05-05 23:40:49 INFO mt5_bot - Balance=102029.96 Equity=102029.96 Spread=0.80 pips
2026-05-05 23:40:49 INFO mt5_bot - Session filter: UTC hour=4 outside [7,20) and [0,0)
2026-05-05 23:41:04 INFO mt5_bot - Balance=102029.96 Equity=102029.96 Spread=0.80 pips
2026-05-05 23:41:04 INFO mt5_bot - Session filter: UTC hour=4 outside [7,20) and [0,0)
2026-05-05 23:41:19 INFO mt5_bot - Balance=102029.96 Equity=102029.96 Spread=0.80 pips
2026-05-05 23:41:19 INFO mt5_bot - Session filter: UTC hour=4 outside [7,20) and [0,0)
2026-05-05 23:41:34 INFO mt5_bot - Balance=102029.96 Equity=102029.96 Spread=0.80 pips
2026-05-05 23:41:34 INFO mt5_bot - Session filter: UTC hour=4 outside [7,20) and [0,0)
2026-05-05 23:41:49 INFO mt5_bot - Balance=102029.96 Equity=102029.96 Spread=0.80 pips
2026-05-05 23:41:49 INFO mt5_bot - Session filter: UTC hour=4 outside [7,20) and [0,0)
2026-05-05 23:42:04 INFO mt5_bot - Balance=102029.96 Equity=102029.96 Spread=0.80 pips
2026-05-05 23:42:04 INFO mt5_bot - Session filter: UTC hour=4 outside [7,20) and [0,0)
2026-05-05 23:42:19 INFO mt5_bot - Balance=102029.96 Equity=102029.96 Spread=0.80 pips
2026-05-05 23:42:19 INFO mt5_bot - Session filter: UTC hour=4 outside [7,20) and [0,0)
2026-05-05 23:42:34 INFO mt5_bot - Balance=102029.96 Equity=102029.96 Spread=0.80 pips
2026-05-05 23:42:34 INFO mt5_bot - Session filter: UTC hour=4 outside [7,20) and [0,0)
2026-05-05 23:42:49 INFO mt5_bot - Balance=102029.96 Equity=102029.96 Spread=0.80 pips
2026-05-05 23:42:49 INFO mt5_bot - Session filter: UTC hour=4 outside [7,20) and [0,0)
2026-05-05 23:43:04 INFO mt5_bot - Balance=102029.96 Equity=102029.96 Spread=0.80 pips
2026-05-05 23:43:04 INFO mt5_bot - Session filter: UTC hour=4 outside [7,20) and [0,0)
2026-05-05 23:43:19 INFO mt5_bot - Balance=102029.96 Equity=102029.96 Spread=0.80 pips
2026-05-05 23:43:19 INFO mt5_bot - Session filter: UTC hour=4 outside [7,20) and [0,0)
2026-05-05 23:43:34 INFO mt5_bot - Balance=102029.96 Equity=102029.96 Spread=0.80 pips
2026-05-05 23:43:34 INFO mt5_bot - Session filter: UTC hour=4 outside [7,20) and [0,0)
2026-05-05 23:43:49 INFO mt5_bot - Balance=102029.96 Equity=102029.96 Spread=0.80 pips
2026-05-05 23:43:49 INFO mt5_bot - Session filter: UTC hour=4 outside [7,20) and [0,0)
2026-05-05 23:44:04 INFO mt5_bot - Balance=102029.96 Equity=102029.96 Spread=0.80 pips
2026-05-05 23:44:04 INFO mt5_bot - Session filter: UTC hour=4 outside [7,20) and [0,0)
2026-05-05 23:44:19 INFO mt5_bot - Balance=102029.96 Equity=102029.96 Spread=0.80 pips
2026-05-05 23:44:19 INFO mt5_bot - Session filter: UTC hour=4 outside [7,20) and [0,0)
2026-05-05 23:44:34 INFO mt5_bot - Balance=102029.96 Equity=102029.96 Spread=0.80 pips
2026-05-05 23:44:34 INFO mt5_bot - Session filter: UTC hour=4 outside [7,20) and [0,0)
2026-05-05 23:44:49 INFO mt5_bot - Balance=102029.96 Equity=102029.96 Spread=0.80 pips
2026-05-05 23:44:49 INFO mt5_bot - Session filter: UTC hour=4 outside [7,20) and [0,0)
2026-05-05 23:45:04 INFO mt5_bot - Balance=102029.96 Equity=102029.96 Spread=0.80 pips
2026-05-05 23:45:04 INFO mt5_bot - Session filter: UTC hour=4 outside [7,20) and [0,0)
2026-05-05 23:45:19 INFO mt5_bot - Balance=102029.96 Equity=102029.96 Spread=0.80 pips
2026-05-05 23:45:19 INFO mt5_bot - Session filter: UTC hour=4 outside [7,20) and [0,0)
2026-05-05 23:45:34 INFO mt5_bot - Balance=102029.96 Equity=102029.96 Spread=0.80 pips
2026-05-05 23:45:34 INFO mt5_bot - Session filter: UTC hour=4 outside [7,20) and [0,0)
2026-05-05 23:45:49 INFO mt5_bot - Balance=102029.96 Equity=102029.96 Spread=0.80 pips
2026-05-05 23:45:49 INFO mt5_bot - Session filter: UTC hour=4 outside [7,20) and [0,0)
2026-05-05 23:46:04 INFO mt5_bot - Balance=102029.96 Equity=102029.96 Spread=0.80 pips
2026-05-05 23:46:04 INFO mt5_bot - Session filter: UTC hour=4 outside [7,20) and [0,0)
2026-05-05 23:46:19 INFO mt5_bot - Balance=102029.96 Equity=102029.96 Spread=0.80 pips
2026-05-05 23:46:19 INFO mt5_bot - Session filter: UTC hour=4 outside [7,20) and [0,0)
2026-05-05 23:46:34 INFO mt5_bot - Balance=102029.96 Equity=102029.96 Spread=0.80 pips
2026-05-05 23:46:34 INFO mt5_bot - Session filter: UTC hour=4 outside [7,20) and [0,0)
2026-05-05 23:46:49 INFO mt5_bot - Balance=102029.96 Equity=102029.96 Spread=0.80 pips
2026-05-05 23:46:49 INFO mt5_bot - Session filter: UTC hour=4 outside [7,20) and [0,0)
2026-05-05 23:47:04 INFO mt5_bot - Balance=102029.96 Equity=102029.96 Spread=0.80 pips
2026-05-05 23:47:04 INFO mt5_bot - Session filter: UTC hour=4 outside [7,20) and [0,0)
2026-05-05 23:47:19 INFO mt5_bot - Balance=102029.96 Equity=102029.96 Spread=0.80 pips
2026-05-05 23:47:19 INFO mt5_bot - Session filter: UTC hour=4 outside [7,20) and [0,0)
2026-05-05 23:47:35 INFO mt5_bot - Balance=102029.96 Equity=102029.96 Spread=0.80 pips
2026-05-05 23:47:35 INFO mt5_bot - Session filter: UTC hour=4 outside [7,20) and [0,0)
2026-05-05 23:47:50 INFO mt5_bot - Balance=102029.96 Equity=102029.96 Spread=0.80 pips
2026-05-05 23:47:50 INFO mt5_bot - Session filter: UTC hour=4 outside [7,20) and [0,0)
2026-05-05 23:48:05 INFO mt5_bot - Balance=102029.96 Equity=102029.96 Spread=0.80 pips
2026-05-05 23:48:05 INFO mt5_bot - Session filter: UTC hour=4 outside [7,20) and [0,0)
2026-05-05 23:48:20 INFO mt5_bot - Balance=102029.96 Equity=102029.96 Spread=0.80 pips
2026-05-05 23:48:20 INFO mt5_bot - Session filter: UTC hour=4 outside [7,20) and [0,0)
2026-05-05 23:48:35 INFO mt5_bot - Balance=102029.96 Equity=102029.96 Spread=0.80 pips
2026-05-05 23:48:35 INFO mt5_bot - Session filter: UTC hour=4 outside [7,20) and [0,0)
2026-05-05 23:48:50 INFO mt5_bot - Balance=102029.96 Equity=102029.96 Spread=0.80 pips
2026-05-05 23:48:50 INFO mt5_bot - Session filter: UTC hour=4 outside [7,20) and [0,0)
2026-05-05 23:49:05 INFO mt5_bot - Balance=102029.96 Equity=102029.96 Spread=0.80 pips
2026-05-05 23:49:05 INFO mt5_bot - Session filter: UTC hour=4 outside [7,20) and [0,0)
2026-05-05 23:49:20 INFO mt5_bot - Balance=102029.96 Equity=102029.96 Spread=0.80 pips
2026-05-05 23:49:20 INFO mt5_bot - Session filter: UTC hour=4 outside [7,20) and [0,0)
2026-05-05 23:49:35 INFO mt5_bot - Balance=102029.96 Equity=102029.96 Spread=0.80 pips
2026-05-05 23:49:35 INFO mt5_bot - Session filter: UTC hour=4 outside [7,20) and [0,0)
2026-05-05 23:49:50 INFO mt5_bot - Balance=102029.96 Equity=102029.96 Spread=0.80 pips
2026-05-05 23:49:50 INFO mt5_bot - Session filter: UTC hour=4 outside [7,20) and [0,0)
2026-05-05 23:50:05 INFO mt5_bot - Balance=102029.96 Equity=102029.96 Spread=0.80 pips
2026-05-05 23:50:05 INFO mt5_bot - Session filter: UTC hour=4 outside [7,20) and [0,0)
2026-05-05 23:50:20 INFO mt5_bot - Balance=102029.96 Equity=102029.96 Spread=0.80 pips
2026-05-05 23:50:20 INFO mt5_bot - Session filter: UTC hour=4 outside [7,20) and [0,0)
2026-05-05 23:50:35 INFO mt5_bot - Balance=102029.96 Equity=102029.96 Spread=0.80 pips
2026-05-05 23:50:35 INFO mt5_bot - Session filter: UTC hour=4 outside [7,20) and [0,0)
2026-05-05 23:50:50 INFO mt5_bot - Balance=102029.96 Equity=102029.96 Spread=0.80 pips
2026-05-05 23:50:50 INFO mt5_bot - Session filter: UTC hour=4 outside [7,20) and [0,0)
2026-05-05 23:51:05 INFO mt5_bot - Balance=102029.96 Equity=102029.96 Spread=0.80 pips
2026-05-05 23:51:05 INFO mt5_bot - Session filter: UTC hour=4 outside [7,20) and [0,0)
2026-05-05 23:51:20 INFO mt5_bot - Balance=102029.96 Equity=102029.96 Spread=0.80 pips
2026-05-05 23:51:20 INFO mt5_bot - Session filter: UTC hour=4 outside [7,20) and [0,0)
2026-05-05 23:51:35 INFO mt5_bot - Balance=102029.96 Equity=102029.96 Spread=0.80 pips
2026-05-05 23:51:35 INFO mt5_bot - Session filter: UTC hour=4 outside [7,20) and [0,0)
2026-05-05 23:51:50 INFO mt5_bot - Balance=102029.96 Equity=102029.96 Spread=0.80 pips
2026-05-05 23:51:50 INFO mt5_bot - Session filter: UTC hour=4 outside [7,20) and [0,0)
2026-05-05 23:52:05 INFO mt5_bot - Balance=102029.96 Equity=102029.96 Spread=0.80 pips
2026-05-05 23:52:05 INFO mt5_bot - Session filter: UTC hour=4 outside [7,20) and [0,0)
2026-05-05 23:52:20 INFO mt5_bot - Balance=102029.96 Equity=102029.96 Spread=0.80 pips
2026-05-05 23:52:20 INFO mt5_bot - Session filter: UTC hour=4 outside [7,20) and [0,0)
2026-05-05 23:52:35 INFO mt5_bot - Balance=102029.96 Equity=102029.96 Spread=0.80 pips
2026-05-05 23:52:35 INFO mt5_bot - Session filter: UTC hour=4 outside [7,20) and [0,0)
2026-05-05 23:52:50 INFO mt5_bot - Balance=102029.96 Equity=102029.96 Spread=0.70 pips
2026-05-05 23:52:50 INFO mt5_bot - Session filter: UTC hour=4 outside [7,20) and [0,0)
2026-05-05 23:53:05 INFO mt5_bot - Balance=102029.96 Equity=102029.96 Spread=0.70 pips
2026-05-05 23:53:05 INFO mt5_bot - Session filter: UTC hour=4 outside [7,20) and [0,0)
2026-05-05 23:53:20 INFO mt5_bot - Balance=102029.96 Equity=102029.96 Spread=0.80 pips
2026-05-05 23:53:20 INFO mt5_bot - Session filter: UTC hour=4 outside [7,20) and [0,0)
2026-05-05 23:53:35 INFO mt5_bot - Balance=102029.96 Equity=102029.96 Spread=0.80 pips
2026-05-05 23:53:35 INFO mt5_bot - Session filter: UTC hour=4 outside [7,20) and [0,0)
2026-05-05 23:53:50 INFO mt5_bot - Balance=102029.96 Equity=102029.96 Spread=0.70 pips
2026-05-05 23:53:50 INFO mt5_bot - Session filter: UTC hour=4 outside [7,20) and [0,0)
2026-05-05 23:54:05 INFO mt5_bot - Balance=102029.96 Equity=102029.96 Spread=0.80 pips
2026-05-05 23:54:05 INFO mt5_bot - Session filter: UTC hour=4 outside [7,20) and [0,0)
2026-05-05 23:54:20 INFO mt5_bot - Balance=102029.96 Equity=102029.96 Spread=0.80 pips
2026-05-05 23:54:20 INFO mt5_bot - Session filter: UTC hour=4 outside [7,20) and [0,0)
2026-05-05 23:54:35 INFO mt5_bot - Balance=102029.96 Equity=102029.96 Spread=0.80 pips
2026-05-05 23:54:35 INFO mt5_bot - Session filter: UTC hour=4 outside [7,20) and [0,0)
2026-05-05 23:54:50 INFO mt5_bot - Balance=102029.96 Equity=102029.96 Spread=0.70 pips
2026-05-05 23:54:50 INFO mt5_bot - Session filter: UTC hour=4 outside [7,20) and [0,0)
2026-05-05 23:55:05 INFO mt5_bot - Balance=102029.96 Equity=102029.96 Spread=0.80 pips
2026-05-05 23:55:05 INFO mt5_bot - Session filter: UTC hour=4 outside [7,20) and [0,0)
2026-05-05 23:55:20 INFO mt5_bot - Balance=102029.96 Equity=102029.96 Spread=0.80 pips
2026-05-05 23:55:20 INFO mt5_bot - Session filter: UTC hour=4 outside [7,20) and [0,0)
2026-05-05 23:55:35 INFO mt5_bot - Balance=102029.96 Equity=102029.96 Spread=0.80 pips
2026-05-05 23:55:35 INFO mt5_bot - Session filter: UTC hour=4 outside [7,20) and [0,0)
2026-05-05 23:55:50 INFO mt5_bot - Balance=102029.96 Equity=102029.96 Spread=0.80 pips
2026-05-05 23:55:50 INFO mt5_bot - Session filter: UTC hour=4 outside [7,20) and [0,0)
2026-05-05 23:56:05 INFO mt5_bot - Balance=102029.96 Equity=102029.96 Spread=0.80 pips
2026-05-05 23:56:05 INFO mt5_bot - Session filter: UTC hour=4 outside [7,20) and [0,0)
2026-05-05 23:56:20 INFO mt5_bot - Balance=102029.96 Equity=102029.96 Spread=0.80 pips
2026-05-05 23:56:20 INFO mt5_bot - Session filter: UTC hour=4 outside [7,20) and [0,0)
2026-05-05 23:56:35 INFO mt5_bot - Balance=102029.96 Equity=102029.96 Spread=0.80 pips
2026-05-05 23:56:35 INFO mt5_bot - Session filter: UTC hour=4 outside [7,20) and [0,0)
2026-05-05 23:56:50 INFO mt5_bot - Balance=102029.96 Equity=102029.96 Spread=0.80 pips
2026-05-05 23:56:50 INFO mt5_bot - Session filter: UTC hour=4 outside [7,20) and [0,0)
2026-05-05 23:57:05 INFO mt5_bot - Balance=102029.96 Equity=102029.96 Spread=0.80 pips
2026-05-05 23:57:05 INFO mt5_bot - Session filter: UTC hour=4 outside [7,20) and [0,0)
2026-05-05 23:57:20 INFO mt5_bot - Balance=102029.96 Equity=102029.96 Spread=0.80 pips
2026-05-05 23:57:20 INFO mt5_bot - Session filter: UTC hour=4 outside [7,20) and [0,0)
2026-05-05 23:57:35 INFO mt5_bot - Balance=102029.96 Equity=102029.96 Spread=0.80 pips
2026-05-05 23:57:35 INFO mt5_bot - Session filter: UTC hour=4 outside [7,20) and [0,0)
2026-05-05 23:57:50 INFO mt5_bot - Balance=102029.96 Equity=102029.96 Spread=0.80 pips
2026-05-05 23:57:50 INFO mt5_bot - Session filter: UTC hour=4 outside [7,20) and [0,0)
2026-05-05 23:58:05 INFO mt5_bot - Balance=102029.96 Equity=102029.96 Spread=0.80 pips
2026-05-05 23:58:05 INFO mt5_bot - Session filter: UTC hour=4 outside [7,20) and [0,0)
2026-05-05 23:58:20 INFO mt5_bot - Balance=102029.96 Equity=102029.96 Spread=0.80 pips
2026-05-05 23:58:20 INFO mt5_bot - Session filter: UTC hour=4 outside [7,20) and [0,0)
2026-05-05 23:58:35 INFO mt5_bot - Balance=102029.96 Equity=102029.96 Spread=0.80 pips
2026-05-05 23:58:35 INFO mt5_bot - Session filter: UTC hour=4 outside [7,20) and [0,0)
2026-05-05 23:58:50 INFO mt5_bot - Balance=102029.96 Equity=102029.96 Spread=0.80 pips
2026-05-05 23:58:50 INFO mt5_bot - Session filter: UTC hour=4 outside [7,20) and [0,0)
2026-05-05 23:59:05 INFO mt5_bot - Balance=102029.96 Equity=102029.96 Spread=0.80 pips
2026-05-05 23:59:05 INFO mt5_bot - Session filter: UTC hour=4 outside [7,20) and [0,0)
2026-05-05 23:59:20 INFO mt5_bot - Balance=102029.96 Equity=102029.96 Spread=0.80 pips
2026-05-05 23:59:20 INFO mt5_bot - Session filter: UTC hour=4 outside [7,20) and [0,0)
2026-05-05 23:59:35 INFO mt5_bot - Balance=102029.96 Equity=102029.96 Spread=0.80 pips
2026-05-05 23:59:35 INFO mt5_bot - Session filter: UTC hour=4 outside [7,20) and [0,0)
2026-05-05 23:59:50 INFO mt5_bot - Balance=102029.96 Equity=102029.96 Spread=0.80 pips
2026-05-05 23:59:50 INFO mt5_bot - Session filter: UTC hour=4 outside [7,20) and [0,0)
2026-05-06 00:00:05 INFO mt5_bot - Balance=102029.96 Equity=102029.96 Spread=0.20 pips
2026-05-06 00:00:05 INFO mt5_bot - Session filter: UTC hour=5 outside [7,20) and [0,0)
2026-05-06 00:00:20 INFO mt5_bot - Balance=102029.96 Equity=102029.96 Spread=0.40 pips
2026-05-06 00:00:20 INFO mt5_bot - Session filter: UTC hour=5 outside [7,20) and [0,0)
2026-05-06 00:00:35 INFO mt5_bot - Balance=102029.96 Equity=102029.96 Spread=0.40 pips
2026-05-06 00:00:35 INFO mt5_bot - Session filter: UTC hour=5 outside [7,20) and [0,0)
2026-05-06 00:00:50 INFO mt5_bot - Balance=102029.96 Equity=102029.96 Spread=0.20 pips
2026-05-06 00:00:50 INFO mt5_bot - Session filter: UTC hour=5 outside [7,20) and [0,0)
2026-05-06 00:01:05 INFO mt5_bot - Balance=102029.96 Equity=102029.96 Spread=0.20 pips
2026-05-06 00:01:05 INFO mt5_bot - Session filter: UTC hour=5 outside [7,20) and [0,0)
2026-05-06 00:01:20 INFO mt5_bot - Balance=102029.96 Equity=102029.96 Spread=0.20 pips
2026-05-06 00:01:20 INFO mt5_bot - Session filter: UTC hour=5 outside [7,20) and [0,0)
2026-05-06 00:01:35 INFO mt5_bot - Balance=102029.96 Equity=102029.96 Spread=0.20 pips
2026-05-06 00:01:35 INFO mt5_bot - Session filter: UTC hour=5 outside [7,20) and [0,0)
2026-05-06 00:01:50 INFO mt5_bot - Balance=102029.96 Equity=102029.96 Spread=0.20 pips
2026-05-06 00:01:50 INFO mt5_bot - Session filter: UTC hour=5 outside [7,20) and [0,0)
2026-05-06 00:02:05 INFO mt5_bot - Balance=102029.96 Equity=102029.96 Spread=0.20 pips
2026-05-06 00:02:05 INFO mt5_bot - Session filter: UTC hour=5 outside [7,20) and [0,0)
2026-05-06 00:02:20 INFO mt5_bot - Balance=102029.96 Equity=102029.96 Spread=0.40 pips
2026-05-06 00:02:20 INFO mt5_bot - Session filter: UTC hour=5 outside [7,20) and [0,0)
2026-05-06 00:02:35 INFO mt5_bot - Balance=102029.96 Equity=102029.96 Spread=0.20 pips
2026-05-06 00:02:35 INFO mt5_bot - Session filter: UTC hour=5 outside [7,20) and [0,0)
2026-05-06 00:02:50 INFO mt5_bot - Balance=102029.96 Equity=102029.96 Spread=0.40 pips
2026-05-06 00:02:50 INFO mt5_bot - Session filter: UTC hour=5 outside [7,20) and [0,0)
2026-05-06 00:03:05 INFO mt5_bot - Balance=102029.96 Equity=102029.96 Spread=0.20 pips
2026-05-06 00:03:05 INFO mt5_bot - Session filter: UTC hour=5 outside [7,20) and [0,0)
2026-05-06 00:03:20 INFO mt5_bot - Balance=102029.96 Equity=102029.96 Spread=0.40 pips
2026-05-06 00:03:20 INFO mt5_bot - Session filter: UTC hour=5 outside [7,20) and [0,0)
2026-05-06 00:03:35 INFO mt5_bot - Balance=102029.96 Equity=102029.96 Spread=0.20 pips
2026-05-06 00:03:35 INFO mt5_bot - Session filter: UTC hour=5 outside [7,20) and [0,0)
2026-05-06 00:03:50 INFO mt5_bot - Balance=102029.96 Equity=102029.96 Spread=0.20 pips
2026-05-06 00:03:50 INFO mt5_bot - Session filter: UTC hour=5 outside [7,20) and [0,0)
2026-05-06 00:04:05 INFO mt5_bot - Balance=102029.96 Equity=102029.96 Spread=0.40 pips
2026-05-06 00:04:05 INFO mt5_bot - Session filter: UTC hour=5 outside [7,20) and [0,0)
2026-05-06 00:04:20 INFO mt5_bot - Balance=102029.96 Equity=102029.96 Spread=0.20 pips
2026-05-06 00:04:20 INFO mt5_bot - Session filter: UTC hour=5 outside [7,20) and [0,0)
2026-05-06 00:04:35 INFO mt5_bot - Balance=102029.96 Equity=102029.96 Spread=0.20 pips
2026-05-06 00:04:35 INFO mt5_bot - Session filter: UTC hour=5 outside [7,20) and [0,0)
2026-05-06 00:04:50 INFO mt5_bot - Balance=102029.96 Equity=102029.96 Spread=0.20 pips
2026-05-06 00:04:50 INFO mt5_bot - Session filter: UTC hour=5 outside [7,20) and [0,0)
2026-05-06 00:05:05 INFO mt5_bot - Balance=102029.96 Equity=102029.96 Spread=0.20 pips
2026-05-06 00:05:05 INFO mt5_bot - Session filter: UTC hour=5 outside [7,20) and [0,0)
2026-05-06 00:05:20 INFO mt5_bot - Balance=102029.96 Equity=102029.96 Spread=0.40 pips
2026-05-06 00:05:20 INFO mt5_bot - Session filter: UTC hour=5 outside [7,20) and [0,0)
2026-05-06 00:05:35 INFO mt5_bot - Balance=102029.96 Equity=102029.96 Spread=0.20 pips
2026-05-06 00:05:35 INFO mt5_bot - Session filter: UTC hour=5 outside [7,20) and [0,0)
2026-05-06 00:05:50 INFO mt5_bot - Balance=102029.96 Equity=102029.96 Spread=0.20 pips
2026-05-06 00:05:50 INFO mt5_bot - Session filter: UTC hour=5 outside [7,20) and [0,0)
2026-05-06 00:06:05 INFO mt5_bot - Balance=102029.96 Equity=102029.96 Spread=0.20 pips
2026-05-06 00:06:05 INFO mt5_bot - Session filter: UTC hour=5 outside [7,20) and [0,0)
2026-05-06 00:06:20 INFO mt5_bot - Balance=102029.96 Equity=102029.96 Spread=0.20 pips
2026-05-06 00:06:20 INFO mt5_bot - Session filter: UTC hour=5 outside [7,20) and [0,0)
2026-05-06 00:06:35 INFO mt5_bot - Balance=102029.96 Equity=102029.96 Spread=0.20 pips
2026-05-06 00:06:35 INFO mt5_bot - Session filter: UTC hour=5 outside [7,20) and [0,0)
2026-05-06 00:06:50 INFO mt5_bot - Balance=102029.96 Equity=102029.96 Spread=0.20 pips
2026-05-06 00:06:50 INFO mt5_bot - Session filter: UTC hour=5 outside [7,20) and [0,0)
2026-05-06 00:07:05 INFO mt5_bot - Balance=102029.96 Equity=102029.96 Spread=0.40 pips
2026-05-06 00:07:05 INFO mt5_bot - Session filter: UTC hour=5 outside [7,20) and [0,0)
2026-05-06 00:07:20 INFO mt5_bot - Balance=102029.96 Equity=102029.96 Spread=0.40 pips
2026-05-06 00:07:20 INFO mt5_bot - Session filter: UTC hour=5 outside [7,20) and [0,0)
2026-05-06 00:07:35 INFO mt5_bot - Balance=102029.96 Equity=102029.96 Spread=0.40 pips
2026-05-06 00:07:35 INFO mt5_bot - Session filter: UTC hour=5 outside [7,20) and [0,0)
2026-05-06 00:07:50 INFO mt5_bot - Balance=102029.96 Equity=102029.96 Spread=0.20 pips
2026-05-06 00:07:50 INFO mt5_bot - Session filter: UTC hour=5 outside [7,20) and [0,0)
2026-05-06 00:08:05 INFO mt5_bot - Balance=102029.96 Equity=102029.96 Spread=0.40 pips
2026-05-06 00:08:05 INFO mt5_bot - Session filter: UTC hour=5 outside [7,20) and [0,0)
2026-05-06 00:08:20 INFO mt5_bot - Balance=102029.96 Equity=102029.96 Spread=0.20 pips
2026-05-06 00:08:20 INFO mt5_bot - Session filter: UTC hour=5 outside [7,20) and [0,0)
2026-05-06 00:08:35 INFO mt5_bot - Balance=102029.96 Equity=102029.96 Spread=0.20 pips
2026-05-06 00:08:35 INFO mt5_bot - Session filter: UTC hour=5 outside [7,20) and [0,0)
2026-05-06 00:08:50 INFO mt5_bot - Balance=102029.96 Equity=102029.96 Spread=0.20 pips
2026-05-06 00:08:50 INFO mt5_bot - Session filter: UTC hour=5 outside [7,20) and [0,0)
2026-05-06 00:09:05 INFO mt5_bot - Balance=102029.96 Equity=102029.96 Spread=0.20 pips
2026-05-06 00:09:05 INFO mt5_bot - Session filter: UTC hour=5 outside [7,20) and [0,0)
2026-05-06 00:09:20 INFO mt5_bot - Balance=102029.96 Equity=102029.96 Spread=0.40 pips
2026-05-06 00:09:20 INFO mt5_bot - Session filter: UTC hour=5 outside [7,20) and [0,0)
2026-05-06 00:09:35 INFO mt5_bot - Balance=102029.96 Equity=102029.96 Spread=0.20 pips
2026-05-06 00:09:35 INFO mt5_bot - Session filter: UTC hour=5 outside [7,20) and [0,0)
2026-05-06 00:09:50 INFO mt5_bot - Balance=102029.96 Equity=102029.96 Spread=0.20 pips
2026-05-06 00:09:50 INFO mt5_bot - Session filter: UTC hour=5 outside [7,20) and [0,0)
2026-05-06 00:10:05 INFO mt5_bot - Balance=102029.96 Equity=102029.96 Spread=0.20 pips
2026-05-06 00:10:05 INFO mt5_bot - Session filter: UTC hour=5 outside [7,20) and [0,0)
2026-05-06 00:10:20 INFO mt5_bot - Balance=102029.96 Equity=102029.96 Spread=0.40 pips
2026-05-06 00:10:20 INFO mt5_bot - Session filter: UTC hour=5 outside [7,20) and [0,0)
2026-05-06 00:10:35 INFO mt5_bot - Balance=102029.96 Equity=102029.96 Spread=0.40 pips
2026-05-06 00:10:35 INFO mt5_bot - Session filter: UTC hour=5 outside [7,20) and [0,0)
2026-05-06 00:10:50 INFO mt5_bot - Balance=102029.96 Equity=102029.96 Spread=0.40 pips
2026-05-06 00:10:50 INFO mt5_bot - Session filter: UTC hour=5 outside [7,20) and [0,0)
2026-05-06 00:11:05 INFO mt5_bot - Balance=102029.96 Equity=102029.96 Spread=0.20 pips
2026-05-06 00:11:05 INFO mt5_bot - Session filter: UTC hour=5 outside [7,20) and [0,0)
2026-05-06 00:11:20 INFO mt5_bot - Balance=102029.96 Equity=102029.96 Spread=0.20 pips
2026-05-06 00:11:20 INFO mt5_bot - Session filter: UTC hour=5 outside [7,20) and [0,0)
2026-05-06 00:11:35 INFO mt5_bot - Balance=102029.96 Equity=102029.96 Spread=0.20 pips
2026-05-06 00:11:35 INFO mt5_bot - Session filter: UTC hour=5 outside [7,20) and [0,0)
2026-05-06 00:11:50 INFO mt5_bot - Balance=102029.96 Equity=102029.96 Spread=0.20 pips
2026-05-06 00:11:50 INFO mt5_bot - Session filter: UTC hour=5 outside [7,20) and [0,0)
2026-05-06 00:12:05 INFO mt5_bot - Balance=102029.96 Equity=102029.96 Spread=0.40 pips
2026-05-06 00:12:05 INFO mt5_bot - Session filter: UTC hour=5 outside [7,20) and [0,0)
2026-05-06 00:12:20 INFO mt5_bot - Balance=102029.96 Equity=102029.96 Spread=0.40 pips
2026-05-06 00:12:20 INFO mt5_bot - Session filter: UTC hour=5 outside [7,20) and [0,0)
2026-05-06 00:12:35 INFO mt5_bot - Balance=102029.96 Equity=102029.96 Spread=0.40 pips
2026-05-06 00:12:35 INFO mt5_bot - Session filter: UTC hour=5 outside [7,20) and [0,0)
2026-05-06 00:12:50 INFO mt5_bot - Balance=102029.96 Equity=102029.96 Spread=0.20 pips
2026-05-06 00:12:50 INFO mt5_bot - Session filter: UTC hour=5 outside [7,20) and [0,0)
2026-05-06 00:13:05 INFO mt5_bot - Balance=102029.96 Equity=102029.96 Spread=0.40 pips
2026-05-06 00:13:05 INFO mt5_bot - Session filter: UTC hour=5 outside [7,20) and [0,0)
2026-05-06 00:13:20 INFO mt5_bot - Balance=102029.96 Equity=102029.96 Spread=0.40 pips
2026-05-06 00:13:20 INFO mt5_bot - Session filter: UTC hour=5 outside [7,20) and [0,0)
2026-05-06 00:13:35 INFO mt5_bot - Balance=102029.96 Equity=102029.96 Spread=0.40 pips
2026-05-06 00:13:35 INFO mt5_bot - Session filter: UTC hour=5 outside [7,20) and [0,0)
2026-05-06 00:13:50 INFO mt5_bot - Balance=102029.96 Equity=102029.96 Spread=0.40 pips
2026-05-06 00:13:50 INFO mt5_bot - Session filter: UTC hour=5 outside [7,20) and [0,0)
2026-05-06 00:14:05 INFO mt5_bot - Balance=102029.96 Equity=102029.96 Spread=0.40 pips
2026-05-06 00:14:05 INFO mt5_bot - Session filter: UTC hour=5 outside [7,20) and [0,0)
2026-05-06 00:14:20 INFO mt5_bot - Balance=102029.96 Equity=102029.96 Spread=0.40 pips
2026-05-06 00:14:20 INFO mt5_bot - Session filter: UTC hour=5 outside [7,20) and [0,0)
2026-05-06 00:14:35 INFO mt5_bot - Balance=102029.96 Equity=102029.96 Spread=0.40 pips
2026-05-06 00:14:35 INFO mt5_bot - Session filter: UTC hour=5 outside [7,20) and [0,0)
2026-05-06 00:14:50 INFO mt5_bot - Balance=102029.96 Equity=102029.96 Spread=0.20 pips
2026-05-06 00:14:50 INFO mt5_bot - Session filter: UTC hour=5 outside [7,20) and [0,0)
2026-05-06 00:15:05 INFO mt5_bot - Balance=102029.96 Equity=102029.96 Spread=0.40 pips
2026-05-06 00:15:05 INFO mt5_bot - Session filter: UTC hour=5 outside [7,20) and [0,0)
2026-05-06 00:15:20 INFO mt5_bot - Balance=102029.96 Equity=102029.96 Spread=0.20 pips
2026-05-06 00:15:20 INFO mt5_bot - Session filter: UTC hour=5 outside [7,20) and [0,0)
2026-05-06 00:15:35 INFO mt5_bot - Balance=102029.96 Equity=102029.96 Spread=0.40 pips
2026-05-06 00:15:35 INFO mt5_bot - Session filter: UTC hour=5 outside [7,20) and [0,0)
2026-05-06 00:15:50 INFO mt5_bot - Balance=102029.96 Equity=102029.96 Spread=0.20 pips
2026-05-06 00:15:50 INFO mt5_bot - Session filter: UTC hour=5 outside [7,20) and [0,0)
2026-05-06 00:16:05 INFO mt5_bot - Balance=102029.96 Equity=102029.96 Spread=0.40 pips
2026-05-06 00:16:05 INFO mt5_bot - Session filter: UTC hour=5 outside [7,20) and [0,0)
2026-05-06 00:16:20 INFO mt5_bot - Balance=102029.96 Equity=102029.96 Spread=0.40 pips
2026-05-06 00:16:20 INFO mt5_bot - Session filter: UTC hour=5 outside [7,20) and [0,0)
2026-05-06 00:16:35 INFO mt5_bot - Balance=102029.96 Equity=102029.96 Spread=0.40 pips
2026-05-06 00:16:35 INFO mt5_bot - Session filter: UTC hour=5 outside [7,20) and [0,0)
2026-05-06 00:16:50 INFO mt5_bot - Balance=102029.96 Equity=102029.96 Spread=0.40 pips
2026-05-06 00:16:50 INFO mt5_bot - Session filter: UTC hour=5 outside [7,20) and [0,0)
2026-05-06 00:17:05 INFO mt5_bot - Balance=102029.96 Equity=102029.96 Spread=0.20 pips
2026-05-06 00:17:05 INFO mt5_bot - Session filter: UTC hour=5 outside [7,20) and [0,0)
2026-05-06 00:17:20 INFO mt5_bot - Balance=102029.96 Equity=102029.96 Spread=0.40 pips
2026-05-06 00:17:20 INFO mt5_bot - Session filter: UTC hour=5 outside [7,20) and [0,0)
2026-05-06 00:17:35 INFO mt5_bot - Balance=102029.96 Equity=102029.96 Spread=0.40 pips
2026-05-06 00:17:35 INFO mt5_bot - Session filter: UTC hour=5 outside [7,20) and [0,0)
2026-05-06 00:17:50 INFO mt5_bot - Balance=102029.96 Equity=102029.96 Spread=0.20 pips
2026-05-06 00:17:50 INFO mt5_bot - Session filter: UTC hour=5 outside [7,20) and [0,0)
2026-05-06 00:18:05 INFO mt5_bot - Balance=102029.96 Equity=102029.96 Spread=0.20 pips
2026-05-06 00:18:05 INFO mt5_bot - Session filter: UTC hour=5 outside [7,20) and [0,0)
2026-05-06 00:18:20 INFO mt5_bot - Balance=102029.96 Equity=102029.96 Spread=0.40 pips
2026-05-06 00:18:20 INFO mt5_bot - Session filter: UTC hour=5 outside [7,20) and [0,0)
2026-05-06 00:18:35 INFO mt5_bot - Balance=102029.96 Equity=102029.96 Spread=0.40 pips
2026-05-06 00:18:35 INFO mt5_bot - Session filter: UTC hour=5 outside [7,20) and [0,0)
2026-05-06 00:18:50 INFO mt5_bot - Balance=102029.96 Equity=102029.96 Spread=0.40 pips
2026-05-06 00:18:50 INFO mt5_bot - Session filter: UTC hour=5 outside [7,20) and [0,0)
2026-05-06 00:19:05 INFO mt5_bot - Balance=102029.96 Equity=102029.96 Spread=0.40 pips
2026-05-06 00:19:05 INFO mt5_bot - Session filter: UTC hour=5 outside [7,20) and [0,0)
2026-05-06 00:19:20 INFO mt5_bot - Balance=102029.96 Equity=102029.96 Spread=0.40 pips
2026-05-06 00:19:20 INFO mt5_bot - Session filter: UTC hour=5 outside [7,20) and [0,0)
2026-05-06 00:19:35 INFO mt5_bot - Balance=102029.96 Equity=102029.96 Spread=0.20 pips
2026-05-06 00:19:35 INFO mt5_bot - Session filter: UTC hour=5 outside [7,20) and [0,0)
2026-05-06 00:19:50 INFO mt5_bot - Balance=102029.96 Equity=102029.96 Spread=0.20 pips
2026-05-06 00:19:50 INFO mt5_bot - Session filter: UTC hour=5 outside [7,20) and [0,0)
2026-05-06 00:20:05 INFO mt5_bot - Balance=102029.96 Equity=102029.96 Spread=0.40 pips
2026-05-06 00:20:05 INFO mt5_bot - Session filter: UTC hour=5 outside [7,20) and [0,0)
2026-05-06 00:20:20 INFO mt5_bot - Balance=102029.96 Equity=102029.96 Spread=0.40 pips
2026-05-06 00:20:20 INFO mt5_bot - Session filter: UTC hour=5 outside [7,20) and [0,0)
2026-05-06 00:20:35 INFO mt5_bot - Balance=102029.96 Equity=102029.96 Spread=0.40 pips
2026-05-06 00:20:35 INFO mt5_bot - Session filter: UTC hour=5 outside [7,20) and [0,0)
2026-05-06 00:20:50 INFO mt5_bot - Balance=102029.96 Equity=102029.96 Spread=0.40 pips
2026-05-06 00:20:50 INFO mt5_bot - Session filter: UTC hour=5 outside [7,20) and [0,0)
2026-05-06 00:21:05 INFO mt5_bot - Balance=102029.96 Equity=102029.96 Spread=0.20 pips
2026-05-06 00:21:05 INFO mt5_bot - Session filter: UTC hour=5 outside [7,20) and [0,0)
2026-05-06 00:21:20 INFO mt5_bot - Balance=102029.96 Equity=102029.96 Spread=0.40 pips
2026-05-06 00:21:20 INFO mt5_bot - Session filter: UTC hour=5 outside [7,20) and [0,0)
2026-05-06 00:21:35 INFO mt5_bot - Balance=102029.96 Equity=102029.96 Spread=0.40 pips
2026-05-06 00:21:35 INFO mt5_bot - Session filter: UTC hour=5 outside [7,20) and [0,0)
2026-05-06 00:21:50 INFO mt5_bot - Balance=102029.96 Equity=102029.96 Spread=0.20 pips
2026-05-06 00:21:50 INFO mt5_bot - Session filter: UTC hour=5 outside [7,20) and [0,0)
2026-05-06 00:22:05 INFO mt5_bot - Balance=102029.96 Equity=102029.96 Spread=0.20 pips
2026-05-06 00:22:05 INFO mt5_bot - Session filter: UTC hour=5 outside [7,20) and [0,0)
2026-05-06 00:22:20 INFO mt5_bot - Balance=102029.96 Equity=102029.96 Spread=0.40 pips
2026-05-06 00:22:20 INFO mt5_bot - Session filter: UTC hour=5 outside [7,20) and [0,0)
2026-05-06 00:22:35 INFO mt5_bot - Balance=102029.96 Equity=102029.96 Spread=0.40 pips
2026-05-06 00:22:35 INFO mt5_bot - Session filter: UTC hour=5 outside [7,20) and [0,0)
2026-05-06 00:22:50 INFO mt5_bot - Balance=102029.96 Equity=102029.96 Spread=0.40 pips
2026-05-06 00:22:50 INFO mt5_bot - Session filter: UTC hour=5 outside [7,20) and [0,0)
2026-05-06 00:23:05 INFO mt5_bot - Balance=102029.96 Equity=102029.96 Spread=0.20 pips
2026-05-06 00:23:05 INFO mt5_bot - Session filter: UTC hour=5 outside [7,20) and [0,0)
2026-05-06 00:23:20 INFO mt5_bot - Balance=102029.96 Equity=102029.96 Spread=0.20 pips
2026-05-06 00:23:20 INFO mt5_bot - Session filter: UTC hour=5 outside [7,20) and [0,0)
2026-05-06 00:23:35 INFO mt5_bot - Balance=102029.96 Equity=102029.96 Spread=0.40 pips
2026-05-06 00:23:35 INFO mt5_bot - Session filter: UTC hour=5 outside [7,20) and [0,0)
2026-05-06 00:23:50 INFO mt5_bot - Balance=102029.96 Equity=102029.96 Spread=0.20 pips
2026-05-06 00:23:50 INFO mt5_bot - Session filter: UTC hour=5 outside [7,20) and [0,0)
2026-05-06 00:24:05 INFO mt5_bot - Balance=102029.96 Equity=102029.96 Spread=0.20 pips
2026-05-06 00:24:05 INFO mt5_bot - Session filter: UTC hour=5 outside [7,20) and [0,0)
2026-05-06 00:24:20 INFO mt5_bot - Balance=102029.96 Equity=102029.96 Spread=0.40 pips
2026-05-06 00:24:20 INFO mt5_bot - Session filter: UTC hour=5 outside [7,20) and [0,0)
2026-05-06 00:24:35 INFO mt5_bot - Balance=102029.96 Equity=102029.96 Spread=0.20 pips
2026-05-06 00:24:35 INFO mt5_bot - Session filter: UTC hour=5 outside [7,20) and [0,0)
2026-05-06 00:24:50 INFO mt5_bot - Balance=102029.96 Equity=102029.96 Spread=0.20 pips
2026-05-06 00:24:50 INFO mt5_bot - Session filter: UTC hour=5 outside [7,20) and [0,0)
2026-05-06 00:25:05 INFO mt5_bot - Balance=102029.96 Equity=102029.96 Spread=0.20 pips
2026-05-06 00:25:05 INFO mt5_bot - Session filter: UTC hour=5 outside [7,20) and [0,0)
2026-05-06 00:25:20 INFO mt5_bot - Balance=102029.96 Equity=102029.96 Spread=0.40 pips
2026-05-06 00:25:20 INFO mt5_bot - Session filter: UTC hour=5 outside [7,20) and [0,0)
2026-05-06 00:25:35 INFO mt5_bot - Balance=102029.96 Equity=102029.96 Spread=0.20 pips
2026-05-06 00:25:35 INFO mt5_bot - Session filter: UTC hour=5 outside [7,20) and [0,0)
2026-05-06 00:25:50 INFO mt5_bot - Balance=102029.96 Equity=102029.96 Spread=0.20 pips
2026-05-06 00:25:50 INFO mt5_bot - Session filter: UTC hour=5 outside [7,20) and [0,0)
2026-05-06 00:26:05 INFO mt5_bot - Balance=102029.96 Equity=102029.96 Spread=0.40 pips
2026-05-06 00:26:05 INFO mt5_bot - Session filter: UTC hour=5 outside [7,20) and [0,0)
2026-05-06 00:26:20 INFO mt5_bot - Balance=102029.96 Equity=102029.96 Spread=0.20 pips
2026-05-06 00:26:20 INFO mt5_bot - Session filter: UTC hour=5 outside [7,20) and [0,0)
2026-05-06 00:26:35 INFO mt5_bot - Balance=102029.96 Equity=102029.96 Spread=0.20 pips
2026-05-06 00:26:35 INFO mt5_bot - Session filter: UTC hour=5 outside [7,20) and [0,0)
2026-05-06 00:26:50 INFO mt5_bot - Balance=102029.96 Equity=102029.96 Spread=0.20 pips
2026-05-06 00:26:50 INFO mt5_bot - Session filter: UTC hour=5 outside [7,20) and [0,0)
2026-05-06 00:27:05 INFO mt5_bot - Balance=102029.96 Equity=102029.96 Spread=0.40 pips
2026-05-06 00:27:05 INFO mt5_bot - Session filter: UTC hour=5 outside [7,20) and [0,0)
2026-05-06 00:27:20 INFO mt5_bot - Balance=102029.96 Equity=102029.96 Spread=0.40 pips
2026-05-06 00:27:20 INFO mt5_bot - Session filter: UTC hour=5 outside [7,20) and [0,0)
2026-05-06 00:27:35 INFO mt5_bot - Balance=102029.96 Equity=102029.96 Spread=0.40 pips
2026-05-06 00:27:35 INFO mt5_bot - Session filter: UTC hour=5 outside [7,20) and [0,0)
2026-05-06 00:27:50 INFO mt5_bot - Balance=102029.96 Equity=102029.96 Spread=0.20 pips
2026-05-06 00:27:50 INFO mt5_bot - Session filter: UTC hour=5 outside [7,20) and [0,0)
2026-05-06 00:28:05 INFO mt5_bot - Balance=102029.96 Equity=102029.96 Spread=0.40 pips
2026-05-06 00:28:05 INFO mt5_bot - Session filter: UTC hour=5 outside [7,20) and [0,0)
2026-05-06 00:28:20 INFO mt5_bot - Balance=102029.96 Equity=102029.96 Spread=0.40 pips
2026-05-06 00:28:20 INFO mt5_bot - Session filter: UTC hour=5 outside [7,20) and [0,0)
2026-05-06 00:28:35 INFO mt5_bot - Balance=102029.96 Equity=102029.96 Spread=0.40 pips
2026-05-06 00:28:35 INFO mt5_bot - Session filter: UTC hour=5 outside [7,20) and [0,0)
2026-05-06 00:28:50 INFO mt5_bot - Balance=102029.96 Equity=102029.96 Spread=0.40 pips
2026-05-06 00:28:50 INFO mt5_bot - Session filter: UTC hour=5 outside [7,20) and [0,0)
2026-05-06 00:29:05 INFO mt5_bot - Balance=102029.96 Equity=102029.96 Spread=0.40 pips
2026-05-06 00:29:05 INFO mt5_bot - Session filter: UTC hour=5 outside [7,20) and [0,0)
2026-05-06 00:29:20 INFO mt5_bot - Balance=102029.96 Equity=102029.96 Spread=0.40 pips
2026-05-06 00:29:20 INFO mt5_bot - Session filter: UTC hour=5 outside [7,20) and [0,0)
2026-05-06 00:29:35 INFO mt5_bot - Balance=102029.96 Equity=102029.96 Spread=0.20 pips
2026-05-06 00:29:35 INFO mt5_bot - Session filter: UTC hour=5 outside [7,20) and [0,0)
2026-05-06 00:29:50 INFO mt5_bot - Balance=102029.96 Equity=102029.96 Spread=0.40 pips
2026-05-06 00:29:50 INFO mt5_bot - Session filter: UTC hour=5 outside [7,20) and [0,0)
2026-05-06 00:30:06 INFO mt5_bot - Balance=102029.96 Equity=102029.96 Spread=0.40 pips
2026-05-06 00:30:06 INFO mt5_bot - Session filter: UTC hour=5 outside [7,20) and [0,0)
2026-05-06 00:30:21 INFO mt5_bot - Balance=102029.96 Equity=102029.96 Spread=0.40 pips
2026-05-06 00:30:21 INFO mt5_bot - Session filter: UTC hour=5 outside [7,20) and [0,0)
2026-05-06 00:30:36 INFO mt5_bot - Balance=102029.96 Equity=102029.96 Spread=0.20 pips
2026-05-06 00:30:36 INFO mt5_bot - Session filter: UTC hour=5 outside [7,20) and [0,0)
2026-05-06 00:30:51 INFO mt5_bot - Balance=102029.96 Equity=102029.96 Spread=0.20 pips
2026-05-06 00:30:51 INFO mt5_bot - Session filter: UTC hour=5 outside [7,20) and [0,0)
2026-05-06 00:31:06 INFO mt5_bot - Balance=102029.96 Equity=102029.96 Spread=0.40 pips
2026-05-06 00:31:06 INFO mt5_bot - Session filter: UTC hour=5 outside [7,20) and [0,0)
2026-05-06 00:31:21 INFO mt5_bot - Balance=102029.96 Equity=102029.96 Spread=0.40 pips
2026-05-06 00:31:21 INFO mt5_bot - Session filter: UTC hour=5 outside [7,20) and [0,0)
2026-05-06 00:31:36 INFO mt5_bot - Balance=102029.96 Equity=102029.96 Spread=0.20 pips
2026-05-06 00:31:36 INFO mt5_bot - Session filter: UTC hour=5 outside [7,20) and [0,0)
2026-05-06 00:31:51 INFO mt5_bot - Balance=102029.96 Equity=102029.96 Spread=0.40 pips
2026-05-06 00:31:51 INFO mt5_bot - Session filter: UTC hour=5 outside [7,20) and [0,0)
2026-05-06 00:32:06 INFO mt5_bot - Balance=102029.96 Equity=102029.96 Spread=0.40 pips
2026-05-06 00:32:06 INFO mt5_bot - Session filter: UTC hour=5 outside [7,20) and [0,0)
2026-05-06 00:32:21 INFO mt5_bot - Balance=102029.96 Equity=102029.96 Spread=0.40 pips
2026-05-06 00:32:21 INFO mt5_bot - Session filter: UTC hour=5 outside [7,20) and [0,0)
2026-05-06 00:32:36 INFO mt5_bot - Balance=102029.96 Equity=102029.96 Spread=0.40 pips
2026-05-06 00:32:36 INFO mt5_bot - Session filter: UTC hour=5 outside [7,20) and [0,0)
2026-05-06 00:32:51 INFO mt5_bot - Balance=102029.96 Equity=102029.96 Spread=0.40 pips
2026-05-06 00:32:51 INFO mt5_bot - Session filter: UTC hour=5 outside [7,20) and [0,0)
2026-05-06 00:33:06 INFO mt5_bot - Balance=102029.96 Equity=102029.96 Spread=0.20 pips
2026-05-06 00:33:06 INFO mt5_bot - Session filter: UTC hour=5 outside [7,20) and [0,0)
2026-05-06 00:33:21 INFO mt5_bot - Balance=102029.96 Equity=102029.96 Spread=0.20 pips
2026-05-06 00:33:21 INFO mt5_bot - Session filter: UTC hour=5 outside [7,20) and [0,0)
2026-05-06 00:33:36 INFO mt5_bot - Balance=102029.96 Equity=102029.96 Spread=0.20 pips
2026-05-06 00:33:36 INFO mt5_bot - Session filter: UTC hour=5 outside [7,20) and [0,0)
2026-05-06 00:33:51 INFO mt5_bot - Balance=102029.96 Equity=102029.96 Spread=0.20 pips
2026-05-06 00:33:51 INFO mt5_bot - Session filter: UTC hour=5 outside [7,20) and [0,0)
2026-05-06 00:34:06 INFO mt5_bot - Balance=102029.96 Equity=102029.96 Spread=0.20 pips
2026-05-06 00:34:06 INFO mt5_bot - Session filter: UTC hour=5 outside [7,20) and [0,0)
2026-05-06 00:34:21 INFO mt5_bot - Balance=102029.96 Equity=102029.96 Spread=0.20 pips
2026-05-06 00:34:21 INFO mt5_bot - Session filter: UTC hour=5 outside [7,20) and [0,0)
2026-05-06 00:34:36 INFO mt5_bot - Balance=102029.96 Equity=102029.96 Spread=0.40 pips
2026-05-06 00:34:36 INFO mt5_bot - Session filter: UTC hour=5 outside [7,20) and [0,0)
2026-05-06 00:34:51 INFO mt5_bot - Balance=102029.96 Equity=102029.96 Spread=0.40 pips
2026-05-06 00:34:51 INFO mt5_bot - Session filter: UTC hour=5 outside [7,20) and [0,0)
2026-05-06 00:35:06 INFO mt5_bot - Balance=102029.96 Equity=102029.96 Spread=0.40 pips
2026-05-06 00:35:06 INFO mt5_bot - Session filter: UTC hour=5 outside [7,20) and [0,0)
2026-05-06 00:35:21 INFO mt5_bot - Balance=102029.96 Equity=102029.96 Spread=0.20 pips
2026-05-06 00:35:21 INFO mt5_bot - Session filter: UTC hour=5 outside [7,20) and [0,0)
2026-05-06 00:35:36 INFO mt5_bot - Balance=102029.96 Equity=102029.96 Spread=0.20 pips
2026-05-06 00:35:36 INFO mt5_bot - Session filter: UTC hour=5 outside [7,20) and [0,0)
2026-05-06 00:35:51 INFO mt5_bot - Balance=102029.96 Equity=102029.96 Spread=0.20 pips
2026-05-06 00:35:51 INFO mt5_bot - Session filter: UTC hour=5 outside [7,20) and [0,0)
2026-05-06 00:36:06 INFO mt5_bot - Balance=102029.96 Equity=102029.96 Spread=0.40 pips
2026-05-06 00:36:06 INFO mt5_bot - Session filter: UTC hour=5 outside [7,20) and [0,0)
2026-05-06 00:36:21 INFO mt5_bot - Balance=102029.96 Equity=102029.96 Spread=0.40 pips
2026-05-06 00:36:21 INFO mt5_bot - Session filter: UTC hour=5 outside [7,20) and [0,0)
2026-05-06 00:36:36 INFO mt5_bot - Balance=102029.96 Equity=102029.96 Spread=0.20 pips
2026-05-06 00:36:36 INFO mt5_bot - Session filter: UTC hour=5 outside [7,20) and [0,0)
2026-05-06 00:36:51 INFO mt5_bot - Balance=102029.96 Equity=102029.96 Spread=0.20 pips
2026-05-06 00:36:51 INFO mt5_bot - Session filter: UTC hour=5 outside [7,20) and [0,0)
2026-05-06 00:37:06 INFO mt5_bot - Balance=102029.96 Equity=102029.96 Spread=0.40 pips
2026-05-06 00:37:06 INFO mt5_bot - Session filter: UTC hour=5 outside [7,20) and [0,0)
2026-05-06 00:37:21 INFO mt5_bot - Balance=102029.96 Equity=102029.96 Spread=0.40 pips
2026-05-06 00:37:21 INFO mt5_bot - Session filter: UTC hour=5 outside [7,20) and [0,0)
2026-05-06 00:37:36 INFO mt5_bot - Balance=102029.96 Equity=102029.96 Spread=0.40 pips
2026-05-06 00:37:36 INFO mt5_bot - Session filter: UTC hour=5 outside [7,20) and [0,0)
2026-05-06 00:37:51 INFO mt5_bot - Balance=102029.96 Equity=102029.96 Spread=0.40 pips
2026-05-06 00:37:51 INFO mt5_bot - Session filter: UTC hour=5 outside [7,20) and [0,0)
2026-05-06 00:38:06 INFO mt5_bot - Balance=102029.96 Equity=102029.96 Spread=0.20 pips
2026-05-06 00:38:06 INFO mt5_bot - Session filter: UTC hour=5 outside [7,20) and [0,0)
2026-05-06 00:38:21 INFO mt5_bot - Balance=102029.96 Equity=102029.96 Spread=0.40 pips
2026-05-06 00:38:21 INFO mt5_bot - Session filter: UTC hour=5 outside [7,20) and [0,0)
2026-05-06 00:38:36 INFO mt5_bot - Balance=102029.96 Equity=102029.96 Spread=0.40 pips
2026-05-06 00:38:36 INFO mt5_bot - Session filter: UTC hour=5 outside [7,20) and [0,0)
2026-05-06 00:38:51 INFO mt5_bot - Balance=102029.96 Equity=102029.96 Spread=0.40 pips
2026-05-06 00:38:51 INFO mt5_bot - Session filter: UTC hour=5 outside [7,20) and [0,0)
2026-05-06 00:39:06 INFO mt5_bot - Balance=102029.96 Equity=102029.96 Spread=0.20 pips
2026-05-06 00:39:06 INFO mt5_bot - Session filter: UTC hour=5 outside [7,20) and [0,0)
2026-05-06 00:39:21 INFO mt5_bot - Balance=102029.96 Equity=102029.96 Spread=0.40 pips
2026-05-06 00:39:21 INFO mt5_bot - Session filter: UTC hour=5 outside [7,20) and [0,0)
2026-05-06 00:39:36 INFO mt5_bot - Balance=102029.96 Equity=102029.96 Spread=0.20 pips
2026-05-06 00:39:36 INFO mt5_bot - Session filter: UTC hour=5 outside [7,20) and [0,0)
2026-05-06 00:39:51 INFO mt5_bot - Balance=102029.96 Equity=102029.96 Spread=0.20 pips
2026-05-06 00:39:51 INFO mt5_bot - Session filter: UTC hour=5 outside [7,20) and [0,0)
2026-05-06 00:40:06 INFO mt5_bot - Balance=102029.96 Equity=102029.96 Spread=0.20 pips
2026-05-06 00:40:06 INFO mt5_bot - Session filter: UTC hour=5 outside [7,20) and [0,0)
2026-05-06 00:40:21 INFO mt5_bot - Balance=102029.96 Equity=102029.96 Spread=0.40 pips
2026-05-06 00:40:21 INFO mt5_bot - Session filter: UTC hour=5 outside [7,20) and [0,0)
2026-05-06 00:40:36 INFO mt5_bot - Balance=102029.96 Equity=102029.96 Spread=0.20 pips
2026-05-06 00:40:36 INFO mt5_bot - Session filter: UTC hour=5 outside [7,20) and [0,0)
2026-05-06 00:40:51 INFO mt5_bot - Balance=102029.96 Equity=102029.96 Spread=0.40 pips
2026-05-06 00:40:51 INFO mt5_bot - Session filter: UTC hour=5 outside [7,20) and [0,0)
2026-05-06 00:41:06 INFO mt5_bot - Balance=102029.96 Equity=102029.96 Spread=0.20 pips
2026-05-06 00:41:06 INFO mt5_bot - Session filter: UTC hour=5 outside [7,20) and [0,0)
2026-05-06 00:41:21 INFO mt5_bot - Balance=102029.96 Equity=102029.96 Spread=0.20 pips
2026-05-06 00:41:21 INFO mt5_bot - Session filter: UTC hour=5 outside [7,20) and [0,0)
2026-05-06 00:41:36 INFO mt5_bot - Balance=102029.96 Equity=102029.96 Spread=0.20 pips
2026-05-06 00:41:36 INFO mt5_bot - Session filter: UTC hour=5 outside [7,20) and [0,0)
2026-05-06 00:41:51 INFO mt5_bot - Balance=102029.96 Equity=102029.96 Spread=0.20 pips
2026-05-06 00:41:51 INFO mt5_bot - Session filter: UTC hour=5 outside [7,20) and [0,0)
2026-05-06 00:42:06 INFO mt5_bot - Balance=102029.96 Equity=102029.96 Spread=0.40 pips
2026-05-06 00:42:06 INFO mt5_bot - Session filter: UTC hour=5 outside [7,20) and [0,0)
2026-05-06 00:42:21 INFO mt5_bot - Balance=102029.96 Equity=102029.96 Spread=0.40 pips
2026-05-06 00:42:21 INFO mt5_bot - Session filter: UTC hour=5 outside [7,20) and [0,0)
2026-05-06 00:42:36 INFO mt5_bot - Balance=102029.96 Equity=102029.96 Spread=0.40 pips
2026-05-06 00:42:36 INFO mt5_bot - Session filter: UTC hour=5 outside [7,20) and [0,0)
2026-05-06 00:42:51 INFO mt5_bot - Balance=102029.96 Equity=102029.96 Spread=0.40 pips
2026-05-06 00:42:51 INFO mt5_bot - Session filter: UTC hour=5 outside [7,20) and [0,0)
2026-05-06 00:43:06 INFO mt5_bot - Balance=102029.96 Equity=102029.96 Spread=0.20 pips
2026-05-06 00:43:06 INFO mt5_bot - Session filter: UTC hour=5 outside [7,20) and [0,0)
2026-05-06 00:43:21 INFO mt5_bot - Balance=102029.96 Equity=102029.96 Spread=0.20 pips
2026-05-06 00:43:21 INFO mt5_bot - Session filter: UTC hour=5 outside [7,20) and [0,0)
2026-05-06 00:43:36 INFO mt5_bot - Balance=102029.96 Equity=102029.96 Spread=0.40 pips
2026-05-06 00:43:36 INFO mt5_bot - Session filter: UTC hour=5 outside [7,20) and [0,0)
2026-05-06 00:43:51 INFO mt5_bot - Balance=102029.96 Equity=102029.96 Spread=0.20 pips
2026-05-06 00:43:51 INFO mt5_bot - Session filter: UTC hour=5 outside [7,20) and [0,0)
2026-05-06 00:44:06 INFO mt5_bot - Balance=102029.96 Equity=102029.96 Spread=0.40 pips
2026-05-06 00:44:06 INFO mt5_bot - Session filter: UTC hour=5 outside [7,20) and [0,0)
2026-05-06 00:44:21 INFO mt5_bot - Balance=102029.96 Equity=102029.96 Spread=0.40 pips
2026-05-06 00:44:21 INFO mt5_bot - Session filter: UTC hour=5 outside [7,20) and [0,0)
2026-05-06 00:44:36 INFO mt5_bot - Balance=102029.96 Equity=102029.96 Spread=0.40 pips
2026-05-06 00:44:36 INFO mt5_bot - Session filter: UTC hour=5 outside [7,20) and [0,0)
2026-05-06 00:44:51 INFO mt5_bot - Balance=102029.96 Equity=102029.96 Spread=0.40 pips
2026-05-06 00:44:51 INFO mt5_bot - Session filter: UTC hour=5 outside [7,20) and [0,0)
2026-05-06 00:45:06 INFO mt5_bot - Balance=102029.96 Equity=102029.96 Spread=0.20 pips
2026-05-06 00:45:06 INFO mt5_bot - Session filter: UTC hour=5 outside [7,20) and [0,0)
2026-05-06 00:45:21 INFO mt5_bot - Balance=102029.96 Equity=102029.96 Spread=0.40 pips
2026-05-06 00:45:21 INFO mt5_bot - Session filter: UTC hour=5 outside [7,20) and [0,0)
2026-05-06 00:45:36 INFO mt5_bot - Balance=102029.96 Equity=102029.96 Spread=0.40 pips
2026-05-06 00:45:36 INFO mt5_bot - Session filter: UTC hour=5 outside [7,20) and [0,0)
2026-05-06 00:45:51 INFO mt5_bot - Balance=102029.96 Equity=102029.96 Spread=0.40 pips
2026-05-06 00:45:51 INFO mt5_bot - Session filter: UTC hour=5 outside [7,20) and [0,0)
2026-05-06 00:46:06 INFO mt5_bot - Balance=102029.96 Equity=102029.96 Spread=0.40 pips
2026-05-06 00:46:06 INFO mt5_bot - Session filter: UTC hour=5 outside [7,20) and [0,0)
2026-05-06 00:46:21 INFO mt5_bot - Balance=102029.96 Equity=102029.96 Spread=0.40 pips
2026-05-06 00:46:21 INFO mt5_bot - Session filter: UTC hour=5 outside [7,20) and [0,0)
2026-05-06 00:46:36 INFO mt5_bot - Balance=102029.96 Equity=102029.96 Spread=0.20 pips
2026-05-06 00:46:36 INFO mt5_bot - Session filter: UTC hour=5 outside [7,20) and [0,0)
2026-05-06 00:46:51 INFO mt5_bot - Balance=102029.96 Equity=102029.96 Spread=0.20 pips
2026-05-06 00:46:51 INFO mt5_bot - Session filter: UTC hour=5 outside [7,20) and [0,0)
2026-05-06 00:47:06 INFO mt5_bot - Balance=102029.96 Equity=102029.96 Spread=0.20 pips
2026-05-06 00:47:06 INFO mt5_bot - Session filter: UTC hour=5 outside [7,20) and [0,0)
2026-05-06 00:47:21 INFO mt5_bot - Balance=102029.96 Equity=102029.96 Spread=0.20 pips
2026-05-06 00:47:21 INFO mt5_bot - Session filter: UTC hour=5 outside [7,20) and [0,0)
2026-05-06 00:47:36 INFO mt5_bot - Balance=102029.96 Equity=102029.96 Spread=0.20 pips
2026-05-06 00:47:36 INFO mt5_bot - Session filter: UTC hour=5 outside [7,20) and [0,0)
2026-05-06 00:47:51 INFO mt5_bot - Balance=102029.96 Equity=102029.96 Spread=0.40 pips
2026-05-06 00:47:51 INFO mt5_bot - Session filter: UTC hour=5 outside [7,20) and [0,0)
2026-05-06 00:48:06 INFO mt5_bot - Balance=102029.96 Equity=102029.96 Spread=0.40 pips
2026-05-06 00:48:06 INFO mt5_bot - Session filter: UTC hour=5 outside [7,20) and [0,0)
2026-05-06 00:48:21 INFO mt5_bot - Balance=102029.96 Equity=102029.96 Spread=0.40 pips
2026-05-06 00:48:21 INFO mt5_bot - Session filter: UTC hour=5 outside [7,20) and [0,0)
2026-05-06 00:48:36 INFO mt5_bot - Balance=102029.96 Equity=102029.96 Spread=0.20 pips
2026-05-06 00:48:36 INFO mt5_bot - Session filter: UTC hour=5 outside [7,20) and [0,0)
2026-05-06 00:48:51 INFO mt5_bot - Balance=102029.96 Equity=102029.96 Spread=0.40 pips
2026-05-06 00:48:51 INFO mt5_bot - Session filter: UTC hour=5 outside [7,20) and [0,0)
2026-05-06 00:49:06 INFO mt5_bot - Balance=102029.96 Equity=102029.96 Spread=0.40 pips
2026-05-06 00:49:06 INFO mt5_bot - Session filter: UTC hour=5 outside [7,20) and [0,0)
2026-05-06 00:49:21 INFO mt5_bot - Balance=102029.96 Equity=102029.96 Spread=0.20 pips
2026-05-06 00:49:21 INFO mt5_bot - Session filter: UTC hour=5 outside [7,20) and [0,0)
2026-05-06 00:49:36 INFO mt5_bot - Balance=102029.96 Equity=102029.96 Spread=0.40 pips
2026-05-06 00:49:36 INFO mt5_bot - Session filter: UTC hour=5 outside [7,20) and [0,0)
2026-05-06 00:49:51 INFO mt5_bot - Balance=102029.96 Equity=102029.96 Spread=0.20 pips
2026-05-06 00:49:51 INFO mt5_bot - Session filter: UTC hour=5 outside [7,20) and [0,0)
2026-05-06 00:50:06 INFO mt5_bot - Balance=102029.96 Equity=102029.96 Spread=0.40 pips
2026-05-06 00:50:06 INFO mt5_bot - Session filter: UTC hour=5 outside [7,20) and [0,0)
2026-05-06 00:50:21 INFO mt5_bot - Balance=102029.96 Equity=102029.96 Spread=0.40 pips
2026-05-06 00:50:21 INFO mt5_bot - Session filter: UTC hour=5 outside [7,20) and [0,0)
2026-05-06 00:50:36 INFO mt5_bot - Balance=102029.96 Equity=102029.96 Spread=0.40 pips
2026-05-06 00:50:36 INFO mt5_bot - Session filter: UTC hour=5 outside [7,20) and [0,0)
2026-05-06 00:50:51 INFO mt5_bot - Balance=102029.96 Equity=102029.96 Spread=0.40 pips
2026-05-06 00:50:51 INFO mt5_bot - Session filter: UTC hour=5 outside [7,20) and [0,0)
2026-05-06 00:51:06 INFO mt5_bot - Balance=102029.96 Equity=102029.96 Spread=0.40 pips
2026-05-06 00:51:06 INFO mt5_bot - Session filter: UTC hour=5 outside [7,20) and [0,0)
2026-05-06 00:51:21 INFO mt5_bot - Balance=102029.96 Equity=102029.96 Spread=0.40 pips
2026-05-06 00:51:21 INFO mt5_bot - Session filter: UTC hour=5 outside [7,20) and [0,0)
2026-05-06 00:51:36 INFO mt5_bot - Balance=102029.96 Equity=102029.96 Spread=0.20 pips
2026-05-06 00:51:36 INFO mt5_bot - Session filter: UTC hour=5 outside [7,20) and [0,0)
2026-05-06 00:51:51 INFO mt5_bot - Balance=102029.96 Equity=102029.96 Spread=0.20 pips
2026-05-06 00:51:51 INFO mt5_bot - Session filter: UTC hour=5 outside [7,20) and [0,0)
2026-05-06 00:52:06 INFO mt5_bot - Balance=102029.96 Equity=102029.96 Spread=0.20 pips
2026-05-06 00:52:06 INFO mt5_bot - Session filter: UTC hour=5 outside [7,20) and [0,0)
2026-05-06 00:52:21 INFO mt5_bot - Balance=102029.96 Equity=102029.96 Spread=0.40 pips
2026-05-06 00:52:21 INFO mt5_bot - Session filter: UTC hour=5 outside [7,20) and [0,0)
2026-05-06 00:52:36 INFO mt5_bot - Balance=102029.96 Equity=102029.96 Spread=0.40 pips
2026-05-06 00:52:36 INFO mt5_bot - Session filter: UTC hour=5 outside [7,20) and [0,0)
2026-05-06 00:52:51 INFO mt5_bot - Balance=102029.96 Equity=102029.96 Spread=0.20 pips
2026-05-06 00:52:51 INFO mt5_bot - Session filter: UTC hour=5 outside [7,20) and [0,0)
2026-05-06 00:53:06 INFO mt5_bot - Balance=102029.96 Equity=102029.96 Spread=0.20 pips
2026-05-06 00:53:06 INFO mt5_bot - Session filter: UTC hour=5 outside [7,20) and [0,0)
2026-05-06 00:53:21 INFO mt5_bot - Balance=102029.96 Equity=102029.96 Spread=0.20 pips
2026-05-06 00:53:21 INFO mt5_bot - Session filter: UTC hour=5 outside [7,20) and [0,0)
2026-05-06 00:53:36 INFO mt5_bot - Balance=102029.96 Equity=102029.96 Spread=0.40 pips
2026-05-06 00:53:36 INFO mt5_bot - Session filter: UTC hour=5 outside [7,20) and [0,0)
2026-05-06 00:53:51 INFO mt5_bot - Balance=102029.96 Equity=102029.96 Spread=0.20 pips
2026-05-06 00:53:51 INFO mt5_bot - Session filter: UTC hour=5 outside [7,20) and [0,0)
2026-05-06 00:54:06 INFO mt5_bot - Balance=102029.96 Equity=102029.96 Spread=0.20 pips
2026-05-06 00:54:06 INFO mt5_bot - Session filter: UTC hour=5 outside [7,20) and [0,0)
2026-05-06 00:54:21 INFO mt5_bot - Balance=102029.96 Equity=102029.96 Spread=0.20 pips
2026-05-06 00:54:21 INFO mt5_bot - Session filter: UTC hour=5 outside [7,20) and [0,0)
2026-05-06 00:54:36 INFO mt5_bot - Balance=102029.96 Equity=102029.96 Spread=0.40 pips
2026-05-06 00:54:36 INFO mt5_bot - Session filter: UTC hour=5 outside [7,20) and [0,0)
2026-05-06 00:54:51 INFO mt5_bot - Balance=102029.96 Equity=102029.96 Spread=0.20 pips
2026-05-06 00:54:51 INFO mt5_bot - Session filter: UTC hour=5 outside [7,20) and [0,0)
2026-05-06 00:55:06 INFO mt5_bot - Balance=102029.96 Equity=102029.96 Spread=0.20 pips
2026-05-06 00:55:06 INFO mt5_bot - Session filter: UTC hour=5 outside [7,20) and [0,0)
2026-05-06 00:55:21 INFO mt5_bot - Balance=102029.96 Equity=102029.96 Spread=0.20 pips
2026-05-06 00:55:21 INFO mt5_bot - Session filter: UTC hour=5 outside [7,20) and [0,0)
2026-05-06 00:55:36 INFO mt5_bot - Balance=102029.96 Equity=102029.96 Spread=0.20 pips
2026-05-06 00:55:36 INFO mt5_bot - Session filter: UTC hour=5 outside [7,20) and [0,0)
2026-05-06 00:55:51 INFO mt5_bot - Balance=102029.96 Equity=102029.96 Spread=0.40 pips
2026-05-06 00:55:51 INFO mt5_bot - Session filter: UTC hour=5 outside [7,20) and [0,0)
2026-05-06 00:56:06 INFO mt5_bot - Balance=102029.96 Equity=102029.96 Spread=0.40 pips
2026-05-06 00:56:06 INFO mt5_bot - Session filter: UTC hour=5 outside [7,20) and [0,0)
2026-05-06 00:56:21 INFO mt5_bot - Balance=102029.96 Equity=102029.96 Spread=0.40 pips
2026-05-06 00:56:21 INFO mt5_bot - Session filter: UTC hour=5 outside [7,20) and [0,0)
2026-05-06 00:56:36 INFO mt5_bot - Balance=102029.96 Equity=102029.96 Spread=0.40 pips
2026-05-06 00:56:36 INFO mt5_bot - Session filter: UTC hour=5 outside [7,20) and [0,0)
2026-05-06 00:56:51 INFO mt5_bot - Balance=102029.96 Equity=102029.96 Spread=0.40 pips
2026-05-06 00:56:51 INFO mt5_bot - Session filter: UTC hour=5 outside [7,20) and [0,0)
2026-05-06 00:57:06 INFO mt5_bot - Balance=102029.96 Equity=102029.96 Spread=0.40 pips
2026-05-06 00:57:06 INFO mt5_bot - Session filter: UTC hour=5 outside [7,20) and [0,0)
2026-05-06 00:57:21 INFO mt5_bot - Balance=102029.96 Equity=102029.96 Spread=0.20 pips
2026-05-06 00:57:21 INFO mt5_bot - Session filter: UTC hour=5 outside [7,20) and [0,0)
2026-05-06 00:57:36 INFO mt5_bot - Balance=102029.96 Equity=102029.96 Spread=0.40 pips
2026-05-06 00:57:36 INFO mt5_bot - Session filter: UTC hour=5 outside [7,20) and [0,0)
2026-05-06 00:57:51 INFO mt5_bot - Balance=102029.96 Equity=102029.96 Spread=0.20 pips
2026-05-06 00:57:51 INFO mt5_bot - Session filter: UTC hour=5 outside [7,20) and [0,0)
2026-05-06 00:58:06 INFO mt5_bot - Balance=102029.96 Equity=102029.96 Spread=0.40 pips
2026-05-06 00:58:06 INFO mt5_bot - Session filter: UTC hour=5 outside [7,20) and [0,0)
2026-05-06 00:58:21 INFO mt5_bot - Balance=102029.96 Equity=102029.96 Spread=0.20 pips
2026-05-06 00:58:21 INFO mt5_bot - Session filter: UTC hour=5 outside [7,20) and [0,0)
2026-05-06 00:58:36 INFO mt5_bot - Balance=102029.96 Equity=102029.96 Spread=0.20 pips
2026-05-06 00:58:36 INFO mt5_bot - Session filter: UTC hour=5 outside [7,20) and [0,0)
2026-05-06 00:58:51 INFO mt5_bot - Balance=102029.96 Equity=102029.96 Spread=0.20 pips
2026-05-06 00:58:51 INFO mt5_bot - Session filter: UTC hour=5 outside [7,20) and [0,0)
2026-05-06 00:59:06 INFO mt5_bot - Balance=102029.96 Equity=102029.96 Spread=0.40 pips
2026-05-06 00:59:06 INFO mt5_bot - Session filter: UTC hour=5 outside [7,20) and [0,0)
2026-05-06 00:59:21 INFO mt5_bot - Balance=102029.96 Equity=102029.96 Spread=0.20 pips
2026-05-06 00:59:21 INFO mt5_bot - Session filter: UTC hour=5 outside [7,20) and [0,0)
2026-05-06 00:59:36 INFO mt5_bot - Balance=102029.96 Equity=102029.96 Spread=0.40 pips
2026-05-06 00:59:36 INFO mt5_bot - Session filter: UTC hour=5 outside [7,20) and [0,0)
2026-05-06 00:59:51 INFO mt5_bot - Balance=102029.96 Equity=102029.96 Spread=0.40 pips
2026-05-06 00:59:51 INFO mt5_bot - Session filter: UTC hour=5 outside [7,20) and [0,0)
2026-05-06 01:00:06 INFO mt5_bot - Balance=102029.96 Equity=102029.96 Spread=0.20 pips
2026-05-06 01:00:06 INFO mt5_bot - Session filter: UTC hour=6 outside [7,20) and [0,0)
2026-05-06 01:00:21 INFO mt5_bot - Balance=102029.96 Equity=102029.96 Spread=0.20 pips
2026-05-06 01:00:21 INFO mt5_bot - Session filter: UTC hour=6 outside [7,20) and [0,0)
2026-05-06 01:00:36 INFO mt5_bot - Balance=102029.96 Equity=102029.96 Spread=0.20 pips
2026-05-06 01:00:36 INFO mt5_bot - Session filter: UTC hour=6 outside [7,20) and [0,0)
2026-05-06 01:00:51 INFO mt5_bot - Balance=102029.96 Equity=102029.96 Spread=0.20 pips
2026-05-06 01:00:51 INFO mt5_bot - Session filter: UTC hour=6 outside [7,20) and [0,0)
2026-05-06 01:01:06 INFO mt5_bot - Balance=102029.96 Equity=102029.96 Spread=0.20 pips
2026-05-06 01:01:06 INFO mt5_bot - Session filter: UTC hour=6 outside [7,20) and [0,0)
2026-05-06 01:01:21 INFO mt5_bot - Balance=102029.96 Equity=102029.96 Spread=0.20 pips
2026-05-06 01:01:21 INFO mt5_bot - Session filter: UTC hour=6 outside [7,20) and [0,0)
2026-05-06 01:01:36 INFO mt5_bot - Balance=102029.96 Equity=102029.96 Spread=0.40 pips
2026-05-06 01:01:36 INFO mt5_bot - Session filter: UTC hour=6 outside [7,20) and [0,0)
2026-05-06 01:01:51 INFO mt5_bot - Balance=102029.96 Equity=102029.96 Spread=0.20 pips
2026-05-06 01:01:51 INFO mt5_bot - Session filter: UTC hour=6 outside [7,20) and [0,0)
2026-05-06 01:02:06 INFO mt5_bot - Balance=102029.96 Equity=102029.96 Spread=0.20 pips
2026-05-06 01:02:06 INFO mt5_bot - Session filter: UTC hour=6 outside [7,20) and [0,0)
2026-05-06 01:02:21 INFO mt5_bot - Balance=102029.96 Equity=102029.96 Spread=0.20 pips
2026-05-06 01:02:21 INFO mt5_bot - Session filter: UTC hour=6 outside [7,20) and [0,0)
2026-05-06 01:02:36 INFO mt5_bot - Balance=102029.96 Equity=102029.96 Spread=0.20 pips
2026-05-06 01:02:36 INFO mt5_bot - Session filter: UTC hour=6 outside [7,20) and [0,0)
2026-05-06 01:02:51 INFO mt5_bot - Balance=102029.96 Equity=102029.96 Spread=0.40 pips
2026-05-06 01:02:51 INFO mt5_bot - Session filter: UTC hour=6 outside [7,20) and [0,0)
2026-05-06 01:03:06 INFO mt5_bot - Balance=102029.96 Equity=102029.96 Spread=0.20 pips
2026-05-06 01:03:06 INFO mt5_bot - Session filter: UTC hour=6 outside [7,20) and [0,0)
2026-05-06 01:03:21 INFO mt5_bot - Balance=102029.96 Equity=102029.96 Spread=0.40 pips
2026-05-06 01:03:21 INFO mt5_bot - Session filter: UTC hour=6 outside [7,20) and [0,0)
2026-05-06 01:03:36 INFO mt5_bot - Balance=102029.96 Equity=102029.96 Spread=0.20 pips
2026-05-06 01:03:36 INFO mt5_bot - Session filter: UTC hour=6 outside [7,20) and [0,0)
2026-05-06 01:03:51 INFO mt5_bot - Balance=102029.96 Equity=102029.96 Spread=0.40 pips
2026-05-06 01:03:51 INFO mt5_bot - Session filter: UTC hour=6 outside [7,20) and [0,0)
2026-05-06 01:04:06 INFO mt5_bot - Balance=102029.96 Equity=102029.96 Spread=0.40 pips
2026-05-06 01:04:06 INFO mt5_bot - Session filter: UTC hour=6 outside [7,20) and [0,0)
2026-05-06 01:04:21 INFO mt5_bot - Balance=102029.96 Equity=102029.96 Spread=0.20 pips
2026-05-06 01:04:21 INFO mt5_bot - Session filter: UTC hour=6 outside [7,20) and [0,0)
2026-05-06 01:04:36 INFO mt5_bot - Balance=102029.96 Equity=102029.96 Spread=0.20 pips
2026-05-06 01:04:36 INFO mt5_bot - Session filter: UTC hour=6 outside [7,20) and [0,0)
2026-05-06 01:04:51 INFO mt5_bot - Balance=102029.96 Equity=102029.96 Spread=0.40 pips
2026-05-06 01:04:51 INFO mt5_bot - Session filter: UTC hour=6 outside [7,20) and [0,0)
2026-05-06 01:05:06 INFO mt5_bot - Balance=102029.96 Equity=102029.96 Spread=0.40 pips
2026-05-06 01:05:06 INFO mt5_bot - Session filter: UTC hour=6 outside [7,20) and [0,0)
2026-05-06 01:05:21 INFO mt5_bot - Balance=102029.96 Equity=102029.96 Spread=0.40 pips
2026-05-06 01:05:21 INFO mt5_bot - Session filter: UTC hour=6 outside [7,20) and [0,0)
2026-05-06 01:05:36 INFO mt5_bot - Balance=102029.96 Equity=102029.96 Spread=0.40 pips
2026-05-06 01:05:36 INFO mt5_bot - Session filter: UTC hour=6 outside [7,20) and [0,0)
2026-05-06 01:05:51 INFO mt5_bot - Balance=102029.96 Equity=102029.96 Spread=0.40 pips
2026-05-06 01:05:51 INFO mt5_bot - Session filter: UTC hour=6 outside [7,20) and [0,0)
2026-05-06 01:06:06 INFO mt5_bot - Balance=102029.96 Equity=102029.96 Spread=0.20 pips
2026-05-06 01:06:06 INFO mt5_bot - Session filter: UTC hour=6 outside [7,20) and [0,0)
2026-05-06 01:06:21 INFO mt5_bot - Balance=102029.96 Equity=102029.96 Spread=0.40 pips
2026-05-06 01:06:21 INFO mt5_bot - Session filter: UTC hour=6 outside [7,20) and [0,0)
2026-05-06 01:06:36 INFO mt5_bot - Balance=102029.96 Equity=102029.96 Spread=0.20 pips
2026-05-06 01:06:36 INFO mt5_bot - Session filter: UTC hour=6 outside [7,20) and [0,0)
2026-05-06 01:06:51 INFO mt5_bot - Balance=102029.96 Equity=102029.96 Spread=0.40 pips
2026-05-06 01:06:51 INFO mt5_bot - Session filter: UTC hour=6 outside [7,20) and [0,0)
2026-05-06 01:07:06 INFO mt5_bot - Balance=102029.96 Equity=102029.96 Spread=0.20 pips
2026-05-06 01:07:06 INFO mt5_bot - Session filter: UTC hour=6 outside [7,20) and [0,0)
2026-05-06 01:07:21 INFO mt5_bot - Balance=102029.96 Equity=102029.96 Spread=0.40 pips
2026-05-06 01:07:21 INFO mt5_bot - Session filter: UTC hour=6 outside [7,20) and [0,0)
2026-05-06 01:07:36 INFO mt5_bot - Balance=102029.96 Equity=102029.96 Spread=0.40 pips
2026-05-06 01:07:36 INFO mt5_bot - Session filter: UTC hour=6 outside [7,20) and [0,0)
2026-05-06 01:07:51 INFO mt5_bot - Balance=102029.96 Equity=102029.96 Spread=0.20 pips
2026-05-06 01:07:51 INFO mt5_bot - Session filter: UTC hour=6 outside [7,20) and [0,0)
2026-05-06 01:08:06 INFO mt5_bot - Balance=102029.96 Equity=102029.96 Spread=0.20 pips
2026-05-06 01:08:06 INFO mt5_bot - Session filter: UTC hour=6 outside [7,20) and [0,0)
2026-05-06 01:08:21 INFO mt5_bot - Balance=102029.96 Equity=102029.96 Spread=0.40 pips
2026-05-06 01:08:21 INFO mt5_bot - Session filter: UTC hour=6 outside [7,20) and [0,0)
2026-05-06 01:08:36 INFO mt5_bot - Balance=102029.96 Equity=102029.96 Spread=0.40 pips
2026-05-06 01:08:36 INFO mt5_bot - Session filter: UTC hour=6 outside [7,20) and [0,0)
2026-05-06 01:08:51 INFO mt5_bot - Balance=102029.96 Equity=102029.96 Spread=0.40 pips
2026-05-06 01:08:51 INFO mt5_bot - Session filter: UTC hour=6 outside [7,20) and [0,0)
2026-05-06 01:09:06 INFO mt5_bot - Balance=102029.96 Equity=102029.96 Spread=0.20 pips
2026-05-06 01:09:06 INFO mt5_bot - Session filter: UTC hour=6 outside [7,20) and [0,0)
2026-05-06 01:09:21 INFO mt5_bot - Balance=102029.96 Equity=102029.96 Spread=0.20 pips
2026-05-06 01:09:21 INFO mt5_bot - Session filter: UTC hour=6 outside [7,20) and [0,0)
2026-05-06 01:09:36 INFO mt5_bot - Balance=102029.96 Equity=102029.96 Spread=0.20 pips
2026-05-06 01:09:36 INFO mt5_bot - Session filter: UTC hour=6 outside [7,20) and [0,0)
2026-05-06 01:09:51 INFO mt5_bot - Balance=102029.96 Equity=102029.96 Spread=0.40 pips
2026-05-06 01:09:51 INFO mt5_bot - Session filter: UTC hour=6 outside [7,20) and [0,0)
2026-05-06 01:10:06 INFO mt5_bot - Balance=102029.96 Equity=102029.96 Spread=0.40 pips
2026-05-06 01:10:06 INFO mt5_bot - Session filter: UTC hour=6 outside [7,20) and [0,0)
2026-05-06 01:10:21 INFO mt5_bot - Balance=102029.96 Equity=102029.96 Spread=0.40 pips
2026-05-06 01:10:21 INFO mt5_bot - Session filter: UTC hour=6 outside [7,20) and [0,0)
2026-05-06 01:10:36 INFO mt5_bot - Balance=102029.96 Equity=102029.96 Spread=0.40 pips
2026-05-06 01:10:36 INFO mt5_bot - Session filter: UTC hour=6 outside [7,20) and [0,0)
2026-05-06 01:10:51 INFO mt5_bot - Balance=102029.96 Equity=102029.96 Spread=0.20 pips
2026-05-06 01:10:51 INFO mt5_bot - Session filter: UTC hour=6 outside [7,20) and [0,0)
2026-05-06 01:11:06 INFO mt5_bot - Balance=102029.96 Equity=102029.96 Spread=0.40 pips
2026-05-06 01:11:06 INFO mt5_bot - Session filter: UTC hour=6 outside [7,20) and [0,0)
2026-05-06 01:11:21 INFO mt5_bot - Balance=102029.96 Equity=102029.96 Spread=0.40 pips
2026-05-06 01:11:21 INFO mt5_bot - Session filter: UTC hour=6 outside [7,20) and [0,0)
2026-05-06 01:11:36 INFO mt5_bot - Balance=102029.96 Equity=102029.96 Spread=0.20 pips
2026-05-06 01:11:36 INFO mt5_bot - Session filter: UTC hour=6 outside [7,20) and [0,0)
2026-05-06 01:11:51 INFO mt5_bot - Balance=102029.96 Equity=102029.96 Spread=0.20 pips
2026-05-06 01:11:51 INFO mt5_bot - Session filter: UTC hour=6 outside [7,20) and [0,0)
2026-05-06 01:12:06 INFO mt5_bot - Balance=102029.96 Equity=102029.96 Spread=0.20 pips
2026-05-06 01:12:06 INFO mt5_bot - Session filter: UTC hour=6 outside [7,20) and [0,0)
2026-05-06 01:12:21 INFO mt5_bot - Balance=102029.96 Equity=102029.96 Spread=0.20 pips
2026-05-06 01:12:21 INFO mt5_bot - Session filter: UTC hour=6 outside [7,20) and [0,0)
2026-05-06 01:12:36 INFO mt5_bot - Balance=102029.96 Equity=102029.96 Spread=0.20 pips
2026-05-06 01:12:36 INFO mt5_bot - Session filter: UTC hour=6 outside [7,20) and [0,0)
2026-05-06 01:12:51 INFO mt5_bot - Balance=102029.96 Equity=102029.96 Spread=0.40 pips
2026-05-06 01:12:51 INFO mt5_bot - Session filter: UTC hour=6 outside [7,20) and [0,0)
2026-05-06 01:13:06 INFO mt5_bot - Balance=102029.96 Equity=102029.96 Spread=0.40 pips
2026-05-06 01:13:06 INFO mt5_bot - Session filter: UTC hour=6 outside [7,20) and [0,0)
2026-05-06 01:13:21 INFO mt5_bot - Balance=102029.96 Equity=102029.96 Spread=0.40 pips
2026-05-06 01:13:21 INFO mt5_bot - Session filter: UTC hour=6 outside [7,20) and [0,0)
2026-05-06 01:13:36 INFO mt5_bot - Balance=102029.96 Equity=102029.96 Spread=0.40 pips
2026-05-06 01:13:36 INFO mt5_bot - Session filter: UTC hour=6 outside [7,20) and [0,0)
2026-05-06 01:13:52 INFO mt5_bot - Balance=102029.96 Equity=102029.96 Spread=0.20 pips
2026-05-06 01:13:52 INFO mt5_bot - Session filter: UTC hour=6 outside [7,20) and [0,0)
2026-05-06 01:14:07 INFO mt5_bot - Balance=102029.96 Equity=102029.96 Spread=0.20 pips
2026-05-06 01:14:07 INFO mt5_bot - Session filter: UTC hour=6 outside [7,20) and [0,0)
2026-05-06 01:14:22 INFO mt5_bot - Balance=102029.96 Equity=102029.96 Spread=0.40 pips
2026-05-06 01:14:22 INFO mt5_bot - Session filter: UTC hour=6 outside [7,20) and [0,0)
2026-05-06 01:14:37 INFO mt5_bot - Balance=102029.96 Equity=102029.96 Spread=0.20 pips
2026-05-06 01:14:37 INFO mt5_bot - Session filter: UTC hour=6 outside [7,20) and [0,0)
2026-05-06 01:14:52 INFO mt5_bot - Balance=102029.96 Equity=102029.96 Spread=0.40 pips
2026-05-06 01:14:52 INFO mt5_bot - Session filter: UTC hour=6 outside [7,20) and [0,0)
2026-05-06 01:15:07 INFO mt5_bot - Balance=102029.96 Equity=102029.96 Spread=0.40 pips
2026-05-06 01:15:07 INFO mt5_bot - Session filter: UTC hour=6 outside [7,20) and [0,0)
2026-05-06 01:15:22 INFO mt5_bot - Balance=102029.96 Equity=102029.96 Spread=0.40 pips
2026-05-06 01:15:22 INFO mt5_bot - Session filter: UTC hour=6 outside [7,20) and [0,0)
2026-05-06 01:15:37 INFO mt5_bot - Balance=102029.96 Equity=102029.96 Spread=0.20 pips
2026-05-06 01:15:37 INFO mt5_bot - Session filter: UTC hour=6 outside [7,20) and [0,0)
2026-05-06 01:15:52 INFO mt5_bot - Balance=102029.96 Equity=102029.96 Spread=0.40 pips
2026-05-06 01:15:52 INFO mt5_bot - Session filter: UTC hour=6 outside [7,20) and [0,0)
2026-05-06 01:16:07 INFO mt5_bot - Balance=102029.96 Equity=102029.96 Spread=0.40 pips
2026-05-06 01:16:07 INFO mt5_bot - Session filter: UTC hour=6 outside [7,20) and [0,0)
2026-05-06 01:16:22 INFO mt5_bot - Balance=102029.96 Equity=102029.96 Spread=0.40 pips
2026-05-06 01:16:22 INFO mt5_bot - Session filter: UTC hour=6 outside [7,20) and [0,0)
2026-05-06 01:16:37 INFO mt5_bot - Balance=102029.96 Equity=102029.96 Spread=0.20 pips
2026-05-06 01:16:37 INFO mt5_bot - Session filter: UTC hour=6 outside [7,20) and [0,0)
2026-05-06 01:16:52 INFO mt5_bot - Balance=102029.96 Equity=102029.96 Spread=0.40 pips
2026-05-06 01:16:52 INFO mt5_bot - Session filter: UTC hour=6 outside [7,20) and [0,0)
2026-05-06 01:17:07 INFO mt5_bot - Balance=102029.96 Equity=102029.96 Spread=0.40 pips
2026-05-06 01:17:07 INFO mt5_bot - Session filter: UTC hour=6 outside [7,20) and [0,0)
2026-05-06 01:17:22 INFO mt5_bot - Balance=102029.96 Equity=102029.96 Spread=0.20 pips
2026-05-06 01:17:22 INFO mt5_bot - Session filter: UTC hour=6 outside [7,20) and [0,0)
2026-05-06 01:17:37 INFO mt5_bot - Balance=102029.96 Equity=102029.96 Spread=0.40 pips
2026-05-06 01:17:37 INFO mt5_bot - Session filter: UTC hour=6 outside [7,20) and [0,0)
2026-05-06 01:17:52 INFO mt5_bot - Balance=102029.96 Equity=102029.96 Spread=0.40 pips
2026-05-06 01:17:52 INFO mt5_bot - Session filter: UTC hour=6 outside [7,20) and [0,0)
2026-05-06 01:18:07 INFO mt5_bot - Balance=102029.96 Equity=102029.96 Spread=0.40 pips
2026-05-06 01:18:07 INFO mt5_bot - Session filter: UTC hour=6 outside [7,20) and [0,0)
2026-05-06 01:18:22 INFO mt5_bot - Balance=102029.96 Equity=102029.96 Spread=0.20 pips
2026-05-06 01:18:22 INFO mt5_bot - Session filter: UTC hour=6 outside [7,20) and [0,0)
2026-05-06 01:18:37 INFO mt5_bot - Balance=102029.96 Equity=102029.96 Spread=0.40 pips
2026-05-06 01:18:37 INFO mt5_bot - Session filter: UTC hour=6 outside [7,20) and [0,0)
2026-05-06 01:18:52 INFO mt5_bot - Balance=102029.96 Equity=102029.96 Spread=0.20 pips
2026-05-06 01:18:52 INFO mt5_bot - Session filter: UTC hour=6 outside [7,20) and [0,0)
2026-05-06 01:19:07 INFO mt5_bot - Balance=102029.96 Equity=102029.96 Spread=0.40 pips
2026-05-06 01:19:07 INFO mt5_bot - Session filter: UTC hour=6 outside [7,20) and [0,0)
2026-05-06 01:19:22 INFO mt5_bot - Balance=102029.96 Equity=102029.96 Spread=0.20 pips
2026-05-06 01:19:22 INFO mt5_bot - Session filter: UTC hour=6 outside [7,20) and [0,0)
2026-05-06 01:19:37 INFO mt5_bot - Balance=102029.96 Equity=102029.96 Spread=0.20 pips
2026-05-06 01:19:37 INFO mt5_bot - Session filter: UTC hour=6 outside [7,20) and [0,0)
2026-05-06 01:19:52 INFO mt5_bot - Balance=102029.96 Equity=102029.96 Spread=0.40 pips
2026-05-06 01:19:52 INFO mt5_bot - Session filter: UTC hour=6 outside [7,20) and [0,0)
2026-05-06 01:20:07 INFO mt5_bot - Balance=102029.96 Equity=102029.96 Spread=0.40 pips
2026-05-06 01:20:07 INFO mt5_bot - Session filter: UTC hour=6 outside [7,20) and [0,0)
2026-05-06 01:20:22 INFO mt5_bot - Balance=102029.96 Equity=102029.96 Spread=0.20 pips
2026-05-06 01:20:22 INFO mt5_bot - Session filter: UTC hour=6 outside [7,20) and [0,0)
2026-05-06 01:20:37 INFO mt5_bot - Balance=102029.96 Equity=102029.96 Spread=0.20 pips
2026-05-06 01:20:37 INFO mt5_bot - Session filter: UTC hour=6 outside [7,20) and [0,0)
2026-05-06 01:20:52 INFO mt5_bot - Balance=102029.96 Equity=102029.96 Spread=0.40 pips
2026-05-06 01:20:52 INFO mt5_bot - Session filter: UTC hour=6 outside [7,20) and [0,0)
2026-05-06 01:21:07 INFO mt5_bot - Balance=102029.96 Equity=102029.96 Spread=0.40 pips
2026-05-06 01:21:07 INFO mt5_bot - Session filter: UTC hour=6 outside [7,20) and [0,0)
2026-05-06 01:21:22 INFO mt5_bot - Balance=102029.96 Equity=102029.96 Spread=0.40 pips
2026-05-06 01:21:22 INFO mt5_bot - Session filter: UTC hour=6 outside [7,20) and [0,0)
2026-05-06 01:21:37 INFO mt5_bot - Balance=102029.96 Equity=102029.96 Spread=0.20 pips
2026-05-06 01:21:37 INFO mt5_bot - Session filter: UTC hour=6 outside [7,20) and [0,0)
2026-05-06 01:21:52 INFO mt5_bot - Balance=102029.96 Equity=102029.96 Spread=0.40 pips
2026-05-06 01:21:52 INFO mt5_bot - Session filter: UTC hour=6 outside [7,20) and [0,0)
2026-05-06 01:22:07 INFO mt5_bot - Balance=102029.96 Equity=102029.96 Spread=0.40 pips
2026-05-06 01:22:07 INFO mt5_bot - Session filter: UTC hour=6 outside [7,20) and [0,0)
2026-05-06 01:22:22 INFO mt5_bot - Balance=102029.96 Equity=102029.96 Spread=0.20 pips
2026-05-06 01:22:22 INFO mt5_bot - Session filter: UTC hour=6 outside [7,20) and [0,0)
2026-05-06 01:22:37 INFO mt5_bot - Balance=102029.96 Equity=102029.96 Spread=0.40 pips
2026-05-06 01:22:37 INFO mt5_bot - Session filter: UTC hour=6 outside [7,20) and [0,0)
2026-05-06 01:22:52 INFO mt5_bot - Balance=102029.96 Equity=102029.96 Spread=0.40 pips
2026-05-06 01:22:52 INFO mt5_bot - Session filter: UTC hour=6 outside [7,20) and [0,0)
2026-05-06 01:23:07 INFO mt5_bot - Balance=102029.96 Equity=102029.96 Spread=0.40 pips
2026-05-06 01:23:07 INFO mt5_bot - Session filter: UTC hour=6 outside [7,20) and [0,0)
2026-05-06 01:23:22 INFO mt5_bot - Balance=102029.96 Equity=102029.96 Spread=0.40 pips
2026-05-06 01:23:22 INFO mt5_bot - Session filter: UTC hour=6 outside [7,20) and [0,0)
2026-05-06 01:23:37 INFO mt5_bot - Balance=102029.96 Equity=102029.96 Spread=0.40 pips
2026-05-06 01:23:37 INFO mt5_bot - Session filter: UTC hour=6 outside [7,20) and [0,0)
2026-05-06 01:23:52 INFO mt5_bot - Balance=102029.96 Equity=102029.96 Spread=0.40 pips
2026-05-06 01:23:52 INFO mt5_bot - Session filter: UTC hour=6 outside [7,20) and [0,0)
2026-05-06 01:24:07 INFO mt5_bot - Balance=102029.96 Equity=102029.96 Spread=0.20 pips
2026-05-06 01:24:07 INFO mt5_bot - Session filter: UTC hour=6 outside [7,20) and [0,0)
2026-05-06 01:24:22 INFO mt5_bot - Balance=102029.96 Equity=102029.96 Spread=0.20 pips
2026-05-06 01:24:22 INFO mt5_bot - Session filter: UTC hour=6 outside [7,20) and [0,0)
2026-05-06 01:24:37 INFO mt5_bot - Balance=102029.96 Equity=102029.96 Spread=0.20 pips
2026-05-06 01:24:37 INFO mt5_bot - Session filter: UTC hour=6 outside [7,20) and [0,0)
2026-05-06 01:24:52 INFO mt5_bot - Balance=102029.96 Equity=102029.96 Spread=0.20 pips
2026-05-06 01:24:52 INFO mt5_bot - Session filter: UTC hour=6 outside [7,20) and [0,0)
2026-05-06 01:25:07 INFO mt5_bot - Balance=102029.96 Equity=102029.96 Spread=0.40 pips
2026-05-06 01:25:07 INFO mt5_bot - Session filter: UTC hour=6 outside [7,20) and [0,0)
2026-05-06 01:25:22 INFO mt5_bot - Balance=102029.96 Equity=102029.96 Spread=0.40 pips
2026-05-06 01:25:22 INFO mt5_bot - Session filter: UTC hour=6 outside [7,20) and [0,0)
2026-05-06 01:25:37 INFO mt5_bot - Balance=102029.96 Equity=102029.96 Spread=0.20 pips
2026-05-06 01:25:37 INFO mt5_bot - Session filter: UTC hour=6 outside [7,20) and [0,0)
2026-05-06 01:25:52 INFO mt5_bot - Balance=102029.96 Equity=102029.96 Spread=0.20 pips
2026-05-06 01:25:52 INFO mt5_bot - Session filter: UTC hour=6 outside [7,20) and [0,0)
2026-05-06 01:26:07 INFO mt5_bot - Balance=102029.96 Equity=102029.96 Spread=0.20 pips
2026-05-06 01:26:07 INFO mt5_bot - Session filter: UTC hour=6 outside [7,20) and [0,0)
2026-05-06 01:26:22 INFO mt5_bot - Balance=102029.96 Equity=102029.96 Spread=0.20 pips
2026-05-06 01:26:22 INFO mt5_bot - Session filter: UTC hour=6 outside [7,20) and [0,0)
2026-05-06 01:26:37 INFO mt5_bot - Balance=102029.96 Equity=102029.96 Spread=0.20 pips
2026-05-06 01:26:37 INFO mt5_bot - Session filter: UTC hour=6 outside [7,20) and [0,0)
2026-05-06 01:26:52 INFO mt5_bot - Balance=102029.96 Equity=102029.96 Spread=0.20 pips
2026-05-06 01:26:52 INFO mt5_bot - Session filter: UTC hour=6 outside [7,20) and [0,0)
2026-05-06 01:27:07 INFO mt5_bot - Balance=102029.96 Equity=102029.96 Spread=0.20 pips
2026-05-06 01:27:07 INFO mt5_bot - Session filter: UTC hour=6 outside [7,20) and [0,0)
2026-05-06 01:27:22 INFO mt5_bot - Balance=102029.96 Equity=102029.96 Spread=0.20 pips
2026-05-06 01:27:22 INFO mt5_bot - Session filter: UTC hour=6 outside [7,20) and [0,0)
2026-05-06 01:27:37 INFO mt5_bot - Balance=102029.96 Equity=102029.96 Spread=0.20 pips
2026-05-06 01:27:37 INFO mt5_bot - Session filter: UTC hour=6 outside [7,20) and [0,0)
2026-05-06 01:27:52 INFO mt5_bot - Balance=102029.96 Equity=102029.96 Spread=0.20 pips
2026-05-06 01:27:52 INFO mt5_bot - Session filter: UTC hour=6 outside [7,20) and [0,0)
2026-05-06 01:28:07 INFO mt5_bot - Balance=102029.96 Equity=102029.96 Spread=0.40 pips
2026-05-06 01:28:07 INFO mt5_bot - Session filter: UTC hour=6 outside [7,20) and [0,0)
2026-05-06 01:28:22 INFO mt5_bot - Balance=102029.96 Equity=102029.96 Spread=0.20 pips
2026-05-06 01:28:22 INFO mt5_bot - Session filter: UTC hour=6 outside [7,20) and [0,0)
2026-05-06 01:28:37 INFO mt5_bot - Balance=102029.96 Equity=102029.96 Spread=0.40 pips
2026-05-06 01:28:37 INFO mt5_bot - Session filter: UTC hour=6 outside [7,20) and [0,0)
2026-05-06 01:28:52 INFO mt5_bot - Balance=102029.96 Equity=102029.96 Spread=0.20 pips
2026-05-06 01:28:52 INFO mt5_bot - Session filter: UTC hour=6 outside [7,20) and [0,0)
2026-05-06 01:29:07 INFO mt5_bot - Balance=102029.96 Equity=102029.96 Spread=0.20 pips
2026-05-06 01:29:07 INFO mt5_bot - Session filter: UTC hour=6 outside [7,20) and [0,0)
2026-05-06 01:29:22 INFO mt5_bot - Balance=102029.96 Equity=102029.96 Spread=0.20 pips
2026-05-06 01:29:22 INFO mt5_bot - Session filter: UTC hour=6 outside [7,20) and [0,0)
2026-05-06 01:29:37 INFO mt5_bot - Balance=102029.96 Equity=102029.96 Spread=0.40 pips
2026-05-06 01:29:37 INFO mt5_bot - Session filter: UTC hour=6 outside [7,20) and [0,0)
2026-05-06 01:29:52 INFO mt5_bot - Balance=102029.96 Equity=102029.96 Spread=0.20 pips
2026-05-06 01:29:52 INFO mt5_bot - Session filter: UTC hour=6 outside [7,20) and [0,0)
2026-05-06 01:30:07 INFO mt5_bot - Balance=102029.96 Equity=102029.96 Spread=0.40 pips
2026-05-06 01:30:07 INFO mt5_bot - Session filter: UTC hour=6 outside [7,20) and [0,0)
2026-05-06 01:30:22 INFO mt5_bot - Balance=102029.96 Equity=102029.96 Spread=0.40 pips
2026-05-06 01:30:22 INFO mt5_bot - Session filter: UTC hour=6 outside [7,20) and [0,0)
2026-05-06 01:30:37 INFO mt5_bot - Balance=102029.96 Equity=102029.96 Spread=0.20 pips
2026-05-06 01:30:37 INFO mt5_bot - Session filter: UTC hour=6 outside [7,20) and [0,0)
2026-05-06 01:30:52 INFO mt5_bot - Balance=102029.96 Equity=102029.96 Spread=0.20 pips
2026-05-06 01:30:52 INFO mt5_bot - Session filter: UTC hour=6 outside [7,20) and [0,0)
2026-05-06 01:31:07 INFO mt5_bot - Balance=102029.96 Equity=102029.96 Spread=0.20 pips
2026-05-06 01:31:07 INFO mt5_bot - Session filter: UTC hour=6 outside [7,20) and [0,0)
2026-05-06 01:31:22 INFO mt5_bot - Balance=102029.96 Equity=102029.96 Spread=0.20 pips
2026-05-06 01:31:22 INFO mt5_bot - Session filter: UTC hour=6 outside [7,20) and [0,0)
2026-05-06 01:31:37 INFO mt5_bot - Balance=102029.96 Equity=102029.96 Spread=0.20 pips
2026-05-06 01:31:37 INFO mt5_bot - Session filter: UTC hour=6 outside [7,20) and [0,0)
2026-05-06 01:31:52 INFO mt5_bot - Balance=102029.96 Equity=102029.96 Spread=0.20 pips
2026-05-06 01:31:52 INFO mt5_bot - Session filter: UTC hour=6 outside [7,20) and [0,0)
2026-05-06 01:32:07 INFO mt5_bot - Balance=102029.96 Equity=102029.96 Spread=0.20 pips
2026-05-06 01:32:07 INFO mt5_bot - Session filter: UTC hour=6 outside [7,20) and [0,0)
2026-05-06 01:32:22 INFO mt5_bot - Balance=102029.96 Equity=102029.96 Spread=0.20 pips
2026-05-06 01:32:22 INFO mt5_bot - Session filter: UTC hour=6 outside [7,20) and [0,0)
2026-05-06 01:32:37 INFO mt5_bot - Balance=102029.96 Equity=102029.96 Spread=0.20 pips
2026-05-06 01:32:37 INFO mt5_bot - Session filter: UTC hour=6 outside [7,20) and [0,0)
2026-05-06 01:32:52 INFO mt5_bot - Balance=102029.96 Equity=102029.96 Spread=0.20 pips
2026-05-06 01:32:52 INFO mt5_bot - Session filter: UTC hour=6 outside [7,20) and [0,0)
2026-05-06 01:33:07 INFO mt5_bot - Balance=102029.96 Equity=102029.96 Spread=0.40 pips
2026-05-06 01:33:07 INFO mt5_bot - Session filter: UTC hour=6 outside [7,20) and [0,0)
2026-05-06 01:33:22 INFO mt5_bot - Balance=102029.96 Equity=102029.96 Spread=0.20 pips
2026-05-06 01:33:22 INFO mt5_bot - Session filter: UTC hour=6 outside [7,20) and [0,0)
2026-05-06 01:33:37 INFO mt5_bot - Balance=102029.96 Equity=102029.96 Spread=0.20 pips
2026-05-06 01:33:37 INFO mt5_bot - Session filter: UTC hour=6 outside [7,20) and [0,0)
2026-05-06 01:33:52 INFO mt5_bot - Balance=102029.96 Equity=102029.96 Spread=0.20 pips
2026-05-06 01:33:52 INFO mt5_bot - Session filter: UTC hour=6 outside [7,20) and [0,0)
2026-05-06 01:34:07 INFO mt5_bot - Balance=102029.96 Equity=102029.96 Spread=0.20 pips
2026-05-06 01:34:07 INFO mt5_bot - Session filter: UTC hour=6 outside [7,20) and [0,0)
2026-05-06 01:34:22 INFO mt5_bot - Balance=102029.96 Equity=102029.96 Spread=0.20 pips
2026-05-06 01:34:22 INFO mt5_bot - Session filter: UTC hour=6 outside [7,20) and [0,0)
2026-05-06 01:34:37 INFO mt5_bot - Balance=102029.96 Equity=102029.96 Spread=0.20 pips
2026-05-06 01:34:37 INFO mt5_bot - Session filter: UTC hour=6 outside [7,20) and [0,0)
2026-05-06 01:34:52 INFO mt5_bot - Balance=102029.96 Equity=102029.96 Spread=0.40 pips
2026-05-06 01:34:52 INFO mt5_bot - Session filter: UTC hour=6 outside [7,20) and [0,0)
2026-05-06 01:35:07 INFO mt5_bot - Balance=102029.96 Equity=102029.96 Spread=0.40 pips
2026-05-06 01:35:07 INFO mt5_bot - Session filter: UTC hour=6 outside [7,20) and [0,0)
2026-05-06 01:35:22 INFO mt5_bot - Balance=102029.96 Equity=102029.96 Spread=0.20 pips
2026-05-06 01:35:22 INFO mt5_bot - Session filter: UTC hour=6 outside [7,20) and [0,0)
2026-05-06 01:35:37 INFO mt5_bot - Balance=102029.96 Equity=102029.96 Spread=0.40 pips
2026-05-06 01:35:37 INFO mt5_bot - Session filter: UTC hour=6 outside [7,20) and [0,0)
2026-05-06 01:35:52 INFO mt5_bot - Balance=102029.96 Equity=102029.96 Spread=0.20 pips
2026-05-06 01:35:52 INFO mt5_bot - Session filter: UTC hour=6 outside [7,20) and [0,0)
2026-05-06 01:36:07 INFO mt5_bot - Balance=102029.96 Equity=102029.96 Spread=0.40 pips
2026-05-06 01:36:07 INFO mt5_bot - Session filter: UTC hour=6 outside [7,20) and [0,0)
2026-05-06 01:36:22 INFO mt5_bot - Balance=102029.96 Equity=102029.96 Spread=0.40 pips
2026-05-06 01:36:22 INFO mt5_bot - Session filter: UTC hour=6 outside [7,20) and [0,0)
2026-05-06 01:36:37 INFO mt5_bot - Balance=102029.96 Equity=102029.96 Spread=0.40 pips
2026-05-06 01:36:37 INFO mt5_bot - Session filter: UTC hour=6 outside [7,20) and [0,0)
2026-05-06 01:36:52 INFO mt5_bot - Balance=102029.96 Equity=102029.96 Spread=0.40 pips
2026-05-06 01:36:52 INFO mt5_bot - Session filter: UTC hour=6 outside [7,20) and [0,0)
2026-05-06 01:37:07 INFO mt5_bot - Balance=102029.96 Equity=102029.96 Spread=0.40 pips
2026-05-06 01:37:07 INFO mt5_bot - Session filter: UTC hour=6 outside [7,20) and [0,0)
2026-05-06 01:37:22 INFO mt5_bot - Balance=102029.96 Equity=102029.96 Spread=0.20 pips
2026-05-06 01:37:22 INFO mt5_bot - Session filter: UTC hour=6 outside [7,20) and [0,0)
2026-05-06 01:37:37 INFO mt5_bot - Balance=102029.96 Equity=102029.96 Spread=0.40 pips
2026-05-06 01:37:37 INFO mt5_bot - Session filter: UTC hour=6 outside [7,20) and [0,0)
2026-05-06 01:37:52 INFO mt5_bot - Balance=102029.96 Equity=102029.96 Spread=0.20 pips
2026-05-06 01:37:52 INFO mt5_bot - Session filter: UTC hour=6 outside [7,20) and [0,0)
2026-05-06 01:38:07 INFO mt5_bot - Balance=102029.96 Equity=102029.96 Spread=0.20 pips
2026-05-06 01:38:07 INFO mt5_bot - Session filter: UTC hour=6 outside [7,20) and [0,0)
2026-05-06 01:38:22 INFO mt5_bot - Balance=102029.96 Equity=102029.96 Spread=0.40 pips
2026-05-06 01:38:22 INFO mt5_bot - Session filter: UTC hour=6 outside [7,20) and [0,0)
2026-05-06 01:38:37 INFO mt5_bot - Balance=102029.96 Equity=102029.96 Spread=0.40 pips
2026-05-06 01:38:37 INFO mt5_bot - Session filter: UTC hour=6 outside [7,20) and [0,0)
2026-05-06 01:38:52 INFO mt5_bot - Balance=102029.96 Equity=102029.96 Spread=0.20 pips
2026-05-06 01:38:52 INFO mt5_bot - Session filter: UTC hour=6 outside [7,20) and [0,0)
2026-05-06 01:39:07 INFO mt5_bot - Balance=102029.96 Equity=102029.96 Spread=0.20 pips
2026-05-06 01:39:07 INFO mt5_bot - Session filter: UTC hour=6 outside [7,20) and [0,0)
2026-05-06 01:39:22 INFO mt5_bot - Balance=102029.96 Equity=102029.96 Spread=0.20 pips
2026-05-06 01:39:22 INFO mt5_bot - Session filter: UTC hour=6 outside [7,20) and [0,0)
2026-05-06 01:39:37 INFO mt5_bot - Balance=102029.96 Equity=102029.96 Spread=0.20 pips
2026-05-06 01:39:37 INFO mt5_bot - Session filter: UTC hour=6 outside [7,20) and [0,0)
2026-05-06 01:39:52 INFO mt5_bot - Balance=102029.96 Equity=102029.96 Spread=0.40 pips
2026-05-06 01:39:52 INFO mt5_bot - Session filter: UTC hour=6 outside [7,20) and [0,0)
2026-05-06 01:40:07 INFO mt5_bot - Balance=102029.96 Equity=102029.96 Spread=0.40 pips
2026-05-06 01:40:07 INFO mt5_bot - Session filter: UTC hour=6 outside [7,20) and [0,0)
2026-05-06 01:40:22 INFO mt5_bot - Balance=102029.96 Equity=102029.96 Spread=0.40 pips
2026-05-06 01:40:22 INFO mt5_bot - Session filter: UTC hour=6 outside [7,20) and [0,0)
2026-05-06 01:40:37 INFO mt5_bot - Balance=102029.96 Equity=102029.96 Spread=0.40 pips
2026-05-06 01:40:37 INFO mt5_bot - Session filter: UTC hour=6 outside [7,20) and [0,0)
2026-05-06 01:40:52 INFO mt5_bot - Balance=102029.96 Equity=102029.96 Spread=0.20 pips
2026-05-06 01:40:52 INFO mt5_bot - Session filter: UTC hour=6 outside [7,20) and [0,0)
2026-05-06 01:41:07 INFO mt5_bot - Balance=102029.96 Equity=102029.96 Spread=0.40 pips
2026-05-06 01:41:07 INFO mt5_bot - Session filter: UTC hour=6 outside [7,20) and [0,0)
2026-05-06 01:41:22 INFO mt5_bot - Balance=102029.96 Equity=102029.96 Spread=0.40 pips
2026-05-06 01:41:22 INFO mt5_bot - Session filter: UTC hour=6 outside [7,20) and [0,0)
2026-05-06 01:41:37 INFO mt5_bot - Balance=102029.96 Equity=102029.96 Spread=0.40 pips
2026-05-06 01:41:37 INFO mt5_bot - Session filter: UTC hour=6 outside [7,20) and [0,0)
2026-05-06 01:41:52 INFO mt5_bot - Balance=102029.96 Equity=102029.96 Spread=0.40 pips
2026-05-06 01:41:52 INFO mt5_bot - Session filter: UTC hour=6 outside [7,20) and [0,0)
2026-05-06 01:42:07 INFO mt5_bot - Balance=102029.96 Equity=102029.96 Spread=0.40 pips
2026-05-06 01:42:07 INFO mt5_bot - Session filter: UTC hour=6 outside [7,20) and [0,0)
2026-05-06 01:42:22 INFO mt5_bot - Balance=102029.96 Equity=102029.96 Spread=0.40 pips
2026-05-06 01:42:22 INFO mt5_bot - Session filter: UTC hour=6 outside [7,20) and [0,0)
2026-05-06 01:42:37 INFO mt5_bot - Balance=102029.96 Equity=102029.96 Spread=0.20 pips
2026-05-06 01:42:37 INFO mt5_bot - Session filter: UTC hour=6 outside [7,20) and [0,0)
2026-05-06 01:42:52 INFO mt5_bot - Balance=102029.96 Equity=102029.96 Spread=0.40 pips
2026-05-06 01:42:52 INFO mt5_bot - Session filter: UTC hour=6 outside [7,20) and [0,0)
2026-05-06 01:43:07 INFO mt5_bot - Balance=102029.96 Equity=102029.96 Spread=0.40 pips
2026-05-06 01:43:07 INFO mt5_bot - Session filter: UTC hour=6 outside [7,20) and [0,0)
2026-05-06 01:43:22 INFO mt5_bot - Balance=102029.96 Equity=102029.96 Spread=0.20 pips
2026-05-06 01:43:22 INFO mt5_bot - Session filter: UTC hour=6 outside [7,20) and [0,0)
2026-05-06 01:43:37 INFO mt5_bot - Balance=102029.96 Equity=102029.96 Spread=0.40 pips
2026-05-06 01:43:37 INFO mt5_bot - Session filter: UTC hour=6 outside [7,20) and [0,0)
2026-05-06 01:43:52 INFO mt5_bot - Balance=102029.96 Equity=102029.96 Spread=0.20 pips
2026-05-06 01:43:52 INFO mt5_bot - Session filter: UTC hour=6 outside [7,20) and [0,0)
2026-05-06 01:44:07 INFO mt5_bot - Balance=102029.96 Equity=102029.96 Spread=0.20 pips
2026-05-06 01:44:07 INFO mt5_bot - Session filter: UTC hour=6 outside [7,20) and [0,0)
2026-05-06 01:44:22 INFO mt5_bot - Balance=102029.96 Equity=102029.96 Spread=0.40 pips
2026-05-06 01:44:22 INFO mt5_bot - Session filter: UTC hour=6 outside [7,20) and [0,0)
2026-05-06 01:44:37 INFO mt5_bot - Balance=102029.96 Equity=102029.96 Spread=0.20 pips
2026-05-06 01:44:37 INFO mt5_bot - Session filter: UTC hour=6 outside [7,20) and [0,0)
2026-05-06 01:44:52 INFO mt5_bot - Balance=102029.96 Equity=102029.96 Spread=0.40 pips
2026-05-06 01:44:52 INFO mt5_bot - Session filter: UTC hour=6 outside [7,20) and [0,0)
2026-05-06 01:45:07 INFO mt5_bot - Balance=102029.96 Equity=102029.96 Spread=0.40 pips
2026-05-06 01:45:07 INFO mt5_bot - Session filter: UTC hour=6 outside [7,20) and [0,0)
2026-05-06 01:45:22 INFO mt5_bot - Balance=102029.96 Equity=102029.96 Spread=0.40 pips
2026-05-06 01:45:22 INFO mt5_bot - Session filter: UTC hour=6 outside [7,20) and [0,0)
2026-05-06 01:45:37 INFO mt5_bot - Balance=102029.96 Equity=102029.96 Spread=0.20 pips
2026-05-06 01:45:37 INFO mt5_bot - Session filter: UTC hour=6 outside [7,20) and [0,0)
2026-05-06 01:45:52 INFO mt5_bot - Balance=102029.96 Equity=102029.96 Spread=0.40 pips
2026-05-06 01:45:52 INFO mt5_bot - Session filter: UTC hour=6 outside [7,20) and [0,0)
2026-05-06 01:46:07 INFO mt5_bot - Balance=102029.96 Equity=102029.96 Spread=0.20 pips
2026-05-06 01:46:07 INFO mt5_bot - Session filter: UTC hour=6 outside [7,20) and [0,0)
2026-05-06 01:46:22 INFO mt5_bot - Balance=102029.96 Equity=102029.96 Spread=0.40 pips
2026-05-06 01:46:22 INFO mt5_bot - Session filter: UTC hour=6 outside [7,20) and [0,0)
2026-05-06 01:46:37 INFO mt5_bot - Balance=102029.96 Equity=102029.96 Spread=0.40 pips
2026-05-06 01:46:37 INFO mt5_bot - Session filter: UTC hour=6 outside [7,20) and [0,0)
2026-05-06 01:46:52 INFO mt5_bot - Balance=102029.96 Equity=102029.96 Spread=0.20 pips
2026-05-06 01:46:52 INFO mt5_bot - Session filter: UTC hour=6 outside [7,20) and [0,0)
2026-05-06 01:47:07 INFO mt5_bot - Balance=102029.96 Equity=102029.96 Spread=0.20 pips
2026-05-06 01:47:07 INFO mt5_bot - Session filter: UTC hour=6 outside [7,20) and [0,0)
2026-05-06 01:47:22 INFO mt5_bot - Balance=102029.96 Equity=102029.96 Spread=0.20 pips
2026-05-06 01:47:22 INFO mt5_bot - Session filter: UTC hour=6 outside [7,20) and [0,0)
2026-05-06 01:47:37 INFO mt5_bot - Balance=102029.96 Equity=102029.96 Spread=0.40 pips
2026-05-06 01:47:37 INFO mt5_bot - Session filter: UTC hour=6 outside [7,20) and [0,0)
2026-05-06 01:47:52 INFO mt5_bot - Balance=102029.96 Equity=102029.96 Spread=0.40 pips
2026-05-06 01:47:52 INFO mt5_bot - Session filter: UTC hour=6 outside [7,20) and [0,0)
2026-05-06 01:48:07 INFO mt5_bot - Balance=102029.96 Equity=102029.96 Spread=0.20 pips
2026-05-06 01:48:07 INFO mt5_bot - Session filter: UTC hour=6 outside [7,20) and [0,0)
2026-05-06 01:48:22 INFO mt5_bot - Balance=102029.96 Equity=102029.96 Spread=0.20 pips
2026-05-06 01:48:22 INFO mt5_bot - Session filter: UTC hour=6 outside [7,20) and [0,0)
2026-05-06 01:48:37 INFO mt5_bot - Balance=102029.96 Equity=102029.96 Spread=0.40 pips
2026-05-06 01:48:37 INFO mt5_bot - Session filter: UTC hour=6 outside [7,20) and [0,0)
2026-05-06 01:48:52 INFO mt5_bot - Balance=102029.96 Equity=102029.96 Spread=0.40 pips
2026-05-06 01:48:52 INFO mt5_bot - Session filter: UTC hour=6 outside [7,20) and [0,0)
2026-05-06 01:49:07 INFO mt5_bot - Balance=102029.96 Equity=102029.96 Spread=0.20 pips
2026-05-06 01:49:07 INFO mt5_bot - Session filter: UTC hour=6 outside [7,20) and [0,0)
2026-05-06 01:49:22 INFO mt5_bot - Balance=102029.96 Equity=102029.96 Spread=0.40 pips
2026-05-06 01:49:22 INFO mt5_bot - Session filter: UTC hour=6 outside [7,20) and [0,0)
2026-05-06 01:49:37 INFO mt5_bot - Balance=102029.96 Equity=102029.96 Spread=0.20 pips
2026-05-06 01:49:37 INFO mt5_bot - Session filter: UTC hour=6 outside [7,20) and [0,0)
2026-05-06 01:49:52 INFO mt5_bot - Balance=102029.96 Equity=102029.96 Spread=0.20 pips
2026-05-06 01:49:52 INFO mt5_bot - Session filter: UTC hour=6 outside [7,20) and [0,0)
2026-05-06 01:50:07 INFO mt5_bot - Balance=102029.96 Equity=102029.96 Spread=0.40 pips
2026-05-06 01:50:07 INFO mt5_bot - Session filter: UTC hour=6 outside [7,20) and [0,0)
2026-05-06 01:50:22 INFO mt5_bot - Balance=102029.96 Equity=102029.96 Spread=0.20 pips
2026-05-06 01:50:22 INFO mt5_bot - Session filter: UTC hour=6 outside [7,20) and [0,0)
2026-05-06 01:50:37 INFO mt5_bot - Balance=102029.96 Equity=102029.96 Spread=0.20 pips
2026-05-06 01:50:37 INFO mt5_bot - Session filter: UTC hour=6 outside [7,20) and [0,0)
2026-05-06 01:50:52 INFO mt5_bot - Balance=102029.96 Equity=102029.96 Spread=0.40 pips
2026-05-06 01:50:52 INFO mt5_bot - Session filter: UTC hour=6 outside [7,20) and [0,0)
2026-05-06 01:51:07 INFO mt5_bot - Balance=102029.96 Equity=102029.96 Spread=0.20 pips
2026-05-06 01:51:07 INFO mt5_bot - Session filter: UTC hour=6 outside [7,20) and [0,0)
2026-05-06 01:51:22 INFO mt5_bot - Balance=102029.96 Equity=102029.96 Spread=0.20 pips
2026-05-06 01:51:22 INFO mt5_bot - Session filter: UTC hour=6 outside [7,20) and [0,0)
2026-05-06 01:51:37 INFO mt5_bot - Balance=102029.96 Equity=102029.96 Spread=0.20 pips
2026-05-06 01:51:37 INFO mt5_bot - Session filter: UTC hour=6 outside [7,20) and [0,0)
2026-05-06 01:51:52 INFO mt5_bot - Balance=102029.96 Equity=102029.96 Spread=0.40 pips
2026-05-06 01:51:52 INFO mt5_bot - Session filter: UTC hour=6 outside [7,20) and [0,0)
2026-05-06 01:52:07 INFO mt5_bot - Balance=102029.96 Equity=102029.96 Spread=0.20 pips
2026-05-06 01:52:07 INFO mt5_bot - Session filter: UTC hour=6 outside [7,20) and [0,0)
2026-05-06 01:52:22 INFO mt5_bot - Balance=102029.96 Equity=102029.96 Spread=0.20 pips
2026-05-06 01:52:22 INFO mt5_bot - Session filter: UTC hour=6 outside [7,20) and [0,0)
2026-05-06 01:52:37 INFO mt5_bot - Balance=102029.96 Equity=102029.96 Spread=0.20 pips
2026-05-06 01:52:37 INFO mt5_bot - Session filter: UTC hour=6 outside [7,20) and [0,0)
2026-05-06 01:52:52 INFO mt5_bot - Balance=102029.96 Equity=102029.96 Spread=0.20 pips
2026-05-06 01:52:52 INFO mt5_bot - Session filter: UTC hour=6 outside [7,20) and [0,0)
2026-05-06 01:53:07 INFO mt5_bot - Balance=102029.96 Equity=102029.96 Spread=0.20 pips
2026-05-06 01:53:07 INFO mt5_bot - Session filter: UTC hour=6 outside [7,20) and [0,0)
2026-05-06 01:53:22 INFO mt5_bot - Balance=102029.96 Equity=102029.96 Spread=0.40 pips
2026-05-06 01:53:22 INFO mt5_bot - Session filter: UTC hour=6 outside [7,20) and [0,0)
2026-05-06 01:53:37 INFO mt5_bot - Balance=102029.96 Equity=102029.96 Spread=0.20 pips
2026-05-06 01:53:37 INFO mt5_bot - Session filter: UTC hour=6 outside [7,20) and [0,0)
2026-05-06 01:53:52 INFO mt5_bot - Balance=102029.96 Equity=102029.96 Spread=0.40 pips
2026-05-06 01:53:52 INFO mt5_bot - Session filter: UTC hour=6 outside [7,20) and [0,0)
2026-05-06 01:54:07 INFO mt5_bot - Balance=102029.96 Equity=102029.96 Spread=0.20 pips
2026-05-06 01:54:07 INFO mt5_bot - Session filter: UTC hour=6 outside [7,20) and [0,0)
2026-05-06 01:54:22 INFO mt5_bot - Balance=102029.96 Equity=102029.96 Spread=0.40 pips
2026-05-06 01:54:22 INFO mt5_bot - Session filter: UTC hour=6 outside [7,20) and [0,0)
2026-05-06 01:54:37 INFO mt5_bot - Balance=102029.96 Equity=102029.96 Spread=0.20 pips
2026-05-06 01:54:37 INFO mt5_bot - Session filter: UTC hour=6 outside [7,20) and [0,0)
2026-05-06 01:54:52 INFO mt5_bot - Balance=102029.96 Equity=102029.96 Spread=0.20 pips
2026-05-06 01:54:52 INFO mt5_bot - Session filter: UTC hour=6 outside [7,20) and [0,0)
2026-05-06 01:55:07 INFO mt5_bot - Balance=102029.96 Equity=102029.96 Spread=0.20 pips
2026-05-06 01:55:07 INFO mt5_bot - Session filter: UTC hour=6 outside [7,20) and [0,0)
2026-05-06 01:55:22 INFO mt5_bot - Balance=102029.96 Equity=102029.96 Spread=0.40 pips
2026-05-06 01:55:22 INFO mt5_bot - Session filter: UTC hour=6 outside [7,20) and [0,0)
2026-05-06 01:55:37 INFO mt5_bot - Balance=102029.96 Equity=102029.96 Spread=0.40 pips
2026-05-06 01:55:37 INFO mt5_bot - Session filter: UTC hour=6 outside [7,20) and [0,0)
2026-05-06 01:55:52 INFO mt5_bot - Balance=102029.96 Equity=102029.96 Spread=0.40 pips
2026-05-06 01:55:52 INFO mt5_bot - Session filter: UTC hour=6 outside [7,20) and [0,0)
2026-05-06 01:56:07 INFO mt5_bot - Balance=102029.96 Equity=102029.96 Spread=0.20 pips
2026-05-06 01:56:07 INFO mt5_bot - Session filter: UTC hour=6 outside [7,20) and [0,0)
2026-05-06 01:56:22 INFO mt5_bot - Balance=102029.96 Equity=102029.96 Spread=0.20 pips
2026-05-06 01:56:22 INFO mt5_bot - Session filter: UTC hour=6 outside [7,20) and [0,0)
2026-05-06 01:56:37 INFO mt5_bot - Balance=102029.96 Equity=102029.96 Spread=0.40 pips
2026-05-06 01:56:37 INFO mt5_bot - Session filter: UTC hour=6 outside [7,20) and [0,0)
2026-05-06 01:56:52 INFO mt5_bot - Balance=102029.96 Equity=102029.96 Spread=0.20 pips
2026-05-06 01:56:52 INFO mt5_bot - Session filter: UTC hour=6 outside [7,20) and [0,0)
2026-05-06 01:57:07 INFO mt5_bot - Balance=102029.96 Equity=102029.96 Spread=0.40 pips
2026-05-06 01:57:07 INFO mt5_bot - Session filter: UTC hour=6 outside [7,20) and [0,0)
2026-05-06 01:57:22 INFO mt5_bot - Balance=102029.96 Equity=102029.96 Spread=0.20 pips
2026-05-06 01:57:22 INFO mt5_bot - Session filter: UTC hour=6 outside [7,20) and [0,0)
2026-05-06 01:57:37 INFO mt5_bot - Balance=102029.96 Equity=102029.96 Spread=0.20 pips
2026-05-06 01:57:37 INFO mt5_bot - Session filter: UTC hour=6 outside [7,20) and [0,0)
2026-05-06 01:57:53 INFO mt5_bot - Balance=102029.96 Equity=102029.96 Spread=0.20 pips
2026-05-06 01:57:53 INFO mt5_bot - Session filter: UTC hour=6 outside [7,20) and [0,0)
2026-05-06 01:58:08 INFO mt5_bot - Balance=102029.96 Equity=102029.96 Spread=0.20 pips
2026-05-06 01:58:08 INFO mt5_bot - Session filter: UTC hour=6 outside [7,20) and [0,0)
2026-05-06 01:58:23 INFO mt5_bot - Balance=102029.96 Equity=102029.96 Spread=0.40 pips
2026-05-06 01:58:23 INFO mt5_bot - Session filter: UTC hour=6 outside [7,20) and [0,0)
2026-05-06 01:58:38 INFO mt5_bot - Balance=102029.96 Equity=102029.96 Spread=0.40 pips
2026-05-06 01:58:38 INFO mt5_bot - Session filter: UTC hour=6 outside [7,20) and [0,0)
2026-05-06 01:58:53 INFO mt5_bot - Balance=102029.96 Equity=102029.96 Spread=0.20 pips
2026-05-06 01:58:53 INFO mt5_bot - Session filter: UTC hour=6 outside [7,20) and [0,0)
2026-05-06 01:59:08 INFO mt5_bot - Balance=102029.96 Equity=102029.96 Spread=0.20 pips
2026-05-06 01:59:08 INFO mt5_bot - Session filter: UTC hour=6 outside [7,20) and [0,0)
2026-05-06 01:59:23 INFO mt5_bot - Balance=102029.96 Equity=102029.96 Spread=0.20 pips
2026-05-06 01:59:23 INFO mt5_bot - Session filter: UTC hour=6 outside [7,20) and [0,0)
2026-05-06 01:59:38 INFO mt5_bot - Balance=102029.96 Equity=102029.96 Spread=0.20 pips
2026-05-06 01:59:38 INFO mt5_bot - Session filter: UTC hour=6 outside [7,20) and [0,0)
2026-05-06 01:59:53 INFO mt5_bot - Balance=102029.96 Equity=102029.96 Spread=0.20 pips
2026-05-06 01:59:53 INFO mt5_bot - Session filter: UTC hour=6 outside [7,20) and [0,0)
2026-05-06 02:00:08 INFO mt5_bot - Balance=102029.96 Equity=102029.96 Spread=0.20 pips
2026-05-06 02:00:08 INFO mt5_bot.news_filter - news_filter: loaded 115 events from shared cache
2026-05-06 02:00:08 INFO mt5_bot - Signal=NONE reason=no_closed_bar_crossover price=None trend=bullish rsi=65.6 atr_pips=6.2 adx=35.0
2026-05-06 02:00:08 INFO mt5_bot - ADX boost: adx=35.0 \u2192 risk_pct=1.50%
2026-05-06 02:00:08 INFO mt5_bot - Execution status=skipped reason=no_closed_bar_crossover
2026-05-06 02:00:23 INFO mt5_bot - Balance=102029.96 Equity=102029.96 Spread=0.20 pips
2026-05-06 02:00:23 INFO mt5_bot - Signal=NONE reason=no_closed_bar_crossover price=None trend=bullish rsi=71.7 atr_pips=5.7 adx=50.2
2026-05-06 02:00:23 INFO mt5_bot - ADX boost: adx=50.2 \u2192 risk_pct=1.50%
2026-05-06 02:00:23 INFO mt5_bot - Execution status=skipped reason=no_closed_bar_crossover
2026-05-06 02:00:38 INFO mt5_bot - Balance=102029.96 Equity=102029.96 Spread=0.40 pips
2026-05-06 02:00:38 INFO mt5_bot - Signal=NONE reason=no_closed_bar_crossover price=None trend=bullish rsi=71.7 atr_pips=5.7 adx=50.2
2026-05-06 02:00:38 INFO mt5_bot - ADX boost: adx=50.2 \u2192 risk_pct=1.50%
2026-05-06 02:00:38 INFO mt5_bot - Execution status=skipped reason=no_closed_bar_crossover
2026-05-06 02:00:53 INFO mt5_bot - Balance=102029.96 Equity=102029.96 Spread=0.20 pips
2026-05-06 02:00:53 INFO mt5_bot - Signal=NONE reason=no_closed_bar_crossover price=None trend=bullish rsi=71.7 atr_pips=5.7 adx=50.2
2026-05-06 02:00:53 INFO mt5_bot - ADX boost: adx=50.2 \u2192 risk_pct=1.50%
2026-05-06 02:00:53 INFO mt5_bot - Execution status=skipped reason=no_closed_bar_crossover
2026-05-06 02:01:08 INFO mt5_bot - Balance=102029.96 Equity=102029.96 Spread=0.40 pips
2026-05-06 02:01:08 INFO mt5_bot - Signal=NONE reason=no_closed_bar_crossover price=None trend=bullish rsi=71.7 atr_pips=5.7 adx=50.2
2026-05-06 02:01:08 INFO mt5_bot - ADX boost: adx=50.2 \u2192 risk_pct=1.50%
2026-05-06 02:01:08 INFO mt5_bot - Execution status=skipped reason=no_closed_bar_crossover
2026-05-06 02:01:23 INFO mt5_bot - Balance=102029.96 Equity=102029.96 Spread=0.20 pips
2026-05-06 02:01:23 INFO mt5_bot - Signal=NONE reason=no_closed_bar_crossover price=None trend=bullish rsi=71.7 atr_pips=5.7 adx=50.2
2026-05-06 02:01:23 INFO mt5_bot - ADX boost: adx=50.2 \u2192 risk_pct=1.50%
2026-05-06 02:01:23 INFO mt5_bot - Execution status=skipped reason=no_closed_bar_crossover
2026-05-06 02:01:38 INFO mt5_bot - Balance=102029.96 Equity=102029.96 Spread=0.20 pips
2026-05-06 02:01:38 INFO mt5_bot - Signal=NONE reason=no_closed_bar_crossover price=None trend=bullish rsi=71.7 atr_pips=5.7 adx=50.2
2026-05-06 02:01:38 INFO mt5_bot - ADX boost: adx=50.2 \u2192 risk_pct=1.50%
2026-05-06 02:01:38 INFO mt5_bot - Execution status=skipped reason=no_closed_bar_crossover
2026-05-06 02:01:53 INFO mt5_bot - Balance=102029.96 Equity=102029.96 Spread=0.20 pips
2026-05-06 02:01:53 INFO mt5_bot - Signal=NONE reason=no_closed_bar_crossover price=None trend=bullish rsi=71.7 atr_pips=5.7 adx=50.2
2026-05-06 02:01:53 INFO mt5_bot - ADX boost: adx=50.2 \u2192 risk_pct=1.50%
2026-05-06 02:01:53 INFO mt5_bot - Execution status=skipped reason=no_closed_bar_crossover
2026-05-06 02:02:08 INFO mt5_bot - Balance=102029.96 Equity=102029.96 Spread=0.40 pips
2026-05-06 02:02:08 INFO mt5_bot - Signal=NONE reason=no_closed_bar_crossover price=None trend=bullish rsi=71.7 atr_pips=5.7 adx=50.2
2026-05-06 02:02:08 INFO mt5_bot - ADX boost: adx=50.2 \u2192 risk_pct=1.50%
2026-05-06 02:02:08 INFO mt5_bot - Execution status=skipped reason=no_closed_bar_crossover
2026-05-06 02:02:23 INFO mt5_bot - Balance=102029.96 Equity=102029.96 Spread=0.40 pips
2026-05-06 02:02:23 INFO mt5_bot - Signal=NONE reason=no_closed_bar_crossover price=None trend=bullish rsi=71.7 atr_pips=5.7 adx=50.2
2026-05-06 02:02:23 INFO mt5_bot - ADX boost: adx=50.2 \u2192 risk_pct=1.50%
2026-05-06 02:02:23 INFO mt5_bot - Execution status=skipped reason=no_closed_bar_crossover
2026-05-06 02:02:38 INFO mt5_bot - Balance=102029.96 Equity=102029.96 Spread=0.20 pips
2026-05-06 02:02:38 INFO mt5_bot - Signal=NONE reason=no_closed_bar_crossover price=None trend=bullish rsi=71.7 atr_pips=5.7 adx=50.2
2026-05-06 02:02:38 INFO mt5_bot - ADX boost: adx=50.2 \u2192 risk_pct=1.50%
2026-05-06 02:02:38 INFO mt5_bot - Execution status=skipped reason=no_closed_bar_crossover
2026-05-06 02:02:53 INFO mt5_bot - Balance=102029.96 Equity=102029.96 Spread=0.40 pips
2026-05-06 02:02:53 INFO mt5_bot - Signal=NONE reason=no_closed_bar_crossover price=None trend=bullish rsi=71.7 atr_pips=5.7 adx=50.2
2026-05-06 02:02:53 INFO mt5_bot - ADX boost: adx=50.2 \u2192 risk_pct=1.50%
2026-05-06 02:02:53 INFO mt5_bot - Execution status=skipped reason=no_closed_bar_crossover
2026-05-06 02:03:08 INFO mt5_bot - Balance=102029.96 Equity=102029.96 Spread=0.40 pips
2026-05-06 02:03:08 INFO mt5_bot - Signal=NONE reason=no_closed_bar_crossover price=None trend=bullish rsi=71.7 atr_pips=5.7 adx=50.2
2026-05-06 02:03:08 INFO mt5_bot - ADX boost: adx=50.2 \u2192 risk_pct=1.50%
2026-05-06 02:03:08 INFO mt5_bot - Execution status=skipped reason=no_closed_bar_crossover
2026-05-06 02:03:23 INFO mt5_bot - Balance=102029.96 Equity=102029.96 Spread=0.40 pips
2026-05-06 02:03:23 INFO mt5_bot - Signal=NONE reason=no_closed_bar_crossover price=None trend=bullish rsi=71.7 atr_pips=5.7 adx=50.2
2026-05-06 02:03:23 INFO mt5_bot - ADX boost: adx=50.2 \u2192 risk_pct=1.50%
2026-05-06 02:03:23 INFO mt5_bot - Execution status=skipped reason=no_closed_bar_crossover
2026-05-06 02:03:38 INFO mt5_bot - Balance=102029.96 Equity=102029.96 Spread=0.20 pips
2026-05-06 02:03:38 INFO mt5_bot - Signal=NONE reason=no_closed_bar_crossover price=None trend=bullish rsi=71.7 atr_pips=5.7 adx=50.2
2026-05-06 02:03:38 INFO mt5_bot - ADX boost: adx=50.2 \u2192 risk_pct=1.50%
2026-05-06 02:03:38 INFO mt5_bot - Execution status=skipped reason=no_closed_bar_crossover
2026-05-06 02:03:53 INFO mt5_bot - Balance=102029.96 Equity=102029.96 Spread=0.40 pips
2026-05-06 02:03:53 INFO mt5_bot - Signal=NONE reason=no_closed_bar_crossover price=None trend=bullish rsi=71.7 atr_pips=5.7 adx=50.2
2026-05-06 02:03:53 INFO mt5_bot - ADX boost: adx=50.2 \u2192 risk_pct=1.50%
2026-05-06 02:03:53 INFO mt5_bot - Execution status=skipped reason=no_closed_bar_crossover
2026-05-06 02:04:08 INFO mt5_bot - Balance=102029.96 Equity=102029.96 Spread=0.20 pips
2026-05-06 02:04:08 INFO mt5_bot - Signal=NONE reason=no_closed_bar_crossover price=None trend=bullish rsi=71.7 atr_pips=5.7 adx=50.2
2026-05-06 02:04:08 INFO mt5_bot - ADX boost: adx=50.2 \u2192 risk_pct=1.50%
2026-05-06 02:04:08 INFO mt5_bot - Execution status=skipped reason=no_closed_bar_crossover
2026-05-06 02:04:23 INFO mt5_bot - Balance=102029.96 Equity=102029.96 Spread=0.40 pips
2026-05-06 02:04:23 INFO mt5_bot - Signal=NONE reason=no_closed_bar_crossover price=None trend=bullish rsi=71.7 atr_pips=5.7 adx=50.2
2026-05-06 02:04:23 INFO mt5_bot - ADX boost: adx=50.2 \u2192 risk_pct=1.50%
2026-05-06 02:04:23 INFO mt5_bot - Execution status=skipped reason=no_closed_bar_crossover
2026-05-06 02:04:38 INFO mt5_bot - Balance=102029.96 Equity=102029.96 Spread=0.20 pips
2026-05-06 02:04:38 INFO mt5_bot - Signal=NONE reason=no_closed_bar_crossover price=None trend=bullish rsi=71.7 atr_pips=5.7 adx=50.2
2026-05-06 02:04:38 INFO mt5_bot - ADX boost: adx=50.2 \u2192 risk_pct=1.50%
2026-05-06 02:04:38 INFO mt5_bot - Execution status=skipped reason=no_closed_bar_crossover
2026-05-06 02:04:53 INFO mt5_bot - Balance=102029.96 Equity=102029.96 Spread=0.20 pips
2026-05-06 02:04:53 INFO mt5_bot - Signal=NONE reason=no_closed_bar_crossover price=None trend=bullish rsi=71.7 atr_pips=5.7 adx=50.2
2026-05-06 02:04:53 INFO mt5_bot - ADX boost: adx=50.2 \u2192 risk_pct=1.50%
2026-05-06 02:04:53 INFO mt5_bot - Execution status=skipped reason=no_closed_bar_crossover
2026-05-06 02:05:08 INFO mt5_bot - Balance=102029.96 Equity=102029.96 Spread=0.40 pips
2026-05-06 02:05:08 INFO mt5_bot - Signal=NONE reason=no_closed_bar_crossover price=None trend=bullish rsi=71.7 atr_pips=5.7 adx=50.2
2026-05-06 02:05:08 INFO mt5_bot - ADX boost: adx=50.2 \u2192 risk_pct=1.50%
2026-05-06 02:05:08 INFO mt5_bot - Execution status=skipped reason=no_closed_bar_crossover
2026-05-06 02:05:23 INFO mt5_bot - Balance=102029.96 Equity=102029.96 Spread=0.20 pips
2026-05-06 02:05:23 INFO mt5_bot - Signal=NONE reason=no_closed_bar_crossover price=None trend=bullish rsi=71.7 atr_pips=5.7 adx=50.2
2026-05-06 02:05:23 INFO mt5_bot - ADX boost: adx=50.2 \u2192 risk_pct=1.50%
2026-05-06 02:05:23 INFO mt5_bot - Execution status=skipped reason=no_closed_bar_crossover
2026-05-06 02:05:38 INFO mt5_bot - Balance=102029.96 Equity=102029.96 Spread=0.20 pips
2026-05-06 02:05:38 INFO mt5_bot - Signal=NONE reason=no_closed_bar_crossover price=None trend=bullish rsi=71.7 atr_pips=5.7 adx=50.2
2026-05-06 02:05:38 INFO mt5_bot - ADX boost: adx=50.2 \u2192 risk_pct=1.50%
2026-05-06 02:05:38 INFO mt5_bot - Execution status=skipped reason=no_closed_bar_crossover
2026-05-06 02:05:53 INFO mt5_bot - Balance=102029.96 Equity=102029.96 Spread=0.20 pips
2026-05-06 02:05:53 INFO mt5_bot - Signal=NONE reason=no_closed_bar_crossover price=None trend=bullish rsi=71.7 atr_pips=5.7 adx=50.2
2026-05-06 02:05:53 INFO mt5_bot - ADX boost: adx=50.2 \u2192 risk_pct=1.50%
2026-05-06 02:05:53 INFO mt5_bot - Execution status=skipped reason=no_closed_bar_crossover
2026-05-06 02:06:08 INFO mt5_bot - Balance=102029.96 Equity=102029.96 Spread=0.40 pips
2026-05-06 02:06:08 INFO mt5_bot - Signal=NONE reason=no_closed_bar_crossover price=None trend=bullish rsi=71.7 atr_pips=5.7 adx=50.2
2026-05-06 02:06:08 INFO mt5_bot - ADX boost: adx=50.2 \u2192 risk_pct=1.50%
2026-05-06 02:06:08 INFO mt5_bot - Execution status=skipped reason=no_closed_bar_crossover
2026-05-06 02:06:23 INFO mt5_bot - Balance=102029.96 Equity=102029.96 Spread=0.40 pips
2026-05-06 02:06:23 INFO mt5_bot - Signal=NONE reason=no_closed_bar_crossover price=None trend=bullish rsi=71.7 atr_pips=5.7 adx=50.2
2026-05-06 02:06:23 INFO mt5_bot - ADX boost: adx=50.2 \u2192 risk_pct=1.50%
2026-05-06 02:06:23 INFO mt5_bot - Execution status=skipped reason=no_closed_bar_crossover
2026-05-06 02:06:38 INFO mt5_bot - Balance=102029.96 Equity=102029.96 Spread=0.40 pips
2026-05-06 02:06:38 INFO mt5_bot - Signal=NONE reason=no_closed_bar_crossover price=None trend=bullish rsi=71.7 atr_pips=5.7 adx=50.2
2026-05-06 02:06:38 INFO mt5_bot - ADX boost: adx=50.2 \u2192 risk_pct=1.50%
2026-05-06 02:06:38 INFO mt5_bot - Execution status=skipped reason=no_closed_bar_crossover
2026-05-06 02:06:53 INFO mt5_bot - Balance=102029.96 Equity=102029.96 Spread=0.40 pips
2026-05-06 02:06:53 INFO mt5_bot - Signal=NONE reason=no_closed_bar_crossover price=None trend=bullish rsi=71.7 atr_pips=5.7 adx=50.2
2026-05-06 02:06:53 INFO mt5_bot - ADX boost: adx=50.2 \u2192 risk_pct=1.50%
2026-05-06 02:06:53 INFO mt5_bot - Execution status=skipped reason=no_closed_bar_crossover
2026-05-06 02:07:08 INFO mt5_bot - Balance=102029.96 Equity=102029.96 Spread=0.20 pips
2026-05-06 02:07:08 INFO mt5_bot - Signal=NONE reason=no_closed_bar_crossover price=None trend=bullish rsi=71.7 atr_pips=5.7 adx=50.2
2026-05-06 02:07:08 INFO mt5_bot - ADX boost: adx=50.2 \u2192 risk_pct=1.50%
2026-05-06 02:07:08 INFO mt5_bot - Execution status=skipped reason=no_closed_bar_crossover
2026-05-06 02:07:23 INFO mt5_bot - Balance=102029.96 Equity=102029.96 Spread=0.20 pips
2026-05-06 02:07:23 INFO mt5_bot - Signal=NONE reason=no_closed_bar_crossover price=None trend=bullish rsi=71.7 atr_pips=5.7 adx=50.2
2026-05-06 02:07:23 INFO mt5_bot - ADX boost: adx=50.2 \u2192 risk_pct=1.50%
2026-05-06 02:07:23 INFO mt5_bot - Execution status=skipped reason=no_closed_bar_crossover
2026-05-06 02:07:38 INFO mt5_bot - Balance=102029.96 Equity=102029.96 Spread=0.20 pips
2026-05-06 02:07:38 INFO mt5_bot - Signal=NONE reason=no_closed_bar_crossover price=None trend=bullish rsi=71.7 atr_pips=5.7 adx=50.2
2026-05-06 02:07:38 INFO mt5_bot - ADX boost: adx=50.2 \u2192 risk_pct=1.50%
2026-05-06 02:07:38 INFO mt5_bot - Execution status=skipped reason=no_closed_bar_crossover
2026-05-06 02:07:53 INFO mt5_bot - Balance=102029.96 Equity=102029.96 Spread=0.20 pips
2026-05-06 02:07:53 INFO mt5_bot - Signal=NONE reason=no_closed_bar_crossover price=None trend=bullish rsi=71.7 atr_pips=5.7 adx=50.2
2026-05-06 02:07:53 INFO mt5_bot - ADX boost: adx=50.2 \u2192 risk_pct=1.50%
2026-05-06 02:07:53 INFO mt5_bot - Execution status=skipped reason=no_closed_bar_crossover
2026-05-06 02:08:08 INFO mt5_bot - Balance=102029.96 Equity=102029.96 Spread=0.20 pips
2026-05-06 02:08:08 INFO mt5_bot - Signal=NONE reason=no_closed_bar_crossover price=None trend=bullish rsi=71.7 atr_pips=5.7 adx=50.2
2026-05-06 02:08:08 INFO mt5_bot - ADX boost: adx=50.2 \u2192 risk_pct=1.50%
2026-05-06 02:08:08 INFO mt5_bot - Execution status=skipped reason=no_closed_bar_crossover
2026-05-06 02:08:23 INFO mt5_bot - Balance=102029.96 Equity=102029.96 Spread=0.20 pips
2026-05-06 02:08:23 INFO mt5_bot - Signal=NONE reason=no_closed_bar_crossover price=None trend=bullish rsi=71.7 atr_pips=5.7 adx=50.2
2026-05-06 02:08:23 INFO mt5_bot - ADX boost: adx=50.2 \u2192 risk_pct=1.50%
2026-05-06 02:08:23 INFO mt5_bot - Execution status=skipped reason=no_closed_bar_crossover
2026-05-06 02:08:38 INFO mt5_bot - Balance=102029.96 Equity=102029.96 Spread=0.20 pips
2026-05-06 02:08:38 INFO mt5_bot - Signal=NONE reason=no_closed_bar_crossover price=None trend=bullish rsi=71.7 atr_pips=5.7 adx=50.2
2026-05-06 02:08:38 INFO mt5_bot - ADX boost: adx=50.2 \u2192 risk_pct=1.50%
2026-05-06 02:08:38 INFO mt5_bot - Execution status=skipped reason=no_closed_bar_crossover
2026-05-06 02:08:53 INFO mt5_bot - Balance=102029.96 Equity=102029.96 Spread=0.40 pips
2026-05-06 02:08:53 INFO mt5_bot - Signal=NONE reason=no_closed_bar_crossover price=None trend=bullish rsi=71.7 atr_pips=5.7 adx=50.2
2026-05-06 02:08:53 INFO mt5_bot - ADX boost: adx=50.2 \u2192 risk_pct=1.50%
2026-05-06 02:08:53 INFO mt5_bot - Execution status=skipped reason=no_closed_bar_crossover
2026-05-06 02:09:08 INFO mt5_bot - Balance=102029.96 Equity=102029.96 Spread=0.20 pips
2026-05-06 02:09:08 INFO mt5_bot - Signal=NONE reason=no_closed_bar_crossover price=None trend=bullish rsi=71.7 atr_pips=5.7 adx=50.2
2026-05-06 02:09:08 INFO mt5_bot - ADX boost: adx=50.2 \u2192 risk_pct=1.50%
2026-05-06 02:09:08 INFO mt5_bot - Execution status=skipped reason=no_closed_bar_crossover
2026-05-06 02:09:23 INFO mt5_bot - Balance=102029.96 Equity=102029.96 Spread=0.20 pips
2026-05-06 02:09:23 INFO mt5_bot - Signal=NONE reason=no_closed_bar_crossover price=None trend=bullish rsi=71.7 atr_pips=5.7 adx=50.2
2026-05-06 02:09:23 INFO mt5_bot - ADX boost: adx=50.2 \u2192 risk_pct=1.50%
2026-05-06 02:09:23 INFO mt5_bot - Execution status=skipped reason=no_closed_bar_crossover
2026-05-06 02:09:38 INFO mt5_bot - Balance=102029.96 Equity=102029.96 Spread=0.40 pips
2026-05-06 02:09:38 INFO mt5_bot - Signal=NONE reason=no_closed_bar_crossover price=None trend=bullish rsi=71.7 atr_pips=5.7 adx=50.2
2026-05-06 02:09:38 INFO mt5_bot - ADX boost: adx=50.2 \u2192 risk_pct=1.50%
2026-05-06 02:09:38 INFO mt5_bot - Execution status=skipped reason=no_closed_bar_crossover
2026-05-06 02:09:53 INFO mt5_bot - Balance=102029.96 Equity=102029.96 Spread=0.20 pips
2026-05-06 02:09:53 INFO mt5_bot - Signal=NONE reason=no_closed_bar_crossover price=None trend=bullish rsi=71.7 atr_pips=5.7 adx=50.2
2026-05-06 02:09:53 INFO mt5_bot - ADX boost: adx=50.2 \u2192 risk_pct=1.50%
2026-05-06 02:09:53 INFO mt5_bot - Execution status=skipped reason=no_closed_bar_crossover
2026-05-06 02:10:08 INFO mt5_bot - Balance=102029.96 Equity=102029.96 Spread=0.40 pips
2026-05-06 02:10:08 INFO mt5_bot - Signal=NONE reason=no_closed_bar_crossover price=None trend=bullish rsi=71.7 atr_pips=5.7 adx=50.2
2026-05-06 02:10:08 INFO mt5_bot - ADX boost: adx=50.2 \u2192 risk_pct=1.50%
2026-05-06 02:10:08 INFO mt5_bot - Execution status=skipped reason=no_closed_bar_crossover
2026-05-06 02:10:23 INFO mt5_bot - Balance=102029.96 Equity=102029.96 Spread=0.40 pips
2026-05-06 02:10:23 INFO mt5_bot - Signal=NONE reason=no_closed_bar_crossover price=None trend=bullish rsi=71.7 atr_pips=5.7 adx=50.2
2026-05-06 02:10:23 INFO mt5_bot - ADX boost: adx=50.2 \u2192 risk_pct=1.50%
2026-05-06 02:10:23 INFO mt5_bot - Execution status=skipped reason=no_closed_bar_crossover
2026-05-06 02:10:38 INFO mt5_bot - Balance=102029.96 Equity=102029.96 Spread=0.20 pips
2026-05-06 02:10:38 INFO mt5_bot - Signal=NONE reason=no_closed_bar_crossover price=None trend=bullish rsi=71.7 atr_pips=5.7 adx=50.2
2026-05-06 02:10:38 INFO mt5_bot - ADX boost: adx=50.2 \u2192 risk_pct=1.50%
2026-05-06 02:10:38 INFO mt5_bot - Execution status=skipped reason=no_closed_bar_crossover
2026-05-06 02:10:53 INFO mt5_bot - Balance=102029.96 Equity=102029.96 Spread=0.40 pips
2026-05-06 02:10:53 INFO mt5_bot - Signal=NONE reason=no_closed_bar_crossover price=None trend=bullish rsi=71.7 atr_pips=5.7 adx=50.2
2026-05-06 02:10:53 INFO mt5_bot - ADX boost: adx=50.2 \u2192 risk_pct=1.50%
2026-05-06 02:10:53 INFO mt5_bot - Execution status=skipped reason=no_closed_bar_crossover
2026-05-06 02:11:08 INFO mt5_bot - Balance=102029.96 Equity=102029.96 Spread=0.40 pips
2026-05-06 02:11:08 INFO mt5_bot - Signal=NONE reason=no_closed_bar_crossover price=None trend=bullish rsi=71.7 atr_pips=5.7 adx=50.2
2026-05-06 02:11:08 INFO mt5_bot - ADX boost: adx=50.2 \u2192 risk_pct=1.50%
2026-05-06 02:11:08 INFO mt5_bot - Execution status=skipped reason=no_closed_bar_crossover
2026-05-06 02:11:23 INFO mt5_bot - Balance=102029.96 Equity=102029.96 Spread=0.20 pips
2026-05-06 02:11:23 INFO mt5_bot - Signal=NONE reason=no_closed_bar_crossover price=None trend=bullish rsi=71.7 atr_pips=5.7 adx=50.2
2026-05-06 02:11:23 INFO mt5_bot - ADX boost: adx=50.2 \u2192 risk_pct=1.50%
2026-05-06 02:11:23 INFO mt5_bot - Execution status=skipped reason=no_closed_bar_crossover
2026-05-06 02:11:38 INFO mt5_bot - Balance=102029.96 Equity=102029.96 Spread=0.40 pips
2026-05-06 02:11:38 INFO mt5_bot - Signal=NONE reason=no_closed_bar_crossover price=None trend=bullish rsi=71.7 atr_pips=5.7 adx=50.2
2026-05-06 02:11:38 INFO mt5_bot - ADX boost: adx=50.2 \u2192 risk_pct=1.50%
2026-05-06 02:11:38 INFO mt5_bot - Execution status=skipped reason=no_closed_bar_crossover
2026-05-06 02:11:53 INFO mt5_bot - Balance=102029.96 Equity=102029.96 Spread=0.20 pips
2026-05-06 02:11:53 INFO mt5_bot - Signal=NONE reason=no_closed_bar_crossover price=None trend=bullish rsi=71.7 atr_pips=5.7 adx=50.2
2026-05-06 02:11:53 INFO mt5_bot - ADX boost: adx=50.2 \u2192 risk_pct=1.50%
2026-05-06 02:11:53 INFO mt5_bot - Execution status=skipped reason=no_closed_bar_crossover
2026-05-06 02:12:08 INFO mt5_bot - Balance=102029.96 Equity=102029.96 Spread=0.20 pips
2026-05-06 02:12:08 INFO mt5_bot - Signal=NONE reason=no_closed_bar_crossover price=None trend=bullish rsi=71.7 atr_pips=5.7 adx=50.2
2026-05-06 02:12:08 INFO mt5_bot - ADX boost: adx=50.2 \u2192 risk_pct=1.50%
2026-05-06 02:12:08 INFO mt5_bot - Execution status=skipped reason=no_closed_bar_crossover
2026-05-06 02:12:23 INFO mt5_bot - Balance=102029.96 Equity=102029.96 Spread=0.40 pips
2026-05-06 02:12:23 INFO mt5_bot - Signal=NONE reason=no_closed_bar_crossover price=None trend=bullish rsi=71.7 atr_pips=5.7 adx=50.2
2026-05-06 02:12:23 INFO mt5_bot - ADX boost: adx=50.2 \u2192 risk_pct=1.50%
2026-05-06 02:12:23 INFO mt5_bot - Execution status=skipped reason=no_closed_bar_crossover
2026-05-06 02:12:38 INFO mt5_bot - Balance=102029.96 Equity=102029.96 Spread=0.20 pips
2026-05-06 02:12:38 INFO mt5_bot - Signal=NONE reason=no_closed_bar_crossover price=None trend=bullish rsi=71.7 atr_pips=5.7 adx=50.2
2026-05-06 02:12:38 INFO mt5_bot - ADX boost: adx=50.2 \u2192 risk_pct=1.50%
2026-05-06 02:12:38 INFO mt5_bot - Execution status=skipped reason=no_closed_bar_crossover
2026-05-06 02:12:53 INFO mt5_bot - Balance=102029.96 Equity=102029.96 Spread=0.40 pips
2026-05-06 02:12:53 INFO mt5_bot - Signal=NONE reason=no_closed_bar_crossover price=None trend=bullish rsi=71.7 atr_pips=5.7 adx=50.2
2026-05-06 02:12:53 INFO mt5_bot - ADX boost: adx=50.2 \u2192 risk_pct=1.50%
2026-05-06 02:12:53 INFO mt5_bot - Execution status=skipped reason=no_closed_bar_crossover
2026-05-06 02:13:08 INFO mt5_bot - Balance=102029.96 Equity=102029.96 Spread=0.40 pips
2026-05-06 02:13:08 INFO mt5_bot - Signal=NONE reason=no_closed_bar_crossover price=None trend=bullish rsi=71.7 atr_pips=5.7 adx=50.2
2026-05-06 02:13:08 INFO mt5_bot - ADX boost: adx=50.2 \u2192 risk_pct=1.50%
2026-05-06 02:13:08 INFO mt5_bot - Execution status=skipped reason=no_closed_bar_crossover
2026-05-06 02:13:23 INFO mt5_bot - Balance=102029.96 Equity=102029.96 Spread=0.40 pips
2026-05-06 02:13:23 INFO mt5_bot - Signal=NONE reason=no_closed_bar_crossover price=None trend=bullish rsi=71.7 atr_pips=5.7 adx=50.2
2026-05-06 02:13:23 INFO mt5_bot - ADX boost: adx=50.2 \u2192 risk_pct=1.50%
2026-05-06 02:13:23 INFO mt5_bot - Execution status=skipped reason=no_closed_bar_crossover
2026-05-06 02:13:38 INFO mt5_bot - Balance=102029.96 Equity=102029.96 Spread=0.20 pips
2026-05-06 02:13:38 INFO mt5_bot - Signal=NONE reason=no_closed_bar_crossover price=None trend=bullish rsi=71.7 atr_pips=5.7 adx=50.2
2026-05-06 02:13:38 INFO mt5_bot - ADX boost: adx=50.2 \u2192 risk_pct=1.50%
2026-05-06 02:13:38 INFO mt5_bot - Execution status=skipped reason=no_closed_bar_crossover
2026-05-06 02:13:53 INFO mt5_bot - Balance=102029.96 Equity=102029.96 Spread=0.40 pips
2026-05-06 02:13:53 INFO mt5_bot - Signal=NONE reason=no_closed_bar_crossover price=None trend=bullish rsi=71.7 atr_pips=5.7 adx=50.2
2026-05-06 02:13:53 INFO mt5_bot - ADX boost: adx=50.2 \u2192 risk_pct=1.50%
2026-05-06 02:13:53 INFO mt5_bot - Execution status=skipped reason=no_closed_bar_crossover
2026-05-06 02:14:09 INFO mt5_bot - Balance=102029.96 Equity=102029.96 Spread=0.40 pips
2026-05-06 02:14:09 INFO mt5_bot - Signal=NONE reason=no_closed_bar_crossover price=None trend=bullish rsi=71.7 atr_pips=5.7 adx=50.2
2026-05-06 02:14:09 INFO mt5_bot - ADX boost: adx=50.2 \u2192 risk_pct=1.50%
2026-05-06 02:14:09 INFO mt5_bot - Execution status=skipped reason=no_closed_bar_crossover
2026-05-06 02:14:24 INFO mt5_bot - Balance=102029.96 Equity=102029.96 Spread=0.40 pips
2026-05-06 02:14:24 INFO mt5_bot - Signal=NONE reason=no_closed_bar_crossover price=None trend=bullish rsi=71.7 atr_pips=5.7 adx=50.2
2026-05-06 02:14:24 INFO mt5_bot - ADX boost: adx=50.2 \u2192 risk_pct=1.50%
2026-05-06 02:14:24 INFO mt5_bot - Execution status=skipped reason=no_closed_bar_crossover
2026-05-06 02:14:39 INFO mt5_bot - Balance=102029.96 Equity=102029.96 Spread=0.40 pips
2026-05-06 02:14:39 INFO mt5_bot - Signal=NONE reason=no_closed_bar_crossover price=None trend=bullish rsi=71.7 atr_pips=5.7 adx=50.2
2026-05-06 02:14:39 INFO mt5_bot - ADX boost: adx=50.2 \u2192 risk_pct=1.50%
2026-05-06 02:14:39 INFO mt5_bot - Execution status=skipped reason=no_closed_bar_crossover
2026-05-06 02:14:54 INFO mt5_bot - Balance=102029.96 Equity=102029.96 Spread=0.40 pips
2026-05-06 02:14:54 INFO mt5_bot - Signal=NONE reason=no_closed_bar_crossover price=None trend=bullish rsi=71.7 atr_pips=5.7 adx=50.2
2026-05-06 02:14:54 INFO mt5_bot - ADX boost: adx=50.2 \u2192 risk_pct=1.50%
2026-05-06 02:14:54 INFO mt5_bot - Execution status=skipped reason=no_closed_bar_crossover
2026-05-06 02:15:09 INFO mt5_bot - Balance=102029.96 Equity=102029.96 Spread=0.40 pips
2026-05-06 02:15:09 INFO mt5_bot - Signal=NONE reason=no_closed_bar_crossover price=None trend=bullish rsi=53.3 atr_pips=6.3 adx=47.2
2026-05-06 02:15:09 INFO mt5_bot - ADX boost: adx=47.2 \u2192 risk_pct=1.50%
2026-05-06 02:15:09 INFO mt5_bot - Execution status=skipped reason=no_closed_bar_crossover
2026-05-06 02:15:24 INFO mt5_bot - Balance=102029.96 Equity=102029.96 Spread=0.40 pips
2026-05-06 02:15:24 INFO mt5_bot - Signal=NONE reason=no_closed_bar_crossover price=None trend=bullish rsi=53.3 atr_pips=6.3 adx=47.2
2026-05-06 02:15:24 INFO mt5_bot - ADX boost: adx=47.2 \u2192 risk_pct=1.50%
2026-05-06 02:15:24 INFO mt5_bot - Execution status=skipped reason=no_closed_bar_crossover
2026-05-06 02:15:39 INFO mt5_bot - Balance=102029.96 Equity=102029.96 Spread=0.20 pips
2026-05-06 02:15:39 INFO mt5_bot - Signal=NONE reason=no_closed_bar_crossover price=None trend=bullish rsi=53.3 atr_pips=6.3 adx=47.2
2026-05-06 02:15:39 INFO mt5_bot - ADX boost: adx=47.2 \u2192 risk_pct=1.50%
2026-05-06 02:15:39 INFO mt5_bot - Execution status=skipped reason=no_closed_bar_crossover
2026-05-06 02:15:54 INFO mt5_bot - Balance=102029.96 Equity=102029.96 Spread=0.40 pips
2026-05-06 02:15:54 INFO mt5_bot - Signal=NONE reason=no_closed_bar_crossover price=None trend=bullish rsi=53.3 atr_pips=6.3 adx=47.2
2026-05-06 02:15:54 INFO mt5_bot - ADX boost: adx=47.2 \u2192 risk_pct=1.50%
2026-05-06 02:15:54 INFO mt5_bot - Execution status=skipped reason=no_closed_bar_crossover
2026-05-06 02:16:09 INFO mt5_bot - Balance=102029.96 Equity=102029.96 Spread=0.20 pips
2026-05-06 02:16:09 INFO mt5_bot - Signal=NONE reason=no_closed_bar_crossover price=None trend=bullish rsi=53.3 atr_pips=6.3 adx=47.2
2026-05-06 02:16:09 INFO mt5_bot - ADX boost: adx=47.2 \u2192 risk_pct=1.50%
2026-05-06 02:16:09 INFO mt5_bot - Execution status=skipped reason=no_closed_bar_crossover
2026-05-06 02:16:24 INFO mt5_bot - Balance=102029.96 Equity=102029.96 Spread=0.40 pips
2026-05-06 02:16:24 INFO mt5_bot - Signal=NONE reason=no_closed_bar_crossover price=None trend=bullish rsi=53.3 atr_pips=6.3 adx=47.2
2026-05-06 02:16:24 INFO mt5_bot - ADX boost: adx=47.2 \u2192 risk_pct=1.50%
2026-05-06 02:16:24 INFO mt5_bot - Execution status=skipped reason=no_closed_bar_crossover
2026-05-06 02:16:39 INFO mt5_bot - Balance=102029.96 Equity=102029.96 Spread=0.40 pips
2026-05-06 02:16:39 INFO mt5_bot - Signal=NONE reason=no_closed_bar_crossover price=None trend=bullish rsi=53.3 atr_pips=6.3 adx=47.2
2026-05-06 02:16:39 INFO mt5_bot - ADX boost: adx=47.2 \u2192 risk_pct=1.50%
2026-05-06 02:16:39 INFO mt5_bot - Execution status=skipped reason=no_closed_bar_crossover
2026-05-06 02:16:54 INFO mt5_bot - Balance=102029.96 Equity=102029.96 Spread=0.40 pips
2026-05-06 02:16:54 INFO mt5_bot - Signal=NONE reason=no_closed_bar_crossover price=None trend=bullish rsi=53.3 atr_pips=6.3 adx=47.2
2026-05-06 02:16:54 INFO mt5_bot - ADX boost: adx=47.2 \u2192 risk_pct=1.50%
2026-05-06 02:16:54 INFO mt5_bot - Execution status=skipped reason=no_closed_bar_crossover
2026-05-06 02:17:09 INFO mt5_bot - Balance=102029.96 Equity=102029.96 Spread=0.40 pips
2026-05-06 02:17:09 INFO mt5_bot - Signal=NONE reason=no_closed_bar_crossover price=None trend=bullish rsi=53.3 atr_pips=6.3 adx=47.2
2026-05-06 02:17:09 INFO mt5_bot - ADX boost: adx=47.2 \u2192 risk_pct=1.50%
2026-05-06 02:17:09 INFO mt5_bot - Execution status=skipped reason=no_closed_bar_crossover
2026-05-06 02:17:24 INFO mt5_bot - Balance=102029.96 Equity=102029.96 Spread=0.40 pips
2026-05-06 02:17:24 INFO mt5_bot - Signal=NONE reason=no_closed_bar_crossover price=None trend=bullish rsi=53.3 atr_pips=6.3 adx=47.2
2026-05-06 02:17:24 INFO mt5_bot - ADX boost: adx=47.2 \u2192 risk_pct=1.50%
2026-05-06 02:17:24 INFO mt5_bot - Execution status=skipped reason=no_closed_bar_crossover
2026-05-06 02:17:39 INFO mt5_bot - Balance=102029.96 Equity=102029.96 Spread=0.20 pips
2026-05-06 02:17:39 INFO mt5_bot - Signal=NONE reason=no_closed_bar_crossover price=None trend=bullish rsi=53.3 atr_pips=6.3 adx=47.2
2026-05-06 02:17:39 INFO mt5_bot - ADX boost: adx=47.2 \u2192 risk_pct=1.50%
2026-05-06 02:17:39 INFO mt5_bot - Execution status=skipped reason=no_closed_bar_crossover
2026-05-06 02:17:54 INFO mt5_bot - Balance=102029.96 Equity=102029.96 Spread=0.20 pips
2026-05-06 02:17:54 INFO mt5_bot - Signal=NONE reason=no_closed_bar_crossover price=None trend=bullish rsi=53.3 atr_pips=6.3 adx=47.2
2026-05-06 02:17:54 INFO mt5_bot - ADX boost: adx=47.2 \u2192 risk_pct=1.50%
2026-05-06 02:17:54 INFO mt5_bot - Execution status=skipped reason=no_closed_bar_crossover
2026-05-06 02:18:09 INFO mt5_bot - Balance=102029.96 Equity=102029.96 Spread=0.20 pips
2026-05-06 02:18:09 INFO mt5_bot - Signal=NONE reason=no_closed_bar_crossover price=None trend=bullish rsi=53.3 atr_pips=6.3 adx=47.2
2026-05-06 02:18:09 INFO mt5_bot - ADX boost: adx=47.2 \u2192 risk_pct=1.50%
2026-05-06 02:18:09 INFO mt5_bot - Execution status=skipped reason=no_closed_bar_crossover
2026-05-06 02:18:24 INFO mt5_bot - Balance=102029.96 Equity=102029.96 Spread=0.20 pips
2026-05-06 02:18:24 INFO mt5_bot - Signal=NONE reason=no_closed_bar_crossover price=None trend=bullish rsi=53.3 atr_pips=6.3 adx=47.2
2026-05-06 02:18:24 INFO mt5_bot - ADX boost: adx=47.2 \u2192 risk_pct=1.50%
2026-05-06 02:18:24 INFO mt5_bot - Execution status=skipped reason=no_closed_bar_crossover
2026-05-06 02:18:39 INFO mt5_bot - Balance=102029.96 Equity=102029.96 Spread=0.40 pips
2026-05-06 02:18:39 INFO mt5_bot - Signal=NONE reason=no_closed_bar_crossover price=None trend=bullish rsi=53.3 atr_pips=6.3 adx=47.2
2026-05-06 02:18:39 INFO mt5_bot - ADX boost: adx=47.2 \u2192 risk_pct=1.50%
2026-05-06 02:18:39 INFO mt5_bot - Execution status=skipped reason=no_closed_bar_crossover
2026-05-06 02:18:54 INFO mt5_bot - Balance=102029.96 Equity=102029.96 Spread=0.20 pips
2026-05-06 02:18:54 INFO mt5_bot - Signal=NONE reason=no_closed_bar_crossover price=None trend=bullish rsi=53.3 atr_pips=6.3 adx=47.2
2026-05-06 02:18:54 INFO mt5_bot - ADX boost: adx=47.2 \u2192 risk_pct=1.50%
2026-05-06 02:18:54 INFO mt5_bot - Execution status=skipped reason=no_closed_bar_crossover
2026-05-06 02:19:09 INFO mt5_bot - Balance=102029.96 Equity=102029.96 Spread=0.40 pips
2026-05-06 02:19:09 INFO mt5_bot - Signal=NONE reason=no_closed_bar_crossover price=None trend=bullish rsi=53.3 atr_pips=6.3 adx=47.2
2026-05-06 02:19:09 INFO mt5_bot - ADX boost: adx=47.2 \u2192 risk_pct=1.50%
2026-05-06 02:19:09 INFO mt5_bot - Execution status=skipped reason=no_closed_bar_crossover
2026-05-06 02:19:24 INFO mt5_bot - Balance=102029.96 Equity=102029.96 Spread=0.20 pips
2026-05-06 02:19:24 INFO mt5_bot - Signal=NONE reason=no_closed_bar_crossover price=None trend=bullish rsi=53.3 atr_pips=6.3 adx=47.2
2026-05-06 02:19:24 INFO mt5_bot - ADX boost: adx=47.2 \u2192 risk_pct=1.50%
2026-05-06 02:19:24 INFO mt5_bot - Execution status=skipped reason=no_closed_bar_crossover
2026-05-06 02:19:39 INFO mt5_bot - Balance=102029.96 Equity=102029.96 Spread=0.20 pips
2026-05-06 02:19:39 INFO mt5_bot - Signal=NONE reason=no_closed_bar_crossover price=None trend=bullish rsi=53.3 atr_pips=6.3 adx=47.2
2026-05-06 02:19:39 INFO mt5_bot - ADX boost: adx=47.2 \u2192 risk_pct=1.50%
2026-05-06 02:19:39 INFO mt5_bot - Execution status=skipped reason=no_closed_bar_crossover
2026-05-06 02:19:54 INFO mt5_bot - Balance=102029.96 Equity=102029.96 Spread=0.40 pips
2026-05-06 02:19:54 INFO mt5_bot - Signal=NONE reason=no_closed_bar_crossover price=None trend=bullish rsi=53.3 atr_pips=6.3 adx=47.2
2026-05-06 02:19:54 INFO mt5_bot - ADX boost: adx=47.2 \u2192 risk_pct=1.50%
2026-05-06 02:19:54 INFO mt5_bot - Execution status=skipped reason=no_closed_bar_crossover
2026-05-06 02:20:09 INFO mt5_bot - Balance=102029.96 Equity=102029.96 Spread=0.40 pips
2026-05-06 02:20:09 INFO mt5_bot - Signal=NONE reason=no_closed_bar_crossover price=None trend=bullish rsi=53.3 atr_pips=6.3 adx=47.2
2026-05-06 02:20:09 INFO mt5_bot - ADX boost: adx=47.2 \u2192 risk_pct=1.50%
2026-05-06 02:20:09 INFO mt5_bot - Execution status=skipped reason=no_closed_bar_crossover
2026-05-06 02:20:24 INFO mt5_bot - Balance=102029.96 Equity=102029.96 Spread=0.40 pips
2026-05-06 02:20:24 INFO mt5_bot - Signal=NONE reason=no_closed_bar_crossover price=None trend=bullish rsi=53.3 atr_pips=6.3 adx=47.2
2026-05-06 02:20:24 INFO mt5_bot - ADX boost: adx=47.2 \u2192 risk_pct=1.50%
2026-05-06 02:20:24 INFO mt5_bot - Execution status=skipped reason=no_closed_bar_crossover
2026-05-06 02:20:39 INFO mt5_bot - Balance=102029.96 Equity=102029.96 Spread=0.20 pips
2026-05-06 02:20:39 INFO mt5_bot - Signal=NONE reason=no_closed_bar_crossover price=None trend=bullish rsi=53.3 atr_pips=6.3 adx=47.2
2026-05-06 02:20:39 INFO mt5_bot - ADX boost: adx=47.2 \u2192 risk_pct=1.50%
2026-05-06 02:20:39 INFO mt5_bot - Execution status=skipped reason=no_closed_bar_crossover
2026-05-06 02:20:54 INFO mt5_bot - Balance=102029.96 Equity=102029.96 Spread=0.20 pips
2026-05-06 02:20:54 INFO mt5_bot - Signal=NONE reason=no_closed_bar_crossover price=None trend=bullish rsi=53.3 atr_pips=6.3 adx=47.2
2026-05-06 02:20:54 INFO mt5_bot - ADX boost: adx=47.2 \u2192 risk_pct=1.50%
2026-05-06 02:20:54 INFO mt5_bot - Execution status=skipped reason=no_closed_bar_crossover
2026-05-06 02:21:09 INFO mt5_bot - Balance=102029.96 Equity=102029.96 Spread=0.20 pips
2026-05-06 02:21:09 INFO mt5_bot - Signal=NONE reason=no_closed_bar_crossover price=None trend=bullish rsi=53.3 atr_pips=6.3 adx=47.2
2026-05-06 02:21:09 INFO mt5_bot - ADX boost: adx=47.2 \u2192 risk_pct=1.50%
2026-05-06 02:21:09 INFO mt5_bot - Execution status=skipped reason=no_closed_bar_crossover
2026-05-06 02:21:24 INFO mt5_bot - Balance=102029.96 Equity=102029.96 Spread=0.40 pips
2026-05-06 02:21:24 INFO mt5_bot - Signal=NONE reason=no_closed_bar_crossover price=None trend=bullish rsi=53.3 atr_pips=6.3 adx=47.2
2026-05-06 02:21:24 INFO mt5_bot - ADX boost: adx=47.2 \u2192 risk_pct=1.50%
2026-05-06 02:21:24 INFO mt5_bot - Execution status=skipped reason=no_closed_bar_crossover
2026-05-06 02:21:39 INFO mt5_bot - Balance=102029.96 Equity=102029.96 Spread=0.20 pips
2026-05-06 02:21:39 INFO mt5_bot - Signal=NONE reason=no_closed_bar_crossover price=None trend=bullish rsi=53.3 atr_pips=6.3 adx=47.2
2026-05-06 02:21:39 INFO mt5_bot - ADX boost: adx=47.2 \u2192 risk_pct=1.50%
2026-05-06 02:21:39 INFO mt5_bot - Execution status=skipped reason=no_closed_bar_crossover
2026-05-06 02:21:54 INFO mt5_bot - Balance=102029.96 Equity=102029.96 Spread=0.40 pips
2026-05-06 02:21:54 INFO mt5_bot - Signal=NONE reason=no_closed_bar_crossover price=None trend=bullish rsi=53.3 atr_pips=6.3 adx=47.2
2026-05-06 02:21:54 INFO mt5_bot - ADX boost: adx=47.2 \u2192 risk_pct=1.50%
2026-05-06 02:21:54 INFO mt5_bot - Execution status=skipped reason=no_closed_bar_crossover
2026-05-06 02:22:09 INFO mt5_bot - Balance=102029.96 Equity=102029.96 Spread=0.20 pips
2026-05-06 02:22:09 INFO mt5_bot - Signal=NONE reason=no_closed_bar_crossover price=None trend=bullish rsi=53.3 atr_pips=6.3 adx=47.2
2026-05-06 02:22:09 INFO mt5_bot - ADX boost: adx=47.2 \u2192 risk_pct=1.50%
2026-05-06 02:22:09 INFO mt5_bot - Execution status=skipped reason=no_closed_bar_crossover
2026-05-06 02:22:24 INFO mt5_bot - Balance=102029.96 Equity=102029.96 Spread=0.20 pips
2026-05-06 02:22:24 INFO mt5_bot - Signal=NONE reason=no_closed_bar_crossover price=None trend=bullish rsi=53.3 atr_pips=6.3 adx=47.2
2026-05-06 02:22:24 INFO mt5_bot - ADX boost: adx=47.2 \u2192 risk_pct=1.50%
2026-05-06 02:22:24 INFO mt5_bot - Execution status=skipped reason=no_closed_bar_crossover
2026-05-06 02:22:39 INFO mt5_bot - Balance=102029.96 Equity=102029.96 Spread=0.20 pips
2026-05-06 02:22:39 INFO mt5_bot - Signal=NONE reason=no_closed_bar_crossover price=None trend=bullish rsi=53.3 atr_pips=6.3 adx=47.2
2026-05-06 02:22:39 INFO mt5_bot - ADX boost: adx=47.2 \u2192 risk_pct=1.50%
2026-05-06 02:22:39 INFO mt5_bot - Execution status=skipped reason=no_closed_bar_crossover
2026-05-06 02:22:54 INFO mt5_bot - Balance=102029.96 Equity=102029.96 Spread=0.40 pips
2026-05-06 02:22:54 INFO mt5_bot - Signal=NONE reason=no_closed_bar_crossover price=None trend=bullish rsi=53.3 atr_pips=6.3 adx=47.2
2026-05-06 02:22:54 INFO mt5_bot - ADX boost: adx=47.2 \u2192 risk_pct=1.50%
2026-05-06 02:22:54 INFO mt5_bot - Execution status=skipped reason=no_closed_bar_crossover
2026-05-06 02:23:09 INFO mt5_bot - Balance=102029.96 Equity=102029.96 Spread=0.20 pips
2026-05-06 02:23:09 INFO mt5_bot - Signal=NONE reason=no_closed_bar_crossover price=None trend=bullish rsi=53.3 atr_pips=6.3 adx=47.2
2026-05-06 02:23:09 INFO mt5_bot - ADX boost: adx=47.2 \u2192 risk_pct=1.50%
2026-05-06 02:23:09 INFO mt5_bot - Execution status=skipped reason=no_closed_bar_crossover
2026-05-06 02:23:24 INFO mt5_bot - Balance=102029.96 Equity=102029.96 Spread=0.20 pips
2026-05-06 02:23:24 INFO mt5_bot - Signal=NONE reason=no_closed_bar_crossover price=None trend=bullish rsi=53.3 atr_pips=6.3 adx=47.2
2026-05-06 02:23:24 INFO mt5_bot - ADX boost: adx=47.2 \u2192 risk_pct=1.50%
2026-05-06 02:23:24 INFO mt5_bot - Execution status=skipped reason=no_closed_bar_crossover
2026-05-06 02:23:39 INFO mt5_bot - Balance=102029.96 Equity=102029.96 Spread=0.20 pips
2026-05-06 02:23:39 INFO mt5_bot - Signal=NONE reason=no_closed_bar_crossover price=None trend=bullish rsi=53.3 atr_pips=6.3 adx=47.2
2026-05-06 02:23:39 INFO mt5_bot - ADX boost: adx=47.2 \u2192 risk_pct=1.50%
2026-05-06 02:23:39 INFO mt5_bot - Execution status=skipped reason=no_closed_bar_crossover
2026-05-06 02:23:54 INFO mt5_bot - Balance=102029.96 Equity=102029.96 Spread=0.40 pips
2026-05-06 02:23:54 INFO mt5_bot - Signal=NONE reason=no_closed_bar_crossover price=None trend=bullish rsi=53.3 atr_pips=6.3 adx=47.2
2026-05-06 02:23:54 INFO mt5_bot - ADX boost: adx=47.2 \u2192 risk_pct=1.50%
2026-05-06 02:23:54 INFO mt5_bot - Execution status=skipped reason=no_closed_bar_crossover
2026-05-06 02:24:09 INFO mt5_bot - Balance=102029.96 Equity=102029.96 Spread=0.20 pips
2026-05-06 02:24:09 INFO mt5_bot - Signal=NONE reason=no_closed_bar_crossover price=None trend=bullish rsi=53.3 atr_pips=6.3 adx=47.2
2026-05-06 02:24:09 INFO mt5_bot - ADX boost: adx=47.2 \u2192 risk_pct=1.50%
2026-05-06 02:24:09 INFO mt5_bot - Execution status=skipped reason=no_closed_bar_crossover
2026-05-06 02:24:24 INFO mt5_bot - Balance=102029.96 Equity=102029.96 Spread=0.20 pips
2026-05-06 02:24:24 INFO mt5_bot - Signal=NONE reason=no_closed_bar_crossover price=None trend=bullish rsi=53.3 atr_pips=6.3 adx=47.2
2026-05-06 02:24:24 INFO mt5_bot - ADX boost: adx=47.2 \u2192 risk_pct=1.50%
2026-05-06 02:24:24 INFO mt5_bot - Execution status=skipped reason=no_closed_bar_crossover
2026-05-06 02:24:39 INFO mt5_bot - Balance=102029.96 Equity=102029.96 Spread=0.40 pips
2026-05-06 02:24:39 INFO mt5_bot - Signal=NONE reason=no_closed_bar_crossover price=None trend=bullish rsi=53.3 atr_pips=6.3 adx=47.2
2026-05-06 02:24:39 INFO mt5_bot - ADX boost: adx=47.2 \u2192 risk_pct=1.50%
2026-05-06 02:24:39 INFO mt5_bot - Execution status=skipped reason=no_closed_bar_crossover
2026-05-06 02:24:54 INFO mt5_bot - Balance=102029.96 Equity=102029.96 Spread=0.20 pips
2026-05-06 02:24:54 INFO mt5_bot - Signal=NONE reason=no_closed_bar_crossover price=None trend=bullish rsi=53.3 atr_pips=6.3 adx=47.2
2026-05-06 02:24:54 INFO mt5_bot - ADX boost: adx=47.2 \u2192 risk_pct=1.50%
2026-05-06 02:24:54 INFO mt5_bot - Execution status=skipped reason=no_closed_bar_crossover
2026-05-06 02:25:09 INFO mt5_bot - Balance=102029.96 Equity=102029.96 Spread=0.20 pips
2026-05-06 02:25:09 INFO mt5_bot - Signal=NONE reason=no_closed_bar_crossover price=None trend=bullish rsi=53.3 atr_pips=6.3 adx=47.2
2026-05-06 02:25:09 INFO mt5_bot - ADX boost: adx=47.2 \u2192 risk_pct=1.50%
2026-05-06 02:25:09 INFO mt5_bot - Execution status=skipped reason=no_closed_bar_crossover
2026-05-06 02:25:24 INFO mt5_bot - Balance=102029.96 Equity=102029.96 Spread=0.40 pips
2026-05-06 02:25:24 INFO mt5_bot - Signal=NONE reason=no_closed_bar_crossover price=None trend=bullish rsi=53.3 atr_pips=6.3 adx=47.2
2026-05-06 02:25:24 INFO mt5_bot - ADX boost: adx=47.2 \u2192 risk_pct=1.50%
2026-05-06 02:25:24 INFO mt5_bot - Execution status=skipped reason=no_closed_bar_crossover
2026-05-06 02:25:39 INFO mt5_bot - Balance=102029.96 Equity=102029.96 Spread=0.40 pips
2026-05-06 02:25:39 INFO mt5_bot - Signal=NONE reason=no_closed_bar_crossover price=None trend=bullish rsi=53.3 atr_pips=6.3 adx=47.2
2026-05-06 02:25:39 INFO mt5_bot - ADX boost: adx=47.2 \u2192 risk_pct=1.50%
2026-05-06 02:25:39 INFO mt5_bot - Execution status=skipped reason=no_closed_bar_crossover
2026-05-06 02:25:54 INFO mt5_bot - Balance=102029.96 Equity=102029.96 Spread=0.20 pips
2026-05-06 02:25:54 INFO mt5_bot - Signal=NONE reason=no_closed_bar_crossover price=None trend=bullish rsi=53.3 atr_pips=6.3 adx=47.2
2026-05-06 02:25:54 INFO mt5_bot - ADX boost: adx=47.2 \u2192 risk_pct=1.50%
2026-05-06 02:25:54 INFO mt5_bot - Execution status=skipped reason=no_closed_bar_crossover
2026-05-06 02:26:09 INFO mt5_bot - Balance=102029.96 Equity=102029.96 Spread=0.20 pips
2026-05-06 02:26:09 INFO mt5_bot - Signal=NONE reason=no_closed_bar_crossover price=None trend=bullish rsi=53.3 atr_pips=6.3 adx=47.2
2026-05-06 02:26:09 INFO mt5_bot - ADX boost: adx=47.2 \u2192 risk_pct=1.50%
2026-05-06 02:26:09 INFO mt5_bot - Execution status=skipped reason=no_closed_bar_crossover
2026-05-06 02:26:24 INFO mt5_bot - Balance=102029.96 Equity=102029.96 Spread=0.40 pips
2026-05-06 02:26:24 INFO mt5_bot - Signal=NONE reason=no_closed_bar_crossover price=None trend=bullish rsi=53.3 atr_pips=6.3 adx=47.2
2026-05-06 02:26:24 INFO mt5_bot - ADX boost: adx=47.2 \u2192 risk_pct=1.50%
2026-05-06 02:26:24 INFO mt5_bot - Execution status=skipped reason=no_closed_bar_crossover
2026-05-06 02:26:39 INFO mt5_bot - Balance=102029.96 Equity=102029.96 Spread=0.40 pips
2026-05-06 02:26:39 INFO mt5_bot - Signal=NONE reason=no_closed_bar_crossover price=None trend=bullish rsi=53.3 atr_pips=6.3 adx=47.2
2026-05-06 02:26:39 INFO mt5_bot - ADX boost: adx=47.2 \u2192 risk_pct=1.50%
2026-05-06 02:26:39 INFO mt5_bot - Execution status=skipped reason=no_closed_bar_crossover
2026-05-06 02:26:54 INFO mt5_bot - Balance=102029.96 Equity=102029.96 Spread=0.40 pips
2026-05-06 02:26:54 INFO mt5_bot - Signal=NONE reason=no_closed_bar_crossover price=None trend=bullish rsi=53.3 atr_pips=6.3 adx=47.2
2026-05-06 02:26:54 INFO mt5_bot - ADX boost: adx=47.2 \u2192 risk_pct=1.50%
2026-05-06 02:26:54 INFO mt5_bot - Execution status=skipped reason=no_closed_bar_crossover
2026-05-06 02:27:09 INFO mt5_bot - Balance=102029.96 Equity=102029.96 Spread=0.40 pips
2026-05-06 02:27:09 INFO mt5_bot - Signal=NONE reason=no_closed_bar_crossover price=None trend=bullish rsi=53.3 atr_pips=6.3 adx=47.2
2026-05-06 02:27:09 INFO mt5_bot - ADX boost: adx=47.2 \u2192 risk_pct=1.50%
2026-05-06 02:27:09 INFO mt5_bot - Execution status=skipped reason=no_closed_bar_crossover
2026-05-06 02:27:24 INFO mt5_bot - Balance=102029.96 Equity=102029.96 Spread=0.40 pips
2026-05-06 02:27:24 INFO mt5_bot - Signal=NONE reason=no_closed_bar_crossover price=None trend=bullish rsi=53.3 atr_pips=6.3 adx=47.2
2026-05-06 02:27:24 INFO mt5_bot - ADX boost: adx=47.2 \u2192 risk_pct=1.50%
2026-05-06 02:27:24 INFO mt5_bot - Execution status=skipped reason=no_closed_bar_crossover
2026-05-06 02:27:39 INFO mt5_bot - Balance=102029.96 Equity=102029.96 Spread=0.40 pips
2026-05-06 02:27:39 INFO mt5_bot - Signal=NONE reason=no_closed_bar_crossover price=None trend=bullish rsi=53.3 atr_pips=6.3 adx=47.2
2026-05-06 02:27:39 INFO mt5_bot - ADX boost: adx=47.2 \u2192 risk_pct=1.50%
2026-05-06 02:27:39 INFO mt5_bot - Execution status=skipped reason=no_closed_bar_crossover
2026-05-06 02:27:54 INFO mt5_bot - Balance=102029.96 Equity=102029.96 Spread=0.20 pips
2026-05-06 02:27:54 INFO mt5_bot - Signal=NONE reason=no_closed_bar_crossover price=None trend=bullish rsi=53.3 atr_pips=6.3 adx=47.2
2026-05-06 02:27:54 INFO mt5_bot - ADX boost: adx=47.2 \u2192 risk_pct=1.50%
2026-05-06 02:27:54 INFO mt5_bot - Execution status=skipped reason=no_closed_bar_crossover
2026-05-06 02:28:09 INFO mt5_bot - Balance=102029.96 Equity=102029.96 Spread=0.20 pips
2026-05-06 02:28:09 INFO mt5_bot - Signal=NONE reason=no_closed_bar_crossover price=None trend=bullish rsi=53.3 atr_pips=6.3 adx=47.2
2026-05-06 02:28:09 INFO mt5_bot - ADX boost: adx=47.2 \u2192 risk_pct=1.50%
2026-05-06 02:28:09 INFO mt5_bot - Execution status=skipped reason=no_closed_bar_crossover
2026-05-06 02:28:24 INFO mt5_bot - Balance=102029.96 Equity=102029.96 Spread=0.20 pips
2026-05-06 02:28:24 INFO mt5_bot - Signal=NONE reason=no_closed_bar_crossover price=None trend=bullish rsi=53.3 atr_pips=6.3 adx=47.2
2026-05-06 02:28:24 INFO mt5_bot - ADX boost: adx=47.2 \u2192 risk_pct=1.50%
2026-05-06 02:28:24 INFO mt5_bot - Execution status=skipped reason=no_closed_bar_crossover
2026-05-06 02:28:39 INFO mt5_bot - Balance=102029.96 Equity=102029.96 Spread=0.20 pips
2026-05-06 02:28:39 INFO mt5_bot - Signal=NONE reason=no_closed_bar_crossover price=None trend=bullish rsi=53.3 atr_pips=6.3 adx=47.2
2026-05-06 02:28:39 INFO mt5_bot - ADX boost: adx=47.2 \u2192 risk_pct=1.50%
2026-05-06 02:28:39 INFO mt5_bot - Execution status=skipped reason=no_closed_bar_crossover
2026-05-06 02:28:54 INFO mt5_bot - Balance=102029.96 Equity=102029.96 Spread=0.40 pips
2026-05-06 02:28:54 INFO mt5_bot - Signal=NONE reason=no_closed_bar_crossover price=None trend=bullish rsi=53.3 atr_pips=6.3 adx=47.2
2026-05-06 02:28:54 INFO mt5_bot - ADX boost: adx=47.2 \u2192 risk_pct=1.50%
2026-05-06 02:28:54 INFO mt5_bot - Execution status=skipped reason=no_closed_bar_crossover
2026-05-06 02:29:09 INFO mt5_bot - Balance=102029.96 Equity=102029.96 Spread=0.20 pips
2026-05-06 02:29:09 INFO mt5_bot - Signal=NONE reason=no_closed_bar_crossover price=None trend=bullish rsi=53.3 atr_pips=6.3 adx=47.2
2026-05-06 02:29:09 INFO mt5_bot - ADX boost: adx=47.2 \u2192 risk_pct=1.50%
2026-05-06 02:29:09 INFO mt5_bot - Execution status=skipped reason=no_closed_bar_crossover
2026-05-06 02:29:24 INFO mt5_bot - Balance=102029.96 Equity=102029.96 Spread=0.40 pips
2026-05-06 02:29:24 INFO mt5_bot - Signal=NONE reason=no_closed_bar_crossover price=None trend=bullish rsi=53.3 atr_pips=6.3 adx=47.2
2026-05-06 02:29:24 INFO mt5_bot - ADX boost: adx=47.2 \u2192 risk_pct=1.50%
2026-05-06 02:29:24 INFO mt5_bot - Execution status=skipped reason=no_closed_bar_crossover
2026-05-06 02:29:39 INFO mt5_bot - Balance=102029.96 Equity=102029.96 Spread=0.20 pips
2026-05-06 02:29:39 INFO mt5_bot - Signal=NONE reason=no_closed_bar_crossover price=None trend=bullish rsi=53.3 atr_pips=6.3 adx=47.2
2026-05-06 02:29:39 INFO mt5_bot - ADX boost: adx=47.2 \u2192 risk_pct=1.50%
2026-05-06 02:29:39 INFO mt5_bot - Execution status=skipped reason=no_closed_bar_crossover
2026-05-06 02:29:54 INFO mt5_bot - Balance=102029.96 Equity=102029.96 Spread=0.40 pips
2026-05-06 02:29:55 INFO mt5_bot - Signal=NONE reason=no_closed_bar_crossover price=None trend=bullish rsi=53.3 atr_pips=6.3 adx=47.2
2026-05-06 02:29:55 INFO mt5_bot - ADX boost: adx=47.2 \u2192 risk_pct=1.50%
2026-05-06 02:29:55 INFO mt5_bot - Execution status=skipped reason=no_closed_bar_crossover
2026-05-06 02:30:10 INFO mt5_bot - Balance=102029.96 Equity=102029.96 Spread=0.20 pips
2026-05-06 02:30:10 INFO mt5_bot - Signal=NONE reason=no_closed_bar_crossover price=None trend=bullish rsi=54.4 atr_pips=6.3 adx=43.8
2026-05-06 02:30:10 INFO mt5_bot - ADX boost: adx=43.8 \u2192 risk_pct=1.50%
2026-05-06 02:30:10 INFO mt5_bot - Execution status=skipped reason=no_closed_bar_crossover
2026-05-06 02:30:25 INFO mt5_bot - Balance=102029.96 Equity=102029.96 Spread=0.20 pips
2026-05-06 02:30:25 INFO mt5_bot - Signal=NONE reason=no_closed_bar_crossover price=None trend=bullish rsi=54.4 atr_pips=6.3 adx=43.8
2026-05-06 02:30:25 INFO mt5_bot - ADX boost: adx=43.8 \u2192 risk_pct=1.50%
2026-05-06 02:30:25 INFO mt5_bot - Execution status=skipped reason=no_closed_bar_crossover
2026-05-06 02:30:40 INFO mt5_bot - Balance=102029.96 Equity=102029.96 Spread=0.20 pips
2026-05-06 02:30:40 INFO mt5_bot - Signal=NONE reason=no_closed_bar_crossover price=None trend=bullish rsi=54.4 atr_pips=6.3 adx=43.8
2026-05-06 02:30:40 INFO mt5_bot - ADX boost: adx=43.8 \u2192 risk_pct=1.50%
2026-05-06 02:30:40 INFO mt5_bot - Execution status=skipped reason=no_closed_bar_crossover
2026-05-06 02:30:55 INFO mt5_bot - Balance=102029.96 Equity=102029.96 Spread=0.40 pips
2026-05-06 02:30:55 INFO mt5_bot - Signal=NONE reason=no_closed_bar_crossover price=None trend=bullish rsi=54.4 atr_pips=6.3 adx=43.8
2026-05-06 02:30:55 INFO mt5_bot - ADX boost: adx=43.8 \u2192 risk_pct=1.50%
2026-05-06 02:30:55 INFO mt5_bot - Execution status=skipped reason=no_closed_bar_crossover
2026-05-06 02:31:10 INFO mt5_bot - Balance=102029.96 Equity=102029.96 Spread=0.20 pips
2026-05-06 02:31:10 INFO mt5_bot - Signal=NONE reason=no_closed_bar_crossover price=None trend=bullish rsi=54.4 atr_pips=6.3 adx=43.8
2026-05-06 02:31:10 INFO mt5_bot - ADX boost: adx=43.8 \u2192 risk_pct=1.50%
2026-05-06 02:31:10 INFO mt5_bot - Execution status=skipped reason=no_closed_bar_crossover
2026-05-06 02:31:25 INFO mt5_bot - Balance=102029.96 Equity=102029.96 Spread=0.20 pips
2026-05-06 02:31:25 INFO mt5_bot - Signal=NONE reason=no_closed_bar_crossover price=None trend=bullish rsi=54.4 atr_pips=6.3 adx=43.8
2026-05-06 02:31:25 INFO mt5_bot - ADX boost: adx=43.8 \u2192 risk_pct=1.50%
2026-05-06 02:31:25 INFO mt5_bot - Execution status=skipped reason=no_closed_bar_crossover
2026-05-06 02:31:40 INFO mt5_bot - Balance=102029.96 Equity=102029.96 Spread=0.40 pips
2026-05-06 02:31:40 INFO mt5_bot - Signal=NONE reason=no_closed_bar_crossover price=None trend=bullish rsi=54.4 atr_pips=6.3 adx=43.8
2026-05-06 02:31:40 INFO mt5_bot - ADX boost: adx=43.8 \u2192 risk_pct=1.50%
2026-05-06 02:31:40 INFO mt5_bot - Execution status=skipped reason=no_closed_bar_crossover
2026-05-06 02:31:55 INFO mt5_bot - Balance=102029.96 Equity=102029.96 Spread=0.20 pips
2026-05-06 02:31:55 INFO mt5_bot - Signal=NONE reason=no_closed_bar_crossover price=None trend=bullish rsi=54.4 atr_pips=6.3 adx=43.8
2026-05-06 02:31:55 INFO mt5_bot - ADX boost: adx=43.8 \u2192 risk_pct=1.50%
2026-05-06 02:31:55 INFO mt5_bot - Execution status=skipped reason=no_closed_bar_crossover
2026-05-06 02:32:10 INFO mt5_bot - Balance=102029.96 Equity=102029.96 Spread=0.20 pips
2026-05-06 02:32:10 INFO mt5_bot - Signal=NONE reason=no_closed_bar_crossover price=None trend=bullish rsi=54.4 atr_pips=6.3 adx=43.8
2026-05-06 02:32:10 INFO mt5_bot - ADX boost: adx=43.8 \u2192 risk_pct=1.50%
2026-05-06 02:32:10 INFO mt5_bot - Execution status=skipped reason=no_closed_bar_crossover
2026-05-06 02:32:25 INFO mt5_bot - Balance=102029.96 Equity=102029.96 Spread=0.40 pips
2026-05-06 02:32:25 INFO mt5_bot - Signal=NONE reason=no_closed_bar_crossover price=None trend=bullish rsi=54.4 atr_pips=6.3 adx=43.8
2026-05-06 02:32:25 INFO mt5_bot - ADX boost: adx=43.8 \u2192 risk_pct=1.50%
2026-05-06 02:32:25 INFO mt5_bot - Execution status=skipped reason=no_closed_bar_crossover
2026-05-06 02:32:40 INFO mt5_bot - Balance=102029.96 Equity=102029.96 Spread=0.40 pips
2026-05-06 02:32:40 INFO mt5_bot - Signal=NONE reason=no_closed_bar_crossover price=None trend=bullish rsi=54.4 atr_pips=6.3 adx=43.8
2026-05-06 02:32:40 INFO mt5_bot - ADX boost: adx=43.8 \u2192 risk_pct=1.50%
2026-05-06 02:32:40 INFO mt5_bot - Execution status=skipped reason=no_closed_bar_crossover
2026-05-06 02:32:55 INFO mt5_bot - Balance=102029.96 Equity=102029.96 Spread=0.40 pips
2026-05-06 02:32:55 INFO mt5_bot - Signal=NONE reason=no_closed_bar_crossover price=None trend=bullish rsi=54.4 atr_pips=6.3 adx=43.8
2026-05-06 02:32:55 INFO mt5_bot - ADX boost: adx=43.8 \u2192 risk_pct=1.50%
2026-05-06 02:32:55 INFO mt5_bot - Execution status=skipped reason=no_closed_bar_crossover
2026-05-06 02:33:10 INFO mt5_bot - Balance=102029.96 Equity=102029.96 Spread=0.40 pips
2026-05-06 02:33:10 INFO mt5_bot - Signal=NONE reason=no_closed_bar_crossover price=None trend=bullish rsi=54.4 atr_pips=6.3 adx=43.8
2026-05-06 02:33:10 INFO mt5_bot - ADX boost: adx=43.8 \u2192 risk_pct=1.50%
2026-05-06 02:33:10 INFO mt5_bot - Execution status=skipped reason=no_closed_bar_crossover
2026-05-06 02:33:25 INFO mt5_bot - Balance=102029.96 Equity=102029.96 Spread=0.40 pips
2026-05-06 02:33:25 INFO mt5_bot - Signal=NONE reason=no_closed_bar_crossover price=None trend=bullish rsi=54.4 atr_pips=6.3 adx=43.8
2026-05-06 02:33:25 INFO mt5_bot - ADX boost: adx=43.8 \u2192 risk_pct=1.50%
2026-05-06 02:33:25 INFO mt5_bot - Execution status=skipped reason=no_closed_bar_crossover
2026-05-06 02:33:40 INFO mt5_bot - Balance=102029.96 Equity=102029.96 Spread=0.40 pips
2026-05-06 02:33:40 INFO mt5_bot - Signal=NONE reason=no_closed_bar_crossover price=None trend=bullish rsi=54.4 atr_pips=6.3 adx=43.8
2026-05-06 02:33:40 INFO mt5_bot - ADX boost: adx=43.8 \u2192 risk_pct=1.50%
2026-05-06 02:33:40 INFO mt5_bot - Execution status=skipped reason=no_closed_bar_crossover
2026-05-06 02:33:55 INFO mt5_bot - Balance=102029.96 Equity=102029.96 Spread=0.20 pips
2026-05-06 02:33:55 INFO mt5_bot - Signal=NONE reason=no_closed_bar_crossover price=None trend=bullish rsi=54.4 atr_pips=6.3 adx=43.8
2026-05-06 02:33:55 INFO mt5_bot - ADX boost: adx=43.8 \u2192 risk_pct=1.50%
2026-05-06 02:33:55 INFO mt5_bot - Execution status=skipped reason=no_closed_bar_crossover
2026-05-06 02:34:10 INFO mt5_bot - Balance=102029.96 Equity=102029.96 Spread=0.40 pips
2026-05-06 02:34:10 INFO mt5_bot - Signal=NONE reason=no_closed_bar_crossover price=None trend=bullish rsi=54.4 atr_pips=6.3 adx=43.8
2026-05-06 02:34:10 INFO mt5_bot - ADX boost: adx=43.8 \u2192 risk_pct=1.50%
2026-05-06 02:34:10 INFO mt5_bot - Execution status=skipped reason=no_closed_bar_crossover
2026-05-06 02:34:25 INFO mt5_bot - Balance=102029.96 Equity=102029.96 Spread=0.20 pips
2026-05-06 02:34:25 INFO mt5_bot - Signal=NONE reason=no_closed_bar_crossover price=None trend=bullish rsi=54.4 atr_pips=6.3 adx=43.8
2026-05-06 02:34:25 INFO mt5_bot - ADX boost: adx=43.8 \u2192 risk_pct=1.50%
2026-05-06 02:34:25 INFO mt5_bot - Execution status=skipped reason=no_closed_bar_crossover
2026-05-06 02:34:40 INFO mt5_bot - Balance=102029.96 Equity=102029.96 Spread=0.20 pips
2026-05-06 02:34:40 INFO mt5_bot - Signal=NONE reason=no_closed_bar_crossover price=None trend=bullish rsi=54.4 atr_pips=6.3 adx=43.8
2026-05-06 02:34:40 INFO mt5_bot - ADX boost: adx=43.8 \u2192 risk_pct=1.50%
2026-05-06 02:34:40 INFO mt5_bot - Execution status=skipped reason=no_closed_bar_crossover
2026-05-06 02:34:55 INFO mt5_bot - Balance=102029.96 Equity=102029.96 Spread=0.40 pips
2026-05-06 02:34:55 INFO mt5_bot - Signal=NONE reason=no_closed_bar_crossover price=None trend=bullish rsi=54.4 atr_pips=6.3 adx=43.8
2026-05-06 02:34:55 INFO mt5_bot - ADX boost: adx=43.8 \u2192 risk_pct=1.50%
2026-05-06 02:34:55 INFO mt5_bot - Execution status=skipped reason=no_closed_bar_crossover
2026-05-06 02:35:10 INFO mt5_bot - Balance=102029.96 Equity=102029.96 Spread=0.40 pips
2026-05-06 02:35:10 INFO mt5_bot - Signal=NONE reason=no_closed_bar_crossover price=None trend=bullish rsi=54.4 atr_pips=6.3 adx=43.8
2026-05-06 02:35:10 INFO mt5_bot - ADX boost: adx=43.8 \u2192 risk_pct=1.50%
2026-05-06 02:35:10 INFO mt5_bot - Execution status=skipped reason=no_closed_bar_crossover
2026-05-06 02:35:25 INFO mt5_bot - Balance=102029.96 Equity=102029.96 Spread=0.20 pips
2026-05-06 02:35:25 INFO mt5_bot - Signal=NONE reason=no_closed_bar_crossover price=None trend=bullish rsi=54.4 atr_pips=6.3 adx=43.8
2026-05-06 02:35:25 INFO mt5_bot - ADX boost: adx=43.8 \u2192 risk_pct=1.50%
2026-05-06 02:35:25 INFO mt5_bot - Execution status=skipped reason=no_closed_bar_crossover
2026-05-06 02:35:40 INFO mt5_bot - Balance=102029.96 Equity=102029.96 Spread=0.20 pips
2026-05-06 02:35:40 INFO mt5_bot - Signal=NONE reason=no_closed_bar_crossover price=None trend=bullish rsi=54.4 atr_pips=6.3 adx=43.8
2026-05-06 02:35:40 INFO mt5_bot - ADX boost: adx=43.8 \u2192 risk_pct=1.50%
2026-05-06 02:35:40 INFO mt5_bot - Execution status=skipped reason=no_closed_bar_crossover
2026-05-06 02:35:55 INFO mt5_bot - Balance=102029.96 Equity=102029.96 Spread=0.40 pips
2026-05-06 02:35:55 INFO mt5_bot - Signal=NONE reason=no_closed_bar_crossover price=None trend=bullish rsi=54.4 atr_pips=6.3 adx=43.8
2026-05-06 02:35:55 INFO mt5_bot - ADX boost: adx=43.8 \u2192 risk_pct=1.50%
2026-05-06 02:35:55 INFO mt5_bot - Execution status=skipped reason=no_closed_bar_crossover
2026-05-06 02:36:10 INFO mt5_bot - Balance=102029.96 Equity=102029.96 Spread=0.20 pips
2026-05-06 02:36:10 INFO mt5_bot - Signal=NONE reason=no_closed_bar_crossover price=None trend=bullish rsi=54.4 atr_pips=6.3 adx=43.8
2026-05-06 02:36:10 INFO mt5_bot - ADX boost: adx=43.8 \u2192 risk_pct=1.50%
2026-05-06 02:36:10 INFO mt5_bot - Execution status=skipped reason=no_closed_bar_crossover
2026-05-06 02:36:25 INFO mt5_bot - Balance=102029.96 Equity=102029.96 Spread=0.40 pips
2026-05-06 02:36:25 INFO mt5_bot - Signal=NONE reason=no_closed_bar_crossover price=None trend=bullish rsi=54.4 atr_pips=6.3 adx=43.8
2026-05-06 02:36:25 INFO mt5_bot - ADX boost: adx=43.8 \u2192 risk_pct=1.50%
2026-05-06 02:36:25 INFO mt5_bot - Execution status=skipped reason=no_closed_bar_crossover
2026-05-06 02:36:40 INFO mt5_bot - Balance=102029.96 Equity=102029.96 Spread=0.20 pips
2026-05-06 02:36:40 INFO mt5_bot - Signal=NONE reason=no_closed_bar_crossover price=None trend=bullish rsi=54.4 atr_pips=6.3 adx=43.8
2026-05-06 02:36:40 INFO mt5_bot - ADX boost: adx=43.8 \u2192 risk_pct=1.50%
2026-05-06 02:36:40 INFO mt5_bot - Execution status=skipped reason=no_closed_bar_crossover
2026-05-06 02:36:55 INFO mt5_bot - Balance=102029.96 Equity=102029.96 Spread=0.40 pips
2026-05-06 02:36:55 INFO mt5_bot - Signal=NONE reason=no_closed_bar_crossover price=None trend=bullish rsi=54.4 atr_pips=6.3 adx=43.8
2026-05-06 02:36:55 INFO mt5_bot - ADX boost: adx=43.8 \u2192 risk_pct=1.50%
2026-05-06 02:36:55 INFO mt5_bot - Execution status=skipped reason=no_closed_bar_crossover
2026-05-06 02:37:10 INFO mt5_bot - Balance=102029.96 Equity=102029.96 Spread=0.20 pips
2026-05-06 02:37:10 INFO mt5_bot - Signal=NONE reason=no_closed_bar_crossover price=None trend=bullish rsi=54.4 atr_pips=6.3 adx=43.8
2026-05-06 02:37:10 INFO mt5_bot - ADX boost: adx=43.8 \u2192 risk_pct=1.50%
2026-05-06 02:37:10 INFO mt5_bot - Execution status=skipped reason=no_closed_bar_crossover
2026-05-06 02:37:25 INFO mt5_bot - Balance=102029.96 Equity=102029.96 Spread=0.40 pips
2026-05-06 02:37:25 INFO mt5_bot - Signal=NONE reason=no_closed_bar_crossover price=None trend=bullish rsi=54.4 atr_pips=6.3 adx=43.8
2026-05-06 02:37:25 INFO mt5_bot - ADX boost: adx=43.8 \u2192 risk_pct=1.50%
2026-05-06 02:37:25 INFO mt5_bot - Execution status=skipped reason=no_closed_bar_crossover
2026-05-06 02:37:40 INFO mt5_bot - Balance=102029.96 Equity=102029.96 Spread=0.40 pips
2026-05-06 02:37:40 INFO mt5_bot - Signal=NONE reason=no_closed_bar_crossover price=None trend=bullish rsi=54.4 atr_pips=6.3 adx=43.8
2026-05-06 02:37:40 INFO mt5_bot - ADX boost: adx=43.8 \u2192 risk_pct=1.50%
2026-05-06 02:37:40 INFO mt5_bot - Execution status=skipped reason=no_closed_bar_crossover
2026-05-06 02:37:55 INFO mt5_bot - Balance=102029.96 Equity=102029.96 Spread=0.40 pips
2026-05-06 02:37:55 INFO mt5_bot - Signal=NONE reason=no_closed_bar_crossover price=None trend=bullish rsi=54.4 atr_pips=6.3 adx=43.8
2026-05-06 02:37:55 INFO mt5_bot - ADX boost: adx=43.8 \u2192 risk_pct=1.50%
2026-05-06 02:37:55 INFO mt5_bot - Execution status=skipped reason=no_closed_bar_crossover
2026-05-06 02:38:10 INFO mt5_bot - Balance=102029.96 Equity=102029.96 Spread=0.40 pips
2026-05-06 02:38:10 INFO mt5_bot - Signal=NONE reason=no_closed_bar_crossover price=None trend=bullish rsi=54.4 atr_pips=6.3 adx=43.8
2026-05-06 02:38:10 INFO mt5_bot - ADX boost: adx=43.8 \u2192 risk_pct=1.50%
2026-05-06 02:38:10 INFO mt5_bot - Execution status=skipped reason=no_closed_bar_crossover
2026-05-06 02:38:25 INFO mt5_bot - Balance=102029.96 Equity=102029.96 Spread=0.40 pips
2026-05-06 02:38:25 INFO mt5_bot - Signal=NONE reason=no_closed_bar_crossover price=None trend=bullish rsi=54.4 atr_pips=6.3 adx=43.8
2026-05-06 02:38:25 INFO mt5_bot - ADX boost: adx=43.8 \u2192 risk_pct=1.50%
2026-05-06 02:38:25 INFO mt5_bot - Execution status=skipped reason=no_closed_bar_crossover
2026-05-06 02:38:40 INFO mt5_bot - Balance=102029.96 Equity=102029.96 Spread=0.20 pips
2026-05-06 02:38:40 INFO mt5_bot - Signal=NONE reason=no_closed_bar_crossover price=None trend=bullish rsi=54.4 atr_pips=6.3 adx=43.8
2026-05-06 02:38:40 INFO mt5_bot - ADX boost: adx=43.8 \u2192 risk_pct=1.50%
2026-05-06 02:38:40 INFO mt5_bot - Execution status=skipped reason=no_closed_bar_crossover
2026-05-06 02:38:55 INFO mt5_bot - Balance=102029.96 Equity=102029.96 Spread=0.20 pips
2026-05-06 02:38:55 INFO mt5_bot - Signal=NONE reason=no_closed_bar_crossover price=None trend=bullish rsi=54.4 atr_pips=6.3 adx=43.8
2026-05-06 02:38:55 INFO mt5_bot - ADX boost: adx=43.8 \u2192 risk_pct=1.50%
2026-05-06 02:38:55 INFO mt5_bot - Execution status=skipped reason=no_closed_bar_crossover
2026-05-06 02:39:10 INFO mt5_bot - Balance=102029.96 Equity=102029.96 Spread=0.20 pips
2026-05-06 02:39:10 INFO mt5_bot - Signal=NONE reason=no_closed_bar_crossover price=None trend=bullish rsi=54.4 atr_pips=6.3 adx=43.8
2026-05-06 02:39:10 INFO mt5_bot - ADX boost: adx=43.8 \u2192 risk_pct=1.50%
2026-05-06 02:39:10 INFO mt5_bot - Execution status=skipped reason=no_closed_bar_crossover
2026-05-06 02:39:25 INFO mt5_bot - Balance=102029.96 Equity=102029.96 Spread=0.20 pips
2026-05-06 02:39:25 INFO mt5_bot - Signal=NONE reason=no_closed_bar_crossover price=None trend=bullish rsi=54.4 atr_pips=6.3 adx=43.8
2026-05-06 02:39:25 INFO mt5_bot - ADX boost: adx=43.8 \u2192 risk_pct=1.50%
2026-05-06 02:39:25 INFO mt5_bot - Execution status=skipped reason=no_closed_bar_crossover
2026-05-06 02:39:40 INFO mt5_bot - Balance=102029.96 Equity=102029.96 Spread=0.40 pips
2026-05-06 02:39:40 INFO mt5_bot - Signal=NONE reason=no_closed_bar_crossover price=None trend=bullish rsi=54.4 atr_pips=6.3 adx=43.8
2026-05-06 02:39:40 INFO mt5_bot - ADX boost: adx=43.8 \u2192 risk_pct=1.50%
2026-05-06 02:39:40 INFO mt5_bot - Execution status=skipped reason=no_closed_bar_crossover
2026-05-06 02:39:55 INFO mt5_bot - Balance=102029.96 Equity=102029.96 Spread=0.20 pips
2026-05-06 02:39:55 INFO mt5_bot - Signal=NONE reason=no_closed_bar_crossover price=None trend=bullish rsi=54.4 atr_pips=6.3 adx=43.8
2026-05-06 02:39:55 INFO mt5_bot - ADX boost: adx=43.8 \u2192 risk_pct=1.50%
2026-05-06 02:39:55 INFO mt5_bot - Execution status=skipped reason=no_closed_bar_crossover
2026-05-06 02:40:10 INFO mt5_bot - Balance=102029.96 Equity=102029.96 Spread=0.20 pips
2026-05-06 02:40:10 INFO mt5_bot - Signal=NONE reason=no_closed_bar_crossover price=None trend=bullish rsi=54.4 atr_pips=6.3 adx=43.8
2026-05-06 02:40:10 INFO mt5_bot - ADX boost: adx=43.8 \u2192 risk_pct=1.50%
2026-05-06 02:40:10 INFO mt5_bot - Execution status=skipped reason=no_closed_bar_crossover
2026-05-06 02:40:25 INFO mt5_bot - Balance=102029.96 Equity=102029.96 Spread=0.40 pips
2026-05-06 02:40:25 INFO mt5_bot - Signal=NONE reason=no_closed_bar_crossover price=None trend=bullish rsi=54.4 atr_pips=6.3 adx=43.8
2026-05-06 02:40:25 INFO mt5_bot - ADX boost: adx=43.8 \u2192 risk_pct=1.50%
2026-05-06 02:40:25 INFO mt5_bot - Execution status=skipped reason=no_closed_bar_crossover
2026-05-06 02:40:40 INFO mt5_bot - Balance=102029.96 Equity=102029.96 Spread=0.20 pips
2026-05-06 02:40:40 INFO mt5_bot - Signal=NONE reason=no_closed_bar_crossover price=None trend=bullish rsi=54.4 atr_pips=6.3 adx=43.8
2026-05-06 02:40:40 INFO mt5_bot - ADX boost: adx=43.8 \u2192 risk_pct=1.50%
2026-05-06 02:40:40 INFO mt5_bot - Execution status=skipped reason=no_closed_bar_crossover
2026-05-06 02:40:55 INFO mt5_bot - Balance=102029.96 Equity=102029.96 Spread=0.20 pips
2026-05-06 02:40:55 INFO mt5_bot - Signal=NONE reason=no_closed_bar_crossover price=None trend=bullish rsi=54.4 atr_pips=6.3 adx=43.8
2026-05-06 02:40:55 INFO mt5_bot - ADX boost: adx=43.8 \u2192 risk_pct=1.50%
2026-05-06 02:40:55 INFO mt5_bot - Execution status=skipped reason=no_closed_bar_crossover
2026-05-06 02:41:10 INFO mt5_bot - Balance=102029.96 Equity=102029.96 Spread=0.40 pips
2026-05-06 02:41:10 INFO mt5_bot - Signal=NONE reason=no_closed_bar_crossover price=None trend=bullish rsi=54.4 atr_pips=6.3 adx=43.8
2026-05-06 02:41:10 INFO mt5_bot - ADX boost: adx=43.8 \u2192 risk_pct=1.50%
2026-05-06 02:41:10 INFO mt5_bot - Execution status=skipped reason=no_closed_bar_crossover
2026-05-06 02:41:25 INFO mt5_bot - Balance=102029.96 Equity=102029.96 Spread=0.20 pips
2026-05-06 02:41:25 INFO mt5_bot - Signal=NONE reason=no_closed_bar_crossover price=None trend=bullish rsi=54.4 atr_pips=6.3 adx=43.8
2026-05-06 02:41:25 INFO mt5_bot - ADX boost: adx=43.8 \u2192 risk_pct=1.50%
2026-05-06 02:41:25 INFO mt5_bot - Execution status=skipped reason=no_closed_bar_crossover
2026-05-06 02:41:40 INFO mt5_bot - Balance=102029.96 Equity=102029.96 Spread=0.20 pips
2026-05-06 02:41:40 INFO mt5_bot - Signal=NONE reason=no_closed_bar_crossover price=None trend=bullish rsi=54.4 atr_pips=6.3 adx=43.8
2026-05-06 02:41:40 INFO mt5_bot - ADX boost: adx=43.8 \u2192 risk_pct=1.50%
2026-05-06 02:41:40 INFO mt5_bot - Execution status=skipped reason=no_closed_bar_crossover
2026-05-06 02:41:55 INFO mt5_bot - Balance=102029.96 Equity=102029.96 Spread=0.40 pips
2026-05-06 02:41:55 INFO mt5_bot - Signal=NONE reason=no_closed_bar_crossover price=None trend=bullish rsi=54.4 atr_pips=6.3 adx=43.8
2026-05-06 02:41:55 INFO mt5_bot - ADX boost: adx=43.8 \u2192 risk_pct=1.50%
2026-05-06 02:41:55 INFO mt5_bot - Execution status=skipped reason=no_closed_bar_crossover
2026-05-06 02:42:10 INFO mt5_bot - Balance=102029.96 Equity=102029.96 Spread=0.40 pips
2026-05-06 02:42:10 INFO mt5_bot - Signal=NONE reason=no_closed_bar_crossover price=None trend=bullish rsi=54.4 atr_pips=6.3 adx=43.8
2026-05-06 02:42:10 INFO mt5_bot - ADX boost: adx=43.8 \u2192 risk_pct=1.50%
2026-05-06 02:42:10 INFO mt5_bot - Execution status=skipped reason=no_closed_bar_crossover
2026-05-06 02:42:25 INFO mt5_bot - Balance=102029.96 Equity=102029.96 Spread=0.40 pips
2026-05-06 02:42:25 INFO mt5_bot - Signal=NONE reason=no_closed_bar_crossover price=None trend=bullish rsi=54.4 atr_pips=6.3 adx=43.8
2026-05-06 02:42:25 INFO mt5_bot - ADX boost: adx=43.8 \u2192 risk_pct=1.50%
2026-05-06 02:42:25 INFO mt5_bot - Execution status=skipped reason=no_closed_bar_crossover
2026-05-06 02:42:40 INFO mt5_bot - Balance=102029.96 Equity=102029.96 Spread=0.20 pips
2026-05-06 02:42:40 INFO mt5_bot - Signal=NONE reason=no_closed_bar_crossover price=None trend=bullish rsi=54.4 atr_pips=6.3 adx=43.8
2026-05-06 02:42:40 INFO mt5_bot - ADX boost: adx=43.8 \u2192 risk_pct=1.50%
2026-05-06 02:42:40 INFO mt5_bot - Execution status=skipped reason=no_closed_bar_crossover
2026-05-06 02:42:55 INFO mt5_bot - Balance=102029.96 Equity=102029.96 Spread=0.20 pips
2026-05-06 02:42:55 INFO mt5_bot - Signal=NONE reason=no_closed_bar_crossover price=None trend=bullish rsi=54.4 atr_pips=6.3 adx=43.8
2026-05-06 02:42:55 INFO mt5_bot - ADX boost: adx=43.8 \u2192 risk_pct=1.50%
2026-05-06 02:42:55 INFO mt5_bot - Execution status=skipped reason=no_closed_bar_crossover
2026-05-06 02:43:10 INFO mt5_bot - Balance=102029.96 Equity=102029.96 Spread=0.20 pips
2026-05-06 02:43:10 INFO mt5_bot - Signal=NONE reason=no_closed_bar_crossover price=None trend=bullish rsi=54.4 atr_pips=6.3 adx=43.8
2026-05-06 02:43:10 INFO mt5_bot - ADX boost: adx=43.8 \u2192 risk_pct=1.50%
2026-05-06 02:43:10 INFO mt5_bot - Execution status=skipped reason=no_closed_bar_crossover
2026-05-06 02:43:25 INFO mt5_bot - Balance=102029.96 Equity=102029.96 Spread=0.40 pips
2026-05-06 02:43:25 INFO mt5_bot - Signal=NONE reason=no_closed_bar_crossover price=None trend=bullish rsi=54.4 atr_pips=6.3 adx=43.8
2026-05-06 02:43:25 INFO mt5_bot - ADX boost: adx=43.8 \u2192 risk_pct=1.50%
2026-05-06 02:43:25 INFO mt5_bot - Execution status=skipped reason=no_closed_bar_crossover
2026-05-06 02:43:40 INFO mt5_bot - Balance=102029.96 Equity=102029.96 Spread=0.20 pips
2026-05-06 02:43:40 INFO mt5_bot - Signal=NONE reason=no_closed_bar_crossover price=None trend=bullish rsi=54.4 atr_pips=6.3 adx=43.8
2026-05-06 02:43:40 INFO mt5_bot - ADX boost: adx=43.8 \u2192 risk_pct=1.50%
2026-05-06 02:43:40 INFO mt5_bot - Execution status=skipped reason=no_closed_bar_crossover
2026-05-06 02:43:55 INFO mt5_bot - Balance=102029.96 Equity=102029.96 Spread=0.20 pips
2026-05-06 02:43:55 INFO mt5_bot - Signal=NONE reason=no_closed_bar_crossover price=None trend=bullish rsi=54.4 atr_pips=6.3 adx=43.8
2026-05-06 02:43:55 INFO mt5_bot - ADX boost: adx=43.8 \u2192 risk_pct=1.50%
2026-05-06 02:43:55 INFO mt5_bot - Execution status=skipped reason=no_closed_bar_crossover
2026-05-06 02:44:10 INFO mt5_bot - Balance=102029.96 Equity=102029.96 Spread=0.20 pips
2026-05-06 02:44:10 INFO mt5_bot - Signal=NONE reason=no_closed_bar_crossover price=None trend=bullish rsi=54.4 atr_pips=6.3 adx=43.8
2026-05-06 02:44:10 INFO mt5_bot - ADX boost: adx=43.8 \u2192 risk_pct=1.50%
2026-05-06 02:44:10 INFO mt5_bot - Execution status=skipped reason=no_closed_bar_crossover
2026-05-06 02:44:25 INFO mt5_bot - Balance=102029.96 Equity=102029.96 Spread=0.40 pips
2026-05-06 02:44:25 INFO mt5_bot - Signal=NONE reason=no_closed_bar_crossover price=None trend=bullish rsi=54.4 atr_pips=6.3 adx=43.8
2026-05-06 02:44:25 INFO mt5_bot - ADX boost: adx=43.8 \u2192 risk_pct=1.50%
2026-05-06 02:44:25 INFO mt5_bot - Execution status=skipped reason=no_closed_bar_crossover
2026-05-06 02:44:40 INFO mt5_bot - Balance=102029.96 Equity=102029.96 Spread=0.20 pips
2026-05-06 02:44:40 INFO mt5_bot - Signal=NONE reason=no_closed_bar_crossover price=None trend=bullish rsi=54.4 atr_pips=6.3 adx=43.8
2026-05-06 02:44:40 INFO mt5_bot - ADX boost: adx=43.8 \u2192 risk_pct=1.50%
2026-05-06 02:44:40 INFO mt5_bot - Execution status=skipped reason=no_closed_bar_crossover
2026-05-06 02:44:55 INFO mt5_bot - Balance=102029.96 Equity=102029.96 Spread=0.40 pips
2026-05-06 02:44:55 INFO mt5_bot - Signal=NONE reason=no_closed_bar_crossover price=None trend=bullish rsi=54.4 atr_pips=6.3 adx=43.8
2026-05-06 02:44:55 INFO mt5_bot - ADX boost: adx=43.8 \u2192 risk_pct=1.50%
2026-05-06 02:44:55 INFO mt5_bot - Execution status=skipped reason=no_closed_bar_crossover
2026-05-06 02:45:10 INFO mt5_bot - Balance=102029.96 Equity=102029.96 Spread=0.20 pips
2026-05-06 02:45:10 INFO mt5_bot - Signal=NONE reason=no_closed_bar_crossover price=None trend=bullish rsi=53.6 atr_pips=6.2 adx=40.8
2026-05-06 02:45:10 INFO mt5_bot - ADX boost: adx=40.8 \u2192 risk_pct=1.50%
2026-05-06 02:45:10 INFO mt5_bot - Execution status=skipped reason=no_closed_bar_crossover
2026-05-06 02:45:25 INFO mt5_bot - Balance=102029.96 Equity=102029.96 Spread=0.20 pips
2026-05-06 02:45:25 INFO mt5_bot - Signal=NONE reason=no_closed_bar_crossover price=None trend=bullish rsi=53.6 atr_pips=6.2 adx=40.8
2026-05-06 02:45:25 INFO mt5_bot - ADX boost: adx=40.8 \u2192 risk_pct=1.50%
2026-05-06 02:45:25 INFO mt5_bot - Execution status=skipped reason=no_closed_bar_crossover
2026-05-06 02:45:40 INFO mt5_bot - Balance=102029.96 Equity=102029.96 Spread=0.40 pips
2026-05-06 02:45:41 INFO mt5_bot - Signal=NONE reason=no_closed_bar_crossover price=None trend=bullish rsi=53.6 atr_pips=6.2 adx=40.8
2026-05-06 02:45:41 INFO mt5_bot - ADX boost: adx=40.8 \u2192 risk_pct=1.50%
2026-05-06 02:45:41 INFO mt5_bot - Execution status=skipped reason=no_closed_bar_crossover
2026-05-06 02:45:56 INFO mt5_bot - Balance=102029.96 Equity=102029.96 Spread=0.20 pips
2026-05-06 02:45:56 INFO mt5_bot - Signal=NONE reason=no_closed_bar_crossover price=None trend=bullish rsi=53.6 atr_pips=6.2 adx=40.8
2026-05-06 02:45:56 INFO mt5_bot - ADX boost: adx=40.8 \u2192 risk_pct=1.50%
2026-05-06 02:45:56 INFO mt5_bot - Execution status=skipped reason=no_closed_bar_crossover
2026-05-06 02:46:11 INFO mt5_bot - Balance=102029.96 Equity=102029.96 Spread=0.20 pips
2026-05-06 02:46:11 INFO mt5_bot - Signal=NONE reason=no_closed_bar_crossover price=None trend=bullish rsi=53.6 atr_pips=6.2 adx=40.8
2026-05-06 02:46:11 INFO mt5_bot - ADX boost: adx=40.8 \u2192 risk_pct=1.50%
2026-05-06 02:46:11 INFO mt5_bot - Execution status=skipped reason=no_closed_bar_crossover
2026-05-06 02:46:26 INFO mt5_bot - Balance=102029.96 Equity=102029.96 Spread=0.40 pips
2026-05-06 02:46:26 INFO mt5_bot - Signal=NONE reason=no_closed_bar_crossover price=None trend=bullish rsi=53.6 atr_pips=6.2 adx=40.8
2026-05-06 02:46:26 INFO mt5_bot - ADX boost: adx=40.8 \u2192 risk_pct=1.50%
2026-05-06 02:46:26 INFO mt5_bot - Execution status=skipped reason=no_closed_bar_crossover
2026-05-06 02:46:41 INFO mt5_bot - Balance=102029.96 Equity=102029.96 Spread=0.20 pips
2026-05-06 02:46:41 INFO mt5_bot - Signal=NONE reason=no_closed_bar_crossover price=None trend=bullish rsi=53.6 atr_pips=6.2 adx=40.8
2026-05-06 02:46:41 INFO mt5_bot - ADX boost: adx=40.8 \u2192 risk_pct=1.50%
2026-05-06 02:46:41 INFO mt5_bot - Execution status=skipped reason=no_closed_bar_crossover
2026-05-06 02:46:56 INFO mt5_bot - Balance=102029.96 Equity=102029.96 Spread=0.40 pips
2026-05-06 02:46:56 INFO mt5_bot - Signal=NONE reason=no_closed_bar_crossover price=None trend=bullish rsi=53.6 atr_pips=6.2 adx=40.8
2026-05-06 02:46:56 INFO mt5_bot - ADX boost: adx=40.8 \u2192 risk_pct=1.50%
2026-05-06 02:46:56 INFO mt5_bot - Execution status=skipped reason=no_closed_bar_crossover
2026-05-06 02:47:11 INFO mt5_bot - Balance=102029.96 Equity=102029.96 Spread=0.20 pips
2026-05-06 02:47:11 INFO mt5_bot - Signal=NONE reason=no_closed_bar_crossover price=None trend=bullish rsi=53.6 atr_pips=6.2 adx=40.8
2026-05-06 02:47:11 INFO mt5_bot - ADX boost: adx=40.8 \u2192 risk_pct=1.50%
2026-05-06 02:47:11 INFO mt5_bot - Execution status=skipped reason=no_closed_bar_crossover
2026-05-06 02:47:26 INFO mt5_bot - Balance=102029.96 Equity=102029.96 Spread=0.40 pips
2026-05-06 02:47:26 INFO mt5_bot - Signal=NONE reason=no_closed_bar_crossover price=None trend=bullish rsi=53.6 atr_pips=6.2 adx=40.8
2026-05-06 02:47:26 INFO mt5_bot - ADX boost: adx=40.8 \u2192 risk_pct=1.50%
2026-05-06 02:47:26 INFO mt5_bot - Execution status=skipped reason=no_closed_bar_crossover
2026-05-06 02:47:41 INFO mt5_bot - Balance=102029.96 Equity=102029.96 Spread=0.20 pips
2026-05-06 02:47:41 INFO mt5_bot - Signal=NONE reason=no_closed_bar_crossover price=None trend=bullish rsi=53.6 atr_pips=6.2 adx=40.8
2026-05-06 02:47:41 INFO mt5_bot - ADX boost: adx=40.8 \u2192 risk_pct=1.50%
2026-05-06 02:47:41 INFO mt5_bot - Execution status=skipped reason=no_closed_bar_crossover
2026-05-06 02:47:56 INFO mt5_bot - Balance=102029.96 Equity=102029.96 Spread=0.40 pips
2026-05-06 02:47:56 INFO mt5_bot - Signal=NONE reason=no_closed_bar_crossover price=None trend=bullish rsi=53.6 atr_pips=6.2 adx=40.8
2026-05-06 02:47:56 INFO mt5_bot - ADX boost: adx=40.8 \u2192 risk_pct=1.50%
2026-05-06 02:47:56 INFO mt5_bot - Execution status=skipped reason=no_closed_bar_crossover
2026-05-06 02:48:11 INFO mt5_bot - Balance=102029.96 Equity=102029.96 Spread=0.20 pips
2026-05-06 02:48:11 INFO mt5_bot - Signal=NONE reason=no_closed_bar_crossover price=None trend=bullish rsi=53.6 atr_pips=6.2 adx=40.8
2026-05-06 02:48:11 INFO mt5_bot - ADX boost: adx=40.8 \u2192 risk_pct=1.50%
2026-05-06 02:48:11 INFO mt5_bot - Execution status=skipped reason=no_closed_bar_crossover
2026-05-06 02:48:26 INFO mt5_bot - Balance=102029.96 Equity=102029.96 Spread=0.40 pips
2026-05-06 02:48:26 INFO mt5_bot - Signal=NONE reason=no_closed_bar_crossover price=None trend=bullish rsi=53.6 atr_pips=6.2 adx=40.8
2026-05-06 02:48:26 INFO mt5_bot - ADX boost: adx=40.8 \u2192 risk_pct=1.50%
2026-05-06 02:48:26 INFO mt5_bot - Execution status=skipped reason=no_closed_bar_crossover
2026-05-06 02:48:41 INFO mt5_bot - Balance=102029.96 Equity=102029.96 Spread=0.40 pips
2026-05-06 02:48:41 INFO mt5_bot - Signal=NONE reason=no_closed_bar_crossover price=None trend=bullish rsi=53.6 atr_pips=6.2 adx=40.8
2026-05-06 02:48:41 INFO mt5_bot - ADX boost: adx=40.8 \u2192 risk_pct=1.50%
2026-05-06 02:48:41 INFO mt5_bot - Execution status=skipped reason=no_closed_bar_crossover
2026-05-06 02:48:56 INFO mt5_bot - Balance=102029.96 Equity=102029.96 Spread=0.20 pips
2026-05-06 02:48:56 INFO mt5_bot - Signal=NONE reason=no_closed_bar_crossover price=None trend=bullish rsi=53.6 atr_pips=6.2 adx=40.8
2026-05-06 02:48:56 INFO mt5_bot - ADX boost: adx=40.8 \u2192 risk_pct=1.50%
2026-05-06 02:48:56 INFO mt5_bot - Execution status=skipped reason=no_closed_bar_crossover
2026-05-06 02:49:11 INFO mt5_bot - Balance=102029.96 Equity=102029.96 Spread=0.40 pips
2026-05-06 02:49:11 INFO mt5_bot - Signal=NONE reason=no_closed_bar_crossover price=None trend=bullish rsi=53.6 atr_pips=6.2 adx=40.8
2026-05-06 02:49:11 INFO mt5_bot - ADX boost: adx=40.8 \u2192 risk_pct=1.50%
2026-05-06 02:49:11 INFO mt5_bot - Execution status=skipped reason=no_closed_bar_crossover
2026-05-06 02:49:26 INFO mt5_bot - Balance=102029.96 Equity=102029.96 Spread=0.40 pips
2026-05-06 02:49:26 INFO mt5_bot - Signal=NONE reason=no_closed_bar_crossover price=None trend=bullish rsi=53.6 atr_pips=6.2 adx=40.8
2026-05-06 02:49:26 INFO mt5_bot - ADX boost: adx=40.8 \u2192 risk_pct=1.50%
2026-05-06 02:49:26 INFO mt5_bot - Execution status=skipped reason=no_closed_bar_crossover
2026-05-06 02:49:41 INFO mt5_bot - Balance=102029.96 Equity=102029.96 Spread=0.40 pips
2026-05-06 02:49:41 INFO mt5_bot - Signal=NONE reason=no_closed_bar_crossover price=None trend=bullish rsi=53.6 atr_pips=6.2 adx=40.8
2026-05-06 02:49:41 INFO mt5_bot - ADX boost: adx=40.8 \u2192 risk_pct=1.50%
2026-05-06 02:49:41 INFO mt5_bot - Execution status=skipped reason=no_closed_bar_crossover
2026-05-06 02:49:56 INFO mt5_bot - Balance=102029.96 Equity=102029.96 Spread=0.40 pips
2026-05-06 02:49:56 INFO mt5_bot - Signal=NONE reason=no_closed_bar_crossover price=None trend=bullish rsi=53.6 atr_pips=6.2 adx=40.8
2026-05-06 02:49:56 INFO mt5_bot - ADX boost: adx=40.8 \u2192 risk_pct=1.50%
2026-05-06 02:49:56 INFO mt5_bot - Execution status=skipped reason=no_closed_bar_crossover
2026-05-06 02:50:11 INFO mt5_bot - Balance=102029.96 Equity=102029.96 Spread=0.40 pips
2026-05-06 02:50:11 INFO mt5_bot - Signal=NONE reason=no_closed_bar_crossover price=None trend=bullish rsi=53.6 atr_pips=6.2 adx=40.8
2026-05-06 02:50:11 INFO mt5_bot - ADX boost: adx=40.8 \u2192 risk_pct=1.50%
2026-05-06 02:50:11 INFO mt5_bot - Execution status=skipped reason=no_closed_bar_crossover
2026-05-06 02:50:26 INFO mt5_bot - Balance=102029.96 Equity=102029.96 Spread=0.40 pips
2026-05-06 02:50:26 INFO mt5_bot - Signal=NONE reason=no_closed_bar_crossover price=None trend=bullish rsi=53.6 atr_pips=6.2 adx=40.8
2026-05-06 02:50:26 INFO mt5_bot - ADX boost: adx=40.8 \u2192 risk_pct=1.50%
2026-05-06 02:50:26 INFO mt5_bot - Execution status=skipped reason=no_closed_bar_crossover
2026-05-06 02:50:41 INFO mt5_bot - Balance=102029.96 Equity=102029.96 Spread=0.20 pips
2026-05-06 02:50:41 INFO mt5_bot - Signal=NONE reason=no_closed_bar_crossover price=None trend=bullish rsi=53.6 atr_pips=6.2 adx=40.8
2026-05-06 02:50:41 INFO mt5_bot - ADX boost: adx=40.8 \u2192 risk_pct=1.50%
2026-05-06 02:50:41 INFO mt5_bot - Execution status=skipped reason=no_closed_bar_crossover
2026-05-06 02:50:56 INFO mt5_bot - Balance=102029.96 Equity=102029.96 Spread=0.20 pips
2026-05-06 02:50:56 INFO mt5_bot - Signal=NONE reason=no_closed_bar_crossover price=None trend=bullish rsi=53.6 atr_pips=6.2 adx=40.8
2026-05-06 02:50:56 INFO mt5_bot - ADX boost: adx=40.8 \u2192 risk_pct=1.50%
2026-05-06 02:50:56 INFO mt5_bot - Execution status=skipped reason=no_closed_bar_crossover
2026-05-06 02:51:11 INFO mt5_bot - Balance=102029.96 Equity=102029.96 Spread=0.40 pips
2026-05-06 02:51:11 INFO mt5_bot - Signal=NONE reason=no_closed_bar_crossover price=None trend=bullish rsi=53.6 atr_pips=6.2 adx=40.8
2026-05-06 02:51:11 INFO mt5_bot - ADX boost: adx=40.8 \u2192 risk_pct=1.50%
2026-05-06 02:51:11 INFO mt5_bot - Execution status=skipped reason=no_closed_bar_crossover
2026-05-06 02:51:26 INFO mt5_bot - Balance=102029.96 Equity=102029.96 Spread=0.40 pips
2026-05-06 02:51:26 INFO mt5_bot - Signal=NONE reason=no_closed_bar_crossover price=None trend=bullish rsi=53.6 atr_pips=6.2 adx=40.8
2026-05-06 02:51:26 INFO mt5_bot - ADX boost: adx=40.8 \u2192 risk_pct=1.50%
2026-05-06 02:51:26 INFO mt5_bot - Execution status=skipped reason=no_closed_bar_crossover
2026-05-06 02:51:41 INFO mt5_bot - Balance=102029.96 Equity=102029.96 Spread=0.20 pips
2026-05-06 02:51:41 INFO mt5_bot - Signal=NONE reason=no_closed_bar_crossover price=None trend=bullish rsi=53.6 atr_pips=6.2 adx=40.8
2026-05-06 02:51:41 INFO mt5_bot - ADX boost: adx=40.8 \u2192 risk_pct=1.50%
2026-05-06 02:51:41 INFO mt5_bot - Execution status=skipped reason=no_closed_bar_crossover
2026-05-06 02:51:56 INFO mt5_bot - Balance=102029.96 Equity=102029.96 Spread=0.20 pips
2026-05-06 02:51:56 INFO mt5_bot - Signal=NONE reason=no_closed_bar_crossover price=None trend=bullish rsi=53.6 atr_pips=6.2 adx=40.8
2026-05-06 02:51:56 INFO mt5_bot - ADX boost: adx=40.8 \u2192 risk_pct=1.50%
2026-05-06 02:51:56 INFO mt5_bot - Execution status=skipped reason=no_closed_bar_crossover
2026-05-06 02:52:11 INFO mt5_bot - Balance=102029.96 Equity=102029.96 Spread=0.40 pips
2026-05-06 02:52:11 INFO mt5_bot - Signal=NONE reason=no_closed_bar_crossover price=None trend=bullish rsi=53.6 atr_pips=6.2 adx=40.8
2026-05-06 02:52:11 INFO mt5_bot - ADX boost: adx=40.8 \u2192 risk_pct=1.50%
2026-05-06 02:52:11 INFO mt5_bot - Execution status=skipped reason=no_closed_bar_crossover
2026-05-06 02:52:26 INFO mt5_bot - Balance=102029.96 Equity=102029.96 Spread=0.40 pips
2026-05-06 02:52:26 INFO mt5_bot - Signal=NONE reason=no_closed_bar_crossover price=None trend=bullish rsi=53.6 atr_pips=6.2 adx=40.8
2026-05-06 02:52:26 INFO mt5_bot - ADX boost: adx=40.8 \u2192 risk_pct=1.50%
2026-05-06 02:52:26 INFO mt5_bot - Execution status=skipped reason=no_closed_bar_crossover
2026-05-06 02:52:41 INFO mt5_bot - Balance=102029.96 Equity=102029.96 Spread=0.40 pips
2026-05-06 02:52:41 INFO mt5_bot - Signal=NONE reason=no_closed_bar_crossover price=None trend=bullish rsi=53.6 atr_pips=6.2 adx=40.8
2026-05-06 02:52:41 INFO mt5_bot - ADX boost: adx=40.8 \u2192 risk_pct=1.50%
2026-05-06 02:52:41 INFO mt5_bot - Execution status=skipped reason=no_closed_bar_crossover
2026-05-06 02:52:56 INFO mt5_bot - Balance=102029.96 Equity=102029.96 Spread=0.40 pips
2026-05-06 02:52:56 INFO mt5_bot - Signal=NONE reason=no_closed_bar_crossover price=None trend=bullish rsi=53.6 atr_pips=6.2 adx=40.8
2026-05-06 02:52:56 INFO mt5_bot - ADX boost: adx=40.8 \u2192 risk_pct=1.50%
2026-05-06 02:52:56 INFO mt5_bot - Execution status=skipped reason=no_closed_bar_crossover
2026-05-06 02:53:11 INFO mt5_bot - Balance=102029.96 Equity=102029.96 Spread=0.40 pips
2026-05-06 02:53:11 INFO mt5_bot - Signal=NONE reason=no_closed_bar_crossover price=None trend=bullish rsi=53.6 atr_pips=6.2 adx=40.8
2026-05-06 02:53:11 INFO mt5_bot - ADX boost: adx=40.8 \u2192 risk_pct=1.50%
2026-05-06 02:53:11 INFO mt5_bot - Execution status=skipped reason=no_closed_bar_crossover
2026-05-06 02:53:26 INFO mt5_bot - Balance=102029.96 Equity=102029.96 Spread=0.40 pips
2026-05-06 02:53:26 INFO mt5_bot - Signal=NONE reason=no_closed_bar_crossover price=None trend=bullish rsi=53.6 atr_pips=6.2 adx=40.8
2026-05-06 02:53:26 INFO mt5_bot - ADX boost: adx=40.8 \u2192 risk_pct=1.50%
2026-05-06 02:53:26 INFO mt5_bot - Execution status=skipped reason=no_closed_bar_crossover
2026-05-06 02:53:41 INFO mt5_bot - Balance=102029.96 Equity=102029.96 Spread=0.40 pips
2026-05-06 02:53:41 INFO mt5_bot - Signal=NONE reason=no_closed_bar_crossover price=None trend=bullish rsi=53.6 atr_pips=6.2 adx=40.8
2026-05-06 02:53:41 INFO mt5_bot - ADX boost: adx=40.8 \u2192 risk_pct=1.50%
2026-05-06 02:53:41 INFO mt5_bot - Execution status=skipped reason=no_closed_bar_crossover
2026-05-06 02:53:56 INFO mt5_bot - Balance=102029.96 Equity=102029.96 Spread=0.40 pips
2026-05-06 02:53:56 INFO mt5_bot - Signal=NONE reason=no_closed_bar_crossover price=None trend=bullish rsi=53.6 atr_pips=6.2 adx=40.8
2026-05-06 02:53:56 INFO mt5_bot - ADX boost: adx=40.8 \u2192 risk_pct=1.50%
2026-05-06 02:53:56 INFO mt5_bot - Execution status=skipped reason=no_closed_bar_crossover
2026-05-06 02:54:11 INFO mt5_bot - Balance=102029.96 Equity=102029.96 Spread=0.40 pips
2026-05-06 02:54:11 INFO mt5_bot - Signal=NONE reason=no_closed_bar_crossover price=None trend=bullish rsi=53.6 atr_pips=6.2 adx=40.8
2026-05-06 02:54:11 INFO mt5_bot - ADX boost: adx=40.8 \u2192 risk_pct=1.50%
2026-05-06 02:54:11 INFO mt5_bot - Execution status=skipped reason=no_closed_bar_crossover
2026-05-06 02:54:26 INFO mt5_bot - Balance=102029.96 Equity=102029.96 Spread=0.20 pips
2026-05-06 02:54:26 INFO mt5_bot - Signal=NONE reason=no_closed_bar_crossover price=None trend=bullish rsi=53.6 atr_pips=6.2 adx=40.8
2026-05-06 02:54:26 INFO mt5_bot - ADX boost: adx=40.8 \u2192 risk_pct=1.50%
2026-05-06 02:54:26 INFO mt5_bot - Execution status=skipped reason=no_closed_bar_crossover
2026-05-06 02:54:41 INFO mt5_bot - Balance=102029.96 Equity=102029.96 Spread=0.20 pips
2026-05-06 02:54:41 INFO mt5_bot - Signal=NONE reason=no_closed_bar_crossover price=None trend=bullish rsi=53.6 atr_pips=6.2 adx=40.8
2026-05-06 02:54:41 INFO mt5_bot - ADX boost: adx=40.8 \u2192 risk_pct=1.50%
2026-05-06 02:54:41 INFO mt5_bot - Execution status=skipped reason=no_closed_bar_crossover
2026-05-06 02:54:56 INFO mt5_bot - Balance=102029.96 Equity=102029.96 Spread=0.40 pips
2026-05-06 02:54:56 INFO mt5_bot - Signal=NONE reason=no_closed_bar_crossover price=None trend=bullish rsi=53.6 atr_pips=6.2 adx=40.8
2026-05-06 02:54:56 INFO mt5_bot - ADX boost: adx=40.8 \u2192 risk_pct=1.50%
2026-05-06 02:54:56 INFO mt5_bot - Execution status=skipped reason=no_closed_bar_crossover
2026-05-06 02:55:11 INFO mt5_bot - Balance=102029.96 Equity=102029.96 Spread=0.40 pips
2026-05-06 02:55:11 INFO mt5_bot - Signal=NONE reason=no_closed_bar_crossover price=None trend=bullish rsi=53.6 atr_pips=6.2 adx=40.8
2026-05-06 02:55:11 INFO mt5_bot - ADX boost: adx=40.8 \u2192 risk_pct=1.50%
2026-05-06 02:55:11 INFO mt5_bot - Execution status=skipped reason=no_closed_bar_crossover
2026-05-06 02:55:26 INFO mt5_bot - Balance=102029.96 Equity=102029.96 Spread=0.40 pips
2026-05-06 02:55:26 INFO mt5_bot - Signal=NONE reason=no_closed_bar_crossover price=None trend=bullish rsi=53.6 atr_pips=6.2 adx=40.8
2026-05-06 02:55:26 INFO mt5_bot - ADX boost: adx=40.8 \u2192 risk_pct=1.50%
2026-05-06 02:55:26 INFO mt5_bot - Execution status=skipped reason=no_closed_bar_crossover
2026-05-06 02:55:41 INFO mt5_bot - Balance=102029.96 Equity=102029.96 Spread=0.20 pips
2026-05-06 02:55:41 INFO mt5_bot - Signal=NONE reason=no_closed_bar_crossover price=None trend=bullish rsi=53.6 atr_pips=6.2 adx=40.8
2026-05-06 02:55:41 INFO mt5_bot - ADX boost: adx=40.8 \u2192 risk_pct=1.50%
2026-05-06 02:55:41 INFO mt5_bot - Execution status=skipped reason=no_closed_bar_crossover
2026-05-06 02:55:56 INFO mt5_bot - Balance=102029.96 Equity=102029.96 Spread=0.40 pips
2026-05-06 02:55:56 INFO mt5_bot - Signal=NONE reason=no_closed_bar_crossover price=None trend=bullish rsi=53.6 atr_pips=6.2 adx=40.8
2026-05-06 02:55:56 INFO mt5_bot - ADX boost: adx=40.8 \u2192 risk_pct=1.50%
2026-05-06 02:55:56 INFO mt5_bot - Execution status=skipped reason=no_closed_bar_crossover
2026-05-06 02:56:11 INFO mt5_bot - Balance=102029.96 Equity=102029.96 Spread=0.20 pips
2026-05-06 02:56:11 INFO mt5_bot - Signal=NONE reason=no_closed_bar_crossover price=None trend=bullish rsi=53.6 atr_pips=6.2 adx=40.8
2026-05-06 02:56:11 INFO mt5_bot - ADX boost: adx=40.8 \u2192 risk_pct=1.50%
2026-05-06 02:56:11 INFO mt5_bot - Execution status=skipped reason=no_closed_bar_crossover
2026-05-06 02:56:26 INFO mt5_bot - Balance=102029.96 Equity=102029.96 Spread=0.20 pips
2026-05-06 02:56:26 INFO mt5_bot - Signal=NONE reason=no_closed_bar_crossover price=None trend=bullish rsi=53.6 atr_pips=6.2 adx=40.8
2026-05-06 02:56:26 INFO mt5_bot - ADX boost: adx=40.8 \u2192 risk_pct=1.50%
2026-05-06 02:56:26 INFO mt5_bot - Execution status=skipped reason=no_closed_bar_crossover
2026-05-06 02:56:41 INFO mt5_bot - Balance=102029.96 Equity=102029.96 Spread=0.20 pips
2026-05-06 02:56:41 INFO mt5_bot - Signal=NONE reason=no_closed_bar_crossover price=None trend=bullish rsi=53.6 atr_pips=6.2 adx=40.8
2026-05-06 02:56:41 INFO mt5_bot - ADX boost: adx=40.8 \u2192 risk_pct=1.50%
2026-05-06 02:56:41 INFO mt5_bot - Execution status=skipped reason=no_closed_bar_crossover
2026-05-06 02:56:56 INFO mt5_bot - Balance=102029.96 Equity=102029.96 Spread=0.40 pips
2026-05-06 02:56:56 INFO mt5_bot - Signal=NONE reason=no_closed_bar_crossover price=None trend=bullish rsi=53.6 atr_pips=6.2 adx=40.8
2026-05-06 02:56:56 INFO mt5_bot - ADX boost: adx=40.8 \u2192 risk_pct=1.50%
2026-05-06 02:56:56 INFO mt5_bot - Execution status=skipped reason=no_closed_bar_crossover
2026-05-06 02:57:11 INFO mt5_bot - Balance=102029.96 Equity=102029.96 Spread=0.20 pips
2026-05-06 02:57:11 INFO mt5_bot - Signal=NONE reason=no_closed_bar_crossover price=None trend=bullish rsi=53.6 atr_pips=6.2 adx=40.8
2026-05-06 02:57:11 INFO mt5_bot - ADX boost: adx=40.8 \u2192 risk_pct=1.50%
2026-05-06 02:57:11 INFO mt5_bot - Execution status=skipped reason=no_closed_bar_crossover
2026-05-06 02:57:26 INFO mt5_bot - Balance=102029.96 Equity=102029.96 Spread=0.20 pips
2026-05-06 02:57:26 INFO mt5_bot - Signal=NONE reason=no_closed_bar_crossover price=None trend=bullish rsi=53.6 atr_pips=6.2 adx=40.8
2026-05-06 02:57:26 INFO mt5_bot - ADX boost: adx=40.8 \u2192 risk_pct=1.50%
2026-05-06 02:57:26 INFO mt5_bot - Execution status=skipped reason=no_closed_bar_crossover
2026-05-06 02:57:41 INFO mt5_bot - Balance=102029.96 Equity=102029.96 Spread=0.40 pips
2026-05-06 02:57:41 INFO mt5_bot - Signal=NONE reason=no_closed_bar_crossover price=None trend=bullish rsi=53.6 atr_pips=6.2 adx=40.8
2026-05-06 02:57:41 INFO mt5_bot - ADX boost: adx=40.8 \u2192 risk_pct=1.50%
2026-05-06 02:57:41 INFO mt5_bot - Execution status=skipped reason=no_closed_bar_crossover
2026-05-06 02:57:56 INFO mt5_bot - Balance=102029.96 Equity=102029.96 Spread=0.20 pips
2026-05-06 02:57:56 INFO mt5_bot - Signal=NONE reason=no_closed_bar_crossover price=None trend=bullish rsi=53.6 atr_pips=6.2 adx=40.8
2026-05-06 02:57:56 INFO mt5_bot - ADX boost: adx=40.8 \u2192 risk_pct=1.50%
2026-05-06 02:57:56 INFO mt5_bot - Execution status=skipped reason=no_closed_bar_crossover
2026-05-06 02:58:11 INFO mt5_bot - Balance=102029.96 Equity=102029.96 Spread=0.20 pips
2026-05-06 02:58:11 INFO mt5_bot - Signal=NONE reason=no_closed_bar_crossover price=None trend=bullish rsi=53.6 atr_pips=6.2 adx=40.8
2026-05-06 02:58:11 INFO mt5_bot - ADX boost: adx=40.8 \u2192 risk_pct=1.50%
2026-05-06 02:58:11 INFO mt5_bot - Execution status=skipped reason=no_closed_bar_crossover
2026-05-06 02:58:26 INFO mt5_bot - Balance=102029.96 Equity=102029.96 Spread=0.40 pips
2026-05-06 02:58:26 INFO mt5_bot - Signal=NONE reason=no_closed_bar_crossover price=None trend=bullish rsi=53.6 atr_pips=6.2 adx=40.8
2026-05-06 02:58:26 INFO mt5_bot - ADX boost: adx=40.8 \u2192 risk_pct=1.50%
2026-05-06 02:58:26 INFO mt5_bot - Execution status=skipped reason=no_closed_bar_crossover
2026-05-06 02:58:41 INFO mt5_bot - Balance=102029.96 Equity=102029.96 Spread=0.40 pips
2026-05-06 02:58:41 INFO mt5_bot - Signal=NONE reason=no_closed_bar_crossover price=None trend=bullish rsi=53.6 atr_pips=6.2 adx=40.8
2026-05-06 02:58:41 INFO mt5_bot - ADX boost: adx=40.8 \u2192 risk_pct=1.50%
2026-05-06 02:58:41 INFO mt5_bot - Execution status=skipped reason=no_closed_bar_crossover
2026-05-06 02:58:56 INFO mt5_bot - Balance=102029.96 Equity=102029.96 Spread=0.40 pips
2026-05-06 02:58:56 INFO mt5_bot - Signal=NONE reason=no_closed_bar_crossover price=None trend=bullish rsi=53.6 atr_pips=6.2 adx=40.8
2026-05-06 02:58:56 INFO mt5_bot - ADX boost: adx=40.8 \u2192 risk_pct=1.50%
2026-05-06 02:58:56 INFO mt5_bot - Execution status=skipped reason=no_closed_bar_crossover
2026-05-06 02:59:11 INFO mt5_bot - Balance=102029.96 Equity=102029.96 Spread=0.40 pips
2026-05-06 02:59:11 INFO mt5_bot - Signal=NONE reason=no_closed_bar_crossover price=None trend=bullish rsi=53.6 atr_pips=6.2 adx=40.8
2026-05-06 02:59:11 INFO mt5_bot - ADX boost: adx=40.8 \u2192 risk_pct=1.50%
2026-05-06 02:59:11 INFO mt5_bot - Execution status=skipped reason=no_closed_bar_crossover
2026-05-06 02:59:26 INFO mt5_bot - Balance=102029.96 Equity=102029.96 Spread=0.40 pips
2026-05-06 02:59:26 INFO mt5_bot - Signal=NONE reason=no_closed_bar_crossover price=None trend=bullish rsi=53.6 atr_pips=6.2 adx=40.8
2026-05-06 02:59:26 INFO mt5_bot - ADX boost: adx=40.8 \u2192 risk_pct=1.50%
2026-05-06 02:59:26 INFO mt5_bot - Execution status=skipped reason=no_closed_bar_crossover
2026-05-06 02:59:41 INFO mt5_bot - Balance=102029.96 Equity=102029.96 Spread=0.20 pips
2026-05-06 02:59:41 INFO mt5_bot - Signal=NONE reason=no_closed_bar_crossover price=None trend=bullish rsi=53.6 atr_pips=6.2 adx=40.8
2026-05-06 02:59:41 INFO mt5_bot - ADX boost: adx=40.8 \u2192 risk_pct=1.50%
2026-05-06 02:59:41 INFO mt5_bot - Execution status=skipped reason=no_closed_bar_crossover
2026-05-06 02:59:56 INFO mt5_bot - Balance=102029.96 Equity=102029.96 Spread=0.40 pips
2026-05-06 02:59:56 INFO mt5_bot - Signal=NONE reason=no_closed_bar_crossover price=None trend=bullish rsi=53.6 atr_pips=6.2 adx=40.8
2026-05-06 02:59:56 INFO mt5_bot - ADX boost: adx=40.8 \u2192 risk_pct=1.50%
2026-05-06 02:59:56 INFO mt5_bot - Execution status=skipped reason=no_closed_bar_crossover
2026-05-06 03:00:11 INFO mt5_bot - Balance=102029.96 Equity=102029.96 Spread=0.40 pips
2026-05-06 03:00:11 INFO mt5_bot.news_filter - news_filter: loaded 115 events from shared cache
2026-05-06 03:00:11 INFO mt5_bot - Signal=NONE reason=no_closed_bar_crossover price=None trend=bullish rsi=58.6 atr_pips=6.2 adx=38.6
2026-05-06 03:00:11 INFO mt5_bot - ADX boost: adx=38.6 \u2192 risk_pct=1.50%
2026-05-06 03:00:11 INFO mt5_bot - Execution status=skipped reason=no_closed_bar_crossover
2026-05-06 03:00:26 INFO mt5_bot - Balance=102029.96 Equity=102029.96 Spread=0.20 pips
2026-05-06 03:00:26 INFO mt5_bot - Signal=NONE reason=no_closed_bar_crossover price=None trend=bullish rsi=58.6 atr_pips=6.2 adx=38.6
2026-05-06 03:00:26 INFO mt5_bot - ADX boost: adx=38.6 \u2192 risk_pct=1.50%
2026-05-06 03:00:26 INFO mt5_bot - Execution status=skipped reason=no_closed_bar_crossover
2026-05-06 03:00:41 INFO mt5_bot - Balance=102029.96 Equity=102029.96 Spread=0.20 pips
2026-05-06 03:00:41 INFO mt5_bot - Signal=NONE reason=no_closed_bar_crossover price=None trend=bullish rsi=58.6 atr_pips=6.2 adx=38.6
2026-05-06 03:00:41 INFO mt5_bot - ADX boost: adx=38.6 \u2192 risk_pct=1.50%
2026-05-06 03:00:41 INFO mt5_bot - Execution status=skipped reason=no_closed_bar_crossover
2026-05-06 03:00:56 INFO mt5_bot - Balance=102029.96 Equity=102029.96 Spread=0.40 pips
2026-05-06 03:00:56 INFO mt5_bot - Signal=NONE reason=no_closed_bar_crossover price=None trend=bullish rsi=58.6 atr_pips=6.2 adx=38.6
2026-05-06 03:00:56 INFO mt5_bot - ADX boost: adx=38.6 \u2192 risk_pct=1.50%
2026-05-06 03:00:56 INFO mt5_bot - Execution status=skipped reason=no_closed_bar_crossover
2026-05-06 03:01:11 INFO mt5_bot - Balance=102029.96 Equity=102029.96 Spread=0.20 pips
2026-05-06 03:01:11 INFO mt5_bot - Signal=NONE reason=no_closed_bar_crossover price=None trend=bullish rsi=58.6 atr_pips=6.2 adx=38.6
2026-05-06 03:01:11 INFO mt5_bot - ADX boost: adx=38.6 \u2192 risk_pct=1.50%
2026-05-06 03:01:11 INFO mt5_bot - Execution status=skipped reason=no_closed_bar_crossover
2026-05-06 03:01:26 INFO mt5_bot - Balance=102029.96 Equity=102029.96 Spread=0.40 pips
2026-05-06 03:01:27 INFO mt5_bot - Signal=NONE reason=no_closed_bar_crossover price=None trend=bullish rsi=58.6 atr_pips=6.2 adx=38.6
2026-05-06 03:01:27 INFO mt5_bot - ADX boost: adx=38.6 \u2192 risk_pct=1.50%
2026-05-06 03:01:27 INFO mt5_bot - Execution status=skipped reason=no_closed_bar_crossover
2026-05-06 03:01:42 INFO mt5_bot - Balance=102029.96 Equity=102029.96 Spread=0.20 pips
2026-05-06 03:01:42 INFO mt5_bot - Signal=NONE reason=no_closed_bar_crossover price=None trend=bullish rsi=58.6 atr_pips=6.2 adx=38.6
2026-05-06 03:01:42 INFO mt5_bot - ADX boost: adx=38.6 \u2192 risk_pct=1.50%
2026-05-06 03:01:42 INFO mt5_bot - Execution status=skipped reason=no_closed_bar_crossover
2026-05-06 03:01:57 INFO mt5_bot - Balance=102029.96 Equity=102029.96 Spread=0.20 pips
2026-05-06 03:01:57 INFO mt5_bot - Signal=NONE reason=no_closed_bar_crossover price=None trend=bullish rsi=58.6 atr_pips=6.2 adx=38.6
2026-05-06 03:01:57 INFO mt5_bot - ADX boost: adx=38.6 \u2192 risk_pct=1.50%
2026-05-06 03:01:57 INFO mt5_bot - Execution status=skipped reason=no_closed_bar_crossover
2026-05-06 03:02:12 INFO mt5_bot - Balance=102029.96 Equity=102029.96 Spread=0.40 pips
2026-05-06 03:02:12 INFO mt5_bot - Signal=NONE reason=no_closed_bar_crossover price=None trend=bullish rsi=58.6 atr_pips=6.2 adx=38.6
2026-05-06 03:02:12 INFO mt5_bot - ADX boost: adx=38.6 \u2192 risk_pct=1.50%
2026-05-06 03:02:12 INFO mt5_bot - Execution status=skipped reason=no_closed_bar_crossover
2026-05-06 03:02:27 INFO mt5_bot - Balance=102029.96 Equity=102029.96 Spread=0.40 pips
2026-05-06 03:02:27 INFO mt5_bot - Signal=NONE reason=no_closed_bar_crossover price=None trend=bullish rsi=58.6 atr_pips=6.2 adx=38.6
2026-05-06 03:02:27 INFO mt5_bot - ADX boost: adx=38.6 \u2192 risk_pct=1.50%
2026-05-06 03:02:27 INFO mt5_bot - Execution status=skipped reason=no_closed_bar_crossover
2026-05-06 03:02:42 INFO mt5_bot - Balance=102029.96 Equity=102029.96 Spread=0.40 pips
2026-05-06 03:02:42 INFO mt5_bot - Signal=NONE reason=no_closed_bar_crossover price=None trend=bullish rsi=58.6 atr_pips=6.2 adx=38.6
2026-05-06 03:02:42 INFO mt5_bot - ADX boost: adx=38.6 \u2192 risk_pct=1.50%
2026-05-06 03:02:42 INFO mt5_bot - Execution status=skipped reason=no_closed_bar_crossover
2026-05-06 03:02:57 INFO mt5_bot - Balance=102029.96 Equity=102029.96 Spread=0.40 pips
2026-05-06 03:02:57 INFO mt5_bot - Signal=NONE reason=no_closed_bar_crossover price=None trend=bullish rsi=58.6 atr_pips=6.2 adx=38.6
2026-05-06 03:02:57 INFO mt5_bot - ADX boost: adx=38.6 \u2192 risk_pct=1.50%
2026-05-06 03:02:57 INFO mt5_bot - Execution status=skipped reason=no_closed_bar_crossover
2026-05-06 03:03:12 INFO mt5_bot - Balance=102029.96 Equity=102029.96 Spread=0.40 pips
2026-05-06 03:03:12 INFO mt5_bot - Signal=NONE reason=no_closed_bar_crossover price=None trend=bullish rsi=58.6 atr_pips=6.2 adx=38.6
2026-05-06 03:03:12 INFO mt5_bot - ADX boost: adx=38.6 \u2192 risk_pct=1.50%
2026-05-06 03:03:12 INFO mt5_bot - Execution status=skipped reason=no_closed_bar_crossover
2026-05-06 03:03:27 INFO mt5_bot - Balance=102029.96 Equity=102029.96 Spread=0.20 pips
2026-05-06 03:03:27 INFO mt5_bot - Signal=NONE reason=no_closed_bar_crossover price=None trend=bullish rsi=58.6 atr_pips=6.2 adx=38.6
2026-05-06 03:03:27 INFO mt5_bot - ADX boost: adx=38.6 \u2192 risk_pct=1.50%
2026-05-06 03:03:27 INFO mt5_bot - Execution status=skipped reason=no_closed_bar_crossover
2026-05-06 03:03:42 INFO mt5_bot - Balance=102029.96 Equity=102029.96 Spread=0.40 pips
2026-05-06 03:03:42 INFO mt5_bot - Signal=NONE reason=no_closed_bar_crossover price=None trend=bullish rsi=58.6 atr_pips=6.2 adx=38.6
2026-05-06 03:03:42 INFO mt5_bot - ADX boost: adx=38.6 \u2192 risk_pct=1.50%
2026-05-06 03:03:42 INFO mt5_bot - Execution status=skipped reason=no_closed_bar_crossover
2026-05-06 03:03:57 INFO mt5_bot - Balance=102029.96 Equity=102029.96 Spread=0.40 pips
2026-05-06 03:03:57 INFO mt5_bot - Signal=NONE reason=no_closed_bar_crossover price=None trend=bullish rsi=58.6 atr_pips=6.2 adx=38.6
2026-05-06 03:03:57 INFO mt5_bot - ADX boost: adx=38.6 \u2192 risk_pct=1.50%
2026-05-06 03:03:57 INFO mt5_bot - Execution status=skipped reason=no_closed_bar_crossover
2026-05-06 03:04:12 INFO mt5_bot - Balance=102029.96 Equity=102029.96 Spread=0.20 pips
2026-05-06 03:04:12 INFO mt5_bot - Signal=NONE reason=no_closed_bar_crossover price=None trend=bullish rsi=58.6 atr_pips=6.2 adx=38.6
2026-05-06 03:04:12 INFO mt5_bot - ADX boost: adx=38.6 \u2192 risk_pct=1.50%
2026-05-06 03:04:12 INFO mt5_bot - Execution status=skipped reason=no_closed_bar_crossover
2026-05-06 03:04:27 INFO mt5_bot - Balance=102029.96 Equity=102029.96 Spread=0.40 pips
2026-05-06 03:04:27 INFO mt5_bot - Signal=NONE reason=no_closed_bar_crossover price=None trend=bullish rsi=58.6 atr_pips=6.2 adx=38.6
2026-05-06 03:04:27 INFO mt5_bot - ADX boost: adx=38.6 \u2192 risk_pct=1.50%
2026-05-06 03:04:27 INFO mt5_bot - Execution status=skipped reason=no_closed_bar_crossover
2026-05-06 03:04:42 INFO mt5_bot - Balance=102029.96 Equity=102029.96 Spread=0.40 pips
2026-05-06 03:04:42 INFO mt5_bot - Signal=NONE reason=no_closed_bar_crossover price=None trend=bullish rsi=58.6 atr_pips=6.2 adx=38.6
2026-05-06 03:04:42 INFO mt5_bot - ADX boost: adx=38.6 \u2192 risk_pct=1.50%
2026-05-06 03:04:42 INFO mt5_bot - Execution status=skipped reason=no_closed_bar_crossover
2026-05-06 03:04:57 INFO mt5_bot - Balance=102029.96 Equity=102029.96 Spread=0.20 pips
2026-05-06 03:04:57 INFO mt5_bot - Signal=NONE reason=no_closed_bar_crossover price=None trend=bullish rsi=58.6 atr_pips=6.2 adx=38.6
2026-05-06 03:04:57 INFO mt5_bot - ADX boost: adx=38.6 \u2192 risk_pct=1.50%
2026-05-06 03:04:57 INFO mt5_bot - Execution status=skipped reason=no_closed_bar_crossover
2026-05-06 03:05:12 INFO mt5_bot - Balance=102029.96 Equity=102029.96 Spread=0.40 pips
2026-05-06 03:05:12 INFO mt5_bot - Signal=NONE reason=no_closed_bar_crossover price=None trend=bullish rsi=58.6 atr_pips=6.2 adx=38.6
2026-05-06 03:05:12 INFO mt5_bot - ADX boost: adx=38.6 \u2192 risk_pct=1.50%
2026-05-06 03:05:12 INFO mt5_bot - Execution status=skipped reason=no_closed_bar_crossover
2026-05-06 03:05:27 INFO mt5_bot - Balance=102029.96 Equity=102029.96 Spread=0.20 pips
2026-05-06 03:05:27 INFO mt5_bot - Signal=NONE reason=no_closed_bar_crossover price=None trend=bullish rsi=58.6 atr_pips=6.2 adx=38.6
2026-05-06 03:05:27 INFO mt5_bot - ADX boost: adx=38.6 \u2192 risk_pct=1.50%
2026-05-06 03:05:27 INFO mt5_bot - Execution status=skipped reason=no_closed_bar_crossover
2026-05-06 03:05:42 INFO mt5_bot - Balance=102029.96 Equity=102029.96 Spread=0.20 pips
2026-05-06 03:05:42 INFO mt5_bot - Signal=NONE reason=no_closed_bar_crossover price=None trend=bullish rsi=58.6 atr_pips=6.2 adx=38.6
2026-05-06 03:05:42 INFO mt5_bot - ADX boost: adx=38.6 \u2192 risk_pct=1.50%
2026-05-06 03:05:42 INFO mt5_bot - Execution status=skipped reason=no_closed_bar_crossover
2026-05-06 03:05:57 INFO mt5_bot - Balance=102029.96 Equity=102029.96 Spread=0.40 pips
2026-05-06 03:05:57 INFO mt5_bot - Signal=NONE reason=no_closed_bar_crossover price=None trend=bullish rsi=58.6 atr_pips=6.2 adx=38.6
2026-05-06 03:05:57 INFO mt5_bot - ADX boost: adx=38.6 \u2192 risk_pct=1.50%
2026-05-06 03:05:57 INFO mt5_bot - Execution status=skipped reason=no_closed_bar_crossover
2026-05-06 03:06:12 INFO mt5_bot - Balance=102029.96 Equity=102029.96 Spread=0.20 pips
2026-05-06 03:06:12 INFO mt5_bot - Signal=NONE reason=no_closed_bar_crossover price=None trend=bullish rsi=58.6 atr_pips=6.2 adx=38.6
2026-05-06 03:06:12 INFO mt5_bot - ADX boost: adx=38.6 \u2192 risk_pct=1.50%
2026-05-06 03:06:12 INFO mt5_bot - Execution status=skipped reason=no_closed_bar_crossover
2026-05-06 03:06:27 INFO mt5_bot - Balance=102029.96 Equity=102029.96 Spread=0.40 pips
2026-05-06 03:06:27 INFO mt5_bot - Signal=NONE reason=no_closed_bar_crossover price=None trend=bullish rsi=58.6 atr_pips=6.2 adx=38.6
2026-05-06 03:06:27 INFO mt5_bot - ADX boost: adx=38.6 \u2192 risk_pct=1.50%
2026-05-06 03:06:27 INFO mt5_bot - Execution status=skipped reason=no_closed_bar_crossover
2026-05-06 03:06:42 INFO mt5_bot - Balance=102029.96 Equity=102029.96 Spread=0.40 pips
2026-05-06 03:06:42 INFO mt5_bot - Signal=NONE reason=no_closed_bar_crossover price=None trend=bullish rsi=58.6 atr_pips=6.2 adx=38.6
2026-05-06 03:06:42 INFO mt5_bot - ADX boost: adx=38.6 \u2192 risk_pct=1.50%
2026-05-06 03:06:42 INFO mt5_bot - Execution status=skipped reason=no_closed_bar_crossover
2026-05-06 03:06:57 INFO mt5_bot - Balance=102029.96 Equity=102029.96 Spread=0.40 pips
2026-05-06 03:06:57 INFO mt5_bot - Signal=NONE reason=no_closed_bar_crossover price=None trend=bullish rsi=58.6 atr_pips=6.2 adx=38.6
2026-05-06 03:06:57 INFO mt5_bot - ADX boost: adx=38.6 \u2192 risk_pct=1.50%
2026-05-06 03:06:57 INFO mt5_bot - Execution status=skipped reason=no_closed_bar_crossover
2026-05-06 03:07:12 INFO mt5_bot - Balance=102029.96 Equity=102029.96 Spread=0.40 pips
2026-05-06 03:07:12 INFO mt5_bot - Signal=NONE reason=no_closed_bar_crossover price=None trend=bullish rsi=58.6 atr_pips=6.2 adx=38.6
2026-05-06 03:07:12 INFO mt5_bot - ADX boost: adx=38.6 \u2192 risk_pct=1.50%
2026-05-06 03:07:12 INFO mt5_bot - Execution status=skipped reason=no_closed_bar_crossover
2026-05-06 03:07:27 INFO mt5_bot - Balance=102029.96 Equity=102029.96 Spread=0.40 pips
2026-05-06 03:07:27 INFO mt5_bot - Signal=NONE reason=no_closed_bar_crossover price=None trend=bullish rsi=58.6 atr_pips=6.2 adx=38.6
2026-05-06 03:07:27 INFO mt5_bot - ADX boost: adx=38.6 \u2192 risk_pct=1.50%
2026-05-06 03:07:27 INFO mt5_bot - Execution status=skipped reason=no_closed_bar_crossover
2026-05-06 03:07:42 INFO mt5_bot - Balance=102029.96 Equity=102029.96 Spread=0.40 pips
2026-05-06 03:07:42 INFO mt5_bot - Signal=NONE reason=no_closed_bar_crossover price=None trend=bullish rsi=58.6 atr_pips=6.2 adx=38.6
2026-05-06 03:07:42 INFO mt5_bot - ADX boost: adx=38.6 \u2192 risk_pct=1.50%
2026-05-06 03:07:42 INFO mt5_bot - Execution status=skipped reason=no_closed_bar_crossover
2026-05-06 03:07:57 INFO mt5_bot - Balance=102029.96 Equity=102029.96 Spread=0.20 pips
2026-05-06 03:07:57 INFO mt5_bot - Signal=NONE reason=no_closed_bar_crossover price=None trend=bullish rsi=58.6 atr_pips=6.2 adx=38.6
2026-05-06 03:07:57 INFO mt5_bot - ADX boost: adx=38.6 \u2192 risk_pct=1.50%
2026-05-06 03:07:57 INFO mt5_bot - Execution status=skipped reason=no_closed_bar_crossover
2026-05-06 03:08:12 INFO mt5_bot - Balance=102029.96 Equity=102029.96 Spread=0.20 pips
2026-05-06 03:08:12 INFO mt5_bot - Signal=NONE reason=no_closed_bar_crossover price=None trend=bullish rsi=58.6 atr_pips=6.2 adx=38.6
2026-05-06 03:08:12 INFO mt5_bot - ADX boost: adx=38.6 \u2192 risk_pct=1.50%
2026-05-06 03:08:12 INFO mt5_bot - Execution status=skipped reason=no_closed_bar_crossover
2026-05-06 03:08:27 INFO mt5_bot - Balance=102029.96 Equity=102029.96 Spread=0.40 pips
2026-05-06 03:08:27 INFO mt5_bot - Signal=NONE reason=no_closed_bar_crossover price=None trend=bullish rsi=58.6 atr_pips=6.2 adx=38.6
2026-05-06 03:08:27 INFO mt5_bot - ADX boost: adx=38.6 \u2192 risk_pct=1.50%
2026-05-06 03:08:27 INFO mt5_bot - Execution status=skipped reason=no_closed_bar_crossover
2026-05-06 03:08:42 INFO mt5_bot - Balance=102029.96 Equity=102029.96 Spread=0.20 pips
2026-05-06 03:08:42 INFO mt5_bot - Signal=NONE reason=no_closed_bar_crossover price=None trend=bullish rsi=58.6 atr_pips=6.2 adx=38.6
2026-05-06 03:08:42 INFO mt5_bot - ADX boost: adx=38.6 \u2192 risk_pct=1.50%
2026-05-06 03:08:42 INFO mt5_bot - Execution status=skipped reason=no_closed_bar_crossover
2026-05-06 03:08:57 INFO mt5_bot - Balance=102029.96 Equity=102029.96 Spread=0.20 pips
2026-05-06 03:08:57 INFO mt5_bot - Signal=NONE reason=no_closed_bar_crossover price=None trend=bullish rsi=58.6 atr_pips=6.2 adx=38.6
2026-05-06 03:08:57 INFO mt5_bot - ADX boost: adx=38.6 \u2192 risk_pct=1.50%
2026-05-06 03:08:57 INFO mt5_bot - Execution status=skipped reason=no_closed_bar_crossover
2026-05-06 03:09:12 INFO mt5_bot - Balance=102029.96 Equity=102029.96 Spread=0.40 pips
2026-05-06 03:09:12 INFO mt5_bot - Signal=NONE reason=no_closed_bar_crossover price=None trend=bullish rsi=58.6 atr_pips=6.2 adx=38.6
2026-05-06 03:09:12 INFO mt5_bot - ADX boost: adx=38.6 \u2192 risk_pct=1.50%
2026-05-06 03:09:12 INFO mt5_bot - Execution status=skipped reason=no_closed_bar_crossover
2026-05-06 03:09:27 INFO mt5_bot - Balance=102029.96 Equity=102029.96 Spread=0.20 pips
2026-05-06 03:09:27 INFO mt5_bot - Signal=NONE reason=no_closed_bar_crossover price=None trend=bullish rsi=58.6 atr_pips=6.2 adx=38.6
2026-05-06 03:09:27 INFO mt5_bot - ADX boost: adx=38.6 \u2192 risk_pct=1.50%
2026-05-06 03:09:27 INFO mt5_bot - Execution status=skipped reason=no_closed_bar_crossover
2026-05-06 03:09:42 INFO mt5_bot - Balance=102029.96 Equity=102029.96 Spread=0.40 pips
2026-05-06 03:09:42 INFO mt5_bot - Signal=NONE reason=no_closed_bar_crossover price=None trend=bullish rsi=58.6 atr_pips=6.2 adx=38.6
2026-05-06 03:09:42 INFO mt5_bot - ADX boost: adx=38.6 \u2192 risk_pct=1.50%
2026-05-06 03:09:42 INFO mt5_bot - Execution status=skipped reason=no_closed_bar_crossover
2026-05-06 03:09:57 INFO mt5_bot - Balance=102029.96 Equity=102029.96 Spread=0.40 pips
2026-05-06 03:09:57 INFO mt5_bot - Signal=NONE reason=no_closed_bar_crossover price=None trend=bullish rsi=58.6 atr_pips=6.2 adx=38.6
2026-05-06 03:09:57 INFO mt5_bot - ADX boost: adx=38.6 \u2192 risk_pct=1.50%
2026-05-06 03:09:57 INFO mt5_bot - Execution status=skipped reason=no_closed_bar_crossover
2026-05-06 03:10:12 INFO mt5_bot - Balance=102029.96 Equity=102029.96 Spread=0.20 pips
2026-05-06 03:10:12 INFO mt5_bot - Signal=NONE reason=no_closed_bar_crossover price=None trend=bullish rsi=58.6 atr_pips=6.2 adx=38.6
2026-05-06 03:10:12 INFO mt5_bot - ADX boost: adx=38.6 \u2192 risk_pct=1.50%
2026-05-06 03:10:12 INFO mt5_bot - Execution status=skipped reason=no_closed_bar_crossover
2026-05-06 03:10:27 INFO mt5_bot - Balance=102029.96 Equity=102029.96 Spread=0.40 pips
2026-05-06 03:10:27 INFO mt5_bot - Signal=NONE reason=no_closed_bar_crossover price=None trend=bullish rsi=58.6 atr_pips=6.2 adx=38.6
2026-05-06 03:10:27 INFO mt5_bot - ADX boost: adx=38.6 \u2192 risk_pct=1.50%
2026-05-06 03:10:27 INFO mt5_bot - Execution status=skipped reason=no_closed_bar_crossover
2026-05-06 03:10:42 INFO mt5_bot - Balance=102029.96 Equity=102029.96 Spread=0.40 pips
2026-05-06 03:10:42 INFO mt5_bot - Signal=NONE reason=no_closed_bar_crossover price=None trend=bullish rsi=58.6 atr_pips=6.2 adx=38.6
2026-05-06 03:10:42 INFO mt5_bot - ADX boost: adx=38.6 \u2192 risk_pct=1.50%
2026-05-06 03:10:42 INFO mt5_bot - Execution status=skipped reason=no_closed_bar_crossover
2026-05-06 03:10:57 INFO mt5_bot - Balance=102029.96 Equity=102029.96 Spread=0.40 pips
2026-05-06 03:10:57 INFO mt5_bot - Signal=NONE reason=no_closed_bar_crossover price=None trend=bullish rsi=58.6 atr_pips=6.2 adx=38.6
2026-05-06 03:10:57 INFO mt5_bot - ADX boost: adx=38.6 \u2192 risk_pct=1.50%
2026-05-06 03:10:57 INFO mt5_bot - Execution status=skipped reason=no_closed_bar_crossover
2026-05-06 03:11:12 INFO mt5_bot - Balance=102029.96 Equity=102029.96 Spread=0.20 pips
2026-05-06 03:11:12 INFO mt5_bot - Signal=NONE reason=no_closed_bar_crossover price=None trend=bullish rsi=58.6 atr_pips=6.2 adx=38.6
2026-05-06 03:11:12 INFO mt5_bot - ADX boost: adx=38.6 \u2192 risk_pct=1.50%
2026-05-06 03:11:12 INFO mt5_bot - Execution status=skipped reason=no_closed_bar_crossover
2026-05-06 03:11:27 INFO mt5_bot - Balance=102029.96 Equity=102029.96 Spread=0.20 pips
2026-05-06 03:11:27 INFO mt5_bot - Signal=NONE reason=no_closed_bar_crossover price=None trend=bullish rsi=58.6 atr_pips=6.2 adx=38.6
2026-05-06 03:11:27 INFO mt5_bot - ADX boost: adx=38.6 \u2192 risk_pct=1.50%
2026-05-06 03:11:27 INFO mt5_bot - Execution status=skipped reason=no_closed_bar_crossover
2026-05-06 03:11:42 INFO mt5_bot - Balance=102029.96 Equity=102029.96 Spread=0.40 pips
2026-05-06 03:11:42 INFO mt5_bot - Signal=NONE reason=no_closed_bar_crossover price=None trend=bullish rsi=58.6 atr_pips=6.2 adx=38.6
2026-05-06 03:11:42 INFO mt5_bot - ADX boost: adx=38.6 \u2192 risk_pct=1.50%
2026-05-06 03:11:42 INFO mt5_bot - Execution status=skipped reason=no_closed_bar_crossover
2026-05-06 03:11:57 INFO mt5_bot - Balance=102029.96 Equity=102029.96 Spread=0.20 pips
2026-05-06 03:11:57 INFO mt5_bot - Signal=NONE reason=no_closed_bar_crossover price=None trend=bullish rsi=58.6 atr_pips=6.2 adx=38.6
2026-05-06 03:11:57 INFO mt5_bot - ADX boost: adx=38.6 \u2192 risk_pct=1.50%
2026-05-06 03:11:57 INFO mt5_bot - Execution status=skipped reason=no_closed_bar_crossover
2026-05-06 03:12:12 INFO mt5_bot - Balance=102029.96 Equity=102029.96 Spread=0.40 pips
2026-05-06 03:12:12 INFO mt5_bot - Signal=NONE reason=no_closed_bar_crossover price=None trend=bullish rsi=58.6 atr_pips=6.2 adx=38.6
2026-05-06 03:12:12 INFO mt5_bot - ADX boost: adx=38.6 \u2192 risk_pct=1.50%
2026-05-06 03:12:12 INFO mt5_bot - Execution status=skipped reason=no_closed_bar_crossover
2026-05-06 03:12:27 INFO mt5_bot - Balance=102029.96 Equity=102029.96 Spread=0.20 pips
2026-05-06 03:12:27 INFO mt5_bot - Signal=NONE reason=no_closed_bar_crossover price=None trend=bullish rsi=58.6 atr_pips=6.2 adx=38.6
2026-05-06 03:12:27 INFO mt5_bot - ADX boost: adx=38.6 \u2192 risk_pct=1.50%
2026-05-06 03:12:27 INFO mt5_bot - Execution status=skipped reason=no_closed_bar_crossover
2026-05-06 03:12:42 INFO mt5_bot - Balance=102029.96 Equity=102029.96 Spread=0.40 pips
2026-05-06 03:12:42 INFO mt5_bot - Signal=NONE reason=no_closed_bar_crossover price=None trend=bullish rsi=58.6 atr_pips=6.2 adx=38.6
2026-05-06 03:12:42 INFO mt5_bot - ADX boost: adx=38.6 \u2192 risk_pct=1.50%
2026-05-06 03:12:42 INFO mt5_bot - Execution status=skipped reason=no_closed_bar_crossover
2026-05-06 03:12:57 INFO mt5_bot - Balance=102029.96 Equity=102029.96 Spread=0.20 pips
2026-05-06 03:12:57 INFO mt5_bot - Signal=NONE reason=no_closed_bar_crossover price=None trend=bullish rsi=58.6 atr_pips=6.2 adx=38.6
2026-05-06 03:12:57 INFO mt5_bot - ADX boost: adx=38.6 \u2192 risk_pct=1.50%
2026-05-06 03:12:57 INFO mt5_bot - Execution status=skipped reason=no_closed_bar_crossover
2026-05-06 03:13:12 INFO mt5_bot - Balance=102029.96 Equity=102029.96 Spread=0.20 pips
2026-05-06 03:13:12 INFO mt5_bot - Signal=NONE reason=no_closed_bar_crossover price=None trend=bullish rsi=58.6 atr_pips=6.2 adx=38.6
2026-05-06 03:13:12 INFO mt5_bot - ADX boost: adx=38.6 \u2192 risk_pct=1.50%
2026-05-06 03:13:12 INFO mt5_bot - Execution status=skipped reason=no_closed_bar_crossover
2026-05-06 03:13:27 INFO mt5_bot - Balance=102029.96 Equity=102029.96 Spread=0.40 pips
2026-05-06 03:13:27 INFO mt5_bot - Signal=NONE reason=no_closed_bar_crossover price=None trend=bullish rsi=58.6 atr_pips=6.2 adx=38.6
2026-05-06 03:13:27 INFO mt5_bot - ADX boost: adx=38.6 \u2192 risk_pct=1.50%
2026-05-06 03:13:27 INFO mt5_bot - Execution status=skipped reason=no_closed_bar_crossover
2026-05-06 03:13:42 INFO mt5_bot - Balance=102029.96 Equity=102029.96 Spread=0.20 pips
2026-05-06 03:13:42 INFO mt5_bot - Signal=NONE reason=no_closed_bar_crossover price=None trend=bullish rsi=58.6 atr_pips=6.2 adx=38.6
2026-05-06 03:13:42 INFO mt5_bot - ADX boost: adx=38.6 \u2192 risk_pct=1.50%
2026-05-06 03:13:42 INFO mt5_bot - Execution status=skipped reason=no_closed_bar_crossover
2026-05-06 03:13:57 INFO mt5_bot - Balance=102029.96 Equity=102029.96 Spread=0.20 pips
2026-05-06 03:13:57 INFO mt5_bot - Signal=NONE reason=no_closed_bar_crossover price=None trend=bullish rsi=58.6 atr_pips=6.2 adx=38.6
2026-05-06 03:13:57 INFO mt5_bot - ADX boost: adx=38.6 \u2192 risk_pct=1.50%
2026-05-06 03:13:57 INFO mt5_bot - Execution status=skipped reason=no_closed_bar_crossover
2026-05-06 03:14:12 INFO mt5_bot - Balance=102029.96 Equity=102029.96 Spread=0.40 pips
2026-05-06 03:14:12 INFO mt5_bot - Signal=NONE reason=no_closed_bar_crossover price=None trend=bullish rsi=58.6 atr_pips=6.2 adx=38.6
2026-05-06 03:14:12 INFO mt5_bot - ADX boost: adx=38.6 \u2192 risk_pct=1.50%
2026-05-06 03:14:12 INFO mt5_bot - Execution status=skipped reason=no_closed_bar_crossover
2026-05-06 03:14:27 INFO mt5_bot - Balance=102029.96 Equity=102029.96 Spread=0.40 pips
2026-05-06 03:14:27 INFO mt5_bot - Signal=NONE reason=no_closed_bar_crossover price=None trend=bullish rsi=58.6 atr_pips=6.2 adx=38.6
2026-05-06 03:14:27 INFO mt5_bot - ADX boost: adx=38.6 \u2192 risk_pct=1.50%
2026-05-06 03:14:27 INFO mt5_bot - Execution status=skipped reason=no_closed_bar_crossover
2026-05-06 03:14:42 INFO mt5_bot - Balance=102029.96 Equity=102029.96 Spread=0.20 pips
2026-05-06 03:14:42 INFO mt5_bot - Signal=NONE reason=no_closed_bar_crossover price=None trend=bullish rsi=58.6 atr_pips=6.2 adx=38.6
2026-05-06 03:14:42 INFO mt5_bot - ADX boost: adx=38.6 \u2192 risk_pct=1.50%
2026-05-06 03:14:42 INFO mt5_bot - Execution status=skipped reason=no_closed_bar_crossover
2026-05-06 03:14:57 INFO mt5_bot - Balance=102029.96 Equity=102029.96 Spread=0.40 pips
2026-05-06 03:14:57 INFO mt5_bot - Signal=NONE reason=no_closed_bar_crossover price=None trend=bullish rsi=58.6 atr_pips=6.2 adx=38.6
2026-05-06 03:14:57 INFO mt5_bot - ADX boost: adx=38.6 \u2192 risk_pct=1.50%
2026-05-06 03:14:57 INFO mt5_bot - Execution status=skipped reason=no_closed_bar_crossover
2026-05-06 03:15:12 INFO mt5_bot - Balance=102029.96 Equity=102029.96 Spread=0.40 pips
2026-05-06 03:15:12 INFO mt5_bot - Signal=NONE reason=no_closed_bar_crossover price=None trend=bullish rsi=50.1 atr_pips=6.5 adx=36.0
2026-05-06 03:15:12 INFO mt5_bot - ADX boost: adx=36.0 \u2192 risk_pct=1.50%
2026-05-06 03:15:12 INFO mt5_bot - Execution status=skipped reason=no_closed_bar_crossover
2026-05-06 03:15:27 INFO mt5_bot - Balance=102029.96 Equity=102029.96 Spread=0.20 pips
2026-05-06 03:15:27 INFO mt5_bot - Signal=NONE reason=no_closed_bar_crossover price=None trend=bullish rsi=50.1 atr_pips=6.5 adx=36.0
2026-05-06 03:15:27 INFO mt5_bot - ADX boost: adx=36.0 \u2192 risk_pct=1.50%
2026-05-06 03:15:27 INFO mt5_bot - Execution status=skipped reason=no_closed_bar_crossover
2026-05-06 03:15:42 INFO mt5_bot - Balance=102029.96 Equity=102029.96 Spread=0.20 pips
2026-05-06 03:15:42 INFO mt5_bot - Signal=NONE reason=no_closed_bar_crossover price=None trend=bullish rsi=50.1 atr_pips=6.5 adx=36.0
2026-05-06 03:15:42 INFO mt5_bot - ADX boost: adx=36.0 \u2192 risk_pct=1.50%
2026-05-06 03:15:42 INFO mt5_bot - Execution status=skipped reason=no_closed_bar_crossover
2026-05-06 03:15:57 INFO mt5_bot - Balance=102029.96 Equity=102029.96 Spread=0.40 pips
2026-05-06 03:15:57 INFO mt5_bot - Signal=NONE reason=no_closed_bar_crossover price=None trend=bullish rsi=50.1 atr_pips=6.5 adx=36.0
2026-05-06 03:15:57 INFO mt5_bot - ADX boost: adx=36.0 \u2192 risk_pct=1.50%
2026-05-06 03:15:57 INFO mt5_bot - Execution status=skipped reason=no_closed_bar_crossover
2026-05-06 03:16:12 INFO mt5_bot - Balance=102029.96 Equity=102029.96 Spread=0.40 pips
2026-05-06 03:16:12 INFO mt5_bot - Signal=NONE reason=no_closed_bar_crossover price=None trend=bullish rsi=50.1 atr_pips=6.5 adx=36.0
2026-05-06 03:16:12 INFO mt5_bot - ADX boost: adx=36.0 \u2192 risk_pct=1.50%
2026-05-06 03:16:12 INFO mt5_bot - Execution status=skipped reason=no_closed_bar_crossover
2026-05-06 03:16:27 INFO mt5_bot - Balance=102029.96 Equity=102029.96 Spread=0.40 pips
2026-05-06 03:16:27 INFO mt5_bot - Signal=NONE reason=no_closed_bar_crossover price=None trend=bullish rsi=50.1 atr_pips=6.5 adx=36.0
2026-05-06 03:16:27 INFO mt5_bot - ADX boost: adx=36.0 \u2192 risk_pct=1.50%
2026-05-06 03:16:27 INFO mt5_bot - Execution status=skipped reason=no_closed_bar_crossover
2026-05-06 03:16:42 INFO mt5_bot - Balance=102029.96 Equity=102029.96 Spread=0.20 pips
2026-05-06 03:16:42 INFO mt5_bot - Signal=NONE reason=no_closed_bar_crossover price=None trend=bullish rsi=50.1 atr_pips=6.5 adx=36.0
2026-05-06 03:16:42 INFO mt5_bot - ADX boost: adx=36.0 \u2192 risk_pct=1.50%
2026-05-06 03:16:42 INFO mt5_bot - Execution status=skipped reason=no_closed_bar_crossover
2026-05-06 03:16:57 INFO mt5_bot - Balance=102029.96 Equity=102029.96 Spread=0.40 pips
2026-05-06 03:16:57 INFO mt5_bot - Signal=NONE reason=no_closed_bar_crossover price=None trend=bullish rsi=50.1 atr_pips=6.5 adx=36.0
2026-05-06 03:16:57 INFO mt5_bot - ADX boost: adx=36.0 \u2192 risk_pct=1.50%
2026-05-06 03:16:57 INFO mt5_bot - Execution status=skipped reason=no_closed_bar_crossover
2026-05-06 03:17:12 INFO mt5_bot - Balance=102029.96 Equity=102029.96 Spread=0.40 pips
2026-05-06 03:17:12 INFO mt5_bot - Signal=NONE reason=no_closed_bar_crossover price=None trend=bullish rsi=50.1 atr_pips=6.5 adx=36.0
2026-05-06 03:17:12 INFO mt5_bot - ADX boost: adx=36.0 \u2192 risk_pct=1.50%
2026-05-06 03:17:12 INFO mt5_bot - Execution status=skipped reason=no_closed_bar_crossover
2026-05-06 03:17:27 INFO mt5_bot - Balance=102029.96 Equity=102029.96 Spread=0.40 pips
2026-05-06 03:17:28 INFO mt5_bot - Signal=NONE reason=no_closed_bar_crossover price=None trend=bullish rsi=50.1 atr_pips=6.5 adx=36.0
2026-05-06 03:17:28 INFO mt5_bot - ADX boost: adx=36.0 \u2192 risk_pct=1.50%
2026-05-06 03:17:28 INFO mt5_bot - Execution status=skipped reason=no_closed_bar_crossover
2026-05-06 03:17:43 INFO mt5_bot - Balance=102029.96 Equity=102029.96 Spread=0.40 pips
2026-05-06 03:17:43 INFO mt5_bot - Signal=NONE reason=no_closed_bar_crossover price=None trend=bullish rsi=50.1 atr_pips=6.5 adx=36.0
2026-05-06 03:17:43 INFO mt5_bot - ADX boost: adx=36.0 \u2192 risk_pct=1.50%
2026-05-06 03:17:43 INFO mt5_bot - Execution status=skipped reason=no_closed_bar_crossover
2026-05-06 03:17:58 INFO mt5_bot - Balance=102029.96 Equity=102029.96 Spread=0.20 pips
2026-05-06 03:17:58 INFO mt5_bot - Signal=NONE reason=no_closed_bar_crossover price=None trend=bullish rsi=50.1 atr_pips=6.5 adx=36.0
2026-05-06 03:17:58 INFO mt5_bot - ADX boost: adx=36.0 \u2192 risk_pct=1.50%
2026-05-06 03:17:58 INFO mt5_bot - Execution status=skipped reason=no_closed_bar_crossover
2026-05-06 03:18:13 INFO mt5_bot - Balance=102029.96 Equity=102029.96 Spread=0.40 pips
2026-05-06 03:18:13 INFO mt5_bot - Signal=NONE reason=no_closed_bar_crossover price=None trend=bullish rsi=50.1 atr_pips=6.5 adx=36.0
2026-05-06 03:18:13 INFO mt5_bot - ADX boost: adx=36.0 \u2192 risk_pct=1.50%
2026-05-06 03:18:13 INFO mt5_bot - Execution status=skipped reason=no_closed_bar_crossover
2026-05-06 03:18:28 INFO mt5_bot - Balance=102029.96 Equity=102029.96 Spread=0.40 pips
2026-05-06 03:18:28 INFO mt5_bot - Signal=NONE reason=no_closed_bar_crossover price=None trend=bullish rsi=50.1 atr_pips=6.5 adx=36.0
2026-05-06 03:18:28 INFO mt5_bot - ADX boost: adx=36.0 \u2192 risk_pct=1.50%
2026-05-06 03:18:28 INFO mt5_bot - Execution status=skipped reason=no_closed_bar_crossover
2026-05-06 03:18:43 INFO mt5_bot - Balance=102029.96 Equity=102029.96 Spread=0.20 pips
2026-05-06 03:18:43 INFO mt5_bot - Signal=NONE reason=no_closed_bar_crossover price=None trend=bullish rsi=50.1 atr_pips=6.5 adx=36.0
2026-05-06 03:18:43 INFO mt5_bot - ADX boost: adx=36.0 \u2192 risk_pct=1.50%
2026-05-06 03:18:43 INFO mt5_bot - Execution status=skipped reason=no_closed_bar_crossover
2026-05-06 03:18:58 INFO mt5_bot - Balance=102029.96 Equity=102029.96 Spread=0.20 pips
2026-05-06 03:18:58 INFO mt5_bot - Signal=NONE reason=no_closed_bar_crossover price=None trend=bullish rsi=50.1 atr_pips=6.5 adx=36.0
2026-05-06 03:18:58 INFO mt5_bot - ADX boost: adx=36.0 \u2192 risk_pct=1.50%
2026-05-06 03:18:58 INFO mt5_bot - Execution status=skipped reason=no_closed_bar_crossover
2026-05-06 03:19:13 INFO mt5_bot - Balance=102029.96 Equity=102029.96 Spread=0.40 pips
2026-05-06 03:19:13 INFO mt5_bot - Signal=NONE reason=no_closed_bar_crossover price=None trend=bullish rsi=50.1 atr_pips=6.5 adx=36.0
2026-05-06 03:19:13 INFO mt5_bot - ADX boost: adx=36.0 \u2192 risk_pct=1.50%
2026-05-06 03:19:13 INFO mt5_bot - Execution status=skipped reason=no_closed_bar_crossover
2026-05-06 03:19:28 INFO mt5_bot - Balance=102029.96 Equity=102029.96 Spread=0.40 pips
2026-05-06 03:19:28 INFO mt5_bot - Signal=NONE reason=no_closed_bar_crossover price=None trend=bullish rsi=50.1 atr_pips=6.5 adx=36.0
2026-05-06 03:19:28 INFO mt5_bot - ADX boost: adx=36.0 \u2192 risk_pct=1.50%
2026-05-06 03:19:28 INFO mt5_bot - Execution status=skipped reason=no_closed_bar_crossover
2026-05-06 03:19:43 INFO mt5_bot - Balance=102029.96 Equity=102029.96 Spread=0.20 pips
2026-05-06 03:19:43 INFO mt5_bot - Signal=NONE reason=no_closed_bar_crossover price=None trend=bullish rsi=50.1 atr_pips=6.5 adx=36.0
2026-05-06 03:19:43 INFO mt5_bot - ADX boost: adx=36.0 \u2192 risk_pct=1.50%
2026-05-06 03:19:43 INFO mt5_bot - Execution status=skipped reason=no_closed_bar_crossover
2026-05-06 03:19:58 INFO mt5_bot - Balance=102029.96 Equity=102029.96 Spread=0.20 pips
2026-05-06 03:19:58 INFO mt5_bot - Signal=NONE reason=no_closed_bar_crossover price=None trend=bullish rsi=50.1 atr_pips=6.5 adx=36.0
2026-05-06 03:19:58 INFO mt5_bot - ADX boost: adx=36.0 \u2192 risk_pct=1.50%
2026-05-06 03:19:58 INFO mt5_bot - Execution status=skipped reason=no_closed_bar_crossover
2026-05-06 03:20:13 INFO mt5_bot - Balance=102029.96 Equity=102029.96 Spread=0.40 pips
2026-05-06 03:20:13 INFO mt5_bot - Signal=NONE reason=no_closed_bar_crossover price=None trend=bullish rsi=50.1 atr_pips=6.5 adx=36.0
2026-05-06 03:20:13 INFO mt5_bot - ADX boost: adx=36.0 \u2192 risk_pct=1.50%
2026-05-06 03:20:13 INFO mt5_bot - Execution status=skipped reason=no_closed_bar_crossover
2026-05-06 03:20:28 INFO mt5_bot - Balance=102029.96 Equity=102029.96 Spread=0.40 pips
2026-05-06 03:20:28 INFO mt5_bot - Signal=NONE reason=no_closed_bar_crossover price=None trend=bullish rsi=50.1 atr_pips=6.5 adx=36.0
2026-05-06 03:20:28 INFO mt5_bot - ADX boost: adx=36.0 \u2192 risk_pct=1.50%
2026-05-06 03:20:28 INFO mt5_bot - Execution status=skipped reason=no_closed_bar_crossover
2026-05-06 03:20:43 INFO mt5_bot - Balance=102029.96 Equity=102029.96 Spread=0.40 pips
2026-05-06 03:20:43 INFO mt5_bot - Signal=NONE reason=no_closed_bar_crossover price=None trend=bullish rsi=50.1 atr_pips=6.5 adx=36.0
2026-05-06 03:20:43 INFO mt5_bot - ADX boost: adx=36.0 \u2192 risk_pct=1.50%
2026-05-06 03:20:43 INFO mt5_bot - Execution status=skipped reason=no_closed_bar_crossover
2026-05-06 03:20:58 INFO mt5_bot - Balance=102029.96 Equity=102029.96 Spread=0.40 pips
2026-05-06 03:20:58 INFO mt5_bot - Signal=NONE reason=no_closed_bar_crossover price=None trend=bullish rsi=50.1 atr_pips=6.5 adx=36.0
2026-05-06 03:20:58 INFO mt5_bot - ADX boost: adx=36.0 \u2192 risk_pct=1.50%
2026-05-06 03:20:58 INFO mt5_bot - Execution status=skipped reason=no_closed_bar_crossover
2026-05-06 03:21:13 INFO mt5_bot - Balance=102029.96 Equity=102029.96 Spread=0.20 pips
2026-05-06 03:21:13 INFO mt5_bot - Signal=NONE reason=no_closed_bar_crossover price=None trend=bullish rsi=50.1 atr_pips=6.5 adx=36.0
2026-05-06 03:21:13 INFO mt5_bot - ADX boost: adx=36.0 \u2192 risk_pct=1.50%
2026-05-06 03:21:13 INFO mt5_bot - Execution status=skipped reason=no_closed_bar_crossover
2026-05-06 03:21:28 INFO mt5_bot - Balance=102029.96 Equity=102029.96 Spread=0.20 pips
2026-05-06 03:21:28 INFO mt5_bot - Signal=NONE reason=no_closed_bar_crossover price=None trend=bullish rsi=50.1 atr_pips=6.5 adx=36.0
2026-05-06 03:21:28 INFO mt5_bot - ADX boost: adx=36.0 \u2192 risk_pct=1.50%
2026-05-06 03:21:28 INFO mt5_bot - Execution status=skipped reason=no_closed_bar_crossover
2026-05-06 03:21:43 INFO mt5_bot - Balance=102029.96 Equity=102029.96 Spread=0.40 pips
2026-05-06 03:21:43 INFO mt5_bot - Signal=NONE reason=no_closed_bar_crossover price=None trend=bullish rsi=50.1 atr_pips=6.5 adx=36.0
2026-05-06 03:21:43 INFO mt5_bot - ADX boost: adx=36.0 \u2192 risk_pct=1.50%
2026-05-06 03:21:43 INFO mt5_bot - Execution status=skipped reason=no_closed_bar_crossover
2026-05-06 03:21:58 INFO mt5_bot - Balance=102029.96 Equity=102029.96 Spread=0.40 pips
2026-05-06 03:21:58 INFO mt5_bot - Signal=NONE reason=no_closed_bar_crossover price=None trend=bullish rsi=50.1 atr_pips=6.5 adx=36.0
2026-05-06 03:21:58 INFO mt5_bot - ADX boost: adx=36.0 \u2192 risk_pct=1.50%
2026-05-06 03:21:58 INFO mt5_bot - Execution status=skipped reason=no_closed_bar_crossover
2026-05-06 03:22:13 INFO mt5_bot - Balance=102029.96 Equity=102029.96 Spread=0.40 pips
2026-05-06 03:22:13 INFO mt5_bot - Signal=NONE reason=no_closed_bar_crossover price=None trend=bullish rsi=50.1 atr_pips=6.5 adx=36.0
2026-05-06 03:22:13 INFO mt5_bot - ADX boost: adx=36.0 \u2192 risk_pct=1.50%
2026-05-06 03:22:13 INFO mt5_bot - Execution status=skipped reason=no_closed_bar_crossover
2026-05-06 03:22:28 INFO mt5_bot - Balance=102029.96 Equity=102029.96 Spread=0.20 pips
2026-05-06 03:22:28 INFO mt5_bot - Signal=NONE reason=no_closed_bar_crossover price=None trend=bullish rsi=50.1 atr_pips=6.5 adx=36.0
2026-05-06 03:22:28 INFO mt5_bot - ADX boost: adx=36.0 \u2192 risk_pct=1.50%
2026-05-06 03:22:28 INFO mt5_bot - Execution status=skipped reason=no_closed_bar_crossover
2026-05-06 03:22:43 INFO mt5_bot - Balance=102029.96 Equity=102029.96 Spread=0.40 pips
2026-05-06 03:22:43 INFO mt5_bot - Signal=NONE reason=no_closed_bar_crossover price=None trend=bullish rsi=50.1 atr_pips=6.5 adx=36.0
2026-05-06 03:22:43 INFO mt5_bot - ADX boost: adx=36.0 \u2192 risk_pct=1.50%
2026-05-06 03:22:43 INFO mt5_bot - Execution status=skipped reason=no_closed_bar_crossover
2026-05-06 03:22:58 INFO mt5_bot - Balance=102029.96 Equity=102029.96 Spread=0.40 pips
2026-05-06 03:22:58 INFO mt5_bot - Signal=NONE reason=no_closed_bar_crossover price=None trend=bullish rsi=50.1 atr_pips=6.5 adx=36.0
2026-05-06 03:22:58 INFO mt5_bot - ADX boost: adx=36.0 \u2192 risk_pct=1.50%
2026-05-06 03:22:58 INFO mt5_bot - Execution status=skipped reason=no_closed_bar_crossover
2026-05-06 03:23:13 INFO mt5_bot - Balance=102029.96 Equity=102029.96 Spread=0.20 pips
2026-05-06 03:23:13 INFO mt5_bot - Signal=NONE reason=no_closed_bar_crossover price=None trend=bullish rsi=50.1 atr_pips=6.5 adx=36.0
2026-05-06 03:23:13 INFO mt5_bot - ADX boost: adx=36.0 \u2192 risk_pct=1.50%
2026-05-06 03:23:13 INFO mt5_bot - Execution status=skipped reason=no_closed_bar_crossover
2026-05-06 03:23:28 INFO mt5_bot - Balance=102029.96 Equity=102029.96 Spread=0.40 pips
2026-05-06 03:23:28 INFO mt5_bot - Signal=NONE reason=no_closed_bar_crossover price=None trend=bullish rsi=50.1 atr_pips=6.5 adx=36.0
2026-05-06 03:23:28 INFO mt5_bot - ADX boost: adx=36.0 \u2192 risk_pct=1.50%
2026-05-06 03:23:28 INFO mt5_bot - Execution status=skipped reason=no_closed_bar_crossover
2026-05-06 03:23:43 INFO mt5_bot - Balance=102029.96 Equity=102029.96 Spread=0.20 pips
2026-05-06 03:23:43 INFO mt5_bot - Signal=NONE reason=no_closed_bar_crossover price=None trend=bullish rsi=50.1 atr_pips=6.5 adx=36.0
2026-05-06 03:23:43 INFO mt5_bot - ADX boost: adx=36.0 \u2192 risk_pct=1.50%
2026-05-06 03:23:43 INFO mt5_bot - Execution status=skipped reason=no_closed_bar_crossover
2026-05-06 03:23:58 INFO mt5_bot - Balance=102029.96 Equity=102029.96 Spread=0.20 pips
2026-05-06 03:23:58 INFO mt5_bot - Signal=NONE reason=no_closed_bar_crossover price=None trend=bullish rsi=50.1 atr_pips=6.5 adx=36.0
2026-05-06 03:23:58 INFO mt5_bot - ADX boost: adx=36.0 \u2192 risk_pct=1.50%
2026-05-06 03:23:58 INFO mt5_bot - Execution status=skipped reason=no_closed_bar_crossover
2026-05-06 03:24:13 INFO mt5_bot - Balance=102029.96 Equity=102029.96 Spread=0.40 pips
2026-05-06 03:24:13 INFO mt5_bot - Signal=NONE reason=no_closed_bar_crossover price=None trend=bullish rsi=50.1 atr_pips=6.5 adx=36.0
2026-05-06 03:24:13 INFO mt5_bot - ADX boost: adx=36.0 \u2192 risk_pct=1.50%
2026-05-06 03:24:13 INFO mt5_bot - Execution status=skipped reason=no_closed_bar_crossover
2026-05-06 03:24:28 INFO mt5_bot - Balance=102029.96 Equity=102029.96 Spread=0.40 pips
2026-05-06 03:24:28 INFO mt5_bot - Signal=NONE reason=no_closed_bar_crossover price=None trend=bullish rsi=50.1 atr_pips=6.5 adx=36.0
2026-05-06 03:24:28 INFO mt5_bot - ADX boost: adx=36.0 \u2192 risk_pct=1.50%
2026-05-06 03:24:28 INFO mt5_bot - Execution status=skipped reason=no_closed_bar_crossover
2026-05-06 03:24:43 INFO mt5_bot - Balance=102029.96 Equity=102029.96 Spread=0.20 pips
2026-05-06 03:24:43 INFO mt5_bot - Signal=NONE reason=no_closed_bar_crossover price=None trend=bullish rsi=50.1 atr_pips=6.5 adx=36.0
2026-05-06 03:24:43 INFO mt5_bot - ADX boost: adx=36.0 \u2192 risk_pct=1.50%
2026-05-06 03:24:43 INFO mt5_bot - Execution status=skipped reason=no_closed_bar_crossover
2026-05-06 03:24:58 INFO mt5_bot - Balance=102029.96 Equity=102029.96 Spread=0.40 pips
2026-05-06 03:24:58 INFO mt5_bot - Signal=NONE reason=no_closed_bar_crossover price=None trend=bullish rsi=50.1 atr_pips=6.5 adx=36.0
2026-05-06 03:24:58 INFO mt5_bot - ADX boost: adx=36.0 \u2192 risk_pct=1.50%
2026-05-06 03:24:58 INFO mt5_bot - Execution status=skipped reason=no_closed_bar_crossover
2026-05-06 03:25:13 INFO mt5_bot - Balance=102029.96 Equity=102029.96 Spread=0.20 pips
2026-05-06 03:25:13 INFO mt5_bot - Signal=NONE reason=no_closed_bar_crossover price=None trend=bullish rsi=50.1 atr_pips=6.5 adx=36.0
2026-05-06 03:25:13 INFO mt5_bot - ADX boost: adx=36.0 \u2192 risk_pct=1.50%
2026-05-06 03:25:13 INFO mt5_bot - Execution status=skipped reason=no_closed_bar_crossover
2026-05-06 03:25:28 INFO mt5_bot - Balance=102029.96 Equity=102029.96 Spread=0.40 pips
2026-05-06 03:25:28 INFO mt5_bot - Signal=NONE reason=no_closed_bar_crossover price=None trend=bullish rsi=50.1 atr_pips=6.5 adx=36.0
2026-05-06 03:25:28 INFO mt5_bot - ADX boost: adx=36.0 \u2192 risk_pct=1.50%
2026-05-06 03:25:28 INFO mt5_bot - Execution status=skipped reason=no_closed_bar_crossover
2026-05-06 03:25:43 INFO mt5_bot - Balance=102029.96 Equity=102029.96 Spread=0.40 pips
2026-05-06 03:25:43 INFO mt5_bot - Signal=NONE reason=no_closed_bar_crossover price=None trend=bullish rsi=50.1 atr_pips=6.5 adx=36.0
2026-05-06 03:25:43 INFO mt5_bot - ADX boost: adx=36.0 \u2192 risk_pct=1.50%
2026-05-06 03:25:43 INFO mt5_bot - Execution status=skipped reason=no_closed_bar_crossover
2026-05-06 03:25:58 INFO mt5_bot - Balance=102029.96 Equity=102029.96 Spread=0.40 pips
2026-05-06 03:25:58 INFO mt5_bot - Signal=NONE reason=no_closed_bar_crossover price=None trend=bullish rsi=50.1 atr_pips=6.5 adx=36.0
2026-05-06 03:25:58 INFO mt5_bot - ADX boost: adx=36.0 \u2192 risk_pct=1.50%
2026-05-06 03:25:58 INFO mt5_bot - Execution status=skipped reason=no_closed_bar_crossover
2026-05-06 03:26:13 INFO mt5_bot - Balance=102029.96 Equity=102029.96 Spread=0.20 pips
2026-05-06 03:26:13 INFO mt5_bot - Signal=NONE reason=no_closed_bar_crossover price=None trend=bullish rsi=50.1 atr_pips=6.5 adx=36.0
2026-05-06 03:26:13 INFO mt5_bot - ADX boost: adx=36.0 \u2192 risk_pct=1.50%
2026-05-06 03:26:13 INFO mt5_bot - Execution status=skipped reason=no_closed_bar_crossover
2026-05-06 03:26:28 INFO mt5_bot - Balance=102029.96 Equity=102029.96 Spread=0.20 pips
2026-05-06 03:26:28 INFO mt5_bot - Signal=NONE reason=no_closed_bar_crossover price=None trend=bullish rsi=50.1 atr_pips=6.5 adx=36.0
2026-05-06 03:26:28 INFO mt5_bot - ADX boost: adx=36.0 \u2192 risk_pct=1.50%
2026-05-06 03:26:28 INFO mt5_bot - Execution status=skipped reason=no_closed_bar_crossover
2026-05-06 03:26:43 INFO mt5_bot - Balance=102029.96 Equity=102029.96 Spread=0.40 pips
2026-05-06 03:26:43 INFO mt5_bot - Signal=NONE reason=no_closed_bar_crossover price=None trend=bullish rsi=50.1 atr_pips=6.5 adx=36.0
2026-05-06 03:26:43 INFO mt5_bot - ADX boost: adx=36.0 \u2192 risk_pct=1.50%
2026-05-06 03:26:43 INFO mt5_bot - Execution status=skipped reason=no_closed_bar_crossover
2026-05-06 03:26:58 INFO mt5_bot - Balance=102029.96 Equity=102029.96 Spread=0.20 pips
2026-05-06 03:26:58 INFO mt5_bot - Signal=NONE reason=no_closed_bar_crossover price=None trend=bullish rsi=50.1 atr_pips=6.5 adx=36.0
2026-05-06 03:26:58 INFO mt5_bot - ADX boost: adx=36.0 \u2192 risk_pct=1.50%
2026-05-06 03:26:58 INFO mt5_bot - Execution status=skipped reason=no_closed_bar_crossover
2026-05-06 03:27:13 INFO mt5_bot - Balance=102029.96 Equity=102029.96 Spread=0.20 pips
2026-05-06 03:27:13 INFO mt5_bot - Signal=NONE reason=no_closed_bar_crossover price=None trend=bullish rsi=50.1 atr_pips=6.5 adx=36.0
2026-05-06 03:27:13 INFO mt5_bot - ADX boost: adx=36.0 \u2192 risk_pct=1.50%
2026-05-06 03:27:13 INFO mt5_bot - Execution status=skipped reason=no_closed_bar_crossover
2026-05-06 03:27:28 INFO mt5_bot - Balance=102029.96 Equity=102029.96 Spread=0.20 pips
2026-05-06 03:27:28 INFO mt5_bot - Signal=NONE reason=no_closed_bar_crossover price=None trend=bullish rsi=50.1 atr_pips=6.5 adx=36.0
2026-05-06 03:27:28 INFO mt5_bot - ADX boost: adx=36.0 \u2192 risk_pct=1.50%
2026-05-06 03:27:28 INFO mt5_bot - Execution status=skipped reason=no_closed_bar_crossover
2026-05-06 03:27:43 INFO mt5_bot - Balance=102029.96 Equity=102029.96 Spread=0.20 pips
2026-05-06 03:27:43 INFO mt5_bot - Signal=NONE reason=no_closed_bar_crossover price=None trend=bullish rsi=50.1 atr_pips=6.5 adx=36.0
2026-05-06 03:27:43 INFO mt5_bot - ADX boost: adx=36.0 \u2192 risk_pct=1.50%
2026-05-06 03:27:43 INFO mt5_bot - Execution status=skipped reason=no_closed_bar_crossover
2026-05-06 03:27:58 INFO mt5_bot - Balance=102029.96 Equity=102029.96 Spread=0.40 pips
2026-05-06 03:27:58 INFO mt5_bot - Signal=NONE reason=no_closed_bar_crossover price=None trend=bullish rsi=50.1 atr_pips=6.5 adx=36.0
2026-05-06 03:27:58 INFO mt5_bot - ADX boost: adx=36.0 \u2192 risk_pct=1.50%
2026-05-06 03:27:58 INFO mt5_bot - Execution status=skipped reason=no_closed_bar_crossover
2026-05-06 03:28:13 INFO mt5_bot - Balance=102029.96 Equity=102029.96 Spread=0.20 pips
2026-05-06 03:28:13 INFO mt5_bot - Signal=NONE reason=no_closed_bar_crossover price=None trend=bullish rsi=50.1 atr_pips=6.5 adx=36.0
2026-05-06 03:28:13 INFO mt5_bot - ADX boost: adx=36.0 \u2192 risk_pct=1.50%
2026-05-06 03:28:13 INFO mt5_bot - Execution status=skipped reason=no_closed_bar_crossover
2026-05-06 03:28:28 INFO mt5_bot - Balance=102029.96 Equity=102029.96 Spread=0.20 pips
2026-05-06 03:28:28 INFO mt5_bot - Signal=NONE reason=no_closed_bar_crossover price=None trend=bullish rsi=50.1 atr_pips=6.5 adx=36.0
2026-05-06 03:28:28 INFO mt5_bot - ADX boost: adx=36.0 \u2192 risk_pct=1.50%
2026-05-06 03:28:28 INFO mt5_bot - Execution status=skipped reason=no_closed_bar_crossover
2026-05-06 03:28:43 INFO mt5_bot - Balance=102029.96 Equity=102029.96 Spread=0.20 pips
2026-05-06 03:28:43 INFO mt5_bot - Signal=NONE reason=no_closed_bar_crossover price=None trend=bullish rsi=50.1 atr_pips=6.5 adx=36.0
2026-05-06 03:28:43 INFO mt5_bot - ADX boost: adx=36.0 \u2192 risk_pct=1.50%
2026-05-06 03:28:43 INFO mt5_bot - Execution status=skipped reason=no_closed_bar_crossover
2026-05-06 03:28:58 INFO mt5_bot - Balance=102029.96 Equity=102029.96 Spread=0.20 pips
2026-05-06 03:28:58 INFO mt5_bot - Signal=NONE reason=no_closed_bar_crossover price=None trend=bullish rsi=50.1 atr_pips=6.5 adx=36.0
2026-05-06 03:28:58 INFO mt5_bot - ADX boost: adx=36.0 \u2192 risk_pct=1.50%
2026-05-06 03:28:58 INFO mt5_bot - Execution status=skipped reason=no_closed_bar_crossover
2026-05-06 03:29:13 INFO mt5_bot - Balance=102029.96 Equity=102029.96 Spread=0.40 pips
2026-05-06 03:29:13 INFO mt5_bot - Signal=NONE reason=no_closed_bar_crossover price=None trend=bullish rsi=50.1 atr_pips=6.5 adx=36.0
2026-05-06 03:29:13 INFO mt5_bot - ADX boost: adx=36.0 \u2192 risk_pct=1.50%
2026-05-06 03:29:13 INFO mt5_bot - Execution status=skipped reason=no_closed_bar_crossover
2026-05-06 03:29:28 INFO mt5_bot - Balance=102029.96 Equity=102029.96 Spread=0.20 pips
2026-05-06 03:29:28 INFO mt5_bot - Signal=NONE reason=no_closed_bar_crossover price=None trend=bullish rsi=50.1 atr_pips=6.5 adx=36.0
2026-05-06 03:29:28 INFO mt5_bot - ADX boost: adx=36.0 \u2192 risk_pct=1.50%
2026-05-06 03:29:28 INFO mt5_bot - Execution status=skipped reason=no_closed_bar_crossover
2026-05-06 03:29:43 INFO mt5_bot - Balance=102029.96 Equity=102029.96 Spread=0.40 pips
2026-05-06 03:29:43 INFO mt5_bot - Signal=NONE reason=no_closed_bar_crossover price=None trend=bullish rsi=50.1 atr_pips=6.5 adx=36.0
2026-05-06 03:29:43 INFO mt5_bot - ADX boost: adx=36.0 \u2192 risk_pct=1.50%
2026-05-06 03:29:43 INFO mt5_bot - Execution status=skipped reason=no_closed_bar_crossover
2026-05-06 03:29:58 INFO mt5_bot - Balance=102029.96 Equity=102029.96 Spread=0.20 pips
2026-05-06 03:29:58 INFO mt5_bot - Signal=NONE reason=no_closed_bar_crossover price=None trend=bullish rsi=50.1 atr_pips=6.5 adx=36.0
2026-05-06 03:29:58 INFO mt5_bot - ADX boost: adx=36.0 \u2192 risk_pct=1.50%
2026-05-06 03:29:58 INFO mt5_bot - Execution status=skipped reason=no_closed_bar_crossover
2026-05-06 03:30:13 INFO mt5_bot - Balance=102029.96 Equity=102029.96 Spread=0.20 pips
2026-05-06 03:30:13 INFO mt5_bot - Signal=NONE reason=no_closed_bar_crossover price=None trend=bullish rsi=55.5 atr_pips=6.6 adx=33.6
2026-05-06 03:30:13 INFO mt5_bot - ADX boost: adx=33.6 \u2192 risk_pct=1.50%
2026-05-06 03:30:13 INFO mt5_bot - Execution status=skipped reason=no_closed_bar_crossover
2026-05-06 03:30:28 INFO mt5_bot - Balance=102029.96 Equity=102029.96 Spread=0.40 pips
2026-05-06 03:30:28 INFO mt5_bot - Signal=NONE reason=no_closed_bar_crossover price=None trend=bullish rsi=55.5 atr_pips=6.6 adx=33.6
2026-05-06 03:30:28 INFO mt5_bot - ADX boost: adx=33.6 \u2192 risk_pct=1.50%
2026-05-06 03:30:28 INFO mt5_bot - Execution status=skipped reason=no_closed_bar_crossover
2026-05-06 03:30:43 INFO mt5_bot - Balance=102029.96 Equity=102029.96 Spread=0.40 pips
2026-05-06 03:30:43 INFO mt5_bot - Signal=NONE reason=no_closed_bar_crossover price=None trend=bullish rsi=55.5 atr_pips=6.6 adx=33.6
2026-05-06 03:30:43 INFO mt5_bot - ADX boost: adx=33.6 \u2192 risk_pct=1.50%
2026-05-06 03:30:43 INFO mt5_bot - Execution status=skipped reason=no_closed_bar_crossover
2026-05-06 03:30:58 INFO mt5_bot - Balance=102029.96 Equity=102029.96 Spread=0.20 pips
2026-05-06 03:30:58 INFO mt5_bot - Signal=NONE reason=no_closed_bar_crossover price=None trend=bullish rsi=55.5 atr_pips=6.6 adx=33.6
2026-05-06 03:30:58 INFO mt5_bot - ADX boost: adx=33.6 \u2192 risk_pct=1.50%
2026-05-06 03:30:58 INFO mt5_bot - Execution status=skipped reason=no_closed_bar_crossover
2026-05-06 03:31:13 INFO mt5_bot - Balance=102029.96 Equity=102029.96 Spread=0.40 pips
2026-05-06 03:31:13 INFO mt5_bot - Signal=NONE reason=no_closed_bar_crossover price=None trend=bullish rsi=55.5 atr_pips=6.6 adx=33.6
2026-05-06 03:31:13 INFO mt5_bot - ADX boost: adx=33.6 \u2192 risk_pct=1.50%
2026-05-06 03:31:13 INFO mt5_bot - Execution status=skipped reason=no_closed_bar_crossover
2026-05-06 03:31:28 INFO mt5_bot - Balance=102029.96 Equity=102029.96 Spread=0.20 pips
2026-05-06 03:31:28 INFO mt5_bot - Signal=NONE reason=no_closed_bar_crossover price=None trend=bullish rsi=55.5 atr_pips=6.6 adx=33.6
2026-05-06 03:31:28 INFO mt5_bot - ADX boost: adx=33.6 \u2192 risk_pct=1.50%
2026-05-06 03:31:28 INFO mt5_bot - Execution status=skipped reason=no_closed_bar_crossover
2026-05-06 03:31:43 INFO mt5_bot - Balance=102029.96 Equity=102029.96 Spread=0.40 pips
2026-05-06 03:31:43 INFO mt5_bot - Signal=NONE reason=no_closed_bar_crossover price=None trend=bullish rsi=55.5 atr_pips=6.6 adx=33.6
2026-05-06 03:31:43 INFO mt5_bot - ADX boost: adx=33.6 \u2192 risk_pct=1.50%
2026-05-06 03:31:43 INFO mt5_bot - Execution status=skipped reason=no_closed_bar_crossover
2026-05-06 03:31:58 INFO mt5_bot - Balance=102029.96 Equity=102029.96 Spread=0.40 pips
2026-05-06 03:31:58 INFO mt5_bot - Signal=NONE reason=no_closed_bar_crossover price=None trend=bullish rsi=55.5 atr_pips=6.6 adx=33.6
2026-05-06 03:31:58 INFO mt5_bot - ADX boost: adx=33.6 \u2192 risk_pct=1.50%
2026-05-06 03:31:58 INFO mt5_bot - Execution status=skipped reason=no_closed_bar_crossover
2026-05-06 03:32:13 INFO mt5_bot - Balance=102029.96 Equity=102029.96 Spread=0.20 pips
2026-05-06 03:32:13 INFO mt5_bot - Signal=NONE reason=no_closed_bar_crossover price=None trend=bullish rsi=55.5 atr_pips=6.6 adx=33.6
2026-05-06 03:32:13 INFO mt5_bot - ADX boost: adx=33.6 \u2192 risk_pct=1.50%
2026-05-06 03:32:13 INFO mt5_bot - Execution status=skipped reason=no_closed_bar_crossover
2026-05-06 03:32:28 INFO mt5_bot - Balance=102029.96 Equity=102029.96 Spread=0.40 pips
2026-05-06 03:32:28 INFO mt5_bot - Signal=NONE reason=no_closed_bar_crossover price=None trend=bullish rsi=55.5 atr_pips=6.6 adx=33.6
2026-05-06 03:32:28 INFO mt5_bot - ADX boost: adx=33.6 \u2192 risk_pct=1.50%
2026-05-06 03:32:28 INFO mt5_bot - Execution status=skipped reason=no_closed_bar_crossover
2026-05-06 03:32:43 INFO mt5_bot - Balance=102029.96 Equity=102029.96 Spread=0.20 pips
2026-05-06 03:32:43 INFO mt5_bot - Signal=NONE reason=no_closed_bar_crossover price=None trend=bullish rsi=55.5 atr_pips=6.6 adx=33.6
2026-05-06 03:32:43 INFO mt5_bot - ADX boost: adx=33.6 \u2192 risk_pct=1.50%
2026-05-06 03:32:43 INFO mt5_bot - Execution status=skipped reason=no_closed_bar_crossover
2026-05-06 03:32:58 INFO mt5_bot - Balance=102029.96 Equity=102029.96 Spread=0.40 pips
2026-05-06 03:32:58 INFO mt5_bot - Signal=NONE reason=no_closed_bar_crossover price=None trend=bullish rsi=55.5 atr_pips=6.6 adx=33.6
2026-05-06 03:32:58 INFO mt5_bot - ADX boost: adx=33.6 \u2192 risk_pct=1.50%
2026-05-06 03:32:58 INFO mt5_bot - Execution status=skipped reason=no_closed_bar_crossover
2026-05-06 03:33:13 INFO mt5_bot - Balance=102029.96 Equity=102029.96 Spread=0.40 pips
2026-05-06 03:33:14 INFO mt5_bot - Signal=NONE reason=no_closed_bar_crossover price=None trend=bullish rsi=55.5 atr_pips=6.6 adx=33.6
2026-05-06 03:33:14 INFO mt5_bot - ADX boost: adx=33.6 \u2192 risk_pct=1.50%
2026-05-06 03:33:14 INFO mt5_bot - Execution status=skipped reason=no_closed_bar_crossover
2026-05-06 03:33:29 INFO mt5_bot - Balance=102029.96 Equity=102029.96 Spread=0.20 pips
2026-05-06 03:33:29 INFO mt5_bot - Signal=NONE reason=no_closed_bar_crossover price=None trend=bullish rsi=55.5 atr_pips=6.6 adx=33.6
2026-05-06 03:33:29 INFO mt5_bot - ADX boost: adx=33.6 \u2192 risk_pct=1.50%
2026-05-06 03:33:29 INFO mt5_bot - Execution status=skipped reason=no_closed_bar_crossover
2026-05-06 03:33:44 INFO mt5_bot - Balance=102029.96 Equity=102029.96 Spread=0.40 pips
2026-05-06 03:33:44 INFO mt5_bot - Signal=NONE reason=no_closed_bar_crossover price=None trend=bullish rsi=55.5 atr_pips=6.6 adx=33.6
2026-05-06 03:33:44 INFO mt5_bot - ADX boost: adx=33.6 \u2192 risk_pct=1.50%
2026-05-06 03:33:44 INFO mt5_bot - Execution status=skipped reason=no_closed_bar_crossover
2026-05-06 03:33:59 INFO mt5_bot - Balance=102029.96 Equity=102029.96 Spread=0.40 pips
2026-05-06 03:33:59 INFO mt5_bot - Signal=NONE reason=no_closed_bar_crossover price=None trend=bullish rsi=55.5 atr_pips=6.6 adx=33.6
2026-05-06 03:33:59 INFO mt5_bot - ADX boost: adx=33.6 \u2192 risk_pct=1.50%
2026-05-06 03:33:59 INFO mt5_bot - Execution status=skipped reason=no_closed_bar_crossover
2026-05-06 03:34:14 INFO mt5_bot - Balance=102029.96 Equity=102029.96 Spread=0.40 pips
2026-05-06 03:34:14 INFO mt5_bot - Signal=NONE reason=no_closed_bar_crossover price=None trend=bullish rsi=55.5 atr_pips=6.6 adx=33.6
2026-05-06 03:34:14 INFO mt5_bot - ADX boost: adx=33.6 \u2192 risk_pct=1.50%
2026-05-06 03:34:14 INFO mt5_bot - Execution status=skipped reason=no_closed_bar_crossover
2026-05-06 03:34:29 INFO mt5_bot - Balance=102029.96 Equity=102029.96 Spread=0.40 pips
2026-05-06 03:34:29 INFO mt5_bot - Signal=NONE reason=no_closed_bar_crossover price=None trend=bullish rsi=55.5 atr_pips=6.6 adx=33.6
2026-05-06 03:34:29 INFO mt5_bot - ADX boost: adx=33.6 \u2192 risk_pct=1.50%
2026-05-06 03:34:29 INFO mt5_bot - Execution status=skipped reason=no_closed_bar_crossover
2026-05-06 03:34:44 INFO mt5_bot - Balance=102029.96 Equity=102029.96 Spread=0.20 pips
2026-05-06 03:34:44 INFO mt5_bot - Signal=NONE reason=no_closed_bar_crossover price=None trend=bullish rsi=55.5 atr_pips=6.6 adx=33.6
2026-05-06 03:34:44 INFO mt5_bot - ADX boost: adx=33.6 \u2192 risk_pct=1.50%
2026-05-06 03:34:44 INFO mt5_bot - Execution status=skipped reason=no_closed_bar_crossover
2026-05-06 03:34:59 INFO mt5_bot - Balance=102029.96 Equity=102029.96 Spread=0.40 pips
2026-05-06 03:34:59 INFO mt5_bot - Signal=NONE reason=no_closed_bar_crossover price=None trend=bullish rsi=55.5 atr_pips=6.6 adx=33.6
2026-05-06 03:34:59 INFO mt5_bot - ADX boost: adx=33.6 \u2192 risk_pct=1.50%
2026-05-06 03:34:59 INFO mt5_bot - Execution status=skipped reason=no_closed_bar_crossover
2026-05-06 03:35:14 INFO mt5_bot - Balance=102029.96 Equity=102029.96 Spread=0.40 pips
2026-05-06 03:35:14 INFO mt5_bot - Signal=NONE reason=no_closed_bar_crossover price=None trend=bullish rsi=55.5 atr_pips=6.6 adx=33.6
2026-05-06 03:35:14 INFO mt5_bot - ADX boost: adx=33.6 \u2192 risk_pct=1.50%
2026-05-06 03:35:14 INFO mt5_bot - Execution status=skipped reason=no_closed_bar_crossover
2026-05-06 03:35:29 INFO mt5_bot - Balance=102029.96 Equity=102029.96 Spread=0.40 pips
2026-05-06 03:35:29 INFO mt5_bot - Signal=NONE reason=no_closed_bar_crossover price=None trend=bullish rsi=55.5 atr_pips=6.6 adx=33.6
2026-05-06 03:35:29 INFO mt5_bot - ADX boost: adx=33.6 \u2192 risk_pct=1.50%
2026-05-06 03:35:29 INFO mt5_bot - Execution status=skipped reason=no_closed_bar_crossover
2026-05-06 03:35:44 INFO mt5_bot - Balance=102029.96 Equity=102029.96 Spread=0.20 pips
2026-05-06 03:35:44 INFO mt5_bot - Signal=NONE reason=no_closed_bar_crossover price=None trend=bullish rsi=55.5 atr_pips=6.6 adx=33.6
2026-05-06 03:35:44 INFO mt5_bot - ADX boost: adx=33.6 \u2192 risk_pct=1.50%
2026-05-06 03:35:44 INFO mt5_bot - Execution status=skipped reason=no_closed_bar_crossover
2026-05-06 03:35:59 INFO mt5_bot - Balance=102029.96 Equity=102029.96 Spread=0.20 pips
2026-05-06 03:35:59 INFO mt5_bot - Signal=NONE reason=no_closed_bar_crossover price=None trend=bullish rsi=55.5 atr_pips=6.6 adx=33.6
2026-05-06 03:35:59 INFO mt5_bot - ADX boost: adx=33.6 \u2192 risk_pct=1.50%
2026-05-06 03:35:59 INFO mt5_bot - Execution status=skipped reason=no_closed_bar_crossover
2026-05-06 03:36:14 INFO mt5_bot - Balance=102029.96 Equity=102029.96 Spread=0.40 pips
2026-05-06 03:36:14 INFO mt5_bot - Signal=NONE reason=no_closed_bar_crossover price=None trend=bullish rsi=55.5 atr_pips=6.6 adx=33.6
2026-05-06 03:36:14 INFO mt5_bot - ADX boost: adx=33.6 \u2192 risk_pct=1.50%
2026-05-06 03:36:14 INFO mt5_bot - Execution status=skipped reason=no_closed_bar_crossover
2026-05-06 03:36:29 INFO mt5_bot - Balance=102029.96 Equity=102029.96 Spread=0.20 pips
2026-05-06 03:36:29 INFO mt5_bot - Signal=NONE reason=no_closed_bar_crossover price=None trend=bullish rsi=55.5 atr_pips=6.6 adx=33.6
2026-05-06 03:36:29 INFO mt5_bot - ADX boost: adx=33.6 \u2192 risk_pct=1.50%
2026-05-06 03:36:29 INFO mt5_bot - Execution status=skipped reason=no_closed_bar_crossover
2026-05-06 03:36:44 INFO mt5_bot - Balance=102029.96 Equity=102029.96 Spread=0.40 pips
2026-05-06 03:36:44 INFO mt5_bot - Signal=NONE reason=no_closed_bar_crossover price=None trend=bullish rsi=55.5 atr_pips=6.6 adx=33.6
2026-05-06 03:36:44 INFO mt5_bot - ADX boost: adx=33.6 \u2192 risk_pct=1.50%
2026-05-06 03:36:44 INFO mt5_bot - Execution status=skipped reason=no_closed_bar_crossover
2026-05-06 03:36:59 INFO mt5_bot - Balance=102029.96 Equity=102029.96 Spread=0.20 pips
2026-05-06 03:36:59 INFO mt5_bot - Signal=NONE reason=no_closed_bar_crossover price=None trend=bullish rsi=55.5 atr_pips=6.6 adx=33.6
2026-05-06 03:36:59 INFO mt5_bot - ADX boost: adx=33.6 \u2192 risk_pct=1.50%
2026-05-06 03:36:59 INFO mt5_bot - Execution status=skipped reason=no_closed_bar_crossover
2026-05-06 03:37:14 INFO mt5_bot - Balance=102029.96 Equity=102029.96 Spread=0.40 pips
2026-05-06 03:37:14 INFO mt5_bot - Signal=NONE reason=no_closed_bar_crossover price=None trend=bullish rsi=55.5 atr_pips=6.6 adx=33.6
2026-05-06 03:37:14 INFO mt5_bot - ADX boost: adx=33.6 \u2192 risk_pct=1.50%
2026-05-06 03:37:14 INFO mt5_bot - Execution status=skipped reason=no_closed_bar_crossover
2026-05-06 03:37:29 INFO mt5_bot - Balance=102029.96 Equity=102029.96 Spread=0.20 pips
2026-05-06 03:37:29 INFO mt5_bot - Signal=NONE reason=no_closed_bar_crossover price=None trend=bullish rsi=55.5 atr_pips=6.6 adx=33.6
2026-05-06 03:37:29 INFO mt5_bot - ADX boost: adx=33.6 \u2192 risk_pct=1.50%
2026-05-06 03:37:29 INFO mt5_bot - Execution status=skipped reason=no_closed_bar_crossover
2026-05-06 03:37:44 INFO mt5_bot - Balance=102029.96 Equity=102029.96 Spread=0.40 pips
2026-05-06 03:37:44 INFO mt5_bot - Signal=NONE reason=no_closed_bar_crossover price=None trend=bullish rsi=55.5 atr_pips=6.6 adx=33.6
2026-05-06 03:37:44 INFO mt5_bot - ADX boost: adx=33.6 \u2192 risk_pct=1.50%
2026-05-06 03:37:44 INFO mt5_bot - Execution status=skipped reason=no_closed_bar_crossover
2026-05-06 03:37:59 INFO mt5_bot - Balance=102029.96 Equity=102029.96 Spread=0.40 pips
2026-05-06 03:37:59 INFO mt5_bot - Signal=NONE reason=no_closed_bar_crossover price=None trend=bullish rsi=55.5 atr_pips=6.6 adx=33.6
2026-05-06 03:37:59 INFO mt5_bot - ADX boost: adx=33.6 \u2192 risk_pct=1.50%
2026-05-06 03:37:59 INFO mt5_bot - Execution status=skipped reason=no_closed_bar_crossover
2026-05-06 03:38:14 INFO mt5_bot - Balance=102029.96 Equity=102029.96 Spread=0.40 pips
2026-05-06 03:38:14 INFO mt5_bot - Signal=NONE reason=no_closed_bar_crossover price=None trend=bullish rsi=55.5 atr_pips=6.6 adx=33.6
2026-05-06 03:38:14 INFO mt5_bot - ADX boost: adx=33.6 \u2192 risk_pct=1.50%
2026-05-06 03:38:14 INFO mt5_bot - Execution status=skipped reason=no_closed_bar_crossover
2026-05-06 03:38:29 INFO mt5_bot - Balance=102029.96 Equity=102029.96 Spread=0.20 pips
2026-05-06 03:38:29 INFO mt5_bot - Signal=NONE reason=no_closed_bar_crossover price=None trend=bullish rsi=55.5 atr_pips=6.6 adx=33.6
2026-05-06 03:38:29 INFO mt5_bot - ADX boost: adx=33.6 \u2192 risk_pct=1.50%
2026-05-06 03:38:29 INFO mt5_bot - Execution status=skipped reason=no_closed_bar_crossover
2026-05-06 03:38:44 INFO mt5_bot - Balance=102029.96 Equity=102029.96 Spread=0.40 pips
2026-05-06 03:38:44 INFO mt5_bot - Signal=NONE reason=no_closed_bar_crossover price=None trend=bullish rsi=55.5 atr_pips=6.6 adx=33.6
2026-05-06 03:38:44 INFO mt5_bot - ADX boost: adx=33.6 \u2192 risk_pct=1.50%
2026-05-06 03:38:44 INFO mt5_bot - Execution status=skipped reason=no_closed_bar_crossover
2026-05-06 03:38:59 INFO mt5_bot - Balance=102029.96 Equity=102029.96 Spread=0.20 pips
2026-05-06 03:38:59 INFO mt5_bot - Signal=NONE reason=no_closed_bar_crossover price=None trend=bullish rsi=55.5 atr_pips=6.6 adx=33.6
2026-05-06 03:38:59 INFO mt5_bot - ADX boost: adx=33.6 \u2192 risk_pct=1.50%
2026-05-06 03:38:59 INFO mt5_bot - Execution status=skipped reason=no_closed_bar_crossover
2026-05-06 03:39:14 INFO mt5_bot - Balance=102029.96 Equity=102029.96 Spread=0.20 pips
2026-05-06 03:39:14 INFO mt5_bot - Signal=NONE reason=no_closed_bar_crossover price=None trend=bullish rsi=55.5 atr_pips=6.6 adx=33.6
2026-05-06 03:39:14 INFO mt5_bot - ADX boost: adx=33.6 \u2192 risk_pct=1.50%
2026-05-06 03:39:14 INFO mt5_bot - Execution status=skipped reason=no_closed_bar_crossover
2026-05-06 03:39:29 INFO mt5_bot - Balance=102029.96 Equity=102029.96 Spread=0.40 pips
2026-05-06 03:39:29 INFO mt5_bot - Signal=NONE reason=no_closed_bar_crossover price=None trend=bullish rsi=55.5 atr_pips=6.6 adx=33.6
2026-05-06 03:39:29 INFO mt5_bot - ADX boost: adx=33.6 \u2192 risk_pct=1.50%
2026-05-06 03:39:29 INFO mt5_bot - Execution status=skipped reason=no_closed_bar_crossover
2026-05-06 03:39:44 INFO mt5_bot - Balance=102029.96 Equity=102029.96 Spread=0.40 pips
2026-05-06 03:39:44 INFO mt5_bot - Signal=NONE reason=no_closed_bar_crossover price=None trend=bullish rsi=55.5 atr_pips=6.6 adx=33.6
2026-05-06 03:39:44 INFO mt5_bot - ADX boost: adx=33.6 \u2192 risk_pct=1.50%
2026-05-06 03:39:44 INFO mt5_bot - Execution status=skipped reason=no_closed_bar_crossover
2026-05-06 03:39:59 INFO mt5_bot - Balance=102029.96 Equity=102029.96 Spread=0.20 pips
2026-05-06 03:39:59 INFO mt5_bot - Signal=NONE reason=no_closed_bar_crossover price=None trend=bullish rsi=55.5 atr_pips=6.6 adx=33.6
2026-05-06 03:39:59 INFO mt5_bot - ADX boost: adx=33.6 \u2192 risk_pct=1.50%
2026-05-06 03:39:59 INFO mt5_bot - Execution status=skipped reason=no_closed_bar_crossover
2026-05-06 03:40:14 INFO mt5_bot - Balance=102029.96 Equity=102029.96 Spread=0.40 pips
2026-05-06 03:40:14 INFO mt5_bot - Signal=NONE reason=no_closed_bar_crossover price=None trend=bullish rsi=55.5 atr_pips=6.6 adx=33.6
2026-05-06 03:40:14 INFO mt5_bot - ADX boost: adx=33.6 \u2192 risk_pct=1.50%
2026-05-06 03:40:14 INFO mt5_bot - Execution status=skipped reason=no_closed_bar_crossover
2026-05-06 03:40:29 INFO mt5_bot - Balance=102029.96 Equity=102029.96 Spread=0.20 pips
2026-05-06 03:40:29 INFO mt5_bot - Signal=NONE reason=no_closed_bar_crossover price=None trend=bullish rsi=55.5 atr_pips=6.6 adx=33.6
2026-05-06 03:40:29 INFO mt5_bot - ADX boost: adx=33.6 \u2192 risk_pct=1.50%
2026-05-06 03:40:29 INFO mt5_bot - Execution status=skipped reason=no_closed_bar_crossover
2026-05-06 03:40:44 INFO mt5_bot - Balance=102029.96 Equity=102029.96 Spread=0.40 pips
2026-05-06 03:40:44 INFO mt5_bot - Signal=NONE reason=no_closed_bar_crossover price=None trend=bullish rsi=55.5 atr_pips=6.6 adx=33.6
2026-05-06 03:40:44 INFO mt5_bot - ADX boost: adx=33.6 \u2192 risk_pct=1.50%
2026-05-06 03:40:44 INFO mt5_bot - Execution status=skipped reason=no_closed_bar_crossover
2026-05-06 03:40:59 INFO mt5_bot - Balance=102029.96 Equity=102029.96 Spread=0.20 pips
2026-05-06 03:40:59 INFO mt5_bot - Signal=NONE reason=no_closed_bar_crossover price=None trend=bullish rsi=55.5 atr_pips=6.6 adx=33.6
2026-05-06 03:40:59 INFO mt5_bot - ADX boost: adx=33.6 \u2192 risk_pct=1.50%
2026-05-06 03:40:59 INFO mt5_bot - Execution status=skipped reason=no_closed_bar_crossover
2026-05-06 03:41:14 INFO mt5_bot - Balance=102029.96 Equity=102029.96 Spread=0.40 pips
2026-05-06 03:41:14 INFO mt5_bot - Signal=NONE reason=no_closed_bar_crossover price=None trend=bullish rsi=55.5 atr_pips=6.6 adx=33.6
2026-05-06 03:41:14 INFO mt5_bot - ADX boost: adx=33.6 \u2192 risk_pct=1.50%
2026-05-06 03:41:14 INFO mt5_bot - Execution status=skipped reason=no_closed_bar_crossover
2026-05-06 03:41:29 INFO mt5_bot - Balance=102029.96 Equity=102029.96 Spread=0.40 pips
2026-05-06 03:41:29 INFO mt5_bot - Signal=NONE reason=no_closed_bar_crossover price=None trend=bullish rsi=55.5 atr_pips=6.6 adx=33.6
2026-05-06 03:41:29 INFO mt5_bot - ADX boost: adx=33.6 \u2192 risk_pct=1.50%
2026-05-06 03:41:29 INFO mt5_bot - Execution status=skipped reason=no_closed_bar_crossover
2026-05-06 03:41:44 INFO mt5_bot - Balance=102029.96 Equity=102029.96 Spread=0.20 pips
2026-05-06 03:41:44 INFO mt5_bot - Signal=NONE reason=no_closed_bar_crossover price=None trend=bullish rsi=55.5 atr_pips=6.6 adx=33.6
2026-05-06 03:41:44 INFO mt5_bot - ADX boost: adx=33.6 \u2192 risk_pct=1.50%
2026-05-06 03:41:44 INFO mt5_bot - Execution status=skipped reason=no_closed_bar_crossover
2026-05-06 03:41:59 INFO mt5_bot - Balance=102029.96 Equity=102029.96 Spread=0.20 pips
2026-05-06 03:41:59 INFO mt5_bot - Signal=NONE reason=no_closed_bar_crossover price=None trend=bullish rsi=55.5 atr_pips=6.6 adx=33.6
2026-05-06 03:41:59 INFO mt5_bot - ADX boost: adx=33.6 \u2192 risk_pct=1.50%
2026-05-06 03:41:59 INFO mt5_bot - Execution status=skipped reason=no_closed_bar_crossover
2026-05-06 03:42:14 INFO mt5_bot - Balance=102029.96 Equity=102029.96 Spread=0.20 pips
2026-05-06 03:42:14 INFO mt5_bot - Signal=NONE reason=no_closed_bar_crossover price=None trend=bullish rsi=55.5 atr_pips=6.6 adx=33.6
2026-05-06 03:42:14 INFO mt5_bot - ADX boost: adx=33.6 \u2192 risk_pct=1.50%
2026-05-06 03:42:14 INFO mt5_bot - Execution status=skipped reason=no_closed_bar_crossover
2026-05-06 03:42:29 INFO mt5_bot - Balance=102029.96 Equity=102029.96 Spread=0.20 pips
2026-05-06 03:42:29 INFO mt5_bot - Signal=NONE reason=no_closed_bar_crossover price=None trend=bullish rsi=55.5 atr_pips=6.6 adx=33.6
2026-05-06 03:42:29 INFO mt5_bot - ADX boost: adx=33.6 \u2192 risk_pct=1.50%
2026-05-06 03:42:29 INFO mt5_bot - Execution status=skipped reason=no_closed_bar_crossover
2026-05-06 03:42:44 INFO mt5_bot - Balance=102029.96 Equity=102029.96 Spread=0.20 pips
2026-05-06 03:42:44 INFO mt5_bot - Signal=NONE reason=no_closed_bar_crossover price=None trend=bullish rsi=55.5 atr_pips=6.6 adx=33.6
2026-05-06 03:42:44 INFO mt5_bot - ADX boost: adx=33.6 \u2192 risk_pct=1.50%
2026-05-06 03:42:44 INFO mt5_bot - Execution status=skipped reason=no_closed_bar_crossover
2026-05-06 03:42:59 INFO mt5_bot - Balance=102029.96 Equity=102029.96 Spread=0.40 pips
2026-05-06 03:42:59 INFO mt5_bot - Signal=NONE reason=no_closed_bar_crossover price=None trend=bullish rsi=55.5 atr_pips=6.6 adx=33.6
2026-05-06 03:42:59 INFO mt5_bot - ADX boost: adx=33.6 \u2192 risk_pct=1.50%
2026-05-06 03:42:59 INFO mt5_bot - Execution status=skipped reason=no_closed_bar_crossover
2026-05-06 03:43:14 INFO mt5_bot - Balance=102029.96 Equity=102029.96 Spread=0.20 pips
2026-05-06 03:43:14 INFO mt5_bot - Signal=NONE reason=no_closed_bar_crossover price=None trend=bullish rsi=55.5 atr_pips=6.6 adx=33.6
2026-05-06 03:43:14 INFO mt5_bot - ADX boost: adx=33.6 \u2192 risk_pct=1.50%
2026-05-06 03:43:14 INFO mt5_bot - Execution status=skipped reason=no_closed_bar_crossover
2026-05-06 03:43:29 INFO mt5_bot - Balance=102029.96 Equity=102029.96 Spread=0.20 pips
2026-05-06 03:43:29 INFO mt5_bot - Signal=NONE reason=no_closed_bar_crossover price=None trend=bullish rsi=55.5 atr_pips=6.6 adx=33.6
2026-05-06 03:43:29 INFO mt5_bot - ADX boost: adx=33.6 \u2192 risk_pct=1.50%
2026-05-06 03:43:29 INFO mt5_bot - Execution status=skipped reason=no_closed_bar_crossover
2026-05-06 03:43:44 INFO mt5_bot - Balance=102029.96 Equity=102029.96 Spread=0.40 pips
2026-05-06 03:43:44 INFO mt5_bot - Signal=NONE reason=no_closed_bar_crossover price=None trend=bullish rsi=55.5 atr_pips=6.6 adx=33.6
2026-05-06 03:43:44 INFO mt5_bot - ADX boost: adx=33.6 \u2192 risk_pct=1.50%
2026-05-06 03:43:44 INFO mt5_bot - Execution status=skipped reason=no_closed_bar_crossover
2026-05-06 03:43:59 INFO mt5_bot - Balance=102029.96 Equity=102029.96 Spread=0.40 pips
2026-05-06 03:43:59 INFO mt5_bot - Signal=NONE reason=no_closed_bar_crossover price=None trend=bullish rsi=55.5 atr_pips=6.6 adx=33.6
2026-05-06 03:43:59 INFO mt5_bot - ADX boost: adx=33.6 \u2192 risk_pct=1.50%
2026-05-06 03:43:59 INFO mt5_bot - Execution status=skipped reason=no_closed_bar_crossover
2026-05-06 03:44:14 INFO mt5_bot - Balance=102029.96 Equity=102029.96 Spread=0.20 pips
2026-05-06 03:44:14 INFO mt5_bot - Signal=NONE reason=no_closed_bar_crossover price=None trend=bullish rsi=55.5 atr_pips=6.6 adx=33.6
2026-05-06 03:44:14 INFO mt5_bot - ADX boost: adx=33.6 \u2192 risk_pct=1.50%
2026-05-06 03:44:14 INFO mt5_bot - Execution status=skipped reason=no_closed_bar_crossover
2026-05-06 03:44:29 INFO mt5_bot - Balance=102029.96 Equity=102029.96 Spread=0.20 pips
2026-05-06 03:44:29 INFO mt5_bot - Signal=NONE reason=no_closed_bar_crossover price=None trend=bullish rsi=55.5 atr_pips=6.6 adx=33.6
2026-05-06 03:44:29 INFO mt5_bot - ADX boost: adx=33.6 \u2192 risk_pct=1.50%
2026-05-06 03:44:29 INFO mt5_bot - Execution status=skipped reason=no_closed_bar_crossover
2026-05-06 03:44:44 INFO mt5_bot - Balance=102029.96 Equity=102029.96 Spread=0.40 pips
2026-05-06 03:44:44 INFO mt5_bot - Signal=NONE reason=no_closed_bar_crossover price=None trend=bullish rsi=55.5 atr_pips=6.6 adx=33.6
2026-05-06 03:44:44 INFO mt5_bot - ADX boost: adx=33.6 \u2192 risk_pct=1.50%
2026-05-06 03:44:44 INFO mt5_bot - Execution status=skipped reason=no_closed_bar_crossover
2026-05-06 03:44:59 INFO mt5_bot - Balance=102029.96 Equity=102029.96 Spread=0.40 pips
2026-05-06 03:44:59 INFO mt5_bot - Signal=NONE reason=no_closed_bar_crossover price=None trend=bullish rsi=55.5 atr_pips=6.6 adx=33.6
2026-05-06 03:44:59 INFO mt5_bot - ADX boost: adx=33.6 \u2192 risk_pct=1.50%
2026-05-06 03:44:59 INFO mt5_bot - Execution status=skipped reason=no_closed_bar_crossover
2026-05-06 03:45:14 INFO mt5_bot - Balance=102029.96 Equity=102029.96 Spread=0.20 pips
2026-05-06 03:45:14 INFO mt5_bot - Signal=NONE reason=no_closed_bar_crossover price=None trend=bullish rsi=63.1 atr_pips=6.9 adx=32.8
2026-05-06 03:45:14 INFO mt5_bot - ADX boost: adx=32.8 \u2192 risk_pct=1.50%
2026-05-06 03:45:14 INFO mt5_bot - Execution status=skipped reason=no_closed_bar_crossover
2026-05-06 03:45:29 INFO mt5_bot - Balance=102029.96 Equity=102029.96 Spread=0.40 pips
2026-05-06 03:45:29 INFO mt5_bot - Signal=NONE reason=no_closed_bar_crossover price=None trend=bullish rsi=63.1 atr_pips=6.9 adx=32.8
2026-05-06 03:45:29 INFO mt5_bot - ADX boost: adx=32.8 \u2192 risk_pct=1.50%
2026-05-06 03:45:29 INFO mt5_bot - Execution status=skipped reason=no_closed_bar_crossover
2026-05-06 03:45:44 INFO mt5_bot - Balance=102029.96 Equity=102029.96 Spread=0.40 pips
2026-05-06 03:45:44 INFO mt5_bot - Signal=NONE reason=no_closed_bar_crossover price=None trend=bullish rsi=63.1 atr_pips=6.9 adx=32.8
2026-05-06 03:45:44 INFO mt5_bot - ADX boost: adx=32.8 \u2192 risk_pct=1.50%
2026-05-06 03:45:44 INFO mt5_bot - Execution status=skipped reason=no_closed_bar_crossover
2026-05-06 03:45:59 INFO mt5_bot - Balance=102029.96 Equity=102029.96 Spread=0.40 pips
2026-05-06 03:45:59 INFO mt5_bot - Signal=NONE reason=no_closed_bar_crossover price=None trend=bullish rsi=63.1 atr_pips=6.9 adx=32.8
2026-05-06 03:45:59 INFO mt5_bot - ADX boost: adx=32.8 \u2192 risk_pct=1.50%
2026-05-06 03:45:59 INFO mt5_bot - Execution status=skipped reason=no_closed_bar_crossover
2026-05-06 03:46:14 INFO mt5_bot - Balance=102029.96 Equity=102029.96 Spread=0.20 pips
2026-05-06 03:46:14 INFO mt5_bot - Signal=NONE reason=no_closed_bar_crossover price=None trend=bullish rsi=63.1 atr_pips=6.9 adx=32.8
2026-05-06 03:46:14 INFO mt5_bot - ADX boost: adx=32.8 \u2192 risk_pct=1.50%
2026-05-06 03:46:14 INFO mt5_bot - Execution status=skipped reason=no_closed_bar_crossover
2026-05-06 03:46:29 INFO mt5_bot - Balance=102029.96 Equity=102029.96 Spread=0.40 pips
2026-05-06 03:46:29 INFO mt5_bot - Signal=NONE reason=no_closed_bar_crossover price=None trend=bullish rsi=63.1 atr_pips=6.9 adx=32.8
2026-05-06 03:46:29 INFO mt5_bot - ADX boost: adx=32.8 \u2192 risk_pct=1.50%
2026-05-06 03:46:29 INFO mt5_bot - Execution status=skipped reason=no_closed_bar_crossover
2026-05-06 03:46:44 INFO mt5_bot - Balance=102029.96 Equity=102029.96 Spread=0.40 pips
2026-05-06 03:46:44 INFO mt5_bot - Signal=NONE reason=no_closed_bar_crossover price=None trend=bullish rsi=63.1 atr_pips=6.9 adx=32.8
2026-05-06 03:46:44 INFO mt5_bot - ADX boost: adx=32.8 \u2192 risk_pct=1.50%
2026-05-06 03:46:44 INFO mt5_bot - Execution status=skipped reason=no_closed_bar_crossover
2026-05-06 03:46:59 INFO mt5_bot - Balance=102029.96 Equity=102029.96 Spread=0.20 pips
2026-05-06 03:46:59 INFO mt5_bot - Signal=NONE reason=no_closed_bar_crossover price=None trend=bullish rsi=63.1 atr_pips=6.9 adx=32.8
2026-05-06 03:46:59 INFO mt5_bot - ADX boost: adx=32.8 \u2192 risk_pct=1.50%
2026-05-06 03:46:59 INFO mt5_bot - Execution status=skipped reason=no_closed_bar_crossover
2026-05-06 03:47:14 INFO mt5_bot - Balance=102029.96 Equity=102029.96 Spread=0.20 pips
2026-05-06 03:47:14 INFO mt5_bot - Signal=NONE reason=no_closed_bar_crossover price=None trend=bullish rsi=63.1 atr_pips=6.9 adx=32.8
2026-05-06 03:47:14 INFO mt5_bot - ADX boost: adx=32.8 \u2192 risk_pct=1.50%
2026-05-06 03:47:14 INFO mt5_bot - Execution status=skipped reason=no_closed_bar_crossover
2026-05-06 03:47:29 INFO mt5_bot - Balance=102029.96 Equity=102029.96 Spread=0.40 pips
2026-05-06 03:47:29 INFO mt5_bot - Signal=NONE reason=no_closed_bar_crossover price=None trend=bullish rsi=63.1 atr_pips=6.9 adx=32.8
2026-05-06 03:47:29 INFO mt5_bot - ADX boost: adx=32.8 \u2192 risk_pct=1.50%
2026-05-06 03:47:29 INFO mt5_bot - Execution status=skipped reason=no_closed_bar_crossover
2026-05-06 03:47:44 INFO mt5_bot - Balance=102029.96 Equity=102029.96 Spread=0.40 pips
2026-05-06 03:47:44 INFO mt5_bot - Signal=NONE reason=no_closed_bar_crossover price=None trend=bullish rsi=63.1 atr_pips=6.9 adx=32.8
2026-05-06 03:47:44 INFO mt5_bot - ADX boost: adx=32.8 \u2192 risk_pct=1.50%
2026-05-06 03:47:44 INFO mt5_bot - Execution status=skipped reason=no_closed_bar_crossover
2026-05-06 03:47:59 INFO mt5_bot - Balance=102029.96 Equity=102029.96 Spread=0.40 pips
2026-05-06 03:47:59 INFO mt5_bot - Signal=NONE reason=no_closed_bar_crossover price=None trend=bullish rsi=63.1 atr_pips=6.9 adx=32.8
2026-05-06 03:47:59 INFO mt5_bot - ADX boost: adx=32.8 \u2192 risk_pct=1.50%
2026-05-06 03:47:59 INFO mt5_bot - Execution status=skipped reason=no_closed_bar_crossover
2026-05-06 03:48:14 INFO mt5_bot - Balance=102029.96 Equity=102029.96 Spread=0.20 pips
2026-05-06 03:48:14 INFO mt5_bot - Signal=NONE reason=no_closed_bar_crossover price=None trend=bullish rsi=63.1 atr_pips=6.9 adx=32.8
2026-05-06 03:48:14 INFO mt5_bot - ADX boost: adx=32.8 \u2192 risk_pct=1.50%
2026-05-06 03:48:14 INFO mt5_bot - Execution status=skipped reason=no_closed_bar_crossover
2026-05-06 03:48:29 INFO mt5_bot - Balance=102029.96 Equity=102029.96 Spread=0.20 pips
2026-05-06 03:48:29 INFO mt5_bot - Signal=NONE reason=no_closed_bar_crossover price=None trend=bullish rsi=63.1 atr_pips=6.9 adx=32.8
2026-05-06 03:48:29 INFO mt5_bot - ADX boost: adx=32.8 \u2192 risk_pct=1.50%
2026-05-06 03:48:29 INFO mt5_bot - Execution status=skipped reason=no_closed_bar_crossover
2026-05-06 03:48:44 INFO mt5_bot - Balance=102029.96 Equity=102029.96 Spread=0.40 pips
2026-05-06 03:48:44 INFO mt5_bot - Signal=NONE reason=no_closed_bar_crossover price=None trend=bullish rsi=63.1 atr_pips=6.9 adx=32.8
2026-05-06 03:48:44 INFO mt5_bot - ADX boost: adx=32.8 \u2192 risk_pct=1.50%
2026-05-06 03:48:44 INFO mt5_bot - Execution status=skipped reason=no_closed_bar_crossover
2026-05-06 03:48:59 INFO mt5_bot - Balance=102029.96 Equity=102029.96 Spread=0.40 pips
2026-05-06 03:48:59 INFO mt5_bot - Signal=NONE reason=no_closed_bar_crossover price=None trend=bullish rsi=63.1 atr_pips=6.9 adx=32.8
2026-05-06 03:48:59 INFO mt5_bot - ADX boost: adx=32.8 \u2192 risk_pct=1.50%
2026-05-06 03:48:59 INFO mt5_bot - Execution status=skipped reason=no_closed_bar_crossover
2026-05-06 03:49:15 INFO mt5_bot - Balance=102029.96 Equity=102029.96 Spread=0.40 pips
2026-05-06 03:49:15 INFO mt5_bot - Signal=NONE reason=no_closed_bar_crossover price=None trend=bullish rsi=63.1 atr_pips=6.9 adx=32.8
2026-05-06 03:49:15 INFO mt5_bot - ADX boost: adx=32.8 \u2192 risk_pct=1.50%
2026-05-06 03:49:15 INFO mt5_bot - Execution status=skipped reason=no_closed_bar_crossover
2026-05-06 03:49:30 INFO mt5_bot - Balance=102029.96 Equity=102029.96 Spread=0.40 pips
2026-05-06 03:49:30 INFO mt5_bot - Signal=NONE reason=no_closed_bar_crossover price=None trend=bullish rsi=63.1 atr_pips=6.9 adx=32.8
2026-05-06 03:49:30 INFO mt5_bot - ADX boost: adx=32.8 \u2192 risk_pct=1.50%
2026-05-06 03:49:30 INFO mt5_bot - Execution status=skipped reason=no_closed_bar_crossover
2026-05-06 03:49:45 INFO mt5_bot - Balance=102029.96 Equity=102029.96 Spread=0.20 pips
2026-05-06 03:49:45 INFO mt5_bot - Signal=NONE reason=no_closed_bar_crossover price=None trend=bullish rsi=63.1 atr_pips=6.9 adx=32.8
2026-05-06 03:49:45 INFO mt5_bot - ADX boost: adx=32.8 \u2192 risk_pct=1.50%
2026-05-06 03:49:45 INFO mt5_bot - Execution status=skipped reason=no_closed_bar_crossover
2026-05-06 03:50:00 INFO mt5_bot - Balance=102029.96 Equity=102029.96 Spread=0.40 pips
2026-05-06 03:50:00 INFO mt5_bot - Signal=NONE reason=no_closed_bar_crossover price=None trend=bullish rsi=63.1 atr_pips=6.9 adx=32.8
2026-05-06 03:50:00 INFO mt5_bot - ADX boost: adx=32.8 \u2192 risk_pct=1.50%
2026-05-06 03:50:00 INFO mt5_bot - Execution status=skipped reason=no_closed_bar_crossover
2026-05-06 03:50:15 INFO mt5_bot - Balance=102029.96 Equity=102029.96 Spread=0.20 pips
2026-05-06 03:50:15 INFO mt5_bot - Signal=NONE reason=no_closed_bar_crossover price=None trend=bullish rsi=63.1 atr_pips=6.9 adx=32.8
2026-05-06 03:50:15 INFO mt5_bot - ADX boost: adx=32.8 \u2192 risk_pct=1.50%
2026-05-06 03:50:15 INFO mt5_bot - Execution status=skipped reason=no_closed_bar_crossover
2026-05-06 03:50:30 INFO mt5_bot - Balance=102029.96 Equity=102029.96 Spread=0.40 pips
2026-05-06 03:50:30 INFO mt5_bot - Signal=NONE reason=no_closed_bar_crossover price=None trend=bullish rsi=63.1 atr_pips=6.9 adx=32.8
2026-05-06 03:50:30 INFO mt5_bot - ADX boost: adx=32.8 \u2192 risk_pct=1.50%
2026-05-06 03:50:30 INFO mt5_bot - Execution status=skipped reason=no_closed_bar_crossover
2026-05-06 03:50:45 INFO mt5_bot - Balance=102029.96 Equity=102029.96 Spread=0.40 pips
2026-05-06 03:50:45 INFO mt5_bot - Signal=NONE reason=no_closed_bar_crossover price=None trend=bullish rsi=63.1 atr_pips=6.9 adx=32.8
2026-05-06 03:50:45 INFO mt5_bot - ADX boost: adx=32.8 \u2192 risk_pct=1.50%
2026-05-06 03:50:45 INFO mt5_bot - Execution status=skipped reason=no_closed_bar_crossover
2026-05-06 03:51:00 INFO mt5_bot - Balance=102029.96 Equity=102029.96 Spread=0.20 pips
2026-05-06 03:51:00 INFO mt5_bot - Signal=NONE reason=no_closed_bar_crossover price=None trend=bullish rsi=63.1 atr_pips=6.9 adx=32.8
2026-05-06 03:51:00 INFO mt5_bot - ADX boost: adx=32.8 \u2192 risk_pct=1.50%
2026-05-06 03:51:00 INFO mt5_bot - Execution status=skipped reason=no_closed_bar_crossover
2026-05-06 03:51:15 INFO mt5_bot - Balance=102029.96 Equity=102029.96 Spread=0.20 pips
2026-05-06 03:51:15 INFO mt5_bot - Signal=NONE reason=no_closed_bar_crossover price=None trend=bullish rsi=63.1 atr_pips=6.9 adx=32.8
2026-05-06 03:51:15 INFO mt5_bot - ADX boost: adx=32.8 \u2192 risk_pct=1.50%
2026-05-06 03:51:15 INFO mt5_bot - Execution status=skipped reason=no_closed_bar_crossover
2026-05-06 03:51:30 INFO mt5_bot - Balance=102029.96 Equity=102029.96 Spread=0.40 pips
2026-05-06 03:51:30 INFO mt5_bot - Signal=NONE reason=no_closed_bar_crossover price=None trend=bullish rsi=63.1 atr_pips=6.9 adx=32.8
2026-05-06 03:51:30 INFO mt5_bot - ADX boost: adx=32.8 \u2192 risk_pct=1.50%
2026-05-06 03:51:30 INFO mt5_bot - Execution status=skipped reason=no_closed_bar_crossover
2026-05-06 03:51:45 INFO mt5_bot - Balance=102029.96 Equity=102029.96 Spread=0.20 pips
2026-05-06 03:51:45 INFO mt5_bot - Signal=NONE reason=no_closed_bar_crossover price=None trend=bullish rsi=63.1 atr_pips=6.9 adx=32.8
2026-05-06 03:51:45 INFO mt5_bot - ADX boost: adx=32.8 \u2192 risk_pct=1.50%
2026-05-06 03:51:45 INFO mt5_bot - Execution status=skipped reason=no_closed_bar_crossover
2026-05-06 03:52:00 INFO mt5_bot - Balance=102029.96 Equity=102029.96 Spread=0.20 pips
2026-05-06 03:52:00 INFO mt5_bot - Signal=NONE reason=no_closed_bar_crossover price=None trend=bullish rsi=63.1 atr_pips=6.9 adx=32.8
2026-05-06 03:52:00 INFO mt5_bot - ADX boost: adx=32.8 \u2192 risk_pct=1.50%
2026-05-06 03:52:00 INFO mt5_bot - Execution status=skipped reason=no_closed_bar_crossover
2026-05-06 03:52:15 INFO mt5_bot - Balance=102029.96 Equity=102029.96 Spread=0.40 pips
2026-05-06 03:52:15 INFO mt5_bot - Signal=NONE reason=no_closed_bar_crossover price=None trend=bullish rsi=63.1 atr_pips=6.9 adx=32.8
2026-05-06 03:52:15 INFO mt5_bot - ADX boost: adx=32.8 \u2192 risk_pct=1.50%
2026-05-06 03:52:15 INFO mt5_bot - Execution status=skipped reason=no_closed_bar_crossover
2026-05-06 03:52:30 INFO mt5_bot - Balance=102029.96 Equity=102029.96 Spread=0.40 pips
2026-05-06 03:52:30 INFO mt5_bot - Signal=NONE reason=no_closed_bar_crossover price=None trend=bullish rsi=63.1 atr_pips=6.9 adx=32.8
2026-05-06 03:52:30 INFO mt5_bot - ADX boost: adx=32.8 \u2192 risk_pct=1.50%
2026-05-06 03:52:30 INFO mt5_bot - Execution status=skipped reason=no_closed_bar_crossover
2026-05-06 03:52:45 INFO mt5_bot - Balance=102029.96 Equity=102029.96 Spread=0.20 pips
2026-05-06 03:52:45 INFO mt5_bot - Signal=NONE reason=no_closed_bar_crossover price=None trend=bullish rsi=63.1 atr_pips=6.9 adx=32.8
2026-05-06 03:52:45 INFO mt5_bot - ADX boost: adx=32.8 \u2192 risk_pct=1.50%
2026-05-06 03:52:45 INFO mt5_bot - Execution status=skipped reason=no_closed_bar_crossover
2026-05-06 03:53:00 INFO mt5_bot - Balance=102029.96 Equity=102029.96 Spread=0.30 pips
2026-05-06 03:53:00 INFO mt5_bot - Signal=NONE reason=no_closed_bar_crossover price=None trend=bullish rsi=63.1 atr_pips=6.9 adx=32.8
2026-05-06 03:53:00 INFO mt5_bot - ADX boost: adx=32.8 \u2192 risk_pct=1.50%
2026-05-06 03:53:00 INFO mt5_bot - Execution status=skipped reason=no_closed_bar_crossover
2026-05-06 03:53:15 INFO mt5_bot - Balance=102029.96 Equity=102029.96 Spread=0.40 pips
2026-05-06 03:53:15 INFO mt5_bot - Signal=NONE reason=no_closed_bar_crossover price=None trend=bullish rsi=63.1 atr_pips=6.9 adx=32.8
2026-05-06 03:53:15 INFO mt5_bot - ADX boost: adx=32.8 \u2192 risk_pct=1.50%
2026-05-06 03:53:15 INFO mt5_bot - Execution status=skipped reason=no_closed_bar_crossover
2026-05-06 03:53:30 INFO mt5_bot - Balance=102029.96 Equity=102029.96 Spread=0.20 pips
2026-05-06 03:53:30 INFO mt5_bot - Signal=NONE reason=no_closed_bar_crossover price=None trend=bullish rsi=63.1 atr_pips=6.9 adx=32.8
2026-05-06 03:53:30 INFO mt5_bot - ADX boost: adx=32.8 \u2192 risk_pct=1.50%
2026-05-06 03:53:30 INFO mt5_bot - Execution status=skipped reason=no_closed_bar_crossover
2026-05-06 03:53:45 INFO mt5_bot - Balance=102029.96 Equity=102029.96 Spread=0.20 pips
2026-05-06 03:53:45 INFO mt5_bot - Signal=NONE reason=no_closed_bar_crossover price=None trend=bullish rsi=63.1 atr_pips=6.9 adx=32.8
2026-05-06 03:53:45 INFO mt5_bot - ADX boost: adx=32.8 \u2192 risk_pct=1.50%
2026-05-06 03:53:45 INFO mt5_bot - Execution status=skipped reason=no_closed_bar_crossover
2026-05-06 03:54:00 INFO mt5_bot - Balance=102029.96 Equity=102029.96 Spread=0.40 pips
2026-05-06 03:54:00 INFO mt5_bot - Signal=NONE reason=no_closed_bar_crossover price=None trend=bullish rsi=63.1 atr_pips=6.9 adx=32.8
2026-05-06 03:54:00 INFO mt5_bot - ADX boost: adx=32.8 \u2192 risk_pct=1.50%
2026-05-06 03:54:00 INFO mt5_bot - Execution status=skipped reason=no_closed_bar_crossover
2026-05-06 03:54:15 INFO mt5_bot - Balance=102029.96 Equity=102029.96 Spread=0.40 pips
2026-05-06 03:54:15 INFO mt5_bot - Signal=NONE reason=no_closed_bar_crossover price=None trend=bullish rsi=63.1 atr_pips=6.9 adx=32.8
2026-05-06 03:54:15 INFO mt5_bot - ADX boost: adx=32.8 \u2192 risk_pct=1.50%
2026-05-06 03:54:15 INFO mt5_bot - Execution status=skipped reason=no_closed_bar_crossover
2026-05-06 03:54:30 INFO mt5_bot - Balance=102029.96 Equity=102029.96 Spread=0.20 pips
2026-05-06 03:54:30 INFO mt5_bot - Signal=NONE reason=no_closed_bar_crossover price=None trend=bullish rsi=63.1 atr_pips=6.9 adx=32.8
2026-05-06 03:54:30 INFO mt5_bot - ADX boost: adx=32.8 \u2192 risk_pct=1.50%
2026-05-06 03:54:30 INFO mt5_bot - Execution status=skipped reason=no_closed_bar_crossover
2026-05-06 03:54:45 INFO mt5_bot - Balance=102029.96 Equity=102029.96 Spread=0.20 pips
2026-05-06 03:54:45 INFO mt5_bot - Signal=NONE reason=no_closed_bar_crossover price=None trend=bullish rsi=63.1 atr_pips=6.9 adx=32.8
2026-05-06 03:54:45 INFO mt5_bot - ADX boost: adx=32.8 \u2192 risk_pct=1.50%
2026-05-06 03:54:45 INFO mt5_bot - Execution status=skipped reason=no_closed_bar_crossover
2026-05-06 03:55:00 INFO mt5_bot - Balance=102029.96 Equity=102029.96 Spread=0.40 pips
2026-05-06 03:55:00 INFO mt5_bot - Signal=NONE reason=no_closed_bar_crossover price=None trend=bullish rsi=63.1 atr_pips=6.9 adx=32.8
2026-05-06 03:55:00 INFO mt5_bot - ADX boost: adx=32.8 \u2192 risk_pct=1.50%
2026-05-06 03:55:00 INFO mt5_bot - Execution status=skipped reason=no_closed_bar_crossover
2026-05-06 03:55:15 INFO mt5_bot - Balance=102029.96 Equity=102029.96 Spread=0.40 pips
2026-05-06 03:55:15 INFO mt5_bot - Signal=NONE reason=no_closed_bar_crossover price=None trend=bullish rsi=63.1 atr_pips=6.9 adx=32.8
2026-05-06 03:55:15 INFO mt5_bot - ADX boost: adx=32.8 \u2192 risk_pct=1.50%
2026-05-06 03:55:15 INFO mt5_bot - Execution status=skipped reason=no_closed_bar_crossover
2026-05-06 03:55:30 INFO mt5_bot - Balance=102029.96 Equity=102029.96 Spread=0.40 pips
2026-05-06 03:55:30 INFO mt5_bot - Signal=NONE reason=no_closed_bar_crossover price=None trend=bullish rsi=63.1 atr_pips=6.9 adx=32.8
2026-05-06 03:55:30 INFO mt5_bot - ADX boost: adx=32.8 \u2192 risk_pct=1.50%
2026-05-06 03:55:30 INFO mt5_bot - Execution status=skipped reason=no_closed_bar_crossover
2026-05-06 03:55:45 INFO mt5_bot - Balance=102029.96 Equity=102029.96 Spread=0.20 pips
2026-05-06 03:55:45 INFO mt5_bot - Signal=NONE reason=no_closed_bar_crossover price=None trend=bullish rsi=63.1 atr_pips=6.9 adx=32.8
2026-05-06 03:55:45 INFO mt5_bot - ADX boost: adx=32.8 \u2192 risk_pct=1.50%
2026-05-06 03:55:45 INFO mt5_bot - Execution status=skipped reason=no_closed_bar_crossover
2026-05-06 03:56:00 INFO mt5_bot - Balance=102029.96 Equity=102029.96 Spread=0.20 pips
2026-05-06 03:56:00 INFO mt5_bot - Signal=NONE reason=no_closed_bar_crossover price=None trend=bullish rsi=63.1 atr_pips=6.9 adx=32.8
2026-05-06 03:56:00 INFO mt5_bot - ADX boost: adx=32.8 \u2192 risk_pct=1.50%
2026-05-06 03:56:00 INFO mt5_bot - Execution status=skipped reason=no_closed_bar_crossover
2026-05-06 03:56:15 INFO mt5_bot - Balance=102029.96 Equity=102029.96 Spread=0.20 pips
2026-05-06 03:56:15 INFO mt5_bot - Signal=NONE reason=no_closed_bar_crossover price=None trend=bullish rsi=63.1 atr_pips=6.9 adx=32.8
2026-05-06 03:56:15 INFO mt5_bot - ADX boost: adx=32.8 \u2192 risk_pct=1.50%
2026-05-06 03:56:15 INFO mt5_bot - Execution status=skipped reason=no_closed_bar_crossover
2026-05-06 03:56:30 INFO mt5_bot - Balance=102029.96 Equity=102029.96 Spread=0.40 pips
2026-05-06 03:56:30 INFO mt5_bot - Signal=NONE reason=no_closed_bar_crossover price=None trend=bullish rsi=63.1 atr_pips=6.9 adx=32.8
2026-05-06 03:56:30 INFO mt5_bot - ADX boost: adx=32.8 \u2192 risk_pct=1.50%
2026-05-06 03:56:30 INFO mt5_bot - Execution status=skipped reason=no_closed_bar_crossover
2026-05-06 03:56:45 INFO mt5_bot - Balance=102029.96 Equity=102029.96 Spread=0.20 pips
2026-05-06 03:56:45 INFO mt5_bot - Signal=NONE reason=no_closed_bar_crossover price=None trend=bullish rsi=63.1 atr_pips=6.9 adx=32.8
2026-05-06 03:56:45 INFO mt5_bot - ADX boost: adx=32.8 \u2192 risk_pct=1.50%
2026-05-06 03:56:45 INFO mt5_bot - Execution status=skipped reason=no_closed_bar_crossover
2026-05-06 03:57:00 INFO mt5_bot - Balance=102029.96 Equity=102029.96 Spread=0.40 pips
2026-05-06 03:57:00 INFO mt5_bot - Signal=NONE reason=no_closed_bar_crossover price=None trend=bullish rsi=63.1 atr_pips=6.9 adx=32.8
2026-05-06 03:57:00 INFO mt5_bot - ADX boost: adx=32.8 \u2192 risk_pct=1.50%
2026-05-06 03:57:00 INFO mt5_bot - Execution status=skipped reason=no_closed_bar_crossover
2026-05-06 03:57:15 INFO mt5_bot - Balance=102029.96 Equity=102029.96 Spread=0.20 pips
2026-05-06 03:57:15 INFO mt5_bot - Signal=NONE reason=no_closed_bar_crossover price=None trend=bullish rsi=63.1 atr_pips=6.9 adx=32.8
2026-05-06 03:57:15 INFO mt5_bot - ADX boost: adx=32.8 \u2192 risk_pct=1.50%
2026-05-06 03:57:15 INFO mt5_bot - Execution status=skipped reason=no_closed_bar_crossover
2026-05-06 03:57:30 INFO mt5_bot - Balance=102029.96 Equity=102029.96 Spread=0.20 pips
2026-05-06 03:57:30 INFO mt5_bot - Signal=NONE reason=no_closed_bar_crossover price=None trend=bullish rsi=63.1 atr_pips=6.9 adx=32.8
2026-05-06 03:57:30 INFO mt5_bot - ADX boost: adx=32.8 \u2192 risk_pct=1.50%
2026-05-06 03:57:30 INFO mt5_bot - Execution status=skipped reason=no_closed_bar_crossover
2026-05-06 03:57:45 INFO mt5_bot - Balance=102029.96 Equity=102029.96 Spread=0.40 pips
2026-05-06 03:57:45 INFO mt5_bot - Signal=NONE reason=no_closed_bar_crossover price=None trend=bullish rsi=63.1 atr_pips=6.9 adx=32.8
2026-05-06 03:57:45 INFO mt5_bot - ADX boost: adx=32.8 \u2192 risk_pct=1.50%
2026-05-06 03:57:45 INFO mt5_bot - Execution status=skipped reason=no_closed_bar_crossover
2026-05-06 03:58:00 INFO mt5_bot - Balance=102029.96 Equity=102029.96 Spread=0.20 pips
2026-05-06 03:58:00 INFO mt5_bot - Signal=NONE reason=no_closed_bar_crossover price=None trend=bullish rsi=63.1 atr_pips=6.9 adx=32.8
2026-05-06 03:58:00 INFO mt5_bot - ADX boost: adx=32.8 \u2192 risk_pct=1.50%
2026-05-06 03:58:00 INFO mt5_bot - Execution status=skipped reason=no_closed_bar_crossover
2026-05-06 03:58:15 INFO mt5_bot - Balance=102029.96 Equity=102029.96 Spread=0.40 pips
2026-05-06 03:58:15 INFO mt5_bot - Signal=NONE reason=no_closed_bar_crossover price=None trend=bullish rsi=63.1 atr_pips=6.9 adx=32.8
2026-05-06 03:58:15 INFO mt5_bot - ADX boost: adx=32.8 \u2192 risk_pct=1.50%
2026-05-06 03:58:15 INFO mt5_bot - Execution status=skipped reason=no_closed_bar_crossover
2026-05-06 03:58:30 INFO mt5_bot - Balance=102029.96 Equity=102029.96 Spread=0.20 pips
2026-05-06 03:58:30 INFO mt5_bot - Signal=NONE reason=no_closed_bar_crossover price=None trend=bullish rsi=63.1 atr_pips=6.9 adx=32.8
2026-05-06 03:58:30 INFO mt5_bot - ADX boost: adx=32.8 \u2192 risk_pct=1.50%
2026-05-06 03:58:30 INFO mt5_bot - Execution status=skipped reason=no_closed_bar_crossover
2026-05-06 03:58:45 INFO mt5_bot - Balance=102029.96 Equity=102029.96 Spread=0.20 pips
2026-05-06 03:58:45 INFO mt5_bot - Signal=NONE reason=no_closed_bar_crossover price=None trend=bullish rsi=63.1 atr_pips=6.9 adx=32.8
2026-05-06 03:58:45 INFO mt5_bot - ADX boost: adx=32.8 \u2192 risk_pct=1.50%
2026-05-06 03:58:45 INFO mt5_bot - Execution status=skipped reason=no_closed_bar_crossover
2026-05-06 03:59:00 INFO mt5_bot - Balance=102029.96 Equity=102029.96 Spread=0.40 pips
2026-05-06 03:59:00 INFO mt5_bot - Signal=NONE reason=no_closed_bar_crossover price=None trend=bullish rsi=63.1 atr_pips=6.9 adx=32.8
2026-05-06 03:59:00 INFO mt5_bot - ADX boost: adx=32.8 \u2192 risk_pct=1.50%
2026-05-06 03:59:00 INFO mt5_bot - Execution status=skipped reason=no_closed_bar_crossover
2026-05-06 03:59:15 INFO mt5_bot - Balance=102029.96 Equity=102029.96 Spread=0.40 pips
2026-05-06 03:59:15 INFO mt5_bot - Signal=NONE reason=no_closed_bar_crossover price=None trend=bullish rsi=63.1 atr_pips=6.9 adx=32.8
2026-05-06 03:59:15 INFO mt5_bot - ADX boost: adx=32.8 \u2192 risk_pct=1.50%
2026-05-06 03:59:15 INFO mt5_bot - Execution status=skipped reason=no_closed_bar_crossover
2026-05-06 03:59:30 INFO mt5_bot - Balance=102029.96 Equity=102029.96 Spread=0.20 pips
2026-05-06 03:59:30 INFO mt5_bot - Signal=NONE reason=no_closed_bar_crossover price=None trend=bullish rsi=63.1 atr_pips=6.9 adx=32.8
2026-05-06 03:59:30 INFO mt5_bot - ADX boost: adx=32.8 \u2192 risk_pct=1.50%
2026-05-06 03:59:30 INFO mt5_bot - Execution status=skipped reason=no_closed_bar_crossover
2026-05-06 03:59:45 INFO mt5_bot - Balance=102029.96 Equity=102029.96 Spread=0.20 pips
2026-05-06 03:59:45 INFO mt5_bot - Signal=NONE reason=no_closed_bar_crossover price=None trend=bullish rsi=63.1 atr_pips=6.9 adx=32.8
2026-05-06 03:59:45 INFO mt5_bot - ADX boost: adx=32.8 \u2192 risk_pct=1.50%
2026-05-06 03:59:45 INFO mt5_bot - Execution status=skipped reason=no_closed_bar_crossover
2026-05-06 04:00:00 INFO mt5_bot - Balance=102029.96 Equity=102029.96 Spread=0.20 pips
2026-05-06 04:00:00 INFO mt5_bot - Signal=NONE reason=no_closed_bar_crossover price=None trend=bullish rsi=69.4 atr_pips=7.7 adx=33.7
2026-05-06 04:00:00 INFO mt5_bot - ADX boost: adx=33.7 \u2192 risk_pct=1.50%
2026-05-06 04:00:00 INFO mt5_bot - Execution status=skipped reason=no_closed_bar_crossover
2026-05-06 04:00:15 INFO mt5_bot - Balance=102029.96 Equity=102029.96 Spread=0.20 pips
2026-05-06 04:00:15 INFO mt5_bot.news_filter - news_filter: loaded 115 events from shared cache
2026-05-06 04:00:15 INFO mt5_bot - Signal=NONE reason=no_closed_bar_crossover price=None trend=bullish rsi=69.4 atr_pips=7.7 adx=33.7
2026-05-06 04:00:15 INFO mt5_bot - ADX boost: adx=33.7 \u2192 risk_pct=1.50%
2026-05-06 04:00:15 INFO mt5_bot - Execution status=skipped reason=no_closed_bar_crossover
2026-05-06 04:00:30 INFO mt5_bot - Balance=102029.96 Equity=102029.96 Spread=0.40 pips
2026-05-06 04:00:30 INFO mt5_bot - Signal=NONE reason=no_closed_bar_crossover price=None trend=bullish rsi=69.4 atr_pips=7.7 adx=33.7
2026-05-06 04:00:30 INFO mt5_bot - ADX boost: adx=33.7 \u2192 risk_pct=1.50%
2026-05-06 04:00:30 INFO mt5_bot - Execution status=skipped reason=no_closed_bar_crossover
2026-05-06 04:00:45 INFO mt5_bot - Balance=102029.96 Equity=102029.96 Spread=0.40 pips
2026-05-06 04:00:45 INFO mt5_bot - Signal=NONE reason=no_closed_bar_crossover price=None trend=bullish rsi=69.4 atr_pips=7.7 adx=33.7
2026-05-06 04:00:45 INFO mt5_bot - ADX boost: adx=33.7 \u2192 risk_pct=1.50%
2026-05-06 04:00:45 INFO mt5_bot - Execution status=skipped reason=no_closed_bar_crossover
2026-05-06 04:01:00 INFO mt5_bot - Balance=102029.96 Equity=102029.96 Spread=0.20 pips
2026-05-06 04:01:00 INFO mt5_bot - Signal=NONE reason=no_closed_bar_crossover price=None trend=bullish rsi=69.4 atr_pips=7.7 adx=33.7
2026-05-06 04:01:00 INFO mt5_bot - ADX boost: adx=33.7 \u2192 risk_pct=1.50%
2026-05-06 04:01:00 INFO mt5_bot - Execution status=skipped reason=no_closed_bar_crossover
2026-05-06 04:01:15 INFO mt5_bot - Balance=102029.96 Equity=102029.96 Spread=0.20 pips
2026-05-06 04:01:15 INFO mt5_bot - Signal=NONE reason=no_closed_bar_crossover price=None trend=bullish rsi=69.4 atr_pips=7.7 adx=33.7
2026-05-06 04:01:15 INFO mt5_bot - ADX boost: adx=33.7 \u2192 risk_pct=1.50%
2026-05-06 04:01:15 INFO mt5_bot - Execution status=skipped reason=no_closed_bar_crossover
2026-05-06 04:01:30 INFO mt5_bot - Balance=102029.96 Equity=102029.96 Spread=0.20 pips
2026-05-06 04:01:30 INFO mt5_bot - Signal=NONE reason=no_closed_bar_crossover price=None trend=bullish rsi=69.4 atr_pips=7.7 adx=33.7
2026-05-06 04:01:30 INFO mt5_bot - ADX boost: adx=33.7 \u2192 risk_pct=1.50%
2026-05-06 04:01:30 INFO mt5_bot - Execution status=skipped reason=no_closed_bar_crossover
2026-05-06 04:01:45 INFO mt5_bot - Balance=102029.96 Equity=102029.96 Spread=0.20 pips
2026-05-06 04:01:45 INFO mt5_bot - Signal=NONE reason=no_closed_bar_crossover price=None trend=bullish rsi=69.4 atr_pips=7.7 adx=33.7
2026-05-06 04:01:45 INFO mt5_bot - ADX boost: adx=33.7 \u2192 risk_pct=1.50%
2026-05-06 04:01:45 INFO mt5_bot - Execution status=skipped reason=no_closed_bar_crossover
2026-05-06 04:02:00 INFO mt5_bot - Balance=102029.96 Equity=102029.96 Spread=0.20 pips
2026-05-06 04:02:00 INFO mt5_bot - Signal=NONE reason=no_closed_bar_crossover price=None trend=bullish rsi=69.4 atr_pips=7.7 adx=33.7
2026-05-06 04:02:00 INFO mt5_bot - ADX boost: adx=33.7 \u2192 risk_pct=1.50%
2026-05-06 04:02:00 INFO mt5_bot - Execution status=skipped reason=no_closed_bar_crossover
2026-05-06 04:02:15 INFO mt5_bot - Balance=102029.96 Equity=102029.96 Spread=0.20 pips
2026-05-06 04:02:15 INFO mt5_bot - Signal=NONE reason=no_closed_bar_crossover price=None trend=bullish rsi=69.4 atr_pips=7.7 adx=33.7
2026-05-06 04:02:15 INFO mt5_bot - ADX boost: adx=33.7 \u2192 risk_pct=1.50%
2026-05-06 04:02:15 INFO mt5_bot - Execution status=skipped reason=no_closed_bar_crossover
2026-05-06 04:02:30 INFO mt5_bot - Balance=102029.96 Equity=102029.96 Spread=0.20 pips
2026-05-06 04:02:30 INFO mt5_bot - Signal=NONE reason=no_closed_bar_crossover price=None trend=bullish rsi=69.4 atr_pips=7.7 adx=33.7
2026-05-06 04:02:30 INFO mt5_bot - ADX boost: adx=33.7 \u2192 risk_pct=1.50%
2026-05-06 04:02:30 INFO mt5_bot - Execution status=skipped reason=no_closed_bar_crossover
2026-05-06 04:02:45 INFO mt5_bot - Balance=102029.96 Equity=102029.96 Spread=0.40 pips
2026-05-06 04:02:45 INFO mt5_bot - Signal=NONE reason=no_closed_bar_crossover price=None trend=bullish rsi=69.4 atr_pips=7.7 adx=33.7
2026-05-06 04:02:45 INFO mt5_bot - ADX boost: adx=33.7 \u2192 risk_pct=1.50%
2026-05-06 04:02:45 INFO mt5_bot - Execution status=skipped reason=no_closed_bar_crossover
2026-05-06 04:03:00 INFO mt5_bot - Balance=102029.96 Equity=102029.96 Spread=0.20 pips
2026-05-06 04:03:00 INFO mt5_bot - Signal=NONE reason=no_closed_bar_crossover price=None trend=bullish rsi=69.4 atr_pips=7.7 adx=33.7
2026-05-06 04:03:00 INFO mt5_bot - ADX boost: adx=33.7 \u2192 risk_pct=1.50%
2026-05-06 04:03:00 INFO mt5_bot - Execution status=skipped reason=no_closed_bar_crossover
2026-05-06 04:03:15 INFO mt5_bot - Balance=102029.96 Equity=102029.96 Spread=0.20 pips
2026-05-06 04:03:15 INFO mt5_bot - Signal=NONE reason=no_closed_bar_crossover price=None trend=bullish rsi=69.4 atr_pips=7.7 adx=33.7
2026-05-06 04:03:15 INFO mt5_bot - ADX boost: adx=33.7 \u2192 risk_pct=1.50%
2026-05-06 04:03:15 INFO mt5_bot - Execution status=skipped reason=no_closed_bar_crossover
2026-05-06 04:03:30 INFO mt5_bot - Balance=102029.96 Equity=102029.96 Spread=0.40 pips
2026-05-06 04:03:30 INFO mt5_bot - Signal=NONE reason=no_closed_bar_crossover price=None trend=bullish rsi=69.4 atr_pips=7.7 adx=33.7
2026-05-06 04:03:30 INFO mt5_bot - ADX boost: adx=33.7 \u2192 risk_pct=1.50%
2026-05-06 04:03:30 INFO mt5_bot - Execution status=skipped reason=no_closed_bar_crossover
2026-05-06 04:03:45 INFO mt5_bot - Balance=102029.96 Equity=102029.96 Spread=0.20 pips
2026-05-06 04:03:45 INFO mt5_bot - Signal=NONE reason=no_closed_bar_crossover price=None trend=bullish rsi=69.4 atr_pips=7.7 adx=33.7
2026-05-06 04:03:45 INFO mt5_bot - ADX boost: adx=33.7 \u2192 risk_pct=1.50%
2026-05-06 04:03:45 INFO mt5_bot - Execution status=skipped reason=no_closed_bar_crossover
2026-05-06 04:04:00 INFO mt5_bot - Balance=102029.96 Equity=102029.96 Spread=0.20 pips
2026-05-06 04:04:00 INFO mt5_bot - Signal=NONE reason=no_closed_bar_crossover price=None trend=bullish rsi=69.4 atr_pips=7.7 adx=33.7
2026-05-06 04:04:00 INFO mt5_bot - ADX boost: adx=33.7 \u2192 risk_pct=1.50%
2026-05-06 04:04:00 INFO mt5_bot - Execution status=skipped reason=no_closed_bar_crossover
2026-05-06 04:04:15 INFO mt5_bot - Balance=102029.96 Equity=102029.96 Spread=0.40 pips
2026-05-06 04:04:15 INFO mt5_bot - Signal=NONE reason=no_closed_bar_crossover price=None trend=bullish rsi=69.4 atr_pips=7.7 adx=33.7
2026-05-06 04:04:15 INFO mt5_bot - ADX boost: adx=33.7 \u2192 risk_pct=1.50%
2026-05-06 04:04:15 INFO mt5_bot - Execution status=skipped reason=no_closed_bar_crossover
2026-05-06 04:04:30 INFO mt5_bot - Balance=102029.96 Equity=102029.96 Spread=0.40 pips
2026-05-06 04:04:30 INFO mt5_bot - Signal=NONE reason=no_closed_bar_crossover price=None trend=bullish rsi=69.4 atr_pips=7.7 adx=33.7
2026-05-06 04:04:30 INFO mt5_bot - ADX boost: adx=33.7 \u2192 risk_pct=1.50%
2026-05-06 04:04:30 INFO mt5_bot - Execution status=skipped reason=no_closed_bar_crossover
2026-05-06 04:04:46 INFO mt5_bot - Balance=102029.96 Equity=102029.96 Spread=0.20 pips
2026-05-06 04:04:46 INFO mt5_bot - Signal=NONE reason=no_closed_bar_crossover price=None trend=bullish rsi=69.4 atr_pips=7.7 adx=33.7
2026-05-06 04:04:46 INFO mt5_bot - ADX boost: adx=33.7 \u2192 risk_pct=1.50%
2026-05-06 04:04:46 INFO mt5_bot - Execution status=skipped reason=no_closed_bar_crossover
2026-05-06 04:05:01 INFO mt5_bot - Balance=102029.96 Equity=102029.96 Spread=0.20 pips
2026-05-06 04:05:01 INFO mt5_bot - Signal=NONE reason=no_closed_bar_crossover price=None trend=bullish rsi=69.4 atr_pips=7.7 adx=33.7
2026-05-06 04:05:01 INFO mt5_bot - ADX boost: adx=33.7 \u2192 risk_pct=1.50%
2026-05-06 04:05:01 INFO mt5_bot - Execution status=skipped reason=no_closed_bar_crossover
2026-05-06 04:05:16 INFO mt5_bot - Balance=102029.96 Equity=102029.96 Spread=0.20 pips
2026-05-06 04:05:16 INFO mt5_bot - Signal=NONE reason=no_closed_bar_crossover price=None trend=bullish rsi=69.4 atr_pips=7.7 adx=33.7
2026-05-06 04:05:16 INFO mt5_bot - ADX boost: adx=33.7 \u2192 risk_pct=1.50%
2026-05-06 04:05:16 INFO mt5_bot - Execution status=skipped reason=no_closed_bar_crossover
2026-05-06 04:05:31 INFO mt5_bot - Balance=102029.96 Equity=102029.96 Spread=0.40 pips
2026-05-06 04:05:31 INFO mt5_bot - Signal=NONE reason=no_closed_bar_crossover price=None trend=bullish rsi=69.4 atr_pips=7.7 adx=33.7
2026-05-06 04:05:31 INFO mt5_bot - ADX boost: adx=33.7 \u2192 risk_pct=1.50%
2026-05-06 04:05:31 INFO mt5_bot - Execution status=skipped reason=no_closed_bar_crossover
2026-05-06 04:05:46 INFO mt5_bot - Balance=102029.96 Equity=102029.96 Spread=0.20 pips
2026-05-06 04:05:46 INFO mt5_bot - Signal=NONE reason=no_closed_bar_crossover price=None trend=bullish rsi=69.4 atr_pips=7.7 adx=33.7
2026-05-06 04:05:46 INFO mt5_bot - ADX boost: adx=33.7 \u2192 risk_pct=1.50%
2026-05-06 04:05:46 INFO mt5_bot - Execution status=skipped reason=no_closed_bar_crossover
2026-05-06 04:06:01 INFO mt5_bot - Balance=102029.96 Equity=102029.96 Spread=0.20 pips
2026-05-06 04:06:01 INFO mt5_bot - Signal=NONE reason=no_closed_bar_crossover price=None trend=bullish rsi=69.4 atr_pips=7.7 adx=33.7
2026-05-06 04:06:01 INFO mt5_bot - ADX boost: adx=33.7 \u2192 risk_pct=1.50%
2026-05-06 04:06:01 INFO mt5_bot - Execution status=skipped reason=no_closed_bar_crossover
2026-05-06 04:06:16 INFO mt5_bot - Balance=102029.96 Equity=102029.96 Spread=0.40 pips
2026-05-06 04:06:16 INFO mt5_bot - Signal=NONE reason=no_closed_bar_crossover price=None trend=bullish rsi=69.4 atr_pips=7.7 adx=33.7
2026-05-06 04:06:16 INFO mt5_bot - ADX boost: adx=33.7 \u2192 risk_pct=1.50%
2026-05-06 04:06:16 INFO mt5_bot - Execution status=skipped reason=no_closed_bar_crossover
2026-05-06 04:06:31 INFO mt5_bot - Balance=102029.96 Equity=102029.96 Spread=0.40 pips
2026-05-06 04:06:31 INFO mt5_bot - Signal=NONE reason=no_closed_bar_crossover price=None trend=bullish rsi=69.4 atr_pips=7.7 adx=33.7
2026-05-06 04:06:31 INFO mt5_bot - ADX boost: adx=33.7 \u2192 risk_pct=1.50%
2026-05-06 04:06:31 INFO mt5_bot - Execution status=skipped reason=no_closed_bar_crossover
2026-05-06 04:06:46 INFO mt5_bot - Balance=102029.96 Equity=102029.96 Spread=0.20 pips
2026-05-06 04:06:46 INFO mt5_bot - Signal=NONE reason=no_closed_bar_crossover price=None trend=bullish rsi=69.4 atr_pips=7.7 adx=33.7
2026-05-06 04:06:46 INFO mt5_bot - ADX boost: adx=33.7 \u2192 risk_pct=1.50%
2026-05-06 04:06:46 INFO mt5_bot - Execution status=skipped reason=no_closed_bar_crossover
2026-05-06 04:07:01 INFO mt5_bot - Balance=102029.96 Equity=102029.96 Spread=0.20 pips
2026-05-06 04:07:01 INFO mt5_bot - Signal=NONE reason=no_closed_bar_crossover price=None trend=bullish rsi=69.4 atr_pips=7.7 adx=33.7
2026-05-06 04:07:01 INFO mt5_bot - ADX boost: adx=33.7 \u2192 risk_pct=1.50%
2026-05-06 04:07:01 INFO mt5_bot - Execution status=skipped reason=no_closed_bar_crossover
2026-05-06 04:07:16 INFO mt5_bot - Balance=102029.96 Equity=102029.96 Spread=0.20 pips
2026-05-06 04:07:16 INFO mt5_bot - Signal=NONE reason=no_closed_bar_crossover price=None trend=bullish rsi=69.4 atr_pips=7.7 adx=33.7
2026-05-06 04:07:16 INFO mt5_bot - ADX boost: adx=33.7 \u2192 risk_pct=1.50%
2026-05-06 04:07:16 INFO mt5_bot - Execution status=skipped reason=no_closed_bar_crossover
2026-05-06 04:07:31 INFO mt5_bot - Balance=102029.96 Equity=102029.96 Spread=0.20 pips
2026-05-06 04:07:31 INFO mt5_bot - Signal=NONE reason=no_closed_bar_crossover price=None trend=bullish rsi=69.4 atr_pips=7.7 adx=33.7
2026-05-06 04:07:31 INFO mt5_bot - ADX boost: adx=33.7 \u2192 risk_pct=1.50%
2026-05-06 04:07:31 INFO mt5_bot - Execution status=skipped reason=no_closed_bar_crossover
2026-05-06 04:07:46 INFO mt5_bot - Balance=102029.96 Equity=102029.96 Spread=0.20 pips
2026-05-06 04:07:46 INFO mt5_bot - Signal=NONE reason=no_closed_bar_crossover price=None trend=bullish rsi=69.4 atr_pips=7.7 adx=33.7
2026-05-06 04:07:46 INFO mt5_bot - ADX boost: adx=33.7 \u2192 risk_pct=1.50%
2026-05-06 04:07:46 INFO mt5_bot - Execution status=skipped reason=no_closed_bar_crossover
2026-05-06 04:08:01 INFO mt5_bot - Balance=102029.96 Equity=102029.96 Spread=0.40 pips
2026-05-06 04:08:01 INFO mt5_bot - Signal=NONE reason=no_closed_bar_crossover price=None trend=bullish rsi=69.4 atr_pips=7.7 adx=33.7
2026-05-06 04:08:01 INFO mt5_bot - ADX boost: adx=33.7 \u2192 risk_pct=1.50%
2026-05-06 04:08:01 INFO mt5_bot - Execution status=skipped reason=no_closed_bar_crossover
2026-05-06 04:08:16 INFO mt5_bot - Balance=102029.96 Equity=102029.96 Spread=0.20 pips
2026-05-06 04:08:16 INFO mt5_bot - Signal=NONE reason=no_closed_bar_crossover price=None trend=bullish rsi=69.4 atr_pips=7.7 adx=33.7
2026-05-06 04:08:16 INFO mt5_bot - ADX boost: adx=33.7 \u2192 risk_pct=1.50%
2026-05-06 04:08:16 INFO mt5_bot - Execution status=skipped reason=no_closed_bar_crossover
2026-05-06 04:08:31 INFO mt5_bot - Balance=102029.96 Equity=102029.96 Spread=0.20 pips
2026-05-06 04:08:31 INFO mt5_bot - Signal=NONE reason=no_closed_bar_crossover price=None trend=bullish rsi=69.4 atr_pips=7.7 adx=33.7
2026-05-06 04:08:31 INFO mt5_bot - ADX boost: adx=33.7 \u2192 risk_pct=1.50%
2026-05-06 04:08:31 INFO mt5_bot - Execution status=skipped reason=no_closed_bar_crossover
2026-05-06 04:08:46 INFO mt5_bot - Balance=102029.96 Equity=102029.96 Spread=0.40 pips
2026-05-06 04:08:46 INFO mt5_bot - Signal=NONE reason=no_closed_bar_crossover price=None trend=bullish rsi=69.4 atr_pips=7.7 adx=33.7
2026-05-06 04:08:46 INFO mt5_bot - ADX boost: adx=33.7 \u2192 risk_pct=1.50%
2026-05-06 04:08:46 INFO mt5_bot - Execution status=skipped reason=no_closed_bar_crossover
2026-05-06 04:09:01 INFO mt5_bot - Balance=102029.96 Equity=102029.96 Spread=0.20 pips
2026-05-06 04:09:01 INFO mt5_bot - Signal=NONE reason=no_closed_bar_crossover price=None trend=bullish rsi=69.4 atr_pips=7.7 adx=33.7
2026-05-06 04:09:01 INFO mt5_bot - ADX boost: adx=33.7 \u2192 risk_pct=1.50%
2026-05-06 04:09:01 INFO mt5_bot - Execution status=skipped reason=no_closed_bar_crossover
2026-05-06 04:09:16 INFO mt5_bot - Balance=102029.96 Equity=102029.96 Spread=0.20 pips
2026-05-06 04:09:16 INFO mt5_bot - Signal=NONE reason=no_closed_bar_crossover price=None trend=bullish rsi=69.4 atr_pips=7.7 adx=33.7
2026-05-06 04:09:16 INFO mt5_bot - ADX boost: adx=33.7 \u2192 risk_pct=1.50%
2026-05-06 04:09:16 INFO mt5_bot - Execution status=skipped reason=no_closed_bar_crossover
2026-05-06 04:09:31 INFO mt5_bot - Balance=102029.96 Equity=102029.96 Spread=0.20 pips
2026-05-06 04:09:31 INFO mt5_bot - Signal=NONE reason=no_closed_bar_crossover price=None trend=bullish rsi=69.4 atr_pips=7.7 adx=33.7
2026-05-06 04:09:31 INFO mt5_bot - ADX boost: adx=33.7 \u2192 risk_pct=1.50%
2026-05-06 04:09:31 INFO mt5_bot - Execution status=skipped reason=no_closed_bar_crossover
2026-05-06 04:09:46 INFO mt5_bot - Balance=102029.96 Equity=102029.96 Spread=0.20 pips
2026-05-06 04:09:46 INFO mt5_bot - Signal=NONE reason=no_closed_bar_crossover price=None trend=bullish rsi=69.4 atr_pips=7.7 adx=33.7
2026-05-06 04:09:46 INFO mt5_bot - ADX boost: adx=33.7 \u2192 risk_pct=1.50%
2026-05-06 04:09:46 INFO mt5_bot - Execution status=skipped reason=no_closed_bar_crossover
2026-05-06 04:10:01 INFO mt5_bot - Balance=102029.96 Equity=102029.96 Spread=0.40 pips
2026-05-06 04:10:01 INFO mt5_bot - Signal=NONE reason=no_closed_bar_crossover price=None trend=bullish rsi=69.4 atr_pips=7.7 adx=33.7
2026-05-06 04:10:01 INFO mt5_bot - ADX boost: adx=33.7 \u2192 risk_pct=1.50%
2026-05-06 04:10:01 INFO mt5_bot - Execution status=skipped reason=no_closed_bar_crossover
2026-05-06 04:10:16 INFO mt5_bot - Balance=102029.96 Equity=102029.96 Spread=0.20 pips
2026-05-06 04:10:16 INFO mt5_bot - Signal=NONE reason=no_closed_bar_crossover price=None trend=bullish rsi=69.4 atr_pips=7.7 adx=33.7
2026-05-06 04:10:16 INFO mt5_bot - ADX boost: adx=33.7 \u2192 risk_pct=1.50%
2026-05-06 04:10:16 INFO mt5_bot - Execution status=skipped reason=no_closed_bar_crossover
2026-05-06 04:10:31 INFO mt5_bot - Balance=102029.96 Equity=102029.96 Spread=0.40 pips
2026-05-06 04:10:31 INFO mt5_bot - Signal=NONE reason=no_closed_bar_crossover price=None trend=bullish rsi=69.4 atr_pips=7.7 adx=33.7
2026-05-06 04:10:31 INFO mt5_bot - ADX boost: adx=33.7 \u2192 risk_pct=1.50%
2026-05-06 04:10:31 INFO mt5_bot - Execution status=skipped reason=no_closed_bar_crossover
2026-05-06 04:10:46 INFO mt5_bot - Balance=102029.96 Equity=102029.96 Spread=0.40 pips
2026-05-06 04:10:46 INFO mt5_bot - Signal=NONE reason=no_closed_bar_crossover price=None trend=bullish rsi=69.4 atr_pips=7.7 adx=33.7
2026-05-06 04:10:46 INFO mt5_bot - ADX boost: adx=33.7 \u2192 risk_pct=1.50%
2026-05-06 04:10:46 INFO mt5_bot - Execution status=skipped reason=no_closed_bar_crossover
2026-05-06 04:11:01 INFO mt5_bot - Balance=102029.96 Equity=102029.96 Spread=0.40 pips
2026-05-06 04:11:01 INFO mt5_bot - Signal=NONE reason=no_closed_bar_crossover price=None trend=bullish rsi=69.4 atr_pips=7.7 adx=33.7
2026-05-06 04:11:01 INFO mt5_bot - ADX boost: adx=33.7 \u2192 risk_pct=1.50%
2026-05-06 04:11:01 INFO mt5_bot - Execution status=skipped reason=no_closed_bar_crossover
2026-05-06 04:11:16 INFO mt5_bot - Balance=102029.96 Equity=102029.96 Spread=0.20 pips
2026-05-06 04:11:16 INFO mt5_bot - Signal=NONE reason=no_closed_bar_crossover price=None trend=bullish rsi=69.4 atr_pips=7.7 adx=33.7
2026-05-06 04:11:16 INFO mt5_bot - ADX boost: adx=33.7 \u2192 risk_pct=1.50%
2026-05-06 04:11:16 INFO mt5_bot - Execution status=skipped reason=no_closed_bar_crossover
2026-05-06 04:11:31 INFO mt5_bot - Balance=102029.96 Equity=102029.96 Spread=0.20 pips
2026-05-06 04:11:31 INFO mt5_bot - Signal=NONE reason=no_closed_bar_crossover price=None trend=bullish rsi=69.4 atr_pips=7.7 adx=33.7
2026-05-06 04:11:31 INFO mt5_bot - ADX boost: adx=33.7 \u2192 risk_pct=1.50%
2026-05-06 04:11:31 INFO mt5_bot - Execution status=skipped reason=no_closed_bar_crossover
2026-05-06 04:11:46 INFO mt5_bot - Balance=102029.96 Equity=102029.96 Spread=0.20 pips
2026-05-06 04:11:46 INFO mt5_bot - Signal=NONE reason=no_closed_bar_crossover price=None trend=bullish rsi=69.4 atr_pips=7.7 adx=33.7
2026-05-06 04:11:46 INFO mt5_bot - ADX boost: adx=33.7 \u2192 risk_pct=1.50%
2026-05-06 04:11:46 INFO mt5_bot - Execution status=skipped reason=no_closed_bar_crossover
2026-05-06 04:12:01 INFO mt5_bot - Balance=102029.96 Equity=102029.96 Spread=0.40 pips
2026-05-06 04:12:01 INFO mt5_bot - Signal=NONE reason=no_closed_bar_crossover price=None trend=bullish rsi=69.4 atr_pips=7.7 adx=33.7
2026-05-06 04:12:01 INFO mt5_bot - ADX boost: adx=33.7 \u2192 risk_pct=1.50%
2026-05-06 04:12:01 INFO mt5_bot - Execution status=skipped reason=no_closed_bar_crossover
2026-05-06 04:12:16 INFO mt5_bot - Balance=102029.96 Equity=102029.96 Spread=0.40 pips
2026-05-06 04:12:16 INFO mt5_bot - Signal=NONE reason=no_closed_bar_crossover price=None trend=bullish rsi=69.4 atr_pips=7.7 adx=33.7
2026-05-06 04:12:16 INFO mt5_bot - ADX boost: adx=33.7 \u2192 risk_pct=1.50%
2026-05-06 04:12:16 INFO mt5_bot - Execution status=skipped reason=no_closed_bar_crossover
2026-05-06 04:12:31 INFO mt5_bot - Balance=102029.96 Equity=102029.96 Spread=0.20 pips
2026-05-06 04:12:31 INFO mt5_bot - Signal=NONE reason=no_closed_bar_crossover price=None trend=bullish rsi=69.4 atr_pips=7.7 adx=33.7
2026-05-06 04:12:31 INFO mt5_bot - ADX boost: adx=33.7 \u2192 risk_pct=1.50%
2026-05-06 04:12:31 INFO mt5_bot - Execution status=skipped reason=no_closed_bar_crossover
2026-05-06 04:12:46 INFO mt5_bot - Balance=102029.96 Equity=102029.96 Spread=0.20 pips
2026-05-06 04:12:46 INFO mt5_bot - Signal=NONE reason=no_closed_bar_crossover price=None trend=bullish rsi=69.4 atr_pips=7.7 adx=33.7
2026-05-06 04:12:46 INFO mt5_bot - ADX boost: adx=33.7 \u2192 risk_pct=1.50%
2026-05-06 04:12:46 INFO mt5_bot - Execution status=skipped reason=no_closed_bar_crossover
2026-05-06 04:13:01 INFO mt5_bot - Balance=102029.96 Equity=102029.96 Spread=0.40 pips
2026-05-06 04:13:01 INFO mt5_bot - Signal=NONE reason=no_closed_bar_crossover price=None trend=bullish rsi=69.4 atr_pips=7.7 adx=33.7
2026-05-06 04:13:01 INFO mt5_bot - ADX boost: adx=33.7 \u2192 risk_pct=1.50%
2026-05-06 04:13:01 INFO mt5_bot - Execution status=skipped reason=no_closed_bar_crossover
2026-05-06 04:13:16 INFO mt5_bot - Balance=102029.96 Equity=102029.96 Spread=0.20 pips
2026-05-06 04:13:16 INFO mt5_bot - Signal=NONE reason=no_closed_bar_crossover price=None trend=bullish rsi=69.4 atr_pips=7.7 adx=33.7
2026-05-06 04:13:16 INFO mt5_bot - ADX boost: adx=33.7 \u2192 risk_pct=1.50%
2026-05-06 04:13:16 INFO mt5_bot - Execution status=skipped reason=no_closed_bar_crossover
2026-05-06 04:13:31 INFO mt5_bot - Balance=102029.96 Equity=102029.96 Spread=0.20 pips
2026-05-06 04:13:31 INFO mt5_bot - Signal=NONE reason=no_closed_bar_crossover price=None trend=bullish rsi=69.4 atr_pips=7.7 adx=33.7
2026-05-06 04:13:31 INFO mt5_bot - ADX boost: adx=33.7 \u2192 risk_pct=1.50%
2026-05-06 04:13:31 INFO mt5_bot - Execution status=skipped reason=no_closed_bar_crossover
2026-05-06 04:13:46 INFO mt5_bot - Balance=102029.96 Equity=102029.96 Spread=0.40 pips
2026-05-06 04:13:46 INFO mt5_bot - Signal=NONE reason=no_closed_bar_crossover price=None trend=bullish rsi=69.4 atr_pips=7.7 adx=33.7
2026-05-06 04:13:46 INFO mt5_bot - ADX boost: adx=33.7 \u2192 risk_pct=1.50%
2026-05-06 04:13:46 INFO mt5_bot - Execution status=skipped reason=no_closed_bar_crossover
2026-05-06 04:14:01 INFO mt5_bot - Balance=102029.96 Equity=102029.96 Spread=0.20 pips
2026-05-06 04:14:01 INFO mt5_bot - Signal=NONE reason=no_closed_bar_crossover price=None trend=bullish rsi=69.4 atr_pips=7.7 adx=33.7
2026-05-06 04:14:01 INFO mt5_bot - ADX boost: adx=33.7 \u2192 risk_pct=1.50%
2026-05-06 04:14:01 INFO mt5_bot - Execution status=skipped reason=no_closed_bar_crossover
2026-05-06 04:14:16 INFO mt5_bot - Balance=102029.96 Equity=102029.96 Spread=0.20 pips
2026-05-06 04:14:16 INFO mt5_bot - Signal=NONE reason=no_closed_bar_crossover price=None trend=bullish rsi=69.4 atr_pips=7.7 adx=33.7
2026-05-06 04:14:16 INFO mt5_bot - ADX boost: adx=33.7 \u2192 risk_pct=1.50%
2026-05-06 04:14:16 INFO mt5_bot - Execution status=skipped reason=no_closed_bar_crossover
2026-05-06 04:14:31 INFO mt5_bot - Balance=102029.96 Equity=102029.96 Spread=0.40 pips
2026-05-06 04:14:31 INFO mt5_bot - Signal=NONE reason=no_closed_bar_crossover price=None trend=bullish rsi=69.4 atr_pips=7.7 adx=33.7
2026-05-06 04:14:31 INFO mt5_bot - ADX boost: adx=33.7 \u2192 risk_pct=1.50%
2026-05-06 04:14:31 INFO mt5_bot - Execution status=skipped reason=no_closed_bar_crossover
2026-05-06 04:14:46 INFO mt5_bot - Balance=102029.96 Equity=102029.96 Spread=0.20 pips
2026-05-06 04:14:46 INFO mt5_bot - Signal=NONE reason=no_closed_bar_crossover price=None trend=bullish rsi=69.4 atr_pips=7.7 adx=33.7
2026-05-06 04:14:46 INFO mt5_bot - ADX boost: adx=33.7 \u2192 risk_pct=1.50%
2026-05-06 04:14:46 INFO mt5_bot - Execution status=skipped reason=no_closed_bar_crossover
2026-05-06 04:15:01 INFO mt5_bot - Balance=102029.96 Equity=102029.96 Spread=0.20 pips
2026-05-06 04:15:01 INFO mt5_bot - Signal=NONE reason=no_closed_bar_crossover price=None trend=bullish rsi=60.8 atr_pips=8.0 adx=34.6
2026-05-06 04:15:01 INFO mt5_bot - ADX boost: adx=34.6 \u2192 risk_pct=1.50%
2026-05-06 04:15:01 INFO mt5_bot - Execution status=skipped reason=no_closed_bar_crossover
2026-05-06 04:15:16 INFO mt5_bot - Balance=102029.96 Equity=102029.96 Spread=0.40 pips
2026-05-06 04:15:16 INFO mt5_bot - Signal=NONE reason=no_closed_bar_crossover price=None trend=bullish rsi=60.8 atr_pips=8.0 adx=34.6
2026-05-06 04:15:16 INFO mt5_bot - ADX boost: adx=34.6 \u2192 risk_pct=1.50%
2026-05-06 04:15:16 INFO mt5_bot - Execution status=skipped reason=no_closed_bar_crossover
2026-05-06 04:15:31 INFO mt5_bot - Balance=102029.96 Equity=102029.96 Spread=0.20 pips
2026-05-06 04:15:31 INFO mt5_bot - Signal=NONE reason=no_closed_bar_crossover price=None trend=bullish rsi=60.8 atr_pips=8.0 adx=34.6
2026-05-06 04:15:31 INFO mt5_bot - ADX boost: adx=34.6 \u2192 risk_pct=1.50%
2026-05-06 04:15:31 INFO mt5_bot - Execution status=skipped reason=no_closed_bar_crossover
2026-05-06 04:15:46 INFO mt5_bot - Balance=102029.96 Equity=102029.96 Spread=0.20 pips
2026-05-06 04:15:46 INFO mt5_bot - Signal=NONE reason=no_closed_bar_crossover price=None trend=bullish rsi=60.8 atr_pips=8.0 adx=34.6
2026-05-06 04:15:46 INFO mt5_bot - ADX boost: adx=34.6 \u2192 risk_pct=1.50%
2026-05-06 04:15:46 INFO mt5_bot - Execution status=skipped reason=no_closed_bar_crossover
2026-05-06 04:16:01 INFO mt5_bot - Balance=102029.96 Equity=102029.96 Spread=0.40 pips
2026-05-06 04:16:01 INFO mt5_bot - Signal=NONE reason=no_closed_bar_crossover price=None trend=bullish rsi=60.8 atr_pips=8.0 adx=34.6
2026-05-06 04:16:01 INFO mt5_bot - ADX boost: adx=34.6 \u2192 risk_pct=1.50%
2026-05-06 04:16:01 INFO mt5_bot - Execution status=skipped reason=no_closed_bar_crossover
2026-05-06 04:16:16 INFO mt5_bot - Balance=102029.96 Equity=102029.96 Spread=0.40 pips
2026-05-06 04:16:16 INFO mt5_bot - Signal=NONE reason=no_closed_bar_crossover price=None trend=bullish rsi=60.8 atr_pips=8.0 adx=34.6
2026-05-06 04:16:16 INFO mt5_bot - ADX boost: adx=34.6 \u2192 risk_pct=1.50%
2026-05-06 04:16:16 INFO mt5_bot - Execution status=skipped reason=no_closed_bar_crossover
2026-05-06 04:16:31 INFO mt5_bot - Balance=102029.96 Equity=102029.96 Spread=0.20 pips
2026-05-06 04:16:31 INFO mt5_bot - Signal=NONE reason=no_closed_bar_crossover price=None trend=bullish rsi=60.8 atr_pips=8.0 adx=34.6
2026-05-06 04:16:31 INFO mt5_bot - ADX boost: adx=34.6 \u2192 risk_pct=1.50%
2026-05-06 04:16:31 INFO mt5_bot - Execution status=skipped reason=no_closed_bar_crossover
2026-05-06 04:16:46 INFO mt5_bot - Balance=102029.96 Equity=102029.96 Spread=0.40 pips
2026-05-06 04:16:46 INFO mt5_bot - Signal=NONE reason=no_closed_bar_crossover price=None trend=bullish rsi=60.8 atr_pips=8.0 adx=34.6
2026-05-06 04:16:46 INFO mt5_bot - ADX boost: adx=34.6 \u2192 risk_pct=1.50%
2026-05-06 04:16:46 INFO mt5_bot - Execution status=skipped reason=no_closed_bar_crossover
2026-05-06 04:17:01 INFO mt5_bot - Balance=102029.96 Equity=102029.96 Spread=0.40 pips
2026-05-06 04:17:01 INFO mt5_bot - Signal=NONE reason=no_closed_bar_crossover price=None trend=bullish rsi=60.8 atr_pips=8.0 adx=34.6
2026-05-06 04:17:01 INFO mt5_bot - ADX boost: adx=34.6 \u2192 risk_pct=1.50%
2026-05-06 04:17:01 INFO mt5_bot - Execution status=skipped reason=no_closed_bar_crossover
2026-05-06 04:17:16 INFO mt5_bot - Balance=102029.96 Equity=102029.96 Spread=0.20 pips
2026-05-06 04:17:16 INFO mt5_bot - Signal=NONE reason=no_closed_bar_crossover price=None trend=bullish rsi=60.8 atr_pips=8.0 adx=34.6
2026-05-06 04:17:16 INFO mt5_bot - ADX boost: adx=34.6 \u2192 risk_pct=1.50%
2026-05-06 04:17:16 INFO mt5_bot - Execution status=skipped reason=no_closed_bar_crossover
2026-05-06 04:17:31 INFO mt5_bot - Balance=102029.96 Equity=102029.96 Spread=0.20 pips
2026-05-06 04:17:31 INFO mt5_bot - Signal=NONE reason=no_closed_bar_crossover price=None trend=bullish rsi=60.8 atr_pips=8.0 adx=34.6
2026-05-06 04:17:31 INFO mt5_bot - ADX boost: adx=34.6 \u2192 risk_pct=1.50%
2026-05-06 04:17:31 INFO mt5_bot - Execution status=skipped reason=no_closed_bar_crossover
2026-05-06 04:17:46 INFO mt5_bot - Balance=102029.96 Equity=102029.96 Spread=0.20 pips
2026-05-06 04:17:46 INFO mt5_bot - Signal=NONE reason=no_closed_bar_crossover price=None trend=bullish rsi=60.8 atr_pips=8.0 adx=34.6
2026-05-06 04:17:46 INFO mt5_bot - ADX boost: adx=34.6 \u2192 risk_pct=1.50%
2026-05-06 04:17:46 INFO mt5_bot - Execution status=skipped reason=no_closed_bar_crossover
2026-05-06 04:18:01 INFO mt5_bot - Balance=102029.96 Equity=102029.96 Spread=0.40 pips
2026-05-06 04:18:01 INFO mt5_bot - Signal=NONE reason=no_closed_bar_crossover price=None trend=bullish rsi=60.8 atr_pips=8.0 adx=34.6
2026-05-06 04:18:01 INFO mt5_bot - ADX boost: adx=34.6 \u2192 risk_pct=1.50%
2026-05-06 04:18:01 INFO mt5_bot - Execution status=skipped reason=no_closed_bar_crossover
2026-05-06 04:18:16 INFO mt5_bot - Balance=102029.96 Equity=102029.96 Spread=0.20 pips
2026-05-06 04:18:16 INFO mt5_bot - Signal=NONE reason=no_closed_bar_crossover price=None trend=bullish rsi=60.8 atr_pips=8.0 adx=34.6
2026-05-06 04:18:16 INFO mt5_bot - ADX boost: adx=34.6 \u2192 risk_pct=1.50%
2026-05-06 04:18:16 INFO mt5_bot - Execution status=skipped reason=no_closed_bar_crossover
2026-05-06 04:18:31 INFO mt5_bot - Balance=102029.96 Equity=102029.96 Spread=0.40 pips
2026-05-06 04:18:31 INFO mt5_bot - Signal=NONE reason=no_closed_bar_crossover price=None trend=bullish rsi=60.8 atr_pips=8.0 adx=34.6
2026-05-06 04:18:31 INFO mt5_bot - ADX boost: adx=34.6 \u2192 risk_pct=1.50%
2026-05-06 04:18:31 INFO mt5_bot - Execution status=skipped reason=no_closed_bar_crossover
2026-05-06 04:18:46 INFO mt5_bot - Balance=102029.96 Equity=102029.96 Spread=0.20 pips
2026-05-06 04:18:46 INFO mt5_bot - Signal=NONE reason=no_closed_bar_crossover price=None trend=bullish rsi=60.8 atr_pips=8.0 adx=34.6
2026-05-06 04:18:46 INFO mt5_bot - ADX boost: adx=34.6 \u2192 risk_pct=1.50%
2026-05-06 04:18:46 INFO mt5_bot - Execution status=skipped reason=no_closed_bar_crossover
2026-05-06 04:19:01 INFO mt5_bot - Balance=102029.96 Equity=102029.96 Spread=0.20 pips
2026-05-06 04:19:01 INFO mt5_bot - Signal=NONE reason=no_closed_bar_crossover price=None trend=bullish rsi=60.8 atr_pips=8.0 adx=34.6
2026-05-06 04:19:01 INFO mt5_bot - ADX boost: adx=34.6 \u2192 risk_pct=1.50%
2026-05-06 04:19:01 INFO mt5_bot - Execution status=skipped reason=no_closed_bar_crossover
2026-05-06 04:19:16 INFO mt5_bot - Balance=102029.96 Equity=102029.96 Spread=0.20 pips
2026-05-06 04:19:16 INFO mt5_bot - Signal=NONE reason=no_closed_bar_crossover price=None trend=bullish rsi=60.8 atr_pips=8.0 adx=34.6
2026-05-06 04:19:16 INFO mt5_bot - ADX boost: adx=34.6 \u2192 risk_pct=1.50%
2026-05-06 04:19:16 INFO mt5_bot - Execution status=skipped reason=no_closed_bar_crossover
2026-05-06 04:19:31 INFO mt5_bot - Balance=102029.96 Equity=102029.96 Spread=0.20 pips
2026-05-06 04:19:31 INFO mt5_bot - Signal=NONE reason=no_closed_bar_crossover price=None trend=bullish rsi=60.8 atr_pips=8.0 adx=34.6
2026-05-06 04:19:31 INFO mt5_bot - ADX boost: adx=34.6 \u2192 risk_pct=1.50%
2026-05-06 04:19:31 INFO mt5_bot - Execution status=skipped reason=no_closed_bar_crossover
2026-05-06 04:19:46 INFO mt5_bot - Balance=102029.96 Equity=102029.96 Spread=0.20 pips
2026-05-06 04:19:46 INFO mt5_bot - Signal=NONE reason=no_closed_bar_crossover price=None trend=bullish rsi=60.8 atr_pips=8.0 adx=34.6
2026-05-06 04:19:46 INFO mt5_bot - ADX boost: adx=34.6 \u2192 risk_pct=1.50%
2026-05-06 04:19:46 INFO mt5_bot - Execution status=skipped reason=no_closed_bar_crossover
2026-05-06 04:20:01 INFO mt5_bot - Balance=102029.96 Equity=102029.96 Spread=0.40 pips
2026-05-06 04:20:01 INFO mt5_bot - Signal=NONE reason=no_closed_bar_crossover price=None trend=bullish rsi=60.8 atr_pips=8.0 adx=34.6
2026-05-06 04:20:01 INFO mt5_bot - ADX boost: adx=34.6 \u2192 risk_pct=1.50%
2026-05-06 04:20:01 INFO mt5_bot - Execution status=skipped reason=no_closed_bar_crossover
2026-05-06 04:20:16 INFO mt5_bot - Balance=102029.96 Equity=102029.96 Spread=0.20 pips
2026-05-06 04:20:16 INFO mt5_bot - Signal=NONE reason=no_closed_bar_crossover price=None trend=bullish rsi=60.8 atr_pips=8.0 adx=34.6
2026-05-06 04:20:16 INFO mt5_bot - ADX boost: adx=34.6 \u2192 risk_pct=1.50%
2026-05-06 04:20:16 INFO mt5_bot - Execution status=skipped reason=no_closed_bar_crossover
2026-05-06 04:20:31 INFO mt5_bot - Balance=102029.96 Equity=102029.96 Spread=0.40 pips
2026-05-06 04:20:32 INFO mt5_bot - Signal=NONE reason=no_closed_bar_crossover price=None trend=bullish rsi=60.8 atr_pips=8.0 adx=34.6
2026-05-06 04:20:32 INFO mt5_bot - ADX boost: adx=34.6 \u2192 risk_pct=1.50%
2026-05-06 04:20:32 INFO mt5_bot - Execution status=skipped reason=no_closed_bar_crossover
2026-05-06 04:20:47 INFO mt5_bot - Balance=102029.96 Equity=102029.96 Spread=0.40 pips
2026-05-06 04:20:47 INFO mt5_bot - Signal=NONE reason=no_closed_bar_crossover price=None trend=bullish rsi=60.8 atr_pips=8.0 adx=34.6
2026-05-06 04:20:47 INFO mt5_bot - ADX boost: adx=34.6 \u2192 risk_pct=1.50%
2026-05-06 04:20:47 INFO mt5_bot - Execution status=skipped reason=no_closed_bar_crossover
2026-05-06 04:21:02 INFO mt5_bot - Balance=102029.96 Equity=102029.96 Spread=0.40 pips
2026-05-06 04:21:02 INFO mt5_bot - Signal=NONE reason=no_closed_bar_crossover price=None trend=bullish rsi=60.8 atr_pips=8.0 adx=34.6
2026-05-06 04:21:02 INFO mt5_bot - ADX boost: adx=34.6 \u2192 risk_pct=1.50%
2026-05-06 04:21:02 INFO mt5_bot - Execution status=skipped reason=no_closed_bar_crossover
2026-05-06 04:21:17 INFO mt5_bot - Balance=102029.96 Equity=102029.96 Spread=0.40 pips
2026-05-06 04:21:17 INFO mt5_bot - Signal=NONE reason=no_closed_bar_crossover price=None trend=bullish rsi=60.8 atr_pips=8.0 adx=34.6
2026-05-06 04:21:17 INFO mt5_bot - ADX boost: adx=34.6 \u2192 risk_pct=1.50%
2026-05-06 04:21:17 INFO mt5_bot - Execution status=skipped reason=no_closed_bar_crossover
2026-05-06 04:21:32 INFO mt5_bot - Balance=102029.96 Equity=102029.96 Spread=0.40 pips
2026-05-06 04:21:32 INFO mt5_bot - Signal=NONE reason=no_closed_bar_crossover price=None trend=bullish rsi=60.8 atr_pips=8.0 adx=34.6
2026-05-06 04:21:32 INFO mt5_bot - ADX boost: adx=34.6 \u2192 risk_pct=1.50%
2026-05-06 04:21:32 INFO mt5_bot - Execution status=skipped reason=no_closed_bar_crossover
2026-05-06 04:21:47 INFO mt5_bot - Balance=102029.96 Equity=102029.96 Spread=0.40 pips
2026-05-06 04:21:47 INFO mt5_bot - Signal=NONE reason=no_closed_bar_crossover price=None trend=bullish rsi=60.8 atr_pips=8.0 adx=34.6
2026-05-06 04:21:47 INFO mt5_bot - ADX boost: adx=34.6 \u2192 risk_pct=1.50%
2026-05-06 04:21:47 INFO mt5_bot - Execution status=skipped reason=no_closed_bar_crossover
2026-05-06 04:22:02 INFO mt5_bot - Balance=102029.96 Equity=102029.96 Spread=0.40 pips
2026-05-06 04:22:02 INFO mt5_bot - Signal=NONE reason=no_closed_bar_crossover price=None trend=bullish rsi=60.8 atr_pips=8.0 adx=34.6
2026-05-06 04:22:02 INFO mt5_bot - ADX boost: adx=34.6 \u2192 risk_pct=1.50%
2026-05-06 04:22:02 INFO mt5_bot - Execution status=skipped reason=no_closed_bar_crossover
2026-05-06 04:22:17 INFO mt5_bot - Balance=102029.96 Equity=102029.96 Spread=0.20 pips
2026-05-06 04:22:17 INFO mt5_bot - Signal=NONE reason=no_closed_bar_crossover price=None trend=bullish rsi=60.8 atr_pips=8.0 adx=34.6
2026-05-06 04:22:17 INFO mt5_bot - ADX boost: adx=34.6 \u2192 risk_pct=1.50%
2026-05-06 04:22:17 INFO mt5_bot - Execution status=skipped reason=no_closed_bar_crossover
2026-05-06 04:22:32 INFO mt5_bot - Balance=102029.96 Equity=102029.96 Spread=0.20 pips
2026-05-06 04:22:32 INFO mt5_bot - Signal=NONE reason=no_closed_bar_crossover price=None trend=bullish rsi=60.8 atr_pips=8.0 adx=34.6
2026-05-06 04:22:32 INFO mt5_bot - ADX boost: adx=34.6 \u2192 risk_pct=1.50%
2026-05-06 04:22:32 INFO mt5_bot - Execution status=skipped reason=no_closed_bar_crossover
2026-05-06 04:22:47 INFO mt5_bot - Balance=102029.96 Equity=102029.96 Spread=0.40 pips
2026-05-06 04:22:47 INFO mt5_bot - Signal=NONE reason=no_closed_bar_crossover price=None trend=bullish rsi=60.8 atr_pips=8.0 adx=34.6
2026-05-06 04:22:47 INFO mt5_bot - ADX boost: adx=34.6 \u2192 risk_pct=1.50%
2026-05-06 04:22:47 INFO mt5_bot - Execution status=skipped reason=no_closed_bar_crossover
2026-05-06 04:23:02 INFO mt5_bot - Balance=102029.96 Equity=102029.96 Spread=0.40 pips
2026-05-06 04:23:02 INFO mt5_bot - Signal=NONE reason=no_closed_bar_crossover price=None trend=bullish rsi=60.8 atr_pips=8.0 adx=34.6
2026-05-06 04:23:02 INFO mt5_bot - ADX boost: adx=34.6 \u2192 risk_pct=1.50%
2026-05-06 04:23:02 INFO mt5_bot - Execution status=skipped reason=no_closed_bar_crossover
2026-05-06 04:23:17 INFO mt5_bot - Balance=102029.96 Equity=102029.96 Spread=0.20 pips
2026-05-06 04:23:17 INFO mt5_bot - Signal=NONE reason=no_closed_bar_crossover price=None trend=bullish rsi=60.8 atr_pips=8.0 adx=34.6
2026-05-06 04:23:17 INFO mt5_bot - ADX boost: adx=34.6 \u2192 risk_pct=1.50%
2026-05-06 04:23:17 INFO mt5_bot - Execution status=skipped reason=no_closed_bar_crossover
2026-05-06 04:23:32 INFO mt5_bot - Balance=102029.96 Equity=102029.96 Spread=0.20 pips
2026-05-06 04:23:32 INFO mt5_bot - Signal=NONE reason=no_closed_bar_crossover price=None trend=bullish rsi=60.8 atr_pips=8.0 adx=34.6
2026-05-06 04:23:32 INFO mt5_bot - ADX boost: adx=34.6 \u2192 risk_pct=1.50%
2026-05-06 04:23:32 INFO mt5_bot - Execution status=skipped reason=no_closed_bar_crossover
2026-05-06 04:23:47 INFO mt5_bot - Balance=102029.96 Equity=102029.96 Spread=0.40 pips
2026-05-06 04:23:47 INFO mt5_bot - Signal=NONE reason=no_closed_bar_crossover price=None trend=bullish rsi=60.8 atr_pips=8.0 adx=34.6
2026-05-06 04:23:47 INFO mt5_bot - ADX boost: adx=34.6 \u2192 risk_pct=1.50%
2026-05-06 04:23:47 INFO mt5_bot - Execution status=skipped reason=no_closed_bar_crossover
2026-05-06 04:24:02 INFO mt5_bot - Balance=102029.96 Equity=102029.96 Spread=0.40 pips
2026-05-06 04:24:02 INFO mt5_bot - Signal=NONE reason=no_closed_bar_crossover price=None trend=bullish rsi=60.8 atr_pips=8.0 adx=34.6
2026-05-06 04:24:02 INFO mt5_bot - ADX boost: adx=34.6 \u2192 risk_pct=1.50%
2026-05-06 04:24:02 INFO mt5_bot - Execution status=skipped reason=no_closed_bar_crossover
2026-05-06 04:24:17 INFO mt5_bot - Balance=102029.96 Equity=102029.96 Spread=0.20 pips
2026-05-06 04:24:17 INFO mt5_bot - Signal=NONE reason=no_closed_bar_crossover price=None trend=bullish rsi=60.8 atr_pips=8.0 adx=34.6
2026-05-06 04:24:17 INFO mt5_bot - ADX boost: adx=34.6 \u2192 risk_pct=1.50%
2026-05-06 04:24:17 INFO mt5_bot - Execution status=skipped reason=no_closed_bar_crossover
2026-05-06 04:24:32 INFO mt5_bot - Balance=102029.96 Equity=102029.96 Spread=0.20 pips
2026-05-06 04:24:32 INFO mt5_bot - Signal=NONE reason=no_closed_bar_crossover price=None trend=bullish rsi=60.8 atr_pips=8.0 adx=34.6
2026-05-06 04:24:32 INFO mt5_bot - ADX boost: adx=34.6 \u2192 risk_pct=1.50%
2026-05-06 04:24:32 INFO mt5_bot - Execution status=skipped reason=no_closed_bar_crossover
2026-05-06 04:24:47 INFO mt5_bot - Balance=102029.96 Equity=102029.96 Spread=0.40 pips
2026-05-06 04:24:47 INFO mt5_bot - Signal=NONE reason=no_closed_bar_crossover price=None trend=bullish rsi=60.8 atr_pips=8.0 adx=34.6
2026-05-06 04:24:47 INFO mt5_bot - ADX boost: adx=34.6 \u2192 risk_pct=1.50%
2026-05-06 04:24:47 INFO mt5_bot - Execution status=skipped reason=no_closed_bar_crossover
2026-05-06 04:25:02 INFO mt5_bot - Balance=102029.96 Equity=102029.96 Spread=0.40 pips
2026-05-06 04:25:02 INFO mt5_bot - Signal=NONE reason=no_closed_bar_crossover price=None trend=bullish rsi=60.8 atr_pips=8.0 adx=34.6
2026-05-06 04:25:02 INFO mt5_bot - ADX boost: adx=34.6 \u2192 risk_pct=1.50%
2026-05-06 04:25:02 INFO mt5_bot - Execution status=skipped reason=no_closed_bar_crossover
2026-05-06 04:25:17 INFO mt5_bot - Balance=102029.96 Equity=102029.96 Spread=0.40 pips
2026-05-06 04:25:17 INFO mt5_bot - Signal=NONE reason=no_closed_bar_crossover price=None trend=bullish rsi=60.8 atr_pips=8.0 adx=34.6
2026-05-06 04:25:17 INFO mt5_bot - ADX boost: adx=34.6 \u2192 risk_pct=1.50%
2026-05-06 04:25:17 INFO mt5_bot - Execution status=skipped reason=no_closed_bar_crossover
2026-05-06 04:25:32 INFO mt5_bot - Balance=102029.96 Equity=102029.96 Spread=0.20 pips
2026-05-06 04:25:32 INFO mt5_bot - Signal=NONE reason=no_closed_bar_crossover price=None trend=bullish rsi=60.8 atr_pips=8.0 adx=34.6
2026-05-06 04:25:32 INFO mt5_bot - ADX boost: adx=34.6 \u2192 risk_pct=1.50%
2026-05-06 04:25:32 INFO mt5_bot - Execution status=skipped reason=no_closed_bar_crossover
2026-05-06 04:25:47 INFO mt5_bot - Balance=102029.96 Equity=102029.96 Spread=0.20 pips
2026-05-06 04:25:47 INFO mt5_bot - Signal=NONE reason=no_closed_bar_crossover price=None trend=bullish rsi=60.8 atr_pips=8.0 adx=34.6
2026-05-06 04:25:47 INFO mt5_bot - ADX boost: adx=34.6 \u2192 risk_pct=1.50%
2026-05-06 04:25:47 INFO mt5_bot - Execution status=skipped reason=no_closed_bar_crossover
2026-05-06 04:26:02 INFO mt5_bot - Balance=102029.96 Equity=102029.96 Spread=0.40 pips
2026-05-06 04:26:02 INFO mt5_bot - Signal=NONE reason=no_closed_bar_crossover price=None trend=bullish rsi=60.8 atr_pips=8.0 adx=34.6
2026-05-06 04:26:02 INFO mt5_bot - ADX boost: adx=34.6 \u2192 risk_pct=1.50%
2026-05-06 04:26:02 INFO mt5_bot - Execution status=skipped reason=no_closed_bar_crossover
2026-05-06 04:26:17 INFO mt5_bot - Balance=102029.96 Equity=102029.96 Spread=0.20 pips
2026-05-06 04:26:17 INFO mt5_bot - Signal=NONE reason=no_closed_bar_crossover price=None trend=bullish rsi=60.8 atr_pips=8.0 adx=34.6
2026-05-06 04:26:17 INFO mt5_bot - ADX boost: adx=34.6 \u2192 risk_pct=1.50%
2026-05-06 04:26:17 INFO mt5_bot - Execution status=skipped reason=no_closed_bar_crossover
2026-05-06 04:26:32 INFO mt5_bot - Balance=102029.96 Equity=102029.96 Spread=0.40 pips
2026-05-06 04:26:32 INFO mt5_bot - Signal=NONE reason=no_closed_bar_crossover price=None trend=bullish rsi=60.8 atr_pips=8.0 adx=34.6
2026-05-06 04:26:32 INFO mt5_bot - ADX boost: adx=34.6 \u2192 risk_pct=1.50%
2026-05-06 04:26:32 INFO mt5_bot - Execution status=skipped reason=no_closed_bar_crossover
2026-05-06 04:26:47 INFO mt5_bot - Balance=102029.96 Equity=102029.96 Spread=0.40 pips
2026-05-06 04:26:47 INFO mt5_bot - Signal=NONE reason=no_closed_bar_crossover price=None trend=bullish rsi=60.8 atr_pips=8.0 adx=34.6
2026-05-06 04:26:47 INFO mt5_bot - ADX boost: adx=34.6 \u2192 risk_pct=1.50%
2026-05-06 04:26:47 INFO mt5_bot - Execution status=skipped reason=no_closed_bar_crossover
2026-05-06 04:27:02 INFO mt5_bot - Balance=102029.96 Equity=102029.96 Spread=0.20 pips
2026-05-06 04:27:02 INFO mt5_bot - Signal=NONE reason=no_closed_bar_crossover price=None trend=bullish rsi=60.8 atr_pips=8.0 adx=34.6
2026-05-06 04:27:02 INFO mt5_bot - ADX boost: adx=34.6 \u2192 risk_pct=1.50%
2026-05-06 04:27:02 INFO mt5_bot - Execution status=skipped reason=no_closed_bar_crossover
2026-05-06 04:27:17 INFO mt5_bot - Balance=102029.96 Equity=102029.96 Spread=0.20 pips
2026-05-06 04:27:17 INFO mt5_bot - Signal=NONE reason=no_closed_bar_crossover price=None trend=bullish rsi=60.8 atr_pips=8.0 adx=34.6
2026-05-06 04:27:17 INFO mt5_bot - ADX boost: adx=34.6 \u2192 risk_pct=1.50%
2026-05-06 04:27:17 INFO mt5_bot - Execution status=skipped reason=no_closed_bar_crossover
2026-05-06 04:27:32 INFO mt5_bot - Balance=102029.96 Equity=102029.96 Spread=0.40 pips
2026-05-06 04:27:32 INFO mt5_bot - Signal=NONE reason=no_closed_bar_crossover price=None trend=bullish rsi=60.8 atr_pips=8.0 adx=34.6
2026-05-06 04:27:32 INFO mt5_bot - ADX boost: adx=34.6 \u2192 risk_pct=1.50%
2026-05-06 04:27:32 INFO mt5_bot - Execution status=skipped reason=no_closed_bar_crossover
2026-05-06 04:27:47 INFO mt5_bot - Balance=102029.96 Equity=102029.96 Spread=0.20 pips
2026-05-06 04:27:47 INFO mt5_bot - Signal=NONE reason=no_closed_bar_crossover price=None trend=bullish rsi=60.8 atr_pips=8.0 adx=34.6
2026-05-06 04:27:47 INFO mt5_bot - ADX boost: adx=34.6 \u2192 risk_pct=1.50%
2026-05-06 04:27:47 INFO mt5_bot - Execution status=skipped reason=no_closed_bar_crossover
2026-05-06 04:28:02 INFO mt5_bot - Balance=102029.96 Equity=102029.96 Spread=0.40 pips
2026-05-06 04:28:02 INFO mt5_bot - Signal=NONE reason=no_closed_bar_crossover price=None trend=bullish rsi=60.8 atr_pips=8.0 adx=34.6
2026-05-06 04:28:02 INFO mt5_bot - ADX boost: adx=34.6 \u2192 risk_pct=1.50%
2026-05-06 04:28:02 INFO mt5_bot - Execution status=skipped reason=no_closed_bar_crossover
2026-05-06 04:28:17 INFO mt5_bot - Balance=102029.96 Equity=102029.96 Spread=0.40 pips
2026-05-06 04:28:17 INFO mt5_bot - Signal=NONE reason=no_closed_bar_crossover price=None trend=bullish rsi=60.8 atr_pips=8.0 adx=34.6
2026-05-06 04:28:17 INFO mt5_bot - ADX boost: adx=34.6 \u2192 risk_pct=1.50%
2026-05-06 04:28:17 INFO mt5_bot - Execution status=skipped reason=no_closed_bar_crossover
2026-05-06 04:28:32 INFO mt5_bot - Balance=102029.96 Equity=102029.96 Spread=0.20 pips
2026-05-06 04:28:32 INFO mt5_bot - Signal=NONE reason=no_closed_bar_crossover price=None trend=bullish rsi=60.8 atr_pips=8.0 adx=34.6
2026-05-06 04:28:32 INFO mt5_bot - ADX boost: adx=34.6 \u2192 risk_pct=1.50%
2026-05-06 04:28:32 INFO mt5_bot - Execution status=skipped reason=no_closed_bar_crossover
2026-05-06 04:28:47 INFO mt5_bot - Balance=102029.96 Equity=102029.96 Spread=0.20 pips
2026-05-06 04:28:47 INFO mt5_bot - Signal=NONE reason=no_closed_bar_crossover price=None trend=bullish rsi=60.8 atr_pips=8.0 adx=34.6
2026-05-06 04:28:47 INFO mt5_bot - ADX boost: adx=34.6 \u2192 risk_pct=1.50%
2026-05-06 04:28:47 INFO mt5_bot - Execution status=skipped reason=no_closed_bar_crossover
2026-05-06 04:29:02 INFO mt5_bot - Balance=102029.96 Equity=102029.96 Spread=0.20 pips
2026-05-06 04:29:02 INFO mt5_bot - Signal=NONE reason=no_closed_bar_crossover price=None trend=bullish rsi=60.8 atr_pips=8.0 adx=34.6
2026-05-06 04:29:02 INFO mt5_bot - ADX boost: adx=34.6 \u2192 risk_pct=1.50%
2026-05-06 04:29:02 INFO mt5_bot - Execution status=skipped reason=no_closed_bar_crossover
2026-05-06 04:29:17 INFO mt5_bot - Balance=102029.96 Equity=102029.96 Spread=0.20 pips
2026-05-06 04:29:17 INFO mt5_bot - Signal=NONE reason=no_closed_bar_crossover price=None trend=bullish rsi=60.8 atr_pips=8.0 adx=34.6
2026-05-06 04:29:17 INFO mt5_bot - ADX boost: adx=34.6 \u2192 risk_pct=1.50%
2026-05-06 04:29:17 INFO mt5_bot - Execution status=skipped reason=no_closed_bar_crossover
2026-05-06 04:29:32 INFO mt5_bot - Balance=102029.96 Equity=102029.96 Spread=0.40 pips
2026-05-06 04:29:32 INFO mt5_bot - Signal=NONE reason=no_closed_bar_crossover price=None trend=bullish rsi=60.8 atr_pips=8.0 adx=34.6
2026-05-06 04:29:32 INFO mt5_bot - ADX boost: adx=34.6 \u2192 risk_pct=1.50%
2026-05-06 04:29:32 INFO mt5_bot - Execution status=skipped reason=no_closed_bar_crossover
2026-05-06 04:29:47 INFO mt5_bot - Balance=102029.96 Equity=102029.96 Spread=0.20 pips
2026-05-06 04:29:47 INFO mt5_bot - Signal=NONE reason=no_closed_bar_crossover price=None trend=bullish rsi=60.8 atr_pips=8.0 adx=34.6
2026-05-06 04:29:47 INFO mt5_bot - ADX boost: adx=34.6 \u2192 risk_pct=1.50%
2026-05-06 04:29:47 INFO mt5_bot - Execution status=skipped reason=no_closed_bar_crossover
2026-05-06 04:30:02 INFO mt5_bot - Balance=102029.96 Equity=102029.96 Spread=0.40 pips
2026-05-06 04:30:02 INFO mt5_bot - Signal=NONE reason=no_closed_bar_crossover price=None trend=bullish rsi=63.6 atr_pips=8.1 adx=35.4
2026-05-06 04:30:02 INFO mt5_bot - ADX boost: adx=35.4 \u2192 risk_pct=1.50%
2026-05-06 04:30:02 INFO mt5_bot - Execution status=skipped reason=no_closed_bar_crossover
2026-05-06 04:30:17 INFO mt5_bot - Balance=102029.96 Equity=102029.96 Spread=0.20 pips
2026-05-06 04:30:17 INFO mt5_bot - Signal=NONE reason=no_closed_bar_crossover price=None trend=bullish rsi=63.6 atr_pips=8.1 adx=35.4
2026-05-06 04:30:17 INFO mt5_bot - ADX boost: adx=35.4 \u2192 risk_pct=1.50%
2026-05-06 04:30:17 INFO mt5_bot - Execution status=skipped reason=no_closed_bar_crossover
2026-05-06 04:30:32 INFO mt5_bot - Balance=102029.96 Equity=102029.96 Spread=0.20 pips
2026-05-06 04:30:32 INFO mt5_bot - Signal=NONE reason=no_closed_bar_crossover price=None trend=bullish rsi=63.6 atr_pips=8.1 adx=35.4
2026-05-06 04:30:32 INFO mt5_bot - ADX boost: adx=35.4 \u2192 risk_pct=1.50%
2026-05-06 04:30:32 INFO mt5_bot - Execution status=skipped reason=no_closed_bar_crossover
2026-05-06 04:30:47 INFO mt5_bot - Balance=102029.96 Equity=102029.96 Spread=0.20 pips
2026-05-06 04:30:47 INFO mt5_bot - Signal=NONE reason=no_closed_bar_crossover price=None trend=bullish rsi=63.6 atr_pips=8.1 adx=35.4
2026-05-06 04:30:47 INFO mt5_bot - ADX boost: adx=35.4 \u2192 risk_pct=1.50%
2026-05-06 04:30:47 INFO mt5_bot - Execution status=skipped reason=no_closed_bar_crossover
2026-05-06 04:31:02 INFO mt5_bot - Balance=102029.96 Equity=102029.96 Spread=0.20 pips
2026-05-06 04:31:02 INFO mt5_bot - Signal=NONE reason=no_closed_bar_crossover price=None trend=bullish rsi=63.6 atr_pips=8.1 adx=35.4
2026-05-06 04:31:02 INFO mt5_bot - ADX boost: adx=35.4 \u2192 risk_pct=1.50%
2026-05-06 04:31:02 INFO mt5_bot - Execution status=skipped reason=no_closed_bar_crossover
2026-05-06 04:31:17 INFO mt5_bot - Balance=102029.96 Equity=102029.96 Spread=0.20 pips
2026-05-06 04:31:17 INFO mt5_bot - Signal=NONE reason=no_closed_bar_crossover price=None trend=bullish rsi=63.6 atr_pips=8.1 adx=35.4
2026-05-06 04:31:17 INFO mt5_bot - ADX boost: adx=35.4 \u2192 risk_pct=1.50%
2026-05-06 04:31:17 INFO mt5_bot - Execution status=skipped reason=no_closed_bar_crossover
2026-05-06 04:31:32 INFO mt5_bot - Balance=102029.96 Equity=102029.96 Spread=0.40 pips
2026-05-06 04:31:32 INFO mt5_bot - Signal=NONE reason=no_closed_bar_crossover price=None trend=bullish rsi=63.6 atr_pips=8.1 adx=35.4
2026-05-06 04:31:32 INFO mt5_bot - ADX boost: adx=35.4 \u2192 risk_pct=1.50%
2026-05-06 04:31:32 INFO mt5_bot - Execution status=skipped reason=no_closed_bar_crossover
2026-05-06 04:31:47 INFO mt5_bot - Balance=102029.96 Equity=102029.96 Spread=0.40 pips
2026-05-06 04:31:47 INFO mt5_bot - Signal=NONE reason=no_closed_bar_crossover price=None trend=bullish rsi=63.6 atr_pips=8.1 adx=35.4
2026-05-06 04:31:47 INFO mt5_bot - ADX boost: adx=35.4 \u2192 risk_pct=1.50%
2026-05-06 04:31:47 INFO mt5_bot - Execution status=skipped reason=no_closed_bar_crossover
2026-05-06 04:32:02 INFO mt5_bot - Balance=102029.96 Equity=102029.96 Spread=0.20 pips
2026-05-06 04:32:02 INFO mt5_bot - Signal=NONE reason=no_closed_bar_crossover price=None trend=bullish rsi=63.6 atr_pips=8.1 adx=35.4
2026-05-06 04:32:02 INFO mt5_bot - ADX boost: adx=35.4 \u2192 risk_pct=1.50%
2026-05-06 04:32:02 INFO mt5_bot - Execution status=skipped reason=no_closed_bar_crossover
2026-05-06 04:32:17 INFO mt5_bot - Balance=102029.96 Equity=102029.96 Spread=0.20 pips
2026-05-06 04:32:17 INFO mt5_bot - Signal=NONE reason=no_closed_bar_crossover price=None trend=bullish rsi=63.6 atr_pips=8.1 adx=35.4
2026-05-06 04:32:17 INFO mt5_bot - ADX boost: adx=35.4 \u2192 risk_pct=1.50%
2026-05-06 04:32:17 INFO mt5_bot - Execution status=skipped reason=no_closed_bar_crossover
2026-05-06 04:32:32 INFO mt5_bot - Balance=102029.96 Equity=102029.96 Spread=0.40 pips
2026-05-06 04:32:32 INFO mt5_bot - Signal=NONE reason=no_closed_bar_crossover price=None trend=bullish rsi=63.6 atr_pips=8.1 adx=35.4
2026-05-06 04:32:32 INFO mt5_bot - ADX boost: adx=35.4 \u2192 risk_pct=1.50%
2026-05-06 04:32:32 INFO mt5_bot - Execution status=skipped reason=no_closed_bar_crossover
2026-05-06 04:32:47 INFO mt5_bot - Balance=102029.96 Equity=102029.96 Spread=0.40 pips
2026-05-06 04:32:47 INFO mt5_bot - Signal=NONE reason=no_closed_bar_crossover price=None trend=bullish rsi=63.6 atr_pips=8.1 adx=35.4
2026-05-06 04:32:47 INFO mt5_bot - ADX boost: adx=35.4 \u2192 risk_pct=1.50%
2026-05-06 04:32:47 INFO mt5_bot - Execution status=skipped reason=no_closed_bar_crossover
2026-05-06 04:33:02 INFO mt5_bot - Balance=102029.96 Equity=102029.96 Spread=0.40 pips
2026-05-06 04:33:02 INFO mt5_bot - Signal=NONE reason=no_closed_bar_crossover price=None trend=bullish rsi=63.6 atr_pips=8.1 adx=35.4
2026-05-06 04:33:02 INFO mt5_bot - ADX boost: adx=35.4 \u2192 risk_pct=1.50%
2026-05-06 04:33:02 INFO mt5_bot - Execution status=skipped reason=no_closed_bar_crossover
2026-05-06 04:33:17 INFO mt5_bot - Balance=102029.96 Equity=102029.96 Spread=0.20 pips
2026-05-06 04:33:17 INFO mt5_bot - Signal=NONE reason=no_closed_bar_crossover price=None trend=bullish rsi=63.6 atr_pips=8.1 adx=35.4
2026-05-06 04:33:17 INFO mt5_bot - ADX boost: adx=35.4 \u2192 risk_pct=1.50%
2026-05-06 04:33:17 INFO mt5_bot - Execution status=skipped reason=no_closed_bar_crossover
2026-05-06 04:33:32 INFO mt5_bot - Balance=102029.96 Equity=102029.96 Spread=0.40 pips
2026-05-06 04:33:32 INFO mt5_bot - Signal=NONE reason=no_closed_bar_crossover price=None trend=bullish rsi=63.6 atr_pips=8.1 adx=35.4
2026-05-06 04:33:32 INFO mt5_bot - ADX boost: adx=35.4 \u2192 risk_pct=1.50%
2026-05-06 04:33:32 INFO mt5_bot - Execution status=skipped reason=no_closed_bar_crossover
2026-05-06 04:33:47 INFO mt5_bot - Balance=102029.96 Equity=102029.96 Spread=0.40 pips
2026-05-06 04:33:47 INFO mt5_bot - Signal=NONE reason=no_closed_bar_crossover price=None trend=bullish rsi=63.6 atr_pips=8.1 adx=35.4
2026-05-06 04:33:47 INFO mt5_bot - ADX boost: adx=35.4 \u2192 risk_pct=1.50%
2026-05-06 04:33:47 INFO mt5_bot - Execution status=skipped reason=no_closed_bar_crossover
2026-05-06 04:34:02 INFO mt5_bot - Balance=102029.96 Equity=102029.96 Spread=0.40 pips
2026-05-06 04:34:02 INFO mt5_bot - Signal=NONE reason=no_closed_bar_crossover price=None trend=bullish rsi=63.6 atr_pips=8.1 adx=35.4
2026-05-06 04:34:02 INFO mt5_bot - ADX boost: adx=35.4 \u2192 risk_pct=1.50%
2026-05-06 04:34:02 INFO mt5_bot - Execution status=skipped reason=no_closed_bar_crossover
2026-05-06 04:34:17 INFO mt5_bot - Balance=102029.96 Equity=102029.96 Spread=0.20 pips
2026-05-06 04:34:17 INFO mt5_bot - Signal=NONE reason=no_closed_bar_crossover price=None trend=bullish rsi=63.6 atr_pips=8.1 adx=35.4
2026-05-06 04:34:17 INFO mt5_bot - ADX boost: adx=35.4 \u2192 risk_pct=1.50%
2026-05-06 04:34:17 INFO mt5_bot - Execution status=skipped reason=no_closed_bar_crossover
2026-05-06 04:34:32 INFO mt5_bot - Balance=102029.96 Equity=102029.96 Spread=0.40 pips
2026-05-06 04:34:32 INFO mt5_bot - Signal=NONE reason=no_closed_bar_crossover price=None trend=bullish rsi=63.6 atr_pips=8.1 adx=35.4
2026-05-06 04:34:32 INFO mt5_bot - ADX boost: adx=35.4 \u2192 risk_pct=1.50%
2026-05-06 04:34:32 INFO mt5_bot - Execution status=skipped reason=no_closed_bar_crossover
2026-05-06 04:34:47 INFO mt5_bot - Balance=102029.96 Equity=102029.96 Spread=0.40 pips
2026-05-06 04:34:47 INFO mt5_bot - Signal=NONE reason=no_closed_bar_crossover price=None trend=bullish rsi=63.6 atr_pips=8.1 adx=35.4
2026-05-06 04:34:47 INFO mt5_bot - ADX boost: adx=35.4 \u2192 risk_pct=1.50%
2026-05-06 04:34:47 INFO mt5_bot - Execution status=skipped reason=no_closed_bar_crossover
2026-05-06 04:35:02 INFO mt5_bot - Balance=102029.96 Equity=102029.96 Spread=0.40 pips
2026-05-06 04:35:02 INFO mt5_bot - Signal=NONE reason=no_closed_bar_crossover price=None trend=bullish rsi=63.6 atr_pips=8.1 adx=35.4
2026-05-06 04:35:02 INFO mt5_bot - ADX boost: adx=35.4 \u2192 risk_pct=1.50%
2026-05-06 04:35:02 INFO mt5_bot - Execution status=skipped reason=no_closed_bar_crossover
2026-05-06 04:35:17 INFO mt5_bot - Balance=102029.96 Equity=102029.96 Spread=0.40 pips
2026-05-06 04:35:17 INFO mt5_bot - Signal=NONE reason=no_closed_bar_crossover price=None trend=bullish rsi=63.6 atr_pips=8.1 adx=35.4
2026-05-06 04:35:17 INFO mt5_bot - ADX boost: adx=35.4 \u2192 risk_pct=1.50%
2026-05-06 04:35:17 INFO mt5_bot - Execution status=skipped reason=no_closed_bar_crossover
2026-05-06 04:35:32 INFO mt5_bot - Balance=102029.96 Equity=102029.96 Spread=0.40 pips
2026-05-06 04:35:32 INFO mt5_bot - Signal=NONE reason=no_closed_bar_crossover price=None trend=bullish rsi=63.6 atr_pips=8.1 adx=35.4
2026-05-06 04:35:32 INFO mt5_bot - ADX boost: adx=35.4 \u2192 risk_pct=1.50%
2026-05-06 04:35:32 INFO mt5_bot - Execution status=skipped reason=no_closed_bar_crossover
2026-05-06 04:35:47 INFO mt5_bot - Balance=102029.96 Equity=102029.96 Spread=0.40 pips
2026-05-06 04:35:47 INFO mt5_bot - Signal=NONE reason=no_closed_bar_crossover price=None trend=bullish rsi=63.6 atr_pips=8.1 adx=35.4
2026-05-06 04:35:47 INFO mt5_bot - ADX boost: adx=35.4 \u2192 risk_pct=1.50%
2026-05-06 04:35:47 INFO mt5_bot - Execution status=skipped reason=no_closed_bar_crossover
2026-05-06 04:36:02 INFO mt5_bot - Balance=102029.96 Equity=102029.96 Spread=0.40 pips
2026-05-06 04:36:02 INFO mt5_bot - Signal=NONE reason=no_closed_bar_crossover price=None trend=bullish rsi=63.6 atr_pips=8.1 adx=35.4
2026-05-06 04:36:02 INFO mt5_bot - ADX boost: adx=35.4 \u2192 risk_pct=1.50%
2026-05-06 04:36:02 INFO mt5_bot - Execution status=skipped reason=no_closed_bar_crossover
2026-05-06 04:36:18 INFO mt5_bot - Balance=102029.96 Equity=102029.96 Spread=0.20 pips
2026-05-06 04:36:18 INFO mt5_bot - Signal=NONE reason=no_closed_bar_crossover price=None trend=bullish rsi=63.6 atr_pips=8.1 adx=35.4
2026-05-06 04:36:18 INFO mt5_bot - ADX boost: adx=35.4 \u2192 risk_pct=1.50%
2026-05-06 04:36:18 INFO mt5_bot - Execution status=skipped reason=no_closed_bar_crossover
2026-05-06 04:36:33 INFO mt5_bot - Balance=102029.96 Equity=102029.96 Spread=0.20 pips
2026-05-06 04:36:33 INFO mt5_bot - Signal=NONE reason=no_closed_bar_crossover price=None trend=bullish rsi=63.6 atr_pips=8.1 adx=35.4
2026-05-06 04:36:33 INFO mt5_bot - ADX boost: adx=35.4 \u2192 risk_pct=1.50%
2026-05-06 04:36:33 INFO mt5_bot - Execution status=skipped reason=no_closed_bar_crossover
2026-05-06 04:36:48 INFO mt5_bot - Balance=102029.96 Equity=102029.96 Spread=0.40 pips
2026-05-06 04:36:48 INFO mt5_bot - Signal=NONE reason=no_closed_bar_crossover price=None trend=bullish rsi=63.6 atr_pips=8.1 adx=35.4
2026-05-06 04:36:48 INFO mt5_bot - ADX boost: adx=35.4 \u2192 risk_pct=1.50%
2026-05-06 04:36:48 INFO mt5_bot - Execution status=skipped reason=no_closed_bar_crossover
2026-05-06 04:37:03 INFO mt5_bot - Balance=102029.96 Equity=102029.96 Spread=0.40 pips
2026-05-06 04:37:03 INFO mt5_bot - Signal=NONE reason=no_closed_bar_crossover price=None trend=bullish rsi=63.6 atr_pips=8.1 adx=35.4
2026-05-06 04:37:03 INFO mt5_bot - ADX boost: adx=35.4 \u2192 risk_pct=1.50%
2026-05-06 04:37:03 INFO mt5_bot - Execution status=skipped reason=no_closed_bar_crossover
2026-05-06 04:37:18 INFO mt5_bot - Balance=102029.96 Equity=102029.96 Spread=0.40 pips
2026-05-06 04:37:18 INFO mt5_bot - Signal=NONE reason=no_closed_bar_crossover price=None trend=bullish rsi=63.6 atr_pips=8.1 adx=35.4
2026-05-06 04:37:18 INFO mt5_bot - ADX boost: adx=35.4 \u2192 risk_pct=1.50%
2026-05-06 04:37:18 INFO mt5_bot - Execution status=skipped reason=no_closed_bar_crossover
2026-05-06 04:37:33 INFO mt5_bot - Balance=102029.96 Equity=102029.96 Spread=0.40 pips
2026-05-06 04:37:33 INFO mt5_bot - Signal=NONE reason=no_closed_bar_crossover price=None trend=bullish rsi=63.6 atr_pips=8.1 adx=35.4
2026-05-06 04:37:33 INFO mt5_bot - ADX boost: adx=35.4 \u2192 risk_pct=1.50%
2026-05-06 04:37:33 INFO mt5_bot - Execution status=skipped reason=no_closed_bar_crossover
2026-05-06 04:37:48 INFO mt5_bot - Balance=102029.96 Equity=102029.96 Spread=0.20 pips
2026-05-06 04:37:48 INFO mt5_bot - Signal=NONE reason=no_closed_bar_crossover price=None trend=bullish rsi=63.6 atr_pips=8.1 adx=35.4
2026-05-06 04:37:48 INFO mt5_bot - ADX boost: adx=35.4 \u2192 risk_pct=1.50%
2026-05-06 04:37:48 INFO mt5_bot - Execution status=skipped reason=no_closed_bar_crossover
2026-05-06 04:38:03 INFO mt5_bot - Balance=102029.96 Equity=102029.96 Spread=0.20 pips
2026-05-06 04:38:03 INFO mt5_bot - Signal=NONE reason=no_closed_bar_crossover price=None trend=bullish rsi=63.6 atr_pips=8.1 adx=35.4
2026-05-06 04:38:03 INFO mt5_bot - ADX boost: adx=35.4 \u2192 risk_pct=1.50%
2026-05-06 04:38:03 INFO mt5_bot - Execution status=skipped reason=no_closed_bar_crossover
2026-05-06 04:38:18 INFO mt5_bot - Balance=102029.96 Equity=102029.96 Spread=0.20 pips
2026-05-06 04:38:18 INFO mt5_bot - Signal=NONE reason=no_closed_bar_crossover price=None trend=bullish rsi=63.6 atr_pips=8.1 adx=35.4
2026-05-06 04:38:18 INFO mt5_bot - ADX boost: adx=35.4 \u2192 risk_pct=1.50%
2026-05-06 04:38:18 INFO mt5_bot - Execution status=skipped reason=no_closed_bar_crossover
2026-05-06 04:38:33 INFO mt5_bot - Balance=102029.96 Equity=102029.96 Spread=0.20 pips
2026-05-06 04:38:33 INFO mt5_bot - Signal=NONE reason=no_closed_bar_crossover price=None trend=bullish rsi=63.6 atr_pips=8.1 adx=35.4
2026-05-06 04:38:33 INFO mt5_bot - ADX boost: adx=35.4 \u2192 risk_pct=1.50%
2026-05-06 04:38:33 INFO mt5_bot - Execution status=skipped reason=no_closed_bar_crossover
2026-05-06 04:38:48 INFO mt5_bot - Balance=102029.96 Equity=102029.96 Spread=0.20 pips
2026-05-06 04:38:48 INFO mt5_bot - Signal=NONE reason=no_closed_bar_crossover price=None trend=bullish rsi=63.6 atr_pips=8.1 adx=35.4
2026-05-06 04:38:48 INFO mt5_bot - ADX boost: adx=35.4 \u2192 risk_pct=1.50%
2026-05-06 04:38:48 INFO mt5_bot - Execution status=skipped reason=no_closed_bar_crossover
2026-05-06 04:39:03 INFO mt5_bot - Balance=102029.96 Equity=102029.96 Spread=0.20 pips
2026-05-06 04:39:03 INFO mt5_bot - Signal=NONE reason=no_closed_bar_crossover price=None trend=bullish rsi=63.6 atr_pips=8.1 adx=35.4
2026-05-06 04:39:03 INFO mt5_bot - ADX boost: adx=35.4 \u2192 risk_pct=1.50%
2026-05-06 04:39:03 INFO mt5_bot - Execution status=skipped reason=no_closed_bar_crossover
2026-05-06 04:39:18 INFO mt5_bot - Balance=102029.96 Equity=102029.96 Spread=0.20 pips
2026-05-06 04:39:18 INFO mt5_bot - Signal=NONE reason=no_closed_bar_crossover price=None trend=bullish rsi=63.6 atr_pips=8.1 adx=35.4
2026-05-06 04:39:18 INFO mt5_bot - ADX boost: adx=35.4 \u2192 risk_pct=1.50%
2026-05-06 04:39:18 INFO mt5_bot - Execution status=skipped reason=no_closed_bar_crossover
2026-05-06 04:39:33 INFO mt5_bot - Balance=102029.96 Equity=102029.96 Spread=0.40 pips
2026-05-06 04:39:33 INFO mt5_bot - Signal=NONE reason=no_closed_bar_crossover price=None trend=bullish rsi=63.6 atr_pips=8.1 adx=35.4
2026-05-06 04:39:33 INFO mt5_bot - ADX boost: adx=35.4 \u2192 risk_pct=1.50%
2026-05-06 04:39:33 INFO mt5_bot - Execution status=skipped reason=no_closed_bar_crossover
2026-05-06 04:39:48 INFO mt5_bot - Balance=102029.96 Equity=102029.96 Spread=0.20 pips
2026-05-06 04:39:48 INFO mt5_bot - Signal=NONE reason=no_closed_bar_crossover price=None trend=bullish rsi=63.6 atr_pips=8.1 adx=35.4
2026-05-06 04:39:48 INFO mt5_bot - ADX boost: adx=35.4 \u2192 risk_pct=1.50%
2026-05-06 04:39:48 INFO mt5_bot - Execution status=skipped reason=no_closed_bar_crossover
2026-05-06 04:40:03 INFO mt5_bot - Balance=102029.96 Equity=102029.96 Spread=0.20 pips
2026-05-06 04:40:03 INFO mt5_bot - Signal=NONE reason=no_closed_bar_crossover price=None trend=bullish rsi=63.6 atr_pips=8.1 adx=35.4
2026-05-06 04:40:03 INFO mt5_bot - ADX boost: adx=35.4 \u2192 risk_pct=1.50%
2026-05-06 04:40:03 INFO mt5_bot - Execution status=skipped reason=no_closed_bar_crossover
2026-05-06 04:40:18 INFO mt5_bot - Balance=102029.96 Equity=102029.96 Spread=0.40 pips
2026-05-06 04:40:18 INFO mt5_bot - Signal=NONE reason=no_closed_bar_crossover price=None trend=bullish rsi=63.6 atr_pips=8.1 adx=35.4
2026-05-06 04:40:18 INFO mt5_bot - ADX boost: adx=35.4 \u2192 risk_pct=1.50%
2026-05-06 04:40:18 INFO mt5_bot - Execution status=skipped reason=no_closed_bar_crossover
2026-05-06 04:40:33 INFO mt5_bot - Balance=102029.96 Equity=102029.96 Spread=0.40 pips
2026-05-06 04:40:33 INFO mt5_bot - Signal=NONE reason=no_closed_bar_crossover price=None trend=bullish rsi=63.6 atr_pips=8.1 adx=35.4
2026-05-06 04:40:33 INFO mt5_bot - ADX boost: adx=35.4 \u2192 risk_pct=1.50%
2026-05-06 04:40:33 INFO mt5_bot - Execution status=skipped reason=no_closed_bar_crossover
2026-05-06 04:40:48 INFO mt5_bot - Balance=102029.96 Equity=102029.96 Spread=0.40 pips
2026-05-06 04:40:48 INFO mt5_bot - Signal=NONE reason=no_closed_bar_crossover price=None trend=bullish rsi=63.6 atr_pips=8.1 adx=35.4
2026-05-06 04:40:48 INFO mt5_bot - ADX boost: adx=35.4 \u2192 risk_pct=1.50%
2026-05-06 04:40:48 INFO mt5_bot - Execution status=skipped reason=no_closed_bar_crossover
2026-05-06 04:41:03 INFO mt5_bot - Balance=102029.96 Equity=102029.96 Spread=0.40 pips
2026-05-06 04:41:03 INFO mt5_bot - Signal=NONE reason=no_closed_bar_crossover price=None trend=bullish rsi=63.6 atr_pips=8.1 adx=35.4
2026-05-06 04:41:03 INFO mt5_bot - ADX boost: adx=35.4 \u2192 risk_pct=1.50%
2026-05-06 04:41:03 INFO mt5_bot - Execution status=skipped reason=no_closed_bar_crossover
2026-05-06 04:41:18 INFO mt5_bot - Balance=102029.96 Equity=102029.96 Spread=0.40 pips
2026-05-06 04:41:18 INFO mt5_bot - Signal=NONE reason=no_closed_bar_crossover price=None trend=bullish rsi=63.6 atr_pips=8.1 adx=35.4
2026-05-06 04:41:18 INFO mt5_bot - ADX boost: adx=35.4 \u2192 risk_pct=1.50%
2026-05-06 04:41:18 INFO mt5_bot - Execution status=skipped reason=no_closed_bar_crossover
2026-05-06 04:41:33 INFO mt5_bot - Balance=102029.96 Equity=102029.96 Spread=0.20 pips
2026-05-06 04:41:33 INFO mt5_bot - Signal=NONE reason=no_closed_bar_crossover price=None trend=bullish rsi=63.6 atr_pips=8.1 adx=35.4
2026-05-06 04:41:33 INFO mt5_bot - ADX boost: adx=35.4 \u2192 risk_pct=1.50%
2026-05-06 04:41:33 INFO mt5_bot - Execution status=skipped reason=no_closed_bar_crossover
2026-05-06 04:41:48 INFO mt5_bot - Balance=102029.96 Equity=102029.96 Spread=0.20 pips
2026-05-06 04:41:48 INFO mt5_bot - Signal=NONE reason=no_closed_bar_crossover price=None trend=bullish rsi=63.6 atr_pips=8.1 adx=35.4
2026-05-06 04:41:48 INFO mt5_bot - ADX boost: adx=35.4 \u2192 risk_pct=1.50%
2026-05-06 04:41:48 INFO mt5_bot - Execution status=skipped reason=no_closed_bar_crossover
2026-05-06 04:42:03 INFO mt5_bot - Balance=102029.96 Equity=102029.96 Spread=0.20 pips
2026-05-06 04:42:03 INFO mt5_bot - Signal=NONE reason=no_closed_bar_crossover price=None trend=bullish rsi=63.6 atr_pips=8.1 adx=35.4
2026-05-06 04:42:03 INFO mt5_bot - ADX boost: adx=35.4 \u2192 risk_pct=1.50%
2026-05-06 04:42:03 INFO mt5_bot - Execution status=skipped reason=no_closed_bar_crossover
2026-05-06 04:42:18 INFO mt5_bot - Balance=102029.96 Equity=102029.96 Spread=0.40 pips
2026-05-06 04:42:18 INFO mt5_bot - Signal=NONE reason=no_closed_bar_crossover price=None trend=bullish rsi=63.6 atr_pips=8.1 adx=35.4
2026-05-06 04:42:18 INFO mt5_bot - ADX boost: adx=35.4 \u2192 risk_pct=1.50%
2026-05-06 04:42:18 INFO mt5_bot - Execution status=skipped reason=no_closed_bar_crossover
2026-05-06 04:42:33 INFO mt5_bot - Balance=102029.96 Equity=102029.96 Spread=0.40 pips
2026-05-06 04:42:33 INFO mt5_bot - Signal=NONE reason=no_closed_bar_crossover price=None trend=bullish rsi=63.6 atr_pips=8.1 adx=35.4
2026-05-06 04:42:33 INFO mt5_bot - ADX boost: adx=35.4 \u2192 risk_pct=1.50%
2026-05-06 04:42:33 INFO mt5_bot - Execution status=skipped reason=no_closed_bar_crossover
2026-05-06 04:42:48 INFO mt5_bot - Balance=102029.96 Equity=102029.96 Spread=0.20 pips
2026-05-06 04:42:48 INFO mt5_bot - Signal=NONE reason=no_closed_bar_crossover price=None trend=bullish rsi=63.6 atr_pips=8.1 adx=35.4
2026-05-06 04:42:48 INFO mt5_bot - ADX boost: adx=35.4 \u2192 risk_pct=1.50%
2026-05-06 04:42:48 INFO mt5_bot - Execution status=skipped reason=no_closed_bar_crossover
2026-05-06 04:43:03 INFO mt5_bot - Balance=102029.96 Equity=102029.96 Spread=0.20 pips
2026-05-06 04:43:03 INFO mt5_bot - Signal=NONE reason=no_closed_bar_crossover price=None trend=bullish rsi=63.6 atr_pips=8.1 adx=35.4
2026-05-06 04:43:03 INFO mt5_bot - ADX boost: adx=35.4 \u2192 risk_pct=1.50%
2026-05-06 04:43:03 INFO mt5_bot - Execution status=skipped reason=no_closed_bar_crossover
2026-05-06 04:43:18 INFO mt5_bot - Balance=102029.96 Equity=102029.96 Spread=0.40 pips
2026-05-06 04:43:18 INFO mt5_bot - Signal=NONE reason=no_closed_bar_crossover price=None trend=bullish rsi=63.6 atr_pips=8.1 adx=35.4
2026-05-06 04:43:18 INFO mt5_bot - ADX boost: adx=35.4 \u2192 risk_pct=1.50%
2026-05-06 04:43:18 INFO mt5_bot - Execution status=skipped reason=no_closed_bar_crossover
2026-05-06 04:43:33 INFO mt5_bot - Balance=102029.96 Equity=102029.96 Spread=0.40 pips
2026-05-06 04:43:33 INFO mt5_bot - Signal=NONE reason=no_closed_bar_crossover price=None trend=bullish rsi=63.6 atr_pips=8.1 adx=35.4
2026-05-06 04:43:33 INFO mt5_bot - ADX boost: adx=35.4 \u2192 risk_pct=1.50%
2026-05-06 04:43:33 INFO mt5_bot - Execution status=skipped reason=no_closed_bar_crossover
2026-05-06 04:43:48 INFO mt5_bot - Balance=102029.96 Equity=102029.96 Spread=0.40 pips
2026-05-06 04:43:48 INFO mt5_bot - Signal=NONE reason=no_closed_bar_crossover price=None trend=bullish rsi=63.6 atr_pips=8.1 adx=35.4
2026-05-06 04:43:48 INFO mt5_bot - ADX boost: adx=35.4 \u2192 risk_pct=1.50%
2026-05-06 04:43:48 INFO mt5_bot - Execution status=skipped reason=no_closed_bar_crossover
2026-05-06 04:44:03 INFO mt5_bot - Balance=102029.96 Equity=102029.96 Spread=0.20 pips
2026-05-06 04:44:03 INFO mt5_bot - Signal=NONE reason=no_closed_bar_crossover price=None trend=bullish rsi=63.6 atr_pips=8.1 adx=35.4
2026-05-06 04:44:03 INFO mt5_bot - ADX boost: adx=35.4 \u2192 risk_pct=1.50%
2026-05-06 04:44:03 INFO mt5_bot - Execution status=skipped reason=no_closed_bar_crossover
2026-05-06 04:44:18 INFO mt5_bot - Balance=102029.96 Equity=102029.96 Spread=0.40 pips
2026-05-06 04:44:18 INFO mt5_bot - Signal=NONE reason=no_closed_bar_crossover price=None trend=bullish rsi=63.6 atr_pips=8.1 adx=35.4
2026-05-06 04:44:18 INFO mt5_bot - ADX boost: adx=35.4 \u2192 risk_pct=1.50%
2026-05-06 04:44:18 INFO mt5_bot - Execution status=skipped reason=no_closed_bar_crossover
2026-05-06 04:44:33 INFO mt5_bot - Balance=102029.96 Equity=102029.96 Spread=0.40 pips
2026-05-06 04:44:33 INFO mt5_bot - Signal=NONE reason=no_closed_bar_crossover price=None trend=bullish rsi=63.6 atr_pips=8.1 adx=35.4
2026-05-06 04:44:33 INFO mt5_bot - ADX boost: adx=35.4 \u2192 risk_pct=1.50%
2026-05-06 04:44:33 INFO mt5_bot - Execution status=skipped reason=no_closed_bar_crossover
2026-05-06 04:44:48 INFO mt5_bot - Balance=102029.96 Equity=102029.96 Spread=0.40 pips
2026-05-06 04:44:48 INFO mt5_bot - Signal=NONE reason=no_closed_bar_crossover price=None trend=bullish rsi=63.6 atr_pips=8.1 adx=35.4
2026-05-06 04:44:48 INFO mt5_bot - ADX boost: adx=35.4 \u2192 risk_pct=1.50%
2026-05-06 04:44:48 INFO mt5_bot - Execution status=skipped reason=no_closed_bar_crossover
2026-05-06 04:45:03 INFO mt5_bot - Balance=102029.96 Equity=102029.96 Spread=0.20 pips
2026-05-06 04:45:03 INFO mt5_bot - Signal=NONE reason=no_closed_bar_crossover price=None trend=bullish rsi=64.7 atr_pips=8.1 adx=36.4
2026-05-06 04:45:03 INFO mt5_bot - ADX boost: adx=36.4 \u2192 risk_pct=1.50%
2026-05-06 04:45:03 INFO mt5_bot - Execution status=skipped reason=no_closed_bar_crossover
2026-05-06 04:45:18 INFO mt5_bot - Balance=102029.96 Equity=102029.96 Spread=0.20 pips
2026-05-06 04:45:18 INFO mt5_bot - Signal=NONE reason=no_closed_bar_crossover price=None trend=bullish rsi=64.7 atr_pips=8.1 adx=36.4
2026-05-06 04:45:18 INFO mt5_bot - ADX boost: adx=36.4 \u2192 risk_pct=1.50%
2026-05-06 04:45:18 INFO mt5_bot - Execution status=skipped reason=no_closed_bar_crossover
2026-05-06 04:45:33 INFO mt5_bot - Balance=102029.96 Equity=102029.96 Spread=0.40 pips
2026-05-06 04:45:33 INFO mt5_bot - Signal=NONE reason=no_closed_bar_crossover price=None trend=bullish rsi=64.7 atr_pips=8.1 adx=36.4
2026-05-06 04:45:33 INFO mt5_bot - ADX boost: adx=36.4 \u2192 risk_pct=1.50%
2026-05-06 04:45:33 INFO mt5_bot - Execution status=skipped reason=no_closed_bar_crossover
2026-05-06 04:45:48 INFO mt5_bot - Balance=102029.96 Equity=102029.96 Spread=0.40 pips
2026-05-06 04:45:48 INFO mt5_bot - Signal=NONE reason=no_closed_bar_crossover price=None trend=bullish rsi=64.7 atr_pips=8.1 adx=36.4
2026-05-06 04:45:48 INFO mt5_bot - ADX boost: adx=36.4 \u2192 risk_pct=1.50%
2026-05-06 04:45:48 INFO mt5_bot - Execution status=skipped reason=no_closed_bar_crossover
2026-05-06 04:46:03 INFO mt5_bot - Balance=102029.96 Equity=102029.96 Spread=0.20 pips
2026-05-06 04:46:03 INFO mt5_bot - Signal=NONE reason=no_closed_bar_crossover price=None trend=bullish rsi=64.7 atr_pips=8.1 adx=36.4
2026-05-06 04:46:03 INFO mt5_bot - ADX boost: adx=36.4 \u2192 risk_pct=1.50%
2026-05-06 04:46:03 INFO mt5_bot - Execution status=skipped reason=no_closed_bar_crossover
2026-05-06 04:46:18 INFO mt5_bot - Balance=102029.96 Equity=102029.96 Spread=0.40 pips
2026-05-06 04:46:18 INFO mt5_bot - Signal=NONE reason=no_closed_bar_crossover price=None trend=bullish rsi=64.7 atr_pips=8.1 adx=36.4
2026-05-06 04:46:18 INFO mt5_bot - ADX boost: adx=36.4 \u2192 risk_pct=1.50%
2026-05-06 04:46:18 INFO mt5_bot - Execution status=skipped reason=no_closed_bar_crossover
2026-05-06 04:46:33 INFO mt5_bot - Balance=102029.96 Equity=102029.96 Spread=0.20 pips
2026-05-06 04:46:33 INFO mt5_bot - Signal=NONE reason=no_closed_bar_crossover price=None trend=bullish rsi=64.7 atr_pips=8.1 adx=36.4
2026-05-06 04:46:33 INFO mt5_bot - ADX boost: adx=36.4 \u2192 risk_pct=1.50%
2026-05-06 04:46:33 INFO mt5_bot - Execution status=skipped reason=no_closed_bar_crossover
2026-05-06 04:46:48 INFO mt5_bot - Balance=102029.96 Equity=102029.96 Spread=0.20 pips
2026-05-06 04:46:48 INFO mt5_bot - Signal=NONE reason=no_closed_bar_crossover price=None trend=bullish rsi=64.7 atr_pips=8.1 adx=36.4
2026-05-06 04:46:48 INFO mt5_bot - ADX boost: adx=36.4 \u2192 risk_pct=1.50%
2026-05-06 04:46:48 INFO mt5_bot - Execution status=skipped reason=no_closed_bar_crossover
2026-05-06 04:47:03 INFO mt5_bot - Balance=102029.96 Equity=102029.96 Spread=0.40 pips
2026-05-06 04:47:03 INFO mt5_bot - Signal=NONE reason=no_closed_bar_crossover price=None trend=bullish rsi=64.7 atr_pips=8.1 adx=36.4
2026-05-06 04:47:03 INFO mt5_bot - ADX boost: adx=36.4 \u2192 risk_pct=1.50%
2026-05-06 04:47:03 INFO mt5_bot - Execution status=skipped reason=no_closed_bar_crossover
2026-05-06 04:47:18 INFO mt5_bot - Balance=102029.96 Equity=102029.96 Spread=0.40 pips
2026-05-06 04:47:18 INFO mt5_bot - Signal=NONE reason=no_closed_bar_crossover price=None trend=bullish rsi=64.7 atr_pips=8.1 adx=36.4
2026-05-06 04:47:18 INFO mt5_bot - ADX boost: adx=36.4 \u2192 risk_pct=1.50%
2026-05-06 04:47:18 INFO mt5_bot - Execution status=skipped reason=no_closed_bar_crossover
2026-05-06 04:47:33 INFO mt5_bot - Balance=102029.96 Equity=102029.96 Spread=0.40 pips
2026-05-06 04:47:33 INFO mt5_bot - Signal=NONE reason=no_closed_bar_crossover price=None trend=bullish rsi=64.7 atr_pips=8.1 adx=36.4
2026-05-06 04:47:33 INFO mt5_bot - ADX boost: adx=36.4 \u2192 risk_pct=1.50%
2026-05-06 04:47:33 INFO mt5_bot - Execution status=skipped reason=no_closed_bar_crossover
2026-05-06 04:47:48 INFO mt5_bot - Balance=102029.96 Equity=102029.96 Spread=0.20 pips
2026-05-06 04:47:48 INFO mt5_bot - Signal=NONE reason=no_closed_bar_crossover price=None trend=bullish rsi=64.7 atr_pips=8.1 adx=36.4
2026-05-06 04:47:48 INFO mt5_bot - ADX boost: adx=36.4 \u2192 risk_pct=1.50%
2026-05-06 04:47:48 INFO mt5_bot - Execution status=skipped reason=no_closed_bar_crossover
2026-05-06 04:48:03 INFO mt5_bot - Balance=102029.96 Equity=102029.96 Spread=0.40 pips
2026-05-06 04:48:03 INFO mt5_bot - Signal=NONE reason=no_closed_bar_crossover price=None trend=bullish rsi=64.7 atr_pips=8.1 adx=36.4
2026-05-06 04:48:03 INFO mt5_bot - ADX boost: adx=36.4 \u2192 risk_pct=1.50%
2026-05-06 04:48:03 INFO mt5_bot - Execution status=skipped reason=no_closed_bar_crossover
2026-05-06 04:48:18 INFO mt5_bot - Balance=102029.96 Equity=102029.96 Spread=0.40 pips
2026-05-06 04:48:18 INFO mt5_bot - Signal=NONE reason=no_closed_bar_crossover price=None trend=bullish rsi=64.7 atr_pips=8.1 adx=36.4
2026-05-06 04:48:18 INFO mt5_bot - ADX boost: adx=36.4 \u2192 risk_pct=1.50%
2026-05-06 04:48:18 INFO mt5_bot - Execution status=skipped reason=no_closed_bar_crossover
2026-05-06 04:48:33 INFO mt5_bot - Balance=102029.96 Equity=102029.96 Spread=0.20 pips
2026-05-06 04:48:33 INFO mt5_bot - Signal=NONE reason=no_closed_bar_crossover price=None trend=bullish rsi=64.7 atr_pips=8.1 adx=36.4
2026-05-06 04:48:33 INFO mt5_bot - ADX boost: adx=36.4 \u2192 risk_pct=1.50%
2026-05-06 04:48:33 INFO mt5_bot - Execution status=skipped reason=no_closed_bar_crossover
2026-05-06 04:48:48 INFO mt5_bot - Balance=102029.96 Equity=102029.96 Spread=0.40 pips
2026-05-06 04:48:48 INFO mt5_bot - Signal=NONE reason=no_closed_bar_crossover price=None trend=bullish rsi=64.7 atr_pips=8.1 adx=36.4
2026-05-06 04:48:48 INFO mt5_bot - ADX boost: adx=36.4 \u2192 risk_pct=1.50%
2026-05-06 04:48:48 INFO mt5_bot - Execution status=skipped reason=no_closed_bar_crossover
2026-05-06 04:49:03 INFO mt5_bot - Balance=102029.96 Equity=102029.96 Spread=0.40 pips
2026-05-06 04:49:03 INFO mt5_bot - Signal=NONE reason=no_closed_bar_crossover price=None trend=bullish rsi=64.7 atr_pips=8.1 adx=36.4
2026-05-06 04:49:03 INFO mt5_bot - ADX boost: adx=36.4 \u2192 risk_pct=1.50%
2026-05-06 04:49:03 INFO mt5_bot - Execution status=skipped reason=no_closed_bar_crossover
2026-05-06 04:49:18 INFO mt5_bot - Balance=102029.96 Equity=102029.96 Spread=0.20 pips
2026-05-06 04:49:18 INFO mt5_bot - Signal=NONE reason=no_closed_bar_crossover price=None trend=bullish rsi=64.7 atr_pips=8.1 adx=36.4
2026-05-06 04:49:18 INFO mt5_bot - ADX boost: adx=36.4 \u2192 risk_pct=1.50%
2026-05-06 04:49:18 INFO mt5_bot - Execution status=skipped reason=no_closed_bar_crossover
2026-05-06 04:49:33 INFO mt5_bot - Balance=102029.96 Equity=102029.96 Spread=0.20 pips
2026-05-06 04:49:33 INFO mt5_bot - Signal=NONE reason=no_closed_bar_crossover price=None trend=bullish rsi=64.7 atr_pips=8.1 adx=36.4
2026-05-06 04:49:33 INFO mt5_bot - ADX boost: adx=36.4 \u2192 risk_pct=1.50%
2026-05-06 04:49:33 INFO mt5_bot - Execution status=skipped reason=no_closed_bar_crossover
2026-05-06 04:49:48 INFO mt5_bot - Balance=102029.96 Equity=102029.96 Spread=0.20 pips
2026-05-06 04:49:48 INFO mt5_bot - Signal=NONE reason=no_closed_bar_crossover price=None trend=bullish rsi=64.7 atr_pips=8.1 adx=36.4
2026-05-06 04:49:48 INFO mt5_bot - ADX boost: adx=36.4 \u2192 risk_pct=1.50%
2026-05-06 04:49:48 INFO mt5_bot - Execution status=skipped reason=no_closed_bar_crossover
2026-05-06 04:50:03 INFO mt5_bot - Balance=102029.96 Equity=102029.96 Spread=0.20 pips
2026-05-06 04:50:03 INFO mt5_bot - Signal=NONE reason=no_closed_bar_crossover price=None trend=bullish rsi=64.7 atr_pips=8.1 adx=36.4
2026-05-06 04:50:03 INFO mt5_bot - ADX boost: adx=36.4 \u2192 risk_pct=1.50%
2026-05-06 04:50:03 INFO mt5_bot - Execution status=skipped reason=no_closed_bar_crossover
2026-05-06 04:50:18 INFO mt5_bot - Balance=102029.96 Equity=102029.96 Spread=0.20 pips
2026-05-06 04:50:18 INFO mt5_bot - Signal=NONE reason=no_closed_bar_crossover price=None trend=bullish rsi=64.7 atr_pips=8.1 adx=36.4
2026-05-06 04:50:18 INFO mt5_bot - ADX boost: adx=36.4 \u2192 risk_pct=1.50%
2026-05-06 04:50:18 INFO mt5_bot - Execution status=skipped reason=no_closed_bar_crossover
2026-05-06 04:50:33 INFO mt5_bot - Balance=102029.96 Equity=102029.96 Spread=0.20 pips
2026-05-06 04:50:33 INFO mt5_bot - Signal=NONE reason=no_closed_bar_crossover price=None trend=bullish rsi=64.7 atr_pips=8.1 adx=36.4
2026-05-06 04:50:33 INFO mt5_bot - ADX boost: adx=36.4 \u2192 risk_pct=1.50%
2026-05-06 04:50:33 INFO mt5_bot - Execution status=skipped reason=no_closed_bar_crossover
2026-05-06 04:50:48 INFO mt5_bot - Balance=102029.96 Equity=102029.96 Spread=0.40 pips
2026-05-06 04:50:48 INFO mt5_bot - Signal=NONE reason=no_closed_bar_crossover price=None trend=bullish rsi=64.7 atr_pips=8.1 adx=36.4
2026-05-06 04:50:48 INFO mt5_bot - ADX boost: adx=36.4 \u2192 risk_pct=1.50%
2026-05-06 04:50:48 INFO mt5_bot - Execution status=skipped reason=no_closed_bar_crossover
2026-05-06 04:51:03 INFO mt5_bot - Balance=102029.96 Equity=102029.96 Spread=0.20 pips
2026-05-06 04:51:03 INFO mt5_bot - Signal=NONE reason=no_closed_bar_crossover price=None trend=bullish rsi=64.7 atr_pips=8.1 adx=36.4
2026-05-06 04:51:03 INFO mt5_bot - ADX boost: adx=36.4 \u2192 risk_pct=1.50%
2026-05-06 04:51:03 INFO mt5_bot - Execution status=skipped reason=no_closed_bar_crossover
2026-05-06 04:51:18 INFO mt5_bot - Balance=102029.96 Equity=102029.96 Spread=0.40 pips
2026-05-06 04:51:18 INFO mt5_bot - Signal=NONE reason=no_closed_bar_crossover price=None trend=bullish rsi=64.7 atr_pips=8.1 adx=36.4
2026-05-06 04:51:18 INFO mt5_bot - ADX boost: adx=36.4 \u2192 risk_pct=1.50%
2026-05-06 04:51:18 INFO mt5_bot - Execution status=skipped reason=no_closed_bar_crossover
2026-05-06 04:51:33 INFO mt5_bot - Balance=102029.96 Equity=102029.96 Spread=0.20 pips
2026-05-06 04:51:33 INFO mt5_bot - Signal=NONE reason=no_closed_bar_crossover price=None trend=bullish rsi=64.7 atr_pips=8.1 adx=36.4
2026-05-06 04:51:33 INFO mt5_bot - ADX boost: adx=36.4 \u2192 risk_pct=1.50%
2026-05-06 04:51:33 INFO mt5_bot - Execution status=skipped reason=no_closed_bar_crossover
2026-05-06 04:51:48 INFO mt5_bot - Balance=102029.96 Equity=102029.96 Spread=0.40 pips
2026-05-06 04:51:48 INFO mt5_bot - Signal=NONE reason=no_closed_bar_crossover price=None trend=bullish rsi=64.7 atr_pips=8.1 adx=36.4
2026-05-06 04:51:48 INFO mt5_bot - ADX boost: adx=36.4 \u2192 risk_pct=1.50%
2026-05-06 04:51:48 INFO mt5_bot - Execution status=skipped reason=no_closed_bar_crossover
2026-05-06 04:52:04 INFO mt5_bot - Balance=102029.96 Equity=102029.96 Spread=0.40 pips
2026-05-06 04:52:04 INFO mt5_bot - Signal=NONE reason=no_closed_bar_crossover price=None trend=bullish rsi=64.7 atr_pips=8.1 adx=36.4
2026-05-06 04:52:04 INFO mt5_bot - ADX boost: adx=36.4 \u2192 risk_pct=1.50%
2026-05-06 04:52:04 INFO mt5_bot - Execution status=skipped reason=no_closed_bar_crossover
2026-05-06 04:52:19 INFO mt5_bot - Balance=102029.96 Equity=102029.96 Spread=0.20 pips
2026-05-06 04:52:19 INFO mt5_bot - Signal=NONE reason=no_closed_bar_crossover price=None trend=bullish rsi=64.7 atr_pips=8.1 adx=36.4
2026-05-06 04:52:19 INFO mt5_bot - ADX boost: adx=36.4 \u2192 risk_pct=1.50%
2026-05-06 04:52:19 INFO mt5_bot - Execution status=skipped reason=no_closed_bar_crossover
2026-05-06 04:52:34 INFO mt5_bot - Balance=102029.96 Equity=102029.96 Spread=0.40 pips
2026-05-06 04:52:34 INFO mt5_bot - Signal=NONE reason=no_closed_bar_crossover price=None trend=bullish rsi=64.7 atr_pips=8.1 adx=36.4
2026-05-06 04:52:34 INFO mt5_bot - ADX boost: adx=36.4 \u2192 risk_pct=1.50%
2026-05-06 04:52:34 INFO mt5_bot - Execution status=skipped reason=no_closed_bar_crossover
2026-05-06 04:52:49 INFO mt5_bot - Balance=102029.96 Equity=102029.96 Spread=0.40 pips
2026-05-06 04:52:49 INFO mt5_bot - Signal=NONE reason=no_closed_bar_crossover price=None trend=bullish rsi=64.7 atr_pips=8.1 adx=36.4
2026-05-06 04:52:49 INFO mt5_bot - ADX boost: adx=36.4 \u2192 risk_pct=1.50%
2026-05-06 04:52:49 INFO mt5_bot - Execution status=skipped reason=no_closed_bar_crossover
2026-05-06 04:53:04 INFO mt5_bot - Balance=102029.96 Equity=102029.96 Spread=0.40 pips
2026-05-06 04:53:04 INFO mt5_bot - Signal=NONE reason=no_closed_bar_crossover price=None trend=bullish rsi=64.7 atr_pips=8.1 adx=36.4
2026-05-06 04:53:04 INFO mt5_bot - ADX boost: adx=36.4 \u2192 risk_pct=1.50%
2026-05-06 04:53:04 INFO mt5_bot - Execution status=skipped reason=no_closed_bar_crossover
2026-05-06 04:53:19 INFO mt5_bot - Balance=102029.96 Equity=102029.96 Spread=0.20 pips
2026-05-06 04:53:19 INFO mt5_bot - Signal=NONE reason=no_closed_bar_crossover price=None trend=bullish rsi=64.7 atr_pips=8.1 adx=36.4
2026-05-06 04:53:19 INFO mt5_bot - ADX boost: adx=36.4 \u2192 risk_pct=1.50%
2026-05-06 04:53:19 INFO mt5_bot - Execution status=skipped reason=no_closed_bar_crossover
2026-05-06 04:53:34 INFO mt5_bot - Balance=102029.96 Equity=102029.96 Spread=0.20 pips
2026-05-06 04:53:34 INFO mt5_bot - Signal=NONE reason=no_closed_bar_crossover price=None trend=bullish rsi=64.7 atr_pips=8.1 adx=36.4
2026-05-06 04:53:34 INFO mt5_bot - ADX boost: adx=36.4 \u2192 risk_pct=1.50%
2026-05-06 04:53:34 INFO mt5_bot - Execution status=skipped reason=no_closed_bar_crossover
2026-05-06 04:53:49 INFO mt5_bot - Balance=102029.96 Equity=102029.96 Spread=0.20 pips
2026-05-06 04:53:49 INFO mt5_bot - Signal=NONE reason=no_closed_bar_crossover price=None trend=bullish rsi=64.7 atr_pips=8.1 adx=36.4
2026-05-06 04:53:49 INFO mt5_bot - ADX boost: adx=36.4 \u2192 risk_pct=1.50%
2026-05-06 04:53:49 INFO mt5_bot - Execution status=skipped reason=no_closed_bar_crossover
2026-05-06 04:54:04 INFO mt5_bot - Balance=102029.96 Equity=102029.96 Spread=0.20 pips
2026-05-06 04:54:04 INFO mt5_bot - Signal=NONE reason=no_closed_bar_crossover price=None trend=bullish rsi=64.7 atr_pips=8.1 adx=36.4
2026-05-06 04:54:04 INFO mt5_bot - ADX boost: adx=36.4 \u2192 risk_pct=1.50%
2026-05-06 04:54:04 INFO mt5_bot - Execution status=skipped reason=no_closed_bar_crossover
2026-05-06 04:54:19 INFO mt5_bot - Balance=102029.96 Equity=102029.96 Spread=0.20 pips
2026-05-06 04:54:19 INFO mt5_bot - Signal=NONE reason=no_closed_bar_crossover price=None trend=bullish rsi=64.7 atr_pips=8.1 adx=36.4
2026-05-06 04:54:19 INFO mt5_bot - ADX boost: adx=36.4 \u2192 risk_pct=1.50%
2026-05-06 04:54:19 INFO mt5_bot - Execution status=skipped reason=no_closed_bar_crossover
2026-05-06 04:54:34 INFO mt5_bot - Balance=102029.96 Equity=102029.96 Spread=0.40 pips
2026-05-06 04:54:34 INFO mt5_bot - Signal=NONE reason=no_closed_bar_crossover price=None trend=bullish rsi=64.7 atr_pips=8.1 adx=36.4
2026-05-06 04:54:34 INFO mt5_bot - ADX boost: adx=36.4 \u2192 risk_pct=1.50%
2026-05-06 04:54:34 INFO mt5_bot - Execution status=skipped reason=no_closed_bar_crossover
2026-05-06 04:54:49 INFO mt5_bot - Balance=102029.96 Equity=102029.96 Spread=0.20 pips
2026-05-06 04:54:49 INFO mt5_bot - Signal=NONE reason=no_closed_bar_crossover price=None trend=bullish rsi=64.7 atr_pips=8.1 adx=36.4
2026-05-06 04:54:49 INFO mt5_bot - ADX boost: adx=36.4 \u2192 risk_pct=1.50%
2026-05-06 04:54:49 INFO mt5_bot - Execution status=skipped reason=no_closed_bar_crossover
2026-05-06 04:55:04 INFO mt5_bot - Balance=102029.96 Equity=102029.96 Spread=0.20 pips
2026-05-06 04:55:04 INFO mt5_bot - Signal=NONE reason=no_closed_bar_crossover price=None trend=bullish rsi=64.7 atr_pips=8.1 adx=36.4
2026-05-06 04:55:04 INFO mt5_bot - ADX boost: adx=36.4 \u2192 risk_pct=1.50%
2026-05-06 04:55:04 INFO mt5_bot - Execution status=skipped reason=no_closed_bar_crossover
2026-05-06 04:55:19 INFO mt5_bot - Balance=102029.96 Equity=102029.96 Spread=0.40 pips
2026-05-06 04:55:19 INFO mt5_bot - Signal=NONE reason=no_closed_bar_crossover price=None trend=bullish rsi=64.7 atr_pips=8.1 adx=36.4
2026-05-06 04:55:19 INFO mt5_bot - ADX boost: adx=36.4 \u2192 risk_pct=1.50%
2026-05-06 04:55:19 INFO mt5_bot - Execution status=skipped reason=no_closed_bar_crossover
2026-05-06 04:55:34 INFO mt5_bot - Balance=102029.96 Equity=102029.96 Spread=0.20 pips
2026-05-06 04:55:34 INFO mt5_bot - Signal=NONE reason=no_closed_bar_crossover price=None trend=bullish rsi=64.7 atr_pips=8.1 adx=36.4
2026-05-06 04:55:34 INFO mt5_bot - ADX boost: adx=36.4 \u2192 risk_pct=1.50%
2026-05-06 04:55:34 INFO mt5_bot - Execution status=skipped reason=no_closed_bar_crossover
2026-05-06 04:55:49 INFO mt5_bot - Balance=102029.96 Equity=102029.96 Spread=0.20 pips
2026-05-06 04:55:49 INFO mt5_bot - Signal=NONE reason=no_closed_bar_crossover price=None trend=bullish rsi=64.7 atr_pips=8.1 adx=36.4
2026-05-06 04:55:49 INFO mt5_bot - ADX boost: adx=36.4 \u2192 risk_pct=1.50%
2026-05-06 04:55:49 INFO mt5_bot - Execution status=skipped reason=no_closed_bar_crossover
2026-05-06 04:56:04 INFO mt5_bot - Balance=102029.96 Equity=102029.96 Spread=0.20 pips
2026-05-06 04:56:04 INFO mt5_bot - Signal=NONE reason=no_closed_bar_crossover price=None trend=bullish rsi=64.7 atr_pips=8.1 adx=36.4
2026-05-06 04:56:04 INFO mt5_bot - ADX boost: adx=36.4 \u2192 risk_pct=1.50%
2026-05-06 04:56:04 INFO mt5_bot - Execution status=skipped reason=no_closed_bar_crossover
2026-05-06 04:56:19 INFO mt5_bot - Balance=102029.96 Equity=102029.96 Spread=0.40 pips
2026-05-06 04:56:19 INFO mt5_bot - Signal=NONE reason=no_closed_bar_crossover price=None trend=bullish rsi=64.7 atr_pips=8.1 adx=36.4
2026-05-06 04:56:19 INFO mt5_bot - ADX boost: adx=36.4 \u2192 risk_pct=1.50%
2026-05-06 04:56:19 INFO mt5_bot - Execution status=skipped reason=no_closed_bar_crossover
2026-05-06 04:56:34 INFO mt5_bot - Balance=102029.96 Equity=102029.96 Spread=0.40 pips
2026-05-06 04:56:34 INFO mt5_bot - Signal=NONE reason=no_closed_bar_crossover price=None trend=bullish rsi=64.7 atr_pips=8.1 adx=36.4
2026-05-06 04:56:34 INFO mt5_bot - ADX boost: adx=36.4 \u2192 risk_pct=1.50%
2026-05-06 04:56:34 INFO mt5_bot - Execution status=skipped reason=no_closed_bar_crossover
2026-05-06 04:56:49 INFO mt5_bot - Balance=102029.96 Equity=102029.96 Spread=0.20 pips
2026-05-06 04:56:49 INFO mt5_bot - Signal=NONE reason=no_closed_bar_crossover price=None trend=bullish rsi=64.7 atr_pips=8.1 adx=36.4
2026-05-06 04:56:49 INFO mt5_bot - ADX boost: adx=36.4 \u2192 risk_pct=1.50%
2026-05-06 04:56:49 INFO mt5_bot - Execution status=skipped reason=no_closed_bar_crossover
2026-05-06 04:57:04 INFO mt5_bot - Balance=102029.96 Equity=102029.96 Spread=0.20 pips
2026-05-06 04:57:04 INFO mt5_bot - Signal=NONE reason=no_closed_bar_crossover price=None trend=bullish rsi=64.7 atr_pips=8.1 adx=36.4
2026-05-06 04:57:04 INFO mt5_bot - ADX boost: adx=36.4 \u2192 risk_pct=1.50%
2026-05-06 04:57:04 INFO mt5_bot - Execution status=skipped reason=no_closed_bar_crossover
2026-05-06 04:57:19 INFO mt5_bot - Balance=102029.96 Equity=102029.96 Spread=0.20 pips
2026-05-06 04:57:19 INFO mt5_bot - Signal=NONE reason=no_closed_bar_crossover price=None trend=bullish rsi=64.7 atr_pips=8.1 adx=36.4
2026-05-06 04:57:19 INFO mt5_bot - ADX boost: adx=36.4 \u2192 risk_pct=1.50%
2026-05-06 04:57:19 INFO mt5_bot - Execution status=skipped reason=no_closed_bar_crossover
2026-05-06 04:57:34 INFO mt5_bot - Balance=102029.96 Equity=102029.96 Spread=0.40 pips
2026-05-06 04:57:34 INFO mt5_bot - Signal=NONE reason=no_closed_bar_crossover price=None trend=bullish rsi=64.7 atr_pips=8.1 adx=36.4
2026-05-06 04:57:34 INFO mt5_bot - ADX boost: adx=36.4 \u2192 risk_pct=1.50%
2026-05-06 04:57:34 INFO mt5_bot - Execution status=skipped reason=no_closed_bar_crossover
2026-05-06 04:57:49 INFO mt5_bot - Balance=102029.96 Equity=102029.96 Spread=0.20 pips
2026-05-06 04:57:49 INFO mt5_bot - Signal=NONE reason=no_closed_bar_crossover price=None trend=bullish rsi=64.7 atr_pips=8.1 adx=36.4
2026-05-06 04:57:49 INFO mt5_bot - ADX boost: adx=36.4 \u2192 risk_pct=1.50%
2026-05-06 04:57:49 INFO mt5_bot - Execution status=skipped reason=no_closed_bar_crossover
2026-05-06 04:58:04 INFO mt5_bot - Balance=102029.96 Equity=102029.96 Spread=0.40 pips
2026-05-06 04:58:04 INFO mt5_bot - Signal=NONE reason=no_closed_bar_crossover price=None trend=bullish rsi=64.7 atr_pips=8.1 adx=36.4
2026-05-06 04:58:04 INFO mt5_bot - ADX boost: adx=36.4 \u2192 risk_pct=1.50%
2026-05-06 04:58:04 INFO mt5_bot - Execution status=skipped reason=no_closed_bar_crossover
2026-05-06 04:58:19 INFO mt5_bot - Balance=102029.96 Equity=102029.96 Spread=0.20 pips
2026-05-06 04:58:19 INFO mt5_bot - Signal=NONE reason=no_closed_bar_crossover price=None trend=bullish rsi=64.7 atr_pips=8.1 adx=36.4
2026-05-06 04:58:19 INFO mt5_bot - ADX boost: adx=36.4 \u2192 risk_pct=1.50%
2026-05-06 04:58:19 INFO mt5_bot - Execution status=skipped reason=no_closed_bar_crossover
2026-05-06 04:58:34 INFO mt5_bot - Balance=102029.96 Equity=102029.96 Spread=0.20 pips
2026-05-06 04:58:34 INFO mt5_bot - Signal=NONE reason=no_closed_bar_crossover price=None trend=bullish rsi=64.7 atr_pips=8.1 adx=36.4
2026-05-06 04:58:34 INFO mt5_bot - ADX boost: adx=36.4 \u2192 risk_pct=1.50%
2026-05-06 04:58:34 INFO mt5_bot - Execution status=skipped reason=no_closed_bar_crossover
2026-05-06 04:58:49 INFO mt5_bot - Balance=102029.96 Equity=102029.96 Spread=0.40 pips
2026-05-06 04:58:49 INFO mt5_bot - Signal=NONE reason=no_closed_bar_crossover price=None trend=bullish rsi=64.7 atr_pips=8.1 adx=36.4
2026-05-06 04:58:49 INFO mt5_bot - ADX boost: adx=36.4 \u2192 risk_pct=1.50%
2026-05-06 04:58:49 INFO mt5_bot - Execution status=skipped reason=no_closed_bar_crossover
2026-05-06 04:59:04 INFO mt5_bot - Balance=102029.96 Equity=102029.96 Spread=0.40 pips
2026-05-06 04:59:04 INFO mt5_bot - Signal=NONE reason=no_closed_bar_crossover price=None trend=bullish rsi=64.7 atr_pips=8.1 adx=36.4
2026-05-06 04:59:04 INFO mt5_bot - ADX boost: adx=36.4 \u2192 risk_pct=1.50%
2026-05-06 04:59:04 INFO mt5_bot - Execution status=skipped reason=no_closed_bar_crossover
2026-05-06 04:59:19 INFO mt5_bot - Balance=102029.96 Equity=102029.96 Spread=0.20 pips
2026-05-06 04:59:19 INFO mt5_bot - Signal=NONE reason=no_closed_bar_crossover price=None trend=bullish rsi=64.7 atr_pips=8.1 adx=36.4
2026-05-06 04:59:19 INFO mt5_bot - ADX boost: adx=36.4 \u2192 risk_pct=1.50%
2026-05-06 04:59:19 INFO mt5_bot - Execution status=skipped reason=no_closed_bar_crossover
2026-05-06 04:59:34 INFO mt5_bot - Balance=102029.96 Equity=102029.96 Spread=0.20 pips
2026-05-06 04:59:34 INFO mt5_bot - Signal=NONE reason=no_closed_bar_crossover price=None trend=bullish rsi=64.7 atr_pips=8.1 adx=36.4
2026-05-06 04:59:34 INFO mt5_bot - ADX boost: adx=36.4 \u2192 risk_pct=1.50%
2026-05-06 04:59:34 INFO mt5_bot - Execution status=skipped reason=no_closed_bar_crossover
2026-05-06 04:59:49 INFO mt5_bot - Balance=102029.96 Equity=102029.96 Spread=0.40 pips
2026-05-06 04:59:49 INFO mt5_bot - Signal=NONE reason=no_closed_bar_crossover price=None trend=bullish rsi=64.7 atr_pips=8.1 adx=36.4
2026-05-06 04:59:49 INFO mt5_bot - ADX boost: adx=36.4 \u2192 risk_pct=1.50%
2026-05-06 04:59:49 INFO mt5_bot - Execution status=skipped reason=no_closed_bar_crossover
2026-05-06 05:00:04 INFO mt5_bot - Balance=102029.96 Equity=102029.96 Spread=0.20 pips
2026-05-06 05:00:04 INFO mt5_bot - Signal=NONE reason=no_closed_bar_crossover price=None trend=bullish rsi=66.5 atr_pips=7.9 adx=37.3
2026-05-06 05:00:04 INFO mt5_bot - ADX boost: adx=37.3 \u2192 risk_pct=1.50%
2026-05-06 05:00:04 INFO mt5_bot - Execution status=skipped reason=no_closed_bar_crossover
2026-05-06 05:00:19 INFO mt5_bot - Balance=102029.96 Equity=102029.96 Spread=0.40 pips
2026-05-06 05:00:19 INFO mt5_bot.news_filter - news_filter: loaded 115 events from shared cache
2026-05-06 05:00:19 INFO mt5_bot - Signal=NONE reason=no_closed_bar_crossover price=None trend=bullish rsi=66.5 atr_pips=7.9 adx=37.3
2026-05-06 05:00:19 INFO mt5_bot - ADX boost: adx=37.3 \u2192 risk_pct=1.50%
2026-05-06 05:00:19 INFO mt5_bot - Execution status=skipped reason=no_closed_bar_crossover
2026-05-06 05:00:34 INFO mt5_bot - Balance=102029.96 Equity=102029.96 Spread=0.20 pips
2026-05-06 05:00:34 INFO mt5_bot - Signal=NONE reason=no_closed_bar_crossover price=None trend=bullish rsi=66.5 atr_pips=7.9 adx=37.3
2026-05-06 05:00:34 INFO mt5_bot - ADX boost: adx=37.3 \u2192 risk_pct=1.50%
2026-05-06 05:00:34 INFO mt5_bot - Execution status=skipped reason=no_closed_bar_crossover
2026-05-06 05:00:49 INFO mt5_bot - Balance=102029.96 Equity=102029.96 Spread=0.20 pips
2026-05-06 05:00:49 INFO mt5_bot - Signal=NONE reason=no_closed_bar_crossover price=None trend=bullish rsi=66.5 atr_pips=7.9 adx=37.3
2026-05-06 05:00:49 INFO mt5_bot - ADX boost: adx=37.3 \u2192 risk_pct=1.50%
2026-05-06 05:00:49 INFO mt5_bot - Execution status=skipped reason=no_closed_bar_crossover
2026-05-06 05:01:04 INFO mt5_bot - Balance=102029.96 Equity=102029.96 Spread=0.20 pips
2026-05-06 05:01:04 INFO mt5_bot - Signal=NONE reason=no_closed_bar_crossover price=None trend=bullish rsi=66.5 atr_pips=7.9 adx=37.3
2026-05-06 05:01:04 INFO mt5_bot - ADX boost: adx=37.3 \u2192 risk_pct=1.50%
2026-05-06 05:01:04 INFO mt5_bot - Execution status=skipped reason=no_closed_bar_crossover
2026-05-06 05:01:19 INFO mt5_bot - Balance=102029.96 Equity=102029.96 Spread=0.20 pips
2026-05-06 05:01:19 INFO mt5_bot - Signal=NONE reason=no_closed_bar_crossover price=None trend=bullish rsi=66.5 atr_pips=7.9 adx=37.3
2026-05-06 05:01:19 INFO mt5_bot - ADX boost: adx=37.3 \u2192 risk_pct=1.50%
2026-05-06 05:01:19 INFO mt5_bot - Execution status=skipped reason=no_closed_bar_crossover
2026-05-06 05:01:34 INFO mt5_bot - Balance=102029.96 Equity=102029.96 Spread=0.40 pips
2026-05-06 05:01:34 INFO mt5_bot - Signal=NONE reason=no_closed_bar_crossover price=None trend=bullish rsi=66.5 atr_pips=7.9 adx=37.3
2026-05-06 05:01:34 INFO mt5_bot - ADX boost: adx=37.3 \u2192 risk_pct=1.50%
2026-05-06 05:01:34 INFO mt5_bot - Execution status=skipped reason=no_closed_bar_crossover
2026-05-06 05:01:49 INFO mt5_bot - Balance=102029.96 Equity=102029.96 Spread=0.40 pips
2026-05-06 05:01:49 INFO mt5_bot - Signal=NONE reason=no_closed_bar_crossover price=None trend=bullish rsi=66.5 atr_pips=7.9 adx=37.3
2026-05-06 05:01:49 INFO mt5_bot - ADX boost: adx=37.3 \u2192 risk_pct=1.50%
2026-05-06 05:01:49 INFO mt5_bot - Execution status=skipped reason=no_closed_bar_crossover
2026-05-06 05:02:04 INFO mt5_bot - Balance=102029.96 Equity=102029.96 Spread=0.20 pips
2026-05-06 05:02:04 INFO mt5_bot - Signal=NONE reason=no_closed_bar_crossover price=None trend=bullish rsi=66.5 atr_pips=7.9 adx=37.3
2026-05-06 05:02:04 INFO mt5_bot - ADX boost: adx=37.3 \u2192 risk_pct=1.50%
2026-05-06 05:02:04 INFO mt5_bot - Execution status=skipped reason=no_closed_bar_crossover
2026-05-06 05:02:19 INFO mt5_bot - Balance=102029.96 Equity=102029.96 Spread=0.20 pips
2026-05-06 05:02:19 INFO mt5_bot - Signal=NONE reason=no_closed_bar_crossover price=None trend=bullish rsi=66.5 atr_pips=7.9 adx=37.3
2026-05-06 05:02:19 INFO mt5_bot - ADX boost: adx=37.3 \u2192 risk_pct=1.50%
2026-05-06 05:02:19 INFO mt5_bot - Execution status=skipped reason=no_closed_bar_crossover
2026-05-06 05:02:34 INFO mt5_bot - Balance=102029.96 Equity=102029.96 Spread=0.20 pips
2026-05-06 05:02:34 INFO mt5_bot - Signal=NONE reason=no_closed_bar_crossover price=None trend=bullish rsi=66.5 atr_pips=7.9 adx=37.3
2026-05-06 05:02:34 INFO mt5_bot - ADX boost: adx=37.3 \u2192 risk_pct=1.50%
2026-05-06 05:02:34 INFO mt5_bot - Execution status=skipped reason=no_closed_bar_crossover
2026-05-06 05:02:49 INFO mt5_bot - Balance=102029.96 Equity=102029.96 Spread=0.40 pips
2026-05-06 05:02:49 INFO mt5_bot - Signal=NONE reason=no_closed_bar_crossover price=None trend=bullish rsi=66.5 atr_pips=7.9 adx=37.3
2026-05-06 05:02:49 INFO mt5_bot - ADX boost: adx=37.3 \u2192 risk_pct=1.50%
2026-05-06 05:02:49 INFO mt5_bot - Execution status=skipped reason=no_closed_bar_crossover
2026-05-06 05:03:04 INFO mt5_bot - Balance=102029.96 Equity=102029.96 Spread=0.20 pips
2026-05-06 05:03:04 INFO mt5_bot - Signal=NONE reason=no_closed_bar_crossover price=None trend=bullish rsi=66.5 atr_pips=7.9 adx=37.3
2026-05-06 05:03:04 INFO mt5_bot - ADX boost: adx=37.3 \u2192 risk_pct=1.50%
2026-05-06 05:03:04 INFO mt5_bot - Execution status=skipped reason=no_closed_bar_crossover
2026-05-06 05:03:19 INFO mt5_bot - Balance=102029.96 Equity=102029.96 Spread=0.20 pips
2026-05-06 05:03:19 INFO mt5_bot - Signal=NONE reason=no_closed_bar_crossover price=None trend=bullish rsi=66.5 atr_pips=7.9 adx=37.3
2026-05-06 05:03:19 INFO mt5_bot - ADX boost: adx=37.3 \u2192 risk_pct=1.50%
2026-05-06 05:03:19 INFO mt5_bot - Execution status=skipped reason=no_closed_bar_crossover
2026-05-06 05:03:34 INFO mt5_bot - Balance=102029.96 Equity=102029.96 Spread=0.20 pips
2026-05-06 05:03:34 INFO mt5_bot - Signal=NONE reason=no_closed_bar_crossover price=None trend=bullish rsi=66.5 atr_pips=7.9 adx=37.3
2026-05-06 05:03:34 INFO mt5_bot - ADX boost: adx=37.3 \u2192 risk_pct=1.50%
2026-05-06 05:03:34 INFO mt5_bot - Execution status=skipped reason=no_closed_bar_crossover
2026-05-06 05:03:49 INFO mt5_bot - Balance=102029.96 Equity=102029.96 Spread=0.40 pips
2026-05-06 05:03:49 INFO mt5_bot - Signal=NONE reason=no_closed_bar_crossover price=None trend=bullish rsi=66.5 atr_pips=7.9 adx=37.3
2026-05-06 05:03:49 INFO mt5_bot - ADX boost: adx=37.3 \u2192 risk_pct=1.50%
2026-05-06 05:03:49 INFO mt5_bot - Execution status=skipped reason=no_closed_bar_crossover
2026-05-06 05:04:04 INFO mt5_bot - Balance=102029.96 Equity=102029.96 Spread=0.20 pips
2026-05-06 05:04:04 INFO mt5_bot - Signal=NONE reason=no_closed_bar_crossover price=None trend=bullish rsi=66.5 atr_pips=7.9 adx=37.3
2026-05-06 05:04:04 INFO mt5_bot - ADX boost: adx=37.3 \u2192 risk_pct=1.50%
2026-05-06 05:04:04 INFO mt5_bot - Execution status=skipped reason=no_closed_bar_crossover
2026-05-06 05:04:19 INFO mt5_bot - Balance=102029.96 Equity=102029.96 Spread=0.20 pips
2026-05-06 05:04:19 INFO mt5_bot - Signal=NONE reason=no_closed_bar_crossover price=None trend=bullish rsi=66.5 atr_pips=7.9 adx=37.3
2026-05-06 05:04:19 INFO mt5_bot - ADX boost: adx=37.3 \u2192 risk_pct=1.50%
2026-05-06 05:04:19 INFO mt5_bot - Execution status=skipped reason=no_closed_bar_crossover
2026-05-06 05:04:34 INFO mt5_bot - Balance=102029.96 Equity=102029.96 Spread=0.40 pips
2026-05-06 05:04:34 INFO mt5_bot - Signal=NONE reason=no_closed_bar_crossover price=None trend=bullish rsi=66.5 atr_pips=7.9 adx=37.3
2026-05-06 05:04:34 INFO mt5_bot - ADX boost: adx=37.3 \u2192 risk_pct=1.50%
2026-05-06 05:04:34 INFO mt5_bot - Execution status=skipped reason=no_closed_bar_crossover
2026-05-06 05:04:49 INFO mt5_bot - Balance=102029.96 Equity=102029.96 Spread=0.40 pips
2026-05-06 05:04:49 INFO mt5_bot - Signal=NONE reason=no_closed_bar_crossover price=None trend=bullish rsi=66.5 atr_pips=7.9 adx=37.3
2026-05-06 05:04:49 INFO mt5_bot - ADX boost: adx=37.3 \u2192 risk_pct=1.50%
2026-05-06 05:04:49 INFO mt5_bot - Execution status=skipped reason=no_closed_bar_crossover
2026-05-06 05:05:04 INFO mt5_bot - Balance=102029.96 Equity=102029.96 Spread=0.20 pips
2026-05-06 05:05:04 INFO mt5_bot - Signal=NONE reason=no_closed_bar_crossover price=None trend=bullish rsi=66.5 atr_pips=7.9 adx=37.3
2026-05-06 05:05:04 INFO mt5_bot - ADX boost: adx=37.3 \u2192 risk_pct=1.50%
2026-05-06 05:05:04 INFO mt5_bot - Execution status=skipped reason=no_closed_bar_crossover
2026-05-06 05:05:19 INFO mt5_bot - Balance=102029.96 Equity=102029.96 Spread=0.40 pips
2026-05-06 05:05:19 INFO mt5_bot - Signal=NONE reason=no_closed_bar_crossover price=None trend=bullish rsi=66.5 atr_pips=7.9 adx=37.3
2026-05-06 05:05:19 INFO mt5_bot - ADX boost: adx=37.3 \u2192 risk_pct=1.50%
2026-05-06 05:05:19 INFO mt5_bot - Execution status=skipped reason=no_closed_bar_crossover
2026-05-06 05:05:34 INFO mt5_bot - Balance=102029.96 Equity=102029.96 Spread=0.40 pips
2026-05-06 05:05:34 INFO mt5_bot - Signal=NONE reason=no_closed_bar_crossover price=None trend=bullish rsi=66.5 atr_pips=7.9 adx=37.3
2026-05-06 05:05:34 INFO mt5_bot - ADX boost: adx=37.3 \u2192 risk_pct=1.50%
2026-05-06 05:05:34 INFO mt5_bot - Execution status=skipped reason=no_closed_bar_crossover
2026-05-06 05:05:49 INFO mt5_bot - Balance=102029.96 Equity=102029.96 Spread=0.40 pips
2026-05-06 05:05:49 INFO mt5_bot - Signal=NONE reason=no_closed_bar_crossover price=None trend=bullish rsi=66.5 atr_pips=7.9 adx=37.3
2026-05-06 05:05:49 INFO mt5_bot - ADX boost: adx=37.3 \u2192 risk_pct=1.50%
2026-05-06 05:05:49 INFO mt5_bot - Execution status=skipped reason=no_closed_bar_crossover
2026-05-06 05:06:04 INFO mt5_bot - Balance=102029.96 Equity=102029.96 Spread=0.20 pips
2026-05-06 05:06:04 INFO mt5_bot - Signal=NONE reason=no_closed_bar_crossover price=None trend=bullish rsi=66.5 atr_pips=7.9 adx=37.3
2026-05-06 05:06:04 INFO mt5_bot - ADX boost: adx=37.3 \u2192 risk_pct=1.50%
2026-05-06 05:06:04 INFO mt5_bot - Execution status=skipped reason=no_closed_bar_crossover
2026-05-06 05:06:19 INFO mt5_bot - Balance=102029.96 Equity=102029.96 Spread=0.20 pips
2026-05-06 05:06:19 INFO mt5_bot - Signal=NONE reason=no_closed_bar_crossover price=None trend=bullish rsi=66.5 atr_pips=7.9 adx=37.3
2026-05-06 05:06:19 INFO mt5_bot - ADX boost: adx=37.3 \u2192 risk_pct=1.50%
2026-05-06 05:06:19 INFO mt5_bot - Execution status=skipped reason=no_closed_bar_crossover
2026-05-06 05:06:34 INFO mt5_bot - Balance=102029.96 Equity=102029.96 Spread=0.20 pips
2026-05-06 05:06:34 INFO mt5_bot - Signal=NONE reason=no_closed_bar_crossover price=None trend=bullish rsi=66.5 atr_pips=7.9 adx=37.3
2026-05-06 05:06:34 INFO mt5_bot - ADX boost: adx=37.3 \u2192 risk_pct=1.50%
2026-05-06 05:06:34 INFO mt5_bot - Execution status=skipped reason=no_closed_bar_crossover
2026-05-06 05:06:49 INFO mt5_bot - Balance=102029.96 Equity=102029.96 Spread=0.40 pips
2026-05-06 05:06:49 INFO mt5_bot - Signal=NONE reason=no_closed_bar_crossover price=None trend=bullish rsi=66.5 atr_pips=7.9 adx=37.3
2026-05-06 05:06:49 INFO mt5_bot - ADX boost: adx=37.3 \u2192 risk_pct=1.50%
2026-05-06 05:06:49 INFO mt5_bot - Execution status=skipped reason=no_closed_bar_crossover
2026-05-06 05:07:04 INFO mt5_bot - Balance=102029.96 Equity=102029.96 Spread=0.40 pips
2026-05-06 05:07:04 INFO mt5_bot - Signal=NONE reason=no_closed_bar_crossover price=None trend=bullish rsi=66.5 atr_pips=7.9 adx=37.3
2026-05-06 05:07:04 INFO mt5_bot - ADX boost: adx=37.3 \u2192 risk_pct=1.50%
2026-05-06 05:07:04 INFO mt5_bot - Execution status=skipped reason=no_closed_bar_crossover
2026-05-06 05:07:19 INFO mt5_bot - Balance=102029.96 Equity=102029.96 Spread=0.40 pips
2026-05-06 05:07:20 INFO mt5_bot - Signal=NONE reason=no_closed_bar_crossover price=None trend=bullish rsi=66.5 atr_pips=7.9 adx=37.3
2026-05-06 05:07:20 INFO mt5_bot - ADX boost: adx=37.3 \u2192 risk_pct=1.50%
2026-05-06 05:07:20 INFO mt5_bot - Execution status=skipped reason=no_closed_bar_crossover
2026-05-06 05:07:35 INFO mt5_bot - Balance=102029.96 Equity=102029.96 Spread=0.40 pips
2026-05-06 05:07:35 INFO mt5_bot - Signal=NONE reason=no_closed_bar_crossover price=None trend=bullish rsi=66.5 atr_pips=7.9 adx=37.3
2026-05-06 05:07:35 INFO mt5_bot - ADX boost: adx=37.3 \u2192 risk_pct=1.50%
2026-05-06 05:07:35 INFO mt5_bot - Execution status=skipped reason=no_closed_bar_crossover
2026-05-06 05:07:50 INFO mt5_bot - Balance=102029.96 Equity=102029.96 Spread=0.40 pips
2026-05-06 05:07:50 INFO mt5_bot - Signal=NONE reason=no_closed_bar_crossover price=None trend=bullish rsi=66.5 atr_pips=7.9 adx=37.3
2026-05-06 05:07:50 INFO mt5_bot - ADX boost: adx=37.3 \u2192 risk_pct=1.50%
2026-05-06 05:07:50 INFO mt5_bot - Execution status=skipped reason=no_closed_bar_crossover
2026-05-06 05:08:05 INFO mt5_bot - Balance=102029.96 Equity=102029.96 Spread=0.40 pips
2026-05-06 05:08:05 INFO mt5_bot - Signal=NONE reason=no_closed_bar_crossover price=None trend=bullish rsi=66.5 atr_pips=7.9 adx=37.3
2026-05-06 05:08:05 INFO mt5_bot - ADX boost: adx=37.3 \u2192 risk_pct=1.50%
2026-05-06 05:08:05 INFO mt5_bot - Execution status=skipped reason=no_closed_bar_crossover
2026-05-06 05:08:20 INFO mt5_bot - Balance=102029.96 Equity=102029.96 Spread=0.20 pips
2026-05-06 05:08:20 INFO mt5_bot - Signal=NONE reason=no_closed_bar_crossover price=None trend=bullish rsi=66.5 atr_pips=7.9 adx=37.3
2026-05-06 05:08:20 INFO mt5_bot - ADX boost: adx=37.3 \u2192 risk_pct=1.50%
2026-05-06 05:08:20 INFO mt5_bot - Execution status=skipped reason=no_closed_bar_crossover
2026-05-06 05:08:35 INFO mt5_bot - Balance=102029.96 Equity=102029.96 Spread=0.40 pips
2026-05-06 05:08:35 INFO mt5_bot - Signal=NONE reason=no_closed_bar_crossover price=None trend=bullish rsi=66.5 atr_pips=7.9 adx=37.3
2026-05-06 05:08:35 INFO mt5_bot - ADX boost: adx=37.3 \u2192 risk_pct=1.50%
2026-05-06 05:08:35 INFO mt5_bot - Execution status=skipped reason=no_closed_bar_crossover
2026-05-06 05:08:50 INFO mt5_bot - Balance=102029.96 Equity=102029.96 Spread=0.40 pips
2026-05-06 05:08:50 INFO mt5_bot - Signal=NONE reason=no_closed_bar_crossover price=None trend=bullish rsi=66.5 atr_pips=7.9 adx=37.3
2026-05-06 05:08:50 INFO mt5_bot - ADX boost: adx=37.3 \u2192 risk_pct=1.50%
2026-05-06 05:08:50 INFO mt5_bot - Execution status=skipped reason=no_closed_bar_crossover
2026-05-06 05:09:05 INFO mt5_bot - Balance=102029.96 Equity=102029.96 Spread=0.20 pips
2026-05-06 05:09:05 INFO mt5_bot - Signal=NONE reason=no_closed_bar_crossover price=None trend=bullish rsi=66.5 atr_pips=7.9 adx=37.3
2026-05-06 05:09:05 INFO mt5_bot - ADX boost: adx=37.3 \u2192 risk_pct=1.50%
2026-05-06 05:09:05 INFO mt5_bot - Execution status=skipped reason=no_closed_bar_crossover
2026-05-06 05:09:20 INFO mt5_bot - Balance=102029.96 Equity=102029.96 Spread=0.20 pips
2026-05-06 05:09:20 INFO mt5_bot - Signal=NONE reason=no_closed_bar_crossover price=None trend=bullish rsi=66.5 atr_pips=7.9 adx=37.3
2026-05-06 05:09:20 INFO mt5_bot - ADX boost: adx=37.3 \u2192 risk_pct=1.50%
2026-05-06 05:09:20 INFO mt5_bot - Execution status=skipped reason=no_closed_bar_crossover
2026-05-06 05:09:35 INFO mt5_bot - Balance=102029.96 Equity=102029.96 Spread=0.20 pips
2026-05-06 05:09:35 INFO mt5_bot - Signal=NONE reason=no_closed_bar_crossover price=None trend=bullish rsi=66.5 atr_pips=7.9 adx=37.3
2026-05-06 05:09:35 INFO mt5_bot - ADX boost: adx=37.3 \u2192 risk_pct=1.50%
2026-05-06 05:09:35 INFO mt5_bot - Execution status=skipped reason=no_closed_bar_crossover
2026-05-06 05:09:50 INFO mt5_bot - Balance=102029.96 Equity=102029.96 Spread=0.20 pips
2026-05-06 05:09:50 INFO mt5_bot - Signal=NONE reason=no_closed_bar_crossover price=None trend=bullish rsi=66.5 atr_pips=7.9 adx=37.3
2026-05-06 05:09:50 INFO mt5_bot - ADX boost: adx=37.3 \u2192 risk_pct=1.50%
2026-05-06 05:09:50 INFO mt5_bot - Execution status=skipped reason=no_closed_bar_crossover
2026-05-06 05:10:05 INFO mt5_bot - Balance=102029.96 Equity=102029.96 Spread=0.40 pips
2026-05-06 05:10:05 INFO mt5_bot - Signal=NONE reason=no_closed_bar_crossover price=None trend=bullish rsi=66.5 atr_pips=7.9 adx=37.3
2026-05-06 05:10:05 INFO mt5_bot - ADX boost: adx=37.3 \u2192 risk_pct=1.50%
2026-05-06 05:10:05 INFO mt5_bot - Execution status=skipped reason=no_closed_bar_crossover
2026-05-06 05:10:20 INFO mt5_bot - Balance=102029.96 Equity=102029.96 Spread=0.40 pips
2026-05-06 05:10:20 INFO mt5_bot - Signal=NONE reason=no_closed_bar_crossover price=None trend=bullish rsi=66.5 atr_pips=7.9 adx=37.3
2026-05-06 05:10:20 INFO mt5_bot - ADX boost: adx=37.3 \u2192 risk_pct=1.50%
2026-05-06 05:10:20 INFO mt5_bot - Execution status=skipped reason=no_closed_bar_crossover
2026-05-06 05:10:35 INFO mt5_bot - Balance=102029.96 Equity=102029.96 Spread=0.40 pips
2026-05-06 05:10:35 INFO mt5_bot - Signal=NONE reason=no_closed_bar_crossover price=None trend=bullish rsi=66.5 atr_pips=7.9 adx=37.3
2026-05-06 05:10:35 INFO mt5_bot - ADX boost: adx=37.3 \u2192 risk_pct=1.50%
2026-05-06 05:10:35 INFO mt5_bot - Execution status=skipped reason=no_closed_bar_crossover
2026-05-06 05:10:50 INFO mt5_bot - Balance=102029.96 Equity=102029.96 Spread=0.20 pips
2026-05-06 05:10:50 INFO mt5_bot - Signal=NONE reason=no_closed_bar_crossover price=None trend=bullish rsi=66.5 atr_pips=7.9 adx=37.3
2026-05-06 05:10:50 INFO mt5_bot - ADX boost: adx=37.3 \u2192 risk_pct=1.50%
2026-05-06 05:10:50 INFO mt5_bot - Execution status=skipped reason=no_closed_bar_crossover
2026-05-06 05:11:05 INFO mt5_bot - Balance=102029.96 Equity=102029.96 Spread=0.40 pips
2026-05-06 05:11:05 INFO mt5_bot - Signal=NONE reason=no_closed_bar_crossover price=None trend=bullish rsi=66.5 atr_pips=7.9 adx=37.3
2026-05-06 05:11:05 INFO mt5_bot - ADX boost: adx=37.3 \u2192 risk_pct=1.50%
2026-05-06 05:11:05 INFO mt5_bot - Execution status=skipped reason=no_closed_bar_crossover
2026-05-06 05:11:20 INFO mt5_bot - Balance=102029.96 Equity=102029.96 Spread=0.40 pips
2026-05-06 05:11:20 INFO mt5_bot - Signal=NONE reason=no_closed_bar_crossover price=None trend=bullish rsi=66.5 atr_pips=7.9 adx=37.3
2026-05-06 05:11:20 INFO mt5_bot - ADX boost: adx=37.3 \u2192 risk_pct=1.50%
2026-05-06 05:11:20 INFO mt5_bot - Execution status=skipped reason=no_closed_bar_crossover
2026-05-06 05:11:35 INFO mt5_bot - Balance=102029.96 Equity=102029.96 Spread=0.20 pips
2026-05-06 05:11:35 INFO mt5_bot - Signal=NONE reason=no_closed_bar_crossover price=None trend=bullish rsi=66.5 atr_pips=7.9 adx=37.3
2026-05-06 05:11:35 INFO mt5_bot - ADX boost: adx=37.3 \u2192 risk_pct=1.50%
2026-05-06 05:11:35 INFO mt5_bot - Execution status=skipped reason=no_closed_bar_crossover
2026-05-06 05:11:50 INFO mt5_bot - Balance=102029.96 Equity=102029.96 Spread=0.20 pips
2026-05-06 05:11:50 INFO mt5_bot - Signal=NONE reason=no_closed_bar_crossover price=None trend=bullish rsi=66.5 atr_pips=7.9 adx=37.3
2026-05-06 05:11:50 INFO mt5_bot - ADX boost: adx=37.3 \u2192 risk_pct=1.50%
2026-05-06 05:11:50 INFO mt5_bot - Execution status=skipped reason=no_closed_bar_crossover
2026-05-06 05:12:05 INFO mt5_bot - Balance=102029.96 Equity=102029.96 Spread=0.20 pips
2026-05-06 05:12:05 INFO mt5_bot - Signal=NONE reason=no_closed_bar_crossover price=None trend=bullish rsi=66.5 atr_pips=7.9 adx=37.3
2026-05-06 05:12:05 INFO mt5_bot - ADX boost: adx=37.3 \u2192 risk_pct=1.50%
2026-05-06 05:12:05 INFO mt5_bot - Execution status=skipped reason=no_closed_bar_crossover
2026-05-06 05:12:20 INFO mt5_bot - Balance=102029.96 Equity=102029.96 Spread=0.20 pips
2026-05-06 05:12:20 INFO mt5_bot - Signal=NONE reason=no_closed_bar_crossover price=None trend=bullish rsi=66.5 atr_pips=7.9 adx=37.3
2026-05-06 05:12:20 INFO mt5_bot - ADX boost: adx=37.3 \u2192 risk_pct=1.50%
2026-05-06 05:12:20 INFO mt5_bot - Execution status=skipped reason=no_closed_bar_crossover
2026-05-06 05:12:35 INFO mt5_bot - Balance=102029.96 Equity=102029.96 Spread=0.40 pips
2026-05-06 05:12:35 INFO mt5_bot - Signal=NONE reason=no_closed_bar_crossover price=None trend=bullish rsi=66.5 atr_pips=7.9 adx=37.3
2026-05-06 05:12:35 INFO mt5_bot - ADX boost: adx=37.3 \u2192 risk_pct=1.50%
2026-05-06 05:12:35 INFO mt5_bot - Execution status=skipped reason=no_closed_bar_crossover
2026-05-06 05:12:50 INFO mt5_bot - Balance=102029.96 Equity=102029.96 Spread=0.20 pips
2026-05-06 05:12:50 INFO mt5_bot - Signal=NONE reason=no_closed_bar_crossover price=None trend=bullish rsi=66.5 atr_pips=7.9 adx=37.3
2026-05-06 05:12:50 INFO mt5_bot - ADX boost: adx=37.3 \u2192 risk_pct=1.50%
2026-05-06 05:12:50 INFO mt5_bot - Execution status=skipped reason=no_closed_bar_crossover
2026-05-06 05:13:05 INFO mt5_bot - Balance=102029.96 Equity=102029.96 Spread=0.40 pips
2026-05-06 05:13:05 INFO mt5_bot - Signal=NONE reason=no_closed_bar_crossover price=None trend=bullish rsi=66.5 atr_pips=7.9 adx=37.3
2026-05-06 05:13:05 INFO mt5_bot - ADX boost: adx=37.3 \u2192 risk_pct=1.50%
2026-05-06 05:13:05 INFO mt5_bot - Execution status=skipped reason=no_closed_bar_crossover
2026-05-06 05:13:20 INFO mt5_bot - Balance=102029.96 Equity=102029.96 Spread=0.20 pips
2026-05-06 05:13:20 INFO mt5_bot - Signal=NONE reason=no_closed_bar_crossover price=None trend=bullish rsi=66.5 atr_pips=7.9 adx=37.3
2026-05-06 05:13:20 INFO mt5_bot - ADX boost: adx=37.3 \u2192 risk_pct=1.50%
2026-05-06 05:13:20 INFO mt5_bot - Execution status=skipped reason=no_closed_bar_crossover
2026-05-06 05:13:35 INFO mt5_bot - Balance=102029.96 Equity=102029.96 Spread=0.40 pips
2026-05-06 05:13:35 INFO mt5_bot - Signal=NONE reason=no_closed_bar_crossover price=None trend=bullish rsi=66.5 atr_pips=7.9 adx=37.3
2026-05-06 05:13:35 INFO mt5_bot - ADX boost: adx=37.3 \u2192 risk_pct=1.50%
2026-05-06 05:13:35 INFO mt5_bot - Execution status=skipped reason=no_closed_bar_crossover
2026-05-06 05:13:50 INFO mt5_bot - Balance=102029.96 Equity=102029.96 Spread=0.40 pips
2026-05-06 05:13:50 INFO mt5_bot - Signal=NONE reason=no_closed_bar_crossover price=None trend=bullish rsi=66.5 atr_pips=7.9 adx=37.3
2026-05-06 05:13:50 INFO mt5_bot - ADX boost: adx=37.3 \u2192 risk_pct=1.50%
2026-05-06 05:13:50 INFO mt5_bot - Execution status=skipped reason=no_closed_bar_crossover
2026-05-06 05:14:05 INFO mt5_bot - Balance=102029.96 Equity=102029.96 Spread=0.40 pips
2026-05-06 05:14:05 INFO mt5_bot - Signal=NONE reason=no_closed_bar_crossover price=None trend=bullish rsi=66.5 atr_pips=7.9 adx=37.3
2026-05-06 05:14:05 INFO mt5_bot - ADX boost: adx=37.3 \u2192 risk_pct=1.50%
2026-05-06 05:14:05 INFO mt5_bot - Execution status=skipped reason=no_closed_bar_crossover
2026-05-06 05:14:20 INFO mt5_bot - Balance=102029.96 Equity=102029.96 Spread=0.20 pips
2026-05-06 05:14:20 INFO mt5_bot - Signal=NONE reason=no_closed_bar_crossover price=None trend=bullish rsi=66.5 atr_pips=7.9 adx=37.3
2026-05-06 05:14:20 INFO mt5_bot - ADX boost: adx=37.3 \u2192 risk_pct=1.50%
2026-05-06 05:14:20 INFO mt5_bot - Execution status=skipped reason=no_closed_bar_crossover
2026-05-06 05:14:35 INFO mt5_bot - Balance=102029.96 Equity=102029.96 Spread=0.20 pips
2026-05-06 05:14:35 INFO mt5_bot - Signal=NONE reason=no_closed_bar_crossover price=None trend=bullish rsi=66.5 atr_pips=7.9 adx=37.3
2026-05-06 05:14:35 INFO mt5_bot - ADX boost: adx=37.3 \u2192 risk_pct=1.50%
2026-05-06 05:14:35 INFO mt5_bot - Execution status=skipped reason=no_closed_bar_crossover
2026-05-06 05:14:50 INFO mt5_bot - Balance=102029.96 Equity=102029.96 Spread=0.40 pips
2026-05-06 05:14:50 INFO mt5_bot - Signal=NONE reason=no_closed_bar_crossover price=None trend=bullish rsi=66.5 atr_pips=7.9 adx=37.3
2026-05-06 05:14:50 INFO mt5_bot - ADX boost: adx=37.3 \u2192 risk_pct=1.50%
2026-05-06 05:14:50 INFO mt5_bot - Execution status=skipped reason=no_closed_bar_crossover
2026-05-06 05:15:05 INFO mt5_bot - Balance=102029.96 Equity=102029.96 Spread=0.40 pips
2026-05-06 05:15:05 INFO mt5_bot - Signal=NONE reason=no_closed_bar_crossover price=None trend=bullish rsi=57.1 atr_pips=8.1 adx=36.9
2026-05-06 05:15:05 INFO mt5_bot - ADX boost: adx=36.9 \u2192 risk_pct=1.50%
2026-05-06 05:15:05 INFO mt5_bot - Execution status=skipped reason=no_closed_bar_crossover
2026-05-06 05:15:20 INFO mt5_bot - Balance=102029.96 Equity=102029.96 Spread=0.40 pips
2026-05-06 05:15:20 INFO mt5_bot - Signal=NONE reason=no_closed_bar_crossover price=None trend=bullish rsi=57.1 atr_pips=8.1 adx=36.9
2026-05-06 05:15:20 INFO mt5_bot - ADX boost: adx=36.9 \u2192 risk_pct=1.50%
2026-05-06 05:15:20 INFO mt5_bot - Execution status=skipped reason=no_closed_bar_crossover
2026-05-06 05:15:35 INFO mt5_bot - Balance=102029.96 Equity=102029.96 Spread=0.40 pips
2026-05-06 05:15:35 INFO mt5_bot - Signal=NONE reason=no_closed_bar_crossover price=None trend=bullish rsi=57.1 atr_pips=8.1 adx=36.9
2026-05-06 05:15:35 INFO mt5_bot - ADX boost: adx=36.9 \u2192 risk_pct=1.50%
2026-05-06 05:15:35 INFO mt5_bot - Execution status=skipped reason=no_closed_bar_crossover
2026-05-06 05:15:50 INFO mt5_bot - Balance=102029.96 Equity=102029.96 Spread=0.40 pips
2026-05-06 05:15:50 INFO mt5_bot - Signal=NONE reason=no_closed_bar_crossover price=None trend=bullish rsi=57.1 atr_pips=8.1 adx=36.9
2026-05-06 05:15:50 INFO mt5_bot - ADX boost: adx=36.9 \u2192 risk_pct=1.50%
2026-05-06 05:15:50 INFO mt5_bot - Execution status=skipped reason=no_closed_bar_crossover
2026-05-06 05:16:05 INFO mt5_bot - Balance=102029.96 Equity=102029.96 Spread=0.40 pips
2026-05-06 05:16:05 INFO mt5_bot - Signal=NONE reason=no_closed_bar_crossover price=None trend=bullish rsi=57.1 atr_pips=8.1 adx=36.9
2026-05-06 05:16:05 INFO mt5_bot - ADX boost: adx=36.9 \u2192 risk_pct=1.50%
2026-05-06 05:16:05 INFO mt5_bot - Execution status=skipped reason=no_closed_bar_crossover
2026-05-06 05:16:20 INFO mt5_bot - Balance=102029.96 Equity=102029.96 Spread=0.40 pips
2026-05-06 05:16:20 INFO mt5_bot - Signal=NONE reason=no_closed_bar_crossover price=None trend=bullish rsi=57.1 atr_pips=8.1 adx=36.9
2026-05-06 05:16:20 INFO mt5_bot - ADX boost: adx=36.9 \u2192 risk_pct=1.50%
2026-05-06 05:16:20 INFO mt5_bot - Execution status=skipped reason=no_closed_bar_crossover
2026-05-06 05:16:35 INFO mt5_bot - Balance=102029.96 Equity=102029.96 Spread=0.40 pips
2026-05-06 05:16:35 INFO mt5_bot - Signal=NONE reason=no_closed_bar_crossover price=None trend=bullish rsi=57.1 atr_pips=8.1 adx=36.9
2026-05-06 05:16:35 INFO mt5_bot - ADX boost: adx=36.9 \u2192 risk_pct=1.50%
2026-05-06 05:16:35 INFO mt5_bot - Execution status=skipped reason=no_closed_bar_crossover
2026-05-06 05:16:50 INFO mt5_bot - Balance=102029.96 Equity=102029.96 Spread=0.20 pips
2026-05-06 05:16:50 INFO mt5_bot - Signal=NONE reason=no_closed_bar_crossover price=None trend=bullish rsi=57.1 atr_pips=8.1 adx=36.9
2026-05-06 05:16:50 INFO mt5_bot - ADX boost: adx=36.9 \u2192 risk_pct=1.50%
2026-05-06 05:16:50 INFO mt5_bot - Execution status=skipped reason=no_closed_bar_crossover
2026-05-06 05:17:05 INFO mt5_bot - Balance=102029.96 Equity=102029.96 Spread=0.40 pips
2026-05-06 05:17:05 INFO mt5_bot - Signal=NONE reason=no_closed_bar_crossover price=None trend=bullish rsi=57.1 atr_pips=8.1 adx=36.9
2026-05-06 05:17:05 INFO mt5_bot - ADX boost: adx=36.9 \u2192 risk_pct=1.50%
2026-05-06 05:17:05 INFO mt5_bot - Execution status=skipped reason=no_closed_bar_crossover
2026-05-06 05:17:20 INFO mt5_bot - Balance=102029.96 Equity=102029.96 Spread=0.40 pips
2026-05-06 05:17:20 INFO mt5_bot - Signal=NONE reason=no_closed_bar_crossover price=None trend=bullish rsi=57.1 atr_pips=8.1 adx=36.9
2026-05-06 05:17:20 INFO mt5_bot - ADX boost: adx=36.9 \u2192 risk_pct=1.50%
2026-05-06 05:17:20 INFO mt5_bot - Execution status=skipped reason=no_closed_bar_crossover
2026-05-06 05:17:35 INFO mt5_bot - Balance=102029.96 Equity=102029.96 Spread=0.40 pips
2026-05-06 05:17:35 INFO mt5_bot - Signal=NONE reason=no_closed_bar_crossover price=None trend=bullish rsi=57.1 atr_pips=8.1 adx=36.9
2026-05-06 05:17:35 INFO mt5_bot - ADX boost: adx=36.9 \u2192 risk_pct=1.50%
2026-05-06 05:17:35 INFO mt5_bot - Execution status=skipped reason=no_closed_bar_crossover
2026-05-06 05:17:50 INFO mt5_bot - Balance=102029.96 Equity=102029.96 Spread=0.40 pips
2026-05-06 05:17:50 INFO mt5_bot - Signal=NONE reason=no_closed_bar_crossover price=None trend=bullish rsi=57.1 atr_pips=8.1 adx=36.9
2026-05-06 05:17:50 INFO mt5_bot - ADX boost: adx=36.9 \u2192 risk_pct=1.50%
2026-05-06 05:17:50 INFO mt5_bot - Execution status=skipped reason=no_closed_bar_crossover
2026-05-06 05:18:05 INFO mt5_bot - Balance=102029.96 Equity=102029.96 Spread=0.20 pips
2026-05-06 05:18:05 INFO mt5_bot - Signal=NONE reason=no_closed_bar_crossover price=None trend=bullish rsi=57.1 atr_pips=8.1 adx=36.9
2026-05-06 05:18:05 INFO mt5_bot - ADX boost: adx=36.9 \u2192 risk_pct=1.50%
2026-05-06 05:18:05 INFO mt5_bot - Execution status=skipped reason=no_closed_bar_crossover
2026-05-06 05:18:20 INFO mt5_bot - Balance=102029.96 Equity=102029.96 Spread=0.20 pips
2026-05-06 05:18:20 INFO mt5_bot - Signal=NONE reason=no_closed_bar_crossover price=None trend=bullish rsi=57.1 atr_pips=8.1 adx=36.9
2026-05-06 05:18:20 INFO mt5_bot - ADX boost: adx=36.9 \u2192 risk_pct=1.50%
2026-05-06 05:18:20 INFO mt5_bot - Execution status=skipped reason=no_closed_bar_crossover
2026-05-06 05:18:35 INFO mt5_bot - Balance=102029.96 Equity=102029.96 Spread=0.40 pips
2026-05-06 05:18:35 INFO mt5_bot - Signal=NONE reason=no_closed_bar_crossover price=None trend=bullish rsi=57.1 atr_pips=8.1 adx=36.9
2026-05-06 05:18:35 INFO mt5_bot - ADX boost: adx=36.9 \u2192 risk_pct=1.50%
2026-05-06 05:18:35 INFO mt5_bot - Execution status=skipped reason=no_closed_bar_crossover
2026-05-06 05:18:50 INFO mt5_bot - Balance=102029.96 Equity=102029.96 Spread=0.40 pips
2026-05-06 05:18:50 INFO mt5_bot - Signal=NONE reason=no_closed_bar_crossover price=None trend=bullish rsi=57.1 atr_pips=8.1 adx=36.9
2026-05-06 05:18:50 INFO mt5_bot - ADX boost: adx=36.9 \u2192 risk_pct=1.50%
2026-05-06 05:18:50 INFO mt5_bot - Execution status=skipped reason=no_closed_bar_crossover
2026-05-06 05:19:05 INFO mt5_bot - Balance=102029.96 Equity=102029.96 Spread=0.40 pips
2026-05-06 05:19:05 INFO mt5_bot - Signal=NONE reason=no_closed_bar_crossover price=None trend=bullish rsi=57.1 atr_pips=8.1 adx=36.9
2026-05-06 05:19:05 INFO mt5_bot - ADX boost: adx=36.9 \u2192 risk_pct=1.50%
2026-05-06 05:19:05 INFO mt5_bot - Execution status=skipped reason=no_closed_bar_crossover
2026-05-06 05:19:20 INFO mt5_bot - Balance=102029.96 Equity=102029.96 Spread=0.40 pips
2026-05-06 05:19:20 INFO mt5_bot - Signal=NONE reason=no_closed_bar_crossover price=None trend=bullish rsi=57.1 atr_pips=8.1 adx=36.9
2026-05-06 05:19:20 INFO mt5_bot - ADX boost: adx=36.9 \u2192 risk_pct=1.50%
2026-05-06 05:19:20 INFO mt5_bot - Execution status=skipped reason=no_closed_bar_crossover
2026-05-06 05:19:35 INFO mt5_bot - Balance=102029.96 Equity=102029.96 Spread=0.40 pips
2026-05-06 05:19:35 INFO mt5_bot - Signal=NONE reason=no_closed_bar_crossover price=None trend=bullish rsi=57.1 atr_pips=8.1 adx=36.9
2026-05-06 05:19:35 INFO mt5_bot - ADX boost: adx=36.9 \u2192 risk_pct=1.50%
2026-05-06 05:19:35 INFO mt5_bot - Execution status=skipped reason=no_closed_bar_crossover
2026-05-06 05:19:50 INFO mt5_bot - Balance=102029.96 Equity=102029.96 Spread=0.20 pips
2026-05-06 05:19:50 INFO mt5_bot - Signal=NONE reason=no_closed_bar_crossover price=None trend=bullish rsi=57.1 atr_pips=8.1 adx=36.9
2026-05-06 05:19:50 INFO mt5_bot - ADX boost: adx=36.9 \u2192 risk_pct=1.50%
2026-05-06 05:19:50 INFO mt5_bot - Execution status=skipped reason=no_closed_bar_crossover
2026-05-06 05:20:05 INFO mt5_bot - Balance=102029.96 Equity=102029.96 Spread=0.20 pips
2026-05-06 05:20:05 INFO mt5_bot - Signal=NONE reason=no_closed_bar_crossover price=None trend=bullish rsi=57.1 atr_pips=8.1 adx=36.9
2026-05-06 05:20:05 INFO mt5_bot - ADX boost: adx=36.9 \u2192 risk_pct=1.50%
2026-05-06 05:20:05 INFO mt5_bot - Execution status=skipped reason=no_closed_bar_crossover
2026-05-06 05:20:20 INFO mt5_bot - Balance=102029.96 Equity=102029.96 Spread=0.40 pips
2026-05-06 05:20:20 INFO mt5_bot - Signal=NONE reason=no_closed_bar_crossover price=None trend=bullish rsi=57.1 atr_pips=8.1 adx=36.9
2026-05-06 05:20:20 INFO mt5_bot - ADX boost: adx=36.9 \u2192 risk_pct=1.50%
2026-05-06 05:20:20 INFO mt5_bot - Execution status=skipped reason=no_closed_bar_crossover
2026-05-06 05:20:35 INFO mt5_bot - Balance=102029.96 Equity=102029.96 Spread=0.40 pips
2026-05-06 05:20:35 INFO mt5_bot - Signal=NONE reason=no_closed_bar_crossover price=None trend=bullish rsi=57.1 atr_pips=8.1 adx=36.9
2026-05-06 05:20:35 INFO mt5_bot - ADX boost: adx=36.9 \u2192 risk_pct=1.50%
2026-05-06 05:20:35 INFO mt5_bot - Execution status=skipped reason=no_closed_bar_crossover
2026-05-06 05:20:50 INFO mt5_bot - Balance=102029.96 Equity=102029.96 Spread=0.20 pips
2026-05-06 05:20:50 INFO mt5_bot - Signal=NONE reason=no_closed_bar_crossover price=None trend=bullish rsi=57.1 atr_pips=8.1 adx=36.9
2026-05-06 05:20:50 INFO mt5_bot - ADX boost: adx=36.9 \u2192 risk_pct=1.50%
2026-05-06 05:20:50 INFO mt5_bot - Execution status=skipped reason=no_closed_bar_crossover
2026-05-06 05:21:05 INFO mt5_bot - Balance=102029.96 Equity=102029.96 Spread=0.20 pips
2026-05-06 05:21:05 INFO mt5_bot - Signal=NONE reason=no_closed_bar_crossover price=None trend=bullish rsi=57.1 atr_pips=8.1 adx=36.9
2026-05-06 05:21:05 INFO mt5_bot - ADX boost: adx=36.9 \u2192 risk_pct=1.50%
2026-05-06 05:21:05 INFO mt5_bot - Execution status=skipped reason=no_closed_bar_crossover
2026-05-06 05:21:20 INFO mt5_bot - Balance=102029.96 Equity=102029.96 Spread=0.20 pips
2026-05-06 05:21:20 INFO mt5_bot - Signal=NONE reason=no_closed_bar_crossover price=None trend=bullish rsi=57.1 atr_pips=8.1 adx=36.9
2026-05-06 05:21:20 INFO mt5_bot - ADX boost: adx=36.9 \u2192 risk_pct=1.50%
2026-05-06 05:21:20 INFO mt5_bot - Execution status=skipped reason=no_closed_bar_crossover
2026-05-06 05:21:35 INFO mt5_bot - Balance=102029.96 Equity=102029.96 Spread=0.40 pips
2026-05-06 05:21:35 INFO mt5_bot - Signal=NONE reason=no_closed_bar_crossover price=None trend=bullish rsi=57.1 atr_pips=8.1 adx=36.9
2026-05-06 05:21:35 INFO mt5_bot - ADX boost: adx=36.9 \u2192 risk_pct=1.50%
2026-05-06 05:21:35 INFO mt5_bot - Execution status=skipped reason=no_closed_bar_crossover
2026-05-06 05:21:50 INFO mt5_bot - Balance=102029.96 Equity=102029.96 Spread=0.40 pips
2026-05-06 05:21:50 INFO mt5_bot - Signal=NONE reason=no_closed_bar_crossover price=None trend=bullish rsi=57.1 atr_pips=8.1 adx=36.9
2026-05-06 05:21:50 INFO mt5_bot - ADX boost: adx=36.9 \u2192 risk_pct=1.50%
2026-05-06 05:21:50 INFO mt5_bot - Execution status=skipped reason=no_closed_bar_crossover
2026-05-06 05:22:05 INFO mt5_bot - Balance=102029.96 Equity=102029.96 Spread=0.40 pips
2026-05-06 05:22:05 INFO mt5_bot - Signal=NONE reason=no_closed_bar_crossover price=None trend=bullish rsi=57.1 atr_pips=8.1 adx=36.9
2026-05-06 05:22:05 INFO mt5_bot - ADX boost: adx=36.9 \u2192 risk_pct=1.50%
2026-05-06 05:22:05 INFO mt5_bot - Execution status=skipped reason=no_closed_bar_crossover
2026-05-06 05:22:20 INFO mt5_bot - Balance=102029.96 Equity=102029.96 Spread=0.40 pips
2026-05-06 05:22:20 INFO mt5_bot - Signal=NONE reason=no_closed_bar_crossover price=None trend=bullish rsi=57.1 atr_pips=8.1 adx=36.9
2026-05-06 05:22:20 INFO mt5_bot - ADX boost: adx=36.9 \u2192 risk_pct=1.50%
2026-05-06 05:22:20 INFO mt5_bot - Execution status=skipped reason=no_closed_bar_crossover
2026-05-06 05:22:35 INFO mt5_bot - Balance=102029.96 Equity=102029.96 Spread=0.40 pips
2026-05-06 05:22:35 INFO mt5_bot - Signal=NONE reason=no_closed_bar_crossover price=None trend=bullish rsi=57.1 atr_pips=8.1 adx=36.9
2026-05-06 05:22:35 INFO mt5_bot - ADX boost: adx=36.9 \u2192 risk_pct=1.50%
2026-05-06 05:22:35 INFO mt5_bot - Execution status=skipped reason=no_closed_bar_crossover
2026-05-06 05:22:50 INFO mt5_bot - Balance=102029.96 Equity=102029.96 Spread=0.40 pips
2026-05-06 05:22:50 INFO mt5_bot - Signal=NONE reason=no_closed_bar_crossover price=None trend=bullish rsi=57.1 atr_pips=8.1 adx=36.9
2026-05-06 05:22:50 INFO mt5_bot - ADX boost: adx=36.9 \u2192 risk_pct=1.50%
2026-05-06 05:22:50 INFO mt5_bot - Execution status=skipped reason=no_closed_bar_crossover
2026-05-06 05:23:06 INFO mt5_bot - Balance=102029.96 Equity=102029.96 Spread=0.20 pips
2026-05-06 05:23:06 INFO mt5_bot - Signal=NONE reason=no_closed_bar_crossover price=None trend=bullish rsi=57.1 atr_pips=8.1 adx=36.9
2026-05-06 05:23:06 INFO mt5_bot - ADX boost: adx=36.9 \u2192 risk_pct=1.50%
2026-05-06 05:23:06 INFO mt5_bot - Execution status=skipped reason=no_closed_bar_crossover
2026-05-06 05:23:21 INFO mt5_bot - Balance=102029.96 Equity=102029.96 Spread=0.40 pips
2026-05-06 05:23:21 INFO mt5_bot - Signal=NONE reason=no_closed_bar_crossover price=None trend=bullish rsi=57.1 atr_pips=8.1 adx=36.9
2026-05-06 05:23:21 INFO mt5_bot - ADX boost: adx=36.9 \u2192 risk_pct=1.50%
2026-05-06 05:23:21 INFO mt5_bot - Execution status=skipped reason=no_closed_bar_crossover
2026-05-06 05:23:36 INFO mt5_bot - Balance=102029.96 Equity=102029.96 Spread=0.40 pips
2026-05-06 05:23:36 INFO mt5_bot - Signal=NONE reason=no_closed_bar_crossover price=None trend=bullish rsi=57.1 atr_pips=8.1 adx=36.9
2026-05-06 05:23:36 INFO mt5_bot - ADX boost: adx=36.9 \u2192 risk_pct=1.50%
2026-05-06 05:23:36 INFO mt5_bot - Execution status=skipped reason=no_closed_bar_crossover
2026-05-06 05:23:51 INFO mt5_bot - Balance=102029.96 Equity=102029.96 Spread=0.20 pips
2026-05-06 05:23:51 INFO mt5_bot - Signal=NONE reason=no_closed_bar_crossover price=None trend=bullish rsi=57.1 atr_pips=8.1 adx=36.9
2026-05-06 05:23:51 INFO mt5_bot - ADX boost: adx=36.9 \u2192 risk_pct=1.50%
2026-05-06 05:23:51 INFO mt5_bot - Execution status=skipped reason=no_closed_bar_crossover
2026-05-06 05:24:06 INFO mt5_bot - Balance=102029.96 Equity=102029.96 Spread=0.40 pips
2026-05-06 05:24:06 INFO mt5_bot - Signal=NONE reason=no_closed_bar_crossover price=None trend=bullish rsi=57.1 atr_pips=8.1 adx=36.9
2026-05-06 05:24:06 INFO mt5_bot - ADX boost: adx=36.9 \u2192 risk_pct=1.50%
2026-05-06 05:24:06 INFO mt5_bot - Execution status=skipped reason=no_closed_bar_crossover
2026-05-06 05:24:21 INFO mt5_bot - Balance=102029.96 Equity=102029.96 Spread=0.20 pips
2026-05-06 05:24:21 INFO mt5_bot - Signal=NONE reason=no_closed_bar_crossover price=None trend=bullish rsi=57.1 atr_pips=8.1 adx=36.9
2026-05-06 05:24:21 INFO mt5_bot - ADX boost: adx=36.9 \u2192 risk_pct=1.50%
2026-05-06 05:24:21 INFO mt5_bot - Execution status=skipped reason=no_closed_bar_crossover
2026-05-06 05:24:36 INFO mt5_bot - Balance=102029.96 Equity=102029.96 Spread=0.20 pips
2026-05-06 05:24:36 INFO mt5_bot - Signal=NONE reason=no_closed_bar_crossover price=None trend=bullish rsi=57.1 atr_pips=8.1 adx=36.9
2026-05-06 05:24:36 INFO mt5_bot - ADX boost: adx=36.9 \u2192 risk_pct=1.50%
2026-05-06 05:24:36 INFO mt5_bot - Execution status=skipped reason=no_closed_bar_crossover
2026-05-06 05:24:51 INFO mt5_bot - Balance=102029.96 Equity=102029.96 Spread=0.20 pips
2026-05-06 05:24:51 INFO mt5_bot - Signal=NONE reason=no_closed_bar_crossover price=None trend=bullish rsi=57.1 atr_pips=8.1 adx=36.9
2026-05-06 05:24:51 INFO mt5_bot - ADX boost: adx=36.9 \u2192 risk_pct=1.50%
2026-05-06 05:24:51 INFO mt5_bot - Execution status=skipped reason=no_closed_bar_crossover
2026-05-06 05:25:06 INFO mt5_bot - Balance=102029.96 Equity=102029.96 Spread=0.20 pips
2026-05-06 05:25:06 INFO mt5_bot - Signal=NONE reason=no_closed_bar_crossover price=None trend=bullish rsi=57.1 atr_pips=8.1 adx=36.9
2026-05-06 05:25:06 INFO mt5_bot - ADX boost: adx=36.9 \u2192 risk_pct=1.50%
2026-05-06 05:25:06 INFO mt5_bot - Execution status=skipped reason=no_closed_bar_crossover
2026-05-06 05:25:21 INFO mt5_bot - Balance=102029.96 Equity=102029.96 Spread=0.40 pips
2026-05-06 05:25:21 INFO mt5_bot - Signal=NONE reason=no_closed_bar_crossover price=None trend=bullish rsi=57.1 atr_pips=8.1 adx=36.9
2026-05-06 05:25:21 INFO mt5_bot - ADX boost: adx=36.9 \u2192 risk_pct=1.50%
2026-05-06 05:25:21 INFO mt5_bot - Execution status=skipped reason=no_closed_bar_crossover
2026-05-06 05:25:36 INFO mt5_bot - Balance=102029.96 Equity=102029.96 Spread=0.40 pips
2026-05-06 05:25:36 INFO mt5_bot - Signal=NONE reason=no_closed_bar_crossover price=None trend=bullish rsi=57.1 atr_pips=8.1 adx=36.9
2026-05-06 05:25:36 INFO mt5_bot - ADX boost: adx=36.9 \u2192 risk_pct=1.50%
2026-05-06 05:25:36 INFO mt5_bot - Execution status=skipped reason=no_closed_bar_crossover
2026-05-06 05:25:51 INFO mt5_bot - Balance=102029.96 Equity=102029.96 Spread=0.20 pips
2026-05-06 05:25:51 INFO mt5_bot - Signal=NONE reason=no_closed_bar_crossover price=None trend=bullish rsi=57.1 atr_pips=8.1 adx=36.9
2026-05-06 05:25:51 INFO mt5_bot - ADX boost: adx=36.9 \u2192 risk_pct=1.50%
2026-05-06 05:25:51 INFO mt5_bot - Execution status=skipped reason=no_closed_bar_crossover
2026-05-06 05:26:06 INFO mt5_bot - Balance=102029.96 Equity=102029.96 Spread=0.20 pips
2026-05-06 05:26:06 INFO mt5_bot - Signal=NONE reason=no_closed_bar_crossover price=None trend=bullish rsi=57.1 atr_pips=8.1 adx=36.9
2026-05-06 05:26:06 INFO mt5_bot - ADX boost: adx=36.9 \u2192 risk_pct=1.50%
2026-05-06 05:26:06 INFO mt5_bot - Execution status=skipped reason=no_closed_bar_crossover
2026-05-06 05:26:21 INFO mt5_bot - Balance=102029.96 Equity=102029.96 Spread=0.40 pips
2026-05-06 05:26:21 INFO mt5_bot - Signal=NONE reason=no_closed_bar_crossover price=None trend=bullish rsi=57.1 atr_pips=8.1 adx=36.9
2026-05-06 05:26:21 INFO mt5_bot - ADX boost: adx=36.9 \u2192 risk_pct=1.50%
2026-05-06 05:26:21 INFO mt5_bot - Execution status=skipped reason=no_closed_bar_crossover
2026-05-06 05:26:36 INFO mt5_bot - Balance=102029.96 Equity=102029.96 Spread=0.20 pips
2026-05-06 05:26:36 INFO mt5_bot - Signal=NONE reason=no_closed_bar_crossover price=None trend=bullish rsi=57.1 atr_pips=8.1 adx=36.9
2026-05-06 05:26:36 INFO mt5_bot - ADX boost: adx=36.9 \u2192 risk_pct=1.50%
2026-05-06 05:26:36 INFO mt5_bot - Execution status=skipped reason=no_closed_bar_crossover
2026-05-06 05:26:51 INFO mt5_bot - Balance=102029.96 Equity=102029.96 Spread=0.40 pips
2026-05-06 05:26:51 INFO mt5_bot - Signal=NONE reason=no_closed_bar_crossover price=None trend=bullish rsi=57.1 atr_pips=8.1 adx=36.9
2026-05-06 05:26:51 INFO mt5_bot - ADX boost: adx=36.9 \u2192 risk_pct=1.50%
2026-05-06 05:26:51 INFO mt5_bot - Execution status=skipped reason=no_closed_bar_crossover
2026-05-06 05:27:06 INFO mt5_bot - Balance=102029.96 Equity=102029.96 Spread=0.20 pips
2026-05-06 05:27:06 INFO mt5_bot - Signal=NONE reason=no_closed_bar_crossover price=None trend=bullish rsi=57.1 atr_pips=8.1 adx=36.9
2026-05-06 05:27:06 INFO mt5_bot - ADX boost: adx=36.9 \u2192 risk_pct=1.50%
2026-05-06 05:27:06 INFO mt5_bot - Execution status=skipped reason=no_closed_bar_crossover
2026-05-06 05:27:21 INFO mt5_bot - Balance=102029.96 Equity=102029.96 Spread=0.40 pips
2026-05-06 05:27:21 INFO mt5_bot - Signal=NONE reason=no_closed_bar_crossover price=None trend=bullish rsi=57.1 atr_pips=8.1 adx=36.9
2026-05-06 05:27:21 INFO mt5_bot - ADX boost: adx=36.9 \u2192 risk_pct=1.50%
2026-05-06 05:27:21 INFO mt5_bot - Execution status=skipped reason=no_closed_bar_crossover
2026-05-06 05:27:36 INFO mt5_bot - Balance=102029.96 Equity=102029.96 Spread=0.20 pips
2026-05-06 05:27:36 INFO mt5_bot - Signal=NONE reason=no_closed_bar_crossover price=None trend=bullish rsi=57.1 atr_pips=8.1 adx=36.9
2026-05-06 05:27:36 INFO mt5_bot - ADX boost: adx=36.9 \u2192 risk_pct=1.50%
2026-05-06 05:27:36 INFO mt5_bot - Execution status=skipped reason=no_closed_bar_crossover
2026-05-06 05:27:51 INFO mt5_bot - Balance=102029.96 Equity=102029.96 Spread=0.40 pips
2026-05-06 05:27:51 INFO mt5_bot - Signal=NONE reason=no_closed_bar_crossover price=None trend=bullish rsi=57.1 atr_pips=8.1 adx=36.9
2026-05-06 05:27:51 INFO mt5_bot - ADX boost: adx=36.9 \u2192 risk_pct=1.50%
2026-05-06 05:27:51 INFO mt5_bot - Execution status=skipped reason=no_closed_bar_crossover
2026-05-06 05:28:06 INFO mt5_bot - Balance=102029.96 Equity=102029.96 Spread=0.40 pips
2026-05-06 05:28:06 INFO mt5_bot - Signal=NONE reason=no_closed_bar_crossover price=None trend=bullish rsi=57.1 atr_pips=8.1 adx=36.9
2026-05-06 05:28:06 INFO mt5_bot - ADX boost: adx=36.9 \u2192 risk_pct=1.50%
2026-05-06 05:28:06 INFO mt5_bot - Execution status=skipped reason=no_closed_bar_crossover
2026-05-06 05:28:21 INFO mt5_bot - Balance=102029.96 Equity=102029.96 Spread=0.20 pips
2026-05-06 05:28:21 INFO mt5_bot - Signal=NONE reason=no_closed_bar_crossover price=None trend=bullish rsi=57.1 atr_pips=8.1 adx=36.9
2026-05-06 05:28:21 INFO mt5_bot - ADX boost: adx=36.9 \u2192 risk_pct=1.50%
2026-05-06 05:28:21 INFO mt5_bot - Execution status=skipped reason=no_closed_bar_crossover
2026-05-06 05:28:36 INFO mt5_bot - Balance=102029.96 Equity=102029.96 Spread=0.40 pips
2026-05-06 05:28:36 INFO mt5_bot - Signal=NONE reason=no_closed_bar_crossover price=None trend=bullish rsi=57.1 atr_pips=8.1 adx=36.9
2026-05-06 05:28:36 INFO mt5_bot - ADX boost: adx=36.9 \u2192 risk_pct=1.50%
2026-05-06 05:28:36 INFO mt5_bot - Execution status=skipped reason=no_closed_bar_crossover
2026-05-06 05:28:51 INFO mt5_bot - Balance=102029.96 Equity=102029.96 Spread=0.20 pips
2026-05-06 05:28:51 INFO mt5_bot - Signal=NONE reason=no_closed_bar_crossover price=None trend=bullish rsi=57.1 atr_pips=8.1 adx=36.9
2026-05-06 05:28:51 INFO mt5_bot - ADX boost: adx=36.9 \u2192 risk_pct=1.50%
2026-05-06 05:28:51 INFO mt5_bot - Execution status=skipped reason=no_closed_bar_crossover
2026-05-06 05:29:06 INFO mt5_bot - Balance=102029.96 Equity=102029.96 Spread=0.40 pips
2026-05-06 05:29:06 INFO mt5_bot - Signal=NONE reason=no_closed_bar_crossover price=None trend=bullish rsi=57.1 atr_pips=8.1 adx=36.9
2026-05-06 05:29:06 INFO mt5_bot - ADX boost: adx=36.9 \u2192 risk_pct=1.50%
2026-05-06 05:29:06 INFO mt5_bot - Execution status=skipped reason=no_closed_bar_crossover
2026-05-06 05:29:21 INFO mt5_bot - Balance=102029.96 Equity=102029.96 Spread=0.40 pips
2026-05-06 05:29:21 INFO mt5_bot - Signal=NONE reason=no_closed_bar_crossover price=None trend=bullish rsi=57.1 atr_pips=8.1 adx=36.9
2026-05-06 05:29:21 INFO mt5_bot - ADX boost: adx=36.9 \u2192 risk_pct=1.50%
2026-05-06 05:29:21 INFO mt5_bot - Execution status=skipped reason=no_closed_bar_crossover
2026-05-06 05:29:36 INFO mt5_bot - Balance=102029.96 Equity=102029.96 Spread=0.40 pips
2026-05-06 05:29:36 INFO mt5_bot - Signal=NONE reason=no_closed_bar_crossover price=None trend=bullish rsi=57.1 atr_pips=8.1 adx=36.9
2026-05-06 05:29:36 INFO mt5_bot - ADX boost: adx=36.9 \u2192 risk_pct=1.50%
2026-05-06 05:29:36 INFO mt5_bot - Execution status=skipped reason=no_closed_bar_crossover
2026-05-06 05:29:51 INFO mt5_bot - Balance=102029.96 Equity=102029.96 Spread=0.20 pips
2026-05-06 05:29:51 INFO mt5_bot - Signal=NONE reason=no_closed_bar_crossover price=None trend=bullish rsi=57.1 atr_pips=8.1 adx=36.9
2026-05-06 05:29:51 INFO mt5_bot - ADX boost: adx=36.9 \u2192 risk_pct=1.50%
2026-05-06 05:29:51 INFO mt5_bot - Execution status=skipped reason=no_closed_bar_crossover
2026-05-06 05:30:06 INFO mt5_bot - Balance=102029.96 Equity=102029.96 Spread=0.40 pips
2026-05-06 05:30:06 INFO mt5_bot - Signal=NONE reason=no_closed_bar_crossover price=None trend=bullish rsi=58.0 atr_pips=7.9 adx=36.4
2026-05-06 05:30:06 INFO mt5_bot - ADX boost: adx=36.4 \u2192 risk_pct=1.50%
2026-05-06 05:30:06 INFO mt5_bot - Execution status=skipped reason=no_closed_bar_crossover
2026-05-06 05:30:21 INFO mt5_bot - Balance=102029.96 Equity=102029.96 Spread=0.20 pips
2026-05-06 05:30:21 INFO mt5_bot - Signal=NONE reason=no_closed_bar_crossover price=None trend=bullish rsi=58.0 atr_pips=7.9 adx=36.4
2026-05-06 05:30:21 INFO mt5_bot - ADX boost: adx=36.4 \u2192 risk_pct=1.50%
2026-05-06 05:30:21 INFO mt5_bot - Execution status=skipped reason=no_closed_bar_crossover
2026-05-06 05:30:36 INFO mt5_bot - Balance=102029.96 Equity=102029.96 Spread=0.40 pips
2026-05-06 05:30:36 INFO mt5_bot - Signal=NONE reason=no_closed_bar_crossover price=None trend=bullish rsi=58.0 atr_pips=7.9 adx=36.4
2026-05-06 05:30:36 INFO mt5_bot - ADX boost: adx=36.4 \u2192 risk_pct=1.50%
2026-05-06 05:30:36 INFO mt5_bot - Execution status=skipped reason=no_closed_bar_crossover
2026-05-06 05:30:51 INFO mt5_bot - Balance=102029.96 Equity=102029.96 Spread=0.20 pips
2026-05-06 05:30:51 INFO mt5_bot - Signal=NONE reason=no_closed_bar_crossover price=None trend=bullish rsi=58.0 atr_pips=7.9 adx=36.4
2026-05-06 05:30:51 INFO mt5_bot - ADX boost: adx=36.4 \u2192 risk_pct=1.50%
2026-05-06 05:30:51 INFO mt5_bot - Execution status=skipped reason=no_closed_bar_crossover
2026-05-06 05:31:06 INFO mt5_bot - Balance=102029.96 Equity=102029.96 Spread=0.40 pips
2026-05-06 05:31:06 INFO mt5_bot - Signal=NONE reason=no_closed_bar_crossover price=None trend=bullish rsi=58.0 atr_pips=7.9 adx=36.4
2026-05-06 05:31:06 INFO mt5_bot - ADX boost: adx=36.4 \u2192 risk_pct=1.50%
2026-05-06 05:31:06 INFO mt5_bot - Execution status=skipped reason=no_closed_bar_crossover
2026-05-06 05:31:21 INFO mt5_bot - Balance=102029.96 Equity=102029.96 Spread=0.40 pips
2026-05-06 05:31:21 INFO mt5_bot - Signal=NONE reason=no_closed_bar_crossover price=None trend=bullish rsi=58.0 atr_pips=7.9 adx=36.4
2026-05-06 05:31:21 INFO mt5_bot - ADX boost: adx=36.4 \u2192 risk_pct=1.50%
2026-05-06 05:31:21 INFO mt5_bot - Execution status=skipped reason=no_closed_bar_crossover
2026-05-06 05:31:36 INFO mt5_bot - Balance=102029.96 Equity=102029.96 Spread=0.20 pips
2026-05-06 05:31:36 INFO mt5_bot - Signal=NONE reason=no_closed_bar_crossover price=None trend=bullish rsi=58.0 atr_pips=7.9 adx=36.4
2026-05-06 05:31:36 INFO mt5_bot - ADX boost: adx=36.4 \u2192 risk_pct=1.50%
2026-05-06 05:31:36 INFO mt5_bot - Execution status=skipped reason=no_closed_bar_crossover
2026-05-06 05:31:51 INFO mt5_bot - Balance=102029.96 Equity=102029.96 Spread=0.20 pips
2026-05-06 05:31:51 INFO mt5_bot - Signal=NONE reason=no_closed_bar_crossover price=None trend=bullish rsi=58.0 atr_pips=7.9 adx=36.4
2026-05-06 05:31:51 INFO mt5_bot - ADX boost: adx=36.4 \u2192 risk_pct=1.50%
2026-05-06 05:31:51 INFO mt5_bot - Execution status=skipped reason=no_closed_bar_crossover
2026-05-06 05:32:06 INFO mt5_bot - Balance=102029.96 Equity=102029.96 Spread=0.20 pips
2026-05-06 05:32:06 INFO mt5_bot - Signal=NONE reason=no_closed_bar_crossover price=None trend=bullish rsi=58.0 atr_pips=7.9 adx=36.4
2026-05-06 05:32:06 INFO mt5_bot - ADX boost: adx=36.4 \u2192 risk_pct=1.50%
2026-05-06 05:32:06 INFO mt5_bot - Execution status=skipped reason=no_closed_bar_crossover
2026-05-06 05:32:21 INFO mt5_bot - Balance=102029.96 Equity=102029.96 Spread=0.40 pips
2026-05-06 05:32:21 INFO mt5_bot - Signal=NONE reason=no_closed_bar_crossover price=None trend=bullish rsi=58.0 atr_pips=7.9 adx=36.4
2026-05-06 05:32:21 INFO mt5_bot - ADX boost: adx=36.4 \u2192 risk_pct=1.50%
2026-05-06 05:32:21 INFO mt5_bot - Execution status=skipped reason=no_closed_bar_crossover
2026-05-06 05:32:36 INFO mt5_bot - Balance=102029.96 Equity=102029.96 Spread=0.20 pips
2026-05-06 05:32:36 INFO mt5_bot - Signal=NONE reason=no_closed_bar_crossover price=None trend=bullish rsi=58.0 atr_pips=7.9 adx=36.4
2026-05-06 05:32:36 INFO mt5_bot - ADX boost: adx=36.4 \u2192 risk_pct=1.50%
2026-05-06 05:32:36 INFO mt5_bot - Execution status=skipped reason=no_closed_bar_crossover
2026-05-06 05:32:51 INFO mt5_bot - Balance=102029.96 Equity=102029.96 Spread=0.40 pips
2026-05-06 05:32:51 INFO mt5_bot - Signal=NONE reason=no_closed_bar_crossover price=None trend=bullish rsi=58.0 atr_pips=7.9 adx=36.4
2026-05-06 05:32:51 INFO mt5_bot - ADX boost: adx=36.4 \u2192 risk_pct=1.50%
2026-05-06 05:32:51 INFO mt5_bot - Execution status=skipped reason=no_closed_bar_crossover
2026-05-06 05:33:06 INFO mt5_bot - Balance=102029.96 Equity=102029.96 Spread=0.20 pips
2026-05-06 05:33:06 INFO mt5_bot - Signal=NONE reason=no_closed_bar_crossover price=None trend=bullish rsi=58.0 atr_pips=7.9 adx=36.4
2026-05-06 05:33:06 INFO mt5_bot - ADX boost: adx=36.4 \u2192 risk_pct=1.50%
2026-05-06 05:33:06 INFO mt5_bot - Execution status=skipped reason=no_closed_bar_crossover
2026-05-06 05:33:21 INFO mt5_bot - Balance=102029.96 Equity=102029.96 Spread=0.20 pips
2026-05-06 05:33:21 INFO mt5_bot - Signal=NONE reason=no_closed_bar_crossover price=None trend=bullish rsi=58.0 atr_pips=7.9 adx=36.4
2026-05-06 05:33:21 INFO mt5_bot - ADX boost: adx=36.4 \u2192 risk_pct=1.50%
2026-05-06 05:33:21 INFO mt5_bot - Execution status=skipped reason=no_closed_bar_crossover
2026-05-06 05:33:36 INFO mt5_bot - Balance=102029.96 Equity=102029.96 Spread=0.40 pips
2026-05-06 05:33:36 INFO mt5_bot - Signal=NONE reason=no_closed_bar_crossover price=None trend=bullish rsi=58.0 atr_pips=7.9 adx=36.4
2026-05-06 05:33:36 INFO mt5_bot - ADX boost: adx=36.4 \u2192 risk_pct=1.50%
2026-05-06 05:33:36 INFO mt5_bot - Execution status=skipped reason=no_closed_bar_crossover
2026-05-06 05:33:51 INFO mt5_bot - Balance=102029.96 Equity=102029.96 Spread=0.40 pips
2026-05-06 05:33:51 INFO mt5_bot - Signal=NONE reason=no_closed_bar_crossover price=None trend=bullish rsi=58.0 atr_pips=7.9 adx=36.4
2026-05-06 05:33:51 INFO mt5_bot - ADX boost: adx=36.4 \u2192 risk_pct=1.50%
2026-05-06 05:33:51 INFO mt5_bot - Execution status=skipped reason=no_closed_bar_crossover
2026-05-06 05:34:06 INFO mt5_bot - Balance=102029.96 Equity=102029.96 Spread=0.40 pips
2026-05-06 05:34:06 INFO mt5_bot - Signal=NONE reason=no_closed_bar_crossover price=None trend=bullish rsi=58.0 atr_pips=7.9 adx=36.4
2026-05-06 05:34:06 INFO mt5_bot - ADX boost: adx=36.4 \u2192 risk_pct=1.50%
2026-05-06 05:34:06 INFO mt5_bot - Execution status=skipped reason=no_closed_bar_crossover
2026-05-06 05:34:21 INFO mt5_bot - Balance=102029.96 Equity=102029.96 Spread=0.40 pips
2026-05-06 05:34:21 INFO mt5_bot - Signal=NONE reason=no_closed_bar_crossover price=None trend=bullish rsi=58.0 atr_pips=7.9 adx=36.4
2026-05-06 05:34:21 INFO mt5_bot - ADX boost: adx=36.4 \u2192 risk_pct=1.50%
2026-05-06 05:34:21 INFO mt5_bot - Execution status=skipped reason=no_closed_bar_crossover
2026-05-06 05:34:36 INFO mt5_bot - Balance=102029.96 Equity=102029.96 Spread=0.40 pips
2026-05-06 05:34:36 INFO mt5_bot - Signal=NONE reason=no_closed_bar_crossover price=None trend=bullish rsi=58.0 atr_pips=7.9 adx=36.4
2026-05-06 05:34:36 INFO mt5_bot - ADX boost: adx=36.4 \u2192 risk_pct=1.50%
2026-05-06 05:34:36 INFO mt5_bot - Execution status=skipped reason=no_closed_bar_crossover
2026-05-06 05:34:51 INFO mt5_bot - Balance=102029.96 Equity=102029.96 Spread=0.40 pips
2026-05-06 05:34:51 INFO mt5_bot - Signal=NONE reason=no_closed_bar_crossover price=None trend=bullish rsi=58.0 atr_pips=7.9 adx=36.4
2026-05-06 05:34:51 INFO mt5_bot - ADX boost: adx=36.4 \u2192 risk_pct=1.50%
2026-05-06 05:34:51 INFO mt5_bot - Execution status=skipped reason=no_closed_bar_crossover
2026-05-06 05:35:06 INFO mt5_bot - Balance=102029.96 Equity=102029.96 Spread=0.40 pips
2026-05-06 05:35:06 INFO mt5_bot - Signal=NONE reason=no_closed_bar_crossover price=None trend=bullish rsi=58.0 atr_pips=7.9 adx=36.4
2026-05-06 05:35:06 INFO mt5_bot - ADX boost: adx=36.4 \u2192 risk_pct=1.50%
2026-05-06 05:35:06 INFO mt5_bot - Execution status=skipped reason=no_closed_bar_crossover
2026-05-06 05:35:21 INFO mt5_bot - Balance=102029.96 Equity=102029.96 Spread=0.40 pips
2026-05-06 05:35:21 INFO mt5_bot - Signal=NONE reason=no_closed_bar_crossover price=None trend=bullish rsi=58.0 atr_pips=7.9 adx=36.4
2026-05-06 05:35:21 INFO mt5_bot - ADX boost: adx=36.4 \u2192 risk_pct=1.50%
2026-05-06 05:35:21 INFO mt5_bot - Execution status=skipped reason=no_closed_bar_crossover
2026-05-06 05:35:36 INFO mt5_bot - Balance=102029.96 Equity=102029.96 Spread=0.20 pips
2026-05-06 05:35:36 INFO mt5_bot - Signal=NONE reason=no_closed_bar_crossover price=None trend=bullish rsi=58.0 atr_pips=7.9 adx=36.4
2026-05-06 05:35:36 INFO mt5_bot - ADX boost: adx=36.4 \u2192 risk_pct=1.50%
2026-05-06 05:35:36 INFO mt5_bot - Execution status=skipped reason=no_closed_bar_crossover
2026-05-06 05:35:51 INFO mt5_bot - Balance=102029.96 Equity=102029.96 Spread=0.20 pips
2026-05-06 05:35:51 INFO mt5_bot - Signal=NONE reason=no_closed_bar_crossover price=None trend=bullish rsi=58.0 atr_pips=7.9 adx=36.4
2026-05-06 05:35:51 INFO mt5_bot - ADX boost: adx=36.4 \u2192 risk_pct=1.50%
2026-05-06 05:35:51 INFO mt5_bot - Execution status=skipped reason=no_closed_bar_crossover
2026-05-06 05:36:06 INFO mt5_bot - Balance=102029.96 Equity=102029.96 Spread=0.20 pips
2026-05-06 05:36:06 INFO mt5_bot - Signal=NONE reason=no_closed_bar_crossover price=None trend=bullish rsi=58.0 atr_pips=7.9 adx=36.4
2026-05-06 05:36:06 INFO mt5_bot - ADX boost: adx=36.4 \u2192 risk_pct=1.50%
2026-05-06 05:36:06 INFO mt5_bot - Execution status=skipped reason=no_closed_bar_crossover
2026-05-06 05:36:21 INFO mt5_bot - Balance=102029.96 Equity=102029.96 Spread=0.20 pips
2026-05-06 05:36:21 INFO mt5_bot - Signal=NONE reason=no_closed_bar_crossover price=None trend=bullish rsi=58.0 atr_pips=7.9 adx=36.4
2026-05-06 05:36:21 INFO mt5_bot - ADX boost: adx=36.4 \u2192 risk_pct=1.50%
2026-05-06 05:36:21 INFO mt5_bot - Execution status=skipped reason=no_closed_bar_crossover
2026-05-06 05:36:36 INFO mt5_bot - Balance=102029.96 Equity=102029.96 Spread=0.20 pips
2026-05-06 05:36:36 INFO mt5_bot - Signal=NONE reason=no_closed_bar_crossover price=None trend=bullish rsi=58.0 atr_pips=7.9 adx=36.4
2026-05-06 05:36:36 INFO mt5_bot - ADX boost: adx=36.4 \u2192 risk_pct=1.50%
2026-05-06 05:36:36 INFO mt5_bot - Execution status=skipped reason=no_closed_bar_crossover
2026-05-06 05:36:51 INFO mt5_bot - Balance=102029.96 Equity=102029.96 Spread=0.20 pips
2026-05-06 05:36:51 INFO mt5_bot - Signal=NONE reason=no_closed_bar_crossover price=None trend=bullish rsi=58.0 atr_pips=7.9 adx=36.4
2026-05-06 05:36:51 INFO mt5_bot - ADX boost: adx=36.4 \u2192 risk_pct=1.50%
2026-05-06 05:36:51 INFO mt5_bot - Execution status=skipped reason=no_closed_bar_crossover
2026-05-06 05:37:06 INFO mt5_bot - Balance=102029.96 Equity=102029.96 Spread=0.40 pips
2026-05-06 05:37:06 INFO mt5_bot - Signal=NONE reason=no_closed_bar_crossover price=None trend=bullish rsi=58.0 atr_pips=7.9 adx=36.4
2026-05-06 05:37:06 INFO mt5_bot - ADX boost: adx=36.4 \u2192 risk_pct=1.50%
2026-05-06 05:37:06 INFO mt5_bot - Execution status=skipped reason=no_closed_bar_crossover
2026-05-06 05:37:21 INFO mt5_bot - Balance=102029.96 Equity=102029.96 Spread=0.40 pips
2026-05-06 05:37:21 INFO mt5_bot - Signal=NONE reason=no_closed_bar_crossover price=None trend=bullish rsi=58.0 atr_pips=7.9 adx=36.4
2026-05-06 05:37:21 INFO mt5_bot - ADX boost: adx=36.4 \u2192 risk_pct=1.50%
2026-05-06 05:37:21 INFO mt5_bot - Execution status=skipped reason=no_closed_bar_crossover
2026-05-06 05:37:36 INFO mt5_bot - Balance=102029.96 Equity=102029.96 Spread=0.20 pips
2026-05-06 05:37:36 INFO mt5_bot - Signal=NONE reason=no_closed_bar_crossover price=None trend=bullish rsi=58.0 atr_pips=7.9 adx=36.4
2026-05-06 05:37:36 INFO mt5_bot - ADX boost: adx=36.4 \u2192 risk_pct=1.50%
2026-05-06 05:37:36 INFO mt5_bot - Execution status=skipped reason=no_closed_bar_crossover
2026-05-06 05:37:51 INFO mt5_bot - Balance=102029.96 Equity=102029.96 Spread=0.40 pips
2026-05-06 05:37:51 INFO mt5_bot - Signal=NONE reason=no_closed_bar_crossover price=None trend=bullish rsi=58.0 atr_pips=7.9 adx=36.4
2026-05-06 05:37:51 INFO mt5_bot - ADX boost: adx=36.4 \u2192 risk_pct=1.50%
2026-05-06 05:37:51 INFO mt5_bot - Execution status=skipped reason=no_closed_bar_crossover
2026-05-06 05:38:06 INFO mt5_bot - Balance=102029.96 Equity=102029.96 Spread=0.40 pips
2026-05-06 05:38:06 INFO mt5_bot - Signal=NONE reason=no_closed_bar_crossover price=None trend=bullish rsi=58.0 atr_pips=7.9 adx=36.4
2026-05-06 05:38:06 INFO mt5_bot - ADX boost: adx=36.4 \u2192 risk_pct=1.50%
2026-05-06 05:38:06 INFO mt5_bot - Execution status=skipped reason=no_closed_bar_crossover
2026-05-06 05:38:21 INFO mt5_bot - Balance=102029.96 Equity=102029.96 Spread=0.40 pips
2026-05-06 05:38:21 INFO mt5_bot - Signal=NONE reason=no_closed_bar_crossover price=None trend=bullish rsi=58.0 atr_pips=7.9 adx=36.4
2026-05-06 05:38:21 INFO mt5_bot - ADX boost: adx=36.4 \u2192 risk_pct=1.50%
2026-05-06 05:38:21 INFO mt5_bot - Execution status=skipped reason=no_closed_bar_crossover
2026-05-06 05:38:36 INFO mt5_bot - Balance=102029.96 Equity=102029.96 Spread=0.20 pips
2026-05-06 05:38:37 INFO mt5_bot - Signal=NONE reason=no_closed_bar_crossover price=None trend=bullish rsi=58.0 atr_pips=7.9 adx=36.4
2026-05-06 05:38:37 INFO mt5_bot - ADX boost: adx=36.4 \u2192 risk_pct=1.50%
2026-05-06 05:38:37 INFO mt5_bot - Execution status=skipped reason=no_closed_bar_crossover
2026-05-06 05:38:52 INFO mt5_bot - Balance=102029.96 Equity=102029.96 Spread=0.40 pips
2026-05-06 05:38:52 INFO mt5_bot - Signal=NONE reason=no_closed_bar_crossover price=None trend=bullish rsi=58.0 atr_pips=7.9 adx=36.4
2026-05-06 05:38:52 INFO mt5_bot - ADX boost: adx=36.4 \u2192 risk_pct=1.50%
2026-05-06 05:38:52 INFO mt5_bot - Execution status=skipped reason=no_closed_bar_crossover
2026-05-06 05:39:07 INFO mt5_bot - Balance=102029.96 Equity=102029.96 Spread=0.20 pips
2026-05-06 05:39:07 INFO mt5_bot - Signal=NONE reason=no_closed_bar_crossover price=None trend=bullish rsi=58.0 atr_pips=7.9 adx=36.4
2026-05-06 05:39:07 INFO mt5_bot - ADX boost: adx=36.4 \u2192 risk_pct=1.50%
2026-05-06 05:39:07 INFO mt5_bot - Execution status=skipped reason=no_closed_bar_crossover
2026-05-06 05:39:22 INFO mt5_bot - Balance=102029.96 Equity=102029.96 Spread=0.40 pips
2026-05-06 05:39:22 INFO mt5_bot - Signal=NONE reason=no_closed_bar_crossover price=None trend=bullish rsi=58.0 atr_pips=7.9 adx=36.4
2026-05-06 05:39:22 INFO mt5_bot - ADX boost: adx=36.4 \u2192 risk_pct=1.50%
2026-05-06 05:39:22 INFO mt5_bot - Execution status=skipped reason=no_closed_bar_crossover
2026-05-06 05:39:37 INFO mt5_bot - Balance=102029.96 Equity=102029.96 Spread=0.40 pips
2026-05-06 05:39:37 INFO mt5_bot - Signal=NONE reason=no_closed_bar_crossover price=None trend=bullish rsi=58.0 atr_pips=7.9 adx=36.4
2026-05-06 05:39:37 INFO mt5_bot - ADX boost: adx=36.4 \u2192 risk_pct=1.50%
2026-05-06 05:39:37 INFO mt5_bot - Execution status=skipped reason=no_closed_bar_crossover
2026-05-06 05:39:52 INFO mt5_bot - Balance=102029.96 Equity=102029.96 Spread=0.20 pips
2026-05-06 05:39:52 INFO mt5_bot - Signal=NONE reason=no_closed_bar_crossover price=None trend=bullish rsi=58.0 atr_pips=7.9 adx=36.4
2026-05-06 05:39:52 INFO mt5_bot - ADX boost: adx=36.4 \u2192 risk_pct=1.50%
2026-05-06 05:39:52 INFO mt5_bot - Execution status=skipped reason=no_closed_bar_crossover
2026-05-06 05:40:07 INFO mt5_bot - Balance=102029.96 Equity=102029.96 Spread=0.40 pips
2026-05-06 05:40:07 INFO mt5_bot - Signal=NONE reason=no_closed_bar_crossover price=None trend=bullish rsi=58.0 atr_pips=7.9 adx=36.4
2026-05-06 05:40:07 INFO mt5_bot - ADX boost: adx=36.4 \u2192 risk_pct=1.50%
2026-05-06 05:40:07 INFO mt5_bot - Execution status=skipped reason=no_closed_bar_crossover
2026-05-06 05:40:22 INFO mt5_bot - Balance=102029.96 Equity=102029.96 Spread=0.40 pips
2026-05-06 05:40:22 INFO mt5_bot - Signal=NONE reason=no_closed_bar_crossover price=None trend=bullish rsi=58.0 atr_pips=7.9 adx=36.4
2026-05-06 05:40:22 INFO mt5_bot - ADX boost: adx=36.4 \u2192 risk_pct=1.50%
2026-05-06 05:40:22 INFO mt5_bot - Execution status=skipped reason=no_closed_bar_crossover
2026-05-06 05:40:37 INFO mt5_bot - Balance=102029.96 Equity=102029.96 Spread=0.40 pips
2026-05-06 05:40:37 INFO mt5_bot - Signal=NONE reason=no_closed_bar_crossover price=None trend=bullish rsi=58.0 atr_pips=7.9 adx=36.4
2026-05-06 05:40:37 INFO mt5_bot - ADX boost: adx=36.4 \u2192 risk_pct=1.50%
2026-05-06 05:40:37 INFO mt5_bot - Execution status=skipped reason=no_closed_bar_crossover
2026-05-06 05:40:52 INFO mt5_bot - Balance=102029.96 Equity=102029.96 Spread=0.40 pips
2026-05-06 05:40:52 INFO mt5_bot - Signal=NONE reason=no_closed_bar_crossover price=None trend=bullish rsi=58.0 atr_pips=7.9 adx=36.4
2026-05-06 05:40:52 INFO mt5_bot - ADX boost: adx=36.4 \u2192 risk_pct=1.50%
2026-05-06 05:40:52 INFO mt5_bot - Execution status=skipped reason=no_closed_bar_crossover
2026-05-06 05:41:07 INFO mt5_bot - Balance=102029.96 Equity=102029.96 Spread=0.40 pips
2026-05-06 05:41:07 INFO mt5_bot - Signal=NONE reason=no_closed_bar_crossover price=None trend=bullish rsi=58.0 atr_pips=7.9 adx=36.4
2026-05-06 05:41:07 INFO mt5_bot - ADX boost: adx=36.4 \u2192 risk_pct=1.50%
2026-05-06 05:41:07 INFO mt5_bot - Execution status=skipped reason=no_closed_bar_crossover
2026-05-06 05:41:22 INFO mt5_bot - Balance=102029.96 Equity=102029.96 Spread=0.40 pips
2026-05-06 05:41:22 INFO mt5_bot - Signal=NONE reason=no_closed_bar_crossover price=None trend=bullish rsi=58.0 atr_pips=7.9 adx=36.4
2026-05-06 05:41:22 INFO mt5_bot - ADX boost: adx=36.4 \u2192 risk_pct=1.50%
2026-05-06 05:41:22 INFO mt5_bot - Execution status=skipped reason=no_closed_bar_crossover
2026-05-06 05:41:37 INFO mt5_bot - Balance=102029.96 Equity=102029.96 Spread=0.20 pips
2026-05-06 05:41:37 INFO mt5_bot - Signal=NONE reason=no_closed_bar_crossover price=None trend=bullish rsi=58.0 atr_pips=7.9 adx=36.4
2026-05-06 05:41:37 INFO mt5_bot - ADX boost: adx=36.4 \u2192 risk_pct=1.50%
2026-05-06 05:41:37 INFO mt5_bot - Execution status=skipped reason=no_closed_bar_crossover
2026-05-06 05:41:52 INFO mt5_bot - Balance=102029.96 Equity=102029.96 Spread=0.20 pips
2026-05-06 05:41:52 INFO mt5_bot - Signal=NONE reason=no_closed_bar_crossover price=None trend=bullish rsi=58.0 atr_pips=7.9 adx=36.4
2026-05-06 05:41:52 INFO mt5_bot - ADX boost: adx=36.4 \u2192 risk_pct=1.50%
2026-05-06 05:41:52 INFO mt5_bot - Execution status=skipped reason=no_closed_bar_crossover
2026-05-06 05:42:07 INFO mt5_bot - Balance=102029.96 Equity=102029.96 Spread=0.40 pips
2026-05-06 05:42:07 INFO mt5_bot - Signal=NONE reason=no_closed_bar_crossover price=None trend=bullish rsi=58.0 atr_pips=7.9 adx=36.4
2026-05-06 05:42:07 INFO mt5_bot - ADX boost: adx=36.4 \u2192 risk_pct=1.50%
2026-05-06 05:42:07 INFO mt5_bot - Execution status=skipped reason=no_closed_bar_crossover
2026-05-06 05:42:22 INFO mt5_bot - Balance=102029.96 Equity=102029.96 Spread=0.20 pips
2026-05-06 05:42:22 INFO mt5_bot - Signal=NONE reason=no_closed_bar_crossover price=None trend=bullish rsi=58.0 atr_pips=7.9 adx=36.4
2026-05-06 05:42:22 INFO mt5_bot - ADX boost: adx=36.4 \u2192 risk_pct=1.50%
2026-05-06 05:42:22 INFO mt5_bot - Execution status=skipped reason=no_closed_bar_crossover
2026-05-06 05:42:37 INFO mt5_bot - Balance=102029.96 Equity=102029.96 Spread=0.40 pips
2026-05-06 05:42:37 INFO mt5_bot - Signal=NONE reason=no_closed_bar_crossover price=None trend=bullish rsi=58.0 atr_pips=7.9 adx=36.4
2026-05-06 05:42:37 INFO mt5_bot - ADX boost: adx=36.4 \u2192 risk_pct=1.50%
2026-05-06 05:42:37 INFO mt5_bot - Execution status=skipped reason=no_closed_bar_crossover
2026-05-06 05:42:52 INFO mt5_bot - Balance=102029.96 Equity=102029.96 Spread=0.40 pips
2026-05-06 05:42:52 INFO mt5_bot - Signal=NONE reason=no_closed_bar_crossover price=None trend=bullish rsi=58.0 atr_pips=7.9 adx=36.4
2026-05-06 05:42:52 INFO mt5_bot - ADX boost: adx=36.4 \u2192 risk_pct=1.50%
2026-05-06 05:42:52 INFO mt5_bot - Execution status=skipped reason=no_closed_bar_crossover
2026-05-06 05:43:07 INFO mt5_bot - Balance=102029.96 Equity=102029.96 Spread=0.40 pips
2026-05-06 05:43:07 INFO mt5_bot - Signal=NONE reason=no_closed_bar_crossover price=None trend=bullish rsi=58.0 atr_pips=7.9 adx=36.4
2026-05-06 05:43:07 INFO mt5_bot - ADX boost: adx=36.4 \u2192 risk_pct=1.50%
2026-05-06 05:43:07 INFO mt5_bot - Execution status=skipped reason=no_closed_bar_crossover
2026-05-06 05:43:22 INFO mt5_bot - Balance=102029.96 Equity=102029.96 Spread=0.40 pips
2026-05-06 05:43:22 INFO mt5_bot - Signal=NONE reason=no_closed_bar_crossover price=None trend=bullish rsi=58.0 atr_pips=7.9 adx=36.4
2026-05-06 05:43:22 INFO mt5_bot - ADX boost: adx=36.4 \u2192 risk_pct=1.50%
2026-05-06 05:43:22 INFO mt5_bot - Execution status=skipped reason=no_closed_bar_crossover
2026-05-06 05:43:37 INFO mt5_bot - Balance=102029.96 Equity=102029.96 Spread=0.20 pips
2026-05-06 05:43:37 INFO mt5_bot - Signal=NONE reason=no_closed_bar_crossover price=None trend=bullish rsi=58.0 atr_pips=7.9 adx=36.4
2026-05-06 05:43:37 INFO mt5_bot - ADX boost: adx=36.4 \u2192 risk_pct=1.50%
2026-05-06 05:43:37 INFO mt5_bot - Execution status=skipped reason=no_closed_bar_crossover
2026-05-06 05:43:52 INFO mt5_bot - Balance=102029.96 Equity=102029.96 Spread=0.20 pips
2026-05-06 05:43:52 INFO mt5_bot - Signal=NONE reason=no_closed_bar_crossover price=None trend=bullish rsi=58.0 atr_pips=7.9 adx=36.4
2026-05-06 05:43:52 INFO mt5_bot - ADX boost: adx=36.4 \u2192 risk_pct=1.50%
2026-05-06 05:43:52 INFO mt5_bot - Execution status=skipped reason=no_closed_bar_crossover
2026-05-06 05:44:07 INFO mt5_bot - Balance=102029.96 Equity=102029.96 Spread=0.20 pips
2026-05-06 05:44:07 INFO mt5_bot - Signal=NONE reason=no_closed_bar_crossover price=None trend=bullish rsi=58.0 atr_pips=7.9 adx=36.4
2026-05-06 05:44:07 INFO mt5_bot - ADX boost: adx=36.4 \u2192 risk_pct=1.50%
2026-05-06 05:44:07 INFO mt5_bot - Execution status=skipped reason=no_closed_bar_crossover
2026-05-06 05:44:22 INFO mt5_bot - Balance=102029.96 Equity=102029.96 Spread=0.20 pips
2026-05-06 05:44:22 INFO mt5_bot - Signal=NONE reason=no_closed_bar_crossover price=None trend=bullish rsi=58.0 atr_pips=7.9 adx=36.4
2026-05-06 05:44:22 INFO mt5_bot - ADX boost: adx=36.4 \u2192 risk_pct=1.50%
2026-05-06 05:44:22 INFO mt5_bot - Execution status=skipped reason=no_closed_bar_crossover
2026-05-06 05:44:37 INFO mt5_bot - Balance=102029.96 Equity=102029.96 Spread=0.40 pips
2026-05-06 05:44:37 INFO mt5_bot - Signal=NONE reason=no_closed_bar_crossover price=None trend=bullish rsi=58.0 atr_pips=7.9 adx=36.4
2026-05-06 05:44:37 INFO mt5_bot - ADX boost: adx=36.4 \u2192 risk_pct=1.50%
2026-05-06 05:44:37 INFO mt5_bot - Execution status=skipped reason=no_closed_bar_crossover
2026-05-06 05:44:52 INFO mt5_bot - Balance=102029.96 Equity=102029.96 Spread=0.20 pips
2026-05-06 05:44:52 INFO mt5_bot - Signal=NONE reason=no_closed_bar_crossover price=None trend=bullish rsi=58.0 atr_pips=7.9 adx=36.4
2026-05-06 05:44:52 INFO mt5_bot - ADX boost: adx=36.4 \u2192 risk_pct=1.50%
2026-05-06 05:44:52 INFO mt5_bot - Execution status=skipped reason=no_closed_bar_crossover
2026-05-06 05:45:07 INFO mt5_bot - Balance=102029.96 Equity=102029.96 Spread=0.20 pips
2026-05-06 05:45:07 INFO mt5_bot - Signal=NONE reason=no_closed_bar_crossover price=None trend=bullish rsi=65.9 atr_pips=8.4 adx=37.1
2026-05-06 05:45:07 INFO mt5_bot - ADX boost: adx=37.1 \u2192 risk_pct=1.50%
2026-05-06 05:45:07 INFO mt5_bot - Execution status=skipped reason=no_closed_bar_crossover
2026-05-06 05:45:22 INFO mt5_bot - Balance=102029.96 Equity=102029.96 Spread=0.40 pips
2026-05-06 05:45:22 INFO mt5_bot - Signal=NONE reason=no_closed_bar_crossover price=None trend=bullish rsi=65.9 atr_pips=8.4 adx=37.1
2026-05-06 05:45:22 INFO mt5_bot - ADX boost: adx=37.1 \u2192 risk_pct=1.50%
2026-05-06 05:45:22 INFO mt5_bot - Execution status=skipped reason=no_closed_bar_crossover
2026-05-06 05:45:37 INFO mt5_bot - Balance=102029.96 Equity=102029.96 Spread=0.20 pips
2026-05-06 05:45:37 INFO mt5_bot - Signal=NONE reason=no_closed_bar_crossover price=None trend=bullish rsi=65.9 atr_pips=8.4 adx=37.1
2026-05-06 05:45:37 INFO mt5_bot - ADX boost: adx=37.1 \u2192 risk_pct=1.50%
2026-05-06 05:45:37 INFO mt5_bot - Execution status=skipped reason=no_closed_bar_crossover
2026-05-06 05:45:52 INFO mt5_bot - Balance=102029.96 Equity=102029.96 Spread=0.40 pips
2026-05-06 05:45:52 INFO mt5_bot - Signal=NONE reason=no_closed_bar_crossover price=None trend=bullish rsi=65.9 atr_pips=8.4 adx=37.1
2026-05-06 05:45:52 INFO mt5_bot - ADX boost: adx=37.1 \u2192 risk_pct=1.50%
2026-05-06 05:45:52 INFO mt5_bot - Execution status=skipped reason=no_closed_bar_crossover
2026-05-06 05:46:07 INFO mt5_bot - Balance=102029.96 Equity=102029.96 Spread=0.40 pips
2026-05-06 05:46:07 INFO mt5_bot - Signal=NONE reason=no_closed_bar_crossover price=None trend=bullish rsi=65.9 atr_pips=8.4 adx=37.1
2026-05-06 05:46:07 INFO mt5_bot - ADX boost: adx=37.1 \u2192 risk_pct=1.50%
2026-05-06 05:46:07 INFO mt5_bot - Execution status=skipped reason=no_closed_bar_crossover
2026-05-06 05:46:22 INFO mt5_bot - Balance=102029.96 Equity=102029.96 Spread=0.20 pips
2026-05-06 05:46:22 INFO mt5_bot - Signal=NONE reason=no_closed_bar_crossover price=None trend=bullish rsi=65.9 atr_pips=8.4 adx=37.1
2026-05-06 05:46:22 INFO mt5_bot - ADX boost: adx=37.1 \u2192 risk_pct=1.50%
2026-05-06 05:46:22 INFO mt5_bot - Execution status=skipped reason=no_closed_bar_crossover
2026-05-06 05:46:37 INFO mt5_bot - Balance=102029.96 Equity=102029.96 Spread=0.20 pips
2026-05-06 05:46:37 INFO mt5_bot - Signal=NONE reason=no_closed_bar_crossover price=None trend=bullish rsi=65.9 atr_pips=8.4 adx=37.1
2026-05-06 05:46:37 INFO mt5_bot - ADX boost: adx=37.1 \u2192 risk_pct=1.50%
2026-05-06 05:46:37 INFO mt5_bot - Execution status=skipped reason=no_closed_bar_crossover
2026-05-06 05:46:52 INFO mt5_bot - Balance=102029.96 Equity=102029.96 Spread=0.40 pips
2026-05-06 05:46:52 INFO mt5_bot - Signal=NONE reason=no_closed_bar_crossover price=None trend=bullish rsi=65.9 atr_pips=8.4 adx=37.1
2026-05-06 05:46:52 INFO mt5_bot - ADX boost: adx=37.1 \u2192 risk_pct=1.50%
2026-05-06 05:46:52 INFO mt5_bot - Execution status=skipped reason=no_closed_bar_crossover
2026-05-06 05:47:07 INFO mt5_bot - Balance=102029.96 Equity=102029.96 Spread=0.40 pips
2026-05-06 05:47:07 INFO mt5_bot - Signal=NONE reason=no_closed_bar_crossover price=None trend=bullish rsi=65.9 atr_pips=8.4 adx=37.1
2026-05-06 05:47:07 INFO mt5_bot - ADX boost: adx=37.1 \u2192 risk_pct=1.50%
2026-05-06 05:47:07 INFO mt5_bot - Execution status=skipped reason=no_closed_bar_crossover
2026-05-06 05:47:22 INFO mt5_bot - Balance=102029.96 Equity=102029.96 Spread=0.20 pips
2026-05-06 05:47:22 INFO mt5_bot - Signal=NONE reason=no_closed_bar_crossover price=None trend=bullish rsi=65.9 atr_pips=8.4 adx=37.1
2026-05-06 05:47:22 INFO mt5_bot - ADX boost: adx=37.1 \u2192 risk_pct=1.50%
2026-05-06 05:47:22 INFO mt5_bot - Execution status=skipped reason=no_closed_bar_crossover
2026-05-06 05:47:37 INFO mt5_bot - Balance=102029.96 Equity=102029.96 Spread=0.40 pips
2026-05-06 05:47:37 INFO mt5_bot - Signal=NONE reason=no_closed_bar_crossover price=None trend=bullish rsi=65.9 atr_pips=8.4 adx=37.1
2026-05-06 05:47:37 INFO mt5_bot - ADX boost: adx=37.1 \u2192 risk_pct=1.50%
2026-05-06 05:47:37 INFO mt5_bot - Execution status=skipped reason=no_closed_bar_crossover
2026-05-06 05:47:52 INFO mt5_bot - Balance=102029.96 Equity=102029.96 Spread=0.40 pips
2026-05-06 05:47:52 INFO mt5_bot - Signal=NONE reason=no_closed_bar_crossover price=None trend=bullish rsi=65.9 atr_pips=8.4 adx=37.1
2026-05-06 05:47:52 INFO mt5_bot - ADX boost: adx=37.1 \u2192 risk_pct=1.50%
2026-05-06 05:47:52 INFO mt5_bot - Execution status=skipped reason=no_closed_bar_crossover
2026-05-06 05:48:07 INFO mt5_bot - Balance=102029.96 Equity=102029.96 Spread=0.20 pips
2026-05-06 05:48:07 INFO mt5_bot - Signal=NONE reason=no_closed_bar_crossover price=None trend=bullish rsi=65.9 atr_pips=8.4 adx=37.1
2026-05-06 05:48:07 INFO mt5_bot - ADX boost: adx=37.1 \u2192 risk_pct=1.50%
2026-05-06 05:48:07 INFO mt5_bot - Execution status=skipped reason=no_closed_bar_crossover
2026-05-06 05:48:22 INFO mt5_bot - Balance=102029.96 Equity=102029.96 Spread=0.40 pips
2026-05-06 05:48:22 INFO mt5_bot - Signal=NONE reason=no_closed_bar_crossover price=None trend=bullish rsi=65.9 atr_pips=8.4 adx=37.1
2026-05-06 05:48:22 INFO mt5_bot - ADX boost: adx=37.1 \u2192 risk_pct=1.50%
2026-05-06 05:48:22 INFO mt5_bot - Execution status=skipped reason=no_closed_bar_crossover
2026-05-06 05:48:37 INFO mt5_bot - Balance=102029.96 Equity=102029.96 Spread=0.40 pips
2026-05-06 05:48:37 INFO mt5_bot - Signal=NONE reason=no_closed_bar_crossover price=None trend=bullish rsi=65.9 atr_pips=8.4 adx=37.1
2026-05-06 05:48:37 INFO mt5_bot - ADX boost: adx=37.1 \u2192 risk_pct=1.50%
2026-05-06 05:48:37 INFO mt5_bot - Execution status=skipped reason=no_closed_bar_crossover
2026-05-06 05:48:52 INFO mt5_bot - Balance=102029.96 Equity=102029.96 Spread=0.20 pips
2026-05-06 05:48:52 INFO mt5_bot - Signal=NONE reason=no_closed_bar_crossover price=None trend=bullish rsi=65.9 atr_pips=8.4 adx=37.1
2026-05-06 05:48:52 INFO mt5_bot - ADX boost: adx=37.1 \u2192 risk_pct=1.50%
2026-05-06 05:48:52 INFO mt5_bot - Execution status=skipped reason=no_closed_bar_crossover
2026-05-06 05:49:07 INFO mt5_bot - Balance=102029.96 Equity=102029.96 Spread=0.20 pips
2026-05-06 05:49:07 INFO mt5_bot - Signal=NONE reason=no_closed_bar_crossover price=None trend=bullish rsi=65.9 atr_pips=8.4 adx=37.1
2026-05-06 05:49:07 INFO mt5_bot - ADX boost: adx=37.1 \u2192 risk_pct=1.50%
2026-05-06 05:49:07 INFO mt5_bot - Execution status=skipped reason=no_closed_bar_crossover
2026-05-06 05:49:22 INFO mt5_bot - Balance=102029.96 Equity=102029.96 Spread=0.20 pips
2026-05-06 05:49:22 INFO mt5_bot - Signal=NONE reason=no_closed_bar_crossover price=None trend=bullish rsi=65.9 atr_pips=8.4 adx=37.1
2026-05-06 05:49:22 INFO mt5_bot - ADX boost: adx=37.1 \u2192 risk_pct=1.50%
2026-05-06 05:49:22 INFO mt5_bot - Execution status=skipped reason=no_closed_bar_crossover
2026-05-06 05:49:37 INFO mt5_bot - Balance=102029.96 Equity=102029.96 Spread=0.20 pips
2026-05-06 05:49:37 INFO mt5_bot - Signal=NONE reason=no_closed_bar_crossover price=None trend=bullish rsi=65.9 atr_pips=8.4 adx=37.1
2026-05-06 05:49:37 INFO mt5_bot - ADX boost: adx=37.1 \u2192 risk_pct=1.50%
2026-05-06 05:49:37 INFO mt5_bot - Execution status=skipped reason=no_closed_bar_crossover
2026-05-06 05:49:52 INFO mt5_bot - Balance=102029.96 Equity=102029.96 Spread=0.40 pips
2026-05-06 05:49:52 INFO mt5_bot - Signal=NONE reason=no_closed_bar_crossover price=None trend=bullish rsi=65.9 atr_pips=8.4 adx=37.1
2026-05-06 05:49:52 INFO mt5_bot - ADX boost: adx=37.1 \u2192 risk_pct=1.50%
2026-05-06 05:49:52 INFO mt5_bot - Execution status=skipped reason=no_closed_bar_crossover
2026-05-06 05:50:07 INFO mt5_bot - Balance=102029.96 Equity=102029.96 Spread=0.20 pips
2026-05-06 05:50:07 INFO mt5_bot - Signal=NONE reason=no_closed_bar_crossover price=None trend=bullish rsi=65.9 atr_pips=8.4 adx=37.1
2026-05-06 05:50:07 INFO mt5_bot - ADX boost: adx=37.1 \u2192 risk_pct=1.50%
2026-05-06 05:50:07 INFO mt5_bot - Execution status=skipped reason=no_closed_bar_crossover
2026-05-06 05:50:22 INFO mt5_bot - Balance=102029.96 Equity=102029.96 Spread=0.20 pips
2026-05-06 05:50:22 INFO mt5_bot - Signal=NONE reason=no_closed_bar_crossover price=None trend=bullish rsi=65.9 atr_pips=8.4 adx=37.1
2026-05-06 05:50:22 INFO mt5_bot - ADX boost: adx=37.1 \u2192 risk_pct=1.50%
2026-05-06 05:50:22 INFO mt5_bot - Execution status=skipped reason=no_closed_bar_crossover
2026-05-06 05:50:37 INFO mt5_bot - Balance=102029.96 Equity=102029.96 Spread=0.20 pips
2026-05-06 05:50:37 INFO mt5_bot - Signal=NONE reason=no_closed_bar_crossover price=None trend=bullish rsi=65.9 atr_pips=8.4 adx=37.1
2026-05-06 05:50:37 INFO mt5_bot - ADX boost: adx=37.1 \u2192 risk_pct=1.50%
2026-05-06 05:50:37 INFO mt5_bot - Execution status=skipped reason=no_closed_bar_crossover
2026-05-06 05:50:52 INFO mt5_bot - Balance=102029.96 Equity=102029.96 Spread=0.20 pips
2026-05-06 05:50:52 INFO mt5_bot - Signal=NONE reason=no_closed_bar_crossover price=None trend=bullish rsi=65.9 atr_pips=8.4 adx=37.1
2026-05-06 05:50:52 INFO mt5_bot - ADX boost: adx=37.1 \u2192 risk_pct=1.50%
2026-05-06 05:50:52 INFO mt5_bot - Execution status=skipped reason=no_closed_bar_crossover
2026-05-06 05:51:07 INFO mt5_bot - Balance=102029.96 Equity=102029.96 Spread=0.40 pips
2026-05-06 05:51:07 INFO mt5_bot - Signal=NONE reason=no_closed_bar_crossover price=None trend=bullish rsi=65.9 atr_pips=8.4 adx=37.1
2026-05-06 05:51:07 INFO mt5_bot - ADX boost: adx=37.1 \u2192 risk_pct=1.50%
2026-05-06 05:51:07 INFO mt5_bot - Execution status=skipped reason=no_closed_bar_crossover
2026-05-06 05:51:22 INFO mt5_bot - Balance=102029.96 Equity=102029.96 Spread=0.40 pips
2026-05-06 05:51:22 INFO mt5_bot - Signal=NONE reason=no_closed_bar_crossover price=None trend=bullish rsi=65.9 atr_pips=8.4 adx=37.1
2026-05-06 05:51:22 INFO mt5_bot - ADX boost: adx=37.1 \u2192 risk_pct=1.50%
2026-05-06 05:51:22 INFO mt5_bot - Execution status=skipped reason=no_closed_bar_crossover
2026-05-06 05:51:37 INFO mt5_bot - Balance=102029.96 Equity=102029.96 Spread=0.20 pips
2026-05-06 05:51:37 INFO mt5_bot - Signal=NONE reason=no_closed_bar_crossover price=None trend=bullish rsi=65.9 atr_pips=8.4 adx=37.1
2026-05-06 05:51:37 INFO mt5_bot - ADX boost: adx=37.1 \u2192 risk_pct=1.50%
2026-05-06 05:51:37 INFO mt5_bot - Execution status=skipped reason=no_closed_bar_crossover
2026-05-06 05:51:52 INFO mt5_bot - Balance=102029.96 Equity=102029.96 Spread=0.20 pips
2026-05-06 05:51:52 INFO mt5_bot - Signal=NONE reason=no_closed_bar_crossover price=None trend=bullish rsi=65.9 atr_pips=8.4 adx=37.1
2026-05-06 05:51:52 INFO mt5_bot - ADX boost: adx=37.1 \u2192 risk_pct=1.50%
2026-05-06 05:51:52 INFO mt5_bot - Execution status=skipped reason=no_closed_bar_crossover
2026-05-06 05:52:07 INFO mt5_bot - Balance=102029.96 Equity=102029.96 Spread=0.40 pips
2026-05-06 05:52:07 INFO mt5_bot - Signal=NONE reason=no_closed_bar_crossover price=None trend=bullish rsi=65.9 atr_pips=8.4 adx=37.1
2026-05-06 05:52:07 INFO mt5_bot - ADX boost: adx=37.1 \u2192 risk_pct=1.50%
2026-05-06 05:52:07 INFO mt5_bot - Execution status=skipped reason=no_closed_bar_crossover
2026-05-06 05:52:22 INFO mt5_bot - Balance=102029.96 Equity=102029.96 Spread=0.20 pips
2026-05-06 05:52:22 INFO mt5_bot - Signal=NONE reason=no_closed_bar_crossover price=None trend=bullish rsi=65.9 atr_pips=8.4 adx=37.1
2026-05-06 05:52:22 INFO mt5_bot - ADX boost: adx=37.1 \u2192 risk_pct=1.50%
2026-05-06 05:52:22 INFO mt5_bot - Execution status=skipped reason=no_closed_bar_crossover
2026-05-06 05:52:37 INFO mt5_bot - Balance=102029.96 Equity=102029.96 Spread=0.40 pips
2026-05-06 05:52:37 INFO mt5_bot - Signal=NONE reason=no_closed_bar_crossover price=None trend=bullish rsi=65.9 atr_pips=8.4 adx=37.1
2026-05-06 05:52:37 INFO mt5_bot - ADX boost: adx=37.1 \u2192 risk_pct=1.50%
2026-05-06 05:52:37 INFO mt5_bot - Execution status=skipped reason=no_closed_bar_crossover
2026-05-06 05:52:52 INFO mt5_bot - Balance=102029.96 Equity=102029.96 Spread=0.40 pips
2026-05-06 05:52:52 INFO mt5_bot - Signal=NONE reason=no_closed_bar_crossover price=None trend=bullish rsi=65.9 atr_pips=8.4 adx=37.1
2026-05-06 05:52:52 INFO mt5_bot - ADX boost: adx=37.1 \u2192 risk_pct=1.50%
2026-05-06 05:52:52 INFO mt5_bot - Execution status=skipped reason=no_closed_bar_crossover
2026-05-06 05:53:07 INFO mt5_bot - Balance=102029.96 Equity=102029.96 Spread=0.20 pips
2026-05-06 05:53:07 INFO mt5_bot - Signal=NONE reason=no_closed_bar_crossover price=None trend=bullish rsi=65.9 atr_pips=8.4 adx=37.1
2026-05-06 05:53:07 INFO mt5_bot - ADX boost: adx=37.1 \u2192 risk_pct=1.50%
2026-05-06 05:53:07 INFO mt5_bot - Execution status=skipped reason=no_closed_bar_crossover
2026-05-06 05:53:22 INFO mt5_bot - Balance=102029.96 Equity=102029.96 Spread=0.40 pips
2026-05-06 05:53:22 INFO mt5_bot - Signal=NONE reason=no_closed_bar_crossover price=None trend=bullish rsi=65.9 atr_pips=8.4 adx=37.1
2026-05-06 05:53:22 INFO mt5_bot - ADX boost: adx=37.1 \u2192 risk_pct=1.50%
2026-05-06 05:53:22 INFO mt5_bot - Execution status=skipped reason=no_closed_bar_crossover
2026-05-06 05:53:37 INFO mt5_bot - Balance=102029.96 Equity=102029.96 Spread=0.40 pips
2026-05-06 05:53:37 INFO mt5_bot - Signal=NONE reason=no_closed_bar_crossover price=None trend=bullish rsi=65.9 atr_pips=8.4 adx=37.1
2026-05-06 05:53:37 INFO mt5_bot - ADX boost: adx=37.1 \u2192 risk_pct=1.50%
2026-05-06 05:53:37 INFO mt5_bot - Execution status=skipped reason=no_closed_bar_crossover
2026-05-06 05:53:52 INFO mt5_bot - Balance=102029.96 Equity=102029.96 Spread=0.40 pips
2026-05-06 05:53:52 INFO mt5_bot - Signal=NONE reason=no_closed_bar_crossover price=None trend=bullish rsi=65.9 atr_pips=8.4 adx=37.1
2026-05-06 05:53:52 INFO mt5_bot - ADX boost: adx=37.1 \u2192 risk_pct=1.50%
2026-05-06 05:53:52 INFO mt5_bot - Execution status=skipped reason=no_closed_bar_crossover
2026-05-06 05:54:07 INFO mt5_bot - Balance=102029.96 Equity=102029.96 Spread=0.20 pips
2026-05-06 05:54:07 INFO mt5_bot - Signal=NONE reason=no_closed_bar_crossover price=None trend=bullish rsi=65.9 atr_pips=8.4 adx=37.1
2026-05-06 05:54:07 INFO mt5_bot - ADX boost: adx=37.1 \u2192 risk_pct=1.50%
2026-05-06 05:54:07 INFO mt5_bot - Execution status=skipped reason=no_closed_bar_crossover
2026-05-06 05:54:22 INFO mt5_bot - Balance=102029.96 Equity=102029.96 Spread=0.20 pips
2026-05-06 05:54:23 INFO mt5_bot - Signal=NONE reason=no_closed_bar_crossover price=None trend=bullish rsi=65.9 atr_pips=8.4 adx=37.1
2026-05-06 05:54:23 INFO mt5_bot - ADX boost: adx=37.1 \u2192 risk_pct=1.50%
2026-05-06 05:54:23 INFO mt5_bot - Execution status=skipped reason=no_closed_bar_crossover
2026-05-06 05:54:38 INFO mt5_bot - Balance=102029.96 Equity=102029.96 Spread=0.20 pips
2026-05-06 05:54:38 INFO mt5_bot - Signal=NONE reason=no_closed_bar_crossover price=None trend=bullish rsi=65.9 atr_pips=8.4 adx=37.1
2026-05-06 05:54:38 INFO mt5_bot - ADX boost: adx=37.1 \u2192 risk_pct=1.50%
2026-05-06 05:54:38 INFO mt5_bot - Execution status=skipped reason=no_closed_bar_crossover
2026-05-06 05:54:53 INFO mt5_bot - Balance=102029.96 Equity=102029.96 Spread=0.40 pips
2026-05-06 05:54:53 INFO mt5_bot - Signal=NONE reason=no_closed_bar_crossover price=None trend=bullish rsi=65.9 atr_pips=8.4 adx=37.1
2026-05-06 05:54:53 INFO mt5_bot - ADX boost: adx=37.1 \u2192 risk_pct=1.50%
2026-05-06 05:54:53 INFO mt5_bot - Execution status=skipped reason=no_closed_bar_crossover
2026-05-06 05:55:08 INFO mt5_bot - Balance=102029.96 Equity=102029.96 Spread=0.40 pips
2026-05-06 05:55:08 INFO mt5_bot - Signal=NONE reason=no_closed_bar_crossover price=None trend=bullish rsi=65.9 atr_pips=8.4 adx=37.1
2026-05-06 05:55:08 INFO mt5_bot - ADX boost: adx=37.1 \u2192 risk_pct=1.50%
2026-05-06 05:55:08 INFO mt5_bot - Execution status=skipped reason=no_closed_bar_crossover
2026-05-06 05:55:23 INFO mt5_bot - Balance=102029.96 Equity=102029.96 Spread=0.40 pips
2026-05-06 05:55:23 INFO mt5_bot - Signal=NONE reason=no_closed_bar_crossover price=None trend=bullish rsi=65.9 atr_pips=8.4 adx=37.1
2026-05-06 05:55:23 INFO mt5_bot - ADX boost: adx=37.1 \u2192 risk_pct=1.50%
2026-05-06 05:55:23 INFO mt5_bot - Execution status=skipped reason=no_closed_bar_crossover
2026-05-06 05:55:38 INFO mt5_bot - Balance=102029.96 Equity=102029.96 Spread=0.40 pips
2026-05-06 05:55:38 INFO mt5_bot - Signal=NONE reason=no_closed_bar_crossover price=None trend=bullish rsi=65.9 atr_pips=8.4 adx=37.1
2026-05-06 05:55:38 INFO mt5_bot - ADX boost: adx=37.1 \u2192 risk_pct=1.50%
2026-05-06 05:55:38 INFO mt5_bot - Execution status=skipped reason=no_closed_bar_crossover
2026-05-06 05:55:53 INFO mt5_bot - Balance=102029.96 Equity=102029.96 Spread=0.20 pips
2026-05-06 05:55:53 INFO mt5_bot - Signal=NONE reason=no_closed_bar_crossover price=None trend=bullish rsi=65.9 atr_pips=8.4 adx=37.1
2026-05-06 05:55:53 INFO mt5_bot - ADX boost: adx=37.1 \u2192 risk_pct=1.50%
2026-05-06 05:55:53 INFO mt5_bot - Execution status=skipped reason=no_closed_bar_crossover
2026-05-06 05:56:08 INFO mt5_bot - Balance=102029.96 Equity=102029.96 Spread=0.20 pips
2026-05-06 05:56:08 INFO mt5_bot - Signal=NONE reason=no_closed_bar_crossover price=None trend=bullish rsi=65.9 atr_pips=8.4 adx=37.1
2026-05-06 05:56:08 INFO mt5_bot - ADX boost: adx=37.1 \u2192 risk_pct=1.50%
2026-05-06 05:56:08 INFO mt5_bot - Execution status=skipped reason=no_closed_bar_crossover
2026-05-06 05:56:23 INFO mt5_bot - Balance=102029.96 Equity=102029.96 Spread=0.40 pips
2026-05-06 05:56:23 INFO mt5_bot - Signal=NONE reason=no_closed_bar_crossover price=None trend=bullish rsi=65.9 atr_pips=8.4 adx=37.1
2026-05-06 05:56:23 INFO mt5_bot - ADX boost: adx=37.1 \u2192 risk_pct=1.50%
2026-05-06 05:56:23 INFO mt5_bot - Execution status=skipped reason=no_closed_bar_crossover
2026-05-06 05:56:38 INFO mt5_bot - Balance=102029.96 Equity=102029.96 Spread=0.20 pips
2026-05-06 05:56:38 INFO mt5_bot - Signal=NONE reason=no_closed_bar_crossover price=None trend=bullish rsi=65.9 atr_pips=8.4 adx=37.1
2026-05-06 05:56:38 INFO mt5_bot - ADX boost: adx=37.1 \u2192 risk_pct=1.50%
2026-05-06 05:56:38 INFO mt5_bot - Execution status=skipped reason=no_closed_bar_crossover
2026-05-06 05:56:53 INFO mt5_bot - Balance=102029.96 Equity=102029.96 Spread=0.20 pips
2026-05-06 05:56:53 INFO mt5_bot - Signal=NONE reason=no_closed_bar_crossover price=None trend=bullish rsi=65.9 atr_pips=8.4 adx=37.1
2026-05-06 05:56:53 INFO mt5_bot - ADX boost: adx=37.1 \u2192 risk_pct=1.50%
2026-05-06 05:56:53 INFO mt5_bot - Execution status=skipped reason=no_closed_bar_crossover
2026-05-06 05:57:08 INFO mt5_bot - Balance=102029.96 Equity=102029.96 Spread=0.20 pips
2026-05-06 05:57:08 INFO mt5_bot - Signal=NONE reason=no_closed_bar_crossover price=None trend=bullish rsi=65.9 atr_pips=8.4 adx=37.1
2026-05-06 05:57:08 INFO mt5_bot - ADX boost: adx=37.1 \u2192 risk_pct=1.50%
2026-05-06 05:57:08 INFO mt5_bot - Execution status=skipped reason=no_closed_bar_crossover
2026-05-06 05:57:23 INFO mt5_bot - Balance=102029.96 Equity=102029.96 Spread=0.40 pips
2026-05-06 05:57:23 INFO mt5_bot - Signal=NONE reason=no_closed_bar_crossover price=None trend=bullish rsi=65.9 atr_pips=8.4 adx=37.1
2026-05-06 05:57:23 INFO mt5_bot - ADX boost: adx=37.1 \u2192 risk_pct=1.50%
2026-05-06 05:57:23 INFO mt5_bot - Execution status=skipped reason=no_closed_bar_crossover
2026-05-06 05:57:38 INFO mt5_bot - Balance=102029.96 Equity=102029.96 Spread=0.20 pips
2026-05-06 05:57:38 INFO mt5_bot - Signal=NONE reason=no_closed_bar_crossover price=None trend=bullish rsi=65.9 atr_pips=8.4 adx=37.1
2026-05-06 05:57:38 INFO mt5_bot - ADX boost: adx=37.1 \u2192 risk_pct=1.50%
2026-05-06 05:57:38 INFO mt5_bot - Execution status=skipped reason=no_closed_bar_crossover
2026-05-06 05:57:53 INFO mt5_bot - Balance=102029.96 Equity=102029.96 Spread=0.40 pips
2026-05-06 05:57:53 INFO mt5_bot - Signal=NONE reason=no_closed_bar_crossover price=None trend=bullish rsi=65.9 atr_pips=8.4 adx=37.1
2026-05-06 05:57:53 INFO mt5_bot - ADX boost: adx=37.1 \u2192 risk_pct=1.50%
2026-05-06 05:57:53 INFO mt5_bot - Execution status=skipped reason=no_closed_bar_crossover
2026-05-06 05:58:08 INFO mt5_bot - Balance=102029.96 Equity=102029.96 Spread=0.20 pips
2026-05-06 05:58:08 INFO mt5_bot - Signal=NONE reason=no_closed_bar_crossover price=None trend=bullish rsi=65.9 atr_pips=8.4 adx=37.1
2026-05-06 05:58:08 INFO mt5_bot - ADX boost: adx=37.1 \u2192 risk_pct=1.50%
2026-05-06 05:58:08 INFO mt5_bot - Execution status=skipped reason=no_closed_bar_crossover
2026-05-06 05:58:23 INFO mt5_bot - Balance=102029.96 Equity=102029.96 Spread=0.40 pips
2026-05-06 05:58:23 INFO mt5_bot - Signal=NONE reason=no_closed_bar_crossover price=None trend=bullish rsi=65.9 atr_pips=8.4 adx=37.1
2026-05-06 05:58:23 INFO mt5_bot - ADX boost: adx=37.1 \u2192 risk_pct=1.50%
2026-05-06 05:58:23 INFO mt5_bot - Execution status=skipped reason=no_closed_bar_crossover
2026-05-06 05:58:38 INFO mt5_bot - Balance=102029.96 Equity=102029.96 Spread=0.20 pips
2026-05-06 05:58:38 INFO mt5_bot - Signal=NONE reason=no_closed_bar_crossover price=None trend=bullish rsi=65.9 atr_pips=8.4 adx=37.1
2026-05-06 05:58:38 INFO mt5_bot - ADX boost: adx=37.1 \u2192 risk_pct=1.50%
2026-05-06 05:58:38 INFO mt5_bot - Execution status=skipped reason=no_closed_bar_crossover
2026-05-06 05:58:53 INFO mt5_bot - Balance=102029.96 Equity=102029.96 Spread=0.20 pips
2026-05-06 05:58:53 INFO mt5_bot - Signal=NONE reason=no_closed_bar_crossover price=None trend=bullish rsi=65.9 atr_pips=8.4 adx=37.1
2026-05-06 05:58:53 INFO mt5_bot - ADX boost: adx=37.1 \u2192 risk_pct=1.50%
2026-05-06 05:58:53 INFO mt5_bot - Execution status=skipped reason=no_closed_bar_crossover
2026-05-06 05:59:08 INFO mt5_bot - Balance=102029.96 Equity=102029.96 Spread=0.40 pips
2026-05-06 05:59:08 INFO mt5_bot - Signal=NONE reason=no_closed_bar_crossover price=None trend=bullish rsi=65.9 atr_pips=8.4 adx=37.1
2026-05-06 05:59:08 INFO mt5_bot - ADX boost: adx=37.1 \u2192 risk_pct=1.50%
2026-05-06 05:59:08 INFO mt5_bot - Execution status=skipped reason=no_closed_bar_crossover
2026-05-06 05:59:23 INFO mt5_bot - Balance=102029.96 Equity=102029.96 Spread=0.40 pips
2026-05-06 05:59:23 INFO mt5_bot - Signal=NONE reason=no_closed_bar_crossover price=None trend=bullish rsi=65.9 atr_pips=8.4 adx=37.1
2026-05-06 05:59:23 INFO mt5_bot - ADX boost: adx=37.1 \u2192 risk_pct=1.50%
2026-05-06 05:59:23 INFO mt5_bot - Execution status=skipped reason=no_closed_bar_crossover
2026-05-06 05:59:38 INFO mt5_bot - Balance=102029.96 Equity=102029.96 Spread=0.40 pips
2026-05-06 05:59:38 INFO mt5_bot - Signal=NONE reason=no_closed_bar_crossover price=None trend=bullish rsi=65.9 atr_pips=8.4 adx=37.1
2026-05-06 05:59:38 INFO mt5_bot - ADX boost: adx=37.1 \u2192 risk_pct=1.50%
2026-05-06 05:59:38 INFO mt5_bot - Execution status=skipped reason=no_closed_bar_crossover
2026-05-06 05:59:53 INFO mt5_bot - Balance=102029.96 Equity=102029.96 Spread=0.20 pips
2026-05-06 05:59:53 INFO mt5_bot - Signal=NONE reason=no_closed_bar_crossover price=None trend=bullish rsi=65.9 atr_pips=8.4 adx=37.1
2026-05-06 05:59:53 INFO mt5_bot - ADX boost: adx=37.1 \u2192 risk_pct=1.50%
2026-05-06 05:59:53 INFO mt5_bot - Execution status=skipped reason=no_closed_bar_crossover
2026-05-06 06:00:08 INFO mt5_bot - Balance=102029.96 Equity=102029.96 Spread=0.40 pips
2026-05-06 06:00:08 INFO mt5_bot - Signal=NONE reason=no_closed_bar_crossover price=None trend=bullish rsi=66.6 atr_pips=8.8 adx=38.3
2026-05-06 06:00:08 INFO mt5_bot - ADX boost: adx=38.3 \u2192 risk_pct=1.50%
2026-05-06 06:00:08 INFO mt5_bot - Execution status=skipped reason=no_closed_bar_crossover
2026-05-06 06:00:23 INFO mt5_bot - Balance=102029.96 Equity=102029.96 Spread=0.20 pips
2026-05-06 06:00:23 INFO mt5_bot.news_filter - news_filter: loaded 115 events from shared cache
2026-05-06 06:00:23 INFO mt5_bot - Signal=NONE reason=no_closed_bar_crossover price=None trend=bullish rsi=66.6 atr_pips=8.8 adx=38.3
2026-05-06 06:00:23 INFO mt5_bot - ADX boost: adx=38.3 \u2192 risk_pct=1.50%
2026-05-06 06:00:23 INFO mt5_bot - Execution status=skipped reason=no_closed_bar_crossover
2026-05-06 06:00:38 INFO mt5_bot - Balance=102029.96 Equity=102029.96 Spread=0.40 pips
2026-05-06 06:00:38 INFO mt5_bot - Signal=NONE reason=no_closed_bar_crossover price=None trend=bullish rsi=66.6 atr_pips=8.8 adx=38.3
2026-05-06 06:00:38 INFO mt5_bot - ADX boost: adx=38.3 \u2192 risk_pct=1.50%
2026-05-06 06:00:38 INFO mt5_bot - Execution status=skipped reason=no_closed_bar_crossover
2026-05-06 06:00:53 INFO mt5_bot - Balance=102029.96 Equity=102029.96 Spread=0.20 pips
2026-05-06 06:00:53 INFO mt5_bot - Signal=NONE reason=no_closed_bar_crossover price=None trend=bullish rsi=66.6 atr_pips=8.8 adx=38.3
2026-05-06 06:00:53 INFO mt5_bot - ADX boost: adx=38.3 \u2192 risk_pct=1.50%
2026-05-06 06:00:53 INFO mt5_bot - Execution status=skipped reason=no_closed_bar_crossover
2026-05-06 06:01:08 INFO mt5_bot - Balance=102029.96 Equity=102029.96 Spread=0.20 pips
2026-05-06 06:01:08 INFO mt5_bot - Signal=NONE reason=no_closed_bar_crossover price=None trend=bullish rsi=66.6 atr_pips=8.8 adx=38.3
2026-05-06 06:01:08 INFO mt5_bot - ADX boost: adx=38.3 \u2192 risk_pct=1.50%
2026-05-06 06:01:08 INFO mt5_bot - Execution status=skipped reason=no_closed_bar_crossover
2026-05-06 06:01:23 INFO mt5_bot - Balance=102029.96 Equity=102029.96 Spread=0.20 pips
2026-05-06 06:01:23 INFO mt5_bot - Signal=NONE reason=no_closed_bar_crossover price=None trend=bullish rsi=66.6 atr_pips=8.8 adx=38.3
2026-05-06 06:01:23 INFO mt5_bot - ADX boost: adx=38.3 \u2192 risk_pct=1.50%
2026-05-06 06:01:23 INFO mt5_bot - Execution status=skipped reason=no_closed_bar_crossover
2026-05-06 06:01:38 INFO mt5_bot - Balance=102029.96 Equity=102029.96 Spread=0.20 pips
2026-05-06 06:01:38 INFO mt5_bot - Signal=NONE reason=no_closed_bar_crossover price=None trend=bullish rsi=66.6 atr_pips=8.8 adx=38.3
2026-05-06 06:01:38 INFO mt5_bot - ADX boost: adx=38.3 \u2192 risk_pct=1.50%
2026-05-06 06:01:38 INFO mt5_bot - Execution status=skipped reason=no_closed_bar_crossover
2026-05-06 06:01:53 INFO mt5_bot - Balance=102029.96 Equity=102029.96 Spread=0.20 pips
2026-05-06 06:01:53 INFO mt5_bot - Signal=NONE reason=no_closed_bar_crossover price=None trend=bullish rsi=66.6 atr_pips=8.8 adx=38.3
2026-05-06 06:01:53 INFO mt5_bot - ADX boost: adx=38.3 \u2192 risk_pct=1.50%
2026-05-06 06:01:53 INFO mt5_bot - Execution status=skipped reason=no_closed_bar_crossover
2026-05-06 06:02:08 INFO mt5_bot - Balance=102029.96 Equity=102029.96 Spread=0.40 pips
2026-05-06 06:02:08 INFO mt5_bot - Signal=NONE reason=no_closed_bar_crossover price=None trend=bullish rsi=66.6 atr_pips=8.8 adx=38.3
2026-05-06 06:02:08 INFO mt5_bot - ADX boost: adx=38.3 \u2192 risk_pct=1.50%
2026-05-06 06:02:08 INFO mt5_bot - Execution status=skipped reason=no_closed_bar_crossover
2026-05-06 06:02:23 INFO mt5_bot - Balance=102029.96 Equity=102029.96 Spread=0.40 pips
2026-05-06 06:02:23 INFO mt5_bot - Signal=NONE reason=no_closed_bar_crossover price=None trend=bullish rsi=66.6 atr_pips=8.8 adx=38.3
2026-05-06 06:02:23 INFO mt5_bot - ADX boost: adx=38.3 \u2192 risk_pct=1.50%
2026-05-06 06:02:23 INFO mt5_bot - Execution status=skipped reason=no_closed_bar_crossover
2026-05-06 06:02:38 INFO mt5_bot - Balance=102029.96 Equity=102029.96 Spread=0.20 pips
2026-05-06 06:02:38 INFO mt5_bot - Signal=NONE reason=no_closed_bar_crossover price=None trend=bullish rsi=66.6 atr_pips=8.8 adx=38.3
2026-05-06 06:02:38 INFO mt5_bot - ADX boost: adx=38.3 \u2192 risk_pct=1.50%
2026-05-06 06:02:38 INFO mt5_bot - Execution status=skipped reason=no_closed_bar_crossover
2026-05-06 06:02:53 INFO mt5_bot - Balance=102029.96 Equity=102029.96 Spread=0.20 pips
2026-05-06 06:02:53 INFO mt5_bot - Signal=NONE reason=no_closed_bar_crossover price=None trend=bullish rsi=66.6 atr_pips=8.8 adx=38.3
2026-05-06 06:02:53 INFO mt5_bot - ADX boost: adx=38.3 \u2192 risk_pct=1.50%
2026-05-06 06:02:53 INFO mt5_bot - Execution status=skipped reason=no_closed_bar_crossover
2026-05-06 06:03:08 INFO mt5_bot - Balance=102029.96 Equity=102029.96 Spread=0.20 pips
2026-05-06 06:03:08 INFO mt5_bot - Signal=NONE reason=no_closed_bar_crossover price=None trend=bullish rsi=66.6 atr_pips=8.8 adx=38.3
2026-05-06 06:03:08 INFO mt5_bot - ADX boost: adx=38.3 \u2192 risk_pct=1.50%
2026-05-06 06:03:08 INFO mt5_bot - Execution status=skipped reason=no_closed_bar_crossover
2026-05-06 06:03:23 INFO mt5_bot - Balance=102029.96 Equity=102029.96 Spread=0.40 pips
2026-05-06 06:03:23 INFO mt5_bot - Signal=NONE reason=no_closed_bar_crossover price=None trend=bullish rsi=66.6 atr_pips=8.8 adx=38.3
2026-05-06 06:03:23 INFO mt5_bot - ADX boost: adx=38.3 \u2192 risk_pct=1.50%
2026-05-06 06:03:23 INFO mt5_bot - Execution status=skipped reason=no_closed_bar_crossover
2026-05-06 06:03:38 INFO mt5_bot - Balance=102029.96 Equity=102029.96 Spread=0.20 pips
2026-05-06 06:03:38 INFO mt5_bot - Signal=NONE reason=no_closed_bar_crossover price=None trend=bullish rsi=66.6 atr_pips=8.8 adx=38.3
2026-05-06 06:03:38 INFO mt5_bot - ADX boost: adx=38.3 \u2192 risk_pct=1.50%
2026-05-06 06:03:38 INFO mt5_bot - Execution status=skipped reason=no_closed_bar_crossover
2026-05-06 06:03:53 INFO mt5_bot - Balance=102029.96 Equity=102029.96 Spread=0.40 pips
2026-05-06 06:03:53 INFO mt5_bot - Signal=NONE reason=no_closed_bar_crossover price=None trend=bullish rsi=66.6 atr_pips=8.8 adx=38.3
2026-05-06 06:03:53 INFO mt5_bot - ADX boost: adx=38.3 \u2192 risk_pct=1.50%
2026-05-06 06:03:53 INFO mt5_bot - Execution status=skipped reason=no_closed_bar_crossover
2026-05-06 06:04:08 INFO mt5_bot - Balance=102029.96 Equity=102029.96 Spread=0.20 pips
2026-05-06 06:04:08 INFO mt5_bot - Signal=NONE reason=no_closed_bar_crossover price=None trend=bullish rsi=66.6 atr_pips=8.8 adx=38.3
2026-05-06 06:04:08 INFO mt5_bot - ADX boost: adx=38.3 \u2192 risk_pct=1.50%
2026-05-06 06:04:08 INFO mt5_bot - Execution status=skipped reason=no_closed_bar_crossover
2026-05-06 06:04:23 INFO mt5_bot - Balance=102029.96 Equity=102029.96 Spread=0.40 pips
2026-05-06 06:04:23 INFO mt5_bot - Signal=NONE reason=no_closed_bar_crossover price=None trend=bullish rsi=66.6 atr_pips=8.8 adx=38.3
2026-05-06 06:04:23 INFO mt5_bot - ADX boost: adx=38.3 \u2192 risk_pct=1.50%
2026-05-06 06:04:23 INFO mt5_bot - Execution status=skipped reason=no_closed_bar_crossover
2026-05-06 06:04:38 INFO mt5_bot - Balance=102029.96 Equity=102029.96 Spread=0.40 pips
2026-05-06 06:04:38 INFO mt5_bot - Signal=NONE reason=no_closed_bar_crossover price=None trend=bullish rsi=66.6 atr_pips=8.8 adx=38.3
2026-05-06 06:04:38 INFO mt5_bot - ADX boost: adx=38.3 \u2192 risk_pct=1.50%
2026-05-06 06:04:38 INFO mt5_bot - Execution status=skipped reason=no_closed_bar_crossover
2026-05-06 06:04:53 INFO mt5_bot - Balance=102029.96 Equity=102029.96 Spread=0.20 pips
2026-05-06 06:04:53 INFO mt5_bot - Signal=NONE reason=no_closed_bar_crossover price=None trend=bullish rsi=66.6 atr_pips=8.8 adx=38.3
2026-05-06 06:04:53 INFO mt5_bot - ADX boost: adx=38.3 \u2192 risk_pct=1.50%
2026-05-06 06:04:53 INFO mt5_bot - Execution status=skipped reason=no_closed_bar_crossover
2026-05-06 06:05:08 INFO mt5_bot - Balance=102029.96 Equity=102029.96 Spread=0.20 pips
2026-05-06 06:05:08 INFO mt5_bot - Signal=NONE reason=no_closed_bar_crossover price=None trend=bullish rsi=66.6 atr_pips=8.8 adx=38.3
2026-05-06 06:05:08 INFO mt5_bot - ADX boost: adx=38.3 \u2192 risk_pct=1.50%
2026-05-06 06:05:08 INFO mt5_bot - Execution status=skipped reason=no_closed_bar_crossover
2026-05-06 06:05:23 INFO mt5_bot - Balance=102029.96 Equity=102029.96 Spread=0.20 pips
2026-05-06 06:05:23 INFO mt5_bot - Signal=NONE reason=no_closed_bar_crossover price=None trend=bullish rsi=66.6 atr_pips=8.8 adx=38.3
2026-05-06 06:05:23 INFO mt5_bot - ADX boost: adx=38.3 \u2192 risk_pct=1.50%
2026-05-06 06:05:23 INFO mt5_bot - Execution status=skipped reason=no_closed_bar_crossover
2026-05-06 06:05:38 INFO mt5_bot - Balance=102029.96 Equity=102029.96 Spread=0.40 pips
2026-05-06 06:05:38 INFO mt5_bot - Signal=NONE reason=no_closed_bar_crossover price=None trend=bullish rsi=66.6 atr_pips=8.8 adx=38.3
2026-05-06 06:05:38 INFO mt5_bot - ADX boost: adx=38.3 \u2192 risk_pct=1.50%
2026-05-06 06:05:38 INFO mt5_bot - Execution status=skipped reason=no_closed_bar_crossover
2026-05-06 06:05:53 INFO mt5_bot - Balance=102029.96 Equity=102029.96 Spread=0.40 pips
2026-05-06 06:05:53 INFO mt5_bot - Signal=NONE reason=no_closed_bar_crossover price=None trend=bullish rsi=66.6 atr_pips=8.8 adx=38.3
2026-05-06 06:05:53 INFO mt5_bot - ADX boost: adx=38.3 \u2192 risk_pct=1.50%
2026-05-06 06:05:53 INFO mt5_bot - Execution status=skipped reason=no_closed_bar_crossover
2026-05-06 06:06:08 INFO mt5_bot - Balance=102029.96 Equity=102029.96 Spread=0.40 pips
2026-05-06 06:06:08 INFO mt5_bot - Signal=NONE reason=no_closed_bar_crossover price=None trend=bullish rsi=66.6 atr_pips=8.8 adx=38.3
2026-05-06 06:06:08 INFO mt5_bot - ADX boost: adx=38.3 \u2192 risk_pct=1.50%
2026-05-06 06:06:08 INFO mt5_bot - Execution status=skipped reason=no_closed_bar_crossover
2026-05-06 06:06:23 INFO mt5_bot - Balance=102029.96 Equity=102029.96 Spread=0.20 pips
2026-05-06 06:06:23 INFO mt5_bot - Signal=NONE reason=no_closed_bar_crossover price=None trend=bullish rsi=66.6 atr_pips=8.8 adx=38.3
2026-05-06 06:06:23 INFO mt5_bot - ADX boost: adx=38.3 \u2192 risk_pct=1.50%
2026-05-06 06:06:23 INFO mt5_bot - Execution status=skipped reason=no_closed_bar_crossover
2026-05-06 06:06:38 INFO mt5_bot - Balance=102029.96 Equity=102029.96 Spread=0.20 pips
2026-05-06 06:06:38 INFO mt5_bot - Signal=NONE reason=no_closed_bar_crossover price=None trend=bullish rsi=66.6 atr_pips=8.8 adx=38.3
2026-05-06 06:06:38 INFO mt5_bot - ADX boost: adx=38.3 \u2192 risk_pct=1.50%
2026-05-06 06:06:38 INFO mt5_bot - Execution status=skipped reason=no_closed_bar_crossover
2026-05-06 06:06:53 INFO mt5_bot - Balance=102029.96 Equity=102029.96 Spread=0.20 pips
2026-05-06 06:06:53 INFO mt5_bot - Signal=NONE reason=no_closed_bar_crossover price=None trend=bullish rsi=66.6 atr_pips=8.8 adx=38.3
2026-05-06 06:06:53 INFO mt5_bot - ADX boost: adx=38.3 \u2192 risk_pct=1.50%
2026-05-06 06:06:53 INFO mt5_bot - Execution status=skipped reason=no_closed_bar_crossover
2026-05-06 06:07:08 INFO mt5_bot - Balance=102029.96 Equity=102029.96 Spread=0.40 pips
2026-05-06 06:07:08 INFO mt5_bot - Signal=NONE reason=no_closed_bar_crossover price=None trend=bullish rsi=66.6 atr_pips=8.8 adx=38.3
2026-05-06 06:07:08 INFO mt5_bot - ADX boost: adx=38.3 \u2192 risk_pct=1.50%
2026-05-06 06:07:08 INFO mt5_bot - Execution status=skipped reason=no_closed_bar_crossover
2026-05-06 06:07:23 INFO mt5_bot - Balance=102029.96 Equity=102029.96 Spread=0.20 pips
2026-05-06 06:07:23 INFO mt5_bot - Signal=NONE reason=no_closed_bar_crossover price=None trend=bullish rsi=66.6 atr_pips=8.8 adx=38.3
2026-05-06 06:07:23 INFO mt5_bot - ADX boost: adx=38.3 \u2192 risk_pct=1.50%
2026-05-06 06:07:23 INFO mt5_bot - Execution status=skipped reason=no_closed_bar_crossover
2026-05-06 06:07:38 INFO mt5_bot - Balance=102029.96 Equity=102029.96 Spread=0.20 pips
2026-05-06 06:07:38 INFO mt5_bot - Signal=NONE reason=no_closed_bar_crossover price=None trend=bullish rsi=66.6 atr_pips=8.8 adx=38.3
2026-05-06 06:07:38 INFO mt5_bot - ADX boost: adx=38.3 \u2192 risk_pct=1.50%
2026-05-06 06:07:38 INFO mt5_bot - Execution status=skipped reason=no_closed_bar_crossover
2026-05-06 06:07:53 INFO mt5_bot - Balance=102029.96 Equity=102029.96 Spread=0.40 pips
2026-05-06 06:07:53 INFO mt5_bot - Signal=NONE reason=no_closed_bar_crossover price=None trend=bullish rsi=66.6 atr_pips=8.8 adx=38.3
2026-05-06 06:07:53 INFO mt5_bot - ADX boost: adx=38.3 \u2192 risk_pct=1.50%
2026-05-06 06:07:53 INFO mt5_bot - Execution status=skipped reason=no_closed_bar_crossover
2026-05-06 06:08:08 INFO mt5_bot - Balance=102029.96 Equity=102029.96 Spread=0.20 pips
2026-05-06 06:08:08 INFO mt5_bot - Signal=NONE reason=no_closed_bar_crossover price=None trend=bullish rsi=66.6 atr_pips=8.8 adx=38.3
2026-05-06 06:08:08 INFO mt5_bot - ADX boost: adx=38.3 \u2192 risk_pct=1.50%
2026-05-06 06:08:08 INFO mt5_bot - Execution status=skipped reason=no_closed_bar_crossover
2026-05-06 06:08:23 INFO mt5_bot - Balance=102029.96 Equity=102029.96 Spread=0.20 pips
2026-05-06 06:08:23 INFO mt5_bot - Signal=NONE reason=no_closed_bar_crossover price=None trend=bullish rsi=66.6 atr_pips=8.8 adx=38.3
2026-05-06 06:08:23 INFO mt5_bot - ADX boost: adx=38.3 \u2192 risk_pct=1.50%
2026-05-06 06:08:23 INFO mt5_bot - Execution status=skipped reason=no_closed_bar_crossover
2026-05-06 06:08:38 INFO mt5_bot - Balance=102029.96 Equity=102029.96 Spread=0.40 pips
2026-05-06 06:08:38 INFO mt5_bot - Signal=NONE reason=no_closed_bar_crossover price=None trend=bullish rsi=66.6 atr_pips=8.8 adx=38.3
2026-05-06 06:08:38 INFO mt5_bot - ADX boost: adx=38.3 \u2192 risk_pct=1.50%
2026-05-06 06:08:38 INFO mt5_bot - Execution status=skipped reason=no_closed_bar_crossover
2026-05-06 06:08:53 INFO mt5_bot - Balance=102029.96 Equity=102029.96 Spread=0.40 pips
2026-05-06 06:08:53 INFO mt5_bot - Signal=NONE reason=no_closed_bar_crossover price=None trend=bullish rsi=66.6 atr_pips=8.8 adx=38.3
2026-05-06 06:08:53 INFO mt5_bot - ADX boost: adx=38.3 \u2192 risk_pct=1.50%
2026-05-06 06:08:53 INFO mt5_bot - Execution status=skipped reason=no_closed_bar_crossover
2026-05-06 06:09:08 INFO mt5_bot - Balance=102029.96 Equity=102029.96 Spread=0.20 pips
2026-05-06 06:09:08 INFO mt5_bot - Signal=NONE reason=no_closed_bar_crossover price=None trend=bullish rsi=66.6 atr_pips=8.8 adx=38.3
2026-05-06 06:09:08 INFO mt5_bot - ADX boost: adx=38.3 \u2192 risk_pct=1.50%
2026-05-06 06:09:08 INFO mt5_bot - Execution status=skipped reason=no_closed_bar_crossover
2026-05-06 06:09:23 INFO mt5_bot - Balance=102029.96 Equity=102029.96 Spread=0.40 pips
2026-05-06 06:09:23 INFO mt5_bot - Signal=NONE reason=no_closed_bar_crossover price=None trend=bullish rsi=66.6 atr_pips=8.8 adx=38.3
2026-05-06 06:09:23 INFO mt5_bot - ADX boost: adx=38.3 \u2192 risk_pct=1.50%
2026-05-06 06:09:23 INFO mt5_bot - Execution status=skipped reason=no_closed_bar_crossover
2026-05-06 06:09:38 INFO mt5_bot - Balance=102029.96 Equity=102029.96 Spread=0.40 pips
2026-05-06 06:09:38 INFO mt5_bot - Signal=NONE reason=no_closed_bar_crossover price=None trend=bullish rsi=66.6 atr_pips=8.8 adx=38.3
2026-05-06 06:09:38 INFO mt5_bot - ADX boost: adx=38.3 \u2192 risk_pct=1.50%
2026-05-06 06:09:38 INFO mt5_bot - Execution status=skipped reason=no_closed_bar_crossover
2026-05-06 06:09:53 INFO mt5_bot - Balance=102029.96 Equity=102029.96 Spread=0.20 pips
2026-05-06 06:09:53 INFO mt5_bot - Signal=NONE reason=no_closed_bar_crossover price=None trend=bullish rsi=66.6 atr_pips=8.8 adx=38.3
2026-05-06 06:09:53 INFO mt5_bot - ADX boost: adx=38.3 \u2192 risk_pct=1.50%
2026-05-06 06:09:53 INFO mt5_bot - Execution status=skipped reason=no_closed_bar_crossover
2026-05-06 06:10:08 INFO mt5_bot - Balance=102029.96 Equity=102029.96 Spread=0.40 pips
2026-05-06 06:10:09 INFO mt5_bot - Signal=NONE reason=no_closed_bar_crossover price=None trend=bullish rsi=66.6 atr_pips=8.8 adx=38.3
2026-05-06 06:10:09 INFO mt5_bot - ADX boost: adx=38.3 \u2192 risk_pct=1.50%
2026-05-06 06:10:09 INFO mt5_bot - Execution status=skipped reason=no_closed_bar_crossover
2026-05-06 06:10:24 INFO mt5_bot - Balance=102029.96 Equity=102029.96 Spread=0.20 pips
2026-05-06 06:10:24 INFO mt5_bot - Signal=NONE reason=no_closed_bar_crossover price=None trend=bullish rsi=66.6 atr_pips=8.8 adx=38.3
2026-05-06 06:10:24 INFO mt5_bot - ADX boost: adx=38.3 \u2192 risk_pct=1.50%
2026-05-06 06:10:24 INFO mt5_bot - Execution status=skipped reason=no_closed_bar_crossover
2026-05-06 06:10:39 INFO mt5_bot - Balance=102029.96 Equity=102029.96 Spread=0.40 pips
2026-05-06 06:10:39 INFO mt5_bot - Signal=NONE reason=no_closed_bar_crossover price=None trend=bullish rsi=66.6 atr_pips=8.8 adx=38.3
2026-05-06 06:10:39 INFO mt5_bot - ADX boost: adx=38.3 \u2192 risk_pct=1.50%
2026-05-06 06:10:39 INFO mt5_bot - Execution status=skipped reason=no_closed_bar_crossover
2026-05-06 06:10:54 INFO mt5_bot - Balance=102029.96 Equity=102029.96 Spread=0.20 pips
2026-05-06 06:10:54 INFO mt5_bot - Signal=NONE reason=no_closed_bar_crossover price=None trend=bullish rsi=66.6 atr_pips=8.8 adx=38.3
2026-05-06 06:10:54 INFO mt5_bot - ADX boost: adx=38.3 \u2192 risk_pct=1.50%
2026-05-06 06:10:54 INFO mt5_bot - Execution status=skipped reason=no_closed_bar_crossover
2026-05-06 06:11:09 INFO mt5_bot - Balance=102029.96 Equity=102029.96 Spread=0.40 pips
2026-05-06 06:11:09 INFO mt5_bot - Signal=NONE reason=no_closed_bar_crossover price=None trend=bullish rsi=66.6 atr_pips=8.8 adx=38.3
2026-05-06 06:11:09 INFO mt5_bot - ADX boost: adx=38.3 \u2192 risk_pct=1.50%
2026-05-06 06:11:09 INFO mt5_bot - Execution status=skipped reason=no_closed_bar_crossover
2026-05-06 06:11:24 INFO mt5_bot - Balance=102029.96 Equity=102029.96 Spread=0.40 pips
2026-05-06 06:11:24 INFO mt5_bot - Signal=NONE reason=no_closed_bar_crossover price=None trend=bullish rsi=66.6 atr_pips=8.8 adx=38.3
2026-05-06 06:11:24 INFO mt5_bot - ADX boost: adx=38.3 \u2192 risk_pct=1.50%
2026-05-06 06:11:24 INFO mt5_bot - Execution status=skipped reason=no_closed_bar_crossover
2026-05-06 06:11:39 INFO mt5_bot - Balance=102029.96 Equity=102029.96 Spread=0.20 pips
2026-05-06 06:11:39 INFO mt5_bot - Signal=NONE reason=no_closed_bar_crossover price=None trend=bullish rsi=66.6 atr_pips=8.8 adx=38.3
2026-05-06 06:11:39 INFO mt5_bot - ADX boost: adx=38.3 \u2192 risk_pct=1.50%
2026-05-06 06:11:39 INFO mt5_bot - Execution status=skipped reason=no_closed_bar_crossover
2026-05-06 06:11:54 INFO mt5_bot - Balance=102029.96 Equity=102029.96 Spread=0.40 pips
2026-05-06 06:11:54 INFO mt5_bot - Signal=NONE reason=no_closed_bar_crossover price=None trend=bullish rsi=66.6 atr_pips=8.8 adx=38.3
2026-05-06 06:11:54 INFO mt5_bot - ADX boost: adx=38.3 \u2192 risk_pct=1.50%
2026-05-06 06:11:54 INFO mt5_bot - Execution status=skipped reason=no_closed_bar_crossover
2026-05-06 06:12:09 INFO mt5_bot - Balance=102029.96 Equity=102029.96 Spread=0.40 pips
2026-05-06 06:12:09 INFO mt5_bot - Signal=NONE reason=no_closed_bar_crossover price=None trend=bullish rsi=66.6 atr_pips=8.8 adx=38.3
2026-05-06 06:12:09 INFO mt5_bot - ADX boost: adx=38.3 \u2192 risk_pct=1.50%
2026-05-06 06:12:09 INFO mt5_bot - Execution status=skipped reason=no_closed_bar_crossover
2026-05-06 06:12:24 INFO mt5_bot - Balance=102029.96 Equity=102029.96 Spread=0.40 pips
2026-05-06 06:12:24 INFO mt5_bot - Signal=NONE reason=no_closed_bar_crossover price=None trend=bullish rsi=66.6 atr_pips=8.8 adx=38.3
2026-05-06 06:12:24 INFO mt5_bot - ADX boost: adx=38.3 \u2192 risk_pct=1.50%
2026-05-06 06:12:24 INFO mt5_bot - Execution status=skipped reason=no_closed_bar_crossover
2026-05-06 06:12:39 INFO mt5_bot - Balance=102029.96 Equity=102029.96 Spread=0.20 pips
2026-05-06 06:12:39 INFO mt5_bot - Signal=NONE reason=no_closed_bar_crossover price=None trend=bullish rsi=66.6 atr_pips=8.8 adx=38.3
2026-05-06 06:12:39 INFO mt5_bot - ADX boost: adx=38.3 \u2192 risk_pct=1.50%
2026-05-06 06:12:39 INFO mt5_bot - Execution status=skipped reason=no_closed_bar_crossover
2026-05-06 06:12:54 INFO mt5_bot - Balance=102029.96 Equity=102029.96 Spread=0.20 pips
2026-05-06 06:12:54 INFO mt5_bot - Signal=NONE reason=no_closed_bar_crossover price=None trend=bullish rsi=66.6 atr_pips=8.8 adx=38.3
2026-05-06 06:12:54 INFO mt5_bot - ADX boost: adx=38.3 \u2192 risk_pct=1.50%
2026-05-06 06:12:54 INFO mt5_bot - Execution status=skipped reason=no_closed_bar_crossover
2026-05-06 06:13:09 INFO mt5_bot - Balance=102029.96 Equity=102029.96 Spread=0.20 pips
2026-05-06 06:13:09 INFO mt5_bot - Signal=NONE reason=no_closed_bar_crossover price=None trend=bullish rsi=66.6 atr_pips=8.8 adx=38.3
2026-05-06 06:13:09 INFO mt5_bot - ADX boost: adx=38.3 \u2192 risk_pct=1.50%
2026-05-06 06:13:09 INFO mt5_bot - Execution status=skipped reason=no_closed_bar_crossover
2026-05-06 06:13:24 INFO mt5_bot - Balance=102029.96 Equity=102029.96 Spread=0.20 pips
2026-05-06 06:13:24 INFO mt5_bot - Signal=NONE reason=no_closed_bar_crossover price=None trend=bullish rsi=66.6 atr_pips=8.8 adx=38.3
2026-05-06 06:13:24 INFO mt5_bot - ADX boost: adx=38.3 \u2192 risk_pct=1.50%
2026-05-06 06:13:24 INFO mt5_bot - Execution status=skipped reason=no_closed_bar_crossover
2026-05-06 06:13:39 INFO mt5_bot - Balance=102029.96 Equity=102029.96 Spread=0.20 pips
2026-05-06 06:13:39 INFO mt5_bot - Signal=NONE reason=no_closed_bar_crossover price=None trend=bullish rsi=66.6 atr_pips=8.8 adx=38.3
2026-05-06 06:13:39 INFO mt5_bot - ADX boost: adx=38.3 \u2192 risk_pct=1.50%
2026-05-06 06:13:39 INFO mt5_bot - Execution status=skipped reason=no_closed_bar_crossover
2026-05-06 06:13:54 INFO mt5_bot - Balance=102029.96 Equity=102029.96 Spread=0.20 pips
2026-05-06 06:13:54 INFO mt5_bot - Signal=NONE reason=no_closed_bar_crossover price=None trend=bullish rsi=66.6 atr_pips=8.8 adx=38.3
2026-05-06 06:13:54 INFO mt5_bot - ADX boost: adx=38.3 \u2192 risk_pct=1.50%
2026-05-06 06:13:54 INFO mt5_bot - Execution status=skipped reason=no_closed_bar_crossover
2026-05-06 06:14:09 INFO mt5_bot - Balance=102029.96 Equity=102029.96 Spread=0.20 pips
2026-05-06 06:14:09 INFO mt5_bot - Signal=NONE reason=no_closed_bar_crossover price=None trend=bullish rsi=66.6 atr_pips=8.8 adx=38.3
2026-05-06 06:14:09 INFO mt5_bot - ADX boost: adx=38.3 \u2192 risk_pct=1.50%
2026-05-06 06:14:09 INFO mt5_bot - Execution status=skipped reason=no_closed_bar_crossover
2026-05-06 06:14:24 INFO mt5_bot - Balance=102029.96 Equity=102029.96 Spread=0.40 pips
2026-05-06 06:14:24 INFO mt5_bot - Signal=NONE reason=no_closed_bar_crossover price=None trend=bullish rsi=66.6 atr_pips=8.8 adx=38.3
2026-05-06 06:14:24 INFO mt5_bot - ADX boost: adx=38.3 \u2192 risk_pct=1.50%
2026-05-06 06:14:24 INFO mt5_bot - Execution status=skipped reason=no_closed_bar_crossover
2026-05-06 06:14:39 INFO mt5_bot - Balance=102029.96 Equity=102029.96 Spread=0.20 pips
2026-05-06 06:14:39 INFO mt5_bot - Signal=NONE reason=no_closed_bar_crossover price=None trend=bullish rsi=66.6 atr_pips=8.8 adx=38.3
2026-05-06 06:14:39 INFO mt5_bot - ADX boost: adx=38.3 \u2192 risk_pct=1.50%
2026-05-06 06:14:39 INFO mt5_bot - Execution status=skipped reason=no_closed_bar_crossover
2026-05-06 06:14:54 INFO mt5_bot - Balance=102029.96 Equity=102029.96 Spread=0.20 pips
2026-05-06 06:14:54 INFO mt5_bot - Signal=NONE reason=no_closed_bar_crossover price=None trend=bullish rsi=66.6 atr_pips=8.8 adx=38.3
2026-05-06 06:14:54 INFO mt5_bot - ADX boost: adx=38.3 \u2192 risk_pct=1.50%
2026-05-06 06:14:54 INFO mt5_bot - Execution status=skipped reason=no_closed_bar_crossover
2026-05-06 06:15:09 INFO mt5_bot - Balance=102029.96 Equity=102029.96 Spread=0.40 pips
2026-05-06 06:15:09 INFO mt5_bot - Signal=NONE reason=no_closed_bar_crossover price=None trend=bullish rsi=58.7 atr_pips=8.9 adx=38.4
2026-05-06 06:15:09 INFO mt5_bot - ADX boost: adx=38.4 \u2192 risk_pct=1.50%
2026-05-06 06:15:09 INFO mt5_bot - Execution status=skipped reason=no_closed_bar_crossover
2026-05-06 06:15:24 INFO mt5_bot - Balance=102029.96 Equity=102029.96 Spread=0.20 pips
2026-05-06 06:15:24 INFO mt5_bot - Signal=NONE reason=no_closed_bar_crossover price=None trend=bullish rsi=58.7 atr_pips=8.9 adx=38.4
2026-05-06 06:15:24 INFO mt5_bot - ADX boost: adx=38.4 \u2192 risk_pct=1.50%
2026-05-06 06:15:24 INFO mt5_bot - Execution status=skipped reason=no_closed_bar_crossover
2026-05-06 06:15:39 INFO mt5_bot - Balance=102029.96 Equity=102029.96 Spread=0.40 pips
2026-05-06 06:15:39 INFO mt5_bot - Signal=NONE reason=no_closed_bar_crossover price=None trend=bullish rsi=58.7 atr_pips=8.9 adx=38.4
2026-05-06 06:15:39 INFO mt5_bot - ADX boost: adx=38.4 \u2192 risk_pct=1.50%
2026-05-06 06:15:39 INFO mt5_bot - Execution status=skipped reason=no_closed_bar_crossover
2026-05-06 06:15:54 INFO mt5_bot - Balance=102029.96 Equity=102029.96 Spread=0.20 pips
2026-05-06 06:15:54 INFO mt5_bot - Signal=NONE reason=no_closed_bar_crossover price=None trend=bullish rsi=58.7 atr_pips=8.9 adx=38.4
2026-05-06 06:15:54 INFO mt5_bot - ADX boost: adx=38.4 \u2192 risk_pct=1.50%
2026-05-06 06:15:54 INFO mt5_bot - Execution status=skipped reason=no_closed_bar_crossover
2026-05-06 06:16:09 INFO mt5_bot - Balance=102029.96 Equity=102029.96 Spread=0.20 pips
2026-05-06 06:16:09 INFO mt5_bot - Signal=NONE reason=no_closed_bar_crossover price=None trend=bullish rsi=58.7 atr_pips=8.9 adx=38.4
2026-05-06 06:16:09 INFO mt5_bot - ADX boost: adx=38.4 \u2192 risk_pct=1.50%
2026-05-06 06:16:09 INFO mt5_bot - Execution status=skipped reason=no_closed_bar_crossover
2026-05-06 06:16:24 INFO mt5_bot - Balance=102029.96 Equity=102029.96 Spread=0.40 pips
2026-05-06 06:16:24 INFO mt5_bot - Signal=NONE reason=no_closed_bar_crossover price=None trend=bullish rsi=58.7 atr_pips=8.9 adx=38.4
2026-05-06 06:16:24 INFO mt5_bot - ADX boost: adx=38.4 \u2192 risk_pct=1.50%
2026-05-06 06:16:24 INFO mt5_bot - Execution status=skipped reason=no_closed_bar_crossover
2026-05-06 06:16:39 INFO mt5_bot - Balance=102029.96 Equity=102029.96 Spread=0.40 pips
2026-05-06 06:16:39 INFO mt5_bot - Signal=NONE reason=no_closed_bar_crossover price=None trend=bullish rsi=58.7 atr_pips=8.9 adx=38.4
2026-05-06 06:16:39 INFO mt5_bot - ADX boost: adx=38.4 \u2192 risk_pct=1.50%
2026-05-06 06:16:39 INFO mt5_bot - Execution status=skipped reason=no_closed_bar_crossover
2026-05-06 06:16:54 INFO mt5_bot - Balance=102029.96 Equity=102029.96 Spread=0.40 pips
2026-05-06 06:16:54 INFO mt5_bot - Signal=NONE reason=no_closed_bar_crossover price=None trend=bullish rsi=58.7 atr_pips=8.9 adx=38.4
2026-05-06 06:16:54 INFO mt5_bot - ADX boost: adx=38.4 \u2192 risk_pct=1.50%
2026-05-06 06:16:54 INFO mt5_bot - Execution status=skipped reason=no_closed_bar_crossover
2026-05-06 06:17:09 INFO mt5_bot - Balance=102029.96 Equity=102029.96 Spread=0.40 pips
2026-05-06 06:17:09 INFO mt5_bot - Signal=NONE reason=no_closed_bar_crossover price=None trend=bullish rsi=58.7 atr_pips=8.9 adx=38.4
2026-05-06 06:17:09 INFO mt5_bot - ADX boost: adx=38.4 \u2192 risk_pct=1.50%
2026-05-06 06:17:09 INFO mt5_bot - Execution status=skipped reason=no_closed_bar_crossover
2026-05-06 06:17:24 INFO mt5_bot - Balance=102029.96 Equity=102029.96 Spread=0.40 pips
2026-05-06 06:17:24 INFO mt5_bot - Signal=NONE reason=no_closed_bar_crossover price=None trend=bullish rsi=58.7 atr_pips=8.9 adx=38.4
2026-05-06 06:17:24 INFO mt5_bot - ADX boost: adx=38.4 \u2192 risk_pct=1.50%
2026-05-06 06:17:24 INFO mt5_bot - Execution status=skipped reason=no_closed_bar_crossover
2026-05-06 06:17:39 INFO mt5_bot - Balance=102029.96 Equity=102029.96 Spread=0.20 pips
2026-05-06 06:17:39 INFO mt5_bot - Signal=NONE reason=no_closed_bar_crossover price=None trend=bullish rsi=58.7 atr_pips=8.9 adx=38.4
2026-05-06 06:17:39 INFO mt5_bot - ADX boost: adx=38.4 \u2192 risk_pct=1.50%
2026-05-06 06:17:39 INFO mt5_bot - Execution status=skipped reason=no_closed_bar_crossover
2026-05-06 06:17:54 INFO mt5_bot - Balance=102029.96 Equity=102029.96 Spread=0.40 pips
2026-05-06 06:17:54 INFO mt5_bot - Signal=NONE reason=no_closed_bar_crossover price=None trend=bullish rsi=58.7 atr_pips=8.9 adx=38.4
2026-05-06 06:17:54 INFO mt5_bot - ADX boost: adx=38.4 \u2192 risk_pct=1.50%
2026-05-06 06:17:54 INFO mt5_bot - Execution status=skipped reason=no_closed_bar_crossover
2026-05-06 06:18:09 INFO mt5_bot - Balance=102029.96 Equity=102029.96 Spread=0.20 pips
2026-05-06 06:18:09 INFO mt5_bot - Signal=NONE reason=no_closed_bar_crossover price=None trend=bullish rsi=58.7 atr_pips=8.9 adx=38.4
2026-05-06 06:18:09 INFO mt5_bot - ADX boost: adx=38.4 \u2192 risk_pct=1.50%
2026-05-06 06:18:09 INFO mt5_bot - Execution status=skipped reason=no_closed_bar_crossover
2026-05-06 06:18:24 INFO mt5_bot - Balance=102029.96 Equity=102029.96 Spread=0.40 pips
2026-05-06 06:18:24 INFO mt5_bot - Signal=NONE reason=no_closed_bar_crossover price=None trend=bullish rsi=58.7 atr_pips=8.9 adx=38.4
2026-05-06 06:18:24 INFO mt5_bot - ADX boost: adx=38.4 \u2192 risk_pct=1.50%
2026-05-06 06:18:24 INFO mt5_bot - Execution status=skipped reason=no_closed_bar_crossover
2026-05-06 06:18:39 INFO mt5_bot - Balance=102029.96 Equity=102029.96 Spread=0.40 pips
2026-05-06 06:18:39 INFO mt5_bot - Signal=NONE reason=no_closed_bar_crossover price=None trend=bullish rsi=58.7 atr_pips=8.9 adx=38.4
2026-05-06 06:18:39 INFO mt5_bot - ADX boost: adx=38.4 \u2192 risk_pct=1.50%
2026-05-06 06:18:39 INFO mt5_bot - Execution status=skipped reason=no_closed_bar_crossover
2026-05-06 06:18:54 INFO mt5_bot - Balance=102029.96 Equity=102029.96 Spread=0.40 pips
2026-05-06 06:18:54 INFO mt5_bot - Signal=NONE reason=no_closed_bar_crossover price=None trend=bullish rsi=58.7 atr_pips=8.9 adx=38.4
2026-05-06 06:18:54 INFO mt5_bot - ADX boost: adx=38.4 \u2192 risk_pct=1.50%
2026-05-06 06:18:54 INFO mt5_bot - Execution status=skipped reason=no_closed_bar_crossover
2026-05-06 06:19:09 INFO mt5_bot - Balance=102029.96 Equity=102029.96 Spread=0.40 pips
2026-05-06 06:19:09 INFO mt5_bot - Signal=NONE reason=no_closed_bar_crossover price=None trend=bullish rsi=58.7 atr_pips=8.9 adx=38.4
2026-05-06 06:19:09 INFO mt5_bot - ADX boost: adx=38.4 \u2192 risk_pct=1.50%
2026-05-06 06:19:09 INFO mt5_bot - Execution status=skipped reason=no_closed_bar_crossover
2026-05-06 06:19:24 INFO mt5_bot - Balance=102029.96 Equity=102029.96 Spread=0.40 pips
2026-05-06 06:19:24 INFO mt5_bot - Signal=NONE reason=no_closed_bar_crossover price=None trend=bullish rsi=58.7 atr_pips=8.9 adx=38.4
2026-05-06 06:19:24 INFO mt5_bot - ADX boost: adx=38.4 \u2192 risk_pct=1.50%
2026-05-06 06:19:24 INFO mt5_bot - Execution status=skipped reason=no_closed_bar_crossover
2026-05-06 06:19:39 INFO mt5_bot - Balance=102029.96 Equity=102029.96 Spread=0.40 pips
2026-05-06 06:19:39 INFO mt5_bot - Signal=NONE reason=no_closed_bar_crossover price=None trend=bullish rsi=58.7 atr_pips=8.9 adx=38.4
2026-05-06 06:19:39 INFO mt5_bot - ADX boost: adx=38.4 \u2192 risk_pct=1.50%
2026-05-06 06:19:39 INFO mt5_bot - Execution status=skipped reason=no_closed_bar_crossover
2026-05-06 06:19:54 INFO mt5_bot - Balance=102029.96 Equity=102029.96 Spread=0.40 pips
2026-05-06 06:19:54 INFO mt5_bot - Signal=NONE reason=no_closed_bar_crossover price=None trend=bullish rsi=58.7 atr_pips=8.9 adx=38.4
2026-05-06 06:19:54 INFO mt5_bot - ADX boost: adx=38.4 \u2192 risk_pct=1.50%
2026-05-06 06:19:54 INFO mt5_bot - Execution status=skipped reason=no_closed_bar_crossover
2026-05-06 06:20:09 INFO mt5_bot - Balance=102029.96 Equity=102029.96 Spread=0.40 pips
2026-05-06 06:20:09 INFO mt5_bot - Signal=NONE reason=no_closed_bar_crossover price=None trend=bullish rsi=58.7 atr_pips=8.9 adx=38.4
2026-05-06 06:20:09 INFO mt5_bot - ADX boost: adx=38.4 \u2192 risk_pct=1.50%
2026-05-06 06:20:09 INFO mt5_bot - Execution status=skipped reason=no_closed_bar_crossover
2026-05-06 06:20:24 INFO mt5_bot - Balance=102029.96 Equity=102029.96 Spread=0.20 pips
2026-05-06 06:20:24 INFO mt5_bot - Signal=NONE reason=no_closed_bar_crossover price=None trend=bullish rsi=58.7 atr_pips=8.9 adx=38.4
2026-05-06 06:20:24 INFO mt5_bot - ADX boost: adx=38.4 \u2192 risk_pct=1.50%
2026-05-06 06:20:24 INFO mt5_bot - Execution status=skipped reason=no_closed_bar_crossover
2026-05-06 06:20:40 INFO mt5_bot - Balance=102029.96 Equity=102029.96 Spread=0.40 pips
2026-05-06 06:20:40 INFO mt5_bot - Signal=NONE reason=no_closed_bar_crossover price=None trend=bullish rsi=58.7 atr_pips=8.9 adx=38.4
2026-05-06 06:20:40 INFO mt5_bot - ADX boost: adx=38.4 \u2192 risk_pct=1.50%
2026-05-06 06:20:40 INFO mt5_bot - Execution status=skipped reason=no_closed_bar_crossover
2026-05-06 06:20:55 INFO mt5_bot - Balance=102029.96 Equity=102029.96 Spread=0.40 pips
2026-05-06 06:20:55 INFO mt5_bot - Signal=NONE reason=no_closed_bar_crossover price=None trend=bullish rsi=58.7 atr_pips=8.9 adx=38.4
2026-05-06 06:20:55 INFO mt5_bot - ADX boost: adx=38.4 \u2192 risk_pct=1.50%
2026-05-06 06:20:55 INFO mt5_bot - Execution status=skipped reason=no_closed_bar_crossover
2026-05-06 06:21:10 INFO mt5_bot - Balance=102029.96 Equity=102029.96 Spread=0.40 pips
2026-05-06 06:21:10 INFO mt5_bot - Signal=NONE reason=no_closed_bar_crossover price=None trend=bullish rsi=58.7 atr_pips=8.9 adx=38.4
2026-05-06 06:21:10 INFO mt5_bot - ADX boost: adx=38.4 \u2192 risk_pct=1.50%
2026-05-06 06:21:10 INFO mt5_bot - Execution status=skipped reason=no_closed_bar_crossover
2026-05-06 06:21:25 INFO mt5_bot - Balance=102029.96 Equity=102029.96 Spread=0.20 pips
2026-05-06 06:21:25 INFO mt5_bot - Signal=NONE reason=no_closed_bar_crossover price=None trend=bullish rsi=58.7 atr_pips=8.9 adx=38.4
2026-05-06 06:21:25 INFO mt5_bot - ADX boost: adx=38.4 \u2192 risk_pct=1.50%
2026-05-06 06:21:25 INFO mt5_bot - Execution status=skipped reason=no_closed_bar_crossover
2026-05-06 06:21:40 INFO mt5_bot - Balance=102029.96 Equity=102029.96 Spread=0.20 pips
2026-05-06 06:21:40 INFO mt5_bot - Signal=NONE reason=no_closed_bar_crossover price=None trend=bullish rsi=58.7 atr_pips=8.9 adx=38.4
2026-05-06 06:21:40 INFO mt5_bot - ADX boost: adx=38.4 \u2192 risk_pct=1.50%
2026-05-06 06:21:40 INFO mt5_bot - Execution status=skipped reason=no_closed_bar_crossover
2026-05-06 06:21:55 INFO mt5_bot - Balance=102029.96 Equity=102029.96 Spread=0.20 pips
2026-05-06 06:21:55 INFO mt5_bot - Signal=NONE reason=no_closed_bar_crossover price=None trend=bullish rsi=58.7 atr_pips=8.9 adx=38.4
2026-05-06 06:21:55 INFO mt5_bot - ADX boost: adx=38.4 \u2192 risk_pct=1.50%
2026-05-06 06:21:55 INFO mt5_bot - Execution status=skipped reason=no_closed_bar_crossover
2026-05-06 06:22:10 INFO mt5_bot - Balance=102029.96 Equity=102029.96 Spread=0.20 pips
2026-05-06 06:22:10 INFO mt5_bot - Signal=NONE reason=no_closed_bar_crossover price=None trend=bullish rsi=58.7 atr_pips=8.9 adx=38.4
2026-05-06 06:22:10 INFO mt5_bot - ADX boost: adx=38.4 \u2192 risk_pct=1.50%
2026-05-06 06:22:10 INFO mt5_bot - Execution status=skipped reason=no_closed_bar_crossover
2026-05-06 06:22:25 INFO mt5_bot - Balance=102029.96 Equity=102029.96 Spread=0.40 pips
2026-05-06 06:22:25 INFO mt5_bot - Signal=NONE reason=no_closed_bar_crossover price=None trend=bullish rsi=58.7 atr_pips=8.9 adx=38.4
2026-05-06 06:22:25 INFO mt5_bot - ADX boost: adx=38.4 \u2192 risk_pct=1.50%
2026-05-06 06:22:25 INFO mt5_bot - Execution status=skipped reason=no_closed_bar_crossover
2026-05-06 06:22:40 INFO mt5_bot - Balance=102029.96 Equity=102029.96 Spread=0.40 pips
2026-05-06 06:22:40 INFO mt5_bot - Signal=NONE reason=no_closed_bar_crossover price=None trend=bullish rsi=58.7 atr_pips=8.9 adx=38.4
2026-05-06 06:22:40 INFO mt5_bot - ADX boost: adx=38.4 \u2192 risk_pct=1.50%
2026-05-06 06:22:40 INFO mt5_bot - Execution status=skipped reason=no_closed_bar_crossover
2026-05-06 06:22:55 INFO mt5_bot - Balance=102029.96 Equity=102029.96 Spread=0.40 pips
2026-05-06 06:22:55 INFO mt5_bot - Signal=NONE reason=no_closed_bar_crossover price=None trend=bullish rsi=58.7 atr_pips=8.9 adx=38.4
2026-05-06 06:22:55 INFO mt5_bot - ADX boost: adx=38.4 \u2192 risk_pct=1.50%
2026-05-06 06:22:55 INFO mt5_bot - Execution status=skipped reason=no_closed_bar_crossover
2026-05-06 06:23:10 INFO mt5_bot - Balance=102029.96 Equity=102029.96 Spread=0.20 pips
2026-05-06 06:23:10 INFO mt5_bot - Signal=NONE reason=no_closed_bar_crossover price=None trend=bullish rsi=58.7 atr_pips=8.9 adx=38.4
2026-05-06 06:23:10 INFO mt5_bot - ADX boost: adx=38.4 \u2192 risk_pct=1.50%
2026-05-06 06:23:10 INFO mt5_bot - Execution status=skipped reason=no_closed_bar_crossover
