2026-05-05 07:31:40 INFO mt5_bot - MT5 permissions: account_server=MetaQuotes-Demo account_trade_allowed=True account_trade_expert=True terminal_trade_allowed=True terminal_build=5836
2026-05-05 07:31:40 INFO mt5_bot - Starting PRO loop: symbol=XAUUSD tf=M15 trend_tf=H1 trade_enabled=True trend_filter=True adx_filter=True rsi_momentum=False partial_close=True trailing_stop=True atr_sl_tp=True news_filter=True retest=False equity_curve=True
2026-05-05 07:31:40 INFO mt5_bot - Balance=102029.96 Equity=102029.96 Spread=17.00 pips
2026-05-05 07:31:40 INFO mt5_bot.news_filter - news_filter: loaded 115 events from shared cache
2026-05-05 07:31:40 INFO mt5_bot - Signal=NONE reason=no_closed_bar_crossover price=None trend=bearish rsi=69.8 atr_pips=851.5 adx=22.4
2026-05-05 07:31:40 INFO mt5_bot - Execution status=skipped reason=no_closed_bar_crossover
2026-05-05 07:31:55 INFO mt5_bot - Balance=102029.96 Equity=102029.96 Spread=17.00 pips
2026-05-05 07:31:55 INFO mt5_bot - Signal=NONE reason=no_closed_bar_crossover price=None trend=bearish rsi=69.8 atr_pips=851.5 adx=22.4
2026-05-05 07:31:55 INFO mt5_bot - Execution status=skipped reason=no_closed_bar_crossover
2026-05-05 07:32:10 INFO mt5_bot - Balance=102029.96 Equity=102029.96 Spread=17.00 pips
2026-05-05 07:32:10 INFO mt5_bot - Signal=NONE reason=no_closed_bar_crossover price=None trend=bearish rsi=69.8 atr_pips=851.5 adx=22.4
2026-05-05 07:32:10 INFO mt5_bot - Execution status=skipped reason=no_closed_bar_crossover
2026-05-05 07:32:26 INFO mt5_bot - Balance=102029.96 Equity=102029.96 Spread=17.00 pips
2026-05-05 07:32:26 INFO mt5_bot - Signal=NONE reason=no_closed_bar_crossover price=None trend=bearish rsi=69.8 atr_pips=851.5 adx=22.4
2026-05-05 07:32:26 INFO mt5_bot - Execution status=skipped reason=no_closed_bar_crossover
2026-05-05 07:32:37 INFO mt5_bot - Stopped by user
2026-05-05 16:37:36 INFO mt5_bot - MT5 permissions: account_server=MetaQuotes-Demo account_trade_allowed=True account_trade_expert=True terminal_trade_allowed=True terminal_build=5836
2026-05-05 16:37:36 INFO mt5_bot - Starting PRO loop: symbol=XAUUSD tf=M15 trend_tf=H1 trade_enabled=True trend_filter=True adx_filter=True rsi_momentum=False partial_close=True trailing_stop=True atr_sl_tp=True news_filter=True retest=False equity_curve=True
2026-05-05 16:37:36 INFO mt5_bot - Balance=102029.96 Equity=102029.96 Spread=17.00 pips
2026-05-05 16:37:36 INFO mt5_bot - Session filter: UTC hour=21 outside [7,21) and [0,0)
2026-05-05 16:37:51 INFO mt5_bot - Balance=102029.96 Equity=102029.96 Spread=17.00 pips
2026-05-05 16:37:51 INFO mt5_bot - Session filter: UTC hour=21 outside [7,21) and [0,0)
2026-05-05 16:38:06 INFO mt5_bot - Balance=102029.96 Equity=102029.96 Spread=17.00 pips
2026-05-05 16:38:06 INFO mt5_bot - Session filter: UTC hour=21 outside [7,21) and [0,0)
2026-05-05 16:38:21 INFO mt5_bot - Balance=102029.96 Equity=102029.96 Spread=17.00 pips
2026-05-05 16:38:21 INFO mt5_bot - Session filter: UTC hour=21 outside [7,21) and [0,0)
2026-05-05 16:38:36 INFO mt5_bot - Balance=102029.96 Equity=102029.96 Spread=17.00 pips
2026-05-05 16:38:36 INFO mt5_bot - Session filter: UTC hour=21 outside [7,21) and [0,0)
2026-05-05 16:38:51 INFO mt5_bot - Balance=102029.96 Equity=102029.96 Spread=17.00 pips
2026-05-05 16:38:51 INFO mt5_bot - Session filter: UTC hour=21 outside [7,21) and [0,0)
2026-05-05 16:39:06 INFO mt5_bot - Balance=102029.96 Equity=102029.96 Spread=17.00 pips
2026-05-05 16:39:06 INFO mt5_bot - Session filter: UTC hour=21 outside [7,21) and [0,0)
2026-05-05 16:39:21 INFO mt5_bot - Balance=102029.96 Equity=102029.96 Spread=17.00 pips
2026-05-05 16:39:21 INFO mt5_bot - Session filter: UTC hour=21 outside [7,21) and [0,0)
2026-05-05 16:39:36 INFO mt5_bot - Balance=102029.96 Equity=102029.96 Spread=17.00 pips
2026-05-05 16:39:36 INFO mt5_bot - Session filter: UTC hour=21 outside [7,21) and [0,0)
2026-05-05 16:39:51 INFO mt5_bot - Balance=102029.96 Equity=102029.96 Spread=17.00 pips
2026-05-05 16:39:51 INFO mt5_bot - Session filter: UTC hour=21 outside [7,21) and [0,0)
2026-05-05 16:40:06 INFO mt5_bot - Balance=102029.96 Equity=102029.96 Spread=17.00 pips
2026-05-05 16:40:06 INFO mt5_bot - Session filter: UTC hour=21 outside [7,21) and [0,0)
2026-05-05 16:40:21 INFO mt5_bot - Balance=102029.96 Equity=102029.96 Spread=17.00 pips
2026-05-05 16:40:21 INFO mt5_bot - Session filter: UTC hour=21 outside [7,21) and [0,0)
2026-05-05 16:40:36 INFO mt5_bot - Balance=102029.96 Equity=102029.96 Spread=17.00 pips
2026-05-05 16:40:36 INFO mt5_bot - Session filter: UTC hour=21 outside [7,21) and [0,0)
2026-05-05 16:40:51 INFO mt5_bot - Balance=102029.96 Equity=102029.96 Spread=17.00 pips
2026-05-05 16:40:51 INFO mt5_bot - Session filter: UTC hour=21 outside [7,21) and [0,0)
2026-05-05 16:41:06 INFO mt5_bot - Balance=102029.96 Equity=102029.96 Spread=17.00 pips
2026-05-05 16:41:06 INFO mt5_bot - Session filter: UTC hour=21 outside [7,21) and [0,0)
2026-05-05 16:41:21 INFO mt5_bot - Balance=102029.96 Equity=102029.96 Spread=17.00 pips
2026-05-05 16:41:21 INFO mt5_bot - Session filter: UTC hour=21 outside [7,21) and [0,0)
2026-05-05 16:41:36 INFO mt5_bot - Balance=102029.96 Equity=102029.96 Spread=17.00 pips
2026-05-05 16:41:36 INFO mt5_bot - Session filter: UTC hour=21 outside [7,21) and [0,0)
2026-05-05 16:41:51 INFO mt5_bot - Balance=102029.96 Equity=102029.96 Spread=17.00 pips
2026-05-05 16:41:51 INFO mt5_bot - Session filter: UTC hour=21 outside [7,21) and [0,0)
2026-05-05 16:42:06 INFO mt5_bot - Balance=102029.96 Equity=102029.96 Spread=17.00 pips
2026-05-05 16:42:06 INFO mt5_bot - Session filter: UTC hour=21 outside [7,21) and [0,0)
2026-05-05 16:42:21 INFO mt5_bot - Balance=102029.96 Equity=102029.96 Spread=17.00 pips
2026-05-05 16:42:21 INFO mt5_bot - Session filter: UTC hour=21 outside [7,21) and [0,0)
2026-05-05 16:42:36 INFO mt5_bot - Balance=102029.96 Equity=102029.96 Spread=17.00 pips
2026-05-05 16:42:36 INFO mt5_bot - Session filter: UTC hour=21 outside [7,21) and [0,0)
2026-05-05 16:42:51 INFO mt5_bot - Balance=102029.96 Equity=102029.96 Spread=17.00 pips
2026-05-05 16:42:51 INFO mt5_bot - Session filter: UTC hour=21 outside [7,21) and [0,0)
2026-05-05 16:43:06 INFO mt5_bot - Balance=102029.96 Equity=102029.96 Spread=17.00 pips
2026-05-05 16:43:06 INFO mt5_bot - Session filter: UTC hour=21 outside [7,21) and [0,0)
2026-05-05 16:43:21 INFO mt5_bot - Balance=102029.96 Equity=102029.96 Spread=17.00 pips
2026-05-05 16:43:21 INFO mt5_bot - Session filter: UTC hour=21 outside [7,21) and [0,0)
2026-05-05 16:43:36 INFO mt5_bot - Balance=102029.96 Equity=102029.96 Spread=17.00 pips
2026-05-05 16:43:36 INFO mt5_bot - Session filter: UTC hour=21 outside [7,21) and [0,0)
2026-05-05 16:43:51 INFO mt5_bot - Balance=102029.96 Equity=102029.96 Spread=17.00 pips
2026-05-05 16:43:51 INFO mt5_bot - Session filter: UTC hour=21 outside [7,21) and [0,0)
2026-05-05 16:44:06 INFO mt5_bot - Balance=102029.96 Equity=102029.96 Spread=17.00 pips
2026-05-05 16:44:06 INFO mt5_bot - Session filter: UTC hour=21 outside [7,21) and [0,0)
2026-05-05 16:44:21 INFO mt5_bot - Balance=102029.96 Equity=102029.96 Spread=17.00 pips
2026-05-05 16:44:21 INFO mt5_bot - Session filter: UTC hour=21 outside [7,21) and [0,0)
2026-05-05 16:44:36 INFO mt5_bot - Balance=102029.96 Equity=102029.96 Spread=17.00 pips
2026-05-05 16:44:36 INFO mt5_bot - Session filter: UTC hour=21 outside [7,21) and [0,0)
2026-05-05 16:44:51 INFO mt5_bot - Balance=102029.96 Equity=102029.96 Spread=17.00 pips
2026-05-05 16:44:51 INFO mt5_bot - Session filter: UTC hour=21 outside [7,21) and [0,0)
2026-05-05 16:45:06 INFO mt5_bot - Balance=102029.96 Equity=102029.96 Spread=17.00 pips
2026-05-05 16:45:06 INFO mt5_bot - Session filter: UTC hour=21 outside [7,21) and [0,0)
2026-05-05 16:45:21 INFO mt5_bot - Balance=102029.96 Equity=102029.96 Spread=17.00 pips
2026-05-05 16:45:21 INFO mt5_bot - Session filter: UTC hour=21 outside [7,21) and [0,0)
2026-05-05 16:45:36 INFO mt5_bot - Balance=102029.96 Equity=102029.96 Spread=17.00 pips
2026-05-05 16:45:36 INFO mt5_bot - Session filter: UTC hour=21 outside [7,21) and [0,0)
2026-05-05 16:45:51 INFO mt5_bot - Balance=102029.96 Equity=102029.96 Spread=17.00 pips
2026-05-05 16:45:51 INFO mt5_bot - Session filter: UTC hour=21 outside [7,21) and [0,0)
2026-05-05 16:46:06 INFO mt5_bot - Balance=102029.96 Equity=102029.96 Spread=17.00 pips
2026-05-05 16:46:06 INFO mt5_bot - Session filter: UTC hour=21 outside [7,21) and [0,0)
2026-05-05 16:46:21 INFO mt5_bot - Balance=102029.96 Equity=102029.96 Spread=17.00 pips
2026-05-05 16:46:21 INFO mt5_bot - Session filter: UTC hour=21 outside [7,21) and [0,0)
2026-05-05 16:46:36 INFO mt5_bot - Balance=102029.96 Equity=102029.96 Spread=17.00 pips
2026-05-05 16:46:36 INFO mt5_bot - Session filter: UTC hour=21 outside [7,21) and [0,0)
2026-05-05 16:46:51 INFO mt5_bot - Balance=102029.96 Equity=102029.96 Spread=17.00 pips
2026-05-05 16:46:51 INFO mt5_bot - Session filter: UTC hour=21 outside [7,21) and [0,0)
2026-05-05 16:47:06 INFO mt5_bot - Balance=102029.96 Equity=102029.96 Spread=17.00 pips
2026-05-05 16:47:06 INFO mt5_bot - Session filter: UTC hour=21 outside [7,21) and [0,0)
2026-05-05 16:47:21 INFO mt5_bot - Balance=102029.96 Equity=102029.96 Spread=17.00 pips
2026-05-05 16:47:21 INFO mt5_bot - Session filter: UTC hour=21 outside [7,21) and [0,0)
2026-05-05 16:47:36 INFO mt5_bot - Balance=102029.96 Equity=102029.96 Spread=17.00 pips
2026-05-05 16:47:36 INFO mt5_bot - Session filter: UTC hour=21 outside [7,21) and [0,0)
2026-05-05 16:47:51 INFO mt5_bot - Balance=102029.96 Equity=102029.96 Spread=17.00 pips
2026-05-05 16:47:51 INFO mt5_bot - Session filter: UTC hour=21 outside [7,21) and [0,0)
2026-05-05 16:48:06 INFO mt5_bot - Balance=102029.96 Equity=102029.96 Spread=17.00 pips
2026-05-05 16:48:06 INFO mt5_bot - Session filter: UTC hour=21 outside [7,21) and [0,0)
2026-05-05 16:48:21 INFO mt5_bot - Balance=102029.96 Equity=102029.96 Spread=17.00 pips
2026-05-05 16:48:21 INFO mt5_bot - Session filter: UTC hour=21 outside [7,21) and [0,0)
2026-05-05 16:48:36 INFO mt5_bot - Balance=102029.96 Equity=102029.96 Spread=17.00 pips
2026-05-05 16:48:36 INFO mt5_bot - Session filter: UTC hour=21 outside [7,21) and [0,0)
2026-05-05 16:48:51 INFO mt5_bot - Balance=102029.96 Equity=102029.96 Spread=17.00 pips
2026-05-05 16:48:51 INFO mt5_bot - Session filter: UTC hour=21 outside [7,21) and [0,0)
2026-05-05 16:49:06 INFO mt5_bot - Balance=102029.96 Equity=102029.96 Spread=17.00 pips
2026-05-05 16:49:06 INFO mt5_bot - Session filter: UTC hour=21 outside [7,21) and [0,0)
2026-05-05 16:49:21 INFO mt5_bot - Balance=102029.96 Equity=102029.96 Spread=17.00 pips
2026-05-05 16:49:21 INFO mt5_bot - Session filter: UTC hour=21 outside [7,21) and [0,0)
2026-05-05 16:49:36 INFO mt5_bot - Balance=102029.96 Equity=102029.96 Spread=17.00 pips
2026-05-05 16:49:36 INFO mt5_bot - Session filter: UTC hour=21 outside [7,21) and [0,0)
2026-05-05 16:49:51 INFO mt5_bot - Balance=102029.96 Equity=102029.96 Spread=17.00 pips
2026-05-05 16:49:51 INFO mt5_bot - Session filter: UTC hour=21 outside [7,21) and [0,0)
2026-05-05 16:50:06 INFO mt5_bot - Balance=102029.96 Equity=102029.96 Spread=17.00 pips
2026-05-05 16:50:06 INFO mt5_bot - Session filter: UTC hour=21 outside [7,21) and [0,0)
2026-05-05 16:50:21 INFO mt5_bot - Balance=102029.96 Equity=102029.96 Spread=17.00 pips
2026-05-05 16:50:21 INFO mt5_bot - Session filter: UTC hour=21 outside [7,21) and [0,0)
2026-05-05 16:50:36 INFO mt5_bot - Balance=102029.96 Equity=102029.96 Spread=17.00 pips
2026-05-05 16:50:36 INFO mt5_bot - Session filter: UTC hour=21 outside [7,21) and [0,0)
2026-05-05 16:50:51 INFO mt5_bot - Balance=102029.96 Equity=102029.96 Spread=17.00 pips
2026-05-05 16:50:51 INFO mt5_bot - Session filter: UTC hour=21 outside [7,21) and [0,0)
2026-05-05 16:51:06 INFO mt5_bot - Balance=102029.96 Equity=102029.96 Spread=17.00 pips
2026-05-05 16:51:06 INFO mt5_bot - Session filter: UTC hour=21 outside [7,21) and [0,0)
2026-05-05 16:51:21 INFO mt5_bot - Balance=102029.96 Equity=102029.96 Spread=17.00 pips
2026-05-05 16:51:21 INFO mt5_bot - Session filter: UTC hour=21 outside [7,21) and [0,0)
2026-05-05 16:51:36 INFO mt5_bot - Balance=102029.96 Equity=102029.96 Spread=17.00 pips
2026-05-05 16:51:36 INFO mt5_bot - Session filter: UTC hour=21 outside [7,21) and [0,0)
2026-05-05 16:51:51 INFO mt5_bot - Balance=102029.96 Equity=102029.96 Spread=17.00 pips
2026-05-05 16:51:51 INFO mt5_bot - Session filter: UTC hour=21 outside [7,21) and [0,0)
2026-05-05 16:52:06 INFO mt5_bot - Balance=102029.96 Equity=102029.96 Spread=17.00 pips
2026-05-05 16:52:06 INFO mt5_bot - Session filter: UTC hour=21 outside [7,21) and [0,0)
2026-05-05 16:52:21 INFO mt5_bot - Balance=102029.96 Equity=102029.96 Spread=17.00 pips
2026-05-05 16:52:21 INFO mt5_bot - Session filter: UTC hour=21 outside [7,21) and [0,0)
2026-05-05 16:52:36 INFO mt5_bot - Balance=102029.96 Equity=102029.96 Spread=17.00 pips
2026-05-05 16:52:36 INFO mt5_bot - Session filter: UTC hour=21 outside [7,21) and [0,0)
2026-05-05 16:52:51 INFO mt5_bot - Balance=102029.96 Equity=102029.96 Spread=17.00 pips
2026-05-05 16:52:51 INFO mt5_bot - Session filter: UTC hour=21 outside [7,21) and [0,0)
2026-05-05 16:53:06 INFO mt5_bot - Balance=102029.96 Equity=102029.96 Spread=17.00 pips
2026-05-05 16:53:06 INFO mt5_bot - Session filter: UTC hour=21 outside [7,21) and [0,0)
2026-05-05 16:53:21 INFO mt5_bot - Balance=102029.96 Equity=102029.96 Spread=17.00 pips
2026-05-05 16:53:21 INFO mt5_bot - Session filter: UTC hour=21 outside [7,21) and [0,0)
2026-05-05 16:53:36 INFO mt5_bot - Balance=102029.96 Equity=102029.96 Spread=17.00 pips
2026-05-05 16:53:36 INFO mt5_bot - Session filter: UTC hour=21 outside [7,21) and [0,0)
2026-05-05 16:53:51 INFO mt5_bot - Balance=102029.96 Equity=102029.96 Spread=17.00 pips
2026-05-05 16:53:51 INFO mt5_bot - Session filter: UTC hour=21 outside [7,21) and [0,0)
2026-05-05 16:54:06 INFO mt5_bot - Balance=102029.96 Equity=102029.96 Spread=17.00 pips
2026-05-05 16:54:06 INFO mt5_bot - Session filter: UTC hour=21 outside [7,21) and [0,0)
2026-05-05 16:54:21 INFO mt5_bot - Balance=102029.96 Equity=102029.96 Spread=17.00 pips
2026-05-05 16:54:21 INFO mt5_bot - Session filter: UTC hour=21 outside [7,21) and [0,0)
2026-05-05 16:54:36 INFO mt5_bot - Balance=102029.96 Equity=102029.96 Spread=17.00 pips
2026-05-05 16:54:36 INFO mt5_bot - Session filter: UTC hour=21 outside [7,21) and [0,0)
2026-05-05 16:54:51 INFO mt5_bot - Balance=102029.96 Equity=102029.96 Spread=17.00 pips
2026-05-05 16:54:51 INFO mt5_bot - Session filter: UTC hour=21 outside [7,21) and [0,0)
2026-05-05 16:55:06 INFO mt5_bot - Balance=102029.96 Equity=102029.96 Spread=17.00 pips
2026-05-05 16:55:06 INFO mt5_bot - Session filter: UTC hour=21 outside [7,21) and [0,0)
2026-05-05 16:55:21 INFO mt5_bot - Balance=102029.96 Equity=102029.96 Spread=17.00 pips
2026-05-05 16:55:21 INFO mt5_bot - Session filter: UTC hour=21 outside [7,21) and [0,0)
2026-05-05 16:55:36 INFO mt5_bot - Balance=102029.96 Equity=102029.96 Spread=17.00 pips
2026-05-05 16:55:36 INFO mt5_bot - Session filter: UTC hour=21 outside [7,21) and [0,0)
2026-05-05 16:55:51 INFO mt5_bot - Balance=102029.96 Equity=102029.96 Spread=17.00 pips
2026-05-05 16:55:51 INFO mt5_bot - Session filter: UTC hour=21 outside [7,21) and [0,0)
2026-05-05 16:56:06 INFO mt5_bot - Balance=102029.96 Equity=102029.96 Spread=17.00 pips
2026-05-05 16:56:06 INFO mt5_bot - Session filter: UTC hour=21 outside [7,21) and [0,0)
2026-05-05 16:56:21 INFO mt5_bot - Balance=102029.96 Equity=102029.96 Spread=17.00 pips
2026-05-05 16:56:21 INFO mt5_bot - Session filter: UTC hour=21 outside [7,21) and [0,0)
2026-05-05 16:56:36 INFO mt5_bot - Balance=102029.96 Equity=102029.96 Spread=17.00 pips
2026-05-05 16:56:36 INFO mt5_bot - Session filter: UTC hour=21 outside [7,21) and [0,0)
2026-05-05 16:56:51 INFO mt5_bot - Balance=102029.96 Equity=102029.96 Spread=17.00 pips
2026-05-05 16:56:51 INFO mt5_bot - Session filter: UTC hour=21 outside [7,21) and [0,0)
2026-05-05 16:57:06 INFO mt5_bot - Balance=102029.96 Equity=102029.96 Spread=17.00 pips
2026-05-05 16:57:06 INFO mt5_bot - Session filter: UTC hour=21 outside [7,21) and [0,0)
2026-05-05 16:57:21 INFO mt5_bot - Balance=102029.96 Equity=102029.96 Spread=17.00 pips
2026-05-05 16:57:21 INFO mt5_bot - Session filter: UTC hour=21 outside [7,21) and [0,0)
2026-05-05 16:57:36 INFO mt5_bot - Balance=102029.96 Equity=102029.96 Spread=17.00 pips
2026-05-05 16:57:36 INFO mt5_bot - Session filter: UTC hour=21 outside [7,21) and [0,0)
2026-05-05 16:57:51 INFO mt5_bot - Balance=102029.96 Equity=102029.96 Spread=17.00 pips
2026-05-05 16:57:51 INFO mt5_bot - Session filter: UTC hour=21 outside [7,21) and [0,0)
2026-05-05 16:58:06 INFO mt5_bot - Balance=102029.96 Equity=102029.96 Spread=17.00 pips
2026-05-05 16:58:06 INFO mt5_bot - Session filter: UTC hour=21 outside [7,21) and [0,0)
2026-05-05 16:58:21 INFO mt5_bot - Balance=102029.96 Equity=102029.96 Spread=17.00 pips
2026-05-05 16:58:21 INFO mt5_bot - Session filter: UTC hour=21 outside [7,21) and [0,0)
2026-05-05 16:58:36 INFO mt5_bot - Balance=102029.96 Equity=102029.96 Spread=17.00 pips
2026-05-05 16:58:36 INFO mt5_bot - Session filter: UTC hour=21 outside [7,21) and [0,0)
2026-05-05 16:58:51 INFO mt5_bot - Balance=102029.96 Equity=102029.96 Spread=17.00 pips
2026-05-05 16:58:51 INFO mt5_bot - Session filter: UTC hour=21 outside [7,21) and [0,0)
2026-05-05 16:59:06 INFO mt5_bot - Balance=102029.96 Equity=102029.96 Spread=17.00 pips
2026-05-05 16:59:06 INFO mt5_bot - Session filter: UTC hour=21 outside [7,21) and [0,0)
2026-05-05 16:59:21 INFO mt5_bot - Balance=102029.96 Equity=102029.96 Spread=17.00 pips
2026-05-05 16:59:21 INFO mt5_bot - Session filter: UTC hour=21 outside [7,21) and [0,0)
2026-05-05 16:59:36 INFO mt5_bot - Balance=102029.96 Equity=102029.96 Spread=17.00 pips
2026-05-05 16:59:36 INFO mt5_bot - Session filter: UTC hour=21 outside [7,21) and [0,0)
2026-05-05 16:59:51 INFO mt5_bot - Balance=102029.96 Equity=102029.96 Spread=17.00 pips
2026-05-05 16:59:51 INFO mt5_bot - Session filter: UTC hour=21 outside [7,21) and [0,0)
2026-05-05 17:00:06 INFO mt5_bot - Balance=102029.96 Equity=102029.96 Spread=77.00 pips
2026-05-05 17:00:06 INFO mt5_bot - Spread filter: 77.00 > 50.00
2026-05-05 17:00:21 INFO mt5_bot - Balance=102029.96 Equity=102029.96 Spread=137.00 pips
2026-05-05 17:00:21 INFO mt5_bot - Spread filter: 137.00 > 50.00
2026-05-05 17:00:36 INFO mt5_bot - Balance=102029.96 Equity=102029.96 Spread=144.00 pips
2026-05-05 17:00:36 INFO mt5_bot - Spread filter: 144.00 > 50.00
2026-05-05 17:00:51 INFO mt5_bot - Balance=102029.96 Equity=102029.96 Spread=97.00 pips
2026-05-05 17:00:51 INFO mt5_bot - Spread filter: 97.00 > 50.00
2026-05-05 17:01:06 INFO mt5_bot - Balance=102029.96 Equity=102029.96 Spread=135.00 pips
2026-05-05 17:01:06 INFO mt5_bot - Spread filter: 135.00 > 50.00
2026-05-05 17:01:21 INFO mt5_bot - Balance=102029.96 Equity=102029.96 Spread=110.00 pips
2026-05-05 17:01:21 INFO mt5_bot - Spread filter: 110.00 > 50.00
2026-05-05 17:01:37 INFO mt5_bot - Balance=102029.96 Equity=102029.96 Spread=106.00 pips
2026-05-05 17:01:37 INFO mt5_bot - Spread filter: 106.00 > 50.00
2026-05-05 17:01:52 INFO mt5_bot - Balance=102029.96 Equity=102029.96 Spread=99.00 pips
2026-05-05 17:01:52 INFO mt5_bot - Spread filter: 99.00 > 50.00
2026-05-05 17:02:07 INFO mt5_bot - Balance=102029.96 Equity=102029.96 Spread=105.00 pips
2026-05-05 17:02:07 INFO mt5_bot - Spread filter: 105.00 > 50.00
2026-05-05 17:02:22 INFO mt5_bot - Balance=102029.96 Equity=102029.96 Spread=95.00 pips
2026-05-05 17:02:22 INFO mt5_bot - Spread filter: 95.00 > 50.00
2026-05-05 17:02:37 INFO mt5_bot - Balance=102029.96 Equity=102029.96 Spread=99.00 pips
2026-05-05 17:02:37 INFO mt5_bot - Spread filter: 99.00 > 50.00
2026-05-05 17:02:52 INFO mt5_bot - Balance=102029.96 Equity=102029.96 Spread=89.00 pips
2026-05-05 17:02:52 INFO mt5_bot - Spread filter: 89.00 > 50.00
2026-05-05 17:03:07 INFO mt5_bot - Balance=102029.96 Equity=102029.96 Spread=89.00 pips
2026-05-05 17:03:07 INFO mt5_bot - Spread filter: 89.00 > 50.00
2026-05-05 17:03:22 INFO mt5_bot - Balance=102029.96 Equity=102029.96 Spread=89.00 pips
2026-05-05 17:03:22 INFO mt5_bot - Spread filter: 89.00 > 50.00
2026-05-05 17:03:37 INFO mt5_bot - Balance=102029.96 Equity=102029.96 Spread=85.00 pips
2026-05-05 17:03:37 INFO mt5_bot - Spread filter: 85.00 > 50.00
2026-05-05 17:03:52 INFO mt5_bot - Balance=102029.96 Equity=102029.96 Spread=85.00 pips
2026-05-05 17:03:52 INFO mt5_bot - Spread filter: 85.00 > 50.00
2026-05-05 17:04:07 INFO mt5_bot - Balance=102029.96 Equity=102029.96 Spread=85.00 pips
2026-05-05 17:04:07 INFO mt5_bot - Spread filter: 85.00 > 50.00
2026-05-05 17:04:22 INFO mt5_bot - Balance=102029.96 Equity=102029.96 Spread=85.00 pips
2026-05-05 17:04:22 INFO mt5_bot - Spread filter: 85.00 > 50.00
2026-05-05 17:04:37 INFO mt5_bot - Balance=102029.96 Equity=102029.96 Spread=88.00 pips
2026-05-05 17:04:37 INFO mt5_bot - Spread filter: 88.00 > 50.00
2026-05-05 17:04:52 INFO mt5_bot - Balance=102029.96 Equity=102029.96 Spread=87.00 pips
2026-05-05 17:04:52 INFO mt5_bot - Spread filter: 87.00 > 50.00
2026-05-05 17:05:07 INFO mt5_bot - Balance=102029.96 Equity=102029.96 Spread=54.00 pips
2026-05-05 17:05:07 INFO mt5_bot - Spread filter: 54.00 > 50.00
2026-05-05 17:05:22 INFO mt5_bot - Balance=102029.96 Equity=102029.96 Spread=40.00 pips
2026-05-05 17:05:22 INFO mt5_bot - Session filter: UTC hour=22 outside [7,21) and [0,0)
2026-05-05 17:05:37 INFO mt5_bot - Balance=102029.96 Equity=102029.96 Spread=45.00 pips
2026-05-05 17:05:37 INFO mt5_bot - Session filter: UTC hour=22 outside [7,21) and [0,0)
2026-05-05 17:05:52 INFO mt5_bot - Balance=102029.96 Equity=102029.96 Spread=48.00 pips
2026-05-05 17:05:52 INFO mt5_bot - Session filter: UTC hour=22 outside [7,21) and [0,0)
2026-05-05 17:06:07 INFO mt5_bot - Balance=102029.96 Equity=102029.96 Spread=50.00 pips
2026-05-05 17:06:07 INFO mt5_bot - Session filter: UTC hour=22 outside [7,21) and [0,0)
2026-05-05 17:06:22 INFO mt5_bot - Balance=102029.96 Equity=102029.96 Spread=48.00 pips
2026-05-05 17:06:22 INFO mt5_bot - Session filter: UTC hour=22 outside [7,21) and [0,0)
2026-05-05 17:06:37 INFO mt5_bot - Balance=102029.96 Equity=102029.96 Spread=43.00 pips
2026-05-05 17:06:37 INFO mt5_bot - Session filter: UTC hour=22 outside [7,21) and [0,0)
2026-05-05 17:06:52 INFO mt5_bot - Balance=102029.96 Equity=102029.96 Spread=30.00 pips
2026-05-05 17:06:52 INFO mt5_bot - Session filter: UTC hour=22 outside [7,21) and [0,0)
2026-05-05 17:07:07 INFO mt5_bot - Balance=102029.96 Equity=102029.96 Spread=32.00 pips
2026-05-05 17:07:07 INFO mt5_bot - Session filter: UTC hour=22 outside [7,21) and [0,0)
2026-05-05 17:07:22 INFO mt5_bot - Balance=102029.96 Equity=102029.96 Spread=15.00 pips
2026-05-05 17:07:22 INFO mt5_bot - Session filter: UTC hour=22 outside [7,21) and [0,0)
2026-05-05 17:07:37 INFO mt5_bot - Balance=102029.96 Equity=102029.96 Spread=47.00 pips
2026-05-05 17:07:37 INFO mt5_bot - Session filter: UTC hour=22 outside [7,21) and [0,0)
2026-05-05 17:07:52 INFO mt5_bot - Balance=102029.96 Equity=102029.96 Spread=50.00 pips
2026-05-05 17:07:52 INFO mt5_bot - Session filter: UTC hour=22 outside [7,21) and [0,0)
2026-05-05 17:08:07 INFO mt5_bot - Balance=102029.96 Equity=102029.96 Spread=49.00 pips
2026-05-05 17:08:07 INFO mt5_bot - Session filter: UTC hour=22 outside [7,21) and [0,0)
2026-05-05 17:08:22 INFO mt5_bot - Balance=102029.96 Equity=102029.96 Spread=30.00 pips
2026-05-05 17:08:22 INFO mt5_bot - Session filter: UTC hour=22 outside [7,21) and [0,0)
2026-05-05 17:08:37 INFO mt5_bot - Balance=102029.96 Equity=102029.96 Spread=28.00 pips
2026-05-05 17:08:37 INFO mt5_bot - Session filter: UTC hour=22 outside [7,21) and [0,0)
2026-05-05 17:08:52 INFO mt5_bot - Balance=102029.96 Equity=102029.96 Spread=33.00 pips
2026-05-05 17:08:52 INFO mt5_bot - Session filter: UTC hour=22 outside [7,21) and [0,0)
2026-05-05 17:09:07 INFO mt5_bot - Balance=102029.96 Equity=102029.96 Spread=46.00 pips
2026-05-05 17:09:07 INFO mt5_bot - Session filter: UTC hour=22 outside [7,21) and [0,0)
2026-05-05 17:09:22 INFO mt5_bot - Balance=102029.96 Equity=102029.96 Spread=37.00 pips
2026-05-05 17:09:22 INFO mt5_bot - Session filter: UTC hour=22 outside [7,21) and [0,0)
2026-05-05 17:09:37 INFO mt5_bot - Balance=102029.96 Equity=102029.96 Spread=42.00 pips
2026-05-05 17:09:37 INFO mt5_bot - Session filter: UTC hour=22 outside [7,21) and [0,0)
2026-05-05 17:09:52 INFO mt5_bot - Balance=102029.96 Equity=102029.96 Spread=45.00 pips
2026-05-05 17:09:52 INFO mt5_bot - Session filter: UTC hour=22 outside [7,21) and [0,0)
2026-05-05 17:10:07 INFO mt5_bot - Balance=102029.96 Equity=102029.96 Spread=25.00 pips
2026-05-05 17:10:07 INFO mt5_bot - Session filter: UTC hour=22 outside [7,21) and [0,0)
2026-05-05 17:10:22 INFO mt5_bot - Balance=102029.96 Equity=102029.96 Spread=25.00 pips
2026-05-05 17:10:22 INFO mt5_bot - Session filter: UTC hour=22 outside [7,21) and [0,0)
2026-05-05 17:10:37 INFO mt5_bot - Balance=102029.96 Equity=102029.96 Spread=25.00 pips
2026-05-05 17:10:37 INFO mt5_bot - Session filter: UTC hour=22 outside [7,21) and [0,0)
2026-05-05 17:10:52 INFO mt5_bot - Balance=102029.96 Equity=102029.96 Spread=23.00 pips
2026-05-05 17:10:52 INFO mt5_bot - Session filter: UTC hour=22 outside [7,21) and [0,0)
2026-05-05 17:11:07 INFO mt5_bot - Balance=102029.96 Equity=102029.96 Spread=25.00 pips
2026-05-05 17:11:07 INFO mt5_bot - Session filter: UTC hour=22 outside [7,21) and [0,0)
2026-05-05 17:11:22 INFO mt5_bot - Balance=102029.96 Equity=102029.96 Spread=18.00 pips
2026-05-05 17:11:22 INFO mt5_bot - Session filter: UTC hour=22 outside [7,21) and [0,0)
2026-05-05 17:11:37 INFO mt5_bot - Balance=102029.96 Equity=102029.96 Spread=25.00 pips
2026-05-05 17:11:37 INFO mt5_bot - Session filter: UTC hour=22 outside [7,21) and [0,0)
2026-05-05 17:11:52 INFO mt5_bot - Balance=102029.96 Equity=102029.96 Spread=14.00 pips
2026-05-05 17:11:52 INFO mt5_bot - Session filter: UTC hour=22 outside [7,21) and [0,0)
2026-05-05 17:12:07 INFO mt5_bot - Balance=102029.96 Equity=102029.96 Spread=17.00 pips
2026-05-05 17:12:07 INFO mt5_bot - Session filter: UTC hour=22 outside [7,21) and [0,0)
2026-05-05 17:12:22 INFO mt5_bot - Balance=102029.96 Equity=102029.96 Spread=25.00 pips
2026-05-05 17:12:22 INFO mt5_bot - Session filter: UTC hour=22 outside [7,21) and [0,0)
2026-05-05 17:12:37 INFO mt5_bot - Balance=102029.96 Equity=102029.96 Spread=17.00 pips
2026-05-05 17:12:37 INFO mt5_bot - Session filter: UTC hour=22 outside [7,21) and [0,0)
2026-05-05 17:12:52 INFO mt5_bot - Balance=102029.96 Equity=102029.96 Spread=25.00 pips
2026-05-05 17:12:52 INFO mt5_bot - Session filter: UTC hour=22 outside [7,21) and [0,0)
2026-05-05 17:13:07 INFO mt5_bot - Balance=102029.96 Equity=102029.96 Spread=25.00 pips
2026-05-05 17:13:07 INFO mt5_bot - Session filter: UTC hour=22 outside [7,21) and [0,0)
2026-05-05 17:13:22 INFO mt5_bot - Balance=102029.96 Equity=102029.96 Spread=25.00 pips
2026-05-05 17:13:22 INFO mt5_bot - Session filter: UTC hour=22 outside [7,21) and [0,0)
2026-05-05 17:13:37 INFO mt5_bot - Balance=102029.96 Equity=102029.96 Spread=23.00 pips
2026-05-05 17:13:37 INFO mt5_bot - Session filter: UTC hour=22 outside [7,21) and [0,0)
2026-05-05 17:13:52 INFO mt5_bot - Balance=102029.96 Equity=102029.96 Spread=21.00 pips
2026-05-05 17:13:52 INFO mt5_bot - Session filter: UTC hour=22 outside [7,21) and [0,0)
2026-05-05 17:14:07 INFO mt5_bot - Balance=102029.96 Equity=102029.96 Spread=25.00 pips
2026-05-05 17:14:07 INFO mt5_bot - Session filter: UTC hour=22 outside [7,21) and [0,0)
2026-05-05 17:14:22 INFO mt5_bot - Balance=102029.96 Equity=102029.96 Spread=25.00 pips
2026-05-05 17:14:22 INFO mt5_bot - Session filter: UTC hour=22 outside [7,21) and [0,0)
2026-05-05 17:14:37 INFO mt5_bot - Balance=102029.96 Equity=102029.96 Spread=25.00 pips
2026-05-05 17:14:37 INFO mt5_bot - Session filter: UTC hour=22 outside [7,21) and [0,0)
2026-05-05 17:14:52 INFO mt5_bot - Balance=102029.96 Equity=102029.96 Spread=23.00 pips
2026-05-05 17:14:52 INFO mt5_bot - Session filter: UTC hour=22 outside [7,21) and [0,0)
2026-05-05 17:15:07 INFO mt5_bot - Balance=102029.96 Equity=102029.96 Spread=13.00 pips
2026-05-05 17:15:07 INFO mt5_bot - Session filter: UTC hour=22 outside [7,21) and [0,0)
2026-05-05 17:15:22 INFO mt5_bot - Balance=102029.96 Equity=102029.96 Spread=20.00 pips
2026-05-05 17:15:22 INFO mt5_bot - Session filter: UTC hour=22 outside [7,21) and [0,0)
2026-05-05 17:15:37 INFO mt5_bot - Balance=102029.96 Equity=102029.96 Spread=26.00 pips
2026-05-05 17:15:37 INFO mt5_bot - Session filter: UTC hour=22 outside [7,21) and [0,0)
2026-05-05 17:15:52 INFO mt5_bot - Balance=102029.96 Equity=102029.96 Spread=22.00 pips
2026-05-05 17:15:52 INFO mt5_bot - Session filter: UTC hour=22 outside [7,21) and [0,0)
2026-05-05 17:16:07 INFO mt5_bot - Balance=102029.96 Equity=102029.96 Spread=18.00 pips
2026-05-05 17:16:07 INFO mt5_bot - Session filter: UTC hour=22 outside [7,21) and [0,0)
2026-05-05 17:16:22 INFO mt5_bot - Balance=102029.96 Equity=102029.96 Spread=15.00 pips
2026-05-05 17:16:22 INFO mt5_bot - Session filter: UTC hour=22 outside [7,21) and [0,0)
2026-05-05 17:16:37 INFO mt5_bot - Balance=102029.96 Equity=102029.96 Spread=19.00 pips
2026-05-05 17:16:37 INFO mt5_bot - Session filter: UTC hour=22 outside [7,21) and [0,0)
2026-05-05 17:16:52 INFO mt5_bot - Balance=102029.96 Equity=102029.96 Spread=20.00 pips
2026-05-05 17:16:52 INFO mt5_bot - Session filter: UTC hour=22 outside [7,21) and [0,0)
2026-05-05 17:17:07 INFO mt5_bot - Balance=102029.96 Equity=102029.96 Spread=12.00 pips
2026-05-05 17:17:07 INFO mt5_bot - Session filter: UTC hour=22 outside [7,21) and [0,0)
2026-05-05 17:17:22 INFO mt5_bot - Balance=102029.96 Equity=102029.96 Spread=25.00 pips
2026-05-05 17:17:22 INFO mt5_bot - Session filter: UTC hour=22 outside [7,21) and [0,0)
2026-05-05 17:17:37 INFO mt5_bot - Balance=102029.96 Equity=102029.96 Spread=23.00 pips
2026-05-05 17:17:37 INFO mt5_bot - Session filter: UTC hour=22 outside [7,21) and [0,0)
2026-05-05 17:17:52 INFO mt5_bot - Balance=102029.96 Equity=102029.96 Spread=20.00 pips
2026-05-05 17:17:52 INFO mt5_bot - Session filter: UTC hour=22 outside [7,21) and [0,0)
2026-05-05 17:18:07 INFO mt5_bot - Balance=102029.96 Equity=102029.96 Spread=12.00 pips
2026-05-05 17:18:07 INFO mt5_bot - Session filter: UTC hour=22 outside [7,21) and [0,0)
2026-05-05 17:18:22 INFO mt5_bot - Balance=102029.96 Equity=102029.96 Spread=15.00 pips
2026-05-05 17:18:22 INFO mt5_bot - Session filter: UTC hour=22 outside [7,21) and [0,0)
2026-05-05 17:18:37 INFO mt5_bot - Balance=102029.96 Equity=102029.96 Spread=25.00 pips
2026-05-05 17:18:37 INFO mt5_bot - Session filter: UTC hour=22 outside [7,21) and [0,0)
2026-05-05 17:18:52 INFO mt5_bot - Balance=102029.96 Equity=102029.96 Spread=15.00 pips
2026-05-05 17:18:52 INFO mt5_bot - Session filter: UTC hour=22 outside [7,21) and [0,0)
2026-05-05 17:19:07 INFO mt5_bot - Balance=102029.96 Equity=102029.96 Spread=23.00 pips
2026-05-05 17:19:07 INFO mt5_bot - Session filter: UTC hour=22 outside [7,21) and [0,0)
2026-05-05 17:19:22 INFO mt5_bot - Balance=102029.96 Equity=102029.96 Spread=15.00 pips
2026-05-05 17:19:22 INFO mt5_bot - Session filter: UTC hour=22 outside [7,21) and [0,0)
2026-05-05 17:19:37 INFO mt5_bot - Balance=102029.96 Equity=102029.96 Spread=11.00 pips
2026-05-05 17:19:37 INFO mt5_bot - Session filter: UTC hour=22 outside [7,21) and [0,0)
2026-05-05 17:19:52 INFO mt5_bot - Balance=102029.96 Equity=102029.96 Spread=8.00 pips
2026-05-05 17:19:52 INFO mt5_bot - Session filter: UTC hour=22 outside [7,21) and [0,0)
2026-05-05 17:20:07 INFO mt5_bot - Balance=102029.96 Equity=102029.96 Spread=15.00 pips
2026-05-05 17:20:07 INFO mt5_bot - Session filter: UTC hour=22 outside [7,21) and [0,0)
2026-05-05 17:20:22 INFO mt5_bot - Balance=102029.96 Equity=102029.96 Spread=24.00 pips
2026-05-05 17:20:22 INFO mt5_bot - Session filter: UTC hour=22 outside [7,21) and [0,0)
2026-05-05 17:20:37 INFO mt5_bot - Balance=102029.96 Equity=102029.96 Spread=23.00 pips
2026-05-05 17:20:37 INFO mt5_bot - Session filter: UTC hour=22 outside [7,21) and [0,0)
2026-05-05 17:20:52 INFO mt5_bot - Balance=102029.96 Equity=102029.96 Spread=18.00 pips
2026-05-05 17:20:52 INFO mt5_bot - Session filter: UTC hour=22 outside [7,21) and [0,0)
2026-05-05 17:21:07 INFO mt5_bot - Balance=102029.96 Equity=102029.96 Spread=22.00 pips
2026-05-05 17:21:07 INFO mt5_bot - Session filter: UTC hour=22 outside [7,21) and [0,0)
2026-05-05 17:21:22 INFO mt5_bot - Balance=102029.96 Equity=102029.96 Spread=20.00 pips
2026-05-05 17:21:22 INFO mt5_bot - Session filter: UTC hour=22 outside [7,21) and [0,0)
2026-05-05 17:21:37 INFO mt5_bot - Balance=102029.96 Equity=102029.96 Spread=20.00 pips
2026-05-05 17:21:37 INFO mt5_bot - Session filter: UTC hour=22 outside [7,21) and [0,0)
2026-05-05 17:21:52 INFO mt5_bot - Balance=102029.96 Equity=102029.96 Spread=18.00 pips
2026-05-05 17:21:52 INFO mt5_bot - Session filter: UTC hour=22 outside [7,21) and [0,0)
2026-05-05 17:22:07 INFO mt5_bot - Balance=102029.96 Equity=102029.96 Spread=20.00 pips
2026-05-05 17:22:07 INFO mt5_bot - Session filter: UTC hour=22 outside [7,21) and [0,0)
2026-05-05 17:22:22 INFO mt5_bot - Balance=102029.96 Equity=102029.96 Spread=24.00 pips
2026-05-05 17:22:22 INFO mt5_bot - Session filter: UTC hour=22 outside [7,21) and [0,0)
2026-05-05 17:22:37 INFO mt5_bot - Balance=102029.96 Equity=102029.96 Spread=20.00 pips
2026-05-05 17:22:37 INFO mt5_bot - Session filter: UTC hour=22 outside [7,21) and [0,0)
2026-05-05 17:22:52 INFO mt5_bot - Balance=102029.96 Equity=102029.96 Spread=25.00 pips
2026-05-05 17:22:52 INFO mt5_bot - Session filter: UTC hour=22 outside [7,21) and [0,0)
2026-05-05 17:23:07 INFO mt5_bot - Balance=102029.96 Equity=102029.96 Spread=19.00 pips
2026-05-05 17:23:07 INFO mt5_bot - Session filter: UTC hour=22 outside [7,21) and [0,0)
2026-05-05 17:23:22 INFO mt5_bot - Balance=102029.96 Equity=102029.96 Spread=25.00 pips
2026-05-05 17:23:22 INFO mt5_bot - Session filter: UTC hour=22 outside [7,21) and [0,0)
2026-05-05 17:23:37 INFO mt5_bot - Balance=102029.96 Equity=102029.96 Spread=20.00 pips
2026-05-05 17:23:37 INFO mt5_bot - Session filter: UTC hour=22 outside [7,21) and [0,0)
2026-05-05 17:23:52 INFO mt5_bot - Balance=102029.96 Equity=102029.96 Spread=27.00 pips
2026-05-05 17:23:52 INFO mt5_bot - Session filter: UTC hour=22 outside [7,21) and [0,0)
2026-05-05 17:24:07 INFO mt5_bot - Balance=102029.96 Equity=102029.96 Spread=25.00 pips
2026-05-05 17:24:07 INFO mt5_bot - Session filter: UTC hour=22 outside [7,21) and [0,0)
2026-05-05 17:24:22 INFO mt5_bot - Balance=102029.96 Equity=102029.96 Spread=18.00 pips
2026-05-05 17:24:22 INFO mt5_bot - Session filter: UTC hour=22 outside [7,21) and [0,0)
2026-05-05 17:24:37 INFO mt5_bot - Balance=102029.96 Equity=102029.96 Spread=19.00 pips
2026-05-05 17:24:37 INFO mt5_bot - Session filter: UTC hour=22 outside [7,21) and [0,0)
2026-05-05 17:24:52 INFO mt5_bot - Balance=102029.96 Equity=102029.96 Spread=32.00 pips
2026-05-05 17:24:52 INFO mt5_bot - Session filter: UTC hour=22 outside [7,21) and [0,0)
2026-05-05 17:25:07 INFO mt5_bot - Balance=102029.96 Equity=102029.96 Spread=33.00 pips
2026-05-05 17:25:07 INFO mt5_bot - Session filter: UTC hour=22 outside [7,21) and [0,0)
2026-05-05 17:25:22 INFO mt5_bot - Balance=102029.96 Equity=102029.96 Spread=27.00 pips
2026-05-05 17:25:22 INFO mt5_bot - Session filter: UTC hour=22 outside [7,21) and [0,0)
2026-05-05 17:25:37 INFO mt5_bot - Balance=102029.96 Equity=102029.96 Spread=23.00 pips
2026-05-05 17:25:37 INFO mt5_bot - Session filter: UTC hour=22 outside [7,21) and [0,0)
2026-05-05 17:25:52 INFO mt5_bot - Balance=102029.96 Equity=102029.96 Spread=19.00 pips
2026-05-05 17:25:52 INFO mt5_bot - Session filter: UTC hour=22 outside [7,21) and [0,0)
2026-05-05 17:26:07 INFO mt5_bot - Balance=102029.96 Equity=102029.96 Spread=24.00 pips
2026-05-05 17:26:07 INFO mt5_bot - Session filter: UTC hour=22 outside [7,21) and [0,0)
2026-05-05 17:26:22 INFO mt5_bot - Balance=102029.96 Equity=102029.96 Spread=27.00 pips
2026-05-05 17:26:22 INFO mt5_bot - Session filter: UTC hour=22 outside [7,21) and [0,0)
2026-05-05 17:26:37 INFO mt5_bot - Balance=102029.96 Equity=102029.96 Spread=25.00 pips
2026-05-05 17:26:37 INFO mt5_bot - Session filter: UTC hour=22 outside [7,21) and [0,0)
2026-05-05 17:26:52 INFO mt5_bot - Balance=102029.96 Equity=102029.96 Spread=25.00 pips
2026-05-05 17:26:52 INFO mt5_bot - Session filter: UTC hour=22 outside [7,21) and [0,0)
2026-05-05 17:27:07 INFO mt5_bot - Balance=102029.96 Equity=102029.96 Spread=25.00 pips
2026-05-05 17:27:07 INFO mt5_bot - Session filter: UTC hour=22 outside [7,21) and [0,0)
2026-05-05 17:27:22 INFO mt5_bot - Balance=102029.96 Equity=102029.96 Spread=26.00 pips
2026-05-05 17:27:22 INFO mt5_bot - Session filter: UTC hour=22 outside [7,21) and [0,0)
2026-05-05 17:27:37 INFO mt5_bot - Balance=102029.96 Equity=102029.96 Spread=31.00 pips
2026-05-05 17:27:37 INFO mt5_bot - Session filter: UTC hour=22 outside [7,21) and [0,0)
2026-05-05 17:27:52 INFO mt5_bot - Balance=102029.96 Equity=102029.96 Spread=25.00 pips
2026-05-05 17:27:52 INFO mt5_bot - Session filter: UTC hour=22 outside [7,21) and [0,0)
2026-05-05 17:28:07 INFO mt5_bot - Balance=102029.96 Equity=102029.96 Spread=22.00 pips
2026-05-05 17:28:07 INFO mt5_bot - Session filter: UTC hour=22 outside [7,21) and [0,0)
2026-05-05 17:28:22 INFO mt5_bot - Balance=102029.96 Equity=102029.96 Spread=25.00 pips
2026-05-05 17:28:22 INFO mt5_bot - Session filter: UTC hour=22 outside [7,21) and [0,0)
2026-05-05 17:28:37 INFO mt5_bot - Balance=102029.96 Equity=102029.96 Spread=25.00 pips
2026-05-05 17:28:37 INFO mt5_bot - Session filter: UTC hour=22 outside [7,21) and [0,0)
2026-05-05 17:28:52 INFO mt5_bot - Balance=102029.96 Equity=102029.96 Spread=14.00 pips
2026-05-05 17:28:52 INFO mt5_bot - Session filter: UTC hour=22 outside [7,21) and [0,0)
2026-05-05 17:29:07 INFO mt5_bot - Balance=102029.96 Equity=102029.96 Spread=25.00 pips
2026-05-05 17:29:07 INFO mt5_bot - Session filter: UTC hour=22 outside [7,21) and [0,0)
2026-05-05 17:29:22 INFO mt5_bot - Balance=102029.96 Equity=102029.96 Spread=38.00 pips
2026-05-05 17:29:22 INFO mt5_bot - Session filter: UTC hour=22 outside [7,21) and [0,0)
2026-05-05 17:29:37 INFO mt5_bot - Balance=102029.96 Equity=102029.96 Spread=25.00 pips
2026-05-05 17:29:37 INFO mt5_bot - Session filter: UTC hour=22 outside [7,21) and [0,0)
2026-05-05 17:29:52 INFO mt5_bot - Balance=102029.96 Equity=102029.96 Spread=21.00 pips
2026-05-05 17:29:52 INFO mt5_bot - Session filter: UTC hour=22 outside [7,21) and [0,0)
2026-05-05 17:30:07 INFO mt5_bot - Balance=102029.96 Equity=102029.96 Spread=25.00 pips
2026-05-05 17:30:07 INFO mt5_bot - Session filter: UTC hour=22 outside [7,21) and [0,0)
2026-05-05 17:30:22 INFO mt5_bot - Balance=102029.96 Equity=102029.96 Spread=25.00 pips
2026-05-05 17:30:22 INFO mt5_bot - Session filter: UTC hour=22 outside [7,21) and [0,0)
2026-05-05 17:30:37 INFO mt5_bot - Balance=102029.96 Equity=102029.96 Spread=25.00 pips
2026-05-05 17:30:37 INFO mt5_bot - Session filter: UTC hour=22 outside [7,21) and [0,0)
2026-05-05 17:30:52 INFO mt5_bot - Balance=102029.96 Equity=102029.96 Spread=25.00 pips
2026-05-05 17:30:52 INFO mt5_bot - Session filter: UTC hour=22 outside [7,21) and [0,0)
2026-05-05 17:31:07 INFO mt5_bot - Balance=102029.96 Equity=102029.96 Spread=25.00 pips
2026-05-05 17:31:07 INFO mt5_bot - Session filter: UTC hour=22 outside [7,21) and [0,0)
2026-05-05 17:31:22 INFO mt5_bot - Balance=102029.96 Equity=102029.96 Spread=24.00 pips
2026-05-05 17:31:22 INFO mt5_bot - Session filter: UTC hour=22 outside [7,21) and [0,0)
2026-05-05 17:31:37 INFO mt5_bot - Balance=102029.96 Equity=102029.96 Spread=17.00 pips
2026-05-05 17:31:37 INFO mt5_bot - Session filter: UTC hour=22 outside [7,21) and [0,0)
2026-05-05 17:31:52 INFO mt5_bot - Balance=102029.96 Equity=102029.96 Spread=25.00 pips
2026-05-05 17:31:52 INFO mt5_bot - Session filter: UTC hour=22 outside [7,21) and [0,0)
2026-05-05 17:32:07 INFO mt5_bot - Balance=102029.96 Equity=102029.96 Spread=25.00 pips
2026-05-05 17:32:07 INFO mt5_bot - Session filter: UTC hour=22 outside [7,21) and [0,0)
2026-05-05 17:32:22 INFO mt5_bot - Balance=102029.96 Equity=102029.96 Spread=25.00 pips
2026-05-05 17:32:22 INFO mt5_bot - Session filter: UTC hour=22 outside [7,21) and [0,0)
2026-05-05 17:32:37 INFO mt5_bot - Balance=102029.96 Equity=102029.96 Spread=22.00 pips
2026-05-05 17:32:37 INFO mt5_bot - Session filter: UTC hour=22 outside [7,21) and [0,0)
2026-05-05 17:32:52 INFO mt5_bot - Balance=102029.96 Equity=102029.96 Spread=25.00 pips
2026-05-05 17:32:52 INFO mt5_bot - Session filter: UTC hour=22 outside [7,21) and [0,0)
2026-05-05 17:33:07 INFO mt5_bot - Balance=102029.96 Equity=102029.96 Spread=25.00 pips
2026-05-05 17:33:07 INFO mt5_bot - Session filter: UTC hour=22 outside [7,21) and [0,0)
2026-05-05 17:33:22 INFO mt5_bot - Balance=102029.96 Equity=102029.96 Spread=20.00 pips
2026-05-05 17:33:22 INFO mt5_bot - Session filter: UTC hour=22 outside [7,21) and [0,0)
2026-05-05 17:33:37 INFO mt5_bot - Balance=102029.96 Equity=102029.96 Spread=25.00 pips
2026-05-05 17:33:37 INFO mt5_bot - Session filter: UTC hour=22 outside [7,21) and [0,0)
2026-05-05 17:33:52 INFO mt5_bot - Balance=102029.96 Equity=102029.96 Spread=25.00 pips
2026-05-05 17:33:52 INFO mt5_bot - Session filter: UTC hour=22 outside [7,21) and [0,0)
2026-05-05 17:34:07 INFO mt5_bot - Balance=102029.96 Equity=102029.96 Spread=25.00 pips
2026-05-05 17:34:07 INFO mt5_bot - Session filter: UTC hour=22 outside [7,21) and [0,0)
2026-05-05 17:34:22 INFO mt5_bot - Balance=102029.96 Equity=102029.96 Spread=25.00 pips
2026-05-05 17:34:22 INFO mt5_bot - Session filter: UTC hour=22 outside [7,21) and [0,0)
2026-05-05 17:34:37 INFO mt5_bot - Balance=102029.96 Equity=102029.96 Spread=25.00 pips
2026-05-05 17:34:37 INFO mt5_bot - Session filter: UTC hour=22 outside [7,21) and [0,0)
2026-05-05 17:34:52 INFO mt5_bot - Balance=102029.96 Equity=102029.96 Spread=9.00 pips
2026-05-05 17:34:52 INFO mt5_bot - Session filter: UTC hour=22 outside [7,21) and [0,0)
2026-05-05 17:35:07 INFO mt5_bot - Balance=102029.96 Equity=102029.96 Spread=25.00 pips
2026-05-05 17:35:07 INFO mt5_bot - Session filter: UTC hour=22 outside [7,21) and [0,0)
2026-05-05 17:35:22 INFO mt5_bot - Balance=102029.96 Equity=102029.96 Spread=25.00 pips
2026-05-05 17:35:22 INFO mt5_bot - Session filter: UTC hour=22 outside [7,21) and [0,0)
2026-05-05 17:35:37 INFO mt5_bot - Balance=102029.96 Equity=102029.96 Spread=25.00 pips
2026-05-05 17:35:37 INFO mt5_bot - Session filter: UTC hour=22 outside [7,21) and [0,0)
2026-05-05 17:35:52 INFO mt5_bot - Balance=102029.96 Equity=102029.96 Spread=25.00 pips
2026-05-05 17:35:52 INFO mt5_bot - Session filter: UTC hour=22 outside [7,21) and [0,0)
2026-05-05 17:36:07 INFO mt5_bot - Balance=102029.96 Equity=102029.96 Spread=27.00 pips
2026-05-05 17:36:07 INFO mt5_bot - Session filter: UTC hour=22 outside [7,21) and [0,0)
2026-05-05 17:36:22 INFO mt5_bot - Balance=102029.96 Equity=102029.96 Spread=24.00 pips
2026-05-05 17:36:22 INFO mt5_bot - Session filter: UTC hour=22 outside [7,21) and [0,0)
2026-05-05 17:36:37 INFO mt5_bot - Balance=102029.96 Equity=102029.96 Spread=25.00 pips
2026-05-05 17:36:37 INFO mt5_bot - Session filter: UTC hour=22 outside [7,21) and [0,0)
2026-05-05 17:36:52 INFO mt5_bot - Balance=102029.96 Equity=102029.96 Spread=18.00 pips
2026-05-05 17:36:52 INFO mt5_bot - Session filter: UTC hour=22 outside [7,21) and [0,0)
2026-05-05 17:37:07 INFO mt5_bot - Balance=102029.96 Equity=102029.96 Spread=25.00 pips
2026-05-05 17:37:07 INFO mt5_bot - Session filter: UTC hour=22 outside [7,21) and [0,0)
2026-05-05 17:37:22 INFO mt5_bot - Balance=102029.96 Equity=102029.96 Spread=25.00 pips
2026-05-05 17:37:22 INFO mt5_bot - Session filter: UTC hour=22 outside [7,21) and [0,0)
2026-05-05 17:37:37 INFO mt5_bot - Balance=102029.96 Equity=102029.96 Spread=38.00 pips
2026-05-05 17:37:37 INFO mt5_bot - Session filter: UTC hour=22 outside [7,21) and [0,0)
2026-05-05 17:37:52 INFO mt5_bot - Balance=102029.96 Equity=102029.96 Spread=11.00 pips
2026-05-05 17:37:52 INFO mt5_bot - Session filter: UTC hour=22 outside [7,21) and [0,0)
2026-05-05 17:38:07 INFO mt5_bot - Balance=102029.96 Equity=102029.96 Spread=25.00 pips
2026-05-05 17:38:07 INFO mt5_bot - Session filter: UTC hour=22 outside [7,21) and [0,0)
2026-05-05 17:38:22 INFO mt5_bot - Balance=102029.96 Equity=102029.96 Spread=25.00 pips
2026-05-05 17:38:22 INFO mt5_bot - Session filter: UTC hour=22 outside [7,21) and [0,0)
2026-05-05 17:38:37 INFO mt5_bot - Balance=102029.96 Equity=102029.96 Spread=25.00 pips
2026-05-05 17:38:37 INFO mt5_bot - Session filter: UTC hour=22 outside [7,21) and [0,0)
2026-05-05 17:38:52 INFO mt5_bot - Balance=102029.96 Equity=102029.96 Spread=25.00 pips
2026-05-05 17:38:52 INFO mt5_bot - Session filter: UTC hour=22 outside [7,21) and [0,0)
2026-05-05 17:39:07 INFO mt5_bot - Balance=102029.96 Equity=102029.96 Spread=25.00 pips
2026-05-05 17:39:07 INFO mt5_bot - Session filter: UTC hour=22 outside [7,21) and [0,0)
2026-05-05 17:39:22 INFO mt5_bot - Balance=102029.96 Equity=102029.96 Spread=26.00 pips
2026-05-05 17:39:22 INFO mt5_bot - Session filter: UTC hour=22 outside [7,21) and [0,0)
2026-05-05 17:39:37 INFO mt5_bot - Balance=102029.96 Equity=102029.96 Spread=25.00 pips
2026-05-05 17:39:37 INFO mt5_bot - Session filter: UTC hour=22 outside [7,21) and [0,0)
2026-05-05 17:39:52 INFO mt5_bot - Balance=102029.96 Equity=102029.96 Spread=25.00 pips
2026-05-05 17:39:52 INFO mt5_bot - Session filter: UTC hour=22 outside [7,21) and [0,0)
2026-05-05 17:40:07 INFO mt5_bot - Balance=102029.96 Equity=102029.96 Spread=25.00 pips
2026-05-05 17:40:07 INFO mt5_bot - Session filter: UTC hour=22 outside [7,21) and [0,0)
2026-05-05 17:40:22 INFO mt5_bot - Balance=102029.96 Equity=102029.96 Spread=25.00 pips
2026-05-05 17:40:22 INFO mt5_bot - Session filter: UTC hour=22 outside [7,21) and [0,0)
2026-05-05 17:40:37 INFO mt5_bot - Balance=102029.96 Equity=102029.96 Spread=25.00 pips
2026-05-05 17:40:37 INFO mt5_bot - Session filter: UTC hour=22 outside [7,21) and [0,0)
2026-05-05 17:40:52 INFO mt5_bot - Balance=102029.96 Equity=102029.96 Spread=15.00 pips
2026-05-05 17:40:52 INFO mt5_bot - Session filter: UTC hour=22 outside [7,21) and [0,0)
2026-05-05 17:41:07 INFO mt5_bot - Balance=102029.96 Equity=102029.96 Spread=25.00 pips
2026-05-05 17:41:07 INFO mt5_bot - Session filter: UTC hour=22 outside [7,21) and [0,0)
2026-05-05 17:41:22 INFO mt5_bot - Balance=102029.96 Equity=102029.96 Spread=25.00 pips
2026-05-05 17:41:22 INFO mt5_bot - Session filter: UTC hour=22 outside [7,21) and [0,0)
2026-05-05 17:41:37 INFO mt5_bot - Balance=102029.96 Equity=102029.96 Spread=25.00 pips
2026-05-05 17:41:37 INFO mt5_bot - Session filter: UTC hour=22 outside [7,21) and [0,0)
2026-05-05 17:41:52 INFO mt5_bot - Balance=102029.96 Equity=102029.96 Spread=17.00 pips
2026-05-05 17:41:52 INFO mt5_bot - Session filter: UTC hour=22 outside [7,21) and [0,0)
2026-05-05 17:42:07 INFO mt5_bot - Balance=102029.96 Equity=102029.96 Spread=25.00 pips
2026-05-05 17:42:07 INFO mt5_bot - Session filter: UTC hour=22 outside [7,21) and [0,0)
2026-05-05 17:42:22 INFO mt5_bot - Balance=102029.96 Equity=102029.96 Spread=25.00 pips
2026-05-05 17:42:22 INFO mt5_bot - Session filter: UTC hour=22 outside [7,21) and [0,0)
2026-05-05 17:42:37 INFO mt5_bot - Balance=102029.96 Equity=102029.96 Spread=25.00 pips
2026-05-05 17:42:37 INFO mt5_bot - Session filter: UTC hour=22 outside [7,21) and [0,0)
2026-05-05 17:42:52 INFO mt5_bot - Balance=102029.96 Equity=102029.96 Spread=26.00 pips
2026-05-05 17:42:52 INFO mt5_bot - Session filter: UTC hour=22 outside [7,21) and [0,0)
2026-05-05 17:43:07 INFO mt5_bot - Balance=102029.96 Equity=102029.96 Spread=25.00 pips
2026-05-05 17:43:07 INFO mt5_bot - Session filter: UTC hour=22 outside [7,21) and [0,0)
2026-05-05 17:43:22 INFO mt5_bot - Balance=102029.96 Equity=102029.96 Spread=26.00 pips
2026-05-05 17:43:22 INFO mt5_bot - Session filter: UTC hour=22 outside [7,21) and [0,0)
2026-05-05 17:43:37 INFO mt5_bot - Balance=102029.96 Equity=102029.96 Spread=25.00 pips
2026-05-05 17:43:37 INFO mt5_bot - Session filter: UTC hour=22 outside [7,21) and [0,0)
2026-05-05 17:43:52 INFO mt5_bot - Balance=102029.96 Equity=102029.96 Spread=28.00 pips
2026-05-05 17:43:52 INFO mt5_bot - Session filter: UTC hour=22 outside [7,21) and [0,0)
2026-05-05 17:44:07 INFO mt5_bot - Balance=102029.96 Equity=102029.96 Spread=25.00 pips
2026-05-05 17:44:07 INFO mt5_bot - Session filter: UTC hour=22 outside [7,21) and [0,0)
2026-05-05 17:44:22 INFO mt5_bot - Balance=102029.96 Equity=102029.96 Spread=21.00 pips
2026-05-05 17:44:22 INFO mt5_bot - Session filter: UTC hour=22 outside [7,21) and [0,0)
2026-05-05 17:44:37 INFO mt5_bot - Balance=102029.96 Equity=102029.96 Spread=25.00 pips
2026-05-05 17:44:37 INFO mt5_bot - Session filter: UTC hour=22 outside [7,21) and [0,0)
2026-05-05 17:44:52 INFO mt5_bot - Balance=102029.96 Equity=102029.96 Spread=25.00 pips
2026-05-05 17:44:52 INFO mt5_bot - Session filter: UTC hour=22 outside [7,21) and [0,0)
2026-05-05 17:45:07 INFO mt5_bot - Balance=102029.96 Equity=102029.96 Spread=25.00 pips
2026-05-05 17:45:07 INFO mt5_bot - Session filter: UTC hour=22 outside [7,21) and [0,0)
2026-05-05 17:45:22 INFO mt5_bot - Balance=102029.96 Equity=102029.96 Spread=25.00 pips
2026-05-05 17:45:22 INFO mt5_bot - Session filter: UTC hour=22 outside [7,21) and [0,0)
2026-05-05 17:45:37 INFO mt5_bot - Balance=102029.96 Equity=102029.96 Spread=25.00 pips
2026-05-05 17:45:37 INFO mt5_bot - Session filter: UTC hour=22 outside [7,21) and [0,0)
2026-05-05 17:45:52 INFO mt5_bot - Balance=102029.96 Equity=102029.96 Spread=14.00 pips
2026-05-05 17:45:52 INFO mt5_bot - Session filter: UTC hour=22 outside [7,21) and [0,0)
2026-05-05 17:46:08 INFO mt5_bot - Balance=102029.96 Equity=102029.96 Spread=25.00 pips
2026-05-05 17:46:08 INFO mt5_bot - Session filter: UTC hour=22 outside [7,21) and [0,0)
2026-05-05 17:46:23 INFO mt5_bot - Balance=102029.96 Equity=102029.96 Spread=22.00 pips
2026-05-05 17:46:23 INFO mt5_bot - Session filter: UTC hour=22 outside [7,21) and [0,0)
2026-05-05 17:46:38 INFO mt5_bot - Balance=102029.96 Equity=102029.96 Spread=23.00 pips
2026-05-05 17:46:38 INFO mt5_bot - Session filter: UTC hour=22 outside [7,21) and [0,0)
2026-05-05 17:46:53 INFO mt5_bot - Balance=102029.96 Equity=102029.96 Spread=25.00 pips
2026-05-05 17:46:53 INFO mt5_bot - Session filter: UTC hour=22 outside [7,21) and [0,0)
2026-05-05 17:47:08 INFO mt5_bot - Balance=102029.96 Equity=102029.96 Spread=25.00 pips
2026-05-05 17:47:08 INFO mt5_bot - Session filter: UTC hour=22 outside [7,21) and [0,0)
2026-05-05 17:47:23 INFO mt5_bot - Balance=102029.96 Equity=102029.96 Spread=25.00 pips
2026-05-05 17:47:23 INFO mt5_bot - Session filter: UTC hour=22 outside [7,21) and [0,0)
2026-05-05 17:47:38 INFO mt5_bot - Balance=102029.96 Equity=102029.96 Spread=25.00 pips
2026-05-05 17:47:38 INFO mt5_bot - Session filter: UTC hour=22 outside [7,21) and [0,0)
2026-05-05 17:47:53 INFO mt5_bot - Balance=102029.96 Equity=102029.96 Spread=25.00 pips
2026-05-05 17:47:53 INFO mt5_bot - Session filter: UTC hour=22 outside [7,21) and [0,0)
2026-05-05 17:48:08 INFO mt5_bot - Balance=102029.96 Equity=102029.96 Spread=24.00 pips
2026-05-05 17:48:08 INFO mt5_bot - Session filter: UTC hour=22 outside [7,21) and [0,0)
2026-05-05 17:48:23 INFO mt5_bot - Balance=102029.96 Equity=102029.96 Spread=22.00 pips
2026-05-05 17:48:23 INFO mt5_bot - Session filter: UTC hour=22 outside [7,21) and [0,0)
2026-05-05 17:48:38 INFO mt5_bot - Balance=102029.96 Equity=102029.96 Spread=25.00 pips
2026-05-05 17:48:38 INFO mt5_bot - Session filter: UTC hour=22 outside [7,21) and [0,0)
2026-05-05 17:48:53 INFO mt5_bot - Balance=102029.96 Equity=102029.96 Spread=25.00 pips
2026-05-05 17:48:53 INFO mt5_bot - Session filter: UTC hour=22 outside [7,21) and [0,0)
2026-05-05 17:49:08 INFO mt5_bot - Balance=102029.96 Equity=102029.96 Spread=21.00 pips
2026-05-05 17:49:08 INFO mt5_bot - Session filter: UTC hour=22 outside [7,21) and [0,0)
2026-05-05 17:49:23 INFO mt5_bot - Balance=102029.96 Equity=102029.96 Spread=25.00 pips
2026-05-05 17:49:23 INFO mt5_bot - Session filter: UTC hour=22 outside [7,21) and [0,0)
2026-05-05 17:49:38 INFO mt5_bot - Balance=102029.96 Equity=102029.96 Spread=25.00 pips
2026-05-05 17:49:38 INFO mt5_bot - Session filter: UTC hour=22 outside [7,21) and [0,0)
2026-05-05 17:49:53 INFO mt5_bot - Balance=102029.96 Equity=102029.96 Spread=25.00 pips
2026-05-05 17:49:53 INFO mt5_bot - Session filter: UTC hour=22 outside [7,21) and [0,0)
2026-05-05 17:50:08 INFO mt5_bot - Balance=102029.96 Equity=102029.96 Spread=25.00 pips
2026-05-05 17:50:08 INFO mt5_bot - Session filter: UTC hour=22 outside [7,21) and [0,0)
2026-05-05 17:50:23 INFO mt5_bot - Balance=102029.96 Equity=102029.96 Spread=21.00 pips
2026-05-05 17:50:23 INFO mt5_bot - Session filter: UTC hour=22 outside [7,21) and [0,0)
2026-05-05 17:50:38 INFO mt5_bot - Balance=102029.96 Equity=102029.96 Spread=25.00 pips
2026-05-05 17:50:38 INFO mt5_bot - Session filter: UTC hour=22 outside [7,21) and [0,0)
2026-05-05 17:50:53 INFO mt5_bot - Balance=102029.96 Equity=102029.96 Spread=25.00 pips
2026-05-05 17:50:53 INFO mt5_bot - Session filter: UTC hour=22 outside [7,21) and [0,0)
2026-05-05 17:51:08 INFO mt5_bot - Balance=102029.96 Equity=102029.96 Spread=25.00 pips
2026-05-05 17:51:08 INFO mt5_bot - Session filter: UTC hour=22 outside [7,21) and [0,0)
2026-05-05 17:51:23 INFO mt5_bot - Balance=102029.96 Equity=102029.96 Spread=25.00 pips
2026-05-05 17:51:23 INFO mt5_bot - Session filter: UTC hour=22 outside [7,21) and [0,0)
2026-05-05 17:51:38 INFO mt5_bot - Balance=102029.96 Equity=102029.96 Spread=25.00 pips
2026-05-05 17:51:38 INFO mt5_bot - Session filter: UTC hour=22 outside [7,21) and [0,0)
2026-05-05 17:51:53 INFO mt5_bot - Balance=102029.96 Equity=102029.96 Spread=25.00 pips
2026-05-05 17:51:53 INFO mt5_bot - Session filter: UTC hour=22 outside [7,21) and [0,0)
2026-05-05 17:52:08 INFO mt5_bot - Balance=102029.96 Equity=102029.96 Spread=25.00 pips
2026-05-05 17:52:08 INFO mt5_bot - Session filter: UTC hour=22 outside [7,21) and [0,0)
2026-05-05 17:52:23 INFO mt5_bot - Balance=102029.96 Equity=102029.96 Spread=4.00 pips
2026-05-05 17:52:23 INFO mt5_bot - Session filter: UTC hour=22 outside [7,21) and [0,0)
2026-05-05 17:52:38 INFO mt5_bot - Balance=102029.96 Equity=102029.96 Spread=25.00 pips
2026-05-05 17:52:38 INFO mt5_bot - Session filter: UTC hour=22 outside [7,21) and [0,0)
2026-05-05 17:52:53 INFO mt5_bot - Balance=102029.96 Equity=102029.96 Spread=25.00 pips
2026-05-05 17:52:53 INFO mt5_bot - Session filter: UTC hour=22 outside [7,21) and [0,0)
2026-05-05 17:53:08 INFO mt5_bot - Balance=102029.96 Equity=102029.96 Spread=25.00 pips
2026-05-05 17:53:08 INFO mt5_bot - Session filter: UTC hour=22 outside [7,21) and [0,0)
2026-05-05 17:53:23 INFO mt5_bot - Balance=102029.96 Equity=102029.96 Spread=25.00 pips
2026-05-05 17:53:23 INFO mt5_bot - Session filter: UTC hour=22 outside [7,21) and [0,0)
2026-05-05 17:53:38 INFO mt5_bot - Balance=102029.96 Equity=102029.96 Spread=24.00 pips
2026-05-05 17:53:38 INFO mt5_bot - Session filter: UTC hour=22 outside [7,21) and [0,0)
2026-05-05 17:53:53 INFO mt5_bot - Balance=102029.96 Equity=102029.96 Spread=25.00 pips
2026-05-05 17:53:53 INFO mt5_bot - Session filter: UTC hour=22 outside [7,21) and [0,0)
2026-05-05 17:54:08 INFO mt5_bot - Balance=102029.96 Equity=102029.96 Spread=25.00 pips
2026-05-05 17:54:08 INFO mt5_bot - Session filter: UTC hour=22 outside [7,21) and [0,0)
2026-05-05 17:54:23 INFO mt5_bot - Balance=102029.96 Equity=102029.96 Spread=25.00 pips
2026-05-05 17:54:23 INFO mt5_bot - Session filter: UTC hour=22 outside [7,21) and [0,0)
2026-05-05 17:54:38 INFO mt5_bot - Balance=102029.96 Equity=102029.96 Spread=25.00 pips
2026-05-05 17:54:38 INFO mt5_bot - Session filter: UTC hour=22 outside [7,21) and [0,0)
2026-05-05 17:54:53 INFO mt5_bot - Balance=102029.96 Equity=102029.96 Spread=25.00 pips
2026-05-05 17:54:53 INFO mt5_bot - Session filter: UTC hour=22 outside [7,21) and [0,0)
2026-05-05 17:55:08 INFO mt5_bot - Balance=102029.96 Equity=102029.96 Spread=23.00 pips
2026-05-05 17:55:08 INFO mt5_bot - Session filter: UTC hour=22 outside [7,21) and [0,0)
2026-05-05 17:55:23 INFO mt5_bot - Balance=102029.96 Equity=102029.96 Spread=22.00 pips
2026-05-05 17:55:23 INFO mt5_bot - Session filter: UTC hour=22 outside [7,21) and [0,0)
2026-05-05 17:55:38 INFO mt5_bot - Balance=102029.96 Equity=102029.96 Spread=25.00 pips
2026-05-05 17:55:38 INFO mt5_bot - Session filter: UTC hour=22 outside [7,21) and [0,0)
2026-05-05 17:55:53 INFO mt5_bot - Balance=102029.96 Equity=102029.96 Spread=25.00 pips
2026-05-05 17:55:53 INFO mt5_bot - Session filter: UTC hour=22 outside [7,21) and [0,0)
2026-05-05 17:56:08 INFO mt5_bot - Balance=102029.96 Equity=102029.96 Spread=25.00 pips
2026-05-05 17:56:08 INFO mt5_bot - Session filter: UTC hour=22 outside [7,21) and [0,0)
2026-05-05 17:56:23 INFO mt5_bot - Balance=102029.96 Equity=102029.96 Spread=16.00 pips
2026-05-05 17:56:23 INFO mt5_bot - Session filter: UTC hour=22 outside [7,21) and [0,0)
2026-05-05 17:56:38 INFO mt5_bot - Balance=102029.96 Equity=102029.96 Spread=25.00 pips
2026-05-05 17:56:38 INFO mt5_bot - Session filter: UTC hour=22 outside [7,21) and [0,0)
2026-05-05 17:56:53 INFO mt5_bot - Balance=102029.96 Equity=102029.96 Spread=25.00 pips
2026-05-05 17:56:53 INFO mt5_bot - Session filter: UTC hour=22 outside [7,21) and [0,0)
2026-05-05 17:57:08 INFO mt5_bot - Balance=102029.96 Equity=102029.96 Spread=25.00 pips
2026-05-05 17:57:08 INFO mt5_bot - Session filter: UTC hour=22 outside [7,21) and [0,0)
2026-05-05 17:57:23 INFO mt5_bot - Balance=102029.96 Equity=102029.96 Spread=25.00 pips
2026-05-05 17:57:23 INFO mt5_bot - Session filter: UTC hour=22 outside [7,21) and [0,0)
2026-05-05 17:57:38 INFO mt5_bot - Balance=102029.96 Equity=102029.96 Spread=25.00 pips
2026-05-05 17:57:38 INFO mt5_bot - Session filter: UTC hour=22 outside [7,21) and [0,0)
2026-05-05 17:57:53 INFO mt5_bot - Balance=102029.96 Equity=102029.96 Spread=25.00 pips
2026-05-05 17:57:53 INFO mt5_bot - Session filter: UTC hour=22 outside [7,21) and [0,0)
2026-05-05 17:58:08 INFO mt5_bot - Balance=102029.96 Equity=102029.96 Spread=25.00 pips
2026-05-05 17:58:08 INFO mt5_bot - Session filter: UTC hour=22 outside [7,21) and [0,0)
2026-05-05 17:58:23 INFO mt5_bot - Balance=102029.96 Equity=102029.96 Spread=25.00 pips
2026-05-05 17:58:23 INFO mt5_bot - Session filter: UTC hour=22 outside [7,21) and [0,0)
2026-05-05 17:58:38 INFO mt5_bot - Balance=102029.96 Equity=102029.96 Spread=25.00 pips
2026-05-05 17:58:38 INFO mt5_bot - Session filter: UTC hour=22 outside [7,21) and [0,0)
2026-05-05 17:58:53 INFO mt5_bot - Balance=102029.96 Equity=102029.96 Spread=25.00 pips
2026-05-05 17:58:53 INFO mt5_bot - Session filter: UTC hour=22 outside [7,21) and [0,0)
2026-05-05 17:59:08 INFO mt5_bot - Balance=102029.96 Equity=102029.96 Spread=23.00 pips
2026-05-05 17:59:08 INFO mt5_bot - Session filter: UTC hour=22 outside [7,21) and [0,0)
2026-05-05 17:59:23 INFO mt5_bot - Balance=102029.96 Equity=102029.96 Spread=4.00 pips
2026-05-05 17:59:23 INFO mt5_bot - Session filter: UTC hour=22 outside [7,21) and [0,0)
2026-05-05 17:59:38 INFO mt5_bot - Balance=102029.96 Equity=102029.96 Spread=24.00 pips
2026-05-05 17:59:38 INFO mt5_bot - Session filter: UTC hour=22 outside [7,21) and [0,0)
2026-05-05 17:59:53 INFO mt5_bot - Balance=102029.96 Equity=102029.96 Spread=25.00 pips
2026-05-05 17:59:53 INFO mt5_bot - Session filter: UTC hour=22 outside [7,21) and [0,0)
2026-05-05 18:00:08 INFO mt5_bot - Balance=102029.96 Equity=102029.96 Spread=21.00 pips
2026-05-05 18:00:08 INFO mt5_bot - Session filter: UTC hour=23 outside [7,21) and [0,0)
2026-05-05 18:00:23 INFO mt5_bot - Balance=102029.96 Equity=102029.96 Spread=27.00 pips
2026-05-05 18:00:23 INFO mt5_bot - Session filter: UTC hour=23 outside [7,21) and [0,0)
2026-05-05 18:00:38 INFO mt5_bot - Balance=102029.96 Equity=102029.96 Spread=25.00 pips
2026-05-05 18:00:38 INFO mt5_bot - Session filter: UTC hour=23 outside [7,21) and [0,0)
2026-05-05 18:00:53 INFO mt5_bot - Balance=102029.96 Equity=102029.96 Spread=23.00 pips
2026-05-05 18:00:53 INFO mt5_bot - Session filter: UTC hour=23 outside [7,21) and [0,0)
2026-05-05 18:01:08 INFO mt5_bot - Balance=102029.96 Equity=102029.96 Spread=13.00 pips
2026-05-05 18:01:08 INFO mt5_bot - Session filter: UTC hour=23 outside [7,21) and [0,0)
2026-05-05 18:01:23 INFO mt5_bot - Balance=102029.96 Equity=102029.96 Spread=25.00 pips
2026-05-05 18:01:23 INFO mt5_bot - Session filter: UTC hour=23 outside [7,21) and [0,0)
2026-05-05 18:01:38 INFO mt5_bot - Balance=102029.96 Equity=102029.96 Spread=25.00 pips
2026-05-05 18:01:38 INFO mt5_bot - Session filter: UTC hour=23 outside [7,21) and [0,0)
2026-05-05 18:01:53 INFO mt5_bot - Balance=102029.96 Equity=102029.96 Spread=19.00 pips
2026-05-05 18:01:53 INFO mt5_bot - Session filter: UTC hour=23 outside [7,21) and [0,0)
2026-05-05 18:02:08 INFO mt5_bot - Balance=102029.96 Equity=102029.96 Spread=25.00 pips
2026-05-05 18:02:08 INFO mt5_bot - Session filter: UTC hour=23 outside [7,21) and [0,0)
2026-05-05 18:02:23 INFO mt5_bot - Balance=102029.96 Equity=102029.96 Spread=25.00 pips
2026-05-05 18:02:23 INFO mt5_bot - Session filter: UTC hour=23 outside [7,21) and [0,0)
2026-05-05 18:02:38 INFO mt5_bot - Balance=102029.96 Equity=102029.96 Spread=25.00 pips
2026-05-05 18:02:38 INFO mt5_bot - Session filter: UTC hour=23 outside [7,21) and [0,0)
2026-05-05 18:02:53 INFO mt5_bot - Balance=102029.96 Equity=102029.96 Spread=18.00 pips
2026-05-05 18:02:53 INFO mt5_bot - Session filter: UTC hour=23 outside [7,21) and [0,0)
2026-05-05 18:03:08 INFO mt5_bot - Balance=102029.96 Equity=102029.96 Spread=25.00 pips
2026-05-05 18:03:08 INFO mt5_bot - Session filter: UTC hour=23 outside [7,21) and [0,0)
2026-05-05 18:03:23 INFO mt5_bot - Balance=102029.96 Equity=102029.96 Spread=7.00 pips
2026-05-05 18:03:23 INFO mt5_bot - Session filter: UTC hour=23 outside [7,21) and [0,0)
2026-05-05 18:03:38 INFO mt5_bot - Balance=102029.96 Equity=102029.96 Spread=25.00 pips
2026-05-05 18:03:38 INFO mt5_bot - Session filter: UTC hour=23 outside [7,21) and [0,0)
2026-05-05 18:03:53 INFO mt5_bot - Balance=102029.96 Equity=102029.96 Spread=25.00 pips
2026-05-05 18:03:53 INFO mt5_bot - Session filter: UTC hour=23 outside [7,21) and [0,0)
2026-05-05 18:04:08 INFO mt5_bot - Balance=102029.96 Equity=102029.96 Spread=25.00 pips
2026-05-05 18:04:08 INFO mt5_bot - Session filter: UTC hour=23 outside [7,21) and [0,0)
2026-05-05 18:04:23 INFO mt5_bot - Balance=102029.96 Equity=102029.96 Spread=25.00 pips
2026-05-05 18:04:23 INFO mt5_bot - Session filter: UTC hour=23 outside [7,21) and [0,0)
2026-05-05 18:04:38 INFO mt5_bot - Balance=102029.96 Equity=102029.96 Spread=25.00 pips
2026-05-05 18:04:38 INFO mt5_bot - Session filter: UTC hour=23 outside [7,21) and [0,0)
2026-05-05 18:04:53 INFO mt5_bot - Balance=102029.96 Equity=102029.96 Spread=25.00 pips
2026-05-05 18:04:53 INFO mt5_bot - Session filter: UTC hour=23 outside [7,21) and [0,0)
2026-05-05 18:05:08 INFO mt5_bot - Balance=102029.96 Equity=102029.96 Spread=25.00 pips
2026-05-05 18:05:08 INFO mt5_bot - Session filter: UTC hour=23 outside [7,21) and [0,0)
2026-05-05 18:05:23 INFO mt5_bot - Balance=102029.96 Equity=102029.96 Spread=22.00 pips
2026-05-05 18:05:23 INFO mt5_bot - Session filter: UTC hour=23 outside [7,21) and [0,0)
2026-05-05 18:05:38 INFO mt5_bot - Balance=102029.96 Equity=102029.96 Spread=18.00 pips
2026-05-05 18:05:38 INFO mt5_bot - Session filter: UTC hour=23 outside [7,21) and [0,0)
2026-05-05 18:05:53 INFO mt5_bot - Balance=102029.96 Equity=102029.96 Spread=23.00 pips
2026-05-05 18:05:53 INFO mt5_bot - Session filter: UTC hour=23 outside [7,21) and [0,0)
2026-05-05 18:06:08 INFO mt5_bot - Balance=102029.96 Equity=102029.96 Spread=25.00 pips
2026-05-05 18:06:08 INFO mt5_bot - Session filter: UTC hour=23 outside [7,21) and [0,0)
2026-05-05 18:06:23 INFO mt5_bot - Balance=102029.96 Equity=102029.96 Spread=4.00 pips
2026-05-05 18:06:23 INFO mt5_bot - Session filter: UTC hour=23 outside [7,21) and [0,0)
2026-05-05 18:06:38 INFO mt5_bot - Balance=102029.96 Equity=102029.96 Spread=14.00 pips
2026-05-05 18:06:38 INFO mt5_bot - Session filter: UTC hour=23 outside [7,21) and [0,0)
2026-05-05 18:06:53 INFO mt5_bot - Balance=102029.96 Equity=102029.96 Spread=21.00 pips
2026-05-05 18:06:53 INFO mt5_bot - Session filter: UTC hour=23 outside [7,21) and [0,0)
2026-05-05 18:07:08 INFO mt5_bot - Balance=102029.96 Equity=102029.96 Spread=4.00 pips
2026-05-05 18:07:08 INFO mt5_bot - Session filter: UTC hour=23 outside [7,21) and [0,0)
2026-05-05 18:07:23 INFO mt5_bot - Balance=102029.96 Equity=102029.96 Spread=20.00 pips
2026-05-05 18:07:23 INFO mt5_bot - Session filter: UTC hour=23 outside [7,21) and [0,0)
2026-05-05 18:07:38 INFO mt5_bot - Balance=102029.96 Equity=102029.96 Spread=7.00 pips
2026-05-05 18:07:38 INFO mt5_bot - Session filter: UTC hour=23 outside [7,21) and [0,0)
2026-05-05 18:07:53 INFO mt5_bot - Balance=102029.96 Equity=102029.96 Spread=19.00 pips
2026-05-05 18:07:53 INFO mt5_bot - Session filter: UTC hour=23 outside [7,21) and [0,0)
2026-05-05 18:08:08 INFO mt5_bot - Balance=102029.96 Equity=102029.96 Spread=23.00 pips
2026-05-05 18:08:08 INFO mt5_bot - Session filter: UTC hour=23 outside [7,21) and [0,0)
2026-05-05 18:08:23 INFO mt5_bot - Balance=102029.96 Equity=102029.96 Spread=19.00 pips
2026-05-05 18:08:23 INFO mt5_bot - Session filter: UTC hour=23 outside [7,21) and [0,0)
2026-05-05 18:08:38 INFO mt5_bot - Balance=102029.96 Equity=102029.96 Spread=17.00 pips
2026-05-05 18:08:38 INFO mt5_bot - Session filter: UTC hour=23 outside [7,21) and [0,0)
2026-05-05 18:08:53 INFO mt5_bot - Balance=102029.96 Equity=102029.96 Spread=18.00 pips
2026-05-05 18:08:53 INFO mt5_bot - Session filter: UTC hour=23 outside [7,21) and [0,0)
2026-05-05 18:09:08 INFO mt5_bot - Balance=102029.96 Equity=102029.96 Spread=13.00 pips
2026-05-05 18:09:08 INFO mt5_bot - Session filter: UTC hour=23 outside [7,21) and [0,0)
2026-05-05 18:09:23 INFO mt5_bot - Balance=102029.96 Equity=102029.96 Spread=4.00 pips
2026-05-05 18:09:23 INFO mt5_bot - Session filter: UTC hour=23 outside [7,21) and [0,0)
2026-05-05 18:09:38 INFO mt5_bot - Balance=102029.96 Equity=102029.96 Spread=9.00 pips
2026-05-05 18:09:38 INFO mt5_bot - Session filter: UTC hour=23 outside [7,21) and [0,0)
2026-05-05 18:09:53 INFO mt5_bot - Balance=102029.96 Equity=102029.96 Spread=20.00 pips
2026-05-05 18:09:53 INFO mt5_bot - Session filter: UTC hour=23 outside [7,21) and [0,0)
2026-05-05 18:10:08 INFO mt5_bot - Balance=102029.96 Equity=102029.96 Spread=17.00 pips
2026-05-05 18:10:08 INFO mt5_bot - Session filter: UTC hour=23 outside [7,21) and [0,0)
2026-05-05 18:10:23 INFO mt5_bot - Balance=102029.96 Equity=102029.96 Spread=15.00 pips
2026-05-05 18:10:23 INFO mt5_bot - Session filter: UTC hour=23 outside [7,21) and [0,0)
2026-05-05 18:10:38 INFO mt5_bot - Balance=102029.96 Equity=102029.96 Spread=20.00 pips
2026-05-05 18:10:38 INFO mt5_bot - Session filter: UTC hour=23 outside [7,21) and [0,0)
2026-05-05 18:10:53 INFO mt5_bot - Balance=102029.96 Equity=102029.96 Spread=25.00 pips
2026-05-05 18:10:53 INFO mt5_bot - Session filter: UTC hour=23 outside [7,21) and [0,0)
2026-05-05 18:11:08 INFO mt5_bot - Balance=102029.96 Equity=102029.96 Spread=16.00 pips
2026-05-05 18:11:08 INFO mt5_bot - Session filter: UTC hour=23 outside [7,21) and [0,0)
2026-05-05 18:11:23 INFO mt5_bot - Balance=102029.96 Equity=102029.96 Spread=14.00 pips
2026-05-05 18:11:23 INFO mt5_bot - Session filter: UTC hour=23 outside [7,21) and [0,0)
2026-05-05 18:11:38 INFO mt5_bot - Balance=102029.96 Equity=102029.96 Spread=15.00 pips
2026-05-05 18:11:38 INFO mt5_bot - Session filter: UTC hour=23 outside [7,21) and [0,0)
2026-05-05 18:11:53 INFO mt5_bot - Balance=102029.96 Equity=102029.96 Spread=21.00 pips
2026-05-05 18:11:53 INFO mt5_bot - Session filter: UTC hour=23 outside [7,21) and [0,0)
2026-05-05 18:12:08 INFO mt5_bot - Balance=102029.96 Equity=102029.96 Spread=13.00 pips
2026-05-05 18:12:08 INFO mt5_bot - Session filter: UTC hour=23 outside [7,21) and [0,0)
2026-05-05 18:12:23 INFO mt5_bot - Balance=102029.96 Equity=102029.96 Spread=18.00 pips
2026-05-05 18:12:23 INFO mt5_bot - Session filter: UTC hour=23 outside [7,21) and [0,0)
2026-05-05 18:12:38 INFO mt5_bot - Balance=102029.96 Equity=102029.96 Spread=10.00 pips
2026-05-05 18:12:38 INFO mt5_bot - Session filter: UTC hour=23 outside [7,21) and [0,0)
2026-05-05 18:12:53 INFO mt5_bot - Balance=102029.96 Equity=102029.96 Spread=4.00 pips
2026-05-05 18:12:53 INFO mt5_bot - Session filter: UTC hour=23 outside [7,21) and [0,0)
2026-05-05 18:13:08 INFO mt5_bot - Balance=102029.96 Equity=102029.96 Spread=24.00 pips
2026-05-05 18:13:08 INFO mt5_bot - Session filter: UTC hour=23 outside [7,21) and [0,0)
2026-05-05 18:13:23 INFO mt5_bot - Balance=102029.96 Equity=102029.96 Spread=25.00 pips
2026-05-05 18:13:23 INFO mt5_bot - Session filter: UTC hour=23 outside [7,21) and [0,0)
2026-05-05 18:13:38 INFO mt5_bot - Balance=102029.96 Equity=102029.96 Spread=16.00 pips
2026-05-05 18:13:38 INFO mt5_bot - Session filter: UTC hour=23 outside [7,21) and [0,0)
2026-05-05 18:13:53 INFO mt5_bot - Balance=102029.96 Equity=102029.96 Spread=24.00 pips
2026-05-05 18:13:53 INFO mt5_bot - Session filter: UTC hour=23 outside [7,21) and [0,0)
2026-05-05 18:14:08 INFO mt5_bot - Balance=102029.96 Equity=102029.96 Spread=16.00 pips
2026-05-05 18:14:08 INFO mt5_bot - Session filter: UTC hour=23 outside [7,21) and [0,0)
2026-05-05 18:14:23 INFO mt5_bot - Balance=102029.96 Equity=102029.96 Spread=18.00 pips
2026-05-05 18:14:23 INFO mt5_bot - Session filter: UTC hour=23 outside [7,21) and [0,0)
2026-05-05 18:14:38 INFO mt5_bot - Balance=102029.96 Equity=102029.96 Spread=5.00 pips
2026-05-05 18:14:38 INFO mt5_bot - Session filter: UTC hour=23 outside [7,21) and [0,0)
2026-05-05 18:14:53 INFO mt5_bot - Balance=102029.96 Equity=102029.96 Spread=14.00 pips
2026-05-05 18:14:53 INFO mt5_bot - Session filter: UTC hour=23 outside [7,21) and [0,0)
2026-05-05 18:15:08 INFO mt5_bot - Balance=102029.96 Equity=102029.96 Spread=17.00 pips
2026-05-05 18:15:08 INFO mt5_bot - Session filter: UTC hour=23 outside [7,21) and [0,0)
2026-05-05 18:15:23 INFO mt5_bot - Balance=102029.96 Equity=102029.96 Spread=25.00 pips
2026-05-05 18:15:23 INFO mt5_bot - Session filter: UTC hour=23 outside [7,21) and [0,0)
2026-05-05 18:15:38 INFO mt5_bot - Balance=102029.96 Equity=102029.96 Spread=19.00 pips
2026-05-05 18:15:38 INFO mt5_bot - Session filter: UTC hour=23 outside [7,21) and [0,0)
2026-05-05 18:15:53 INFO mt5_bot - Balance=102029.96 Equity=102029.96 Spread=21.00 pips
2026-05-05 18:15:53 INFO mt5_bot - Session filter: UTC hour=23 outside [7,21) and [0,0)
2026-05-05 18:16:08 INFO mt5_bot - Balance=102029.96 Equity=102029.96 Spread=16.00 pips
2026-05-05 18:16:08 INFO mt5_bot - Session filter: UTC hour=23 outside [7,21) and [0,0)
2026-05-05 18:16:23 INFO mt5_bot - Balance=102029.96 Equity=102029.96 Spread=15.00 pips
2026-05-05 18:16:23 INFO mt5_bot - Session filter: UTC hour=23 outside [7,21) and [0,0)
2026-05-05 18:16:38 INFO mt5_bot - Balance=102029.96 Equity=102029.96 Spread=23.00 pips
2026-05-05 18:16:38 INFO mt5_bot - Session filter: UTC hour=23 outside [7,21) and [0,0)
2026-05-05 18:16:53 INFO mt5_bot - Balance=102029.96 Equity=102029.96 Spread=16.00 pips
2026-05-05 18:16:53 INFO mt5_bot - Session filter: UTC hour=23 outside [7,21) and [0,0)
2026-05-05 18:17:08 INFO mt5_bot - Balance=102029.96 Equity=102029.96 Spread=24.00 pips
2026-05-05 18:17:08 INFO mt5_bot - Session filter: UTC hour=23 outside [7,21) and [0,0)
2026-05-05 18:17:23 INFO mt5_bot - Balance=102029.96 Equity=102029.96 Spread=25.00 pips
2026-05-05 18:17:23 INFO mt5_bot - Session filter: UTC hour=23 outside [7,21) and [0,0)
2026-05-05 18:17:38 INFO mt5_bot - Balance=102029.96 Equity=102029.96 Spread=25.00 pips
2026-05-05 18:17:38 INFO mt5_bot - Session filter: UTC hour=23 outside [7,21) and [0,0)
2026-05-05 18:17:53 INFO mt5_bot - Balance=102029.96 Equity=102029.96 Spread=25.00 pips
2026-05-05 18:17:53 INFO mt5_bot - Session filter: UTC hour=23 outside [7,21) and [0,0)
2026-05-05 18:18:08 INFO mt5_bot - Balance=102029.96 Equity=102029.96 Spread=21.00 pips
2026-05-05 18:18:08 INFO mt5_bot - Session filter: UTC hour=23 outside [7,21) and [0,0)
2026-05-05 18:18:23 INFO mt5_bot - Balance=102029.96 Equity=102029.96 Spread=22.00 pips
2026-05-05 18:18:23 INFO mt5_bot - Session filter: UTC hour=23 outside [7,21) and [0,0)
2026-05-05 18:18:38 INFO mt5_bot - Balance=102029.96 Equity=102029.96 Spread=25.00 pips
2026-05-05 18:18:38 INFO mt5_bot - Session filter: UTC hour=23 outside [7,21) and [0,0)
2026-05-05 18:18:53 INFO mt5_bot - Balance=102029.96 Equity=102029.96 Spread=25.00 pips
2026-05-05 18:18:53 INFO mt5_bot - Session filter: UTC hour=23 outside [7,21) and [0,0)
2026-05-05 18:19:08 INFO mt5_bot - Balance=102029.96 Equity=102029.96 Spread=8.00 pips
2026-05-05 18:19:08 INFO mt5_bot - Session filter: UTC hour=23 outside [7,21) and [0,0)
2026-05-05 18:19:23 INFO mt5_bot - Balance=102029.96 Equity=102029.96 Spread=27.00 pips
2026-05-05 18:19:23 INFO mt5_bot - Session filter: UTC hour=23 outside [7,21) and [0,0)
2026-05-05 18:19:38 INFO mt5_bot - Balance=102029.96 Equity=102029.96 Spread=25.00 pips
2026-05-05 18:19:38 INFO mt5_bot - Session filter: UTC hour=23 outside [7,21) and [0,0)
2026-05-05 18:19:53 INFO mt5_bot - Balance=102029.96 Equity=102029.96 Spread=27.00 pips
2026-05-05 18:19:53 INFO mt5_bot - Session filter: UTC hour=23 outside [7,21) and [0,0)
2026-05-05 18:20:08 INFO mt5_bot - Balance=102029.96 Equity=102029.96 Spread=25.00 pips
2026-05-05 18:20:08 INFO mt5_bot - Session filter: UTC hour=23 outside [7,21) and [0,0)
2026-05-05 18:20:23 INFO mt5_bot - Balance=102029.96 Equity=102029.96 Spread=37.00 pips
2026-05-05 18:20:23 INFO mt5_bot - Session filter: UTC hour=23 outside [7,21) and [0,0)
2026-05-05 18:20:38 INFO mt5_bot - Balance=102029.96 Equity=102029.96 Spread=27.00 pips
2026-05-05 18:20:38 INFO mt5_bot - Session filter: UTC hour=23 outside [7,21) and [0,0)
2026-05-05 18:20:53 INFO mt5_bot - Balance=102029.96 Equity=102029.96 Spread=13.00 pips
2026-05-05 18:20:53 INFO mt5_bot - Session filter: UTC hour=23 outside [7,21) and [0,0)
2026-05-05 18:21:08 INFO mt5_bot - Balance=102029.96 Equity=102029.96 Spread=25.00 pips
2026-05-05 18:21:08 INFO mt5_bot - Session filter: UTC hour=23 outside [7,21) and [0,0)
2026-05-05 18:21:23 INFO mt5_bot - Balance=102029.96 Equity=102029.96 Spread=25.00 pips
2026-05-05 18:21:23 INFO mt5_bot - Session filter: UTC hour=23 outside [7,21) and [0,0)
2026-05-05 18:21:38 INFO mt5_bot - Balance=102029.96 Equity=102029.96 Spread=16.00 pips
2026-05-05 18:21:38 INFO mt5_bot - Session filter: UTC hour=23 outside [7,21) and [0,0)
2026-05-05 18:21:53 INFO mt5_bot - Balance=102029.96 Equity=102029.96 Spread=25.00 pips
2026-05-05 18:21:53 INFO mt5_bot - Session filter: UTC hour=23 outside [7,21) and [0,0)
2026-05-05 18:22:08 INFO mt5_bot - Balance=102029.96 Equity=102029.96 Spread=25.00 pips
2026-05-05 18:22:08 INFO mt5_bot - Session filter: UTC hour=23 outside [7,21) and [0,0)
2026-05-05 18:22:23 INFO mt5_bot - Balance=102029.96 Equity=102029.96 Spread=18.00 pips
2026-05-05 18:22:23 INFO mt5_bot - Session filter: UTC hour=23 outside [7,21) and [0,0)
2026-05-05 18:22:38 INFO mt5_bot - Balance=102029.96 Equity=102029.96 Spread=23.00 pips
2026-05-05 18:22:38 INFO mt5_bot - Session filter: UTC hour=23 outside [7,21) and [0,0)
2026-05-05 18:22:53 INFO mt5_bot - Balance=102029.96 Equity=102029.96 Spread=21.00 pips
2026-05-05 18:22:53 INFO mt5_bot - Session filter: UTC hour=23 outside [7,21) and [0,0)
2026-05-05 18:23:08 INFO mt5_bot - Balance=102029.96 Equity=102029.96 Spread=25.00 pips
2026-05-05 18:23:08 INFO mt5_bot - Session filter: UTC hour=23 outside [7,21) and [0,0)
2026-05-05 18:23:23 INFO mt5_bot - Balance=102029.96 Equity=102029.96 Spread=22.00 pips
2026-05-05 18:23:23 INFO mt5_bot - Session filter: UTC hour=23 outside [7,21) and [0,0)
2026-05-05 18:23:38 INFO mt5_bot - Balance=102029.96 Equity=102029.96 Spread=18.00 pips
2026-05-05 18:23:38 INFO mt5_bot - Session filter: UTC hour=23 outside [7,21) and [0,0)
2026-05-05 18:23:53 INFO mt5_bot - Balance=102029.96 Equity=102029.96 Spread=25.00 pips
2026-05-05 18:23:53 INFO mt5_bot - Session filter: UTC hour=23 outside [7,21) and [0,0)
2026-05-05 18:24:08 INFO mt5_bot - Balance=102029.96 Equity=102029.96 Spread=20.00 pips
2026-05-05 18:24:08 INFO mt5_bot - Session filter: UTC hour=23 outside [7,21) and [0,0)
2026-05-05 18:24:23 INFO mt5_bot - Balance=102029.96 Equity=102029.96 Spread=25.00 pips
2026-05-05 18:24:23 INFO mt5_bot - Session filter: UTC hour=23 outside [7,21) and [0,0)
2026-05-05 18:24:38 INFO mt5_bot - Balance=102029.96 Equity=102029.96 Spread=25.00 pips
2026-05-05 18:24:38 INFO mt5_bot - Session filter: UTC hour=23 outside [7,21) and [0,0)
2026-05-05 18:24:53 INFO mt5_bot - Balance=102029.96 Equity=102029.96 Spread=25.00 pips
2026-05-05 18:24:53 INFO mt5_bot - Session filter: UTC hour=23 outside [7,21) and [0,0)
2026-05-05 18:25:08 INFO mt5_bot - Balance=102029.96 Equity=102029.96 Spread=22.00 pips
2026-05-05 18:25:08 INFO mt5_bot - Session filter: UTC hour=23 outside [7,21) and [0,0)
2026-05-05 18:25:23 INFO mt5_bot - Balance=102029.96 Equity=102029.96 Spread=21.00 pips
2026-05-05 18:25:23 INFO mt5_bot - Session filter: UTC hour=23 outside [7,21) and [0,0)
2026-05-05 18:25:38 INFO mt5_bot - Balance=102029.96 Equity=102029.96 Spread=25.00 pips
2026-05-05 18:25:38 INFO mt5_bot - Session filter: UTC hour=23 outside [7,21) and [0,0)
2026-05-05 18:25:53 INFO mt5_bot - Balance=102029.96 Equity=102029.96 Spread=27.00 pips
2026-05-05 18:25:53 INFO mt5_bot - Session filter: UTC hour=23 outside [7,21) and [0,0)
2026-05-05 18:26:08 INFO mt5_bot - Balance=102029.96 Equity=102029.96 Spread=25.00 pips
2026-05-05 18:26:08 INFO mt5_bot - Session filter: UTC hour=23 outside [7,21) and [0,0)
2026-05-05 18:26:23 INFO mt5_bot - Balance=102029.96 Equity=102029.96 Spread=25.00 pips
2026-05-05 18:26:23 INFO mt5_bot - Session filter: UTC hour=23 outside [7,21) and [0,0)
2026-05-05 18:26:38 INFO mt5_bot - Balance=102029.96 Equity=102029.96 Spread=26.00 pips
2026-05-05 18:26:38 INFO mt5_bot - Session filter: UTC hour=23 outside [7,21) and [0,0)
2026-05-05 18:26:53 INFO mt5_bot - Balance=102029.96 Equity=102029.96 Spread=25.00 pips
2026-05-05 18:26:53 INFO mt5_bot - Session filter: UTC hour=23 outside [7,21) and [0,0)
2026-05-05 18:27:08 INFO mt5_bot - Balance=102029.96 Equity=102029.96 Spread=25.00 pips
2026-05-05 18:27:08 INFO mt5_bot - Session filter: UTC hour=23 outside [7,21) and [0,0)
2026-05-05 18:27:23 INFO mt5_bot - Balance=102029.96 Equity=102029.96 Spread=25.00 pips
2026-05-05 18:27:23 INFO mt5_bot - Session filter: UTC hour=23 outside [7,21) and [0,0)
2026-05-05 18:27:38 INFO mt5_bot - Balance=102029.96 Equity=102029.96 Spread=25.00 pips
2026-05-05 18:27:38 INFO mt5_bot - Session filter: UTC hour=23 outside [7,21) and [0,0)
2026-05-05 18:27:53 INFO mt5_bot - Balance=102029.96 Equity=102029.96 Spread=25.00 pips
2026-05-05 18:27:53 INFO mt5_bot - Session filter: UTC hour=23 outside [7,21) and [0,0)
2026-05-05 18:28:08 INFO mt5_bot - Balance=102029.96 Equity=102029.96 Spread=25.00 pips
2026-05-05 18:28:08 INFO mt5_bot - Session filter: UTC hour=23 outside [7,21) and [0,0)
2026-05-05 18:28:23 INFO mt5_bot - Balance=102029.96 Equity=102029.96 Spread=25.00 pips
2026-05-05 18:28:23 INFO mt5_bot - Session filter: UTC hour=23 outside [7,21) and [0,0)
2026-05-05 18:28:38 INFO mt5_bot - Balance=102029.96 Equity=102029.96 Spread=25.00 pips
2026-05-05 18:28:38 INFO mt5_bot - Session filter: UTC hour=23 outside [7,21) and [0,0)
2026-05-05 18:28:53 INFO mt5_bot - Balance=102029.96 Equity=102029.96 Spread=25.00 pips
2026-05-05 18:28:53 INFO mt5_bot - Session filter: UTC hour=23 outside [7,21) and [0,0)
2026-05-05 18:29:08 INFO mt5_bot - Balance=102029.96 Equity=102029.96 Spread=24.00 pips
2026-05-05 18:29:08 INFO mt5_bot - Session filter: UTC hour=23 outside [7,21) and [0,0)
2026-05-05 18:29:23 INFO mt5_bot - Balance=102029.96 Equity=102029.96 Spread=20.00 pips
2026-05-05 18:29:23 INFO mt5_bot - Session filter: UTC hour=23 outside [7,21) and [0,0)
2026-05-05 18:29:38 INFO mt5_bot - Balance=102029.96 Equity=102029.96 Spread=25.00 pips
2026-05-05 18:29:38 INFO mt5_bot - Session filter: UTC hour=23 outside [7,21) and [0,0)
2026-05-05 18:29:53 INFO mt5_bot - Balance=102029.96 Equity=102029.96 Spread=25.00 pips
2026-05-05 18:29:53 INFO mt5_bot - Session filter: UTC hour=23 outside [7,21) and [0,0)
2026-05-05 18:30:08 INFO mt5_bot - Balance=102029.96 Equity=102029.96 Spread=25.00 pips
2026-05-05 18:30:08 INFO mt5_bot - Session filter: UTC hour=23 outside [7,21) and [0,0)
2026-05-05 18:30:23 INFO mt5_bot - Balance=102029.96 Equity=102029.96 Spread=20.00 pips
2026-05-05 18:30:23 INFO mt5_bot - Session filter: UTC hour=23 outside [7,21) and [0,0)
2026-05-05 18:30:38 INFO mt5_bot - Balance=102029.96 Equity=102029.96 Spread=25.00 pips
2026-05-05 18:30:38 INFO mt5_bot - Session filter: UTC hour=23 outside [7,21) and [0,0)
2026-05-05 18:30:53 INFO mt5_bot - Balance=102029.96 Equity=102029.96 Spread=25.00 pips
2026-05-05 18:30:53 INFO mt5_bot - Session filter: UTC hour=23 outside [7,21) and [0,0)
2026-05-05 18:31:08 INFO mt5_bot - Balance=102029.96 Equity=102029.96 Spread=25.00 pips
2026-05-05 18:31:08 INFO mt5_bot - Session filter: UTC hour=23 outside [7,21) and [0,0)
2026-05-05 18:31:23 INFO mt5_bot - Balance=102029.96 Equity=102029.96 Spread=25.00 pips
2026-05-05 18:31:23 INFO mt5_bot - Session filter: UTC hour=23 outside [7,21) and [0,0)
2026-05-05 18:31:38 INFO mt5_bot - Balance=102029.96 Equity=102029.96 Spread=25.00 pips
2026-05-05 18:31:38 INFO mt5_bot - Session filter: UTC hour=23 outside [7,21) and [0,0)
2026-05-05 18:31:54 INFO mt5_bot - Balance=102029.96 Equity=102029.96 Spread=25.00 pips
2026-05-05 18:31:54 INFO mt5_bot - Session filter: UTC hour=23 outside [7,21) and [0,0)
2026-05-05 18:32:09 INFO mt5_bot - Balance=102029.96 Equity=102029.96 Spread=25.00 pips
2026-05-05 18:32:09 INFO mt5_bot - Session filter: UTC hour=23 outside [7,21) and [0,0)
2026-05-05 18:32:24 INFO mt5_bot - Balance=102029.96 Equity=102029.96 Spread=25.00 pips
2026-05-05 18:32:24 INFO mt5_bot - Session filter: UTC hour=23 outside [7,21) and [0,0)
2026-05-05 18:32:39 INFO mt5_bot - Balance=102029.96 Equity=102029.96 Spread=32.00 pips
2026-05-05 18:32:39 INFO mt5_bot - Session filter: UTC hour=23 outside [7,21) and [0,0)
2026-05-05 18:32:54 INFO mt5_bot - Balance=102029.96 Equity=102029.96 Spread=23.00 pips
2026-05-05 18:32:54 INFO mt5_bot - Session filter: UTC hour=23 outside [7,21) and [0,0)
2026-05-05 18:33:09 INFO mt5_bot - Balance=102029.96 Equity=102029.96 Spread=24.00 pips
2026-05-05 18:33:09 INFO mt5_bot - Session filter: UTC hour=23 outside [7,21) and [0,0)
2026-05-05 18:33:24 INFO mt5_bot - Balance=102029.96 Equity=102029.96 Spread=24.00 pips
2026-05-05 18:33:24 INFO mt5_bot - Session filter: UTC hour=23 outside [7,21) and [0,0)
2026-05-05 18:33:39 INFO mt5_bot - Balance=102029.96 Equity=102029.96 Spread=25.00 pips
2026-05-05 18:33:39 INFO mt5_bot - Session filter: UTC hour=23 outside [7,21) and [0,0)
2026-05-05 18:33:54 INFO mt5_bot - Balance=102029.96 Equity=102029.96 Spread=25.00 pips
2026-05-05 18:33:54 INFO mt5_bot - Session filter: UTC hour=23 outside [7,21) and [0,0)
2026-05-05 18:34:09 INFO mt5_bot - Balance=102029.96 Equity=102029.96 Spread=25.00 pips
2026-05-05 18:34:09 INFO mt5_bot - Session filter: UTC hour=23 outside [7,21) and [0,0)
2026-05-05 18:34:24 INFO mt5_bot - Balance=102029.96 Equity=102029.96 Spread=25.00 pips
2026-05-05 18:34:24 INFO mt5_bot - Session filter: UTC hour=23 outside [7,21) and [0,0)
2026-05-05 18:34:39 INFO mt5_bot - Balance=102029.96 Equity=102029.96 Spread=25.00 pips
2026-05-05 18:34:39 INFO mt5_bot - Session filter: UTC hour=23 outside [7,21) and [0,0)
2026-05-05 18:34:54 INFO mt5_bot - Balance=102029.96 Equity=102029.96 Spread=25.00 pips
2026-05-05 18:34:54 INFO mt5_bot - Session filter: UTC hour=23 outside [7,21) and [0,0)
2026-05-05 18:35:09 INFO mt5_bot - Balance=102029.96 Equity=102029.96 Spread=25.00 pips
2026-05-05 18:35:09 INFO mt5_bot - Session filter: UTC hour=23 outside [7,21) and [0,0)
2026-05-05 18:35:24 INFO mt5_bot - Balance=102029.96 Equity=102029.96 Spread=27.00 pips
2026-05-05 18:35:24 INFO mt5_bot - Session filter: UTC hour=23 outside [7,21) and [0,0)
2026-05-05 18:35:39 INFO mt5_bot - Balance=102029.96 Equity=102029.96 Spread=27.00 pips
2026-05-05 18:35:39 INFO mt5_bot - Session filter: UTC hour=23 outside [7,21) and [0,0)
2026-05-05 18:35:54 INFO mt5_bot - Balance=102029.96 Equity=102029.96 Spread=25.00 pips
2026-05-05 18:35:54 INFO mt5_bot - Session filter: UTC hour=23 outside [7,21) and [0,0)
2026-05-05 18:36:09 INFO mt5_bot - Balance=102029.96 Equity=102029.96 Spread=25.00 pips
2026-05-05 18:36:09 INFO mt5_bot - Session filter: UTC hour=23 outside [7,21) and [0,0)
2026-05-05 18:36:24 INFO mt5_bot - Balance=102029.96 Equity=102029.96 Spread=25.00 pips
2026-05-05 18:36:24 INFO mt5_bot - Session filter: UTC hour=23 outside [7,21) and [0,0)
2026-05-05 18:36:39 INFO mt5_bot - Balance=102029.96 Equity=102029.96 Spread=25.00 pips
2026-05-05 18:36:39 INFO mt5_bot - Session filter: UTC hour=23 outside [7,21) and [0,0)
2026-05-05 18:36:54 INFO mt5_bot - Balance=102029.96 Equity=102029.96 Spread=25.00 pips
2026-05-05 18:36:54 INFO mt5_bot - Session filter: UTC hour=23 outside [7,21) and [0,0)
2026-05-05 18:37:09 INFO mt5_bot - Balance=102029.96 Equity=102029.96 Spread=25.00 pips
2026-05-05 18:37:09 INFO mt5_bot - Session filter: UTC hour=23 outside [7,21) and [0,0)
2026-05-05 18:37:24 INFO mt5_bot - Balance=102029.96 Equity=102029.96 Spread=25.00 pips
2026-05-05 18:37:24 INFO mt5_bot - Session filter: UTC hour=23 outside [7,21) and [0,0)
2026-05-05 18:37:39 INFO mt5_bot - Balance=102029.96 Equity=102029.96 Spread=25.00 pips
2026-05-05 18:37:39 INFO mt5_bot - Session filter: UTC hour=23 outside [7,21) and [0,0)
2026-05-05 18:37:54 INFO mt5_bot - Balance=102029.96 Equity=102029.96 Spread=25.00 pips
2026-05-05 18:37:54 INFO mt5_bot - Session filter: UTC hour=23 outside [7,21) and [0,0)
2026-05-05 18:38:09 INFO mt5_bot - Balance=102029.96 Equity=102029.96 Spread=25.00 pips
2026-05-05 18:38:09 INFO mt5_bot - Session filter: UTC hour=23 outside [7,21) and [0,0)
2026-05-05 18:38:24 INFO mt5_bot - Balance=102029.96 Equity=102029.96 Spread=25.00 pips
2026-05-05 18:38:24 INFO mt5_bot - Session filter: UTC hour=23 outside [7,21) and [0,0)
2026-05-05 18:38:39 INFO mt5_bot - Balance=102029.96 Equity=102029.96 Spread=25.00 pips
2026-05-05 18:38:39 INFO mt5_bot - Session filter: UTC hour=23 outside [7,21) and [0,0)
2026-05-05 18:38:54 INFO mt5_bot - Balance=102029.96 Equity=102029.96 Spread=25.00 pips
2026-05-05 18:38:54 INFO mt5_bot - Session filter: UTC hour=23 outside [7,21) and [0,0)
2026-05-05 18:39:09 INFO mt5_bot - Balance=102029.96 Equity=102029.96 Spread=25.00 pips
2026-05-05 18:39:09 INFO mt5_bot - Session filter: UTC hour=23 outside [7,21) and [0,0)
2026-05-05 18:39:24 INFO mt5_bot - Balance=102029.96 Equity=102029.96 Spread=25.00 pips
2026-05-05 18:39:24 INFO mt5_bot - Session filter: UTC hour=23 outside [7,21) and [0,0)
2026-05-05 18:39:39 INFO mt5_bot - Balance=102029.96 Equity=102029.96 Spread=25.00 pips
2026-05-05 18:39:39 INFO mt5_bot - Session filter: UTC hour=23 outside [7,21) and [0,0)
2026-05-05 18:39:54 INFO mt5_bot - Balance=102029.96 Equity=102029.96 Spread=25.00 pips
2026-05-05 18:39:54 INFO mt5_bot - Session filter: UTC hour=23 outside [7,21) and [0,0)
2026-05-05 18:40:09 INFO mt5_bot - Balance=102029.96 Equity=102029.96 Spread=25.00 pips
2026-05-05 18:40:09 INFO mt5_bot - Session filter: UTC hour=23 outside [7,21) and [0,0)
2026-05-05 18:40:24 INFO mt5_bot - Balance=102029.96 Equity=102029.96 Spread=25.00 pips
2026-05-05 18:40:24 INFO mt5_bot - Session filter: UTC hour=23 outside [7,21) and [0,0)
2026-05-05 18:40:39 INFO mt5_bot - Balance=102029.96 Equity=102029.96 Spread=7.00 pips
2026-05-05 18:40:39 INFO mt5_bot - Session filter: UTC hour=23 outside [7,21) and [0,0)
2026-05-05 18:40:54 INFO mt5_bot - Balance=102029.96 Equity=102029.96 Spread=24.00 pips
2026-05-05 18:40:54 INFO mt5_bot - Session filter: UTC hour=23 outside [7,21) and [0,0)
2026-05-05 18:41:09 INFO mt5_bot - Balance=102029.96 Equity=102029.96 Spread=24.00 pips
2026-05-05 18:41:09 INFO mt5_bot - Session filter: UTC hour=23 outside [7,21) and [0,0)
2026-05-05 18:41:24 INFO mt5_bot - Balance=102029.96 Equity=102029.96 Spread=9.00 pips
2026-05-05 18:41:24 INFO mt5_bot - Session filter: UTC hour=23 outside [7,21) and [0,0)
2026-05-05 18:41:39 INFO mt5_bot - Balance=102029.96 Equity=102029.96 Spread=27.00 pips
2026-05-05 18:41:39 INFO mt5_bot - Session filter: UTC hour=23 outside [7,21) and [0,0)
2026-05-05 18:41:54 INFO mt5_bot - Balance=102029.96 Equity=102029.96 Spread=25.00 pips
2026-05-05 18:41:54 INFO mt5_bot - Session filter: UTC hour=23 outside [7,21) and [0,0)
2026-05-05 18:42:09 INFO mt5_bot - Balance=102029.96 Equity=102029.96 Spread=25.00 pips
2026-05-05 18:42:09 INFO mt5_bot - Session filter: UTC hour=23 outside [7,21) and [0,0)
2026-05-05 18:42:24 INFO mt5_bot - Balance=102029.96 Equity=102029.96 Spread=25.00 pips
2026-05-05 18:42:24 INFO mt5_bot - Session filter: UTC hour=23 outside [7,21) and [0,0)
2026-05-05 18:42:39 INFO mt5_bot - Balance=102029.96 Equity=102029.96 Spread=25.00 pips
2026-05-05 18:42:39 INFO mt5_bot - Session filter: UTC hour=23 outside [7,21) and [0,0)
2026-05-05 18:42:54 INFO mt5_bot - Balance=102029.96 Equity=102029.96 Spread=25.00 pips
2026-05-05 18:42:54 INFO mt5_bot - Session filter: UTC hour=23 outside [7,21) and [0,0)
2026-05-05 18:43:09 INFO mt5_bot - Balance=102029.96 Equity=102029.96 Spread=27.00 pips
2026-05-05 18:43:09 INFO mt5_bot - Session filter: UTC hour=23 outside [7,21) and [0,0)
2026-05-05 18:43:24 INFO mt5_bot - Balance=102029.96 Equity=102029.96 Spread=25.00 pips
2026-05-05 18:43:24 INFO mt5_bot - Session filter: UTC hour=23 outside [7,21) and [0,0)
2026-05-05 18:43:39 INFO mt5_bot - Balance=102029.96 Equity=102029.96 Spread=26.00 pips
2026-05-05 18:43:39 INFO mt5_bot - Session filter: UTC hour=23 outside [7,21) and [0,0)
2026-05-05 18:43:54 INFO mt5_bot - Balance=102029.96 Equity=102029.96 Spread=25.00 pips
2026-05-05 18:43:54 INFO mt5_bot - Session filter: UTC hour=23 outside [7,21) and [0,0)
2026-05-05 18:44:09 INFO mt5_bot - Balance=102029.96 Equity=102029.96 Spread=20.00 pips
2026-05-05 18:44:09 INFO mt5_bot - Session filter: UTC hour=23 outside [7,21) and [0,0)
2026-05-05 18:44:24 INFO mt5_bot - Balance=102029.96 Equity=102029.96 Spread=26.00 pips
2026-05-05 18:44:24 INFO mt5_bot - Session filter: UTC hour=23 outside [7,21) and [0,0)
2026-05-05 18:44:39 INFO mt5_bot - Balance=102029.96 Equity=102029.96 Spread=25.00 pips
2026-05-05 18:44:39 INFO mt5_bot - Session filter: UTC hour=23 outside [7,21) and [0,0)
2026-05-05 18:44:54 INFO mt5_bot - Balance=102029.96 Equity=102029.96 Spread=27.00 pips
2026-05-05 18:44:54 INFO mt5_bot - Session filter: UTC hour=23 outside [7,21) and [0,0)
2026-05-05 18:45:09 INFO mt5_bot - Balance=102029.96 Equity=102029.96 Spread=25.00 pips
2026-05-05 18:45:09 INFO mt5_bot - Session filter: UTC hour=23 outside [7,21) and [0,0)
2026-05-05 18:45:24 INFO mt5_bot - Balance=102029.96 Equity=102029.96 Spread=25.00 pips
2026-05-05 18:45:24 INFO mt5_bot - Session filter: UTC hour=23 outside [7,21) and [0,0)
2026-05-05 18:45:39 INFO mt5_bot - Balance=102029.96 Equity=102029.96 Spread=25.00 pips
2026-05-05 18:45:39 INFO mt5_bot - Session filter: UTC hour=23 outside [7,21) and [0,0)
2026-05-05 18:45:54 INFO mt5_bot - Balance=102029.96 Equity=102029.96 Spread=25.00 pips
2026-05-05 18:45:54 INFO mt5_bot - Session filter: UTC hour=23 outside [7,21) and [0,0)
2026-05-05 18:46:09 INFO mt5_bot - Balance=102029.96 Equity=102029.96 Spread=25.00 pips
2026-05-05 18:46:09 INFO mt5_bot - Session filter: UTC hour=23 outside [7,21) and [0,0)
2026-05-05 18:46:24 INFO mt5_bot - Balance=102029.96 Equity=102029.96 Spread=25.00 pips
2026-05-05 18:46:24 INFO mt5_bot - Session filter: UTC hour=23 outside [7,21) and [0,0)
2026-05-05 18:46:39 INFO mt5_bot - Balance=102029.96 Equity=102029.96 Spread=25.00 pips
2026-05-05 18:46:39 INFO mt5_bot - Session filter: UTC hour=23 outside [7,21) and [0,0)
2026-05-05 18:46:54 INFO mt5_bot - Balance=102029.96 Equity=102029.96 Spread=25.00 pips
2026-05-05 18:46:54 INFO mt5_bot - Session filter: UTC hour=23 outside [7,21) and [0,0)
2026-05-05 18:47:09 INFO mt5_bot - Balance=102029.96 Equity=102029.96 Spread=25.00 pips
2026-05-05 18:47:09 INFO mt5_bot - Session filter: UTC hour=23 outside [7,21) and [0,0)
2026-05-05 18:47:24 INFO mt5_bot - Balance=102029.96 Equity=102029.96 Spread=25.00 pips
2026-05-05 18:47:24 INFO mt5_bot - Session filter: UTC hour=23 outside [7,21) and [0,0)
2026-05-05 18:47:39 INFO mt5_bot - Balance=102029.96 Equity=102029.96 Spread=25.00 pips
2026-05-05 18:47:39 INFO mt5_bot - Session filter: UTC hour=23 outside [7,21) and [0,0)
2026-05-05 18:47:54 INFO mt5_bot - Balance=102029.96 Equity=102029.96 Spread=25.00 pips
2026-05-05 18:47:54 INFO mt5_bot - Session filter: UTC hour=23 outside [7,21) and [0,0)
2026-05-05 18:48:09 INFO mt5_bot - Balance=102029.96 Equity=102029.96 Spread=25.00 pips
2026-05-05 18:48:09 INFO mt5_bot - Session filter: UTC hour=23 outside [7,21) and [0,0)
2026-05-05 18:48:24 INFO mt5_bot - Balance=102029.96 Equity=102029.96 Spread=25.00 pips
2026-05-05 18:48:24 INFO mt5_bot - Session filter: UTC hour=23 outside [7,21) and [0,0)
2026-05-05 18:48:39 INFO mt5_bot - Balance=102029.96 Equity=102029.96 Spread=25.00 pips
2026-05-05 18:48:39 INFO mt5_bot - Session filter: UTC hour=23 outside [7,21) and [0,0)
2026-05-05 18:48:54 INFO mt5_bot - Balance=102029.96 Equity=102029.96 Spread=25.00 pips
2026-05-05 18:48:54 INFO mt5_bot - Session filter: UTC hour=23 outside [7,21) and [0,0)
2026-05-05 18:49:09 INFO mt5_bot - Balance=102029.96 Equity=102029.96 Spread=25.00 pips
2026-05-05 18:49:09 INFO mt5_bot - Session filter: UTC hour=23 outside [7,21) and [0,0)
2026-05-05 18:49:24 INFO mt5_bot - Balance=102029.96 Equity=102029.96 Spread=14.00 pips
2026-05-05 18:49:24 INFO mt5_bot - Session filter: UTC hour=23 outside [7,21) and [0,0)
2026-05-05 18:49:39 INFO mt5_bot - Balance=102029.96 Equity=102029.96 Spread=27.00 pips
2026-05-05 18:49:39 INFO mt5_bot - Session filter: UTC hour=23 outside [7,21) and [0,0)
2026-05-05 18:49:54 INFO mt5_bot - Balance=102029.96 Equity=102029.96 Spread=25.00 pips
2026-05-05 18:49:54 INFO mt5_bot - Session filter: UTC hour=23 outside [7,21) and [0,0)
2026-05-05 18:50:09 INFO mt5_bot - Balance=102029.96 Equity=102029.96 Spread=25.00 pips
2026-05-05 18:50:09 INFO mt5_bot - Session filter: UTC hour=23 outside [7,21) and [0,0)
2026-05-05 18:50:24 INFO mt5_bot - Balance=102029.96 Equity=102029.96 Spread=25.00 pips
2026-05-05 18:50:24 INFO mt5_bot - Session filter: UTC hour=23 outside [7,21) and [0,0)
2026-05-05 18:50:39 INFO mt5_bot - Balance=102029.96 Equity=102029.96 Spread=25.00 pips
2026-05-05 18:50:39 INFO mt5_bot - Session filter: UTC hour=23 outside [7,21) and [0,0)
2026-05-05 18:50:54 INFO mt5_bot - Balance=102029.96 Equity=102029.96 Spread=25.00 pips
2026-05-05 18:50:54 INFO mt5_bot - Session filter: UTC hour=23 outside [7,21) and [0,0)
2026-05-05 18:51:09 INFO mt5_bot - Balance=102029.96 Equity=102029.96 Spread=25.00 pips
2026-05-05 18:51:09 INFO mt5_bot - Session filter: UTC hour=23 outside [7,21) and [0,0)
2026-05-05 18:51:24 INFO mt5_bot - Balance=102029.96 Equity=102029.96 Spread=25.00 pips
2026-05-05 18:51:24 INFO mt5_bot - Session filter: UTC hour=23 outside [7,21) and [0,0)
2026-05-05 18:51:39 INFO mt5_bot - Balance=102029.96 Equity=102029.96 Spread=25.00 pips
2026-05-05 18:51:39 INFO mt5_bot - Session filter: UTC hour=23 outside [7,21) and [0,0)
2026-05-05 18:51:54 INFO mt5_bot - Balance=102029.96 Equity=102029.96 Spread=25.00 pips
2026-05-05 18:51:54 INFO mt5_bot - Session filter: UTC hour=23 outside [7,21) and [0,0)
2026-05-05 18:52:09 INFO mt5_bot - Balance=102029.96 Equity=102029.96 Spread=21.00 pips
2026-05-05 18:52:09 INFO mt5_bot - Session filter: UTC hour=23 outside [7,21) and [0,0)
2026-05-05 18:52:24 INFO mt5_bot - Balance=102029.96 Equity=102029.96 Spread=25.00 pips
2026-05-05 18:52:24 INFO mt5_bot - Session filter: UTC hour=23 outside [7,21) and [0,0)
2026-05-05 18:52:39 INFO mt5_bot - Balance=102029.96 Equity=102029.96 Spread=25.00 pips
2026-05-05 18:52:39 INFO mt5_bot - Session filter: UTC hour=23 outside [7,21) and [0,0)
2026-05-05 18:52:54 INFO mt5_bot - Balance=102029.96 Equity=102029.96 Spread=25.00 pips
2026-05-05 18:52:54 INFO mt5_bot - Session filter: UTC hour=23 outside [7,21) and [0,0)
2026-05-05 18:53:09 INFO mt5_bot - Balance=102029.96 Equity=102029.96 Spread=25.00 pips
2026-05-05 18:53:09 INFO mt5_bot - Session filter: UTC hour=23 outside [7,21) and [0,0)
2026-05-05 18:53:24 INFO mt5_bot - Balance=102029.96 Equity=102029.96 Spread=25.00 pips
2026-05-05 18:53:24 INFO mt5_bot - Session filter: UTC hour=23 outside [7,21) and [0,0)
2026-05-05 18:53:39 INFO mt5_bot - Balance=102029.96 Equity=102029.96 Spread=25.00 pips
2026-05-05 18:53:39 INFO mt5_bot - Session filter: UTC hour=23 outside [7,21) and [0,0)
2026-05-05 18:53:54 INFO mt5_bot - Balance=102029.96 Equity=102029.96 Spread=25.00 pips
2026-05-05 18:53:54 INFO mt5_bot - Session filter: UTC hour=23 outside [7,21) and [0,0)
2026-05-05 18:54:09 INFO mt5_bot - Balance=102029.96 Equity=102029.96 Spread=25.00 pips
2026-05-05 18:54:09 INFO mt5_bot - Session filter: UTC hour=23 outside [7,21) and [0,0)
2026-05-05 18:54:24 INFO mt5_bot - Balance=102029.96 Equity=102029.96 Spread=25.00 pips
2026-05-05 18:54:24 INFO mt5_bot - Session filter: UTC hour=23 outside [7,21) and [0,0)
2026-05-05 18:54:39 INFO mt5_bot - Balance=102029.96 Equity=102029.96 Spread=25.00 pips
2026-05-05 18:54:39 INFO mt5_bot - Session filter: UTC hour=23 outside [7,21) and [0,0)
2026-05-05 18:54:54 INFO mt5_bot - Balance=102029.96 Equity=102029.96 Spread=25.00 pips
2026-05-05 18:54:54 INFO mt5_bot - Session filter: UTC hour=23 outside [7,21) and [0,0)
2026-05-05 18:55:09 INFO mt5_bot - Balance=102029.96 Equity=102029.96 Spread=25.00 pips
2026-05-05 18:55:09 INFO mt5_bot - Session filter: UTC hour=23 outside [7,21) and [0,0)
2026-05-05 18:55:24 INFO mt5_bot - Balance=102029.96 Equity=102029.96 Spread=25.00 pips
2026-05-05 18:55:24 INFO mt5_bot - Session filter: UTC hour=23 outside [7,21) and [0,0)
2026-05-05 18:55:39 INFO mt5_bot - Balance=102029.96 Equity=102029.96 Spread=25.00 pips
2026-05-05 18:55:39 INFO mt5_bot - Session filter: UTC hour=23 outside [7,21) and [0,0)
2026-05-05 18:55:54 INFO mt5_bot - Balance=102029.96 Equity=102029.96 Spread=21.00 pips
2026-05-05 18:55:54 INFO mt5_bot - Session filter: UTC hour=23 outside [7,21) and [0,0)
2026-05-05 18:56:09 INFO mt5_bot - Balance=102029.96 Equity=102029.96 Spread=25.00 pips
2026-05-05 18:56:09 INFO mt5_bot - Session filter: UTC hour=23 outside [7,21) and [0,0)
2026-05-05 18:56:24 INFO mt5_bot - Balance=102029.96 Equity=102029.96 Spread=25.00 pips
2026-05-05 18:56:24 INFO mt5_bot - Session filter: UTC hour=23 outside [7,21) and [0,0)
2026-05-05 18:56:39 INFO mt5_bot - Balance=102029.96 Equity=102029.96 Spread=25.00 pips
2026-05-05 18:56:39 INFO mt5_bot - Session filter: UTC hour=23 outside [7,21) and [0,0)
2026-05-05 18:56:54 INFO mt5_bot - Balance=102029.96 Equity=102029.96 Spread=25.00 pips
2026-05-05 18:56:54 INFO mt5_bot - Session filter: UTC hour=23 outside [7,21) and [0,0)
2026-05-05 18:57:09 INFO mt5_bot - Balance=102029.96 Equity=102029.96 Spread=22.00 pips
2026-05-05 18:57:09 INFO mt5_bot - Session filter: UTC hour=23 outside [7,21) and [0,0)
2026-05-05 18:57:24 INFO mt5_bot - Balance=102029.96 Equity=102029.96 Spread=24.00 pips
2026-05-05 18:57:24 INFO mt5_bot - Session filter: UTC hour=23 outside [7,21) and [0,0)
2026-05-05 18:57:39 INFO mt5_bot - Balance=102029.96 Equity=102029.96 Spread=25.00 pips
2026-05-05 18:57:39 INFO mt5_bot - Session filter: UTC hour=23 outside [7,21) and [0,0)
2026-05-05 18:57:54 INFO mt5_bot - Balance=102029.96 Equity=102029.96 Spread=25.00 pips
2026-05-05 18:57:54 INFO mt5_bot - Session filter: UTC hour=23 outside [7,21) and [0,0)
2026-05-05 18:58:09 INFO mt5_bot - Balance=102029.96 Equity=102029.96 Spread=25.00 pips
2026-05-05 18:58:09 INFO mt5_bot - Session filter: UTC hour=23 outside [7,21) and [0,0)
2026-05-05 18:58:24 INFO mt5_bot - Balance=102029.96 Equity=102029.96 Spread=25.00 pips
2026-05-05 18:58:24 INFO mt5_bot - Session filter: UTC hour=23 outside [7,21) and [0,0)
2026-05-05 18:58:39 INFO mt5_bot - Balance=102029.96 Equity=102029.96 Spread=24.00 pips
2026-05-05 18:58:39 INFO mt5_bot - Session filter: UTC hour=23 outside [7,21) and [0,0)
2026-05-05 18:58:54 INFO mt5_bot - Balance=102029.96 Equity=102029.96 Spread=25.00 pips
2026-05-05 18:58:54 INFO mt5_bot - Session filter: UTC hour=23 outside [7,21) and [0,0)
2026-05-05 18:59:09 INFO mt5_bot - Balance=102029.96 Equity=102029.96 Spread=24.00 pips
2026-05-05 18:59:09 INFO mt5_bot - Session filter: UTC hour=23 outside [7,21) and [0,0)
2026-05-05 18:59:24 INFO mt5_bot - Balance=102029.96 Equity=102029.96 Spread=25.00 pips
2026-05-05 18:59:24 INFO mt5_bot - Session filter: UTC hour=23 outside [7,21) and [0,0)
2026-05-05 18:59:39 INFO mt5_bot - Balance=102029.96 Equity=102029.96 Spread=25.00 pips
2026-05-05 18:59:39 INFO mt5_bot - Session filter: UTC hour=23 outside [7,21) and [0,0)
2026-05-05 18:59:54 INFO mt5_bot - Balance=102029.96 Equity=102029.96 Spread=25.00 pips
2026-05-05 18:59:54 INFO mt5_bot - Session filter: UTC hour=23 outside [7,21) and [0,0)
2026-05-05 19:00:09 INFO mt5_bot - Balance=102029.96 Equity=102029.96 Spread=21.00 pips
--- Logging error ---
Traceback (most recent call last):
  File "C:\Program Files\WindowsApps\PythonSoftwareFoundation.Python.3.13_3.13.3568.0_x64__qbz5n2kfra8p0\Lib\logging\handlers.py", line 80, in emit
    self.doRollover()
    ~~~~~~~~~~~~~~~^^
  File "C:\Program Files\WindowsApps\PythonSoftwareFoundation.Python.3.13_3.13.3568.0_x64__qbz5n2kfra8p0\Lib\logging\handlers.py", line 456, in doRollover
    self.rotate(self.baseFilename, dfn)
    ~~~~~~~~~~~^^^^^^^^^^^^^^^^^^^^^^^^
  File "C:\Program Files\WindowsApps\PythonSoftwareFoundation.Python.3.13_3.13.3568.0_x64__qbz5n2kfra8p0\Lib\logging\handlers.py", line 121, in rotate
    os.rename(source, dest)
    ~~~~~~~~~^^^^^^^^^^^^^^
PermissionError: [WinError 32] El proceso no tiene acceso al archivo porque está siendo utilizado por otro proceso: 'C:\\Users\\jean_\\Desktop\\Pagina web\\mt5_trading_bot\\logs\\bot_20260505.log' -> 'C:\\Users\\jean_\\Desktop\\Pagina web\\mt5_trading_bot\\logs\\bot_20260505.log.2026-05-05'
Call stack:
  File "<frozen runpy>", line 198, in _run_module_as_main
  File "<frozen runpy>", line 88, in _run_code
  File "C:\Users\jean_\Desktop\Pagina web\mt5_trading_bot\src\mt5_bot\__main__.py", line 5, in <module>
    raise SystemExit(main())
  File "C:\Users\jean_\Desktop\Pagina web\mt5_trading_bot\src\mt5_bot\cli.py", line 67, in main
    return run_trade(
  File "C:\Users\jean_\Desktop\Pagina web\mt5_trading_bot\src\mt5_bot\cli.py", line 260, in run_trade
    LOGGER.info("Balance=%.2f Equity=%.2f Spread=%.2f pips",
Message: 'Balance=%.2f Equity=%.2f Spread=%.2f pips'
Arguments: (102029.96, 102029.96, 21.000000000003638)
2026-05-05 19:00:09 INFO mt5_bot - Session filter: UTC hour=0 outside [7,21) and [0,0)
--- Logging error ---
Traceback (most recent call last):
  File "C:\Program Files\WindowsApps\PythonSoftwareFoundation.Python.3.13_3.13.3568.0_x64__qbz5n2kfra8p0\Lib\logging\handlers.py", line 80, in emit
    self.doRollover()
    ~~~~~~~~~~~~~~~^^
  File "C:\Program Files\WindowsApps\PythonSoftwareFoundation.Python.3.13_3.13.3568.0_x64__qbz5n2kfra8p0\Lib\logging\handlers.py", line 456, in doRollover
    self.rotate(self.baseFilename, dfn)
    ~~~~~~~~~~~^^^^^^^^^^^^^^^^^^^^^^^^
  File "C:\Program Files\WindowsApps\PythonSoftwareFoundation.Python.3.13_3.13.3568.0_x64__qbz5n2kfra8p0\Lib\logging\handlers.py", line 121, in rotate
    os.rename(source, dest)
    ~~~~~~~~~^^^^^^^^^^^^^^
PermissionError: [WinError 32] El proceso no tiene acceso al archivo porque está siendo utilizado por otro proceso: 'C:\\Users\\jean_\\Desktop\\Pagina web\\mt5_trading_bot\\logs\\bot_20260505.log' -> 'C:\\Users\\jean_\\Desktop\\Pagina web\\mt5_trading_bot\\logs\\bot_20260505.log.2026-05-05'
Call stack:
  File "<frozen runpy>", line 198, in _run_module_as_main
  File "<frozen runpy>", line 88, in _run_code
  File "C:\Users\jean_\Desktop\Pagina web\mt5_trading_bot\src\mt5_bot\__main__.py", line 5, in <module>
    raise SystemExit(main())
  File "C:\Users\jean_\Desktop\Pagina web\mt5_trading_bot\src\mt5_bot\cli.py", line 67, in main
    return run_trade(
  File "C:\Users\jean_\Desktop\Pagina web\mt5_trading_bot\src\mt5_bot\cli.py", line 301, in run_trade
    LOGGER.info("Session filter: UTC hour=%d outside [%d,%d) and [%d,%d)",
Message: 'Session filter: UTC hour=%d outside [%d,%d) and [%d,%d)'
Arguments: (0, 7, 21, 0, 0)
2026-05-05 19:00:24 INFO mt5_bot - Balance=102029.96 Equity=102029.96 Spread=22.00 pips
2026-05-05 19:00:24 INFO mt5_bot - Session filter: UTC hour=0 outside [7,21) and [0,0)
2026-05-05 19:00:39 INFO mt5_bot - Balance=102029.96 Equity=102029.96 Spread=21.00 pips
2026-05-05 19:00:39 INFO mt5_bot - Session filter: UTC hour=0 outside [7,21) and [0,0)
2026-05-05 19:00:54 INFO mt5_bot - Balance=102029.96 Equity=102029.96 Spread=21.00 pips
2026-05-05 19:00:54 INFO mt5_bot - Session filter: UTC hour=0 outside [7,21) and [0,0)
2026-05-05 19:01:09 INFO mt5_bot - Balance=102029.96 Equity=102029.96 Spread=21.00 pips
2026-05-05 19:01:09 INFO mt5_bot - Session filter: UTC hour=0 outside [7,21) and [0,0)
2026-05-05 19:01:24 INFO mt5_bot - Balance=102029.96 Equity=102029.96 Spread=21.00 pips
2026-05-05 19:01:24 INFO mt5_bot - Session filter: UTC hour=0 outside [7,21) and [0,0)
2026-05-05 19:01:39 INFO mt5_bot - Balance=102029.96 Equity=102029.96 Spread=21.00 pips
2026-05-05 19:01:39 INFO mt5_bot - Session filter: UTC hour=0 outside [7,21) and [0,0)
2026-05-05 19:01:54 INFO mt5_bot - Balance=102029.96 Equity=102029.96 Spread=21.00 pips
2026-05-05 19:01:54 INFO mt5_bot - Session filter: UTC hour=0 outside [7,21) and [0,0)
2026-05-05 19:02:09 INFO mt5_bot - Balance=102029.96 Equity=102029.96 Spread=21.00 pips
2026-05-05 19:02:09 INFO mt5_bot - Session filter: UTC hour=0 outside [7,21) and [0,0)
2026-05-05 19:02:24 INFO mt5_bot - Balance=102029.96 Equity=102029.96 Spread=21.00 pips
2026-05-05 19:02:24 INFO mt5_bot - Session filter: UTC hour=0 outside [7,21) and [0,0)
2026-05-05 19:02:39 INFO mt5_bot - Balance=102029.96 Equity=102029.96 Spread=21.00 pips
2026-05-05 19:02:39 INFO mt5_bot - Session filter: UTC hour=0 outside [7,21) and [0,0)
2026-05-05 19:02:54 INFO mt5_bot - Balance=102029.96 Equity=102029.96 Spread=21.00 pips
2026-05-05 19:02:54 INFO mt5_bot - Session filter: UTC hour=0 outside [7,21) and [0,0)
2026-05-05 19:03:09 INFO mt5_bot - Balance=102029.96 Equity=102029.96 Spread=21.00 pips
2026-05-05 19:03:09 INFO mt5_bot - Session filter: UTC hour=0 outside [7,21) and [0,0)
2026-05-05 19:03:24 INFO mt5_bot - Balance=102029.96 Equity=102029.96 Spread=21.00 pips
2026-05-05 19:03:24 INFO mt5_bot - Session filter: UTC hour=0 outside [7,21) and [0,0)
2026-05-05 19:03:39 INFO mt5_bot - Balance=102029.96 Equity=102029.96 Spread=21.00 pips
2026-05-05 19:03:39 INFO mt5_bot - Session filter: UTC hour=0 outside [7,21) and [0,0)
2026-05-05 19:03:54 INFO mt5_bot - Balance=102029.96 Equity=102029.96 Spread=21.00 pips
2026-05-05 19:03:54 INFO mt5_bot - Session filter: UTC hour=0 outside [7,21) and [0,0)
2026-05-05 19:04:09 INFO mt5_bot - Balance=102029.96 Equity=102029.96 Spread=21.00 pips
2026-05-05 19:04:09 INFO mt5_bot - Session filter: UTC hour=0 outside [7,21) and [0,0)
2026-05-05 19:04:24 INFO mt5_bot - Balance=102029.96 Equity=102029.96 Spread=21.00 pips
2026-05-05 19:04:24 INFO mt5_bot - Session filter: UTC hour=0 outside [7,21) and [0,0)
2026-05-05 19:04:39 INFO mt5_bot - Balance=102029.96 Equity=102029.96 Spread=21.00 pips
2026-05-05 19:04:39 INFO mt5_bot - Session filter: UTC hour=0 outside [7,21) and [0,0)
2026-05-05 19:04:54 INFO mt5_bot - Balance=102029.96 Equity=102029.96 Spread=19.00 pips
2026-05-05 19:04:54 INFO mt5_bot - Session filter: UTC hour=0 outside [7,21) and [0,0)
2026-05-05 19:05:09 INFO mt5_bot - Balance=102029.96 Equity=102029.96 Spread=20.00 pips
2026-05-05 19:05:09 INFO mt5_bot - Session filter: UTC hour=0 outside [7,21) and [0,0)
2026-05-05 19:05:24 INFO mt5_bot - Balance=102029.96 Equity=102029.96 Spread=21.00 pips
2026-05-05 19:05:24 INFO mt5_bot - Session filter: UTC hour=0 outside [7,21) and [0,0)
2026-05-05 19:05:39 INFO mt5_bot - Balance=102029.96 Equity=102029.96 Spread=21.00 pips
2026-05-05 19:05:39 INFO mt5_bot - Session filter: UTC hour=0 outside [7,21) and [0,0)
2026-05-05 19:05:54 INFO mt5_bot - Balance=102029.96 Equity=102029.96 Spread=21.00 pips
2026-05-05 19:05:54 INFO mt5_bot - Session filter: UTC hour=0 outside [7,21) and [0,0)
2026-05-05 19:06:09 INFO mt5_bot - Balance=102029.96 Equity=102029.96 Spread=21.00 pips
2026-05-05 19:06:09 INFO mt5_bot - Session filter: UTC hour=0 outside [7,21) and [0,0)
2026-05-05 19:06:24 INFO mt5_bot - Balance=102029.96 Equity=102029.96 Spread=23.00 pips
2026-05-05 19:06:24 INFO mt5_bot - Session filter: UTC hour=0 outside [7,21) and [0,0)
2026-05-05 19:06:39 INFO mt5_bot - Balance=102029.96 Equity=102029.96 Spread=21.00 pips
2026-05-05 19:06:39 INFO mt5_bot - Session filter: UTC hour=0 outside [7,21) and [0,0)
2026-05-05 19:06:54 INFO mt5_bot - Balance=102029.96 Equity=102029.96 Spread=21.00 pips
2026-05-05 19:06:54 INFO mt5_bot - Session filter: UTC hour=0 outside [7,21) and [0,0)
2026-05-05 19:07:09 INFO mt5_bot - Balance=102029.96 Equity=102029.96 Spread=21.00 pips
2026-05-05 19:07:09 INFO mt5_bot - Session filter: UTC hour=0 outside [7,21) and [0,0)
2026-05-05 19:07:24 INFO mt5_bot - Balance=102029.96 Equity=102029.96 Spread=21.00 pips
2026-05-05 19:07:24 INFO mt5_bot - Session filter: UTC hour=0 outside [7,21) and [0,0)
2026-05-05 19:07:39 INFO mt5_bot - Balance=102029.96 Equity=102029.96 Spread=21.00 pips
2026-05-05 19:07:39 INFO mt5_bot - Session filter: UTC hour=0 outside [7,21) and [0,0)
2026-05-05 19:07:54 INFO mt5_bot - Balance=102029.96 Equity=102029.96 Spread=21.00 pips
2026-05-05 19:07:54 INFO mt5_bot - Session filter: UTC hour=0 outside [7,21) and [0,0)
2026-05-05 19:08:09 INFO mt5_bot - Balance=102029.96 Equity=102029.96 Spread=21.00 pips
2026-05-05 19:08:09 INFO mt5_bot - Session filter: UTC hour=0 outside [7,21) and [0,0)
2026-05-05 19:08:24 INFO mt5_bot - Balance=102029.96 Equity=102029.96 Spread=21.00 pips
2026-05-05 19:08:24 INFO mt5_bot - Session filter: UTC hour=0 outside [7,21) and [0,0)
2026-05-05 19:08:39 INFO mt5_bot - Balance=102029.96 Equity=102029.96 Spread=19.00 pips
2026-05-05 19:08:39 INFO mt5_bot - Session filter: UTC hour=0 outside [7,21) and [0,0)
2026-05-05 19:08:54 INFO mt5_bot - Balance=102029.96 Equity=102029.96 Spread=21.00 pips
2026-05-05 19:08:54 INFO mt5_bot - Session filter: UTC hour=0 outside [7,21) and [0,0)
2026-05-05 19:09:09 INFO mt5_bot - Balance=102029.96 Equity=102029.96 Spread=21.00 pips
2026-05-05 19:09:09 INFO mt5_bot - Session filter: UTC hour=0 outside [7,21) and [0,0)
2026-05-05 19:09:24 INFO mt5_bot - Balance=102029.96 Equity=102029.96 Spread=17.00 pips
2026-05-05 19:09:24 INFO mt5_bot - Session filter: UTC hour=0 outside [7,21) and [0,0)
2026-05-05 19:09:39 INFO mt5_bot - Balance=102029.96 Equity=102029.96 Spread=21.00 pips
2026-05-05 19:09:39 INFO mt5_bot - Session filter: UTC hour=0 outside [7,21) and [0,0)
2026-05-05 19:09:54 INFO mt5_bot - Balance=102029.96 Equity=102029.96 Spread=16.00 pips
2026-05-05 19:09:54 INFO mt5_bot - Session filter: UTC hour=0 outside [7,21) and [0,0)
2026-05-05 19:10:09 INFO mt5_bot - Balance=102029.96 Equity=102029.96 Spread=21.00 pips
2026-05-05 19:10:09 INFO mt5_bot - Session filter: UTC hour=0 outside [7,21) and [0,0)
2026-05-05 19:10:24 INFO mt5_bot - Balance=102029.96 Equity=102029.96 Spread=21.00 pips
2026-05-05 19:10:24 INFO mt5_bot - Session filter: UTC hour=0 outside [7,21) and [0,0)
2026-05-05 19:10:39 INFO mt5_bot - Balance=102029.96 Equity=102029.96 Spread=21.00 pips
2026-05-05 19:10:39 INFO mt5_bot - Session filter: UTC hour=0 outside [7,21) and [0,0)
2026-05-05 19:10:54 INFO mt5_bot - Balance=102029.96 Equity=102029.96 Spread=21.00 pips
2026-05-05 19:10:54 INFO mt5_bot - Session filter: UTC hour=0 outside [7,21) and [0,0)
2026-05-05 19:11:09 INFO mt5_bot - Balance=102029.96 Equity=102029.96 Spread=21.00 pips
2026-05-05 19:11:09 INFO mt5_bot - Session filter: UTC hour=0 outside [7,21) and [0,0)
2026-05-05 19:11:24 INFO mt5_bot - Balance=102029.96 Equity=102029.96 Spread=21.00 pips
2026-05-05 19:11:24 INFO mt5_bot - Session filter: UTC hour=0 outside [7,21) and [0,0)
2026-05-05 19:11:39 INFO mt5_bot - Balance=102029.96 Equity=102029.96 Spread=4.00 pips
2026-05-05 19:11:39 INFO mt5_bot - Session filter: UTC hour=0 outside [7,21) and [0,0)
2026-05-05 19:11:54 INFO mt5_bot - Balance=102029.96 Equity=102029.96 Spread=10.00 pips
2026-05-05 19:11:54 INFO mt5_bot - Session filter: UTC hour=0 outside [7,21) and [0,0)
2026-05-05 19:12:09 INFO mt5_bot - Balance=102029.96 Equity=102029.96 Spread=21.00 pips
2026-05-05 19:12:09 INFO mt5_bot - Session filter: UTC hour=0 outside [7,21) and [0,0)
2026-05-05 19:12:24 INFO mt5_bot - Balance=102029.96 Equity=102029.96 Spread=23.00 pips
2026-05-05 19:12:24 INFO mt5_bot - Session filter: UTC hour=0 outside [7,21) and [0,0)
2026-05-05 19:12:39 INFO mt5_bot - Balance=102029.96 Equity=102029.96 Spread=21.00 pips
2026-05-05 19:12:39 INFO mt5_bot - Session filter: UTC hour=0 outside [7,21) and [0,0)
2026-05-05 19:12:54 INFO mt5_bot - Balance=102029.96 Equity=102029.96 Spread=21.00 pips
2026-05-05 19:12:54 INFO mt5_bot - Session filter: UTC hour=0 outside [7,21) and [0,0)
2026-05-05 19:13:09 INFO mt5_bot - Balance=102029.96 Equity=102029.96 Spread=21.00 pips
2026-05-05 19:13:09 INFO mt5_bot - Session filter: UTC hour=0 outside [7,21) and [0,0)
2026-05-05 19:13:24 INFO mt5_bot - Balance=102029.96 Equity=102029.96 Spread=21.00 pips
2026-05-05 19:13:24 INFO mt5_bot - Session filter: UTC hour=0 outside [7,21) and [0,0)
2026-05-05 19:13:39 INFO mt5_bot - Balance=102029.96 Equity=102029.96 Spread=21.00 pips
2026-05-05 19:13:39 INFO mt5_bot - Session filter: UTC hour=0 outside [7,21) and [0,0)
2026-05-05 19:13:54 INFO mt5_bot - Balance=102029.96 Equity=102029.96 Spread=21.00 pips
2026-05-05 19:13:54 INFO mt5_bot - Session filter: UTC hour=0 outside [7,21) and [0,0)
2026-05-05 19:14:09 INFO mt5_bot - Balance=102029.96 Equity=102029.96 Spread=13.00 pips
2026-05-05 19:14:09 INFO mt5_bot - Session filter: UTC hour=0 outside [7,21) and [0,0)
2026-05-05 19:14:24 INFO mt5_bot - Balance=102029.96 Equity=102029.96 Spread=11.00 pips
2026-05-05 19:14:24 INFO mt5_bot - Session filter: UTC hour=0 outside [7,21) and [0,0)
2026-05-05 19:14:39 INFO mt5_bot - Balance=102029.96 Equity=102029.96 Spread=20.00 pips
2026-05-05 19:14:39 INFO mt5_bot - Session filter: UTC hour=0 outside [7,21) and [0,0)
2026-05-05 19:14:54 INFO mt5_bot - Balance=102029.96 Equity=102029.96 Spread=21.00 pips
2026-05-05 19:14:54 INFO mt5_bot - Session filter: UTC hour=0 outside [7,21) and [0,0)
2026-05-05 19:15:10 INFO mt5_bot - Balance=102029.96 Equity=102029.96 Spread=21.00 pips
2026-05-05 19:15:10 INFO mt5_bot - Session filter: UTC hour=0 outside [7,21) and [0,0)
2026-05-05 19:15:25 INFO mt5_bot - Balance=102029.96 Equity=102029.96 Spread=21.00 pips
2026-05-05 19:15:25 INFO mt5_bot - Session filter: UTC hour=0 outside [7,21) and [0,0)
2026-05-05 19:15:40 INFO mt5_bot - Balance=102029.96 Equity=102029.96 Spread=21.00 pips
2026-05-05 19:15:40 INFO mt5_bot - Session filter: UTC hour=0 outside [7,21) and [0,0)
2026-05-05 19:15:55 INFO mt5_bot - Balance=102029.96 Equity=102029.96 Spread=21.00 pips
2026-05-05 19:15:55 INFO mt5_bot - Session filter: UTC hour=0 outside [7,21) and [0,0)
2026-05-05 19:16:10 INFO mt5_bot - Balance=102029.96 Equity=102029.96 Spread=21.00 pips
2026-05-05 19:16:10 INFO mt5_bot - Session filter: UTC hour=0 outside [7,21) and [0,0)
2026-05-05 19:16:25 INFO mt5_bot - Balance=102029.96 Equity=102029.96 Spread=21.00 pips
2026-05-05 19:16:25 INFO mt5_bot - Session filter: UTC hour=0 outside [7,21) and [0,0)
2026-05-05 19:16:40 INFO mt5_bot - Balance=102029.96 Equity=102029.96 Spread=14.00 pips
2026-05-05 19:16:40 INFO mt5_bot - Session filter: UTC hour=0 outside [7,21) and [0,0)
2026-05-05 19:16:55 INFO mt5_bot - Balance=102029.96 Equity=102029.96 Spread=21.00 pips
2026-05-05 19:16:55 INFO mt5_bot - Session filter: UTC hour=0 outside [7,21) and [0,0)
2026-05-05 19:17:10 INFO mt5_bot - Balance=102029.96 Equity=102029.96 Spread=21.00 pips
2026-05-05 19:17:10 INFO mt5_bot - Session filter: UTC hour=0 outside [7,21) and [0,0)
2026-05-05 19:17:25 INFO mt5_bot - Balance=102029.96 Equity=102029.96 Spread=21.00 pips
2026-05-05 19:17:25 INFO mt5_bot - Session filter: UTC hour=0 outside [7,21) and [0,0)
2026-05-05 19:17:40 INFO mt5_bot - Balance=102029.96 Equity=102029.96 Spread=21.00 pips
2026-05-05 19:17:40 INFO mt5_bot - Session filter: UTC hour=0 outside [7,21) and [0,0)
2026-05-05 19:17:55 INFO mt5_bot - Balance=102029.96 Equity=102029.96 Spread=21.00 pips
2026-05-05 19:17:55 INFO mt5_bot - Session filter: UTC hour=0 outside [7,21) and [0,0)
2026-05-05 19:18:10 INFO mt5_bot - Balance=102029.96 Equity=102029.96 Spread=21.00 pips
2026-05-05 19:18:10 INFO mt5_bot - Session filter: UTC hour=0 outside [7,21) and [0,0)
2026-05-05 19:18:25 INFO mt5_bot - Balance=102029.96 Equity=102029.96 Spread=21.00 pips
2026-05-05 19:18:25 INFO mt5_bot - Session filter: UTC hour=0 outside [7,21) and [0,0)
2026-05-05 19:18:40 INFO mt5_bot - Balance=102029.96 Equity=102029.96 Spread=21.00 pips
2026-05-05 19:18:40 INFO mt5_bot - Session filter: UTC hour=0 outside [7,21) and [0,0)
2026-05-05 19:18:55 INFO mt5_bot - Balance=102029.96 Equity=102029.96 Spread=21.00 pips
2026-05-05 19:18:55 INFO mt5_bot - Session filter: UTC hour=0 outside [7,21) and [0,0)
2026-05-05 19:19:10 INFO mt5_bot - Balance=102029.96 Equity=102029.96 Spread=21.00 pips
2026-05-05 19:19:10 INFO mt5_bot - Session filter: UTC hour=0 outside [7,21) and [0,0)
2026-05-05 19:19:25 INFO mt5_bot - Balance=102029.96 Equity=102029.96 Spread=21.00 pips
2026-05-05 19:19:25 INFO mt5_bot - Session filter: UTC hour=0 outside [7,21) and [0,0)
2026-05-05 19:19:40 INFO mt5_bot - Balance=102029.96 Equity=102029.96 Spread=21.00 pips
2026-05-05 19:19:40 INFO mt5_bot - Session filter: UTC hour=0 outside [7,21) and [0,0)
2026-05-05 19:19:55 INFO mt5_bot - Balance=102029.96 Equity=102029.96 Spread=21.00 pips
2026-05-05 19:19:55 INFO mt5_bot - Session filter: UTC hour=0 outside [7,21) and [0,0)
2026-05-05 19:20:10 INFO mt5_bot - Balance=102029.96 Equity=102029.96 Spread=16.00 pips
2026-05-05 19:20:10 INFO mt5_bot - Session filter: UTC hour=0 outside [7,21) and [0,0)
2026-05-05 19:20:25 INFO mt5_bot - Balance=102029.96 Equity=102029.96 Spread=21.00 pips
2026-05-05 19:20:25 INFO mt5_bot - Session filter: UTC hour=0 outside [7,21) and [0,0)
2026-05-05 19:20:40 INFO mt5_bot - Balance=102029.96 Equity=102029.96 Spread=21.00 pips
2026-05-05 19:20:40 INFO mt5_bot - Session filter: UTC hour=0 outside [7,21) and [0,0)
2026-05-05 19:20:55 INFO mt5_bot - Balance=102029.96 Equity=102029.96 Spread=21.00 pips
2026-05-05 19:20:55 INFO mt5_bot - Session filter: UTC hour=0 outside [7,21) and [0,0)
2026-05-05 19:21:10 INFO mt5_bot - Balance=102029.96 Equity=102029.96 Spread=21.00 pips
2026-05-05 19:21:10 INFO mt5_bot - Session filter: UTC hour=0 outside [7,21) and [0,0)
2026-05-05 19:21:25 INFO mt5_bot - Balance=102029.96 Equity=102029.96 Spread=21.00 pips
2026-05-05 19:21:25 INFO mt5_bot - Session filter: UTC hour=0 outside [7,21) and [0,0)
2026-05-05 19:21:40 INFO mt5_bot - Balance=102029.96 Equity=102029.96 Spread=21.00 pips
2026-05-05 19:21:40 INFO mt5_bot - Session filter: UTC hour=0 outside [7,21) and [0,0)
2026-05-05 19:21:55 INFO mt5_bot - Balance=102029.96 Equity=102029.96 Spread=21.00 pips
2026-05-05 19:21:55 INFO mt5_bot - Session filter: UTC hour=0 outside [7,21) and [0,0)
2026-05-05 19:22:10 INFO mt5_bot - Balance=102029.96 Equity=102029.96 Spread=21.00 pips
2026-05-05 19:22:10 INFO mt5_bot - Session filter: UTC hour=0 outside [7,21) and [0,0)
2026-05-05 19:22:25 INFO mt5_bot - Balance=102029.96 Equity=102029.96 Spread=21.00 pips
2026-05-05 19:22:25 INFO mt5_bot - Session filter: UTC hour=0 outside [7,21) and [0,0)
2026-05-05 19:22:40 INFO mt5_bot - Balance=102029.96 Equity=102029.96 Spread=21.00 pips
2026-05-05 19:22:40 INFO mt5_bot - Session filter: UTC hour=0 outside [7,21) and [0,0)
2026-05-05 19:22:55 INFO mt5_bot - Balance=102029.96 Equity=102029.96 Spread=21.00 pips
2026-05-05 19:22:55 INFO mt5_bot - Session filter: UTC hour=0 outside [7,21) and [0,0)
2026-05-05 19:23:10 INFO mt5_bot - Balance=102029.96 Equity=102029.96 Spread=21.00 pips
2026-05-05 19:23:10 INFO mt5_bot - Session filter: UTC hour=0 outside [7,21) and [0,0)
2026-05-05 19:23:25 INFO mt5_bot - Balance=102029.96 Equity=102029.96 Spread=21.00 pips
2026-05-05 19:23:25 INFO mt5_bot - Session filter: UTC hour=0 outside [7,21) and [0,0)
2026-05-05 19:23:40 INFO mt5_bot - Balance=102029.96 Equity=102029.96 Spread=21.00 pips
2026-05-05 19:23:40 INFO mt5_bot - Session filter: UTC hour=0 outside [7,21) and [0,0)
2026-05-05 19:23:55 INFO mt5_bot - Balance=102029.96 Equity=102029.96 Spread=20.00 pips
2026-05-05 19:23:55 INFO mt5_bot - Session filter: UTC hour=0 outside [7,21) and [0,0)
2026-05-05 19:24:10 INFO mt5_bot - Balance=102029.96 Equity=102029.96 Spread=21.00 pips
2026-05-05 19:24:10 INFO mt5_bot - Session filter: UTC hour=0 outside [7,21) and [0,0)
2026-05-05 19:24:25 INFO mt5_bot - Balance=102029.96 Equity=102029.96 Spread=21.00 pips
2026-05-05 19:24:25 INFO mt5_bot - Session filter: UTC hour=0 outside [7,21) and [0,0)
2026-05-05 19:24:40 INFO mt5_bot - Balance=102029.96 Equity=102029.96 Spread=21.00 pips
2026-05-05 19:24:40 INFO mt5_bot - Session filter: UTC hour=0 outside [7,21) and [0,0)
2026-05-05 19:24:55 INFO mt5_bot - Balance=102029.96 Equity=102029.96 Spread=21.00 pips
2026-05-05 19:24:55 INFO mt5_bot - Session filter: UTC hour=0 outside [7,21) and [0,0)
2026-05-05 19:25:10 INFO mt5_bot - Balance=102029.96 Equity=102029.96 Spread=21.00 pips
2026-05-05 19:25:10 INFO mt5_bot - Session filter: UTC hour=0 outside [7,21) and [0,0)
2026-05-05 19:25:25 INFO mt5_bot - Balance=102029.96 Equity=102029.96 Spread=21.00 pips
2026-05-05 19:25:25 INFO mt5_bot - Session filter: UTC hour=0 outside [7,21) and [0,0)
2026-05-05 19:25:40 INFO mt5_bot - Balance=102029.96 Equity=102029.96 Spread=21.00 pips
2026-05-05 19:25:40 INFO mt5_bot - Session filter: UTC hour=0 outside [7,21) and [0,0)
2026-05-05 19:25:55 INFO mt5_bot - Balance=102029.96 Equity=102029.96 Spread=21.00 pips
2026-05-05 19:25:55 INFO mt5_bot - Session filter: UTC hour=0 outside [7,21) and [0,0)
2026-05-05 19:26:10 INFO mt5_bot - Balance=102029.96 Equity=102029.96 Spread=21.00 pips
2026-05-05 19:26:10 INFO mt5_bot - Session filter: UTC hour=0 outside [7,21) and [0,0)
2026-05-05 19:26:25 INFO mt5_bot - Balance=102029.96 Equity=102029.96 Spread=21.00 pips
2026-05-05 19:26:25 INFO mt5_bot - Session filter: UTC hour=0 outside [7,21) and [0,0)
2026-05-05 19:26:40 INFO mt5_bot - Balance=102029.96 Equity=102029.96 Spread=21.00 pips
2026-05-05 19:26:40 INFO mt5_bot - Session filter: UTC hour=0 outside [7,21) and [0,0)
2026-05-05 19:26:55 INFO mt5_bot - Balance=102029.96 Equity=102029.96 Spread=21.00 pips
2026-05-05 19:26:55 INFO mt5_bot - Session filter: UTC hour=0 outside [7,21) and [0,0)
2026-05-05 19:27:10 INFO mt5_bot - Balance=102029.96 Equity=102029.96 Spread=21.00 pips
2026-05-05 19:27:10 INFO mt5_bot - Session filter: UTC hour=0 outside [7,21) and [0,0)
2026-05-05 19:27:25 INFO mt5_bot - Balance=102029.96 Equity=102029.96 Spread=21.00 pips
2026-05-05 19:27:25 INFO mt5_bot - Session filter: UTC hour=0 outside [7,21) and [0,0)
2026-05-05 19:27:40 INFO mt5_bot - Balance=102029.96 Equity=102029.96 Spread=21.00 pips
2026-05-05 19:27:40 INFO mt5_bot - Session filter: UTC hour=0 outside [7,21) and [0,0)
2026-05-05 19:27:55 INFO mt5_bot - Balance=102029.96 Equity=102029.96 Spread=21.00 pips
2026-05-05 19:27:55 INFO mt5_bot - Session filter: UTC hour=0 outside [7,21) and [0,0)
2026-05-05 19:28:10 INFO mt5_bot - Balance=102029.96 Equity=102029.96 Spread=21.00 pips
2026-05-05 19:28:10 INFO mt5_bot - Session filter: UTC hour=0 outside [7,21) and [0,0)
2026-05-05 19:28:25 INFO mt5_bot - Balance=102029.96 Equity=102029.96 Spread=21.00 pips
2026-05-05 19:28:25 INFO mt5_bot - Session filter: UTC hour=0 outside [7,21) and [0,0)
2026-05-05 19:28:40 INFO mt5_bot - Balance=102029.96 Equity=102029.96 Spread=21.00 pips
2026-05-05 19:28:40 INFO mt5_bot - Session filter: UTC hour=0 outside [7,21) and [0,0)
2026-05-05 19:28:55 INFO mt5_bot - Balance=102029.96 Equity=102029.96 Spread=21.00 pips
2026-05-05 19:28:55 INFO mt5_bot - Session filter: UTC hour=0 outside [7,21) and [0,0)
2026-05-05 19:29:10 INFO mt5_bot - Balance=102029.96 Equity=102029.96 Spread=21.00 pips
2026-05-05 19:29:10 INFO mt5_bot - Session filter: UTC hour=0 outside [7,21) and [0,0)
2026-05-05 19:29:25 INFO mt5_bot - Balance=102029.96 Equity=102029.96 Spread=21.00 pips
2026-05-05 19:29:25 INFO mt5_bot - Session filter: UTC hour=0 outside [7,21) and [0,0)
2026-05-05 19:29:40 INFO mt5_bot - Balance=102029.96 Equity=102029.96 Spread=21.00 pips
2026-05-05 19:29:40 INFO mt5_bot - Session filter: UTC hour=0 outside [7,21) and [0,0)
2026-05-05 19:29:55 INFO mt5_bot - Balance=102029.96 Equity=102029.96 Spread=30.00 pips
2026-05-05 19:29:55 INFO mt5_bot - Session filter: UTC hour=0 outside [7,21) and [0,0)
2026-05-05 19:30:10 INFO mt5_bot - Balance=102029.96 Equity=102029.96 Spread=29.00 pips
2026-05-05 19:30:10 INFO mt5_bot - Session filter: UTC hour=0 outside [7,21) and [0,0)
2026-05-05 19:30:25 INFO mt5_bot - Balance=102029.96 Equity=102029.96 Spread=23.00 pips
2026-05-05 19:30:25 INFO mt5_bot - Session filter: UTC hour=0 outside [7,21) and [0,0)
2026-05-05 19:30:40 INFO mt5_bot - Balance=102029.96 Equity=102029.96 Spread=21.00 pips
2026-05-05 19:30:40 INFO mt5_bot - Session filter: UTC hour=0 outside [7,21) and [0,0)
2026-05-05 19:30:55 INFO mt5_bot - Balance=102029.96 Equity=102029.96 Spread=21.00 pips
2026-05-05 19:30:55 INFO mt5_bot - Session filter: UTC hour=0 outside [7,21) and [0,0)
2026-05-05 19:31:10 INFO mt5_bot - Balance=102029.96 Equity=102029.96 Spread=21.00 pips
2026-05-05 19:31:10 INFO mt5_bot - Session filter: UTC hour=0 outside [7,21) and [0,0)
2026-05-05 19:31:25 INFO mt5_bot - Balance=102029.96 Equity=102029.96 Spread=21.00 pips
2026-05-05 19:31:25 INFO mt5_bot - Session filter: UTC hour=0 outside [7,21) and [0,0)
2026-05-05 19:31:40 INFO mt5_bot - Balance=102029.96 Equity=102029.96 Spread=21.00 pips
2026-05-05 19:31:40 INFO mt5_bot - Session filter: UTC hour=0 outside [7,21) and [0,0)
2026-05-05 19:31:55 INFO mt5_bot - Balance=102029.96 Equity=102029.96 Spread=21.00 pips
2026-05-05 19:31:55 INFO mt5_bot - Session filter: UTC hour=0 outside [7,21) and [0,0)
2026-05-05 19:32:10 INFO mt5_bot - Balance=102029.96 Equity=102029.96 Spread=21.00 pips
2026-05-05 19:32:10 INFO mt5_bot - Session filter: UTC hour=0 outside [7,21) and [0,0)
2026-05-05 19:32:25 INFO mt5_bot - Balance=102029.96 Equity=102029.96 Spread=28.00 pips
2026-05-05 19:32:25 INFO mt5_bot - Session filter: UTC hour=0 outside [7,21) and [0,0)
2026-05-05 19:32:40 INFO mt5_bot - Balance=102029.96 Equity=102029.96 Spread=21.00 pips
2026-05-05 19:32:40 INFO mt5_bot - Session filter: UTC hour=0 outside [7,21) and [0,0)
2026-05-05 19:32:55 INFO mt5_bot - Balance=102029.96 Equity=102029.96 Spread=21.00 pips
2026-05-05 19:32:55 INFO mt5_bot - Session filter: UTC hour=0 outside [7,21) and [0,0)
2026-05-05 19:33:10 INFO mt5_bot - Balance=102029.96 Equity=102029.96 Spread=21.00 pips
2026-05-05 19:33:10 INFO mt5_bot - Session filter: UTC hour=0 outside [7,21) and [0,0)
2026-05-05 19:33:25 INFO mt5_bot - Balance=102029.96 Equity=102029.96 Spread=21.00 pips
2026-05-05 19:33:25 INFO mt5_bot - Session filter: UTC hour=0 outside [7,21) and [0,0)
2026-05-05 19:33:40 INFO mt5_bot - Balance=102029.96 Equity=102029.96 Spread=21.00 pips
2026-05-05 19:33:40 INFO mt5_bot - Session filter: UTC hour=0 outside [7,21) and [0,0)
2026-05-05 19:33:55 INFO mt5_bot - Balance=102029.96 Equity=102029.96 Spread=14.00 pips
2026-05-05 19:33:55 INFO mt5_bot - Session filter: UTC hour=0 outside [7,21) and [0,0)
2026-05-05 19:34:10 INFO mt5_bot - Balance=102029.96 Equity=102029.96 Spread=21.00 pips
2026-05-05 19:34:10 INFO mt5_bot - Session filter: UTC hour=0 outside [7,21) and [0,0)
2026-05-05 19:34:25 INFO mt5_bot - Balance=102029.96 Equity=102029.96 Spread=21.00 pips
2026-05-05 19:34:25 INFO mt5_bot - Session filter: UTC hour=0 outside [7,21) and [0,0)
2026-05-05 19:34:40 INFO mt5_bot - Balance=102029.96 Equity=102029.96 Spread=23.00 pips
2026-05-05 19:34:40 INFO mt5_bot - Session filter: UTC hour=0 outside [7,21) and [0,0)
2026-05-05 19:34:55 INFO mt5_bot - Balance=102029.96 Equity=102029.96 Spread=21.00 pips
2026-05-05 19:34:55 INFO mt5_bot - Session filter: UTC hour=0 outside [7,21) and [0,0)
2026-05-05 19:35:10 INFO mt5_bot - Balance=102029.96 Equity=102029.96 Spread=21.00 pips
2026-05-05 19:35:10 INFO mt5_bot - Session filter: UTC hour=0 outside [7,21) and [0,0)
2026-05-05 19:35:25 INFO mt5_bot - Balance=102029.96 Equity=102029.96 Spread=21.00 pips
2026-05-05 19:35:25 INFO mt5_bot - Session filter: UTC hour=0 outside [7,21) and [0,0)
2026-05-05 19:35:40 INFO mt5_bot - Balance=102029.96 Equity=102029.96 Spread=21.00 pips
2026-05-05 19:35:40 INFO mt5_bot - Session filter: UTC hour=0 outside [7,21) and [0,0)
2026-05-05 19:35:55 INFO mt5_bot - Balance=102029.96 Equity=102029.96 Spread=21.00 pips
2026-05-05 19:35:55 INFO mt5_bot - Session filter: UTC hour=0 outside [7,21) and [0,0)
2026-05-05 19:36:10 INFO mt5_bot - Balance=102029.96 Equity=102029.96 Spread=21.00 pips
2026-05-05 19:36:10 INFO mt5_bot - Session filter: UTC hour=0 outside [7,21) and [0,0)
2026-05-05 19:36:25 INFO mt5_bot - Balance=102029.96 Equity=102029.96 Spread=11.00 pips
2026-05-05 19:36:25 INFO mt5_bot - Session filter: UTC hour=0 outside [7,21) and [0,0)
2026-05-05 19:36:40 INFO mt5_bot - Balance=102029.96 Equity=102029.96 Spread=21.00 pips
2026-05-05 19:36:40 INFO mt5_bot - Session filter: UTC hour=0 outside [7,21) and [0,0)
2026-05-05 19:36:55 INFO mt5_bot - Balance=102029.96 Equity=102029.96 Spread=21.00 pips
2026-05-05 19:36:55 INFO mt5_bot - Session filter: UTC hour=0 outside [7,21) and [0,0)
2026-05-05 19:37:10 INFO mt5_bot - Balance=102029.96 Equity=102029.96 Spread=21.00 pips
2026-05-05 19:37:10 INFO mt5_bot - Session filter: UTC hour=0 outside [7,21) and [0,0)
2026-05-05 19:37:25 INFO mt5_bot - Balance=102029.96 Equity=102029.96 Spread=21.00 pips
2026-05-05 19:37:25 INFO mt5_bot - Session filter: UTC hour=0 outside [7,21) and [0,0)
2026-05-05 19:37:40 INFO mt5_bot - Balance=102029.96 Equity=102029.96 Spread=21.00 pips
2026-05-05 19:37:40 INFO mt5_bot - Session filter: UTC hour=0 outside [7,21) and [0,0)
2026-05-05 19:37:55 INFO mt5_bot - Balance=102029.96 Equity=102029.96 Spread=21.00 pips
2026-05-05 19:37:55 INFO mt5_bot - Session filter: UTC hour=0 outside [7,21) and [0,0)
2026-05-05 19:38:10 INFO mt5_bot - Balance=102029.96 Equity=102029.96 Spread=21.00 pips
2026-05-05 19:38:10 INFO mt5_bot - Session filter: UTC hour=0 outside [7,21) and [0,0)
2026-05-05 19:38:25 INFO mt5_bot - Balance=102029.96 Equity=102029.96 Spread=21.00 pips
2026-05-05 19:38:25 INFO mt5_bot - Session filter: UTC hour=0 outside [7,21) and [0,0)
2026-05-05 19:38:40 INFO mt5_bot - Balance=102029.96 Equity=102029.96 Spread=21.00 pips
2026-05-05 19:38:40 INFO mt5_bot - Session filter: UTC hour=0 outside [7,21) and [0,0)
2026-05-05 19:38:55 INFO mt5_bot - Balance=102029.96 Equity=102029.96 Spread=21.00 pips
2026-05-05 19:38:55 INFO mt5_bot - Session filter: UTC hour=0 outside [7,21) and [0,0)
2026-05-05 19:39:10 INFO mt5_bot - Balance=102029.96 Equity=102029.96 Spread=21.00 pips
2026-05-05 19:39:10 INFO mt5_bot - Session filter: UTC hour=0 outside [7,21) and [0,0)
2026-05-05 19:39:25 INFO mt5_bot - Balance=102029.96 Equity=102029.96 Spread=21.00 pips
2026-05-05 19:39:25 INFO mt5_bot - Session filter: UTC hour=0 outside [7,21) and [0,0)
2026-05-05 19:39:40 INFO mt5_bot - Balance=102029.96 Equity=102029.96 Spread=21.00 pips
2026-05-05 19:39:40 INFO mt5_bot - Session filter: UTC hour=0 outside [7,21) and [0,0)
2026-05-05 19:39:55 INFO mt5_bot - Balance=102029.96 Equity=102029.96 Spread=21.00 pips
2026-05-05 19:39:55 INFO mt5_bot - Session filter: UTC hour=0 outside [7,21) and [0,0)
2026-05-05 19:40:10 INFO mt5_bot - Balance=102029.96 Equity=102029.96 Spread=21.00 pips
2026-05-05 19:40:10 INFO mt5_bot - Session filter: UTC hour=0 outside [7,21) and [0,0)
2026-05-05 19:40:25 INFO mt5_bot - Balance=102029.96 Equity=102029.96 Spread=21.00 pips
2026-05-05 19:40:25 INFO mt5_bot - Session filter: UTC hour=0 outside [7,21) and [0,0)
2026-05-05 19:40:40 INFO mt5_bot - Balance=102029.96 Equity=102029.96 Spread=23.00 pips
2026-05-05 19:40:40 INFO mt5_bot - Session filter: UTC hour=0 outside [7,21) and [0,0)
2026-05-05 19:40:55 INFO mt5_bot - Balance=102029.96 Equity=102029.96 Spread=20.00 pips
2026-05-05 19:40:55 INFO mt5_bot - Session filter: UTC hour=0 outside [7,21) and [0,0)
2026-05-05 19:41:10 INFO mt5_bot - Balance=102029.96 Equity=102029.96 Spread=21.00 pips
2026-05-05 19:41:10 INFO mt5_bot - Session filter: UTC hour=0 outside [7,21) and [0,0)
2026-05-05 19:41:25 INFO mt5_bot - Balance=102029.96 Equity=102029.96 Spread=21.00 pips
2026-05-05 19:41:25 INFO mt5_bot - Session filter: UTC hour=0 outside [7,21) and [0,0)
2026-05-05 19:41:40 INFO mt5_bot - Balance=102029.96 Equity=102029.96 Spread=21.00 pips
2026-05-05 19:41:40 INFO mt5_bot - Session filter: UTC hour=0 outside [7,21) and [0,0)
2026-05-05 19:41:55 INFO mt5_bot - Balance=102029.96 Equity=102029.96 Spread=23.00 pips
2026-05-05 19:41:55 INFO mt5_bot - Session filter: UTC hour=0 outside [7,21) and [0,0)
2026-05-05 19:42:10 INFO mt5_bot - Balance=102029.96 Equity=102029.96 Spread=23.00 pips
2026-05-05 19:42:10 INFO mt5_bot - Session filter: UTC hour=0 outside [7,21) and [0,0)
2026-05-05 19:42:25 INFO mt5_bot - Balance=102029.96 Equity=102029.96 Spread=21.00 pips
2026-05-05 19:42:25 INFO mt5_bot - Session filter: UTC hour=0 outside [7,21) and [0,0)
2026-05-05 19:42:40 INFO mt5_bot - Balance=102029.96 Equity=102029.96 Spread=22.00 pips
2026-05-05 19:42:40 INFO mt5_bot - Session filter: UTC hour=0 outside [7,21) and [0,0)
2026-05-05 19:42:55 INFO mt5_bot - Balance=102029.96 Equity=102029.96 Spread=20.00 pips
2026-05-05 19:42:55 INFO mt5_bot - Session filter: UTC hour=0 outside [7,21) and [0,0)
2026-05-05 19:43:10 INFO mt5_bot - Balance=102029.96 Equity=102029.96 Spread=21.00 pips
2026-05-05 19:43:10 INFO mt5_bot - Session filter: UTC hour=0 outside [7,21) and [0,0)
2026-05-05 19:43:25 INFO mt5_bot - Balance=102029.96 Equity=102029.96 Spread=21.00 pips
2026-05-05 19:43:25 INFO mt5_bot - Session filter: UTC hour=0 outside [7,21) and [0,0)
2026-05-05 19:43:40 INFO mt5_bot - Balance=102029.96 Equity=102029.96 Spread=17.00 pips
2026-05-05 19:43:40 INFO mt5_bot - Session filter: UTC hour=0 outside [7,21) and [0,0)
2026-05-05 19:43:55 INFO mt5_bot - Balance=102029.96 Equity=102029.96 Spread=17.00 pips
2026-05-05 19:43:55 INFO mt5_bot - Session filter: UTC hour=0 outside [7,21) and [0,0)
2026-05-05 19:44:10 INFO mt5_bot - Balance=102029.96 Equity=102029.96 Spread=21.00 pips
2026-05-05 19:44:10 INFO mt5_bot - Session filter: UTC hour=0 outside [7,21) and [0,0)
2026-05-05 19:44:25 INFO mt5_bot - Balance=102029.96 Equity=102029.96 Spread=21.00 pips
2026-05-05 19:44:25 INFO mt5_bot - Session filter: UTC hour=0 outside [7,21) and [0,0)
2026-05-05 19:44:40 INFO mt5_bot - Balance=102029.96 Equity=102029.96 Spread=21.00 pips
2026-05-05 19:44:40 INFO mt5_bot - Session filter: UTC hour=0 outside [7,21) and [0,0)
2026-05-05 19:44:55 INFO mt5_bot - Balance=102029.96 Equity=102029.96 Spread=21.00 pips
2026-05-05 19:44:55 INFO mt5_bot - Session filter: UTC hour=0 outside [7,21) and [0,0)
2026-05-05 19:45:10 INFO mt5_bot - Balance=102029.96 Equity=102029.96 Spread=21.00 pips
2026-05-05 19:45:10 INFO mt5_bot - Session filter: UTC hour=0 outside [7,21) and [0,0)
2026-05-05 19:45:25 INFO mt5_bot - Balance=102029.96 Equity=102029.96 Spread=20.00 pips
2026-05-05 19:45:25 INFO mt5_bot - Session filter: UTC hour=0 outside [7,21) and [0,0)
2026-05-05 19:45:40 INFO mt5_bot - Balance=102029.96 Equity=102029.96 Spread=19.00 pips
2026-05-05 19:45:40 INFO mt5_bot - Session filter: UTC hour=0 outside [7,21) and [0,0)
2026-05-05 19:45:55 INFO mt5_bot - Balance=102029.96 Equity=102029.96 Spread=21.00 pips
2026-05-05 19:45:55 INFO mt5_bot - Session filter: UTC hour=0 outside [7,21) and [0,0)
2026-05-05 19:46:10 INFO mt5_bot - Balance=102029.96 Equity=102029.96 Spread=21.00 pips
2026-05-05 19:46:10 INFO mt5_bot - Session filter: UTC hour=0 outside [7,21) and [0,0)
2026-05-05 19:46:25 INFO mt5_bot - Balance=102029.96 Equity=102029.96 Spread=21.00 pips
2026-05-05 19:46:25 INFO mt5_bot - Session filter: UTC hour=0 outside [7,21) and [0,0)
2026-05-05 19:46:40 INFO mt5_bot - Balance=102029.96 Equity=102029.96 Spread=21.00 pips
2026-05-05 19:46:40 INFO mt5_bot - Session filter: UTC hour=0 outside [7,21) and [0,0)
2026-05-05 19:46:55 INFO mt5_bot - Balance=102029.96 Equity=102029.96 Spread=21.00 pips
2026-05-05 19:46:55 INFO mt5_bot - Session filter: UTC hour=0 outside [7,21) and [0,0)
2026-05-05 19:47:10 INFO mt5_bot - Balance=102029.96 Equity=102029.96 Spread=4.00 pips
2026-05-05 19:47:10 INFO mt5_bot - Session filter: UTC hour=0 outside [7,21) and [0,0)
2026-05-05 19:47:25 INFO mt5_bot - Balance=102029.96 Equity=102029.96 Spread=9.00 pips
2026-05-05 19:47:25 INFO mt5_bot - Session filter: UTC hour=0 outside [7,21) and [0,0)
2026-05-05 19:47:40 INFO mt5_bot - Balance=102029.96 Equity=102029.96 Spread=21.00 pips
2026-05-05 19:47:40 INFO mt5_bot - Session filter: UTC hour=0 outside [7,21) and [0,0)
2026-05-05 19:47:55 INFO mt5_bot - Balance=102029.96 Equity=102029.96 Spread=17.00 pips
2026-05-05 19:47:55 INFO mt5_bot - Session filter: UTC hour=0 outside [7,21) and [0,0)
2026-05-05 19:48:10 INFO mt5_bot - Balance=102029.96 Equity=102029.96 Spread=21.00 pips
2026-05-05 19:48:10 INFO mt5_bot - Session filter: UTC hour=0 outside [7,21) and [0,0)
2026-05-05 19:48:25 INFO mt5_bot - Balance=102029.96 Equity=102029.96 Spread=21.00 pips
2026-05-05 19:48:25 INFO mt5_bot - Session filter: UTC hour=0 outside [7,21) and [0,0)
2026-05-05 19:48:40 INFO mt5_bot - Balance=102029.96 Equity=102029.96 Spread=21.00 pips
2026-05-05 19:48:40 INFO mt5_bot - Session filter: UTC hour=0 outside [7,21) and [0,0)
2026-05-05 19:48:55 INFO mt5_bot - Balance=102029.96 Equity=102029.96 Spread=21.00 pips
2026-05-05 19:48:55 INFO mt5_bot - Session filter: UTC hour=0 outside [7,21) and [0,0)
2026-05-05 19:49:10 INFO mt5_bot - Balance=102029.96 Equity=102029.96 Spread=21.00 pips
2026-05-05 19:49:10 INFO mt5_bot - Session filter: UTC hour=0 outside [7,21) and [0,0)
2026-05-05 19:49:25 INFO mt5_bot - Balance=102029.96 Equity=102029.96 Spread=21.00 pips
2026-05-05 19:49:25 INFO mt5_bot - Session filter: UTC hour=0 outside [7,21) and [0,0)
2026-05-05 19:49:40 INFO mt5_bot - Balance=102029.96 Equity=102029.96 Spread=21.00 pips
2026-05-05 19:49:40 INFO mt5_bot - Session filter: UTC hour=0 outside [7,21) and [0,0)
2026-05-05 19:49:55 INFO mt5_bot - Balance=102029.96 Equity=102029.96 Spread=21.00 pips
2026-05-05 19:49:55 INFO mt5_bot - Session filter: UTC hour=0 outside [7,21) and [0,0)
2026-05-05 19:50:10 INFO mt5_bot - Balance=102029.96 Equity=102029.96 Spread=17.00 pips
2026-05-05 19:50:10 INFO mt5_bot - Session filter: UTC hour=0 outside [7,21) and [0,0)
2026-05-05 19:50:25 INFO mt5_bot - Balance=102029.96 Equity=102029.96 Spread=4.00 pips
2026-05-05 19:50:25 INFO mt5_bot - Session filter: UTC hour=0 outside [7,21) and [0,0)
2026-05-05 19:50:40 INFO mt5_bot - Balance=102029.96 Equity=102029.96 Spread=5.00 pips
2026-05-05 19:50:40 INFO mt5_bot - Session filter: UTC hour=0 outside [7,21) and [0,0)
2026-05-05 19:50:55 INFO mt5_bot - Balance=102029.96 Equity=102029.96 Spread=19.00 pips
2026-05-05 19:50:55 INFO mt5_bot - Session filter: UTC hour=0 outside [7,21) and [0,0)
2026-05-05 19:51:10 INFO mt5_bot - Balance=102029.96 Equity=102029.96 Spread=4.00 pips
2026-05-05 19:51:10 INFO mt5_bot - Session filter: UTC hour=0 outside [7,21) and [0,0)
2026-05-05 19:51:25 INFO mt5_bot - Balance=102029.96 Equity=102029.96 Spread=21.00 pips
2026-05-05 19:51:25 INFO mt5_bot - Session filter: UTC hour=0 outside [7,21) and [0,0)
2026-05-05 19:51:40 INFO mt5_bot - Balance=102029.96 Equity=102029.96 Spread=18.00 pips
2026-05-05 19:51:40 INFO mt5_bot - Session filter: UTC hour=0 outside [7,21) and [0,0)
2026-05-05 19:51:55 INFO mt5_bot - Balance=102029.96 Equity=102029.96 Spread=21.00 pips
2026-05-05 19:51:55 INFO mt5_bot - Session filter: UTC hour=0 outside [7,21) and [0,0)
2026-05-05 19:52:10 INFO mt5_bot - Balance=102029.96 Equity=102029.96 Spread=18.00 pips
2026-05-05 19:52:10 INFO mt5_bot - Session filter: UTC hour=0 outside [7,21) and [0,0)
2026-05-05 19:52:25 INFO mt5_bot - Balance=102029.96 Equity=102029.96 Spread=21.00 pips
2026-05-05 19:52:25 INFO mt5_bot - Session filter: UTC hour=0 outside [7,21) and [0,0)
2026-05-05 19:52:40 INFO mt5_bot - Balance=102029.96 Equity=102029.96 Spread=22.00 pips
2026-05-05 19:52:40 INFO mt5_bot - Session filter: UTC hour=0 outside [7,21) and [0,0)
2026-05-05 19:52:55 INFO mt5_bot - Balance=102029.96 Equity=102029.96 Spread=4.00 pips
2026-05-05 19:52:55 INFO mt5_bot - Session filter: UTC hour=0 outside [7,21) and [0,0)
2026-05-05 19:53:10 INFO mt5_bot - Balance=102029.96 Equity=102029.96 Spread=4.00 pips
2026-05-05 19:53:10 INFO mt5_bot - Session filter: UTC hour=0 outside [7,21) and [0,0)
2026-05-05 19:53:25 INFO mt5_bot - Balance=102029.96 Equity=102029.96 Spread=21.00 pips
2026-05-05 19:53:25 INFO mt5_bot - Session filter: UTC hour=0 outside [7,21) and [0,0)
2026-05-05 19:53:40 INFO mt5_bot - Balance=102029.96 Equity=102029.96 Spread=21.00 pips
2026-05-05 19:53:40 INFO mt5_bot - Session filter: UTC hour=0 outside [7,21) and [0,0)
2026-05-05 19:53:55 INFO mt5_bot - Balance=102029.96 Equity=102029.96 Spread=21.00 pips
2026-05-05 19:53:55 INFO mt5_bot - Session filter: UTC hour=0 outside [7,21) and [0,0)
2026-05-05 19:54:10 INFO mt5_bot - Balance=102029.96 Equity=102029.96 Spread=17.00 pips
2026-05-05 19:54:10 INFO mt5_bot - Session filter: UTC hour=0 outside [7,21) and [0,0)
2026-05-05 19:54:25 INFO mt5_bot - Balance=102029.96 Equity=102029.96 Spread=21.00 pips
2026-05-05 19:54:25 INFO mt5_bot - Session filter: UTC hour=0 outside [7,21) and [0,0)
2026-05-05 19:54:40 INFO mt5_bot - Balance=102029.96 Equity=102029.96 Spread=15.00 pips
2026-05-05 19:54:40 INFO mt5_bot - Session filter: UTC hour=0 outside [7,21) and [0,0)
2026-05-05 19:54:55 INFO mt5_bot - Balance=102029.96 Equity=102029.96 Spread=21.00 pips
2026-05-05 19:54:55 INFO mt5_bot - Session filter: UTC hour=0 outside [7,21) and [0,0)
2026-05-05 19:55:10 INFO mt5_bot - Balance=102029.96 Equity=102029.96 Spread=24.00 pips
2026-05-05 19:55:10 INFO mt5_bot - Session filter: UTC hour=0 outside [7,21) and [0,0)
2026-05-05 19:55:25 INFO mt5_bot - Balance=102029.96 Equity=102029.96 Spread=4.00 pips
2026-05-05 19:55:25 INFO mt5_bot - Session filter: UTC hour=0 outside [7,21) and [0,0)
2026-05-05 19:55:40 INFO mt5_bot - Balance=102029.96 Equity=102029.96 Spread=21.00 pips
2026-05-05 19:55:40 INFO mt5_bot - Session filter: UTC hour=0 outside [7,21) and [0,0)
2026-05-05 19:55:55 INFO mt5_bot - Balance=102029.96 Equity=102029.96 Spread=19.00 pips
2026-05-05 19:55:55 INFO mt5_bot - Session filter: UTC hour=0 outside [7,21) and [0,0)
2026-05-05 19:56:10 INFO mt5_bot - Balance=102029.96 Equity=102029.96 Spread=21.00 pips
2026-05-05 19:56:10 INFO mt5_bot - Session filter: UTC hour=0 outside [7,21) and [0,0)
2026-05-05 19:56:25 INFO mt5_bot - Balance=102029.96 Equity=102029.96 Spread=21.00 pips
2026-05-05 19:56:25 INFO mt5_bot - Session filter: UTC hour=0 outside [7,21) and [0,0)
2026-05-05 19:56:40 INFO mt5_bot - Balance=102029.96 Equity=102029.96 Spread=21.00 pips
2026-05-05 19:56:40 INFO mt5_bot - Session filter: UTC hour=0 outside [7,21) and [0,0)
2026-05-05 19:56:55 INFO mt5_bot - Balance=102029.96 Equity=102029.96 Spread=21.00 pips
2026-05-05 19:56:55 INFO mt5_bot - Session filter: UTC hour=0 outside [7,21) and [0,0)
2026-05-05 19:57:10 INFO mt5_bot - Balance=102029.96 Equity=102029.96 Spread=21.00 pips
2026-05-05 19:57:10 INFO mt5_bot - Session filter: UTC hour=0 outside [7,21) and [0,0)
2026-05-05 19:57:25 INFO mt5_bot - Balance=102029.96 Equity=102029.96 Spread=21.00 pips
2026-05-05 19:57:25 INFO mt5_bot - Session filter: UTC hour=0 outside [7,21) and [0,0)
2026-05-05 19:57:40 INFO mt5_bot - Balance=102029.96 Equity=102029.96 Spread=21.00 pips
2026-05-05 19:57:40 INFO mt5_bot - Session filter: UTC hour=0 outside [7,21) and [0,0)
2026-05-05 19:57:55 INFO mt5_bot - Balance=102029.96 Equity=102029.96 Spread=20.00 pips
2026-05-05 19:57:55 INFO mt5_bot - Session filter: UTC hour=0 outside [7,21) and [0,0)
2026-05-05 19:58:10 INFO mt5_bot - Balance=102029.96 Equity=102029.96 Spread=21.00 pips
2026-05-05 19:58:10 INFO mt5_bot - Session filter: UTC hour=0 outside [7,21) and [0,0)
2026-05-05 19:58:25 INFO mt5_bot - Balance=102029.96 Equity=102029.96 Spread=21.00 pips
2026-05-05 19:58:25 INFO mt5_bot - Session filter: UTC hour=0 outside [7,21) and [0,0)
2026-05-05 19:58:40 INFO mt5_bot - Balance=102029.96 Equity=102029.96 Spread=21.00 pips
2026-05-05 19:58:40 INFO mt5_bot - Session filter: UTC hour=0 outside [7,21) and [0,0)
2026-05-05 19:58:55 INFO mt5_bot - Balance=102029.96 Equity=102029.96 Spread=21.00 pips
2026-05-05 19:58:55 INFO mt5_bot - Session filter: UTC hour=0 outside [7,21) and [0,0)
2026-05-05 19:59:10 INFO mt5_bot - Balance=102029.96 Equity=102029.96 Spread=21.00 pips
2026-05-05 19:59:10 INFO mt5_bot - Session filter: UTC hour=0 outside [7,21) and [0,0)
2026-05-05 19:59:25 INFO mt5_bot - Balance=102029.96 Equity=102029.96 Spread=21.00 pips
2026-05-05 19:59:25 INFO mt5_bot - Session filter: UTC hour=0 outside [7,21) and [0,0)
2026-05-05 19:59:40 INFO mt5_bot - Balance=102029.96 Equity=102029.96 Spread=22.00 pips
2026-05-05 19:59:40 INFO mt5_bot - Session filter: UTC hour=0 outside [7,21) and [0,0)
2026-05-05 19:59:55 INFO mt5_bot - Balance=102029.96 Equity=102029.96 Spread=17.00 pips
2026-05-05 19:59:55 INFO mt5_bot - Session filter: UTC hour=0 outside [7,21) and [0,0)
2026-05-05 20:00:11 INFO mt5_bot - Balance=102029.96 Equity=102029.96 Spread=18.00 pips
2026-05-05 20:00:11 INFO mt5_bot - Session filter: UTC hour=1 outside [7,21) and [0,0)
2026-05-05 20:00:26 INFO mt5_bot - Balance=102029.96 Equity=102029.96 Spread=21.00 pips
2026-05-05 20:00:26 INFO mt5_bot - Session filter: UTC hour=1 outside [7,21) and [0,0)
2026-05-05 20:00:41 INFO mt5_bot - Balance=102029.96 Equity=102029.96 Spread=21.00 pips
2026-05-05 20:00:41 INFO mt5_bot - Session filter: UTC hour=1 outside [7,21) and [0,0)
2026-05-05 20:00:56 INFO mt5_bot - Balance=102029.96 Equity=102029.96 Spread=21.00 pips
2026-05-05 20:00:56 INFO mt5_bot - Session filter: UTC hour=1 outside [7,21) and [0,0)
2026-05-05 20:01:11 INFO mt5_bot - Balance=102029.96 Equity=102029.96 Spread=15.00 pips
2026-05-05 20:01:11 INFO mt5_bot - Session filter: UTC hour=1 outside [7,21) and [0,0)
2026-05-05 20:01:26 INFO mt5_bot - Balance=102029.96 Equity=102029.96 Spread=21.00 pips
2026-05-05 20:01:26 INFO mt5_bot - Session filter: UTC hour=1 outside [7,21) and [0,0)
2026-05-05 20:01:41 INFO mt5_bot - Balance=102029.96 Equity=102029.96 Spread=21.00 pips
2026-05-05 20:01:41 INFO mt5_bot - Session filter: UTC hour=1 outside [7,21) and [0,0)
2026-05-05 20:01:56 INFO mt5_bot - Balance=102029.96 Equity=102029.96 Spread=21.00 pips
2026-05-05 20:01:56 INFO mt5_bot - Session filter: UTC hour=1 outside [7,21) and [0,0)
2026-05-05 20:02:11 INFO mt5_bot - Balance=102029.96 Equity=102029.96 Spread=21.00 pips
2026-05-05 20:02:11 INFO mt5_bot - Session filter: UTC hour=1 outside [7,21) and [0,0)
2026-05-05 20:02:26 INFO mt5_bot - Balance=102029.96 Equity=102029.96 Spread=21.00 pips
2026-05-05 20:02:26 INFO mt5_bot - Session filter: UTC hour=1 outside [7,21) and [0,0)
2026-05-05 20:02:41 INFO mt5_bot - Balance=102029.96 Equity=102029.96 Spread=21.00 pips
2026-05-05 20:02:41 INFO mt5_bot - Session filter: UTC hour=1 outside [7,21) and [0,0)
2026-05-05 20:02:56 INFO mt5_bot - Balance=102029.96 Equity=102029.96 Spread=21.00 pips
2026-05-05 20:02:56 INFO mt5_bot - Session filter: UTC hour=1 outside [7,21) and [0,0)
2026-05-05 20:03:11 INFO mt5_bot - Balance=102029.96 Equity=102029.96 Spread=21.00 pips
2026-05-05 20:03:11 INFO mt5_bot - Session filter: UTC hour=1 outside [7,21) and [0,0)
2026-05-05 20:03:26 INFO mt5_bot - Balance=102029.96 Equity=102029.96 Spread=21.00 pips
2026-05-05 20:03:26 INFO mt5_bot - Session filter: UTC hour=1 outside [7,21) and [0,0)
2026-05-05 20:03:41 INFO mt5_bot - Balance=102029.96 Equity=102029.96 Spread=21.00 pips
2026-05-05 20:03:41 INFO mt5_bot - Session filter: UTC hour=1 outside [7,21) and [0,0)
2026-05-05 20:03:56 INFO mt5_bot - Balance=102029.96 Equity=102029.96 Spread=17.00 pips
2026-05-05 20:03:56 INFO mt5_bot - Session filter: UTC hour=1 outside [7,21) and [0,0)
2026-05-05 20:04:11 INFO mt5_bot - Balance=102029.96 Equity=102029.96 Spread=14.00 pips
2026-05-05 20:04:11 INFO mt5_bot - Session filter: UTC hour=1 outside [7,21) and [0,0)
2026-05-05 20:04:26 INFO mt5_bot - Balance=102029.96 Equity=102029.96 Spread=21.00 pips
2026-05-05 20:04:26 INFO mt5_bot - Session filter: UTC hour=1 outside [7,21) and [0,0)
2026-05-05 20:04:41 INFO mt5_bot - Balance=102029.96 Equity=102029.96 Spread=21.00 pips
2026-05-05 20:04:41 INFO mt5_bot - Session filter: UTC hour=1 outside [7,21) and [0,0)
2026-05-05 20:04:56 INFO mt5_bot - Balance=102029.96 Equity=102029.96 Spread=6.00 pips
2026-05-05 20:04:56 INFO mt5_bot - Session filter: UTC hour=1 outside [7,21) and [0,0)
2026-05-05 20:05:11 INFO mt5_bot - Balance=102029.96 Equity=102029.96 Spread=21.00 pips
2026-05-05 20:05:11 INFO mt5_bot - Session filter: UTC hour=1 outside [7,21) and [0,0)
2026-05-05 20:05:26 INFO mt5_bot - Balance=102029.96 Equity=102029.96 Spread=21.00 pips
2026-05-05 20:05:26 INFO mt5_bot - Session filter: UTC hour=1 outside [7,21) and [0,0)
2026-05-05 20:05:41 INFO mt5_bot - Balance=102029.96 Equity=102029.96 Spread=21.00 pips
2026-05-05 20:05:41 INFO mt5_bot - Session filter: UTC hour=1 outside [7,21) and [0,0)
2026-05-05 20:05:56 INFO mt5_bot - Balance=102029.96 Equity=102029.96 Spread=15.00 pips
2026-05-05 20:05:56 INFO mt5_bot - Session filter: UTC hour=1 outside [7,21) and [0,0)
2026-05-05 20:06:11 INFO mt5_bot - Balance=102029.96 Equity=102029.96 Spread=16.00 pips
2026-05-05 20:06:11 INFO mt5_bot - Session filter: UTC hour=1 outside [7,21) and [0,0)
2026-05-05 20:06:26 INFO mt5_bot - Balance=102029.96 Equity=102029.96 Spread=21.00 pips
2026-05-05 20:06:26 INFO mt5_bot - Session filter: UTC hour=1 outside [7,21) and [0,0)
2026-05-05 20:06:41 INFO mt5_bot - Balance=102029.96 Equity=102029.96 Spread=20.00 pips
2026-05-05 20:06:41 INFO mt5_bot - Session filter: UTC hour=1 outside [7,21) and [0,0)
2026-05-05 20:06:56 INFO mt5_bot - Balance=102029.96 Equity=102029.96 Spread=21.00 pips
2026-05-05 20:06:56 INFO mt5_bot - Session filter: UTC hour=1 outside [7,21) and [0,0)
2026-05-05 20:07:11 INFO mt5_bot - Balance=102029.96 Equity=102029.96 Spread=21.00 pips
2026-05-05 20:07:11 INFO mt5_bot - Session filter: UTC hour=1 outside [7,21) and [0,0)
2026-05-05 20:07:26 INFO mt5_bot - Balance=102029.96 Equity=102029.96 Spread=23.00 pips
2026-05-05 20:07:26 INFO mt5_bot - Session filter: UTC hour=1 outside [7,21) and [0,0)
2026-05-05 20:07:41 INFO mt5_bot - Balance=102029.96 Equity=102029.96 Spread=21.00 pips
2026-05-05 20:07:41 INFO mt5_bot - Session filter: UTC hour=1 outside [7,21) and [0,0)
2026-05-05 20:07:56 INFO mt5_bot - Balance=102029.96 Equity=102029.96 Spread=21.00 pips
2026-05-05 20:07:56 INFO mt5_bot - Session filter: UTC hour=1 outside [7,21) and [0,0)
2026-05-05 20:08:11 INFO mt5_bot - Balance=102029.96 Equity=102029.96 Spread=18.00 pips
2026-05-05 20:08:11 INFO mt5_bot - Session filter: UTC hour=1 outside [7,21) and [0,0)
2026-05-05 20:08:26 INFO mt5_bot - Balance=102029.96 Equity=102029.96 Spread=17.00 pips
2026-05-05 20:08:26 INFO mt5_bot - Session filter: UTC hour=1 outside [7,21) and [0,0)
2026-05-05 20:08:41 INFO mt5_bot - Balance=102029.96 Equity=102029.96 Spread=21.00 pips
2026-05-05 20:08:41 INFO mt5_bot - Session filter: UTC hour=1 outside [7,21) and [0,0)
2026-05-05 20:08:56 INFO mt5_bot - Balance=102029.96 Equity=102029.96 Spread=20.00 pips
2026-05-05 20:08:56 INFO mt5_bot - Session filter: UTC hour=1 outside [7,21) and [0,0)
2026-05-05 20:09:11 INFO mt5_bot - Balance=102029.96 Equity=102029.96 Spread=21.00 pips
2026-05-05 20:09:11 INFO mt5_bot - Session filter: UTC hour=1 outside [7,21) and [0,0)
2026-05-05 20:09:26 INFO mt5_bot - Balance=102029.96 Equity=102029.96 Spread=21.00 pips
2026-05-05 20:09:26 INFO mt5_bot - Session filter: UTC hour=1 outside [7,21) and [0,0)
2026-05-05 20:09:41 INFO mt5_bot - Balance=102029.96 Equity=102029.96 Spread=21.00 pips
2026-05-05 20:09:41 INFO mt5_bot - Session filter: UTC hour=1 outside [7,21) and [0,0)
2026-05-05 20:09:56 INFO mt5_bot - Balance=102029.96 Equity=102029.96 Spread=21.00 pips
2026-05-05 20:09:56 INFO mt5_bot - Session filter: UTC hour=1 outside [7,21) and [0,0)
2026-05-05 20:10:11 INFO mt5_bot - Balance=102029.96 Equity=102029.96 Spread=21.00 pips
2026-05-05 20:10:11 INFO mt5_bot - Session filter: UTC hour=1 outside [7,21) and [0,0)
2026-05-05 20:10:26 INFO mt5_bot - Balance=102029.96 Equity=102029.96 Spread=21.00 pips
2026-05-05 20:10:26 INFO mt5_bot - Session filter: UTC hour=1 outside [7,21) and [0,0)
2026-05-05 20:10:41 INFO mt5_bot - Balance=102029.96 Equity=102029.96 Spread=21.00 pips
2026-05-05 20:10:41 INFO mt5_bot - Session filter: UTC hour=1 outside [7,21) and [0,0)
2026-05-05 20:10:56 INFO mt5_bot - Balance=102029.96 Equity=102029.96 Spread=21.00 pips
2026-05-05 20:10:56 INFO mt5_bot - Session filter: UTC hour=1 outside [7,21) and [0,0)
2026-05-05 20:11:11 INFO mt5_bot - Balance=102029.96 Equity=102029.96 Spread=21.00 pips
2026-05-05 20:11:11 INFO mt5_bot - Session filter: UTC hour=1 outside [7,21) and [0,0)
2026-05-05 20:11:26 INFO mt5_bot - Balance=102029.96 Equity=102029.96 Spread=21.00 pips
2026-05-05 20:11:26 INFO mt5_bot - Session filter: UTC hour=1 outside [7,21) and [0,0)
2026-05-05 20:11:41 INFO mt5_bot - Balance=102029.96 Equity=102029.96 Spread=19.00 pips
2026-05-05 20:11:41 INFO mt5_bot - Session filter: UTC hour=1 outside [7,21) and [0,0)
2026-05-05 20:11:56 INFO mt5_bot - Balance=102029.96 Equity=102029.96 Spread=21.00 pips
2026-05-05 20:11:56 INFO mt5_bot - Session filter: UTC hour=1 outside [7,21) and [0,0)
2026-05-05 20:12:11 INFO mt5_bot - Balance=102029.96 Equity=102029.96 Spread=21.00 pips
2026-05-05 20:12:11 INFO mt5_bot - Session filter: UTC hour=1 outside [7,21) and [0,0)
2026-05-05 20:12:26 INFO mt5_bot - Balance=102029.96 Equity=102029.96 Spread=21.00 pips
2026-05-05 20:12:26 INFO mt5_bot - Session filter: UTC hour=1 outside [7,21) and [0,0)
2026-05-05 20:12:41 INFO mt5_bot - Balance=102029.96 Equity=102029.96 Spread=21.00 pips
2026-05-05 20:12:41 INFO mt5_bot - Session filter: UTC hour=1 outside [7,21) and [0,0)
2026-05-05 20:12:56 INFO mt5_bot - Balance=102029.96 Equity=102029.96 Spread=21.00 pips
2026-05-05 20:12:56 INFO mt5_bot - Session filter: UTC hour=1 outside [7,21) and [0,0)
2026-05-05 20:13:11 INFO mt5_bot - Balance=102029.96 Equity=102029.96 Spread=21.00 pips
2026-05-05 20:13:11 INFO mt5_bot - Session filter: UTC hour=1 outside [7,21) and [0,0)
2026-05-05 20:13:26 INFO mt5_bot - Balance=102029.96 Equity=102029.96 Spread=21.00 pips
2026-05-05 20:13:26 INFO mt5_bot - Session filter: UTC hour=1 outside [7,21) and [0,0)
2026-05-05 20:13:41 INFO mt5_bot - Balance=102029.96 Equity=102029.96 Spread=21.00 pips
2026-05-05 20:13:41 INFO mt5_bot - Session filter: UTC hour=1 outside [7,21) and [0,0)
2026-05-05 20:13:56 INFO mt5_bot - Balance=102029.96 Equity=102029.96 Spread=21.00 pips
2026-05-05 20:13:56 INFO mt5_bot - Session filter: UTC hour=1 outside [7,21) and [0,0)
2026-05-05 20:14:11 INFO mt5_bot - Balance=102029.96 Equity=102029.96 Spread=21.00 pips
2026-05-05 20:14:11 INFO mt5_bot - Session filter: UTC hour=1 outside [7,21) and [0,0)
2026-05-05 20:14:26 INFO mt5_bot - Balance=102029.96 Equity=102029.96 Spread=21.00 pips
2026-05-05 20:14:26 INFO mt5_bot - Session filter: UTC hour=1 outside [7,21) and [0,0)
2026-05-05 20:14:41 INFO mt5_bot - Balance=102029.96 Equity=102029.96 Spread=21.00 pips
2026-05-05 20:14:41 INFO mt5_bot - Session filter: UTC hour=1 outside [7,21) and [0,0)
2026-05-05 20:14:56 INFO mt5_bot - Balance=102029.96 Equity=102029.96 Spread=21.00 pips
2026-05-05 20:14:56 INFO mt5_bot - Session filter: UTC hour=1 outside [7,21) and [0,0)
2026-05-05 20:15:11 INFO mt5_bot - Balance=102029.96 Equity=102029.96 Spread=21.00 pips
2026-05-05 20:15:11 INFO mt5_bot - Session filter: UTC hour=1 outside [7,21) and [0,0)
2026-05-05 20:15:26 INFO mt5_bot - Balance=102029.96 Equity=102029.96 Spread=21.00 pips
2026-05-05 20:15:26 INFO mt5_bot - Session filter: UTC hour=1 outside [7,21) and [0,0)
2026-05-05 20:15:41 INFO mt5_bot - Balance=102029.96 Equity=102029.96 Spread=21.00 pips
2026-05-05 20:15:41 INFO mt5_bot - Session filter: UTC hour=1 outside [7,21) and [0,0)
2026-05-05 20:15:56 INFO mt5_bot - Balance=102029.96 Equity=102029.96 Spread=21.00 pips
2026-05-05 20:15:56 INFO mt5_bot - Session filter: UTC hour=1 outside [7,21) and [0,0)
2026-05-05 20:16:11 INFO mt5_bot - Balance=102029.96 Equity=102029.96 Spread=21.00 pips
2026-05-05 20:16:11 INFO mt5_bot - Session filter: UTC hour=1 outside [7,21) and [0,0)
2026-05-05 20:16:26 INFO mt5_bot - Balance=102029.96 Equity=102029.96 Spread=21.00 pips
2026-05-05 20:16:26 INFO mt5_bot - Session filter: UTC hour=1 outside [7,21) and [0,0)
2026-05-05 20:16:41 INFO mt5_bot - Balance=102029.96 Equity=102029.96 Spread=21.00 pips
2026-05-05 20:16:41 INFO mt5_bot - Session filter: UTC hour=1 outside [7,21) and [0,0)
2026-05-05 20:16:56 INFO mt5_bot - Balance=102029.96 Equity=102029.96 Spread=21.00 pips
2026-05-05 20:16:56 INFO mt5_bot - Session filter: UTC hour=1 outside [7,21) and [0,0)
2026-05-05 20:17:11 INFO mt5_bot - Balance=102029.96 Equity=102029.96 Spread=21.00 pips
2026-05-05 20:17:11 INFO mt5_bot - Session filter: UTC hour=1 outside [7,21) and [0,0)
2026-05-05 20:17:26 INFO mt5_bot - Balance=102029.96 Equity=102029.96 Spread=21.00 pips
2026-05-05 20:17:26 INFO mt5_bot - Session filter: UTC hour=1 outside [7,21) and [0,0)
2026-05-05 20:17:41 INFO mt5_bot - Balance=102029.96 Equity=102029.96 Spread=21.00 pips
2026-05-05 20:17:41 INFO mt5_bot - Session filter: UTC hour=1 outside [7,21) and [0,0)
2026-05-05 20:17:56 INFO mt5_bot - Balance=102029.96 Equity=102029.96 Spread=21.00 pips
2026-05-05 20:17:56 INFO mt5_bot - Session filter: UTC hour=1 outside [7,21) and [0,0)
2026-05-05 20:18:11 INFO mt5_bot - Balance=102029.96 Equity=102029.96 Spread=21.00 pips
2026-05-05 20:18:11 INFO mt5_bot - Session filter: UTC hour=1 outside [7,21) and [0,0)
2026-05-05 20:18:26 INFO mt5_bot - Balance=102029.96 Equity=102029.96 Spread=4.00 pips
2026-05-05 20:18:26 INFO mt5_bot - Session filter: UTC hour=1 outside [7,21) and [0,0)
2026-05-05 20:18:41 INFO mt5_bot - Balance=102029.96 Equity=102029.96 Spread=21.00 pips
2026-05-05 20:18:41 INFO mt5_bot - Session filter: UTC hour=1 outside [7,21) and [0,0)
2026-05-05 20:18:56 INFO mt5_bot - Balance=102029.96 Equity=102029.96 Spread=23.00 pips
2026-05-05 20:18:56 INFO mt5_bot - Session filter: UTC hour=1 outside [7,21) and [0,0)
2026-05-05 20:19:11 INFO mt5_bot - Balance=102029.96 Equity=102029.96 Spread=21.00 pips
2026-05-05 20:19:11 INFO mt5_bot - Session filter: UTC hour=1 outside [7,21) and [0,0)
2026-05-05 20:19:26 INFO mt5_bot - Balance=102029.96 Equity=102029.96 Spread=19.00 pips
2026-05-05 20:19:26 INFO mt5_bot - Session filter: UTC hour=1 outside [7,21) and [0,0)
2026-05-05 20:19:41 INFO mt5_bot - Balance=102029.96 Equity=102029.96 Spread=21.00 pips
2026-05-05 20:19:41 INFO mt5_bot - Session filter: UTC hour=1 outside [7,21) and [0,0)
2026-05-05 20:19:56 INFO mt5_bot - Balance=102029.96 Equity=102029.96 Spread=21.00 pips
2026-05-05 20:19:56 INFO mt5_bot - Session filter: UTC hour=1 outside [7,21) and [0,0)
2026-05-05 20:20:11 INFO mt5_bot - Balance=102029.96 Equity=102029.96 Spread=21.00 pips
2026-05-05 20:20:11 INFO mt5_bot - Session filter: UTC hour=1 outside [7,21) and [0,0)
2026-05-05 20:20:26 INFO mt5_bot - Balance=102029.96 Equity=102029.96 Spread=21.00 pips
2026-05-05 20:20:26 INFO mt5_bot - Session filter: UTC hour=1 outside [7,21) and [0,0)
2026-05-05 20:20:41 INFO mt5_bot - Balance=102029.96 Equity=102029.96 Spread=21.00 pips
2026-05-05 20:20:41 INFO mt5_bot - Session filter: UTC hour=1 outside [7,21) and [0,0)
2026-05-05 20:20:56 INFO mt5_bot - Balance=102029.96 Equity=102029.96 Spread=21.00 pips
2026-05-05 20:20:56 INFO mt5_bot - Session filter: UTC hour=1 outside [7,21) and [0,0)
2026-05-05 20:21:11 INFO mt5_bot - Balance=102029.96 Equity=102029.96 Spread=21.00 pips
2026-05-05 20:21:11 INFO mt5_bot - Session filter: UTC hour=1 outside [7,21) and [0,0)
2026-05-05 20:21:26 INFO mt5_bot - Balance=102029.96 Equity=102029.96 Spread=21.00 pips
2026-05-05 20:21:26 INFO mt5_bot - Session filter: UTC hour=1 outside [7,21) and [0,0)
2026-05-05 20:21:41 INFO mt5_bot - Balance=102029.96 Equity=102029.96 Spread=21.00 pips
2026-05-05 20:21:41 INFO mt5_bot - Session filter: UTC hour=1 outside [7,21) and [0,0)
2026-05-05 20:21:56 INFO mt5_bot - Balance=102029.96 Equity=102029.96 Spread=21.00 pips
2026-05-05 20:21:56 INFO mt5_bot - Session filter: UTC hour=1 outside [7,21) and [0,0)
2026-05-05 20:22:11 INFO mt5_bot - Balance=102029.96 Equity=102029.96 Spread=21.00 pips
2026-05-05 20:22:11 INFO mt5_bot - Session filter: UTC hour=1 outside [7,21) and [0,0)
2026-05-05 20:22:26 INFO mt5_bot - Balance=102029.96 Equity=102029.96 Spread=21.00 pips
2026-05-05 20:22:26 INFO mt5_bot - Session filter: UTC hour=1 outside [7,21) and [0,0)
2026-05-05 20:22:41 INFO mt5_bot - Balance=102029.96 Equity=102029.96 Spread=21.00 pips
2026-05-05 20:22:41 INFO mt5_bot - Session filter: UTC hour=1 outside [7,21) and [0,0)
2026-05-05 20:22:56 INFO mt5_bot - Balance=102029.96 Equity=102029.96 Spread=21.00 pips
2026-05-05 20:22:56 INFO mt5_bot - Session filter: UTC hour=1 outside [7,21) and [0,0)
2026-05-05 20:23:11 INFO mt5_bot - Balance=102029.96 Equity=102029.96 Spread=21.00 pips
2026-05-05 20:23:11 INFO mt5_bot - Session filter: UTC hour=1 outside [7,21) and [0,0)
2026-05-05 20:23:26 INFO mt5_bot - Balance=102029.96 Equity=102029.96 Spread=21.00 pips
2026-05-05 20:23:26 INFO mt5_bot - Session filter: UTC hour=1 outside [7,21) and [0,0)
2026-05-05 20:23:41 INFO mt5_bot - Balance=102029.96 Equity=102029.96 Spread=21.00 pips
2026-05-05 20:23:41 INFO mt5_bot - Session filter: UTC hour=1 outside [7,21) and [0,0)
2026-05-05 20:23:56 INFO mt5_bot - Balance=102029.96 Equity=102029.96 Spread=21.00 pips
2026-05-05 20:23:56 INFO mt5_bot - Session filter: UTC hour=1 outside [7,21) and [0,0)
2026-05-05 20:24:11 INFO mt5_bot - Balance=102029.96 Equity=102029.96 Spread=21.00 pips
2026-05-05 20:24:11 INFO mt5_bot - Session filter: UTC hour=1 outside [7,21) and [0,0)
2026-05-05 20:24:26 INFO mt5_bot - Balance=102029.96 Equity=102029.96 Spread=21.00 pips
2026-05-05 20:24:26 INFO mt5_bot - Session filter: UTC hour=1 outside [7,21) and [0,0)
2026-05-05 20:24:41 INFO mt5_bot - Balance=102029.96 Equity=102029.96 Spread=21.00 pips
2026-05-05 20:24:41 INFO mt5_bot - Session filter: UTC hour=1 outside [7,21) and [0,0)
2026-05-05 20:24:56 INFO mt5_bot - Balance=102029.96 Equity=102029.96 Spread=21.00 pips
2026-05-05 20:24:56 INFO mt5_bot - Session filter: UTC hour=1 outside [7,21) and [0,0)
2026-05-05 20:25:11 INFO mt5_bot - Balance=102029.96 Equity=102029.96 Spread=21.00 pips
2026-05-05 20:25:11 INFO mt5_bot - Session filter: UTC hour=1 outside [7,21) and [0,0)
2026-05-05 20:25:26 INFO mt5_bot - Balance=102029.96 Equity=102029.96 Spread=21.00 pips
2026-05-05 20:25:26 INFO mt5_bot - Session filter: UTC hour=1 outside [7,21) and [0,0)
2026-05-05 20:25:41 INFO mt5_bot - Balance=102029.96 Equity=102029.96 Spread=21.00 pips
2026-05-05 20:25:41 INFO mt5_bot - Session filter: UTC hour=1 outside [7,21) and [0,0)
2026-05-05 20:25:56 INFO mt5_bot - Balance=102029.96 Equity=102029.96 Spread=21.00 pips
2026-05-05 20:25:56 INFO mt5_bot - Session filter: UTC hour=1 outside [7,21) and [0,0)
2026-05-05 20:26:11 INFO mt5_bot - Balance=102029.96 Equity=102029.96 Spread=21.00 pips
2026-05-05 20:26:11 INFO mt5_bot - Session filter: UTC hour=1 outside [7,21) and [0,0)
2026-05-05 20:26:26 INFO mt5_bot - Balance=102029.96 Equity=102029.96 Spread=20.00 pips
2026-05-05 20:26:26 INFO mt5_bot - Session filter: UTC hour=1 outside [7,21) and [0,0)
2026-05-05 20:26:41 INFO mt5_bot - Balance=102029.96 Equity=102029.96 Spread=21.00 pips
2026-05-05 20:26:41 INFO mt5_bot - Session filter: UTC hour=1 outside [7,21) and [0,0)
2026-05-05 20:26:56 INFO mt5_bot - Balance=102029.96 Equity=102029.96 Spread=21.00 pips
2026-05-05 20:26:56 INFO mt5_bot - Session filter: UTC hour=1 outside [7,21) and [0,0)
2026-05-05 20:27:11 INFO mt5_bot - Balance=102029.96 Equity=102029.96 Spread=21.00 pips
2026-05-05 20:27:11 INFO mt5_bot - Session filter: UTC hour=1 outside [7,21) and [0,0)
2026-05-05 20:27:26 INFO mt5_bot - Balance=102029.96 Equity=102029.96 Spread=21.00 pips
2026-05-05 20:27:26 INFO mt5_bot - Session filter: UTC hour=1 outside [7,21) and [0,0)
2026-05-05 20:27:41 INFO mt5_bot - Balance=102029.96 Equity=102029.96 Spread=21.00 pips
2026-05-05 20:27:41 INFO mt5_bot - Session filter: UTC hour=1 outside [7,21) and [0,0)
2026-05-05 20:27:56 INFO mt5_bot - Balance=102029.96 Equity=102029.96 Spread=21.00 pips
2026-05-05 20:27:56 INFO mt5_bot - Session filter: UTC hour=1 outside [7,21) and [0,0)
2026-05-05 20:28:11 INFO mt5_bot - Balance=102029.96 Equity=102029.96 Spread=21.00 pips
2026-05-05 20:28:11 INFO mt5_bot - Session filter: UTC hour=1 outside [7,21) and [0,0)
2026-05-05 20:28:26 INFO mt5_bot - Balance=102029.96 Equity=102029.96 Spread=21.00 pips
2026-05-05 20:28:26 INFO mt5_bot - Session filter: UTC hour=1 outside [7,21) and [0,0)
2026-05-05 20:28:41 INFO mt5_bot - Balance=102029.96 Equity=102029.96 Spread=21.00 pips
2026-05-05 20:28:41 INFO mt5_bot - Session filter: UTC hour=1 outside [7,21) and [0,0)
2026-05-05 20:28:56 INFO mt5_bot - Balance=102029.96 Equity=102029.96 Spread=16.00 pips
2026-05-05 20:28:56 INFO mt5_bot - Session filter: UTC hour=1 outside [7,21) and [0,0)
2026-05-05 20:29:11 INFO mt5_bot - Balance=102029.96 Equity=102029.96 Spread=21.00 pips
2026-05-05 20:29:11 INFO mt5_bot - Session filter: UTC hour=1 outside [7,21) and [0,0)
2026-05-05 20:29:26 INFO mt5_bot - Balance=102029.96 Equity=102029.96 Spread=21.00 pips
2026-05-05 20:29:26 INFO mt5_bot - Session filter: UTC hour=1 outside [7,21) and [0,0)
2026-05-05 20:29:41 INFO mt5_bot - Balance=102029.96 Equity=102029.96 Spread=21.00 pips
2026-05-05 20:29:41 INFO mt5_bot - Session filter: UTC hour=1 outside [7,21) and [0,0)
2026-05-05 20:29:56 INFO mt5_bot - Balance=102029.96 Equity=102029.96 Spread=21.00 pips
2026-05-05 20:29:56 INFO mt5_bot - Session filter: UTC hour=1 outside [7,21) and [0,0)
2026-05-05 20:30:11 INFO mt5_bot - Balance=102029.96 Equity=102029.96 Spread=21.00 pips
2026-05-05 20:30:11 INFO mt5_bot - Session filter: UTC hour=1 outside [7,21) and [0,0)
2026-05-05 20:30:26 INFO mt5_bot - Balance=102029.96 Equity=102029.96 Spread=21.00 pips
2026-05-05 20:30:26 INFO mt5_bot - Session filter: UTC hour=1 outside [7,21) and [0,0)
2026-05-05 20:30:41 INFO mt5_bot - Balance=102029.96 Equity=102029.96 Spread=23.00 pips
2026-05-05 20:30:41 INFO mt5_bot - Session filter: UTC hour=1 outside [7,21) and [0,0)
2026-05-05 20:30:56 INFO mt5_bot - Balance=102029.96 Equity=102029.96 Spread=21.00 pips
2026-05-05 20:30:56 INFO mt5_bot - Session filter: UTC hour=1 outside [7,21) and [0,0)
2026-05-05 20:31:11 INFO mt5_bot - Balance=102029.96 Equity=102029.96 Spread=21.00 pips
2026-05-05 20:31:11 INFO mt5_bot - Session filter: UTC hour=1 outside [7,21) and [0,0)
2026-05-05 20:31:26 INFO mt5_bot - Balance=102029.96 Equity=102029.96 Spread=12.00 pips
2026-05-05 20:31:26 INFO mt5_bot - Session filter: UTC hour=1 outside [7,21) and [0,0)
2026-05-05 20:31:41 INFO mt5_bot - Balance=102029.96 Equity=102029.96 Spread=17.00 pips
2026-05-05 20:31:41 INFO mt5_bot - Session filter: UTC hour=1 outside [7,21) and [0,0)
2026-05-05 20:31:56 INFO mt5_bot - Balance=102029.96 Equity=102029.96 Spread=21.00 pips
2026-05-05 20:31:56 INFO mt5_bot - Session filter: UTC hour=1 outside [7,21) and [0,0)
2026-05-05 20:32:11 INFO mt5_bot - Balance=102029.96 Equity=102029.96 Spread=21.00 pips
2026-05-05 20:32:11 INFO mt5_bot - Session filter: UTC hour=1 outside [7,21) and [0,0)
2026-05-05 20:32:26 INFO mt5_bot - Balance=102029.96 Equity=102029.96 Spread=21.00 pips
2026-05-05 20:32:26 INFO mt5_bot - Session filter: UTC hour=1 outside [7,21) and [0,0)
2026-05-05 20:32:41 INFO mt5_bot - Balance=102029.96 Equity=102029.96 Spread=21.00 pips
2026-05-05 20:32:41 INFO mt5_bot - Session filter: UTC hour=1 outside [7,21) and [0,0)
2026-05-05 20:32:56 INFO mt5_bot - Balance=102029.96 Equity=102029.96 Spread=21.00 pips
2026-05-05 20:32:56 INFO mt5_bot - Session filter: UTC hour=1 outside [7,21) and [0,0)
2026-05-05 20:33:11 INFO mt5_bot - Balance=102029.96 Equity=102029.96 Spread=21.00 pips
2026-05-05 20:33:11 INFO mt5_bot - Session filter: UTC hour=1 outside [7,21) and [0,0)
2026-05-05 20:33:26 INFO mt5_bot - Balance=102029.96 Equity=102029.96 Spread=22.00 pips
2026-05-05 20:33:26 INFO mt5_bot - Session filter: UTC hour=1 outside [7,21) and [0,0)
2026-05-05 20:33:41 INFO mt5_bot - Balance=102029.96 Equity=102029.96 Spread=21.00 pips
2026-05-05 20:33:41 INFO mt5_bot - Session filter: UTC hour=1 outside [7,21) and [0,0)
2026-05-05 20:33:56 INFO mt5_bot - Balance=102029.96 Equity=102029.96 Spread=21.00 pips
2026-05-05 20:33:56 INFO mt5_bot - Session filter: UTC hour=1 outside [7,21) and [0,0)
2026-05-05 20:34:11 INFO mt5_bot - Balance=102029.96 Equity=102029.96 Spread=21.00 pips
2026-05-05 20:34:11 INFO mt5_bot - Session filter: UTC hour=1 outside [7,21) and [0,0)
2026-05-05 20:34:26 INFO mt5_bot - Balance=102029.96 Equity=102029.96 Spread=21.00 pips
2026-05-05 20:34:26 INFO mt5_bot - Session filter: UTC hour=1 outside [7,21) and [0,0)
2026-05-05 20:34:41 INFO mt5_bot - Balance=102029.96 Equity=102029.96 Spread=21.00 pips
2026-05-05 20:34:41 INFO mt5_bot - Session filter: UTC hour=1 outside [7,21) and [0,0)
2026-05-05 20:34:56 INFO mt5_bot - Balance=102029.96 Equity=102029.96 Spread=21.00 pips
2026-05-05 20:34:56 INFO mt5_bot - Session filter: UTC hour=1 outside [7,21) and [0,0)
2026-05-05 20:35:11 INFO mt5_bot - Balance=102029.96 Equity=102029.96 Spread=21.00 pips
2026-05-05 20:35:11 INFO mt5_bot - Session filter: UTC hour=1 outside [7,21) and [0,0)
2026-05-05 20:35:26 INFO mt5_bot - Balance=102029.96 Equity=102029.96 Spread=21.00 pips
2026-05-05 20:35:26 INFO mt5_bot - Session filter: UTC hour=1 outside [7,21) and [0,0)
2026-05-05 20:35:41 INFO mt5_bot - Balance=102029.96 Equity=102029.96 Spread=21.00 pips
2026-05-05 20:35:41 INFO mt5_bot - Session filter: UTC hour=1 outside [7,21) and [0,0)
2026-05-05 20:35:56 INFO mt5_bot - Balance=102029.96 Equity=102029.96 Spread=22.00 pips
2026-05-05 20:35:56 INFO mt5_bot - Session filter: UTC hour=1 outside [7,21) and [0,0)
2026-05-05 20:36:11 INFO mt5_bot - Balance=102029.96 Equity=102029.96 Spread=21.00 pips
2026-05-05 20:36:11 INFO mt5_bot - Session filter: UTC hour=1 outside [7,21) and [0,0)
2026-05-05 20:36:26 INFO mt5_bot - Balance=102029.96 Equity=102029.96 Spread=21.00 pips
2026-05-05 20:36:26 INFO mt5_bot - Session filter: UTC hour=1 outside [7,21) and [0,0)
2026-05-05 20:36:41 INFO mt5_bot - Balance=102029.96 Equity=102029.96 Spread=21.00 pips
2026-05-05 20:36:41 INFO mt5_bot - Session filter: UTC hour=1 outside [7,21) and [0,0)
2026-05-05 20:36:56 INFO mt5_bot - Balance=102029.96 Equity=102029.96 Spread=21.00 pips
2026-05-05 20:36:56 INFO mt5_bot - Session filter: UTC hour=1 outside [7,21) and [0,0)
2026-05-05 20:37:11 INFO mt5_bot - Balance=102029.96 Equity=102029.96 Spread=21.00 pips
2026-05-05 20:37:11 INFO mt5_bot - Session filter: UTC hour=1 outside [7,21) and [0,0)
2026-05-05 20:37:26 INFO mt5_bot - Balance=102029.96 Equity=102029.96 Spread=13.00 pips
2026-05-05 20:37:26 INFO mt5_bot - Session filter: UTC hour=1 outside [7,21) and [0,0)
2026-05-05 20:37:41 INFO mt5_bot - Balance=102029.96 Equity=102029.96 Spread=21.00 pips
2026-05-05 20:37:41 INFO mt5_bot - Session filter: UTC hour=1 outside [7,21) and [0,0)
2026-05-05 20:37:56 INFO mt5_bot - Balance=102029.96 Equity=102029.96 Spread=21.00 pips
2026-05-05 20:37:56 INFO mt5_bot - Session filter: UTC hour=1 outside [7,21) and [0,0)
2026-05-05 20:38:11 INFO mt5_bot - Balance=102029.96 Equity=102029.96 Spread=21.00 pips
2026-05-05 20:38:11 INFO mt5_bot - Session filter: UTC hour=1 outside [7,21) and [0,0)
2026-05-05 20:38:26 INFO mt5_bot - Balance=102029.96 Equity=102029.96 Spread=21.00 pips
2026-05-05 20:38:26 INFO mt5_bot - Session filter: UTC hour=1 outside [7,21) and [0,0)
2026-05-05 20:38:41 INFO mt5_bot - Balance=102029.96 Equity=102029.96 Spread=21.00 pips
2026-05-05 20:38:41 INFO mt5_bot - Session filter: UTC hour=1 outside [7,21) and [0,0)
2026-05-05 20:38:56 INFO mt5_bot - Balance=102029.96 Equity=102029.96 Spread=4.00 pips
2026-05-05 20:38:56 INFO mt5_bot - Session filter: UTC hour=1 outside [7,21) and [0,0)
2026-05-05 20:39:11 INFO mt5_bot - Balance=102029.96 Equity=102029.96 Spread=18.00 pips
2026-05-05 20:39:11 INFO mt5_bot - Session filter: UTC hour=1 outside [7,21) and [0,0)
2026-05-05 20:39:26 INFO mt5_bot - Balance=102029.96 Equity=102029.96 Spread=17.00 pips
2026-05-05 20:39:26 INFO mt5_bot - Session filter: UTC hour=1 outside [7,21) and [0,0)
2026-05-05 20:39:41 INFO mt5_bot - Balance=102029.96 Equity=102029.96 Spread=20.00 pips
2026-05-05 20:39:41 INFO mt5_bot - Session filter: UTC hour=1 outside [7,21) and [0,0)
2026-05-05 20:39:56 INFO mt5_bot - Balance=102029.96 Equity=102029.96 Spread=12.00 pips
2026-05-05 20:39:56 INFO mt5_bot - Session filter: UTC hour=1 outside [7,21) and [0,0)
2026-05-05 20:40:11 INFO mt5_bot - Balance=102029.96 Equity=102029.96 Spread=21.00 pips
2026-05-05 20:40:11 INFO mt5_bot - Session filter: UTC hour=1 outside [7,21) and [0,0)
2026-05-05 20:40:26 INFO mt5_bot - Balance=102029.96 Equity=102029.96 Spread=19.00 pips
2026-05-05 20:40:26 INFO mt5_bot - Session filter: UTC hour=1 outside [7,21) and [0,0)
ps
2026-05-05 20:39:42 INFO mt5_bot - Session filter: UTC hour=1 outside [7,21) and [0,0)
2026-05-05 20:39:57 INFO mt5_bot - Balance=102029.96 Equity=102029.96 Spread=21.00 pips
2026-05-05 20:39:57 INFO mt5_bot - Session filter: UTC hour=1 outside [7,21) and [0,0)
2026-05-05 20:40:12 INFO mt5_bot - Balance=102029.96 Equity=102029.96 Spread=21.00 pips
2026-05-05 20:40:12 INFO mt5_bot - Session filter: UTC hour=1 outside [7,21) and [0,0)
2026-05-05 20:40:27 INFO mt5_bot - Balance=102029.96 Equity=102029.96 Spread=13.00 pips
2026-05-05 20:40:27 INFO mt5_bot - Session filter: UTC hour=1 outside [7,21) and [0,0)
2026-05-05 20:40:42 INFO mt5_bot - Balance=102029.96 Equity=102029.96 Spread=15.00 pips
2026-05-05 20:40:42 INFO mt5_bot - Session filter: UTC hour=1 outside [7,21) and [0,0)
2026-05-05 20:40:58 INFO mt5_bot - Balance=102029.96 Equity=102029.96 Spread=20.00 pips
2026-05-05 20:40:58 INFO mt5_bot - Session filter: UTC hour=1 outside [7,21) and [0,0)
2026-05-05 20:41:13 INFO mt5_bot - Balance=102029.96 Equity=102029.96 Spread=21.00 pips
2026-05-05 20:41:13 INFO mt5_bot - Session filter: UTC hour=1 outside [7,21) and [0,0)
2026-05-05 20:41:28 INFO mt5_bot - Balance=102029.96 Equity=102029.96 Spread=20.00 pips
2026-05-05 20:41:28 INFO mt5_bot - Session filter: UTC hour=1 outside [7,21) and [0,0)
2026-05-05 20:41:43 INFO mt5_bot - Balance=102029.96 Equity=102029.96 Spread=21.00 pips
2026-05-05 20:41:43 INFO mt5_bot - Session filter: UTC hour=1 outside [7,21) and [0,0)
2026-05-05 20:41:58 INFO mt5_bot - Balance=102029.96 Equity=102029.96 Spread=21.00 pips
2026-05-05 20:41:58 INFO mt5_bot - Session filter: UTC hour=1 outside [7,21) and [0,0)
2026-05-05 20:42:13 INFO mt5_bot - Balance=102029.96 Equity=102029.96 Spread=21.00 pips
2026-05-05 20:42:13 INFO mt5_bot - Session filter: UTC hour=1 outside [7,21) and [0,0)
2026-05-05 20:42:28 INFO mt5_bot - Balance=102029.96 Equity=102029.96 Spread=21.00 pips
2026-05-05 20:42:28 INFO mt5_bot - Session filter: UTC hour=1 outside [7,21) and [0,0)
2026-05-05 20:42:43 INFO mt5_bot - Balance=102029.96 Equity=102029.96 Spread=21.00 pips
2026-05-05 20:42:43 INFO mt5_bot - Session filter: UTC hour=1 outside [7,21) and [0,0)
2026-05-05 20:42:58 INFO mt5_bot - Balance=102029.96 Equity=102029.96 Spread=9.00 pips
2026-05-05 20:42:58 INFO mt5_bot - Session filter: UTC hour=1 outside [7,21) and [0,0)
2026-05-05 20:43:13 INFO mt5_bot - Balance=102029.96 Equity=102029.96 Spread=21.00 pips
2026-05-05 20:43:13 INFO mt5_bot - Session filter: UTC hour=1 outside [7,21) and [0,0)
2026-05-05 20:43:28 INFO mt5_bot - Balance=102029.96 Equity=102029.96 Spread=21.00 pips
2026-05-05 20:43:28 INFO mt5_bot - Session filter: UTC hour=1 outside [7,21) and [0,0)
2026-05-05 20:43:43 INFO mt5_bot - Balance=102029.96 Equity=102029.96 Spread=23.00 pips
2026-05-05 20:43:43 INFO mt5_bot - Session filter: UTC hour=1 outside [7,21) and [0,0)
2026-05-05 20:43:58 INFO mt5_bot - Balance=102029.96 Equity=102029.96 Spread=18.00 pips
2026-05-05 20:43:58 INFO mt5_bot - Session filter: UTC hour=1 outside [7,21) and [0,0)
2026-05-05 20:44:13 INFO mt5_bot - Balance=102029.96 Equity=102029.96 Spread=21.00 pips
2026-05-05 20:44:13 INFO mt5_bot - Session filter: UTC hour=1 outside [7,21) and [0,0)
2026-05-05 20:44:28 INFO mt5_bot - Balance=102029.96 Equity=102029.96 Spread=21.00 pips
2026-05-05 20:44:28 INFO mt5_bot - Session filter: UTC hour=1 outside [7,21) and [0,0)
2026-05-05 20:44:43 INFO mt5_bot - Balance=102029.96 Equity=102029.96 Spread=21.00 pips
2026-05-05 20:44:43 INFO mt5_bot - Session filter: UTC hour=1 outside [7,21) and [0,0)
2026-05-05 20:44:58 INFO mt5_bot - Balance=102029.96 Equity=102029.96 Spread=4.00 pips
2026-05-05 20:44:58 INFO mt5_bot - Session filter: UTC hour=1 outside [7,21) and [0,0)
2026-05-05 20:45:13 INFO mt5_bot - Balance=102029.96 Equity=102029.96 Spread=21.00 pips
2026-05-05 20:45:13 INFO mt5_bot - Session filter: UTC hour=1 outside [7,21) and [0,0)
2026-05-05 20:45:28 INFO mt5_bot - Balance=102029.96 Equity=102029.96 Spread=13.00 pips
2026-05-05 20:45:28 INFO mt5_bot - Session filter: UTC hour=1 outside [7,21) and [0,0)
2026-05-05 20:45:43 INFO mt5_bot - Balance=102029.96 Equity=102029.96 Spread=21.00 pips
2026-05-05 20:45:43 INFO mt5_bot - Session filter: UTC hour=1 outside [7,21) and [0,0)
2026-05-05 20:45:58 INFO mt5_bot - Balance=102029.96 Equity=102029.96 Spread=19.00 pips
2026-05-05 20:45:58 INFO mt5_bot - Session filter: UTC hour=1 outside [7,21) and [0,0)
2026-05-05 20:46:13 INFO mt5_bot - Balance=102029.96 Equity=102029.96 Spread=14.00 pips
2026-05-05 20:46:13 INFO mt5_bot - Session filter: UTC hour=1 outside [7,21) and [0,0)
2026-05-05 20:46:28 INFO mt5_bot - Balance=102029.96 Equity=102029.96 Spread=21.00 pips
2026-05-05 20:46:28 INFO mt5_bot - Session filter: UTC hour=1 outside [7,21) and [0,0)
2026-05-05 20:46:43 INFO mt5_bot - Balance=102029.96 Equity=102029.96 Spread=21.00 pips
2026-05-05 20:46:43 INFO mt5_bot - Session filter: UTC hour=1 outside [7,21) and [0,0)
2026-05-05 20:46:58 INFO mt5_bot - Balance=102029.96 Equity=102029.96 Spread=21.00 pips
2026-05-05 20:46:58 INFO mt5_bot - Session filter: UTC hour=1 outside [7,21) and [0,0)
2026-05-05 20:47:13 INFO mt5_bot - Balance=102029.96 Equity=102029.96 Spread=13.00 pips
2026-05-05 20:47:13 INFO mt5_bot - Session filter: UTC hour=1 outside [7,21) and [0,0)
2026-05-05 20:47:28 INFO mt5_bot - Balance=102029.96 Equity=102029.96 Spread=21.00 pips
2026-05-05 20:47:28 INFO mt5_bot - Session filter: UTC hour=1 outside [7,21) and [0,0)
2026-05-05 20:47:43 INFO mt5_bot - Balance=102029.96 Equity=102029.96 Spread=18.00 pips
2026-05-05 20:47:43 INFO mt5_bot - Session filter: UTC hour=1 outside [7,21) and [0,0)
2026-05-05 20:47:58 INFO mt5_bot - Balance=102029.96 Equity=102029.96 Spread=21.00 pips
2026-05-05 20:47:58 INFO mt5_bot - Session filter: UTC hour=1 outside [7,21) and [0,0)
2026-05-05 20:48:13 INFO mt5_bot - Balance=102029.96 Equity=102029.96 Spread=21.00 pips
2026-05-05 20:48:13 INFO mt5_bot - Session filter: UTC hour=1 outside [7,21) and [0,0)
2026-05-05 20:48:28 INFO mt5_bot - Balance=102029.96 Equity=102029.96 Spread=19.00 pips
2026-05-05 20:48:28 INFO mt5_bot - Session filter: UTC hour=1 outside [7,21) and [0,0)
2026-05-05 20:48:43 INFO mt5_bot - Balance=102029.96 Equity=102029.96 Spread=21.00 pips
2026-05-05 20:48:43 INFO mt5_bot - Session filter: UTC hour=1 outside [7,21) and [0,0)
2026-05-05 20:48:58 INFO mt5_bot - Balance=102029.96 Equity=102029.96 Spread=21.00 pips
2026-05-05 20:48:58 INFO mt5_bot - Session filter: UTC hour=1 outside [7,21) and [0,0)
2026-05-05 20:49:13 INFO mt5_bot - Balance=102029.96 Equity=102029.96 Spread=21.00 pips
2026-05-05 20:49:13 INFO mt5_bot - Session filter: UTC hour=1 outside [7,21) and [0,0)
2026-05-05 20:49:28 INFO mt5_bot - Balance=102029.96 Equity=102029.96 Spread=20.00 pips
2026-05-05 20:49:28 INFO mt5_bot - Session filter: UTC hour=1 outside [7,21) and [0,0)
2026-05-05 20:49:43 INFO mt5_bot - Balance=102029.96 Equity=102029.96 Spread=21.00 pips
2026-05-05 20:49:43 INFO mt5_bot - Session filter: UTC hour=1 outside [7,21) and [0,0)
2026-05-05 20:49:58 INFO mt5_bot - Balance=102029.96 Equity=102029.96 Spread=20.00 pips
2026-05-05 20:49:58 INFO mt5_bot - Session filter: UTC hour=1 outside [7,21) and [0,0)
2026-05-05 20:50:13 INFO mt5_bot - Balance=102029.96 Equity=102029.96 Spread=21.00 pips
2026-05-05 20:50:13 INFO mt5_bot - Session filter: UTC hour=1 outside [7,21) and [0,0)
2026-05-05 20:50:28 INFO mt5_bot - Balance=102029.96 Equity=102029.96 Spread=18.00 pips
2026-05-05 20:50:28 INFO mt5_bot - Session filter: UTC hour=1 outside [7,21) and [0,0)
2026-05-05 20:50:43 INFO mt5_bot - Balance=102029.96 Equity=102029.96 Spread=21.00 pips
2026-05-05 20:50:43 INFO mt5_bot - Session filter: UTC hour=1 outside [7,21) and [0,0)
2026-05-05 20:50:58 INFO mt5_bot - Balance=102029.96 Equity=102029.96 Spread=21.00 pips
2026-05-05 20:50:58 INFO mt5_bot - Session filter: UTC hour=1 outside [7,21) and [0,0)
2026-05-05 20:51:13 INFO mt5_bot - Balance=102029.96 Equity=102029.96 Spread=21.00 pips
2026-05-05 20:51:13 INFO mt5_bot - Session filter: UTC hour=1 outside [7,21) and [0,0)
2026-05-05 20:51:28 INFO mt5_bot - Balance=102029.96 Equity=102029.96 Spread=22.00 pips
2026-05-05 20:51:28 INFO mt5_bot - Session filter: UTC hour=1 outside [7,21) and [0,0)
2026-05-05 20:51:43 INFO mt5_bot - Balance=102029.96 Equity=102029.96 Spread=21.00 pips
2026-05-05 20:51:43 INFO mt5_bot - Session filter: UTC hour=1 outside [7,21) and [0,0)
2026-05-05 20:51:58 INFO mt5_bot - Balance=102029.96 Equity=102029.96 Spread=18.00 pips
2026-05-05 20:51:58 INFO mt5_bot - Session filter: UTC hour=1 outside [7,21) and [0,0)
2026-05-05 20:52:13 INFO mt5_bot - Balance=102029.96 Equity=102029.96 Spread=20.00 pips
2026-05-05 20:52:13 INFO mt5_bot - Session filter: UTC hour=1 outside [7,21) and [0,0)
2026-05-05 20:52:28 INFO mt5_bot - Balance=102029.96 Equity=102029.96 Spread=21.00 pips
2026-05-05 20:52:28 INFO mt5_bot - Session filter: UTC hour=1 outside [7,21) and [0,0)
2026-05-05 20:52:43 INFO mt5_bot - Balance=102029.96 Equity=102029.96 Spread=11.00 pips
2026-05-05 20:52:43 INFO mt5_bot - Session filter: UTC hour=1 outside [7,21) and [0,0)
2026-05-05 20:52:58 INFO mt5_bot - Balance=102029.96 Equity=102029.96 Spread=21.00 pips
2026-05-05 20:52:58 INFO mt5_bot - Session filter: UTC hour=1 outside [7,21) and [0,0)
2026-05-05 20:53:13 INFO mt5_bot - Balance=102029.96 Equity=102029.96 Spread=14.00 pips
2026-05-05 20:53:13 INFO mt5_bot - Session filter: UTC hour=1 outside [7,21) and [0,0)
2026-05-05 20:53:28 INFO mt5_bot - Balance=102029.96 Equity=102029.96 Spread=21.00 pips
2026-05-05 20:53:28 INFO mt5_bot - Session filter: UTC hour=1 outside [7,21) and [0,0)
2026-05-05 20:53:43 INFO mt5_bot - Balance=102029.96 Equity=102029.96 Spread=21.00 pips
2026-05-05 20:53:43 INFO mt5_bot - Session filter: UTC hour=1 outside [7,21) and [0,0)
2026-05-05 20:53:58 INFO mt5_bot - Balance=102029.96 Equity=102029.96 Spread=21.00 pips
2026-05-05 20:53:58 INFO mt5_bot - Session filter: UTC hour=1 outside [7,21) and [0,0)
2026-05-05 20:54:13 INFO mt5_bot - Balance=102029.96 Equity=102029.96 Spread=21.00 pips
2026-05-05 20:54:13 INFO mt5_bot - Session filter: UTC hour=1 outside [7,21) and [0,0)
2026-05-05 20:54:28 INFO mt5_bot - Balance=102029.96 Equity=102029.96 Spread=21.00 pips
2026-05-05 20:54:28 INFO mt5_bot - Session filter: UTC hour=1 outside [7,21) and [0,0)
2026-05-05 20:54:43 INFO mt5_bot - Balance=102029.96 Equity=102029.96 Spread=21.00 pips
2026-05-05 20:54:43 INFO mt5_bot - Session filter: UTC hour=1 outside [7,21) and [0,0)
2026-05-05 20:54:58 INFO mt5_bot - Balance=102029.96 Equity=102029.96 Spread=21.00 pips
2026-05-05 20:54:58 INFO mt5_bot - Session filter: UTC hour=1 outside [7,21) and [0,0)
2026-05-05 20:55:13 INFO mt5_bot - Balance=102029.96 Equity=102029.96 Spread=10.00 pips
2026-05-05 20:55:13 INFO mt5_bot - Session filter: UTC hour=1 outside [7,21) and [0,0)
2026-05-05 20:55:28 INFO mt5_bot - Balance=102029.96 Equity=102029.96 Spread=18.00 pips
2026-05-05 20:55:28 INFO mt5_bot - Session filter: UTC hour=1 outside [7,21) and [0,0)
2026-05-05 20:55:43 INFO mt5_bot - Balance=102029.96 Equity=102029.96 Spread=21.00 pips
2026-05-05 20:55:43 INFO mt5_bot - Session filter: UTC hour=1 outside [7,21) and [0,0)
2026-05-05 20:55:58 INFO mt5_bot - Balance=102029.96 Equity=102029.96 Spread=21.00 pips
2026-05-05 20:55:58 INFO mt5_bot - Session filter: UTC hour=1 outside [7,21) and [0,0)
2026-05-05 20:56:13 INFO mt5_bot - Balance=102029.96 Equity=102029.96 Spread=21.00 pips
2026-05-05 20:56:13 INFO mt5_bot - Session filter: UTC hour=1 outside [7,21) and [0,0)
2026-05-05 20:56:28 INFO mt5_bot - Balance=102029.96 Equity=102029.96 Spread=21.00 pips
2026-05-05 20:56:28 INFO mt5_bot - Session filter: UTC hour=1 outside [7,21) and [0,0)
2026-05-05 20:56:43 INFO mt5_bot - Balance=102029.96 Equity=102029.96 Spread=17.00 pips
2026-05-05 20:56:43 INFO mt5_bot - Session filter: UTC hour=1 outside [7,21) and [0,0)
2026-05-05 20:56:58 INFO mt5_bot - Balance=102029.96 Equity=102029.96 Spread=21.00 pips
2026-05-05 20:56:58 INFO mt5_bot - Session filter: UTC hour=1 outside [7,21) and [0,0)
2026-05-05 20:57:13 INFO mt5_bot - Balance=102029.96 Equity=102029.96 Spread=21.00 pips
2026-05-05 20:57:13 INFO mt5_bot - Session filter: UTC hour=1 outside [7,21) and [0,0)
2026-05-05 20:57:28 INFO mt5_bot - Balance=102029.96 Equity=102029.96 Spread=21.00 pips
2026-05-05 20:57:28 INFO mt5_bot - Session filter: UTC hour=1 outside [7,21) and [0,0)
2026-05-05 20:57:43 INFO mt5_bot - Balance=102029.96 Equity=102029.96 Spread=21.00 pips
2026-05-05 20:57:43 INFO mt5_bot - Session filter: UTC hour=1 outside [7,21) and [0,0)
2026-05-05 20:57:58 INFO mt5_bot - Balance=102029.96 Equity=102029.96 Spread=21.00 pips
2026-05-05 20:57:58 INFO mt5_bot - Session filter: UTC hour=1 outside [7,21) and [0,0)
2026-05-05 20:58:13 INFO mt5_bot - Balance=102029.96 Equity=102029.96 Spread=21.00 pips
2026-05-05 20:58:13 INFO mt5_bot - Session filter: UTC hour=1 outside [7,21) and [0,0)
2026-05-05 20:58:28 INFO mt5_bot - Balance=102029.96 Equity=102029.96 Spread=21.00 pips
2026-05-05 20:58:28 INFO mt5_bot - Session filter: UTC hour=1 outside [7,21) and [0,0)
2026-05-05 20:58:43 INFO mt5_bot - Balance=102029.96 Equity=102029.96 Spread=21.00 pips
2026-05-05 20:58:43 INFO mt5_bot - Session filter: UTC hour=1 outside [7,21) and [0,0)
2026-05-05 20:58:58 INFO mt5_bot - Balance=102029.96 Equity=102029.96 Spread=21.00 pips
2026-05-05 20:58:58 INFO mt5_bot - Session filter: UTC hour=1 outside [7,21) and [0,0)
2026-05-05 20:59:13 INFO mt5_bot - Balance=102029.96 Equity=102029.96 Spread=20.00 pips
2026-05-05 20:59:13 INFO mt5_bot - Session filter: UTC hour=1 outside [7,21) and [0,0)
2026-05-05 20:59:28 INFO mt5_bot - Balance=102029.96 Equity=102029.96 Spread=21.00 pips
2026-05-05 20:59:28 INFO mt5_bot - Session filter: UTC hour=1 outside [7,21) and [0,0)
2026-05-05 20:59:43 INFO mt5_bot - Balance=102029.96 Equity=102029.96 Spread=19.00 pips
2026-05-05 20:59:43 INFO mt5_bot - Session filter: UTC hour=1 outside [7,21) and [0,0)
2026-05-05 20:59:58 INFO mt5_bot - Balance=102029.96 Equity=102029.96 Spread=21.00 pips
2026-05-05 20:59:58 INFO mt5_bot - Session filter: UTC hour=1 outside [7,21) and [0,0)
2026-05-05 21:00:13 INFO mt5_bot - Balance=102029.96 Equity=102029.96 Spread=21.00 pips
2026-05-05 21:00:13 INFO mt5_bot - Session filter: UTC hour=2 outside [7,21) and [0,0)
2026-05-05 21:00:28 INFO mt5_bot - Balance=102029.96 Equity=102029.96 Spread=21.00 pips
2026-05-05 21:00:28 INFO mt5_bot - Session filter: UTC hour=2 outside [7,21) and [0,0)
2026-05-05 21:00:43 INFO mt5_bot - Balance=102029.96 Equity=102029.96 Spread=21.00 pips
2026-05-05 21:00:43 INFO mt5_bot - Session filter: UTC hour=2 outside [7,21) and [0,0)
2026-05-05 21:00:58 INFO mt5_bot - Balance=102029.96 Equity=102029.96 Spread=21.00 pips
2026-05-05 21:00:58 INFO mt5_bot - Session filter: UTC hour=2 outside [7,21) and [0,0)
2026-05-05 21:01:13 INFO mt5_bot - Balance=102029.96 Equity=102029.96 Spread=21.00 pips
2026-05-05 21:01:13 INFO mt5_bot - Session filter: UTC hour=2 outside [7,21) and [0,0)
2026-05-05 21:01:28 INFO mt5_bot - Balance=102029.96 Equity=102029.96 Spread=21.00 pips
2026-05-05 21:01:28 INFO mt5_bot - Session filter: UTC hour=2 outside [7,21) and [0,0)
2026-05-05 21:01:43 INFO mt5_bot - Balance=102029.96 Equity=102029.96 Spread=21.00 pips
2026-05-05 21:01:43 INFO mt5_bot - Session filter: UTC hour=2 outside [7,21) and [0,0)
2026-05-05 21:01:58 INFO mt5_bot - Balance=102029.96 Equity=102029.96 Spread=21.00 pips
2026-05-05 21:01:58 INFO mt5_bot - Session filter: UTC hour=2 outside [7,21) and [0,0)
2026-05-05 21:02:13 INFO mt5_bot - Balance=102029.96 Equity=102029.96 Spread=21.00 pips
2026-05-05 21:02:13 INFO mt5_bot - Session filter: UTC hour=2 outside [7,21) and [0,0)
2026-05-05 21:02:28 INFO mt5_bot - Balance=102029.96 Equity=102029.96 Spread=21.00 pips
2026-05-05 21:02:28 INFO mt5_bot - Session filter: UTC hour=2 outside [7,21) and [0,0)
2026-05-05 21:02:43 INFO mt5_bot - Balance=102029.96 Equity=102029.96 Spread=21.00 pips
2026-05-05 21:02:43 INFO mt5_bot - Session filter: UTC hour=2 outside [7,21) and [0,0)
2026-05-05 21:02:58 INFO mt5_bot - Balance=102029.96 Equity=102029.96 Spread=18.00 pips
2026-05-05 21:02:58 INFO mt5_bot - Session filter: UTC hour=2 outside [7,21) and [0,0)
2026-05-05 21:03:13 INFO mt5_bot - Balance=102029.96 Equity=102029.96 Spread=15.00 pips
2026-05-05 21:03:13 INFO mt5_bot - Session filter: UTC hour=2 outside [7,21) and [0,0)
2026-05-05 21:03:28 INFO mt5_bot - Balance=102029.96 Equity=102029.96 Spread=21.00 pips
2026-05-05 21:03:28 INFO mt5_bot - Session filter: UTC hour=2 outside [7,21) and [0,0)
2026-05-05 21:03:43 INFO mt5_bot - Balance=102029.96 Equity=102029.96 Spread=11.00 pips
2026-05-05 21:03:43 INFO mt5_bot - Session filter: UTC hour=2 outside [7,21) and [0,0)
2026-05-05 21:03:58 INFO mt5_bot - Balance=102029.96 Equity=102029.96 Spread=15.00 pips
2026-05-05 21:03:58 INFO mt5_bot - Session filter: UTC hour=2 outside [7,21) and [0,0)
2026-05-05 21:04:13 INFO mt5_bot - Balance=102029.96 Equity=102029.96 Spread=21.00 pips
2026-05-05 21:04:13 INFO mt5_bot - Session filter: UTC hour=2 outside [7,21) and [0,0)
2026-05-05 21:04:28 INFO mt5_bot - Balance=102029.96 Equity=102029.96 Spread=21.00 pips
2026-05-05 21:04:28 INFO mt5_bot - Session filter: UTC hour=2 outside [7,21) and [0,0)
2026-05-05 21:04:43 INFO mt5_bot - Balance=102029.96 Equity=102029.96 Spread=19.00 pips
2026-05-05 21:04:43 INFO mt5_bot - Session filter: UTC hour=2 outside [7,21) and [0,0)
2026-05-05 21:04:58 INFO mt5_bot - Balance=102029.96 Equity=102029.96 Spread=21.00 pips
2026-05-05 21:04:58 INFO mt5_bot - Session filter: UTC hour=2 outside [7,21) and [0,0)
2026-05-05 21:05:13 INFO mt5_bot - Balance=102029.96 Equity=102029.96 Spread=4.00 pips
2026-05-05 21:05:13 INFO mt5_bot - Session filter: UTC hour=2 outside [7,21) and [0,0)
2026-05-05 21:05:28 INFO mt5_bot - Balance=102029.96 Equity=102029.96 Spread=21.00 pips
2026-05-05 21:05:28 INFO mt5_bot - Session filter: UTC hour=2 outside [7,21) and [0,0)
2026-05-05 21:05:43 INFO mt5_bot - Balance=102029.96 Equity=102029.96 Spread=21.00 pips
2026-05-05 21:05:43 INFO mt5_bot - Session filter: UTC hour=2 outside [7,21) and [0,0)
2026-05-05 21:05:58 INFO mt5_bot - Balance=102029.96 Equity=102029.96 Spread=21.00 pips
2026-05-05 21:05:58 INFO mt5_bot - Session filter: UTC hour=2 outside [7,21) and [0,0)
2026-05-05 21:06:13 INFO mt5_bot - Balance=102029.96 Equity=102029.96 Spread=20.00 pips
2026-05-05 21:06:13 INFO mt5_bot - Session filter: UTC hour=2 outside [7,21) and [0,0)
2026-05-05 21:06:28 INFO mt5_bot - Balance=102029.96 Equity=102029.96 Spread=21.00 pips
2026-05-05 21:06:28 INFO mt5_bot - Session filter: UTC hour=2 outside [7,21) and [0,0)
2026-05-05 21:06:43 INFO mt5_bot - Balance=102029.96 Equity=102029.96 Spread=4.00 pips
2026-05-05 21:06:43 INFO mt5_bot - Session filter: UTC hour=2 outside [7,21) and [0,0)
2026-05-05 21:06:58 INFO mt5_bot - Balance=102029.96 Equity=102029.96 Spread=7.00 pips
2026-05-05 21:06:58 INFO mt5_bot - Session filter: UTC hour=2 outside [7,21) and [0,0)
2026-05-05 21:07:13 INFO mt5_bot - Balance=102029.96 Equity=102029.96 Spread=21.00 pips
2026-05-05 21:07:13 INFO mt5_bot - Session filter: UTC hour=2 outside [7,21) and [0,0)
2026-05-05 21:07:28 INFO mt5_bot - Balance=102029.96 Equity=102029.96 Spread=4.00 pips
2026-05-05 21:07:28 INFO mt5_bot - Session filter: UTC hour=2 outside [7,21) and [0,0)
2026-05-05 21:07:43 INFO mt5_bot - Balance=102029.96 Equity=102029.96 Spread=19.00 pips
2026-05-05 21:07:43 INFO mt5_bot - Session filter: UTC hour=2 outside [7,21) and [0,0)
2026-05-05 21:07:58 INFO mt5_bot - Balance=102029.96 Equity=102029.96 Spread=11.00 pips
2026-05-05 21:07:58 INFO mt5_bot - Session filter: UTC hour=2 outside [7,21) and [0,0)
2026-05-05 21:08:13 INFO mt5_bot - Balance=102029.96 Equity=102029.96 Spread=10.00 pips
2026-05-05 21:08:13 INFO mt5_bot - Session filter: UTC hour=2 outside [7,21) and [0,0)
2026-05-05 21:08:28 INFO mt5_bot - Balance=102029.96 Equity=102029.96 Spread=17.00 pips
2026-05-05 21:08:28 INFO mt5_bot - Session filter: UTC hour=2 outside [7,21) and [0,0)
2026-05-05 21:08:43 INFO mt5_bot - Stopped by user
2026-05-05 21:10:59 INFO mt5_bot - MT5 permissions: account_server=MetaQuotes-Demo account_trade_allowed=True account_trade_expert=True terminal_trade_allowed=True terminal_build=5836
2026-05-05 21:10:59 INFO mt5_bot - Starting PRO loop: symbol=XAUUSD tf=M15 trend_tf=H1 trade_enabled=True trend_filter=True adx_filter=True rsi_momentum=False partial_close=True trailing_stop=True atr_sl_tp=True news_filter=True retest=False equity_curve=True
2026-05-05 21:10:59 INFO mt5_bot - Balance=102029.96 Equity=102029.96 Spread=21.00 pips
2026-05-05 21:10:59 INFO mt5_bot - Session filter: UTC hour=2 outside [7,21) and [0,0)
2026-05-05 21:11:14 INFO mt5_bot - Balance=102029.96 Equity=102029.96 Spread=21.00 pips
2026-05-05 21:11:14 INFO mt5_bot - Session filter: UTC hour=2 outside [7,21) and [0,0)
2026-05-05 21:11:29 INFO mt5_bot - Balance=102029.96 Equity=102029.96 Spread=21.00 pips
2026-05-05 21:11:29 INFO mt5_bot - Session filter: UTC hour=2 outside [7,21) and [0,0)
2026-05-05 21:11:44 INFO mt5_bot - Balance=102029.96 Equity=102029.96 Spread=21.00 pips
2026-05-05 21:11:44 INFO mt5_bot - Session filter: UTC hour=2 outside [7,21) and [0,0)
2026-05-05 21:11:59 INFO mt5_bot - Balance=102029.96 Equity=102029.96 Spread=19.00 pips
2026-05-05 21:11:59 INFO mt5_bot - Session filter: UTC hour=2 outside [7,21) and [0,0)
2026-05-05 21:12:14 INFO mt5_bot - Balance=102029.96 Equity=102029.96 Spread=21.00 pips
2026-05-05 21:12:14 INFO mt5_bot - Session filter: UTC hour=2 outside [7,21) and [0,0)
2026-05-05 21:12:29 INFO mt5_bot - Balance=102029.96 Equity=102029.96 Spread=21.00 pips
2026-05-05 21:12:29 INFO mt5_bot - Session filter: UTC hour=2 outside [7,21) and [0,0)
2026-05-05 21:12:44 INFO mt5_bot - Balance=102029.96 Equity=102029.96 Spread=21.00 pips
2026-05-05 21:12:44 INFO mt5_bot - Session filter: UTC hour=2 outside [7,21) and [0,0)
2026-05-05 21:12:59 INFO mt5_bot - Balance=102029.96 Equity=102029.96 Spread=15.00 pips
2026-05-05 21:12:59 INFO mt5_bot - Session filter: UTC hour=2 outside [7,21) and [0,0)
2026-05-05 21:13:14 INFO mt5_bot - Balance=102029.96 Equity=102029.96 Spread=20.00 pips
2026-05-05 21:13:14 INFO mt5_bot - Session filter: UTC hour=2 outside [7,21) and [0,0)
2026-05-05 21:13:29 INFO mt5_bot - Balance=102029.96 Equity=102029.96 Spread=21.00 pips
2026-05-05 21:13:29 INFO mt5_bot - Session filter: UTC hour=2 outside [7,21) and [0,0)
2026-05-05 21:13:44 INFO mt5_bot - Balance=102029.96 Equity=102029.96 Spread=21.00 pips
2026-05-05 21:13:44 INFO mt5_bot - Session filter: UTC hour=2 outside [7,21) and [0,0)
2026-05-05 21:13:59 INFO mt5_bot - Balance=102029.96 Equity=102029.96 Spread=21.00 pips
2026-05-05 21:13:59 INFO mt5_bot - Session filter: UTC hour=2 outside [7,21) and [0,0)
2026-05-05 21:14:14 INFO mt5_bot - Balance=102029.96 Equity=102029.96 Spread=21.00 pips
2026-05-05 21:14:14 INFO mt5_bot - Session filter: UTC hour=2 outside [7,21) and [0,0)
2026-05-05 21:14:29 INFO mt5_bot - Balance=102029.96 Equity=102029.96 Spread=21.00 pips
2026-05-05 21:14:29 INFO mt5_bot - Session filter: UTC hour=2 outside [7,21) and [0,0)
2026-05-05 21:14:44 INFO mt5_bot - Balance=102029.96 Equity=102029.96 Spread=21.00 pips
2026-05-05 21:14:44 INFO mt5_bot - Session filter: UTC hour=2 outside [7,21) and [0,0)
2026-05-05 21:14:59 INFO mt5_bot - Balance=102029.96 Equity=102029.96 Spread=15.00 pips
2026-05-05 21:14:59 INFO mt5_bot - Session filter: UTC hour=2 outside [7,21) and [0,0)
2026-05-05 21:15:14 INFO mt5_bot - Balance=102029.96 Equity=102029.96 Spread=4.00 pips
2026-05-05 21:15:14 INFO mt5_bot - Session filter: UTC hour=2 outside [7,21) and [0,0)
2026-05-05 21:15:29 INFO mt5_bot - Balance=102029.96 Equity=102029.96 Spread=19.00 pips
2026-05-05 21:15:29 INFO mt5_bot - Session filter: UTC hour=2 outside [7,21) and [0,0)
2026-05-05 21:15:44 INFO mt5_bot - Balance=102029.96 Equity=102029.96 Spread=20.00 pips
2026-05-05 21:15:44 INFO mt5_bot - Session filter: UTC hour=2 outside [7,21) and [0,0)
2026-05-05 21:15:59 INFO mt5_bot - Balance=102029.96 Equity=102029.96 Spread=21.00 pips
2026-05-05 21:15:59 INFO mt5_bot - Session filter: UTC hour=2 outside [7,21) and [0,0)
2026-05-05 21:16:14 INFO mt5_bot - Balance=102029.96 Equity=102029.96 Spread=20.00 pips
2026-05-05 21:16:14 INFO mt5_bot - Session filter: UTC hour=2 outside [7,21) and [0,0)
2026-05-05 21:16:29 INFO mt5_bot - Balance=102029.96 Equity=102029.96 Spread=21.00 pips
2026-05-05 21:16:29 INFO mt5_bot - Session filter: UTC hour=2 outside [7,21) and [0,0)
2026-05-05 21:16:44 INFO mt5_bot - Balance=102029.96 Equity=102029.96 Spread=21.00 pips
2026-05-05 21:16:44 INFO mt5_bot - Session filter: UTC hour=2 outside [7,21) and [0,0)
2026-05-05 21:16:59 INFO mt5_bot - Balance=102029.96 Equity=102029.96 Spread=22.00 pips
2026-05-05 21:16:59 INFO mt5_bot - Session filter: UTC hour=2 outside [7,21) and [0,0)
2026-05-05 21:17:14 INFO mt5_bot - Balance=102029.96 Equity=102029.96 Spread=21.00 pips
2026-05-05 21:17:14 INFO mt5_bot - Session filter: UTC hour=2 outside [7,21) and [0,0)
2026-05-05 21:17:29 INFO mt5_bot - Balance=102029.96 Equity=102029.96 Spread=21.00 pips
2026-05-05 21:17:29 INFO mt5_bot - Session filter: UTC hour=2 outside [7,21) and [0,0)
2026-05-05 21:17:44 INFO mt5_bot - Balance=102029.96 Equity=102029.96 Spread=21.00 pips
2026-05-05 21:17:44 INFO mt5_bot - Session filter: UTC hour=2 outside [7,21) and [0,0)
2026-05-05 21:17:59 INFO mt5_bot - Balance=102029.96 Equity=102029.96 Spread=21.00 pips
2026-05-05 21:17:59 INFO mt5_bot - Session filter: UTC hour=2 outside [7,21) and [0,0)
2026-05-05 21:18:14 INFO mt5_bot - Balance=102029.96 Equity=102029.96 Spread=21.00 pips
2026-05-05 21:18:14 INFO mt5_bot - Session filter: UTC hour=2 outside [7,21) and [0,0)
2026-05-05 21:18:29 INFO mt5_bot - Balance=102029.96 Equity=102029.96 Spread=14.00 pips
2026-05-05 21:18:29 INFO mt5_bot - Session filter: UTC hour=2 outside [7,21) and [0,0)
2026-05-05 21:18:44 INFO mt5_bot - Balance=102029.96 Equity=102029.96 Spread=21.00 pips
2026-05-05 21:18:44 INFO mt5_bot - Session filter: UTC hour=2 outside [7,21) and [0,0)
2026-05-05 21:18:59 INFO mt5_bot - Balance=102029.96 Equity=102029.96 Spread=14.00 pips
2026-05-05 21:18:59 INFO mt5_bot - Session filter: UTC hour=2 outside [7,21) and [0,0)
2026-05-05 21:19:14 INFO mt5_bot - Balance=102029.96 Equity=102029.96 Spread=10.00 pips
2026-05-05 21:19:14 INFO mt5_bot - Session filter: UTC hour=2 outside [7,21) and [0,0)
2026-05-05 21:19:29 INFO mt5_bot - Balance=102029.96 Equity=102029.96 Spread=21.00 pips
2026-05-05 21:19:29 INFO mt5_bot - Session filter: UTC hour=2 outside [7,21) and [0,0)
2026-05-05 21:19:44 INFO mt5_bot - Balance=102029.96 Equity=102029.96 Spread=20.00 pips
2026-05-05 21:19:44 INFO mt5_bot - Session filter: UTC hour=2 outside [7,21) and [0,0)
2026-05-05 21:19:59 INFO mt5_bot - Balance=102029.96 Equity=102029.96 Spread=21.00 pips
2026-05-05 21:19:59 INFO mt5_bot - Session filter: UTC hour=2 outside [7,21) and [0,0)
2026-05-05 21:20:14 INFO mt5_bot - Balance=102029.96 Equity=102029.96 Spread=21.00 pips
2026-05-05 21:20:14 INFO mt5_bot - Session filter: UTC hour=2 outside [7,21) and [0,0)
2026-05-05 21:20:29 INFO mt5_bot - Balance=102029.96 Equity=102029.96 Spread=21.00 pips
2026-05-05 21:20:29 INFO mt5_bot - Session filter: UTC hour=2 outside [7,21) and [0,0)
2026-05-05 21:20:44 INFO mt5_bot - Balance=102029.96 Equity=102029.96 Spread=21.00 pips
2026-05-05 21:20:44 INFO mt5_bot - Session filter: UTC hour=2 outside [7,21) and [0,0)
2026-05-05 21:33:39 INFO mt5_bot - MT5 permissions: account_server=MetaQuotes-Demo account_trade_allowed=True account_trade_expert=True terminal_trade_allowed=True terminal_build=5836
2026-05-05 21:33:39 INFO mt5_bot - Starting PRO loop: symbol=XAUUSD tf=M15 trend_tf=H1 trade_enabled=True trend_filter=True adx_filter=True rsi_momentum=False partial_close=True trailing_stop=True atr_sl_tp=True news_filter=True retest=False equity_curve=True
2026-05-05 21:33:39 INFO mt5_bot - Balance=102029.96 Equity=102029.96 Spread=21.00 pips
2026-05-05 21:33:39 INFO mt5_bot - Session filter: UTC hour=2 outside [7,21) and [0,0)
2026-05-05 21:33:54 INFO mt5_bot - Balance=102029.96 Equity=102029.96 Spread=21.00 pips
2026-05-05 21:33:54 INFO mt5_bot - Session filter: UTC hour=2 outside [7,21) and [0,0)
2026-05-05 21:34:20 INFO mt5_bot - MT5 permissions: account_server=MetaQuotes-Demo account_trade_allowed=True account_trade_expert=True terminal_trade_allowed=True terminal_build=5836
2026-05-05 21:34:20 INFO mt5_bot - Starting PRO loop: symbol=XAUUSD tf=M15 trend_tf=H1 trade_enabled=True trend_filter=True adx_filter=True rsi_momentum=False partial_close=True trailing_stop=True atr_sl_tp=True news_filter=True retest=False equity_curve=True
2026-05-05 21:34:20 INFO mt5_bot - Balance=102029.96 Equity=102029.96 Spread=21.00 pips
2026-05-05 21:34:20 INFO mt5_bot - Session filter: UTC hour=2 outside [7,21) and [0,0)
2026-05-05 21:34:52 INFO mt5_bot - MT5 permissions: account_server=MetaQuotes-Demo account_trade_allowed=True account_trade_expert=True terminal_trade_allowed=True terminal_build=5836
2026-05-05 21:34:52 INFO mt5_bot - Starting PRO loop: symbol=XAUUSD tf=M15 trend_tf=H1 trade_enabled=True trend_filter=True adx_filter=True rsi_momentum=False partial_close=True trailing_stop=True atr_sl_tp=True news_filter=True retest=False equity_curve=True
2026-05-05 21:34:52 INFO mt5_bot - Balance=102029.96 Equity=102029.96 Spread=21.00 pips
2026-05-05 21:34:52 INFO mt5_bot - Session filter: UTC hour=2 outside [7,21) and [0,0)
