2026-05-05 06:50:00 INFO mt5_bot - MT5 permissions: account_server=MetaQuotes-Demo account_trade_allowed=True account_trade_expert=True terminal_trade_allowed=True terminal_build=5836
2026-05-05 06:50:00 INFO mt5_bot - Starting PRO loop: symbol=USDJPY tf=M15 trend_tf=H1 trade_enabled=True trend_filter=False adx_filter=True rsi_momentum=False partial_close=True trailing_stop=True atr_sl_tp=True news_filter=True retest=False equity_curve=True
2026-05-05 06:50:00 INFO mt5_bot - Balance=102029.96 Equity=102029.96 Spread=0.30 pips
2026-05-05 06:50:00 INFO mt5_bot.news_filter - news_filter: loaded 115 events from shared cache
2026-05-05 06:50:00 INFO mt5_bot - Signal=NONE reason=no_closed_bar_crossover price=None trend=None rsi=73.3 atr_pips=1233.8 adx=21.4
2026-05-05 06:50:00 INFO mt5_bot - Execution status=skipped reason=no_closed_bar_crossover
2026-05-05 06:50:15 INFO mt5_bot - Balance=102029.96 Equity=102029.96 Spread=0.30 pips
2026-05-05 06:50:15 INFO mt5_bot - Signal=NONE reason=no_closed_bar_crossover price=None trend=None rsi=73.3 atr_pips=1233.8 adx=21.4
2026-05-05 06:50:15 INFO mt5_bot - Execution status=skipped reason=no_closed_bar_crossover
2026-05-05 06:50:30 INFO mt5_bot - Balance=102029.96 Equity=102029.96 Spread=0.30 pips
2026-05-05 06:50:30 INFO mt5_bot - Signal=NONE reason=no_closed_bar_crossover price=None trend=None rsi=73.3 atr_pips=1233.8 adx=21.4
2026-05-05 06:50:30 INFO mt5_bot - Execution status=skipped reason=no_closed_bar_crossover
2026-05-05 06:50:45 INFO mt5_bot - Balance=102029.96 Equity=102029.96 Spread=0.30 pips
2026-05-05 06:50:45 INFO mt5_bot - Signal=NONE reason=no_closed_bar_crossover price=None trend=None rsi=73.3 atr_pips=1233.8 adx=21.4
2026-05-05 06:50:45 INFO mt5_bot - Execution status=skipped reason=no_closed_bar_crossover
2026-05-05 06:51:00 INFO mt5_bot - Balance=102029.96 Equity=102029.96 Spread=0.30 pips
2026-05-05 06:51:00 INFO mt5_bot - Signal=NONE reason=no_closed_bar_crossover price=None trend=None rsi=73.3 atr_pips=1233.8 adx=21.4
2026-05-05 06:51:00 INFO mt5_bot - Execution status=skipped reason=no_closed_bar_crossover
2026-05-05 06:51:15 INFO mt5_bot - Balance=102029.96 Equity=102029.96 Spread=0.30 pips
2026-05-05 06:51:15 INFO mt5_bot - Signal=NONE reason=no_closed_bar_crossover price=None trend=None rsi=73.3 atr_pips=1233.8 adx=21.4
2026-05-05 06:51:15 INFO mt5_bot - Execution status=skipped reason=no_closed_bar_crossover
2026-05-05 06:51:30 INFO mt5_bot - Balance=102029.96 Equity=102029.96 Spread=0.30 pips
2026-05-05 06:51:30 INFO mt5_bot - Signal=NONE reason=no_closed_bar_crossover price=None trend=None rsi=73.3 atr_pips=1233.8 adx=21.4
2026-05-05 06:51:30 INFO mt5_bot - Execution status=skipped reason=no_closed_bar_crossover
2026-05-05 06:51:45 INFO mt5_bot - Balance=102029.96 Equity=102029.96 Spread=0.30 pips
2026-05-05 06:51:45 INFO mt5_bot - Signal=NONE reason=no_closed_bar_crossover price=None trend=None rsi=73.3 atr_pips=1233.8 adx=21.4
2026-05-05 06:51:45 INFO mt5_bot - Execution status=skipped reason=no_closed_bar_crossover
2026-05-05 06:52:00 INFO mt5_bot - Balance=102029.96 Equity=102029.96 Spread=0.30 pips
2026-05-05 06:52:00 INFO mt5_bot - Signal=NONE reason=no_closed_bar_crossover price=None trend=None rsi=73.3 atr_pips=1233.8 adx=21.4
2026-05-05 06:52:00 INFO mt5_bot - Execution status=skipped reason=no_closed_bar_crossover
^C2026-05-05 06:52:24 INFO mt5_bot - MT5 permissions: account_server=MetaQuotes-Demo account_trade_allowed=True account_trade_expert=True terminal_trade_allowed=True terminal_build=5836
2026-05-05 06:52:24 INFO mt5_bot - Starting PRO loop: symbol=USDJPY tf=M15 trend_tf=H1 trade_enabled=True trend_filter=False adx_filter=True rsi_momentum=False partial_close=True trailing_stop=True atr_sl_tp=True news_filter=True retest=False equity_curve=True
2026-05-05 06:52:24 INFO mt5_bot - Balance=102029.96 Equity=102029.96 Spread=0.30 pips
2026-05-05 06:52:24 INFO mt5_bot.news_filter - news_filter: loaded 115 events from shared cache
2026-05-05 06:52:24 INFO mt5_bot - Signal=NONE reason=no_closed_bar_crossover price=None trend=None rsi=73.3 atr_pips=1233.8 adx=21.4
2026-05-05 06:52:24 INFO mt5_bot - Execution status=skipped reason=no_closed_bar_crossover
2026-05-05 06:52:39 INFO mt5_bot - Balance=102029.96 Equity=102029.96 Spread=0.30 pips
2026-05-05 06:52:39 INFO mt5_bot - Signal=NONE reason=no_closed_bar_crossover price=None trend=None rsi=73.3 atr_pips=1233.8 adx=21.4
2026-05-05 06:52:39 INFO mt5_bot - Execution status=skipped reason=no_closed_bar_crossover
2026-05-05 06:52:54 INFO mt5_bot - Balance=102029.96 Equity=102029.96 Spread=0.30 pips
2026-05-05 06:52:54 INFO mt5_bot - Signal=NONE reason=no_closed_bar_crossover price=None trend=None rsi=73.3 atr_pips=1233.8 adx=21.4
2026-05-05 06:52:54 INFO mt5_bot - Execution status=skipped reason=no_closed_bar_crossover
2026-05-05 06:53:09 INFO mt5_bot - Balance=102029.96 Equity=102029.96 Spread=0.30 pips
2026-05-05 06:53:09 INFO mt5_bot - Signal=NONE reason=no_closed_bar_crossover price=None trend=None rsi=73.3 atr_pips=1233.8 adx=21.4
2026-05-05 06:53:09 INFO mt5_bot - Execution status=skipped reason=no_closed_bar_crossover
2026-05-05 06:53:24 INFO mt5_bot - Balance=102029.96 Equity=102029.96 Spread=0.30 pips
2026-05-05 06:53:24 INFO mt5_bot - Signal=NONE reason=no_closed_bar_crossover price=None trend=None rsi=73.3 atr_pips=1233.8 adx=21.4
2026-05-05 06:53:24 INFO mt5_bot - Execution status=skipped reason=no_closed_bar_crossover
2026-05-05 06:53:39 INFO mt5_bot - Balance=102029.96 Equity=102029.96 Spread=0.30 pips
2026-05-05 06:53:39 INFO mt5_bot - Signal=NONE reason=no_closed_bar_crossover price=None trend=None rsi=73.3 atr_pips=1233.8 adx=21.4
2026-05-05 06:53:39 INFO mt5_bot - Execution status=skipped reason=no_closed_bar_crossover
2026-05-05 06:53:54 INFO mt5_bot - Balance=102029.96 Equity=102029.96 Spread=0.30 pips
2026-05-05 06:53:54 INFO mt5_bot - Signal=NONE reason=no_closed_bar_crossover price=None trend=None rsi=73.3 atr_pips=1233.8 adx=21.4
2026-05-05 06:53:54 INFO mt5_bot - Execution status=skipped reason=no_closed_bar_crossover
2026-05-05 06:54:09 INFO mt5_bot - Balance=102029.96 Equity=102029.96 Spread=0.30 pips
2026-05-05 06:54:09 INFO mt5_bot - Signal=NONE reason=no_closed_bar_crossover price=None trend=None rsi=73.3 atr_pips=1233.8 adx=21.4
2026-05-05 06:54:09 INFO mt5_bot - Execution status=skipped reason=no_closed_bar_crossover
2026-05-05 06:54:24 INFO mt5_bot - Balance=102029.96 Equity=102029.96 Spread=0.30 pips
2026-05-05 06:54:24 INFO mt5_bot - Signal=NONE reason=no_closed_bar_crossover price=None trend=None rsi=73.3 atr_pips=1233.8 adx=21.4
2026-05-05 06:54:24 INFO mt5_bot - Execution status=skipped reason=no_closed_bar_crossover
2026-05-05 06:54:39 INFO mt5_bot - Balance=102029.96 Equity=102029.96 Spread=0.30 pips
2026-05-05 06:54:39 INFO mt5_bot - Signal=NONE reason=no_closed_bar_crossover price=None trend=None rsi=73.3 atr_pips=1233.8 adx=21.4
2026-05-05 06:54:39 INFO mt5_bot - Execution status=skipped reason=no_closed_bar_crossover
2026-05-05 06:54:54 INFO mt5_bot - Balance=102029.96 Equity=102029.96 Spread=0.30 pips
2026-05-05 06:54:54 INFO mt5_bot - Signal=NONE reason=no_closed_bar_crossover price=None trend=None rsi=73.3 atr_pips=1233.8 adx=21.4
2026-05-05 06:54:54 INFO mt5_bot - Execution status=skipped reason=no_closed_bar_crossover
2026-05-05 06:55:09 INFO mt5_bot - Balance=102029.96 Equity=102029.96 Spread=0.30 pips
2026-05-05 06:55:09 INFO mt5_bot - Signal=NONE reason=no_closed_bar_crossover price=None trend=None rsi=73.3 atr_pips=1233.8 adx=21.4
2026-05-05 06:55:09 INFO mt5_bot - Execution status=skipped reason=no_closed_bar_crossover
2026-05-05 06:55:24 INFO mt5_bot - Balance=102029.96 Equity=102029.96 Spread=0.30 pips
2026-05-05 06:55:24 INFO mt5_bot - Signal=NONE reason=no_closed_bar_crossover price=None trend=None rsi=73.3 atr_pips=1233.8 adx=21.4
2026-05-05 06:55:24 INFO mt5_bot - Execution status=skipped reason=no_closed_bar_crossover
2026-05-05 06:55:39 INFO mt5_bot - Balance=102029.96 Equity=102029.96 Spread=0.30 pips
2026-05-05 06:55:39 INFO mt5_bot - Signal=NONE reason=no_closed_bar_crossover price=None trend=None rsi=73.3 atr_pips=1233.8 adx=21.4
2026-05-05 06:55:39 INFO mt5_bot - Execution status=skipped reason=no_closed_bar_crossover
2026-05-05 06:55:54 INFO mt5_bot - Balance=102029.96 Equity=102029.96 Spread=0.30 pips
2026-05-05 06:55:54 INFO mt5_bot - Signal=NONE reason=no_closed_bar_crossover price=None trend=None rsi=73.3 atr_pips=1233.8 adx=21.4
2026-05-05 06:55:54 INFO mt5_bot - Execution status=skipped reason=no_closed_bar_crossover
2026-05-05 06:56:09 INFO mt5_bot - Balance=102029.96 Equity=102029.96 Spread=0.30 pips
2026-05-05 06:56:09 INFO mt5_bot - Signal=NONE reason=no_closed_bar_crossover price=None trend=None rsi=73.3 atr_pips=1233.8 adx=21.4
2026-05-05 06:56:09 INFO mt5_bot - Execution status=skipped reason=no_closed_bar_crossover
^C2026-05-05 06:56:30 INFO mt5_bot - MT5 permissions: account_server=MetaQuotes-Demo account_trade_allowed=True account_trade_expert=True terminal_trade_allowed=True terminal_build=5836
2026-05-05 06:56:30 INFO mt5_bot - Starting PRO loop: symbol=USDJPY tf=M15 trend_tf=H1 trade_enabled=True trend_filter=False adx_filter=True rsi_momentum=False partial_close=True trailing_stop=True atr_sl_tp=True news_filter=True retest=False equity_curve=True
2026-05-05 06:56:30 INFO mt5_bot - Balance=102029.96 Equity=102029.96 Spread=0.30 pips
2026-05-05 06:56:30 INFO mt5_bot.news_filter - news_filter: loaded 115 events from shared cache
2026-05-05 06:56:30 INFO mt5_bot - Signal=NONE reason=no_closed_bar_crossover price=None trend=None rsi=73.3 atr_pips=1233.8 adx=21.4
2026-05-05 06:56:30 INFO mt5_bot - Execution status=skipped reason=no_closed_bar_crossover
2026-05-05 06:56:45 INFO mt5_bot - Balance=102029.96 Equity=102029.96 Spread=0.30 pips
2026-05-05 06:56:45 INFO mt5_bot - Signal=NONE reason=no_closed_bar_crossover price=None trend=None rsi=73.3 atr_pips=1233.8 adx=21.4
2026-05-05 06:56:45 INFO mt5_bot - Execution status=skipped reason=no_closed_bar_crossover
2026-05-05 06:57:00 INFO mt5_bot - Balance=102029.96 Equity=102029.96 Spread=0.30 pips
2026-05-05 06:57:00 INFO mt5_bot - Signal=NONE reason=no_closed_bar_crossover price=None trend=None rsi=73.3 atr_pips=1233.8 adx=21.4
2026-05-05 06:57:00 INFO mt5_bot - Execution status=skipped reason=no_closed_bar_crossover
2026-05-05 06:57:15 INFO mt5_bot - Balance=102029.96 Equity=102029.96 Spread=0.30 pips
2026-05-05 06:57:15 INFO mt5_bot - Signal=NONE reason=no_closed_bar_crossover price=None trend=None rsi=73.3 atr_pips=1233.8 adx=21.4
2026-05-05 06:57:15 INFO mt5_bot - Execution status=skipped reason=no_closed_bar_crossover
2026-05-05 06:57:30 INFO mt5_bot - Balance=102029.96 Equity=102029.96 Spread=0.30 pips
2026-05-05 06:57:30 INFO mt5_bot - Signal=NONE reason=no_closed_bar_crossover price=None trend=None rsi=73.3 atr_pips=1233.8 adx=21.4
2026-05-05 06:57:30 INFO mt5_bot - Execution status=skipped reason=no_closed_bar_crossover
2026-05-05 06:57:45 INFO mt5_bot - Balance=102029.96 Equity=102029.96 Spread=0.30 pips
2026-05-05 06:57:45 INFO mt5_bot - Signal=NONE reason=no_closed_bar_crossover price=None trend=None rsi=73.3 atr_pips=1233.8 adx=21.4
2026-05-05 06:57:45 INFO mt5_bot - Execution status=skipped reason=no_closed_bar_crossover
2026-05-05 06:58:00 INFO mt5_bot - Balance=102029.96 Equity=102029.96 Spread=0.30 pips
2026-05-05 06:58:00 INFO mt5_bot - Signal=NONE reason=no_closed_bar_crossover price=None trend=None rsi=73.3 atr_pips=1233.8 adx=21.4
2026-05-05 06:58:00 INFO mt5_bot - Execution status=skipped reason=no_closed_bar_crossover
2026-05-05 06:58:15 INFO mt5_bot - Balance=102029.96 Equity=102029.96 Spread=0.30 pips
2026-05-05 06:58:15 INFO mt5_bot - Signal=NONE reason=no_closed_bar_crossover price=None trend=None rsi=73.3 atr_pips=1233.8 adx=21.4
2026-05-05 06:58:15 INFO mt5_bot - Execution status=skipped reason=no_closed_bar_crossover
^C2026-05-05 07:04:56 INFO mt5_bot - MT5 permissions: account_server=MetaQuotes-Demo account_trade_allowed=True account_trade_expert=True terminal_trade_allowed=True terminal_build=5836
2026-05-05 07:04:56 INFO mt5_bot - Starting PRO loop: symbol=USDJPY tf=M15 trend_tf=H1 trade_enabled=True trend_filter=False adx_filter=True rsi_momentum=False partial_close=True trailing_stop=True atr_sl_tp=True news_filter=True retest=False equity_curve=True
2026-05-05 07:04:56 INFO mt5_bot - Synced 1 new history deals
2026-05-05 07:04:56 INFO mt5_bot - Balance=102029.96 Equity=102029.96 Spread=0.30 pips
2026-05-05 07:04:56 INFO mt5_bot.news_filter - news_filter: loaded 115 events from shared cache
2026-05-05 07:04:56 INFO mt5_bot - Signal=NONE reason=no_closed_bar_crossover price=None trend=None rsi=75.1 atr_pips=1192.1 adx=21.9
2026-05-05 07:04:56 INFO mt5_bot - Execution status=skipped reason=no_closed_bar_crossover
2026-05-05 07:05:11 INFO mt5_bot - Balance=102029.96 Equity=102029.96 Spread=0.30 pips
2026-05-05 07:05:11 INFO mt5_bot - Signal=NONE reason=no_closed_bar_crossover price=None trend=None rsi=75.1 atr_pips=1192.1 adx=21.9
2026-05-05 07:05:11 INFO mt5_bot - Execution status=skipped reason=no_closed_bar_crossover
2026-05-05 07:05:26 INFO mt5_bot - Balance=102029.96 Equity=102029.96 Spread=0.30 pips
2026-05-05 07:05:26 INFO mt5_bot - Signal=NONE reason=no_closed_bar_crossover price=None trend=None rsi=75.1 atr_pips=1192.1 adx=21.9
2026-05-05 07:05:26 INFO mt5_bot - Execution status=skipped reason=no_closed_bar_crossover
2026-05-05 07:05:41 INFO mt5_bot - Balance=102029.96 Equity=102029.96 Spread=0.30 pips
2026-05-05 07:05:41 INFO mt5_bot - Signal=NONE reason=no_closed_bar_crossover price=None trend=None rsi=75.1 atr_pips=1192.1 adx=21.9
2026-05-05 07:05:41 INFO mt5_bot - Execution status=skipped reason=no_closed_bar_crossover
2026-05-05 07:05:56 INFO mt5_bot - Balance=102029.96 Equity=102029.96 Spread=0.30 pips
2026-05-05 07:05:56 INFO mt5_bot - Signal=NONE reason=no_closed_bar_crossover price=None trend=None rsi=75.1 atr_pips=1192.1 adx=21.9
2026-05-05 07:05:56 INFO mt5_bot - Execution status=skipped reason=no_closed_bar_crossover
2026-05-05 07:06:11 INFO mt5_bot - Balance=102029.96 Equity=102029.96 Spread=0.30 pips
2026-05-05 07:06:11 INFO mt5_bot - Signal=NONE reason=no_closed_bar_crossover price=None trend=None rsi=75.1 atr_pips=1192.1 adx=21.9
2026-05-05 07:06:11 INFO mt5_bot - Execution status=skipped reason=no_closed_bar_crossover
2026-05-05 07:06:26 INFO mt5_bot - Balance=102029.96 Equity=102029.96 Spread=0.30 pips
2026-05-05 07:06:26 INFO mt5_bot - Signal=NONE reason=no_closed_bar_crossover price=None trend=None rsi=75.1 atr_pips=1192.1 adx=21.9
2026-05-05 07:06:26 INFO mt5_bot - Execution status=skipped reason=no_closed_bar_crossover
2026-05-05 07:06:41 INFO mt5_bot - Balance=102029.96 Equity=102029.96 Spread=0.30 pips
2026-05-05 07:06:41 INFO mt5_bot - Signal=NONE reason=no_closed_bar_crossover price=None trend=None rsi=75.1 atr_pips=1192.1 adx=21.9
2026-05-05 07:06:41 INFO mt5_bot - Execution status=skipped reason=no_closed_bar_crossover
2026-05-05 07:06:56 INFO mt5_bot - Balance=102029.96 Equity=102029.96 Spread=0.30 pips
2026-05-05 07:06:56 INFO mt5_bot - Signal=NONE reason=no_closed_bar_crossover price=None trend=None rsi=75.1 atr_pips=1192.1 adx=21.9
2026-05-05 07:06:56 INFO mt5_bot - Execution status=skipped reason=no_closed_bar_crossover
2026-05-05 07:07:11 INFO mt5_bot - Balance=102029.96 Equity=102029.96 Spread=0.30 pips
2026-05-05 07:07:11 INFO mt5_bot - Signal=NONE reason=no_closed_bar_crossover price=None trend=None rsi=75.1 atr_pips=1192.1 adx=21.9
2026-05-05 07:07:11 INFO mt5_bot - Execution status=skipped reason=no_closed_bar_crossover
2026-05-05 07:07:26 INFO mt5_bot - Balance=102029.96 Equity=102029.96 Spread=0.30 pips
2026-05-05 07:07:26 INFO mt5_bot - Signal=NONE reason=no_closed_bar_crossover price=None trend=None rsi=75.1 atr_pips=1192.1 adx=21.9
2026-05-05 07:07:26 INFO mt5_bot - Execution status=skipped reason=no_closed_bar_crossover
2026-05-05 07:07:41 INFO mt5_bot - Balance=102029.96 Equity=102029.96 Spread=0.30 pips
2026-05-05 07:07:41 INFO mt5_bot - Signal=NONE reason=no_closed_bar_crossover price=None trend=None rsi=75.1 atr_pips=1192.1 adx=21.9
2026-05-05 07:07:41 INFO mt5_bot - Execution status=skipped reason=no_closed_bar_crossover
2026-05-05 07:07:56 INFO mt5_bot - Balance=102029.96 Equity=102029.96 Spread=0.30 pips
2026-05-05 07:07:56 INFO mt5_bot - Signal=NONE reason=no_closed_bar_crossover price=None trend=None rsi=75.1 atr_pips=1192.1 adx=21.9
2026-05-05 07:07:56 INFO mt5_bot - Execution status=skipped reason=no_closed_bar_crossover
2026-05-05 07:08:11 INFO mt5_bot - Balance=102029.96 Equity=102029.96 Spread=0.30 pips
2026-05-05 07:08:11 INFO mt5_bot - Signal=NONE reason=no_closed_bar_crossover price=None trend=None rsi=75.1 atr_pips=1192.1 adx=21.9
2026-05-05 07:08:11 INFO mt5_bot - Execution status=skipped reason=no_closed_bar_crossover
2026-05-05 07:08:26 INFO mt5_bot - Balance=102029.96 Equity=102029.96 Spread=0.30 pips
2026-05-05 07:08:26 INFO mt5_bot - Signal=NONE reason=no_closed_bar_crossover price=None trend=None rsi=75.1 atr_pips=1192.1 adx=21.9
2026-05-05 07:08:26 INFO mt5_bot - Execution status=skipped reason=no_closed_bar_crossover
2026-05-05 07:08:41 INFO mt5_bot - Balance=102029.96 Equity=102029.96 Spread=0.30 pips
2026-05-05 07:08:41 INFO mt5_bot - Signal=NONE reason=no_closed_bar_crossover price=None trend=None rsi=75.1 atr_pips=1192.1 adx=21.9
2026-05-05 07:08:41 INFO mt5_bot - Execution status=skipped reason=no_closed_bar_crossover
2026-05-05 07:08:56 INFO mt5_bot - Balance=102029.96 Equity=102029.96 Spread=0.30 pips
2026-05-05 07:08:56 INFO mt5_bot - Signal=NONE reason=no_closed_bar_crossover price=None trend=None rsi=75.1 atr_pips=1192.1 adx=21.9
2026-05-05 07:08:56 INFO mt5_bot - Execution status=skipped reason=no_closed_bar_crossover
2026-05-05 07:09:11 INFO mt5_bot - Balance=102029.96 Equity=102029.96 Spread=0.30 pips
2026-05-05 07:09:11 INFO mt5_bot - Signal=NONE reason=no_closed_bar_crossover price=None trend=None rsi=75.1 atr_pips=1192.1 adx=21.9
2026-05-05 07:09:11 INFO mt5_bot - Execution status=skipped reason=no_closed_bar_crossover
2026-05-05 07:09:26 INFO mt5_bot - Balance=102029.96 Equity=102029.96 Spread=0.30 pips
2026-05-05 07:09:26 INFO mt5_bot - Signal=NONE reason=no_closed_bar_crossover price=None trend=None rsi=75.1 atr_pips=1192.1 adx=21.9
2026-05-05 07:09:26 INFO mt5_bot - Execution status=skipped reason=no_closed_bar_crossover
2026-05-05 07:09:41 INFO mt5_bot - Balance=102029.96 Equity=102029.96 Spread=0.30 pips
2026-05-05 07:09:41 INFO mt5_bot - Signal=NONE reason=no_closed_bar_crossover price=None trend=None rsi=75.1 atr_pips=1192.1 adx=21.9
2026-05-05 07:09:41 INFO mt5_bot - Execution status=skipped reason=no_closed_bar_crossover
2026-05-05 07:09:56 INFO mt5_bot - Balance=102029.96 Equity=102029.96 Spread=0.30 pips
2026-05-05 07:09:56 INFO mt5_bot - Signal=NONE reason=no_closed_bar_crossover price=None trend=None rsi=75.1 atr_pips=1192.1 adx=21.9
2026-05-05 07:09:56 INFO mt5_bot - Execution status=skipped reason=no_closed_bar_crossover
2026-05-05 07:10:11 INFO mt5_bot - Balance=102029.96 Equity=102029.96 Spread=0.30 pips
2026-05-05 07:10:11 INFO mt5_bot - Signal=NONE reason=no_closed_bar_crossover price=None trend=None rsi=75.1 atr_pips=1192.1 adx=21.9
2026-05-05 07:10:11 INFO mt5_bot - Execution status=skipped reason=no_closed_bar_crossover
2026-05-05 07:10:26 INFO mt5_bot - Balance=102029.96 Equity=102029.96 Spread=0.30 pips
2026-05-05 07:10:26 INFO mt5_bot - Signal=NONE reason=no_closed_bar_crossover price=None trend=None rsi=75.1 atr_pips=1192.1 adx=21.9
2026-05-05 07:10:26 INFO mt5_bot - Execution status=skipped reason=no_closed_bar_crossover
2026-05-05 07:10:41 INFO mt5_bot - Balance=102029.96 Equity=102029.96 Spread=0.30 pips
2026-05-05 07:10:41 INFO mt5_bot - Signal=NONE reason=no_closed_bar_crossover price=None trend=None rsi=75.1 atr_pips=1192.1 adx=21.9
2026-05-05 07:10:41 INFO mt5_bot - Execution status=skipped reason=no_closed_bar_crossover
2026-05-05 07:10:56 INFO mt5_bot - Balance=102029.96 Equity=102029.96 Spread=0.30 pips
2026-05-05 07:10:56 INFO mt5_bot - Signal=NONE reason=no_closed_bar_crossover price=None trend=None rsi=75.1 atr_pips=1192.1 adx=21.9
2026-05-05 07:10:56 INFO mt5_bot - Execution status=skipped reason=no_closed_bar_crossover
2026-05-05 07:11:11 INFO mt5_bot - Balance=102029.96 Equity=102029.96 Spread=0.30 pips
2026-05-05 07:11:11 INFO mt5_bot - Signal=NONE reason=no_closed_bar_crossover price=None trend=None rsi=75.1 atr_pips=1192.1 adx=21.9
2026-05-05 07:11:11 INFO mt5_bot - Execution status=skipped reason=no_closed_bar_crossover
2026-05-05 07:11:26 INFO mt5_bot - Balance=102029.96 Equity=102029.96 Spread=0.30 pips
2026-05-05 07:11:26 INFO mt5_bot - Signal=NONE reason=no_closed_bar_crossover price=None trend=None rsi=75.1 atr_pips=1192.1 adx=21.9
2026-05-05 07:11:26 INFO mt5_bot - Execution status=skipped reason=no_closed_bar_crossover
2026-05-05 07:11:41 INFO mt5_bot - Balance=102029.96 Equity=102029.96 Spread=0.30 pips
2026-05-05 07:11:41 INFO mt5_bot - Signal=NONE reason=no_closed_bar_crossover price=None trend=None rsi=75.1 atr_pips=1192.1 adx=21.9
2026-05-05 07:11:41 INFO mt5_bot - Execution status=skipped reason=no_closed_bar_crossover
2026-05-05 07:11:56 INFO mt5_bot - Balance=102029.96 Equity=102029.96 Spread=0.30 pips
2026-05-05 07:11:57 INFO mt5_bot - Signal=NONE reason=no_closed_bar_crossover price=None trend=None rsi=75.1 atr_pips=1192.1 adx=21.9
2026-05-05 07:11:57 INFO mt5_bot - Execution status=skipped reason=no_closed_bar_crossover
2026-05-05 07:12:12 INFO mt5_bot - Balance=102029.96 Equity=102029.96 Spread=0.30 pips
2026-05-05 07:12:12 INFO mt5_bot - Signal=NONE reason=no_closed_bar_crossover price=None trend=None rsi=75.1 atr_pips=1192.1 adx=21.9
2026-05-05 07:12:12 INFO mt5_bot - Execution status=skipped reason=no_closed_bar_crossover
2026-05-05 07:12:27 INFO mt5_bot - Balance=102029.96 Equity=102029.96 Spread=0.30 pips
2026-05-05 07:12:27 INFO mt5_bot - Signal=NONE reason=no_closed_bar_crossover price=None trend=None rsi=75.1 atr_pips=1192.1 adx=21.9
2026-05-05 07:12:27 INFO mt5_bot - Execution status=skipped reason=no_closed_bar_crossover
2026-05-05 07:12:42 INFO mt5_bot - Balance=102029.96 Equity=102029.96 Spread=0.30 pips
2026-05-05 07:12:42 INFO mt5_bot - Signal=NONE reason=no_closed_bar_crossover price=None trend=None rsi=75.1 atr_pips=1192.1 adx=21.9
2026-05-05 07:12:42 INFO mt5_bot - Execution status=skipped reason=no_closed_bar_crossover
2026-05-05 07:12:57 INFO mt5_bot - Balance=102029.96 Equity=102029.96 Spread=0.30 pips
2026-05-05 07:12:57 INFO mt5_bot - Signal=NONE reason=no_closed_bar_crossover price=None trend=None rsi=75.1 atr_pips=1192.1 adx=21.9
2026-05-05 07:12:57 INFO mt5_bot - Execution status=skipped reason=no_closed_bar_crossover
2026-05-05 07:13:12 INFO mt5_bot - Balance=102029.96 Equity=102029.96 Spread=0.30 pips
2026-05-05 07:13:12 INFO mt5_bot - Signal=NONE reason=no_closed_bar_crossover price=None trend=None rsi=75.1 atr_pips=1192.1 adx=21.9
2026-05-05 07:13:12 INFO mt5_bot - Execution status=skipped reason=no_closed_bar_crossover
2026-05-05 07:13:27 INFO mt5_bot - Balance=102029.96 Equity=102029.96 Spread=0.30 pips
2026-05-05 07:13:27 INFO mt5_bot - Signal=NONE reason=no_closed_bar_crossover price=None trend=None rsi=75.1 atr_pips=1192.1 adx=21.9
2026-05-05 07:13:27 INFO mt5_bot - Execution status=skipped reason=no_closed_bar_crossover
2026-05-05 07:13:42 INFO mt5_bot - Balance=102029.96 Equity=102029.96 Spread=0.30 pips
2026-05-05 07:13:42 INFO mt5_bot - Signal=NONE reason=no_closed_bar_crossover price=None trend=None rsi=75.1 atr_pips=1192.1 adx=21.9
2026-05-05 07:13:42 INFO mt5_bot - Execution status=skipped reason=no_closed_bar_crossover
2026-05-05 07:13:57 INFO mt5_bot - Balance=102029.96 Equity=102029.96 Spread=0.30 pips
2026-05-05 07:13:57 INFO mt5_bot - Signal=NONE reason=no_closed_bar_crossover price=None trend=None rsi=75.1 atr_pips=1192.1 adx=21.9
2026-05-05 07:13:57 INFO mt5_bot - Execution status=skipped reason=no_closed_bar_crossover
2026-05-05 07:14:12 INFO mt5_bot - Balance=102029.96 Equity=102029.96 Spread=0.30 pips
2026-05-05 07:14:12 INFO mt5_bot - Signal=NONE reason=no_closed_bar_crossover price=None trend=None rsi=75.1 atr_pips=1192.1 adx=21.9
2026-05-05 07:14:12 INFO mt5_bot - Execution status=skipped reason=no_closed_bar_crossover
2026-05-05 07:14:27 INFO mt5_bot - Balance=102029.96 Equity=102029.96 Spread=0.30 pips
2026-05-05 07:14:27 INFO mt5_bot - Signal=NONE reason=no_closed_bar_crossover price=None trend=None rsi=75.1 atr_pips=1192.1 adx=21.9
2026-05-05 07:14:27 INFO mt5_bot - Execution status=skipped reason=no_closed_bar_crossover
2026-05-05 07:14:42 INFO mt5_bot - Balance=102029.96 Equity=102029.96 Spread=0.30 pips
2026-05-05 07:14:42 INFO mt5_bot - Signal=NONE reason=no_closed_bar_crossover price=None trend=None rsi=75.1 atr_pips=1192.1 adx=21.9
2026-05-05 07:14:42 INFO mt5_bot - Execution status=skipped reason=no_closed_bar_crossover
2026-05-05 07:14:57 INFO mt5_bot - Balance=102029.96 Equity=102029.96 Spread=0.30 pips
2026-05-05 07:14:57 INFO mt5_bot - Signal=NONE reason=no_closed_bar_crossover price=None trend=None rsi=75.1 atr_pips=1192.1 adx=21.9
2026-05-05 07:14:57 INFO mt5_bot - Execution status=skipped reason=no_closed_bar_crossover
2026-05-05 07:15:12 INFO mt5_bot - Balance=102029.96 Equity=102029.96 Spread=0.30 pips
2026-05-05 07:15:12 INFO mt5_bot - Signal=NONE reason=no_closed_bar_crossover price=None trend=None rsi=74.4 atr_pips=1249.1 adx=22.8
2026-05-05 07:15:12 INFO mt5_bot - Execution status=skipped reason=no_closed_bar_crossover
2026-05-05 07:15:27 INFO mt5_bot - Balance=102029.96 Equity=102029.96 Spread=0.30 pips
2026-05-05 07:15:27 INFO mt5_bot - Signal=NONE reason=no_closed_bar_crossover price=None trend=None rsi=74.4 atr_pips=1249.1 adx=22.8
2026-05-05 07:15:27 INFO mt5_bot - Execution status=skipped reason=no_closed_bar_crossover
2026-05-05 07:15:42 INFO mt5_bot - Balance=102029.96 Equity=102029.96 Spread=0.30 pips
2026-05-05 07:15:42 INFO mt5_bot - Signal=NONE reason=no_closed_bar_crossover price=None trend=None rsi=74.4 atr_pips=1249.1 adx=22.8
2026-05-05 07:15:42 INFO mt5_bot - Execution status=skipped reason=no_closed_bar_crossover
2026-05-05 07:15:57 INFO mt5_bot - Balance=102029.96 Equity=102029.96 Spread=0.30 pips
2026-05-05 07:15:57 INFO mt5_bot - Signal=NONE reason=no_closed_bar_crossover price=None trend=None rsi=74.4 atr_pips=1249.1 adx=22.8
2026-05-05 07:15:57 INFO mt5_bot - Execution status=skipped reason=no_closed_bar_crossover
2026-05-05 07:16:12 INFO mt5_bot - Balance=102029.96 Equity=102029.96 Spread=0.30 pips
2026-05-05 07:16:12 INFO mt5_bot - Signal=NONE reason=no_closed_bar_crossover price=None trend=None rsi=74.4 atr_pips=1249.1 adx=22.8
2026-05-05 07:16:12 INFO mt5_bot - Execution status=skipped reason=no_closed_bar_crossover
2026-05-05 07:16:27 INFO mt5_bot - Balance=102029.96 Equity=102029.96 Spread=0.30 pips
2026-05-05 07:16:27 INFO mt5_bot - Signal=NONE reason=no_closed_bar_crossover price=None trend=None rsi=74.4 atr_pips=1249.1 adx=22.8
2026-05-05 07:16:27 INFO mt5_bot - Execution status=skipped reason=no_closed_bar_crossover
2026-05-05 07:16:42 INFO mt5_bot - Balance=102029.96 Equity=102029.96 Spread=0.30 pips
2026-05-05 07:16:42 INFO mt5_bot - Signal=NONE reason=no_closed_bar_crossover price=None trend=None rsi=74.4 atr_pips=1249.1 adx=22.8
2026-05-05 07:16:42 INFO mt5_bot - Execution status=skipped reason=no_closed_bar_crossover
2026-05-05 07:16:57 INFO mt5_bot - Balance=102029.96 Equity=102029.96 Spread=0.30 pips
2026-05-05 07:16:57 INFO mt5_bot - Signal=NONE reason=no_closed_bar_crossover price=None trend=None rsi=74.4 atr_pips=1249.1 adx=22.8
2026-05-05 07:16:57 INFO mt5_bot - Execution status=skipped reason=no_closed_bar_crossover
2026-05-05 07:17:12 INFO mt5_bot - Balance=102029.96 Equity=102029.96 Spread=0.30 pips
2026-05-05 07:17:12 INFO mt5_bot - Signal=NONE reason=no_closed_bar_crossover price=None trend=None rsi=74.4 atr_pips=1249.1 adx=22.8
2026-05-05 07:17:12 INFO mt5_bot - Execution status=skipped reason=no_closed_bar_crossover
2026-05-05 07:17:27 INFO mt5_bot - Balance=102029.96 Equity=102029.96 Spread=0.30 pips
2026-05-05 07:17:27 INFO mt5_bot - Signal=NONE reason=no_closed_bar_crossover price=None trend=None rsi=74.4 atr_pips=1249.1 adx=22.8
2026-05-05 07:17:27 INFO mt5_bot - Execution status=skipped reason=no_closed_bar_crossover
2026-05-05 07:17:42 INFO mt5_bot - Balance=102029.96 Equity=102029.96 Spread=0.30 pips
2026-05-05 07:17:42 INFO mt5_bot - Signal=NONE reason=no_closed_bar_crossover price=None trend=None rsi=74.4 atr_pips=1249.1 adx=22.8
2026-05-05 07:17:42 INFO mt5_bot - Execution status=skipped reason=no_closed_bar_crossover
2026-05-05 07:17:57 INFO mt5_bot - Balance=102029.96 Equity=102029.96 Spread=0.30 pips
2026-05-05 07:17:57 INFO mt5_bot - Signal=NONE reason=no_closed_bar_crossover price=None trend=None rsi=74.4 atr_pips=1249.1 adx=22.8
2026-05-05 07:17:57 INFO mt5_bot - Execution status=skipped reason=no_closed_bar_crossover
2026-05-05 07:18:12 INFO mt5_bot - Balance=102029.96 Equity=102029.96 Spread=0.30 pips
2026-05-05 07:18:12 INFO mt5_bot - Signal=NONE reason=no_closed_bar_crossover price=None trend=None rsi=74.4 atr_pips=1249.1 adx=22.8
2026-05-05 07:18:12 INFO mt5_bot - Execution status=skipped reason=no_closed_bar_crossover
2026-05-05 07:18:27 INFO mt5_bot - Balance=102029.96 Equity=102029.96 Spread=0.30 pips
2026-05-05 07:18:27 INFO mt5_bot - Signal=NONE reason=no_closed_bar_crossover price=None trend=None rsi=74.4 atr_pips=1249.1 adx=22.8
2026-05-05 07:18:27 INFO mt5_bot - Execution status=skipped reason=no_closed_bar_crossover
2026-05-05 07:18:42 INFO mt5_bot - Balance=102029.96 Equity=102029.96 Spread=0.30 pips
2026-05-05 07:18:42 INFO mt5_bot - Signal=NONE reason=no_closed_bar_crossover price=None trend=None rsi=74.4 atr_pips=1249.1 adx=22.8
2026-05-05 07:18:42 INFO mt5_bot - Execution status=skipped reason=no_closed_bar_crossover
2026-05-05 07:18:57 INFO mt5_bot - Balance=102029.96 Equity=102029.96 Spread=0.30 pips
2026-05-05 07:18:57 INFO mt5_bot - Signal=NONE reason=no_closed_bar_crossover price=None trend=None rsi=74.4 atr_pips=1249.1 adx=22.8
2026-05-05 07:18:57 INFO mt5_bot - Execution status=skipped reason=no_closed_bar_crossover
2026-05-05 07:19:12 INFO mt5_bot - Balance=102029.96 Equity=102029.96 Spread=0.30 pips
2026-05-05 07:19:12 INFO mt5_bot - Signal=NONE reason=no_closed_bar_crossover price=None trend=None rsi=74.4 atr_pips=1249.1 adx=22.8
2026-05-05 07:19:12 INFO mt5_bot - Execution status=skipped reason=no_closed_bar_crossover
2026-05-05 07:19:27 INFO mt5_bot - Balance=102029.96 Equity=102029.96 Spread=0.30 pips
2026-05-05 07:19:27 INFO mt5_bot - Signal=NONE reason=no_closed_bar_crossover price=None trend=None rsi=74.4 atr_pips=1249.1 adx=22.8
2026-05-05 07:19:27 INFO mt5_bot - Execution status=skipped reason=no_closed_bar_crossover
2026-05-05 07:19:42 INFO mt5_bot - Balance=102029.96 Equity=102029.96 Spread=0.30 pips
2026-05-05 07:19:42 INFO mt5_bot - Signal=NONE reason=no_closed_bar_crossover price=None trend=None rsi=74.4 atr_pips=1249.1 adx=22.8
2026-05-05 07:19:42 INFO mt5_bot - Execution status=skipped reason=no_closed_bar_crossover
2026-05-05 07:19:57 INFO mt5_bot - Balance=102029.96 Equity=102029.96 Spread=0.30 pips
2026-05-05 07:19:57 INFO mt5_bot - Signal=NONE reason=no_closed_bar_crossover price=None trend=None rsi=74.4 atr_pips=1249.1 adx=22.8
2026-05-05 07:19:57 INFO mt5_bot - Execution status=skipped reason=no_closed_bar_crossover
2026-05-05 07:20:12 INFO mt5_bot - Balance=102029.96 Equity=102029.96 Spread=0.30 pips
2026-05-05 07:20:12 INFO mt5_bot - Signal=NONE reason=no_closed_bar_crossover price=None trend=None rsi=74.4 atr_pips=1249.1 adx=22.8
2026-05-05 07:20:12 INFO mt5_bot - Execution status=skipped reason=no_closed_bar_crossover
2026-05-05 07:20:27 INFO mt5_bot - Balance=102029.96 Equity=102029.96 Spread=0.30 pips
2026-05-05 07:20:27 INFO mt5_bot - Signal=NONE reason=no_closed_bar_crossover price=None trend=None rsi=74.4 atr_pips=1249.1 adx=22.8
2026-05-05 07:20:27 INFO mt5_bot - Execution status=skipped reason=no_closed_bar_crossover
2026-05-05 07:20:42 INFO mt5_bot - Balance=102029.96 Equity=102029.96 Spread=0.30 pips
2026-05-05 07:20:42 INFO mt5_bot - Signal=NONE reason=no_closed_bar_crossover price=None trend=None rsi=74.4 atr_pips=1249.1 adx=22.8
2026-05-05 07:20:42 INFO mt5_bot - Execution status=skipped reason=no_closed_bar_crossover
2026-05-05 07:20:57 INFO mt5_bot - Balance=102029.96 Equity=102029.96 Spread=0.30 pips
2026-05-05 07:20:57 INFO mt5_bot - Signal=NONE reason=no_closed_bar_crossover price=None trend=None rsi=74.4 atr_pips=1249.1 adx=22.8
2026-05-05 07:20:57 INFO mt5_bot - Execution status=skipped reason=no_closed_bar_crossover
2026-05-05 07:21:12 INFO mt5_bot - Balance=102029.96 Equity=102029.96 Spread=0.30 pips
2026-05-05 07:21:12 INFO mt5_bot - Signal=NONE reason=no_closed_bar_crossover price=None trend=None rsi=74.4 atr_pips=1249.1 adx=22.8
2026-05-05 07:21:12 INFO mt5_bot - Execution status=skipped reason=no_closed_bar_crossover
2026-05-05 07:21:27 INFO mt5_bot - Balance=102029.96 Equity=102029.96 Spread=0.30 pips
2026-05-05 07:21:27 INFO mt5_bot - Signal=NONE reason=no_closed_bar_crossover price=None trend=None rsi=74.4 atr_pips=1249.1 adx=22.8
2026-05-05 07:21:27 INFO mt5_bot - Execution status=skipped reason=no_closed_bar_crossover
2026-05-05 07:21:42 INFO mt5_bot - Balance=102029.96 Equity=102029.96 Spread=0.30 pips
2026-05-05 07:21:42 INFO mt5_bot - Signal=NONE reason=no_closed_bar_crossover price=None trend=None rsi=74.4 atr_pips=1249.1 adx=22.8
2026-05-05 07:21:42 INFO mt5_bot - Execution status=skipped reason=no_closed_bar_crossover
2026-05-05 07:21:57 INFO mt5_bot - Balance=102029.96 Equity=102029.96 Spread=0.30 pips
2026-05-05 07:21:57 INFO mt5_bot - Signal=NONE reason=no_closed_bar_crossover price=None trend=None rsi=74.4 atr_pips=1249.1 adx=22.8
2026-05-05 07:21:57 INFO mt5_bot - Execution status=skipped reason=no_closed_bar_crossover
2026-05-05 07:22:12 INFO mt5_bot - Balance=102029.96 Equity=102029.96 Spread=0.30 pips
2026-05-05 07:22:12 INFO mt5_bot - Signal=NONE reason=no_closed_bar_crossover price=None trend=None rsi=74.4 atr_pips=1249.1 adx=22.8
2026-05-05 07:22:12 INFO mt5_bot - Execution status=skipped reason=no_closed_bar_crossover
2026-05-05 07:22:27 INFO mt5_bot - Balance=102029.96 Equity=102029.96 Spread=0.30 pips
2026-05-05 07:22:27 INFO mt5_bot - Signal=NONE reason=no_closed_bar_crossover price=None trend=None rsi=74.4 atr_pips=1249.1 adx=22.8
2026-05-05 07:22:27 INFO mt5_bot - Execution status=skipped reason=no_closed_bar_crossover
2026-05-05 07:22:42 INFO mt5_bot - Balance=102029.96 Equity=102029.96 Spread=0.30 pips
2026-05-05 07:22:42 INFO mt5_bot - Signal=NONE reason=no_closed_bar_crossover price=None trend=None rsi=74.4 atr_pips=1249.1 adx=22.8
2026-05-05 07:22:42 INFO mt5_bot - Execution status=skipped reason=no_closed_bar_crossover
2026-05-05 07:22:57 INFO mt5_bot - Balance=102029.96 Equity=102029.96 Spread=0.30 pips
2026-05-05 07:22:57 INFO mt5_bot - Signal=NONE reason=no_closed_bar_crossover price=None trend=None rsi=74.4 atr_pips=1249.1 adx=22.8
2026-05-05 07:22:57 INFO mt5_bot - Execution status=skipped reason=no_closed_bar_crossover
2026-05-05 07:23:12 INFO mt5_bot - Balance=102029.96 Equity=102029.96 Spread=0.30 pips
2026-05-05 07:23:12 INFO mt5_bot - Signal=NONE reason=no_closed_bar_crossover price=None trend=None rsi=74.4 atr_pips=1249.1 adx=22.8
2026-05-05 07:23:12 INFO mt5_bot - Execution status=skipped reason=no_closed_bar_crossover
2026-05-05 07:23:27 INFO mt5_bot - Balance=102029.96 Equity=102029.96 Spread=0.30 pips
2026-05-05 07:23:27 INFO mt5_bot - Signal=NONE reason=no_closed_bar_crossover price=None trend=None rsi=74.4 atr_pips=1249.1 adx=22.8
2026-05-05 07:23:27 INFO mt5_bot - Execution status=skipped reason=no_closed_bar_crossover
2026-05-05 07:23:42 INFO mt5_bot - Balance=102029.96 Equity=102029.96 Spread=0.30 pips
2026-05-05 07:23:42 INFO mt5_bot - Signal=NONE reason=no_closed_bar_crossover price=None trend=None rsi=74.4 atr_pips=1249.1 adx=22.8
2026-05-05 07:23:42 INFO mt5_bot - Execution status=skipped reason=no_closed_bar_crossover
2026-05-05 07:23:57 INFO mt5_bot - Balance=102029.96 Equity=102029.96 Spread=0.30 pips
2026-05-05 07:23:57 INFO mt5_bot - Signal=NONE reason=no_closed_bar_crossover price=None trend=None rsi=74.4 atr_pips=1249.1 adx=22.8
2026-05-05 07:23:57 INFO mt5_bot - Execution status=skipped reason=no_closed_bar_crossover
2026-05-05 07:24:12 INFO mt5_bot - Balance=102029.96 Equity=102029.96 Spread=0.30 pips
2026-05-05 07:24:12 INFO mt5_bot - Signal=NONE reason=no_closed_bar_crossover price=None trend=None rsi=74.4 atr_pips=1249.1 adx=22.8
2026-05-05 07:24:12 INFO mt5_bot - Execution status=skipped reason=no_closed_bar_crossover
2026-05-05 07:24:27 INFO mt5_bot - Balance=102029.96 Equity=102029.96 Spread=0.30 pips
2026-05-05 07:24:27 INFO mt5_bot - Signal=NONE reason=no_closed_bar_crossover price=None trend=None rsi=74.4 atr_pips=1249.1 adx=22.8
2026-05-05 07:24:27 INFO mt5_bot - Execution status=skipped reason=no_closed_bar_crossover
2026-05-05 07:24:42 INFO mt5_bot - Balance=102029.96 Equity=102029.96 Spread=0.30 pips
2026-05-05 07:24:42 INFO mt5_bot - Signal=NONE reason=no_closed_bar_crossover price=None trend=None rsi=74.4 atr_pips=1249.1 adx=22.8
2026-05-05 07:24:42 INFO mt5_bot - Execution status=skipped reason=no_closed_bar_crossover
2026-05-05 07:24:57 INFO mt5_bot - Balance=102029.96 Equity=102029.96 Spread=0.30 pips
2026-05-05 07:24:57 INFO mt5_bot - Signal=NONE reason=no_closed_bar_crossover price=None trend=None rsi=74.4 atr_pips=1249.1 adx=22.8
2026-05-05 07:24:57 INFO mt5_bot - Execution status=skipped reason=no_closed_bar_crossover
2026-05-05 07:25:12 INFO mt5_bot - Balance=102029.96 Equity=102029.96 Spread=0.30 pips
2026-05-05 07:25:12 INFO mt5_bot - Signal=NONE reason=no_closed_bar_crossover price=None trend=None rsi=74.4 atr_pips=1249.1 adx=22.8
2026-05-05 07:25:12 INFO mt5_bot - Execution status=skipped reason=no_closed_bar_crossover
2026-05-05 07:25:27 INFO mt5_bot - Balance=102029.96 Equity=102029.96 Spread=0.30 pips
2026-05-05 07:25:28 INFO mt5_bot - Signal=NONE reason=no_closed_bar_crossover price=None trend=None rsi=74.4 atr_pips=1249.1 adx=22.8
2026-05-05 07:25:28 INFO mt5_bot - Execution status=skipped reason=no_closed_bar_crossover
2026-05-05 07:25:43 INFO mt5_bot - Balance=102029.96 Equity=102029.96 Spread=0.30 pips
2026-05-05 07:25:43 INFO mt5_bot - Signal=NONE reason=no_closed_bar_crossover price=None trend=None rsi=74.4 atr_pips=1249.1 adx=22.8
2026-05-05 07:25:43 INFO mt5_bot - Execution status=skipped reason=no_closed_bar_crossover
2026-05-05 07:25:58 INFO mt5_bot - Balance=102029.96 Equity=102029.96 Spread=0.30 pips
2026-05-05 07:25:58 INFO mt5_bot - Signal=NONE reason=no_closed_bar_crossover price=None trend=None rsi=74.4 atr_pips=1249.1 adx=22.8
2026-05-05 07:25:58 INFO mt5_bot - Execution status=skipped reason=no_closed_bar_crossover
2026-05-05 07:26:13 INFO mt5_bot - Balance=102029.96 Equity=102029.96 Spread=0.30 pips
2026-05-05 07:26:13 INFO mt5_bot - Signal=NONE reason=no_closed_bar_crossover price=None trend=None rsi=74.4 atr_pips=1249.1 adx=22.8
2026-05-05 07:26:13 INFO mt5_bot - Execution status=skipped reason=no_closed_bar_crossover
2026-05-05 07:26:28 INFO mt5_bot - Balance=102029.96 Equity=102029.96 Spread=0.30 pips
2026-05-05 07:26:28 INFO mt5_bot - Signal=NONE reason=no_closed_bar_crossover price=None trend=None rsi=74.4 atr_pips=1249.1 adx=22.8
2026-05-05 07:26:28 INFO mt5_bot - Execution status=skipped reason=no_closed_bar_crossover
2026-05-05 07:26:43 INFO mt5_bot - Balance=102029.96 Equity=102029.96 Spread=0.30 pips
2026-05-05 07:26:43 INFO mt5_bot - Signal=NONE reason=no_closed_bar_crossover price=None trend=None rsi=74.4 atr_pips=1249.1 adx=22.8
2026-05-05 07:26:43 INFO mt5_bot - Execution status=skipped reason=no_closed_bar_crossover
2026-05-05 07:26:58 INFO mt5_bot - Balance=102029.96 Equity=102029.96 Spread=0.30 pips
2026-05-05 07:26:58 INFO mt5_bot - Signal=NONE reason=no_closed_bar_crossover price=None trend=None rsi=74.4 atr_pips=1249.1 adx=22.8
2026-05-05 07:26:58 INFO mt5_bot - Execution status=skipped reason=no_closed_bar_crossover
2026-05-05 07:27:13 INFO mt5_bot - Balance=102029.96 Equity=102029.96 Spread=0.30 pips
2026-05-05 07:27:13 INFO mt5_bot - Signal=NONE reason=no_closed_bar_crossover price=None trend=None rsi=74.4 atr_pips=1249.1 adx=22.8
2026-05-05 07:27:13 INFO mt5_bot - Execution status=skipped reason=no_closed_bar_crossover
2026-05-05 07:27:28 INFO mt5_bot - Balance=102029.96 Equity=102029.96 Spread=0.30 pips
2026-05-05 07:27:28 INFO mt5_bot - Signal=NONE reason=no_closed_bar_crossover price=None trend=None rsi=74.4 atr_pips=1249.1 adx=22.8
2026-05-05 07:27:28 INFO mt5_bot - Execution status=skipped reason=no_closed_bar_crossover
2026-05-05 07:27:43 INFO mt5_bot - Balance=102029.96 Equity=102029.96 Spread=0.30 pips
2026-05-05 07:27:43 INFO mt5_bot - Signal=NONE reason=no_closed_bar_crossover price=None trend=None rsi=74.4 atr_pips=1249.1 adx=22.8
2026-05-05 07:27:43 INFO mt5_bot - Execution status=skipped reason=no_closed_bar_crossover
2026-05-05 07:27:58 INFO mt5_bot - Balance=102029.96 Equity=102029.96 Spread=0.30 pips
2026-05-05 07:27:58 INFO mt5_bot - Signal=NONE reason=no_closed_bar_crossover price=None trend=None rsi=74.4 atr_pips=1249.1 adx=22.8
2026-05-05 07:27:58 INFO mt5_bot - Execution status=skipped reason=no_closed_bar_crossover
2026-05-05 07:28:13 INFO mt5_bot - Balance=102029.96 Equity=102029.96 Spread=0.30 pips
2026-05-05 07:28:13 INFO mt5_bot - Signal=NONE reason=no_closed_bar_crossover price=None trend=None rsi=74.4 atr_pips=1249.1 adx=22.8
2026-05-05 07:28:13 INFO mt5_bot - Execution status=skipped reason=no_closed_bar_crossover
^C2026-05-05 07:32:52 INFO mt5_bot - MT5 permissions: account_server=MetaQuotes-Demo account_trade_allowed=True account_trade_expert=True terminal_trade_allowed=True terminal_build=5836
2026-05-05 07:32:52 INFO mt5_bot - Starting PRO loop: symbol=USDJPY tf=M15 trend_tf=H1 trade_enabled=True trend_filter=False adx_filter=True rsi_momentum=False partial_close=True trailing_stop=True atr_sl_tp=True news_filter=True retest=False equity_curve=True
2026-05-05 07:32:52 INFO mt5_bot - Balance=102029.96 Equity=102029.96 Spread=0.30 pips
2026-05-05 07:32:52 INFO mt5_bot.news_filter - news_filter: loaded 115 events from shared cache
2026-05-05 07:32:52 INFO mt5_bot - Signal=NONE reason=no_closed_bar_crossover price=None trend=None rsi=67.9 atr_pips=1248.5 adx=23.6
2026-05-05 07:32:52 INFO mt5_bot - Execution status=skipped reason=no_closed_bar_crossover
2026-05-05 07:33:07 INFO mt5_bot - Balance=102029.96 Equity=102029.96 Spread=0.30 pips
2026-05-05 07:33:07 INFO mt5_bot - Signal=NONE reason=no_closed_bar_crossover price=None trend=None rsi=67.9 atr_pips=1248.5 adx=23.6
2026-05-05 07:33:07 INFO mt5_bot - Execution status=skipped reason=no_closed_bar_crossover
2026-05-05 07:33:22 INFO mt5_bot - Balance=102029.96 Equity=102029.96 Spread=0.30 pips
2026-05-05 07:33:22 INFO mt5_bot - Signal=NONE reason=no_closed_bar_crossover price=None trend=None rsi=67.9 atr_pips=1248.5 adx=23.6
2026-05-05 07:33:22 INFO mt5_bot - Execution status=skipped reason=no_closed_bar_crossover
2026-05-05 07:33:37 INFO mt5_bot - Balance=102029.96 Equity=102029.96 Spread=0.30 pips
2026-05-05 07:33:37 INFO mt5_bot - Signal=NONE reason=no_closed_bar_crossover price=None trend=None rsi=67.9 atr_pips=1248.5 adx=23.6
2026-05-05 07:33:37 INFO mt5_bot - Execution status=skipped reason=no_closed_bar_crossover
2026-05-05 07:33:52 INFO mt5_bot - Balance=102029.96 Equity=102029.96 Spread=0.30 pips
2026-05-05 07:33:52 INFO mt5_bot - Signal=NONE reason=no_closed_bar_crossover price=None trend=None rsi=67.9 atr_pips=1248.5 adx=23.6
2026-05-05 07:33:52 INFO mt5_bot - Execution status=skipped reason=no_closed_bar_crossover
2026-05-05 07:34:07 INFO mt5_bot - Balance=102029.96 Equity=102029.96 Spread=0.30 pips
2026-05-05 07:34:07 INFO mt5_bot - Signal=NONE reason=no_closed_bar_crossover price=None trend=None rsi=67.9 atr_pips=1248.5 adx=23.6
2026-05-05 07:34:07 INFO mt5_bot - Execution status=skipped reason=no_closed_bar_crossover
2026-05-05 07:34:22 INFO mt5_bot - Balance=102029.96 Equity=102029.96 Spread=0.30 pips
2026-05-05 07:34:22 INFO mt5_bot - Signal=NONE reason=no_closed_bar_crossover price=None trend=None rsi=67.9 atr_pips=1248.5 adx=23.6
2026-05-05 07:34:22 INFO mt5_bot - Execution status=skipped reason=no_closed_bar_crossover
2026-05-05 07:34:37 INFO mt5_bot - Balance=102029.96 Equity=102029.96 Spread=0.30 pips
2026-05-05 07:34:37 INFO mt5_bot - Signal=NONE reason=no_closed_bar_crossover price=None trend=None rsi=67.9 atr_pips=1248.5 adx=23.6
2026-05-05 07:34:37 INFO mt5_bot - Execution status=skipped reason=no_closed_bar_crossover
2026-05-05 07:34:52 INFO mt5_bot - Balance=102029.96 Equity=102029.96 Spread=0.30 pips
2026-05-05 07:34:52 INFO mt5_bot - Signal=NONE reason=no_closed_bar_crossover price=None trend=None rsi=67.9 atr_pips=1248.5 adx=23.6
2026-05-05 07:34:52 INFO mt5_bot - Execution status=skipped reason=no_closed_bar_crossover
2026-05-05 07:35:07 INFO mt5_bot - Balance=102029.96 Equity=102029.96 Spread=0.30 pips
2026-05-05 07:35:07 INFO mt5_bot - Signal=NONE reason=no_closed_bar_crossover price=None trend=None rsi=67.9 atr_pips=1248.5 adx=23.6
2026-05-05 07:35:07 INFO mt5_bot - Execution status=skipped reason=no_closed_bar_crossover
2026-05-05 07:35:22 INFO mt5_bot - Balance=102029.96 Equity=102029.96 Spread=0.30 pips
2026-05-05 07:35:22 INFO mt5_bot - Signal=NONE reason=no_closed_bar_crossover price=None trend=None rsi=67.9 atr_pips=1248.5 adx=23.6
2026-05-05 07:35:22 INFO mt5_bot - Execution status=skipped reason=no_closed_bar_crossover
2026-05-05 07:35:37 INFO mt5_bot - Balance=102029.96 Equity=102029.96 Spread=0.30 pips
2026-05-05 07:35:37 INFO mt5_bot - Signal=NONE reason=no_closed_bar_crossover price=None trend=None rsi=67.9 atr_pips=1248.5 adx=23.6
2026-05-05 07:35:37 INFO mt5_bot - Execution status=skipped reason=no_closed_bar_crossover
2026-05-05 07:35:52 INFO mt5_bot - Balance=102029.96 Equity=102029.96 Spread=0.30 pips
2026-05-05 07:35:52 INFO mt5_bot - Signal=NONE reason=no_closed_bar_crossover price=None trend=None rsi=67.9 atr_pips=1248.5 adx=23.6
2026-05-05 07:35:52 INFO mt5_bot - Execution status=skipped reason=no_closed_bar_crossover
2026-05-05 07:36:07 INFO mt5_bot - Balance=102029.96 Equity=102029.96 Spread=0.30 pips
2026-05-05 07:36:07 INFO mt5_bot - Signal=NONE reason=no_closed_bar_crossover price=None trend=None rsi=67.9 atr_pips=1248.5 adx=23.6
2026-05-05 07:36:07 INFO mt5_bot - Execution status=skipped reason=no_closed_bar_crossover
2026-05-05 07:36:22 INFO mt5_bot - Balance=102029.96 Equity=102029.96 Spread=0.30 pips
2026-05-05 07:36:22 INFO mt5_bot - Signal=NONE reason=no_closed_bar_crossover price=None trend=None rsi=67.9 atr_pips=1248.5 adx=23.6
2026-05-05 07:36:22 INFO mt5_bot - Execution status=skipped reason=no_closed_bar_crossover
2026-05-05 07:36:37 INFO mt5_bot - Balance=102029.96 Equity=102029.96 Spread=0.30 pips
2026-05-05 07:36:37 INFO mt5_bot - Signal=NONE reason=no_closed_bar_crossover price=None trend=None rsi=67.9 atr_pips=1248.5 adx=23.6
2026-05-05 07:36:37 INFO mt5_bot - Execution status=skipped reason=no_closed_bar_crossover
2026-05-05 07:36:52 INFO mt5_bot - Balance=102029.96 Equity=102029.96 Spread=0.30 pips
2026-05-05 07:36:52 INFO mt5_bot - Signal=NONE reason=no_closed_bar_crossover price=None trend=None rsi=67.9 atr_pips=1248.5 adx=23.6
2026-05-05 07:36:52 INFO mt5_bot - Execution status=skipped reason=no_closed_bar_crossover
2026-05-05 07:37:07 INFO mt5_bot - Balance=102029.96 Equity=102029.96 Spread=0.30 pips
2026-05-05 07:37:07 INFO mt5_bot - Signal=NONE reason=no_closed_bar_crossover price=None trend=None rsi=67.9 atr_pips=1248.5 adx=23.6
2026-05-05 07:37:07 INFO mt5_bot - Execution status=skipped reason=no_closed_bar_crossover
2026-05-05 07:37:22 INFO mt5_bot - Balance=102029.96 Equity=102029.96 Spread=0.30 pips
2026-05-05 07:37:22 INFO mt5_bot - Signal=NONE reason=no_closed_bar_crossover price=None trend=None rsi=67.9 atr_pips=1248.5 adx=23.6
2026-05-05 07:37:22 INFO mt5_bot - Execution status=skipped reason=no_closed_bar_crossover
2026-05-05 07:37:37 INFO mt5_bot - Balance=102029.96 Equity=102029.96 Spread=0.30 pips
2026-05-05 07:37:37 INFO mt5_bot - Signal=NONE reason=no_closed_bar_crossover price=None trend=None rsi=67.9 atr_pips=1248.5 adx=23.6
2026-05-05 07:37:37 INFO mt5_bot - Execution status=skipped reason=no_closed_bar_crossover
2026-05-05 07:37:52 INFO mt5_bot - Balance=102029.96 Equity=102029.96 Spread=0.30 pips
2026-05-05 07:37:52 INFO mt5_bot - Signal=NONE reason=no_closed_bar_crossover price=None trend=None rsi=67.9 atr_pips=1248.5 adx=23.6
2026-05-05 07:37:52 INFO mt5_bot - Execution status=skipped reason=no_closed_bar_crossover
2026-05-05 07:38:07 INFO mt5_bot - Balance=102029.96 Equity=102029.96 Spread=0.30 pips
2026-05-05 07:38:07 INFO mt5_bot - Signal=NONE reason=no_closed_bar_crossover price=None trend=None rsi=67.9 atr_pips=1248.5 adx=23.6
2026-05-05 07:38:07 INFO mt5_bot - Execution status=skipped reason=no_closed_bar_crossover
2026-05-05 07:38:22 INFO mt5_bot - Balance=102029.96 Equity=102029.96 Spread=0.30 pips
2026-05-05 07:38:22 INFO mt5_bot - Signal=NONE reason=no_closed_bar_crossover price=None trend=None rsi=67.9 atr_pips=1248.5 adx=23.6
2026-05-05 07:38:22 INFO mt5_bot - Execution status=skipped reason=no_closed_bar_crossover
2026-05-05 07:38:37 INFO mt5_bot - Balance=102029.96 Equity=102029.96 Spread=0.30 pips
2026-05-05 07:38:37 INFO mt5_bot - Signal=NONE reason=no_closed_bar_crossover price=None trend=None rsi=67.9 atr_pips=1248.5 adx=23.6
2026-05-05 07:38:37 INFO mt5_bot - Execution status=skipped reason=no_closed_bar_crossover
2026-05-05 07:38:52 INFO mt5_bot - Balance=102029.96 Equity=102029.96 Spread=0.30 pips
2026-05-05 07:38:52 INFO mt5_bot - Signal=NONE reason=no_closed_bar_crossover price=None trend=None rsi=67.9 atr_pips=1248.5 adx=23.6
2026-05-05 07:38:52 INFO mt5_bot - Execution status=skipped reason=no_closed_bar_crossover
2026-05-05 07:39:07 INFO mt5_bot - Balance=102029.96 Equity=102029.96 Spread=0.30 pips
2026-05-05 07:39:07 INFO mt5_bot - Signal=NONE reason=no_closed_bar_crossover price=None trend=None rsi=67.9 atr_pips=1248.5 adx=23.6
2026-05-05 07:39:07 INFO mt5_bot - Execution status=skipped reason=no_closed_bar_crossover
2026-05-05 07:39:22 INFO mt5_bot - Balance=102029.96 Equity=102029.96 Spread=0.30 pips
2026-05-05 07:39:22 INFO mt5_bot - Signal=NONE reason=no_closed_bar_crossover price=None trend=None rsi=67.9 atr_pips=1248.5 adx=23.6
2026-05-05 07:39:22 INFO mt5_bot - Execution status=skipped reason=no_closed_bar_crossover
2026-05-05 07:39:37 INFO mt5_bot - Balance=102029.96 Equity=102029.96 Spread=0.30 pips
2026-05-05 07:39:37 INFO mt5_bot - Signal=NONE reason=no_closed_bar_crossover price=None trend=None rsi=67.9 atr_pips=1248.5 adx=23.6
2026-05-05 07:39:37 INFO mt5_bot - Execution status=skipped reason=no_closed_bar_crossover
2026-05-05 07:39:52 INFO mt5_bot - Balance=102029.96 Equity=102029.96 Spread=0.30 pips
2026-05-05 07:39:52 INFO mt5_bot - Signal=NONE reason=no_closed_bar_crossover price=None trend=None rsi=67.9 atr_pips=1248.5 adx=23.6
2026-05-05 07:39:52 INFO mt5_bot - Execution status=skipped reason=no_closed_bar_crossover
2026-05-05 07:40:07 INFO mt5_bot - Balance=102029.96 Equity=102029.96 Spread=0.30 pips
2026-05-05 07:40:07 INFO mt5_bot - Signal=NONE reason=no_closed_bar_crossover price=None trend=None rsi=67.9 atr_pips=1248.5 adx=23.6
2026-05-05 07:40:07 INFO mt5_bot - Execution status=skipped reason=no_closed_bar_crossover
2026-05-05 07:40:22 INFO mt5_bot - Balance=102029.96 Equity=102029.96 Spread=0.30 pips
2026-05-05 07:40:22 INFO mt5_bot - Signal=NONE reason=no_closed_bar_crossover price=None trend=None rsi=67.9 atr_pips=1248.5 adx=23.6
2026-05-05 07:40:22 INFO mt5_bot - Execution status=skipped reason=no_closed_bar_crossover
2026-05-05 07:40:37 INFO mt5_bot - Balance=102029.96 Equity=102029.96 Spread=0.30 pips
2026-05-05 07:40:37 INFO mt5_bot - Signal=NONE reason=no_closed_bar_crossover price=None trend=None rsi=67.9 atr_pips=1248.5 adx=23.6
2026-05-05 07:40:37 INFO mt5_bot - Execution status=skipped reason=no_closed_bar_crossover
2026-05-05 07:40:52 INFO mt5_bot - Balance=102029.96 Equity=102029.96 Spread=0.30 pips
2026-05-05 07:40:52 INFO mt5_bot - Signal=NONE reason=no_closed_bar_crossover price=None trend=None rsi=67.9 atr_pips=1248.5 adx=23.6
2026-05-05 07:40:52 INFO mt5_bot - Execution status=skipped reason=no_closed_bar_crossover
2026-05-05 07:41:07 INFO mt5_bot - Balance=102029.96 Equity=102029.96 Spread=0.30 pips
2026-05-05 07:41:07 INFO mt5_bot - Signal=NONE reason=no_closed_bar_crossover price=None trend=None rsi=67.9 atr_pips=1248.5 adx=23.6
2026-05-05 07:41:07 INFO mt5_bot - Execution status=skipped reason=no_closed_bar_crossover
2026-05-05 07:41:22 INFO mt5_bot - Balance=102029.96 Equity=102029.96 Spread=0.30 pips
2026-05-05 07:41:22 INFO mt5_bot - Signal=NONE reason=no_closed_bar_crossover price=None trend=None rsi=67.9 atr_pips=1248.5 adx=23.6
2026-05-05 07:41:22 INFO mt5_bot - Execution status=skipped reason=no_closed_bar_crossover
2026-05-05 07:41:37 INFO mt5_bot - Balance=102029.96 Equity=102029.96 Spread=0.30 pips
2026-05-05 07:41:38 INFO mt5_bot - Signal=NONE reason=no_closed_bar_crossover price=None trend=None rsi=67.9 atr_pips=1248.5 adx=23.6
2026-05-05 07:41:38 INFO mt5_bot - Execution status=skipped reason=no_closed_bar_crossover
2026-05-05 07:41:53 INFO mt5_bot - Balance=102029.96 Equity=102029.96 Spread=0.30 pips
2026-05-05 07:41:53 INFO mt5_bot - Signal=NONE reason=no_closed_bar_crossover price=None trend=None rsi=67.9 atr_pips=1248.5 adx=23.6
2026-05-05 07:41:53 INFO mt5_bot - Execution status=skipped reason=no_closed_bar_crossover
2026-05-05 07:42:08 INFO mt5_bot - Balance=102029.96 Equity=102029.96 Spread=0.30 pips
2026-05-05 07:42:08 INFO mt5_bot - Signal=NONE reason=no_closed_bar_crossover price=None trend=None rsi=67.9 atr_pips=1248.5 adx=23.6
2026-05-05 07:42:08 INFO mt5_bot - Execution status=skipped reason=no_closed_bar_crossover
2026-05-05 07:42:23 INFO mt5_bot - Balance=102029.96 Equity=102029.96 Spread=0.30 pips
2026-05-05 07:42:23 INFO mt5_bot - Signal=NONE reason=no_closed_bar_crossover price=None trend=None rsi=67.9 atr_pips=1248.5 adx=23.6
2026-05-05 07:42:23 INFO mt5_bot - Execution status=skipped reason=no_closed_bar_crossover
2026-05-05 07:42:38 INFO mt5_bot - Balance=102029.96 Equity=102029.96 Spread=0.30 pips
2026-05-05 07:42:38 INFO mt5_bot - Signal=NONE reason=no_closed_bar_crossover price=None trend=None rsi=67.9 atr_pips=1248.5 adx=23.6
2026-05-05 07:42:38 INFO mt5_bot - Execution status=skipped reason=no_closed_bar_crossover
2026-05-05 07:42:53 INFO mt5_bot - Balance=102029.96 Equity=102029.96 Spread=0.30 pips
2026-05-05 07:42:53 INFO mt5_bot - Signal=NONE reason=no_closed_bar_crossover price=None trend=None rsi=67.9 atr_pips=1248.5 adx=23.6
2026-05-05 07:42:53 INFO mt5_bot - Execution status=skipped reason=no_closed_bar_crossover
2026-05-05 07:43:08 INFO mt5_bot - Balance=102029.96 Equity=102029.96 Spread=0.30 pips
2026-05-05 07:43:08 INFO mt5_bot - Signal=NONE reason=no_closed_bar_crossover price=None trend=None rsi=67.9 atr_pips=1248.5 adx=23.6
2026-05-05 07:43:08 INFO mt5_bot - Execution status=skipped reason=no_closed_bar_crossover
2026-05-05 07:43:23 INFO mt5_bot - Balance=102029.96 Equity=102029.96 Spread=0.30 pips
2026-05-05 07:43:23 INFO mt5_bot - Signal=NONE reason=no_closed_bar_crossover price=None trend=None rsi=67.9 atr_pips=1248.5 adx=23.6
2026-05-05 07:43:23 INFO mt5_bot - Execution status=skipped reason=no_closed_bar_crossover
2026-05-05 07:43:38 INFO mt5_bot - Balance=102029.96 Equity=102029.96 Spread=0.30 pips
2026-05-05 07:43:38 INFO mt5_bot - Signal=NONE reason=no_closed_bar_crossover price=None trend=None rsi=67.9 atr_pips=1248.5 adx=23.6
2026-05-05 07:43:38 INFO mt5_bot - Execution status=skipped reason=no_closed_bar_crossover
2026-05-05 07:43:53 INFO mt5_bot - Balance=102029.96 Equity=102029.96 Spread=0.30 pips
2026-05-05 07:43:53 INFO mt5_bot - Signal=NONE reason=no_closed_bar_crossover price=None trend=None rsi=67.9 atr_pips=1248.5 adx=23.6
2026-05-05 07:43:53 INFO mt5_bot - Execution status=skipped reason=no_closed_bar_crossover
2026-05-05 07:44:08 INFO mt5_bot - Balance=102029.96 Equity=102029.96 Spread=0.30 pips
2026-05-05 07:44:08 INFO mt5_bot - Signal=NONE reason=no_closed_bar_crossover price=None trend=None rsi=67.9 atr_pips=1248.5 adx=23.6
2026-05-05 07:44:08 INFO mt5_bot - Execution status=skipped reason=no_closed_bar_crossover
2026-05-05 07:44:23 INFO mt5_bot - Balance=102029.96 Equity=102029.96 Spread=0.30 pips
2026-05-05 07:44:23 INFO mt5_bot - Signal=NONE reason=no_closed_bar_crossover price=None trend=None rsi=67.9 atr_pips=1248.5 adx=23.6
2026-05-05 07:44:23 INFO mt5_bot - Execution status=skipped reason=no_closed_bar_crossover
2026-05-05 07:44:38 INFO mt5_bot - Balance=102029.96 Equity=102029.96 Spread=0.30 pips
2026-05-05 07:44:38 INFO mt5_bot - Signal=NONE reason=no_closed_bar_crossover price=None trend=None rsi=67.9 atr_pips=1248.5 adx=23.6
2026-05-05 07:44:38 INFO mt5_bot - Execution status=skipped reason=no_closed_bar_crossover
2026-05-05 07:44:53 INFO mt5_bot - Balance=102029.96 Equity=102029.96 Spread=0.30 pips
2026-05-05 07:44:53 INFO mt5_bot - Signal=NONE reason=no_closed_bar_crossover price=None trend=None rsi=67.9 atr_pips=1248.5 adx=23.6
2026-05-05 07:44:53 INFO mt5_bot - Execution status=skipped reason=no_closed_bar_crossover
2026-05-05 07:45:08 INFO mt5_bot - Balance=102029.96 Equity=102029.96 Spread=0.30 pips
2026-05-05 07:45:08 INFO mt5_bot - Signal=NONE reason=no_closed_bar_crossover price=None trend=None rsi=72.5 atr_pips=1243.6 adx=24.5
2026-05-05 07:45:08 INFO mt5_bot - Execution status=skipped reason=no_closed_bar_crossover
2026-05-05 07:45:23 INFO mt5_bot - Balance=102029.96 Equity=102029.96 Spread=0.30 pips
2026-05-05 07:45:23 INFO mt5_bot - Signal=NONE reason=no_closed_bar_crossover price=None trend=None rsi=72.5 atr_pips=1243.6 adx=24.5
2026-05-05 07:45:23 INFO mt5_bot - Execution status=skipped reason=no_closed_bar_crossover
2026-05-05 07:45:38 INFO mt5_bot - Balance=102029.96 Equity=102029.96 Spread=0.30 pips
2026-05-05 07:45:38 INFO mt5_bot - Signal=NONE reason=no_closed_bar_crossover price=None trend=None rsi=72.5 atr_pips=1243.6 adx=24.5
2026-05-05 07:45:38 INFO mt5_bot - Execution status=skipped reason=no_closed_bar_crossover
2026-05-05 07:45:53 INFO mt5_bot - Balance=102029.96 Equity=102029.96 Spread=0.30 pips
2026-05-05 07:45:53 INFO mt5_bot - Signal=NONE reason=no_closed_bar_crossover price=None trend=None rsi=72.5 atr_pips=1243.6 adx=24.5
2026-05-05 07:45:53 INFO mt5_bot - Execution status=skipped reason=no_closed_bar_crossover
2026-05-05 07:46:08 INFO mt5_bot - Balance=102029.96 Equity=102029.96 Spread=0.30 pips
2026-05-05 07:46:08 INFO mt5_bot - Signal=NONE reason=no_closed_bar_crossover price=None trend=None rsi=72.5 atr_pips=1243.6 adx=24.5
2026-05-05 07:46:08 INFO mt5_bot - Execution status=skipped reason=no_closed_bar_crossover
2026-05-05 07:46:23 INFO mt5_bot - Balance=102029.96 Equity=102029.96 Spread=0.30 pips
2026-05-05 07:46:23 INFO mt5_bot - Signal=NONE reason=no_closed_bar_crossover price=None trend=None rsi=72.5 atr_pips=1243.6 adx=24.5
2026-05-05 07:46:23 INFO mt5_bot - Execution status=skipped reason=no_closed_bar_crossover
2026-05-05 07:46:38 INFO mt5_bot - Balance=102029.96 Equity=102029.96 Spread=0.30 pips
2026-05-05 07:46:38 INFO mt5_bot - Signal=NONE reason=no_closed_bar_crossover price=None trend=None rsi=72.5 atr_pips=1243.6 adx=24.5
2026-05-05 07:46:38 INFO mt5_bot - Execution status=skipped reason=no_closed_bar_crossover
2026-05-05 07:46:53 INFO mt5_bot - Balance=102029.96 Equity=102029.96 Spread=0.30 pips
2026-05-05 07:46:53 INFO mt5_bot - Signal=NONE reason=no_closed_bar_crossover price=None trend=None rsi=72.5 atr_pips=1243.6 adx=24.5
2026-05-05 07:46:53 INFO mt5_bot - Execution status=skipped reason=no_closed_bar_crossover
2026-05-05 07:47:08 INFO mt5_bot - Balance=102029.96 Equity=102029.96 Spread=0.30 pips
2026-05-05 07:47:08 INFO mt5_bot - Signal=NONE reason=no_closed_bar_crossover price=None trend=None rsi=72.5 atr_pips=1243.6 adx=24.5
2026-05-05 07:47:08 INFO mt5_bot - Execution status=skipped reason=no_closed_bar_crossover
2026-05-05 07:47:23 INFO mt5_bot - Balance=102029.96 Equity=102029.96 Spread=0.30 pips
2026-05-05 07:47:23 INFO mt5_bot - Signal=NONE reason=no_closed_bar_crossover price=None trend=None rsi=72.5 atr_pips=1243.6 adx=24.5
2026-05-05 07:47:23 INFO mt5_bot - Execution status=skipped reason=no_closed_bar_crossover
2026-05-05 07:47:38 INFO mt5_bot - Balance=102029.96 Equity=102029.96 Spread=0.30 pips
2026-05-05 07:47:38 INFO mt5_bot - Signal=NONE reason=no_closed_bar_crossover price=None trend=None rsi=72.5 atr_pips=1243.6 adx=24.5
2026-05-05 07:47:38 INFO mt5_bot - Execution status=skipped reason=no_closed_bar_crossover
2026-05-05 07:47:53 INFO mt5_bot - Balance=102029.96 Equity=102029.96 Spread=0.30 pips
2026-05-05 07:47:53 INFO mt5_bot - Signal=NONE reason=no_closed_bar_crossover price=None trend=None rsi=72.5 atr_pips=1243.6 adx=24.5
2026-05-05 07:47:53 INFO mt5_bot - Execution status=skipped reason=no_closed_bar_crossover
2026-05-05 07:48:08 INFO mt5_bot - Balance=102029.96 Equity=102029.96 Spread=0.30 pips
2026-05-05 07:48:08 INFO mt5_bot - Signal=NONE reason=no_closed_bar_crossover price=None trend=None rsi=72.5 atr_pips=1243.6 adx=24.5
2026-05-05 07:48:08 INFO mt5_bot - Execution status=skipped reason=no_closed_bar_crossover
2026-05-05 07:48:23 INFO mt5_bot - Balance=102029.96 Equity=102029.96 Spread=0.30 pips
2026-05-05 07:48:23 INFO mt5_bot - Signal=NONE reason=no_closed_bar_crossover price=None trend=None rsi=72.5 atr_pips=1243.6 adx=24.5
2026-05-05 07:48:23 INFO mt5_bot - Execution status=skipped reason=no_closed_bar_crossover
2026-05-05 07:48:38 INFO mt5_bot - Balance=102029.96 Equity=102029.96 Spread=0.30 pips
2026-05-05 07:48:38 INFO mt5_bot - Signal=NONE reason=no_closed_bar_crossover price=None trend=None rsi=72.5 atr_pips=1243.6 adx=24.5
2026-05-05 07:48:38 INFO mt5_bot - Execution status=skipped reason=no_closed_bar_crossover
2026-05-05 07:48:53 INFO mt5_bot - Balance=102029.96 Equity=102029.96 Spread=0.30 pips
2026-05-05 07:48:53 INFO mt5_bot - Signal=NONE reason=no_closed_bar_crossover price=None trend=None rsi=72.5 atr_pips=1243.6 adx=24.5
2026-05-05 07:48:53 INFO mt5_bot - Execution status=skipped reason=no_closed_bar_crossover
2026-05-05 07:49:08 INFO mt5_bot - Balance=102029.96 Equity=102029.96 Spread=0.30 pips
2026-05-05 07:49:08 INFO mt5_bot - Signal=NONE reason=no_closed_bar_crossover price=None trend=None rsi=72.5 atr_pips=1243.6 adx=24.5
2026-05-05 07:49:08 INFO mt5_bot - Execution status=skipped reason=no_closed_bar_crossover
2026-05-05 07:49:23 INFO mt5_bot - Balance=102029.96 Equity=102029.96 Spread=0.30 pips
2026-05-05 07:49:23 INFO mt5_bot - Signal=NONE reason=no_closed_bar_crossover price=None trend=None rsi=72.5 atr_pips=1243.6 adx=24.5
2026-05-05 07:49:23 INFO mt5_bot - Execution status=skipped reason=no_closed_bar_crossover
2026-05-05 07:49:38 INFO mt5_bot - Balance=102029.96 Equity=102029.96 Spread=0.30 pips
2026-05-05 07:49:38 INFO mt5_bot - Signal=NONE reason=no_closed_bar_crossover price=None trend=None rsi=72.5 atr_pips=1243.6 adx=24.5
2026-05-05 07:49:38 INFO mt5_bot - Execution status=skipped reason=no_closed_bar_crossover
2026-05-05 07:49:53 INFO mt5_bot - Balance=102029.96 Equity=102029.96 Spread=0.30 pips
2026-05-05 07:49:53 INFO mt5_bot - Signal=NONE reason=no_closed_bar_crossover price=None trend=None rsi=72.5 atr_pips=1243.6 adx=24.5
2026-05-05 07:49:53 INFO mt5_bot - Execution status=skipped reason=no_closed_bar_crossover
2026-05-05 07:50:08 INFO mt5_bot - Balance=102029.96 Equity=102029.96 Spread=0.30 pips
2026-05-05 07:50:08 INFO mt5_bot - Signal=NONE reason=no_closed_bar_crossover price=None trend=None rsi=72.5 atr_pips=1243.6 adx=24.5
2026-05-05 07:50:08 INFO mt5_bot - Execution status=skipped reason=no_closed_bar_crossover
2026-05-05 07:50:23 INFO mt5_bot - Balance=102029.96 Equity=102029.96 Spread=0.30 pips
2026-05-05 07:50:23 INFO mt5_bot - Signal=NONE reason=no_closed_bar_crossover price=None trend=None rsi=72.5 atr_pips=1243.6 adx=24.5
2026-05-05 07:50:23 INFO mt5_bot - Execution status=skipped reason=no_closed_bar_crossover
2026-05-05 07:50:38 INFO mt5_bot - Balance=102029.96 Equity=102029.96 Spread=0.30 pips
2026-05-05 07:50:38 INFO mt5_bot - Signal=NONE reason=no_closed_bar_crossover price=None trend=None rsi=72.5 atr_pips=1243.6 adx=24.5
2026-05-05 07:50:38 INFO mt5_bot - Execution status=skipped reason=no_closed_bar_crossover
2026-05-05 07:50:53 INFO mt5_bot - Balance=102029.96 Equity=102029.96 Spread=0.30 pips
2026-05-05 07:50:53 INFO mt5_bot - Signal=NONE reason=no_closed_bar_crossover price=None trend=None rsi=72.5 atr_pips=1243.6 adx=24.5
2026-05-05 07:50:53 INFO mt5_bot - Execution status=skipped reason=no_closed_bar_crossover
2026-05-05 07:51:08 INFO mt5_bot - Balance=102029.96 Equity=102029.96 Spread=0.30 pips
2026-05-05 07:51:08 INFO mt5_bot - Signal=NONE reason=no_closed_bar_crossover price=None trend=None rsi=72.5 atr_pips=1243.6 adx=24.5
2026-05-05 07:51:08 INFO mt5_bot - Execution status=skipped reason=no_closed_bar_crossover
2026-05-05 07:51:23 INFO mt5_bot - Balance=102029.96 Equity=102029.96 Spread=0.30 pips
2026-05-05 07:51:23 INFO mt5_bot - Signal=NONE reason=no_closed_bar_crossover price=None trend=None rsi=72.5 atr_pips=1243.6 adx=24.5
2026-05-05 07:51:23 INFO mt5_bot - Execution status=skipped reason=no_closed_bar_crossover
2026-05-05 07:51:38 INFO mt5_bot - Balance=102029.96 Equity=102029.96 Spread=0.30 pips
2026-05-05 07:51:38 INFO mt5_bot - Signal=NONE reason=no_closed_bar_crossover price=None trend=None rsi=72.5 atr_pips=1243.6 adx=24.5
2026-05-05 07:51:38 INFO mt5_bot - Execution status=skipped reason=no_closed_bar_crossover
2026-05-05 07:51:53 INFO mt5_bot - Balance=102029.96 Equity=102029.96 Spread=0.30 pips
2026-05-05 07:51:53 INFO mt5_bot - Signal=NONE reason=no_closed_bar_crossover price=None trend=None rsi=72.5 atr_pips=1243.6 adx=24.5
2026-05-05 07:51:53 INFO mt5_bot - Execution status=skipped reason=no_closed_bar_crossover
2026-05-05 07:52:08 INFO mt5_bot - Balance=102029.96 Equity=102029.96 Spread=0.30 pips
2026-05-05 07:52:08 INFO mt5_bot - Signal=NONE reason=no_closed_bar_crossover price=None trend=None rsi=72.5 atr_pips=1243.6 adx=24.5
2026-05-05 07:52:08 INFO mt5_bot - Execution status=skipped reason=no_closed_bar_crossover
2026-05-05 07:52:23 INFO mt5_bot - Balance=102029.96 Equity=102029.96 Spread=0.30 pips
2026-05-05 07:52:23 INFO mt5_bot - Signal=NONE reason=no_closed_bar_crossover price=None trend=None rsi=72.5 atr_pips=1243.6 adx=24.5
2026-05-05 07:52:23 INFO mt5_bot - Execution status=skipped reason=no_closed_bar_crossover
2026-05-05 07:52:38 INFO mt5_bot - Balance=102029.96 Equity=102029.96 Spread=0.30 pips
2026-05-05 07:52:38 INFO mt5_bot - Signal=NONE reason=no_closed_bar_crossover price=None trend=None rsi=72.5 atr_pips=1243.6 adx=24.5
2026-05-05 07:52:38 INFO mt5_bot - Execution status=skipped reason=no_closed_bar_crossover
2026-05-05 07:52:53 INFO mt5_bot - Balance=102029.96 Equity=102029.96 Spread=0.30 pips
2026-05-05 07:52:53 INFO mt5_bot - Signal=NONE reason=no_closed_bar_crossover price=None trend=None rsi=72.5 atr_pips=1243.6 adx=24.5
2026-05-05 07:52:53 INFO mt5_bot - Execution status=skipped reason=no_closed_bar_crossover
2026-05-05 07:53:08 INFO mt5_bot - Balance=102029.96 Equity=102029.96 Spread=0.30 pips
2026-05-05 07:53:08 INFO mt5_bot - Signal=NONE reason=no_closed_bar_crossover price=None trend=None rsi=72.5 atr_pips=1243.6 adx=24.5
2026-05-05 07:53:08 INFO mt5_bot - Execution status=skipped reason=no_closed_bar_crossover
2026-05-05 07:53:23 INFO mt5_bot - Balance=102029.96 Equity=102029.96 Spread=0.30 pips
2026-05-05 07:53:23 INFO mt5_bot - Signal=NONE reason=no_closed_bar_crossover price=None trend=None rsi=72.5 atr_pips=1243.6 adx=24.5
2026-05-05 07:53:23 INFO mt5_bot - Execution status=skipped reason=no_closed_bar_crossover
2026-05-05 07:53:38 INFO mt5_bot - Balance=102029.96 Equity=102029.96 Spread=0.30 pips
2026-05-05 07:53:38 INFO mt5_bot - Signal=NONE reason=no_closed_bar_crossover price=None trend=None rsi=72.5 atr_pips=1243.6 adx=24.5
2026-05-05 07:53:38 INFO mt5_bot - Execution status=skipped reason=no_closed_bar_crossover
2026-05-05 07:53:53 INFO mt5_bot - Balance=102029.96 Equity=102029.96 Spread=0.30 pips
2026-05-05 07:53:53 INFO mt5_bot - Signal=NONE reason=no_closed_bar_crossover price=None trend=None rsi=72.5 atr_pips=1243.6 adx=24.5
2026-05-05 07:53:53 INFO mt5_bot - Execution status=skipped reason=no_closed_bar_crossover
2026-05-05 07:54:08 INFO mt5_bot - Balance=102029.96 Equity=102029.96 Spread=0.30 pips
2026-05-05 07:54:08 INFO mt5_bot - Signal=NONE reason=no_closed_bar_crossover price=None trend=None rsi=72.5 atr_pips=1243.6 adx=24.5
2026-05-05 07:54:08 INFO mt5_bot - Execution status=skipped reason=no_closed_bar_crossover
2026-05-05 07:54:23 INFO mt5_bot - Balance=102029.96 Equity=102029.96 Spread=0.30 pips
2026-05-05 07:54:23 INFO mt5_bot - Signal=NONE reason=no_closed_bar_crossover price=None trend=None rsi=72.5 atr_pips=1243.6 adx=24.5
2026-05-05 07:54:23 INFO mt5_bot - Execution status=skipped reason=no_closed_bar_crossover
2026-05-05 07:54:38 INFO mt5_bot - Balance=102029.96 Equity=102029.96 Spread=0.30 pips
2026-05-05 07:54:38 INFO mt5_bot - Signal=NONE reason=no_closed_bar_crossover price=None trend=None rsi=72.5 atr_pips=1243.6 adx=24.5
2026-05-05 07:54:38 INFO mt5_bot - Execution status=skipped reason=no_closed_bar_crossover
2026-05-05 07:54:53 INFO mt5_bot - Balance=102029.96 Equity=102029.96 Spread=0.30 pips
2026-05-05 07:54:53 INFO mt5_bot - Signal=NONE reason=no_closed_bar_crossover price=None trend=None rsi=72.5 atr_pips=1243.6 adx=24.5
2026-05-05 07:54:53 INFO mt5_bot - Execution status=skipped reason=no_closed_bar_crossover
2026-05-05 07:55:08 INFO mt5_bot - Balance=102029.96 Equity=102029.96 Spread=0.30 pips
2026-05-05 07:55:08 INFO mt5_bot - Signal=NONE reason=no_closed_bar_crossover price=None trend=None rsi=72.5 atr_pips=1243.6 adx=24.5
2026-05-05 07:55:08 INFO mt5_bot - Execution status=skipped reason=no_closed_bar_crossover
2026-05-05 07:55:23 INFO mt5_bot - Balance=102029.96 Equity=102029.96 Spread=0.30 pips
2026-05-05 07:55:24 INFO mt5_bot - Signal=NONE reason=no_closed_bar_crossover price=None trend=None rsi=72.5 atr_pips=1243.6 adx=24.5
2026-05-05 07:55:24 INFO mt5_bot - Execution status=skipped reason=no_closed_bar_crossover
2026-05-05 07:55:39 INFO mt5_bot - Balance=102029.96 Equity=102029.96 Spread=0.30 pips
2026-05-05 07:55:39 INFO mt5_bot - Signal=NONE reason=no_closed_bar_crossover price=None trend=None rsi=72.5 atr_pips=1243.6 adx=24.5
2026-05-05 07:55:39 INFO mt5_bot - Execution status=skipped reason=no_closed_bar_crossover
2026-05-05 07:55:54 INFO mt5_bot - Balance=102029.96 Equity=102029.96 Spread=0.30 pips
2026-05-05 07:55:54 INFO mt5_bot - Signal=NONE reason=no_closed_bar_crossover price=None trend=None rsi=72.5 atr_pips=1243.6 adx=24.5
2026-05-05 07:55:54 INFO mt5_bot - Execution status=skipped reason=no_closed_bar_crossover
2026-05-05 07:56:09 INFO mt5_bot - Balance=102029.96 Equity=102029.96 Spread=0.30 pips
2026-05-05 07:56:09 INFO mt5_bot - Signal=NONE reason=no_closed_bar_crossover price=None trend=None rsi=72.5 atr_pips=1243.6 adx=24.5
2026-05-05 07:56:09 INFO mt5_bot - Execution status=skipped reason=no_closed_bar_crossover
2026-05-05 07:56:24 INFO mt5_bot - Balance=102029.96 Equity=102029.96 Spread=0.30 pips
2026-05-05 07:56:24 INFO mt5_bot - Signal=NONE reason=no_closed_bar_crossover price=None trend=None rsi=72.5 atr_pips=1243.6 adx=24.5
2026-05-05 07:56:24 INFO mt5_bot - Execution status=skipped reason=no_closed_bar_crossover
2026-05-05 07:56:39 INFO mt5_bot - Balance=102029.96 Equity=102029.96 Spread=0.30 pips
2026-05-05 07:56:39 INFO mt5_bot - Signal=NONE reason=no_closed_bar_crossover price=None trend=None rsi=72.5 atr_pips=1243.6 adx=24.5
2026-05-05 07:56:39 INFO mt5_bot - Execution status=skipped reason=no_closed_bar_crossover
2026-05-05 07:56:54 INFO mt5_bot - Balance=102029.96 Equity=102029.96 Spread=0.30 pips
2026-05-05 07:56:54 INFO mt5_bot - Signal=NONE reason=no_closed_bar_crossover price=None trend=None rsi=72.5 atr_pips=1243.6 adx=24.5
2026-05-05 07:56:54 INFO mt5_bot - Execution status=skipped reason=no_closed_bar_crossover
2026-05-05 07:57:09 INFO mt5_bot - Balance=102029.96 Equity=102029.96 Spread=0.30 pips
2026-05-05 07:57:09 INFO mt5_bot - Signal=NONE reason=no_closed_bar_crossover price=None trend=None rsi=72.5 atr_pips=1243.6 adx=24.5
2026-05-05 07:57:09 INFO mt5_bot - Execution status=skipped reason=no_closed_bar_crossover
2026-05-05 07:57:24 INFO mt5_bot - Balance=102029.96 Equity=102029.96 Spread=0.30 pips
2026-05-05 07:57:24 INFO mt5_bot - Signal=NONE reason=no_closed_bar_crossover price=None trend=None rsi=72.5 atr_pips=1243.6 adx=24.5
2026-05-05 07:57:24 INFO mt5_bot - Execution status=skipped reason=no_closed_bar_crossover
2026-05-05 07:57:39 INFO mt5_bot - Balance=102029.96 Equity=102029.96 Spread=0.30 pips
2026-05-05 07:57:39 INFO mt5_bot - Signal=NONE reason=no_closed_bar_crossover price=None trend=None rsi=72.5 atr_pips=1243.6 adx=24.5
2026-05-05 07:57:39 INFO mt5_bot - Execution status=skipped reason=no_closed_bar_crossover
2026-05-05 07:57:54 INFO mt5_bot - Balance=102029.96 Equity=102029.96 Spread=0.30 pips
2026-05-05 07:57:54 INFO mt5_bot - Signal=NONE reason=no_closed_bar_crossover price=None trend=None rsi=72.5 atr_pips=1243.6 adx=24.5
2026-05-05 07:57:54 INFO mt5_bot - Execution status=skipped reason=no_closed_bar_crossover
2026-05-05 07:58:09 INFO mt5_bot - Balance=102029.96 Equity=102029.96 Spread=0.30 pips
2026-05-05 07:58:09 INFO mt5_bot - Signal=NONE reason=no_closed_bar_crossover price=None trend=None rsi=72.5 atr_pips=1243.6 adx=24.5
2026-05-05 07:58:09 INFO mt5_bot - Execution status=skipped reason=no_closed_bar_crossover
2026-05-05 07:58:24 INFO mt5_bot - Balance=102029.96 Equity=102029.96 Spread=0.30 pips
2026-05-05 07:58:24 INFO mt5_bot - Signal=NONE reason=no_closed_bar_crossover price=None trend=None rsi=72.5 atr_pips=1243.6 adx=24.5
2026-05-05 07:58:24 INFO mt5_bot - Execution status=skipped reason=no_closed_bar_crossover
2026-05-05 07:58:39 INFO mt5_bot - Balance=102029.96 Equity=102029.96 Spread=0.30 pips
2026-05-05 07:58:39 INFO mt5_bot - Signal=NONE reason=no_closed_bar_crossover price=None trend=None rsi=72.5 atr_pips=1243.6 adx=24.5
2026-05-05 07:58:39 INFO mt5_bot - Execution status=skipped reason=no_closed_bar_crossover
2026-05-05 07:58:54 INFO mt5_bot - Balance=102029.96 Equity=102029.96 Spread=0.30 pips
2026-05-05 07:58:54 INFO mt5_bot - Signal=NONE reason=no_closed_bar_crossover price=None trend=None rsi=72.5 atr_pips=1243.6 adx=24.5
2026-05-05 07:58:54 INFO mt5_bot - Execution status=skipped reason=no_closed_bar_crossover
2026-05-05 07:59:09 INFO mt5_bot - Balance=102029.96 Equity=102029.96 Spread=0.30 pips
2026-05-05 07:59:09 INFO mt5_bot - Signal=NONE reason=no_closed_bar_crossover price=None trend=None rsi=72.5 atr_pips=1243.6 adx=24.5
2026-05-05 07:59:09 INFO mt5_bot - Execution status=skipped reason=no_closed_bar_crossover
2026-05-05 07:59:24 INFO mt5_bot - Balance=102029.96 Equity=102029.96 Spread=0.30 pips
2026-05-05 07:59:24 INFO mt5_bot - Signal=NONE reason=no_closed_bar_crossover price=None trend=None rsi=72.5 atr_pips=1243.6 adx=24.5
2026-05-05 07:59:24 INFO mt5_bot - Execution status=skipped reason=no_closed_bar_crossover
2026-05-05 07:59:39 INFO mt5_bot - Balance=102029.96 Equity=102029.96 Spread=0.30 pips
2026-05-05 07:59:39 INFO mt5_bot - Signal=NONE reason=no_closed_bar_crossover price=None trend=None rsi=72.5 atr_pips=1243.6 adx=24.5
2026-05-05 07:59:39 INFO mt5_bot - Execution status=skipped reason=no_closed_bar_crossover
2026-05-05 07:59:54 INFO mt5_bot - Balance=102029.96 Equity=102029.96 Spread=0.30 pips
2026-05-05 07:59:54 INFO mt5_bot - Signal=NONE reason=no_closed_bar_crossover price=None trend=None rsi=72.5 atr_pips=1243.6 adx=24.5
2026-05-05 07:59:54 INFO mt5_bot - Execution status=skipped reason=no_closed_bar_crossover
2026-05-05 08:00:09 INFO mt5_bot - Balance=102029.96 Equity=102029.96 Spread=0.30 pips
2026-05-05 08:00:09 INFO mt5_bot - Signal=NONE reason=no_closed_bar_crossover price=None trend=None rsi=71.5 atr_pips=1189.0 adx=25.4
2026-05-05 08:00:09 INFO mt5_bot - Execution status=skipped reason=no_closed_bar_crossover
2026-05-05 08:00:24 INFO mt5_bot - Balance=102029.96 Equity=102029.96 Spread=0.30 pips
2026-05-05 08:00:24 INFO mt5_bot - Signal=NONE reason=no_closed_bar_crossover price=None trend=None rsi=71.5 atr_pips=1189.0 adx=25.4
2026-05-05 08:00:24 INFO mt5_bot - Execution status=skipped reason=no_closed_bar_crossover
2026-05-05 08:00:39 INFO mt5_bot - Balance=102029.96 Equity=102029.96 Spread=0.30 pips
2026-05-05 08:00:39 INFO mt5_bot - Signal=NONE reason=no_closed_bar_crossover price=None trend=None rsi=71.5 atr_pips=1189.0 adx=25.4
2026-05-05 08:00:39 INFO mt5_bot - Execution status=skipped reason=no_closed_bar_crossover
2026-05-05 08:00:54 INFO mt5_bot - Balance=102029.96 Equity=102029.96 Spread=0.30 pips
2026-05-05 08:00:54 INFO mt5_bot - Signal=NONE reason=no_closed_bar_crossover price=None trend=None rsi=71.5 atr_pips=1189.0 adx=25.4
2026-05-05 08:00:54 INFO mt5_bot - Execution status=skipped reason=no_closed_bar_crossover
2026-05-05 08:01:09 INFO mt5_bot - Balance=102029.96 Equity=102029.96 Spread=0.30 pips
2026-05-05 08:01:09 INFO mt5_bot - Signal=NONE reason=no_closed_bar_crossover price=None trend=None rsi=71.5 atr_pips=1189.0 adx=25.4
2026-05-05 08:01:09 INFO mt5_bot - Execution status=skipped reason=no_closed_bar_crossover
2026-05-05 08:01:24 INFO mt5_bot - Balance=102029.96 Equity=102029.96 Spread=0.30 pips
2026-05-05 08:01:24 INFO mt5_bot - Signal=NONE reason=no_closed_bar_crossover price=None trend=None rsi=71.5 atr_pips=1189.0 adx=25.4
2026-05-05 08:01:24 INFO mt5_bot - Execution status=skipped reason=no_closed_bar_crossover
2026-05-05 08:01:39 INFO mt5_bot - Balance=102029.96 Equity=102029.96 Spread=0.30 pips
2026-05-05 08:01:39 INFO mt5_bot - Signal=NONE reason=no_closed_bar_crossover price=None trend=None rsi=71.5 atr_pips=1189.0 adx=25.4
2026-05-05 08:01:39 INFO mt5_bot - Execution status=skipped reason=no_closed_bar_crossover
2026-05-05 08:01:54 INFO mt5_bot - Balance=102029.96 Equity=102029.96 Spread=0.30 pips
2026-05-05 08:01:54 INFO mt5_bot - Signal=NONE reason=no_closed_bar_crossover price=None trend=None rsi=71.5 atr_pips=1189.0 adx=25.4
2026-05-05 08:01:54 INFO mt5_bot - Execution status=skipped reason=no_closed_bar_crossover
2026-05-05 08:02:09 INFO mt5_bot - Balance=102029.96 Equity=102029.96 Spread=0.30 pips
2026-05-05 08:02:09 INFO mt5_bot - Signal=NONE reason=no_closed_bar_crossover price=None trend=None rsi=71.5 atr_pips=1189.0 adx=25.4
2026-05-05 08:02:09 INFO mt5_bot - Execution status=skipped reason=no_closed_bar_crossover
2026-05-05 08:02:24 INFO mt5_bot - Balance=102029.96 Equity=102029.96 Spread=0.30 pips
2026-05-05 08:02:24 INFO mt5_bot - Signal=NONE reason=no_closed_bar_crossover price=None trend=None rsi=71.5 atr_pips=1189.0 adx=25.4
2026-05-05 08:02:24 INFO mt5_bot - Execution status=skipped reason=no_closed_bar_crossover
2026-05-05 08:02:39 INFO mt5_bot - Balance=102029.96 Equity=102029.96 Spread=0.30 pips
2026-05-05 08:02:39 INFO mt5_bot - Signal=NONE reason=no_closed_bar_crossover price=None trend=None rsi=71.5 atr_pips=1189.0 adx=25.4
2026-05-05 08:02:39 INFO mt5_bot - Execution status=skipped reason=no_closed_bar_crossover
2026-05-05 08:02:54 INFO mt5_bot - Balance=102029.96 Equity=102029.96 Spread=0.30 pips
2026-05-05 08:02:54 INFO mt5_bot - Signal=NONE reason=no_closed_bar_crossover price=None trend=None rsi=71.5 atr_pips=1189.0 adx=25.4
2026-05-05 08:02:54 INFO mt5_bot - Execution status=skipped reason=no_closed_bar_crossover
2026-05-05 08:03:09 INFO mt5_bot - Balance=102029.96 Equity=102029.96 Spread=0.30 pips
2026-05-05 08:03:09 INFO mt5_bot - Signal=NONE reason=no_closed_bar_crossover price=None trend=None rsi=71.5 atr_pips=1189.0 adx=25.4
2026-05-05 08:03:09 INFO mt5_bot - Execution status=skipped reason=no_closed_bar_crossover
2026-05-05 08:03:24 INFO mt5_bot - Balance=102029.96 Equity=102029.96 Spread=0.30 pips
2026-05-05 08:03:24 INFO mt5_bot - Signal=NONE reason=no_closed_bar_crossover price=None trend=None rsi=71.5 atr_pips=1189.0 adx=25.4
2026-05-05 08:03:24 INFO mt5_bot - Execution status=skipped reason=no_closed_bar_crossover
2026-05-05 08:03:39 INFO mt5_bot - Balance=102029.96 Equity=102029.96 Spread=0.30 pips
2026-05-05 08:03:39 INFO mt5_bot - Signal=NONE reason=no_closed_bar_crossover price=None trend=None rsi=71.5 atr_pips=1189.0 adx=25.4
2026-05-05 08:03:39 INFO mt5_bot - Execution status=skipped reason=no_closed_bar_crossover
2026-05-05 08:03:54 INFO mt5_bot - Balance=102029.96 Equity=102029.96 Spread=0.30 pips
2026-05-05 08:03:54 INFO mt5_bot - Signal=NONE reason=no_closed_bar_crossover price=None trend=None rsi=71.5 atr_pips=1189.0 adx=25.4
2026-05-05 08:03:54 INFO mt5_bot - Execution status=skipped reason=no_closed_bar_crossover
2026-05-05 08:04:09 INFO mt5_bot - Balance=102029.96 Equity=102029.96 Spread=0.30 pips
2026-05-05 08:04:09 INFO mt5_bot - Signal=NONE reason=no_closed_bar_crossover price=None trend=None rsi=71.5 atr_pips=1189.0 adx=25.4
2026-05-05 08:04:09 INFO mt5_bot - Execution status=skipped reason=no_closed_bar_crossover
2026-05-05 08:04:24 INFO mt5_bot - Balance=102029.96 Equity=102029.96 Spread=0.30 pips
2026-05-05 08:04:24 INFO mt5_bot - Signal=NONE reason=no_closed_bar_crossover price=None trend=None rsi=71.5 atr_pips=1189.0 adx=25.4
2026-05-05 08:04:24 INFO mt5_bot - Execution status=skipped reason=no_closed_bar_crossover
2026-05-05 08:04:39 INFO mt5_bot - Balance=102029.96 Equity=102029.96 Spread=0.30 pips
2026-05-05 08:04:39 INFO mt5_bot - Signal=NONE reason=no_closed_bar_crossover price=None trend=None rsi=71.5 atr_pips=1189.0 adx=25.4
2026-05-05 08:04:39 INFO mt5_bot - Execution status=skipped reason=no_closed_bar_crossover
2026-05-05 08:04:54 INFO mt5_bot - Balance=102029.96 Equity=102029.96 Spread=0.30 pips
2026-05-05 08:04:54 INFO mt5_bot - Signal=NONE reason=no_closed_bar_crossover price=None trend=None rsi=71.5 atr_pips=1189.0 adx=25.4
2026-05-05 08:04:54 INFO mt5_bot - Execution status=skipped reason=no_closed_bar_crossover
2026-05-05 08:05:09 INFO mt5_bot - Balance=102029.96 Equity=102029.96 Spread=0.30 pips
2026-05-05 08:05:09 INFO mt5_bot - Signal=NONE reason=no_closed_bar_crossover price=None trend=None rsi=71.5 atr_pips=1189.0 adx=25.4
2026-05-05 08:05:09 INFO mt5_bot - Execution status=skipped reason=no_closed_bar_crossover
2026-05-05 08:05:24 INFO mt5_bot - Balance=102029.96 Equity=102029.96 Spread=0.30 pips
2026-05-05 08:05:24 INFO mt5_bot - Signal=NONE reason=no_closed_bar_crossover price=None trend=None rsi=71.5 atr_pips=1189.0 adx=25.4
2026-05-05 08:05:24 INFO mt5_bot - Execution status=skipped reason=no_closed_bar_crossover
2026-05-05 08:05:39 INFO mt5_bot - Balance=102029.96 Equity=102029.96 Spread=0.30 pips
2026-05-05 08:05:39 INFO mt5_bot - Signal=NONE reason=no_closed_bar_crossover price=None trend=None rsi=71.5 atr_pips=1189.0 adx=25.4
2026-05-05 08:05:39 INFO mt5_bot - Execution status=skipped reason=no_closed_bar_crossover
2026-05-05 08:05:54 INFO mt5_bot - Balance=102029.96 Equity=102029.96 Spread=0.30 pips
2026-05-05 08:05:54 INFO mt5_bot - Signal=NONE reason=no_closed_bar_crossover price=None trend=None rsi=71.5 atr_pips=1189.0 adx=25.4
2026-05-05 08:05:54 INFO mt5_bot - Execution status=skipped reason=no_closed_bar_crossover
2026-05-05 08:06:09 INFO mt5_bot - Balance=102029.96 Equity=102029.96 Spread=0.30 pips
2026-05-05 08:06:09 INFO mt5_bot - Signal=NONE reason=no_closed_bar_crossover price=None trend=None rsi=71.5 atr_pips=1189.0 adx=25.4
2026-05-05 08:06:09 INFO mt5_bot - Execution status=skipped reason=no_closed_bar_crossover
^C2026-05-05 23:06:38 INFO mt5_bot - MT5 permissions: account_server=MetaQuotes-Demo account_trade_allowed=True account_trade_expert=True terminal_trade_allowed=True terminal_build=5836
2026-05-05 23:06:38 INFO mt5_bot - Starting PRO loop: symbol=USDJPY tf=M15 trend_tf=H1 trade_enabled=True trend_filter=True adx_filter=True rsi_momentum=False partial_close=True trailing_stop=True atr_sl_tp=True news_filter=True retest=False equity_curve=True
2026-05-05 23:06:38 INFO mt5_bot - Balance=102029.96 Equity=102029.96 Spread=0.50 pips
2026-05-05 23:06:38 INFO mt5_bot - Session filter: UTC hour=4 outside [7,20) and [0,4)
2026-05-05 23:06:39 WARNING mt5_bot.notifier - Telegram HTTP 403: MT5_TELEGRAM_CHAT_ID points to a bot/chat the bot cannot message. Use Jean's numeric user chat_id, a group/channel id where the bot is a member, or disable MT5_TELEGRAM_* until fixed.
2026-05-05 23:06:53 INFO mt5_bot - Balance=102029.96 Equity=102029.96 Spread=0.50 pips
2026-05-05 23:06:53 INFO mt5_bot - Session filter: UTC hour=4 outside [7,20) and [0,4)
2026-05-05 23:07:08 INFO mt5_bot - Balance=102029.96 Equity=102029.96 Spread=0.50 pips
2026-05-05 23:07:08 INFO mt5_bot - Session filter: UTC hour=4 outside [7,20) and [0,4)
2026-05-05 23:07:23 INFO mt5_bot - Balance=102029.96 Equity=102029.96 Spread=0.50 pips
2026-05-05 23:07:23 INFO mt5_bot - Session filter: UTC hour=4 outside [7,20) and [0,4)
2026-05-05 23:07:38 INFO mt5_bot - Balance=102029.96 Equity=102029.96 Spread=0.50 pips
2026-05-05 23:07:38 INFO mt5_bot - Session filter: UTC hour=4 outside [7,20) and [0,4)
2026-05-05 23:07:53 INFO mt5_bot - Balance=102029.96 Equity=102029.96 Spread=0.50 pips
2026-05-05 23:07:53 INFO mt5_bot - Session filter: UTC hour=4 outside [7,20) and [0,4)
2026-05-05 23:08:08 INFO mt5_bot - Balance=102029.96 Equity=102029.96 Spread=0.50 pips
2026-05-05 23:08:08 INFO mt5_bot - Session filter: UTC hour=4 outside [7,20) and [0,4)
2026-05-05 23:08:23 INFO mt5_bot - Balance=102029.96 Equity=102029.96 Spread=0.50 pips
2026-05-05 23:08:23 INFO mt5_bot - Session filter: UTC hour=4 outside [7,20) and [0,4)
2026-05-05 23:08:38 INFO mt5_bot - Balance=102029.96 Equity=102029.96 Spread=0.50 pips
2026-05-05 23:08:38 INFO mt5_bot - Session filter: UTC hour=4 outside [7,20) and [0,4)
2026-05-05 23:08:53 INFO mt5_bot - Balance=102029.96 Equity=102029.96 Spread=0.50 pips
2026-05-05 23:08:53 INFO mt5_bot - Session filter: UTC hour=4 outside [7,20) and [0,4)
2026-05-05 23:09:08 INFO mt5_bot - Balance=102029.96 Equity=102029.96 Spread=0.50 pips
2026-05-05 23:09:08 INFO mt5_bot - Session filter: UTC hour=4 outside [7,20) and [0,4)
2026-05-05 23:09:23 INFO mt5_bot - Balance=102029.96 Equity=102029.96 Spread=0.50 pips
2026-05-05 23:09:23 INFO mt5_bot - Session filter: UTC hour=4 outside [7,20) and [0,4)
2026-05-05 23:09:38 INFO mt5_bot - Balance=102029.96 Equity=102029.96 Spread=0.50 pips
2026-05-05 23:09:38 INFO mt5_bot - Session filter: UTC hour=4 outside [7,20) and [0,4)
2026-05-05 23:09:53 INFO mt5_bot - Balance=102029.96 Equity=102029.96 Spread=0.50 pips
2026-05-05 23:09:53 INFO mt5_bot - Session filter: UTC hour=4 outside [7,20) and [0,4)
2026-05-05 23:10:08 INFO mt5_bot - Balance=102029.96 Equity=102029.96 Spread=0.50 pips
2026-05-05 23:10:08 INFO mt5_bot - Session filter: UTC hour=4 outside [7,20) and [0,4)
2026-05-05 23:10:23 INFO mt5_bot - Balance=102029.96 Equity=102029.96 Spread=0.50 pips
2026-05-05 23:10:23 INFO mt5_bot - Session filter: UTC hour=4 outside [7,20) and [0,4)
2026-05-05 23:10:38 INFO mt5_bot - Balance=102029.96 Equity=102029.96 Spread=0.50 pips
2026-05-05 23:10:38 INFO mt5_bot - Session filter: UTC hour=4 outside [7,20) and [0,4)
2026-05-05 23:10:53 INFO mt5_bot - Balance=102029.96 Equity=102029.96 Spread=0.50 pips
2026-05-05 23:10:53 INFO mt5_bot - Session filter: UTC hour=4 outside [7,20) and [0,4)
2026-05-05 23:11:08 INFO mt5_bot - Balance=102029.96 Equity=102029.96 Spread=0.50 pips
2026-05-05 23:11:08 INFO mt5_bot - Session filter: UTC hour=4 outside [7,20) and [0,4)
2026-05-05 23:11:23 INFO mt5_bot - Balance=102029.96 Equity=102029.96 Spread=0.50 pips
2026-05-05 23:11:23 INFO mt5_bot - Session filter: UTC hour=4 outside [7,20) and [0,4)
2026-05-05 23:11:38 INFO mt5_bot - Balance=102029.96 Equity=102029.96 Spread=0.50 pips
2026-05-05 23:11:38 INFO mt5_bot - Session filter: UTC hour=4 outside [7,20) and [0,4)
2026-05-05 23:11:53 INFO mt5_bot - Balance=102029.96 Equity=102029.96 Spread=0.50 pips
2026-05-05 23:11:53 INFO mt5_bot - Session filter: UTC hour=4 outside [7,20) and [0,4)
2026-05-05 23:12:08 INFO mt5_bot - Balance=102029.96 Equity=102029.96 Spread=0.50 pips
2026-05-05 23:12:08 INFO mt5_bot - Session filter: UTC hour=4 outside [7,20) and [0,4)
2026-05-05 23:12:23 INFO mt5_bot - Balance=102029.96 Equity=102029.96 Spread=0.50 pips
2026-05-05 23:12:23 INFO mt5_bot - Session filter: UTC hour=4 outside [7,20) and [0,4)
2026-05-05 23:12:38 INFO mt5_bot - Balance=102029.96 Equity=102029.96 Spread=0.50 pips
2026-05-05 23:12:38 INFO mt5_bot - Session filter: UTC hour=4 outside [7,20) and [0,4)
2026-05-05 23:12:53 INFO mt5_bot - Balance=102029.96 Equity=102029.96 Spread=0.50 pips
2026-05-05 23:12:53 INFO mt5_bot - Session filter: UTC hour=4 outside [7,20) and [0,4)
2026-05-05 23:13:08 INFO mt5_bot - Balance=102029.96 Equity=102029.96 Spread=0.50 pips
2026-05-05 23:13:08 INFO mt5_bot - Session filter: UTC hour=4 outside [7,20) and [0,4)
2026-05-05 23:13:23 INFO mt5_bot - Balance=102029.96 Equity=102029.96 Spread=0.50 pips
2026-05-05 23:13:23 INFO mt5_bot - Session filter: UTC hour=4 outside [7,20) and [0,4)
2026-05-05 23:13:38 INFO mt5_bot - Balance=102029.96 Equity=102029.96 Spread=0.50 pips
2026-05-05 23:13:38 INFO mt5_bot - Session filter: UTC hour=4 outside [7,20) and [0,4)
2026-05-05 23:13:53 INFO mt5_bot - Balance=102029.96 Equity=102029.96 Spread=0.50 pips
2026-05-05 23:13:53 INFO mt5_bot - Session filter: UTC hour=4 outside [7,20) and [0,4)
^C2026-05-05 23:16:48 INFO mt5_bot - MT5 permissions: account_server=MetaQuotes-Demo account_trade_allowed=True account_trade_expert=True terminal_trade_allowed=True terminal_build=5836
2026-05-05 23:16:48 INFO mt5_bot - Starting PRO loop: symbol=USDJPY tf=M15 trend_tf=H1 trade_enabled=True trend_filter=True adx_filter=True rsi_momentum=False partial_close=True trailing_stop=True atr_sl_tp=True news_filter=True retest=False equity_curve=True
2026-05-05 23:16:48 INFO mt5_bot - Balance=102029.96 Equity=102029.96 Spread=0.50 pips
2026-05-05 23:16:48 INFO mt5_bot - Session filter: UTC hour=4 outside [7,20) and [0,4)
2026-05-05 23:16:48 WARNING mt5_bot.notifier - Telegram HTTP 403: MT5_TELEGRAM_CHAT_ID points to a bot/chat the bot cannot message. Use Jean's numeric user chat_id, a group/channel id where the bot is a member, or disable MT5_TELEGRAM_* until fixed.
2026-05-05 23:17:03 INFO mt5_bot - Balance=102029.96 Equity=102029.96 Spread=0.50 pips
2026-05-05 23:17:03 INFO mt5_bot - Session filter: UTC hour=4 outside [7,20) and [0,4)
2026-05-05 23:17:18 INFO mt5_bot - Balance=102029.96 Equity=102029.96 Spread=0.50 pips
2026-05-05 23:17:18 INFO mt5_bot - Session filter: UTC hour=4 outside [7,20) and [0,4)
2026-05-05 23:17:33 INFO mt5_bot - Balance=102029.96 Equity=102029.96 Spread=0.50 pips
2026-05-05 23:17:33 INFO mt5_bot - Session filter: UTC hour=4 outside [7,20) and [0,4)
2026-05-05 23:17:48 INFO mt5_bot - Balance=102029.96 Equity=102029.96 Spread=0.50 pips
2026-05-05 23:17:48 INFO mt5_bot - Session filter: UTC hour=4 outside [7,20) and [0,4)
2026-05-05 23:18:03 INFO mt5_bot - Balance=102029.96 Equity=102029.96 Spread=0.50 pips
2026-05-05 23:18:03 INFO mt5_bot - Session filter: UTC hour=4 outside [7,20) and [0,4)
2026-05-05 23:18:18 INFO mt5_bot - Balance=102029.96 Equity=102029.96 Spread=0.50 pips
2026-05-05 23:18:18 INFO mt5_bot - Session filter: UTC hour=4 outside [7,20) and [0,4)
2026-05-05 23:18:33 INFO mt5_bot - Balance=102029.96 Equity=102029.96 Spread=0.50 pips
2026-05-05 23:18:33 INFO mt5_bot - Session filter: UTC hour=4 outside [7,20) and [0,4)
2026-05-05 23:18:48 INFO mt5_bot - Balance=102029.96 Equity=102029.96 Spread=0.50 pips
2026-05-05 23:18:48 INFO mt5_bot - Session filter: UTC hour=4 outside [7,20) and [0,4)
2026-05-05 23:19:03 INFO mt5_bot - Balance=102029.96 Equity=102029.96 Spread=0.50 pips
2026-05-05 23:19:03 INFO mt5_bot - Session filter: UTC hour=4 outside [7,20) and [0,4)
2026-05-05 23:19:18 INFO mt5_bot - Balance=102029.96 Equity=102029.96 Spread=0.50 pips
2026-05-05 23:19:18 INFO mt5_bot - Session filter: UTC hour=4 outside [7,20) and [0,4)
2026-05-05 23:19:33 INFO mt5_bot - Balance=102029.96 Equity=102029.96 Spread=0.50 pips
2026-05-05 23:19:33 INFO mt5_bot - Session filter: UTC hour=4 outside [7,20) and [0,4)
2026-05-05 23:19:48 INFO mt5_bot - Balance=102029.96 Equity=102029.96 Spread=0.50 pips
2026-05-05 23:19:48 INFO mt5_bot - Session filter: UTC hour=4 outside [7,20) and [0,4)
2026-05-05 23:20:03 INFO mt5_bot - Balance=102029.96 Equity=102029.96 Spread=0.50 pips
2026-05-05 23:20:03 INFO mt5_bot - Session filter: UTC hour=4 outside [7,20) and [0,4)
2026-05-05 23:20:18 INFO mt5_bot - Balance=102029.96 Equity=102029.96 Spread=0.50 pips
2026-05-05 23:20:18 INFO mt5_bot - Session filter: UTC hour=4 outside [7,20) and [0,4)
2026-05-05 23:20:33 INFO mt5_bot - Balance=102029.96 Equity=102029.96 Spread=0.50 pips
2026-05-05 23:20:33 INFO mt5_bot - Session filter: UTC hour=4 outside [7,20) and [0,4)
2026-05-05 23:20:48 INFO mt5_bot - Balance=102029.96 Equity=102029.96 Spread=0.50 pips
2026-05-05 23:20:48 INFO mt5_bot - Session filter: UTC hour=4 outside [7,20) and [0,4)
2026-05-05 23:21:03 INFO mt5_bot - Balance=102029.96 Equity=102029.96 Spread=0.50 pips
2026-05-05 23:21:03 INFO mt5_bot - Session filter: UTC hour=4 outside [7,20) and [0,4)
2026-05-05 23:21:18 INFO mt5_bot - Balance=102029.96 Equity=102029.96 Spread=0.50 pips
2026-05-05 23:21:18 INFO mt5_bot - Session filter: UTC hour=4 outside [7,20) and [0,4)
2026-05-05 23:21:33 INFO mt5_bot - Balance=102029.96 Equity=102029.96 Spread=0.50 pips
2026-05-05 23:21:33 INFO mt5_bot - Session filter: UTC hour=4 outside [7,20) and [0,4)
2026-05-05 23:21:48 INFO mt5_bot - Balance=102029.96 Equity=102029.96 Spread=0.50 pips
2026-05-05 23:21:48 INFO mt5_bot - Session filter: UTC hour=4 outside [7,20) and [0,4)
2026-05-05 23:22:03 INFO mt5_bot - Balance=102029.96 Equity=102029.96 Spread=0.50 pips
2026-05-05 23:22:03 INFO mt5_bot - Session filter: UTC hour=4 outside [7,20) and [0,4)
2026-05-05 23:22:18 INFO mt5_bot - Balance=102029.96 Equity=102029.96 Spread=0.50 pips
2026-05-05 23:22:18 INFO mt5_bot - Session filter: UTC hour=4 outside [7,20) and [0,4)
2026-05-05 23:22:33 INFO mt5_bot - Balance=102029.96 Equity=102029.96 Spread=0.50 pips
2026-05-05 23:22:33 INFO mt5_bot - Session filter: UTC hour=4 outside [7,20) and [0,4)
2026-05-05 23:22:48 INFO mt5_bot - Balance=102029.96 Equity=102029.96 Spread=0.50 pips
2026-05-05 23:22:48 INFO mt5_bot - Session filter: UTC hour=4 outside [7,20) and [0,4)
2026-05-05 23:23:03 INFO mt5_bot - Balance=102029.96 Equity=102029.96 Spread=0.50 pips
2026-05-05 23:23:03 INFO mt5_bot - Session filter: UTC hour=4 outside [7,20) and [0,4)
2026-05-05 23:23:18 INFO mt5_bot - Balance=102029.96 Equity=102029.96 Spread=0.50 pips
2026-05-05 23:23:18 INFO mt5_bot - Session filter: UTC hour=4 outside [7,20) and [0,4)
2026-05-05 23:23:33 INFO mt5_bot - Balance=102029.96 Equity=102029.96 Spread=0.50 pips
2026-05-05 23:23:33 INFO mt5_bot - Session filter: UTC hour=4 outside [7,20) and [0,4)
2026-05-05 23:23:48 INFO mt5_bot - Balance=102029.96 Equity=102029.96 Spread=0.50 pips
2026-05-05 23:23:48 INFO mt5_bot - Session filter: UTC hour=4 outside [7,20) and [0,4)
2026-05-05 23:24:03 INFO mt5_bot - Balance=102029.96 Equity=102029.96 Spread=0.50 pips
2026-05-05 23:24:03 INFO mt5_bot - Session filter: UTC hour=4 outside [7,20) and [0,4)
2026-05-05 23:24:18 INFO mt5_bot - Balance=102029.96 Equity=102029.96 Spread=0.50 pips
2026-05-05 23:24:18 INFO mt5_bot - Session filter: UTC hour=4 outside [7,20) and [0,4)
2026-05-05 23:24:33 INFO mt5_bot - Balance=102029.96 Equity=102029.96 Spread=0.50 pips
2026-05-05 23:24:33 INFO mt5_bot - Session filter: UTC hour=4 outside [7,20) and [0,4)
2026-05-05 23:24:48 INFO mt5_bot - Balance=102029.96 Equity=102029.96 Spread=0.50 pips
2026-05-05 23:24:48 INFO mt5_bot - Session filter: UTC hour=4 outside [7,20) and [0,4)
2026-05-05 23:25:03 INFO mt5_bot - Balance=102029.96 Equity=102029.96 Spread=0.50 pips
2026-05-05 23:25:03 INFO mt5_bot - Session filter: UTC hour=4 outside [7,20) and [0,4)
2026-05-05 23:25:18 INFO mt5_bot - Balance=102029.96 Equity=102029.96 Spread=0.50 pips
2026-05-05 23:25:18 INFO mt5_bot - Session filter: UTC hour=4 outside [7,20) and [0,4)
2026-05-05 23:25:33 INFO mt5_bot - Balance=102029.96 Equity=102029.96 Spread=0.50 pips
2026-05-05 23:25:33 INFO mt5_bot - Session filter: UTC hour=4 outside [7,20) and [0,4)
2026-05-05 23:25:48 INFO mt5_bot - Balance=102029.96 Equity=102029.96 Spread=0.50 pips
2026-05-05 23:25:48 INFO mt5_bot - Session filter: UTC hour=4 outside [7,20) and [0,4)
2026-05-05 23:26:03 INFO mt5_bot - Balance=102029.96 Equity=102029.96 Spread=0.50 pips
2026-05-05 23:26:03 INFO mt5_bot - Session filter: UTC hour=4 outside [7,20) and [0,4)
2026-05-05 23:26:18 INFO mt5_bot - Balance=102029.96 Equity=102029.96 Spread=0.50 pips
2026-05-05 23:26:18 INFO mt5_bot - Session filter: UTC hour=4 outside [7,20) and [0,4)
2026-05-05 23:26:33 INFO mt5_bot - Balance=102029.96 Equity=102029.96 Spread=0.50 pips
2026-05-05 23:26:33 INFO mt5_bot - Session filter: UTC hour=4 outside [7,20) and [0,4)
2026-05-05 23:26:48 INFO mt5_bot - Balance=102029.96 Equity=102029.96 Spread=0.50 pips
2026-05-05 23:26:48 INFO mt5_bot - Session filter: UTC hour=4 outside [7,20) and [0,4)
2026-05-05 23:27:03 INFO mt5_bot - Balance=102029.96 Equity=102029.96 Spread=0.50 pips
2026-05-05 23:27:03 INFO mt5_bot - Session filter: UTC hour=4 outside [7,20) and [0,4)
2026-05-05 23:27:18 INFO mt5_bot - Balance=102029.96 Equity=102029.96 Spread=0.50 pips
2026-05-05 23:27:18 INFO mt5_bot - Session filter: UTC hour=4 outside [7,20) and [0,4)
2026-05-05 23:27:33 INFO mt5_bot - Balance=102029.96 Equity=102029.96 Spread=0.20 pips
2026-05-05 23:27:33 INFO mt5_bot - Session filter: UTC hour=4 outside [7,20) and [0,4)
2026-05-05 23:27:48 INFO mt5_bot - Balance=102029.96 Equity=102029.96 Spread=0.50 pips
2026-05-05 23:27:48 INFO mt5_bot - Session filter: UTC hour=4 outside [7,20) and [0,4)
2026-05-05 23:28:03 INFO mt5_bot - Balance=102029.96 Equity=102029.96 Spread=0.50 pips
2026-05-05 23:28:03 INFO mt5_bot - Session filter: UTC hour=4 outside [7,20) and [0,4)
2026-05-05 23:28:18 INFO mt5_bot - Balance=102029.96 Equity=102029.96 Spread=0.50 pips
2026-05-05 23:28:18 INFO mt5_bot - Session filter: UTC hour=4 outside [7,20) and [0,4)
2026-05-05 23:28:33 INFO mt5_bot - Balance=102029.96 Equity=102029.96 Spread=0.50 pips
2026-05-05 23:28:33 INFO mt5_bot - Session filter: UTC hour=4 outside [7,20) and [0,4)
2026-05-05 23:28:48 INFO mt5_bot - Balance=102029.96 Equity=102029.96 Spread=0.50 pips
2026-05-05 23:28:48 INFO mt5_bot - Session filter: UTC hour=4 outside [7,20) and [0,4)
2026-05-05 23:29:03 INFO mt5_bot - Balance=102029.96 Equity=102029.96 Spread=0.50 pips
2026-05-05 23:29:03 INFO mt5_bot - Session filter: UTC hour=4 outside [7,20) and [0,4)
2026-05-05 23:29:18 INFO mt5_bot - Balance=102029.96 Equity=102029.96 Spread=0.50 pips
2026-05-05 23:29:18 INFO mt5_bot - Session filter: UTC hour=4 outside [7,20) and [0,4)
2026-05-05 23:29:33 INFO mt5_bot - Balance=102029.96 Equity=102029.96 Spread=0.50 pips
2026-05-05 23:29:33 INFO mt5_bot - Session filter: UTC hour=4 outside [7,20) and [0,4)
2026-05-05 23:29:48 INFO mt5_bot - Balance=102029.96 Equity=102029.96 Spread=0.50 pips
2026-05-05 23:29:48 INFO mt5_bot - Session filter: UTC hour=4 outside [7,20) and [0,4)
2026-05-05 23:30:03 INFO mt5_bot - Balance=102029.96 Equity=102029.96 Spread=0.50 pips
2026-05-05 23:30:03 INFO mt5_bot - Session filter: UTC hour=4 outside [7,20) and [0,4)
2026-05-05 23:30:18 INFO mt5_bot - Balance=102029.96 Equity=102029.96 Spread=0.50 pips
2026-05-05 23:30:18 INFO mt5_bot - Session filter: UTC hour=4 outside [7,20) and [0,4)
2026-05-05 23:30:33 INFO mt5_bot - Balance=102029.96 Equity=102029.96 Spread=0.50 pips
2026-05-05 23:30:33 INFO mt5_bot - Session filter: UTC hour=4 outside [7,20) and [0,4)
2026-05-05 23:30:48 INFO mt5_bot - Balance=102029.96 Equity=102029.96 Spread=0.50 pips
2026-05-05 23:30:48 INFO mt5_bot - Session filter: UTC hour=4 outside [7,20) and [0,4)
2026-05-05 23:31:03 INFO mt5_bot - Balance=102029.96 Equity=102029.96 Spread=0.50 pips
2026-05-05 23:31:03 INFO mt5_bot - Session filter: UTC hour=4 outside [7,20) and [0,4)
2026-05-05 23:31:18 INFO mt5_bot - Balance=102029.96 Equity=102029.96 Spread=0.50 pips
2026-05-05 23:31:18 INFO mt5_bot - Session filter: UTC hour=4 outside [7,20) and [0,4)
2026-05-05 23:31:33 INFO mt5_bot - Balance=102029.96 Equity=102029.96 Spread=0.50 pips
2026-05-05 23:31:33 INFO mt5_bot - Session filter: UTC hour=4 outside [7,20) and [0,4)
2026-05-05 23:31:48 INFO mt5_bot - Balance=102029.96 Equity=102029.96 Spread=0.50 pips
2026-05-05 23:31:48 INFO mt5_bot - Session filter: UTC hour=4 outside [7,20) and [0,4)
2026-05-05 23:32:03 INFO mt5_bot - Balance=102029.96 Equity=102029.96 Spread=0.50 pips
2026-05-05 23:32:03 INFO mt5_bot - Session filter: UTC hour=4 outside [7,20) and [0,4)
2026-05-05 23:32:18 INFO mt5_bot - Balance=102029.96 Equity=102029.96 Spread=0.50 pips
2026-05-05 23:32:18 INFO mt5_bot - Session filter: UTC hour=4 outside [7,20) and [0,4)
2026-05-05 23:32:33 INFO mt5_bot - Balance=102029.96 Equity=102029.96 Spread=0.50 pips
2026-05-05 23:32:33 INFO mt5_bot - Session filter: UTC hour=4 outside [7,20) and [0,4)
2026-05-05 23:32:48 INFO mt5_bot - Balance=102029.96 Equity=102029.96 Spread=0.50 pips
2026-05-05 23:32:48 INFO mt5_bot - Session filter: UTC hour=4 outside [7,20) and [0,4)
2026-05-05 23:33:03 INFO mt5_bot - Balance=102029.96 Equity=102029.96 Spread=0.50 pips
2026-05-05 23:33:03 INFO mt5_bot - Session filter: UTC hour=4 outside [7,20) and [0,4)
2026-05-05 23:33:18 INFO mt5_bot - Balance=102029.96 Equity=102029.96 Spread=0.50 pips
2026-05-05 23:33:18 INFO mt5_bot - Session filter: UTC hour=4 outside [7,20) and [0,4)
2026-05-05 23:33:33 INFO mt5_bot - Balance=102029.96 Equity=102029.96 Spread=0.50 pips
2026-05-05 23:33:33 INFO mt5_bot - Session filter: UTC hour=4 outside [7,20) and [0,4)
2026-05-05 23:33:48 INFO mt5_bot - Balance=102029.96 Equity=102029.96 Spread=0.50 pips
2026-05-05 23:33:48 INFO mt5_bot - Session filter: UTC hour=4 outside [7,20) and [0,4)
2026-05-05 23:34:03 INFO mt5_bot - Balance=102029.96 Equity=102029.96 Spread=0.50 pips
2026-05-05 23:34:03 INFO mt5_bot - Session filter: UTC hour=4 outside [7,20) and [0,4)
2026-05-05 23:34:18 INFO mt5_bot - Balance=102029.96 Equity=102029.96 Spread=0.50 pips
2026-05-05 23:34:18 INFO mt5_bot - Session filter: UTC hour=4 outside [7,20) and [0,4)
2026-05-05 23:34:33 INFO mt5_bot - Balance=102029.96 Equity=102029.96 Spread=0.50 pips
2026-05-05 23:34:33 INFO mt5_bot - Session filter: UTC hour=4 outside [7,20) and [0,4)
2026-05-05 23:34:48 INFO mt5_bot - Balance=102029.96 Equity=102029.96 Spread=0.50 pips
2026-05-05 23:34:48 INFO mt5_bot - Session filter: UTC hour=4 outside [7,20) and [0,4)
2026-05-05 23:35:03 INFO mt5_bot - Balance=102029.96 Equity=102029.96 Spread=0.50 pips
2026-05-05 23:35:03 INFO mt5_bot - Session filter: UTC hour=4 outside [7,20) and [0,4)
2026-05-05 23:35:18 INFO mt5_bot - Balance=102029.96 Equity=102029.96 Spread=0.50 pips
2026-05-05 23:35:18 INFO mt5_bot - Session filter: UTC hour=4 outside [7,20) and [0,4)
2026-05-05 23:35:33 INFO mt5_bot - Balance=102029.96 Equity=102029.96 Spread=0.50 pips
2026-05-05 23:35:33 INFO mt5_bot - Session filter: UTC hour=4 outside [7,20) and [0,4)
2026-05-05 23:35:48 INFO mt5_bot - Balance=102029.96 Equity=102029.96 Spread=0.50 pips
2026-05-05 23:35:48 INFO mt5_bot - Session filter: UTC hour=4 outside [7,20) and [0,4)
2026-05-05 23:36:03 INFO mt5_bot - Balance=102029.96 Equity=102029.96 Spread=0.50 pips
2026-05-05 23:36:03 INFO mt5_bot - Session filter: UTC hour=4 outside [7,20) and [0,4)
2026-05-05 23:36:18 INFO mt5_bot - Balance=102029.96 Equity=102029.96 Spread=0.50 pips
2026-05-05 23:36:18 INFO mt5_bot - Session filter: UTC hour=4 outside [7,20) and [0,4)
2026-05-05 23:36:33 INFO mt5_bot - Balance=102029.96 Equity=102029.96 Spread=0.50 pips
2026-05-05 23:36:33 INFO mt5_bot - Session filter: UTC hour=4 outside [7,20) and [0,4)
2026-05-05 23:36:48 INFO mt5_bot - Balance=102029.96 Equity=102029.96 Spread=0.50 pips
2026-05-05 23:36:48 INFO mt5_bot - Session filter: UTC hour=4 outside [7,20) and [0,4)
2026-05-05 23:37:03 INFO mt5_bot - Balance=102029.96 Equity=102029.96 Spread=0.50 pips
2026-05-05 23:37:03 INFO mt5_bot - Session filter: UTC hour=4 outside [7,20) and [0,4)
2026-05-05 23:37:18 INFO mt5_bot - Balance=102029.96 Equity=102029.96 Spread=0.50 pips
2026-05-05 23:37:18 INFO mt5_bot - Session filter: UTC hour=4 outside [7,20) and [0,4)
2026-05-05 23:37:33 INFO mt5_bot - Balance=102029.96 Equity=102029.96 Spread=0.50 pips
2026-05-05 23:37:33 INFO mt5_bot - Session filter: UTC hour=4 outside [7,20) and [0,4)
2026-05-05 23:37:48 INFO mt5_bot - Balance=102029.96 Equity=102029.96 Spread=0.50 pips
2026-05-05 23:37:48 INFO mt5_bot - Session filter: UTC hour=4 outside [7,20) and [0,4)
2026-05-05 23:38:03 INFO mt5_bot - Balance=102029.96 Equity=102029.96 Spread=0.50 pips
2026-05-05 23:38:03 INFO mt5_bot - Session filter: UTC hour=4 outside [7,20) and [0,4)
2026-05-05 23:38:18 INFO mt5_bot - Balance=102029.96 Equity=102029.96 Spread=0.50 pips
2026-05-05 23:38:18 INFO mt5_bot - Session filter: UTC hour=4 outside [7,20) and [0,4)
2026-05-05 23:38:33 INFO mt5_bot - Balance=102029.96 Equity=102029.96 Spread=0.50 pips
2026-05-05 23:38:33 INFO mt5_bot - Session filter: UTC hour=4 outside [7,20) and [0,4)
2026-05-05 23:38:48 INFO mt5_bot - Balance=102029.96 Equity=102029.96 Spread=0.50 pips
2026-05-05 23:38:48 INFO mt5_bot - Session filter: UTC hour=4 outside [7,20) and [0,4)
2026-05-05 23:39:03 INFO mt5_bot - Balance=102029.96 Equity=102029.96 Spread=0.50 pips
2026-05-05 23:39:03 INFO mt5_bot - Session filter: UTC hour=4 outside [7,20) and [0,4)
2026-05-05 23:39:18 INFO mt5_bot - Balance=102029.96 Equity=102029.96 Spread=0.50 pips
2026-05-05 23:39:18 INFO mt5_bot - Session filter: UTC hour=4 outside [7,20) and [0,4)
2026-05-05 23:39:33 INFO mt5_bot - Balance=102029.96 Equity=102029.96 Spread=0.20 pips
2026-05-05 23:39:33 INFO mt5_bot - Session filter: UTC hour=4 outside [7,20) and [0,4)
2026-05-05 23:39:48 INFO mt5_bot - Balance=102029.96 Equity=102029.96 Spread=0.50 pips
2026-05-05 23:39:48 INFO mt5_bot - Session filter: UTC hour=4 outside [7,20) and [0,4)
2026-05-05 23:40:03 INFO mt5_bot - Balance=102029.96 Equity=102029.96 Spread=0.50 pips
2026-05-05 23:40:03 INFO mt5_bot - Session filter: UTC hour=4 outside [7,20) and [0,4)
2026-05-05 23:40:18 INFO mt5_bot - Balance=102029.96 Equity=102029.96 Spread=0.50 pips
2026-05-05 23:40:18 INFO mt5_bot - Session filter: UTC hour=4 outside [7,20) and [0,4)
2026-05-05 23:40:33 INFO mt5_bot - Balance=102029.96 Equity=102029.96 Spread=0.50 pips
2026-05-05 23:40:33 INFO mt5_bot - Session filter: UTC hour=4 outside [7,20) and [0,4)
2026-05-05 23:40:48 INFO mt5_bot - Balance=102029.96 Equity=102029.96 Spread=0.50 pips
2026-05-05 23:40:48 INFO mt5_bot - Session filter: UTC hour=4 outside [7,20) and [0,4)
2026-05-05 23:41:03 INFO mt5_bot - Balance=102029.96 Equity=102029.96 Spread=0.20 pips
2026-05-05 23:41:03 INFO mt5_bot - Session filter: UTC hour=4 outside [7,20) and [0,4)
2026-05-05 23:41:18 INFO mt5_bot - Balance=102029.96 Equity=102029.96 Spread=0.50 pips
2026-05-05 23:41:18 INFO mt5_bot - Session filter: UTC hour=4 outside [7,20) and [0,4)
2026-05-05 23:41:33 INFO mt5_bot - Balance=102029.96 Equity=102029.96 Spread=0.50 pips
2026-05-05 23:41:33 INFO mt5_bot - Session filter: UTC hour=4 outside [7,20) and [0,4)
2026-05-05 23:41:48 INFO mt5_bot - Balance=102029.96 Equity=102029.96 Spread=0.50 pips
2026-05-05 23:41:48 INFO mt5_bot - Session filter: UTC hour=4 outside [7,20) and [0,4)
2026-05-05 23:42:03 INFO mt5_bot - Balance=102029.96 Equity=102029.96 Spread=0.50 pips
2026-05-05 23:42:03 INFO mt5_bot - Session filter: UTC hour=4 outside [7,20) and [0,4)
2026-05-05 23:42:18 INFO mt5_bot - Balance=102029.96 Equity=102029.96 Spread=0.50 pips
2026-05-05 23:42:18 INFO mt5_bot - Session filter: UTC hour=4 outside [7,20) and [0,4)
2026-05-05 23:42:33 INFO mt5_bot - Balance=102029.96 Equity=102029.96 Spread=0.50 pips
2026-05-05 23:42:33 INFO mt5_bot - Session filter: UTC hour=4 outside [7,20) and [0,4)
2026-05-05 23:42:48 INFO mt5_bot - Balance=102029.96 Equity=102029.96 Spread=0.50 pips
2026-05-05 23:42:48 INFO mt5_bot - Session filter: UTC hour=4 outside [7,20) and [0,4)
2026-05-05 23:43:03 INFO mt5_bot - Balance=102029.96 Equity=102029.96 Spread=0.50 pips
2026-05-05 23:43:03 INFO mt5_bot - Session filter: UTC hour=4 outside [7,20) and [0,4)
2026-05-05 23:43:18 INFO mt5_bot - Balance=102029.96 Equity=102029.96 Spread=0.50 pips
2026-05-05 23:43:18 INFO mt5_bot - Session filter: UTC hour=4 outside [7,20) and [0,4)
2026-05-05 23:43:33 INFO mt5_bot - Balance=102029.96 Equity=102029.96 Spread=0.50 pips
2026-05-05 23:43:33 INFO mt5_bot - Session filter: UTC hour=4 outside [7,20) and [0,4)
2026-05-05 23:43:48 INFO mt5_bot - Balance=102029.96 Equity=102029.96 Spread=0.50 pips
2026-05-05 23:43:48 INFO mt5_bot - Session filter: UTC hour=4 outside [7,20) and [0,4)
2026-05-05 23:44:03 INFO mt5_bot - Balance=102029.96 Equity=102029.96 Spread=0.50 pips
2026-05-05 23:44:03 INFO mt5_bot - Session filter: UTC hour=4 outside [7,20) and [0,4)
2026-05-05 23:44:18 INFO mt5_bot - Balance=102029.96 Equity=102029.96 Spread=0.50 pips
2026-05-05 23:44:18 INFO mt5_bot - Session filter: UTC hour=4 outside [7,20) and [0,4)
2026-05-05 23:44:33 INFO mt5_bot - Balance=102029.96 Equity=102029.96 Spread=0.50 pips
2026-05-05 23:44:33 INFO mt5_bot - Session filter: UTC hour=4 outside [7,20) and [0,4)
2026-05-05 23:44:48 INFO mt5_bot - Balance=102029.96 Equity=102029.96 Spread=0.50 pips
2026-05-05 23:44:48 INFO mt5_bot - Session filter: UTC hour=4 outside [7,20) and [0,4)
2026-05-05 23:45:03 INFO mt5_bot - Balance=102029.96 Equity=102029.96 Spread=0.50 pips
2026-05-05 23:45:03 INFO mt5_bot - Session filter: UTC hour=4 outside [7,20) and [0,4)
2026-05-05 23:45:18 INFO mt5_bot - Balance=102029.96 Equity=102029.96 Spread=0.50 pips
2026-05-05 23:45:18 INFO mt5_bot - Session filter: UTC hour=4 outside [7,20) and [0,4)
2026-05-05 23:45:33 INFO mt5_bot - Balance=102029.96 Equity=102029.96 Spread=0.10 pips
2026-05-05 23:45:33 INFO mt5_bot - Session filter: UTC hour=4 outside [7,20) and [0,4)
2026-05-05 23:45:48 INFO mt5_bot - Balance=102029.96 Equity=102029.96 Spread=0.50 pips
2026-05-05 23:45:48 INFO mt5_bot - Session filter: UTC hour=4 outside [7,20) and [0,4)
2026-05-05 23:46:03 INFO mt5_bot - Balance=102029.96 Equity=102029.96 Spread=0.50 pips
2026-05-05 23:46:03 INFO mt5_bot - Session filter: UTC hour=4 outside [7,20) and [0,4)
2026-05-05 23:46:18 INFO mt5_bot - Balance=102029.96 Equity=102029.96 Spread=0.50 pips
2026-05-05 23:46:18 INFO mt5_bot - Session filter: UTC hour=4 outside [7,20) and [0,4)
2026-05-05 23:46:33 INFO mt5_bot - Balance=102029.96 Equity=102029.96 Spread=0.50 pips
2026-05-05 23:46:33 INFO mt5_bot - Session filter: UTC hour=4 outside [7,20) and [0,4)
2026-05-05 23:46:48 INFO mt5_bot - Balance=102029.96 Equity=102029.96 Spread=0.50 pips
2026-05-05 23:46:48 INFO mt5_bot - Session filter: UTC hour=4 outside [7,20) and [0,4)
2026-05-05 23:47:03 INFO mt5_bot - Balance=102029.96 Equity=102029.96 Spread=0.50 pips
2026-05-05 23:47:03 INFO mt5_bot - Session filter: UTC hour=4 outside [7,20) and [0,4)
2026-05-05 23:47:18 INFO mt5_bot - Balance=102029.96 Equity=102029.96 Spread=0.50 pips
2026-05-05 23:47:18 INFO mt5_bot - Session filter: UTC hour=4 outside [7,20) and [0,4)
2026-05-05 23:47:33 INFO mt5_bot - Balance=102029.96 Equity=102029.96 Spread=0.50 pips
2026-05-05 23:47:33 INFO mt5_bot - Session filter: UTC hour=4 outside [7,20) and [0,4)
2026-05-05 23:47:48 INFO mt5_bot - Balance=102029.96 Equity=102029.96 Spread=0.50 pips
2026-05-05 23:47:48 INFO mt5_bot - Session filter: UTC hour=4 outside [7,20) and [0,4)
2026-05-05 23:48:03 INFO mt5_bot - Balance=102029.96 Equity=102029.96 Spread=0.50 pips
2026-05-05 23:48:03 INFO mt5_bot - Session filter: UTC hour=4 outside [7,20) and [0,4)
2026-05-05 23:48:19 INFO mt5_bot - Balance=102029.96 Equity=102029.96 Spread=0.50 pips
2026-05-05 23:48:19 INFO mt5_bot - Session filter: UTC hour=4 outside [7,20) and [0,4)
2026-05-05 23:48:34 INFO mt5_bot - Balance=102029.96 Equity=102029.96 Spread=0.50 pips
2026-05-05 23:48:34 INFO mt5_bot - Session filter: UTC hour=4 outside [7,20) and [0,4)
2026-05-05 23:48:49 INFO mt5_bot - Balance=102029.96 Equity=102029.96 Spread=0.40 pips
2026-05-05 23:48:49 INFO mt5_bot - Session filter: UTC hour=4 outside [7,20) and [0,4)
2026-05-05 23:49:04 INFO mt5_bot - Balance=102029.96 Equity=102029.96 Spread=0.50 pips
2026-05-05 23:49:04 INFO mt5_bot - Session filter: UTC hour=4 outside [7,20) and [0,4)
2026-05-05 23:49:19 INFO mt5_bot - Balance=102029.96 Equity=102029.96 Spread=0.20 pips
2026-05-05 23:49:19 INFO mt5_bot - Session filter: UTC hour=4 outside [7,20) and [0,4)
2026-05-05 23:49:34 INFO mt5_bot - Balance=102029.96 Equity=102029.96 Spread=0.50 pips
2026-05-05 23:49:34 INFO mt5_bot - Session filter: UTC hour=4 outside [7,20) and [0,4)
2026-05-05 23:49:49 INFO mt5_bot - Balance=102029.96 Equity=102029.96 Spread=0.30 pips
2026-05-05 23:49:49 INFO mt5_bot - Session filter: UTC hour=4 outside [7,20) and [0,4)
2026-05-05 23:50:04 INFO mt5_bot - Balance=102029.96 Equity=102029.96 Spread=0.50 pips
2026-05-05 23:50:04 INFO mt5_bot - Session filter: UTC hour=4 outside [7,20) and [0,4)
2026-05-05 23:50:19 INFO mt5_bot - Balance=102029.96 Equity=102029.96 Spread=0.50 pips
2026-05-05 23:50:19 INFO mt5_bot - Session filter: UTC hour=4 outside [7,20) and [0,4)
2026-05-05 23:50:34 INFO mt5_bot - Balance=102029.96 Equity=102029.96 Spread=0.50 pips
2026-05-05 23:50:34 INFO mt5_bot - Session filter: UTC hour=4 outside [7,20) and [0,4)
2026-05-05 23:50:49 INFO mt5_bot - Balance=102029.96 Equity=102029.96 Spread=0.50 pips
2026-05-05 23:50:49 INFO mt5_bot - Session filter: UTC hour=4 outside [7,20) and [0,4)
2026-05-05 23:51:04 INFO mt5_bot - Balance=102029.96 Equity=102029.96 Spread=0.50 pips
2026-05-05 23:51:04 INFO mt5_bot - Session filter: UTC hour=4 outside [7,20) and [0,4)
2026-05-05 23:51:19 INFO mt5_bot - Balance=102029.96 Equity=102029.96 Spread=0.50 pips
2026-05-05 23:51:19 INFO mt5_bot - Session filter: UTC hour=4 outside [7,20) and [0,4)
2026-05-05 23:51:34 INFO mt5_bot - Balance=102029.96 Equity=102029.96 Spread=0.50 pips
2026-05-05 23:51:34 INFO mt5_bot - Session filter: UTC hour=4 outside [7,20) and [0,4)
2026-05-05 23:51:49 INFO mt5_bot - Balance=102029.96 Equity=102029.96 Spread=0.50 pips
2026-05-05 23:51:49 INFO mt5_bot - Session filter: UTC hour=4 outside [7,20) and [0,4)
2026-05-05 23:52:04 INFO mt5_bot - Balance=102029.96 Equity=102029.96 Spread=0.50 pips
2026-05-05 23:52:04 INFO mt5_bot - Session filter: UTC hour=4 outside [7,20) and [0,4)
2026-05-05 23:52:19 INFO mt5_bot - Balance=102029.96 Equity=102029.96 Spread=0.50 pips
2026-05-05 23:52:19 INFO mt5_bot - Session filter: UTC hour=4 outside [7,20) and [0,4)
2026-05-05 23:52:34 INFO mt5_bot - Balance=102029.96 Equity=102029.96 Spread=0.50 pips
2026-05-05 23:52:34 INFO mt5_bot - Session filter: UTC hour=4 outside [7,20) and [0,4)
2026-05-05 23:52:49 INFO mt5_bot - Balance=102029.96 Equity=102029.96 Spread=0.50 pips
2026-05-05 23:52:49 INFO mt5_bot - Session filter: UTC hour=4 outside [7,20) and [0,4)
2026-05-05 23:53:04 INFO mt5_bot - Balance=102029.96 Equity=102029.96 Spread=0.50 pips
2026-05-05 23:53:04 INFO mt5_bot - Session filter: UTC hour=4 outside [7,20) and [0,4)
2026-05-05 23:53:19 INFO mt5_bot - Balance=102029.96 Equity=102029.96 Spread=0.50 pips
2026-05-05 23:53:19 INFO mt5_bot - Session filter: UTC hour=4 outside [7,20) and [0,4)
2026-05-05 23:53:34 INFO mt5_bot - Balance=102029.96 Equity=102029.96 Spread=0.50 pips
2026-05-05 23:53:34 INFO mt5_bot - Session filter: UTC hour=4 outside [7,20) and [0,4)
2026-05-05 23:53:49 INFO mt5_bot - Balance=102029.96 Equity=102029.96 Spread=0.50 pips
2026-05-05 23:53:49 INFO mt5_bot - Session filter: UTC hour=4 outside [7,20) and [0,4)
2026-05-05 23:54:04 INFO mt5_bot - Balance=102029.96 Equity=102029.96 Spread=0.50 pips
2026-05-05 23:54:04 INFO mt5_bot - Session filter: UTC hour=4 outside [7,20) and [0,4)
2026-05-05 23:54:19 INFO mt5_bot - Balance=102029.96 Equity=102029.96 Spread=0.50 pips
2026-05-05 23:54:19 INFO mt5_bot - Session filter: UTC hour=4 outside [7,20) and [0,4)
2026-05-05 23:54:34 INFO mt5_bot - Balance=102029.96 Equity=102029.96 Spread=0.50 pips
2026-05-05 23:54:34 INFO mt5_bot - Session filter: UTC hour=4 outside [7,20) and [0,4)
2026-05-05 23:54:49 INFO mt5_bot - Balance=102029.96 Equity=102029.96 Spread=0.50 pips
2026-05-05 23:54:49 INFO mt5_bot - Session filter: UTC hour=4 outside [7,20) and [0,4)
2026-05-05 23:55:04 INFO mt5_bot - Balance=102029.96 Equity=102029.96 Spread=0.50 pips
2026-05-05 23:55:04 INFO mt5_bot - Session filter: UTC hour=4 outside [7,20) and [0,4)
2026-05-05 23:55:19 INFO mt5_bot - Balance=102029.96 Equity=102029.96 Spread=0.50 pips
2026-05-05 23:55:19 INFO mt5_bot - Session filter: UTC hour=4 outside [7,20) and [0,4)
2026-05-05 23:55:34 INFO mt5_bot - Balance=102029.96 Equity=102029.96 Spread=0.50 pips
2026-05-05 23:55:34 INFO mt5_bot - Session filter: UTC hour=4 outside [7,20) and [0,4)
2026-05-05 23:55:49 INFO mt5_bot - Balance=102029.96 Equity=102029.96 Spread=0.50 pips
2026-05-05 23:55:49 INFO mt5_bot - Session filter: UTC hour=4 outside [7,20) and [0,4)
2026-05-05 23:56:04 INFO mt5_bot - Balance=102029.96 Equity=102029.96 Spread=0.50 pips
2026-05-05 23:56:04 INFO mt5_bot - Session filter: UTC hour=4 outside [7,20) and [0,4)
2026-05-05 23:56:19 INFO mt5_bot - Balance=102029.96 Equity=102029.96 Spread=0.50 pips
2026-05-05 23:56:19 INFO mt5_bot - Session filter: UTC hour=4 outside [7,20) and [0,4)
2026-05-05 23:56:34 INFO mt5_bot - Balance=102029.96 Equity=102029.96 Spread=0.50 pips
2026-05-05 23:56:34 INFO mt5_bot - Session filter: UTC hour=4 outside [7,20) and [0,4)
2026-05-05 23:56:49 INFO mt5_bot - Balance=102029.96 Equity=102029.96 Spread=0.50 pips
2026-05-05 23:56:49 INFO mt5_bot - Session filter: UTC hour=4 outside [7,20) and [0,4)
2026-05-05 23:57:04 INFO mt5_bot - Balance=102029.96 Equity=102029.96 Spread=0.50 pips
2026-05-05 23:57:04 INFO mt5_bot - Session filter: UTC hour=4 outside [7,20) and [0,4)
2026-05-05 23:57:19 INFO mt5_bot - Balance=102029.96 Equity=102029.96 Spread=0.50 pips
2026-05-05 23:57:19 INFO mt5_bot - Session filter: UTC hour=4 outside [7,20) and [0,4)
2026-05-05 23:57:34 INFO mt5_bot - Balance=102029.96 Equity=102029.96 Spread=0.50 pips
2026-05-05 23:57:34 INFO mt5_bot - Session filter: UTC hour=4 outside [7,20) and [0,4)
2026-05-05 23:57:49 INFO mt5_bot - Balance=102029.96 Equity=102029.96 Spread=0.50 pips
2026-05-05 23:57:49 INFO mt5_bot - Session filter: UTC hour=4 outside [7,20) and [0,4)
2026-05-05 23:58:04 INFO mt5_bot - Balance=102029.96 Equity=102029.96 Spread=0.50 pips
2026-05-05 23:58:04 INFO mt5_bot - Session filter: UTC hour=4 outside [7,20) and [0,4)
2026-05-05 23:58:19 INFO mt5_bot - Balance=102029.96 Equity=102029.96 Spread=0.50 pips
2026-05-05 23:58:19 INFO mt5_bot - Session filter: UTC hour=4 outside [7,20) and [0,4)
2026-05-05 23:58:34 INFO mt5_bot - Balance=102029.96 Equity=102029.96 Spread=0.50 pips
2026-05-05 23:58:34 INFO mt5_bot - Session filter: UTC hour=4 outside [7,20) and [0,4)
2026-05-05 23:58:49 INFO mt5_bot - Balance=102029.96 Equity=102029.96 Spread=0.10 pips
2026-05-05 23:58:49 INFO mt5_bot - Session filter: UTC hour=4 outside [7,20) and [0,4)
2026-05-05 23:59:04 INFO mt5_bot - Balance=102029.96 Equity=102029.96 Spread=0.50 pips
2026-05-05 23:59:04 INFO mt5_bot - Session filter: UTC hour=4 outside [7,20) and [0,4)
2026-05-05 23:59:19 INFO mt5_bot - Balance=102029.96 Equity=102029.96 Spread=0.50 pips
2026-05-05 23:59:19 INFO mt5_bot - Session filter: UTC hour=4 outside [7,20) and [0,4)
2026-05-05 23:59:34 INFO mt5_bot - Balance=102029.96 Equity=102029.96 Spread=0.50 pips
2026-05-05 23:59:34 INFO mt5_bot - Session filter: UTC hour=4 outside [7,20) and [0,4)
2026-05-05 23:59:49 INFO mt5_bot - Balance=102029.96 Equity=102029.96 Spread=0.50 pips
2026-05-05 23:59:49 INFO mt5_bot - Session filter: UTC hour=4 outside [7,20) and [0,4)
2026-05-06 00:00:04 INFO mt5_bot - Balance=102029.96 Equity=102029.96 Spread=0.30 pips
2026-05-06 00:00:04 INFO mt5_bot - Session filter: UTC hour=5 outside [7,20) and [0,4)
2026-05-06 00:00:19 INFO mt5_bot - Balance=102029.96 Equity=102029.96 Spread=0.30 pips
2026-05-06 00:00:19 INFO mt5_bot - Session filter: UTC hour=5 outside [7,20) and [0,4)
2026-05-06 00:00:34 INFO mt5_bot - Balance=102029.96 Equity=102029.96 Spread=0.30 pips
2026-05-06 00:00:34 INFO mt5_bot - Session filter: UTC hour=5 outside [7,20) and [0,4)
2026-05-06 00:00:49 INFO mt5_bot - Balance=102029.96 Equity=102029.96 Spread=0.30 pips
2026-05-06 00:00:49 INFO mt5_bot - Session filter: UTC hour=5 outside [7,20) and [0,4)
2026-05-06 00:01:04 INFO mt5_bot - Balance=102029.96 Equity=102029.96 Spread=0.30 pips
2026-05-06 00:01:04 INFO mt5_bot - Session filter: UTC hour=5 outside [7,20) and [0,4)
2026-05-06 00:01:19 INFO mt5_bot - Balance=102029.96 Equity=102029.96 Spread=0.30 pips
2026-05-06 00:01:19 INFO mt5_bot - Session filter: UTC hour=5 outside [7,20) and [0,4)
2026-05-06 00:01:34 INFO mt5_bot - Balance=102029.96 Equity=102029.96 Spread=0.30 pips
2026-05-06 00:01:34 INFO mt5_bot - Session filter: UTC hour=5 outside [7,20) and [0,4)
2026-05-06 00:01:49 INFO mt5_bot - Balance=102029.96 Equity=102029.96 Spread=0.30 pips
2026-05-06 00:01:49 INFO mt5_bot - Session filter: UTC hour=5 outside [7,20) and [0,4)
2026-05-06 00:02:04 INFO mt5_bot - Balance=102029.96 Equity=102029.96 Spread=0.30 pips
2026-05-06 00:02:04 INFO mt5_bot - Session filter: UTC hour=5 outside [7,20) and [0,4)
2026-05-06 00:02:19 INFO mt5_bot - Balance=102029.96 Equity=102029.96 Spread=0.30 pips
2026-05-06 00:02:19 INFO mt5_bot - Session filter: UTC hour=5 outside [7,20) and [0,4)
2026-05-06 00:02:34 INFO mt5_bot - Balance=102029.96 Equity=102029.96 Spread=0.30 pips
2026-05-06 00:02:34 INFO mt5_bot - Session filter: UTC hour=5 outside [7,20) and [0,4)
2026-05-06 00:02:49 INFO mt5_bot - Balance=102029.96 Equity=102029.96 Spread=0.30 pips
2026-05-06 00:02:49 INFO mt5_bot - Session filter: UTC hour=5 outside [7,20) and [0,4)
2026-05-06 00:03:04 INFO mt5_bot - Balance=102029.96 Equity=102029.96 Spread=0.30 pips
2026-05-06 00:03:04 INFO mt5_bot - Session filter: UTC hour=5 outside [7,20) and [0,4)
2026-05-06 00:03:19 INFO mt5_bot - Balance=102029.96 Equity=102029.96 Spread=0.30 pips
2026-05-06 00:03:19 INFO mt5_bot - Session filter: UTC hour=5 outside [7,20) and [0,4)
2026-05-06 00:03:34 INFO mt5_bot - Balance=102029.96 Equity=102029.96 Spread=0.30 pips
2026-05-06 00:03:34 INFO mt5_bot - Session filter: UTC hour=5 outside [7,20) and [0,4)
2026-05-06 00:03:49 INFO mt5_bot - Balance=102029.96 Equity=102029.96 Spread=0.30 pips
2026-05-06 00:03:49 INFO mt5_bot - Session filter: UTC hour=5 outside [7,20) and [0,4)
2026-05-06 00:04:04 INFO mt5_bot - Balance=102029.96 Equity=102029.96 Spread=0.30 pips
2026-05-06 00:04:04 INFO mt5_bot - Session filter: UTC hour=5 outside [7,20) and [0,4)
2026-05-06 00:04:19 INFO mt5_bot - Balance=102029.96 Equity=102029.96 Spread=0.30 pips
2026-05-06 00:04:19 INFO mt5_bot - Session filter: UTC hour=5 outside [7,20) and [0,4)
2026-05-06 00:04:34 INFO mt5_bot - Balance=102029.96 Equity=102029.96 Spread=0.30 pips
2026-05-06 00:04:34 INFO mt5_bot - Session filter: UTC hour=5 outside [7,20) and [0,4)
2026-05-06 00:04:49 INFO mt5_bot - Balance=102029.96 Equity=102029.96 Spread=0.30 pips
2026-05-06 00:04:49 INFO mt5_bot - Session filter: UTC hour=5 outside [7,20) and [0,4)
2026-05-06 00:05:04 INFO mt5_bot - Balance=102029.96 Equity=102029.96 Spread=0.30 pips
2026-05-06 00:05:04 INFO mt5_bot - Session filter: UTC hour=5 outside [7,20) and [0,4)
2026-05-06 00:05:19 INFO mt5_bot - Balance=102029.96 Equity=102029.96 Spread=0.30 pips
2026-05-06 00:05:19 INFO mt5_bot - Session filter: UTC hour=5 outside [7,20) and [0,4)
2026-05-06 00:05:34 INFO mt5_bot - Balance=102029.96 Equity=102029.96 Spread=0.30 pips
2026-05-06 00:05:34 INFO mt5_bot - Session filter: UTC hour=5 outside [7,20) and [0,4)
2026-05-06 00:05:49 INFO mt5_bot - Balance=102029.96 Equity=102029.96 Spread=0.30 pips
2026-05-06 00:05:49 INFO mt5_bot - Session filter: UTC hour=5 outside [7,20) and [0,4)
2026-05-06 00:06:04 INFO mt5_bot - Balance=102029.96 Equity=102029.96 Spread=0.30 pips
2026-05-06 00:06:04 INFO mt5_bot - Session filter: UTC hour=5 outside [7,20) and [0,4)
2026-05-06 00:06:19 INFO mt5_bot - Balance=102029.96 Equity=102029.96 Spread=0.30 pips
2026-05-06 00:06:19 INFO mt5_bot - Session filter: UTC hour=5 outside [7,20) and [0,4)
2026-05-06 00:06:34 INFO mt5_bot - Balance=102029.96 Equity=102029.96 Spread=0.30 pips
2026-05-06 00:06:34 INFO mt5_bot - Session filter: UTC hour=5 outside [7,20) and [0,4)
2026-05-06 00:06:49 INFO mt5_bot - Balance=102029.96 Equity=102029.96 Spread=0.30 pips
2026-05-06 00:06:49 INFO mt5_bot - Session filter: UTC hour=5 outside [7,20) and [0,4)
2026-05-06 00:07:04 INFO mt5_bot - Balance=102029.96 Equity=102029.96 Spread=0.30 pips
2026-05-06 00:07:04 INFO mt5_bot - Session filter: UTC hour=5 outside [7,20) and [0,4)
2026-05-06 00:07:19 INFO mt5_bot - Balance=102029.96 Equity=102029.96 Spread=0.30 pips
2026-05-06 00:07:19 INFO mt5_bot - Session filter: UTC hour=5 outside [7,20) and [0,4)
2026-05-06 00:07:34 INFO mt5_bot - Balance=102029.96 Equity=102029.96 Spread=0.30 pips
2026-05-06 00:07:34 INFO mt5_bot - Session filter: UTC hour=5 outside [7,20) and [0,4)
2026-05-06 00:07:49 INFO mt5_bot - Balance=102029.96 Equity=102029.96 Spread=0.30 pips
2026-05-06 00:07:49 INFO mt5_bot - Session filter: UTC hour=5 outside [7,20) and [0,4)
2026-05-06 00:08:04 INFO mt5_bot - Balance=102029.96 Equity=102029.96 Spread=0.30 pips
2026-05-06 00:08:04 INFO mt5_bot - Session filter: UTC hour=5 outside [7,20) and [0,4)
2026-05-06 00:08:19 INFO mt5_bot - Balance=102029.96 Equity=102029.96 Spread=0.30 pips
2026-05-06 00:08:19 INFO mt5_bot - Session filter: UTC hour=5 outside [7,20) and [0,4)
2026-05-06 00:08:34 INFO mt5_bot - Balance=102029.96 Equity=102029.96 Spread=0.30 pips
2026-05-06 00:08:34 INFO mt5_bot - Session filter: UTC hour=5 outside [7,20) and [0,4)
2026-05-06 00:08:49 INFO mt5_bot - Balance=102029.96 Equity=102029.96 Spread=0.30 pips
2026-05-06 00:08:49 INFO mt5_bot - Session filter: UTC hour=5 outside [7,20) and [0,4)
2026-05-06 00:09:04 INFO mt5_bot - Balance=102029.96 Equity=102029.96 Spread=0.30 pips
2026-05-06 00:09:04 INFO mt5_bot - Session filter: UTC hour=5 outside [7,20) and [0,4)
2026-05-06 00:09:19 INFO mt5_bot - Balance=102029.96 Equity=102029.96 Spread=0.30 pips
2026-05-06 00:09:19 INFO mt5_bot - Session filter: UTC hour=5 outside [7,20) and [0,4)
2026-05-06 00:09:34 INFO mt5_bot - Balance=102029.96 Equity=102029.96 Spread=0.30 pips
2026-05-06 00:09:34 INFO mt5_bot - Session filter: UTC hour=5 outside [7,20) and [0,4)
2026-05-06 00:09:49 INFO mt5_bot - Balance=102029.96 Equity=102029.96 Spread=0.30 pips
2026-05-06 00:09:49 INFO mt5_bot - Session filter: UTC hour=5 outside [7,20) and [0,4)
2026-05-06 00:10:04 INFO mt5_bot - Balance=102029.96 Equity=102029.96 Spread=0.30 pips
2026-05-06 00:10:04 INFO mt5_bot - Session filter: UTC hour=5 outside [7,20) and [0,4)
2026-05-06 00:10:19 INFO mt5_bot - Balance=102029.96 Equity=102029.96 Spread=0.30 pips
2026-05-06 00:10:19 INFO mt5_bot - Session filter: UTC hour=5 outside [7,20) and [0,4)
2026-05-06 00:10:34 INFO mt5_bot - Balance=102029.96 Equity=102029.96 Spread=0.30 pips
2026-05-06 00:10:34 INFO mt5_bot - Session filter: UTC hour=5 outside [7,20) and [0,4)
2026-05-06 00:10:49 INFO mt5_bot - Balance=102029.96 Equity=102029.96 Spread=0.30 pips
2026-05-06 00:10:49 INFO mt5_bot - Session filter: UTC hour=5 outside [7,20) and [0,4)
2026-05-06 00:11:04 INFO mt5_bot - Balance=102029.96 Equity=102029.96 Spread=0.30 pips
2026-05-06 00:11:04 INFO mt5_bot - Session filter: UTC hour=5 outside [7,20) and [0,4)
2026-05-06 00:11:19 INFO mt5_bot - Balance=102029.96 Equity=102029.96 Spread=0.30 pips
2026-05-06 00:11:19 INFO mt5_bot - Session filter: UTC hour=5 outside [7,20) and [0,4)
2026-05-06 00:11:34 INFO mt5_bot - Balance=102029.96 Equity=102029.96 Spread=0.30 pips
2026-05-06 00:11:34 INFO mt5_bot - Session filter: UTC hour=5 outside [7,20) and [0,4)
2026-05-06 00:11:49 INFO mt5_bot - Balance=102029.96 Equity=102029.96 Spread=0.30 pips
2026-05-06 00:11:49 INFO mt5_bot - Session filter: UTC hour=5 outside [7,20) and [0,4)
2026-05-06 00:12:04 INFO mt5_bot - Balance=102029.96 Equity=102029.96 Spread=0.30 pips
2026-05-06 00:12:04 INFO mt5_bot - Session filter: UTC hour=5 outside [7,20) and [0,4)
2026-05-06 00:12:19 INFO mt5_bot - Balance=102029.96 Equity=102029.96 Spread=0.30 pips
2026-05-06 00:12:19 INFO mt5_bot - Session filter: UTC hour=5 outside [7,20) and [0,4)
2026-05-06 00:12:34 INFO mt5_bot - Balance=102029.96 Equity=102029.96 Spread=0.30 pips
2026-05-06 00:12:34 INFO mt5_bot - Session filter: UTC hour=5 outside [7,20) and [0,4)
2026-05-06 00:12:49 INFO mt5_bot - Balance=102029.96 Equity=102029.96 Spread=0.30 pips
2026-05-06 00:12:49 INFO mt5_bot - Session filter: UTC hour=5 outside [7,20) and [0,4)
2026-05-06 00:13:04 INFO mt5_bot - Balance=102029.96 Equity=102029.96 Spread=0.30 pips
2026-05-06 00:13:04 INFO mt5_bot - Session filter: UTC hour=5 outside [7,20) and [0,4)
2026-05-06 00:13:19 INFO mt5_bot - Balance=102029.96 Equity=102029.96 Spread=0.30 pips
2026-05-06 00:13:19 INFO mt5_bot - Session filter: UTC hour=5 outside [7,20) and [0,4)
2026-05-06 00:13:34 INFO mt5_bot - Balance=102029.96 Equity=102029.96 Spread=0.30 pips
2026-05-06 00:13:34 INFO mt5_bot - Session filter: UTC hour=5 outside [7,20) and [0,4)
2026-05-06 00:13:49 INFO mt5_bot - Balance=102029.96 Equity=102029.96 Spread=0.30 pips
2026-05-06 00:13:49 INFO mt5_bot - Session filter: UTC hour=5 outside [7,20) and [0,4)
2026-05-06 00:14:04 INFO mt5_bot - Balance=102029.96 Equity=102029.96 Spread=0.30 pips
2026-05-06 00:14:04 INFO mt5_bot - Session filter: UTC hour=5 outside [7,20) and [0,4)
2026-05-06 00:14:19 INFO mt5_bot - Balance=102029.96 Equity=102029.96 Spread=0.30 pips
2026-05-06 00:14:19 INFO mt5_bot - Session filter: UTC hour=5 outside [7,20) and [0,4)
2026-05-06 00:14:34 INFO mt5_bot - Balance=102029.96 Equity=102029.96 Spread=0.30 pips
2026-05-06 00:14:34 INFO mt5_bot - Session filter: UTC hour=5 outside [7,20) and [0,4)
2026-05-06 00:14:49 INFO mt5_bot - Balance=102029.96 Equity=102029.96 Spread=0.30 pips
2026-05-06 00:14:49 INFO mt5_bot - Session filter: UTC hour=5 outside [7,20) and [0,4)
2026-05-06 00:15:04 INFO mt5_bot - Balance=102029.96 Equity=102029.96 Spread=0.30 pips
2026-05-06 00:15:04 INFO mt5_bot - Session filter: UTC hour=5 outside [7,20) and [0,4)
2026-05-06 00:15:19 INFO mt5_bot - Balance=102029.96 Equity=102029.96 Spread=0.30 pips
2026-05-06 00:15:19 INFO mt5_bot - Session filter: UTC hour=5 outside [7,20) and [0,4)
2026-05-06 00:15:34 INFO mt5_bot - Balance=102029.96 Equity=102029.96 Spread=0.30 pips
2026-05-06 00:15:34 INFO mt5_bot - Session filter: UTC hour=5 outside [7,20) and [0,4)
2026-05-06 00:15:49 INFO mt5_bot - Balance=102029.96 Equity=102029.96 Spread=0.30 pips
2026-05-06 00:15:49 INFO mt5_bot - Session filter: UTC hour=5 outside [7,20) and [0,4)
2026-05-06 00:16:04 INFO mt5_bot - Balance=102029.96 Equity=102029.96 Spread=0.30 pips
2026-05-06 00:16:04 INFO mt5_bot - Session filter: UTC hour=5 outside [7,20) and [0,4)
2026-05-06 00:16:19 INFO mt5_bot - Balance=102029.96 Equity=102029.96 Spread=0.30 pips
2026-05-06 00:16:19 INFO mt5_bot - Session filter: UTC hour=5 outside [7,20) and [0,4)
2026-05-06 00:16:34 INFO mt5_bot - Balance=102029.96 Equity=102029.96 Spread=0.30 pips
2026-05-06 00:16:34 INFO mt5_bot - Session filter: UTC hour=5 outside [7,20) and [0,4)
2026-05-06 00:16:49 INFO mt5_bot - Balance=102029.96 Equity=102029.96 Spread=0.30 pips
2026-05-06 00:16:49 INFO mt5_bot - Session filter: UTC hour=5 outside [7,20) and [0,4)
2026-05-06 00:17:04 INFO mt5_bot - Balance=102029.96 Equity=102029.96 Spread=0.30 pips
2026-05-06 00:17:04 INFO mt5_bot - Session filter: UTC hour=5 outside [7,20) and [0,4)
2026-05-06 00:17:19 INFO mt5_bot - Balance=102029.96 Equity=102029.96 Spread=0.30 pips
2026-05-06 00:17:19 INFO mt5_bot - Session filter: UTC hour=5 outside [7,20) and [0,4)
2026-05-06 00:17:34 INFO mt5_bot - Balance=102029.96 Equity=102029.96 Spread=0.30 pips
2026-05-06 00:17:34 INFO mt5_bot - Session filter: UTC hour=5 outside [7,20) and [0,4)
2026-05-06 00:17:49 INFO mt5_bot - Balance=102029.96 Equity=102029.96 Spread=0.30 pips
2026-05-06 00:17:49 INFO mt5_bot - Session filter: UTC hour=5 outside [7,20) and [0,4)
2026-05-06 00:18:04 INFO mt5_bot - Balance=102029.96 Equity=102029.96 Spread=0.30 pips
2026-05-06 00:18:04 INFO mt5_bot - Session filter: UTC hour=5 outside [7,20) and [0,4)
2026-05-06 00:18:19 INFO mt5_bot - Balance=102029.96 Equity=102029.96 Spread=0.30 pips
2026-05-06 00:18:19 INFO mt5_bot - Session filter: UTC hour=5 outside [7,20) and [0,4)
2026-05-06 00:18:34 INFO mt5_bot - Balance=102029.96 Equity=102029.96 Spread=0.30 pips
2026-05-06 00:18:34 INFO mt5_bot - Session filter: UTC hour=5 outside [7,20) and [0,4)
2026-05-06 00:18:49 INFO mt5_bot - Balance=102029.96 Equity=102029.96 Spread=0.30 pips
2026-05-06 00:18:49 INFO mt5_bot - Session filter: UTC hour=5 outside [7,20) and [0,4)
2026-05-06 00:19:04 INFO mt5_bot - Balance=102029.96 Equity=102029.96 Spread=0.30 pips
2026-05-06 00:19:04 INFO mt5_bot - Session filter: UTC hour=5 outside [7,20) and [0,4)
2026-05-06 00:19:19 INFO mt5_bot - Balance=102029.96 Equity=102029.96 Spread=0.30 pips
2026-05-06 00:19:19 INFO mt5_bot - Session filter: UTC hour=5 outside [7,20) and [0,4)
2026-05-06 00:19:34 INFO mt5_bot - Balance=102029.96 Equity=102029.96 Spread=0.30 pips
2026-05-06 00:19:34 INFO mt5_bot - Session filter: UTC hour=5 outside [7,20) and [0,4)
2026-05-06 00:19:49 INFO mt5_bot - Balance=102029.96 Equity=102029.96 Spread=0.30 pips
2026-05-06 00:19:49 INFO mt5_bot - Session filter: UTC hour=5 outside [7,20) and [0,4)
2026-05-06 00:20:04 INFO mt5_bot - Balance=102029.96 Equity=102029.96 Spread=0.30 pips
2026-05-06 00:20:04 INFO mt5_bot - Session filter: UTC hour=5 outside [7,20) and [0,4)
2026-05-06 00:20:19 INFO mt5_bot - Balance=102029.96 Equity=102029.96 Spread=0.30 pips
2026-05-06 00:20:19 INFO mt5_bot - Session filter: UTC hour=5 outside [7,20) and [0,4)
2026-05-06 00:20:34 INFO mt5_bot - Balance=102029.96 Equity=102029.96 Spread=0.30 pips
2026-05-06 00:20:34 INFO mt5_bot - Session filter: UTC hour=5 outside [7,20) and [0,4)
2026-05-06 00:20:49 INFO mt5_bot - Balance=102029.96 Equity=102029.96 Spread=0.30 pips
2026-05-06 00:20:49 INFO mt5_bot - Session filter: UTC hour=5 outside [7,20) and [0,4)
2026-05-06 00:21:04 INFO mt5_bot - Balance=102029.96 Equity=102029.96 Spread=0.30 pips
2026-05-06 00:21:04 INFO mt5_bot - Session filter: UTC hour=5 outside [7,20) and [0,4)
2026-05-06 00:21:19 INFO mt5_bot - Balance=102029.96 Equity=102029.96 Spread=0.30 pips
2026-05-06 00:21:19 INFO mt5_bot - Session filter: UTC hour=5 outside [7,20) and [0,4)
2026-05-06 00:21:34 INFO mt5_bot - Balance=102029.96 Equity=102029.96 Spread=0.30 pips
2026-05-06 00:21:34 INFO mt5_bot - Session filter: UTC hour=5 outside [7,20) and [0,4)
2026-05-06 00:21:49 INFO mt5_bot - Balance=102029.96 Equity=102029.96 Spread=0.30 pips
2026-05-06 00:21:49 INFO mt5_bot - Session filter: UTC hour=5 outside [7,20) and [0,4)
2026-05-06 00:22:04 INFO mt5_bot - Balance=102029.96 Equity=102029.96 Spread=0.30 pips
2026-05-06 00:22:04 INFO mt5_bot - Session filter: UTC hour=5 outside [7,20) and [0,4)
2026-05-06 00:22:19 INFO mt5_bot - Balance=102029.96 Equity=102029.96 Spread=0.30 pips
2026-05-06 00:22:19 INFO mt5_bot - Session filter: UTC hour=5 outside [7,20) and [0,4)
2026-05-06 00:22:34 INFO mt5_bot - Balance=102029.96 Equity=102029.96 Spread=0.30 pips
2026-05-06 00:22:34 INFO mt5_bot - Session filter: UTC hour=5 outside [7,20) and [0,4)
2026-05-06 00:22:49 INFO mt5_bot - Balance=102029.96 Equity=102029.96 Spread=0.30 pips
2026-05-06 00:22:49 INFO mt5_bot - Session filter: UTC hour=5 outside [7,20) and [0,4)
2026-05-06 00:23:04 INFO mt5_bot - Balance=102029.96 Equity=102029.96 Spread=0.30 pips
2026-05-06 00:23:04 INFO mt5_bot - Session filter: UTC hour=5 outside [7,20) and [0,4)
2026-05-06 00:23:19 INFO mt5_bot - Balance=102029.96 Equity=102029.96 Spread=0.30 pips
2026-05-06 00:23:19 INFO mt5_bot - Session filter: UTC hour=5 outside [7,20) and [0,4)
2026-05-06 00:23:34 INFO mt5_bot - Balance=102029.96 Equity=102029.96 Spread=0.30 pips
2026-05-06 00:23:34 INFO mt5_bot - Session filter: UTC hour=5 outside [7,20) and [0,4)
2026-05-06 00:23:49 INFO mt5_bot - Balance=102029.96 Equity=102029.96 Spread=0.30 pips
2026-05-06 00:23:49 INFO mt5_bot - Session filter: UTC hour=5 outside [7,20) and [0,4)
2026-05-06 00:24:04 INFO mt5_bot - Balance=102029.96 Equity=102029.96 Spread=0.30 pips
2026-05-06 00:24:04 INFO mt5_bot - Session filter: UTC hour=5 outside [7,20) and [0,4)
2026-05-06 00:24:19 INFO mt5_bot - Balance=102029.96 Equity=102029.96 Spread=0.30 pips
2026-05-06 00:24:19 INFO mt5_bot - Session filter: UTC hour=5 outside [7,20) and [0,4)
2026-05-06 00:24:34 INFO mt5_bot - Balance=102029.96 Equity=102029.96 Spread=0.30 pips
2026-05-06 00:24:34 INFO mt5_bot - Session filter: UTC hour=5 outside [7,20) and [0,4)
2026-05-06 00:24:49 INFO mt5_bot - Balance=102029.96 Equity=102029.96 Spread=0.30 pips
2026-05-06 00:24:49 INFO mt5_bot - Session filter: UTC hour=5 outside [7,20) and [0,4)
2026-05-06 00:25:04 INFO mt5_bot - Balance=102029.96 Equity=102029.96 Spread=0.30 pips
2026-05-06 00:25:04 INFO mt5_bot - Session filter: UTC hour=5 outside [7,20) and [0,4)
2026-05-06 00:25:19 INFO mt5_bot - Balance=102029.96 Equity=102029.96 Spread=0.30 pips
2026-05-06 00:25:19 INFO mt5_bot - Session filter: UTC hour=5 outside [7,20) and [0,4)
2026-05-06 00:25:34 INFO mt5_bot - Balance=102029.96 Equity=102029.96 Spread=0.30 pips
2026-05-06 00:25:34 INFO mt5_bot - Session filter: UTC hour=5 outside [7,20) and [0,4)
2026-05-06 00:25:49 INFO mt5_bot - Balance=102029.96 Equity=102029.96 Spread=0.30 pips
2026-05-06 00:25:49 INFO mt5_bot - Session filter: UTC hour=5 outside [7,20) and [0,4)
2026-05-06 00:26:04 INFO mt5_bot - Balance=102029.96 Equity=102029.96 Spread=0.30 pips
2026-05-06 00:26:04 INFO mt5_bot - Session filter: UTC hour=5 outside [7,20) and [0,4)
2026-05-06 00:26:19 INFO mt5_bot - Balance=102029.96 Equity=102029.96 Spread=0.30 pips
2026-05-06 00:26:19 INFO mt5_bot - Session filter: UTC hour=5 outside [7,20) and [0,4)
2026-05-06 00:26:34 INFO mt5_bot - Balance=102029.96 Equity=102029.96 Spread=0.30 pips
2026-05-06 00:26:34 INFO mt5_bot - Session filter: UTC hour=5 outside [7,20) and [0,4)
2026-05-06 00:26:49 INFO mt5_bot - Balance=102029.96 Equity=102029.96 Spread=0.30 pips
2026-05-06 00:26:49 INFO mt5_bot - Session filter: UTC hour=5 outside [7,20) and [0,4)
2026-05-06 00:27:04 INFO mt5_bot - Balance=102029.96 Equity=102029.96 Spread=0.30 pips
2026-05-06 00:27:04 INFO mt5_bot - Session filter: UTC hour=5 outside [7,20) and [0,4)
2026-05-06 00:27:19 INFO mt5_bot - Balance=102029.96 Equity=102029.96 Spread=0.30 pips
2026-05-06 00:27:19 INFO mt5_bot - Session filter: UTC hour=5 outside [7,20) and [0,4)
2026-05-06 00:27:34 INFO mt5_bot - Balance=102029.96 Equity=102029.96 Spread=0.30 pips
2026-05-06 00:27:34 INFO mt5_bot - Session filter: UTC hour=5 outside [7,20) and [0,4)
2026-05-06 00:27:49 INFO mt5_bot - Balance=102029.96 Equity=102029.96 Spread=0.30 pips
2026-05-06 00:27:49 INFO mt5_bot - Session filter: UTC hour=5 outside [7,20) and [0,4)
2026-05-06 00:28:04 INFO mt5_bot - Balance=102029.96 Equity=102029.96 Spread=0.30 pips
2026-05-06 00:28:04 INFO mt5_bot - Session filter: UTC hour=5 outside [7,20) and [0,4)
2026-05-06 00:28:19 INFO mt5_bot - Balance=102029.96 Equity=102029.96 Spread=0.30 pips
2026-05-06 00:28:19 INFO mt5_bot - Session filter: UTC hour=5 outside [7,20) and [0,4)
2026-05-06 00:28:34 INFO mt5_bot - Balance=102029.96 Equity=102029.96 Spread=0.30 pips
2026-05-06 00:28:34 INFO mt5_bot - Session filter: UTC hour=5 outside [7,20) and [0,4)
2026-05-06 00:28:49 INFO mt5_bot - Balance=102029.96 Equity=102029.96 Spread=0.30 pips
2026-05-06 00:28:49 INFO mt5_bot - Session filter: UTC hour=5 outside [7,20) and [0,4)
2026-05-06 00:29:04 INFO mt5_bot - Balance=102029.96 Equity=102029.96 Spread=0.30 pips
2026-05-06 00:29:04 INFO mt5_bot - Session filter: UTC hour=5 outside [7,20) and [0,4)
2026-05-06 00:29:19 INFO mt5_bot - Balance=102029.96 Equity=102029.96 Spread=0.30 pips
2026-05-06 00:29:19 INFO mt5_bot - Session filter: UTC hour=5 outside [7,20) and [0,4)
2026-05-06 00:29:34 INFO mt5_bot - Balance=102029.96 Equity=102029.96 Spread=0.30 pips
2026-05-06 00:29:34 INFO mt5_bot - Session filter: UTC hour=5 outside [7,20) and [0,4)
2026-05-06 00:29:49 INFO mt5_bot - Balance=102029.96 Equity=102029.96 Spread=0.30 pips
2026-05-06 00:29:49 INFO mt5_bot - Session filter: UTC hour=5 outside [7,20) and [0,4)
2026-05-06 00:30:04 INFO mt5_bot - Balance=102029.96 Equity=102029.96 Spread=0.30 pips
2026-05-06 00:30:04 INFO mt5_bot - Session filter: UTC hour=5 outside [7,20) and [0,4)
2026-05-06 00:30:19 INFO mt5_bot - Balance=102029.96 Equity=102029.96 Spread=0.30 pips
2026-05-06 00:30:19 INFO mt5_bot - Session filter: UTC hour=5 outside [7,20) and [0,4)
2026-05-06 00:30:34 INFO mt5_bot - Balance=102029.96 Equity=102029.96 Spread=0.30 pips
2026-05-06 00:30:34 INFO mt5_bot - Session filter: UTC hour=5 outside [7,20) and [0,4)
2026-05-06 00:30:49 INFO mt5_bot - Balance=102029.96 Equity=102029.96 Spread=0.30 pips
2026-05-06 00:30:49 INFO mt5_bot - Session filter: UTC hour=5 outside [7,20) and [0,4)
2026-05-06 00:31:04 INFO mt5_bot - Balance=102029.96 Equity=102029.96 Spread=0.30 pips
2026-05-06 00:31:04 INFO mt5_bot - Session filter: UTC hour=5 outside [7,20) and [0,4)
2026-05-06 00:31:19 INFO mt5_bot - Balance=102029.96 Equity=102029.96 Spread=0.30 pips
2026-05-06 00:31:19 INFO mt5_bot - Session filter: UTC hour=5 outside [7,20) and [0,4)
2026-05-06 00:31:34 INFO mt5_bot - Balance=102029.96 Equity=102029.96 Spread=0.30 pips
2026-05-06 00:31:34 INFO mt5_bot - Session filter: UTC hour=5 outside [7,20) and [0,4)
2026-05-06 00:31:49 INFO mt5_bot - Balance=102029.96 Equity=102029.96 Spread=0.30 pips
2026-05-06 00:31:49 INFO mt5_bot - Session filter: UTC hour=5 outside [7,20) and [0,4)
2026-05-06 00:32:04 INFO mt5_bot - Balance=102029.96 Equity=102029.96 Spread=0.30 pips
2026-05-06 00:32:04 INFO mt5_bot - Session filter: UTC hour=5 outside [7,20) and [0,4)
2026-05-06 00:32:20 INFO mt5_bot - Balance=102029.96 Equity=102029.96 Spread=0.30 pips
2026-05-06 00:32:20 INFO mt5_bot - Session filter: UTC hour=5 outside [7,20) and [0,4)
2026-05-06 00:32:35 INFO mt5_bot - Balance=102029.96 Equity=102029.96 Spread=0.30 pips
2026-05-06 00:32:35 INFO mt5_bot - Session filter: UTC hour=5 outside [7,20) and [0,4)
2026-05-06 00:32:50 INFO mt5_bot - Balance=102029.96 Equity=102029.96 Spread=0.30 pips
2026-05-06 00:32:50 INFO mt5_bot - Session filter: UTC hour=5 outside [7,20) and [0,4)
2026-05-06 00:33:05 INFO mt5_bot - Balance=102029.96 Equity=102029.96 Spread=0.30 pips
2026-05-06 00:33:05 INFO mt5_bot - Session filter: UTC hour=5 outside [7,20) and [0,4)
2026-05-06 00:33:20 INFO mt5_bot - Balance=102029.96 Equity=102029.96 Spread=0.30 pips
2026-05-06 00:33:20 INFO mt5_bot - Session filter: UTC hour=5 outside [7,20) and [0,4)
2026-05-06 00:33:35 INFO mt5_bot - Balance=102029.96 Equity=102029.96 Spread=0.30 pips
2026-05-06 00:33:35 INFO mt5_bot - Session filter: UTC hour=5 outside [7,20) and [0,4)
2026-05-06 00:33:50 INFO mt5_bot - Balance=102029.96 Equity=102029.96 Spread=0.30 pips
2026-05-06 00:33:50 INFO mt5_bot - Session filter: UTC hour=5 outside [7,20) and [0,4)
2026-05-06 00:34:05 INFO mt5_bot - Balance=102029.96 Equity=102029.96 Spread=0.30 pips
2026-05-06 00:34:05 INFO mt5_bot - Session filter: UTC hour=5 outside [7,20) and [0,4)
2026-05-06 00:34:20 INFO mt5_bot - Balance=102029.96 Equity=102029.96 Spread=0.30 pips
2026-05-06 00:34:20 INFO mt5_bot - Session filter: UTC hour=5 outside [7,20) and [0,4)
2026-05-06 00:34:35 INFO mt5_bot - Balance=102029.96 Equity=102029.96 Spread=0.30 pips
2026-05-06 00:34:35 INFO mt5_bot - Session filter: UTC hour=5 outside [7,20) and [0,4)
2026-05-06 00:34:50 INFO mt5_bot - Balance=102029.96 Equity=102029.96 Spread=0.30 pips
2026-05-06 00:34:50 INFO mt5_bot - Session filter: UTC hour=5 outside [7,20) and [0,4)
2026-05-06 00:35:05 INFO mt5_bot - Balance=102029.96 Equity=102029.96 Spread=0.30 pips
2026-05-06 00:35:05 INFO mt5_bot - Session filter: UTC hour=5 outside [7,20) and [0,4)
2026-05-06 00:35:20 INFO mt5_bot - Balance=102029.96 Equity=102029.96 Spread=0.30 pips
2026-05-06 00:35:20 INFO mt5_bot - Session filter: UTC hour=5 outside [7,20) and [0,4)
2026-05-06 00:35:35 INFO mt5_bot - Balance=102029.96 Equity=102029.96 Spread=0.30 pips
2026-05-06 00:35:35 INFO mt5_bot - Session filter: UTC hour=5 outside [7,20) and [0,4)
2026-05-06 00:35:50 INFO mt5_bot - Balance=102029.96 Equity=102029.96 Spread=0.30 pips
2026-05-06 00:35:50 INFO mt5_bot - Session filter: UTC hour=5 outside [7,20) and [0,4)
2026-05-06 00:36:05 INFO mt5_bot - Balance=102029.96 Equity=102029.96 Spread=0.30 pips
2026-05-06 00:36:05 INFO mt5_bot - Session filter: UTC hour=5 outside [7,20) and [0,4)
2026-05-06 00:36:20 INFO mt5_bot - Balance=102029.96 Equity=102029.96 Spread=0.30 pips
2026-05-06 00:36:20 INFO mt5_bot - Session filter: UTC hour=5 outside [7,20) and [0,4)
2026-05-06 00:36:35 INFO mt5_bot - Balance=102029.96 Equity=102029.96 Spread=0.30 pips
2026-05-06 00:36:35 INFO mt5_bot - Session filter: UTC hour=5 outside [7,20) and [0,4)
2026-05-06 00:36:50 INFO mt5_bot - Balance=102029.96 Equity=102029.96 Spread=0.30 pips
2026-05-06 00:36:50 INFO mt5_bot - Session filter: UTC hour=5 outside [7,20) and [0,4)
2026-05-06 00:37:05 INFO mt5_bot - Balance=102029.96 Equity=102029.96 Spread=0.30 pips
2026-05-06 00:37:05 INFO mt5_bot - Session filter: UTC hour=5 outside [7,20) and [0,4)
2026-05-06 00:37:20 INFO mt5_bot - Balance=102029.96 Equity=102029.96 Spread=0.30 pips
2026-05-06 00:37:20 INFO mt5_bot - Session filter: UTC hour=5 outside [7,20) and [0,4)
2026-05-06 00:37:35 INFO mt5_bot - Balance=102029.96 Equity=102029.96 Spread=0.30 pips
2026-05-06 00:37:35 INFO mt5_bot - Session filter: UTC hour=5 outside [7,20) and [0,4)
2026-05-06 00:37:50 INFO mt5_bot - Balance=102029.96 Equity=102029.96 Spread=0.30 pips
2026-05-06 00:37:50 INFO mt5_bot - Session filter: UTC hour=5 outside [7,20) and [0,4)
2026-05-06 00:38:05 INFO mt5_bot - Balance=102029.96 Equity=102029.96 Spread=0.30 pips
2026-05-06 00:38:05 INFO mt5_bot - Session filter: UTC hour=5 outside [7,20) and [0,4)
2026-05-06 00:38:20 INFO mt5_bot - Balance=102029.96 Equity=102029.96 Spread=0.30 pips
2026-05-06 00:38:20 INFO mt5_bot - Session filter: UTC hour=5 outside [7,20) and [0,4)
2026-05-06 00:38:35 INFO mt5_bot - Balance=102029.96 Equity=102029.96 Spread=0.30 pips
2026-05-06 00:38:35 INFO mt5_bot - Session filter: UTC hour=5 outside [7,20) and [0,4)
2026-05-06 00:38:50 INFO mt5_bot - Balance=102029.96 Equity=102029.96 Spread=0.30 pips
2026-05-06 00:38:50 INFO mt5_bot - Session filter: UTC hour=5 outside [7,20) and [0,4)
2026-05-06 00:39:05 INFO mt5_bot - Balance=102029.96 Equity=102029.96 Spread=0.30 pips
2026-05-06 00:39:05 INFO mt5_bot - Session filter: UTC hour=5 outside [7,20) and [0,4)
2026-05-06 00:39:20 INFO mt5_bot - Balance=102029.96 Equity=102029.96 Spread=0.30 pips
2026-05-06 00:39:20 INFO mt5_bot - Session filter: UTC hour=5 outside [7,20) and [0,4)
2026-05-06 00:39:35 INFO mt5_bot - Balance=102029.96 Equity=102029.96 Spread=0.30 pips
2026-05-06 00:39:35 INFO mt5_bot - Session filter: UTC hour=5 outside [7,20) and [0,4)
2026-05-06 00:39:50 INFO mt5_bot - Balance=102029.96 Equity=102029.96 Spread=0.30 pips
2026-05-06 00:39:50 INFO mt5_bot - Session filter: UTC hour=5 outside [7,20) and [0,4)
2026-05-06 00:40:05 INFO mt5_bot - Balance=102029.96 Equity=102029.96 Spread=0.30 pips
2026-05-06 00:40:05 INFO mt5_bot - Session filter: UTC hour=5 outside [7,20) and [0,4)
2026-05-06 00:40:20 INFO mt5_bot - Balance=102029.96 Equity=102029.96 Spread=0.30 pips
2026-05-06 00:40:20 INFO mt5_bot - Session filter: UTC hour=5 outside [7,20) and [0,4)
2026-05-06 00:40:35 INFO mt5_bot - Balance=102029.96 Equity=102029.96 Spread=0.30 pips
2026-05-06 00:40:35 INFO mt5_bot - Session filter: UTC hour=5 outside [7,20) and [0,4)
2026-05-06 00:40:50 INFO mt5_bot - Balance=102029.96 Equity=102029.96 Spread=0.30 pips
2026-05-06 00:40:50 INFO mt5_bot - Session filter: UTC hour=5 outside [7,20) and [0,4)
2026-05-06 00:41:05 INFO mt5_bot - Balance=102029.96 Equity=102029.96 Spread=0.30 pips
2026-05-06 00:41:05 INFO mt5_bot - Session filter: UTC hour=5 outside [7,20) and [0,4)
2026-05-06 00:41:20 INFO mt5_bot - Balance=102029.96 Equity=102029.96 Spread=0.30 pips
2026-05-06 00:41:20 INFO mt5_bot - Session filter: UTC hour=5 outside [7,20) and [0,4)
2026-05-06 00:41:35 INFO mt5_bot - Balance=102029.96 Equity=102029.96 Spread=0.30 pips
2026-05-06 00:41:35 INFO mt5_bot - Session filter: UTC hour=5 outside [7,20) and [0,4)
2026-05-06 00:41:50 INFO mt5_bot - Balance=102029.96 Equity=102029.96 Spread=0.30 pips
2026-05-06 00:41:50 INFO mt5_bot - Session filter: UTC hour=5 outside [7,20) and [0,4)
2026-05-06 00:42:05 INFO mt5_bot - Balance=102029.96 Equity=102029.96 Spread=0.30 pips
2026-05-06 00:42:05 INFO mt5_bot - Session filter: UTC hour=5 outside [7,20) and [0,4)
2026-05-06 00:42:20 INFO mt5_bot - Balance=102029.96 Equity=102029.96 Spread=0.30 pips
2026-05-06 00:42:20 INFO mt5_bot - Session filter: UTC hour=5 outside [7,20) and [0,4)
2026-05-06 00:42:35 INFO mt5_bot - Balance=102029.96 Equity=102029.96 Spread=0.30 pips
2026-05-06 00:42:35 INFO mt5_bot - Session filter: UTC hour=5 outside [7,20) and [0,4)
2026-05-06 00:42:50 INFO mt5_bot - Balance=102029.96 Equity=102029.96 Spread=0.30 pips
2026-05-06 00:42:50 INFO mt5_bot - Session filter: UTC hour=5 outside [7,20) and [0,4)
2026-05-06 00:43:05 INFO mt5_bot - Balance=102029.96 Equity=102029.96 Spread=0.30 pips
2026-05-06 00:43:05 INFO mt5_bot - Session filter: UTC hour=5 outside [7,20) and [0,4)
2026-05-06 00:43:20 INFO mt5_bot - Balance=102029.96 Equity=102029.96 Spread=0.30 pips
2026-05-06 00:43:20 INFO mt5_bot - Session filter: UTC hour=5 outside [7,20) and [0,4)
2026-05-06 00:43:35 INFO mt5_bot - Balance=102029.96 Equity=102029.96 Spread=0.30 pips
2026-05-06 00:43:35 INFO mt5_bot - Session filter: UTC hour=5 outside [7,20) and [0,4)
2026-05-06 00:43:50 INFO mt5_bot - Balance=102029.96 Equity=102029.96 Spread=0.30 pips
2026-05-06 00:43:50 INFO mt5_bot - Session filter: UTC hour=5 outside [7,20) and [0,4)
2026-05-06 00:44:05 INFO mt5_bot - Balance=102029.96 Equity=102029.96 Spread=0.30 pips
2026-05-06 00:44:05 INFO mt5_bot - Session filter: UTC hour=5 outside [7,20) and [0,4)
2026-05-06 00:44:20 INFO mt5_bot - Balance=102029.96 Equity=102029.96 Spread=0.30 pips
2026-05-06 00:44:20 INFO mt5_bot - Session filter: UTC hour=5 outside [7,20) and [0,4)
2026-05-06 00:44:35 INFO mt5_bot - Balance=102029.96 Equity=102029.96 Spread=0.30 pips
2026-05-06 00:44:35 INFO mt5_bot - Session filter: UTC hour=5 outside [7,20) and [0,4)
2026-05-06 00:44:50 INFO mt5_bot - Balance=102029.96 Equity=102029.96 Spread=0.30 pips
2026-05-06 00:44:50 INFO mt5_bot - Session filter: UTC hour=5 outside [7,20) and [0,4)
2026-05-06 00:45:05 INFO mt5_bot - Balance=102029.96 Equity=102029.96 Spread=0.30 pips
2026-05-06 00:45:05 INFO mt5_bot - Session filter: UTC hour=5 outside [7,20) and [0,4)
2026-05-06 00:45:20 INFO mt5_bot - Balance=102029.96 Equity=102029.96 Spread=0.30 pips
2026-05-06 00:45:20 INFO mt5_bot - Session filter: UTC hour=5 outside [7,20) and [0,4)
2026-05-06 00:45:35 INFO mt5_bot - Balance=102029.96 Equity=102029.96 Spread=0.30 pips
2026-05-06 00:45:35 INFO mt5_bot - Session filter: UTC hour=5 outside [7,20) and [0,4)
2026-05-06 00:45:50 INFO mt5_bot - Balance=102029.96 Equity=102029.96 Spread=0.30 pips
2026-05-06 00:45:50 INFO mt5_bot - Session filter: UTC hour=5 outside [7,20) and [0,4)
2026-05-06 00:46:05 INFO mt5_bot - Balance=102029.96 Equity=102029.96 Spread=0.30 pips
2026-05-06 00:46:05 INFO mt5_bot - Session filter: UTC hour=5 outside [7,20) and [0,4)
2026-05-06 00:46:20 INFO mt5_bot - Balance=102029.96 Equity=102029.96 Spread=0.30 pips
2026-05-06 00:46:20 INFO mt5_bot - Session filter: UTC hour=5 outside [7,20) and [0,4)
2026-05-06 00:46:35 INFO mt5_bot - Balance=102029.96 Equity=102029.96 Spread=0.30 pips
2026-05-06 00:46:35 INFO mt5_bot - Session filter: UTC hour=5 outside [7,20) and [0,4)
2026-05-06 00:46:50 INFO mt5_bot - Balance=102029.96 Equity=102029.96 Spread=0.30 pips
2026-05-06 00:46:50 INFO mt5_bot - Session filter: UTC hour=5 outside [7,20) and [0,4)
2026-05-06 00:47:05 INFO mt5_bot - Balance=102029.96 Equity=102029.96 Spread=0.30 pips
2026-05-06 00:47:05 INFO mt5_bot - Session filter: UTC hour=5 outside [7,20) and [0,4)
2026-05-06 00:47:20 INFO mt5_bot - Balance=102029.96 Equity=102029.96 Spread=0.30 pips
2026-05-06 00:47:20 INFO mt5_bot - Session filter: UTC hour=5 outside [7,20) and [0,4)
2026-05-06 00:47:35 INFO mt5_bot - Balance=102029.96 Equity=102029.96 Spread=0.30 pips
2026-05-06 00:47:35 INFO mt5_bot - Session filter: UTC hour=5 outside [7,20) and [0,4)
2026-05-06 00:47:50 INFO mt5_bot - Balance=102029.96 Equity=102029.96 Spread=0.30 pips
2026-05-06 00:47:50 INFO mt5_bot - Session filter: UTC hour=5 outside [7,20) and [0,4)
2026-05-06 00:48:05 INFO mt5_bot - Balance=102029.96 Equity=102029.96 Spread=0.30 pips
2026-05-06 00:48:05 INFO mt5_bot - Session filter: UTC hour=5 outside [7,20) and [0,4)
2026-05-06 00:48:20 INFO mt5_bot - Balance=102029.96 Equity=102029.96 Spread=0.30 pips
2026-05-06 00:48:20 INFO mt5_bot - Session filter: UTC hour=5 outside [7,20) and [0,4)
2026-05-06 00:48:35 INFO mt5_bot - Balance=102029.96 Equity=102029.96 Spread=0.30 pips
2026-05-06 00:48:35 INFO mt5_bot - Session filter: UTC hour=5 outside [7,20) and [0,4)
2026-05-06 00:48:50 INFO mt5_bot - Balance=102029.96 Equity=102029.96 Spread=0.30 pips
2026-05-06 00:48:50 INFO mt5_bot - Session filter: UTC hour=5 outside [7,20) and [0,4)
2026-05-06 00:49:05 INFO mt5_bot - Balance=102029.96 Equity=102029.96 Spread=0.30 pips
2026-05-06 00:49:05 INFO mt5_bot - Session filter: UTC hour=5 outside [7,20) and [0,4)
2026-05-06 00:49:20 INFO mt5_bot - Balance=102029.96 Equity=102029.96 Spread=0.30 pips
2026-05-06 00:49:20 INFO mt5_bot - Session filter: UTC hour=5 outside [7,20) and [0,4)
2026-05-06 00:49:35 INFO mt5_bot - Balance=102029.96 Equity=102029.96 Spread=0.30 pips
2026-05-06 00:49:35 INFO mt5_bot - Session filter: UTC hour=5 outside [7,20) and [0,4)
2026-05-06 00:49:50 INFO mt5_bot - Balance=102029.96 Equity=102029.96 Spread=0.30 pips
2026-05-06 00:49:50 INFO mt5_bot - Session filter: UTC hour=5 outside [7,20) and [0,4)
2026-05-06 00:50:05 INFO mt5_bot - Balance=102029.96 Equity=102029.96 Spread=0.30 pips
2026-05-06 00:50:05 INFO mt5_bot - Session filter: UTC hour=5 outside [7,20) and [0,4)
2026-05-06 00:50:20 INFO mt5_bot - Balance=102029.96 Equity=102029.96 Spread=0.30 pips
2026-05-06 00:50:20 INFO mt5_bot - Session filter: UTC hour=5 outside [7,20) and [0,4)
2026-05-06 00:50:35 INFO mt5_bot - Balance=102029.96 Equity=102029.96 Spread=0.30 pips
2026-05-06 00:50:35 INFO mt5_bot - Session filter: UTC hour=5 outside [7,20) and [0,4)
2026-05-06 00:50:50 INFO mt5_bot - Balance=102029.96 Equity=102029.96 Spread=0.30 pips
2026-05-06 00:50:50 INFO mt5_bot - Session filter: UTC hour=5 outside [7,20) and [0,4)
2026-05-06 00:51:05 INFO mt5_bot - Balance=102029.96 Equity=102029.96 Spread=0.30 pips
2026-05-06 00:51:05 INFO mt5_bot - Session filter: UTC hour=5 outside [7,20) and [0,4)
2026-05-06 00:51:20 INFO mt5_bot - Balance=102029.96 Equity=102029.96 Spread=0.30 pips
2026-05-06 00:51:20 INFO mt5_bot - Session filter: UTC hour=5 outside [7,20) and [0,4)
2026-05-06 00:51:35 INFO mt5_bot - Balance=102029.96 Equity=102029.96 Spread=0.30 pips
2026-05-06 00:51:35 INFO mt5_bot - Session filter: UTC hour=5 outside [7,20) and [0,4)
2026-05-06 00:51:50 INFO mt5_bot - Balance=102029.96 Equity=102029.96 Spread=0.30 pips
2026-05-06 00:51:50 INFO mt5_bot - Session filter: UTC hour=5 outside [7,20) and [0,4)
2026-05-06 00:52:05 INFO mt5_bot - Balance=102029.96 Equity=102029.96 Spread=0.30 pips
2026-05-06 00:52:05 INFO mt5_bot - Session filter: UTC hour=5 outside [7,20) and [0,4)
2026-05-06 00:52:20 INFO mt5_bot - Balance=102029.96 Equity=102029.96 Spread=0.30 pips
2026-05-06 00:52:20 INFO mt5_bot - Session filter: UTC hour=5 outside [7,20) and [0,4)
2026-05-06 00:52:35 INFO mt5_bot - Balance=102029.96 Equity=102029.96 Spread=0.30 pips
2026-05-06 00:52:35 INFO mt5_bot - Session filter: UTC hour=5 outside [7,20) and [0,4)
2026-05-06 00:52:50 INFO mt5_bot - Balance=102029.96 Equity=102029.96 Spread=0.30 pips
2026-05-06 00:52:50 INFO mt5_bot - Session filter: UTC hour=5 outside [7,20) and [0,4)
2026-05-06 00:53:05 INFO mt5_bot - Balance=102029.96 Equity=102029.96 Spread=0.30 pips
2026-05-06 00:53:05 INFO mt5_bot - Session filter: UTC hour=5 outside [7,20) and [0,4)
2026-05-06 00:53:20 INFO mt5_bot - Balance=102029.96 Equity=102029.96 Spread=0.30 pips
2026-05-06 00:53:20 INFO mt5_bot - Session filter: UTC hour=5 outside [7,20) and [0,4)
2026-05-06 00:53:35 INFO mt5_bot - Balance=102029.96 Equity=102029.96 Spread=0.30 pips
2026-05-06 00:53:35 INFO mt5_bot - Session filter: UTC hour=5 outside [7,20) and [0,4)
2026-05-06 00:53:50 INFO mt5_bot - Balance=102029.96 Equity=102029.96 Spread=0.30 pips
2026-05-06 00:53:50 INFO mt5_bot - Session filter: UTC hour=5 outside [7,20) and [0,4)
2026-05-06 00:54:05 INFO mt5_bot - Balance=102029.96 Equity=102029.96 Spread=0.30 pips
2026-05-06 00:54:05 INFO mt5_bot - Session filter: UTC hour=5 outside [7,20) and [0,4)
2026-05-06 00:54:20 INFO mt5_bot - Balance=102029.96 Equity=102029.96 Spread=0.30 pips
2026-05-06 00:54:20 INFO mt5_bot - Session filter: UTC hour=5 outside [7,20) and [0,4)
2026-05-06 00:54:35 INFO mt5_bot - Balance=102029.96 Equity=102029.96 Spread=0.30 pips
2026-05-06 00:54:35 INFO mt5_bot - Session filter: UTC hour=5 outside [7,20) and [0,4)
2026-05-06 00:54:50 INFO mt5_bot - Balance=102029.96 Equity=102029.96 Spread=0.30 pips
2026-05-06 00:54:50 INFO mt5_bot - Session filter: UTC hour=5 outside [7,20) and [0,4)
2026-05-06 00:55:05 INFO mt5_bot - Balance=102029.96 Equity=102029.96 Spread=0.30 pips
2026-05-06 00:55:05 INFO mt5_bot - Session filter: UTC hour=5 outside [7,20) and [0,4)
2026-05-06 00:55:20 INFO mt5_bot - Balance=102029.96 Equity=102029.96 Spread=0.30 pips
2026-05-06 00:55:20 INFO mt5_bot - Session filter: UTC hour=5 outside [7,20) and [0,4)
2026-05-06 00:55:35 INFO mt5_bot - Balance=102029.96 Equity=102029.96 Spread=0.30 pips
2026-05-06 00:55:35 INFO mt5_bot - Session filter: UTC hour=5 outside [7,20) and [0,4)
2026-05-06 00:55:50 INFO mt5_bot - Balance=102029.96 Equity=102029.96 Spread=0.30 pips
2026-05-06 00:55:50 INFO mt5_bot - Session filter: UTC hour=5 outside [7,20) and [0,4)
2026-05-06 00:56:05 INFO mt5_bot - Balance=102029.96 Equity=102029.96 Spread=0.30 pips
2026-05-06 00:56:05 INFO mt5_bot - Session filter: UTC hour=5 outside [7,20) and [0,4)
2026-05-06 00:56:20 INFO mt5_bot - Balance=102029.96 Equity=102029.96 Spread=0.30 pips
2026-05-06 00:56:20 INFO mt5_bot - Session filter: UTC hour=5 outside [7,20) and [0,4)
2026-05-06 00:56:35 INFO mt5_bot - Balance=102029.96 Equity=102029.96 Spread=0.30 pips
2026-05-06 00:56:35 INFO mt5_bot - Session filter: UTC hour=5 outside [7,20) and [0,4)
2026-05-06 00:56:50 INFO mt5_bot - Balance=102029.96 Equity=102029.96 Spread=0.30 pips
2026-05-06 00:56:50 INFO mt5_bot - Session filter: UTC hour=5 outside [7,20) and [0,4)
2026-05-06 00:57:05 INFO mt5_bot - Balance=102029.96 Equity=102029.96 Spread=0.30 pips
2026-05-06 00:57:05 INFO mt5_bot - Session filter: UTC hour=5 outside [7,20) and [0,4)
2026-05-06 00:57:20 INFO mt5_bot - Balance=102029.96 Equity=102029.96 Spread=0.30 pips
2026-05-06 00:57:20 INFO mt5_bot - Session filter: UTC hour=5 outside [7,20) and [0,4)
2026-05-06 00:57:35 INFO mt5_bot - Balance=102029.96 Equity=102029.96 Spread=0.30 pips
2026-05-06 00:57:35 INFO mt5_bot - Session filter: UTC hour=5 outside [7,20) and [0,4)
2026-05-06 00:57:50 INFO mt5_bot - Balance=102029.96 Equity=102029.96 Spread=0.30 pips
2026-05-06 00:57:50 INFO mt5_bot - Session filter: UTC hour=5 outside [7,20) and [0,4)
2026-05-06 00:58:05 INFO mt5_bot - Balance=102029.96 Equity=102029.96 Spread=0.30 pips
2026-05-06 00:58:05 INFO mt5_bot - Session filter: UTC hour=5 outside [7,20) and [0,4)
2026-05-06 00:58:20 INFO mt5_bot - Balance=102029.96 Equity=102029.96 Spread=0.30 pips
2026-05-06 00:58:20 INFO mt5_bot - Session filter: UTC hour=5 outside [7,20) and [0,4)
2026-05-06 00:58:35 INFO mt5_bot - Balance=102029.96 Equity=102029.96 Spread=0.30 pips
2026-05-06 00:58:35 INFO mt5_bot - Session filter: UTC hour=5 outside [7,20) and [0,4)
2026-05-06 00:58:50 INFO mt5_bot - Balance=102029.96 Equity=102029.96 Spread=0.30 pips
2026-05-06 00:58:50 INFO mt5_bot - Session filter: UTC hour=5 outside [7,20) and [0,4)
2026-05-06 00:59:05 INFO mt5_bot - Balance=102029.96 Equity=102029.96 Spread=0.30 pips
2026-05-06 00:59:05 INFO mt5_bot - Session filter: UTC hour=5 outside [7,20) and [0,4)
2026-05-06 00:59:20 INFO mt5_bot - Balance=102029.96 Equity=102029.96 Spread=0.30 pips
2026-05-06 00:59:20 INFO mt5_bot - Session filter: UTC hour=5 outside [7,20) and [0,4)
2026-05-06 00:59:35 INFO mt5_bot - Balance=102029.96 Equity=102029.96 Spread=0.30 pips
2026-05-06 00:59:35 INFO mt5_bot - Session filter: UTC hour=5 outside [7,20) and [0,4)
2026-05-06 00:59:50 INFO mt5_bot - Balance=102029.96 Equity=102029.96 Spread=0.30 pips
2026-05-06 00:59:50 INFO mt5_bot - Session filter: UTC hour=5 outside [7,20) and [0,4)
2026-05-06 01:00:05 INFO mt5_bot - Balance=102029.96 Equity=102029.96 Spread=0.30 pips
2026-05-06 01:00:05 INFO mt5_bot - Session filter: UTC hour=6 outside [7,20) and [0,4)
2026-05-06 01:00:20 INFO mt5_bot - Balance=102029.96 Equity=102029.96 Spread=0.30 pips
2026-05-06 01:00:20 INFO mt5_bot - Session filter: UTC hour=6 outside [7,20) and [0,4)
2026-05-06 01:00:35 INFO mt5_bot - Balance=102029.96 Equity=102029.96 Spread=0.30 pips
2026-05-06 01:00:35 INFO mt5_bot - Session filter: UTC hour=6 outside [7,20) and [0,4)
2026-05-06 01:00:50 INFO mt5_bot - Balance=102029.96 Equity=102029.96 Spread=0.30 pips
2026-05-06 01:00:50 INFO mt5_bot - Session filter: UTC hour=6 outside [7,20) and [0,4)
2026-05-06 01:01:05 INFO mt5_bot - Balance=102029.96 Equity=102029.96 Spread=0.30 pips
2026-05-06 01:01:05 INFO mt5_bot - Session filter: UTC hour=6 outside [7,20) and [0,4)
2026-05-06 01:01:20 INFO mt5_bot - Balance=102029.96 Equity=102029.96 Spread=0.30 pips
2026-05-06 01:01:20 INFO mt5_bot - Session filter: UTC hour=6 outside [7,20) and [0,4)
2026-05-06 01:01:35 INFO mt5_bot - Balance=102029.96 Equity=102029.96 Spread=0.30 pips
2026-05-06 01:01:35 INFO mt5_bot - Session filter: UTC hour=6 outside [7,20) and [0,4)
2026-05-06 01:01:50 INFO mt5_bot - Balance=102029.96 Equity=102029.96 Spread=0.30 pips
2026-05-06 01:01:50 INFO mt5_bot - Session filter: UTC hour=6 outside [7,20) and [0,4)
2026-05-06 01:02:05 INFO mt5_bot - Balance=102029.96 Equity=102029.96 Spread=0.30 pips
2026-05-06 01:02:05 INFO mt5_bot - Session filter: UTC hour=6 outside [7,20) and [0,4)
2026-05-06 01:02:20 INFO mt5_bot - Balance=102029.96 Equity=102029.96 Spread=0.30 pips
2026-05-06 01:02:20 INFO mt5_bot - Session filter: UTC hour=6 outside [7,20) and [0,4)
2026-05-06 01:02:35 INFO mt5_bot - Balance=102029.96 Equity=102029.96 Spread=0.30 pips
2026-05-06 01:02:35 INFO mt5_bot - Session filter: UTC hour=6 outside [7,20) and [0,4)
2026-05-06 01:02:50 INFO mt5_bot - Balance=102029.96 Equity=102029.96 Spread=0.30 pips
2026-05-06 01:02:50 INFO mt5_bot - Session filter: UTC hour=6 outside [7,20) and [0,4)
2026-05-06 01:03:05 INFO mt5_bot - Balance=102029.96 Equity=102029.96 Spread=0.30 pips
2026-05-06 01:03:05 INFO mt5_bot - Session filter: UTC hour=6 outside [7,20) and [0,4)
2026-05-06 01:03:20 INFO mt5_bot - Balance=102029.96 Equity=102029.96 Spread=0.30 pips
2026-05-06 01:03:20 INFO mt5_bot - Session filter: UTC hour=6 outside [7,20) and [0,4)
2026-05-06 01:03:35 INFO mt5_bot - Balance=102029.96 Equity=102029.96 Spread=0.30 pips
2026-05-06 01:03:35 INFO mt5_bot - Session filter: UTC hour=6 outside [7,20) and [0,4)
2026-05-06 01:03:50 INFO mt5_bot - Balance=102029.96 Equity=102029.96 Spread=0.30 pips
2026-05-06 01:03:50 INFO mt5_bot - Session filter: UTC hour=6 outside [7,20) and [0,4)
2026-05-06 01:04:05 INFO mt5_bot - Balance=102029.96 Equity=102029.96 Spread=0.30 pips
2026-05-06 01:04:05 INFO mt5_bot - Session filter: UTC hour=6 outside [7,20) and [0,4)
2026-05-06 01:04:20 INFO mt5_bot - Balance=102029.96 Equity=102029.96 Spread=0.30 pips
2026-05-06 01:04:20 INFO mt5_bot - Session filter: UTC hour=6 outside [7,20) and [0,4)
2026-05-06 01:04:35 INFO mt5_bot - Balance=102029.96 Equity=102029.96 Spread=0.30 pips
2026-05-06 01:04:35 INFO mt5_bot - Session filter: UTC hour=6 outside [7,20) and [0,4)
2026-05-06 01:04:50 INFO mt5_bot - Balance=102029.96 Equity=102029.96 Spread=0.30 pips
2026-05-06 01:04:50 INFO mt5_bot - Session filter: UTC hour=6 outside [7,20) and [0,4)
2026-05-06 01:05:05 INFO mt5_bot - Balance=102029.96 Equity=102029.96 Spread=0.30 pips
2026-05-06 01:05:05 INFO mt5_bot - Session filter: UTC hour=6 outside [7,20) and [0,4)
2026-05-06 01:05:20 INFO mt5_bot - Balance=102029.96 Equity=102029.96 Spread=0.30 pips
2026-05-06 01:05:20 INFO mt5_bot - Session filter: UTC hour=6 outside [7,20) and [0,4)
2026-05-06 01:05:35 INFO mt5_bot - Balance=102029.96 Equity=102029.96 Spread=0.30 pips
2026-05-06 01:05:35 INFO mt5_bot - Session filter: UTC hour=6 outside [7,20) and [0,4)
2026-05-06 01:05:50 INFO mt5_bot - Balance=102029.96 Equity=102029.96 Spread=0.30 pips
2026-05-06 01:05:50 INFO mt5_bot - Session filter: UTC hour=6 outside [7,20) and [0,4)
2026-05-06 01:06:05 INFO mt5_bot - Balance=102029.96 Equity=102029.96 Spread=0.30 pips
2026-05-06 01:06:05 INFO mt5_bot - Session filter: UTC hour=6 outside [7,20) and [0,4)
2026-05-06 01:06:20 INFO mt5_bot - Balance=102029.96 Equity=102029.96 Spread=0.30 pips
2026-05-06 01:06:20 INFO mt5_bot - Session filter: UTC hour=6 outside [7,20) and [0,4)
2026-05-06 01:06:35 INFO mt5_bot - Balance=102029.96 Equity=102029.96 Spread=0.30 pips
2026-05-06 01:06:35 INFO mt5_bot - Session filter: UTC hour=6 outside [7,20) and [0,4)
2026-05-06 01:06:50 INFO mt5_bot - Balance=102029.96 Equity=102029.96 Spread=0.30 pips
2026-05-06 01:06:50 INFO mt5_bot - Session filter: UTC hour=6 outside [7,20) and [0,4)
2026-05-06 01:07:05 INFO mt5_bot - Balance=102029.96 Equity=102029.96 Spread=0.30 pips
2026-05-06 01:07:05 INFO mt5_bot - Session filter: UTC hour=6 outside [7,20) and [0,4)
2026-05-06 01:07:20 INFO mt5_bot - Balance=102029.96 Equity=102029.96 Spread=0.30 pips
2026-05-06 01:07:20 INFO mt5_bot - Session filter: UTC hour=6 outside [7,20) and [0,4)
2026-05-06 01:07:35 INFO mt5_bot - Balance=102029.96 Equity=102029.96 Spread=0.30 pips
2026-05-06 01:07:35 INFO mt5_bot - Session filter: UTC hour=6 outside [7,20) and [0,4)
2026-05-06 01:07:50 INFO mt5_bot - Balance=102029.96 Equity=102029.96 Spread=0.30 pips
2026-05-06 01:07:50 INFO mt5_bot - Session filter: UTC hour=6 outside [7,20) and [0,4)
2026-05-06 01:08:05 INFO mt5_bot - Balance=102029.96 Equity=102029.96 Spread=0.30 pips
2026-05-06 01:08:05 INFO mt5_bot - Session filter: UTC hour=6 outside [7,20) and [0,4)
2026-05-06 01:08:20 INFO mt5_bot - Balance=102029.96 Equity=102029.96 Spread=0.30 pips
2026-05-06 01:08:20 INFO mt5_bot - Session filter: UTC hour=6 outside [7,20) and [0,4)
2026-05-06 01:08:35 INFO mt5_bot - Balance=102029.96 Equity=102029.96 Spread=0.30 pips
2026-05-06 01:08:35 INFO mt5_bot - Session filter: UTC hour=6 outside [7,20) and [0,4)
2026-05-06 01:08:50 INFO mt5_bot - Balance=102029.96 Equity=102029.96 Spread=0.30 pips
2026-05-06 01:08:50 INFO mt5_bot - Session filter: UTC hour=6 outside [7,20) and [0,4)
2026-05-06 01:09:05 INFO mt5_bot - Balance=102029.96 Equity=102029.96 Spread=0.30 pips
2026-05-06 01:09:05 INFO mt5_bot - Session filter: UTC hour=6 outside [7,20) and [0,4)
2026-05-06 01:09:20 INFO mt5_bot - Balance=102029.96 Equity=102029.96 Spread=0.30 pips
2026-05-06 01:09:20 INFO mt5_bot - Session filter: UTC hour=6 outside [7,20) and [0,4)
2026-05-06 01:09:35 INFO mt5_bot - Balance=102029.96 Equity=102029.96 Spread=0.30 pips
2026-05-06 01:09:35 INFO mt5_bot - Session filter: UTC hour=6 outside [7,20) and [0,4)
2026-05-06 01:09:50 INFO mt5_bot - Balance=102029.96 Equity=102029.96 Spread=0.30 pips
2026-05-06 01:09:50 INFO mt5_bot - Session filter: UTC hour=6 outside [7,20) and [0,4)
2026-05-06 01:10:05 INFO mt5_bot - Balance=102029.96 Equity=102029.96 Spread=0.30 pips
2026-05-06 01:10:05 INFO mt5_bot - Session filter: UTC hour=6 outside [7,20) and [0,4)
2026-05-06 01:10:20 INFO mt5_bot - Balance=102029.96 Equity=102029.96 Spread=0.30 pips
2026-05-06 01:10:20 INFO mt5_bot - Session filter: UTC hour=6 outside [7,20) and [0,4)
2026-05-06 01:10:35 INFO mt5_bot - Balance=102029.96 Equity=102029.96 Spread=0.30 pips
2026-05-06 01:10:35 INFO mt5_bot - Session filter: UTC hour=6 outside [7,20) and [0,4)
2026-05-06 01:10:50 INFO mt5_bot - Balance=102029.96 Equity=102029.96 Spread=0.30 pips
2026-05-06 01:10:50 INFO mt5_bot - Session filter: UTC hour=6 outside [7,20) and [0,4)
2026-05-06 01:11:05 INFO mt5_bot - Balance=102029.96 Equity=102029.96 Spread=0.30 pips
2026-05-06 01:11:05 INFO mt5_bot - Session filter: UTC hour=6 outside [7,20) and [0,4)
2026-05-06 01:11:20 INFO mt5_bot - Balance=102029.96 Equity=102029.96 Spread=0.30 pips
2026-05-06 01:11:20 INFO mt5_bot - Session filter: UTC hour=6 outside [7,20) and [0,4)
2026-05-06 01:11:35 INFO mt5_bot - Balance=102029.96 Equity=102029.96 Spread=0.30 pips
2026-05-06 01:11:35 INFO mt5_bot - Session filter: UTC hour=6 outside [7,20) and [0,4)
2026-05-06 01:11:50 INFO mt5_bot - Balance=102029.96 Equity=102029.96 Spread=0.30 pips
2026-05-06 01:11:50 INFO mt5_bot - Session filter: UTC hour=6 outside [7,20) and [0,4)
2026-05-06 01:12:05 INFO mt5_bot - Balance=102029.96 Equity=102029.96 Spread=0.30 pips
2026-05-06 01:12:05 INFO mt5_bot - Session filter: UTC hour=6 outside [7,20) and [0,4)
2026-05-06 01:12:20 INFO mt5_bot - Balance=102029.96 Equity=102029.96 Spread=0.30 pips
2026-05-06 01:12:20 INFO mt5_bot - Session filter: UTC hour=6 outside [7,20) and [0,4)
2026-05-06 01:12:35 INFO mt5_bot - Balance=102029.96 Equity=102029.96 Spread=0.30 pips
2026-05-06 01:12:35 INFO mt5_bot - Session filter: UTC hour=6 outside [7,20) and [0,4)
2026-05-06 01:12:50 INFO mt5_bot - Balance=102029.96 Equity=102029.96 Spread=0.30 pips
2026-05-06 01:12:50 INFO mt5_bot - Session filter: UTC hour=6 outside [7,20) and [0,4)
2026-05-06 01:13:05 INFO mt5_bot - Balance=102029.96 Equity=102029.96 Spread=0.30 pips
2026-05-06 01:13:05 INFO mt5_bot - Session filter: UTC hour=6 outside [7,20) and [0,4)
2026-05-06 01:13:20 INFO mt5_bot - Balance=102029.96 Equity=102029.96 Spread=0.30 pips
2026-05-06 01:13:20 INFO mt5_bot - Session filter: UTC hour=6 outside [7,20) and [0,4)
2026-05-06 01:13:35 INFO mt5_bot - Balance=102029.96 Equity=102029.96 Spread=0.30 pips
2026-05-06 01:13:35 INFO mt5_bot - Session filter: UTC hour=6 outside [7,20) and [0,4)
2026-05-06 01:13:50 INFO mt5_bot - Balance=102029.96 Equity=102029.96 Spread=0.30 pips
2026-05-06 01:13:50 INFO mt5_bot - Session filter: UTC hour=6 outside [7,20) and [0,4)
2026-05-06 01:14:05 INFO mt5_bot - Balance=102029.96 Equity=102029.96 Spread=0.30 pips
2026-05-06 01:14:05 INFO mt5_bot - Session filter: UTC hour=6 outside [7,20) and [0,4)
2026-05-06 01:14:20 INFO mt5_bot - Balance=102029.96 Equity=102029.96 Spread=0.30 pips
2026-05-06 01:14:20 INFO mt5_bot - Session filter: UTC hour=6 outside [7,20) and [0,4)
2026-05-06 01:14:35 INFO mt5_bot - Balance=102029.96 Equity=102029.96 Spread=0.30 pips
2026-05-06 01:14:35 INFO mt5_bot - Session filter: UTC hour=6 outside [7,20) and [0,4)
2026-05-06 01:14:50 INFO mt5_bot - Balance=102029.96 Equity=102029.96 Spread=0.30 pips
2026-05-06 01:14:50 INFO mt5_bot - Session filter: UTC hour=6 outside [7,20) and [0,4)
2026-05-06 01:15:05 INFO mt5_bot - Balance=102029.96 Equity=102029.96 Spread=0.30 pips
2026-05-06 01:15:05 INFO mt5_bot - Session filter: UTC hour=6 outside [7,20) and [0,4)
2026-05-06 01:15:20 INFO mt5_bot - Balance=102029.96 Equity=102029.96 Spread=0.30 pips
2026-05-06 01:15:20 INFO mt5_bot - Session filter: UTC hour=6 outside [7,20) and [0,4)
2026-05-06 01:15:35 INFO mt5_bot - Balance=102029.96 Equity=102029.96 Spread=0.30 pips
2026-05-06 01:15:35 INFO mt5_bot - Session filter: UTC hour=6 outside [7,20) and [0,4)
2026-05-06 01:15:50 INFO mt5_bot - Balance=102029.96 Equity=102029.96 Spread=0.30 pips
2026-05-06 01:15:50 INFO mt5_bot - Session filter: UTC hour=6 outside [7,20) and [0,4)
2026-05-06 01:16:05 INFO mt5_bot - Balance=102029.96 Equity=102029.96 Spread=0.30 pips
2026-05-06 01:16:05 INFO mt5_bot - Session filter: UTC hour=6 outside [7,20) and [0,4)
2026-05-06 01:16:21 INFO mt5_bot - Balance=102029.96 Equity=102029.96 Spread=0.30 pips
2026-05-06 01:16:21 INFO mt5_bot - Session filter: UTC hour=6 outside [7,20) and [0,4)
2026-05-06 01:16:36 INFO mt5_bot - Balance=102029.96 Equity=102029.96 Spread=0.30 pips
2026-05-06 01:16:36 INFO mt5_bot - Session filter: UTC hour=6 outside [7,20) and [0,4)
2026-05-06 01:16:51 INFO mt5_bot - Balance=102029.96 Equity=102029.96 Spread=0.30 pips
2026-05-06 01:16:51 INFO mt5_bot - Session filter: UTC hour=6 outside [7,20) and [0,4)
2026-05-06 01:17:06 INFO mt5_bot - Balance=102029.96 Equity=102029.96 Spread=0.30 pips
2026-05-06 01:17:06 INFO mt5_bot - Session filter: UTC hour=6 outside [7,20) and [0,4)
2026-05-06 01:17:21 INFO mt5_bot - Balance=102029.96 Equity=102029.96 Spread=0.30 pips
2026-05-06 01:17:21 INFO mt5_bot - Session filter: UTC hour=6 outside [7,20) and [0,4)
2026-05-06 01:17:36 INFO mt5_bot - Balance=102029.96 Equity=102029.96 Spread=0.30 pips
2026-05-06 01:17:36 INFO mt5_bot - Session filter: UTC hour=6 outside [7,20) and [0,4)
2026-05-06 01:17:51 INFO mt5_bot - Balance=102029.96 Equity=102029.96 Spread=0.30 pips
2026-05-06 01:17:51 INFO mt5_bot - Session filter: UTC hour=6 outside [7,20) and [0,4)
2026-05-06 01:18:06 INFO mt5_bot - Balance=102029.96 Equity=102029.96 Spread=0.30 pips
2026-05-06 01:18:06 INFO mt5_bot - Session filter: UTC hour=6 outside [7,20) and [0,4)
2026-05-06 01:18:21 INFO mt5_bot - Balance=102029.96 Equity=102029.96 Spread=0.30 pips
2026-05-06 01:18:21 INFO mt5_bot - Session filter: UTC hour=6 outside [7,20) and [0,4)
2026-05-06 01:18:36 INFO mt5_bot - Balance=102029.96 Equity=102029.96 Spread=0.30 pips
2026-05-06 01:18:36 INFO mt5_bot - Session filter: UTC hour=6 outside [7,20) and [0,4)
2026-05-06 01:18:51 INFO mt5_bot - Balance=102029.96 Equity=102029.96 Spread=0.30 pips
2026-05-06 01:18:51 INFO mt5_bot - Session filter: UTC hour=6 outside [7,20) and [0,4)
2026-05-06 01:19:06 INFO mt5_bot - Balance=102029.96 Equity=102029.96 Spread=0.30 pips
2026-05-06 01:19:06 INFO mt5_bot - Session filter: UTC hour=6 outside [7,20) and [0,4)
2026-05-06 01:19:21 INFO mt5_bot - Balance=102029.96 Equity=102029.96 Spread=0.30 pips
2026-05-06 01:19:21 INFO mt5_bot - Session filter: UTC hour=6 outside [7,20) and [0,4)
2026-05-06 01:19:36 INFO mt5_bot - Balance=102029.96 Equity=102029.96 Spread=0.30 pips
2026-05-06 01:19:36 INFO mt5_bot - Session filter: UTC hour=6 outside [7,20) and [0,4)
2026-05-06 01:19:51 INFO mt5_bot - Balance=102029.96 Equity=102029.96 Spread=0.30 pips
2026-05-06 01:19:51 INFO mt5_bot - Session filter: UTC hour=6 outside [7,20) and [0,4)
2026-05-06 01:20:06 INFO mt5_bot - Balance=102029.96 Equity=102029.96 Spread=0.30 pips
2026-05-06 01:20:06 INFO mt5_bot - Session filter: UTC hour=6 outside [7,20) and [0,4)
2026-05-06 01:20:21 INFO mt5_bot - Balance=102029.96 Equity=102029.96 Spread=0.30 pips
2026-05-06 01:20:21 INFO mt5_bot - Session filter: UTC hour=6 outside [7,20) and [0,4)
2026-05-06 01:20:36 INFO mt5_bot - Balance=102029.96 Equity=102029.96 Spread=0.30 pips
2026-05-06 01:20:36 INFO mt5_bot - Session filter: UTC hour=6 outside [7,20) and [0,4)
2026-05-06 01:20:51 INFO mt5_bot - Balance=102029.96 Equity=102029.96 Spread=0.30 pips
2026-05-06 01:20:51 INFO mt5_bot - Session filter: UTC hour=6 outside [7,20) and [0,4)
2026-05-06 01:21:06 INFO mt5_bot - Balance=102029.96 Equity=102029.96 Spread=0.30 pips
2026-05-06 01:21:06 INFO mt5_bot - Session filter: UTC hour=6 outside [7,20) and [0,4)
2026-05-06 01:21:21 INFO mt5_bot - Balance=102029.96 Equity=102029.96 Spread=0.30 pips
2026-05-06 01:21:21 INFO mt5_bot - Session filter: UTC hour=6 outside [7,20) and [0,4)
2026-05-06 01:21:36 INFO mt5_bot - Balance=102029.96 Equity=102029.96 Spread=0.30 pips
2026-05-06 01:21:36 INFO mt5_bot - Session filter: UTC hour=6 outside [7,20) and [0,4)
2026-05-06 01:21:51 INFO mt5_bot - Balance=102029.96 Equity=102029.96 Spread=0.30 pips
2026-05-06 01:21:51 INFO mt5_bot - Session filter: UTC hour=6 outside [7,20) and [0,4)
2026-05-06 01:22:06 INFO mt5_bot - Balance=102029.96 Equity=102029.96 Spread=0.30 pips
2026-05-06 01:22:06 INFO mt5_bot - Session filter: UTC hour=6 outside [7,20) and [0,4)
2026-05-06 01:22:21 INFO mt5_bot - Balance=102029.96 Equity=102029.96 Spread=0.30 pips
2026-05-06 01:22:21 INFO mt5_bot - Session filter: UTC hour=6 outside [7,20) and [0,4)
2026-05-06 01:22:36 INFO mt5_bot - Balance=102029.96 Equity=102029.96 Spread=0.30 pips
2026-05-06 01:22:36 INFO mt5_bot - Session filter: UTC hour=6 outside [7,20) and [0,4)
2026-05-06 01:22:51 INFO mt5_bot - Balance=102029.96 Equity=102029.96 Spread=0.30 pips
2026-05-06 01:22:51 INFO mt5_bot - Session filter: UTC hour=6 outside [7,20) and [0,4)
2026-05-06 01:23:06 INFO mt5_bot - Balance=102029.96 Equity=102029.96 Spread=0.30 pips
2026-05-06 01:23:06 INFO mt5_bot - Session filter: UTC hour=6 outside [7,20) and [0,4)
2026-05-06 01:23:21 INFO mt5_bot - Balance=102029.96 Equity=102029.96 Spread=0.30 pips
2026-05-06 01:23:21 INFO mt5_bot - Session filter: UTC hour=6 outside [7,20) and [0,4)
2026-05-06 01:23:36 INFO mt5_bot - Balance=102029.96 Equity=102029.96 Spread=0.30 pips
2026-05-06 01:23:36 INFO mt5_bot - Session filter: UTC hour=6 outside [7,20) and [0,4)
2026-05-06 01:23:51 INFO mt5_bot - Balance=102029.96 Equity=102029.96 Spread=0.30 pips
2026-05-06 01:23:51 INFO mt5_bot - Session filter: UTC hour=6 outside [7,20) and [0,4)
2026-05-06 01:24:06 INFO mt5_bot - Balance=102029.96 Equity=102029.96 Spread=0.30 pips
2026-05-06 01:24:06 INFO mt5_bot - Session filter: UTC hour=6 outside [7,20) and [0,4)
2026-05-06 01:24:21 INFO mt5_bot - Balance=102029.96 Equity=102029.96 Spread=0.30 pips
2026-05-06 01:24:21 INFO mt5_bot - Session filter: UTC hour=6 outside [7,20) and [0,4)
2026-05-06 01:24:36 INFO mt5_bot - Balance=102029.96 Equity=102029.96 Spread=0.30 pips
2026-05-06 01:24:36 INFO mt5_bot - Session filter: UTC hour=6 outside [7,20) and [0,4)
2026-05-06 01:24:51 INFO mt5_bot - Balance=102029.96 Equity=102029.96 Spread=0.30 pips
2026-05-06 01:24:51 INFO mt5_bot - Session filter: UTC hour=6 outside [7,20) and [0,4)
2026-05-06 01:25:06 INFO mt5_bot - Balance=102029.96 Equity=102029.96 Spread=0.30 pips
2026-05-06 01:25:06 INFO mt5_bot - Session filter: UTC hour=6 outside [7,20) and [0,4)
2026-05-06 01:25:21 INFO mt5_bot - Balance=102029.96 Equity=102029.96 Spread=0.30 pips
2026-05-06 01:25:21 INFO mt5_bot - Session filter: UTC hour=6 outside [7,20) and [0,4)
2026-05-06 01:25:36 INFO mt5_bot - Balance=102029.96 Equity=102029.96 Spread=0.30 pips
2026-05-06 01:25:36 INFO mt5_bot - Session filter: UTC hour=6 outside [7,20) and [0,4)
2026-05-06 01:25:51 INFO mt5_bot - Balance=102029.96 Equity=102029.96 Spread=0.30 pips
2026-05-06 01:25:51 INFO mt5_bot - Session filter: UTC hour=6 outside [7,20) and [0,4)
2026-05-06 01:26:06 INFO mt5_bot - Balance=102029.96 Equity=102029.96 Spread=0.30 pips
2026-05-06 01:26:06 INFO mt5_bot - Session filter: UTC hour=6 outside [7,20) and [0,4)
2026-05-06 01:26:21 INFO mt5_bot - Balance=102029.96 Equity=102029.96 Spread=0.30 pips
2026-05-06 01:26:21 INFO mt5_bot - Session filter: UTC hour=6 outside [7,20) and [0,4)
2026-05-06 01:26:36 INFO mt5_bot - Balance=102029.96 Equity=102029.96 Spread=0.30 pips
2026-05-06 01:26:36 INFO mt5_bot - Session filter: UTC hour=6 outside [7,20) and [0,4)
2026-05-06 01:26:51 INFO mt5_bot - Balance=102029.96 Equity=102029.96 Spread=0.30 pips
2026-05-06 01:26:51 INFO mt5_bot - Session filter: UTC hour=6 outside [7,20) and [0,4)
2026-05-06 01:27:06 INFO mt5_bot - Balance=102029.96 Equity=102029.96 Spread=0.30 pips
2026-05-06 01:27:06 INFO mt5_bot - Session filter: UTC hour=6 outside [7,20) and [0,4)
2026-05-06 01:27:21 INFO mt5_bot - Balance=102029.96 Equity=102029.96 Spread=0.30 pips
2026-05-06 01:27:21 INFO mt5_bot - Session filter: UTC hour=6 outside [7,20) and [0,4)
2026-05-06 01:27:36 INFO mt5_bot - Balance=102029.96 Equity=102029.96 Spread=0.30 pips
2026-05-06 01:27:36 INFO mt5_bot - Session filter: UTC hour=6 outside [7,20) and [0,4)
2026-05-06 01:27:51 INFO mt5_bot - Balance=102029.96 Equity=102029.96 Spread=0.30 pips
2026-05-06 01:27:51 INFO mt5_bot - Session filter: UTC hour=6 outside [7,20) and [0,4)
2026-05-06 01:28:06 INFO mt5_bot - Balance=102029.96 Equity=102029.96 Spread=0.30 pips
2026-05-06 01:28:06 INFO mt5_bot - Session filter: UTC hour=6 outside [7,20) and [0,4)
2026-05-06 01:28:21 INFO mt5_bot - Balance=102029.96 Equity=102029.96 Spread=0.30 pips
2026-05-06 01:28:21 INFO mt5_bot - Session filter: UTC hour=6 outside [7,20) and [0,4)
2026-05-06 01:28:36 INFO mt5_bot - Balance=102029.96 Equity=102029.96 Spread=0.30 pips
2026-05-06 01:28:36 INFO mt5_bot - Session filter: UTC hour=6 outside [7,20) and [0,4)
2026-05-06 01:28:51 INFO mt5_bot - Balance=102029.96 Equity=102029.96 Spread=0.30 pips
2026-05-06 01:28:51 INFO mt5_bot - Session filter: UTC hour=6 outside [7,20) and [0,4)
2026-05-06 01:29:06 INFO mt5_bot - Balance=102029.96 Equity=102029.96 Spread=0.30 pips
2026-05-06 01:29:06 INFO mt5_bot - Session filter: UTC hour=6 outside [7,20) and [0,4)
2026-05-06 01:29:21 INFO mt5_bot - Balance=102029.96 Equity=102029.96 Spread=0.30 pips
2026-05-06 01:29:21 INFO mt5_bot - Session filter: UTC hour=6 outside [7,20) and [0,4)
2026-05-06 01:29:36 INFO mt5_bot - Balance=102029.96 Equity=102029.96 Spread=0.30 pips
2026-05-06 01:29:36 INFO mt5_bot - Session filter: UTC hour=6 outside [7,20) and [0,4)
2026-05-06 01:29:51 INFO mt5_bot - Balance=102029.96 Equity=102029.96 Spread=0.30 pips
2026-05-06 01:29:51 INFO mt5_bot - Session filter: UTC hour=6 outside [7,20) and [0,4)
2026-05-06 01:30:06 INFO mt5_bot - Balance=102029.96 Equity=102029.96 Spread=0.30 pips
2026-05-06 01:30:06 INFO mt5_bot - Session filter: UTC hour=6 outside [7,20) and [0,4)
2026-05-06 01:30:21 INFO mt5_bot - Balance=102029.96 Equity=102029.96 Spread=0.30 pips
2026-05-06 01:30:21 INFO mt5_bot - Session filter: UTC hour=6 outside [7,20) and [0,4)
2026-05-06 01:30:36 INFO mt5_bot - Balance=102029.96 Equity=102029.96 Spread=0.30 pips
2026-05-06 01:30:36 INFO mt5_bot - Session filter: UTC hour=6 outside [7,20) and [0,4)
2026-05-06 01:30:51 INFO mt5_bot - Balance=102029.96 Equity=102029.96 Spread=0.30 pips
2026-05-06 01:30:51 INFO mt5_bot - Session filter: UTC hour=6 outside [7,20) and [0,4)
2026-05-06 01:31:06 INFO mt5_bot - Balance=102029.96 Equity=102029.96 Spread=0.30 pips
2026-05-06 01:31:06 INFO mt5_bot - Session filter: UTC hour=6 outside [7,20) and [0,4)
2026-05-06 01:31:21 INFO mt5_bot - Balance=102029.96 Equity=102029.96 Spread=0.30 pips
2026-05-06 01:31:21 INFO mt5_bot - Session filter: UTC hour=6 outside [7,20) and [0,4)
2026-05-06 01:31:36 INFO mt5_bot - Balance=102029.96 Equity=102029.96 Spread=0.30 pips
2026-05-06 01:31:36 INFO mt5_bot - Session filter: UTC hour=6 outside [7,20) and [0,4)
2026-05-06 01:31:51 INFO mt5_bot - Balance=102029.96 Equity=102029.96 Spread=0.30 pips
2026-05-06 01:31:51 INFO mt5_bot - Session filter: UTC hour=6 outside [7,20) and [0,4)
2026-05-06 01:32:06 INFO mt5_bot - Balance=102029.96 Equity=102029.96 Spread=0.30 pips
2026-05-06 01:32:06 INFO mt5_bot - Session filter: UTC hour=6 outside [7,20) and [0,4)
2026-05-06 01:32:21 INFO mt5_bot - Balance=102029.96 Equity=102029.96 Spread=0.30 pips
2026-05-06 01:32:21 INFO mt5_bot - Session filter: UTC hour=6 outside [7,20) and [0,4)
2026-05-06 01:32:36 INFO mt5_bot - Balance=102029.96 Equity=102029.96 Spread=0.30 pips
2026-05-06 01:32:36 INFO mt5_bot - Session filter: UTC hour=6 outside [7,20) and [0,4)
2026-05-06 01:32:51 INFO mt5_bot - Balance=102029.96 Equity=102029.96 Spread=0.30 pips
2026-05-06 01:32:51 INFO mt5_bot - Session filter: UTC hour=6 outside [7,20) and [0,4)
2026-05-06 01:33:06 INFO mt5_bot - Balance=102029.96 Equity=102029.96 Spread=0.30 pips
2026-05-06 01:33:06 INFO mt5_bot - Session filter: UTC hour=6 outside [7,20) and [0,4)
2026-05-06 01:33:21 INFO mt5_bot - Balance=102029.96 Equity=102029.96 Spread=0.30 pips
2026-05-06 01:33:21 INFO mt5_bot - Session filter: UTC hour=6 outside [7,20) and [0,4)
2026-05-06 01:33:36 INFO mt5_bot - Balance=102029.96 Equity=102029.96 Spread=0.30 pips
2026-05-06 01:33:36 INFO mt5_bot - Session filter: UTC hour=6 outside [7,20) and [0,4)
2026-05-06 01:33:51 INFO mt5_bot - Balance=102029.96 Equity=102029.96 Spread=0.30 pips
2026-05-06 01:33:51 INFO mt5_bot - Session filter: UTC hour=6 outside [7,20) and [0,4)
2026-05-06 01:34:06 INFO mt5_bot - Balance=102029.96 Equity=102029.96 Spread=0.30 pips
2026-05-06 01:34:06 INFO mt5_bot - Session filter: UTC hour=6 outside [7,20) and [0,4)
2026-05-06 01:34:21 INFO mt5_bot - Balance=102029.96 Equity=102029.96 Spread=0.30 pips
2026-05-06 01:34:21 INFO mt5_bot - Session filter: UTC hour=6 outside [7,20) and [0,4)
2026-05-06 01:34:36 INFO mt5_bot - Balance=102029.96 Equity=102029.96 Spread=0.30 pips
2026-05-06 01:34:36 INFO mt5_bot - Session filter: UTC hour=6 outside [7,20) and [0,4)
2026-05-06 01:34:51 INFO mt5_bot - Balance=102029.96 Equity=102029.96 Spread=0.30 pips
2026-05-06 01:34:51 INFO mt5_bot - Session filter: UTC hour=6 outside [7,20) and [0,4)
2026-05-06 01:35:06 INFO mt5_bot - Balance=102029.96 Equity=102029.96 Spread=0.30 pips
2026-05-06 01:35:06 INFO mt5_bot - Session filter: UTC hour=6 outside [7,20) and [0,4)
2026-05-06 01:35:21 INFO mt5_bot - Balance=102029.96 Equity=102029.96 Spread=0.30 pips
2026-05-06 01:35:21 INFO mt5_bot - Session filter: UTC hour=6 outside [7,20) and [0,4)
2026-05-06 01:35:36 INFO mt5_bot - Balance=102029.96 Equity=102029.96 Spread=0.30 pips
2026-05-06 01:35:36 INFO mt5_bot - Session filter: UTC hour=6 outside [7,20) and [0,4)
2026-05-06 01:35:51 INFO mt5_bot - Balance=102029.96 Equity=102029.96 Spread=0.30 pips
2026-05-06 01:35:51 INFO mt5_bot - Session filter: UTC hour=6 outside [7,20) and [0,4)
2026-05-06 01:36:06 INFO mt5_bot - Balance=102029.96 Equity=102029.96 Spread=0.30 pips
2026-05-06 01:36:06 INFO mt5_bot - Session filter: UTC hour=6 outside [7,20) and [0,4)
2026-05-06 01:36:21 INFO mt5_bot - Balance=102029.96 Equity=102029.96 Spread=0.30 pips
2026-05-06 01:36:21 INFO mt5_bot - Session filter: UTC hour=6 outside [7,20) and [0,4)
2026-05-06 01:36:36 INFO mt5_bot - Balance=102029.96 Equity=102029.96 Spread=0.30 pips
2026-05-06 01:36:36 INFO mt5_bot - Session filter: UTC hour=6 outside [7,20) and [0,4)
2026-05-06 01:36:51 INFO mt5_bot - Balance=102029.96 Equity=102029.96 Spread=0.30 pips
2026-05-06 01:36:51 INFO mt5_bot - Session filter: UTC hour=6 outside [7,20) and [0,4)
2026-05-06 01:37:06 INFO mt5_bot - Balance=102029.96 Equity=102029.96 Spread=0.30 pips
2026-05-06 01:37:06 INFO mt5_bot - Session filter: UTC hour=6 outside [7,20) and [0,4)
2026-05-06 01:37:21 INFO mt5_bot - Balance=102029.96 Equity=102029.96 Spread=0.30 pips
2026-05-06 01:37:21 INFO mt5_bot - Session filter: UTC hour=6 outside [7,20) and [0,4)
2026-05-06 01:37:36 INFO mt5_bot - Balance=102029.96 Equity=102029.96 Spread=0.30 pips
2026-05-06 01:37:36 INFO mt5_bot - Session filter: UTC hour=6 outside [7,20) and [0,4)
2026-05-06 01:37:51 INFO mt5_bot - Balance=102029.96 Equity=102029.96 Spread=0.30 pips
2026-05-06 01:37:51 INFO mt5_bot - Session filter: UTC hour=6 outside [7,20) and [0,4)
2026-05-06 01:38:06 INFO mt5_bot - Balance=102029.96 Equity=102029.96 Spread=0.30 pips
2026-05-06 01:38:06 INFO mt5_bot - Session filter: UTC hour=6 outside [7,20) and [0,4)
2026-05-06 01:38:21 INFO mt5_bot - Balance=102029.96 Equity=102029.96 Spread=0.30 pips
2026-05-06 01:38:21 INFO mt5_bot - Session filter: UTC hour=6 outside [7,20) and [0,4)
2026-05-06 01:38:36 INFO mt5_bot - Balance=102029.96 Equity=102029.96 Spread=0.30 pips
2026-05-06 01:38:36 INFO mt5_bot - Session filter: UTC hour=6 outside [7,20) and [0,4)
2026-05-06 01:38:51 INFO mt5_bot - Balance=102029.96 Equity=102029.96 Spread=0.30 pips
2026-05-06 01:38:51 INFO mt5_bot - Session filter: UTC hour=6 outside [7,20) and [0,4)
2026-05-06 01:39:06 INFO mt5_bot - Balance=102029.96 Equity=102029.96 Spread=0.30 pips
2026-05-06 01:39:06 INFO mt5_bot - Session filter: UTC hour=6 outside [7,20) and [0,4)
2026-05-06 01:39:21 INFO mt5_bot - Balance=102029.96 Equity=102029.96 Spread=0.30 pips
2026-05-06 01:39:21 INFO mt5_bot - Session filter: UTC hour=6 outside [7,20) and [0,4)
2026-05-06 01:39:36 INFO mt5_bot - Balance=102029.96 Equity=102029.96 Spread=0.30 pips
2026-05-06 01:39:36 INFO mt5_bot - Session filter: UTC hour=6 outside [7,20) and [0,4)
2026-05-06 01:39:51 INFO mt5_bot - Balance=102029.96 Equity=102029.96 Spread=0.30 pips
2026-05-06 01:39:51 INFO mt5_bot - Session filter: UTC hour=6 outside [7,20) and [0,4)
2026-05-06 01:40:06 INFO mt5_bot - Balance=102029.96 Equity=102029.96 Spread=0.30 pips
2026-05-06 01:40:06 INFO mt5_bot - Session filter: UTC hour=6 outside [7,20) and [0,4)
2026-05-06 01:40:21 INFO mt5_bot - Balance=102029.96 Equity=102029.96 Spread=0.30 pips
2026-05-06 01:40:21 INFO mt5_bot - Session filter: UTC hour=6 outside [7,20) and [0,4)
2026-05-06 01:40:36 INFO mt5_bot - Balance=102029.96 Equity=102029.96 Spread=0.30 pips
2026-05-06 01:40:36 INFO mt5_bot - Session filter: UTC hour=6 outside [7,20) and [0,4)
2026-05-06 01:40:51 INFO mt5_bot - Balance=102029.96 Equity=102029.96 Spread=0.30 pips
2026-05-06 01:40:51 INFO mt5_bot - Session filter: UTC hour=6 outside [7,20) and [0,4)
2026-05-06 01:41:06 INFO mt5_bot - Balance=102029.96 Equity=102029.96 Spread=0.30 pips
2026-05-06 01:41:06 INFO mt5_bot - Session filter: UTC hour=6 outside [7,20) and [0,4)
2026-05-06 01:41:21 INFO mt5_bot - Balance=102029.96 Equity=102029.96 Spread=0.30 pips
2026-05-06 01:41:21 INFO mt5_bot - Session filter: UTC hour=6 outside [7,20) and [0,4)
2026-05-06 01:41:36 INFO mt5_bot - Balance=102029.96 Equity=102029.96 Spread=0.30 pips
2026-05-06 01:41:36 INFO mt5_bot - Session filter: UTC hour=6 outside [7,20) and [0,4)
2026-05-06 01:41:51 INFO mt5_bot - Balance=102029.96 Equity=102029.96 Spread=0.30 pips
2026-05-06 01:41:51 INFO mt5_bot - Session filter: UTC hour=6 outside [7,20) and [0,4)
2026-05-06 01:42:06 INFO mt5_bot - Balance=102029.96 Equity=102029.96 Spread=0.30 pips
2026-05-06 01:42:06 INFO mt5_bot - Session filter: UTC hour=6 outside [7,20) and [0,4)
2026-05-06 01:42:21 INFO mt5_bot - Balance=102029.96 Equity=102029.96 Spread=0.30 pips
2026-05-06 01:42:21 INFO mt5_bot - Session filter: UTC hour=6 outside [7,20) and [0,4)
2026-05-06 01:42:36 INFO mt5_bot - Balance=102029.96 Equity=102029.96 Spread=0.30 pips
2026-05-06 01:42:36 INFO mt5_bot - Session filter: UTC hour=6 outside [7,20) and [0,4)
2026-05-06 01:42:51 INFO mt5_bot - Balance=102029.96 Equity=102029.96 Spread=0.30 pips
2026-05-06 01:42:51 INFO mt5_bot - Session filter: UTC hour=6 outside [7,20) and [0,4)
2026-05-06 01:43:06 INFO mt5_bot - Balance=102029.96 Equity=102029.96 Spread=0.30 pips
2026-05-06 01:43:06 INFO mt5_bot - Session filter: UTC hour=6 outside [7,20) and [0,4)
2026-05-06 01:43:21 INFO mt5_bot - Balance=102029.96 Equity=102029.96 Spread=0.30 pips
2026-05-06 01:43:21 INFO mt5_bot - Session filter: UTC hour=6 outside [7,20) and [0,4)
2026-05-06 01:43:36 INFO mt5_bot - Balance=102029.96 Equity=102029.96 Spread=0.30 pips
2026-05-06 01:43:36 INFO mt5_bot - Session filter: UTC hour=6 outside [7,20) and [0,4)
2026-05-06 01:43:51 INFO mt5_bot - Balance=102029.96 Equity=102029.96 Spread=0.30 pips
2026-05-06 01:43:51 INFO mt5_bot - Session filter: UTC hour=6 outside [7,20) and [0,4)
2026-05-06 01:44:06 INFO mt5_bot - Balance=102029.96 Equity=102029.96 Spread=0.30 pips
2026-05-06 01:44:06 INFO mt5_bot - Session filter: UTC hour=6 outside [7,20) and [0,4)
2026-05-06 01:44:21 INFO mt5_bot - Balance=102029.96 Equity=102029.96 Spread=0.30 pips
2026-05-06 01:44:21 INFO mt5_bot - Session filter: UTC hour=6 outside [7,20) and [0,4)
2026-05-06 01:44:36 INFO mt5_bot - Balance=102029.96 Equity=102029.96 Spread=0.30 pips
2026-05-06 01:44:36 INFO mt5_bot - Session filter: UTC hour=6 outside [7,20) and [0,4)
2026-05-06 01:44:51 INFO mt5_bot - Balance=102029.96 Equity=102029.96 Spread=0.30 pips
2026-05-06 01:44:51 INFO mt5_bot - Session filter: UTC hour=6 outside [7,20) and [0,4)
2026-05-06 01:45:06 INFO mt5_bot - Balance=102029.96 Equity=102029.96 Spread=0.30 pips
2026-05-06 01:45:06 INFO mt5_bot - Session filter: UTC hour=6 outside [7,20) and [0,4)
2026-05-06 01:45:21 INFO mt5_bot - Balance=102029.96 Equity=102029.96 Spread=0.30 pips
2026-05-06 01:45:21 INFO mt5_bot - Session filter: UTC hour=6 outside [7,20) and [0,4)
2026-05-06 01:45:36 INFO mt5_bot - Balance=102029.96 Equity=102029.96 Spread=0.30 pips
2026-05-06 01:45:36 INFO mt5_bot - Session filter: UTC hour=6 outside [7,20) and [0,4)
2026-05-06 01:45:51 INFO mt5_bot - Balance=102029.96 Equity=102029.96 Spread=0.30 pips
2026-05-06 01:45:51 INFO mt5_bot - Session filter: UTC hour=6 outside [7,20) and [0,4)
2026-05-06 01:46:06 INFO mt5_bot - Balance=102029.96 Equity=102029.96 Spread=0.30 pips
2026-05-06 01:46:06 INFO mt5_bot - Session filter: UTC hour=6 outside [7,20) and [0,4)
2026-05-06 01:46:21 INFO mt5_bot - Balance=102029.96 Equity=102029.96 Spread=0.30 pips
2026-05-06 01:46:21 INFO mt5_bot - Session filter: UTC hour=6 outside [7,20) and [0,4)
2026-05-06 01:46:36 INFO mt5_bot - Balance=102029.96 Equity=102029.96 Spread=0.30 pips
2026-05-06 01:46:36 INFO mt5_bot - Session filter: UTC hour=6 outside [7,20) and [0,4)
2026-05-06 01:46:51 INFO mt5_bot - Balance=102029.96 Equity=102029.96 Spread=0.30 pips
2026-05-06 01:46:51 INFO mt5_bot - Session filter: UTC hour=6 outside [7,20) and [0,4)
2026-05-06 01:47:06 INFO mt5_bot - Balance=102029.96 Equity=102029.96 Spread=0.30 pips
2026-05-06 01:47:06 INFO mt5_bot - Session filter: UTC hour=6 outside [7,20) and [0,4)
2026-05-06 01:47:21 INFO mt5_bot - Balance=102029.96 Equity=102029.96 Spread=0.30 pips
2026-05-06 01:47:21 INFO mt5_bot - Session filter: UTC hour=6 outside [7,20) and [0,4)
2026-05-06 01:47:36 INFO mt5_bot - Balance=102029.96 Equity=102029.96 Spread=0.30 pips
2026-05-06 01:47:36 INFO mt5_bot - Session filter: UTC hour=6 outside [7,20) and [0,4)
2026-05-06 01:47:51 INFO mt5_bot - Balance=102029.96 Equity=102029.96 Spread=0.30 pips
2026-05-06 01:47:51 INFO mt5_bot - Session filter: UTC hour=6 outside [7,20) and [0,4)
2026-05-06 01:48:06 INFO mt5_bot - Balance=102029.96 Equity=102029.96 Spread=0.30 pips
2026-05-06 01:48:06 INFO mt5_bot - Session filter: UTC hour=6 outside [7,20) and [0,4)
2026-05-06 01:48:21 INFO mt5_bot - Balance=102029.96 Equity=102029.96 Spread=0.30 pips
2026-05-06 01:48:21 INFO mt5_bot - Session filter: UTC hour=6 outside [7,20) and [0,4)
2026-05-06 01:48:36 INFO mt5_bot - Balance=102029.96 Equity=102029.96 Spread=0.30 pips
2026-05-06 01:48:36 INFO mt5_bot - Session filter: UTC hour=6 outside [7,20) and [0,4)
2026-05-06 01:48:51 INFO mt5_bot - Balance=102029.96 Equity=102029.96 Spread=0.30 pips
2026-05-06 01:48:51 INFO mt5_bot - Session filter: UTC hour=6 outside [7,20) and [0,4)
2026-05-06 01:49:06 INFO mt5_bot - Balance=102029.96 Equity=102029.96 Spread=0.30 pips
2026-05-06 01:49:06 INFO mt5_bot - Session filter: UTC hour=6 outside [7,20) and [0,4)
2026-05-06 01:49:21 INFO mt5_bot - Balance=102029.96 Equity=102029.96 Spread=0.30 pips
2026-05-06 01:49:21 INFO mt5_bot - Session filter: UTC hour=6 outside [7,20) and [0,4)
2026-05-06 01:49:36 INFO mt5_bot - Balance=102029.96 Equity=102029.96 Spread=0.30 pips
2026-05-06 01:49:36 INFO mt5_bot - Session filter: UTC hour=6 outside [7,20) and [0,4)
2026-05-06 01:49:51 INFO mt5_bot - Balance=102029.96 Equity=102029.96 Spread=0.30 pips
2026-05-06 01:49:51 INFO mt5_bot - Session filter: UTC hour=6 outside [7,20) and [0,4)
2026-05-06 01:50:06 INFO mt5_bot - Balance=102029.96 Equity=102029.96 Spread=0.30 pips
2026-05-06 01:50:06 INFO mt5_bot - Session filter: UTC hour=6 outside [7,20) and [0,4)
2026-05-06 01:50:21 INFO mt5_bot - Balance=102029.96 Equity=102029.96 Spread=0.30 pips
2026-05-06 01:50:21 INFO mt5_bot - Session filter: UTC hour=6 outside [7,20) and [0,4)
2026-05-06 01:50:36 INFO mt5_bot - Balance=102029.96 Equity=102029.96 Spread=0.30 pips
2026-05-06 01:50:36 INFO mt5_bot - Session filter: UTC hour=6 outside [7,20) and [0,4)
2026-05-06 01:50:51 INFO mt5_bot - Balance=102029.96 Equity=102029.96 Spread=0.30 pips
2026-05-06 01:50:51 INFO mt5_bot - Session filter: UTC hour=6 outside [7,20) and [0,4)
2026-05-06 01:51:06 INFO mt5_bot - Balance=102029.96 Equity=102029.96 Spread=0.30 pips
2026-05-06 01:51:06 INFO mt5_bot - Session filter: UTC hour=6 outside [7,20) and [0,4)
2026-05-06 01:51:21 INFO mt5_bot - Balance=102029.96 Equity=102029.96 Spread=0.30 pips
2026-05-06 01:51:21 INFO mt5_bot - Session filter: UTC hour=6 outside [7,20) and [0,4)
2026-05-06 01:51:36 INFO mt5_bot - Balance=102029.96 Equity=102029.96 Spread=0.30 pips
2026-05-06 01:51:36 INFO mt5_bot - Session filter: UTC hour=6 outside [7,20) and [0,4)
2026-05-06 01:51:51 INFO mt5_bot - Balance=102029.96 Equity=102029.96 Spread=0.30 pips
2026-05-06 01:51:51 INFO mt5_bot - Session filter: UTC hour=6 outside [7,20) and [0,4)
2026-05-06 01:52:06 INFO mt5_bot - Balance=102029.96 Equity=102029.96 Spread=0.30 pips
2026-05-06 01:52:06 INFO mt5_bot - Session filter: UTC hour=6 outside [7,20) and [0,4)
2026-05-06 01:52:21 INFO mt5_bot - Balance=102029.96 Equity=102029.96 Spread=0.30 pips
2026-05-06 01:52:21 INFO mt5_bot - Session filter: UTC hour=6 outside [7,20) and [0,4)
2026-05-06 01:52:36 INFO mt5_bot - Balance=102029.96 Equity=102029.96 Spread=0.30 pips
2026-05-06 01:52:36 INFO mt5_bot - Session filter: UTC hour=6 outside [7,20) and [0,4)
2026-05-06 01:52:51 INFO mt5_bot - Balance=102029.96 Equity=102029.96 Spread=0.30 pips
2026-05-06 01:52:51 INFO mt5_bot - Session filter: UTC hour=6 outside [7,20) and [0,4)
2026-05-06 01:53:06 INFO mt5_bot - Balance=102029.96 Equity=102029.96 Spread=0.30 pips
2026-05-06 01:53:06 INFO mt5_bot - Session filter: UTC hour=6 outside [7,20) and [0,4)
2026-05-06 01:53:21 INFO mt5_bot - Balance=102029.96 Equity=102029.96 Spread=0.30 pips
2026-05-06 01:53:21 INFO mt5_bot - Session filter: UTC hour=6 outside [7,20) and [0,4)
2026-05-06 01:53:36 INFO mt5_bot - Balance=102029.96 Equity=102029.96 Spread=0.30 pips
2026-05-06 01:53:36 INFO mt5_bot - Session filter: UTC hour=6 outside [7,20) and [0,4)
2026-05-06 01:53:51 INFO mt5_bot - Balance=102029.96 Equity=102029.96 Spread=0.30 pips
2026-05-06 01:53:51 INFO mt5_bot - Session filter: UTC hour=6 outside [7,20) and [0,4)
2026-05-06 01:54:06 INFO mt5_bot - Balance=102029.96 Equity=102029.96 Spread=0.30 pips
2026-05-06 01:54:06 INFO mt5_bot - Session filter: UTC hour=6 outside [7,20) and [0,4)
2026-05-06 01:54:21 INFO mt5_bot - Balance=102029.96 Equity=102029.96 Spread=0.30 pips
2026-05-06 01:54:21 INFO mt5_bot - Session filter: UTC hour=6 outside [7,20) and [0,4)
2026-05-06 01:54:36 INFO mt5_bot - Balance=102029.96 Equity=102029.96 Spread=0.30 pips
2026-05-06 01:54:36 INFO mt5_bot - Session filter: UTC hour=6 outside [7,20) and [0,4)
2026-05-06 01:54:51 INFO mt5_bot - Balance=102029.96 Equity=102029.96 Spread=0.30 pips
2026-05-06 01:54:51 INFO mt5_bot - Session filter: UTC hour=6 outside [7,20) and [0,4)
2026-05-06 01:55:06 INFO mt5_bot - Balance=102029.96 Equity=102029.96 Spread=0.30 pips
2026-05-06 01:55:06 INFO mt5_bot - Session filter: UTC hour=6 outside [7,20) and [0,4)
2026-05-06 01:55:21 INFO mt5_bot - Balance=102029.96 Equity=102029.96 Spread=0.30 pips
2026-05-06 01:55:21 INFO mt5_bot - Session filter: UTC hour=6 outside [7,20) and [0,4)
2026-05-06 01:55:36 INFO mt5_bot - Balance=102029.96 Equity=102029.96 Spread=0.30 pips
2026-05-06 01:55:36 INFO mt5_bot - Session filter: UTC hour=6 outside [7,20) and [0,4)
2026-05-06 01:55:51 INFO mt5_bot - Balance=102029.96 Equity=102029.96 Spread=0.30 pips
2026-05-06 01:55:51 INFO mt5_bot - Session filter: UTC hour=6 outside [7,20) and [0,4)
2026-05-06 01:56:06 INFO mt5_bot - Balance=102029.96 Equity=102029.96 Spread=0.30 pips
2026-05-06 01:56:06 INFO mt5_bot - Session filter: UTC hour=6 outside [7,20) and [0,4)
2026-05-06 01:56:21 INFO mt5_bot - Balance=102029.96 Equity=102029.96 Spread=0.30 pips
2026-05-06 01:56:21 INFO mt5_bot - Session filter: UTC hour=6 outside [7,20) and [0,4)
2026-05-06 01:56:36 INFO mt5_bot - Balance=102029.96 Equity=102029.96 Spread=0.30 pips
2026-05-06 01:56:36 INFO mt5_bot - Session filter: UTC hour=6 outside [7,20) and [0,4)
2026-05-06 01:56:51 INFO mt5_bot - Balance=102029.96 Equity=102029.96 Spread=0.30 pips
2026-05-06 01:56:51 INFO mt5_bot - Session filter: UTC hour=6 outside [7,20) and [0,4)
2026-05-06 01:57:06 INFO mt5_bot - Balance=102029.96 Equity=102029.96 Spread=0.30 pips
2026-05-06 01:57:06 INFO mt5_bot - Session filter: UTC hour=6 outside [7,20) and [0,4)
2026-05-06 01:57:21 INFO mt5_bot - Balance=102029.96 Equity=102029.96 Spread=0.30 pips
2026-05-06 01:57:21 INFO mt5_bot - Session filter: UTC hour=6 outside [7,20) and [0,4)
2026-05-06 01:57:36 INFO mt5_bot - Balance=102029.96 Equity=102029.96 Spread=0.30 pips
2026-05-06 01:57:36 INFO mt5_bot - Session filter: UTC hour=6 outside [7,20) and [0,4)
2026-05-06 01:57:51 INFO mt5_bot - Balance=102029.96 Equity=102029.96 Spread=0.30 pips
2026-05-06 01:57:51 INFO mt5_bot - Session filter: UTC hour=6 outside [7,20) and [0,4)
2026-05-06 01:58:06 INFO mt5_bot - Balance=102029.96 Equity=102029.96 Spread=0.30 pips
2026-05-06 01:58:06 INFO mt5_bot - Session filter: UTC hour=6 outside [7,20) and [0,4)
2026-05-06 01:58:21 INFO mt5_bot - Balance=102029.96 Equity=102029.96 Spread=0.30 pips
2026-05-06 01:58:21 INFO mt5_bot - Session filter: UTC hour=6 outside [7,20) and [0,4)
2026-05-06 01:58:36 INFO mt5_bot - Balance=102029.96 Equity=102029.96 Spread=0.30 pips
2026-05-06 01:58:36 INFO mt5_bot - Session filter: UTC hour=6 outside [7,20) and [0,4)
2026-05-06 01:58:51 INFO mt5_bot - Balance=102029.96 Equity=102029.96 Spread=0.30 pips
2026-05-06 01:58:51 INFO mt5_bot - Session filter: UTC hour=6 outside [7,20) and [0,4)
2026-05-06 01:59:06 INFO mt5_bot - Balance=102029.96 Equity=102029.96 Spread=0.30 pips
2026-05-06 01:59:06 INFO mt5_bot - Session filter: UTC hour=6 outside [7,20) and [0,4)
2026-05-06 01:59:21 INFO mt5_bot - Balance=102029.96 Equity=102029.96 Spread=0.30 pips
2026-05-06 01:59:21 INFO mt5_bot - Session filter: UTC hour=6 outside [7,20) and [0,4)
2026-05-06 01:59:36 INFO mt5_bot - Balance=102029.96 Equity=102029.96 Spread=0.30 pips
2026-05-06 01:59:36 INFO mt5_bot - Session filter: UTC hour=6 outside [7,20) and [0,4)
2026-05-06 01:59:51 INFO mt5_bot - Balance=102029.96 Equity=102029.96 Spread=0.30 pips
2026-05-06 01:59:51 INFO mt5_bot - Session filter: UTC hour=6 outside [7,20) and [0,4)
2026-05-06 02:00:06 INFO mt5_bot - Balance=102029.96 Equity=102029.96 Spread=0.30 pips
2026-05-06 02:00:07 INFO mt5_bot.news_filter - news_filter: loaded 115 events from shared cache
2026-05-06 02:00:07 INFO mt5_bot - Signal=NONE reason=no_closed_bar_crossover price=None trend=bearish rsi=31.2 atr_pips=21.6 adx=46.1
2026-05-06 02:00:07 INFO mt5_bot - ADX boost: adx=46.1 \u2192 risk_pct=1.50%
2026-05-06 02:00:07 INFO mt5_bot - Execution status=skipped reason=no_closed_bar_crossover
2026-05-06 02:00:22 INFO mt5_bot - Balance=102029.96 Equity=102029.96 Spread=0.30 pips
2026-05-06 02:00:22 INFO mt5_bot - Signal=NONE reason=no_closed_bar_crossover price=None trend=bearish rsi=31.2 atr_pips=21.6 adx=46.1
2026-05-06 02:00:22 INFO mt5_bot - ADX boost: adx=46.1 \u2192 risk_pct=1.50%
2026-05-06 02:00:22 INFO mt5_bot - Execution status=skipped reason=no_closed_bar_crossover
2026-05-06 02:00:37 INFO mt5_bot - Balance=102029.96 Equity=102029.96 Spread=0.30 pips
2026-05-06 02:00:37 INFO mt5_bot - Signal=NONE reason=no_closed_bar_crossover price=None trend=bearish rsi=31.2 atr_pips=21.6 adx=46.1
2026-05-06 02:00:37 INFO mt5_bot - ADX boost: adx=46.1 \u2192 risk_pct=1.50%
2026-05-06 02:00:37 INFO mt5_bot - Execution status=skipped reason=no_closed_bar_crossover
2026-05-06 02:00:52 INFO mt5_bot - Balance=102029.96 Equity=102029.96 Spread=0.30 pips
2026-05-06 02:00:52 INFO mt5_bot - Signal=NONE reason=no_closed_bar_crossover price=None trend=bearish rsi=31.2 atr_pips=21.6 adx=46.1
2026-05-06 02:00:52 INFO mt5_bot - ADX boost: adx=46.1 \u2192 risk_pct=1.50%
2026-05-06 02:00:52 INFO mt5_bot - Execution status=skipped reason=no_closed_bar_crossover
2026-05-06 02:01:07 INFO mt5_bot - Balance=102029.96 Equity=102029.96 Spread=0.30 pips
2026-05-06 02:01:07 INFO mt5_bot - Signal=NONE reason=no_closed_bar_crossover price=None trend=bearish rsi=31.2 atr_pips=21.6 adx=46.1
2026-05-06 02:01:07 INFO mt5_bot - ADX boost: adx=46.1 \u2192 risk_pct=1.50%
2026-05-06 02:01:07 INFO mt5_bot - Execution status=skipped reason=no_closed_bar_crossover
2026-05-06 02:01:22 INFO mt5_bot - Balance=102029.96 Equity=102029.96 Spread=0.30 pips
2026-05-06 02:01:22 INFO mt5_bot - Signal=NONE reason=no_closed_bar_crossover price=None trend=bearish rsi=31.2 atr_pips=21.6 adx=46.1
2026-05-06 02:01:22 INFO mt5_bot - ADX boost: adx=46.1 \u2192 risk_pct=1.50%
2026-05-06 02:01:22 INFO mt5_bot - Execution status=skipped reason=no_closed_bar_crossover
2026-05-06 02:01:37 INFO mt5_bot - Balance=102029.96 Equity=102029.96 Spread=0.30 pips
2026-05-06 02:01:37 INFO mt5_bot - Signal=NONE reason=no_closed_bar_crossover price=None trend=bearish rsi=31.2 atr_pips=21.6 adx=46.1
2026-05-06 02:01:37 INFO mt5_bot - ADX boost: adx=46.1 \u2192 risk_pct=1.50%
2026-05-06 02:01:37 INFO mt5_bot - Execution status=skipped reason=no_closed_bar_crossover
2026-05-06 02:01:52 INFO mt5_bot - Balance=102029.96 Equity=102029.96 Spread=0.30 pips
2026-05-06 02:01:52 INFO mt5_bot - Signal=NONE reason=no_closed_bar_crossover price=None trend=bearish rsi=31.2 atr_pips=21.6 adx=46.1
2026-05-06 02:01:52 INFO mt5_bot - ADX boost: adx=46.1 \u2192 risk_pct=1.50%
2026-05-06 02:01:52 INFO mt5_bot - Execution status=skipped reason=no_closed_bar_crossover
2026-05-06 02:02:07 INFO mt5_bot - Balance=102029.96 Equity=102029.96 Spread=0.30 pips
2026-05-06 02:02:07 INFO mt5_bot - Signal=NONE reason=no_closed_bar_crossover price=None trend=bearish rsi=31.2 atr_pips=21.6 adx=46.1
2026-05-06 02:02:07 INFO mt5_bot - ADX boost: adx=46.1 \u2192 risk_pct=1.50%
2026-05-06 02:02:07 INFO mt5_bot - Execution status=skipped reason=no_closed_bar_crossover
2026-05-06 02:02:22 INFO mt5_bot - Balance=102029.96 Equity=102029.96 Spread=0.30 pips
2026-05-06 02:02:22 INFO mt5_bot - Signal=NONE reason=no_closed_bar_crossover price=None trend=bearish rsi=31.2 atr_pips=21.6 adx=46.1
2026-05-06 02:02:22 INFO mt5_bot - ADX boost: adx=46.1 \u2192 risk_pct=1.50%
2026-05-06 02:02:22 INFO mt5_bot - Execution status=skipped reason=no_closed_bar_crossover
2026-05-06 02:02:37 INFO mt5_bot - Balance=102029.96 Equity=102029.96 Spread=0.30 pips
2026-05-06 02:02:37 INFO mt5_bot - Signal=NONE reason=no_closed_bar_crossover price=None trend=bearish rsi=31.2 atr_pips=21.6 adx=46.1
2026-05-06 02:02:37 INFO mt5_bot - ADX boost: adx=46.1 \u2192 risk_pct=1.50%
2026-05-06 02:02:37 INFO mt5_bot - Execution status=skipped reason=no_closed_bar_crossover
2026-05-06 02:02:52 INFO mt5_bot - Balance=102029.96 Equity=102029.96 Spread=0.30 pips
2026-05-06 02:02:52 INFO mt5_bot - Signal=NONE reason=no_closed_bar_crossover price=None trend=bearish rsi=31.2 atr_pips=21.6 adx=46.1
2026-05-06 02:02:52 INFO mt5_bot - ADX boost: adx=46.1 \u2192 risk_pct=1.50%
2026-05-06 02:02:52 INFO mt5_bot - Execution status=skipped reason=no_closed_bar_crossover
2026-05-06 02:03:07 INFO mt5_bot - Balance=102029.96 Equity=102029.96 Spread=0.30 pips
2026-05-06 02:03:07 INFO mt5_bot - Signal=NONE reason=no_closed_bar_crossover price=None trend=bearish rsi=31.2 atr_pips=21.6 adx=46.1
2026-05-06 02:03:07 INFO mt5_bot - ADX boost: adx=46.1 \u2192 risk_pct=1.50%
2026-05-06 02:03:07 INFO mt5_bot - Execution status=skipped reason=no_closed_bar_crossover
2026-05-06 02:03:22 INFO mt5_bot - Balance=102029.96 Equity=102029.96 Spread=0.30 pips
2026-05-06 02:03:22 INFO mt5_bot - Signal=NONE reason=no_closed_bar_crossover price=None trend=bearish rsi=31.2 atr_pips=21.6 adx=46.1
2026-05-06 02:03:22 INFO mt5_bot - ADX boost: adx=46.1 \u2192 risk_pct=1.50%
2026-05-06 02:03:22 INFO mt5_bot - Execution status=skipped reason=no_closed_bar_crossover
2026-05-06 02:03:37 INFO mt5_bot - Balance=102029.96 Equity=102029.96 Spread=0.30 pips
2026-05-06 02:03:37 INFO mt5_bot - Signal=NONE reason=no_closed_bar_crossover price=None trend=bearish rsi=31.2 atr_pips=21.6 adx=46.1
2026-05-06 02:03:37 INFO mt5_bot - ADX boost: adx=46.1 \u2192 risk_pct=1.50%
2026-05-06 02:03:37 INFO mt5_bot - Execution status=skipped reason=no_closed_bar_crossover
2026-05-06 02:03:52 INFO mt5_bot - Balance=102029.96 Equity=102029.96 Spread=0.30 pips
2026-05-06 02:03:52 INFO mt5_bot - Signal=NONE reason=no_closed_bar_crossover price=None trend=bearish rsi=31.2 atr_pips=21.6 adx=46.1
2026-05-06 02:03:52 INFO mt5_bot - ADX boost: adx=46.1 \u2192 risk_pct=1.50%
2026-05-06 02:03:52 INFO mt5_bot - Execution status=skipped reason=no_closed_bar_crossover
2026-05-06 02:04:07 INFO mt5_bot - Balance=102029.96 Equity=102029.96 Spread=0.30 pips
2026-05-06 02:04:07 INFO mt5_bot - Signal=NONE reason=no_closed_bar_crossover price=None trend=bearish rsi=31.2 atr_pips=21.6 adx=46.1
2026-05-06 02:04:07 INFO mt5_bot - ADX boost: adx=46.1 \u2192 risk_pct=1.50%
2026-05-06 02:04:07 INFO mt5_bot - Execution status=skipped reason=no_closed_bar_crossover
2026-05-06 02:04:22 INFO mt5_bot - Balance=102029.96 Equity=102029.96 Spread=0.30 pips
2026-05-06 02:04:22 INFO mt5_bot - Signal=NONE reason=no_closed_bar_crossover price=None trend=bearish rsi=31.2 atr_pips=21.6 adx=46.1
2026-05-06 02:04:22 INFO mt5_bot - ADX boost: adx=46.1 \u2192 risk_pct=1.50%
2026-05-06 02:04:22 INFO mt5_bot - Execution status=skipped reason=no_closed_bar_crossover
2026-05-06 02:04:37 INFO mt5_bot - Balance=102029.96 Equity=102029.96 Spread=0.30 pips
2026-05-06 02:04:37 INFO mt5_bot - Signal=NONE reason=no_closed_bar_crossover price=None trend=bearish rsi=31.2 atr_pips=21.6 adx=46.1
2026-05-06 02:04:37 INFO mt5_bot - ADX boost: adx=46.1 \u2192 risk_pct=1.50%
2026-05-06 02:04:37 INFO mt5_bot - Execution status=skipped reason=no_closed_bar_crossover
2026-05-06 02:04:52 INFO mt5_bot - Balance=102029.96 Equity=102029.96 Spread=0.30 pips
2026-05-06 02:04:52 INFO mt5_bot - Signal=NONE reason=no_closed_bar_crossover price=None trend=bearish rsi=31.2 atr_pips=21.6 adx=46.1
2026-05-06 02:04:52 INFO mt5_bot - ADX boost: adx=46.1 \u2192 risk_pct=1.50%
2026-05-06 02:04:52 INFO mt5_bot - Execution status=skipped reason=no_closed_bar_crossover
2026-05-06 02:05:07 INFO mt5_bot - Balance=102029.96 Equity=102029.96 Spread=0.30 pips
2026-05-06 02:05:07 INFO mt5_bot - Signal=NONE reason=no_closed_bar_crossover price=None trend=bearish rsi=31.2 atr_pips=21.6 adx=46.1
2026-05-06 02:05:07 INFO mt5_bot - ADX boost: adx=46.1 \u2192 risk_pct=1.50%
2026-05-06 02:05:07 INFO mt5_bot - Execution status=skipped reason=no_closed_bar_crossover
2026-05-06 02:05:22 INFO mt5_bot - Balance=102029.96 Equity=102029.96 Spread=0.30 pips
2026-05-06 02:05:22 INFO mt5_bot - Signal=NONE reason=no_closed_bar_crossover price=None trend=bearish rsi=31.2 atr_pips=21.6 adx=46.1
2026-05-06 02:05:22 INFO mt5_bot - ADX boost: adx=46.1 \u2192 risk_pct=1.50%
2026-05-06 02:05:22 INFO mt5_bot - Execution status=skipped reason=no_closed_bar_crossover
2026-05-06 02:05:37 INFO mt5_bot - Balance=102029.96 Equity=102029.96 Spread=0.30 pips
2026-05-06 02:05:37 INFO mt5_bot - Signal=NONE reason=no_closed_bar_crossover price=None trend=bearish rsi=31.2 atr_pips=21.6 adx=46.1
2026-05-06 02:05:37 INFO mt5_bot - ADX boost: adx=46.1 \u2192 risk_pct=1.50%
2026-05-06 02:05:37 INFO mt5_bot - Execution status=skipped reason=no_closed_bar_crossover
2026-05-06 02:05:52 INFO mt5_bot - Balance=102029.96 Equity=102029.96 Spread=0.30 pips
2026-05-06 02:05:52 INFO mt5_bot - Signal=NONE reason=no_closed_bar_crossover price=None trend=bearish rsi=31.2 atr_pips=21.6 adx=46.1
2026-05-06 02:05:52 INFO mt5_bot - ADX boost: adx=46.1 \u2192 risk_pct=1.50%
2026-05-06 02:05:52 INFO mt5_bot - Execution status=skipped reason=no_closed_bar_crossover
2026-05-06 02:06:07 INFO mt5_bot - Balance=102029.96 Equity=102029.96 Spread=0.30 pips
2026-05-06 02:06:07 INFO mt5_bot - Signal=NONE reason=no_closed_bar_crossover price=None trend=bearish rsi=31.2 atr_pips=21.6 adx=46.1
2026-05-06 02:06:07 INFO mt5_bot - ADX boost: adx=46.1 \u2192 risk_pct=1.50%
2026-05-06 02:06:07 INFO mt5_bot - Execution status=skipped reason=no_closed_bar_crossover
2026-05-06 02:06:22 INFO mt5_bot - Balance=102029.96 Equity=102029.96 Spread=0.30 pips
2026-05-06 02:06:22 INFO mt5_bot - Signal=NONE reason=no_closed_bar_crossover price=None trend=bearish rsi=31.2 atr_pips=21.6 adx=46.1
2026-05-06 02:06:22 INFO mt5_bot - ADX boost: adx=46.1 \u2192 risk_pct=1.50%
2026-05-06 02:06:22 INFO mt5_bot - Execution status=skipped reason=no_closed_bar_crossover
2026-05-06 02:06:37 INFO mt5_bot - Balance=102029.96 Equity=102029.96 Spread=0.30 pips
2026-05-06 02:06:37 INFO mt5_bot - Signal=NONE reason=no_closed_bar_crossover price=None trend=bearish rsi=31.2 atr_pips=21.6 adx=46.1
2026-05-06 02:06:37 INFO mt5_bot - ADX boost: adx=46.1 \u2192 risk_pct=1.50%
2026-05-06 02:06:37 INFO mt5_bot - Execution status=skipped reason=no_closed_bar_crossover
2026-05-06 02:06:52 INFO mt5_bot - Balance=102029.96 Equity=102029.96 Spread=0.30 pips
2026-05-06 02:06:52 INFO mt5_bot - Signal=NONE reason=no_closed_bar_crossover price=None trend=bearish rsi=31.2 atr_pips=21.6 adx=46.1
2026-05-06 02:06:52 INFO mt5_bot - ADX boost: adx=46.1 \u2192 risk_pct=1.50%
2026-05-06 02:06:52 INFO mt5_bot - Execution status=skipped reason=no_closed_bar_crossover
2026-05-06 02:07:07 INFO mt5_bot - Balance=102029.96 Equity=102029.96 Spread=0.30 pips
2026-05-06 02:07:07 INFO mt5_bot - Signal=NONE reason=no_closed_bar_crossover price=None trend=bearish rsi=31.2 atr_pips=21.6 adx=46.1
2026-05-06 02:07:07 INFO mt5_bot - ADX boost: adx=46.1 \u2192 risk_pct=1.50%
2026-05-06 02:07:07 INFO mt5_bot - Execution status=skipped reason=no_closed_bar_crossover
2026-05-06 02:07:22 INFO mt5_bot - Balance=102029.96 Equity=102029.96 Spread=0.30 pips
2026-05-06 02:07:22 INFO mt5_bot - Signal=NONE reason=no_closed_bar_crossover price=None trend=bearish rsi=31.2 atr_pips=21.6 adx=46.1
2026-05-06 02:07:22 INFO mt5_bot - ADX boost: adx=46.1 \u2192 risk_pct=1.50%
2026-05-06 02:07:22 INFO mt5_bot - Execution status=skipped reason=no_closed_bar_crossover
2026-05-06 02:07:37 INFO mt5_bot - Balance=102029.96 Equity=102029.96 Spread=0.30 pips
2026-05-06 02:07:37 INFO mt5_bot - Signal=NONE reason=no_closed_bar_crossover price=None trend=bearish rsi=31.2 atr_pips=21.6 adx=46.1
2026-05-06 02:07:37 INFO mt5_bot - ADX boost: adx=46.1 \u2192 risk_pct=1.50%
2026-05-06 02:07:37 INFO mt5_bot - Execution status=skipped reason=no_closed_bar_crossover
2026-05-06 02:07:52 INFO mt5_bot - Balance=102029.96 Equity=102029.96 Spread=0.30 pips
2026-05-06 02:07:52 INFO mt5_bot - Signal=NONE reason=no_closed_bar_crossover price=None trend=bearish rsi=31.2 atr_pips=21.6 adx=46.1
2026-05-06 02:07:52 INFO mt5_bot - ADX boost: adx=46.1 \u2192 risk_pct=1.50%
2026-05-06 02:07:52 INFO mt5_bot - Execution status=skipped reason=no_closed_bar_crossover
2026-05-06 02:08:07 INFO mt5_bot - Balance=102029.96 Equity=102029.96 Spread=0.30 pips
2026-05-06 02:08:07 INFO mt5_bot - Signal=NONE reason=no_closed_bar_crossover price=None trend=bearish rsi=31.2 atr_pips=21.6 adx=46.1
2026-05-06 02:08:07 INFO mt5_bot - ADX boost: adx=46.1 \u2192 risk_pct=1.50%
2026-05-06 02:08:07 INFO mt5_bot - Execution status=skipped reason=no_closed_bar_crossover
2026-05-06 02:08:22 INFO mt5_bot - Balance=102029.96 Equity=102029.96 Spread=0.30 pips
2026-05-06 02:08:22 INFO mt5_bot - Signal=NONE reason=no_closed_bar_crossover price=None trend=bearish rsi=31.2 atr_pips=21.6 adx=46.1
2026-05-06 02:08:22 INFO mt5_bot - ADX boost: adx=46.1 \u2192 risk_pct=1.50%
2026-05-06 02:08:22 INFO mt5_bot - Execution status=skipped reason=no_closed_bar_crossover
2026-05-06 02:08:37 INFO mt5_bot - Balance=102029.96 Equity=102029.96 Spread=0.30 pips
2026-05-06 02:08:37 INFO mt5_bot - Signal=NONE reason=no_closed_bar_crossover price=None trend=bearish rsi=31.2 atr_pips=21.6 adx=46.1
2026-05-06 02:08:37 INFO mt5_bot - ADX boost: adx=46.1 \u2192 risk_pct=1.50%
2026-05-06 02:08:37 INFO mt5_bot - Execution status=skipped reason=no_closed_bar_crossover
2026-05-06 02:08:52 INFO mt5_bot - Balance=102029.96 Equity=102029.96 Spread=0.30 pips
2026-05-06 02:08:52 INFO mt5_bot - Signal=NONE reason=no_closed_bar_crossover price=None trend=bearish rsi=31.2 atr_pips=21.6 adx=46.1
2026-05-06 02:08:52 INFO mt5_bot - ADX boost: adx=46.1 \u2192 risk_pct=1.50%
2026-05-06 02:08:52 INFO mt5_bot - Execution status=skipped reason=no_closed_bar_crossover
2026-05-06 02:09:07 INFO mt5_bot - Balance=102029.96 Equity=102029.96 Spread=0.30 pips
2026-05-06 02:09:07 INFO mt5_bot - Signal=NONE reason=no_closed_bar_crossover price=None trend=bearish rsi=31.2 atr_pips=21.6 adx=46.1
2026-05-06 02:09:07 INFO mt5_bot - ADX boost: adx=46.1 \u2192 risk_pct=1.50%
2026-05-06 02:09:07 INFO mt5_bot - Execution status=skipped reason=no_closed_bar_crossover
2026-05-06 02:09:22 INFO mt5_bot - Balance=102029.96 Equity=102029.96 Spread=0.30 pips
2026-05-06 02:09:22 INFO mt5_bot - Signal=NONE reason=no_closed_bar_crossover price=None trend=bearish rsi=31.2 atr_pips=21.6 adx=46.1
2026-05-06 02:09:22 INFO mt5_bot - ADX boost: adx=46.1 \u2192 risk_pct=1.50%
2026-05-06 02:09:22 INFO mt5_bot - Execution status=skipped reason=no_closed_bar_crossover
2026-05-06 02:09:37 INFO mt5_bot - Balance=102029.96 Equity=102029.96 Spread=0.30 pips
2026-05-06 02:09:37 INFO mt5_bot - Signal=NONE reason=no_closed_bar_crossover price=None trend=bearish rsi=31.2 atr_pips=21.6 adx=46.1
2026-05-06 02:09:37 INFO mt5_bot - ADX boost: adx=46.1 \u2192 risk_pct=1.50%
2026-05-06 02:09:37 INFO mt5_bot - Execution status=skipped reason=no_closed_bar_crossover
2026-05-06 02:09:52 INFO mt5_bot - Balance=102029.96 Equity=102029.96 Spread=0.30 pips
2026-05-06 02:09:52 INFO mt5_bot - Signal=NONE reason=no_closed_bar_crossover price=None trend=bearish rsi=31.2 atr_pips=21.6 adx=46.1
2026-05-06 02:09:52 INFO mt5_bot - ADX boost: adx=46.1 \u2192 risk_pct=1.50%
2026-05-06 02:09:52 INFO mt5_bot - Execution status=skipped reason=no_closed_bar_crossover
2026-05-06 02:10:07 INFO mt5_bot - Balance=102029.96 Equity=102029.96 Spread=0.30 pips
2026-05-06 02:10:07 INFO mt5_bot - Signal=NONE reason=no_closed_bar_crossover price=None trend=bearish rsi=31.2 atr_pips=21.6 adx=46.1
2026-05-06 02:10:07 INFO mt5_bot - ADX boost: adx=46.1 \u2192 risk_pct=1.50%
2026-05-06 02:10:07 INFO mt5_bot - Execution status=skipped reason=no_closed_bar_crossover
2026-05-06 02:10:22 INFO mt5_bot - Balance=102029.96 Equity=102029.96 Spread=0.30 pips
2026-05-06 02:10:22 INFO mt5_bot - Signal=NONE reason=no_closed_bar_crossover price=None trend=bearish rsi=31.2 atr_pips=21.6 adx=46.1
2026-05-06 02:10:22 INFO mt5_bot - ADX boost: adx=46.1 \u2192 risk_pct=1.50%
2026-05-06 02:10:22 INFO mt5_bot - Execution status=skipped reason=no_closed_bar_crossover
2026-05-06 02:10:37 INFO mt5_bot - Balance=102029.96 Equity=102029.96 Spread=0.30 pips
2026-05-06 02:10:37 INFO mt5_bot - Signal=NONE reason=no_closed_bar_crossover price=None trend=bearish rsi=31.2 atr_pips=21.6 adx=46.1
2026-05-06 02:10:37 INFO mt5_bot - ADX boost: adx=46.1 \u2192 risk_pct=1.50%
2026-05-06 02:10:37 INFO mt5_bot - Execution status=skipped reason=no_closed_bar_crossover
2026-05-06 02:10:52 INFO mt5_bot - Balance=102029.96 Equity=102029.96 Spread=0.30 pips
2026-05-06 02:10:52 INFO mt5_bot - Signal=NONE reason=no_closed_bar_crossover price=None trend=bearish rsi=31.2 atr_pips=21.6 adx=46.1
2026-05-06 02:10:52 INFO mt5_bot - ADX boost: adx=46.1 \u2192 risk_pct=1.50%
2026-05-06 02:10:52 INFO mt5_bot - Execution status=skipped reason=no_closed_bar_crossover
2026-05-06 02:11:07 INFO mt5_bot - Balance=102029.96 Equity=102029.96 Spread=0.30 pips
2026-05-06 02:11:07 INFO mt5_bot - Signal=NONE reason=no_closed_bar_crossover price=None trend=bearish rsi=31.2 atr_pips=21.6 adx=46.1
2026-05-06 02:11:07 INFO mt5_bot - ADX boost: adx=46.1 \u2192 risk_pct=1.50%
2026-05-06 02:11:07 INFO mt5_bot - Execution status=skipped reason=no_closed_bar_crossover
2026-05-06 02:11:22 INFO mt5_bot - Balance=102029.96 Equity=102029.96 Spread=0.30 pips
2026-05-06 02:11:22 INFO mt5_bot - Signal=NONE reason=no_closed_bar_crossover price=None trend=bearish rsi=31.2 atr_pips=21.6 adx=46.1
2026-05-06 02:11:22 INFO mt5_bot - ADX boost: adx=46.1 \u2192 risk_pct=1.50%
2026-05-06 02:11:22 INFO mt5_bot - Execution status=skipped reason=no_closed_bar_crossover
2026-05-06 02:11:37 INFO mt5_bot - Balance=102029.96 Equity=102029.96 Spread=0.30 pips
2026-05-06 02:11:37 INFO mt5_bot - Signal=NONE reason=no_closed_bar_crossover price=None trend=bearish rsi=31.2 atr_pips=21.6 adx=46.1
2026-05-06 02:11:37 INFO mt5_bot - ADX boost: adx=46.1 \u2192 risk_pct=1.50%
2026-05-06 02:11:37 INFO mt5_bot - Execution status=skipped reason=no_closed_bar_crossover
2026-05-06 02:11:52 INFO mt5_bot - Balance=102029.96 Equity=102029.96 Spread=0.30 pips
2026-05-06 02:11:52 INFO mt5_bot - Signal=NONE reason=no_closed_bar_crossover price=None trend=bearish rsi=31.2 atr_pips=21.6 adx=46.1
2026-05-06 02:11:52 INFO mt5_bot - ADX boost: adx=46.1 \u2192 risk_pct=1.50%
2026-05-06 02:11:52 INFO mt5_bot - Execution status=skipped reason=no_closed_bar_crossover
2026-05-06 02:12:07 INFO mt5_bot - Balance=102029.96 Equity=102029.96 Spread=0.30 pips
2026-05-06 02:12:07 INFO mt5_bot - Signal=NONE reason=no_closed_bar_crossover price=None trend=bearish rsi=31.2 atr_pips=21.6 adx=46.1
2026-05-06 02:12:07 INFO mt5_bot - ADX boost: adx=46.1 \u2192 risk_pct=1.50%
2026-05-06 02:12:07 INFO mt5_bot - Execution status=skipped reason=no_closed_bar_crossover
2026-05-06 02:12:22 INFO mt5_bot - Balance=102029.96 Equity=102029.96 Spread=0.30 pips
2026-05-06 02:12:22 INFO mt5_bot - Signal=NONE reason=no_closed_bar_crossover price=None trend=bearish rsi=31.2 atr_pips=21.6 adx=46.1
2026-05-06 02:12:22 INFO mt5_bot - ADX boost: adx=46.1 \u2192 risk_pct=1.50%
2026-05-06 02:12:22 INFO mt5_bot - Execution status=skipped reason=no_closed_bar_crossover
2026-05-06 02:12:37 INFO mt5_bot - Balance=102029.96 Equity=102029.96 Spread=0.30 pips
2026-05-06 02:12:37 INFO mt5_bot - Signal=NONE reason=no_closed_bar_crossover price=None trend=bearish rsi=31.2 atr_pips=21.6 adx=46.1
2026-05-06 02:12:37 INFO mt5_bot - ADX boost: adx=46.1 \u2192 risk_pct=1.50%
2026-05-06 02:12:37 INFO mt5_bot - Execution status=skipped reason=no_closed_bar_crossover
2026-05-06 02:12:52 INFO mt5_bot - Balance=102029.96 Equity=102029.96 Spread=0.30 pips
2026-05-06 02:12:52 INFO mt5_bot - Signal=NONE reason=no_closed_bar_crossover price=None trend=bearish rsi=31.2 atr_pips=21.6 adx=46.1
2026-05-06 02:12:52 INFO mt5_bot - ADX boost: adx=46.1 \u2192 risk_pct=1.50%
2026-05-06 02:12:52 INFO mt5_bot - Execution status=skipped reason=no_closed_bar_crossover
2026-05-06 02:13:07 INFO mt5_bot - Balance=102029.96 Equity=102029.96 Spread=0.30 pips
2026-05-06 02:13:07 INFO mt5_bot - Signal=NONE reason=no_closed_bar_crossover price=None trend=bearish rsi=31.2 atr_pips=21.6 adx=46.1
2026-05-06 02:13:07 INFO mt5_bot - ADX boost: adx=46.1 \u2192 risk_pct=1.50%
2026-05-06 02:13:07 INFO mt5_bot - Execution status=skipped reason=no_closed_bar_crossover
2026-05-06 02:13:22 INFO mt5_bot - Balance=102029.96 Equity=102029.96 Spread=0.30 pips
2026-05-06 02:13:22 INFO mt5_bot - Signal=NONE reason=no_closed_bar_crossover price=None trend=bearish rsi=31.2 atr_pips=21.6 adx=46.1
2026-05-06 02:13:22 INFO mt5_bot - ADX boost: adx=46.1 \u2192 risk_pct=1.50%
2026-05-06 02:13:22 INFO mt5_bot - Execution status=skipped reason=no_closed_bar_crossover
2026-05-06 02:13:37 INFO mt5_bot - Balance=102029.96 Equity=102029.96 Spread=0.30 pips
2026-05-06 02:13:37 INFO mt5_bot - Signal=NONE reason=no_closed_bar_crossover price=None trend=bearish rsi=31.2 atr_pips=21.6 adx=46.1
2026-05-06 02:13:37 INFO mt5_bot - ADX boost: adx=46.1 \u2192 risk_pct=1.50%
2026-05-06 02:13:37 INFO mt5_bot - Execution status=skipped reason=no_closed_bar_crossover
2026-05-06 02:13:52 INFO mt5_bot - Balance=102029.96 Equity=102029.96 Spread=0.30 pips
2026-05-06 02:13:52 INFO mt5_bot - Signal=NONE reason=no_closed_bar_crossover price=None trend=bearish rsi=31.2 atr_pips=21.6 adx=46.1
2026-05-06 02:13:52 INFO mt5_bot - ADX boost: adx=46.1 \u2192 risk_pct=1.50%
2026-05-06 02:13:52 INFO mt5_bot - Execution status=skipped reason=no_closed_bar_crossover
2026-05-06 02:14:07 INFO mt5_bot - Balance=102029.96 Equity=102029.96 Spread=0.30 pips
2026-05-06 02:14:07 INFO mt5_bot - Signal=NONE reason=no_closed_bar_crossover price=None trend=bearish rsi=31.2 atr_pips=21.6 adx=46.1
2026-05-06 02:14:07 INFO mt5_bot - ADX boost: adx=46.1 \u2192 risk_pct=1.50%
2026-05-06 02:14:07 INFO mt5_bot - Execution status=skipped reason=no_closed_bar_crossover
2026-05-06 02:14:22 INFO mt5_bot - Balance=102029.96 Equity=102029.96 Spread=0.30 pips
2026-05-06 02:14:22 INFO mt5_bot - Signal=NONE reason=no_closed_bar_crossover price=None trend=bearish rsi=31.2 atr_pips=21.6 adx=46.1
2026-05-06 02:14:22 INFO mt5_bot - ADX boost: adx=46.1 \u2192 risk_pct=1.50%
2026-05-06 02:14:22 INFO mt5_bot - Execution status=skipped reason=no_closed_bar_crossover
2026-05-06 02:14:37 INFO mt5_bot - Balance=102029.96 Equity=102029.96 Spread=0.30 pips
2026-05-06 02:14:37 INFO mt5_bot - Signal=NONE reason=no_closed_bar_crossover price=None trend=bearish rsi=31.2 atr_pips=21.6 adx=46.1
2026-05-06 02:14:37 INFO mt5_bot - ADX boost: adx=46.1 \u2192 risk_pct=1.50%
2026-05-06 02:14:37 INFO mt5_bot - Execution status=skipped reason=no_closed_bar_crossover
2026-05-06 02:14:52 INFO mt5_bot - Balance=102029.96 Equity=102029.96 Spread=0.30 pips
2026-05-06 02:14:52 INFO mt5_bot - Signal=NONE reason=no_closed_bar_crossover price=None trend=bearish rsi=31.2 atr_pips=21.6 adx=46.1
2026-05-06 02:14:52 INFO mt5_bot - ADX boost: adx=46.1 \u2192 risk_pct=1.50%
2026-05-06 02:14:52 INFO mt5_bot - Execution status=skipped reason=no_closed_bar_crossover
2026-05-06 02:15:07 INFO mt5_bot - Balance=102029.96 Equity=102029.96 Spread=0.30 pips
2026-05-06 02:15:07 INFO mt5_bot - Signal=NONE reason=no_closed_bar_crossover price=None trend=bearish rsi=37.5 atr_pips=21.2 adx=46.2
2026-05-06 02:15:07 INFO mt5_bot - ADX boost: adx=46.2 \u2192 risk_pct=1.50%
2026-05-06 02:15:07 INFO mt5_bot - Execution status=skipped reason=no_closed_bar_crossover
2026-05-06 02:15:22 INFO mt5_bot - Balance=102029.96 Equity=102029.96 Spread=0.30 pips
2026-05-06 02:15:22 INFO mt5_bot - Signal=NONE reason=no_closed_bar_crossover price=None trend=bearish rsi=37.5 atr_pips=21.2 adx=46.2
2026-05-06 02:15:22 INFO mt5_bot - ADX boost: adx=46.2 \u2192 risk_pct=1.50%
2026-05-06 02:15:22 INFO mt5_bot - Execution status=skipped reason=no_closed_bar_crossover
2026-05-06 02:15:37 INFO mt5_bot - Balance=102029.96 Equity=102029.96 Spread=0.30 pips
2026-05-06 02:15:38 INFO mt5_bot - Signal=NONE reason=no_closed_bar_crossover price=None trend=bearish rsi=37.5 atr_pips=21.2 adx=46.2
2026-05-06 02:15:38 INFO mt5_bot - ADX boost: adx=46.2 \u2192 risk_pct=1.50%
2026-05-06 02:15:38 INFO mt5_bot - Execution status=skipped reason=no_closed_bar_crossover
2026-05-06 02:15:53 INFO mt5_bot - Balance=102029.96 Equity=102029.96 Spread=0.30 pips
2026-05-06 02:15:53 INFO mt5_bot - Signal=NONE reason=no_closed_bar_crossover price=None trend=bearish rsi=37.5 atr_pips=21.2 adx=46.2
2026-05-06 02:15:53 INFO mt5_bot - ADX boost: adx=46.2 \u2192 risk_pct=1.50%
2026-05-06 02:15:53 INFO mt5_bot - Execution status=skipped reason=no_closed_bar_crossover
2026-05-06 02:16:08 INFO mt5_bot - Balance=102029.96 Equity=102029.96 Spread=0.30 pips
2026-05-06 02:16:08 INFO mt5_bot - Signal=NONE reason=no_closed_bar_crossover price=None trend=bearish rsi=37.5 atr_pips=21.2 adx=46.2
2026-05-06 02:16:08 INFO mt5_bot - ADX boost: adx=46.2 \u2192 risk_pct=1.50%
2026-05-06 02:16:08 INFO mt5_bot - Execution status=skipped reason=no_closed_bar_crossover
2026-05-06 02:16:23 INFO mt5_bot - Balance=102029.96 Equity=102029.96 Spread=0.30 pips
2026-05-06 02:16:23 INFO mt5_bot - Signal=NONE reason=no_closed_bar_crossover price=None trend=bearish rsi=37.5 atr_pips=21.2 adx=46.2
2026-05-06 02:16:23 INFO mt5_bot - ADX boost: adx=46.2 \u2192 risk_pct=1.50%
2026-05-06 02:16:23 INFO mt5_bot - Execution status=skipped reason=no_closed_bar_crossover
2026-05-06 02:16:38 INFO mt5_bot - Balance=102029.96 Equity=102029.96 Spread=0.30 pips
2026-05-06 02:16:38 INFO mt5_bot - Signal=NONE reason=no_closed_bar_crossover price=None trend=bearish rsi=37.5 atr_pips=21.2 adx=46.2
2026-05-06 02:16:38 INFO mt5_bot - ADX boost: adx=46.2 \u2192 risk_pct=1.50%
2026-05-06 02:16:38 INFO mt5_bot - Execution status=skipped reason=no_closed_bar_crossover
2026-05-06 02:16:53 INFO mt5_bot - Balance=102029.96 Equity=102029.96 Spread=0.30 pips
2026-05-06 02:16:53 INFO mt5_bot - Signal=NONE reason=no_closed_bar_crossover price=None trend=bearish rsi=37.5 atr_pips=21.2 adx=46.2
2026-05-06 02:16:53 INFO mt5_bot - ADX boost: adx=46.2 \u2192 risk_pct=1.50%
2026-05-06 02:16:53 INFO mt5_bot - Execution status=skipped reason=no_closed_bar_crossover
2026-05-06 02:17:08 INFO mt5_bot - Balance=102029.96 Equity=102029.96 Spread=0.30 pips
2026-05-06 02:17:08 INFO mt5_bot - Signal=NONE reason=no_closed_bar_crossover price=None trend=bearish rsi=37.5 atr_pips=21.2 adx=46.2
2026-05-06 02:17:08 INFO mt5_bot - ADX boost: adx=46.2 \u2192 risk_pct=1.50%
2026-05-06 02:17:08 INFO mt5_bot - Execution status=skipped reason=no_closed_bar_crossover
2026-05-06 02:17:23 INFO mt5_bot - Balance=102029.96 Equity=102029.96 Spread=0.30 pips
2026-05-06 02:17:23 INFO mt5_bot - Signal=NONE reason=no_closed_bar_crossover price=None trend=bearish rsi=37.5 atr_pips=21.2 adx=46.2
2026-05-06 02:17:23 INFO mt5_bot - ADX boost: adx=46.2 \u2192 risk_pct=1.50%
2026-05-06 02:17:23 INFO mt5_bot - Execution status=skipped reason=no_closed_bar_crossover
2026-05-06 02:17:38 INFO mt5_bot - Balance=102029.96 Equity=102029.96 Spread=0.30 pips
2026-05-06 02:17:38 INFO mt5_bot - Signal=NONE reason=no_closed_bar_crossover price=None trend=bearish rsi=37.5 atr_pips=21.2 adx=46.2
2026-05-06 02:17:38 INFO mt5_bot - ADX boost: adx=46.2 \u2192 risk_pct=1.50%
2026-05-06 02:17:38 INFO mt5_bot - Execution status=skipped reason=no_closed_bar_crossover
2026-05-06 02:17:53 INFO mt5_bot - Balance=102029.96 Equity=102029.96 Spread=0.30 pips
2026-05-06 02:17:53 INFO mt5_bot - Signal=NONE reason=no_closed_bar_crossover price=None trend=bearish rsi=37.5 atr_pips=21.2 adx=46.2
2026-05-06 02:17:53 INFO mt5_bot - ADX boost: adx=46.2 \u2192 risk_pct=1.50%
2026-05-06 02:17:53 INFO mt5_bot - Execution status=skipped reason=no_closed_bar_crossover
2026-05-06 02:18:08 INFO mt5_bot - Balance=102029.96 Equity=102029.96 Spread=0.30 pips
2026-05-06 02:18:08 INFO mt5_bot - Signal=NONE reason=no_closed_bar_crossover price=None trend=bearish rsi=37.5 atr_pips=21.2 adx=46.2
2026-05-06 02:18:08 INFO mt5_bot - ADX boost: adx=46.2 \u2192 risk_pct=1.50%
2026-05-06 02:18:08 INFO mt5_bot - Execution status=skipped reason=no_closed_bar_crossover
2026-05-06 02:18:23 INFO mt5_bot - Balance=102029.96 Equity=102029.96 Spread=0.30 pips
2026-05-06 02:18:23 INFO mt5_bot - Signal=NONE reason=no_closed_bar_crossover price=None trend=bearish rsi=37.5 atr_pips=21.2 adx=46.2
2026-05-06 02:18:23 INFO mt5_bot - ADX boost: adx=46.2 \u2192 risk_pct=1.50%
2026-05-06 02:18:23 INFO mt5_bot - Execution status=skipped reason=no_closed_bar_crossover
2026-05-06 02:18:38 INFO mt5_bot - Balance=102029.96 Equity=102029.96 Spread=0.30 pips
2026-05-06 02:18:38 INFO mt5_bot - Signal=NONE reason=no_closed_bar_crossover price=None trend=bearish rsi=37.5 atr_pips=21.2 adx=46.2
2026-05-06 02:18:38 INFO mt5_bot - ADX boost: adx=46.2 \u2192 risk_pct=1.50%
2026-05-06 02:18:38 INFO mt5_bot - Execution status=skipped reason=no_closed_bar_crossover
2026-05-06 02:18:53 INFO mt5_bot - Balance=102029.96 Equity=102029.96 Spread=0.30 pips
2026-05-06 02:18:53 INFO mt5_bot - Signal=NONE reason=no_closed_bar_crossover price=None trend=bearish rsi=37.5 atr_pips=21.2 adx=46.2
2026-05-06 02:18:53 INFO mt5_bot - ADX boost: adx=46.2 \u2192 risk_pct=1.50%
2026-05-06 02:18:53 INFO mt5_bot - Execution status=skipped reason=no_closed_bar_crossover
2026-05-06 02:19:08 INFO mt5_bot - Balance=102029.96 Equity=102029.96 Spread=0.30 pips
2026-05-06 02:19:08 INFO mt5_bot - Signal=NONE reason=no_closed_bar_crossover price=None trend=bearish rsi=37.5 atr_pips=21.2 adx=46.2
2026-05-06 02:19:08 INFO mt5_bot - ADX boost: adx=46.2 \u2192 risk_pct=1.50%
2026-05-06 02:19:08 INFO mt5_bot - Execution status=skipped reason=no_closed_bar_crossover
2026-05-06 02:19:23 INFO mt5_bot - Balance=102029.96 Equity=102029.96 Spread=0.30 pips
2026-05-06 02:19:23 INFO mt5_bot - Signal=NONE reason=no_closed_bar_crossover price=None trend=bearish rsi=37.5 atr_pips=21.2 adx=46.2
2026-05-06 02:19:23 INFO mt5_bot - ADX boost: adx=46.2 \u2192 risk_pct=1.50%
2026-05-06 02:19:23 INFO mt5_bot - Execution status=skipped reason=no_closed_bar_crossover
2026-05-06 02:19:38 INFO mt5_bot - Balance=102029.96 Equity=102029.96 Spread=0.30 pips
2026-05-06 02:19:38 INFO mt5_bot - Signal=NONE reason=no_closed_bar_crossover price=None trend=bearish rsi=37.5 atr_pips=21.2 adx=46.2
2026-05-06 02:19:38 INFO mt5_bot - ADX boost: adx=46.2 \u2192 risk_pct=1.50%
2026-05-06 02:19:38 INFO mt5_bot - Execution status=skipped reason=no_closed_bar_crossover
2026-05-06 02:19:53 INFO mt5_bot - Balance=102029.96 Equity=102029.96 Spread=0.30 pips
2026-05-06 02:19:53 INFO mt5_bot - Signal=NONE reason=no_closed_bar_crossover price=None trend=bearish rsi=37.5 atr_pips=21.2 adx=46.2
2026-05-06 02:19:53 INFO mt5_bot - ADX boost: adx=46.2 \u2192 risk_pct=1.50%
2026-05-06 02:19:53 INFO mt5_bot - Execution status=skipped reason=no_closed_bar_crossover
2026-05-06 02:20:08 INFO mt5_bot - Balance=102029.96 Equity=102029.96 Spread=0.30 pips
2026-05-06 02:20:08 INFO mt5_bot - Signal=NONE reason=no_closed_bar_crossover price=None trend=bearish rsi=37.5 atr_pips=21.2 adx=46.2
2026-05-06 02:20:08 INFO mt5_bot - ADX boost: adx=46.2 \u2192 risk_pct=1.50%
2026-05-06 02:20:08 INFO mt5_bot - Execution status=skipped reason=no_closed_bar_crossover
2026-05-06 02:20:23 INFO mt5_bot - Balance=102029.96 Equity=102029.96 Spread=0.30 pips
2026-05-06 02:20:23 INFO mt5_bot - Signal=NONE reason=no_closed_bar_crossover price=None trend=bearish rsi=37.5 atr_pips=21.2 adx=46.2
2026-05-06 02:20:23 INFO mt5_bot - ADX boost: adx=46.2 \u2192 risk_pct=1.50%
2026-05-06 02:20:23 INFO mt5_bot - Execution status=skipped reason=no_closed_bar_crossover
2026-05-06 02:20:38 INFO mt5_bot - Balance=102029.96 Equity=102029.96 Spread=0.30 pips
2026-05-06 02:20:38 INFO mt5_bot - Signal=NONE reason=no_closed_bar_crossover price=None trend=bearish rsi=37.5 atr_pips=21.2 adx=46.2
2026-05-06 02:20:38 INFO mt5_bot - ADX boost: adx=46.2 \u2192 risk_pct=1.50%
2026-05-06 02:20:38 INFO mt5_bot - Execution status=skipped reason=no_closed_bar_crossover
2026-05-06 02:20:53 INFO mt5_bot - Balance=102029.96 Equity=102029.96 Spread=0.30 pips
2026-05-06 02:20:53 INFO mt5_bot - Signal=NONE reason=no_closed_bar_crossover price=None trend=bearish rsi=37.5 atr_pips=21.2 adx=46.2
2026-05-06 02:20:53 INFO mt5_bot - ADX boost: adx=46.2 \u2192 risk_pct=1.50%
2026-05-06 02:20:53 INFO mt5_bot - Execution status=skipped reason=no_closed_bar_crossover
2026-05-06 02:21:08 INFO mt5_bot - Balance=102029.96 Equity=102029.96 Spread=0.30 pips
2026-05-06 02:21:08 INFO mt5_bot - Signal=NONE reason=no_closed_bar_crossover price=None trend=bearish rsi=37.5 atr_pips=21.2 adx=46.2
2026-05-06 02:21:08 INFO mt5_bot - ADX boost: adx=46.2 \u2192 risk_pct=1.50%
2026-05-06 02:21:08 INFO mt5_bot - Execution status=skipped reason=no_closed_bar_crossover
2026-05-06 02:21:23 INFO mt5_bot - Balance=102029.96 Equity=102029.96 Spread=0.30 pips
2026-05-06 02:21:23 INFO mt5_bot - Signal=NONE reason=no_closed_bar_crossover price=None trend=bearish rsi=37.5 atr_pips=21.2 adx=46.2
2026-05-06 02:21:23 INFO mt5_bot - ADX boost: adx=46.2 \u2192 risk_pct=1.50%
2026-05-06 02:21:23 INFO mt5_bot - Execution status=skipped reason=no_closed_bar_crossover
2026-05-06 02:21:38 INFO mt5_bot - Balance=102029.96 Equity=102029.96 Spread=0.30 pips
2026-05-06 02:21:38 INFO mt5_bot - Signal=NONE reason=no_closed_bar_crossover price=None trend=bearish rsi=37.5 atr_pips=21.2 adx=46.2
2026-05-06 02:21:38 INFO mt5_bot - ADX boost: adx=46.2 \u2192 risk_pct=1.50%
2026-05-06 02:21:38 INFO mt5_bot - Execution status=skipped reason=no_closed_bar_crossover
2026-05-06 02:21:53 INFO mt5_bot - Balance=102029.96 Equity=102029.96 Spread=0.30 pips
2026-05-06 02:21:53 INFO mt5_bot - Signal=NONE reason=no_closed_bar_crossover price=None trend=bearish rsi=37.5 atr_pips=21.2 adx=46.2
2026-05-06 02:21:53 INFO mt5_bot - ADX boost: adx=46.2 \u2192 risk_pct=1.50%
2026-05-06 02:21:53 INFO mt5_bot - Execution status=skipped reason=no_closed_bar_crossover
2026-05-06 02:22:08 INFO mt5_bot - Balance=102029.96 Equity=102029.96 Spread=0.30 pips
2026-05-06 02:22:08 INFO mt5_bot - Signal=NONE reason=no_closed_bar_crossover price=None trend=bearish rsi=37.5 atr_pips=21.2 adx=46.2
2026-05-06 02:22:08 INFO mt5_bot - ADX boost: adx=46.2 \u2192 risk_pct=1.50%
2026-05-06 02:22:08 INFO mt5_bot - Execution status=skipped reason=no_closed_bar_crossover
2026-05-06 02:22:23 INFO mt5_bot - Balance=102029.96 Equity=102029.96 Spread=0.30 pips
2026-05-06 02:22:23 INFO mt5_bot - Signal=NONE reason=no_closed_bar_crossover price=None trend=bearish rsi=37.5 atr_pips=21.2 adx=46.2
2026-05-06 02:22:23 INFO mt5_bot - ADX boost: adx=46.2 \u2192 risk_pct=1.50%
2026-05-06 02:22:23 INFO mt5_bot - Execution status=skipped reason=no_closed_bar_crossover
2026-05-06 02:22:38 INFO mt5_bot - Balance=102029.96 Equity=102029.96 Spread=0.30 pips
2026-05-06 02:22:38 INFO mt5_bot - Signal=NONE reason=no_closed_bar_crossover price=None trend=bearish rsi=37.5 atr_pips=21.2 adx=46.2
2026-05-06 02:22:38 INFO mt5_bot - ADX boost: adx=46.2 \u2192 risk_pct=1.50%
2026-05-06 02:22:38 INFO mt5_bot - Execution status=skipped reason=no_closed_bar_crossover
2026-05-06 02:22:53 INFO mt5_bot - Balance=102029.96 Equity=102029.96 Spread=0.30 pips
2026-05-06 02:22:53 INFO mt5_bot - Signal=NONE reason=no_closed_bar_crossover price=None trend=bearish rsi=37.5 atr_pips=21.2 adx=46.2
2026-05-06 02:22:53 INFO mt5_bot - ADX boost: adx=46.2 \u2192 risk_pct=1.50%
2026-05-06 02:22:53 INFO mt5_bot - Execution status=skipped reason=no_closed_bar_crossover
2026-05-06 02:23:08 INFO mt5_bot - Balance=102029.96 Equity=102029.96 Spread=0.30 pips
2026-05-06 02:23:08 INFO mt5_bot - Signal=NONE reason=no_closed_bar_crossover price=None trend=bearish rsi=37.5 atr_pips=21.2 adx=46.2
2026-05-06 02:23:08 INFO mt5_bot - ADX boost: adx=46.2 \u2192 risk_pct=1.50%
2026-05-06 02:23:08 INFO mt5_bot - Execution status=skipped reason=no_closed_bar_crossover
2026-05-06 02:23:23 INFO mt5_bot - Balance=102029.96 Equity=102029.96 Spread=0.30 pips
2026-05-06 02:23:23 INFO mt5_bot - Signal=NONE reason=no_closed_bar_crossover price=None trend=bearish rsi=37.5 atr_pips=21.2 adx=46.2
2026-05-06 02:23:23 INFO mt5_bot - ADX boost: adx=46.2 \u2192 risk_pct=1.50%
2026-05-06 02:23:23 INFO mt5_bot - Execution status=skipped reason=no_closed_bar_crossover
2026-05-06 02:23:38 INFO mt5_bot - Balance=102029.96 Equity=102029.96 Spread=0.30 pips
2026-05-06 02:23:38 INFO mt5_bot - Signal=NONE reason=no_closed_bar_crossover price=None trend=bearish rsi=37.5 atr_pips=21.2 adx=46.2
2026-05-06 02:23:38 INFO mt5_bot - ADX boost: adx=46.2 \u2192 risk_pct=1.50%
2026-05-06 02:23:38 INFO mt5_bot - Execution status=skipped reason=no_closed_bar_crossover
2026-05-06 02:23:53 INFO mt5_bot - Balance=102029.96 Equity=102029.96 Spread=0.30 pips
2026-05-06 02:23:53 INFO mt5_bot - Signal=NONE reason=no_closed_bar_crossover price=None trend=bearish rsi=37.5 atr_pips=21.2 adx=46.2
2026-05-06 02:23:53 INFO mt5_bot - ADX boost: adx=46.2 \u2192 risk_pct=1.50%
2026-05-06 02:23:53 INFO mt5_bot - Execution status=skipped reason=no_closed_bar_crossover
2026-05-06 02:24:08 INFO mt5_bot - Balance=102029.96 Equity=102029.96 Spread=0.30 pips
2026-05-06 02:24:08 INFO mt5_bot - Signal=NONE reason=no_closed_bar_crossover price=None trend=bearish rsi=37.5 atr_pips=21.2 adx=46.2
2026-05-06 02:24:08 INFO mt5_bot - ADX boost: adx=46.2 \u2192 risk_pct=1.50%
2026-05-06 02:24:08 INFO mt5_bot - Execution status=skipped reason=no_closed_bar_crossover
2026-05-06 02:24:23 INFO mt5_bot - Balance=102029.96 Equity=102029.96 Spread=0.30 pips
2026-05-06 02:24:23 INFO mt5_bot - Signal=NONE reason=no_closed_bar_crossover price=None trend=bearish rsi=37.5 atr_pips=21.2 adx=46.2
2026-05-06 02:24:23 INFO mt5_bot - ADX boost: adx=46.2 \u2192 risk_pct=1.50%
2026-05-06 02:24:23 INFO mt5_bot - Execution status=skipped reason=no_closed_bar_crossover
2026-05-06 02:24:38 INFO mt5_bot - Balance=102029.96 Equity=102029.96 Spread=0.30 pips
2026-05-06 02:24:38 INFO mt5_bot - Signal=NONE reason=no_closed_bar_crossover price=None trend=bearish rsi=37.5 atr_pips=21.2 adx=46.2
2026-05-06 02:24:38 INFO mt5_bot - ADX boost: adx=46.2 \u2192 risk_pct=1.50%
2026-05-06 02:24:38 INFO mt5_bot - Execution status=skipped reason=no_closed_bar_crossover
2026-05-06 02:24:53 INFO mt5_bot - Balance=102029.96 Equity=102029.96 Spread=0.30 pips
2026-05-06 02:24:53 INFO mt5_bot - Signal=NONE reason=no_closed_bar_crossover price=None trend=bearish rsi=37.5 atr_pips=21.2 adx=46.2
2026-05-06 02:24:53 INFO mt5_bot - ADX boost: adx=46.2 \u2192 risk_pct=1.50%
2026-05-06 02:24:53 INFO mt5_bot - Execution status=skipped reason=no_closed_bar_crossover
2026-05-06 02:25:08 INFO mt5_bot - Balance=102029.96 Equity=102029.96 Spread=0.30 pips
2026-05-06 02:25:08 INFO mt5_bot - Signal=NONE reason=no_closed_bar_crossover price=None trend=bearish rsi=37.5 atr_pips=21.2 adx=46.2
2026-05-06 02:25:08 INFO mt5_bot - ADX boost: adx=46.2 \u2192 risk_pct=1.50%
2026-05-06 02:25:08 INFO mt5_bot - Execution status=skipped reason=no_closed_bar_crossover
2026-05-06 02:25:23 INFO mt5_bot - Balance=102029.96 Equity=102029.96 Spread=0.30 pips
2026-05-06 02:25:23 INFO mt5_bot - Signal=NONE reason=no_closed_bar_crossover price=None trend=bearish rsi=37.5 atr_pips=21.2 adx=46.2
2026-05-06 02:25:23 INFO mt5_bot - ADX boost: adx=46.2 \u2192 risk_pct=1.50%
2026-05-06 02:25:23 INFO mt5_bot - Execution status=skipped reason=no_closed_bar_crossover
2026-05-06 02:25:38 INFO mt5_bot - Balance=102029.96 Equity=102029.96 Spread=0.30 pips
2026-05-06 02:25:38 INFO mt5_bot - Signal=NONE reason=no_closed_bar_crossover price=None trend=bearish rsi=37.5 atr_pips=21.2 adx=46.2
2026-05-06 02:25:38 INFO mt5_bot - ADX boost: adx=46.2 \u2192 risk_pct=1.50%
2026-05-06 02:25:38 INFO mt5_bot - Execution status=skipped reason=no_closed_bar_crossover
2026-05-06 02:25:53 INFO mt5_bot - Balance=102029.96 Equity=102029.96 Spread=0.30 pips
2026-05-06 02:25:53 INFO mt5_bot - Signal=NONE reason=no_closed_bar_crossover price=None trend=bearish rsi=37.5 atr_pips=21.2 adx=46.2
2026-05-06 02:25:53 INFO mt5_bot - ADX boost: adx=46.2 \u2192 risk_pct=1.50%
2026-05-06 02:25:53 INFO mt5_bot - Execution status=skipped reason=no_closed_bar_crossover
2026-05-06 02:26:08 INFO mt5_bot - Balance=102029.96 Equity=102029.96 Spread=0.30 pips
2026-05-06 02:26:08 INFO mt5_bot - Signal=NONE reason=no_closed_bar_crossover price=None trend=bearish rsi=37.5 atr_pips=21.2 adx=46.2
2026-05-06 02:26:08 INFO mt5_bot - ADX boost: adx=46.2 \u2192 risk_pct=1.50%
2026-05-06 02:26:08 INFO mt5_bot - Execution status=skipped reason=no_closed_bar_crossover
2026-05-06 02:26:23 INFO mt5_bot - Balance=102029.96 Equity=102029.96 Spread=0.30 pips
2026-05-06 02:26:23 INFO mt5_bot - Signal=NONE reason=no_closed_bar_crossover price=None trend=bearish rsi=37.5 atr_pips=21.2 adx=46.2
2026-05-06 02:26:23 INFO mt5_bot - ADX boost: adx=46.2 \u2192 risk_pct=1.50%
2026-05-06 02:26:23 INFO mt5_bot - Execution status=skipped reason=no_closed_bar_crossover
2026-05-06 02:26:38 INFO mt5_bot - Balance=102029.96 Equity=102029.96 Spread=0.30 pips
2026-05-06 02:26:38 INFO mt5_bot - Signal=NONE reason=no_closed_bar_crossover price=None trend=bearish rsi=37.5 atr_pips=21.2 adx=46.2
2026-05-06 02:26:38 INFO mt5_bot - ADX boost: adx=46.2 \u2192 risk_pct=1.50%
2026-05-06 02:26:38 INFO mt5_bot - Execution status=skipped reason=no_closed_bar_crossover
2026-05-06 02:26:53 INFO mt5_bot - Balance=102029.96 Equity=102029.96 Spread=0.30 pips
2026-05-06 02:26:53 INFO mt5_bot - Signal=NONE reason=no_closed_bar_crossover price=None trend=bearish rsi=37.5 atr_pips=21.2 adx=46.2
2026-05-06 02:26:53 INFO mt5_bot - ADX boost: adx=46.2 \u2192 risk_pct=1.50%
2026-05-06 02:26:53 INFO mt5_bot - Execution status=skipped reason=no_closed_bar_crossover
2026-05-06 02:27:08 INFO mt5_bot - Balance=102029.96 Equity=102029.96 Spread=0.30 pips
2026-05-06 02:27:08 INFO mt5_bot - Signal=NONE reason=no_closed_bar_crossover price=None trend=bearish rsi=37.5 atr_pips=21.2 adx=46.2
2026-05-06 02:27:08 INFO mt5_bot - ADX boost: adx=46.2 \u2192 risk_pct=1.50%
2026-05-06 02:27:08 INFO mt5_bot - Execution status=skipped reason=no_closed_bar_crossover
2026-05-06 02:27:23 INFO mt5_bot - Balance=102029.96 Equity=102029.96 Spread=0.30 pips
2026-05-06 02:27:23 INFO mt5_bot - Signal=NONE reason=no_closed_bar_crossover price=None trend=bearish rsi=37.5 atr_pips=21.2 adx=46.2
2026-05-06 02:27:23 INFO mt5_bot - ADX boost: adx=46.2 \u2192 risk_pct=1.50%
2026-05-06 02:27:23 INFO mt5_bot - Execution status=skipped reason=no_closed_bar_crossover
2026-05-06 02:27:38 INFO mt5_bot - Balance=102029.96 Equity=102029.96 Spread=0.30 pips
2026-05-06 02:27:38 INFO mt5_bot - Signal=NONE reason=no_closed_bar_crossover price=None trend=bearish rsi=37.5 atr_pips=21.2 adx=46.2
2026-05-06 02:27:38 INFO mt5_bot - ADX boost: adx=46.2 \u2192 risk_pct=1.50%
2026-05-06 02:27:38 INFO mt5_bot - Execution status=skipped reason=no_closed_bar_crossover
2026-05-06 02:27:53 INFO mt5_bot - Balance=102029.96 Equity=102029.96 Spread=0.30 pips
2026-05-06 02:27:53 INFO mt5_bot - Signal=NONE reason=no_closed_bar_crossover price=None trend=bearish rsi=37.5 atr_pips=21.2 adx=46.2
2026-05-06 02:27:53 INFO mt5_bot - ADX boost: adx=46.2 \u2192 risk_pct=1.50%
2026-05-06 02:27:53 INFO mt5_bot - Execution status=skipped reason=no_closed_bar_crossover
2026-05-06 02:28:08 INFO mt5_bot - Balance=102029.96 Equity=102029.96 Spread=0.30 pips
2026-05-06 02:28:08 INFO mt5_bot - Signal=NONE reason=no_closed_bar_crossover price=None trend=bearish rsi=37.5 atr_pips=21.2 adx=46.2
2026-05-06 02:28:08 INFO mt5_bot - ADX boost: adx=46.2 \u2192 risk_pct=1.50%
2026-05-06 02:28:08 INFO mt5_bot - Execution status=skipped reason=no_closed_bar_crossover
2026-05-06 02:28:23 INFO mt5_bot - Balance=102029.96 Equity=102029.96 Spread=0.30 pips
2026-05-06 02:28:23 INFO mt5_bot - Signal=NONE reason=no_closed_bar_crossover price=None trend=bearish rsi=37.5 atr_pips=21.2 adx=46.2
2026-05-06 02:28:23 INFO mt5_bot - ADX boost: adx=46.2 \u2192 risk_pct=1.50%
2026-05-06 02:28:23 INFO mt5_bot - Execution status=skipped reason=no_closed_bar_crossover
2026-05-06 02:28:38 INFO mt5_bot - Balance=102029.96 Equity=102029.96 Spread=0.30 pips
2026-05-06 02:28:38 INFO mt5_bot - Signal=NONE reason=no_closed_bar_crossover price=None trend=bearish rsi=37.5 atr_pips=21.2 adx=46.2
2026-05-06 02:28:38 INFO mt5_bot - ADX boost: adx=46.2 \u2192 risk_pct=1.50%
2026-05-06 02:28:38 INFO mt5_bot - Execution status=skipped reason=no_closed_bar_crossover
2026-05-06 02:28:53 INFO mt5_bot - Balance=102029.96 Equity=102029.96 Spread=0.30 pips
2026-05-06 02:28:53 INFO mt5_bot - Signal=NONE reason=no_closed_bar_crossover price=None trend=bearish rsi=37.5 atr_pips=21.2 adx=46.2
2026-05-06 02:28:53 INFO mt5_bot - ADX boost: adx=46.2 \u2192 risk_pct=1.50%
2026-05-06 02:28:53 INFO mt5_bot - Execution status=skipped reason=no_closed_bar_crossover
2026-05-06 02:29:08 INFO mt5_bot - Balance=102029.96 Equity=102029.96 Spread=0.30 pips
2026-05-06 02:29:08 INFO mt5_bot - Signal=NONE reason=no_closed_bar_crossover price=None trend=bearish rsi=37.5 atr_pips=21.2 adx=46.2
2026-05-06 02:29:08 INFO mt5_bot - ADX boost: adx=46.2 \u2192 risk_pct=1.50%
2026-05-06 02:29:08 INFO mt5_bot - Execution status=skipped reason=no_closed_bar_crossover
2026-05-06 02:29:23 INFO mt5_bot - Balance=102029.96 Equity=102029.96 Spread=0.30 pips
2026-05-06 02:29:23 INFO mt5_bot - Signal=NONE reason=no_closed_bar_crossover price=None trend=bearish rsi=37.5 atr_pips=21.2 adx=46.2
2026-05-06 02:29:23 INFO mt5_bot - ADX boost: adx=46.2 \u2192 risk_pct=1.50%
2026-05-06 02:29:23 INFO mt5_bot - Execution status=skipped reason=no_closed_bar_crossover
2026-05-06 02:29:38 INFO mt5_bot - Balance=102029.96 Equity=102029.96 Spread=0.30 pips
2026-05-06 02:29:38 INFO mt5_bot - Signal=NONE reason=no_closed_bar_crossover price=None trend=bearish rsi=37.5 atr_pips=21.2 adx=46.2
2026-05-06 02:29:38 INFO mt5_bot - ADX boost: adx=46.2 \u2192 risk_pct=1.50%
2026-05-06 02:29:38 INFO mt5_bot - Execution status=skipped reason=no_closed_bar_crossover
2026-05-06 02:29:53 INFO mt5_bot - Balance=102029.96 Equity=102029.96 Spread=0.30 pips
2026-05-06 02:29:53 INFO mt5_bot - Signal=NONE reason=no_closed_bar_crossover price=None trend=bearish rsi=37.5 atr_pips=21.2 adx=46.2
2026-05-06 02:29:53 INFO mt5_bot - ADX boost: adx=46.2 \u2192 risk_pct=1.50%
2026-05-06 02:29:53 INFO mt5_bot - Execution status=skipped reason=no_closed_bar_crossover
2026-05-06 02:30:08 INFO mt5_bot - Balance=102029.96 Equity=102029.96 Spread=0.30 pips
2026-05-06 02:30:08 INFO mt5_bot - Signal=NONE reason=no_closed_bar_crossover price=None trend=bearish rsi=36.5 atr_pips=20.6 adx=46.1
2026-05-06 02:30:08 INFO mt5_bot - ADX boost: adx=46.1 \u2192 risk_pct=1.50%
2026-05-06 02:30:08 INFO mt5_bot - Execution status=skipped reason=no_closed_bar_crossover
2026-05-06 02:30:23 INFO mt5_bot - Balance=102029.96 Equity=102029.96 Spread=0.30 pips
2026-05-06 02:30:23 INFO mt5_bot - Signal=NONE reason=no_closed_bar_crossover price=None trend=bearish rsi=36.5 atr_pips=20.6 adx=46.1
2026-05-06 02:30:23 INFO mt5_bot - ADX boost: adx=46.1 \u2192 risk_pct=1.50%
2026-05-06 02:30:23 INFO mt5_bot - Execution status=skipped reason=no_closed_bar_crossover
2026-05-06 02:30:38 INFO mt5_bot - Balance=102029.96 Equity=102029.96 Spread=0.30 pips
2026-05-06 02:30:38 INFO mt5_bot - Signal=NONE reason=no_closed_bar_crossover price=None trend=bearish rsi=36.5 atr_pips=20.6 adx=46.1
2026-05-06 02:30:38 INFO mt5_bot - ADX boost: adx=46.1 \u2192 risk_pct=1.50%
2026-05-06 02:30:38 INFO mt5_bot - Execution status=skipped reason=no_closed_bar_crossover
2026-05-06 02:30:53 INFO mt5_bot - Balance=102029.96 Equity=102029.96 Spread=0.30 pips
2026-05-06 02:30:53 INFO mt5_bot - Signal=NONE reason=no_closed_bar_crossover price=None trend=bearish rsi=36.5 atr_pips=20.6 adx=46.1
2026-05-06 02:30:53 INFO mt5_bot - ADX boost: adx=46.1 \u2192 risk_pct=1.50%
2026-05-06 02:30:53 INFO mt5_bot - Execution status=skipped reason=no_closed_bar_crossover
2026-05-06 02:31:08 INFO mt5_bot - Balance=102029.96 Equity=102029.96 Spread=0.30 pips
2026-05-06 02:31:08 INFO mt5_bot - Signal=NONE reason=no_closed_bar_crossover price=None trend=bearish rsi=36.5 atr_pips=20.6 adx=46.1
2026-05-06 02:31:08 INFO mt5_bot - ADX boost: adx=46.1 \u2192 risk_pct=1.50%
2026-05-06 02:31:08 INFO mt5_bot - Execution status=skipped reason=no_closed_bar_crossover
2026-05-06 02:31:23 INFO mt5_bot - Balance=102029.96 Equity=102029.96 Spread=0.30 pips
2026-05-06 02:31:23 INFO mt5_bot - Signal=NONE reason=no_closed_bar_crossover price=None trend=bearish rsi=36.5 atr_pips=20.6 adx=46.1
2026-05-06 02:31:23 INFO mt5_bot - ADX boost: adx=46.1 \u2192 risk_pct=1.50%
2026-05-06 02:31:23 INFO mt5_bot - Execution status=skipped reason=no_closed_bar_crossover
2026-05-06 02:31:39 INFO mt5_bot - Balance=102029.96 Equity=102029.96 Spread=0.30 pips
2026-05-06 02:31:39 INFO mt5_bot - Signal=NONE reason=no_closed_bar_crossover price=None trend=bearish rsi=36.5 atr_pips=20.6 adx=46.1
2026-05-06 02:31:39 INFO mt5_bot - ADX boost: adx=46.1 \u2192 risk_pct=1.50%
2026-05-06 02:31:39 INFO mt5_bot - Execution status=skipped reason=no_closed_bar_crossover
2026-05-06 02:31:54 INFO mt5_bot - Balance=102029.96 Equity=102029.96 Spread=0.30 pips
2026-05-06 02:31:54 INFO mt5_bot - Signal=NONE reason=no_closed_bar_crossover price=None trend=bearish rsi=36.5 atr_pips=20.6 adx=46.1
2026-05-06 02:31:54 INFO mt5_bot - ADX boost: adx=46.1 \u2192 risk_pct=1.50%
2026-05-06 02:31:54 INFO mt5_bot - Execution status=skipped reason=no_closed_bar_crossover
2026-05-06 02:32:09 INFO mt5_bot - Balance=102029.96 Equity=102029.96 Spread=0.30 pips
2026-05-06 02:32:09 INFO mt5_bot - Signal=NONE reason=no_closed_bar_crossover price=None trend=bearish rsi=36.5 atr_pips=20.6 adx=46.1
2026-05-06 02:32:09 INFO mt5_bot - ADX boost: adx=46.1 \u2192 risk_pct=1.50%
2026-05-06 02:32:09 INFO mt5_bot - Execution status=skipped reason=no_closed_bar_crossover
2026-05-06 02:32:24 INFO mt5_bot - Balance=102029.96 Equity=102029.96 Spread=0.30 pips
2026-05-06 02:32:24 INFO mt5_bot - Signal=NONE reason=no_closed_bar_crossover price=None trend=bearish rsi=36.5 atr_pips=20.6 adx=46.1
2026-05-06 02:32:24 INFO mt5_bot - ADX boost: adx=46.1 \u2192 risk_pct=1.50%
2026-05-06 02:32:24 INFO mt5_bot - Execution status=skipped reason=no_closed_bar_crossover
2026-05-06 02:32:39 INFO mt5_bot - Balance=102029.96 Equity=102029.96 Spread=0.30 pips
2026-05-06 02:32:39 INFO mt5_bot - Signal=NONE reason=no_closed_bar_crossover price=None trend=bearish rsi=36.5 atr_pips=20.6 adx=46.1
2026-05-06 02:32:39 INFO mt5_bot - ADX boost: adx=46.1 \u2192 risk_pct=1.50%
2026-05-06 02:32:39 INFO mt5_bot - Execution status=skipped reason=no_closed_bar_crossover
2026-05-06 02:32:54 INFO mt5_bot - Balance=102029.96 Equity=102029.96 Spread=0.30 pips
2026-05-06 02:32:54 INFO mt5_bot - Signal=NONE reason=no_closed_bar_crossover price=None trend=bearish rsi=36.5 atr_pips=20.6 adx=46.1
2026-05-06 02:32:54 INFO mt5_bot - ADX boost: adx=46.1 \u2192 risk_pct=1.50%
2026-05-06 02:32:54 INFO mt5_bot - Execution status=skipped reason=no_closed_bar_crossover
2026-05-06 02:33:09 INFO mt5_bot - Balance=102029.96 Equity=102029.96 Spread=0.30 pips
2026-05-06 02:33:09 INFO mt5_bot - Signal=NONE reason=no_closed_bar_crossover price=None trend=bearish rsi=36.5 atr_pips=20.6 adx=46.1
2026-05-06 02:33:09 INFO mt5_bot - ADX boost: adx=46.1 \u2192 risk_pct=1.50%
2026-05-06 02:33:09 INFO mt5_bot - Execution status=skipped reason=no_closed_bar_crossover
2026-05-06 02:33:24 INFO mt5_bot - Balance=102029.96 Equity=102029.96 Spread=0.30 pips
2026-05-06 02:33:24 INFO mt5_bot - Signal=NONE reason=no_closed_bar_crossover price=None trend=bearish rsi=36.5 atr_pips=20.6 adx=46.1
2026-05-06 02:33:24 INFO mt5_bot - ADX boost: adx=46.1 \u2192 risk_pct=1.50%
2026-05-06 02:33:24 INFO mt5_bot - Execution status=skipped reason=no_closed_bar_crossover
2026-05-06 02:33:39 INFO mt5_bot - Balance=102029.96 Equity=102029.96 Spread=0.30 pips
2026-05-06 02:33:39 INFO mt5_bot - Signal=NONE reason=no_closed_bar_crossover price=None trend=bearish rsi=36.5 atr_pips=20.6 adx=46.1
2026-05-06 02:33:39 INFO mt5_bot - ADX boost: adx=46.1 \u2192 risk_pct=1.50%
2026-05-06 02:33:39 INFO mt5_bot - Execution status=skipped reason=no_closed_bar_crossover
2026-05-06 02:33:54 INFO mt5_bot - Balance=102029.96 Equity=102029.96 Spread=0.30 pips
2026-05-06 02:33:54 INFO mt5_bot - Signal=NONE reason=no_closed_bar_crossover price=None trend=bearish rsi=36.5 atr_pips=20.6 adx=46.1
2026-05-06 02:33:54 INFO mt5_bot - ADX boost: adx=46.1 \u2192 risk_pct=1.50%
2026-05-06 02:33:54 INFO mt5_bot - Execution status=skipped reason=no_closed_bar_crossover
2026-05-06 02:34:09 INFO mt5_bot - Balance=102029.96 Equity=102029.96 Spread=0.30 pips
2026-05-06 02:34:09 INFO mt5_bot - Signal=NONE reason=no_closed_bar_crossover price=None trend=bearish rsi=36.5 atr_pips=20.6 adx=46.1
2026-05-06 02:34:09 INFO mt5_bot - ADX boost: adx=46.1 \u2192 risk_pct=1.50%
2026-05-06 02:34:09 INFO mt5_bot - Execution status=skipped reason=no_closed_bar_crossover
2026-05-06 02:34:24 INFO mt5_bot - Balance=102029.96 Equity=102029.96 Spread=0.30 pips
2026-05-06 02:34:24 INFO mt5_bot - Signal=NONE reason=no_closed_bar_crossover price=None trend=bearish rsi=36.5 atr_pips=20.6 adx=46.1
2026-05-06 02:34:24 INFO mt5_bot - ADX boost: adx=46.1 \u2192 risk_pct=1.50%
2026-05-06 02:34:24 INFO mt5_bot - Execution status=skipped reason=no_closed_bar_crossover
2026-05-06 02:34:39 INFO mt5_bot - Balance=102029.96 Equity=102029.96 Spread=0.30 pips
2026-05-06 02:34:39 INFO mt5_bot - Signal=NONE reason=no_closed_bar_crossover price=None trend=bearish rsi=36.5 atr_pips=20.6 adx=46.1
2026-05-06 02:34:39 INFO mt5_bot - ADX boost: adx=46.1 \u2192 risk_pct=1.50%
2026-05-06 02:34:39 INFO mt5_bot - Execution status=skipped reason=no_closed_bar_crossover
2026-05-06 02:34:54 INFO mt5_bot - Balance=102029.96 Equity=102029.96 Spread=0.30 pips
2026-05-06 02:34:54 INFO mt5_bot - Signal=NONE reason=no_closed_bar_crossover price=None trend=bearish rsi=36.5 atr_pips=20.6 adx=46.1
2026-05-06 02:34:54 INFO mt5_bot - ADX boost: adx=46.1 \u2192 risk_pct=1.50%
2026-05-06 02:34:54 INFO mt5_bot - Execution status=skipped reason=no_closed_bar_crossover
2026-05-06 02:35:09 INFO mt5_bot - Balance=102029.96 Equity=102029.96 Spread=0.30 pips
2026-05-06 02:35:09 INFO mt5_bot - Signal=NONE reason=no_closed_bar_crossover price=None trend=bearish rsi=36.5 atr_pips=20.6 adx=46.1
2026-05-06 02:35:09 INFO mt5_bot - ADX boost: adx=46.1 \u2192 risk_pct=1.50%
2026-05-06 02:35:09 INFO mt5_bot - Execution status=skipped reason=no_closed_bar_crossover
2026-05-06 02:35:24 INFO mt5_bot - Balance=102029.96 Equity=102029.96 Spread=0.30 pips
2026-05-06 02:35:24 INFO mt5_bot - Signal=NONE reason=no_closed_bar_crossover price=None trend=bearish rsi=36.5 atr_pips=20.6 adx=46.1
2026-05-06 02:35:24 INFO mt5_bot - ADX boost: adx=46.1 \u2192 risk_pct=1.50%
2026-05-06 02:35:24 INFO mt5_bot - Execution status=skipped reason=no_closed_bar_crossover
2026-05-06 02:35:39 INFO mt5_bot - Balance=102029.96 Equity=102029.96 Spread=0.30 pips
2026-05-06 02:35:39 INFO mt5_bot - Signal=NONE reason=no_closed_bar_crossover price=None trend=bearish rsi=36.5 atr_pips=20.6 adx=46.1
2026-05-06 02:35:39 INFO mt5_bot - ADX boost: adx=46.1 \u2192 risk_pct=1.50%
2026-05-06 02:35:39 INFO mt5_bot - Execution status=skipped reason=no_closed_bar_crossover
2026-05-06 02:35:54 INFO mt5_bot - Balance=102029.96 Equity=102029.96 Spread=0.30 pips
2026-05-06 02:35:54 INFO mt5_bot - Signal=NONE reason=no_closed_bar_crossover price=None trend=bearish rsi=36.5 atr_pips=20.6 adx=46.1
2026-05-06 02:35:54 INFO mt5_bot - ADX boost: adx=46.1 \u2192 risk_pct=1.50%
2026-05-06 02:35:54 INFO mt5_bot - Execution status=skipped reason=no_closed_bar_crossover
2026-05-06 02:36:09 INFO mt5_bot - Balance=102029.96 Equity=102029.96 Spread=0.30 pips
2026-05-06 02:36:09 INFO mt5_bot - Signal=NONE reason=no_closed_bar_crossover price=None trend=bearish rsi=36.5 atr_pips=20.6 adx=46.1
2026-05-06 02:36:09 INFO mt5_bot - ADX boost: adx=46.1 \u2192 risk_pct=1.50%
2026-05-06 02:36:09 INFO mt5_bot - Execution status=skipped reason=no_closed_bar_crossover
2026-05-06 02:36:24 INFO mt5_bot - Balance=102029.96 Equity=102029.96 Spread=0.30 pips
2026-05-06 02:36:24 INFO mt5_bot - Signal=NONE reason=no_closed_bar_crossover price=None trend=bearish rsi=36.5 atr_pips=20.6 adx=46.1
2026-05-06 02:36:24 INFO mt5_bot - ADX boost: adx=46.1 \u2192 risk_pct=1.50%
2026-05-06 02:36:24 INFO mt5_bot - Execution status=skipped reason=no_closed_bar_crossover
2026-05-06 02:36:39 INFO mt5_bot - Balance=102029.96 Equity=102029.96 Spread=0.30 pips
2026-05-06 02:36:39 INFO mt5_bot - Signal=NONE reason=no_closed_bar_crossover price=None trend=bearish rsi=36.5 atr_pips=20.6 adx=46.1
2026-05-06 02:36:39 INFO mt5_bot - ADX boost: adx=46.1 \u2192 risk_pct=1.50%
2026-05-06 02:36:39 INFO mt5_bot - Execution status=skipped reason=no_closed_bar_crossover
2026-05-06 02:36:54 INFO mt5_bot - Balance=102029.96 Equity=102029.96 Spread=0.30 pips
2026-05-06 02:36:54 INFO mt5_bot - Signal=NONE reason=no_closed_bar_crossover price=None trend=bearish rsi=36.5 atr_pips=20.6 adx=46.1
2026-05-06 02:36:54 INFO mt5_bot - ADX boost: adx=46.1 \u2192 risk_pct=1.50%
2026-05-06 02:36:54 INFO mt5_bot - Execution status=skipped reason=no_closed_bar_crossover
2026-05-06 02:37:09 INFO mt5_bot - Balance=102029.96 Equity=102029.96 Spread=0.30 pips
2026-05-06 02:37:09 INFO mt5_bot - Signal=NONE reason=no_closed_bar_crossover price=None trend=bearish rsi=36.5 atr_pips=20.6 adx=46.1
2026-05-06 02:37:09 INFO mt5_bot - ADX boost: adx=46.1 \u2192 risk_pct=1.50%
2026-05-06 02:37:09 INFO mt5_bot - Execution status=skipped reason=no_closed_bar_crossover
2026-05-06 02:37:24 INFO mt5_bot - Balance=102029.96 Equity=102029.96 Spread=0.30 pips
2026-05-06 02:37:24 INFO mt5_bot - Signal=NONE reason=no_closed_bar_crossover price=None trend=bearish rsi=36.5 atr_pips=20.6 adx=46.1
2026-05-06 02:37:24 INFO mt5_bot - ADX boost: adx=46.1 \u2192 risk_pct=1.50%
2026-05-06 02:37:24 INFO mt5_bot - Execution status=skipped reason=no_closed_bar_crossover
2026-05-06 02:37:39 INFO mt5_bot - Balance=102029.96 Equity=102029.96 Spread=0.30 pips
2026-05-06 02:37:39 INFO mt5_bot - Signal=NONE reason=no_closed_bar_crossover price=None trend=bearish rsi=36.5 atr_pips=20.6 adx=46.1
2026-05-06 02:37:39 INFO mt5_bot - ADX boost: adx=46.1 \u2192 risk_pct=1.50%
2026-05-06 02:37:39 INFO mt5_bot - Execution status=skipped reason=no_closed_bar_crossover
2026-05-06 02:37:54 INFO mt5_bot - Balance=102029.96 Equity=102029.96 Spread=0.30 pips
2026-05-06 02:37:54 INFO mt5_bot - Signal=NONE reason=no_closed_bar_crossover price=None trend=bearish rsi=36.5 atr_pips=20.6 adx=46.1
2026-05-06 02:37:54 INFO mt5_bot - ADX boost: adx=46.1 \u2192 risk_pct=1.50%
2026-05-06 02:37:54 INFO mt5_bot - Execution status=skipped reason=no_closed_bar_crossover
2026-05-06 02:38:09 INFO mt5_bot - Balance=102029.96 Equity=102029.96 Spread=0.30 pips
2026-05-06 02:38:09 INFO mt5_bot - Signal=NONE reason=no_closed_bar_crossover price=None trend=bearish rsi=36.5 atr_pips=20.6 adx=46.1
2026-05-06 02:38:09 INFO mt5_bot - ADX boost: adx=46.1 \u2192 risk_pct=1.50%
2026-05-06 02:38:09 INFO mt5_bot - Execution status=skipped reason=no_closed_bar_crossover
2026-05-06 02:38:24 INFO mt5_bot - Balance=102029.96 Equity=102029.96 Spread=0.30 pips
2026-05-06 02:38:24 INFO mt5_bot - Signal=NONE reason=no_closed_bar_crossover price=None trend=bearish rsi=36.5 atr_pips=20.6 adx=46.1
2026-05-06 02:38:24 INFO mt5_bot - ADX boost: adx=46.1 \u2192 risk_pct=1.50%
2026-05-06 02:38:24 INFO mt5_bot - Execution status=skipped reason=no_closed_bar_crossover
2026-05-06 02:38:39 INFO mt5_bot - Balance=102029.96 Equity=102029.96 Spread=0.30 pips
2026-05-06 02:38:39 INFO mt5_bot - Signal=NONE reason=no_closed_bar_crossover price=None trend=bearish rsi=36.5 atr_pips=20.6 adx=46.1
2026-05-06 02:38:39 INFO mt5_bot - ADX boost: adx=46.1 \u2192 risk_pct=1.50%
2026-05-06 02:38:39 INFO mt5_bot - Execution status=skipped reason=no_closed_bar_crossover
2026-05-06 02:38:54 INFO mt5_bot - Balance=102029.96 Equity=102029.96 Spread=0.30 pips
2026-05-06 02:38:54 INFO mt5_bot - Signal=NONE reason=no_closed_bar_crossover price=None trend=bearish rsi=36.5 atr_pips=20.6 adx=46.1
2026-05-06 02:38:54 INFO mt5_bot - ADX boost: adx=46.1 \u2192 risk_pct=1.50%
2026-05-06 02:38:54 INFO mt5_bot - Execution status=skipped reason=no_closed_bar_crossover
2026-05-06 02:39:09 INFO mt5_bot - Balance=102029.96 Equity=102029.96 Spread=0.30 pips
2026-05-06 02:39:09 INFO mt5_bot - Signal=NONE reason=no_closed_bar_crossover price=None trend=bearish rsi=36.5 atr_pips=20.6 adx=46.1
2026-05-06 02:39:09 INFO mt5_bot - ADX boost: adx=46.1 \u2192 risk_pct=1.50%
2026-05-06 02:39:09 INFO mt5_bot - Execution status=skipped reason=no_closed_bar_crossover
2026-05-06 02:39:24 INFO mt5_bot - Balance=102029.96 Equity=102029.96 Spread=0.30 pips
2026-05-06 02:39:24 INFO mt5_bot - Signal=NONE reason=no_closed_bar_crossover price=None trend=bearish rsi=36.5 atr_pips=20.6 adx=46.1
2026-05-06 02:39:24 INFO mt5_bot - ADX boost: adx=46.1 \u2192 risk_pct=1.50%
2026-05-06 02:39:24 INFO mt5_bot - Execution status=skipped reason=no_closed_bar_crossover
2026-05-06 02:39:39 INFO mt5_bot - Balance=102029.96 Equity=102029.96 Spread=0.30 pips
2026-05-06 02:39:39 INFO mt5_bot - Signal=NONE reason=no_closed_bar_crossover price=None trend=bearish rsi=36.5 atr_pips=20.6 adx=46.1
2026-05-06 02:39:39 INFO mt5_bot - ADX boost: adx=46.1 \u2192 risk_pct=1.50%
2026-05-06 02:39:39 INFO mt5_bot - Execution status=skipped reason=no_closed_bar_crossover
2026-05-06 02:39:54 INFO mt5_bot - Balance=102029.96 Equity=102029.96 Spread=0.30 pips
2026-05-06 02:39:54 INFO mt5_bot - Signal=NONE reason=no_closed_bar_crossover price=None trend=bearish rsi=36.5 atr_pips=20.6 adx=46.1
2026-05-06 02:39:54 INFO mt5_bot - ADX boost: adx=46.1 \u2192 risk_pct=1.50%
2026-05-06 02:39:54 INFO mt5_bot - Execution status=skipped reason=no_closed_bar_crossover
2026-05-06 02:40:09 INFO mt5_bot - Balance=102029.96 Equity=102029.96 Spread=0.30 pips
2026-05-06 02:40:09 INFO mt5_bot - Signal=NONE reason=no_closed_bar_crossover price=None trend=bearish rsi=36.5 atr_pips=20.6 adx=46.1
2026-05-06 02:40:09 INFO mt5_bot - ADX boost: adx=46.1 \u2192 risk_pct=1.50%
2026-05-06 02:40:09 INFO mt5_bot - Execution status=skipped reason=no_closed_bar_crossover
2026-05-06 02:40:24 INFO mt5_bot - Balance=102029.96 Equity=102029.96 Spread=0.30 pips
2026-05-06 02:40:24 INFO mt5_bot - Signal=NONE reason=no_closed_bar_crossover price=None trend=bearish rsi=36.5 atr_pips=20.6 adx=46.1
2026-05-06 02:40:24 INFO mt5_bot - ADX boost: adx=46.1 \u2192 risk_pct=1.50%
2026-05-06 02:40:24 INFO mt5_bot - Execution status=skipped reason=no_closed_bar_crossover
2026-05-06 02:40:39 INFO mt5_bot - Balance=102029.96 Equity=102029.96 Spread=0.30 pips
2026-05-06 02:40:39 INFO mt5_bot - Signal=NONE reason=no_closed_bar_crossover price=None trend=bearish rsi=36.5 atr_pips=20.6 adx=46.1
2026-05-06 02:40:39 INFO mt5_bot - ADX boost: adx=46.1 \u2192 risk_pct=1.50%
2026-05-06 02:40:39 INFO mt5_bot - Execution status=skipped reason=no_closed_bar_crossover
2026-05-06 02:40:54 INFO mt5_bot - Balance=102029.96 Equity=102029.96 Spread=0.30 pips
2026-05-06 02:40:54 INFO mt5_bot - Signal=NONE reason=no_closed_bar_crossover price=None trend=bearish rsi=36.5 atr_pips=20.6 adx=46.1
2026-05-06 02:40:54 INFO mt5_bot - ADX boost: adx=46.1 \u2192 risk_pct=1.50%
2026-05-06 02:40:54 INFO mt5_bot - Execution status=skipped reason=no_closed_bar_crossover
2026-05-06 02:41:09 INFO mt5_bot - Balance=102029.96 Equity=102029.96 Spread=0.30 pips
2026-05-06 02:41:09 INFO mt5_bot - Signal=NONE reason=no_closed_bar_crossover price=None trend=bearish rsi=36.5 atr_pips=20.6 adx=46.1
2026-05-06 02:41:09 INFO mt5_bot - ADX boost: adx=46.1 \u2192 risk_pct=1.50%
2026-05-06 02:41:09 INFO mt5_bot - Execution status=skipped reason=no_closed_bar_crossover
2026-05-06 02:41:24 INFO mt5_bot - Balance=102029.96 Equity=102029.96 Spread=0.30 pips
2026-05-06 02:41:24 INFO mt5_bot - Signal=NONE reason=no_closed_bar_crossover price=None trend=bearish rsi=36.5 atr_pips=20.6 adx=46.1
2026-05-06 02:41:24 INFO mt5_bot - ADX boost: adx=46.1 \u2192 risk_pct=1.50%
2026-05-06 02:41:24 INFO mt5_bot - Execution status=skipped reason=no_closed_bar_crossover
2026-05-06 02:41:39 INFO mt5_bot - Balance=102029.96 Equity=102029.96 Spread=0.30 pips
2026-05-06 02:41:39 INFO mt5_bot - Signal=NONE reason=no_closed_bar_crossover price=None trend=bearish rsi=36.5 atr_pips=20.6 adx=46.1
2026-05-06 02:41:39 INFO mt5_bot - ADX boost: adx=46.1 \u2192 risk_pct=1.50%
2026-05-06 02:41:39 INFO mt5_bot - Execution status=skipped reason=no_closed_bar_crossover
2026-05-06 02:41:54 INFO mt5_bot - Balance=102029.96 Equity=102029.96 Spread=0.30 pips
2026-05-06 02:41:54 INFO mt5_bot - Signal=NONE reason=no_closed_bar_crossover price=None trend=bearish rsi=36.5 atr_pips=20.6 adx=46.1
2026-05-06 02:41:54 INFO mt5_bot - ADX boost: adx=46.1 \u2192 risk_pct=1.50%
2026-05-06 02:41:54 INFO mt5_bot - Execution status=skipped reason=no_closed_bar_crossover
2026-05-06 02:42:09 INFO mt5_bot - Balance=102029.96 Equity=102029.96 Spread=0.30 pips
2026-05-06 02:42:09 INFO mt5_bot - Signal=NONE reason=no_closed_bar_crossover price=None trend=bearish rsi=36.5 atr_pips=20.6 adx=46.1
2026-05-06 02:42:09 INFO mt5_bot - ADX boost: adx=46.1 \u2192 risk_pct=1.50%
2026-05-06 02:42:09 INFO mt5_bot - Execution status=skipped reason=no_closed_bar_crossover
2026-05-06 02:42:24 INFO mt5_bot - Balance=102029.96 Equity=102029.96 Spread=0.30 pips
2026-05-06 02:42:24 INFO mt5_bot - Signal=NONE reason=no_closed_bar_crossover price=None trend=bearish rsi=36.5 atr_pips=20.6 adx=46.1
2026-05-06 02:42:24 INFO mt5_bot - ADX boost: adx=46.1 \u2192 risk_pct=1.50%
2026-05-06 02:42:24 INFO mt5_bot - Execution status=skipped reason=no_closed_bar_crossover
2026-05-06 02:42:39 INFO mt5_bot - Balance=102029.96 Equity=102029.96 Spread=0.30 pips
2026-05-06 02:42:39 INFO mt5_bot - Signal=NONE reason=no_closed_bar_crossover price=None trend=bearish rsi=36.5 atr_pips=20.6 adx=46.1
2026-05-06 02:42:39 INFO mt5_bot - ADX boost: adx=46.1 \u2192 risk_pct=1.50%
2026-05-06 02:42:39 INFO mt5_bot - Execution status=skipped reason=no_closed_bar_crossover
2026-05-06 02:42:54 INFO mt5_bot - Balance=102029.96 Equity=102029.96 Spread=0.30 pips
2026-05-06 02:42:54 INFO mt5_bot - Signal=NONE reason=no_closed_bar_crossover price=None trend=bearish rsi=36.5 atr_pips=20.6 adx=46.1
2026-05-06 02:42:54 INFO mt5_bot - ADX boost: adx=46.1 \u2192 risk_pct=1.50%
2026-05-06 02:42:54 INFO mt5_bot - Execution status=skipped reason=no_closed_bar_crossover
2026-05-06 02:43:09 INFO mt5_bot - Balance=102029.96 Equity=102029.96 Spread=0.30 pips
2026-05-06 02:43:09 INFO mt5_bot - Signal=NONE reason=no_closed_bar_crossover price=None trend=bearish rsi=36.5 atr_pips=20.6 adx=46.1
2026-05-06 02:43:09 INFO mt5_bot - ADX boost: adx=46.1 \u2192 risk_pct=1.50%
2026-05-06 02:43:09 INFO mt5_bot - Execution status=skipped reason=no_closed_bar_crossover
2026-05-06 02:43:24 INFO mt5_bot - Balance=102029.96 Equity=102029.96 Spread=0.30 pips
2026-05-06 02:43:24 INFO mt5_bot - Signal=NONE reason=no_closed_bar_crossover price=None trend=bearish rsi=36.5 atr_pips=20.6 adx=46.1
2026-05-06 02:43:24 INFO mt5_bot - ADX boost: adx=46.1 \u2192 risk_pct=1.50%
2026-05-06 02:43:24 INFO mt5_bot - Execution status=skipped reason=no_closed_bar_crossover
2026-05-06 02:43:39 INFO mt5_bot - Balance=102029.96 Equity=102029.96 Spread=0.30 pips
2026-05-06 02:43:39 INFO mt5_bot - Signal=NONE reason=no_closed_bar_crossover price=None trend=bearish rsi=36.5 atr_pips=20.6 adx=46.1
2026-05-06 02:43:39 INFO mt5_bot - ADX boost: adx=46.1 \u2192 risk_pct=1.50%
2026-05-06 02:43:39 INFO mt5_bot - Execution status=skipped reason=no_closed_bar_crossover
2026-05-06 02:43:54 INFO mt5_bot - Balance=102029.96 Equity=102029.96 Spread=0.30 pips
2026-05-06 02:43:54 INFO mt5_bot - Signal=NONE reason=no_closed_bar_crossover price=None trend=bearish rsi=36.5 atr_pips=20.6 adx=46.1
2026-05-06 02:43:54 INFO mt5_bot - ADX boost: adx=46.1 \u2192 risk_pct=1.50%
2026-05-06 02:43:54 INFO mt5_bot - Execution status=skipped reason=no_closed_bar_crossover
2026-05-06 02:44:09 INFO mt5_bot - Balance=102029.96 Equity=102029.96 Spread=0.30 pips
2026-05-06 02:44:09 INFO mt5_bot - Signal=NONE reason=no_closed_bar_crossover price=None trend=bearish rsi=36.5 atr_pips=20.6 adx=46.1
2026-05-06 02:44:09 INFO mt5_bot - ADX boost: adx=46.1 \u2192 risk_pct=1.50%
2026-05-06 02:44:09 INFO mt5_bot - Execution status=skipped reason=no_closed_bar_crossover
2026-05-06 02:44:24 INFO mt5_bot - Balance=102029.96 Equity=102029.96 Spread=0.30 pips
2026-05-06 02:44:24 INFO mt5_bot - Signal=NONE reason=no_closed_bar_crossover price=None trend=bearish rsi=36.5 atr_pips=20.6 adx=46.1
2026-05-06 02:44:24 INFO mt5_bot - ADX boost: adx=46.1 \u2192 risk_pct=1.50%
2026-05-06 02:44:24 INFO mt5_bot - Execution status=skipped reason=no_closed_bar_crossover
2026-05-06 02:44:39 INFO mt5_bot - Balance=102029.96 Equity=102029.96 Spread=0.30 pips
2026-05-06 02:44:39 INFO mt5_bot - Signal=NONE reason=no_closed_bar_crossover price=None trend=bearish rsi=36.5 atr_pips=20.6 adx=46.1
2026-05-06 02:44:39 INFO mt5_bot - ADX boost: adx=46.1 \u2192 risk_pct=1.50%
2026-05-06 02:44:39 INFO mt5_bot - Execution status=skipped reason=no_closed_bar_crossover
2026-05-06 02:44:54 INFO mt5_bot - Balance=102029.96 Equity=102029.96 Spread=0.30 pips
2026-05-06 02:44:54 INFO mt5_bot - Signal=NONE reason=no_closed_bar_crossover price=None trend=bearish rsi=36.5 atr_pips=20.6 adx=46.1
2026-05-06 02:44:54 INFO mt5_bot - ADX boost: adx=46.1 \u2192 risk_pct=1.50%
2026-05-06 02:44:54 INFO mt5_bot - Execution status=skipped reason=no_closed_bar_crossover
2026-05-06 02:45:09 INFO mt5_bot - Balance=102029.96 Equity=102029.96 Spread=0.30 pips
2026-05-06 02:45:09 INFO mt5_bot - Signal=NONE reason=no_closed_bar_crossover price=None trend=bearish rsi=36.0 atr_pips=19.7 adx=46.1
2026-05-06 02:45:09 INFO mt5_bot - ADX boost: adx=46.1 \u2192 risk_pct=1.50%
2026-05-06 02:45:09 INFO mt5_bot - Execution status=skipped reason=no_closed_bar_crossover
2026-05-06 02:45:24 INFO mt5_bot - Balance=102029.96 Equity=102029.96 Spread=0.30 pips
2026-05-06 02:45:24 INFO mt5_bot - Signal=NONE reason=no_closed_bar_crossover price=None trend=bearish rsi=36.0 atr_pips=19.7 adx=46.1
2026-05-06 02:45:24 INFO mt5_bot - ADX boost: adx=46.1 \u2192 risk_pct=1.50%
2026-05-06 02:45:24 INFO mt5_bot - Execution status=skipped reason=no_closed_bar_crossover
2026-05-06 02:45:39 INFO mt5_bot - Balance=102029.96 Equity=102029.96 Spread=0.30 pips
2026-05-06 02:45:39 INFO mt5_bot - Signal=NONE reason=no_closed_bar_crossover price=None trend=bearish rsi=36.0 atr_pips=19.7 adx=46.1
2026-05-06 02:45:39 INFO mt5_bot - ADX boost: adx=46.1 \u2192 risk_pct=1.50%
2026-05-06 02:45:39 INFO mt5_bot - Execution status=skipped reason=no_closed_bar_crossover
2026-05-06 02:45:54 INFO mt5_bot - Balance=102029.96 Equity=102029.96 Spread=0.30 pips
2026-05-06 02:45:54 INFO mt5_bot - Signal=NONE reason=no_closed_bar_crossover price=None trend=bearish rsi=36.0 atr_pips=19.7 adx=46.1
2026-05-06 02:45:54 INFO mt5_bot - ADX boost: adx=46.1 \u2192 risk_pct=1.50%
2026-05-06 02:45:54 INFO mt5_bot - Execution status=skipped reason=no_closed_bar_crossover
2026-05-06 02:46:09 INFO mt5_bot - Balance=102029.96 Equity=102029.96 Spread=0.30 pips
2026-05-06 02:46:09 INFO mt5_bot - Signal=NONE reason=no_closed_bar_crossover price=None trend=bearish rsi=36.0 atr_pips=19.7 adx=46.1
2026-05-06 02:46:09 INFO mt5_bot - ADX boost: adx=46.1 \u2192 risk_pct=1.50%
2026-05-06 02:46:09 INFO mt5_bot - Execution status=skipped reason=no_closed_bar_crossover
2026-05-06 02:46:24 INFO mt5_bot - Balance=102029.96 Equity=102029.96 Spread=0.30 pips
2026-05-06 02:46:24 INFO mt5_bot - Signal=NONE reason=no_closed_bar_crossover price=None trend=bearish rsi=36.0 atr_pips=19.7 adx=46.1
2026-05-06 02:46:24 INFO mt5_bot - ADX boost: adx=46.1 \u2192 risk_pct=1.50%
2026-05-06 02:46:24 INFO mt5_bot - Execution status=skipped reason=no_closed_bar_crossover
2026-05-06 02:46:39 INFO mt5_bot - Balance=102029.96 Equity=102029.96 Spread=0.30 pips
2026-05-06 02:46:39 INFO mt5_bot - Signal=NONE reason=no_closed_bar_crossover price=None trend=bearish rsi=36.0 atr_pips=19.7 adx=46.1
2026-05-06 02:46:39 INFO mt5_bot - ADX boost: adx=46.1 \u2192 risk_pct=1.50%
2026-05-06 02:46:39 INFO mt5_bot - Execution status=skipped reason=no_closed_bar_crossover
2026-05-06 02:46:54 INFO mt5_bot - Balance=102029.96 Equity=102029.96 Spread=0.30 pips
2026-05-06 02:46:54 INFO mt5_bot - Signal=NONE reason=no_closed_bar_crossover price=None trend=bearish rsi=36.0 atr_pips=19.7 adx=46.1
2026-05-06 02:46:54 INFO mt5_bot - ADX boost: adx=46.1 \u2192 risk_pct=1.50%
2026-05-06 02:46:54 INFO mt5_bot - Execution status=skipped reason=no_closed_bar_crossover
2026-05-06 02:47:09 INFO mt5_bot - Balance=102029.96 Equity=102029.96 Spread=0.30 pips
2026-05-06 02:47:09 INFO mt5_bot - Signal=NONE reason=no_closed_bar_crossover price=None trend=bearish rsi=36.0 atr_pips=19.7 adx=46.1
2026-05-06 02:47:09 INFO mt5_bot - ADX boost: adx=46.1 \u2192 risk_pct=1.50%
2026-05-06 02:47:09 INFO mt5_bot - Execution status=skipped reason=no_closed_bar_crossover
2026-05-06 02:47:24 INFO mt5_bot - Balance=102029.96 Equity=102029.96 Spread=0.30 pips
2026-05-06 02:47:24 INFO mt5_bot - Signal=NONE reason=no_closed_bar_crossover price=None trend=bearish rsi=36.0 atr_pips=19.7 adx=46.1
2026-05-06 02:47:24 INFO mt5_bot - ADX boost: adx=46.1 \u2192 risk_pct=1.50%
2026-05-06 02:47:24 INFO mt5_bot - Execution status=skipped reason=no_closed_bar_crossover
2026-05-06 02:47:40 INFO mt5_bot - Balance=102029.96 Equity=102029.96 Spread=0.30 pips
2026-05-06 02:47:40 INFO mt5_bot - Signal=NONE reason=no_closed_bar_crossover price=None trend=bearish rsi=36.0 atr_pips=19.7 adx=46.1
2026-05-06 02:47:40 INFO mt5_bot - ADX boost: adx=46.1 \u2192 risk_pct=1.50%
2026-05-06 02:47:40 INFO mt5_bot - Execution status=skipped reason=no_closed_bar_crossover
2026-05-06 02:47:55 INFO mt5_bot - Balance=102029.96 Equity=102029.96 Spread=0.30 pips
2026-05-06 02:47:55 INFO mt5_bot - Signal=NONE reason=no_closed_bar_crossover price=None trend=bearish rsi=36.0 atr_pips=19.7 adx=46.1
2026-05-06 02:47:55 INFO mt5_bot - ADX boost: adx=46.1 \u2192 risk_pct=1.50%
2026-05-06 02:47:55 INFO mt5_bot - Execution status=skipped reason=no_closed_bar_crossover
2026-05-06 02:48:10 INFO mt5_bot - Balance=102029.96 Equity=102029.96 Spread=0.30 pips
2026-05-06 02:48:10 INFO mt5_bot - Signal=NONE reason=no_closed_bar_crossover price=None trend=bearish rsi=36.0 atr_pips=19.7 adx=46.1
2026-05-06 02:48:10 INFO mt5_bot - ADX boost: adx=46.1 \u2192 risk_pct=1.50%
2026-05-06 02:48:10 INFO mt5_bot - Execution status=skipped reason=no_closed_bar_crossover
2026-05-06 02:48:25 INFO mt5_bot - Balance=102029.96 Equity=102029.96 Spread=0.30 pips
2026-05-06 02:48:25 INFO mt5_bot - Signal=NONE reason=no_closed_bar_crossover price=None trend=bearish rsi=36.0 atr_pips=19.7 adx=46.1
2026-05-06 02:48:25 INFO mt5_bot - ADX boost: adx=46.1 \u2192 risk_pct=1.50%
2026-05-06 02:48:25 INFO mt5_bot - Execution status=skipped reason=no_closed_bar_crossover
2026-05-06 02:48:40 INFO mt5_bot - Balance=102029.96 Equity=102029.96 Spread=0.30 pips
2026-05-06 02:48:40 INFO mt5_bot - Signal=NONE reason=no_closed_bar_crossover price=None trend=bearish rsi=36.0 atr_pips=19.7 adx=46.1
2026-05-06 02:48:40 INFO mt5_bot - ADX boost: adx=46.1 \u2192 risk_pct=1.50%
2026-05-06 02:48:40 INFO mt5_bot - Execution status=skipped reason=no_closed_bar_crossover
2026-05-06 02:48:55 INFO mt5_bot - Balance=102029.96 Equity=102029.96 Spread=0.30 pips
2026-05-06 02:48:55 INFO mt5_bot - Signal=NONE reason=no_closed_bar_crossover price=None trend=bearish rsi=36.0 atr_pips=19.7 adx=46.1
2026-05-06 02:48:55 INFO mt5_bot - ADX boost: adx=46.1 \u2192 risk_pct=1.50%
2026-05-06 02:48:55 INFO mt5_bot - Execution status=skipped reason=no_closed_bar_crossover
2026-05-06 02:49:10 INFO mt5_bot - Balance=102029.96 Equity=102029.96 Spread=0.30 pips
2026-05-06 02:49:10 INFO mt5_bot - Signal=NONE reason=no_closed_bar_crossover price=None trend=bearish rsi=36.0 atr_pips=19.7 adx=46.1
2026-05-06 02:49:10 INFO mt5_bot - ADX boost: adx=46.1 \u2192 risk_pct=1.50%
2026-05-06 02:49:10 INFO mt5_bot - Execution status=skipped reason=no_closed_bar_crossover
2026-05-06 02:49:25 INFO mt5_bot - Balance=102029.96 Equity=102029.96 Spread=0.30 pips
2026-05-06 02:49:25 INFO mt5_bot - Signal=NONE reason=no_closed_bar_crossover price=None trend=bearish rsi=36.0 atr_pips=19.7 adx=46.1
2026-05-06 02:49:25 INFO mt5_bot - ADX boost: adx=46.1 \u2192 risk_pct=1.50%
2026-05-06 02:49:25 INFO mt5_bot - Execution status=skipped reason=no_closed_bar_crossover
2026-05-06 02:49:40 INFO mt5_bot - Balance=102029.96 Equity=102029.96 Spread=0.30 pips
2026-05-06 02:49:40 INFO mt5_bot - Signal=NONE reason=no_closed_bar_crossover price=None trend=bearish rsi=36.0 atr_pips=19.7 adx=46.1
2026-05-06 02:49:40 INFO mt5_bot - ADX boost: adx=46.1 \u2192 risk_pct=1.50%
2026-05-06 02:49:40 INFO mt5_bot - Execution status=skipped reason=no_closed_bar_crossover
2026-05-06 02:49:55 INFO mt5_bot - Balance=102029.96 Equity=102029.96 Spread=0.30 pips
2026-05-06 02:49:55 INFO mt5_bot - Signal=NONE reason=no_closed_bar_crossover price=None trend=bearish rsi=36.0 atr_pips=19.7 adx=46.1
2026-05-06 02:49:55 INFO mt5_bot - ADX boost: adx=46.1 \u2192 risk_pct=1.50%
2026-05-06 02:49:55 INFO mt5_bot - Execution status=skipped reason=no_closed_bar_crossover
2026-05-06 02:50:10 INFO mt5_bot - Balance=102029.96 Equity=102029.96 Spread=0.30 pips
2026-05-06 02:50:10 INFO mt5_bot - Signal=NONE reason=no_closed_bar_crossover price=None trend=bearish rsi=36.0 atr_pips=19.7 adx=46.1
2026-05-06 02:50:10 INFO mt5_bot - ADX boost: adx=46.1 \u2192 risk_pct=1.50%
2026-05-06 02:50:10 INFO mt5_bot - Execution status=skipped reason=no_closed_bar_crossover
2026-05-06 02:50:25 INFO mt5_bot - Balance=102029.96 Equity=102029.96 Spread=0.30 pips
2026-05-06 02:50:25 INFO mt5_bot - Signal=NONE reason=no_closed_bar_crossover price=None trend=bearish rsi=36.0 atr_pips=19.7 adx=46.1
2026-05-06 02:50:25 INFO mt5_bot - ADX boost: adx=46.1 \u2192 risk_pct=1.50%
2026-05-06 02:50:25 INFO mt5_bot - Execution status=skipped reason=no_closed_bar_crossover
2026-05-06 02:50:40 INFO mt5_bot - Balance=102029.96 Equity=102029.96 Spread=0.30 pips
2026-05-06 02:50:40 INFO mt5_bot - Signal=NONE reason=no_closed_bar_crossover price=None trend=bearish rsi=36.0 atr_pips=19.7 adx=46.1
2026-05-06 02:50:40 INFO mt5_bot - ADX boost: adx=46.1 \u2192 risk_pct=1.50%
2026-05-06 02:50:40 INFO mt5_bot - Execution status=skipped reason=no_closed_bar_crossover
2026-05-06 02:50:55 INFO mt5_bot - Balance=102029.96 Equity=102029.96 Spread=0.30 pips
2026-05-06 02:50:55 INFO mt5_bot - Signal=NONE reason=no_closed_bar_crossover price=None trend=bearish rsi=36.0 atr_pips=19.7 adx=46.1
2026-05-06 02:50:55 INFO mt5_bot - ADX boost: adx=46.1 \u2192 risk_pct=1.50%
2026-05-06 02:50:55 INFO mt5_bot - Execution status=skipped reason=no_closed_bar_crossover
2026-05-06 02:51:10 INFO mt5_bot - Balance=102029.96 Equity=102029.96 Spread=0.30 pips
2026-05-06 02:51:10 INFO mt5_bot - Signal=NONE reason=no_closed_bar_crossover price=None trend=bearish rsi=36.0 atr_pips=19.7 adx=46.1
2026-05-06 02:51:10 INFO mt5_bot - ADX boost: adx=46.1 \u2192 risk_pct=1.50%
2026-05-06 02:51:10 INFO mt5_bot - Execution status=skipped reason=no_closed_bar_crossover
2026-05-06 02:51:25 INFO mt5_bot - Balance=102029.96 Equity=102029.96 Spread=0.30 pips
2026-05-06 02:51:25 INFO mt5_bot - Signal=NONE reason=no_closed_bar_crossover price=None trend=bearish rsi=36.0 atr_pips=19.7 adx=46.1
2026-05-06 02:51:25 INFO mt5_bot - ADX boost: adx=46.1 \u2192 risk_pct=1.50%
2026-05-06 02:51:25 INFO mt5_bot - Execution status=skipped reason=no_closed_bar_crossover
2026-05-06 02:51:40 INFO mt5_bot - Balance=102029.96 Equity=102029.96 Spread=0.30 pips
2026-05-06 02:51:40 INFO mt5_bot - Signal=NONE reason=no_closed_bar_crossover price=None trend=bearish rsi=36.0 atr_pips=19.7 adx=46.1
2026-05-06 02:51:40 INFO mt5_bot - ADX boost: adx=46.1 \u2192 risk_pct=1.50%
2026-05-06 02:51:40 INFO mt5_bot - Execution status=skipped reason=no_closed_bar_crossover
2026-05-06 02:51:55 INFO mt5_bot - Balance=102029.96 Equity=102029.96 Spread=0.30 pips
2026-05-06 02:51:55 INFO mt5_bot - Signal=NONE reason=no_closed_bar_crossover price=None trend=bearish rsi=36.0 atr_pips=19.7 adx=46.1
2026-05-06 02:51:55 INFO mt5_bot - ADX boost: adx=46.1 \u2192 risk_pct=1.50%
2026-05-06 02:51:55 INFO mt5_bot - Execution status=skipped reason=no_closed_bar_crossover
2026-05-06 02:52:10 INFO mt5_bot - Balance=102029.96 Equity=102029.96 Spread=0.30 pips
2026-05-06 02:52:10 INFO mt5_bot - Signal=NONE reason=no_closed_bar_crossover price=None trend=bearish rsi=36.0 atr_pips=19.7 adx=46.1
2026-05-06 02:52:10 INFO mt5_bot - ADX boost: adx=46.1 \u2192 risk_pct=1.50%
2026-05-06 02:52:10 INFO mt5_bot - Execution status=skipped reason=no_closed_bar_crossover
2026-05-06 02:52:25 INFO mt5_bot - Balance=102029.96 Equity=102029.96 Spread=0.30 pips
2026-05-06 02:52:25 INFO mt5_bot - Signal=NONE reason=no_closed_bar_crossover price=None trend=bearish rsi=36.0 atr_pips=19.7 adx=46.1
2026-05-06 02:52:25 INFO mt5_bot - ADX boost: adx=46.1 \u2192 risk_pct=1.50%
2026-05-06 02:52:25 INFO mt5_bot - Execution status=skipped reason=no_closed_bar_crossover
2026-05-06 02:52:40 INFO mt5_bot - Balance=102029.96 Equity=102029.96 Spread=0.30 pips
2026-05-06 02:52:40 INFO mt5_bot - Signal=NONE reason=no_closed_bar_crossover price=None trend=bearish rsi=36.0 atr_pips=19.7 adx=46.1
2026-05-06 02:52:40 INFO mt5_bot - ADX boost: adx=46.1 \u2192 risk_pct=1.50%
2026-05-06 02:52:40 INFO mt5_bot - Execution status=skipped reason=no_closed_bar_crossover
2026-05-06 02:52:55 INFO mt5_bot - Balance=102029.96 Equity=102029.96 Spread=0.30 pips
2026-05-06 02:52:55 INFO mt5_bot - Signal=NONE reason=no_closed_bar_crossover price=None trend=bearish rsi=36.0 atr_pips=19.7 adx=46.1
2026-05-06 02:52:55 INFO mt5_bot - ADX boost: adx=46.1 \u2192 risk_pct=1.50%
2026-05-06 02:52:55 INFO mt5_bot - Execution status=skipped reason=no_closed_bar_crossover
2026-05-06 02:53:10 INFO mt5_bot - Balance=102029.96 Equity=102029.96 Spread=0.30 pips
2026-05-06 02:53:10 INFO mt5_bot - Signal=NONE reason=no_closed_bar_crossover price=None trend=bearish rsi=36.0 atr_pips=19.7 adx=46.1
2026-05-06 02:53:10 INFO mt5_bot - ADX boost: adx=46.1 \u2192 risk_pct=1.50%
2026-05-06 02:53:10 INFO mt5_bot - Execution status=skipped reason=no_closed_bar_crossover
2026-05-06 02:53:25 INFO mt5_bot - Balance=102029.96 Equity=102029.96 Spread=0.30 pips
2026-05-06 02:53:25 INFO mt5_bot - Signal=NONE reason=no_closed_bar_crossover price=None trend=bearish rsi=36.0 atr_pips=19.7 adx=46.1
2026-05-06 02:53:25 INFO mt5_bot - ADX boost: adx=46.1 \u2192 risk_pct=1.50%
2026-05-06 02:53:25 INFO mt5_bot - Execution status=skipped reason=no_closed_bar_crossover
2026-05-06 02:53:40 INFO mt5_bot - Balance=102029.96 Equity=102029.96 Spread=0.30 pips
2026-05-06 02:53:40 INFO mt5_bot - Signal=NONE reason=no_closed_bar_crossover price=None trend=bearish rsi=36.0 atr_pips=19.7 adx=46.1
2026-05-06 02:53:40 INFO mt5_bot - ADX boost: adx=46.1 \u2192 risk_pct=1.50%
2026-05-06 02:53:40 INFO mt5_bot - Execution status=skipped reason=no_closed_bar_crossover
2026-05-06 02:53:55 INFO mt5_bot - Balance=102029.96 Equity=102029.96 Spread=0.30 pips
2026-05-06 02:53:55 INFO mt5_bot - Signal=NONE reason=no_closed_bar_crossover price=None trend=bearish rsi=36.0 atr_pips=19.7 adx=46.1
2026-05-06 02:53:55 INFO mt5_bot - ADX boost: adx=46.1 \u2192 risk_pct=1.50%
2026-05-06 02:53:55 INFO mt5_bot - Execution status=skipped reason=no_closed_bar_crossover
2026-05-06 02:54:10 INFO mt5_bot - Balance=102029.96 Equity=102029.96 Spread=0.30 pips
2026-05-06 02:54:10 INFO mt5_bot - Signal=NONE reason=no_closed_bar_crossover price=None trend=bearish rsi=36.0 atr_pips=19.7 adx=46.1
2026-05-06 02:54:10 INFO mt5_bot - ADX boost: adx=46.1 \u2192 risk_pct=1.50%
2026-05-06 02:54:10 INFO mt5_bot - Execution status=skipped reason=no_closed_bar_crossover
2026-05-06 02:54:25 INFO mt5_bot - Balance=102029.96 Equity=102029.96 Spread=0.30 pips
2026-05-06 02:54:25 INFO mt5_bot - Signal=NONE reason=no_closed_bar_crossover price=None trend=bearish rsi=36.0 atr_pips=19.7 adx=46.1
2026-05-06 02:54:25 INFO mt5_bot - ADX boost: adx=46.1 \u2192 risk_pct=1.50%
2026-05-06 02:54:25 INFO mt5_bot - Execution status=skipped reason=no_closed_bar_crossover
2026-05-06 02:54:40 INFO mt5_bot - Balance=102029.96 Equity=102029.96 Spread=0.30 pips
2026-05-06 02:54:40 INFO mt5_bot - Signal=NONE reason=no_closed_bar_crossover price=None trend=bearish rsi=36.0 atr_pips=19.7 adx=46.1
2026-05-06 02:54:40 INFO mt5_bot - ADX boost: adx=46.1 \u2192 risk_pct=1.50%
2026-05-06 02:54:40 INFO mt5_bot - Execution status=skipped reason=no_closed_bar_crossover
2026-05-06 02:54:55 INFO mt5_bot - Balance=102029.96 Equity=102029.96 Spread=0.30 pips
2026-05-06 02:54:55 INFO mt5_bot - Signal=NONE reason=no_closed_bar_crossover price=None trend=bearish rsi=36.0 atr_pips=19.7 adx=46.1
2026-05-06 02:54:55 INFO mt5_bot - ADX boost: adx=46.1 \u2192 risk_pct=1.50%
2026-05-06 02:54:55 INFO mt5_bot - Execution status=skipped reason=no_closed_bar_crossover
2026-05-06 02:55:10 INFO mt5_bot - Balance=102029.96 Equity=102029.96 Spread=0.30 pips
2026-05-06 02:55:10 INFO mt5_bot - Signal=NONE reason=no_closed_bar_crossover price=None trend=bearish rsi=36.0 atr_pips=19.7 adx=46.1
2026-05-06 02:55:10 INFO mt5_bot - ADX boost: adx=46.1 \u2192 risk_pct=1.50%
2026-05-06 02:55:10 INFO mt5_bot - Execution status=skipped reason=no_closed_bar_crossover
2026-05-06 02:55:25 INFO mt5_bot - Balance=102029.96 Equity=102029.96 Spread=0.30 pips
2026-05-06 02:55:25 INFO mt5_bot - Signal=NONE reason=no_closed_bar_crossover price=None trend=bearish rsi=36.0 atr_pips=19.7 adx=46.1
2026-05-06 02:55:25 INFO mt5_bot - ADX boost: adx=46.1 \u2192 risk_pct=1.50%
2026-05-06 02:55:25 INFO mt5_bot - Execution status=skipped reason=no_closed_bar_crossover
2026-05-06 02:55:40 INFO mt5_bot - Balance=102029.96 Equity=102029.96 Spread=0.30 pips
2026-05-06 02:55:40 INFO mt5_bot - Signal=NONE reason=no_closed_bar_crossover price=None trend=bearish rsi=36.0 atr_pips=19.7 adx=46.1
2026-05-06 02:55:40 INFO mt5_bot - ADX boost: adx=46.1 \u2192 risk_pct=1.50%
2026-05-06 02:55:40 INFO mt5_bot - Execution status=skipped reason=no_closed_bar_crossover
2026-05-06 02:55:55 INFO mt5_bot - Balance=102029.96 Equity=102029.96 Spread=0.30 pips
2026-05-06 02:55:55 INFO mt5_bot - Signal=NONE reason=no_closed_bar_crossover price=None trend=bearish rsi=36.0 atr_pips=19.7 adx=46.1
2026-05-06 02:55:55 INFO mt5_bot - ADX boost: adx=46.1 \u2192 risk_pct=1.50%
2026-05-06 02:55:55 INFO mt5_bot - Execution status=skipped reason=no_closed_bar_crossover
2026-05-06 02:56:10 INFO mt5_bot - Balance=102029.96 Equity=102029.96 Spread=0.30 pips
2026-05-06 02:56:10 INFO mt5_bot - Signal=NONE reason=no_closed_bar_crossover price=None trend=bearish rsi=36.0 atr_pips=19.7 adx=46.1
2026-05-06 02:56:10 INFO mt5_bot - ADX boost: adx=46.1 \u2192 risk_pct=1.50%
2026-05-06 02:56:10 INFO mt5_bot - Execution status=skipped reason=no_closed_bar_crossover
2026-05-06 02:56:25 INFO mt5_bot - Balance=102029.96 Equity=102029.96 Spread=0.30 pips
2026-05-06 02:56:25 INFO mt5_bot - Signal=NONE reason=no_closed_bar_crossover price=None trend=bearish rsi=36.0 atr_pips=19.7 adx=46.1
2026-05-06 02:56:25 INFO mt5_bot - ADX boost: adx=46.1 \u2192 risk_pct=1.50%
2026-05-06 02:56:25 INFO mt5_bot - Execution status=skipped reason=no_closed_bar_crossover
2026-05-06 02:56:40 INFO mt5_bot - Balance=102029.96 Equity=102029.96 Spread=0.30 pips
2026-05-06 02:56:40 INFO mt5_bot - Signal=NONE reason=no_closed_bar_crossover price=None trend=bearish rsi=36.0 atr_pips=19.7 adx=46.1
2026-05-06 02:56:40 INFO mt5_bot - ADX boost: adx=46.1 \u2192 risk_pct=1.50%
2026-05-06 02:56:40 INFO mt5_bot - Execution status=skipped reason=no_closed_bar_crossover
2026-05-06 02:56:55 INFO mt5_bot - Balance=102029.96 Equity=102029.96 Spread=0.30 pips
2026-05-06 02:56:55 INFO mt5_bot - Signal=NONE reason=no_closed_bar_crossover price=None trend=bearish rsi=36.0 atr_pips=19.7 adx=46.1
2026-05-06 02:56:55 INFO mt5_bot - ADX boost: adx=46.1 \u2192 risk_pct=1.50%
2026-05-06 02:56:55 INFO mt5_bot - Execution status=skipped reason=no_closed_bar_crossover
2026-05-06 02:57:10 INFO mt5_bot - Balance=102029.96 Equity=102029.96 Spread=0.30 pips
2026-05-06 02:57:10 INFO mt5_bot - Signal=NONE reason=no_closed_bar_crossover price=None trend=bearish rsi=36.0 atr_pips=19.7 adx=46.1
2026-05-06 02:57:10 INFO mt5_bot - ADX boost: adx=46.1 \u2192 risk_pct=1.50%
2026-05-06 02:57:10 INFO mt5_bot - Execution status=skipped reason=no_closed_bar_crossover
2026-05-06 02:57:25 INFO mt5_bot - Balance=102029.96 Equity=102029.96 Spread=0.30 pips
2026-05-06 02:57:25 INFO mt5_bot - Signal=NONE reason=no_closed_bar_crossover price=None trend=bearish rsi=36.0 atr_pips=19.7 adx=46.1
2026-05-06 02:57:25 INFO mt5_bot - ADX boost: adx=46.1 \u2192 risk_pct=1.50%
2026-05-06 02:57:25 INFO mt5_bot - Execution status=skipped reason=no_closed_bar_crossover
2026-05-06 02:57:40 INFO mt5_bot - Balance=102029.96 Equity=102029.96 Spread=0.30 pips
2026-05-06 02:57:40 INFO mt5_bot - Signal=NONE reason=no_closed_bar_crossover price=None trend=bearish rsi=36.0 atr_pips=19.7 adx=46.1
2026-05-06 02:57:40 INFO mt5_bot - ADX boost: adx=46.1 \u2192 risk_pct=1.50%
2026-05-06 02:57:40 INFO mt5_bot - Execution status=skipped reason=no_closed_bar_crossover
2026-05-06 02:57:55 INFO mt5_bot - Balance=102029.96 Equity=102029.96 Spread=0.30 pips
2026-05-06 02:57:55 INFO mt5_bot - Signal=NONE reason=no_closed_bar_crossover price=None trend=bearish rsi=36.0 atr_pips=19.7 adx=46.1
2026-05-06 02:57:55 INFO mt5_bot - ADX boost: adx=46.1 \u2192 risk_pct=1.50%
2026-05-06 02:57:55 INFO mt5_bot - Execution status=skipped reason=no_closed_bar_crossover
2026-05-06 02:58:10 INFO mt5_bot - Balance=102029.96 Equity=102029.96 Spread=0.30 pips
2026-05-06 02:58:10 INFO mt5_bot - Signal=NONE reason=no_closed_bar_crossover price=None trend=bearish rsi=36.0 atr_pips=19.7 adx=46.1
2026-05-06 02:58:10 INFO mt5_bot - ADX boost: adx=46.1 \u2192 risk_pct=1.50%
2026-05-06 02:58:10 INFO mt5_bot - Execution status=skipped reason=no_closed_bar_crossover
2026-05-06 02:58:25 INFO mt5_bot - Balance=102029.96 Equity=102029.96 Spread=0.30 pips
2026-05-06 02:58:25 INFO mt5_bot - Signal=NONE reason=no_closed_bar_crossover price=None trend=bearish rsi=36.0 atr_pips=19.7 adx=46.1
2026-05-06 02:58:25 INFO mt5_bot - ADX boost: adx=46.1 \u2192 risk_pct=1.50%
2026-05-06 02:58:25 INFO mt5_bot - Execution status=skipped reason=no_closed_bar_crossover
2026-05-06 02:58:40 INFO mt5_bot - Balance=102029.96 Equity=102029.96 Spread=0.30 pips
2026-05-06 02:58:40 INFO mt5_bot - Signal=NONE reason=no_closed_bar_crossover price=None trend=bearish rsi=36.0 atr_pips=19.7 adx=46.1
2026-05-06 02:58:40 INFO mt5_bot - ADX boost: adx=46.1 \u2192 risk_pct=1.50%
2026-05-06 02:58:40 INFO mt5_bot - Execution status=skipped reason=no_closed_bar_crossover
2026-05-06 02:58:55 INFO mt5_bot - Balance=102029.96 Equity=102029.96 Spread=0.30 pips
2026-05-06 02:58:55 INFO mt5_bot - Signal=NONE reason=no_closed_bar_crossover price=None trend=bearish rsi=36.0 atr_pips=19.7 adx=46.1
2026-05-06 02:58:55 INFO mt5_bot - ADX boost: adx=46.1 \u2192 risk_pct=1.50%
2026-05-06 02:58:55 INFO mt5_bot - Execution status=skipped reason=no_closed_bar_crossover
2026-05-06 02:59:10 INFO mt5_bot - Balance=102029.96 Equity=102029.96 Spread=0.30 pips
2026-05-06 02:59:10 INFO mt5_bot - Signal=NONE reason=no_closed_bar_crossover price=None trend=bearish rsi=36.0 atr_pips=19.7 adx=46.1
2026-05-06 02:59:10 INFO mt5_bot - ADX boost: adx=46.1 \u2192 risk_pct=1.50%
2026-05-06 02:59:10 INFO mt5_bot - Execution status=skipped reason=no_closed_bar_crossover
2026-05-06 02:59:25 INFO mt5_bot - Balance=102029.96 Equity=102029.96 Spread=0.30 pips
2026-05-06 02:59:25 INFO mt5_bot - Signal=NONE reason=no_closed_bar_crossover price=None trend=bearish rsi=36.0 atr_pips=19.7 adx=46.1
2026-05-06 02:59:25 INFO mt5_bot - ADX boost: adx=46.1 \u2192 risk_pct=1.50%
2026-05-06 02:59:25 INFO mt5_bot - Execution status=skipped reason=no_closed_bar_crossover
2026-05-06 02:59:40 INFO mt5_bot - Balance=102029.96 Equity=102029.96 Spread=0.30 pips
2026-05-06 02:59:40 INFO mt5_bot - Signal=NONE reason=no_closed_bar_crossover price=None trend=bearish rsi=36.0 atr_pips=19.7 adx=46.1
2026-05-06 02:59:40 INFO mt5_bot - ADX boost: adx=46.1 \u2192 risk_pct=1.50%
2026-05-06 02:59:40 INFO mt5_bot - Execution status=skipped reason=no_closed_bar_crossover
2026-05-06 02:59:55 INFO mt5_bot - Balance=102029.96 Equity=102029.96 Spread=0.30 pips
2026-05-06 02:59:55 INFO mt5_bot - Signal=NONE reason=no_closed_bar_crossover price=None trend=bearish rsi=36.0 atr_pips=19.7 adx=46.1
2026-05-06 02:59:55 INFO mt5_bot - ADX boost: adx=46.1 \u2192 risk_pct=1.50%
2026-05-06 02:59:55 INFO mt5_bot - Execution status=skipped reason=no_closed_bar_crossover
2026-05-06 03:00:10 INFO mt5_bot - Balance=102029.96 Equity=102029.96 Spread=0.30 pips
2026-05-06 03:00:10 INFO mt5_bot.news_filter - news_filter: loaded 115 events from shared cache
2026-05-06 03:00:10 INFO mt5_bot - Signal=NONE reason=no_closed_bar_crossover price=None trend=bearish rsi=24.4 atr_pips=23.6 adx=47.3
2026-05-06 03:00:10 INFO mt5_bot - ADX boost: adx=47.3 \u2192 risk_pct=1.50%
2026-05-06 03:00:10 INFO mt5_bot - Execution status=skipped reason=no_closed_bar_crossover
2026-05-06 03:00:25 INFO mt5_bot - Balance=102029.96 Equity=102029.96 Spread=0.30 pips
2026-05-06 03:00:25 INFO mt5_bot - Signal=NONE reason=no_closed_bar_crossover price=None trend=bearish rsi=24.4 atr_pips=23.6 adx=47.3
2026-05-06 03:00:25 INFO mt5_bot - ADX boost: adx=47.3 \u2192 risk_pct=1.50%
2026-05-06 03:00:25 INFO mt5_bot - Execution status=skipped reason=no_closed_bar_crossover
2026-05-06 03:00:40 INFO mt5_bot - Balance=102029.96 Equity=102029.96 Spread=0.30 pips
2026-05-06 03:00:40 INFO mt5_bot - Signal=NONE reason=no_closed_bar_crossover price=None trend=bearish rsi=24.4 atr_pips=23.6 adx=47.3
2026-05-06 03:00:40 INFO mt5_bot - ADX boost: adx=47.3 \u2192 risk_pct=1.50%
2026-05-06 03:00:40 INFO mt5_bot - Execution status=skipped reason=no_closed_bar_crossover
2026-05-06 03:00:55 INFO mt5_bot - Balance=102029.96 Equity=102029.96 Spread=0.30 pips
2026-05-06 03:00:55 INFO mt5_bot - Signal=NONE reason=no_closed_bar_crossover price=None trend=bearish rsi=24.4 atr_pips=23.6 adx=47.3
2026-05-06 03:00:55 INFO mt5_bot - ADX boost: adx=47.3 \u2192 risk_pct=1.50%
2026-05-06 03:00:55 INFO mt5_bot - Execution status=skipped reason=no_closed_bar_crossover
2026-05-06 03:01:10 INFO mt5_bot - Balance=102029.96 Equity=102029.96 Spread=0.30 pips
2026-05-06 03:01:10 INFO mt5_bot - Signal=NONE reason=no_closed_bar_crossover price=None trend=bearish rsi=24.4 atr_pips=23.6 adx=47.3
2026-05-06 03:01:10 INFO mt5_bot - ADX boost: adx=47.3 \u2192 risk_pct=1.50%
2026-05-06 03:01:10 INFO mt5_bot - Execution status=skipped reason=no_closed_bar_crossover
2026-05-06 03:01:25 INFO mt5_bot - Balance=102029.96 Equity=102029.96 Spread=0.30 pips
2026-05-06 03:01:25 INFO mt5_bot - Signal=NONE reason=no_closed_bar_crossover price=None trend=bearish rsi=24.4 atr_pips=23.6 adx=47.3
2026-05-06 03:01:25 INFO mt5_bot - ADX boost: adx=47.3 \u2192 risk_pct=1.50%
2026-05-06 03:01:25 INFO mt5_bot - Execution status=skipped reason=no_closed_bar_crossover
2026-05-06 03:01:40 INFO mt5_bot - Balance=102029.96 Equity=102029.96 Spread=0.30 pips
2026-05-06 03:01:40 INFO mt5_bot - Signal=NONE reason=no_closed_bar_crossover price=None trend=bearish rsi=24.4 atr_pips=23.6 adx=47.3
2026-05-06 03:01:40 INFO mt5_bot - ADX boost: adx=47.3 \u2192 risk_pct=1.50%
2026-05-06 03:01:40 INFO mt5_bot - Execution status=skipped reason=no_closed_bar_crossover
2026-05-06 03:01:55 INFO mt5_bot - Balance=102029.96 Equity=102029.96 Spread=0.30 pips
2026-05-06 03:01:55 INFO mt5_bot - Signal=NONE reason=no_closed_bar_crossover price=None trend=bearish rsi=24.4 atr_pips=23.6 adx=47.3
2026-05-06 03:01:55 INFO mt5_bot - ADX boost: adx=47.3 \u2192 risk_pct=1.50%
2026-05-06 03:01:55 INFO mt5_bot - Execution status=skipped reason=no_closed_bar_crossover
2026-05-06 03:02:10 INFO mt5_bot - Balance=102029.96 Equity=102029.96 Spread=0.30 pips
2026-05-06 03:02:10 INFO mt5_bot - Signal=NONE reason=no_closed_bar_crossover price=None trend=bearish rsi=24.4 atr_pips=23.6 adx=47.3
2026-05-06 03:02:10 INFO mt5_bot - ADX boost: adx=47.3 \u2192 risk_pct=1.50%
2026-05-06 03:02:10 INFO mt5_bot - Execution status=skipped reason=no_closed_bar_crossover
2026-05-06 03:02:25 INFO mt5_bot - Balance=102029.96 Equity=102029.96 Spread=0.30 pips
2026-05-06 03:02:25 INFO mt5_bot - Signal=NONE reason=no_closed_bar_crossover price=None trend=bearish rsi=24.4 atr_pips=23.6 adx=47.3
2026-05-06 03:02:25 INFO mt5_bot - ADX boost: adx=47.3 \u2192 risk_pct=1.50%
2026-05-06 03:02:25 INFO mt5_bot - Execution status=skipped reason=no_closed_bar_crossover
2026-05-06 03:02:40 INFO mt5_bot - Balance=102029.96 Equity=102029.96 Spread=0.30 pips
2026-05-06 03:02:40 INFO mt5_bot - Signal=NONE reason=no_closed_bar_crossover price=None trend=bearish rsi=24.4 atr_pips=23.6 adx=47.3
2026-05-06 03:02:40 INFO mt5_bot - ADX boost: adx=47.3 \u2192 risk_pct=1.50%
2026-05-06 03:02:40 INFO mt5_bot - Execution status=skipped reason=no_closed_bar_crossover
2026-05-06 03:02:55 INFO mt5_bot - Balance=102029.96 Equity=102029.96 Spread=0.30 pips
2026-05-06 03:02:55 INFO mt5_bot - Signal=NONE reason=no_closed_bar_crossover price=None trend=bearish rsi=24.4 atr_pips=23.6 adx=47.3
2026-05-06 03:02:55 INFO mt5_bot - ADX boost: adx=47.3 \u2192 risk_pct=1.50%
2026-05-06 03:02:55 INFO mt5_bot - Execution status=skipped reason=no_closed_bar_crossover
2026-05-06 03:03:10 INFO mt5_bot - Balance=102029.96 Equity=102029.96 Spread=0.30 pips
2026-05-06 03:03:11 INFO mt5_bot - Signal=NONE reason=no_closed_bar_crossover price=None trend=bearish rsi=24.4 atr_pips=23.6 adx=47.3
2026-05-06 03:03:11 INFO mt5_bot - ADX boost: adx=47.3 \u2192 risk_pct=1.50%
2026-05-06 03:03:11 INFO mt5_bot - Execution status=skipped reason=no_closed_bar_crossover
2026-05-06 03:03:26 INFO mt5_bot - Balance=102029.96 Equity=102029.96 Spread=0.30 pips
2026-05-06 03:03:26 INFO mt5_bot - Signal=NONE reason=no_closed_bar_crossover price=None trend=bearish rsi=24.4 atr_pips=23.6 adx=47.3
2026-05-06 03:03:26 INFO mt5_bot - ADX boost: adx=47.3 \u2192 risk_pct=1.50%
2026-05-06 03:03:26 INFO mt5_bot - Execution status=skipped reason=no_closed_bar_crossover
2026-05-06 03:03:41 INFO mt5_bot - Balance=102029.96 Equity=102029.96 Spread=0.30 pips
2026-05-06 03:03:41 INFO mt5_bot - Signal=NONE reason=no_closed_bar_crossover price=None trend=bearish rsi=24.4 atr_pips=23.6 adx=47.3
2026-05-06 03:03:41 INFO mt5_bot - ADX boost: adx=47.3 \u2192 risk_pct=1.50%
2026-05-06 03:03:41 INFO mt5_bot - Execution status=skipped reason=no_closed_bar_crossover
2026-05-06 03:03:56 INFO mt5_bot - Balance=102029.96 Equity=102029.96 Spread=0.30 pips
2026-05-06 03:03:56 INFO mt5_bot - Signal=NONE reason=no_closed_bar_crossover price=None trend=bearish rsi=24.4 atr_pips=23.6 adx=47.3
2026-05-06 03:03:56 INFO mt5_bot - ADX boost: adx=47.3 \u2192 risk_pct=1.50%
2026-05-06 03:03:56 INFO mt5_bot - Execution status=skipped reason=no_closed_bar_crossover
2026-05-06 03:04:11 INFO mt5_bot - Balance=102029.96 Equity=102029.96 Spread=0.30 pips
2026-05-06 03:04:11 INFO mt5_bot - Signal=NONE reason=no_closed_bar_crossover price=None trend=bearish rsi=24.4 atr_pips=23.6 adx=47.3
2026-05-06 03:04:11 INFO mt5_bot - ADX boost: adx=47.3 \u2192 risk_pct=1.50%
2026-05-06 03:04:11 INFO mt5_bot - Execution status=skipped reason=no_closed_bar_crossover
2026-05-06 03:04:26 INFO mt5_bot - Balance=102029.96 Equity=102029.96 Spread=0.00 pips
2026-05-06 03:04:26 INFO mt5_bot - Signal=NONE reason=no_closed_bar_crossover price=None trend=bearish rsi=24.4 atr_pips=23.6 adx=47.3
2026-05-06 03:04:26 INFO mt5_bot - ADX boost: adx=47.3 \u2192 risk_pct=1.50%
2026-05-06 03:04:26 INFO mt5_bot - Execution status=skipped reason=no_closed_bar_crossover
2026-05-06 03:04:41 INFO mt5_bot - Balance=102029.96 Equity=102029.96 Spread=0.30 pips
2026-05-06 03:04:41 INFO mt5_bot - Signal=NONE reason=no_closed_bar_crossover price=None trend=bearish rsi=24.4 atr_pips=23.6 adx=47.3
2026-05-06 03:04:41 INFO mt5_bot - ADX boost: adx=47.3 \u2192 risk_pct=1.50%
2026-05-06 03:04:41 INFO mt5_bot - Execution status=skipped reason=no_closed_bar_crossover
2026-05-06 03:04:56 INFO mt5_bot - Balance=102029.96 Equity=102029.96 Spread=0.30 pips
2026-05-06 03:04:56 INFO mt5_bot - Signal=NONE reason=no_closed_bar_crossover price=None trend=bearish rsi=24.4 atr_pips=23.6 adx=47.3
2026-05-06 03:04:56 INFO mt5_bot - ADX boost: adx=47.3 \u2192 risk_pct=1.50%
2026-05-06 03:04:56 INFO mt5_bot - Execution status=skipped reason=no_closed_bar_crossover
2026-05-06 03:05:11 INFO mt5_bot - Balance=102029.96 Equity=102029.96 Spread=0.30 pips
2026-05-06 03:05:11 INFO mt5_bot - Signal=NONE reason=no_closed_bar_crossover price=None trend=bearish rsi=24.4 atr_pips=23.6 adx=47.3
2026-05-06 03:05:11 INFO mt5_bot - ADX boost: adx=47.3 \u2192 risk_pct=1.50%
2026-05-06 03:05:11 INFO mt5_bot - Execution status=skipped reason=no_closed_bar_crossover
2026-05-06 03:05:26 INFO mt5_bot - Balance=102029.96 Equity=102029.96 Spread=0.30 pips
2026-05-06 03:05:26 INFO mt5_bot - Signal=NONE reason=no_closed_bar_crossover price=None trend=bearish rsi=24.4 atr_pips=23.6 adx=47.3
2026-05-06 03:05:26 INFO mt5_bot - ADX boost: adx=47.3 \u2192 risk_pct=1.50%
2026-05-06 03:05:26 INFO mt5_bot - Execution status=skipped reason=no_closed_bar_crossover
2026-05-06 03:05:41 INFO mt5_bot - Balance=102029.96 Equity=102029.96 Spread=0.30 pips
2026-05-06 03:05:41 INFO mt5_bot - Signal=NONE reason=no_closed_bar_crossover price=None trend=bearish rsi=24.4 atr_pips=23.6 adx=47.3
2026-05-06 03:05:41 INFO mt5_bot - ADX boost: adx=47.3 \u2192 risk_pct=1.50%
2026-05-06 03:05:41 INFO mt5_bot - Execution status=skipped reason=no_closed_bar_crossover
2026-05-06 03:05:56 INFO mt5_bot - Balance=102029.96 Equity=102029.96 Spread=0.30 pips
2026-05-06 03:05:56 INFO mt5_bot - Signal=NONE reason=no_closed_bar_crossover price=None trend=bearish rsi=24.4 atr_pips=23.6 adx=47.3
2026-05-06 03:05:56 INFO mt5_bot - ADX boost: adx=47.3 \u2192 risk_pct=1.50%
2026-05-06 03:05:56 INFO mt5_bot - Execution status=skipped reason=no_closed_bar_crossover
2026-05-06 03:06:11 INFO mt5_bot - Balance=102029.96 Equity=102029.96 Spread=0.30 pips
2026-05-06 03:06:11 INFO mt5_bot - Signal=NONE reason=no_closed_bar_crossover price=None trend=bearish rsi=24.4 atr_pips=23.6 adx=47.3
2026-05-06 03:06:11 INFO mt5_bot - ADX boost: adx=47.3 \u2192 risk_pct=1.50%
2026-05-06 03:06:11 INFO mt5_bot - Execution status=skipped reason=no_closed_bar_crossover
2026-05-06 03:06:26 INFO mt5_bot - Balance=102029.96 Equity=102029.96 Spread=0.30 pips
2026-05-06 03:06:26 INFO mt5_bot - Signal=NONE reason=no_closed_bar_crossover price=None trend=bearish rsi=24.4 atr_pips=23.6 adx=47.3
2026-05-06 03:06:26 INFO mt5_bot - ADX boost: adx=47.3 \u2192 risk_pct=1.50%
2026-05-06 03:06:26 INFO mt5_bot - Execution status=skipped reason=no_closed_bar_crossover
2026-05-06 03:06:41 INFO mt5_bot - Balance=102029.96 Equity=102029.96 Spread=0.30 pips
2026-05-06 03:06:41 INFO mt5_bot - Signal=NONE reason=no_closed_bar_crossover price=None trend=bearish rsi=24.4 atr_pips=23.6 adx=47.3
2026-05-06 03:06:41 INFO mt5_bot - ADX boost: adx=47.3 \u2192 risk_pct=1.50%
2026-05-06 03:06:41 INFO mt5_bot - Execution status=skipped reason=no_closed_bar_crossover
2026-05-06 03:06:56 INFO mt5_bot - Balance=102029.96 Equity=102029.96 Spread=0.30 pips
2026-05-06 03:06:56 INFO mt5_bot - Signal=NONE reason=no_closed_bar_crossover price=None trend=bearish rsi=24.4 atr_pips=23.6 adx=47.3
2026-05-06 03:06:56 INFO mt5_bot - ADX boost: adx=47.3 \u2192 risk_pct=1.50%
2026-05-06 03:06:56 INFO mt5_bot - Execution status=skipped reason=no_closed_bar_crossover
2026-05-06 03:07:11 INFO mt5_bot - Balance=102029.96 Equity=102029.96 Spread=0.30 pips
2026-05-06 03:07:11 INFO mt5_bot - Signal=NONE reason=no_closed_bar_crossover price=None trend=bearish rsi=24.4 atr_pips=23.6 adx=47.3
2026-05-06 03:07:11 INFO mt5_bot - ADX boost: adx=47.3 \u2192 risk_pct=1.50%
2026-05-06 03:07:11 INFO mt5_bot - Execution status=skipped reason=no_closed_bar_crossover
2026-05-06 03:07:26 INFO mt5_bot - Balance=102029.96 Equity=102029.96 Spread=0.30 pips
2026-05-06 03:07:26 INFO mt5_bot - Signal=NONE reason=no_closed_bar_crossover price=None trend=bearish rsi=24.4 atr_pips=23.6 adx=47.3
2026-05-06 03:07:26 INFO mt5_bot - ADX boost: adx=47.3 \u2192 risk_pct=1.50%
2026-05-06 03:07:26 INFO mt5_bot - Execution status=skipped reason=no_closed_bar_crossover
2026-05-06 03:07:41 INFO mt5_bot - Balance=102029.96 Equity=102029.96 Spread=0.30 pips
2026-05-06 03:07:41 INFO mt5_bot - Signal=NONE reason=no_closed_bar_crossover price=None trend=bearish rsi=24.4 atr_pips=23.6 adx=47.3
2026-05-06 03:07:41 INFO mt5_bot - ADX boost: adx=47.3 \u2192 risk_pct=1.50%
2026-05-06 03:07:41 INFO mt5_bot - Execution status=skipped reason=no_closed_bar_crossover
2026-05-06 03:07:56 INFO mt5_bot - Balance=102029.96 Equity=102029.96 Spread=0.30 pips
2026-05-06 03:07:56 INFO mt5_bot - Signal=NONE reason=no_closed_bar_crossover price=None trend=bearish rsi=24.4 atr_pips=23.6 adx=47.3
2026-05-06 03:07:56 INFO mt5_bot - ADX boost: adx=47.3 \u2192 risk_pct=1.50%
2026-05-06 03:07:56 INFO mt5_bot - Execution status=skipped reason=no_closed_bar_crossover
2026-05-06 03:08:11 INFO mt5_bot - Balance=102029.96 Equity=102029.96 Spread=0.30 pips
2026-05-06 03:08:11 INFO mt5_bot - Signal=NONE reason=no_closed_bar_crossover price=None trend=bearish rsi=24.4 atr_pips=23.6 adx=47.3
2026-05-06 03:08:11 INFO mt5_bot - ADX boost: adx=47.3 \u2192 risk_pct=1.50%
2026-05-06 03:08:11 INFO mt5_bot - Execution status=skipped reason=no_closed_bar_crossover
2026-05-06 03:08:26 INFO mt5_bot - Balance=102029.96 Equity=102029.96 Spread=0.30 pips
2026-05-06 03:08:26 INFO mt5_bot - Signal=NONE reason=no_closed_bar_crossover price=None trend=bearish rsi=24.4 atr_pips=23.6 adx=47.3
2026-05-06 03:08:26 INFO mt5_bot - ADX boost: adx=47.3 \u2192 risk_pct=1.50%
2026-05-06 03:08:26 INFO mt5_bot - Execution status=skipped reason=no_closed_bar_crossover
2026-05-06 03:08:41 INFO mt5_bot - Balance=102029.96 Equity=102029.96 Spread=0.30 pips
2026-05-06 03:08:41 INFO mt5_bot - Signal=NONE reason=no_closed_bar_crossover price=None trend=bearish rsi=24.4 atr_pips=23.6 adx=47.3
2026-05-06 03:08:41 INFO mt5_bot - ADX boost: adx=47.3 \u2192 risk_pct=1.50%
2026-05-06 03:08:41 INFO mt5_bot - Execution status=skipped reason=no_closed_bar_crossover
2026-05-06 03:08:56 INFO mt5_bot - Balance=102029.96 Equity=102029.96 Spread=0.30 pips
2026-05-06 03:08:56 INFO mt5_bot - Signal=NONE reason=no_closed_bar_crossover price=None trend=bearish rsi=24.4 atr_pips=23.6 adx=47.3
2026-05-06 03:08:56 INFO mt5_bot - ADX boost: adx=47.3 \u2192 risk_pct=1.50%
2026-05-06 03:08:56 INFO mt5_bot - Execution status=skipped reason=no_closed_bar_crossover
2026-05-06 03:09:11 INFO mt5_bot - Balance=102029.96 Equity=102029.96 Spread=0.30 pips
2026-05-06 03:09:11 INFO mt5_bot - Signal=NONE reason=no_closed_bar_crossover price=None trend=bearish rsi=24.4 atr_pips=23.6 adx=47.3
2026-05-06 03:09:11 INFO mt5_bot - ADX boost: adx=47.3 \u2192 risk_pct=1.50%
2026-05-06 03:09:11 INFO mt5_bot - Execution status=skipped reason=no_closed_bar_crossover
2026-05-06 03:09:26 INFO mt5_bot - Balance=102029.96 Equity=102029.96 Spread=0.30 pips
2026-05-06 03:09:26 INFO mt5_bot - Signal=NONE reason=no_closed_bar_crossover price=None trend=bearish rsi=24.4 atr_pips=23.6 adx=47.3
2026-05-06 03:09:26 INFO mt5_bot - ADX boost: adx=47.3 \u2192 risk_pct=1.50%
2026-05-06 03:09:26 INFO mt5_bot - Execution status=skipped reason=no_closed_bar_crossover
2026-05-06 03:09:41 INFO mt5_bot - Balance=102029.96 Equity=102029.96 Spread=0.30 pips
2026-05-06 03:09:41 INFO mt5_bot - Signal=NONE reason=no_closed_bar_crossover price=None trend=bearish rsi=24.4 atr_pips=23.6 adx=47.3
2026-05-06 03:09:41 INFO mt5_bot - ADX boost: adx=47.3 \u2192 risk_pct=1.50%
2026-05-06 03:09:41 INFO mt5_bot - Execution status=skipped reason=no_closed_bar_crossover
2026-05-06 03:09:56 INFO mt5_bot - Balance=102029.96 Equity=102029.96 Spread=0.30 pips
2026-05-06 03:09:56 INFO mt5_bot - Signal=NONE reason=no_closed_bar_crossover price=None trend=bearish rsi=24.4 atr_pips=23.6 adx=47.3
2026-05-06 03:09:56 INFO mt5_bot - ADX boost: adx=47.3 \u2192 risk_pct=1.50%
2026-05-06 03:09:56 INFO mt5_bot - Execution status=skipped reason=no_closed_bar_crossover
2026-05-06 03:10:11 INFO mt5_bot - Balance=102029.96 Equity=102029.96 Spread=0.30 pips
2026-05-06 03:10:11 INFO mt5_bot - Signal=NONE reason=no_closed_bar_crossover price=None trend=bearish rsi=24.4 atr_pips=23.6 adx=47.3
2026-05-06 03:10:11 INFO mt5_bot - ADX boost: adx=47.3 \u2192 risk_pct=1.50%
2026-05-06 03:10:11 INFO mt5_bot - Execution status=skipped reason=no_closed_bar_crossover
2026-05-06 03:10:26 INFO mt5_bot - Balance=102029.96 Equity=102029.96 Spread=0.30 pips
2026-05-06 03:10:26 INFO mt5_bot - Signal=NONE reason=no_closed_bar_crossover price=None trend=bearish rsi=24.4 atr_pips=23.6 adx=47.3
2026-05-06 03:10:26 INFO mt5_bot - ADX boost: adx=47.3 \u2192 risk_pct=1.50%
2026-05-06 03:10:26 INFO mt5_bot - Execution status=skipped reason=no_closed_bar_crossover
2026-05-06 03:10:41 INFO mt5_bot - Balance=102029.96 Equity=102029.96 Spread=0.30 pips
2026-05-06 03:10:41 INFO mt5_bot - Signal=NONE reason=no_closed_bar_crossover price=None trend=bearish rsi=24.4 atr_pips=23.6 adx=47.3
2026-05-06 03:10:41 INFO mt5_bot - ADX boost: adx=47.3 \u2192 risk_pct=1.50%
2026-05-06 03:10:41 INFO mt5_bot - Execution status=skipped reason=no_closed_bar_crossover
2026-05-06 03:10:56 INFO mt5_bot - Balance=102029.96 Equity=102029.96 Spread=0.30 pips
2026-05-06 03:10:56 INFO mt5_bot - Signal=NONE reason=no_closed_bar_crossover price=None trend=bearish rsi=24.4 atr_pips=23.6 adx=47.3
2026-05-06 03:10:56 INFO mt5_bot - ADX boost: adx=47.3 \u2192 risk_pct=1.50%
2026-05-06 03:10:56 INFO mt5_bot - Execution status=skipped reason=no_closed_bar_crossover
2026-05-06 03:11:11 INFO mt5_bot - Balance=102029.96 Equity=102029.96 Spread=0.30 pips
2026-05-06 03:11:11 INFO mt5_bot - Signal=NONE reason=no_closed_bar_crossover price=None trend=bearish rsi=24.4 atr_pips=23.6 adx=47.3
2026-05-06 03:11:11 INFO mt5_bot - ADX boost: adx=47.3 \u2192 risk_pct=1.50%
2026-05-06 03:11:11 INFO mt5_bot - Execution status=skipped reason=no_closed_bar_crossover
2026-05-06 03:11:26 INFO mt5_bot - Balance=102029.96 Equity=102029.96 Spread=0.30 pips
2026-05-06 03:11:26 INFO mt5_bot - Signal=NONE reason=no_closed_bar_crossover price=None trend=bearish rsi=24.4 atr_pips=23.6 adx=47.3
2026-05-06 03:11:26 INFO mt5_bot - ADX boost: adx=47.3 \u2192 risk_pct=1.50%
2026-05-06 03:11:26 INFO mt5_bot - Execution status=skipped reason=no_closed_bar_crossover
2026-05-06 03:11:41 INFO mt5_bot - Balance=102029.96 Equity=102029.96 Spread=0.30 pips
2026-05-06 03:11:41 INFO mt5_bot - Signal=NONE reason=no_closed_bar_crossover price=None trend=bearish rsi=24.4 atr_pips=23.6 adx=47.3
2026-05-06 03:11:41 INFO mt5_bot - ADX boost: adx=47.3 \u2192 risk_pct=1.50%
2026-05-06 03:11:41 INFO mt5_bot - Execution status=skipped reason=no_closed_bar_crossover
2026-05-06 03:11:56 INFO mt5_bot - Balance=102029.96 Equity=102029.96 Spread=0.30 pips
2026-05-06 03:11:56 INFO mt5_bot - Signal=NONE reason=no_closed_bar_crossover price=None trend=bearish rsi=24.4 atr_pips=23.6 adx=47.3
2026-05-06 03:11:56 INFO mt5_bot - ADX boost: adx=47.3 \u2192 risk_pct=1.50%
2026-05-06 03:11:56 INFO mt5_bot - Execution status=skipped reason=no_closed_bar_crossover
2026-05-06 03:12:11 INFO mt5_bot - Balance=102029.96 Equity=102029.96 Spread=0.30 pips
2026-05-06 03:12:11 INFO mt5_bot - Signal=NONE reason=no_closed_bar_crossover price=None trend=bearish rsi=24.4 atr_pips=23.6 adx=47.3
2026-05-06 03:12:11 INFO mt5_bot - ADX boost: adx=47.3 \u2192 risk_pct=1.50%
2026-05-06 03:12:11 INFO mt5_bot - Execution status=skipped reason=no_closed_bar_crossover
2026-05-06 03:12:26 INFO mt5_bot - Balance=102029.96 Equity=102029.96 Spread=0.30 pips
2026-05-06 03:12:26 INFO mt5_bot - Signal=NONE reason=no_closed_bar_crossover price=None trend=bearish rsi=24.4 atr_pips=23.6 adx=47.3
2026-05-06 03:12:26 INFO mt5_bot - ADX boost: adx=47.3 \u2192 risk_pct=1.50%
2026-05-06 03:12:26 INFO mt5_bot - Execution status=skipped reason=no_closed_bar_crossover
2026-05-06 03:12:41 INFO mt5_bot - Balance=102029.96 Equity=102029.96 Spread=0.30 pips
2026-05-06 03:12:41 INFO mt5_bot - Signal=NONE reason=no_closed_bar_crossover price=None trend=bearish rsi=24.4 atr_pips=23.6 adx=47.3
2026-05-06 03:12:41 INFO mt5_bot - ADX boost: adx=47.3 \u2192 risk_pct=1.50%
2026-05-06 03:12:41 INFO mt5_bot - Execution status=skipped reason=no_closed_bar_crossover
2026-05-06 03:12:56 INFO mt5_bot - Balance=102029.96 Equity=102029.96 Spread=0.30 pips
2026-05-06 03:12:56 INFO mt5_bot - Signal=NONE reason=no_closed_bar_crossover price=None trend=bearish rsi=24.4 atr_pips=23.6 adx=47.3
2026-05-06 03:12:56 INFO mt5_bot - ADX boost: adx=47.3 \u2192 risk_pct=1.50%
2026-05-06 03:12:56 INFO mt5_bot - Execution status=skipped reason=no_closed_bar_crossover
2026-05-06 03:13:11 INFO mt5_bot - Balance=102029.96 Equity=102029.96 Spread=0.30 pips
2026-05-06 03:13:11 INFO mt5_bot - Signal=NONE reason=no_closed_bar_crossover price=None trend=bearish rsi=24.4 atr_pips=23.6 adx=47.3
2026-05-06 03:13:11 INFO mt5_bot - ADX boost: adx=47.3 \u2192 risk_pct=1.50%
2026-05-06 03:13:11 INFO mt5_bot - Execution status=skipped reason=no_closed_bar_crossover
2026-05-06 03:13:26 INFO mt5_bot - Balance=102029.96 Equity=102029.96 Spread=0.30 pips
2026-05-06 03:13:26 INFO mt5_bot - Signal=NONE reason=no_closed_bar_crossover price=None trend=bearish rsi=24.4 atr_pips=23.6 adx=47.3
2026-05-06 03:13:26 INFO mt5_bot - ADX boost: adx=47.3 \u2192 risk_pct=1.50%
2026-05-06 03:13:26 INFO mt5_bot - Execution status=skipped reason=no_closed_bar_crossover
2026-05-06 03:13:41 INFO mt5_bot - Balance=102029.96 Equity=102029.96 Spread=0.30 pips
2026-05-06 03:13:41 INFO mt5_bot - Signal=NONE reason=no_closed_bar_crossover price=None trend=bearish rsi=24.4 atr_pips=23.6 adx=47.3
2026-05-06 03:13:41 INFO mt5_bot - ADX boost: adx=47.3 \u2192 risk_pct=1.50%
2026-05-06 03:13:41 INFO mt5_bot - Execution status=skipped reason=no_closed_bar_crossover
2026-05-06 03:13:56 INFO mt5_bot - Balance=102029.96 Equity=102029.96 Spread=0.30 pips
2026-05-06 03:13:56 INFO mt5_bot - Signal=NONE reason=no_closed_bar_crossover price=None trend=bearish rsi=24.4 atr_pips=23.6 adx=47.3
2026-05-06 03:13:56 INFO mt5_bot - ADX boost: adx=47.3 \u2192 risk_pct=1.50%
2026-05-06 03:13:56 INFO mt5_bot - Execution status=skipped reason=no_closed_bar_crossover
2026-05-06 03:14:11 INFO mt5_bot - Balance=102029.96 Equity=102029.96 Spread=0.30 pips
2026-05-06 03:14:11 INFO mt5_bot - Signal=NONE reason=no_closed_bar_crossover price=None trend=bearish rsi=24.4 atr_pips=23.6 adx=47.3
2026-05-06 03:14:11 INFO mt5_bot - ADX boost: adx=47.3 \u2192 risk_pct=1.50%
2026-05-06 03:14:11 INFO mt5_bot - Execution status=skipped reason=no_closed_bar_crossover
2026-05-06 03:14:26 INFO mt5_bot - Balance=102029.96 Equity=102029.96 Spread=0.30 pips
2026-05-06 03:14:26 INFO mt5_bot - Signal=NONE reason=no_closed_bar_crossover price=None trend=bearish rsi=24.4 atr_pips=23.6 adx=47.3
2026-05-06 03:14:26 INFO mt5_bot - ADX boost: adx=47.3 \u2192 risk_pct=1.50%
2026-05-06 03:14:26 INFO mt5_bot - Execution status=skipped reason=no_closed_bar_crossover
2026-05-06 03:14:41 INFO mt5_bot - Balance=102029.96 Equity=102029.96 Spread=0.30 pips
2026-05-06 03:14:41 INFO mt5_bot - Signal=NONE reason=no_closed_bar_crossover price=None trend=bearish rsi=24.4 atr_pips=23.6 adx=47.3
2026-05-06 03:14:41 INFO mt5_bot - ADX boost: adx=47.3 \u2192 risk_pct=1.50%
2026-05-06 03:14:41 INFO mt5_bot - Execution status=skipped reason=no_closed_bar_crossover
2026-05-06 03:14:56 INFO mt5_bot - Balance=102029.96 Equity=102029.96 Spread=0.30 pips
2026-05-06 03:14:56 INFO mt5_bot - Signal=NONE reason=no_closed_bar_crossover price=None trend=bearish rsi=24.4 atr_pips=23.6 adx=47.3
2026-05-06 03:14:56 INFO mt5_bot - ADX boost: adx=47.3 \u2192 risk_pct=1.50%
2026-05-06 03:14:56 INFO mt5_bot - Execution status=skipped reason=no_closed_bar_crossover
2026-05-06 03:15:11 INFO mt5_bot - Balance=102029.96 Equity=102029.96 Spread=0.30 pips
2026-05-06 03:15:11 INFO mt5_bot - Signal=NONE reason=no_closed_bar_crossover price=None trend=bearish rsi=37.5 atr_pips=25.6 adx=48.4
2026-05-06 03:15:11 INFO mt5_bot - ADX boost: adx=48.4 \u2192 risk_pct=1.50%
2026-05-06 03:15:11 INFO mt5_bot - Execution status=skipped reason=no_closed_bar_crossover
2026-05-06 03:15:26 INFO mt5_bot - Balance=102029.96 Equity=102029.96 Spread=0.30 pips
2026-05-06 03:15:26 INFO mt5_bot - Signal=NONE reason=no_closed_bar_crossover price=None trend=bearish rsi=37.5 atr_pips=25.6 adx=48.4
2026-05-06 03:15:26 INFO mt5_bot - ADX boost: adx=48.4 \u2192 risk_pct=1.50%
2026-05-06 03:15:26 INFO mt5_bot - Execution status=skipped reason=no_closed_bar_crossover
2026-05-06 03:15:41 INFO mt5_bot - Balance=102029.96 Equity=102029.96 Spread=0.30 pips
2026-05-06 03:15:41 INFO mt5_bot - Signal=NONE reason=no_closed_bar_crossover price=None trend=bearish rsi=37.5 atr_pips=25.6 adx=48.4
2026-05-06 03:15:41 INFO mt5_bot - ADX boost: adx=48.4 \u2192 risk_pct=1.50%
2026-05-06 03:15:41 INFO mt5_bot - Execution status=skipped reason=no_closed_bar_crossover
2026-05-06 03:15:56 INFO mt5_bot - Balance=102029.96 Equity=102029.96 Spread=0.30 pips
2026-05-06 03:15:56 INFO mt5_bot - Signal=NONE reason=no_closed_bar_crossover price=None trend=bearish rsi=37.5 atr_pips=25.6 adx=48.4
2026-05-06 03:15:56 INFO mt5_bot - ADX boost: adx=48.4 \u2192 risk_pct=1.50%
2026-05-06 03:15:56 INFO mt5_bot - Execution status=skipped reason=no_closed_bar_crossover
2026-05-06 03:16:11 INFO mt5_bot - Balance=102029.96 Equity=102029.96 Spread=0.30 pips
2026-05-06 03:16:11 INFO mt5_bot - Signal=NONE reason=no_closed_bar_crossover price=None trend=bearish rsi=37.5 atr_pips=25.6 adx=48.4
2026-05-06 03:16:11 INFO mt5_bot - ADX boost: adx=48.4 \u2192 risk_pct=1.50%
2026-05-06 03:16:11 INFO mt5_bot - Execution status=skipped reason=no_closed_bar_crossover
2026-05-06 03:16:26 INFO mt5_bot - Balance=102029.96 Equity=102029.96 Spread=0.30 pips
2026-05-06 03:16:26 INFO mt5_bot - Signal=NONE reason=no_closed_bar_crossover price=None trend=bearish rsi=37.5 atr_pips=25.6 adx=48.4
2026-05-06 03:16:26 INFO mt5_bot - ADX boost: adx=48.4 \u2192 risk_pct=1.50%
2026-05-06 03:16:26 INFO mt5_bot - Execution status=skipped reason=no_closed_bar_crossover
2026-05-06 03:16:41 INFO mt5_bot - Balance=102029.96 Equity=102029.96 Spread=0.30 pips
2026-05-06 03:16:41 INFO mt5_bot - Signal=NONE reason=no_closed_bar_crossover price=None trend=bearish rsi=37.5 atr_pips=25.6 adx=48.4
2026-05-06 03:16:41 INFO mt5_bot - ADX boost: adx=48.4 \u2192 risk_pct=1.50%
2026-05-06 03:16:41 INFO mt5_bot - Execution status=skipped reason=no_closed_bar_crossover
2026-05-06 03:16:56 INFO mt5_bot - Balance=102029.96 Equity=102029.96 Spread=0.30 pips
2026-05-06 03:16:56 INFO mt5_bot - Signal=NONE reason=no_closed_bar_crossover price=None trend=bearish rsi=37.5 atr_pips=25.6 adx=48.4
2026-05-06 03:16:56 INFO mt5_bot - ADX boost: adx=48.4 \u2192 risk_pct=1.50%
2026-05-06 03:16:56 INFO mt5_bot - Execution status=skipped reason=no_closed_bar_crossover
2026-05-06 03:17:11 INFO mt5_bot - Balance=102029.96 Equity=102029.96 Spread=0.30 pips
2026-05-06 03:17:11 INFO mt5_bot - Signal=NONE reason=no_closed_bar_crossover price=None trend=bearish rsi=37.5 atr_pips=25.6 adx=48.4
2026-05-06 03:17:11 INFO mt5_bot - ADX boost: adx=48.4 \u2192 risk_pct=1.50%
2026-05-06 03:17:11 INFO mt5_bot - Execution status=skipped reason=no_closed_bar_crossover
2026-05-06 03:17:26 INFO mt5_bot - Balance=102029.96 Equity=102029.96 Spread=0.30 pips
2026-05-06 03:17:26 INFO mt5_bot - Signal=NONE reason=no_closed_bar_crossover price=None trend=bearish rsi=37.5 atr_pips=25.6 adx=48.4
2026-05-06 03:17:26 INFO mt5_bot - ADX boost: adx=48.4 \u2192 risk_pct=1.50%
2026-05-06 03:17:26 INFO mt5_bot - Execution status=skipped reason=no_closed_bar_crossover
2026-05-06 03:17:41 INFO mt5_bot - Balance=102029.96 Equity=102029.96 Spread=0.30 pips
2026-05-06 03:17:41 INFO mt5_bot - Signal=NONE reason=no_closed_bar_crossover price=None trend=bearish rsi=37.5 atr_pips=25.6 adx=48.4
2026-05-06 03:17:41 INFO mt5_bot - ADX boost: adx=48.4 \u2192 risk_pct=1.50%
2026-05-06 03:17:41 INFO mt5_bot - Execution status=skipped reason=no_closed_bar_crossover
2026-05-06 03:17:56 INFO mt5_bot - Balance=102029.96 Equity=102029.96 Spread=0.30 pips
2026-05-06 03:17:56 INFO mt5_bot - Signal=NONE reason=no_closed_bar_crossover price=None trend=bearish rsi=37.5 atr_pips=25.6 adx=48.4
2026-05-06 03:17:56 INFO mt5_bot - ADX boost: adx=48.4 \u2192 risk_pct=1.50%
2026-05-06 03:17:56 INFO mt5_bot - Execution status=skipped reason=no_closed_bar_crossover
2026-05-06 03:18:11 INFO mt5_bot - Balance=102029.96 Equity=102029.96 Spread=0.30 pips
2026-05-06 03:18:11 INFO mt5_bot - Signal=NONE reason=no_closed_bar_crossover price=None trend=bearish rsi=37.5 atr_pips=25.6 adx=48.4
2026-05-06 03:18:11 INFO mt5_bot - ADX boost: adx=48.4 \u2192 risk_pct=1.50%
2026-05-06 03:18:11 INFO mt5_bot - Execution status=skipped reason=no_closed_bar_crossover
2026-05-06 03:18:26 INFO mt5_bot - Balance=102029.96 Equity=102029.96 Spread=0.30 pips
2026-05-06 03:18:26 INFO mt5_bot - Signal=NONE reason=no_closed_bar_crossover price=None trend=bearish rsi=37.5 atr_pips=25.6 adx=48.4
2026-05-06 03:18:26 INFO mt5_bot - ADX boost: adx=48.4 \u2192 risk_pct=1.50%
2026-05-06 03:18:26 INFO mt5_bot - Execution status=skipped reason=no_closed_bar_crossover
2026-05-06 03:18:41 INFO mt5_bot - Balance=102029.96 Equity=102029.96 Spread=0.30 pips
2026-05-06 03:18:41 INFO mt5_bot - Signal=NONE reason=no_closed_bar_crossover price=None trend=bearish rsi=37.5 atr_pips=25.6 adx=48.4
2026-05-06 03:18:41 INFO mt5_bot - ADX boost: adx=48.4 \u2192 risk_pct=1.50%
2026-05-06 03:18:41 INFO mt5_bot - Execution status=skipped reason=no_closed_bar_crossover
2026-05-06 03:18:56 INFO mt5_bot - Balance=102029.96 Equity=102029.96 Spread=0.30 pips
2026-05-06 03:18:57 INFO mt5_bot - Signal=NONE reason=no_closed_bar_crossover price=None trend=bearish rsi=37.5 atr_pips=25.6 adx=48.4
2026-05-06 03:18:57 INFO mt5_bot - ADX boost: adx=48.4 \u2192 risk_pct=1.50%
2026-05-06 03:18:57 INFO mt5_bot - Execution status=skipped reason=no_closed_bar_crossover
2026-05-06 03:19:12 INFO mt5_bot - Balance=102029.96 Equity=102029.96 Spread=0.30 pips
2026-05-06 03:19:12 INFO mt5_bot - Signal=NONE reason=no_closed_bar_crossover price=None trend=bearish rsi=37.5 atr_pips=25.6 adx=48.4
2026-05-06 03:19:12 INFO mt5_bot - ADX boost: adx=48.4 \u2192 risk_pct=1.50%
2026-05-06 03:19:12 INFO mt5_bot - Execution status=skipped reason=no_closed_bar_crossover
2026-05-06 03:19:27 INFO mt5_bot - Balance=102029.96 Equity=102029.96 Spread=0.30 pips
2026-05-06 03:19:27 INFO mt5_bot - Signal=NONE reason=no_closed_bar_crossover price=None trend=bearish rsi=37.5 atr_pips=25.6 adx=48.4
2026-05-06 03:19:27 INFO mt5_bot - ADX boost: adx=48.4 \u2192 risk_pct=1.50%
2026-05-06 03:19:27 INFO mt5_bot - Execution status=skipped reason=no_closed_bar_crossover
2026-05-06 03:19:42 INFO mt5_bot - Balance=102029.96 Equity=102029.96 Spread=0.30 pips
2026-05-06 03:19:42 INFO mt5_bot - Signal=NONE reason=no_closed_bar_crossover price=None trend=bearish rsi=37.5 atr_pips=25.6 adx=48.4
2026-05-06 03:19:42 INFO mt5_bot - ADX boost: adx=48.4 \u2192 risk_pct=1.50%
2026-05-06 03:19:42 INFO mt5_bot - Execution status=skipped reason=no_closed_bar_crossover
2026-05-06 03:19:57 INFO mt5_bot - Balance=102029.96 Equity=102029.96 Spread=0.30 pips
2026-05-06 03:19:57 INFO mt5_bot - Signal=NONE reason=no_closed_bar_crossover price=None trend=bearish rsi=37.5 atr_pips=25.6 adx=48.4
2026-05-06 03:19:57 INFO mt5_bot - ADX boost: adx=48.4 \u2192 risk_pct=1.50%
2026-05-06 03:19:57 INFO mt5_bot - Execution status=skipped reason=no_closed_bar_crossover
2026-05-06 03:20:12 INFO mt5_bot - Balance=102029.96 Equity=102029.96 Spread=0.30 pips
2026-05-06 03:20:12 INFO mt5_bot - Signal=NONE reason=no_closed_bar_crossover price=None trend=bearish rsi=37.5 atr_pips=25.6 adx=48.4
2026-05-06 03:20:12 INFO mt5_bot - ADX boost: adx=48.4 \u2192 risk_pct=1.50%
2026-05-06 03:20:12 INFO mt5_bot - Execution status=skipped reason=no_closed_bar_crossover
2026-05-06 03:20:27 INFO mt5_bot - Balance=102029.96 Equity=102029.96 Spread=0.30 pips
2026-05-06 03:20:27 INFO mt5_bot - Signal=NONE reason=no_closed_bar_crossover price=None trend=bearish rsi=37.5 atr_pips=25.6 adx=48.4
2026-05-06 03:20:27 INFO mt5_bot - ADX boost: adx=48.4 \u2192 risk_pct=1.50%
2026-05-06 03:20:27 INFO mt5_bot - Execution status=skipped reason=no_closed_bar_crossover
2026-05-06 03:20:42 INFO mt5_bot - Balance=102029.96 Equity=102029.96 Spread=0.30 pips
2026-05-06 03:20:42 INFO mt5_bot - Signal=NONE reason=no_closed_bar_crossover price=None trend=bearish rsi=37.5 atr_pips=25.6 adx=48.4
2026-05-06 03:20:42 INFO mt5_bot - ADX boost: adx=48.4 \u2192 risk_pct=1.50%
2026-05-06 03:20:42 INFO mt5_bot - Execution status=skipped reason=no_closed_bar_crossover
2026-05-06 03:20:57 INFO mt5_bot - Balance=102029.96 Equity=102029.96 Spread=0.30 pips
2026-05-06 03:20:57 INFO mt5_bot - Signal=NONE reason=no_closed_bar_crossover price=None trend=bearish rsi=37.5 atr_pips=25.6 adx=48.4
2026-05-06 03:20:57 INFO mt5_bot - ADX boost: adx=48.4 \u2192 risk_pct=1.50%
2026-05-06 03:20:57 INFO mt5_bot - Execution status=skipped reason=no_closed_bar_crossover
2026-05-06 03:21:12 INFO mt5_bot - Balance=102029.96 Equity=102029.96 Spread=0.30 pips
2026-05-06 03:21:12 INFO mt5_bot - Signal=NONE reason=no_closed_bar_crossover price=None trend=bearish rsi=37.5 atr_pips=25.6 adx=48.4
2026-05-06 03:21:12 INFO mt5_bot - ADX boost: adx=48.4 \u2192 risk_pct=1.50%
2026-05-06 03:21:12 INFO mt5_bot - Execution status=skipped reason=no_closed_bar_crossover
2026-05-06 03:21:27 INFO mt5_bot - Balance=102029.96 Equity=102029.96 Spread=0.30 pips
2026-05-06 03:21:27 INFO mt5_bot - Signal=NONE reason=no_closed_bar_crossover price=None trend=bearish rsi=37.5 atr_pips=25.6 adx=48.4
2026-05-06 03:21:27 INFO mt5_bot - ADX boost: adx=48.4 \u2192 risk_pct=1.50%
2026-05-06 03:21:27 INFO mt5_bot - Execution status=skipped reason=no_closed_bar_crossover
2026-05-06 03:21:42 INFO mt5_bot - Balance=102029.96 Equity=102029.96 Spread=0.30 pips
2026-05-06 03:21:42 INFO mt5_bot - Signal=NONE reason=no_closed_bar_crossover price=None trend=bearish rsi=37.5 atr_pips=25.6 adx=48.4
2026-05-06 03:21:42 INFO mt5_bot - ADX boost: adx=48.4 \u2192 risk_pct=1.50%
2026-05-06 03:21:42 INFO mt5_bot - Execution status=skipped reason=no_closed_bar_crossover
2026-05-06 03:21:57 INFO mt5_bot - Balance=102029.96 Equity=102029.96 Spread=0.30 pips
2026-05-06 03:21:57 INFO mt5_bot - Signal=NONE reason=no_closed_bar_crossover price=None trend=bearish rsi=37.5 atr_pips=25.6 adx=48.4
2026-05-06 03:21:57 INFO mt5_bot - ADX boost: adx=48.4 \u2192 risk_pct=1.50%
2026-05-06 03:21:57 INFO mt5_bot - Execution status=skipped reason=no_closed_bar_crossover
2026-05-06 03:22:12 INFO mt5_bot - Balance=102029.96 Equity=102029.96 Spread=0.30 pips
2026-05-06 03:22:12 INFO mt5_bot - Signal=NONE reason=no_closed_bar_crossover price=None trend=bearish rsi=37.5 atr_pips=25.6 adx=48.4
2026-05-06 03:22:12 INFO mt5_bot - ADX boost: adx=48.4 \u2192 risk_pct=1.50%
2026-05-06 03:22:12 INFO mt5_bot - Execution status=skipped reason=no_closed_bar_crossover
2026-05-06 03:22:27 INFO mt5_bot - Balance=102029.96 Equity=102029.96 Spread=0.30 pips
2026-05-06 03:22:27 INFO mt5_bot - Signal=NONE reason=no_closed_bar_crossover price=None trend=bearish rsi=37.5 atr_pips=25.6 adx=48.4
2026-05-06 03:22:27 INFO mt5_bot - ADX boost: adx=48.4 \u2192 risk_pct=1.50%
2026-05-06 03:22:27 INFO mt5_bot - Execution status=skipped reason=no_closed_bar_crossover
2026-05-06 03:22:42 INFO mt5_bot - Balance=102029.96 Equity=102029.96 Spread=0.30 pips
2026-05-06 03:22:42 INFO mt5_bot - Signal=NONE reason=no_closed_bar_crossover price=None trend=bearish rsi=37.5 atr_pips=25.6 adx=48.4
2026-05-06 03:22:42 INFO mt5_bot - ADX boost: adx=48.4 \u2192 risk_pct=1.50%
2026-05-06 03:22:42 INFO mt5_bot - Execution status=skipped reason=no_closed_bar_crossover
2026-05-06 03:22:57 INFO mt5_bot - Balance=102029.96 Equity=102029.96 Spread=0.30 pips
2026-05-06 03:22:57 INFO mt5_bot - Signal=NONE reason=no_closed_bar_crossover price=None trend=bearish rsi=37.5 atr_pips=25.6 adx=48.4
2026-05-06 03:22:57 INFO mt5_bot - ADX boost: adx=48.4 \u2192 risk_pct=1.50%
2026-05-06 03:22:57 INFO mt5_bot - Execution status=skipped reason=no_closed_bar_crossover
2026-05-06 03:23:12 INFO mt5_bot - Balance=102029.96 Equity=102029.96 Spread=0.30 pips
2026-05-06 03:23:12 INFO mt5_bot - Signal=NONE reason=no_closed_bar_crossover price=None trend=bearish rsi=37.5 atr_pips=25.6 adx=48.4
2026-05-06 03:23:12 INFO mt5_bot - ADX boost: adx=48.4 \u2192 risk_pct=1.50%
2026-05-06 03:23:12 INFO mt5_bot - Execution status=skipped reason=no_closed_bar_crossover
2026-05-06 03:23:27 INFO mt5_bot - Balance=102029.96 Equity=102029.96 Spread=0.30 pips
2026-05-06 03:23:27 INFO mt5_bot - Signal=NONE reason=no_closed_bar_crossover price=None trend=bearish rsi=37.5 atr_pips=25.6 adx=48.4
2026-05-06 03:23:27 INFO mt5_bot - ADX boost: adx=48.4 \u2192 risk_pct=1.50%
2026-05-06 03:23:27 INFO mt5_bot - Execution status=skipped reason=no_closed_bar_crossover
2026-05-06 03:23:42 INFO mt5_bot - Balance=102029.96 Equity=102029.96 Spread=0.30 pips
2026-05-06 03:23:42 INFO mt5_bot - Signal=NONE reason=no_closed_bar_crossover price=None trend=bearish rsi=37.5 atr_pips=25.6 adx=48.4
2026-05-06 03:23:42 INFO mt5_bot - ADX boost: adx=48.4 \u2192 risk_pct=1.50%
2026-05-06 03:23:42 INFO mt5_bot - Execution status=skipped reason=no_closed_bar_crossover
2026-05-06 03:23:57 INFO mt5_bot - Balance=102029.96 Equity=102029.96 Spread=0.30 pips
2026-05-06 03:23:57 INFO mt5_bot - Signal=NONE reason=no_closed_bar_crossover price=None trend=bearish rsi=37.5 atr_pips=25.6 adx=48.4
2026-05-06 03:23:57 INFO mt5_bot - ADX boost: adx=48.4 \u2192 risk_pct=1.50%
2026-05-06 03:23:57 INFO mt5_bot - Execution status=skipped reason=no_closed_bar_crossover
2026-05-06 03:24:12 INFO mt5_bot - Balance=102029.96 Equity=102029.96 Spread=0.30 pips
2026-05-06 03:24:12 INFO mt5_bot - Signal=NONE reason=no_closed_bar_crossover price=None trend=bearish rsi=37.5 atr_pips=25.6 adx=48.4
2026-05-06 03:24:12 INFO mt5_bot - ADX boost: adx=48.4 \u2192 risk_pct=1.50%
2026-05-06 03:24:12 INFO mt5_bot - Execution status=skipped reason=no_closed_bar_crossover
2026-05-06 03:24:27 INFO mt5_bot - Balance=102029.96 Equity=102029.96 Spread=0.30 pips
2026-05-06 03:24:27 INFO mt5_bot - Signal=NONE reason=no_closed_bar_crossover price=None trend=bearish rsi=37.5 atr_pips=25.6 adx=48.4
2026-05-06 03:24:27 INFO mt5_bot - ADX boost: adx=48.4 \u2192 risk_pct=1.50%
2026-05-06 03:24:27 INFO mt5_bot - Execution status=skipped reason=no_closed_bar_crossover
2026-05-06 03:24:42 INFO mt5_bot - Balance=102029.96 Equity=102029.96 Spread=0.30 pips
2026-05-06 03:24:42 INFO mt5_bot - Signal=NONE reason=no_closed_bar_crossover price=None trend=bearish rsi=37.5 atr_pips=25.6 adx=48.4
2026-05-06 03:24:42 INFO mt5_bot - ADX boost: adx=48.4 \u2192 risk_pct=1.50%
2026-05-06 03:24:42 INFO mt5_bot - Execution status=skipped reason=no_closed_bar_crossover
2026-05-06 03:24:57 INFO mt5_bot - Balance=102029.96 Equity=102029.96 Spread=0.30 pips
2026-05-06 03:24:57 INFO mt5_bot - Signal=NONE reason=no_closed_bar_crossover price=None trend=bearish rsi=37.5 atr_pips=25.6 adx=48.4
2026-05-06 03:24:57 INFO mt5_bot - ADX boost: adx=48.4 \u2192 risk_pct=1.50%
2026-05-06 03:24:57 INFO mt5_bot - Execution status=skipped reason=no_closed_bar_crossover
2026-05-06 03:25:12 INFO mt5_bot - Balance=102029.96 Equity=102029.96 Spread=0.30 pips
2026-05-06 03:25:12 INFO mt5_bot - Signal=NONE reason=no_closed_bar_crossover price=None trend=bearish rsi=37.5 atr_pips=25.6 adx=48.4
2026-05-06 03:25:12 INFO mt5_bot - ADX boost: adx=48.4 \u2192 risk_pct=1.50%
2026-05-06 03:25:12 INFO mt5_bot - Execution status=skipped reason=no_closed_bar_crossover
2026-05-06 03:25:27 INFO mt5_bot - Balance=102029.96 Equity=102029.96 Spread=0.30 pips
2026-05-06 03:25:27 INFO mt5_bot - Signal=NONE reason=no_closed_bar_crossover price=None trend=bearish rsi=37.5 atr_pips=25.6 adx=48.4
2026-05-06 03:25:27 INFO mt5_bot - ADX boost: adx=48.4 \u2192 risk_pct=1.50%
2026-05-06 03:25:27 INFO mt5_bot - Execution status=skipped reason=no_closed_bar_crossover
2026-05-06 03:25:42 INFO mt5_bot - Balance=102029.96 Equity=102029.96 Spread=0.30 pips
2026-05-06 03:25:42 INFO mt5_bot - Signal=NONE reason=no_closed_bar_crossover price=None trend=bearish rsi=37.5 atr_pips=25.6 adx=48.4
2026-05-06 03:25:42 INFO mt5_bot - ADX boost: adx=48.4 \u2192 risk_pct=1.50%
2026-05-06 03:25:42 INFO mt5_bot - Execution status=skipped reason=no_closed_bar_crossover
2026-05-06 03:25:57 INFO mt5_bot - Balance=102029.96 Equity=102029.96 Spread=0.30 pips
2026-05-06 03:25:57 INFO mt5_bot - Signal=NONE reason=no_closed_bar_crossover price=None trend=bearish rsi=37.5 atr_pips=25.6 adx=48.4
2026-05-06 03:25:57 INFO mt5_bot - ADX boost: adx=48.4 \u2192 risk_pct=1.50%
2026-05-06 03:25:57 INFO mt5_bot - Execution status=skipped reason=no_closed_bar_crossover
2026-05-06 03:26:12 INFO mt5_bot - Balance=102029.96 Equity=102029.96 Spread=0.30 pips
2026-05-06 03:26:12 INFO mt5_bot - Signal=NONE reason=no_closed_bar_crossover price=None trend=bearish rsi=37.5 atr_pips=25.6 adx=48.4
2026-05-06 03:26:12 INFO mt5_bot - ADX boost: adx=48.4 \u2192 risk_pct=1.50%
2026-05-06 03:26:12 INFO mt5_bot - Execution status=skipped reason=no_closed_bar_crossover
2026-05-06 03:26:27 INFO mt5_bot - Balance=102029.96 Equity=102029.96 Spread=0.30 pips
2026-05-06 03:26:27 INFO mt5_bot - Signal=NONE reason=no_closed_bar_crossover price=None trend=bearish rsi=37.5 atr_pips=25.6 adx=48.4
2026-05-06 03:26:27 INFO mt5_bot - ADX boost: adx=48.4 \u2192 risk_pct=1.50%
2026-05-06 03:26:27 INFO mt5_bot - Execution status=skipped reason=no_closed_bar_crossover
2026-05-06 03:26:42 INFO mt5_bot - Balance=102029.96 Equity=102029.96 Spread=0.30 pips
2026-05-06 03:26:42 INFO mt5_bot - Signal=NONE reason=no_closed_bar_crossover price=None trend=bearish rsi=37.5 atr_pips=25.6 adx=48.4
2026-05-06 03:26:42 INFO mt5_bot - ADX boost: adx=48.4 \u2192 risk_pct=1.50%
2026-05-06 03:26:42 INFO mt5_bot - Execution status=skipped reason=no_closed_bar_crossover
2026-05-06 03:26:57 INFO mt5_bot - Balance=102029.96 Equity=102029.96 Spread=0.30 pips
2026-05-06 03:26:57 INFO mt5_bot - Signal=NONE reason=no_closed_bar_crossover price=None trend=bearish rsi=37.5 atr_pips=25.6 adx=48.4
2026-05-06 03:26:57 INFO mt5_bot - ADX boost: adx=48.4 \u2192 risk_pct=1.50%
2026-05-06 03:26:57 INFO mt5_bot - Execution status=skipped reason=no_closed_bar_crossover
2026-05-06 03:27:12 INFO mt5_bot - Balance=102029.96 Equity=102029.96 Spread=0.30 pips
2026-05-06 03:27:12 INFO mt5_bot - Signal=NONE reason=no_closed_bar_crossover price=None trend=bearish rsi=37.5 atr_pips=25.6 adx=48.4
2026-05-06 03:27:12 INFO mt5_bot - ADX boost: adx=48.4 \u2192 risk_pct=1.50%
2026-05-06 03:27:12 INFO mt5_bot - Execution status=skipped reason=no_closed_bar_crossover
2026-05-06 03:27:27 INFO mt5_bot - Balance=102029.96 Equity=102029.96 Spread=0.30 pips
2026-05-06 03:27:27 INFO mt5_bot - Signal=NONE reason=no_closed_bar_crossover price=None trend=bearish rsi=37.5 atr_pips=25.6 adx=48.4
2026-05-06 03:27:27 INFO mt5_bot - ADX boost: adx=48.4 \u2192 risk_pct=1.50%
2026-05-06 03:27:27 INFO mt5_bot - Execution status=skipped reason=no_closed_bar_crossover
2026-05-06 03:27:42 INFO mt5_bot - Balance=102029.96 Equity=102029.96 Spread=0.30 pips
2026-05-06 03:27:42 INFO mt5_bot - Signal=NONE reason=no_closed_bar_crossover price=None trend=bearish rsi=37.5 atr_pips=25.6 adx=48.4
2026-05-06 03:27:42 INFO mt5_bot - ADX boost: adx=48.4 \u2192 risk_pct=1.50%
2026-05-06 03:27:42 INFO mt5_bot - Execution status=skipped reason=no_closed_bar_crossover
2026-05-06 03:27:57 INFO mt5_bot - Balance=102029.96 Equity=102029.96 Spread=0.30 pips
2026-05-06 03:27:57 INFO mt5_bot - Signal=NONE reason=no_closed_bar_crossover price=None trend=bearish rsi=37.5 atr_pips=25.6 adx=48.4
2026-05-06 03:27:57 INFO mt5_bot - ADX boost: adx=48.4 \u2192 risk_pct=1.50%
2026-05-06 03:27:57 INFO mt5_bot - Execution status=skipped reason=no_closed_bar_crossover
2026-05-06 03:28:12 INFO mt5_bot - Balance=102029.96 Equity=102029.96 Spread=0.30 pips
2026-05-06 03:28:12 INFO mt5_bot - Signal=NONE reason=no_closed_bar_crossover price=None trend=bearish rsi=37.5 atr_pips=25.6 adx=48.4
2026-05-06 03:28:12 INFO mt5_bot - ADX boost: adx=48.4 \u2192 risk_pct=1.50%
2026-05-06 03:28:12 INFO mt5_bot - Execution status=skipped reason=no_closed_bar_crossover
2026-05-06 03:28:27 INFO mt5_bot - Balance=102029.96 Equity=102029.96 Spread=0.30 pips
2026-05-06 03:28:27 INFO mt5_bot - Signal=NONE reason=no_closed_bar_crossover price=None trend=bearish rsi=37.5 atr_pips=25.6 adx=48.4
2026-05-06 03:28:27 INFO mt5_bot - ADX boost: adx=48.4 \u2192 risk_pct=1.50%
2026-05-06 03:28:27 INFO mt5_bot - Execution status=skipped reason=no_closed_bar_crossover
2026-05-06 03:28:42 INFO mt5_bot - Balance=102029.96 Equity=102029.96 Spread=0.30 pips
2026-05-06 03:28:42 INFO mt5_bot - Signal=NONE reason=no_closed_bar_crossover price=None trend=bearish rsi=37.5 atr_pips=25.6 adx=48.4
2026-05-06 03:28:42 INFO mt5_bot - ADX boost: adx=48.4 \u2192 risk_pct=1.50%
2026-05-06 03:28:42 INFO mt5_bot - Execution status=skipped reason=no_closed_bar_crossover
2026-05-06 03:28:57 INFO mt5_bot - Balance=102029.96 Equity=102029.96 Spread=0.30 pips
2026-05-06 03:28:57 INFO mt5_bot - Signal=NONE reason=no_closed_bar_crossover price=None trend=bearish rsi=37.5 atr_pips=25.6 adx=48.4
2026-05-06 03:28:57 INFO mt5_bot - ADX boost: adx=48.4 \u2192 risk_pct=1.50%
2026-05-06 03:28:57 INFO mt5_bot - Execution status=skipped reason=no_closed_bar_crossover
2026-05-06 03:29:12 INFO mt5_bot - Balance=102029.96 Equity=102029.96 Spread=0.30 pips
2026-05-06 03:29:12 INFO mt5_bot - Signal=NONE reason=no_closed_bar_crossover price=None trend=bearish rsi=37.5 atr_pips=25.6 adx=48.4
2026-05-06 03:29:12 INFO mt5_bot - ADX boost: adx=48.4 \u2192 risk_pct=1.50%
2026-05-06 03:29:12 INFO mt5_bot - Execution status=skipped reason=no_closed_bar_crossover
2026-05-06 03:29:27 INFO mt5_bot - Balance=102029.96 Equity=102029.96 Spread=0.30 pips
2026-05-06 03:29:27 INFO mt5_bot - Signal=NONE reason=no_closed_bar_crossover price=None trend=bearish rsi=37.5 atr_pips=25.6 adx=48.4
2026-05-06 03:29:27 INFO mt5_bot - ADX boost: adx=48.4 \u2192 risk_pct=1.50%
2026-05-06 03:29:27 INFO mt5_bot - Execution status=skipped reason=no_closed_bar_crossover
2026-05-06 03:29:42 INFO mt5_bot - Balance=102029.96 Equity=102029.96 Spread=0.30 pips
2026-05-06 03:29:42 INFO mt5_bot - Signal=NONE reason=no_closed_bar_crossover price=None trend=bearish rsi=37.5 atr_pips=25.6 adx=48.4
2026-05-06 03:29:42 INFO mt5_bot - ADX boost: adx=48.4 \u2192 risk_pct=1.50%
2026-05-06 03:29:42 INFO mt5_bot - Execution status=skipped reason=no_closed_bar_crossover
2026-05-06 03:29:57 INFO mt5_bot - Balance=102029.96 Equity=102029.96 Spread=0.30 pips
2026-05-06 03:29:57 INFO mt5_bot - Signal=NONE reason=no_closed_bar_crossover price=None trend=bearish rsi=37.5 atr_pips=25.6 adx=48.4
2026-05-06 03:29:57 INFO mt5_bot - ADX boost: adx=48.4 \u2192 risk_pct=1.50%
2026-05-06 03:29:57 INFO mt5_bot - Execution status=skipped reason=no_closed_bar_crossover
2026-05-06 03:30:12 INFO mt5_bot - Balance=102029.96 Equity=102029.96 Spread=0.30 pips
2026-05-06 03:30:12 INFO mt5_bot - Signal=NONE reason=no_closed_bar_crossover price=None trend=bearish rsi=38.0 atr_pips=24.7 adx=49.4
2026-05-06 03:30:12 INFO mt5_bot - ADX boost: adx=49.4 \u2192 risk_pct=1.50%
2026-05-06 03:30:12 INFO mt5_bot - Execution status=skipped reason=no_closed_bar_crossover
2026-05-06 03:30:27 INFO mt5_bot - Balance=102029.96 Equity=102029.96 Spread=0.30 pips
2026-05-06 03:30:27 INFO mt5_bot - Signal=NONE reason=no_closed_bar_crossover price=None trend=bearish rsi=38.0 atr_pips=24.7 adx=49.4
2026-05-06 03:30:27 INFO mt5_bot - ADX boost: adx=49.4 \u2192 risk_pct=1.50%
2026-05-06 03:30:27 INFO mt5_bot - Execution status=skipped reason=no_closed_bar_crossover
2026-05-06 03:30:42 INFO mt5_bot - Balance=102029.96 Equity=102029.96 Spread=0.30 pips
2026-05-06 03:30:42 INFO mt5_bot - Signal=NONE reason=no_closed_bar_crossover price=None trend=bearish rsi=38.0 atr_pips=24.7 adx=49.4
2026-05-06 03:30:42 INFO mt5_bot - ADX boost: adx=49.4 \u2192 risk_pct=1.50%
2026-05-06 03:30:42 INFO mt5_bot - Execution status=skipped reason=no_closed_bar_crossover
2026-05-06 03:30:57 INFO mt5_bot - Balance=102029.96 Equity=102029.96 Spread=0.30 pips
2026-05-06 03:30:57 INFO mt5_bot - Signal=NONE reason=no_closed_bar_crossover price=None trend=bearish rsi=38.0 atr_pips=24.7 adx=49.4
2026-05-06 03:30:57 INFO mt5_bot - ADX boost: adx=49.4 \u2192 risk_pct=1.50%
2026-05-06 03:30:57 INFO mt5_bot - Execution status=skipped reason=no_closed_bar_crossover
2026-05-06 03:31:12 INFO mt5_bot - Balance=102029.96 Equity=102029.96 Spread=0.30 pips
2026-05-06 03:31:12 INFO mt5_bot - Signal=NONE reason=no_closed_bar_crossover price=None trend=bearish rsi=38.0 atr_pips=24.7 adx=49.4
2026-05-06 03:31:12 INFO mt5_bot - ADX boost: adx=49.4 \u2192 risk_pct=1.50%
2026-05-06 03:31:12 INFO mt5_bot - Execution status=skipped reason=no_closed_bar_crossover
2026-05-06 03:31:27 INFO mt5_bot - Balance=102029.96 Equity=102029.96 Spread=0.30 pips
2026-05-06 03:31:27 INFO mt5_bot - Signal=NONE reason=no_closed_bar_crossover price=None trend=bearish rsi=38.0 atr_pips=24.7 adx=49.4
2026-05-06 03:31:27 INFO mt5_bot - ADX boost: adx=49.4 \u2192 risk_pct=1.50%
2026-05-06 03:31:27 INFO mt5_bot - Execution status=skipped reason=no_closed_bar_crossover
2026-05-06 03:31:42 INFO mt5_bot - Balance=102029.96 Equity=102029.96 Spread=0.30 pips
2026-05-06 03:31:42 INFO mt5_bot - Signal=NONE reason=no_closed_bar_crossover price=None trend=bearish rsi=38.0 atr_pips=24.7 adx=49.4
2026-05-06 03:31:42 INFO mt5_bot - ADX boost: adx=49.4 \u2192 risk_pct=1.50%
2026-05-06 03:31:42 INFO mt5_bot - Execution status=skipped reason=no_closed_bar_crossover
2026-05-06 03:31:57 INFO mt5_bot - Balance=102029.96 Equity=102029.96 Spread=0.30 pips
2026-05-06 03:31:57 INFO mt5_bot - Signal=NONE reason=no_closed_bar_crossover price=None trend=bearish rsi=38.0 atr_pips=24.7 adx=49.4
2026-05-06 03:31:57 INFO mt5_bot - ADX boost: adx=49.4 \u2192 risk_pct=1.50%
2026-05-06 03:31:57 INFO mt5_bot - Execution status=skipped reason=no_closed_bar_crossover
2026-05-06 03:32:12 INFO mt5_bot - Balance=102029.96 Equity=102029.96 Spread=0.30 pips
2026-05-06 03:32:12 INFO mt5_bot - Signal=NONE reason=no_closed_bar_crossover price=None trend=bearish rsi=38.0 atr_pips=24.7 adx=49.4
2026-05-06 03:32:12 INFO mt5_bot - ADX boost: adx=49.4 \u2192 risk_pct=1.50%
2026-05-06 03:32:12 INFO mt5_bot - Execution status=skipped reason=no_closed_bar_crossover
2026-05-06 03:32:27 INFO mt5_bot - Balance=102029.96 Equity=102029.96 Spread=0.30 pips
2026-05-06 03:32:27 INFO mt5_bot - Signal=NONE reason=no_closed_bar_crossover price=None trend=bearish rsi=38.0 atr_pips=24.7 adx=49.4
2026-05-06 03:32:27 INFO mt5_bot - ADX boost: adx=49.4 \u2192 risk_pct=1.50%
2026-05-06 03:32:27 INFO mt5_bot - Execution status=skipped reason=no_closed_bar_crossover
2026-05-06 03:32:42 INFO mt5_bot - Balance=102029.96 Equity=102029.96 Spread=0.30 pips
2026-05-06 03:32:42 INFO mt5_bot - Signal=NONE reason=no_closed_bar_crossover price=None trend=bearish rsi=38.0 atr_pips=24.7 adx=49.4
2026-05-06 03:32:42 INFO mt5_bot - ADX boost: adx=49.4 \u2192 risk_pct=1.50%
2026-05-06 03:32:42 INFO mt5_bot - Execution status=skipped reason=no_closed_bar_crossover
2026-05-06 03:32:57 INFO mt5_bot - Balance=102029.96 Equity=102029.96 Spread=0.30 pips
2026-05-06 03:32:57 INFO mt5_bot - Signal=NONE reason=no_closed_bar_crossover price=None trend=bearish rsi=38.0 atr_pips=24.7 adx=49.4
2026-05-06 03:32:57 INFO mt5_bot - ADX boost: adx=49.4 \u2192 risk_pct=1.50%
2026-05-06 03:32:57 INFO mt5_bot - Execution status=skipped reason=no_closed_bar_crossover
2026-05-06 03:33:12 INFO mt5_bot - Balance=102029.96 Equity=102029.96 Spread=0.30 pips
2026-05-06 03:33:12 INFO mt5_bot - Signal=NONE reason=no_closed_bar_crossover price=None trend=bearish rsi=38.0 atr_pips=24.7 adx=49.4
2026-05-06 03:33:12 INFO mt5_bot - ADX boost: adx=49.4 \u2192 risk_pct=1.50%
2026-05-06 03:33:12 INFO mt5_bot - Execution status=skipped reason=no_closed_bar_crossover
2026-05-06 03:33:27 INFO mt5_bot - Balance=102029.96 Equity=102029.96 Spread=0.30 pips
2026-05-06 03:33:27 INFO mt5_bot - Signal=NONE reason=no_closed_bar_crossover price=None trend=bearish rsi=38.0 atr_pips=24.7 adx=49.4
2026-05-06 03:33:27 INFO mt5_bot - ADX boost: adx=49.4 \u2192 risk_pct=1.50%
2026-05-06 03:33:27 INFO mt5_bot - Execution status=skipped reason=no_closed_bar_crossover
2026-05-06 03:33:42 INFO mt5_bot - Balance=102029.96 Equity=102029.96 Spread=0.30 pips
2026-05-06 03:33:42 INFO mt5_bot - Signal=NONE reason=no_closed_bar_crossover price=None trend=bearish rsi=38.0 atr_pips=24.7 adx=49.4
2026-05-06 03:33:42 INFO mt5_bot - ADX boost: adx=49.4 \u2192 risk_pct=1.50%
2026-05-06 03:33:42 INFO mt5_bot - Execution status=skipped reason=no_closed_bar_crossover
2026-05-06 03:33:57 INFO mt5_bot - Balance=102029.96 Equity=102029.96 Spread=0.30 pips
2026-05-06 03:33:57 INFO mt5_bot - Signal=NONE reason=no_closed_bar_crossover price=None trend=bearish rsi=38.0 atr_pips=24.7 adx=49.4
2026-05-06 03:33:57 INFO mt5_bot - ADX boost: adx=49.4 \u2192 risk_pct=1.50%
2026-05-06 03:33:57 INFO mt5_bot - Execution status=skipped reason=no_closed_bar_crossover
2026-05-06 03:34:12 INFO mt5_bot - Balance=102029.96 Equity=102029.96 Spread=0.30 pips
2026-05-06 03:34:12 INFO mt5_bot - Signal=NONE reason=no_closed_bar_crossover price=None trend=bearish rsi=38.0 atr_pips=24.7 adx=49.4
2026-05-06 03:34:12 INFO mt5_bot - ADX boost: adx=49.4 \u2192 risk_pct=1.50%
2026-05-06 03:34:12 INFO mt5_bot - Execution status=skipped reason=no_closed_bar_crossover
2026-05-06 03:34:27 INFO mt5_bot - Balance=102029.96 Equity=102029.96 Spread=0.30 pips
2026-05-06 03:34:27 INFO mt5_bot - Signal=NONE reason=no_closed_bar_crossover price=None trend=bearish rsi=38.0 atr_pips=24.7 adx=49.4
2026-05-06 03:34:27 INFO mt5_bot - ADX boost: adx=49.4 \u2192 risk_pct=1.50%
2026-05-06 03:34:27 INFO mt5_bot - Execution status=skipped reason=no_closed_bar_crossover
2026-05-06 03:34:42 INFO mt5_bot - Balance=102029.96 Equity=102029.96 Spread=0.30 pips
2026-05-06 03:34:43 INFO mt5_bot - Signal=NONE reason=no_closed_bar_crossover price=None trend=bearish rsi=38.0 atr_pips=24.7 adx=49.4
2026-05-06 03:34:43 INFO mt5_bot - ADX boost: adx=49.4 \u2192 risk_pct=1.50%
2026-05-06 03:34:43 INFO mt5_bot - Execution status=skipped reason=no_closed_bar_crossover
2026-05-06 03:34:58 INFO mt5_bot - Balance=102029.96 Equity=102029.96 Spread=0.30 pips
2026-05-06 03:34:58 INFO mt5_bot - Signal=NONE reason=no_closed_bar_crossover price=None trend=bearish rsi=38.0 atr_pips=24.7 adx=49.4
2026-05-06 03:34:58 INFO mt5_bot - ADX boost: adx=49.4 \u2192 risk_pct=1.50%
2026-05-06 03:34:58 INFO mt5_bot - Execution status=skipped reason=no_closed_bar_crossover
2026-05-06 03:35:13 INFO mt5_bot - Balance=102029.96 Equity=102029.96 Spread=0.30 pips
2026-05-06 03:35:13 INFO mt5_bot - Signal=NONE reason=no_closed_bar_crossover price=None trend=bearish rsi=38.0 atr_pips=24.7 adx=49.4
2026-05-06 03:35:13 INFO mt5_bot - ADX boost: adx=49.4 \u2192 risk_pct=1.50%
2026-05-06 03:35:13 INFO mt5_bot - Execution status=skipped reason=no_closed_bar_crossover
2026-05-06 03:35:28 INFO mt5_bot - Balance=102029.96 Equity=102029.96 Spread=0.30 pips
2026-05-06 03:35:28 INFO mt5_bot - Signal=NONE reason=no_closed_bar_crossover price=None trend=bearish rsi=38.0 atr_pips=24.7 adx=49.4
2026-05-06 03:35:28 INFO mt5_bot - ADX boost: adx=49.4 \u2192 risk_pct=1.50%
2026-05-06 03:35:28 INFO mt5_bot - Execution status=skipped reason=no_closed_bar_crossover
2026-05-06 03:35:43 INFO mt5_bot - Balance=102029.96 Equity=102029.96 Spread=0.30 pips
2026-05-06 03:35:43 INFO mt5_bot - Signal=NONE reason=no_closed_bar_crossover price=None trend=bearish rsi=38.0 atr_pips=24.7 adx=49.4
2026-05-06 03:35:43 INFO mt5_bot - ADX boost: adx=49.4 \u2192 risk_pct=1.50%
2026-05-06 03:35:43 INFO mt5_bot - Execution status=skipped reason=no_closed_bar_crossover
2026-05-06 03:35:58 INFO mt5_bot - Balance=102029.96 Equity=102029.96 Spread=0.30 pips
2026-05-06 03:35:58 INFO mt5_bot - Signal=NONE reason=no_closed_bar_crossover price=None trend=bearish rsi=38.0 atr_pips=24.7 adx=49.4
2026-05-06 03:35:58 INFO mt5_bot - ADX boost: adx=49.4 \u2192 risk_pct=1.50%
2026-05-06 03:35:58 INFO mt5_bot - Execution status=skipped reason=no_closed_bar_crossover
2026-05-06 03:36:13 INFO mt5_bot - Balance=102029.96 Equity=102029.96 Spread=0.30 pips
2026-05-06 03:36:13 INFO mt5_bot - Signal=NONE reason=no_closed_bar_crossover price=None trend=bearish rsi=38.0 atr_pips=24.7 adx=49.4
2026-05-06 03:36:13 INFO mt5_bot - ADX boost: adx=49.4 \u2192 risk_pct=1.50%
2026-05-06 03:36:13 INFO mt5_bot - Execution status=skipped reason=no_closed_bar_crossover
2026-05-06 03:36:28 INFO mt5_bot - Balance=102029.96 Equity=102029.96 Spread=0.30 pips
2026-05-06 03:36:28 INFO mt5_bot - Signal=NONE reason=no_closed_bar_crossover price=None trend=bearish rsi=38.0 atr_pips=24.7 adx=49.4
2026-05-06 03:36:28 INFO mt5_bot - ADX boost: adx=49.4 \u2192 risk_pct=1.50%
2026-05-06 03:36:28 INFO mt5_bot - Execution status=skipped reason=no_closed_bar_crossover
2026-05-06 03:36:43 INFO mt5_bot - Balance=102029.96 Equity=102029.96 Spread=0.30 pips
2026-05-06 03:36:43 INFO mt5_bot - Signal=NONE reason=no_closed_bar_crossover price=None trend=bearish rsi=38.0 atr_pips=24.7 adx=49.4
2026-05-06 03:36:43 INFO mt5_bot - ADX boost: adx=49.4 \u2192 risk_pct=1.50%
2026-05-06 03:36:43 INFO mt5_bot - Execution status=skipped reason=no_closed_bar_crossover
2026-05-06 03:36:58 INFO mt5_bot - Balance=102029.96 Equity=102029.96 Spread=0.30 pips
2026-05-06 03:36:58 INFO mt5_bot - Signal=NONE reason=no_closed_bar_crossover price=None trend=bearish rsi=38.0 atr_pips=24.7 adx=49.4
2026-05-06 03:36:58 INFO mt5_bot - ADX boost: adx=49.4 \u2192 risk_pct=1.50%
2026-05-06 03:36:58 INFO mt5_bot - Execution status=skipped reason=no_closed_bar_crossover
2026-05-06 03:37:13 INFO mt5_bot - Balance=102029.96 Equity=102029.96 Spread=0.30 pips
2026-05-06 03:37:13 INFO mt5_bot - Signal=NONE reason=no_closed_bar_crossover price=None trend=bearish rsi=38.0 atr_pips=24.7 adx=49.4
2026-05-06 03:37:13 INFO mt5_bot - ADX boost: adx=49.4 \u2192 risk_pct=1.50%
2026-05-06 03:37:13 INFO mt5_bot - Execution status=skipped reason=no_closed_bar_crossover
2026-05-06 03:37:28 INFO mt5_bot - Balance=102029.96 Equity=102029.96 Spread=0.30 pips
2026-05-06 03:37:28 INFO mt5_bot - Signal=NONE reason=no_closed_bar_crossover price=None trend=bearish rsi=38.0 atr_pips=24.7 adx=49.4
2026-05-06 03:37:28 INFO mt5_bot - ADX boost: adx=49.4 \u2192 risk_pct=1.50%
2026-05-06 03:37:28 INFO mt5_bot - Execution status=skipped reason=no_closed_bar_crossover
2026-05-06 03:37:43 INFO mt5_bot - Balance=102029.96 Equity=102029.96 Spread=0.30 pips
2026-05-06 03:37:43 INFO mt5_bot - Signal=NONE reason=no_closed_bar_crossover price=None trend=bearish rsi=38.0 atr_pips=24.7 adx=49.4
2026-05-06 03:37:43 INFO mt5_bot - ADX boost: adx=49.4 \u2192 risk_pct=1.50%
2026-05-06 03:37:43 INFO mt5_bot - Execution status=skipped reason=no_closed_bar_crossover
2026-05-06 03:37:58 INFO mt5_bot - Balance=102029.96 Equity=102029.96 Spread=0.30 pips
2026-05-06 03:37:58 INFO mt5_bot - Signal=NONE reason=no_closed_bar_crossover price=None trend=bearish rsi=38.0 atr_pips=24.7 adx=49.4
2026-05-06 03:37:58 INFO mt5_bot - ADX boost: adx=49.4 \u2192 risk_pct=1.50%
2026-05-06 03:37:58 INFO mt5_bot - Execution status=skipped reason=no_closed_bar_crossover
2026-05-06 03:38:13 INFO mt5_bot - Balance=102029.96 Equity=102029.96 Spread=0.30 pips
2026-05-06 03:38:13 INFO mt5_bot - Signal=NONE reason=no_closed_bar_crossover price=None trend=bearish rsi=38.0 atr_pips=24.7 adx=49.4
2026-05-06 03:38:13 INFO mt5_bot - ADX boost: adx=49.4 \u2192 risk_pct=1.50%
2026-05-06 03:38:13 INFO mt5_bot - Execution status=skipped reason=no_closed_bar_crossover
2026-05-06 03:38:28 INFO mt5_bot - Balance=102029.96 Equity=102029.96 Spread=0.30 pips
2026-05-06 03:38:28 INFO mt5_bot - Signal=NONE reason=no_closed_bar_crossover price=None trend=bearish rsi=38.0 atr_pips=24.7 adx=49.4
2026-05-06 03:38:28 INFO mt5_bot - ADX boost: adx=49.4 \u2192 risk_pct=1.50%
2026-05-06 03:38:28 INFO mt5_bot - Execution status=skipped reason=no_closed_bar_crossover
2026-05-06 03:38:43 INFO mt5_bot - Balance=102029.96 Equity=102029.96 Spread=0.30 pips
2026-05-06 03:38:43 INFO mt5_bot - Signal=NONE reason=no_closed_bar_crossover price=None trend=bearish rsi=38.0 atr_pips=24.7 adx=49.4
2026-05-06 03:38:43 INFO mt5_bot - ADX boost: adx=49.4 \u2192 risk_pct=1.50%
2026-05-06 03:38:43 INFO mt5_bot - Execution status=skipped reason=no_closed_bar_crossover
2026-05-06 03:38:58 INFO mt5_bot - Balance=102029.96 Equity=102029.96 Spread=0.30 pips
2026-05-06 03:38:58 INFO mt5_bot - Signal=NONE reason=no_closed_bar_crossover price=None trend=bearish rsi=38.0 atr_pips=24.7 adx=49.4
2026-05-06 03:38:58 INFO mt5_bot - ADX boost: adx=49.4 \u2192 risk_pct=1.50%
2026-05-06 03:38:58 INFO mt5_bot - Execution status=skipped reason=no_closed_bar_crossover
2026-05-06 03:39:13 INFO mt5_bot - Balance=102029.96 Equity=102029.96 Spread=0.30 pips
2026-05-06 03:39:13 INFO mt5_bot - Signal=NONE reason=no_closed_bar_crossover price=None trend=bearish rsi=38.0 atr_pips=24.7 adx=49.4
2026-05-06 03:39:13 INFO mt5_bot - ADX boost: adx=49.4 \u2192 risk_pct=1.50%
2026-05-06 03:39:13 INFO mt5_bot - Execution status=skipped reason=no_closed_bar_crossover
2026-05-06 03:39:28 INFO mt5_bot - Balance=102029.96 Equity=102029.96 Spread=0.30 pips
2026-05-06 03:39:28 INFO mt5_bot - Signal=NONE reason=no_closed_bar_crossover price=None trend=bearish rsi=38.0 atr_pips=24.7 adx=49.4
2026-05-06 03:39:28 INFO mt5_bot - ADX boost: adx=49.4 \u2192 risk_pct=1.50%
2026-05-06 03:39:28 INFO mt5_bot - Execution status=skipped reason=no_closed_bar_crossover
2026-05-06 03:39:43 INFO mt5_bot - Balance=102029.96 Equity=102029.96 Spread=0.30 pips
2026-05-06 03:39:43 INFO mt5_bot - Signal=NONE reason=no_closed_bar_crossover price=None trend=bearish rsi=38.0 atr_pips=24.7 adx=49.4
2026-05-06 03:39:43 INFO mt5_bot - ADX boost: adx=49.4 \u2192 risk_pct=1.50%
2026-05-06 03:39:43 INFO mt5_bot - Execution status=skipped reason=no_closed_bar_crossover
2026-05-06 03:39:58 INFO mt5_bot - Balance=102029.96 Equity=102029.96 Spread=0.30 pips
2026-05-06 03:39:58 INFO mt5_bot - Signal=NONE reason=no_closed_bar_crossover price=None trend=bearish rsi=38.0 atr_pips=24.7 adx=49.4
2026-05-06 03:39:58 INFO mt5_bot - ADX boost: adx=49.4 \u2192 risk_pct=1.50%
2026-05-06 03:39:58 INFO mt5_bot - Execution status=skipped reason=no_closed_bar_crossover
2026-05-06 03:40:13 INFO mt5_bot - Balance=102029.96 Equity=102029.96 Spread=0.30 pips
2026-05-06 03:40:13 INFO mt5_bot - Signal=NONE reason=no_closed_bar_crossover price=None trend=bearish rsi=38.0 atr_pips=24.7 adx=49.4
2026-05-06 03:40:13 INFO mt5_bot - ADX boost: adx=49.4 \u2192 risk_pct=1.50%
2026-05-06 03:40:13 INFO mt5_bot - Execution status=skipped reason=no_closed_bar_crossover
2026-05-06 03:40:28 INFO mt5_bot - Balance=102029.96 Equity=102029.96 Spread=0.30 pips
2026-05-06 03:40:28 INFO mt5_bot - Signal=NONE reason=no_closed_bar_crossover price=None trend=bearish rsi=38.0 atr_pips=24.7 adx=49.4
2026-05-06 03:40:28 INFO mt5_bot - ADX boost: adx=49.4 \u2192 risk_pct=1.50%
2026-05-06 03:40:28 INFO mt5_bot - Execution status=skipped reason=no_closed_bar_crossover
2026-05-06 03:40:43 INFO mt5_bot - Balance=102029.96 Equity=102029.96 Spread=0.30 pips
2026-05-06 03:40:43 INFO mt5_bot - Signal=NONE reason=no_closed_bar_crossover price=None trend=bearish rsi=38.0 atr_pips=24.7 adx=49.4
2026-05-06 03:40:43 INFO mt5_bot - ADX boost: adx=49.4 \u2192 risk_pct=1.50%
2026-05-06 03:40:43 INFO mt5_bot - Execution status=skipped reason=no_closed_bar_crossover
2026-05-06 03:40:58 INFO mt5_bot - Balance=102029.96 Equity=102029.96 Spread=0.30 pips
2026-05-06 03:40:58 INFO mt5_bot - Signal=NONE reason=no_closed_bar_crossover price=None trend=bearish rsi=38.0 atr_pips=24.7 adx=49.4
2026-05-06 03:40:58 INFO mt5_bot - ADX boost: adx=49.4 \u2192 risk_pct=1.50%
2026-05-06 03:40:58 INFO mt5_bot - Execution status=skipped reason=no_closed_bar_crossover
2026-05-06 03:41:13 INFO mt5_bot - Balance=102029.96 Equity=102029.96 Spread=0.30 pips
2026-05-06 03:41:13 INFO mt5_bot - Signal=NONE reason=no_closed_bar_crossover price=None trend=bearish rsi=38.0 atr_pips=24.7 adx=49.4
2026-05-06 03:41:13 INFO mt5_bot - ADX boost: adx=49.4 \u2192 risk_pct=1.50%
2026-05-06 03:41:13 INFO mt5_bot - Execution status=skipped reason=no_closed_bar_crossover
2026-05-06 03:41:28 INFO mt5_bot - Balance=102029.96 Equity=102029.96 Spread=0.30 pips
2026-05-06 03:41:28 INFO mt5_bot - Signal=NONE reason=no_closed_bar_crossover price=None trend=bearish rsi=38.0 atr_pips=24.7 adx=49.4
2026-05-06 03:41:28 INFO mt5_bot - ADX boost: adx=49.4 \u2192 risk_pct=1.50%
2026-05-06 03:41:28 INFO mt5_bot - Execution status=skipped reason=no_closed_bar_crossover
2026-05-06 03:41:43 INFO mt5_bot - Balance=102029.96 Equity=102029.96 Spread=0.30 pips
2026-05-06 03:41:43 INFO mt5_bot - Signal=NONE reason=no_closed_bar_crossover price=None trend=bearish rsi=38.0 atr_pips=24.7 adx=49.4
2026-05-06 03:41:43 INFO mt5_bot - ADX boost: adx=49.4 \u2192 risk_pct=1.50%
2026-05-06 03:41:43 INFO mt5_bot - Execution status=skipped reason=no_closed_bar_crossover
2026-05-06 03:41:58 INFO mt5_bot - Balance=102029.96 Equity=102029.96 Spread=0.30 pips
2026-05-06 03:41:58 INFO mt5_bot - Signal=NONE reason=no_closed_bar_crossover price=None trend=bearish rsi=38.0 atr_pips=24.7 adx=49.4
2026-05-06 03:41:58 INFO mt5_bot - ADX boost: adx=49.4 \u2192 risk_pct=1.50%
2026-05-06 03:41:58 INFO mt5_bot - Execution status=skipped reason=no_closed_bar_crossover
2026-05-06 03:42:13 INFO mt5_bot - Balance=102029.96 Equity=102029.96 Spread=0.30 pips
2026-05-06 03:42:13 INFO mt5_bot - Signal=NONE reason=no_closed_bar_crossover price=None trend=bearish rsi=38.0 atr_pips=24.7 adx=49.4
2026-05-06 03:42:13 INFO mt5_bot - ADX boost: adx=49.4 \u2192 risk_pct=1.50%
2026-05-06 03:42:13 INFO mt5_bot - Execution status=skipped reason=no_closed_bar_crossover
2026-05-06 03:42:28 INFO mt5_bot - Balance=102029.96 Equity=102029.96 Spread=0.30 pips
2026-05-06 03:42:28 INFO mt5_bot - Signal=NONE reason=no_closed_bar_crossover price=None trend=bearish rsi=38.0 atr_pips=24.7 adx=49.4
2026-05-06 03:42:28 INFO mt5_bot - ADX boost: adx=49.4 \u2192 risk_pct=1.50%
2026-05-06 03:42:28 INFO mt5_bot - Execution status=skipped reason=no_closed_bar_crossover
2026-05-06 03:42:43 INFO mt5_bot - Balance=102029.96 Equity=102029.96 Spread=0.30 pips
2026-05-06 03:42:43 INFO mt5_bot - Signal=NONE reason=no_closed_bar_crossover price=None trend=bearish rsi=38.0 atr_pips=24.7 adx=49.4
2026-05-06 03:42:43 INFO mt5_bot - ADX boost: adx=49.4 \u2192 risk_pct=1.50%
2026-05-06 03:42:43 INFO mt5_bot - Execution status=skipped reason=no_closed_bar_crossover
2026-05-06 03:42:58 INFO mt5_bot - Balance=102029.96 Equity=102029.96 Spread=0.30 pips
2026-05-06 03:42:58 INFO mt5_bot - Signal=NONE reason=no_closed_bar_crossover price=None trend=bearish rsi=38.0 atr_pips=24.7 adx=49.4
2026-05-06 03:42:58 INFO mt5_bot - ADX boost: adx=49.4 \u2192 risk_pct=1.50%
2026-05-06 03:42:58 INFO mt5_bot - Execution status=skipped reason=no_closed_bar_crossover
2026-05-06 03:43:13 INFO mt5_bot - Balance=102029.96 Equity=102029.96 Spread=0.30 pips
2026-05-06 03:43:13 INFO mt5_bot - Signal=NONE reason=no_closed_bar_crossover price=None trend=bearish rsi=38.0 atr_pips=24.7 adx=49.4
2026-05-06 03:43:13 INFO mt5_bot - ADX boost: adx=49.4 \u2192 risk_pct=1.50%
2026-05-06 03:43:13 INFO mt5_bot - Execution status=skipped reason=no_closed_bar_crossover
2026-05-06 03:43:28 INFO mt5_bot - Balance=102029.96 Equity=102029.96 Spread=0.30 pips
2026-05-06 03:43:28 INFO mt5_bot - Signal=NONE reason=no_closed_bar_crossover price=None trend=bearish rsi=38.0 atr_pips=24.7 adx=49.4
2026-05-06 03:43:28 INFO mt5_bot - ADX boost: adx=49.4 \u2192 risk_pct=1.50%
2026-05-06 03:43:28 INFO mt5_bot - Execution status=skipped reason=no_closed_bar_crossover
2026-05-06 03:43:43 INFO mt5_bot - Balance=102029.96 Equity=102029.96 Spread=0.30 pips
2026-05-06 03:43:43 INFO mt5_bot - Signal=NONE reason=no_closed_bar_crossover price=None trend=bearish rsi=38.0 atr_pips=24.7 adx=49.4
2026-05-06 03:43:43 INFO mt5_bot - ADX boost: adx=49.4 \u2192 risk_pct=1.50%
2026-05-06 03:43:43 INFO mt5_bot - Execution status=skipped reason=no_closed_bar_crossover
2026-05-06 03:43:58 INFO mt5_bot - Balance=102029.96 Equity=102029.96 Spread=0.30 pips
2026-05-06 03:43:58 INFO mt5_bot - Signal=NONE reason=no_closed_bar_crossover price=None trend=bearish rsi=38.0 atr_pips=24.7 adx=49.4
2026-05-06 03:43:58 INFO mt5_bot - ADX boost: adx=49.4 \u2192 risk_pct=1.50%
2026-05-06 03:43:58 INFO mt5_bot - Execution status=skipped reason=no_closed_bar_crossover
2026-05-06 03:44:13 INFO mt5_bot - Balance=102029.96 Equity=102029.96 Spread=0.30 pips
2026-05-06 03:44:13 INFO mt5_bot - Signal=NONE reason=no_closed_bar_crossover price=None trend=bearish rsi=38.0 atr_pips=24.7 adx=49.4
2026-05-06 03:44:13 INFO mt5_bot - ADX boost: adx=49.4 \u2192 risk_pct=1.50%
2026-05-06 03:44:13 INFO mt5_bot - Execution status=skipped reason=no_closed_bar_crossover
2026-05-06 03:44:28 INFO mt5_bot - Balance=102029.96 Equity=102029.96 Spread=0.30 pips
2026-05-06 03:44:28 INFO mt5_bot - Signal=NONE reason=no_closed_bar_crossover price=None trend=bearish rsi=38.0 atr_pips=24.7 adx=49.4
2026-05-06 03:44:28 INFO mt5_bot - ADX boost: adx=49.4 \u2192 risk_pct=1.50%
2026-05-06 03:44:28 INFO mt5_bot - Execution status=skipped reason=no_closed_bar_crossover
2026-05-06 03:44:43 INFO mt5_bot - Balance=102029.96 Equity=102029.96 Spread=0.30 pips
2026-05-06 03:44:43 INFO mt5_bot - Signal=NONE reason=no_closed_bar_crossover price=None trend=bearish rsi=38.0 atr_pips=24.7 adx=49.4
2026-05-06 03:44:43 INFO mt5_bot - ADX boost: adx=49.4 \u2192 risk_pct=1.50%
2026-05-06 03:44:43 INFO mt5_bot - Execution status=skipped reason=no_closed_bar_crossover
2026-05-06 03:44:58 INFO mt5_bot - Balance=102029.96 Equity=102029.96 Spread=0.30 pips
2026-05-06 03:44:58 INFO mt5_bot - Signal=NONE reason=no_closed_bar_crossover price=None trend=bearish rsi=38.0 atr_pips=24.7 adx=49.4
2026-05-06 03:44:58 INFO mt5_bot - ADX boost: adx=49.4 \u2192 risk_pct=1.50%
2026-05-06 03:44:58 INFO mt5_bot - Execution status=skipped reason=no_closed_bar_crossover
2026-05-06 03:45:13 INFO mt5_bot - Balance=102029.96 Equity=102029.96 Spread=0.30 pips
2026-05-06 03:45:13 INFO mt5_bot - Signal=NONE reason=no_closed_bar_crossover price=None trend=bearish rsi=36.5 atr_pips=24.2 adx=50.4
2026-05-06 03:45:13 INFO mt5_bot - ADX boost: adx=50.4 \u2192 risk_pct=1.50%
2026-05-06 03:45:13 INFO mt5_bot - Execution status=skipped reason=no_closed_bar_crossover
2026-05-06 03:45:28 INFO mt5_bot - Balance=102029.96 Equity=102029.96 Spread=0.30 pips
2026-05-06 03:45:28 INFO mt5_bot - Signal=NONE reason=no_closed_bar_crossover price=None trend=bearish rsi=36.5 atr_pips=24.2 adx=50.4
2026-05-06 03:45:28 INFO mt5_bot - ADX boost: adx=50.4 \u2192 risk_pct=1.50%
2026-05-06 03:45:28 INFO mt5_bot - Execution status=skipped reason=no_closed_bar_crossover
2026-05-06 03:45:43 INFO mt5_bot - Balance=102029.96 Equity=102029.96 Spread=0.30 pips
2026-05-06 03:45:43 INFO mt5_bot - Signal=NONE reason=no_closed_bar_crossover price=None trend=bearish rsi=36.5 atr_pips=24.2 adx=50.4
2026-05-06 03:45:43 INFO mt5_bot - ADX boost: adx=50.4 \u2192 risk_pct=1.50%
2026-05-06 03:45:43 INFO mt5_bot - Execution status=skipped reason=no_closed_bar_crossover
2026-05-06 03:45:58 INFO mt5_bot - Balance=102029.96 Equity=102029.96 Spread=0.30 pips
2026-05-06 03:45:58 INFO mt5_bot - Signal=NONE reason=no_closed_bar_crossover price=None trend=bearish rsi=36.5 atr_pips=24.2 adx=50.4
2026-05-06 03:45:58 INFO mt5_bot - ADX boost: adx=50.4 \u2192 risk_pct=1.50%
2026-05-06 03:45:58 INFO mt5_bot - Execution status=skipped reason=no_closed_bar_crossover
2026-05-06 03:46:13 INFO mt5_bot - Balance=102029.96 Equity=102029.96 Spread=0.30 pips
2026-05-06 03:46:13 INFO mt5_bot - Signal=NONE reason=no_closed_bar_crossover price=None trend=bearish rsi=36.5 atr_pips=24.2 adx=50.4
2026-05-06 03:46:13 INFO mt5_bot - ADX boost: adx=50.4 \u2192 risk_pct=1.50%
2026-05-06 03:46:13 INFO mt5_bot - Execution status=skipped reason=no_closed_bar_crossover
2026-05-06 03:46:28 INFO mt5_bot - Balance=102029.96 Equity=102029.96 Spread=0.30 pips
2026-05-06 03:46:28 INFO mt5_bot - Signal=NONE reason=no_closed_bar_crossover price=None trend=bearish rsi=36.5 atr_pips=24.2 adx=50.4
2026-05-06 03:46:28 INFO mt5_bot - ADX boost: adx=50.4 \u2192 risk_pct=1.50%
2026-05-06 03:46:28 INFO mt5_bot - Execution status=skipped reason=no_closed_bar_crossover
2026-05-06 03:46:43 INFO mt5_bot - Balance=102029.96 Equity=102029.96 Spread=0.30 pips
2026-05-06 03:46:43 INFO mt5_bot - Signal=NONE reason=no_closed_bar_crossover price=None trend=bearish rsi=36.5 atr_pips=24.2 adx=50.4
2026-05-06 03:46:43 INFO mt5_bot - ADX boost: adx=50.4 \u2192 risk_pct=1.50%
2026-05-06 03:46:43 INFO mt5_bot - Execution status=skipped reason=no_closed_bar_crossover
2026-05-06 03:46:58 INFO mt5_bot - Balance=102029.96 Equity=102029.96 Spread=0.30 pips
2026-05-06 03:46:58 INFO mt5_bot - Signal=NONE reason=no_closed_bar_crossover price=None trend=bearish rsi=36.5 atr_pips=24.2 adx=50.4
2026-05-06 03:46:58 INFO mt5_bot - ADX boost: adx=50.4 \u2192 risk_pct=1.50%
2026-05-06 03:46:58 INFO mt5_bot - Execution status=skipped reason=no_closed_bar_crossover
2026-05-06 03:47:13 INFO mt5_bot - Balance=102029.96 Equity=102029.96 Spread=0.30 pips
2026-05-06 03:47:13 INFO mt5_bot - Signal=NONE reason=no_closed_bar_crossover price=None trend=bearish rsi=36.5 atr_pips=24.2 adx=50.4
2026-05-06 03:47:13 INFO mt5_bot - ADX boost: adx=50.4 \u2192 risk_pct=1.50%
2026-05-06 03:47:13 INFO mt5_bot - Execution status=skipped reason=no_closed_bar_crossover
2026-05-06 03:47:28 INFO mt5_bot - Balance=102029.96 Equity=102029.96 Spread=0.30 pips
2026-05-06 03:47:28 INFO mt5_bot - Signal=NONE reason=no_closed_bar_crossover price=None trend=bearish rsi=36.5 atr_pips=24.2 adx=50.4
2026-05-06 03:47:28 INFO mt5_bot - ADX boost: adx=50.4 \u2192 risk_pct=1.50%
2026-05-06 03:47:28 INFO mt5_bot - Execution status=skipped reason=no_closed_bar_crossover
2026-05-06 03:47:43 INFO mt5_bot - Balance=102029.96 Equity=102029.96 Spread=0.30 pips
2026-05-06 03:47:43 INFO mt5_bot - Signal=NONE reason=no_closed_bar_crossover price=None trend=bearish rsi=36.5 atr_pips=24.2 adx=50.4
2026-05-06 03:47:43 INFO mt5_bot - ADX boost: adx=50.4 \u2192 risk_pct=1.50%
2026-05-06 03:47:43 INFO mt5_bot - Execution status=skipped reason=no_closed_bar_crossover
2026-05-06 03:47:58 INFO mt5_bot - Balance=102029.96 Equity=102029.96 Spread=0.30 pips
2026-05-06 03:47:58 INFO mt5_bot - Signal=NONE reason=no_closed_bar_crossover price=None trend=bearish rsi=36.5 atr_pips=24.2 adx=50.4
2026-05-06 03:47:58 INFO mt5_bot - ADX boost: adx=50.4 \u2192 risk_pct=1.50%
2026-05-06 03:47:58 INFO mt5_bot - Execution status=skipped reason=no_closed_bar_crossover
2026-05-06 03:48:13 INFO mt5_bot - Balance=102029.96 Equity=102029.96 Spread=0.30 pips
2026-05-06 03:48:13 INFO mt5_bot - Signal=NONE reason=no_closed_bar_crossover price=None trend=bearish rsi=36.5 atr_pips=24.2 adx=50.4
2026-05-06 03:48:13 INFO mt5_bot - ADX boost: adx=50.4 \u2192 risk_pct=1.50%
2026-05-06 03:48:13 INFO mt5_bot - Execution status=skipped reason=no_closed_bar_crossover
2026-05-06 03:48:28 INFO mt5_bot - Balance=102029.96 Equity=102029.96 Spread=0.30 pips
2026-05-06 03:48:28 INFO mt5_bot - Signal=NONE reason=no_closed_bar_crossover price=None trend=bearish rsi=36.5 atr_pips=24.2 adx=50.4
2026-05-06 03:48:28 INFO mt5_bot - ADX boost: adx=50.4 \u2192 risk_pct=1.50%
2026-05-06 03:48:28 INFO mt5_bot - Execution status=skipped reason=no_closed_bar_crossover
2026-05-06 03:48:43 INFO mt5_bot - Balance=102029.96 Equity=102029.96 Spread=0.30 pips
2026-05-06 03:48:43 INFO mt5_bot - Signal=NONE reason=no_closed_bar_crossover price=None trend=bearish rsi=36.5 atr_pips=24.2 adx=50.4
2026-05-06 03:48:43 INFO mt5_bot - ADX boost: adx=50.4 \u2192 risk_pct=1.50%
2026-05-06 03:48:43 INFO mt5_bot - Execution status=skipped reason=no_closed_bar_crossover
2026-05-06 03:48:58 INFO mt5_bot - Balance=102029.96 Equity=102029.96 Spread=0.30 pips
2026-05-06 03:48:58 INFO mt5_bot - Signal=NONE reason=no_closed_bar_crossover price=None trend=bearish rsi=36.5 atr_pips=24.2 adx=50.4
2026-05-06 03:48:58 INFO mt5_bot - ADX boost: adx=50.4 \u2192 risk_pct=1.50%
2026-05-06 03:48:58 INFO mt5_bot - Execution status=skipped reason=no_closed_bar_crossover
2026-05-06 03:49:13 INFO mt5_bot - Balance=102029.96 Equity=102029.96 Spread=0.30 pips
2026-05-06 03:49:13 INFO mt5_bot - Signal=NONE reason=no_closed_bar_crossover price=None trend=bearish rsi=36.5 atr_pips=24.2 adx=50.4
2026-05-06 03:49:13 INFO mt5_bot - ADX boost: adx=50.4 \u2192 risk_pct=1.50%
2026-05-06 03:49:13 INFO mt5_bot - Execution status=skipped reason=no_closed_bar_crossover
2026-05-06 03:49:28 INFO mt5_bot - Balance=102029.96 Equity=102029.96 Spread=0.30 pips
2026-05-06 03:49:28 INFO mt5_bot - Signal=NONE reason=no_closed_bar_crossover price=None trend=bearish rsi=36.5 atr_pips=24.2 adx=50.4
2026-05-06 03:49:28 INFO mt5_bot - ADX boost: adx=50.4 \u2192 risk_pct=1.50%
2026-05-06 03:49:28 INFO mt5_bot - Execution status=skipped reason=no_closed_bar_crossover
2026-05-06 03:49:43 INFO mt5_bot - Balance=102029.96 Equity=102029.96 Spread=0.30 pips
2026-05-06 03:49:43 INFO mt5_bot - Signal=NONE reason=no_closed_bar_crossover price=None trend=bearish rsi=36.5 atr_pips=24.2 adx=50.4
2026-05-06 03:49:43 INFO mt5_bot - ADX boost: adx=50.4 \u2192 risk_pct=1.50%
2026-05-06 03:49:43 INFO mt5_bot - Execution status=skipped reason=no_closed_bar_crossover
2026-05-06 03:49:58 INFO mt5_bot - Balance=102029.96 Equity=102029.96 Spread=0.30 pips
2026-05-06 03:49:58 INFO mt5_bot - Signal=NONE reason=no_closed_bar_crossover price=None trend=bearish rsi=36.5 atr_pips=24.2 adx=50.4
2026-05-06 03:49:58 INFO mt5_bot - ADX boost: adx=50.4 \u2192 risk_pct=1.50%
2026-05-06 03:49:58 INFO mt5_bot - Execution status=skipped reason=no_closed_bar_crossover
2026-05-06 03:50:13 INFO mt5_bot - Balance=102029.96 Equity=102029.96 Spread=0.30 pips
2026-05-06 03:50:13 INFO mt5_bot - Signal=NONE reason=no_closed_bar_crossover price=None trend=bearish rsi=36.5 atr_pips=24.2 adx=50.4
2026-05-06 03:50:13 INFO mt5_bot - ADX boost: adx=50.4 \u2192 risk_pct=1.50%
2026-05-06 03:50:13 INFO mt5_bot - Execution status=skipped reason=no_closed_bar_crossover
2026-05-06 03:50:28 INFO mt5_bot - Balance=102029.96 Equity=102029.96 Spread=0.30 pips
2026-05-06 03:50:28 INFO mt5_bot - Signal=NONE reason=no_closed_bar_crossover price=None trend=bearish rsi=36.5 atr_pips=24.2 adx=50.4
2026-05-06 03:50:28 INFO mt5_bot - ADX boost: adx=50.4 \u2192 risk_pct=1.50%
2026-05-06 03:50:28 INFO mt5_bot - Execution status=skipped reason=no_closed_bar_crossover
2026-05-06 03:50:44 INFO mt5_bot - Balance=102029.96 Equity=102029.96 Spread=0.30 pips
2026-05-06 03:50:44 INFO mt5_bot - Signal=NONE reason=no_closed_bar_crossover price=None trend=bearish rsi=36.5 atr_pips=24.2 adx=50.4
2026-05-06 03:50:44 INFO mt5_bot - ADX boost: adx=50.4 \u2192 risk_pct=1.50%
2026-05-06 03:50:44 INFO mt5_bot - Execution status=skipped reason=no_closed_bar_crossover
2026-05-06 03:50:59 INFO mt5_bot - Balance=102029.96 Equity=102029.96 Spread=0.30 pips
2026-05-06 03:50:59 INFO mt5_bot - Signal=NONE reason=no_closed_bar_crossover price=None trend=bearish rsi=36.5 atr_pips=24.2 adx=50.4
2026-05-06 03:50:59 INFO mt5_bot - ADX boost: adx=50.4 \u2192 risk_pct=1.50%
2026-05-06 03:50:59 INFO mt5_bot - Execution status=skipped reason=no_closed_bar_crossover
2026-05-06 03:51:14 INFO mt5_bot - Balance=102029.96 Equity=102029.96 Spread=0.30 pips
2026-05-06 03:51:14 INFO mt5_bot - Signal=NONE reason=no_closed_bar_crossover price=None trend=bearish rsi=36.5 atr_pips=24.2 adx=50.4
2026-05-06 03:51:14 INFO mt5_bot - ADX boost: adx=50.4 \u2192 risk_pct=1.50%
2026-05-06 03:51:14 INFO mt5_bot - Execution status=skipped reason=no_closed_bar_crossover
2026-05-06 03:51:29 INFO mt5_bot - Balance=102029.96 Equity=102029.96 Spread=0.30 pips
2026-05-06 03:51:29 INFO mt5_bot - Signal=NONE reason=no_closed_bar_crossover price=None trend=bearish rsi=36.5 atr_pips=24.2 adx=50.4
2026-05-06 03:51:29 INFO mt5_bot - ADX boost: adx=50.4 \u2192 risk_pct=1.50%
2026-05-06 03:51:29 INFO mt5_bot - Execution status=skipped reason=no_closed_bar_crossover
2026-05-06 03:51:44 INFO mt5_bot - Balance=102029.96 Equity=102029.96 Spread=0.30 pips
2026-05-06 03:51:44 INFO mt5_bot - Signal=NONE reason=no_closed_bar_crossover price=None trend=bearish rsi=36.5 atr_pips=24.2 adx=50.4
2026-05-06 03:51:44 INFO mt5_bot - ADX boost: adx=50.4 \u2192 risk_pct=1.50%
2026-05-06 03:51:44 INFO mt5_bot - Execution status=skipped reason=no_closed_bar_crossover
2026-05-06 03:51:59 INFO mt5_bot - Balance=102029.96 Equity=102029.96 Spread=0.30 pips
2026-05-06 03:51:59 INFO mt5_bot - Signal=NONE reason=no_closed_bar_crossover price=None trend=bearish rsi=36.5 atr_pips=24.2 adx=50.4
2026-05-06 03:51:59 INFO mt5_bot - ADX boost: adx=50.4 \u2192 risk_pct=1.50%
2026-05-06 03:51:59 INFO mt5_bot - Execution status=skipped reason=no_closed_bar_crossover
2026-05-06 03:52:14 INFO mt5_bot - Balance=102029.96 Equity=102029.96 Spread=0.30 pips
2026-05-06 03:52:14 INFO mt5_bot - Signal=NONE reason=no_closed_bar_crossover price=None trend=bearish rsi=36.5 atr_pips=24.2 adx=50.4
2026-05-06 03:52:14 INFO mt5_bot - ADX boost: adx=50.4 \u2192 risk_pct=1.50%
2026-05-06 03:52:14 INFO mt5_bot - Execution status=skipped reason=no_closed_bar_crossover
2026-05-06 03:52:29 INFO mt5_bot - Balance=102029.96 Equity=102029.96 Spread=0.30 pips
2026-05-06 03:52:29 INFO mt5_bot - Signal=NONE reason=no_closed_bar_crossover price=None trend=bearish rsi=36.5 atr_pips=24.2 adx=50.4
2026-05-06 03:52:29 INFO mt5_bot - ADX boost: adx=50.4 \u2192 risk_pct=1.50%
2026-05-06 03:52:29 INFO mt5_bot - Execution status=skipped reason=no_closed_bar_crossover
2026-05-06 03:52:44 INFO mt5_bot - Balance=102029.96 Equity=102029.96 Spread=0.30 pips
2026-05-06 03:52:44 INFO mt5_bot - Signal=NONE reason=no_closed_bar_crossover price=None trend=bearish rsi=36.5 atr_pips=24.2 adx=50.4
2026-05-06 03:52:44 INFO mt5_bot - ADX boost: adx=50.4 \u2192 risk_pct=1.50%
2026-05-06 03:52:44 INFO mt5_bot - Execution status=skipped reason=no_closed_bar_crossover
2026-05-06 03:52:59 INFO mt5_bot - Balance=102029.96 Equity=102029.96 Spread=0.30 pips
2026-05-06 03:52:59 INFO mt5_bot - Signal=NONE reason=no_closed_bar_crossover price=None trend=bearish rsi=36.5 atr_pips=24.2 adx=50.4
2026-05-06 03:52:59 INFO mt5_bot - ADX boost: adx=50.4 \u2192 risk_pct=1.50%
2026-05-06 03:52:59 INFO mt5_bot - Execution status=skipped reason=no_closed_bar_crossover
2026-05-06 03:53:14 INFO mt5_bot - Balance=102029.96 Equity=102029.96 Spread=0.30 pips
2026-05-06 03:53:14 INFO mt5_bot - Signal=NONE reason=no_closed_bar_crossover price=None trend=bearish rsi=36.5 atr_pips=24.2 adx=50.4
2026-05-06 03:53:14 INFO mt5_bot - ADX boost: adx=50.4 \u2192 risk_pct=1.50%
2026-05-06 03:53:14 INFO mt5_bot - Execution status=skipped reason=no_closed_bar_crossover
2026-05-06 03:53:29 INFO mt5_bot - Balance=102029.96 Equity=102029.96 Spread=0.30 pips
2026-05-06 03:53:29 INFO mt5_bot - Signal=NONE reason=no_closed_bar_crossover price=None trend=bearish rsi=36.5 atr_pips=24.2 adx=50.4
2026-05-06 03:53:29 INFO mt5_bot - ADX boost: adx=50.4 \u2192 risk_pct=1.50%
2026-05-06 03:53:29 INFO mt5_bot - Execution status=skipped reason=no_closed_bar_crossover
2026-05-06 03:53:44 INFO mt5_bot - Balance=102029.96 Equity=102029.96 Spread=0.30 pips
2026-05-06 03:53:44 INFO mt5_bot - Signal=NONE reason=no_closed_bar_crossover price=None trend=bearish rsi=36.5 atr_pips=24.2 adx=50.4
2026-05-06 03:53:44 INFO mt5_bot - ADX boost: adx=50.4 \u2192 risk_pct=1.50%
2026-05-06 03:53:44 INFO mt5_bot - Execution status=skipped reason=no_closed_bar_crossover
2026-05-06 03:53:59 INFO mt5_bot - Balance=102029.96 Equity=102029.96 Spread=0.30 pips
2026-05-06 03:53:59 INFO mt5_bot - Signal=NONE reason=no_closed_bar_crossover price=None trend=bearish rsi=36.5 atr_pips=24.2 adx=50.4
2026-05-06 03:53:59 INFO mt5_bot - ADX boost: adx=50.4 \u2192 risk_pct=1.50%
2026-05-06 03:53:59 INFO mt5_bot - Execution status=skipped reason=no_closed_bar_crossover
2026-05-06 03:54:14 INFO mt5_bot - Balance=102029.96 Equity=102029.96 Spread=0.30 pips
2026-05-06 03:54:14 INFO mt5_bot - Signal=NONE reason=no_closed_bar_crossover price=None trend=bearish rsi=36.5 atr_pips=24.2 adx=50.4
2026-05-06 03:54:14 INFO mt5_bot - ADX boost: adx=50.4 \u2192 risk_pct=1.50%
2026-05-06 03:54:14 INFO mt5_bot - Execution status=skipped reason=no_closed_bar_crossover
2026-05-06 03:54:29 INFO mt5_bot - Balance=102029.96 Equity=102029.96 Spread=0.30 pips
2026-05-06 03:54:29 INFO mt5_bot - Signal=NONE reason=no_closed_bar_crossover price=None trend=bearish rsi=36.5 atr_pips=24.2 adx=50.4
2026-05-06 03:54:29 INFO mt5_bot - ADX boost: adx=50.4 \u2192 risk_pct=1.50%
2026-05-06 03:54:29 INFO mt5_bot - Execution status=skipped reason=no_closed_bar_crossover
2026-05-06 03:54:44 INFO mt5_bot - Balance=102029.96 Equity=102029.96 Spread=0.30 pips
2026-05-06 03:54:44 INFO mt5_bot - Signal=NONE reason=no_closed_bar_crossover price=None trend=bearish rsi=36.5 atr_pips=24.2 adx=50.4
2026-05-06 03:54:44 INFO mt5_bot - ADX boost: adx=50.4 \u2192 risk_pct=1.50%
2026-05-06 03:54:44 INFO mt5_bot - Execution status=skipped reason=no_closed_bar_crossover
2026-05-06 03:54:59 INFO mt5_bot - Balance=102029.96 Equity=102029.96 Spread=0.30 pips
2026-05-06 03:54:59 INFO mt5_bot - Signal=NONE reason=no_closed_bar_crossover price=None trend=bearish rsi=36.5 atr_pips=24.2 adx=50.4
2026-05-06 03:54:59 INFO mt5_bot - ADX boost: adx=50.4 \u2192 risk_pct=1.50%
2026-05-06 03:54:59 INFO mt5_bot - Execution status=skipped reason=no_closed_bar_crossover
2026-05-06 03:55:14 INFO mt5_bot - Balance=102029.96 Equity=102029.96 Spread=0.30 pips
2026-05-06 03:55:14 INFO mt5_bot - Signal=NONE reason=no_closed_bar_crossover price=None trend=bearish rsi=36.5 atr_pips=24.2 adx=50.4
2026-05-06 03:55:14 INFO mt5_bot - ADX boost: adx=50.4 \u2192 risk_pct=1.50%
2026-05-06 03:55:14 INFO mt5_bot - Execution status=skipped reason=no_closed_bar_crossover
2026-05-06 03:55:29 INFO mt5_bot - Balance=102029.96 Equity=102029.96 Spread=0.30 pips
2026-05-06 03:55:29 INFO mt5_bot - Signal=NONE reason=no_closed_bar_crossover price=None trend=bearish rsi=36.5 atr_pips=24.2 adx=50.4
2026-05-06 03:55:29 INFO mt5_bot - ADX boost: adx=50.4 \u2192 risk_pct=1.50%
2026-05-06 03:55:29 INFO mt5_bot - Execution status=skipped reason=no_closed_bar_crossover
2026-05-06 03:55:44 INFO mt5_bot - Balance=102029.96 Equity=102029.96 Spread=0.30 pips
2026-05-06 03:55:44 INFO mt5_bot - Signal=NONE reason=no_closed_bar_crossover price=None trend=bearish rsi=36.5 atr_pips=24.2 adx=50.4
2026-05-06 03:55:44 INFO mt5_bot - ADX boost: adx=50.4 \u2192 risk_pct=1.50%
2026-05-06 03:55:44 INFO mt5_bot - Execution status=skipped reason=no_closed_bar_crossover
2026-05-06 03:55:59 INFO mt5_bot - Balance=102029.96 Equity=102029.96 Spread=0.30 pips
2026-05-06 03:55:59 INFO mt5_bot - Signal=NONE reason=no_closed_bar_crossover price=None trend=bearish rsi=36.5 atr_pips=24.2 adx=50.4
2026-05-06 03:55:59 INFO mt5_bot - ADX boost: adx=50.4 \u2192 risk_pct=1.50%
2026-05-06 03:55:59 INFO mt5_bot - Execution status=skipped reason=no_closed_bar_crossover
2026-05-06 03:56:14 INFO mt5_bot - Balance=102029.96 Equity=102029.96 Spread=0.30 pips
2026-05-06 03:56:14 INFO mt5_bot - Signal=NONE reason=no_closed_bar_crossover price=None trend=bearish rsi=36.5 atr_pips=24.2 adx=50.4
2026-05-06 03:56:14 INFO mt5_bot - ADX boost: adx=50.4 \u2192 risk_pct=1.50%
2026-05-06 03:56:14 INFO mt5_bot - Execution status=skipped reason=no_closed_bar_crossover
2026-05-06 03:56:29 INFO mt5_bot - Balance=102029.96 Equity=102029.96 Spread=0.30 pips
2026-05-06 03:56:29 INFO mt5_bot - Signal=NONE reason=no_closed_bar_crossover price=None trend=bearish rsi=36.5 atr_pips=24.2 adx=50.4
2026-05-06 03:56:29 INFO mt5_bot - ADX boost: adx=50.4 \u2192 risk_pct=1.50%
2026-05-06 03:56:29 INFO mt5_bot - Execution status=skipped reason=no_closed_bar_crossover
2026-05-06 03:56:44 INFO mt5_bot - Balance=102029.96 Equity=102029.96 Spread=0.30 pips
2026-05-06 03:56:44 INFO mt5_bot - Signal=NONE reason=no_closed_bar_crossover price=None trend=bearish rsi=36.5 atr_pips=24.2 adx=50.4
2026-05-06 03:56:44 INFO mt5_bot - ADX boost: adx=50.4 \u2192 risk_pct=1.50%
2026-05-06 03:56:44 INFO mt5_bot - Execution status=skipped reason=no_closed_bar_crossover
2026-05-06 03:56:59 INFO mt5_bot - Balance=102029.96 Equity=102029.96 Spread=0.30 pips
2026-05-06 03:56:59 INFO mt5_bot - Signal=NONE reason=no_closed_bar_crossover price=None trend=bearish rsi=36.5 atr_pips=24.2 adx=50.4
2026-05-06 03:56:59 INFO mt5_bot - ADX boost: adx=50.4 \u2192 risk_pct=1.50%
2026-05-06 03:56:59 INFO mt5_bot - Execution status=skipped reason=no_closed_bar_crossover
2026-05-06 03:57:14 INFO mt5_bot - Balance=102029.96 Equity=102029.96 Spread=0.30 pips
2026-05-06 03:57:14 INFO mt5_bot - Signal=NONE reason=no_closed_bar_crossover price=None trend=bearish rsi=36.5 atr_pips=24.2 adx=50.4
2026-05-06 03:57:14 INFO mt5_bot - ADX boost: adx=50.4 \u2192 risk_pct=1.50%
2026-05-06 03:57:14 INFO mt5_bot - Execution status=skipped reason=no_closed_bar_crossover
2026-05-06 03:57:29 INFO mt5_bot - Balance=102029.96 Equity=102029.96 Spread=0.30 pips
2026-05-06 03:57:29 INFO mt5_bot - Signal=NONE reason=no_closed_bar_crossover price=None trend=bearish rsi=36.5 atr_pips=24.2 adx=50.4
2026-05-06 03:57:29 INFO mt5_bot - ADX boost: adx=50.4 \u2192 risk_pct=1.50%
2026-05-06 03:57:29 INFO mt5_bot - Execution status=skipped reason=no_closed_bar_crossover
2026-05-06 03:57:44 INFO mt5_bot - Balance=102029.96 Equity=102029.96 Spread=0.30 pips
2026-05-06 03:57:44 INFO mt5_bot - Signal=NONE reason=no_closed_bar_crossover price=None trend=bearish rsi=36.5 atr_pips=24.2 adx=50.4
2026-05-06 03:57:44 INFO mt5_bot - ADX boost: adx=50.4 \u2192 risk_pct=1.50%
2026-05-06 03:57:44 INFO mt5_bot - Execution status=skipped reason=no_closed_bar_crossover
2026-05-06 03:57:59 INFO mt5_bot - Balance=102029.96 Equity=102029.96 Spread=0.30 pips
2026-05-06 03:57:59 INFO mt5_bot - Signal=NONE reason=no_closed_bar_crossover price=None trend=bearish rsi=36.5 atr_pips=24.2 adx=50.4
2026-05-06 03:57:59 INFO mt5_bot - ADX boost: adx=50.4 \u2192 risk_pct=1.50%
2026-05-06 03:57:59 INFO mt5_bot - Execution status=skipped reason=no_closed_bar_crossover
2026-05-06 03:58:14 INFO mt5_bot - Balance=102029.96 Equity=102029.96 Spread=0.30 pips
2026-05-06 03:58:14 INFO mt5_bot - Signal=NONE reason=no_closed_bar_crossover price=None trend=bearish rsi=36.5 atr_pips=24.2 adx=50.4
2026-05-06 03:58:14 INFO mt5_bot - ADX boost: adx=50.4 \u2192 risk_pct=1.50%
2026-05-06 03:58:14 INFO mt5_bot - Execution status=skipped reason=no_closed_bar_crossover
2026-05-06 03:58:29 INFO mt5_bot - Balance=102029.96 Equity=102029.96 Spread=0.30 pips
2026-05-06 03:58:29 INFO mt5_bot - Signal=NONE reason=no_closed_bar_crossover price=None trend=bearish rsi=36.5 atr_pips=24.2 adx=50.4
2026-05-06 03:58:29 INFO mt5_bot - ADX boost: adx=50.4 \u2192 risk_pct=1.50%
2026-05-06 03:58:29 INFO mt5_bot - Execution status=skipped reason=no_closed_bar_crossover
2026-05-06 03:58:44 INFO mt5_bot - Balance=102029.96 Equity=102029.96 Spread=0.30 pips
2026-05-06 03:58:44 INFO mt5_bot - Signal=NONE reason=no_closed_bar_crossover price=None trend=bearish rsi=36.5 atr_pips=24.2 adx=50.4
2026-05-06 03:58:44 INFO mt5_bot - ADX boost: adx=50.4 \u2192 risk_pct=1.50%
2026-05-06 03:58:44 INFO mt5_bot - Execution status=skipped reason=no_closed_bar_crossover
2026-05-06 03:58:59 INFO mt5_bot - Balance=102029.96 Equity=102029.96 Spread=0.30 pips
2026-05-06 03:58:59 INFO mt5_bot - Signal=NONE reason=no_closed_bar_crossover price=None trend=bearish rsi=36.5 atr_pips=24.2 adx=50.4
2026-05-06 03:58:59 INFO mt5_bot - ADX boost: adx=50.4 \u2192 risk_pct=1.50%
2026-05-06 03:58:59 INFO mt5_bot - Execution status=skipped reason=no_closed_bar_crossover
2026-05-06 03:59:14 INFO mt5_bot - Balance=102029.96 Equity=102029.96 Spread=0.30 pips
2026-05-06 03:59:14 INFO mt5_bot - Signal=NONE reason=no_closed_bar_crossover price=None trend=bearish rsi=36.5 atr_pips=24.2 adx=50.4
2026-05-06 03:59:14 INFO mt5_bot - ADX boost: adx=50.4 \u2192 risk_pct=1.50%
2026-05-06 03:59:14 INFO mt5_bot - Execution status=skipped reason=no_closed_bar_crossover
2026-05-06 03:59:29 INFO mt5_bot - Balance=102029.96 Equity=102029.96 Spread=0.30 pips
2026-05-06 03:59:29 INFO mt5_bot - Signal=NONE reason=no_closed_bar_crossover price=None trend=bearish rsi=36.5 atr_pips=24.2 adx=50.4
2026-05-06 03:59:29 INFO mt5_bot - ADX boost: adx=50.4 \u2192 risk_pct=1.50%
2026-05-06 03:59:29 INFO mt5_bot - Execution status=skipped reason=no_closed_bar_crossover
2026-05-06 03:59:44 INFO mt5_bot - Balance=102029.96 Equity=102029.96 Spread=0.30 pips
2026-05-06 03:59:44 INFO mt5_bot - Signal=NONE reason=no_closed_bar_crossover price=None trend=bearish rsi=36.5 atr_pips=24.2 adx=50.4
2026-05-06 03:59:44 INFO mt5_bot - ADX boost: adx=50.4 \u2192 risk_pct=1.50%
2026-05-06 03:59:44 INFO mt5_bot - Execution status=skipped reason=no_closed_bar_crossover
2026-05-06 03:59:59 INFO mt5_bot - Balance=102029.96 Equity=102029.96 Spread=0.30 pips
2026-05-06 03:59:59 INFO mt5_bot - Signal=NONE reason=no_closed_bar_crossover price=None trend=bearish rsi=36.5 atr_pips=24.2 adx=50.4
2026-05-06 03:59:59 INFO mt5_bot - ADX boost: adx=50.4 \u2192 risk_pct=1.50%
2026-05-06 03:59:59 INFO mt5_bot - Execution status=skipped reason=no_closed_bar_crossover
2026-05-06 04:00:14 INFO mt5_bot - Balance=102029.96 Equity=102029.96 Spread=0.30 pips
2026-05-06 04:00:14 INFO mt5_bot.news_filter - news_filter: loaded 115 events from shared cache
2026-05-06 04:00:14 INFO mt5_bot - Signal=NONE reason=no_closed_bar_crossover price=None trend=bearish rsi=33.5 atr_pips=25.0 adx=51.7
2026-05-06 04:00:14 INFO mt5_bot - ADX boost: adx=51.7 \u2192 risk_pct=1.50%
2026-05-06 04:00:14 INFO mt5_bot - Execution status=skipped reason=no_closed_bar_crossover
2026-05-06 04:00:29 INFO mt5_bot - Balance=102029.96 Equity=102029.96 Spread=0.30 pips
2026-05-06 04:00:29 INFO mt5_bot - Signal=NONE reason=no_closed_bar_crossover price=None trend=bearish rsi=33.5 atr_pips=25.0 adx=51.7
2026-05-06 04:00:29 INFO mt5_bot - ADX boost: adx=51.7 \u2192 risk_pct=1.50%
2026-05-06 04:00:29 INFO mt5_bot - Execution status=skipped reason=no_closed_bar_crossover
2026-05-06 04:00:44 INFO mt5_bot - Balance=102029.96 Equity=102029.96 Spread=0.30 pips
2026-05-06 04:00:44 INFO mt5_bot - Signal=NONE reason=no_closed_bar_crossover price=None trend=bearish rsi=33.5 atr_pips=25.0 adx=51.7
2026-05-06 04:00:44 INFO mt5_bot - ADX boost: adx=51.7 \u2192 risk_pct=1.50%
2026-05-06 04:00:44 INFO mt5_bot - Execution status=skipped reason=no_closed_bar_crossover
2026-05-06 04:00:59 INFO mt5_bot - Balance=102029.96 Equity=102029.96 Spread=0.30 pips
2026-05-06 04:00:59 INFO mt5_bot - Signal=NONE reason=no_closed_bar_crossover price=None trend=bearish rsi=33.5 atr_pips=25.0 adx=51.7
2026-05-06 04:00:59 INFO mt5_bot - ADX boost: adx=51.7 \u2192 risk_pct=1.50%
2026-05-06 04:00:59 INFO mt5_bot - Execution status=skipped reason=no_closed_bar_crossover
2026-05-06 04:01:14 INFO mt5_bot - Balance=102029.96 Equity=102029.96 Spread=0.30 pips
2026-05-06 04:01:14 INFO mt5_bot - Signal=NONE reason=no_closed_bar_crossover price=None trend=bearish rsi=33.5 atr_pips=25.0 adx=51.7
2026-05-06 04:01:14 INFO mt5_bot - ADX boost: adx=51.7 \u2192 risk_pct=1.50%
2026-05-06 04:01:14 INFO mt5_bot - Execution status=skipped reason=no_closed_bar_crossover
2026-05-06 04:01:29 INFO mt5_bot - Balance=102029.96 Equity=102029.96 Spread=0.30 pips
2026-05-06 04:01:29 INFO mt5_bot - Signal=NONE reason=no_closed_bar_crossover price=None trend=bearish rsi=33.5 atr_pips=25.0 adx=51.7
2026-05-06 04:01:29 INFO mt5_bot - ADX boost: adx=51.7 \u2192 risk_pct=1.50%
2026-05-06 04:01:29 INFO mt5_bot - Execution status=skipped reason=no_closed_bar_crossover
2026-05-06 04:01:44 INFO mt5_bot - Balance=102029.96 Equity=102029.96 Spread=0.30 pips
2026-05-06 04:01:44 INFO mt5_bot - Signal=NONE reason=no_closed_bar_crossover price=None trend=bearish rsi=33.5 atr_pips=25.0 adx=51.7
2026-05-06 04:01:44 INFO mt5_bot - ADX boost: adx=51.7 \u2192 risk_pct=1.50%
2026-05-06 04:01:44 INFO mt5_bot - Execution status=skipped reason=no_closed_bar_crossover
2026-05-06 04:01:59 INFO mt5_bot - Balance=102029.96 Equity=102029.96 Spread=0.30 pips
2026-05-06 04:01:59 INFO mt5_bot - Signal=NONE reason=no_closed_bar_crossover price=None trend=bearish rsi=33.5 atr_pips=25.0 adx=51.7
2026-05-06 04:01:59 INFO mt5_bot - ADX boost: adx=51.7 \u2192 risk_pct=1.50%
2026-05-06 04:01:59 INFO mt5_bot - Execution status=skipped reason=no_closed_bar_crossover
2026-05-06 04:02:14 INFO mt5_bot - Balance=102029.96 Equity=102029.96 Spread=0.30 pips
2026-05-06 04:02:14 INFO mt5_bot - Signal=NONE reason=no_closed_bar_crossover price=None trend=bearish rsi=33.5 atr_pips=25.0 adx=51.7
2026-05-06 04:02:14 INFO mt5_bot - ADX boost: adx=51.7 \u2192 risk_pct=1.50%
2026-05-06 04:02:14 INFO mt5_bot - Execution status=skipped reason=no_closed_bar_crossover
2026-05-06 04:02:29 INFO mt5_bot - Balance=102029.96 Equity=102029.96 Spread=0.30 pips
2026-05-06 04:02:29 INFO mt5_bot - Signal=NONE reason=no_closed_bar_crossover price=None trend=bearish rsi=33.5 atr_pips=25.0 adx=51.7
2026-05-06 04:02:29 INFO mt5_bot - ADX boost: adx=51.7 \u2192 risk_pct=1.50%
2026-05-06 04:02:29 INFO mt5_bot - Execution status=skipped reason=no_closed_bar_crossover
2026-05-06 04:02:44 INFO mt5_bot - Balance=102029.96 Equity=102029.96 Spread=0.30 pips
2026-05-06 04:02:44 INFO mt5_bot - Signal=NONE reason=no_closed_bar_crossover price=None trend=bearish rsi=33.5 atr_pips=25.0 adx=51.7
2026-05-06 04:02:44 INFO mt5_bot - ADX boost: adx=51.7 \u2192 risk_pct=1.50%
2026-05-06 04:02:44 INFO mt5_bot - Execution status=skipped reason=no_closed_bar_crossover
2026-05-06 04:02:59 INFO mt5_bot - Balance=102029.96 Equity=102029.96 Spread=0.30 pips
2026-05-06 04:02:59 INFO mt5_bot - Signal=NONE reason=no_closed_bar_crossover price=None trend=bearish rsi=33.5 atr_pips=25.0 adx=51.7
2026-05-06 04:02:59 INFO mt5_bot - ADX boost: adx=51.7 \u2192 risk_pct=1.50%
2026-05-06 04:02:59 INFO mt5_bot - Execution status=skipped reason=no_closed_bar_crossover
2026-05-06 04:03:14 INFO mt5_bot - Balance=102029.96 Equity=102029.96 Spread=0.30 pips
2026-05-06 04:03:14 INFO mt5_bot - Signal=NONE reason=no_closed_bar_crossover price=None trend=bearish rsi=33.5 atr_pips=25.0 adx=51.7
2026-05-06 04:03:14 INFO mt5_bot - ADX boost: adx=51.7 \u2192 risk_pct=1.50%
2026-05-06 04:03:14 INFO mt5_bot - Execution status=skipped reason=no_closed_bar_crossover
2026-05-06 04:03:29 INFO mt5_bot - Balance=102029.96 Equity=102029.96 Spread=0.30 pips
2026-05-06 04:03:29 INFO mt5_bot - Signal=NONE reason=no_closed_bar_crossover price=None trend=bearish rsi=33.5 atr_pips=25.0 adx=51.7
2026-05-06 04:03:29 INFO mt5_bot - ADX boost: adx=51.7 \u2192 risk_pct=1.50%
2026-05-06 04:03:29 INFO mt5_bot - Execution status=skipped reason=no_closed_bar_crossover
2026-05-06 04:03:44 INFO mt5_bot - Balance=102029.96 Equity=102029.96 Spread=0.30 pips
2026-05-06 04:03:44 INFO mt5_bot - Signal=NONE reason=no_closed_bar_crossover price=None trend=bearish rsi=33.5 atr_pips=25.0 adx=51.7
2026-05-06 04:03:44 INFO mt5_bot - ADX boost: adx=51.7 \u2192 risk_pct=1.50%
2026-05-06 04:03:44 INFO mt5_bot - Execution status=skipped reason=no_closed_bar_crossover
2026-05-06 04:03:59 INFO mt5_bot - Balance=102029.96 Equity=102029.96 Spread=0.30 pips
2026-05-06 04:03:59 INFO mt5_bot - Signal=NONE reason=no_closed_bar_crossover price=None trend=bearish rsi=33.5 atr_pips=25.0 adx=51.7
2026-05-06 04:03:59 INFO mt5_bot - ADX boost: adx=51.7 \u2192 risk_pct=1.50%
2026-05-06 04:03:59 INFO mt5_bot - Execution status=skipped reason=no_closed_bar_crossover
2026-05-06 04:04:14 INFO mt5_bot - Balance=102029.96 Equity=102029.96 Spread=0.30 pips
2026-05-06 04:04:14 INFO mt5_bot - Signal=NONE reason=no_closed_bar_crossover price=None trend=bearish rsi=33.5 atr_pips=25.0 adx=51.7
2026-05-06 04:04:14 INFO mt5_bot - ADX boost: adx=51.7 \u2192 risk_pct=1.50%
2026-05-06 04:04:14 INFO mt5_bot - Execution status=skipped reason=no_closed_bar_crossover
2026-05-06 04:04:29 INFO mt5_bot - Balance=102029.96 Equity=102029.96 Spread=0.30 pips
2026-05-06 04:04:29 INFO mt5_bot - Signal=NONE reason=no_closed_bar_crossover price=None trend=bearish rsi=33.5 atr_pips=25.0 adx=51.7
2026-05-06 04:04:29 INFO mt5_bot - ADX boost: adx=51.7 \u2192 risk_pct=1.50%
2026-05-06 04:04:29 INFO mt5_bot - Execution status=skipped reason=no_closed_bar_crossover
2026-05-06 04:04:44 INFO mt5_bot - Balance=102029.96 Equity=102029.96 Spread=0.30 pips
2026-05-06 04:04:44 INFO mt5_bot - Signal=NONE reason=no_closed_bar_crossover price=None trend=bearish rsi=33.5 atr_pips=25.0 adx=51.7
2026-05-06 04:04:44 INFO mt5_bot - ADX boost: adx=51.7 \u2192 risk_pct=1.50%
2026-05-06 04:04:44 INFO mt5_bot - Execution status=skipped reason=no_closed_bar_crossover
2026-05-06 04:04:59 INFO mt5_bot - Balance=102029.96 Equity=102029.96 Spread=0.30 pips
2026-05-06 04:04:59 INFO mt5_bot - Signal=NONE reason=no_closed_bar_crossover price=None trend=bearish rsi=33.5 atr_pips=25.0 adx=51.7
2026-05-06 04:04:59 INFO mt5_bot - ADX boost: adx=51.7 \u2192 risk_pct=1.50%
2026-05-06 04:04:59 INFO mt5_bot - Execution status=skipped reason=no_closed_bar_crossover
2026-05-06 04:05:14 INFO mt5_bot - Balance=102029.96 Equity=102029.96 Spread=0.30 pips
2026-05-06 04:05:14 INFO mt5_bot - Signal=NONE reason=no_closed_bar_crossover price=None trend=bearish rsi=33.5 atr_pips=25.0 adx=51.7
2026-05-06 04:05:14 INFO mt5_bot - ADX boost: adx=51.7 \u2192 risk_pct=1.50%
2026-05-06 04:05:14 INFO mt5_bot - Execution status=skipped reason=no_closed_bar_crossover
2026-05-06 04:05:29 INFO mt5_bot - Balance=102029.96 Equity=102029.96 Spread=0.30 pips
2026-05-06 04:05:29 INFO mt5_bot - Signal=NONE reason=no_closed_bar_crossover price=None trend=bearish rsi=33.5 atr_pips=25.0 adx=51.7
2026-05-06 04:05:29 INFO mt5_bot - ADX boost: adx=51.7 \u2192 risk_pct=1.50%
2026-05-06 04:05:29 INFO mt5_bot - Execution status=skipped reason=no_closed_bar_crossover
2026-05-06 04:05:44 INFO mt5_bot - Balance=102029.96 Equity=102029.96 Spread=0.30 pips
2026-05-06 04:05:44 INFO mt5_bot - Signal=NONE reason=no_closed_bar_crossover price=None trend=bearish rsi=33.5 atr_pips=25.0 adx=51.7
2026-05-06 04:05:44 INFO mt5_bot - ADX boost: adx=51.7 \u2192 risk_pct=1.50%
2026-05-06 04:05:44 INFO mt5_bot - Execution status=skipped reason=no_closed_bar_crossover
2026-05-06 04:05:59 INFO mt5_bot - Balance=102029.96 Equity=102029.96 Spread=0.30 pips
2026-05-06 04:05:59 INFO mt5_bot - Signal=NONE reason=no_closed_bar_crossover price=None trend=bearish rsi=33.5 atr_pips=25.0 adx=51.7
2026-05-06 04:05:59 INFO mt5_bot - ADX boost: adx=51.7 \u2192 risk_pct=1.50%
2026-05-06 04:05:59 INFO mt5_bot - Execution status=skipped reason=no_closed_bar_crossover
2026-05-06 04:06:14 INFO mt5_bot - Balance=102029.96 Equity=102029.96 Spread=0.30 pips
2026-05-06 04:06:15 INFO mt5_bot - Signal=NONE reason=no_closed_bar_crossover price=None trend=bearish rsi=33.5 atr_pips=25.0 adx=51.7
2026-05-06 04:06:15 INFO mt5_bot - ADX boost: adx=51.7 \u2192 risk_pct=1.50%
2026-05-06 04:06:15 INFO mt5_bot - Execution status=skipped reason=no_closed_bar_crossover
2026-05-06 04:06:30 INFO mt5_bot - Balance=102029.96 Equity=102029.96 Spread=0.30 pips
2026-05-06 04:06:30 INFO mt5_bot - Signal=NONE reason=no_closed_bar_crossover price=None trend=bearish rsi=33.5 atr_pips=25.0 adx=51.7
2026-05-06 04:06:30 INFO mt5_bot - ADX boost: adx=51.7 \u2192 risk_pct=1.50%
2026-05-06 04:06:30 INFO mt5_bot - Execution status=skipped reason=no_closed_bar_crossover
2026-05-06 04:06:45 INFO mt5_bot - Balance=102029.96 Equity=102029.96 Spread=0.30 pips
2026-05-06 04:06:45 INFO mt5_bot - Signal=NONE reason=no_closed_bar_crossover price=None trend=bearish rsi=33.5 atr_pips=25.0 adx=51.7
2026-05-06 04:06:45 INFO mt5_bot - ADX boost: adx=51.7 \u2192 risk_pct=1.50%
2026-05-06 04:06:45 INFO mt5_bot - Execution status=skipped reason=no_closed_bar_crossover
2026-05-06 04:07:00 INFO mt5_bot - Balance=102029.96 Equity=102029.96 Spread=0.30 pips
2026-05-06 04:07:00 INFO mt5_bot - Signal=NONE reason=no_closed_bar_crossover price=None trend=bearish rsi=33.5 atr_pips=25.0 adx=51.7
2026-05-06 04:07:00 INFO mt5_bot - ADX boost: adx=51.7 \u2192 risk_pct=1.50%
2026-05-06 04:07:00 INFO mt5_bot - Execution status=skipped reason=no_closed_bar_crossover
2026-05-06 04:07:15 INFO mt5_bot - Balance=102029.96 Equity=102029.96 Spread=0.30 pips
2026-05-06 04:07:15 INFO mt5_bot - Signal=NONE reason=no_closed_bar_crossover price=None trend=bearish rsi=33.5 atr_pips=25.0 adx=51.7
2026-05-06 04:07:15 INFO mt5_bot - ADX boost: adx=51.7 \u2192 risk_pct=1.50%
2026-05-06 04:07:15 INFO mt5_bot - Execution status=skipped reason=no_closed_bar_crossover
2026-05-06 04:07:30 INFO mt5_bot - Balance=102029.96 Equity=102029.96 Spread=0.30 pips
2026-05-06 04:07:30 INFO mt5_bot - Signal=NONE reason=no_closed_bar_crossover price=None trend=bearish rsi=33.5 atr_pips=25.0 adx=51.7
2026-05-06 04:07:30 INFO mt5_bot - ADX boost: adx=51.7 \u2192 risk_pct=1.50%
2026-05-06 04:07:30 INFO mt5_bot - Execution status=skipped reason=no_closed_bar_crossover
2026-05-06 04:07:45 INFO mt5_bot - Balance=102029.96 Equity=102029.96 Spread=0.30 pips
2026-05-06 04:07:45 INFO mt5_bot - Signal=NONE reason=no_closed_bar_crossover price=None trend=bearish rsi=33.5 atr_pips=25.0 adx=51.7
2026-05-06 04:07:45 INFO mt5_bot - ADX boost: adx=51.7 \u2192 risk_pct=1.50%
2026-05-06 04:07:45 INFO mt5_bot - Execution status=skipped reason=no_closed_bar_crossover
2026-05-06 04:08:00 INFO mt5_bot - Balance=102029.96 Equity=102029.96 Spread=0.30 pips
2026-05-06 04:08:00 INFO mt5_bot - Signal=NONE reason=no_closed_bar_crossover price=None trend=bearish rsi=33.5 atr_pips=25.0 adx=51.7
2026-05-06 04:08:00 INFO mt5_bot - ADX boost: adx=51.7 \u2192 risk_pct=1.50%
2026-05-06 04:08:00 INFO mt5_bot - Execution status=skipped reason=no_closed_bar_crossover
2026-05-06 04:08:15 INFO mt5_bot - Balance=102029.96 Equity=102029.96 Spread=0.30 pips
2026-05-06 04:08:15 INFO mt5_bot - Signal=NONE reason=no_closed_bar_crossover price=None trend=bearish rsi=33.5 atr_pips=25.0 adx=51.7
2026-05-06 04:08:15 INFO mt5_bot - ADX boost: adx=51.7 \u2192 risk_pct=1.50%
2026-05-06 04:08:15 INFO mt5_bot - Execution status=skipped reason=no_closed_bar_crossover
2026-05-06 04:08:30 INFO mt5_bot - Balance=102029.96 Equity=102029.96 Spread=0.30 pips
2026-05-06 04:08:30 INFO mt5_bot - Signal=NONE reason=no_closed_bar_crossover price=None trend=bearish rsi=33.5 atr_pips=25.0 adx=51.7
2026-05-06 04:08:30 INFO mt5_bot - ADX boost: adx=51.7 \u2192 risk_pct=1.50%
2026-05-06 04:08:30 INFO mt5_bot - Execution status=skipped reason=no_closed_bar_crossover
2026-05-06 04:08:45 INFO mt5_bot - Balance=102029.96 Equity=102029.96 Spread=0.30 pips
2026-05-06 04:08:45 INFO mt5_bot - Signal=NONE reason=no_closed_bar_crossover price=None trend=bearish rsi=33.5 atr_pips=25.0 adx=51.7
2026-05-06 04:08:45 INFO mt5_bot - ADX boost: adx=51.7 \u2192 risk_pct=1.50%
2026-05-06 04:08:45 INFO mt5_bot - Execution status=skipped reason=no_closed_bar_crossover
2026-05-06 04:09:00 INFO mt5_bot - Balance=102029.96 Equity=102029.96 Spread=0.30 pips
2026-05-06 04:09:00 INFO mt5_bot - Signal=NONE reason=no_closed_bar_crossover price=None trend=bearish rsi=33.5 atr_pips=25.0 adx=51.7
2026-05-06 04:09:00 INFO mt5_bot - ADX boost: adx=51.7 \u2192 risk_pct=1.50%
2026-05-06 04:09:00 INFO mt5_bot - Execution status=skipped reason=no_closed_bar_crossover
2026-05-06 04:09:15 INFO mt5_bot - Balance=102029.96 Equity=102029.96 Spread=0.30 pips
2026-05-06 04:09:15 INFO mt5_bot - Signal=NONE reason=no_closed_bar_crossover price=None trend=bearish rsi=33.5 atr_pips=25.0 adx=51.7
2026-05-06 04:09:15 INFO mt5_bot - ADX boost: adx=51.7 \u2192 risk_pct=1.50%
2026-05-06 04:09:15 INFO mt5_bot - Execution status=skipped reason=no_closed_bar_crossover
2026-05-06 04:09:30 INFO mt5_bot - Balance=102029.96 Equity=102029.96 Spread=0.30 pips
2026-05-06 04:09:30 INFO mt5_bot - Signal=NONE reason=no_closed_bar_crossover price=None trend=bearish rsi=33.5 atr_pips=25.0 adx=51.7
2026-05-06 04:09:30 INFO mt5_bot - ADX boost: adx=51.7 \u2192 risk_pct=1.50%
2026-05-06 04:09:30 INFO mt5_bot - Execution status=skipped reason=no_closed_bar_crossover
2026-05-06 04:09:45 INFO mt5_bot - Balance=102029.96 Equity=102029.96 Spread=0.30 pips
2026-05-06 04:09:45 INFO mt5_bot - Signal=NONE reason=no_closed_bar_crossover price=None trend=bearish rsi=33.5 atr_pips=25.0 adx=51.7
2026-05-06 04:09:45 INFO mt5_bot - ADX boost: adx=51.7 \u2192 risk_pct=1.50%
2026-05-06 04:09:45 INFO mt5_bot - Execution status=skipped reason=no_closed_bar_crossover
2026-05-06 04:10:00 INFO mt5_bot - Balance=102029.96 Equity=102029.96 Spread=0.30 pips
2026-05-06 04:10:00 INFO mt5_bot - Signal=NONE reason=no_closed_bar_crossover price=None trend=bearish rsi=33.5 atr_pips=25.0 adx=51.7
2026-05-06 04:10:00 INFO mt5_bot - ADX boost: adx=51.7 \u2192 risk_pct=1.50%
2026-05-06 04:10:00 INFO mt5_bot - Execution status=skipped reason=no_closed_bar_crossover
2026-05-06 04:10:15 INFO mt5_bot - Balance=102029.96 Equity=102029.96 Spread=0.30 pips
2026-05-06 04:10:15 INFO mt5_bot - Signal=NONE reason=no_closed_bar_crossover price=None trend=bearish rsi=33.5 atr_pips=25.0 adx=51.7
2026-05-06 04:10:15 INFO mt5_bot - ADX boost: adx=51.7 \u2192 risk_pct=1.50%
2026-05-06 04:10:15 INFO mt5_bot - Execution status=skipped reason=no_closed_bar_crossover
2026-05-06 04:10:30 INFO mt5_bot - Balance=102029.96 Equity=102029.96 Spread=0.30 pips
2026-05-06 04:10:30 INFO mt5_bot - Signal=NONE reason=no_closed_bar_crossover price=None trend=bearish rsi=33.5 atr_pips=25.0 adx=51.7
2026-05-06 04:10:30 INFO mt5_bot - ADX boost: adx=51.7 \u2192 risk_pct=1.50%
2026-05-06 04:10:30 INFO mt5_bot - Execution status=skipped reason=no_closed_bar_crossover
2026-05-06 04:10:45 INFO mt5_bot - Balance=102029.96 Equity=102029.96 Spread=0.30 pips
2026-05-06 04:10:45 INFO mt5_bot - Signal=NONE reason=no_closed_bar_crossover price=None trend=bearish rsi=33.5 atr_pips=25.0 adx=51.7
2026-05-06 04:10:45 INFO mt5_bot - ADX boost: adx=51.7 \u2192 risk_pct=1.50%
2026-05-06 04:10:45 INFO mt5_bot - Execution status=skipped reason=no_closed_bar_crossover
2026-05-06 04:11:00 INFO mt5_bot - Balance=102029.96 Equity=102029.96 Spread=0.30 pips
2026-05-06 04:11:00 INFO mt5_bot - Signal=NONE reason=no_closed_bar_crossover price=None trend=bearish rsi=33.5 atr_pips=25.0 adx=51.7
2026-05-06 04:11:00 INFO mt5_bot - ADX boost: adx=51.7 \u2192 risk_pct=1.50%
2026-05-06 04:11:00 INFO mt5_bot - Execution status=skipped reason=no_closed_bar_crossover
2026-05-06 04:11:15 INFO mt5_bot - Balance=102029.96 Equity=102029.96 Spread=0.30 pips
2026-05-06 04:11:15 INFO mt5_bot - Signal=NONE reason=no_closed_bar_crossover price=None trend=bearish rsi=33.5 atr_pips=25.0 adx=51.7
2026-05-06 04:11:15 INFO mt5_bot - ADX boost: adx=51.7 \u2192 risk_pct=1.50%
2026-05-06 04:11:15 INFO mt5_bot - Execution status=skipped reason=no_closed_bar_crossover
2026-05-06 04:11:30 INFO mt5_bot - Balance=102029.96 Equity=102029.96 Spread=0.30 pips
2026-05-06 04:11:30 INFO mt5_bot - Signal=NONE reason=no_closed_bar_crossover price=None trend=bearish rsi=33.5 atr_pips=25.0 adx=51.7
2026-05-06 04:11:30 INFO mt5_bot - ADX boost: adx=51.7 \u2192 risk_pct=1.50%
2026-05-06 04:11:30 INFO mt5_bot - Execution status=skipped reason=no_closed_bar_crossover
2026-05-06 04:11:45 INFO mt5_bot - Balance=102029.96 Equity=102029.96 Spread=0.30 pips
2026-05-06 04:11:45 INFO mt5_bot - Signal=NONE reason=no_closed_bar_crossover price=None trend=bearish rsi=33.5 atr_pips=25.0 adx=51.7
2026-05-06 04:11:45 INFO mt5_bot - ADX boost: adx=51.7 \u2192 risk_pct=1.50%
2026-05-06 04:11:45 INFO mt5_bot - Execution status=skipped reason=no_closed_bar_crossover
2026-05-06 04:12:00 INFO mt5_bot - Balance=102029.96 Equity=102029.96 Spread=0.30 pips
2026-05-06 04:12:00 INFO mt5_bot - Signal=NONE reason=no_closed_bar_crossover price=None trend=bearish rsi=33.5 atr_pips=25.0 adx=51.7
2026-05-06 04:12:00 INFO mt5_bot - ADX boost: adx=51.7 \u2192 risk_pct=1.50%
2026-05-06 04:12:00 INFO mt5_bot - Execution status=skipped reason=no_closed_bar_crossover
2026-05-06 04:12:15 INFO mt5_bot - Balance=102029.96 Equity=102029.96 Spread=0.30 pips
2026-05-06 04:12:15 INFO mt5_bot - Signal=NONE reason=no_closed_bar_crossover price=None trend=bearish rsi=33.5 atr_pips=25.0 adx=51.7
2026-05-06 04:12:15 INFO mt5_bot - ADX boost: adx=51.7 \u2192 risk_pct=1.50%
2026-05-06 04:12:15 INFO mt5_bot - Execution status=skipped reason=no_closed_bar_crossover
2026-05-06 04:12:30 INFO mt5_bot - Balance=102029.96 Equity=102029.96 Spread=0.30 pips
2026-05-06 04:12:30 INFO mt5_bot - Signal=NONE reason=no_closed_bar_crossover price=None trend=bearish rsi=33.5 atr_pips=25.0 adx=51.7
2026-05-06 04:12:30 INFO mt5_bot - ADX boost: adx=51.7 \u2192 risk_pct=1.50%
2026-05-06 04:12:30 INFO mt5_bot - Execution status=skipped reason=no_closed_bar_crossover
2026-05-06 04:12:45 INFO mt5_bot - Balance=102029.96 Equity=102029.96 Spread=0.30 pips
2026-05-06 04:12:45 INFO mt5_bot - Signal=NONE reason=no_closed_bar_crossover price=None trend=bearish rsi=33.5 atr_pips=25.0 adx=51.7
2026-05-06 04:12:45 INFO mt5_bot - ADX boost: adx=51.7 \u2192 risk_pct=1.50%
2026-05-06 04:12:45 INFO mt5_bot - Execution status=skipped reason=no_closed_bar_crossover
2026-05-06 04:13:00 INFO mt5_bot - Balance=102029.96 Equity=102029.96 Spread=0.30 pips
2026-05-06 04:13:00 INFO mt5_bot - Signal=NONE reason=no_closed_bar_crossover price=None trend=bearish rsi=33.5 atr_pips=25.0 adx=51.7
2026-05-06 04:13:00 INFO mt5_bot - ADX boost: adx=51.7 \u2192 risk_pct=1.50%
2026-05-06 04:13:00 INFO mt5_bot - Execution status=skipped reason=no_closed_bar_crossover
2026-05-06 04:13:15 INFO mt5_bot - Balance=102029.96 Equity=102029.96 Spread=0.30 pips
2026-05-06 04:13:15 INFO mt5_bot - Signal=NONE reason=no_closed_bar_crossover price=None trend=bearish rsi=33.5 atr_pips=25.0 adx=51.7
2026-05-06 04:13:15 INFO mt5_bot - ADX boost: adx=51.7 \u2192 risk_pct=1.50%
2026-05-06 04:13:15 INFO mt5_bot - Execution status=skipped reason=no_closed_bar_crossover
2026-05-06 04:13:30 INFO mt5_bot - Balance=102029.96 Equity=102029.96 Spread=0.30 pips
2026-05-06 04:13:30 INFO mt5_bot - Signal=NONE reason=no_closed_bar_crossover price=None trend=bearish rsi=33.5 atr_pips=25.0 adx=51.7
2026-05-06 04:13:30 INFO mt5_bot - ADX boost: adx=51.7 \u2192 risk_pct=1.50%
2026-05-06 04:13:30 INFO mt5_bot - Execution status=skipped reason=no_closed_bar_crossover
2026-05-06 04:13:45 INFO mt5_bot - Balance=102029.96 Equity=102029.96 Spread=0.30 pips
2026-05-06 04:13:45 INFO mt5_bot - Signal=NONE reason=no_closed_bar_crossover price=None trend=bearish rsi=33.5 atr_pips=25.0 adx=51.7
2026-05-06 04:13:45 INFO mt5_bot - ADX boost: adx=51.7 \u2192 risk_pct=1.50%
2026-05-06 04:13:45 INFO mt5_bot - Execution status=skipped reason=no_closed_bar_crossover
2026-05-06 04:14:00 INFO mt5_bot - Balance=102029.96 Equity=102029.96 Spread=0.30 pips
2026-05-06 04:14:00 INFO mt5_bot - Signal=NONE reason=no_closed_bar_crossover price=None trend=bearish rsi=33.5 atr_pips=25.0 adx=51.7
2026-05-06 04:14:00 INFO mt5_bot - ADX boost: adx=51.7 \u2192 risk_pct=1.50%
2026-05-06 04:14:00 INFO mt5_bot - Execution status=skipped reason=no_closed_bar_crossover
2026-05-06 04:14:15 INFO mt5_bot - Balance=102029.96 Equity=102029.96 Spread=0.30 pips
2026-05-06 04:14:15 INFO mt5_bot - Signal=NONE reason=no_closed_bar_crossover price=None trend=bearish rsi=33.5 atr_pips=25.0 adx=51.7
2026-05-06 04:14:15 INFO mt5_bot - ADX boost: adx=51.7 \u2192 risk_pct=1.50%
2026-05-06 04:14:15 INFO mt5_bot - Execution status=skipped reason=no_closed_bar_crossover
2026-05-06 04:14:30 INFO mt5_bot - Balance=102029.96 Equity=102029.96 Spread=0.30 pips
2026-05-06 04:14:30 INFO mt5_bot - Signal=NONE reason=no_closed_bar_crossover price=None trend=bearish rsi=33.5 atr_pips=25.0 adx=51.7
2026-05-06 04:14:30 INFO mt5_bot - ADX boost: adx=51.7 \u2192 risk_pct=1.50%
2026-05-06 04:14:30 INFO mt5_bot - Execution status=skipped reason=no_closed_bar_crossover
2026-05-06 04:14:45 INFO mt5_bot - Balance=102029.96 Equity=102029.96 Spread=0.30 pips
2026-05-06 04:14:45 INFO mt5_bot - Signal=NONE reason=no_closed_bar_crossover price=None trend=bearish rsi=33.5 atr_pips=25.0 adx=51.7
2026-05-06 04:14:45 INFO mt5_bot - ADX boost: adx=51.7 \u2192 risk_pct=1.50%
2026-05-06 04:14:45 INFO mt5_bot - Execution status=skipped reason=no_closed_bar_crossover
2026-05-06 04:15:00 INFO mt5_bot - Balance=102029.96 Equity=102029.96 Spread=0.30 pips
2026-05-06 04:15:00 INFO mt5_bot - Signal=NONE reason=no_closed_bar_crossover price=None trend=bearish rsi=35.7 atr_pips=24.5 adx=52.9
2026-05-06 04:15:00 INFO mt5_bot - ADX boost: adx=52.9 \u2192 risk_pct=1.50%
2026-05-06 04:15:00 INFO mt5_bot - Execution status=skipped reason=no_closed_bar_crossover
2026-05-06 04:15:15 INFO mt5_bot - Balance=102029.96 Equity=102029.96 Spread=0.30 pips
2026-05-06 04:15:15 INFO mt5_bot - Signal=NONE reason=no_closed_bar_crossover price=None trend=bearish rsi=35.7 atr_pips=24.5 adx=52.9
2026-05-06 04:15:15 INFO mt5_bot - ADX boost: adx=52.9 \u2192 risk_pct=1.50%
2026-05-06 04:15:15 INFO mt5_bot - Execution status=skipped reason=no_closed_bar_crossover
2026-05-06 04:15:30 INFO mt5_bot - Balance=102029.96 Equity=102029.96 Spread=0.30 pips
2026-05-06 04:15:30 INFO mt5_bot - Signal=NONE reason=no_closed_bar_crossover price=None trend=bearish rsi=35.7 atr_pips=24.5 adx=52.9
2026-05-06 04:15:30 INFO mt5_bot - ADX boost: adx=52.9 \u2192 risk_pct=1.50%
2026-05-06 04:15:30 INFO mt5_bot - Execution status=skipped reason=no_closed_bar_crossover
2026-05-06 04:15:45 INFO mt5_bot - Balance=102029.96 Equity=102029.96 Spread=0.30 pips
2026-05-06 04:15:45 INFO mt5_bot - Signal=NONE reason=no_closed_bar_crossover price=None trend=bearish rsi=35.7 atr_pips=24.5 adx=52.9
2026-05-06 04:15:45 INFO mt5_bot - ADX boost: adx=52.9 \u2192 risk_pct=1.50%
2026-05-06 04:15:45 INFO mt5_bot - Execution status=skipped reason=no_closed_bar_crossover
2026-05-06 04:16:00 INFO mt5_bot - Balance=102029.96 Equity=102029.96 Spread=0.30 pips
2026-05-06 04:16:00 INFO mt5_bot - Signal=NONE reason=no_closed_bar_crossover price=None trend=bearish rsi=35.7 atr_pips=24.5 adx=52.9
2026-05-06 04:16:00 INFO mt5_bot - ADX boost: adx=52.9 \u2192 risk_pct=1.50%
2026-05-06 04:16:00 INFO mt5_bot - Execution status=skipped reason=no_closed_bar_crossover
2026-05-06 04:16:15 INFO mt5_bot - Balance=102029.96 Equity=102029.96 Spread=0.30 pips
2026-05-06 04:16:15 INFO mt5_bot - Signal=NONE reason=no_closed_bar_crossover price=None trend=bearish rsi=35.7 atr_pips=24.5 adx=52.9
2026-05-06 04:16:15 INFO mt5_bot - ADX boost: adx=52.9 \u2192 risk_pct=1.50%
2026-05-06 04:16:15 INFO mt5_bot - Execution status=skipped reason=no_closed_bar_crossover
2026-05-06 04:16:30 INFO mt5_bot - Balance=102029.96 Equity=102029.96 Spread=0.30 pips
2026-05-06 04:16:30 INFO mt5_bot - Signal=NONE reason=no_closed_bar_crossover price=None trend=bearish rsi=35.7 atr_pips=24.5 adx=52.9
2026-05-06 04:16:30 INFO mt5_bot - ADX boost: adx=52.9 \u2192 risk_pct=1.50%
2026-05-06 04:16:30 INFO mt5_bot - Execution status=skipped reason=no_closed_bar_crossover
2026-05-06 04:16:45 INFO mt5_bot - Balance=102029.96 Equity=102029.96 Spread=0.30 pips
2026-05-06 04:16:45 INFO mt5_bot - Signal=NONE reason=no_closed_bar_crossover price=None trend=bearish rsi=35.7 atr_pips=24.5 adx=52.9
2026-05-06 04:16:45 INFO mt5_bot - ADX boost: adx=52.9 \u2192 risk_pct=1.50%
2026-05-06 04:16:45 INFO mt5_bot - Execution status=skipped reason=no_closed_bar_crossover
2026-05-06 04:17:00 INFO mt5_bot - Balance=102029.96 Equity=102029.96 Spread=0.30 pips
2026-05-06 04:17:00 INFO mt5_bot - Signal=NONE reason=no_closed_bar_crossover price=None trend=bearish rsi=35.7 atr_pips=24.5 adx=52.9
2026-05-06 04:17:00 INFO mt5_bot - ADX boost: adx=52.9 \u2192 risk_pct=1.50%
2026-05-06 04:17:00 INFO mt5_bot - Execution status=skipped reason=no_closed_bar_crossover
2026-05-06 04:17:15 INFO mt5_bot - Balance=102029.96 Equity=102029.96 Spread=0.30 pips
2026-05-06 04:17:15 INFO mt5_bot - Signal=NONE reason=no_closed_bar_crossover price=None trend=bearish rsi=35.7 atr_pips=24.5 adx=52.9
2026-05-06 04:17:15 INFO mt5_bot - ADX boost: adx=52.9 \u2192 risk_pct=1.50%
2026-05-06 04:17:15 INFO mt5_bot - Execution status=skipped reason=no_closed_bar_crossover
2026-05-06 04:17:30 INFO mt5_bot - Balance=102029.96 Equity=102029.96 Spread=0.30 pips
2026-05-06 04:17:30 INFO mt5_bot - Signal=NONE reason=no_closed_bar_crossover price=None trend=bearish rsi=35.7 atr_pips=24.5 adx=52.9
2026-05-06 04:17:30 INFO mt5_bot - ADX boost: adx=52.9 \u2192 risk_pct=1.50%
2026-05-06 04:17:30 INFO mt5_bot - Execution status=skipped reason=no_closed_bar_crossover
2026-05-06 04:17:45 INFO mt5_bot - Balance=102029.96 Equity=102029.96 Spread=0.30 pips
2026-05-06 04:17:45 INFO mt5_bot - Signal=NONE reason=no_closed_bar_crossover price=None trend=bearish rsi=35.7 atr_pips=24.5 adx=52.9
2026-05-06 04:17:45 INFO mt5_bot - ADX boost: adx=52.9 \u2192 risk_pct=1.50%
2026-05-06 04:17:45 INFO mt5_bot - Execution status=skipped reason=no_closed_bar_crossover
2026-05-06 04:18:00 INFO mt5_bot - Balance=102029.96 Equity=102029.96 Spread=0.30 pips
2026-05-06 04:18:00 INFO mt5_bot - Signal=NONE reason=no_closed_bar_crossover price=None trend=bearish rsi=35.7 atr_pips=24.5 adx=52.9
2026-05-06 04:18:00 INFO mt5_bot - ADX boost: adx=52.9 \u2192 risk_pct=1.50%
2026-05-06 04:18:00 INFO mt5_bot - Execution status=skipped reason=no_closed_bar_crossover
2026-05-06 04:18:15 INFO mt5_bot - Balance=102029.96 Equity=102029.96 Spread=0.30 pips
2026-05-06 04:18:15 INFO mt5_bot - Signal=NONE reason=no_closed_bar_crossover price=None trend=bearish rsi=35.7 atr_pips=24.5 adx=52.9
2026-05-06 04:18:15 INFO mt5_bot - ADX boost: adx=52.9 \u2192 risk_pct=1.50%
2026-05-06 04:18:15 INFO mt5_bot - Execution status=skipped reason=no_closed_bar_crossover
2026-05-06 04:18:30 INFO mt5_bot - Balance=102029.96 Equity=102029.96 Spread=0.30 pips
2026-05-06 04:18:30 INFO mt5_bot - Signal=NONE reason=no_closed_bar_crossover price=None trend=bearish rsi=35.7 atr_pips=24.5 adx=52.9
2026-05-06 04:18:30 INFO mt5_bot - ADX boost: adx=52.9 \u2192 risk_pct=1.50%
2026-05-06 04:18:30 INFO mt5_bot - Execution status=skipped reason=no_closed_bar_crossover
2026-05-06 04:18:45 INFO mt5_bot - Balance=102029.96 Equity=102029.96 Spread=0.30 pips
2026-05-06 04:18:45 INFO mt5_bot - Signal=NONE reason=no_closed_bar_crossover price=None trend=bearish rsi=35.7 atr_pips=24.5 adx=52.9
2026-05-06 04:18:45 INFO mt5_bot - ADX boost: adx=52.9 \u2192 risk_pct=1.50%
2026-05-06 04:18:45 INFO mt5_bot - Execution status=skipped reason=no_closed_bar_crossover
2026-05-06 04:19:00 INFO mt5_bot - Balance=102029.96 Equity=102029.96 Spread=0.30 pips
2026-05-06 04:19:00 INFO mt5_bot - Signal=NONE reason=no_closed_bar_crossover price=None trend=bearish rsi=35.7 atr_pips=24.5 adx=52.9
2026-05-06 04:19:00 INFO mt5_bot - ADX boost: adx=52.9 \u2192 risk_pct=1.50%
2026-05-06 04:19:00 INFO mt5_bot - Execution status=skipped reason=no_closed_bar_crossover
2026-05-06 04:19:15 INFO mt5_bot - Balance=102029.96 Equity=102029.96 Spread=0.30 pips
2026-05-06 04:19:15 INFO mt5_bot - Signal=NONE reason=no_closed_bar_crossover price=None trend=bearish rsi=35.7 atr_pips=24.5 adx=52.9
2026-05-06 04:19:15 INFO mt5_bot - ADX boost: adx=52.9 \u2192 risk_pct=1.50%
2026-05-06 04:19:15 INFO mt5_bot - Execution status=skipped reason=no_closed_bar_crossover
2026-05-06 04:19:30 INFO mt5_bot - Balance=102029.96 Equity=102029.96 Spread=0.30 pips
2026-05-06 04:19:30 INFO mt5_bot - Signal=NONE reason=no_closed_bar_crossover price=None trend=bearish rsi=35.7 atr_pips=24.5 adx=52.9
2026-05-06 04:19:30 INFO mt5_bot - ADX boost: adx=52.9 \u2192 risk_pct=1.50%
2026-05-06 04:19:30 INFO mt5_bot - Execution status=skipped reason=no_closed_bar_crossover
2026-05-06 04:19:45 INFO mt5_bot - Balance=102029.96 Equity=102029.96 Spread=0.30 pips
2026-05-06 04:19:45 INFO mt5_bot - Signal=NONE reason=no_closed_bar_crossover price=None trend=bearish rsi=35.7 atr_pips=24.5 adx=52.9
2026-05-06 04:19:45 INFO mt5_bot - ADX boost: adx=52.9 \u2192 risk_pct=1.50%
2026-05-06 04:19:45 INFO mt5_bot - Execution status=skipped reason=no_closed_bar_crossover
2026-05-06 04:20:00 INFO mt5_bot - Balance=102029.96 Equity=102029.96 Spread=0.30 pips
2026-05-06 04:20:00 INFO mt5_bot - Signal=NONE reason=no_closed_bar_crossover price=None trend=bearish rsi=35.7 atr_pips=24.5 adx=52.9
2026-05-06 04:20:00 INFO mt5_bot - ADX boost: adx=52.9 \u2192 risk_pct=1.50%
2026-05-06 04:20:00 INFO mt5_bot - Execution status=skipped reason=no_closed_bar_crossover
2026-05-06 04:20:15 INFO mt5_bot - Balance=102029.96 Equity=102029.96 Spread=0.30 pips
2026-05-06 04:20:15 INFO mt5_bot - Signal=NONE reason=no_closed_bar_crossover price=None trend=bearish rsi=35.7 atr_pips=24.5 adx=52.9
2026-05-06 04:20:15 INFO mt5_bot - ADX boost: adx=52.9 \u2192 risk_pct=1.50%
2026-05-06 04:20:15 INFO mt5_bot - Execution status=skipped reason=no_closed_bar_crossover
2026-05-06 04:20:30 INFO mt5_bot - Balance=102029.96 Equity=102029.96 Spread=0.30 pips
2026-05-06 04:20:30 INFO mt5_bot - Signal=NONE reason=no_closed_bar_crossover price=None trend=bearish rsi=35.7 atr_pips=24.5 adx=52.9
2026-05-06 04:20:30 INFO mt5_bot - ADX boost: adx=52.9 \u2192 risk_pct=1.50%
2026-05-06 04:20:30 INFO mt5_bot - Execution status=skipped reason=no_closed_bar_crossover
2026-05-06 04:20:45 INFO mt5_bot - Balance=102029.96 Equity=102029.96 Spread=0.30 pips
2026-05-06 04:20:45 INFO mt5_bot - Signal=NONE reason=no_closed_bar_crossover price=None trend=bearish rsi=35.7 atr_pips=24.5 adx=52.9
2026-05-06 04:20:45 INFO mt5_bot - ADX boost: adx=52.9 \u2192 risk_pct=1.50%
2026-05-06 04:20:45 INFO mt5_bot - Execution status=skipped reason=no_closed_bar_crossover
2026-05-06 04:21:00 INFO mt5_bot - Balance=102029.96 Equity=102029.96 Spread=0.30 pips
2026-05-06 04:21:00 INFO mt5_bot - Signal=NONE reason=no_closed_bar_crossover price=None trend=bearish rsi=35.7 atr_pips=24.5 adx=52.9
2026-05-06 04:21:00 INFO mt5_bot - ADX boost: adx=52.9 \u2192 risk_pct=1.50%
2026-05-06 04:21:00 INFO mt5_bot - Execution status=skipped reason=no_closed_bar_crossover
2026-05-06 04:21:15 INFO mt5_bot - Balance=102029.96 Equity=102029.96 Spread=0.30 pips
2026-05-06 04:21:15 INFO mt5_bot - Signal=NONE reason=no_closed_bar_crossover price=None trend=bearish rsi=35.7 atr_pips=24.5 adx=52.9
2026-05-06 04:21:15 INFO mt5_bot - ADX boost: adx=52.9 \u2192 risk_pct=1.50%
2026-05-06 04:21:15 INFO mt5_bot - Execution status=skipped reason=no_closed_bar_crossover
2026-05-06 04:21:30 INFO mt5_bot - Balance=102029.96 Equity=102029.96 Spread=0.30 pips
2026-05-06 04:21:30 INFO mt5_bot - Signal=NONE reason=no_closed_bar_crossover price=None trend=bearish rsi=35.7 atr_pips=24.5 adx=52.9
2026-05-06 04:21:30 INFO mt5_bot - ADX boost: adx=52.9 \u2192 risk_pct=1.50%
2026-05-06 04:21:30 INFO mt5_bot - Execution status=skipped reason=no_closed_bar_crossover
2026-05-06 04:21:45 INFO mt5_bot - Balance=102029.96 Equity=102029.96 Spread=0.30 pips
2026-05-06 04:21:45 INFO mt5_bot - Signal=NONE reason=no_closed_bar_crossover price=None trend=bearish rsi=35.7 atr_pips=24.5 adx=52.9
2026-05-06 04:21:45 INFO mt5_bot - ADX boost: adx=52.9 \u2192 risk_pct=1.50%
2026-05-06 04:21:45 INFO mt5_bot - Execution status=skipped reason=no_closed_bar_crossover
2026-05-06 04:22:00 INFO mt5_bot - Balance=102029.96 Equity=102029.96 Spread=0.30 pips
2026-05-06 04:22:00 INFO mt5_bot - Signal=NONE reason=no_closed_bar_crossover price=None trend=bearish rsi=35.7 atr_pips=24.5 adx=52.9
2026-05-06 04:22:00 INFO mt5_bot - ADX boost: adx=52.9 \u2192 risk_pct=1.50%
2026-05-06 04:22:01 INFO mt5_bot - Execution status=skipped reason=no_closed_bar_crossover
2026-05-06 04:22:16 INFO mt5_bot - Balance=102029.96 Equity=102029.96 Spread=0.30 pips
2026-05-06 04:22:16 INFO mt5_bot - Signal=NONE reason=no_closed_bar_crossover price=None trend=bearish rsi=35.7 atr_pips=24.5 adx=52.9
2026-05-06 04:22:16 INFO mt5_bot - ADX boost: adx=52.9 \u2192 risk_pct=1.50%
2026-05-06 04:22:16 INFO mt5_bot - Execution status=skipped reason=no_closed_bar_crossover
2026-05-06 04:22:31 INFO mt5_bot - Balance=102029.96 Equity=102029.96 Spread=0.30 pips
2026-05-06 04:22:31 INFO mt5_bot - Signal=NONE reason=no_closed_bar_crossover price=None trend=bearish rsi=35.7 atr_pips=24.5 adx=52.9
2026-05-06 04:22:31 INFO mt5_bot - ADX boost: adx=52.9 \u2192 risk_pct=1.50%
2026-05-06 04:22:31 INFO mt5_bot - Execution status=skipped reason=no_closed_bar_crossover
2026-05-06 04:22:46 INFO mt5_bot - Balance=102029.96 Equity=102029.96 Spread=0.30 pips
2026-05-06 04:22:46 INFO mt5_bot - Signal=NONE reason=no_closed_bar_crossover price=None trend=bearish rsi=35.7 atr_pips=24.5 adx=52.9
2026-05-06 04:22:46 INFO mt5_bot - ADX boost: adx=52.9 \u2192 risk_pct=1.50%
2026-05-06 04:22:46 INFO mt5_bot - Execution status=skipped reason=no_closed_bar_crossover
2026-05-06 04:23:01 INFO mt5_bot - Balance=102029.96 Equity=102029.96 Spread=0.30 pips
2026-05-06 04:23:01 INFO mt5_bot - Signal=NONE reason=no_closed_bar_crossover price=None trend=bearish rsi=35.7 atr_pips=24.5 adx=52.9
2026-05-06 04:23:01 INFO mt5_bot - ADX boost: adx=52.9 \u2192 risk_pct=1.50%
2026-05-06 04:23:01 INFO mt5_bot - Execution status=skipped reason=no_closed_bar_crossover
2026-05-06 04:23:16 INFO mt5_bot - Balance=102029.96 Equity=102029.96 Spread=0.30 pips
2026-05-06 04:23:16 INFO mt5_bot - Signal=NONE reason=no_closed_bar_crossover price=None trend=bearish rsi=35.7 atr_pips=24.5 adx=52.9
2026-05-06 04:23:16 INFO mt5_bot - ADX boost: adx=52.9 \u2192 risk_pct=1.50%
2026-05-06 04:23:16 INFO mt5_bot - Execution status=skipped reason=no_closed_bar_crossover
2026-05-06 04:23:31 INFO mt5_bot - Balance=102029.96 Equity=102029.96 Spread=0.30 pips
2026-05-06 04:23:31 INFO mt5_bot - Signal=NONE reason=no_closed_bar_crossover price=None trend=bearish rsi=35.7 atr_pips=24.5 adx=52.9
2026-05-06 04:23:31 INFO mt5_bot - ADX boost: adx=52.9 \u2192 risk_pct=1.50%
2026-05-06 04:23:31 INFO mt5_bot - Execution status=skipped reason=no_closed_bar_crossover
2026-05-06 04:23:46 INFO mt5_bot - Balance=102029.96 Equity=102029.96 Spread=0.30 pips
2026-05-06 04:23:46 INFO mt5_bot - Signal=NONE reason=no_closed_bar_crossover price=None trend=bearish rsi=35.7 atr_pips=24.5 adx=52.9
2026-05-06 04:23:46 INFO mt5_bot - ADX boost: adx=52.9 \u2192 risk_pct=1.50%
2026-05-06 04:23:46 INFO mt5_bot - Execution status=skipped reason=no_closed_bar_crossover
2026-05-06 04:24:01 INFO mt5_bot - Balance=102029.96 Equity=102029.96 Spread=0.30 pips
2026-05-06 04:24:01 INFO mt5_bot - Signal=NONE reason=no_closed_bar_crossover price=None trend=bearish rsi=35.7 atr_pips=24.5 adx=52.9
2026-05-06 04:24:01 INFO mt5_bot - ADX boost: adx=52.9 \u2192 risk_pct=1.50%
2026-05-06 04:24:01 INFO mt5_bot - Execution status=skipped reason=no_closed_bar_crossover
2026-05-06 04:24:16 INFO mt5_bot - Balance=102029.96 Equity=102029.96 Spread=0.30 pips
2026-05-06 04:24:16 INFO mt5_bot - Signal=NONE reason=no_closed_bar_crossover price=None trend=bearish rsi=35.7 atr_pips=24.5 adx=52.9
2026-05-06 04:24:16 INFO mt5_bot - ADX boost: adx=52.9 \u2192 risk_pct=1.50%
2026-05-06 04:24:16 INFO mt5_bot - Execution status=skipped reason=no_closed_bar_crossover
2026-05-06 04:24:31 INFO mt5_bot - Balance=102029.96 Equity=102029.96 Spread=0.30 pips
2026-05-06 04:24:31 INFO mt5_bot - Signal=NONE reason=no_closed_bar_crossover price=None trend=bearish rsi=35.7 atr_pips=24.5 adx=52.9
2026-05-06 04:24:31 INFO mt5_bot - ADX boost: adx=52.9 \u2192 risk_pct=1.50%
2026-05-06 04:24:31 INFO mt5_bot - Execution status=skipped reason=no_closed_bar_crossover
2026-05-06 04:24:46 INFO mt5_bot - Balance=102029.96 Equity=102029.96 Spread=0.30 pips
2026-05-06 04:24:46 INFO mt5_bot - Signal=NONE reason=no_closed_bar_crossover price=None trend=bearish rsi=35.7 atr_pips=24.5 adx=52.9
2026-05-06 04:24:46 INFO mt5_bot - ADX boost: adx=52.9 \u2192 risk_pct=1.50%
2026-05-06 04:24:46 INFO mt5_bot - Execution status=skipped reason=no_closed_bar_crossover
2026-05-06 04:25:01 INFO mt5_bot - Balance=102029.96 Equity=102029.96 Spread=0.30 pips
2026-05-06 04:25:01 INFO mt5_bot - Signal=NONE reason=no_closed_bar_crossover price=None trend=bearish rsi=35.7 atr_pips=24.5 adx=52.9
2026-05-06 04:25:01 INFO mt5_bot - ADX boost: adx=52.9 \u2192 risk_pct=1.50%
2026-05-06 04:25:01 INFO mt5_bot - Execution status=skipped reason=no_closed_bar_crossover
2026-05-06 04:25:16 INFO mt5_bot - Balance=102029.96 Equity=102029.96 Spread=0.30 pips
2026-05-06 04:25:16 INFO mt5_bot - Signal=NONE reason=no_closed_bar_crossover price=None trend=bearish rsi=35.7 atr_pips=24.5 adx=52.9
2026-05-06 04:25:16 INFO mt5_bot - ADX boost: adx=52.9 \u2192 risk_pct=1.50%
2026-05-06 04:25:16 INFO mt5_bot - Execution status=skipped reason=no_closed_bar_crossover
2026-05-06 04:25:31 INFO mt5_bot - Balance=102029.96 Equity=102029.96 Spread=0.30 pips
2026-05-06 04:25:31 INFO mt5_bot - Signal=NONE reason=no_closed_bar_crossover price=None trend=bearish rsi=35.7 atr_pips=24.5 adx=52.9
2026-05-06 04:25:31 INFO mt5_bot - ADX boost: adx=52.9 \u2192 risk_pct=1.50%
2026-05-06 04:25:31 INFO mt5_bot - Execution status=skipped reason=no_closed_bar_crossover
2026-05-06 04:25:46 INFO mt5_bot - Balance=102029.96 Equity=102029.96 Spread=0.30 pips
2026-05-06 04:25:46 INFO mt5_bot - Signal=NONE reason=no_closed_bar_crossover price=None trend=bearish rsi=35.7 atr_pips=24.5 adx=52.9
2026-05-06 04:25:46 INFO mt5_bot - ADX boost: adx=52.9 \u2192 risk_pct=1.50%
2026-05-06 04:25:46 INFO mt5_bot - Execution status=skipped reason=no_closed_bar_crossover
2026-05-06 04:26:01 INFO mt5_bot - Balance=102029.96 Equity=102029.96 Spread=0.30 pips
2026-05-06 04:26:01 INFO mt5_bot - Signal=NONE reason=no_closed_bar_crossover price=None trend=bearish rsi=35.7 atr_pips=24.5 adx=52.9
2026-05-06 04:26:01 INFO mt5_bot - ADX boost: adx=52.9 \u2192 risk_pct=1.50%
2026-05-06 04:26:01 INFO mt5_bot - Execution status=skipped reason=no_closed_bar_crossover
2026-05-06 04:26:16 INFO mt5_bot - Balance=102029.96 Equity=102029.96 Spread=0.30 pips
2026-05-06 04:26:16 INFO mt5_bot - Signal=NONE reason=no_closed_bar_crossover price=None trend=bearish rsi=35.7 atr_pips=24.5 adx=52.9
2026-05-06 04:26:16 INFO mt5_bot - ADX boost: adx=52.9 \u2192 risk_pct=1.50%
2026-05-06 04:26:16 INFO mt5_bot - Execution status=skipped reason=no_closed_bar_crossover
2026-05-06 04:26:31 INFO mt5_bot - Balance=102029.96 Equity=102029.96 Spread=0.30 pips
2026-05-06 04:26:31 INFO mt5_bot - Signal=NONE reason=no_closed_bar_crossover price=None trend=bearish rsi=35.7 atr_pips=24.5 adx=52.9
2026-05-06 04:26:31 INFO mt5_bot - ADX boost: adx=52.9 \u2192 risk_pct=1.50%
2026-05-06 04:26:31 INFO mt5_bot - Execution status=skipped reason=no_closed_bar_crossover
2026-05-06 04:26:46 INFO mt5_bot - Balance=102029.96 Equity=102029.96 Spread=0.30 pips
2026-05-06 04:26:46 INFO mt5_bot - Signal=NONE reason=no_closed_bar_crossover price=None trend=bearish rsi=35.7 atr_pips=24.5 adx=52.9
2026-05-06 04:26:46 INFO mt5_bot - ADX boost: adx=52.9 \u2192 risk_pct=1.50%
2026-05-06 04:26:46 INFO mt5_bot - Execution status=skipped reason=no_closed_bar_crossover
2026-05-06 04:27:01 INFO mt5_bot - Balance=102029.96 Equity=102029.96 Spread=0.30 pips
2026-05-06 04:27:01 INFO mt5_bot - Signal=NONE reason=no_closed_bar_crossover price=None trend=bearish rsi=35.7 atr_pips=24.5 adx=52.9
2026-05-06 04:27:01 INFO mt5_bot - ADX boost: adx=52.9 \u2192 risk_pct=1.50%
2026-05-06 04:27:01 INFO mt5_bot - Execution status=skipped reason=no_closed_bar_crossover
2026-05-06 04:27:16 INFO mt5_bot - Balance=102029.96 Equity=102029.96 Spread=0.30 pips
2026-05-06 04:27:16 INFO mt5_bot - Signal=NONE reason=no_closed_bar_crossover price=None trend=bearish rsi=35.7 atr_pips=24.5 adx=52.9
2026-05-06 04:27:16 INFO mt5_bot - ADX boost: adx=52.9 \u2192 risk_pct=1.50%
2026-05-06 04:27:16 INFO mt5_bot - Execution status=skipped reason=no_closed_bar_crossover
2026-05-06 04:27:31 INFO mt5_bot - Balance=102029.96 Equity=102029.96 Spread=0.30 pips
2026-05-06 04:27:31 INFO mt5_bot - Signal=NONE reason=no_closed_bar_crossover price=None trend=bearish rsi=35.7 atr_pips=24.5 adx=52.9
2026-05-06 04:27:31 INFO mt5_bot - ADX boost: adx=52.9 \u2192 risk_pct=1.50%
2026-05-06 04:27:31 INFO mt5_bot - Execution status=skipped reason=no_closed_bar_crossover
2026-05-06 04:27:46 INFO mt5_bot - Balance=102029.96 Equity=102029.96 Spread=0.30 pips
2026-05-06 04:27:46 INFO mt5_bot - Signal=NONE reason=no_closed_bar_crossover price=None trend=bearish rsi=35.7 atr_pips=24.5 adx=52.9
2026-05-06 04:27:46 INFO mt5_bot - ADX boost: adx=52.9 \u2192 risk_pct=1.50%
2026-05-06 04:27:46 INFO mt5_bot - Execution status=skipped reason=no_closed_bar_crossover
2026-05-06 04:28:01 INFO mt5_bot - Balance=102029.96 Equity=102029.96 Spread=0.30 pips
2026-05-06 04:28:01 INFO mt5_bot - Signal=NONE reason=no_closed_bar_crossover price=None trend=bearish rsi=35.7 atr_pips=24.5 adx=52.9
2026-05-06 04:28:01 INFO mt5_bot - ADX boost: adx=52.9 \u2192 risk_pct=1.50%
2026-05-06 04:28:01 INFO mt5_bot - Execution status=skipped reason=no_closed_bar_crossover
2026-05-06 04:28:16 INFO mt5_bot - Balance=102029.96 Equity=102029.96 Spread=0.30 pips
2026-05-06 04:28:16 INFO mt5_bot - Signal=NONE reason=no_closed_bar_crossover price=None trend=bearish rsi=35.7 atr_pips=24.5 adx=52.9
2026-05-06 04:28:16 INFO mt5_bot - ADX boost: adx=52.9 \u2192 risk_pct=1.50%
2026-05-06 04:28:16 INFO mt5_bot - Execution status=skipped reason=no_closed_bar_crossover
2026-05-06 04:28:31 INFO mt5_bot - Balance=102029.96 Equity=102029.96 Spread=0.30 pips
2026-05-06 04:28:31 INFO mt5_bot - Signal=NONE reason=no_closed_bar_crossover price=None trend=bearish rsi=35.7 atr_pips=24.5 adx=52.9
2026-05-06 04:28:31 INFO mt5_bot - ADX boost: adx=52.9 \u2192 risk_pct=1.50%
2026-05-06 04:28:31 INFO mt5_bot - Execution status=skipped reason=no_closed_bar_crossover
2026-05-06 04:28:46 INFO mt5_bot - Balance=102029.96 Equity=102029.96 Spread=0.30 pips
2026-05-06 04:28:46 INFO mt5_bot - Signal=NONE reason=no_closed_bar_crossover price=None trend=bearish rsi=35.7 atr_pips=24.5 adx=52.9
2026-05-06 04:28:46 INFO mt5_bot - ADX boost: adx=52.9 \u2192 risk_pct=1.50%
2026-05-06 04:28:46 INFO mt5_bot - Execution status=skipped reason=no_closed_bar_crossover
2026-05-06 04:29:01 INFO mt5_bot - Balance=102029.96 Equity=102029.96 Spread=0.30 pips
2026-05-06 04:29:01 INFO mt5_bot - Signal=NONE reason=no_closed_bar_crossover price=None trend=bearish rsi=35.7 atr_pips=24.5 adx=52.9
2026-05-06 04:29:01 INFO mt5_bot - ADX boost: adx=52.9 \u2192 risk_pct=1.50%
2026-05-06 04:29:01 INFO mt5_bot - Execution status=skipped reason=no_closed_bar_crossover
2026-05-06 04:29:16 INFO mt5_bot - Balance=102029.96 Equity=102029.96 Spread=0.30 pips
2026-05-06 04:29:16 INFO mt5_bot - Signal=NONE reason=no_closed_bar_crossover price=None trend=bearish rsi=35.7 atr_pips=24.5 adx=52.9
2026-05-06 04:29:16 INFO mt5_bot - ADX boost: adx=52.9 \u2192 risk_pct=1.50%
2026-05-06 04:29:16 INFO mt5_bot - Execution status=skipped reason=no_closed_bar_crossover
2026-05-06 04:29:31 INFO mt5_bot - Balance=102029.96 Equity=102029.96 Spread=0.30 pips
2026-05-06 04:29:31 INFO mt5_bot - Signal=NONE reason=no_closed_bar_crossover price=None trend=bearish rsi=35.7 atr_pips=24.5 adx=52.9
2026-05-06 04:29:31 INFO mt5_bot - ADX boost: adx=52.9 \u2192 risk_pct=1.50%
2026-05-06 04:29:31 INFO mt5_bot - Execution status=skipped reason=no_closed_bar_crossover
2026-05-06 04:29:46 INFO mt5_bot - Balance=102029.96 Equity=102029.96 Spread=0.30 pips
2026-05-06 04:29:46 INFO mt5_bot - Signal=NONE reason=no_closed_bar_crossover price=None trend=bearish rsi=35.7 atr_pips=24.5 adx=52.9
2026-05-06 04:29:46 INFO mt5_bot - ADX boost: adx=52.9 \u2192 risk_pct=1.50%
2026-05-06 04:29:46 INFO mt5_bot - Execution status=skipped reason=no_closed_bar_crossover
2026-05-06 04:30:01 INFO mt5_bot - Balance=102029.96 Equity=102029.96 Spread=0.30 pips
2026-05-06 04:30:01 INFO mt5_bot - Signal=NONE reason=no_closed_bar_crossover price=None trend=bearish rsi=37.0 atr_pips=23.8 adx=54.0
2026-05-06 04:30:01 INFO mt5_bot - ADX boost: adx=54.0 \u2192 risk_pct=1.50%
2026-05-06 04:30:01 INFO mt5_bot - Execution status=skipped reason=no_closed_bar_crossover
2026-05-06 04:30:16 INFO mt5_bot - Balance=102029.96 Equity=102029.96 Spread=0.30 pips
2026-05-06 04:30:16 INFO mt5_bot - Signal=NONE reason=no_closed_bar_crossover price=None trend=bearish rsi=37.0 atr_pips=23.8 adx=54.0
2026-05-06 04:30:16 INFO mt5_bot - ADX boost: adx=54.0 \u2192 risk_pct=1.50%
2026-05-06 04:30:16 INFO mt5_bot - Execution status=skipped reason=no_closed_bar_crossover
2026-05-06 04:30:31 INFO mt5_bot - Balance=102029.96 Equity=102029.96 Spread=0.30 pips
2026-05-06 04:30:31 INFO mt5_bot - Signal=NONE reason=no_closed_bar_crossover price=None trend=bearish rsi=37.0 atr_pips=23.8 adx=54.0
2026-05-06 04:30:31 INFO mt5_bot - ADX boost: adx=54.0 \u2192 risk_pct=1.50%
2026-05-06 04:30:31 INFO mt5_bot - Execution status=skipped reason=no_closed_bar_crossover
2026-05-06 04:30:46 INFO mt5_bot - Balance=102029.96 Equity=102029.96 Spread=0.30 pips
2026-05-06 04:30:46 INFO mt5_bot - Signal=NONE reason=no_closed_bar_crossover price=None trend=bearish rsi=37.0 atr_pips=23.8 adx=54.0
2026-05-06 04:30:46 INFO mt5_bot - ADX boost: adx=54.0 \u2192 risk_pct=1.50%
2026-05-06 04:30:46 INFO mt5_bot - Execution status=skipped reason=no_closed_bar_crossover
2026-05-06 04:31:01 INFO mt5_bot - Balance=102029.96 Equity=102029.96 Spread=0.30 pips
2026-05-06 04:31:01 INFO mt5_bot - Signal=NONE reason=no_closed_bar_crossover price=None trend=bearish rsi=37.0 atr_pips=23.8 adx=54.0
2026-05-06 04:31:01 INFO mt5_bot - ADX boost: adx=54.0 \u2192 risk_pct=1.50%
2026-05-06 04:31:01 INFO mt5_bot - Execution status=skipped reason=no_closed_bar_crossover
2026-05-06 04:31:16 INFO mt5_bot - Balance=102029.96 Equity=102029.96 Spread=0.30 pips
2026-05-06 04:31:16 INFO mt5_bot - Signal=NONE reason=no_closed_bar_crossover price=None trend=bearish rsi=37.0 atr_pips=23.8 adx=54.0
2026-05-06 04:31:16 INFO mt5_bot - ADX boost: adx=54.0 \u2192 risk_pct=1.50%
2026-05-06 04:31:16 INFO mt5_bot - Execution status=skipped reason=no_closed_bar_crossover
2026-05-06 04:31:31 INFO mt5_bot - Balance=102029.96 Equity=102029.96 Spread=0.30 pips
2026-05-06 04:31:31 INFO mt5_bot - Signal=NONE reason=no_closed_bar_crossover price=None trend=bearish rsi=37.0 atr_pips=23.8 adx=54.0
2026-05-06 04:31:31 INFO mt5_bot - ADX boost: adx=54.0 \u2192 risk_pct=1.50%
2026-05-06 04:31:31 INFO mt5_bot - Execution status=skipped reason=no_closed_bar_crossover
2026-05-06 04:31:46 INFO mt5_bot - Balance=102029.96 Equity=102029.96 Spread=0.30 pips
2026-05-06 04:31:46 INFO mt5_bot - Signal=NONE reason=no_closed_bar_crossover price=None trend=bearish rsi=37.0 atr_pips=23.8 adx=54.0
2026-05-06 04:31:46 INFO mt5_bot - ADX boost: adx=54.0 \u2192 risk_pct=1.50%
2026-05-06 04:31:46 INFO mt5_bot - Execution status=skipped reason=no_closed_bar_crossover
2026-05-06 04:32:01 INFO mt5_bot - Balance=102029.96 Equity=102029.96 Spread=0.30 pips
2026-05-06 04:32:01 INFO mt5_bot - Signal=NONE reason=no_closed_bar_crossover price=None trend=bearish rsi=37.0 atr_pips=23.8 adx=54.0
2026-05-06 04:32:01 INFO mt5_bot - ADX boost: adx=54.0 \u2192 risk_pct=1.50%
2026-05-06 04:32:01 INFO mt5_bot - Execution status=skipped reason=no_closed_bar_crossover
2026-05-06 04:32:16 INFO mt5_bot - Balance=102029.96 Equity=102029.96 Spread=0.30 pips
2026-05-06 04:32:16 INFO mt5_bot - Signal=NONE reason=no_closed_bar_crossover price=None trend=bearish rsi=37.0 atr_pips=23.8 adx=54.0
2026-05-06 04:32:16 INFO mt5_bot - ADX boost: adx=54.0 \u2192 risk_pct=1.50%
2026-05-06 04:32:16 INFO mt5_bot - Execution status=skipped reason=no_closed_bar_crossover
2026-05-06 04:32:31 INFO mt5_bot - Balance=102029.96 Equity=102029.96 Spread=0.30 pips
2026-05-06 04:32:31 INFO mt5_bot - Signal=NONE reason=no_closed_bar_crossover price=None trend=bearish rsi=37.0 atr_pips=23.8 adx=54.0
2026-05-06 04:32:31 INFO mt5_bot - ADX boost: adx=54.0 \u2192 risk_pct=1.50%
2026-05-06 04:32:31 INFO mt5_bot - Execution status=skipped reason=no_closed_bar_crossover
2026-05-06 04:32:46 INFO mt5_bot - Balance=102029.96 Equity=102029.96 Spread=0.30 pips
2026-05-06 04:32:46 INFO mt5_bot - Signal=NONE reason=no_closed_bar_crossover price=None trend=bearish rsi=37.0 atr_pips=23.8 adx=54.0
2026-05-06 04:32:46 INFO mt5_bot - ADX boost: adx=54.0 \u2192 risk_pct=1.50%
2026-05-06 04:32:46 INFO mt5_bot - Execution status=skipped reason=no_closed_bar_crossover
2026-05-06 04:33:01 INFO mt5_bot - Balance=102029.96 Equity=102029.96 Spread=0.30 pips
2026-05-06 04:33:01 INFO mt5_bot - Signal=NONE reason=no_closed_bar_crossover price=None trend=bearish rsi=37.0 atr_pips=23.8 adx=54.0
2026-05-06 04:33:01 INFO mt5_bot - ADX boost: adx=54.0 \u2192 risk_pct=1.50%
2026-05-06 04:33:01 INFO mt5_bot - Execution status=skipped reason=no_closed_bar_crossover
2026-05-06 04:33:16 INFO mt5_bot - Balance=102029.96 Equity=102029.96 Spread=0.30 pips
2026-05-06 04:33:16 INFO mt5_bot - Signal=NONE reason=no_closed_bar_crossover price=None trend=bearish rsi=37.0 atr_pips=23.8 adx=54.0
2026-05-06 04:33:16 INFO mt5_bot - ADX boost: adx=54.0 \u2192 risk_pct=1.50%
2026-05-06 04:33:16 INFO mt5_bot - Execution status=skipped reason=no_closed_bar_crossover
2026-05-06 04:33:31 INFO mt5_bot - Balance=102029.96 Equity=102029.96 Spread=0.30 pips
2026-05-06 04:33:31 INFO mt5_bot - Signal=NONE reason=no_closed_bar_crossover price=None trend=bearish rsi=37.0 atr_pips=23.8 adx=54.0
2026-05-06 04:33:31 INFO mt5_bot - ADX boost: adx=54.0 \u2192 risk_pct=1.50%
2026-05-06 04:33:31 INFO mt5_bot - Execution status=skipped reason=no_closed_bar_crossover
2026-05-06 04:33:46 INFO mt5_bot - Balance=102029.96 Equity=102029.96 Spread=0.30 pips
2026-05-06 04:33:46 INFO mt5_bot - Signal=NONE reason=no_closed_bar_crossover price=None trend=bearish rsi=37.0 atr_pips=23.8 adx=54.0
2026-05-06 04:33:46 INFO mt5_bot - ADX boost: adx=54.0 \u2192 risk_pct=1.50%
2026-05-06 04:33:46 INFO mt5_bot - Execution status=skipped reason=no_closed_bar_crossover
2026-05-06 04:34:01 INFO mt5_bot - Balance=102029.96 Equity=102029.96 Spread=0.30 pips
2026-05-06 04:34:01 INFO mt5_bot - Signal=NONE reason=no_closed_bar_crossover price=None trend=bearish rsi=37.0 atr_pips=23.8 adx=54.0
2026-05-06 04:34:01 INFO mt5_bot - ADX boost: adx=54.0 \u2192 risk_pct=1.50%
2026-05-06 04:34:01 INFO mt5_bot - Execution status=skipped reason=no_closed_bar_crossover
2026-05-06 04:34:16 INFO mt5_bot - Balance=102029.96 Equity=102029.96 Spread=0.30 pips
2026-05-06 04:34:16 INFO mt5_bot - Signal=NONE reason=no_closed_bar_crossover price=None trend=bearish rsi=37.0 atr_pips=23.8 adx=54.0
2026-05-06 04:34:16 INFO mt5_bot - ADX boost: adx=54.0 \u2192 risk_pct=1.50%
2026-05-06 04:34:16 INFO mt5_bot - Execution status=skipped reason=no_closed_bar_crossover
2026-05-06 04:34:31 INFO mt5_bot - Balance=102029.96 Equity=102029.96 Spread=0.30 pips
2026-05-06 04:34:31 INFO mt5_bot - Signal=NONE reason=no_closed_bar_crossover price=None trend=bearish rsi=37.0 atr_pips=23.8 adx=54.0
2026-05-06 04:34:31 INFO mt5_bot - ADX boost: adx=54.0 \u2192 risk_pct=1.50%
2026-05-06 04:34:31 INFO mt5_bot - Execution status=skipped reason=no_closed_bar_crossover
2026-05-06 04:34:46 INFO mt5_bot - Balance=102029.96 Equity=102029.96 Spread=0.30 pips
2026-05-06 04:34:46 INFO mt5_bot - Signal=NONE reason=no_closed_bar_crossover price=None trend=bearish rsi=37.0 atr_pips=23.8 adx=54.0
2026-05-06 04:34:46 INFO mt5_bot - ADX boost: adx=54.0 \u2192 risk_pct=1.50%
2026-05-06 04:34:46 INFO mt5_bot - Execution status=skipped reason=no_closed_bar_crossover
2026-05-06 04:35:01 INFO mt5_bot - Balance=102029.96 Equity=102029.96 Spread=0.30 pips
2026-05-06 04:35:01 INFO mt5_bot - Signal=NONE reason=no_closed_bar_crossover price=None trend=bearish rsi=37.0 atr_pips=23.8 adx=54.0
2026-05-06 04:35:01 INFO mt5_bot - ADX boost: adx=54.0 \u2192 risk_pct=1.50%
2026-05-06 04:35:01 INFO mt5_bot - Execution status=skipped reason=no_closed_bar_crossover
2026-05-06 04:35:16 INFO mt5_bot - Balance=102029.96 Equity=102029.96 Spread=0.30 pips
2026-05-06 04:35:16 INFO mt5_bot - Signal=NONE reason=no_closed_bar_crossover price=None trend=bearish rsi=37.0 atr_pips=23.8 adx=54.0
2026-05-06 04:35:16 INFO mt5_bot - ADX boost: adx=54.0 \u2192 risk_pct=1.50%
2026-05-06 04:35:16 INFO mt5_bot - Execution status=skipped reason=no_closed_bar_crossover
2026-05-06 04:35:31 INFO mt5_bot - Balance=102029.96 Equity=102029.96 Spread=0.30 pips
2026-05-06 04:35:31 INFO mt5_bot - Signal=NONE reason=no_closed_bar_crossover price=None trend=bearish rsi=37.0 atr_pips=23.8 adx=54.0
2026-05-06 04:35:31 INFO mt5_bot - ADX boost: adx=54.0 \u2192 risk_pct=1.50%
2026-05-06 04:35:31 INFO mt5_bot - Execution status=skipped reason=no_closed_bar_crossover
2026-05-06 04:35:46 INFO mt5_bot - Balance=102029.96 Equity=102029.96 Spread=0.30 pips
2026-05-06 04:35:46 INFO mt5_bot - Signal=NONE reason=no_closed_bar_crossover price=None trend=bearish rsi=37.0 atr_pips=23.8 adx=54.0
2026-05-06 04:35:46 INFO mt5_bot - ADX boost: adx=54.0 \u2192 risk_pct=1.50%
2026-05-06 04:35:46 INFO mt5_bot - Execution status=skipped reason=no_closed_bar_crossover
2026-05-06 04:36:01 INFO mt5_bot - Balance=102029.96 Equity=102029.96 Spread=0.30 pips
2026-05-06 04:36:01 INFO mt5_bot - Signal=NONE reason=no_closed_bar_crossover price=None trend=bearish rsi=37.0 atr_pips=23.8 adx=54.0
2026-05-06 04:36:01 INFO mt5_bot - ADX boost: adx=54.0 \u2192 risk_pct=1.50%
2026-05-06 04:36:01 INFO mt5_bot - Execution status=skipped reason=no_closed_bar_crossover
2026-05-06 04:36:16 INFO mt5_bot - Balance=102029.96 Equity=102029.96 Spread=0.30 pips
2026-05-06 04:36:16 INFO mt5_bot - Signal=NONE reason=no_closed_bar_crossover price=None trend=bearish rsi=37.0 atr_pips=23.8 adx=54.0
2026-05-06 04:36:16 INFO mt5_bot - ADX boost: adx=54.0 \u2192 risk_pct=1.50%
2026-05-06 04:36:16 INFO mt5_bot - Execution status=skipped reason=no_closed_bar_crossover
2026-05-06 04:36:31 INFO mt5_bot - Balance=102029.96 Equity=102029.96 Spread=0.30 pips
2026-05-06 04:36:31 INFO mt5_bot - Signal=NONE reason=no_closed_bar_crossover price=None trend=bearish rsi=37.0 atr_pips=23.8 adx=54.0
2026-05-06 04:36:31 INFO mt5_bot - ADX boost: adx=54.0 \u2192 risk_pct=1.50%
2026-05-06 04:36:31 INFO mt5_bot - Execution status=skipped reason=no_closed_bar_crossover
2026-05-06 04:36:46 INFO mt5_bot - Balance=102029.96 Equity=102029.96 Spread=0.30 pips
2026-05-06 04:36:46 INFO mt5_bot - Signal=NONE reason=no_closed_bar_crossover price=None trend=bearish rsi=37.0 atr_pips=23.8 adx=54.0
2026-05-06 04:36:46 INFO mt5_bot - ADX boost: adx=54.0 \u2192 risk_pct=1.50%
2026-05-06 04:36:46 INFO mt5_bot - Execution status=skipped reason=no_closed_bar_crossover
2026-05-06 04:37:01 INFO mt5_bot - Balance=102029.96 Equity=102029.96 Spread=0.30 pips
2026-05-06 04:37:01 INFO mt5_bot - Signal=NONE reason=no_closed_bar_crossover price=None trend=bearish rsi=37.0 atr_pips=23.8 adx=54.0
2026-05-06 04:37:01 INFO mt5_bot - ADX boost: adx=54.0 \u2192 risk_pct=1.50%
2026-05-06 04:37:01 INFO mt5_bot - Execution status=skipped reason=no_closed_bar_crossover
2026-05-06 04:37:16 INFO mt5_bot - Balance=102029.96 Equity=102029.96 Spread=0.30 pips
2026-05-06 04:37:16 INFO mt5_bot - Signal=NONE reason=no_closed_bar_crossover price=None trend=bearish rsi=37.0 atr_pips=23.8 adx=54.0
2026-05-06 04:37:16 INFO mt5_bot - ADX boost: adx=54.0 \u2192 risk_pct=1.50%
2026-05-06 04:37:16 INFO mt5_bot - Execution status=skipped reason=no_closed_bar_crossover
2026-05-06 04:37:31 INFO mt5_bot - Balance=102029.96 Equity=102029.96 Spread=0.30 pips
2026-05-06 04:37:31 INFO mt5_bot - Signal=NONE reason=no_closed_bar_crossover price=None trend=bearish rsi=37.0 atr_pips=23.8 adx=54.0
2026-05-06 04:37:31 INFO mt5_bot - ADX boost: adx=54.0 \u2192 risk_pct=1.50%
2026-05-06 04:37:31 INFO mt5_bot - Execution status=skipped reason=no_closed_bar_crossover
2026-05-06 04:37:47 INFO mt5_bot - Balance=102029.96 Equity=102029.96 Spread=0.30 pips
2026-05-06 04:37:47 INFO mt5_bot - Signal=NONE reason=no_closed_bar_crossover price=None trend=bearish rsi=37.0 atr_pips=23.8 adx=54.0
2026-05-06 04:37:47 INFO mt5_bot - ADX boost: adx=54.0 \u2192 risk_pct=1.50%
2026-05-06 04:37:47 INFO mt5_bot - Execution status=skipped reason=no_closed_bar_crossover
2026-05-06 04:38:02 INFO mt5_bot - Balance=102029.96 Equity=102029.96 Spread=0.30 pips
2026-05-06 04:38:02 INFO mt5_bot - Signal=NONE reason=no_closed_bar_crossover price=None trend=bearish rsi=37.0 atr_pips=23.8 adx=54.0
2026-05-06 04:38:02 INFO mt5_bot - ADX boost: adx=54.0 \u2192 risk_pct=1.50%
2026-05-06 04:38:02 INFO mt5_bot - Execution status=skipped reason=no_closed_bar_crossover
2026-05-06 04:38:17 INFO mt5_bot - Balance=102029.96 Equity=102029.96 Spread=0.30 pips
2026-05-06 04:38:17 INFO mt5_bot - Signal=NONE reason=no_closed_bar_crossover price=None trend=bearish rsi=37.0 atr_pips=23.8 adx=54.0
2026-05-06 04:38:17 INFO mt5_bot - ADX boost: adx=54.0 \u2192 risk_pct=1.50%
2026-05-06 04:38:17 INFO mt5_bot - Execution status=skipped reason=no_closed_bar_crossover
2026-05-06 04:38:32 INFO mt5_bot - Balance=102029.96 Equity=102029.96 Spread=0.30 pips
2026-05-06 04:38:32 INFO mt5_bot - Signal=NONE reason=no_closed_bar_crossover price=None trend=bearish rsi=37.0 atr_pips=23.8 adx=54.0
2026-05-06 04:38:32 INFO mt5_bot - ADX boost: adx=54.0 \u2192 risk_pct=1.50%
2026-05-06 04:38:32 INFO mt5_bot - Execution status=skipped reason=no_closed_bar_crossover
2026-05-06 04:38:47 INFO mt5_bot - Balance=102029.96 Equity=102029.96 Spread=0.30 pips
2026-05-06 04:38:47 INFO mt5_bot - Signal=NONE reason=no_closed_bar_crossover price=None trend=bearish rsi=37.0 atr_pips=23.8 adx=54.0
2026-05-06 04:38:47 INFO mt5_bot - ADX boost: adx=54.0 \u2192 risk_pct=1.50%
2026-05-06 04:38:47 INFO mt5_bot - Execution status=skipped reason=no_closed_bar_crossover
2026-05-06 04:39:02 INFO mt5_bot - Balance=102029.96 Equity=102029.96 Spread=0.30 pips
2026-05-06 04:39:02 INFO mt5_bot - Signal=NONE reason=no_closed_bar_crossover price=None trend=bearish rsi=37.0 atr_pips=23.8 adx=54.0
2026-05-06 04:39:02 INFO mt5_bot - ADX boost: adx=54.0 \u2192 risk_pct=1.50%
2026-05-06 04:39:02 INFO mt5_bot - Execution status=skipped reason=no_closed_bar_crossover
2026-05-06 04:39:17 INFO mt5_bot - Balance=102029.96 Equity=102029.96 Spread=0.30 pips
2026-05-06 04:39:17 INFO mt5_bot - Signal=NONE reason=no_closed_bar_crossover price=None trend=bearish rsi=37.0 atr_pips=23.8 adx=54.0
2026-05-06 04:39:17 INFO mt5_bot - ADX boost: adx=54.0 \u2192 risk_pct=1.50%
2026-05-06 04:39:17 INFO mt5_bot - Execution status=skipped reason=no_closed_bar_crossover
2026-05-06 04:39:32 INFO mt5_bot - Balance=102029.96 Equity=102029.96 Spread=0.30 pips
2026-05-06 04:39:32 INFO mt5_bot - Signal=NONE reason=no_closed_bar_crossover price=None trend=bearish rsi=37.0 atr_pips=23.8 adx=54.0
2026-05-06 04:39:32 INFO mt5_bot - ADX boost: adx=54.0 \u2192 risk_pct=1.50%
2026-05-06 04:39:32 INFO mt5_bot - Execution status=skipped reason=no_closed_bar_crossover
2026-05-06 04:39:47 INFO mt5_bot - Balance=102029.96 Equity=102029.96 Spread=0.30 pips
2026-05-06 04:39:47 INFO mt5_bot - Signal=NONE reason=no_closed_bar_crossover price=None trend=bearish rsi=37.0 atr_pips=23.8 adx=54.0
2026-05-06 04:39:47 INFO mt5_bot - ADX boost: adx=54.0 \u2192 risk_pct=1.50%
2026-05-06 04:39:47 INFO mt5_bot - Execution status=skipped reason=no_closed_bar_crossover
2026-05-06 04:40:02 INFO mt5_bot - Balance=102029.96 Equity=102029.96 Spread=0.30 pips
2026-05-06 04:40:02 INFO mt5_bot - Signal=NONE reason=no_closed_bar_crossover price=None trend=bearish rsi=37.0 atr_pips=23.8 adx=54.0
2026-05-06 04:40:02 INFO mt5_bot - ADX boost: adx=54.0 \u2192 risk_pct=1.50%
2026-05-06 04:40:02 INFO mt5_bot - Execution status=skipped reason=no_closed_bar_crossover
2026-05-06 04:40:17 INFO mt5_bot - Balance=102029.96 Equity=102029.96 Spread=0.30 pips
2026-05-06 04:40:17 INFO mt5_bot - Signal=NONE reason=no_closed_bar_crossover price=None trend=bearish rsi=37.0 atr_pips=23.8 adx=54.0
2026-05-06 04:40:17 INFO mt5_bot - ADX boost: adx=54.0 \u2192 risk_pct=1.50%
2026-05-06 04:40:17 INFO mt5_bot - Execution status=skipped reason=no_closed_bar_crossover
2026-05-06 04:40:32 INFO mt5_bot - Balance=102029.96 Equity=102029.96 Spread=0.30 pips
2026-05-06 04:40:32 INFO mt5_bot - Signal=NONE reason=no_closed_bar_crossover price=None trend=bearish rsi=37.0 atr_pips=23.8 adx=54.0
2026-05-06 04:40:32 INFO mt5_bot - ADX boost: adx=54.0 \u2192 risk_pct=1.50%
2026-05-06 04:40:32 INFO mt5_bot - Execution status=skipped reason=no_closed_bar_crossover
2026-05-06 04:40:47 INFO mt5_bot - Balance=102029.96 Equity=102029.96 Spread=0.30 pips
2026-05-06 04:40:47 INFO mt5_bot - Signal=NONE reason=no_closed_bar_crossover price=None trend=bearish rsi=37.0 atr_pips=23.8 adx=54.0
2026-05-06 04:40:47 INFO mt5_bot - ADX boost: adx=54.0 \u2192 risk_pct=1.50%
2026-05-06 04:40:47 INFO mt5_bot - Execution status=skipped reason=no_closed_bar_crossover
2026-05-06 04:41:02 INFO mt5_bot - Balance=102029.96 Equity=102029.96 Spread=0.30 pips
2026-05-06 04:41:02 INFO mt5_bot - Signal=NONE reason=no_closed_bar_crossover price=None trend=bearish rsi=37.0 atr_pips=23.8 adx=54.0
2026-05-06 04:41:02 INFO mt5_bot - ADX boost: adx=54.0 \u2192 risk_pct=1.50%
2026-05-06 04:41:02 INFO mt5_bot - Execution status=skipped reason=no_closed_bar_crossover
2026-05-06 04:41:17 INFO mt5_bot - Balance=102029.96 Equity=102029.96 Spread=0.30 pips
2026-05-06 04:41:17 INFO mt5_bot - Signal=NONE reason=no_closed_bar_crossover price=None trend=bearish rsi=37.0 atr_pips=23.8 adx=54.0
2026-05-06 04:41:17 INFO mt5_bot - ADX boost: adx=54.0 \u2192 risk_pct=1.50%
2026-05-06 04:41:17 INFO mt5_bot - Execution status=skipped reason=no_closed_bar_crossover
2026-05-06 04:41:32 INFO mt5_bot - Balance=102029.96 Equity=102029.96 Spread=0.30 pips
2026-05-06 04:41:32 INFO mt5_bot - Signal=NONE reason=no_closed_bar_crossover price=None trend=bearish rsi=37.0 atr_pips=23.8 adx=54.0
2026-05-06 04:41:32 INFO mt5_bot - ADX boost: adx=54.0 \u2192 risk_pct=1.50%
2026-05-06 04:41:32 INFO mt5_bot - Execution status=skipped reason=no_closed_bar_crossover
2026-05-06 04:41:47 INFO mt5_bot - Balance=102029.96 Equity=102029.96 Spread=0.30 pips
2026-05-06 04:41:47 INFO mt5_bot - Signal=NONE reason=no_closed_bar_crossover price=None trend=bearish rsi=37.0 atr_pips=23.8 adx=54.0
2026-05-06 04:41:47 INFO mt5_bot - ADX boost: adx=54.0 \u2192 risk_pct=1.50%
2026-05-06 04:41:47 INFO mt5_bot - Execution status=skipped reason=no_closed_bar_crossover
2026-05-06 04:42:02 INFO mt5_bot - Balance=102029.96 Equity=102029.96 Spread=0.30 pips
2026-05-06 04:42:02 INFO mt5_bot - Signal=NONE reason=no_closed_bar_crossover price=None trend=bearish rsi=37.0 atr_pips=23.8 adx=54.0
2026-05-06 04:42:02 INFO mt5_bot - ADX boost: adx=54.0 \u2192 risk_pct=1.50%
2026-05-06 04:42:02 INFO mt5_bot - Execution status=skipped reason=no_closed_bar_crossover
2026-05-06 04:42:17 INFO mt5_bot - Balance=102029.96 Equity=102029.96 Spread=0.30 pips
2026-05-06 04:42:17 INFO mt5_bot - Signal=NONE reason=no_closed_bar_crossover price=None trend=bearish rsi=37.0 atr_pips=23.8 adx=54.0
2026-05-06 04:42:17 INFO mt5_bot - ADX boost: adx=54.0 \u2192 risk_pct=1.50%
2026-05-06 04:42:17 INFO mt5_bot - Execution status=skipped reason=no_closed_bar_crossover
2026-05-06 04:42:32 INFO mt5_bot - Balance=102029.96 Equity=102029.96 Spread=0.30 pips
2026-05-06 04:42:32 INFO mt5_bot - Signal=NONE reason=no_closed_bar_crossover price=None trend=bearish rsi=37.0 atr_pips=23.8 adx=54.0
2026-05-06 04:42:32 INFO mt5_bot - ADX boost: adx=54.0 \u2192 risk_pct=1.50%
2026-05-06 04:42:32 INFO mt5_bot - Execution status=skipped reason=no_closed_bar_crossover
2026-05-06 04:42:47 INFO mt5_bot - Balance=102029.96 Equity=102029.96 Spread=0.30 pips
2026-05-06 04:42:47 INFO mt5_bot - Signal=NONE reason=no_closed_bar_crossover price=None trend=bearish rsi=37.0 atr_pips=23.8 adx=54.0
2026-05-06 04:42:47 INFO mt5_bot - ADX boost: adx=54.0 \u2192 risk_pct=1.50%
2026-05-06 04:42:47 INFO mt5_bot - Execution status=skipped reason=no_closed_bar_crossover
2026-05-06 04:43:02 INFO mt5_bot - Balance=102029.96 Equity=102029.96 Spread=0.30 pips
2026-05-06 04:43:02 INFO mt5_bot - Signal=NONE reason=no_closed_bar_crossover price=None trend=bearish rsi=37.0 atr_pips=23.8 adx=54.0
2026-05-06 04:43:02 INFO mt5_bot - ADX boost: adx=54.0 \u2192 risk_pct=1.50%
2026-05-06 04:43:02 INFO mt5_bot - Execution status=skipped reason=no_closed_bar_crossover
2026-05-06 04:43:17 INFO mt5_bot - Balance=102029.96 Equity=102029.96 Spread=0.30 pips
2026-05-06 04:43:17 INFO mt5_bot - Signal=NONE reason=no_closed_bar_crossover price=None trend=bearish rsi=37.0 atr_pips=23.8 adx=54.0
2026-05-06 04:43:17 INFO mt5_bot - ADX boost: adx=54.0 \u2192 risk_pct=1.50%
2026-05-06 04:43:17 INFO mt5_bot - Execution status=skipped reason=no_closed_bar_crossover
2026-05-06 04:43:32 INFO mt5_bot - Balance=102029.96 Equity=102029.96 Spread=0.30 pips
2026-05-06 04:43:32 INFO mt5_bot - Signal=NONE reason=no_closed_bar_crossover price=None trend=bearish rsi=37.0 atr_pips=23.8 adx=54.0
2026-05-06 04:43:32 INFO mt5_bot - ADX boost: adx=54.0 \u2192 risk_pct=1.50%
2026-05-06 04:43:32 INFO mt5_bot - Execution status=skipped reason=no_closed_bar_crossover
2026-05-06 04:43:47 INFO mt5_bot - Balance=102029.96 Equity=102029.96 Spread=0.30 pips
2026-05-06 04:43:47 INFO mt5_bot - Signal=NONE reason=no_closed_bar_crossover price=None trend=bearish rsi=37.0 atr_pips=23.8 adx=54.0
2026-05-06 04:43:47 INFO mt5_bot - ADX boost: adx=54.0 \u2192 risk_pct=1.50%
2026-05-06 04:43:47 INFO mt5_bot - Execution status=skipped reason=no_closed_bar_crossover
2026-05-06 04:44:02 INFO mt5_bot - Balance=102029.96 Equity=102029.96 Spread=0.30 pips
2026-05-06 04:44:02 INFO mt5_bot - Signal=NONE reason=no_closed_bar_crossover price=None trend=bearish rsi=37.0 atr_pips=23.8 adx=54.0
2026-05-06 04:44:02 INFO mt5_bot - ADX boost: adx=54.0 \u2192 risk_pct=1.50%
2026-05-06 04:44:02 INFO mt5_bot - Execution status=skipped reason=no_closed_bar_crossover
2026-05-06 04:44:17 INFO mt5_bot - Balance=102029.96 Equity=102029.96 Spread=0.30 pips
2026-05-06 04:44:17 INFO mt5_bot - Signal=NONE reason=no_closed_bar_crossover price=None trend=bearish rsi=37.0 atr_pips=23.8 adx=54.0
2026-05-06 04:44:17 INFO mt5_bot - ADX boost: adx=54.0 \u2192 risk_pct=1.50%
2026-05-06 04:44:17 INFO mt5_bot - Execution status=skipped reason=no_closed_bar_crossover
2026-05-06 04:44:32 INFO mt5_bot - Balance=102029.96 Equity=102029.96 Spread=0.30 pips
2026-05-06 04:44:32 INFO mt5_bot - Signal=NONE reason=no_closed_bar_crossover price=None trend=bearish rsi=37.0 atr_pips=23.8 adx=54.0
2026-05-06 04:44:32 INFO mt5_bot - ADX boost: adx=54.0 \u2192 risk_pct=1.50%
2026-05-06 04:44:32 INFO mt5_bot - Execution status=skipped reason=no_closed_bar_crossover
2026-05-06 04:44:47 INFO mt5_bot - Balance=102029.96 Equity=102029.96 Spread=0.30 pips
2026-05-06 04:44:47 INFO mt5_bot - Signal=NONE reason=no_closed_bar_crossover price=None trend=bearish rsi=37.0 atr_pips=23.8 adx=54.0
2026-05-06 04:44:47 INFO mt5_bot - ADX boost: adx=54.0 \u2192 risk_pct=1.50%
2026-05-06 04:44:47 INFO mt5_bot - Execution status=skipped reason=no_closed_bar_crossover
2026-05-06 04:45:02 INFO mt5_bot - Balance=102029.96 Equity=102029.96 Spread=0.30 pips
2026-05-06 04:45:02 INFO mt5_bot - Signal=NONE reason=no_closed_bar_crossover price=None trend=bearish rsi=35.3 atr_pips=23.2 adx=55.0
2026-05-06 04:45:02 INFO mt5_bot - ADX boost: adx=55.0 \u2192 risk_pct=1.50%
2026-05-06 04:45:02 INFO mt5_bot - Execution status=skipped reason=no_closed_bar_crossover
2026-05-06 04:45:17 INFO mt5_bot - Balance=102029.96 Equity=102029.96 Spread=0.30 pips
2026-05-06 04:45:17 INFO mt5_bot - Signal=NONE reason=no_closed_bar_crossover price=None trend=bearish rsi=35.3 atr_pips=23.2 adx=55.0
2026-05-06 04:45:17 INFO mt5_bot - ADX boost: adx=55.0 \u2192 risk_pct=1.50%
2026-05-06 04:45:17 INFO mt5_bot - Execution status=skipped reason=no_closed_bar_crossover
2026-05-06 04:45:32 INFO mt5_bot - Balance=102029.96 Equity=102029.96 Spread=0.30 pips
2026-05-06 04:45:32 INFO mt5_bot - Signal=NONE reason=no_closed_bar_crossover price=None trend=bearish rsi=35.3 atr_pips=23.2 adx=55.0
2026-05-06 04:45:32 INFO mt5_bot - ADX boost: adx=55.0 \u2192 risk_pct=1.50%
2026-05-06 04:45:32 INFO mt5_bot - Execution status=skipped reason=no_closed_bar_crossover
2026-05-06 04:45:47 INFO mt5_bot - Balance=102029.96 Equity=102029.96 Spread=0.30 pips
2026-05-06 04:45:47 INFO mt5_bot - Signal=NONE reason=no_closed_bar_crossover price=None trend=bearish rsi=35.3 atr_pips=23.2 adx=55.0
2026-05-06 04:45:47 INFO mt5_bot - ADX boost: adx=55.0 \u2192 risk_pct=1.50%
2026-05-06 04:45:47 INFO mt5_bot - Execution status=skipped reason=no_closed_bar_crossover
2026-05-06 04:46:02 INFO mt5_bot - Balance=102029.96 Equity=102029.96 Spread=0.30 pips
2026-05-06 04:46:02 INFO mt5_bot - Signal=NONE reason=no_closed_bar_crossover price=None trend=bearish rsi=35.3 atr_pips=23.2 adx=55.0
2026-05-06 04:46:02 INFO mt5_bot - ADX boost: adx=55.0 \u2192 risk_pct=1.50%
2026-05-06 04:46:02 INFO mt5_bot - Execution status=skipped reason=no_closed_bar_crossover
2026-05-06 04:46:17 INFO mt5_bot - Balance=102029.96 Equity=102029.96 Spread=0.30 pips
2026-05-06 04:46:17 INFO mt5_bot - Signal=NONE reason=no_closed_bar_crossover price=None trend=bearish rsi=35.3 atr_pips=23.2 adx=55.0
2026-05-06 04:46:17 INFO mt5_bot - ADX boost: adx=55.0 \u2192 risk_pct=1.50%
2026-05-06 04:46:17 INFO mt5_bot - Execution status=skipped reason=no_closed_bar_crossover
2026-05-06 04:46:32 INFO mt5_bot - Balance=102029.96 Equity=102029.96 Spread=0.30 pips
2026-05-06 04:46:32 INFO mt5_bot - Signal=NONE reason=no_closed_bar_crossover price=None trend=bearish rsi=35.3 atr_pips=23.2 adx=55.0
2026-05-06 04:46:32 INFO mt5_bot - ADX boost: adx=55.0 \u2192 risk_pct=1.50%
2026-05-06 04:46:32 INFO mt5_bot - Execution status=skipped reason=no_closed_bar_crossover
2026-05-06 04:46:47 INFO mt5_bot - Balance=102029.96 Equity=102029.96 Spread=0.30 pips
2026-05-06 04:46:47 INFO mt5_bot - Signal=NONE reason=no_closed_bar_crossover price=None trend=bearish rsi=35.3 atr_pips=23.2 adx=55.0
2026-05-06 04:46:47 INFO mt5_bot - ADX boost: adx=55.0 \u2192 risk_pct=1.50%
2026-05-06 04:46:47 INFO mt5_bot - Execution status=skipped reason=no_closed_bar_crossover
2026-05-06 04:47:02 INFO mt5_bot - Balance=102029.96 Equity=102029.96 Spread=0.30 pips
2026-05-06 04:47:02 INFO mt5_bot - Signal=NONE reason=no_closed_bar_crossover price=None trend=bearish rsi=35.3 atr_pips=23.2 adx=55.0
2026-05-06 04:47:02 INFO mt5_bot - ADX boost: adx=55.0 \u2192 risk_pct=1.50%
2026-05-06 04:47:02 INFO mt5_bot - Execution status=skipped reason=no_closed_bar_crossover
2026-05-06 04:47:17 INFO mt5_bot - Balance=102029.96 Equity=102029.96 Spread=0.30 pips
2026-05-06 04:47:17 INFO mt5_bot - Signal=NONE reason=no_closed_bar_crossover price=None trend=bearish rsi=35.3 atr_pips=23.2 adx=55.0
2026-05-06 04:47:17 INFO mt5_bot - ADX boost: adx=55.0 \u2192 risk_pct=1.50%
2026-05-06 04:47:17 INFO mt5_bot - Execution status=skipped reason=no_closed_bar_crossover
2026-05-06 04:47:32 INFO mt5_bot - Balance=102029.96 Equity=102029.96 Spread=0.30 pips
2026-05-06 04:47:32 INFO mt5_bot - Signal=NONE reason=no_closed_bar_crossover price=None trend=bearish rsi=35.3 atr_pips=23.2 adx=55.0
2026-05-06 04:47:32 INFO mt5_bot - ADX boost: adx=55.0 \u2192 risk_pct=1.50%
2026-05-06 04:47:32 INFO mt5_bot - Execution status=skipped reason=no_closed_bar_crossover
2026-05-06 04:47:47 INFO mt5_bot - Balance=102029.96 Equity=102029.96 Spread=0.30 pips
2026-05-06 04:47:47 INFO mt5_bot - Signal=NONE reason=no_closed_bar_crossover price=None trend=bearish rsi=35.3 atr_pips=23.2 adx=55.0
2026-05-06 04:47:47 INFO mt5_bot - ADX boost: adx=55.0 \u2192 risk_pct=1.50%
2026-05-06 04:47:47 INFO mt5_bot - Execution status=skipped reason=no_closed_bar_crossover
2026-05-06 04:48:02 INFO mt5_bot - Balance=102029.96 Equity=102029.96 Spread=0.30 pips
2026-05-06 04:48:02 INFO mt5_bot - Signal=NONE reason=no_closed_bar_crossover price=None trend=bearish rsi=35.3 atr_pips=23.2 adx=55.0
2026-05-06 04:48:02 INFO mt5_bot - ADX boost: adx=55.0 \u2192 risk_pct=1.50%
2026-05-06 04:48:02 INFO mt5_bot - Execution status=skipped reason=no_closed_bar_crossover
2026-05-06 04:48:17 INFO mt5_bot - Balance=102029.96 Equity=102029.96 Spread=0.30 pips
2026-05-06 04:48:17 INFO mt5_bot - Signal=NONE reason=no_closed_bar_crossover price=None trend=bearish rsi=35.3 atr_pips=23.2 adx=55.0
2026-05-06 04:48:17 INFO mt5_bot - ADX boost: adx=55.0 \u2192 risk_pct=1.50%
2026-05-06 04:48:17 INFO mt5_bot - Execution status=skipped reason=no_closed_bar_crossover
2026-05-06 04:48:32 INFO mt5_bot - Balance=102029.96 Equity=102029.96 Spread=0.30 pips
2026-05-06 04:48:32 INFO mt5_bot - Signal=NONE reason=no_closed_bar_crossover price=None trend=bearish rsi=35.3 atr_pips=23.2 adx=55.0
2026-05-06 04:48:32 INFO mt5_bot - ADX boost: adx=55.0 \u2192 risk_pct=1.50%
2026-05-06 04:48:32 INFO mt5_bot - Execution status=skipped reason=no_closed_bar_crossover
2026-05-06 04:48:47 INFO mt5_bot - Balance=102029.96 Equity=102029.96 Spread=0.30 pips
2026-05-06 04:48:47 INFO mt5_bot - Signal=NONE reason=no_closed_bar_crossover price=None trend=bearish rsi=35.3 atr_pips=23.2 adx=55.0
2026-05-06 04:48:47 INFO mt5_bot - ADX boost: adx=55.0 \u2192 risk_pct=1.50%
2026-05-06 04:48:47 INFO mt5_bot - Execution status=skipped reason=no_closed_bar_crossover
2026-05-06 04:49:02 INFO mt5_bot - Balance=102029.96 Equity=102029.96 Spread=0.30 pips
2026-05-06 04:49:02 INFO mt5_bot - Signal=NONE reason=no_closed_bar_crossover price=None trend=bearish rsi=35.3 atr_pips=23.2 adx=55.0
2026-05-06 04:49:02 INFO mt5_bot - ADX boost: adx=55.0 \u2192 risk_pct=1.50%
2026-05-06 04:49:02 INFO mt5_bot - Execution status=skipped reason=no_closed_bar_crossover
2026-05-06 04:49:17 INFO mt5_bot - Balance=102029.96 Equity=102029.96 Spread=0.30 pips
2026-05-06 04:49:17 INFO mt5_bot - Signal=NONE reason=no_closed_bar_crossover price=None trend=bearish rsi=35.3 atr_pips=23.2 adx=55.0
2026-05-06 04:49:17 INFO mt5_bot - ADX boost: adx=55.0 \u2192 risk_pct=1.50%
2026-05-06 04:49:17 INFO mt5_bot - Execution status=skipped reason=no_closed_bar_crossover
2026-05-06 04:49:32 INFO mt5_bot - Balance=102029.96 Equity=102029.96 Spread=0.30 pips
2026-05-06 04:49:32 INFO mt5_bot - Signal=NONE reason=no_closed_bar_crossover price=None trend=bearish rsi=35.3 atr_pips=23.2 adx=55.0
2026-05-06 04:49:32 INFO mt5_bot - ADX boost: adx=55.0 \u2192 risk_pct=1.50%
2026-05-06 04:49:32 INFO mt5_bot - Execution status=skipped reason=no_closed_bar_crossover
2026-05-06 04:49:47 INFO mt5_bot - Balance=102029.96 Equity=102029.96 Spread=0.30 pips
2026-05-06 04:49:47 INFO mt5_bot - Signal=NONE reason=no_closed_bar_crossover price=None trend=bearish rsi=35.3 atr_pips=23.2 adx=55.0
2026-05-06 04:49:47 INFO mt5_bot - ADX boost: adx=55.0 \u2192 risk_pct=1.50%
2026-05-06 04:49:47 INFO mt5_bot - Execution status=skipped reason=no_closed_bar_crossover
2026-05-06 04:50:02 INFO mt5_bot - Balance=102029.96 Equity=102029.96 Spread=0.30 pips
2026-05-06 04:50:02 INFO mt5_bot - Signal=NONE reason=no_closed_bar_crossover price=None trend=bearish rsi=35.3 atr_pips=23.2 adx=55.0
2026-05-06 04:50:02 INFO mt5_bot - ADX boost: adx=55.0 \u2192 risk_pct=1.50%
2026-05-06 04:50:02 INFO mt5_bot - Execution status=skipped reason=no_closed_bar_crossover
2026-05-06 04:50:17 INFO mt5_bot - Balance=102029.96 Equity=102029.96 Spread=0.30 pips
2026-05-06 04:50:17 INFO mt5_bot - Signal=NONE reason=no_closed_bar_crossover price=None trend=bearish rsi=35.3 atr_pips=23.2 adx=55.0
2026-05-06 04:50:17 INFO mt5_bot - ADX boost: adx=55.0 \u2192 risk_pct=1.50%
2026-05-06 04:50:17 INFO mt5_bot - Execution status=skipped reason=no_closed_bar_crossover
2026-05-06 04:50:32 INFO mt5_bot - Balance=102029.96 Equity=102029.96 Spread=0.30 pips
2026-05-06 04:50:32 INFO mt5_bot - Signal=NONE reason=no_closed_bar_crossover price=None trend=bearish rsi=35.3 atr_pips=23.2 adx=55.0
2026-05-06 04:50:32 INFO mt5_bot - ADX boost: adx=55.0 \u2192 risk_pct=1.50%
2026-05-06 04:50:32 INFO mt5_bot - Execution status=skipped reason=no_closed_bar_crossover
2026-05-06 04:50:47 INFO mt5_bot - Balance=102029.96 Equity=102029.96 Spread=0.30 pips
2026-05-06 04:50:47 INFO mt5_bot - Signal=NONE reason=no_closed_bar_crossover price=None trend=bearish rsi=35.3 atr_pips=23.2 adx=55.0
2026-05-06 04:50:47 INFO mt5_bot - ADX boost: adx=55.0 \u2192 risk_pct=1.50%
2026-05-06 04:50:47 INFO mt5_bot - Execution status=skipped reason=no_closed_bar_crossover
2026-05-06 04:51:02 INFO mt5_bot - Balance=102029.96 Equity=102029.96 Spread=0.30 pips
2026-05-06 04:51:02 INFO mt5_bot - Signal=NONE reason=no_closed_bar_crossover price=None trend=bearish rsi=35.3 atr_pips=23.2 adx=55.0
2026-05-06 04:51:02 INFO mt5_bot - ADX boost: adx=55.0 \u2192 risk_pct=1.50%
2026-05-06 04:51:02 INFO mt5_bot - Execution status=skipped reason=no_closed_bar_crossover
2026-05-06 04:51:17 INFO mt5_bot - Balance=102029.96 Equity=102029.96 Spread=0.30 pips
2026-05-06 04:51:17 INFO mt5_bot - Signal=NONE reason=no_closed_bar_crossover price=None trend=bearish rsi=35.3 atr_pips=23.2 adx=55.0
2026-05-06 04:51:17 INFO mt5_bot - ADX boost: adx=55.0 \u2192 risk_pct=1.50%
2026-05-06 04:51:17 INFO mt5_bot - Execution status=skipped reason=no_closed_bar_crossover
2026-05-06 04:51:32 INFO mt5_bot - Balance=102029.96 Equity=102029.96 Spread=0.30 pips
2026-05-06 04:51:32 INFO mt5_bot - Signal=NONE reason=no_closed_bar_crossover price=None trend=bearish rsi=35.3 atr_pips=23.2 adx=55.0
2026-05-06 04:51:32 INFO mt5_bot - ADX boost: adx=55.0 \u2192 risk_pct=1.50%
2026-05-06 04:51:32 INFO mt5_bot - Execution status=skipped reason=no_closed_bar_crossover
2026-05-06 04:51:47 INFO mt5_bot - Balance=102029.96 Equity=102029.96 Spread=0.30 pips
2026-05-06 04:51:47 INFO mt5_bot - Signal=NONE reason=no_closed_bar_crossover price=None trend=bearish rsi=35.3 atr_pips=23.2 adx=55.0
2026-05-06 04:51:47 INFO mt5_bot - ADX boost: adx=55.0 \u2192 risk_pct=1.50%
2026-05-06 04:51:47 INFO mt5_bot - Execution status=skipped reason=no_closed_bar_crossover
2026-05-06 04:52:02 INFO mt5_bot - Balance=102029.96 Equity=102029.96 Spread=0.30 pips
2026-05-06 04:52:02 INFO mt5_bot - Signal=NONE reason=no_closed_bar_crossover price=None trend=bearish rsi=35.3 atr_pips=23.2 adx=55.0
2026-05-06 04:52:02 INFO mt5_bot - ADX boost: adx=55.0 \u2192 risk_pct=1.50%
2026-05-06 04:52:02 INFO mt5_bot - Execution status=skipped reason=no_closed_bar_crossover
2026-05-06 04:52:17 INFO mt5_bot - Balance=102029.96 Equity=102029.96 Spread=0.30 pips
2026-05-06 04:52:17 INFO mt5_bot - Signal=NONE reason=no_closed_bar_crossover price=None trend=bearish rsi=35.3 atr_pips=23.2 adx=55.0
2026-05-06 04:52:17 INFO mt5_bot - ADX boost: adx=55.0 \u2192 risk_pct=1.50%
2026-05-06 04:52:17 INFO mt5_bot - Execution status=skipped reason=no_closed_bar_crossover
2026-05-06 04:52:32 INFO mt5_bot - Balance=102029.96 Equity=102029.96 Spread=0.30 pips
2026-05-06 04:52:32 INFO mt5_bot - Signal=NONE reason=no_closed_bar_crossover price=None trend=bearish rsi=35.3 atr_pips=23.2 adx=55.0
2026-05-06 04:52:32 INFO mt5_bot - ADX boost: adx=55.0 \u2192 risk_pct=1.50%
2026-05-06 04:52:32 INFO mt5_bot - Execution status=skipped reason=no_closed_bar_crossover
2026-05-06 04:52:47 INFO mt5_bot - Balance=102029.96 Equity=102029.96 Spread=0.30 pips
2026-05-06 04:52:47 INFO mt5_bot - Signal=NONE reason=no_closed_bar_crossover price=None trend=bearish rsi=35.3 atr_pips=23.2 adx=55.0
2026-05-06 04:52:47 INFO mt5_bot - ADX boost: adx=55.0 \u2192 risk_pct=1.50%
2026-05-06 04:52:47 INFO mt5_bot - Execution status=skipped reason=no_closed_bar_crossover
2026-05-06 04:53:02 INFO mt5_bot - Balance=102029.96 Equity=102029.96 Spread=0.30 pips
2026-05-06 04:53:02 INFO mt5_bot - Signal=NONE reason=no_closed_bar_crossover price=None trend=bearish rsi=35.3 atr_pips=23.2 adx=55.0
2026-05-06 04:53:02 INFO mt5_bot - ADX boost: adx=55.0 \u2192 risk_pct=1.50%
2026-05-06 04:53:02 INFO mt5_bot - Execution status=skipped reason=no_closed_bar_crossover
2026-05-06 04:53:17 INFO mt5_bot - Balance=102029.96 Equity=102029.96 Spread=0.30 pips
2026-05-06 04:53:17 INFO mt5_bot - Signal=NONE reason=no_closed_bar_crossover price=None trend=bearish rsi=35.3 atr_pips=23.2 adx=55.0
2026-05-06 04:53:17 INFO mt5_bot - ADX boost: adx=55.0 \u2192 risk_pct=1.50%
2026-05-06 04:53:17 INFO mt5_bot - Execution status=skipped reason=no_closed_bar_crossover
2026-05-06 04:53:33 INFO mt5_bot - Balance=102029.96 Equity=102029.96 Spread=0.30 pips
2026-05-06 04:53:33 INFO mt5_bot - Signal=NONE reason=no_closed_bar_crossover price=None trend=bearish rsi=35.3 atr_pips=23.2 adx=55.0
2026-05-06 04:53:33 INFO mt5_bot - ADX boost: adx=55.0 \u2192 risk_pct=1.50%
2026-05-06 04:53:33 INFO mt5_bot - Execution status=skipped reason=no_closed_bar_crossover
2026-05-06 04:53:48 INFO mt5_bot - Balance=102029.96 Equity=102029.96 Spread=0.30 pips
2026-05-06 04:53:48 INFO mt5_bot - Signal=NONE reason=no_closed_bar_crossover price=None trend=bearish rsi=35.3 atr_pips=23.2 adx=55.0
2026-05-06 04:53:48 INFO mt5_bot - ADX boost: adx=55.0 \u2192 risk_pct=1.50%
2026-05-06 04:53:48 INFO mt5_bot - Execution status=skipped reason=no_closed_bar_crossover
2026-05-06 04:54:03 INFO mt5_bot - Balance=102029.96 Equity=102029.96 Spread=0.30 pips
2026-05-06 04:54:03 INFO mt5_bot - Signal=NONE reason=no_closed_bar_crossover price=None trend=bearish rsi=35.3 atr_pips=23.2 adx=55.0
2026-05-06 04:54:03 INFO mt5_bot - ADX boost: adx=55.0 \u2192 risk_pct=1.50%
2026-05-06 04:54:03 INFO mt5_bot - Execution status=skipped reason=no_closed_bar_crossover
2026-05-06 04:54:18 INFO mt5_bot - Balance=102029.96 Equity=102029.96 Spread=0.30 pips
2026-05-06 04:54:18 INFO mt5_bot - Signal=NONE reason=no_closed_bar_crossover price=None trend=bearish rsi=35.3 atr_pips=23.2 adx=55.0
2026-05-06 04:54:18 INFO mt5_bot - ADX boost: adx=55.0 \u2192 risk_pct=1.50%
2026-05-06 04:54:18 INFO mt5_bot - Execution status=skipped reason=no_closed_bar_crossover
2026-05-06 04:54:33 INFO mt5_bot - Balance=102029.96 Equity=102029.96 Spread=0.30 pips
2026-05-06 04:54:33 INFO mt5_bot - Signal=NONE reason=no_closed_bar_crossover price=None trend=bearish rsi=35.3 atr_pips=23.2 adx=55.0
2026-05-06 04:54:33 INFO mt5_bot - ADX boost: adx=55.0 \u2192 risk_pct=1.50%
2026-05-06 04:54:33 INFO mt5_bot - Execution status=skipped reason=no_closed_bar_crossover
2026-05-06 04:54:48 INFO mt5_bot - Balance=102029.96 Equity=102029.96 Spread=0.30 pips
2026-05-06 04:54:48 INFO mt5_bot - Signal=NONE reason=no_closed_bar_crossover price=None trend=bearish rsi=35.3 atr_pips=23.2 adx=55.0
2026-05-06 04:54:48 INFO mt5_bot - ADX boost: adx=55.0 \u2192 risk_pct=1.50%
2026-05-06 04:54:48 INFO mt5_bot - Execution status=skipped reason=no_closed_bar_crossover
2026-05-06 04:55:03 INFO mt5_bot - Balance=102029.96 Equity=102029.96 Spread=0.30 pips
2026-05-06 04:55:03 INFO mt5_bot - Signal=NONE reason=no_closed_bar_crossover price=None trend=bearish rsi=35.3 atr_pips=23.2 adx=55.0
2026-05-06 04:55:03 INFO mt5_bot - ADX boost: adx=55.0 \u2192 risk_pct=1.50%
2026-05-06 04:55:03 INFO mt5_bot - Execution status=skipped reason=no_closed_bar_crossover
2026-05-06 04:55:18 INFO mt5_bot - Balance=102029.96 Equity=102029.96 Spread=0.30 pips
2026-05-06 04:55:18 INFO mt5_bot - Signal=NONE reason=no_closed_bar_crossover price=None trend=bearish rsi=35.3 atr_pips=23.2 adx=55.0
2026-05-06 04:55:18 INFO mt5_bot - ADX boost: adx=55.0 \u2192 risk_pct=1.50%
2026-05-06 04:55:18 INFO mt5_bot - Execution status=skipped reason=no_closed_bar_crossover
2026-05-06 04:55:33 INFO mt5_bot - Balance=102029.96 Equity=102029.96 Spread=0.30 pips
2026-05-06 04:55:33 INFO mt5_bot - Signal=NONE reason=no_closed_bar_crossover price=None trend=bearish rsi=35.3 atr_pips=23.2 adx=55.0
2026-05-06 04:55:33 INFO mt5_bot - ADX boost: adx=55.0 \u2192 risk_pct=1.50%
2026-05-06 04:55:33 INFO mt5_bot - Execution status=skipped reason=no_closed_bar_crossover
2026-05-06 04:55:48 INFO mt5_bot - Balance=102029.96 Equity=102029.96 Spread=0.30 pips
2026-05-06 04:55:48 INFO mt5_bot - Signal=NONE reason=no_closed_bar_crossover price=None trend=bearish rsi=35.3 atr_pips=23.2 adx=55.0
2026-05-06 04:55:48 INFO mt5_bot - ADX boost: adx=55.0 \u2192 risk_pct=1.50%
2026-05-06 04:55:48 INFO mt5_bot - Execution status=skipped reason=no_closed_bar_crossover
2026-05-06 04:56:03 INFO mt5_bot - Balance=102029.96 Equity=102029.96 Spread=0.30 pips
2026-05-06 04:56:03 INFO mt5_bot - Signal=NONE reason=no_closed_bar_crossover price=None trend=bearish rsi=35.3 atr_pips=23.2 adx=55.0
2026-05-06 04:56:03 INFO mt5_bot - ADX boost: adx=55.0 \u2192 risk_pct=1.50%
2026-05-06 04:56:03 INFO mt5_bot - Execution status=skipped reason=no_closed_bar_crossover
2026-05-06 04:56:18 INFO mt5_bot - Balance=102029.96 Equity=102029.96 Spread=0.30 pips
2026-05-06 04:56:18 INFO mt5_bot - Signal=NONE reason=no_closed_bar_crossover price=None trend=bearish rsi=35.3 atr_pips=23.2 adx=55.0
2026-05-06 04:56:18 INFO mt5_bot - ADX boost: adx=55.0 \u2192 risk_pct=1.50%
2026-05-06 04:56:18 INFO mt5_bot - Execution status=skipped reason=no_closed_bar_crossover
2026-05-06 04:56:33 INFO mt5_bot - Balance=102029.96 Equity=102029.96 Spread=0.30 pips
2026-05-06 04:56:33 INFO mt5_bot - Signal=NONE reason=no_closed_bar_crossover price=None trend=bearish rsi=35.3 atr_pips=23.2 adx=55.0
2026-05-06 04:56:33 INFO mt5_bot - ADX boost: adx=55.0 \u2192 risk_pct=1.50%
2026-05-06 04:56:33 INFO mt5_bot - Execution status=skipped reason=no_closed_bar_crossover
2026-05-06 04:56:48 INFO mt5_bot - Balance=102029.96 Equity=102029.96 Spread=0.30 pips
2026-05-06 04:56:48 INFO mt5_bot - Signal=NONE reason=no_closed_bar_crossover price=None trend=bearish rsi=35.3 atr_pips=23.2 adx=55.0
2026-05-06 04:56:48 INFO mt5_bot - ADX boost: adx=55.0 \u2192 risk_pct=1.50%
2026-05-06 04:56:48 INFO mt5_bot - Execution status=skipped reason=no_closed_bar_crossover
2026-05-06 04:57:03 INFO mt5_bot - Balance=102029.96 Equity=102029.96 Spread=0.30 pips
2026-05-06 04:57:03 INFO mt5_bot - Signal=NONE reason=no_closed_bar_crossover price=None trend=bearish rsi=35.3 atr_pips=23.2 adx=55.0
2026-05-06 04:57:03 INFO mt5_bot - ADX boost: adx=55.0 \u2192 risk_pct=1.50%
2026-05-06 04:57:03 INFO mt5_bot - Execution status=skipped reason=no_closed_bar_crossover
2026-05-06 04:57:18 INFO mt5_bot - Balance=102029.96 Equity=102029.96 Spread=0.30 pips
2026-05-06 04:57:18 INFO mt5_bot - Signal=NONE reason=no_closed_bar_crossover price=None trend=bearish rsi=35.3 atr_pips=23.2 adx=55.0
2026-05-06 04:57:18 INFO mt5_bot - ADX boost: adx=55.0 \u2192 risk_pct=1.50%
2026-05-06 04:57:18 INFO mt5_bot - Execution status=skipped reason=no_closed_bar_crossover
2026-05-06 04:57:33 INFO mt5_bot - Balance=102029.96 Equity=102029.96 Spread=0.30 pips
2026-05-06 04:57:33 INFO mt5_bot - Signal=NONE reason=no_closed_bar_crossover price=None trend=bearish rsi=35.3 atr_pips=23.2 adx=55.0
2026-05-06 04:57:33 INFO mt5_bot - ADX boost: adx=55.0 \u2192 risk_pct=1.50%
2026-05-06 04:57:33 INFO mt5_bot - Execution status=skipped reason=no_closed_bar_crossover
2026-05-06 04:57:48 INFO mt5_bot - Balance=102029.96 Equity=102029.96 Spread=0.30 pips
2026-05-06 04:57:48 INFO mt5_bot - Signal=NONE reason=no_closed_bar_crossover price=None trend=bearish rsi=35.3 atr_pips=23.2 adx=55.0
2026-05-06 04:57:48 INFO mt5_bot - ADX boost: adx=55.0 \u2192 risk_pct=1.50%
2026-05-06 04:57:48 INFO mt5_bot - Execution status=skipped reason=no_closed_bar_crossover
2026-05-06 04:58:03 INFO mt5_bot - Balance=102029.96 Equity=102029.96 Spread=0.30 pips
2026-05-06 04:58:03 INFO mt5_bot - Signal=NONE reason=no_closed_bar_crossover price=None trend=bearish rsi=35.3 atr_pips=23.2 adx=55.0
2026-05-06 04:58:03 INFO mt5_bot - ADX boost: adx=55.0 \u2192 risk_pct=1.50%
2026-05-06 04:58:03 INFO mt5_bot - Execution status=skipped reason=no_closed_bar_crossover
2026-05-06 04:58:18 INFO mt5_bot - Balance=102029.96 Equity=102029.96 Spread=0.30 pips
2026-05-06 04:58:18 INFO mt5_bot - Signal=NONE reason=no_closed_bar_crossover price=None trend=bearish rsi=35.3 atr_pips=23.2 adx=55.0
2026-05-06 04:58:18 INFO mt5_bot - ADX boost: adx=55.0 \u2192 risk_pct=1.50%
2026-05-06 04:58:18 INFO mt5_bot - Execution status=skipped reason=no_closed_bar_crossover
2026-05-06 04:58:33 INFO mt5_bot - Balance=102029.96 Equity=102029.96 Spread=0.30 pips
2026-05-06 04:58:33 INFO mt5_bot - Signal=NONE reason=no_closed_bar_crossover price=None trend=bearish rsi=35.3 atr_pips=23.2 adx=55.0
2026-05-06 04:58:33 INFO mt5_bot - ADX boost: adx=55.0 \u2192 risk_pct=1.50%
2026-05-06 04:58:33 INFO mt5_bot - Execution status=skipped reason=no_closed_bar_crossover
2026-05-06 04:58:48 INFO mt5_bot - Balance=102029.96 Equity=102029.96 Spread=0.30 pips
2026-05-06 04:58:48 INFO mt5_bot - Signal=NONE reason=no_closed_bar_crossover price=None trend=bearish rsi=35.3 atr_pips=23.2 adx=55.0
2026-05-06 04:58:48 INFO mt5_bot - ADX boost: adx=55.0 \u2192 risk_pct=1.50%
2026-05-06 04:58:48 INFO mt5_bot - Execution status=skipped reason=no_closed_bar_crossover
2026-05-06 04:59:03 INFO mt5_bot - Balance=102029.96 Equity=102029.96 Spread=0.30 pips
2026-05-06 04:59:03 INFO mt5_bot - Signal=NONE reason=no_closed_bar_crossover price=None trend=bearish rsi=35.3 atr_pips=23.2 adx=55.0
2026-05-06 04:59:03 INFO mt5_bot - ADX boost: adx=55.0 \u2192 risk_pct=1.50%
2026-05-06 04:59:03 INFO mt5_bot - Execution status=skipped reason=no_closed_bar_crossover
2026-05-06 04:59:18 INFO mt5_bot - Balance=102029.96 Equity=102029.96 Spread=0.30 pips
2026-05-06 04:59:18 INFO mt5_bot - Signal=NONE reason=no_closed_bar_crossover price=None trend=bearish rsi=35.3 atr_pips=23.2 adx=55.0
2026-05-06 04:59:18 INFO mt5_bot - ADX boost: adx=55.0 \u2192 risk_pct=1.50%
2026-05-06 04:59:18 INFO mt5_bot - Execution status=skipped reason=no_closed_bar_crossover
2026-05-06 04:59:33 INFO mt5_bot - Balance=102029.96 Equity=102029.96 Spread=0.30 pips
2026-05-06 04:59:33 INFO mt5_bot - Signal=NONE reason=no_closed_bar_crossover price=None trend=bearish rsi=35.3 atr_pips=23.2 adx=55.0
2026-05-06 04:59:33 INFO mt5_bot - ADX boost: adx=55.0 \u2192 risk_pct=1.50%
2026-05-06 04:59:33 INFO mt5_bot - Execution status=skipped reason=no_closed_bar_crossover
2026-05-06 04:59:48 INFO mt5_bot - Balance=102029.96 Equity=102029.96 Spread=0.30 pips
2026-05-06 04:59:48 INFO mt5_bot - Signal=NONE reason=no_closed_bar_crossover price=None trend=bearish rsi=35.3 atr_pips=23.2 adx=55.0
2026-05-06 04:59:48 INFO mt5_bot - ADX boost: adx=55.0 \u2192 risk_pct=1.50%
2026-05-06 04:59:48 INFO mt5_bot - Execution status=skipped reason=no_closed_bar_crossover
2026-05-06 05:00:03 INFO mt5_bot - Balance=102029.96 Equity=102029.96 Spread=0.30 pips
2026-05-06 05:00:03 INFO mt5_bot - Signal=NONE reason=no_closed_bar_crossover price=None trend=bearish rsi=33.8 atr_pips=22.2 adx=56.0
2026-05-06 05:00:03 INFO mt5_bot - ADX boost: adx=56.0 \u2192 risk_pct=1.50%
2026-05-06 05:00:03 INFO mt5_bot - Execution status=skipped reason=no_closed_bar_crossover
2026-05-06 05:00:18 INFO mt5_bot - Balance=102029.96 Equity=102029.96 Spread=0.30 pips
2026-05-06 05:00:18 INFO mt5_bot.news_filter - news_filter: loaded 115 events from shared cache
2026-05-06 05:00:18 INFO mt5_bot - Signal=NONE reason=no_closed_bar_crossover price=None trend=bearish rsi=33.8 atr_pips=22.2 adx=56.0
2026-05-06 05:00:18 INFO mt5_bot - ADX boost: adx=56.0 \u2192 risk_pct=1.50%
2026-05-06 05:00:18 INFO mt5_bot - Execution status=skipped reason=no_closed_bar_crossover
2026-05-06 05:00:33 INFO mt5_bot - Balance=102029.96 Equity=102029.96 Spread=0.30 pips
2026-05-06 05:00:33 INFO mt5_bot - Signal=NONE reason=no_closed_bar_crossover price=None trend=bearish rsi=33.8 atr_pips=22.2 adx=56.0
2026-05-06 05:00:33 INFO mt5_bot - ADX boost: adx=56.0 \u2192 risk_pct=1.50%
2026-05-06 05:00:33 INFO mt5_bot - Execution status=skipped reason=no_closed_bar_crossover
2026-05-06 05:00:48 INFO mt5_bot - Balance=102029.96 Equity=102029.96 Spread=0.30 pips
2026-05-06 05:00:48 INFO mt5_bot - Signal=NONE reason=no_closed_bar_crossover price=None trend=bearish rsi=33.8 atr_pips=22.2 adx=56.0
2026-05-06 05:00:48 INFO mt5_bot - ADX boost: adx=56.0 \u2192 risk_pct=1.50%
2026-05-06 05:00:48 INFO mt5_bot - Execution status=skipped reason=no_closed_bar_crossover
2026-05-06 05:01:03 INFO mt5_bot - Balance=102029.96 Equity=102029.96 Spread=0.30 pips
2026-05-06 05:01:03 INFO mt5_bot - Signal=NONE reason=no_closed_bar_crossover price=None trend=bearish rsi=33.8 atr_pips=22.2 adx=56.0
2026-05-06 05:01:03 INFO mt5_bot - ADX boost: adx=56.0 \u2192 risk_pct=1.50%
2026-05-06 05:01:03 INFO mt5_bot - Execution status=skipped reason=no_closed_bar_crossover
2026-05-06 05:01:18 INFO mt5_bot - Balance=102029.96 Equity=102029.96 Spread=0.30 pips
2026-05-06 05:01:18 INFO mt5_bot - Signal=NONE reason=no_closed_bar_crossover price=None trend=bearish rsi=33.8 atr_pips=22.2 adx=56.0
2026-05-06 05:01:18 INFO mt5_bot - ADX boost: adx=56.0 \u2192 risk_pct=1.50%
2026-05-06 05:01:18 INFO mt5_bot - Execution status=skipped reason=no_closed_bar_crossover
2026-05-06 05:01:33 INFO mt5_bot - Balance=102029.96 Equity=102029.96 Spread=0.30 pips
2026-05-06 05:01:33 INFO mt5_bot - Signal=NONE reason=no_closed_bar_crossover price=None trend=bearish rsi=33.8 atr_pips=22.2 adx=56.0
2026-05-06 05:01:33 INFO mt5_bot - ADX boost: adx=56.0 \u2192 risk_pct=1.50%
2026-05-06 05:01:33 INFO mt5_bot - Execution status=skipped reason=no_closed_bar_crossover
2026-05-06 05:01:48 INFO mt5_bot - Balance=102029.96 Equity=102029.96 Spread=0.30 pips
2026-05-06 05:01:48 INFO mt5_bot - Signal=NONE reason=no_closed_bar_crossover price=None trend=bearish rsi=33.8 atr_pips=22.2 adx=56.0
2026-05-06 05:01:48 INFO mt5_bot - ADX boost: adx=56.0 \u2192 risk_pct=1.50%
2026-05-06 05:01:48 INFO mt5_bot - Execution status=skipped reason=no_closed_bar_crossover
2026-05-06 05:02:03 INFO mt5_bot - Balance=102029.96 Equity=102029.96 Spread=0.30 pips
2026-05-06 05:02:03 INFO mt5_bot - Signal=NONE reason=no_closed_bar_crossover price=None trend=bearish rsi=33.8 atr_pips=22.2 adx=56.0
2026-05-06 05:02:03 INFO mt5_bot - ADX boost: adx=56.0 \u2192 risk_pct=1.50%
2026-05-06 05:02:03 INFO mt5_bot - Execution status=skipped reason=no_closed_bar_crossover
2026-05-06 05:02:18 INFO mt5_bot - Balance=102029.96 Equity=102029.96 Spread=0.30 pips
2026-05-06 05:02:18 INFO mt5_bot - Signal=NONE reason=no_closed_bar_crossover price=None trend=bearish rsi=33.8 atr_pips=22.2 adx=56.0
2026-05-06 05:02:18 INFO mt5_bot - ADX boost: adx=56.0 \u2192 risk_pct=1.50%
2026-05-06 05:02:18 INFO mt5_bot - Execution status=skipped reason=no_closed_bar_crossover
2026-05-06 05:02:33 INFO mt5_bot - Balance=102029.96 Equity=102029.96 Spread=0.30 pips
2026-05-06 05:02:33 INFO mt5_bot - Signal=NONE reason=no_closed_bar_crossover price=None trend=bearish rsi=33.8 atr_pips=22.2 adx=56.0
2026-05-06 05:02:33 INFO mt5_bot - ADX boost: adx=56.0 \u2192 risk_pct=1.50%
2026-05-06 05:02:33 INFO mt5_bot - Execution status=skipped reason=no_closed_bar_crossover
2026-05-06 05:02:48 INFO mt5_bot - Balance=102029.96 Equity=102029.96 Spread=0.30 pips
2026-05-06 05:02:48 INFO mt5_bot - Signal=NONE reason=no_closed_bar_crossover price=None trend=bearish rsi=33.8 atr_pips=22.2 adx=56.0
2026-05-06 05:02:48 INFO mt5_bot - ADX boost: adx=56.0 \u2192 risk_pct=1.50%
2026-05-06 05:02:48 INFO mt5_bot - Execution status=skipped reason=no_closed_bar_crossover
2026-05-06 05:03:03 INFO mt5_bot - Balance=102029.96 Equity=102029.96 Spread=0.30 pips
2026-05-06 05:03:03 INFO mt5_bot - Signal=NONE reason=no_closed_bar_crossover price=None trend=bearish rsi=33.8 atr_pips=22.2 adx=56.0
2026-05-06 05:03:03 INFO mt5_bot - ADX boost: adx=56.0 \u2192 risk_pct=1.50%
2026-05-06 05:03:03 INFO mt5_bot - Execution status=skipped reason=no_closed_bar_crossover
2026-05-06 05:03:18 INFO mt5_bot - Balance=102029.96 Equity=102029.96 Spread=0.30 pips
2026-05-06 05:03:18 INFO mt5_bot - Signal=NONE reason=no_closed_bar_crossover price=None trend=bearish rsi=33.8 atr_pips=22.2 adx=56.0
2026-05-06 05:03:18 INFO mt5_bot - ADX boost: adx=56.0 \u2192 risk_pct=1.50%
2026-05-06 05:03:18 INFO mt5_bot - Execution status=skipped reason=no_closed_bar_crossover
2026-05-06 05:03:33 INFO mt5_bot - Balance=102029.96 Equity=102029.96 Spread=0.30 pips
2026-05-06 05:03:33 INFO mt5_bot - Signal=NONE reason=no_closed_bar_crossover price=None trend=bearish rsi=33.8 atr_pips=22.2 adx=56.0
2026-05-06 05:03:33 INFO mt5_bot - ADX boost: adx=56.0 \u2192 risk_pct=1.50%
2026-05-06 05:03:33 INFO mt5_bot - Execution status=skipped reason=no_closed_bar_crossover
2026-05-06 05:03:48 INFO mt5_bot - Balance=102029.96 Equity=102029.96 Spread=0.30 pips
2026-05-06 05:03:48 INFO mt5_bot - Signal=NONE reason=no_closed_bar_crossover price=None trend=bearish rsi=33.8 atr_pips=22.2 adx=56.0
2026-05-06 05:03:48 INFO mt5_bot - ADX boost: adx=56.0 \u2192 risk_pct=1.50%
2026-05-06 05:03:48 INFO mt5_bot - Execution status=skipped reason=no_closed_bar_crossover
2026-05-06 05:04:03 INFO mt5_bot - Balance=102029.96 Equity=102029.96 Spread=0.30 pips
2026-05-06 05:04:03 INFO mt5_bot - Signal=NONE reason=no_closed_bar_crossover price=None trend=bearish rsi=33.8 atr_pips=22.2 adx=56.0
2026-05-06 05:04:03 INFO mt5_bot - ADX boost: adx=56.0 \u2192 risk_pct=1.50%
2026-05-06 05:04:03 INFO mt5_bot - Execution status=skipped reason=no_closed_bar_crossover
2026-05-06 05:04:18 INFO mt5_bot - Balance=102029.96 Equity=102029.96 Spread=0.30 pips
2026-05-06 05:04:18 INFO mt5_bot - Signal=NONE reason=no_closed_bar_crossover price=None trend=bearish rsi=33.8 atr_pips=22.2 adx=56.0
2026-05-06 05:04:18 INFO mt5_bot - ADX boost: adx=56.0 \u2192 risk_pct=1.50%
2026-05-06 05:04:18 INFO mt5_bot - Execution status=skipped reason=no_closed_bar_crossover
2026-05-06 05:04:33 INFO mt5_bot - Balance=102029.96 Equity=102029.96 Spread=0.30 pips
2026-05-06 05:04:33 INFO mt5_bot - Signal=NONE reason=no_closed_bar_crossover price=None trend=bearish rsi=33.8 atr_pips=22.2 adx=56.0
2026-05-06 05:04:33 INFO mt5_bot - ADX boost: adx=56.0 \u2192 risk_pct=1.50%
2026-05-06 05:04:33 INFO mt5_bot - Execution status=skipped reason=no_closed_bar_crossover
2026-05-06 05:04:48 INFO mt5_bot - Balance=102029.96 Equity=102029.96 Spread=0.30 pips
2026-05-06 05:04:48 INFO mt5_bot - Signal=NONE reason=no_closed_bar_crossover price=None trend=bearish rsi=33.8 atr_pips=22.2 adx=56.0
2026-05-06 05:04:48 INFO mt5_bot - ADX boost: adx=56.0 \u2192 risk_pct=1.50%
2026-05-06 05:04:48 INFO mt5_bot - Execution status=skipped reason=no_closed_bar_crossover
2026-05-06 05:05:03 INFO mt5_bot - Balance=102029.96 Equity=102029.96 Spread=0.30 pips
2026-05-06 05:05:03 INFO mt5_bot - Signal=NONE reason=no_closed_bar_crossover price=None trend=bearish rsi=33.8 atr_pips=22.2 adx=56.0
2026-05-06 05:05:03 INFO mt5_bot - ADX boost: adx=56.0 \u2192 risk_pct=1.50%
2026-05-06 05:05:03 INFO mt5_bot - Execution status=skipped reason=no_closed_bar_crossover
2026-05-06 05:05:18 INFO mt5_bot - Balance=102029.96 Equity=102029.96 Spread=0.30 pips
2026-05-06 05:05:18 INFO mt5_bot - Signal=NONE reason=no_closed_bar_crossover price=None trend=bearish rsi=33.8 atr_pips=22.2 adx=56.0
2026-05-06 05:05:18 INFO mt5_bot - ADX boost: adx=56.0 \u2192 risk_pct=1.50%
2026-05-06 05:05:18 INFO mt5_bot - Execution status=skipped reason=no_closed_bar_crossover
2026-05-06 05:05:33 INFO mt5_bot - Balance=102029.96 Equity=102029.96 Spread=0.30 pips
2026-05-06 05:05:33 INFO mt5_bot - Signal=NONE reason=no_closed_bar_crossover price=None trend=bearish rsi=33.8 atr_pips=22.2 adx=56.0
2026-05-06 05:05:33 INFO mt5_bot - ADX boost: adx=56.0 \u2192 risk_pct=1.50%
2026-05-06 05:05:33 INFO mt5_bot - Execution status=skipped reason=no_closed_bar_crossover
2026-05-06 05:05:48 INFO mt5_bot - Balance=102029.96 Equity=102029.96 Spread=0.30 pips
2026-05-06 05:05:48 INFO mt5_bot - Signal=NONE reason=no_closed_bar_crossover price=None trend=bearish rsi=33.8 atr_pips=22.2 adx=56.0
2026-05-06 05:05:48 INFO mt5_bot - ADX boost: adx=56.0 \u2192 risk_pct=1.50%
2026-05-06 05:05:48 INFO mt5_bot - Execution status=skipped reason=no_closed_bar_crossover
2026-05-06 05:06:03 INFO mt5_bot - Balance=102029.96 Equity=102029.96 Spread=0.30 pips
2026-05-06 05:06:03 INFO mt5_bot - Signal=NONE reason=no_closed_bar_crossover price=None trend=bearish rsi=33.8 atr_pips=22.2 adx=56.0
2026-05-06 05:06:03 INFO mt5_bot - ADX boost: adx=56.0 \u2192 risk_pct=1.50%
2026-05-06 05:06:03 INFO mt5_bot - Execution status=skipped reason=no_closed_bar_crossover
2026-05-06 05:06:18 INFO mt5_bot - Balance=102029.96 Equity=102029.96 Spread=0.30 pips
2026-05-06 05:06:18 INFO mt5_bot - Signal=NONE reason=no_closed_bar_crossover price=None trend=bearish rsi=33.8 atr_pips=22.2 adx=56.0
2026-05-06 05:06:18 INFO mt5_bot - ADX boost: adx=56.0 \u2192 risk_pct=1.50%
2026-05-06 05:06:18 INFO mt5_bot - Execution status=skipped reason=no_closed_bar_crossover
2026-05-06 05:06:33 INFO mt5_bot - Balance=102029.96 Equity=102029.96 Spread=0.30 pips
2026-05-06 05:06:33 INFO mt5_bot - Signal=NONE reason=no_closed_bar_crossover price=None trend=bearish rsi=33.8 atr_pips=22.2 adx=56.0
2026-05-06 05:06:33 INFO mt5_bot - ADX boost: adx=56.0 \u2192 risk_pct=1.50%
2026-05-06 05:06:33 INFO mt5_bot - Execution status=skipped reason=no_closed_bar_crossover
2026-05-06 05:06:48 INFO mt5_bot - Balance=102029.96 Equity=102029.96 Spread=0.30 pips
2026-05-06 05:06:48 INFO mt5_bot - Signal=NONE reason=no_closed_bar_crossover price=None trend=bearish rsi=33.8 atr_pips=22.2 adx=56.0
2026-05-06 05:06:48 INFO mt5_bot - ADX boost: adx=56.0 \u2192 risk_pct=1.50%
2026-05-06 05:06:48 INFO mt5_bot - Execution status=skipped reason=no_closed_bar_crossover
2026-05-06 05:07:03 INFO mt5_bot - Balance=102029.96 Equity=102029.96 Spread=0.30 pips
2026-05-06 05:07:03 INFO mt5_bot - Signal=NONE reason=no_closed_bar_crossover price=None trend=bearish rsi=33.8 atr_pips=22.2 adx=56.0
2026-05-06 05:07:03 INFO mt5_bot - ADX boost: adx=56.0 \u2192 risk_pct=1.50%
2026-05-06 05:07:03 INFO mt5_bot - Execution status=skipped reason=no_closed_bar_crossover
2026-05-06 05:07:18 INFO mt5_bot - Balance=102029.96 Equity=102029.96 Spread=0.30 pips
2026-05-06 05:07:18 INFO mt5_bot - Signal=NONE reason=no_closed_bar_crossover price=None trend=bearish rsi=33.8 atr_pips=22.2 adx=56.0
2026-05-06 05:07:18 INFO mt5_bot - ADX boost: adx=56.0 \u2192 risk_pct=1.50%
2026-05-06 05:07:18 INFO mt5_bot - Execution status=skipped reason=no_closed_bar_crossover
2026-05-06 05:07:33 INFO mt5_bot - Balance=102029.96 Equity=102029.96 Spread=0.30 pips
2026-05-06 05:07:33 INFO mt5_bot - Signal=NONE reason=no_closed_bar_crossover price=None trend=bearish rsi=33.8 atr_pips=22.2 adx=56.0
2026-05-06 05:07:33 INFO mt5_bot - ADX boost: adx=56.0 \u2192 risk_pct=1.50%
2026-05-06 05:07:33 INFO mt5_bot - Execution status=skipped reason=no_closed_bar_crossover
2026-05-06 05:07:48 INFO mt5_bot - Balance=102029.96 Equity=102029.96 Spread=0.30 pips
2026-05-06 05:07:48 INFO mt5_bot - Signal=NONE reason=no_closed_bar_crossover price=None trend=bearish rsi=33.8 atr_pips=22.2 adx=56.0
2026-05-06 05:07:48 INFO mt5_bot - ADX boost: adx=56.0 \u2192 risk_pct=1.50%
2026-05-06 05:07:48 INFO mt5_bot - Execution status=skipped reason=no_closed_bar_crossover
2026-05-06 05:08:03 INFO mt5_bot - Balance=102029.96 Equity=102029.96 Spread=0.30 pips
2026-05-06 05:08:03 INFO mt5_bot - Signal=NONE reason=no_closed_bar_crossover price=None trend=bearish rsi=33.8 atr_pips=22.2 adx=56.0
2026-05-06 05:08:03 INFO mt5_bot - ADX boost: adx=56.0 \u2192 risk_pct=1.50%
2026-05-06 05:08:03 INFO mt5_bot - Execution status=skipped reason=no_closed_bar_crossover
2026-05-06 05:08:18 INFO mt5_bot - Balance=102029.96 Equity=102029.96 Spread=0.30 pips
2026-05-06 05:08:18 INFO mt5_bot - Signal=NONE reason=no_closed_bar_crossover price=None trend=bearish rsi=33.8 atr_pips=22.2 adx=56.0
2026-05-06 05:08:18 INFO mt5_bot - ADX boost: adx=56.0 \u2192 risk_pct=1.50%
2026-05-06 05:08:18 INFO mt5_bot - Execution status=skipped reason=no_closed_bar_crossover
2026-05-06 05:08:33 INFO mt5_bot - Balance=102029.96 Equity=102029.96 Spread=0.30 pips
2026-05-06 05:08:33 INFO mt5_bot - Signal=NONE reason=no_closed_bar_crossover price=None trend=bearish rsi=33.8 atr_pips=22.2 adx=56.0
2026-05-06 05:08:33 INFO mt5_bot - ADX boost: adx=56.0 \u2192 risk_pct=1.50%
2026-05-06 05:08:33 INFO mt5_bot - Execution status=skipped reason=no_closed_bar_crossover
2026-05-06 05:08:48 INFO mt5_bot - Balance=102029.96 Equity=102029.96 Spread=0.30 pips
2026-05-06 05:08:48 INFO mt5_bot - Signal=NONE reason=no_closed_bar_crossover price=None trend=bearish rsi=33.8 atr_pips=22.2 adx=56.0
2026-05-06 05:08:48 INFO mt5_bot - ADX boost: adx=56.0 \u2192 risk_pct=1.50%
2026-05-06 05:08:48 INFO mt5_bot - Execution status=skipped reason=no_closed_bar_crossover
2026-05-06 05:09:03 INFO mt5_bot - Balance=102029.96 Equity=102029.96 Spread=0.30 pips
2026-05-06 05:09:04 INFO mt5_bot - Signal=NONE reason=no_closed_bar_crossover price=None trend=bearish rsi=33.8 atr_pips=22.2 adx=56.0
2026-05-06 05:09:04 INFO mt5_bot - ADX boost: adx=56.0 \u2192 risk_pct=1.50%
2026-05-06 05:09:04 INFO mt5_bot - Execution status=skipped reason=no_closed_bar_crossover
2026-05-06 05:09:19 INFO mt5_bot - Balance=102029.96 Equity=102029.96 Spread=0.30 pips
2026-05-06 05:09:19 INFO mt5_bot - Signal=NONE reason=no_closed_bar_crossover price=None trend=bearish rsi=33.8 atr_pips=22.2 adx=56.0
2026-05-06 05:09:19 INFO mt5_bot - ADX boost: adx=56.0 \u2192 risk_pct=1.50%
2026-05-06 05:09:19 INFO mt5_bot - Execution status=skipped reason=no_closed_bar_crossover
2026-05-06 05:09:34 INFO mt5_bot - Balance=102029.96 Equity=102029.96 Spread=0.30 pips
2026-05-06 05:09:34 INFO mt5_bot - Signal=NONE reason=no_closed_bar_crossover price=None trend=bearish rsi=33.8 atr_pips=22.2 adx=56.0
2026-05-06 05:09:34 INFO mt5_bot - ADX boost: adx=56.0 \u2192 risk_pct=1.50%
2026-05-06 05:09:34 INFO mt5_bot - Execution status=skipped reason=no_closed_bar_crossover
2026-05-06 05:09:49 INFO mt5_bot - Balance=102029.96 Equity=102029.96 Spread=0.30 pips
2026-05-06 05:09:49 INFO mt5_bot - Signal=NONE reason=no_closed_bar_crossover price=None trend=bearish rsi=33.8 atr_pips=22.2 adx=56.0
2026-05-06 05:09:49 INFO mt5_bot - ADX boost: adx=56.0 \u2192 risk_pct=1.50%
2026-05-06 05:09:49 INFO mt5_bot - Execution status=skipped reason=no_closed_bar_crossover
2026-05-06 05:10:04 INFO mt5_bot - Balance=102029.96 Equity=102029.96 Spread=0.30 pips
2026-05-06 05:10:04 INFO mt5_bot - Signal=NONE reason=no_closed_bar_crossover price=None trend=bearish rsi=33.8 atr_pips=22.2 adx=56.0
2026-05-06 05:10:04 INFO mt5_bot - ADX boost: adx=56.0 \u2192 risk_pct=1.50%
2026-05-06 05:10:04 INFO mt5_bot - Execution status=skipped reason=no_closed_bar_crossover
2026-05-06 05:10:19 INFO mt5_bot - Balance=102029.96 Equity=102029.96 Spread=0.30 pips
2026-05-06 05:10:19 INFO mt5_bot - Signal=NONE reason=no_closed_bar_crossover price=None trend=bearish rsi=33.8 atr_pips=22.2 adx=56.0
2026-05-06 05:10:19 INFO mt5_bot - ADX boost: adx=56.0 \u2192 risk_pct=1.50%
2026-05-06 05:10:19 INFO mt5_bot - Execution status=skipped reason=no_closed_bar_crossover
2026-05-06 05:10:34 INFO mt5_bot - Balance=102029.96 Equity=102029.96 Spread=0.30 pips
2026-05-06 05:10:34 INFO mt5_bot - Signal=NONE reason=no_closed_bar_crossover price=None trend=bearish rsi=33.8 atr_pips=22.2 adx=56.0
2026-05-06 05:10:34 INFO mt5_bot - ADX boost: adx=56.0 \u2192 risk_pct=1.50%
2026-05-06 05:10:34 INFO mt5_bot - Execution status=skipped reason=no_closed_bar_crossover
2026-05-06 05:10:49 INFO mt5_bot - Balance=102029.96 Equity=102029.96 Spread=0.30 pips
2026-05-06 05:10:49 INFO mt5_bot - Signal=NONE reason=no_closed_bar_crossover price=None trend=bearish rsi=33.8 atr_pips=22.2 adx=56.0
2026-05-06 05:10:49 INFO mt5_bot - ADX boost: adx=56.0 \u2192 risk_pct=1.50%
2026-05-06 05:10:49 INFO mt5_bot - Execution status=skipped reason=no_closed_bar_crossover
2026-05-06 05:11:04 INFO mt5_bot - Balance=102029.96 Equity=102029.96 Spread=0.30 pips
2026-05-06 05:11:04 INFO mt5_bot - Signal=NONE reason=no_closed_bar_crossover price=None trend=bearish rsi=33.8 atr_pips=22.2 adx=56.0
2026-05-06 05:11:04 INFO mt5_bot - ADX boost: adx=56.0 \u2192 risk_pct=1.50%
2026-05-06 05:11:04 INFO mt5_bot - Execution status=skipped reason=no_closed_bar_crossover
2026-05-06 05:11:19 INFO mt5_bot - Balance=102029.96 Equity=102029.96 Spread=0.30 pips
2026-05-06 05:11:19 INFO mt5_bot - Signal=NONE reason=no_closed_bar_crossover price=None trend=bearish rsi=33.8 atr_pips=22.2 adx=56.0
2026-05-06 05:11:19 INFO mt5_bot - ADX boost: adx=56.0 \u2192 risk_pct=1.50%
2026-05-06 05:11:19 INFO mt5_bot - Execution status=skipped reason=no_closed_bar_crossover
2026-05-06 05:11:34 INFO mt5_bot - Balance=102029.96 Equity=102029.96 Spread=0.30 pips
2026-05-06 05:11:34 INFO mt5_bot - Signal=NONE reason=no_closed_bar_crossover price=None trend=bearish rsi=33.8 atr_pips=22.2 adx=56.0
2026-05-06 05:11:34 INFO mt5_bot - ADX boost: adx=56.0 \u2192 risk_pct=1.50%
2026-05-06 05:11:34 INFO mt5_bot - Execution status=skipped reason=no_closed_bar_crossover
2026-05-06 05:11:49 INFO mt5_bot - Balance=102029.96 Equity=102029.96 Spread=0.30 pips
2026-05-06 05:11:49 INFO mt5_bot - Signal=NONE reason=no_closed_bar_crossover price=None trend=bearish rsi=33.8 atr_pips=22.2 adx=56.0
2026-05-06 05:11:49 INFO mt5_bot - ADX boost: adx=56.0 \u2192 risk_pct=1.50%
2026-05-06 05:11:49 INFO mt5_bot - Execution status=skipped reason=no_closed_bar_crossover
2026-05-06 05:12:04 INFO mt5_bot - Balance=102029.96 Equity=102029.96 Spread=0.30 pips
2026-05-06 05:12:04 INFO mt5_bot - Signal=NONE reason=no_closed_bar_crossover price=None trend=bearish rsi=33.8 atr_pips=22.2 adx=56.0
2026-05-06 05:12:04 INFO mt5_bot - ADX boost: adx=56.0 \u2192 risk_pct=1.50%
2026-05-06 05:12:04 INFO mt5_bot - Execution status=skipped reason=no_closed_bar_crossover
2026-05-06 05:12:19 INFO mt5_bot - Balance=102029.96 Equity=102029.96 Spread=0.30 pips
2026-05-06 05:12:19 INFO mt5_bot - Signal=NONE reason=no_closed_bar_crossover price=None trend=bearish rsi=33.8 atr_pips=22.2 adx=56.0
2026-05-06 05:12:19 INFO mt5_bot - ADX boost: adx=56.0 \u2192 risk_pct=1.50%
2026-05-06 05:12:19 INFO mt5_bot - Execution status=skipped reason=no_closed_bar_crossover
2026-05-06 05:12:34 INFO mt5_bot - Balance=102029.96 Equity=102029.96 Spread=0.30 pips
2026-05-06 05:12:34 INFO mt5_bot - Signal=NONE reason=no_closed_bar_crossover price=None trend=bearish rsi=33.8 atr_pips=22.2 adx=56.0
2026-05-06 05:12:34 INFO mt5_bot - ADX boost: adx=56.0 \u2192 risk_pct=1.50%
2026-05-06 05:12:34 INFO mt5_bot - Execution status=skipped reason=no_closed_bar_crossover
2026-05-06 05:12:49 INFO mt5_bot - Balance=102029.96 Equity=102029.96 Spread=0.30 pips
2026-05-06 05:12:49 INFO mt5_bot - Signal=NONE reason=no_closed_bar_crossover price=None trend=bearish rsi=33.8 atr_pips=22.2 adx=56.0
2026-05-06 05:12:49 INFO mt5_bot - ADX boost: adx=56.0 \u2192 risk_pct=1.50%
2026-05-06 05:12:49 INFO mt5_bot - Execution status=skipped reason=no_closed_bar_crossover
2026-05-06 05:13:04 INFO mt5_bot - Balance=102029.96 Equity=102029.96 Spread=0.30 pips
2026-05-06 05:13:04 INFO mt5_bot - Signal=NONE reason=no_closed_bar_crossover price=None trend=bearish rsi=33.8 atr_pips=22.2 adx=56.0
2026-05-06 05:13:04 INFO mt5_bot - ADX boost: adx=56.0 \u2192 risk_pct=1.50%
2026-05-06 05:13:04 INFO mt5_bot - Execution status=skipped reason=no_closed_bar_crossover
2026-05-06 05:13:19 INFO mt5_bot - Balance=102029.96 Equity=102029.96 Spread=0.30 pips
2026-05-06 05:13:19 INFO mt5_bot - Signal=NONE reason=no_closed_bar_crossover price=None trend=bearish rsi=33.8 atr_pips=22.2 adx=56.0
2026-05-06 05:13:19 INFO mt5_bot - ADX boost: adx=56.0 \u2192 risk_pct=1.50%
2026-05-06 05:13:19 INFO mt5_bot - Execution status=skipped reason=no_closed_bar_crossover
2026-05-06 05:13:34 INFO mt5_bot - Balance=102029.96 Equity=102029.96 Spread=0.30 pips
2026-05-06 05:13:34 INFO mt5_bot - Signal=NONE reason=no_closed_bar_crossover price=None trend=bearish rsi=33.8 atr_pips=22.2 adx=56.0
2026-05-06 05:13:34 INFO mt5_bot - ADX boost: adx=56.0 \u2192 risk_pct=1.50%
2026-05-06 05:13:34 INFO mt5_bot - Execution status=skipped reason=no_closed_bar_crossover
2026-05-06 05:13:49 INFO mt5_bot - Balance=102029.96 Equity=102029.96 Spread=0.30 pips
2026-05-06 05:13:49 INFO mt5_bot - Signal=NONE reason=no_closed_bar_crossover price=None trend=bearish rsi=33.8 atr_pips=22.2 adx=56.0
2026-05-06 05:13:49 INFO mt5_bot - ADX boost: adx=56.0 \u2192 risk_pct=1.50%
2026-05-06 05:13:49 INFO mt5_bot - Execution status=skipped reason=no_closed_bar_crossover
2026-05-06 05:14:04 INFO mt5_bot - Balance=102029.96 Equity=102029.96 Spread=0.30 pips
2026-05-06 05:14:04 INFO mt5_bot - Signal=NONE reason=no_closed_bar_crossover price=None trend=bearish rsi=33.8 atr_pips=22.2 adx=56.0
2026-05-06 05:14:04 INFO mt5_bot - ADX boost: adx=56.0 \u2192 risk_pct=1.50%
2026-05-06 05:14:04 INFO mt5_bot - Execution status=skipped reason=no_closed_bar_crossover
2026-05-06 05:14:19 INFO mt5_bot - Balance=102029.96 Equity=102029.96 Spread=0.30 pips
2026-05-06 05:14:19 INFO mt5_bot - Signal=NONE reason=no_closed_bar_crossover price=None trend=bearish rsi=33.8 atr_pips=22.2 adx=56.0
2026-05-06 05:14:19 INFO mt5_bot - ADX boost: adx=56.0 \u2192 risk_pct=1.50%
2026-05-06 05:14:19 INFO mt5_bot - Execution status=skipped reason=no_closed_bar_crossover
2026-05-06 05:14:34 INFO mt5_bot - Balance=102029.96 Equity=102029.96 Spread=0.30 pips
2026-05-06 05:14:34 INFO mt5_bot - Signal=NONE reason=no_closed_bar_crossover price=None trend=bearish rsi=33.8 atr_pips=22.2 adx=56.0
2026-05-06 05:14:34 INFO mt5_bot - ADX boost: adx=56.0 \u2192 risk_pct=1.50%
2026-05-06 05:14:34 INFO mt5_bot - Execution status=skipped reason=no_closed_bar_crossover
2026-05-06 05:14:49 INFO mt5_bot - Balance=102029.96 Equity=102029.96 Spread=0.30 pips
2026-05-06 05:14:49 INFO mt5_bot - Signal=NONE reason=no_closed_bar_crossover price=None trend=bearish rsi=33.8 atr_pips=22.2 adx=56.0
2026-05-06 05:14:49 INFO mt5_bot - ADX boost: adx=56.0 \u2192 risk_pct=1.50%
2026-05-06 05:14:49 INFO mt5_bot - Execution status=skipped reason=no_closed_bar_crossover
2026-05-06 05:15:04 INFO mt5_bot - Balance=102029.96 Equity=102029.96 Spread=0.30 pips
2026-05-06 05:15:04 INFO mt5_bot - Signal=NONE reason=no_closed_bar_crossover price=None trend=bearish rsi=36.8 atr_pips=21.6 adx=57.0
2026-05-06 05:15:04 INFO mt5_bot - ADX boost: adx=57.0 \u2192 risk_pct=1.50%
2026-05-06 05:15:04 INFO mt5_bot - Execution status=skipped reason=no_closed_bar_crossover
2026-05-06 05:15:19 INFO mt5_bot - Balance=102029.96 Equity=102029.96 Spread=0.30 pips
2026-05-06 05:15:19 INFO mt5_bot - Signal=NONE reason=no_closed_bar_crossover price=None trend=bearish rsi=36.8 atr_pips=21.6 adx=57.0
2026-05-06 05:15:19 INFO mt5_bot - ADX boost: adx=57.0 \u2192 risk_pct=1.50%
2026-05-06 05:15:19 INFO mt5_bot - Execution status=skipped reason=no_closed_bar_crossover
2026-05-06 05:15:34 INFO mt5_bot - Balance=102029.96 Equity=102029.96 Spread=0.30 pips
2026-05-06 05:15:34 INFO mt5_bot - Signal=NONE reason=no_closed_bar_crossover price=None trend=bearish rsi=36.8 atr_pips=21.6 adx=57.0
2026-05-06 05:15:34 INFO mt5_bot - ADX boost: adx=57.0 \u2192 risk_pct=1.50%
2026-05-06 05:15:34 INFO mt5_bot - Execution status=skipped reason=no_closed_bar_crossover
2026-05-06 05:15:49 INFO mt5_bot - Balance=102029.96 Equity=102029.96 Spread=0.30 pips
2026-05-06 05:15:49 INFO mt5_bot - Signal=NONE reason=no_closed_bar_crossover price=None trend=bearish rsi=36.8 atr_pips=21.6 adx=57.0
2026-05-06 05:15:49 INFO mt5_bot - ADX boost: adx=57.0 \u2192 risk_pct=1.50%
2026-05-06 05:15:49 INFO mt5_bot - Execution status=skipped reason=no_closed_bar_crossover
2026-05-06 05:16:04 INFO mt5_bot - Balance=102029.96 Equity=102029.96 Spread=0.30 pips
2026-05-06 05:16:04 INFO mt5_bot - Signal=NONE reason=no_closed_bar_crossover price=None trend=bearish rsi=36.8 atr_pips=21.6 adx=57.0
2026-05-06 05:16:04 INFO mt5_bot - ADX boost: adx=57.0 \u2192 risk_pct=1.50%
2026-05-06 05:16:04 INFO mt5_bot - Execution status=skipped reason=no_closed_bar_crossover
2026-05-06 05:16:19 INFO mt5_bot - Balance=102029.96 Equity=102029.96 Spread=0.30 pips
2026-05-06 05:16:19 INFO mt5_bot - Signal=NONE reason=no_closed_bar_crossover price=None trend=bearish rsi=36.8 atr_pips=21.6 adx=57.0
2026-05-06 05:16:19 INFO mt5_bot - ADX boost: adx=57.0 \u2192 risk_pct=1.50%
2026-05-06 05:16:19 INFO mt5_bot - Execution status=skipped reason=no_closed_bar_crossover
2026-05-06 05:16:34 INFO mt5_bot - Balance=102029.96 Equity=102029.96 Spread=0.30 pips
2026-05-06 05:16:34 INFO mt5_bot - Signal=NONE reason=no_closed_bar_crossover price=None trend=bearish rsi=36.8 atr_pips=21.6 adx=57.0
2026-05-06 05:16:34 INFO mt5_bot - ADX boost: adx=57.0 \u2192 risk_pct=1.50%
2026-05-06 05:16:34 INFO mt5_bot - Execution status=skipped reason=no_closed_bar_crossover
2026-05-06 05:16:49 INFO mt5_bot - Balance=102029.96 Equity=102029.96 Spread=0.30 pips
2026-05-06 05:16:49 INFO mt5_bot - Signal=NONE reason=no_closed_bar_crossover price=None trend=bearish rsi=36.8 atr_pips=21.6 adx=57.0
2026-05-06 05:16:49 INFO mt5_bot - ADX boost: adx=57.0 \u2192 risk_pct=1.50%
2026-05-06 05:16:49 INFO mt5_bot - Execution status=skipped reason=no_closed_bar_crossover
2026-05-06 05:17:04 INFO mt5_bot - Balance=102029.96 Equity=102029.96 Spread=0.30 pips
2026-05-06 05:17:04 INFO mt5_bot - Signal=NONE reason=no_closed_bar_crossover price=None trend=bearish rsi=36.8 atr_pips=21.6 adx=57.0
2026-05-06 05:17:04 INFO mt5_bot - ADX boost: adx=57.0 \u2192 risk_pct=1.50%
2026-05-06 05:17:04 INFO mt5_bot - Execution status=skipped reason=no_closed_bar_crossover
2026-05-06 05:17:19 INFO mt5_bot - Balance=102029.96 Equity=102029.96 Spread=0.30 pips
2026-05-06 05:17:19 INFO mt5_bot - Signal=NONE reason=no_closed_bar_crossover price=None trend=bearish rsi=36.8 atr_pips=21.6 adx=57.0
2026-05-06 05:17:19 INFO mt5_bot - ADX boost: adx=57.0 \u2192 risk_pct=1.50%
2026-05-06 05:17:19 INFO mt5_bot - Execution status=skipped reason=no_closed_bar_crossover
2026-05-06 05:17:34 INFO mt5_bot - Balance=102029.96 Equity=102029.96 Spread=0.30 pips
2026-05-06 05:17:34 INFO mt5_bot - Signal=NONE reason=no_closed_bar_crossover price=None trend=bearish rsi=36.8 atr_pips=21.6 adx=57.0
2026-05-06 05:17:34 INFO mt5_bot - ADX boost: adx=57.0 \u2192 risk_pct=1.50%
2026-05-06 05:17:34 INFO mt5_bot - Execution status=skipped reason=no_closed_bar_crossover
2026-05-06 05:17:49 INFO mt5_bot - Balance=102029.96 Equity=102029.96 Spread=0.30 pips
2026-05-06 05:17:49 INFO mt5_bot - Signal=NONE reason=no_closed_bar_crossover price=None trend=bearish rsi=36.8 atr_pips=21.6 adx=57.0
2026-05-06 05:17:49 INFO mt5_bot - ADX boost: adx=57.0 \u2192 risk_pct=1.50%
2026-05-06 05:17:49 INFO mt5_bot - Execution status=skipped reason=no_closed_bar_crossover
2026-05-06 05:18:04 INFO mt5_bot - Balance=102029.96 Equity=102029.96 Spread=0.30 pips
2026-05-06 05:18:04 INFO mt5_bot - Signal=NONE reason=no_closed_bar_crossover price=None trend=bearish rsi=36.8 atr_pips=21.6 adx=57.0
2026-05-06 05:18:04 INFO mt5_bot - ADX boost: adx=57.0 \u2192 risk_pct=1.50%
2026-05-06 05:18:04 INFO mt5_bot - Execution status=skipped reason=no_closed_bar_crossover
2026-05-06 05:18:19 INFO mt5_bot - Balance=102029.96 Equity=102029.96 Spread=0.30 pips
2026-05-06 05:18:19 INFO mt5_bot - Signal=NONE reason=no_closed_bar_crossover price=None trend=bearish rsi=36.8 atr_pips=21.6 adx=57.0
2026-05-06 05:18:19 INFO mt5_bot - ADX boost: adx=57.0 \u2192 risk_pct=1.50%
2026-05-06 05:18:19 INFO mt5_bot - Execution status=skipped reason=no_closed_bar_crossover
2026-05-06 05:18:34 INFO mt5_bot - Balance=102029.96 Equity=102029.96 Spread=0.30 pips
2026-05-06 05:18:34 INFO mt5_bot - Signal=NONE reason=no_closed_bar_crossover price=None trend=bearish rsi=36.8 atr_pips=21.6 adx=57.0
2026-05-06 05:18:34 INFO mt5_bot - ADX boost: adx=57.0 \u2192 risk_pct=1.50%
2026-05-06 05:18:34 INFO mt5_bot - Execution status=skipped reason=no_closed_bar_crossover
2026-05-06 05:18:49 INFO mt5_bot - Balance=102029.96 Equity=102029.96 Spread=0.30 pips
2026-05-06 05:18:49 INFO mt5_bot - Signal=NONE reason=no_closed_bar_crossover price=None trend=bearish rsi=36.8 atr_pips=21.6 adx=57.0
2026-05-06 05:18:49 INFO mt5_bot - ADX boost: adx=57.0 \u2192 risk_pct=1.50%
2026-05-06 05:18:49 INFO mt5_bot - Execution status=skipped reason=no_closed_bar_crossover
2026-05-06 05:19:04 INFO mt5_bot - Balance=102029.96 Equity=102029.96 Spread=0.30 pips
2026-05-06 05:19:04 INFO mt5_bot - Signal=NONE reason=no_closed_bar_crossover price=None trend=bearish rsi=36.8 atr_pips=21.6 adx=57.0
2026-05-06 05:19:04 INFO mt5_bot - ADX boost: adx=57.0 \u2192 risk_pct=1.50%
2026-05-06 05:19:04 INFO mt5_bot - Execution status=skipped reason=no_closed_bar_crossover
2026-05-06 05:19:19 INFO mt5_bot - Balance=102029.96 Equity=102029.96 Spread=0.30 pips
2026-05-06 05:19:19 INFO mt5_bot - Signal=NONE reason=no_closed_bar_crossover price=None trend=bearish rsi=36.8 atr_pips=21.6 adx=57.0
2026-05-06 05:19:19 INFO mt5_bot - ADX boost: adx=57.0 \u2192 risk_pct=1.50%
2026-05-06 05:19:19 INFO mt5_bot - Execution status=skipped reason=no_closed_bar_crossover
2026-05-06 05:19:34 INFO mt5_bot - Balance=102029.96 Equity=102029.96 Spread=0.30 pips
2026-05-06 05:19:34 INFO mt5_bot - Signal=NONE reason=no_closed_bar_crossover price=None trend=bearish rsi=36.8 atr_pips=21.6 adx=57.0
2026-05-06 05:19:34 INFO mt5_bot - ADX boost: adx=57.0 \u2192 risk_pct=1.50%
2026-05-06 05:19:34 INFO mt5_bot - Execution status=skipped reason=no_closed_bar_crossover
2026-05-06 05:19:49 INFO mt5_bot - Balance=102029.96 Equity=102029.96 Spread=0.30 pips
2026-05-06 05:19:49 INFO mt5_bot - Signal=NONE reason=no_closed_bar_crossover price=None trend=bearish rsi=36.8 atr_pips=21.6 adx=57.0
2026-05-06 05:19:49 INFO mt5_bot - ADX boost: adx=57.0 \u2192 risk_pct=1.50%
2026-05-06 05:19:49 INFO mt5_bot - Execution status=skipped reason=no_closed_bar_crossover
2026-05-06 05:20:04 INFO mt5_bot - Balance=102029.96 Equity=102029.96 Spread=0.30 pips
2026-05-06 05:20:04 INFO mt5_bot - Signal=NONE reason=no_closed_bar_crossover price=None trend=bearish rsi=36.8 atr_pips=21.6 adx=57.0
2026-05-06 05:20:04 INFO mt5_bot - ADX boost: adx=57.0 \u2192 risk_pct=1.50%
2026-05-06 05:20:04 INFO mt5_bot - Execution status=skipped reason=no_closed_bar_crossover
2026-05-06 05:20:19 INFO mt5_bot - Balance=102029.96 Equity=102029.96 Spread=0.30 pips
2026-05-06 05:20:19 INFO mt5_bot - Signal=NONE reason=no_closed_bar_crossover price=None trend=bearish rsi=36.8 atr_pips=21.6 adx=57.0
2026-05-06 05:20:19 INFO mt5_bot - ADX boost: adx=57.0 \u2192 risk_pct=1.50%
2026-05-06 05:20:19 INFO mt5_bot - Execution status=skipped reason=no_closed_bar_crossover
2026-05-06 05:20:34 INFO mt5_bot - Balance=102029.96 Equity=102029.96 Spread=0.30 pips
2026-05-06 05:20:34 INFO mt5_bot - Signal=NONE reason=no_closed_bar_crossover price=None trend=bearish rsi=36.8 atr_pips=21.6 adx=57.0
2026-05-06 05:20:34 INFO mt5_bot - ADX boost: adx=57.0 \u2192 risk_pct=1.50%
2026-05-06 05:20:34 INFO mt5_bot - Execution status=skipped reason=no_closed_bar_crossover
2026-05-06 05:20:49 INFO mt5_bot - Balance=102029.96 Equity=102029.96 Spread=0.30 pips
2026-05-06 05:20:49 INFO mt5_bot - Signal=NONE reason=no_closed_bar_crossover price=None trend=bearish rsi=36.8 atr_pips=21.6 adx=57.0
2026-05-06 05:20:49 INFO mt5_bot - ADX boost: adx=57.0 \u2192 risk_pct=1.50%
2026-05-06 05:20:49 INFO mt5_bot - Execution status=skipped reason=no_closed_bar_crossover
2026-05-06 05:21:04 INFO mt5_bot - Balance=102029.96 Equity=102029.96 Spread=0.30 pips
2026-05-06 05:21:04 INFO mt5_bot - Signal=NONE reason=no_closed_bar_crossover price=None trend=bearish rsi=36.8 atr_pips=21.6 adx=57.0
2026-05-06 05:21:04 INFO mt5_bot - ADX boost: adx=57.0 \u2192 risk_pct=1.50%
2026-05-06 05:21:04 INFO mt5_bot - Execution status=skipped reason=no_closed_bar_crossover
2026-05-06 05:21:19 INFO mt5_bot - Balance=102029.96 Equity=102029.96 Spread=0.30 pips
2026-05-06 05:21:19 INFO mt5_bot - Signal=NONE reason=no_closed_bar_crossover price=None trend=bearish rsi=36.8 atr_pips=21.6 adx=57.0
2026-05-06 05:21:19 INFO mt5_bot - ADX boost: adx=57.0 \u2192 risk_pct=1.50%
2026-05-06 05:21:19 INFO mt5_bot - Execution status=skipped reason=no_closed_bar_crossover
2026-05-06 05:21:34 INFO mt5_bot - Balance=102029.96 Equity=102029.96 Spread=0.30 pips
2026-05-06 05:21:34 INFO mt5_bot - Signal=NONE reason=no_closed_bar_crossover price=None trend=bearish rsi=36.8 atr_pips=21.6 adx=57.0
2026-05-06 05:21:34 INFO mt5_bot - ADX boost: adx=57.0 \u2192 risk_pct=1.50%
2026-05-06 05:21:34 INFO mt5_bot - Execution status=skipped reason=no_closed_bar_crossover
2026-05-06 05:21:49 INFO mt5_bot - Balance=102029.96 Equity=102029.96 Spread=0.30 pips
2026-05-06 05:21:49 INFO mt5_bot - Signal=NONE reason=no_closed_bar_crossover price=None trend=bearish rsi=36.8 atr_pips=21.6 adx=57.0
2026-05-06 05:21:49 INFO mt5_bot - ADX boost: adx=57.0 \u2192 risk_pct=1.50%
2026-05-06 05:21:49 INFO mt5_bot - Execution status=skipped reason=no_closed_bar_crossover
2026-05-06 05:22:04 INFO mt5_bot - Balance=102029.96 Equity=102029.96 Spread=0.30 pips
2026-05-06 05:22:04 INFO mt5_bot - Signal=NONE reason=no_closed_bar_crossover price=None trend=bearish rsi=36.8 atr_pips=21.6 adx=57.0
2026-05-06 05:22:04 INFO mt5_bot - ADX boost: adx=57.0 \u2192 risk_pct=1.50%
2026-05-06 05:22:04 INFO mt5_bot - Execution status=skipped reason=no_closed_bar_crossover
2026-05-06 05:22:19 INFO mt5_bot - Balance=102029.96 Equity=102029.96 Spread=0.30 pips
2026-05-06 05:22:19 INFO mt5_bot - Signal=NONE reason=no_closed_bar_crossover price=None trend=bearish rsi=36.8 atr_pips=21.6 adx=57.0
2026-05-06 05:22:19 INFO mt5_bot - ADX boost: adx=57.0 \u2192 risk_pct=1.50%
2026-05-06 05:22:19 INFO mt5_bot - Execution status=skipped reason=no_closed_bar_crossover
2026-05-06 05:22:34 INFO mt5_bot - Balance=102029.96 Equity=102029.96 Spread=0.30 pips
2026-05-06 05:22:34 INFO mt5_bot - Signal=NONE reason=no_closed_bar_crossover price=None trend=bearish rsi=36.8 atr_pips=21.6 adx=57.0
2026-05-06 05:22:34 INFO mt5_bot - ADX boost: adx=57.0 \u2192 risk_pct=1.50%
2026-05-06 05:22:34 INFO mt5_bot - Execution status=skipped reason=no_closed_bar_crossover
2026-05-06 05:22:49 INFO mt5_bot - Balance=102029.96 Equity=102029.96 Spread=0.30 pips
2026-05-06 05:22:49 INFO mt5_bot - Signal=NONE reason=no_closed_bar_crossover price=None trend=bearish rsi=36.8 atr_pips=21.6 adx=57.0
2026-05-06 05:22:49 INFO mt5_bot - ADX boost: adx=57.0 \u2192 risk_pct=1.50%
2026-05-06 05:22:49 INFO mt5_bot - Execution status=skipped reason=no_closed_bar_crossover
2026-05-06 05:23:04 INFO mt5_bot - Balance=102029.96 Equity=102029.96 Spread=0.30 pips
2026-05-06 05:23:04 INFO mt5_bot - Signal=NONE reason=no_closed_bar_crossover price=None trend=bearish rsi=36.8 atr_pips=21.6 adx=57.0
2026-05-06 05:23:04 INFO mt5_bot - ADX boost: adx=57.0 \u2192 risk_pct=1.50%
2026-05-06 05:23:04 INFO mt5_bot - Execution status=skipped reason=no_closed_bar_crossover
2026-05-06 05:23:19 INFO mt5_bot - Balance=102029.96 Equity=102029.96 Spread=0.30 pips
2026-05-06 05:23:19 INFO mt5_bot - Signal=NONE reason=no_closed_bar_crossover price=None trend=bearish rsi=36.8 atr_pips=21.6 adx=57.0
2026-05-06 05:23:19 INFO mt5_bot - ADX boost: adx=57.0 \u2192 risk_pct=1.50%
2026-05-06 05:23:19 INFO mt5_bot - Execution status=skipped reason=no_closed_bar_crossover
2026-05-06 05:23:34 INFO mt5_bot - Balance=102029.96 Equity=102029.96 Spread=0.30 pips
2026-05-06 05:23:34 INFO mt5_bot - Signal=NONE reason=no_closed_bar_crossover price=None trend=bearish rsi=36.8 atr_pips=21.6 adx=57.0
2026-05-06 05:23:34 INFO mt5_bot - ADX boost: adx=57.0 \u2192 risk_pct=1.50%
2026-05-06 05:23:34 INFO mt5_bot - Execution status=skipped reason=no_closed_bar_crossover
2026-05-06 05:23:49 INFO mt5_bot - Balance=102029.96 Equity=102029.96 Spread=0.30 pips
2026-05-06 05:23:49 INFO mt5_bot - Signal=NONE reason=no_closed_bar_crossover price=None trend=bearish rsi=36.8 atr_pips=21.6 adx=57.0
2026-05-06 05:23:49 INFO mt5_bot - ADX boost: adx=57.0 \u2192 risk_pct=1.50%
2026-05-06 05:23:49 INFO mt5_bot - Execution status=skipped reason=no_closed_bar_crossover
2026-05-06 05:24:04 INFO mt5_bot - Balance=102029.96 Equity=102029.96 Spread=0.30 pips
2026-05-06 05:24:04 INFO mt5_bot - Signal=NONE reason=no_closed_bar_crossover price=None trend=bearish rsi=36.8 atr_pips=21.6 adx=57.0
2026-05-06 05:24:04 INFO mt5_bot - ADX boost: adx=57.0 \u2192 risk_pct=1.50%
2026-05-06 05:24:04 INFO mt5_bot - Execution status=skipped reason=no_closed_bar_crossover
2026-05-06 05:24:19 INFO mt5_bot - Balance=102029.96 Equity=102029.96 Spread=0.30 pips
2026-05-06 05:24:19 INFO mt5_bot - Signal=NONE reason=no_closed_bar_crossover price=None trend=bearish rsi=36.8 atr_pips=21.6 adx=57.0
2026-05-06 05:24:19 INFO mt5_bot - ADX boost: adx=57.0 \u2192 risk_pct=1.50%
2026-05-06 05:24:19 INFO mt5_bot - Execution status=skipped reason=no_closed_bar_crossover
2026-05-06 05:24:34 INFO mt5_bot - Balance=102029.96 Equity=102029.96 Spread=0.30 pips
2026-05-06 05:24:34 INFO mt5_bot - Signal=NONE reason=no_closed_bar_crossover price=None trend=bearish rsi=36.8 atr_pips=21.6 adx=57.0
2026-05-06 05:24:34 INFO mt5_bot - ADX boost: adx=57.0 \u2192 risk_pct=1.50%
2026-05-06 05:24:34 INFO mt5_bot - Execution status=skipped reason=no_closed_bar_crossover
2026-05-06 05:24:50 INFO mt5_bot - Balance=102029.96 Equity=102029.96 Spread=0.30 pips
2026-05-06 05:24:50 INFO mt5_bot - Signal=NONE reason=no_closed_bar_crossover price=None trend=bearish rsi=36.8 atr_pips=21.6 adx=57.0
2026-05-06 05:24:50 INFO mt5_bot - ADX boost: adx=57.0 \u2192 risk_pct=1.50%
2026-05-06 05:24:50 INFO mt5_bot - Execution status=skipped reason=no_closed_bar_crossover
2026-05-06 05:25:05 INFO mt5_bot - Balance=102029.96 Equity=102029.96 Spread=0.30 pips
2026-05-06 05:25:05 INFO mt5_bot - Signal=NONE reason=no_closed_bar_crossover price=None trend=bearish rsi=36.8 atr_pips=21.6 adx=57.0
2026-05-06 05:25:05 INFO mt5_bot - ADX boost: adx=57.0 \u2192 risk_pct=1.50%
2026-05-06 05:25:05 INFO mt5_bot - Execution status=skipped reason=no_closed_bar_crossover
2026-05-06 05:25:20 INFO mt5_bot - Balance=102029.96 Equity=102029.96 Spread=0.30 pips
2026-05-06 05:25:20 INFO mt5_bot - Signal=NONE reason=no_closed_bar_crossover price=None trend=bearish rsi=36.8 atr_pips=21.6 adx=57.0
2026-05-06 05:25:20 INFO mt5_bot - ADX boost: adx=57.0 \u2192 risk_pct=1.50%
2026-05-06 05:25:20 INFO mt5_bot - Execution status=skipped reason=no_closed_bar_crossover
2026-05-06 05:25:35 INFO mt5_bot - Balance=102029.96 Equity=102029.96 Spread=0.30 pips
2026-05-06 05:25:35 INFO mt5_bot - Signal=NONE reason=no_closed_bar_crossover price=None trend=bearish rsi=36.8 atr_pips=21.6 adx=57.0
2026-05-06 05:25:35 INFO mt5_bot - ADX boost: adx=57.0 \u2192 risk_pct=1.50%
2026-05-06 05:25:35 INFO mt5_bot - Execution status=skipped reason=no_closed_bar_crossover
2026-05-06 05:25:50 INFO mt5_bot - Balance=102029.96 Equity=102029.96 Spread=0.30 pips
2026-05-06 05:25:50 INFO mt5_bot - Signal=NONE reason=no_closed_bar_crossover price=None trend=bearish rsi=36.8 atr_pips=21.6 adx=57.0
2026-05-06 05:25:50 INFO mt5_bot - ADX boost: adx=57.0 \u2192 risk_pct=1.50%
2026-05-06 05:25:50 INFO mt5_bot - Execution status=skipped reason=no_closed_bar_crossover
2026-05-06 05:26:05 INFO mt5_bot - Balance=102029.96 Equity=102029.96 Spread=0.30 pips
2026-05-06 05:26:05 INFO mt5_bot - Signal=NONE reason=no_closed_bar_crossover price=None trend=bearish rsi=36.8 atr_pips=21.6 adx=57.0
2026-05-06 05:26:05 INFO mt5_bot - ADX boost: adx=57.0 \u2192 risk_pct=1.50%
2026-05-06 05:26:05 INFO mt5_bot - Execution status=skipped reason=no_closed_bar_crossover
2026-05-06 05:26:20 INFO mt5_bot - Balance=102029.96 Equity=102029.96 Spread=0.30 pips
2026-05-06 05:26:20 INFO mt5_bot - Signal=NONE reason=no_closed_bar_crossover price=None trend=bearish rsi=36.8 atr_pips=21.6 adx=57.0
2026-05-06 05:26:20 INFO mt5_bot - ADX boost: adx=57.0 \u2192 risk_pct=1.50%
2026-05-06 05:26:20 INFO mt5_bot - Execution status=skipped reason=no_closed_bar_crossover
2026-05-06 05:26:35 INFO mt5_bot - Balance=102029.96 Equity=102029.96 Spread=0.30 pips
2026-05-06 05:26:35 INFO mt5_bot - Signal=NONE reason=no_closed_bar_crossover price=None trend=bearish rsi=36.8 atr_pips=21.6 adx=57.0
2026-05-06 05:26:35 INFO mt5_bot - ADX boost: adx=57.0 \u2192 risk_pct=1.50%
2026-05-06 05:26:35 INFO mt5_bot - Execution status=skipped reason=no_closed_bar_crossover
2026-05-06 05:26:50 INFO mt5_bot - Balance=102029.96 Equity=102029.96 Spread=0.30 pips
2026-05-06 05:26:50 INFO mt5_bot - Signal=NONE reason=no_closed_bar_crossover price=None trend=bearish rsi=36.8 atr_pips=21.6 adx=57.0
2026-05-06 05:26:50 INFO mt5_bot - ADX boost: adx=57.0 \u2192 risk_pct=1.50%
2026-05-06 05:26:50 INFO mt5_bot - Execution status=skipped reason=no_closed_bar_crossover
2026-05-06 05:27:05 INFO mt5_bot - Balance=102029.96 Equity=102029.96 Spread=0.30 pips
2026-05-06 05:27:05 INFO mt5_bot - Signal=NONE reason=no_closed_bar_crossover price=None trend=bearish rsi=36.8 atr_pips=21.6 adx=57.0
2026-05-06 05:27:05 INFO mt5_bot - ADX boost: adx=57.0 \u2192 risk_pct=1.50%
2026-05-06 05:27:05 INFO mt5_bot - Execution status=skipped reason=no_closed_bar_crossover
2026-05-06 05:27:20 INFO mt5_bot - Balance=102029.96 Equity=102029.96 Spread=0.30 pips
2026-05-06 05:27:20 INFO mt5_bot - Signal=NONE reason=no_closed_bar_crossover price=None trend=bearish rsi=36.8 atr_pips=21.6 adx=57.0
2026-05-06 05:27:20 INFO mt5_bot - ADX boost: adx=57.0 \u2192 risk_pct=1.50%
2026-05-06 05:27:20 INFO mt5_bot - Execution status=skipped reason=no_closed_bar_crossover
2026-05-06 05:27:35 INFO mt5_bot - Balance=102029.96 Equity=102029.96 Spread=0.30 pips
2026-05-06 05:27:35 INFO mt5_bot - Signal=NONE reason=no_closed_bar_crossover price=None trend=bearish rsi=36.8 atr_pips=21.6 adx=57.0
2026-05-06 05:27:35 INFO mt5_bot - ADX boost: adx=57.0 \u2192 risk_pct=1.50%
2026-05-06 05:27:35 INFO mt5_bot - Execution status=skipped reason=no_closed_bar_crossover
2026-05-06 05:27:50 INFO mt5_bot - Balance=102029.96 Equity=102029.96 Spread=0.30 pips
2026-05-06 05:27:50 INFO mt5_bot - Signal=NONE reason=no_closed_bar_crossover price=None trend=bearish rsi=36.8 atr_pips=21.6 adx=57.0
2026-05-06 05:27:50 INFO mt5_bot - ADX boost: adx=57.0 \u2192 risk_pct=1.50%
2026-05-06 05:27:50 INFO mt5_bot - Execution status=skipped reason=no_closed_bar_crossover
2026-05-06 05:28:05 INFO mt5_bot - Balance=102029.96 Equity=102029.96 Spread=0.30 pips
2026-05-06 05:28:05 INFO mt5_bot - Signal=NONE reason=no_closed_bar_crossover price=None trend=bearish rsi=36.8 atr_pips=21.6 adx=57.0
2026-05-06 05:28:05 INFO mt5_bot - ADX boost: adx=57.0 \u2192 risk_pct=1.50%
2026-05-06 05:28:05 INFO mt5_bot - Execution status=skipped reason=no_closed_bar_crossover
2026-05-06 05:28:20 INFO mt5_bot - Balance=102029.96 Equity=102029.96 Spread=0.30 pips
2026-05-06 05:28:20 INFO mt5_bot - Signal=NONE reason=no_closed_bar_crossover price=None trend=bearish rsi=36.8 atr_pips=21.6 adx=57.0
2026-05-06 05:28:20 INFO mt5_bot - ADX boost: adx=57.0 \u2192 risk_pct=1.50%
2026-05-06 05:28:20 INFO mt5_bot - Execution status=skipped reason=no_closed_bar_crossover
2026-05-06 05:28:35 INFO mt5_bot - Balance=102029.96 Equity=102029.96 Spread=0.30 pips
2026-05-06 05:28:35 INFO mt5_bot - Signal=NONE reason=no_closed_bar_crossover price=None trend=bearish rsi=36.8 atr_pips=21.6 adx=57.0
2026-05-06 05:28:35 INFO mt5_bot - ADX boost: adx=57.0 \u2192 risk_pct=1.50%
2026-05-06 05:28:35 INFO mt5_bot - Execution status=skipped reason=no_closed_bar_crossover
2026-05-06 05:28:50 INFO mt5_bot - Balance=102029.96 Equity=102029.96 Spread=0.30 pips
2026-05-06 05:28:50 INFO mt5_bot - Signal=NONE reason=no_closed_bar_crossover price=None trend=bearish rsi=36.8 atr_pips=21.6 adx=57.0
2026-05-06 05:28:50 INFO mt5_bot - ADX boost: adx=57.0 \u2192 risk_pct=1.50%
2026-05-06 05:28:50 INFO mt5_bot - Execution status=skipped reason=no_closed_bar_crossover
2026-05-06 05:29:05 INFO mt5_bot - Balance=102029.96 Equity=102029.96 Spread=0.30 pips
2026-05-06 05:29:05 INFO mt5_bot - Signal=NONE reason=no_closed_bar_crossover price=None trend=bearish rsi=36.8 atr_pips=21.6 adx=57.0
2026-05-06 05:29:05 INFO mt5_bot - ADX boost: adx=57.0 \u2192 risk_pct=1.50%
2026-05-06 05:29:05 INFO mt5_bot - Execution status=skipped reason=no_closed_bar_crossover
2026-05-06 05:29:20 INFO mt5_bot - Balance=102029.96 Equity=102029.96 Spread=0.30 pips
2026-05-06 05:29:20 INFO mt5_bot - Signal=NONE reason=no_closed_bar_crossover price=None trend=bearish rsi=36.8 atr_pips=21.6 adx=57.0
2026-05-06 05:29:20 INFO mt5_bot - ADX boost: adx=57.0 \u2192 risk_pct=1.50%
2026-05-06 05:29:20 INFO mt5_bot - Execution status=skipped reason=no_closed_bar_crossover
2026-05-06 05:29:35 INFO mt5_bot - Balance=102029.96 Equity=102029.96 Spread=0.30 pips
2026-05-06 05:29:35 INFO mt5_bot - Signal=NONE reason=no_closed_bar_crossover price=None trend=bearish rsi=36.8 atr_pips=21.6 adx=57.0
2026-05-06 05:29:35 INFO mt5_bot - ADX boost: adx=57.0 \u2192 risk_pct=1.50%
2026-05-06 05:29:35 INFO mt5_bot - Execution status=skipped reason=no_closed_bar_crossover
2026-05-06 05:29:50 INFO mt5_bot - Balance=102029.96 Equity=102029.96 Spread=0.30 pips
2026-05-06 05:29:50 INFO mt5_bot - Signal=NONE reason=no_closed_bar_crossover price=None trend=bearish rsi=36.8 atr_pips=21.6 adx=57.0
2026-05-06 05:29:50 INFO mt5_bot - ADX boost: adx=57.0 \u2192 risk_pct=1.50%
2026-05-06 05:29:50 INFO mt5_bot - Execution status=skipped reason=no_closed_bar_crossover
2026-05-06 05:30:05 INFO mt5_bot - Balance=102029.96 Equity=102029.96 Spread=0.30 pips
2026-05-06 05:30:05 INFO mt5_bot - Signal=NONE reason=no_closed_bar_crossover price=None trend=bearish rsi=35.8 atr_pips=21.5 adx=57.0
2026-05-06 05:30:05 INFO mt5_bot - ADX boost: adx=57.0 \u2192 risk_pct=1.50%
2026-05-06 05:30:05 INFO mt5_bot - Execution status=skipped reason=no_closed_bar_crossover
2026-05-06 05:30:20 INFO mt5_bot - Balance=102029.96 Equity=102029.96 Spread=0.30 pips
2026-05-06 05:30:20 INFO mt5_bot - Signal=NONE reason=no_closed_bar_crossover price=None trend=bearish rsi=35.8 atr_pips=21.5 adx=57.0
2026-05-06 05:30:20 INFO mt5_bot - ADX boost: adx=57.0 \u2192 risk_pct=1.50%
2026-05-06 05:30:20 INFO mt5_bot - Execution status=skipped reason=no_closed_bar_crossover
2026-05-06 05:30:35 INFO mt5_bot - Balance=102029.96 Equity=102029.96 Spread=0.30 pips
2026-05-06 05:30:35 INFO mt5_bot - Signal=NONE reason=no_closed_bar_crossover price=None trend=bearish rsi=35.8 atr_pips=21.5 adx=57.0
2026-05-06 05:30:35 INFO mt5_bot - ADX boost: adx=57.0 \u2192 risk_pct=1.50%
2026-05-06 05:30:35 INFO mt5_bot - Execution status=skipped reason=no_closed_bar_crossover
2026-05-06 05:30:50 INFO mt5_bot - Balance=102029.96 Equity=102029.96 Spread=0.30 pips
2026-05-06 05:30:50 INFO mt5_bot - Signal=NONE reason=no_closed_bar_crossover price=None trend=bearish rsi=35.8 atr_pips=21.5 adx=57.0
2026-05-06 05:30:50 INFO mt5_bot - ADX boost: adx=57.0 \u2192 risk_pct=1.50%
2026-05-06 05:30:50 INFO mt5_bot - Execution status=skipped reason=no_closed_bar_crossover
2026-05-06 05:31:05 INFO mt5_bot - Balance=102029.96 Equity=102029.96 Spread=0.30 pips
2026-05-06 05:31:05 INFO mt5_bot - Signal=NONE reason=no_closed_bar_crossover price=None trend=bearish rsi=35.8 atr_pips=21.5 adx=57.0
2026-05-06 05:31:05 INFO mt5_bot - ADX boost: adx=57.0 \u2192 risk_pct=1.50%
2026-05-06 05:31:05 INFO mt5_bot - Execution status=skipped reason=no_closed_bar_crossover
2026-05-06 05:31:20 INFO mt5_bot - Balance=102029.96 Equity=102029.96 Spread=0.30 pips
2026-05-06 05:31:20 INFO mt5_bot - Signal=NONE reason=no_closed_bar_crossover price=None trend=bearish rsi=35.8 atr_pips=21.5 adx=57.0
2026-05-06 05:31:20 INFO mt5_bot - ADX boost: adx=57.0 \u2192 risk_pct=1.50%
2026-05-06 05:31:20 INFO mt5_bot - Execution status=skipped reason=no_closed_bar_crossover
2026-05-06 05:31:35 INFO mt5_bot - Balance=102029.96 Equity=102029.96 Spread=0.30 pips
2026-05-06 05:31:35 INFO mt5_bot - Signal=NONE reason=no_closed_bar_crossover price=None trend=bearish rsi=35.8 atr_pips=21.5 adx=57.0
2026-05-06 05:31:35 INFO mt5_bot - ADX boost: adx=57.0 \u2192 risk_pct=1.50%
2026-05-06 05:31:35 INFO mt5_bot - Execution status=skipped reason=no_closed_bar_crossover
2026-05-06 05:31:50 INFO mt5_bot - Balance=102029.96 Equity=102029.96 Spread=0.30 pips
2026-05-06 05:31:50 INFO mt5_bot - Signal=NONE reason=no_closed_bar_crossover price=None trend=bearish rsi=35.8 atr_pips=21.5 adx=57.0
2026-05-06 05:31:50 INFO mt5_bot - ADX boost: adx=57.0 \u2192 risk_pct=1.50%
2026-05-06 05:31:50 INFO mt5_bot - Execution status=skipped reason=no_closed_bar_crossover
2026-05-06 05:32:05 INFO mt5_bot - Balance=102029.96 Equity=102029.96 Spread=0.30 pips
2026-05-06 05:32:05 INFO mt5_bot - Signal=NONE reason=no_closed_bar_crossover price=None trend=bearish rsi=35.8 atr_pips=21.5 adx=57.0
2026-05-06 05:32:05 INFO mt5_bot - ADX boost: adx=57.0 \u2192 risk_pct=1.50%
2026-05-06 05:32:05 INFO mt5_bot - Execution status=skipped reason=no_closed_bar_crossover
2026-05-06 05:32:20 INFO mt5_bot - Balance=102029.96 Equity=102029.96 Spread=0.30 pips
2026-05-06 05:32:20 INFO mt5_bot - Signal=NONE reason=no_closed_bar_crossover price=None trend=bearish rsi=35.8 atr_pips=21.5 adx=57.0
2026-05-06 05:32:20 INFO mt5_bot - ADX boost: adx=57.0 \u2192 risk_pct=1.50%
2026-05-06 05:32:20 INFO mt5_bot - Execution status=skipped reason=no_closed_bar_crossover
2026-05-06 05:32:35 INFO mt5_bot - Balance=102029.96 Equity=102029.96 Spread=0.30 pips
2026-05-06 05:32:35 INFO mt5_bot - Signal=NONE reason=no_closed_bar_crossover price=None trend=bearish rsi=35.8 atr_pips=21.5 adx=57.0
2026-05-06 05:32:35 INFO mt5_bot - ADX boost: adx=57.0 \u2192 risk_pct=1.50%
2026-05-06 05:32:35 INFO mt5_bot - Execution status=skipped reason=no_closed_bar_crossover
2026-05-06 05:32:50 INFO mt5_bot - Balance=102029.96 Equity=102029.96 Spread=0.30 pips
2026-05-06 05:32:50 INFO mt5_bot - Signal=NONE reason=no_closed_bar_crossover price=None trend=bearish rsi=35.8 atr_pips=21.5 adx=57.0
2026-05-06 05:32:50 INFO mt5_bot - ADX boost: adx=57.0 \u2192 risk_pct=1.50%
2026-05-06 05:32:50 INFO mt5_bot - Execution status=skipped reason=no_closed_bar_crossover
2026-05-06 05:33:05 INFO mt5_bot - Balance=102029.96 Equity=102029.96 Spread=0.30 pips
2026-05-06 05:33:05 INFO mt5_bot - Signal=NONE reason=no_closed_bar_crossover price=None trend=bearish rsi=35.8 atr_pips=21.5 adx=57.0
2026-05-06 05:33:05 INFO mt5_bot - ADX boost: adx=57.0 \u2192 risk_pct=1.50%
2026-05-06 05:33:05 INFO mt5_bot - Execution status=skipped reason=no_closed_bar_crossover
2026-05-06 05:33:20 INFO mt5_bot - Balance=102029.96 Equity=102029.96 Spread=0.30 pips
2026-05-06 05:33:20 INFO mt5_bot - Signal=NONE reason=no_closed_bar_crossover price=None trend=bearish rsi=35.8 atr_pips=21.5 adx=57.0
2026-05-06 05:33:20 INFO mt5_bot - ADX boost: adx=57.0 \u2192 risk_pct=1.50%
2026-05-06 05:33:20 INFO mt5_bot - Execution status=skipped reason=no_closed_bar_crossover
2026-05-06 05:33:35 INFO mt5_bot - Balance=102029.96 Equity=102029.96 Spread=0.30 pips
2026-05-06 05:33:35 INFO mt5_bot - Signal=NONE reason=no_closed_bar_crossover price=None trend=bearish rsi=35.8 atr_pips=21.5 adx=57.0
2026-05-06 05:33:35 INFO mt5_bot - ADX boost: adx=57.0 \u2192 risk_pct=1.50%
2026-05-06 05:33:35 INFO mt5_bot - Execution status=skipped reason=no_closed_bar_crossover
2026-05-06 05:33:50 INFO mt5_bot - Balance=102029.96 Equity=102029.96 Spread=0.30 pips
2026-05-06 05:33:50 INFO mt5_bot - Signal=NONE reason=no_closed_bar_crossover price=None trend=bearish rsi=35.8 atr_pips=21.5 adx=57.0
2026-05-06 05:33:50 INFO mt5_bot - ADX boost: adx=57.0 \u2192 risk_pct=1.50%
2026-05-06 05:33:50 INFO mt5_bot - Execution status=skipped reason=no_closed_bar_crossover
2026-05-06 05:34:05 INFO mt5_bot - Balance=102029.96 Equity=102029.96 Spread=0.30 pips
2026-05-06 05:34:05 INFO mt5_bot - Signal=NONE reason=no_closed_bar_crossover price=None trend=bearish rsi=35.8 atr_pips=21.5 adx=57.0
2026-05-06 05:34:05 INFO mt5_bot - ADX boost: adx=57.0 \u2192 risk_pct=1.50%
2026-05-06 05:34:05 INFO mt5_bot - Execution status=skipped reason=no_closed_bar_crossover
2026-05-06 05:34:20 INFO mt5_bot - Balance=102029.96 Equity=102029.96 Spread=0.30 pips
2026-05-06 05:34:20 INFO mt5_bot - Signal=NONE reason=no_closed_bar_crossover price=None trend=bearish rsi=35.8 atr_pips=21.5 adx=57.0
2026-05-06 05:34:20 INFO mt5_bot - ADX boost: adx=57.0 \u2192 risk_pct=1.50%
2026-05-06 05:34:20 INFO mt5_bot - Execution status=skipped reason=no_closed_bar_crossover
2026-05-06 05:34:35 INFO mt5_bot - Balance=102029.96 Equity=102029.96 Spread=0.30 pips
2026-05-06 05:34:35 INFO mt5_bot - Signal=NONE reason=no_closed_bar_crossover price=None trend=bearish rsi=35.8 atr_pips=21.5 adx=57.0
2026-05-06 05:34:35 INFO mt5_bot - ADX boost: adx=57.0 \u2192 risk_pct=1.50%
2026-05-06 05:34:35 INFO mt5_bot - Execution status=skipped reason=no_closed_bar_crossover
2026-05-06 05:34:50 INFO mt5_bot - Balance=102029.96 Equity=102029.96 Spread=0.30 pips
2026-05-06 05:34:50 INFO mt5_bot - Signal=NONE reason=no_closed_bar_crossover price=None trend=bearish rsi=35.8 atr_pips=21.5 adx=57.0
2026-05-06 05:34:50 INFO mt5_bot - ADX boost: adx=57.0 \u2192 risk_pct=1.50%
2026-05-06 05:34:50 INFO mt5_bot - Execution status=skipped reason=no_closed_bar_crossover
2026-05-06 05:35:05 INFO mt5_bot - Balance=102029.96 Equity=102029.96 Spread=0.30 pips
2026-05-06 05:35:05 INFO mt5_bot - Signal=NONE reason=no_closed_bar_crossover price=None trend=bearish rsi=35.8 atr_pips=21.5 adx=57.0
2026-05-06 05:35:05 INFO mt5_bot - ADX boost: adx=57.0 \u2192 risk_pct=1.50%
2026-05-06 05:35:05 INFO mt5_bot - Execution status=skipped reason=no_closed_bar_crossover
2026-05-06 05:35:20 INFO mt5_bot - Balance=102029.96 Equity=102029.96 Spread=0.30 pips
2026-05-06 05:35:20 INFO mt5_bot - Signal=NONE reason=no_closed_bar_crossover price=None trend=bearish rsi=35.8 atr_pips=21.5 adx=57.0
2026-05-06 05:35:20 INFO mt5_bot - ADX boost: adx=57.0 \u2192 risk_pct=1.50%
2026-05-06 05:35:20 INFO mt5_bot - Execution status=skipped reason=no_closed_bar_crossover
2026-05-06 05:35:35 INFO mt5_bot - Balance=102029.96 Equity=102029.96 Spread=0.30 pips
2026-05-06 05:35:35 INFO mt5_bot - Signal=NONE reason=no_closed_bar_crossover price=None trend=bearish rsi=35.8 atr_pips=21.5 adx=57.0
2026-05-06 05:35:35 INFO mt5_bot - ADX boost: adx=57.0 \u2192 risk_pct=1.50%
2026-05-06 05:35:35 INFO mt5_bot - Execution status=skipped reason=no_closed_bar_crossover
2026-05-06 05:35:50 INFO mt5_bot - Balance=102029.96 Equity=102029.96 Spread=0.30 pips
2026-05-06 05:35:50 INFO mt5_bot - Signal=NONE reason=no_closed_bar_crossover price=None trend=bearish rsi=35.8 atr_pips=21.5 adx=57.0
2026-05-06 05:35:50 INFO mt5_bot - ADX boost: adx=57.0 \u2192 risk_pct=1.50%
2026-05-06 05:35:50 INFO mt5_bot - Execution status=skipped reason=no_closed_bar_crossover
2026-05-06 05:36:05 INFO mt5_bot - Balance=102029.96 Equity=102029.96 Spread=0.30 pips
2026-05-06 05:36:05 INFO mt5_bot - Signal=NONE reason=no_closed_bar_crossover price=None trend=bearish rsi=35.8 atr_pips=21.5 adx=57.0
2026-05-06 05:36:05 INFO mt5_bot - ADX boost: adx=57.0 \u2192 risk_pct=1.50%
2026-05-06 05:36:05 INFO mt5_bot - Execution status=skipped reason=no_closed_bar_crossover
2026-05-06 05:36:20 INFO mt5_bot - Balance=102029.96 Equity=102029.96 Spread=0.30 pips
2026-05-06 05:36:20 INFO mt5_bot - Signal=NONE reason=no_closed_bar_crossover price=None trend=bearish rsi=35.8 atr_pips=21.5 adx=57.0
2026-05-06 05:36:20 INFO mt5_bot - ADX boost: adx=57.0 \u2192 risk_pct=1.50%
2026-05-06 05:36:20 INFO mt5_bot - Execution status=skipped reason=no_closed_bar_crossover
2026-05-06 05:36:35 INFO mt5_bot - Balance=102029.96 Equity=102029.96 Spread=0.30 pips
2026-05-06 05:36:35 INFO mt5_bot - Signal=NONE reason=no_closed_bar_crossover price=None trend=bearish rsi=35.8 atr_pips=21.5 adx=57.0
2026-05-06 05:36:35 INFO mt5_bot - ADX boost: adx=57.0 \u2192 risk_pct=1.50%
2026-05-06 05:36:35 INFO mt5_bot - Execution status=skipped reason=no_closed_bar_crossover
2026-05-06 05:36:50 INFO mt5_bot - Balance=102029.96 Equity=102029.96 Spread=0.30 pips
2026-05-06 05:36:50 INFO mt5_bot - Signal=NONE reason=no_closed_bar_crossover price=None trend=bearish rsi=35.8 atr_pips=21.5 adx=57.0
2026-05-06 05:36:50 INFO mt5_bot - ADX boost: adx=57.0 \u2192 risk_pct=1.50%
2026-05-06 05:36:50 INFO mt5_bot - Execution status=skipped reason=no_closed_bar_crossover
2026-05-06 05:37:05 INFO mt5_bot - Balance=102029.96 Equity=102029.96 Spread=0.30 pips
2026-05-06 05:37:05 INFO mt5_bot - Signal=NONE reason=no_closed_bar_crossover price=None trend=bearish rsi=35.8 atr_pips=21.5 adx=57.0
2026-05-06 05:37:05 INFO mt5_bot - ADX boost: adx=57.0 \u2192 risk_pct=1.50%
2026-05-06 05:37:05 INFO mt5_bot - Execution status=skipped reason=no_closed_bar_crossover
2026-05-06 05:37:20 INFO mt5_bot - Balance=102029.96 Equity=102029.96 Spread=0.30 pips
2026-05-06 05:37:20 INFO mt5_bot - Signal=NONE reason=no_closed_bar_crossover price=None trend=bearish rsi=35.8 atr_pips=21.5 adx=57.0
2026-05-06 05:37:20 INFO mt5_bot - ADX boost: adx=57.0 \u2192 risk_pct=1.50%
2026-05-06 05:37:20 INFO mt5_bot - Execution status=skipped reason=no_closed_bar_crossover
2026-05-06 05:37:35 INFO mt5_bot - Balance=102029.96 Equity=102029.96 Spread=0.30 pips
2026-05-06 05:37:35 INFO mt5_bot - Signal=NONE reason=no_closed_bar_crossover price=None trend=bearish rsi=35.8 atr_pips=21.5 adx=57.0
2026-05-06 05:37:35 INFO mt5_bot - ADX boost: adx=57.0 \u2192 risk_pct=1.50%
2026-05-06 05:37:35 INFO mt5_bot - Execution status=skipped reason=no_closed_bar_crossover
2026-05-06 05:37:50 INFO mt5_bot - Balance=102029.96 Equity=102029.96 Spread=0.30 pips
2026-05-06 05:37:50 INFO mt5_bot - Signal=NONE reason=no_closed_bar_crossover price=None trend=bearish rsi=35.8 atr_pips=21.5 adx=57.0
2026-05-06 05:37:50 INFO mt5_bot - ADX boost: adx=57.0 \u2192 risk_pct=1.50%
2026-05-06 05:37:50 INFO mt5_bot - Execution status=skipped reason=no_closed_bar_crossover
2026-05-06 05:38:05 INFO mt5_bot - Balance=102029.96 Equity=102029.96 Spread=0.30 pips
2026-05-06 05:38:05 INFO mt5_bot - Signal=NONE reason=no_closed_bar_crossover price=None trend=bearish rsi=35.8 atr_pips=21.5 adx=57.0
2026-05-06 05:38:05 INFO mt5_bot - ADX boost: adx=57.0 \u2192 risk_pct=1.50%
2026-05-06 05:38:05 INFO mt5_bot - Execution status=skipped reason=no_closed_bar_crossover
2026-05-06 05:38:20 INFO mt5_bot - Balance=102029.96 Equity=102029.96 Spread=0.30 pips
2026-05-06 05:38:20 INFO mt5_bot - Signal=NONE reason=no_closed_bar_crossover price=None trend=bearish rsi=35.8 atr_pips=21.5 adx=57.0
2026-05-06 05:38:20 INFO mt5_bot - ADX boost: adx=57.0 \u2192 risk_pct=1.50%
2026-05-06 05:38:20 INFO mt5_bot - Execution status=skipped reason=no_closed_bar_crossover
2026-05-06 05:38:35 INFO mt5_bot - Balance=102029.96 Equity=102029.96 Spread=0.30 pips
2026-05-06 05:38:35 INFO mt5_bot - Signal=NONE reason=no_closed_bar_crossover price=None trend=bearish rsi=35.8 atr_pips=21.5 adx=57.0
2026-05-06 05:38:35 INFO mt5_bot - ADX boost: adx=57.0 \u2192 risk_pct=1.50%
2026-05-06 05:38:35 INFO mt5_bot - Execution status=skipped reason=no_closed_bar_crossover
2026-05-06 05:38:50 INFO mt5_bot - Balance=102029.96 Equity=102029.96 Spread=0.30 pips
2026-05-06 05:38:50 INFO mt5_bot - Signal=NONE reason=no_closed_bar_crossover price=None trend=bearish rsi=35.8 atr_pips=21.5 adx=57.0
2026-05-06 05:38:50 INFO mt5_bot - ADX boost: adx=57.0 \u2192 risk_pct=1.50%
2026-05-06 05:38:50 INFO mt5_bot - Execution status=skipped reason=no_closed_bar_crossover
2026-05-06 05:39:05 INFO mt5_bot - Balance=102029.96 Equity=102029.96 Spread=0.30 pips
2026-05-06 05:39:05 INFO mt5_bot - Signal=NONE reason=no_closed_bar_crossover price=None trend=bearish rsi=35.8 atr_pips=21.5 adx=57.0
2026-05-06 05:39:05 INFO mt5_bot - ADX boost: adx=57.0 \u2192 risk_pct=1.50%
2026-05-06 05:39:05 INFO mt5_bot - Execution status=skipped reason=no_closed_bar_crossover
2026-05-06 05:39:20 INFO mt5_bot - Balance=102029.96 Equity=102029.96 Spread=0.30 pips
2026-05-06 05:39:20 INFO mt5_bot - Signal=NONE reason=no_closed_bar_crossover price=None trend=bearish rsi=35.8 atr_pips=21.5 adx=57.0
2026-05-06 05:39:20 INFO mt5_bot - ADX boost: adx=57.0 \u2192 risk_pct=1.50%
2026-05-06 05:39:20 INFO mt5_bot - Execution status=skipped reason=no_closed_bar_crossover
2026-05-06 05:39:35 INFO mt5_bot - Balance=102029.96 Equity=102029.96 Spread=0.30 pips
2026-05-06 05:39:35 INFO mt5_bot - Signal=NONE reason=no_closed_bar_crossover price=None trend=bearish rsi=35.8 atr_pips=21.5 adx=57.0
2026-05-06 05:39:35 INFO mt5_bot - ADX boost: adx=57.0 \u2192 risk_pct=1.50%
2026-05-06 05:39:35 INFO mt5_bot - Execution status=skipped reason=no_closed_bar_crossover
2026-05-06 05:39:50 INFO mt5_bot - Balance=102029.96 Equity=102029.96 Spread=0.30 pips
2026-05-06 05:39:50 INFO mt5_bot - Signal=NONE reason=no_closed_bar_crossover price=None trend=bearish rsi=35.8 atr_pips=21.5 adx=57.0
2026-05-06 05:39:50 INFO mt5_bot - ADX boost: adx=57.0 \u2192 risk_pct=1.50%
2026-05-06 05:39:50 INFO mt5_bot - Execution status=skipped reason=no_closed_bar_crossover
2026-05-06 05:40:05 INFO mt5_bot - Balance=102029.96 Equity=102029.96 Spread=0.30 pips
2026-05-06 05:40:05 INFO mt5_bot - Signal=NONE reason=no_closed_bar_crossover price=None trend=bearish rsi=35.8 atr_pips=21.5 adx=57.0
2026-05-06 05:40:05 INFO mt5_bot - ADX boost: adx=57.0 \u2192 risk_pct=1.50%
2026-05-06 05:40:05 INFO mt5_bot - Execution status=skipped reason=no_closed_bar_crossover
2026-05-06 05:40:20 INFO mt5_bot - Balance=102029.96 Equity=102029.96 Spread=0.30 pips
2026-05-06 05:40:20 INFO mt5_bot - Signal=NONE reason=no_closed_bar_crossover price=None trend=bearish rsi=35.8 atr_pips=21.5 adx=57.0
2026-05-06 05:40:20 INFO mt5_bot - ADX boost: adx=57.0 \u2192 risk_pct=1.50%
2026-05-06 05:40:21 INFO mt5_bot - Execution status=skipped reason=no_closed_bar_crossover
2026-05-06 05:40:36 INFO mt5_bot - Balance=102029.96 Equity=102029.96 Spread=0.30 pips
2026-05-06 05:40:36 INFO mt5_bot - Signal=NONE reason=no_closed_bar_crossover price=None trend=bearish rsi=35.8 atr_pips=21.5 adx=57.0
2026-05-06 05:40:36 INFO mt5_bot - ADX boost: adx=57.0 \u2192 risk_pct=1.50%
2026-05-06 05:40:36 INFO mt5_bot - Execution status=skipped reason=no_closed_bar_crossover
2026-05-06 05:40:51 INFO mt5_bot - Balance=102029.96 Equity=102029.96 Spread=0.30 pips
2026-05-06 05:40:51 INFO mt5_bot - Signal=NONE reason=no_closed_bar_crossover price=None trend=bearish rsi=35.8 atr_pips=21.5 adx=57.0
2026-05-06 05:40:51 INFO mt5_bot - ADX boost: adx=57.0 \u2192 risk_pct=1.50%
2026-05-06 05:40:51 INFO mt5_bot - Execution status=skipped reason=no_closed_bar_crossover
2026-05-06 05:41:06 INFO mt5_bot - Balance=102029.96 Equity=102029.96 Spread=0.30 pips
2026-05-06 05:41:06 INFO mt5_bot - Signal=NONE reason=no_closed_bar_crossover price=None trend=bearish rsi=35.8 atr_pips=21.5 adx=57.0
2026-05-06 05:41:06 INFO mt5_bot - ADX boost: adx=57.0 \u2192 risk_pct=1.50%
2026-05-06 05:41:06 INFO mt5_bot - Execution status=skipped reason=no_closed_bar_crossover
2026-05-06 05:41:21 INFO mt5_bot - Balance=102029.96 Equity=102029.96 Spread=0.30 pips
2026-05-06 05:41:21 INFO mt5_bot - Signal=NONE reason=no_closed_bar_crossover price=None trend=bearish rsi=35.8 atr_pips=21.5 adx=57.0
2026-05-06 05:41:21 INFO mt5_bot - ADX boost: adx=57.0 \u2192 risk_pct=1.50%
2026-05-06 05:41:21 INFO mt5_bot - Execution status=skipped reason=no_closed_bar_crossover
2026-05-06 05:41:36 INFO mt5_bot - Balance=102029.96 Equity=102029.96 Spread=0.30 pips
2026-05-06 05:41:36 INFO mt5_bot - Signal=NONE reason=no_closed_bar_crossover price=None trend=bearish rsi=35.8 atr_pips=21.5 adx=57.0
2026-05-06 05:41:36 INFO mt5_bot - ADX boost: adx=57.0 \u2192 risk_pct=1.50%
2026-05-06 05:41:36 INFO mt5_bot - Execution status=skipped reason=no_closed_bar_crossover
2026-05-06 05:41:51 INFO mt5_bot - Balance=102029.96 Equity=102029.96 Spread=0.30 pips
2026-05-06 05:41:51 INFO mt5_bot - Signal=NONE reason=no_closed_bar_crossover price=None trend=bearish rsi=35.8 atr_pips=21.5 adx=57.0
2026-05-06 05:41:51 INFO mt5_bot - ADX boost: adx=57.0 \u2192 risk_pct=1.50%
2026-05-06 05:41:51 INFO mt5_bot - Execution status=skipped reason=no_closed_bar_crossover
2026-05-06 05:42:06 INFO mt5_bot - Balance=102029.96 Equity=102029.96 Spread=0.30 pips
2026-05-06 05:42:06 INFO mt5_bot - Signal=NONE reason=no_closed_bar_crossover price=None trend=bearish rsi=35.8 atr_pips=21.5 adx=57.0
2026-05-06 05:42:06 INFO mt5_bot - ADX boost: adx=57.0 \u2192 risk_pct=1.50%
2026-05-06 05:42:06 INFO mt5_bot - Execution status=skipped reason=no_closed_bar_crossover
2026-05-06 05:42:21 INFO mt5_bot - Balance=102029.96 Equity=102029.96 Spread=0.30 pips
2026-05-06 05:42:21 INFO mt5_bot - Signal=NONE reason=no_closed_bar_crossover price=None trend=bearish rsi=35.8 atr_pips=21.5 adx=57.0
2026-05-06 05:42:21 INFO mt5_bot - ADX boost: adx=57.0 \u2192 risk_pct=1.50%
2026-05-06 05:42:21 INFO mt5_bot - Execution status=skipped reason=no_closed_bar_crossover
2026-05-06 05:42:36 INFO mt5_bot - Balance=102029.96 Equity=102029.96 Spread=0.30 pips
2026-05-06 05:42:36 INFO mt5_bot - Signal=NONE reason=no_closed_bar_crossover price=None trend=bearish rsi=35.8 atr_pips=21.5 adx=57.0
2026-05-06 05:42:36 INFO mt5_bot - ADX boost: adx=57.0 \u2192 risk_pct=1.50%
2026-05-06 05:42:36 INFO mt5_bot - Execution status=skipped reason=no_closed_bar_crossover
2026-05-06 05:42:51 INFO mt5_bot - Balance=102029.96 Equity=102029.96 Spread=0.30 pips
2026-05-06 05:42:51 INFO mt5_bot - Signal=NONE reason=no_closed_bar_crossover price=None trend=bearish rsi=35.8 atr_pips=21.5 adx=57.0
2026-05-06 05:42:51 INFO mt5_bot - ADX boost: adx=57.0 \u2192 risk_pct=1.50%
2026-05-06 05:42:51 INFO mt5_bot - Execution status=skipped reason=no_closed_bar_crossover
2026-05-06 05:43:06 INFO mt5_bot - Balance=102029.96 Equity=102029.96 Spread=0.30 pips
2026-05-06 05:43:06 INFO mt5_bot - Signal=NONE reason=no_closed_bar_crossover price=None trend=bearish rsi=35.8 atr_pips=21.5 adx=57.0
2026-05-06 05:43:06 INFO mt5_bot - ADX boost: adx=57.0 \u2192 risk_pct=1.50%
2026-05-06 05:43:06 INFO mt5_bot - Execution status=skipped reason=no_closed_bar_crossover
2026-05-06 05:43:21 INFO mt5_bot - Balance=102029.96 Equity=102029.96 Spread=0.30 pips
2026-05-06 05:43:21 INFO mt5_bot - Signal=NONE reason=no_closed_bar_crossover price=None trend=bearish rsi=35.8 atr_pips=21.5 adx=57.0
2026-05-06 05:43:21 INFO mt5_bot - ADX boost: adx=57.0 \u2192 risk_pct=1.50%
2026-05-06 05:43:21 INFO mt5_bot - Execution status=skipped reason=no_closed_bar_crossover
2026-05-06 05:43:36 INFO mt5_bot - Balance=102029.96 Equity=102029.96 Spread=0.30 pips
2026-05-06 05:43:36 INFO mt5_bot - Signal=NONE reason=no_closed_bar_crossover price=None trend=bearish rsi=35.8 atr_pips=21.5 adx=57.0
2026-05-06 05:43:36 INFO mt5_bot - ADX boost: adx=57.0 \u2192 risk_pct=1.50%
2026-05-06 05:43:36 INFO mt5_bot - Execution status=skipped reason=no_closed_bar_crossover
2026-05-06 05:43:51 INFO mt5_bot - Balance=102029.96 Equity=102029.96 Spread=0.30 pips
2026-05-06 05:43:51 INFO mt5_bot - Signal=NONE reason=no_closed_bar_crossover price=None trend=bearish rsi=35.8 atr_pips=21.5 adx=57.0
2026-05-06 05:43:51 INFO mt5_bot - ADX boost: adx=57.0 \u2192 risk_pct=1.50%
2026-05-06 05:43:51 INFO mt5_bot - Execution status=skipped reason=no_closed_bar_crossover
2026-05-06 05:44:06 INFO mt5_bot - Balance=102029.96 Equity=102029.96 Spread=0.30 pips
2026-05-06 05:44:06 INFO mt5_bot - Signal=NONE reason=no_closed_bar_crossover price=None trend=bearish rsi=35.8 atr_pips=21.5 adx=57.0
2026-05-06 05:44:06 INFO mt5_bot - ADX boost: adx=57.0 \u2192 risk_pct=1.50%
2026-05-06 05:44:06 INFO mt5_bot - Execution status=skipped reason=no_closed_bar_crossover
2026-05-06 05:44:21 INFO mt5_bot - Balance=102029.96 Equity=102029.96 Spread=0.30 pips
2026-05-06 05:44:21 INFO mt5_bot - Signal=NONE reason=no_closed_bar_crossover price=None trend=bearish rsi=35.8 atr_pips=21.5 adx=57.0
2026-05-06 05:44:21 INFO mt5_bot - ADX boost: adx=57.0 \u2192 risk_pct=1.50%
2026-05-06 05:44:21 INFO mt5_bot - Execution status=skipped reason=no_closed_bar_crossover
2026-05-06 05:44:36 INFO mt5_bot - Balance=102029.96 Equity=102029.96 Spread=0.30 pips
2026-05-06 05:44:36 INFO mt5_bot - Signal=NONE reason=no_closed_bar_crossover price=None trend=bearish rsi=35.8 atr_pips=21.5 adx=57.0
2026-05-06 05:44:36 INFO mt5_bot - ADX boost: adx=57.0 \u2192 risk_pct=1.50%
2026-05-06 05:44:36 INFO mt5_bot - Execution status=skipped reason=no_closed_bar_crossover
2026-05-06 05:44:51 INFO mt5_bot - Balance=102029.96 Equity=102029.96 Spread=0.30 pips
2026-05-06 05:44:51 INFO mt5_bot - Signal=NONE reason=no_closed_bar_crossover price=None trend=bearish rsi=35.8 atr_pips=21.5 adx=57.0
2026-05-06 05:44:51 INFO mt5_bot - ADX boost: adx=57.0 \u2192 risk_pct=1.50%
2026-05-06 05:44:51 INFO mt5_bot - Execution status=skipped reason=no_closed_bar_crossover
2026-05-06 05:45:06 INFO mt5_bot - Balance=102029.96 Equity=102029.96 Spread=0.30 pips
2026-05-06 05:45:06 INFO mt5_bot - Signal=NONE reason=no_closed_bar_crossover price=None trend=bearish rsi=33.1 atr_pips=21.2 adx=57.2
2026-05-06 05:45:06 INFO mt5_bot - ADX boost: adx=57.2 \u2192 risk_pct=1.50%
2026-05-06 05:45:06 INFO mt5_bot - Execution status=skipped reason=no_closed_bar_crossover
2026-05-06 05:45:21 INFO mt5_bot - Balance=102029.96 Equity=102029.96 Spread=0.30 pips
2026-05-06 05:45:21 INFO mt5_bot - Signal=NONE reason=no_closed_bar_crossover price=None trend=bearish rsi=33.1 atr_pips=21.2 adx=57.2
2026-05-06 05:45:21 INFO mt5_bot - ADX boost: adx=57.2 \u2192 risk_pct=1.50%
2026-05-06 05:45:21 INFO mt5_bot - Execution status=skipped reason=no_closed_bar_crossover
2026-05-06 05:45:36 INFO mt5_bot - Balance=102029.96 Equity=102029.96 Spread=0.30 pips
2026-05-06 05:45:36 INFO mt5_bot - Signal=NONE reason=no_closed_bar_crossover price=None trend=bearish rsi=33.1 atr_pips=21.2 adx=57.2
2026-05-06 05:45:36 INFO mt5_bot - ADX boost: adx=57.2 \u2192 risk_pct=1.50%
2026-05-06 05:45:36 INFO mt5_bot - Execution status=skipped reason=no_closed_bar_crossover
2026-05-06 05:45:51 INFO mt5_bot - Balance=102029.96 Equity=102029.96 Spread=0.30 pips
2026-05-06 05:45:51 INFO mt5_bot - Signal=NONE reason=no_closed_bar_crossover price=None trend=bearish rsi=33.1 atr_pips=21.2 adx=57.2
2026-05-06 05:45:51 INFO mt5_bot - ADX boost: adx=57.2 \u2192 risk_pct=1.50%
2026-05-06 05:45:51 INFO mt5_bot - Execution status=skipped reason=no_closed_bar_crossover
2026-05-06 05:46:06 INFO mt5_bot - Balance=102029.96 Equity=102029.96 Spread=0.30 pips
2026-05-06 05:46:06 INFO mt5_bot - Signal=NONE reason=no_closed_bar_crossover price=None trend=bearish rsi=33.1 atr_pips=21.2 adx=57.2
2026-05-06 05:46:06 INFO mt5_bot - ADX boost: adx=57.2 \u2192 risk_pct=1.50%
2026-05-06 05:46:06 INFO mt5_bot - Execution status=skipped reason=no_closed_bar_crossover
2026-05-06 05:46:21 INFO mt5_bot - Balance=102029.96 Equity=102029.96 Spread=0.30 pips
2026-05-06 05:46:21 INFO mt5_bot - Signal=NONE reason=no_closed_bar_crossover price=None trend=bearish rsi=33.1 atr_pips=21.2 adx=57.2
2026-05-06 05:46:21 INFO mt5_bot - ADX boost: adx=57.2 \u2192 risk_pct=1.50%
2026-05-06 05:46:21 INFO mt5_bot - Execution status=skipped reason=no_closed_bar_crossover
2026-05-06 05:46:36 INFO mt5_bot - Balance=102029.96 Equity=102029.96 Spread=0.30 pips
2026-05-06 05:46:36 INFO mt5_bot - Signal=NONE reason=no_closed_bar_crossover price=None trend=bearish rsi=33.1 atr_pips=21.2 adx=57.2
2026-05-06 05:46:36 INFO mt5_bot - ADX boost: adx=57.2 \u2192 risk_pct=1.50%
2026-05-06 05:46:36 INFO mt5_bot - Execution status=skipped reason=no_closed_bar_crossover
2026-05-06 05:46:51 INFO mt5_bot - Balance=102029.96 Equity=102029.96 Spread=0.30 pips
2026-05-06 05:46:51 INFO mt5_bot - Signal=NONE reason=no_closed_bar_crossover price=None trend=bearish rsi=33.1 atr_pips=21.2 adx=57.2
2026-05-06 05:46:51 INFO mt5_bot - ADX boost: adx=57.2 \u2192 risk_pct=1.50%
2026-05-06 05:46:51 INFO mt5_bot - Execution status=skipped reason=no_closed_bar_crossover
2026-05-06 05:47:06 INFO mt5_bot - Balance=102029.96 Equity=102029.96 Spread=0.30 pips
2026-05-06 05:47:06 INFO mt5_bot - Signal=NONE reason=no_closed_bar_crossover price=None trend=bearish rsi=33.1 atr_pips=21.2 adx=57.2
2026-05-06 05:47:06 INFO mt5_bot - ADX boost: adx=57.2 \u2192 risk_pct=1.50%
2026-05-06 05:47:06 INFO mt5_bot - Execution status=skipped reason=no_closed_bar_crossover
2026-05-06 05:47:21 INFO mt5_bot - Balance=102029.96 Equity=102029.96 Spread=0.30 pips
2026-05-06 05:47:21 INFO mt5_bot - Signal=NONE reason=no_closed_bar_crossover price=None trend=bearish rsi=33.1 atr_pips=21.2 adx=57.2
2026-05-06 05:47:21 INFO mt5_bot - ADX boost: adx=57.2 \u2192 risk_pct=1.50%
2026-05-06 05:47:21 INFO mt5_bot - Execution status=skipped reason=no_closed_bar_crossover
2026-05-06 05:47:36 INFO mt5_bot - Balance=102029.96 Equity=102029.96 Spread=0.30 pips
2026-05-06 05:47:36 INFO mt5_bot - Signal=NONE reason=no_closed_bar_crossover price=None trend=bearish rsi=33.1 atr_pips=21.2 adx=57.2
2026-05-06 05:47:36 INFO mt5_bot - ADX boost: adx=57.2 \u2192 risk_pct=1.50%
2026-05-06 05:47:36 INFO mt5_bot - Execution status=skipped reason=no_closed_bar_crossover
2026-05-06 05:47:51 INFO mt5_bot - Balance=102029.96 Equity=102029.96 Spread=0.30 pips
2026-05-06 05:47:51 INFO mt5_bot - Signal=NONE reason=no_closed_bar_crossover price=None trend=bearish rsi=33.1 atr_pips=21.2 adx=57.2
2026-05-06 05:47:51 INFO mt5_bot - ADX boost: adx=57.2 \u2192 risk_pct=1.50%
2026-05-06 05:47:51 INFO mt5_bot - Execution status=skipped reason=no_closed_bar_crossover
2026-05-06 05:48:06 INFO mt5_bot - Balance=102029.96 Equity=102029.96 Spread=0.30 pips
2026-05-06 05:48:06 INFO mt5_bot - Signal=NONE reason=no_closed_bar_crossover price=None trend=bearish rsi=33.1 atr_pips=21.2 adx=57.2
2026-05-06 05:48:06 INFO mt5_bot - ADX boost: adx=57.2 \u2192 risk_pct=1.50%
2026-05-06 05:48:06 INFO mt5_bot - Execution status=skipped reason=no_closed_bar_crossover
2026-05-06 05:48:21 INFO mt5_bot - Balance=102029.96 Equity=102029.96 Spread=0.30 pips
2026-05-06 05:48:21 INFO mt5_bot - Signal=NONE reason=no_closed_bar_crossover price=None trend=bearish rsi=33.1 atr_pips=21.2 adx=57.2
2026-05-06 05:48:21 INFO mt5_bot - ADX boost: adx=57.2 \u2192 risk_pct=1.50%
2026-05-06 05:48:21 INFO mt5_bot - Execution status=skipped reason=no_closed_bar_crossover
2026-05-06 05:48:36 INFO mt5_bot - Balance=102029.96 Equity=102029.96 Spread=0.30 pips
2026-05-06 05:48:36 INFO mt5_bot - Signal=NONE reason=no_closed_bar_crossover price=None trend=bearish rsi=33.1 atr_pips=21.2 adx=57.2
2026-05-06 05:48:36 INFO mt5_bot - ADX boost: adx=57.2 \u2192 risk_pct=1.50%
2026-05-06 05:48:36 INFO mt5_bot - Execution status=skipped reason=no_closed_bar_crossover
2026-05-06 05:48:51 INFO mt5_bot - Balance=102029.96 Equity=102029.96 Spread=0.30 pips
2026-05-06 05:48:51 INFO mt5_bot - Signal=NONE reason=no_closed_bar_crossover price=None trend=bearish rsi=33.1 atr_pips=21.2 adx=57.2
2026-05-06 05:48:51 INFO mt5_bot - ADX boost: adx=57.2 \u2192 risk_pct=1.50%
2026-05-06 05:48:51 INFO mt5_bot - Execution status=skipped reason=no_closed_bar_crossover
2026-05-06 05:49:06 INFO mt5_bot - Balance=102029.96 Equity=102029.96 Spread=0.30 pips
2026-05-06 05:49:06 INFO mt5_bot - Signal=NONE reason=no_closed_bar_crossover price=None trend=bearish rsi=33.1 atr_pips=21.2 adx=57.2
2026-05-06 05:49:06 INFO mt5_bot - ADX boost: adx=57.2 \u2192 risk_pct=1.50%
2026-05-06 05:49:06 INFO mt5_bot - Execution status=skipped reason=no_closed_bar_crossover
2026-05-06 05:49:21 INFO mt5_bot - Balance=102029.96 Equity=102029.96 Spread=0.30 pips
2026-05-06 05:49:21 INFO mt5_bot - Signal=NONE reason=no_closed_bar_crossover price=None trend=bearish rsi=33.1 atr_pips=21.2 adx=57.2
2026-05-06 05:49:21 INFO mt5_bot - ADX boost: adx=57.2 \u2192 risk_pct=1.50%
2026-05-06 05:49:21 INFO mt5_bot - Execution status=skipped reason=no_closed_bar_crossover
2026-05-06 05:49:36 INFO mt5_bot - Balance=102029.96 Equity=102029.96 Spread=0.30 pips
2026-05-06 05:49:36 INFO mt5_bot - Signal=NONE reason=no_closed_bar_crossover price=None trend=bearish rsi=33.1 atr_pips=21.2 adx=57.2
2026-05-06 05:49:36 INFO mt5_bot - ADX boost: adx=57.2 \u2192 risk_pct=1.50%
2026-05-06 05:49:36 INFO mt5_bot - Execution status=skipped reason=no_closed_bar_crossover
2026-05-06 05:49:51 INFO mt5_bot - Balance=102029.96 Equity=102029.96 Spread=0.30 pips
2026-05-06 05:49:51 INFO mt5_bot - Signal=NONE reason=no_closed_bar_crossover price=None trend=bearish rsi=33.1 atr_pips=21.2 adx=57.2
2026-05-06 05:49:51 INFO mt5_bot - ADX boost: adx=57.2 \u2192 risk_pct=1.50%
2026-05-06 05:49:51 INFO mt5_bot - Execution status=skipped reason=no_closed_bar_crossover
2026-05-06 05:50:06 INFO mt5_bot - Balance=102029.96 Equity=102029.96 Spread=0.30 pips
2026-05-06 05:50:06 INFO mt5_bot - Signal=NONE reason=no_closed_bar_crossover price=None trend=bearish rsi=33.1 atr_pips=21.2 adx=57.2
2026-05-06 05:50:06 INFO mt5_bot - ADX boost: adx=57.2 \u2192 risk_pct=1.50%
2026-05-06 05:50:06 INFO mt5_bot - Execution status=skipped reason=no_closed_bar_crossover
2026-05-06 05:50:21 INFO mt5_bot - Balance=102029.96 Equity=102029.96 Spread=0.30 pips
2026-05-06 05:50:21 INFO mt5_bot - Signal=NONE reason=no_closed_bar_crossover price=None trend=bearish rsi=33.1 atr_pips=21.2 adx=57.2
2026-05-06 05:50:21 INFO mt5_bot - ADX boost: adx=57.2 \u2192 risk_pct=1.50%
2026-05-06 05:50:21 INFO mt5_bot - Execution status=skipped reason=no_closed_bar_crossover
2026-05-06 05:50:36 INFO mt5_bot - Balance=102029.96 Equity=102029.96 Spread=0.30 pips
2026-05-06 05:50:36 INFO mt5_bot - Signal=NONE reason=no_closed_bar_crossover price=None trend=bearish rsi=33.1 atr_pips=21.2 adx=57.2
2026-05-06 05:50:36 INFO mt5_bot - ADX boost: adx=57.2 \u2192 risk_pct=1.50%
2026-05-06 05:50:36 INFO mt5_bot - Execution status=skipped reason=no_closed_bar_crossover
2026-05-06 05:50:51 INFO mt5_bot - Balance=102029.96 Equity=102029.96 Spread=0.30 pips
2026-05-06 05:50:51 INFO mt5_bot - Signal=NONE reason=no_closed_bar_crossover price=None trend=bearish rsi=33.1 atr_pips=21.2 adx=57.2
2026-05-06 05:50:51 INFO mt5_bot - ADX boost: adx=57.2 \u2192 risk_pct=1.50%
2026-05-06 05:50:51 INFO mt5_bot - Execution status=skipped reason=no_closed_bar_crossover
2026-05-06 05:51:06 INFO mt5_bot - Balance=102029.96 Equity=102029.96 Spread=0.30 pips
2026-05-06 05:51:06 INFO mt5_bot - Signal=NONE reason=no_closed_bar_crossover price=None trend=bearish rsi=33.1 atr_pips=21.2 adx=57.2
2026-05-06 05:51:06 INFO mt5_bot - ADX boost: adx=57.2 \u2192 risk_pct=1.50%
2026-05-06 05:51:06 INFO mt5_bot - Execution status=skipped reason=no_closed_bar_crossover
2026-05-06 05:51:21 INFO mt5_bot - Balance=102029.96 Equity=102029.96 Spread=0.30 pips
2026-05-06 05:51:21 INFO mt5_bot - Signal=NONE reason=no_closed_bar_crossover price=None trend=bearish rsi=33.1 atr_pips=21.2 adx=57.2
2026-05-06 05:51:21 INFO mt5_bot - ADX boost: adx=57.2 \u2192 risk_pct=1.50%
2026-05-06 05:51:21 INFO mt5_bot - Execution status=skipped reason=no_closed_bar_crossover
2026-05-06 05:51:36 INFO mt5_bot - Balance=102029.96 Equity=102029.96 Spread=0.30 pips
2026-05-06 05:51:36 INFO mt5_bot - Signal=NONE reason=no_closed_bar_crossover price=None trend=bearish rsi=33.1 atr_pips=21.2 adx=57.2
2026-05-06 05:51:36 INFO mt5_bot - ADX boost: adx=57.2 \u2192 risk_pct=1.50%
2026-05-06 05:51:36 INFO mt5_bot - Execution status=skipped reason=no_closed_bar_crossover
2026-05-06 05:51:51 INFO mt5_bot - Balance=102029.96 Equity=102029.96 Spread=0.30 pips
2026-05-06 05:51:51 INFO mt5_bot - Signal=NONE reason=no_closed_bar_crossover price=None trend=bearish rsi=33.1 atr_pips=21.2 adx=57.2
2026-05-06 05:51:51 INFO mt5_bot - ADX boost: adx=57.2 \u2192 risk_pct=1.50%
2026-05-06 05:51:51 INFO mt5_bot - Execution status=skipped reason=no_closed_bar_crossover
2026-05-06 05:52:06 INFO mt5_bot - Balance=102029.96 Equity=102029.96 Spread=0.30 pips
2026-05-06 05:52:06 INFO mt5_bot - Signal=NONE reason=no_closed_bar_crossover price=None trend=bearish rsi=33.1 atr_pips=21.2 adx=57.2
2026-05-06 05:52:06 INFO mt5_bot - ADX boost: adx=57.2 \u2192 risk_pct=1.50%
2026-05-06 05:52:06 INFO mt5_bot - Execution status=skipped reason=no_closed_bar_crossover
2026-05-06 05:52:21 INFO mt5_bot - Balance=102029.96 Equity=102029.96 Spread=0.30 pips
2026-05-06 05:52:21 INFO mt5_bot - Signal=NONE reason=no_closed_bar_crossover price=None trend=bearish rsi=33.1 atr_pips=21.2 adx=57.2
2026-05-06 05:52:21 INFO mt5_bot - ADX boost: adx=57.2 \u2192 risk_pct=1.50%
2026-05-06 05:52:21 INFO mt5_bot - Execution status=skipped reason=no_closed_bar_crossover
2026-05-06 05:52:36 INFO mt5_bot - Balance=102029.96 Equity=102029.96 Spread=0.30 pips
2026-05-06 05:52:36 INFO mt5_bot - Signal=NONE reason=no_closed_bar_crossover price=None trend=bearish rsi=33.1 atr_pips=21.2 adx=57.2
2026-05-06 05:52:36 INFO mt5_bot - ADX boost: adx=57.2 \u2192 risk_pct=1.50%
2026-05-06 05:52:36 INFO mt5_bot - Execution status=skipped reason=no_closed_bar_crossover
2026-05-06 05:52:51 INFO mt5_bot - Balance=102029.96 Equity=102029.96 Spread=0.30 pips
2026-05-06 05:52:51 INFO mt5_bot - Signal=NONE reason=no_closed_bar_crossover price=None trend=bearish rsi=33.1 atr_pips=21.2 adx=57.2
2026-05-06 05:52:51 INFO mt5_bot - ADX boost: adx=57.2 \u2192 risk_pct=1.50%
2026-05-06 05:52:51 INFO mt5_bot - Execution status=skipped reason=no_closed_bar_crossover
2026-05-06 05:53:06 INFO mt5_bot - Balance=102029.96 Equity=102029.96 Spread=0.30 pips
2026-05-06 05:53:06 INFO mt5_bot - Signal=NONE reason=no_closed_bar_crossover price=None trend=bearish rsi=33.1 atr_pips=21.2 adx=57.2
2026-05-06 05:53:06 INFO mt5_bot - ADX boost: adx=57.2 \u2192 risk_pct=1.50%
2026-05-06 05:53:06 INFO mt5_bot - Execution status=skipped reason=no_closed_bar_crossover
2026-05-06 05:53:21 INFO mt5_bot - Balance=102029.96 Equity=102029.96 Spread=0.30 pips
2026-05-06 05:53:21 INFO mt5_bot - Signal=NONE reason=no_closed_bar_crossover price=None trend=bearish rsi=33.1 atr_pips=21.2 adx=57.2
2026-05-06 05:53:21 INFO mt5_bot - ADX boost: adx=57.2 \u2192 risk_pct=1.50%
2026-05-06 05:53:21 INFO mt5_bot - Execution status=skipped reason=no_closed_bar_crossover
2026-05-06 05:53:36 INFO mt5_bot - Balance=102029.96 Equity=102029.96 Spread=0.30 pips
2026-05-06 05:53:36 INFO mt5_bot - Signal=NONE reason=no_closed_bar_crossover price=None trend=bearish rsi=33.1 atr_pips=21.2 adx=57.2
2026-05-06 05:53:36 INFO mt5_bot - ADX boost: adx=57.2 \u2192 risk_pct=1.50%
2026-05-06 05:53:36 INFO mt5_bot - Execution status=skipped reason=no_closed_bar_crossover
2026-05-06 05:53:51 INFO mt5_bot - Balance=102029.96 Equity=102029.96 Spread=0.30 pips
2026-05-06 05:53:51 INFO mt5_bot - Signal=NONE reason=no_closed_bar_crossover price=None trend=bearish rsi=33.1 atr_pips=21.2 adx=57.2
2026-05-06 05:53:51 INFO mt5_bot - ADX boost: adx=57.2 \u2192 risk_pct=1.50%
2026-05-06 05:53:51 INFO mt5_bot - Execution status=skipped reason=no_closed_bar_crossover
2026-05-06 05:54:06 INFO mt5_bot - Balance=102029.96 Equity=102029.96 Spread=0.30 pips
2026-05-06 05:54:06 INFO mt5_bot - Signal=NONE reason=no_closed_bar_crossover price=None trend=bearish rsi=33.1 atr_pips=21.2 adx=57.2
2026-05-06 05:54:06 INFO mt5_bot - ADX boost: adx=57.2 \u2192 risk_pct=1.50%
2026-05-06 05:54:06 INFO mt5_bot - Execution status=skipped reason=no_closed_bar_crossover
2026-05-06 05:54:21 INFO mt5_bot - Balance=102029.96 Equity=102029.96 Spread=0.30 pips
2026-05-06 05:54:21 INFO mt5_bot - Signal=NONE reason=no_closed_bar_crossover price=None trend=bearish rsi=33.1 atr_pips=21.2 adx=57.2
2026-05-06 05:54:21 INFO mt5_bot - ADX boost: adx=57.2 \u2192 risk_pct=1.50%
2026-05-06 05:54:21 INFO mt5_bot - Execution status=skipped reason=no_closed_bar_crossover
2026-05-06 05:54:36 INFO mt5_bot - Balance=102029.96 Equity=102029.96 Spread=0.30 pips
2026-05-06 05:54:36 INFO mt5_bot - Signal=NONE reason=no_closed_bar_crossover price=None trend=bearish rsi=33.1 atr_pips=21.2 adx=57.2
2026-05-06 05:54:36 INFO mt5_bot - ADX boost: adx=57.2 \u2192 risk_pct=1.50%
2026-05-06 05:54:36 INFO mt5_bot - Execution status=skipped reason=no_closed_bar_crossover
2026-05-06 05:54:51 INFO mt5_bot - Balance=102029.96 Equity=102029.96 Spread=0.30 pips
2026-05-06 05:54:51 INFO mt5_bot - Signal=NONE reason=no_closed_bar_crossover price=None trend=bearish rsi=33.1 atr_pips=21.2 adx=57.2
2026-05-06 05:54:51 INFO mt5_bot - ADX boost: adx=57.2 \u2192 risk_pct=1.50%
2026-05-06 05:54:51 INFO mt5_bot - Execution status=skipped reason=no_closed_bar_crossover
2026-05-06 05:55:06 INFO mt5_bot - Balance=102029.96 Equity=102029.96 Spread=0.30 pips
2026-05-06 05:55:06 INFO mt5_bot - Signal=NONE reason=no_closed_bar_crossover price=None trend=bearish rsi=33.1 atr_pips=21.2 adx=57.2
2026-05-06 05:55:06 INFO mt5_bot - ADX boost: adx=57.2 \u2192 risk_pct=1.50%
2026-05-06 05:55:06 INFO mt5_bot - Execution status=skipped reason=no_closed_bar_crossover
2026-05-06 05:55:21 INFO mt5_bot - Balance=102029.96 Equity=102029.96 Spread=0.30 pips
2026-05-06 05:55:21 INFO mt5_bot - Signal=NONE reason=no_closed_bar_crossover price=None trend=bearish rsi=33.1 atr_pips=21.2 adx=57.2
2026-05-06 05:55:21 INFO mt5_bot - ADX boost: adx=57.2 \u2192 risk_pct=1.50%
2026-05-06 05:55:21 INFO mt5_bot - Execution status=skipped reason=no_closed_bar_crossover
2026-05-06 05:55:36 INFO mt5_bot - Balance=102029.96 Equity=102029.96 Spread=0.30 pips
2026-05-06 05:55:36 INFO mt5_bot - Signal=NONE reason=no_closed_bar_crossover price=None trend=bearish rsi=33.1 atr_pips=21.2 adx=57.2
2026-05-06 05:55:36 INFO mt5_bot - ADX boost: adx=57.2 \u2192 risk_pct=1.50%
2026-05-06 05:55:36 INFO mt5_bot - Execution status=skipped reason=no_closed_bar_crossover
2026-05-06 05:55:51 INFO mt5_bot - Balance=102029.96 Equity=102029.96 Spread=0.30 pips
2026-05-06 05:55:51 INFO mt5_bot - Signal=NONE reason=no_closed_bar_crossover price=None trend=bearish rsi=33.1 atr_pips=21.2 adx=57.2
2026-05-06 05:55:51 INFO mt5_bot - ADX boost: adx=57.2 \u2192 risk_pct=1.50%
2026-05-06 05:55:51 INFO mt5_bot - Execution status=skipped reason=no_closed_bar_crossover
2026-05-06 05:56:06 INFO mt5_bot - Balance=102029.96 Equity=102029.96 Spread=0.30 pips
2026-05-06 05:56:06 INFO mt5_bot - Signal=NONE reason=no_closed_bar_crossover price=None trend=bearish rsi=33.1 atr_pips=21.2 adx=57.2
2026-05-06 05:56:06 INFO mt5_bot - ADX boost: adx=57.2 \u2192 risk_pct=1.50%
2026-05-06 05:56:06 INFO mt5_bot - Execution status=skipped reason=no_closed_bar_crossover
2026-05-06 05:56:22 INFO mt5_bot - Balance=102029.96 Equity=102029.96 Spread=0.30 pips
2026-05-06 05:56:22 INFO mt5_bot - Signal=NONE reason=no_closed_bar_crossover price=None trend=bearish rsi=33.1 atr_pips=21.2 adx=57.2
2026-05-06 05:56:22 INFO mt5_bot - ADX boost: adx=57.2 \u2192 risk_pct=1.50%
2026-05-06 05:56:22 INFO mt5_bot - Execution status=skipped reason=no_closed_bar_crossover
2026-05-06 05:56:37 INFO mt5_bot - Balance=102029.96 Equity=102029.96 Spread=0.30 pips
2026-05-06 05:56:37 INFO mt5_bot - Signal=NONE reason=no_closed_bar_crossover price=None trend=bearish rsi=33.1 atr_pips=21.2 adx=57.2
2026-05-06 05:56:37 INFO mt5_bot - ADX boost: adx=57.2 \u2192 risk_pct=1.50%
2026-05-06 05:56:37 INFO mt5_bot - Execution status=skipped reason=no_closed_bar_crossover
2026-05-06 05:56:52 INFO mt5_bot - Balance=102029.96 Equity=102029.96 Spread=0.30 pips
2026-05-06 05:56:52 INFO mt5_bot - Signal=NONE reason=no_closed_bar_crossover price=None trend=bearish rsi=33.1 atr_pips=21.2 adx=57.2
2026-05-06 05:56:52 INFO mt5_bot - ADX boost: adx=57.2 \u2192 risk_pct=1.50%
2026-05-06 05:56:52 INFO mt5_bot - Execution status=skipped reason=no_closed_bar_crossover
2026-05-06 05:57:07 INFO mt5_bot - Balance=102029.96 Equity=102029.96 Spread=0.30 pips
2026-05-06 05:57:07 INFO mt5_bot - Signal=NONE reason=no_closed_bar_crossover price=None trend=bearish rsi=33.1 atr_pips=21.2 adx=57.2
2026-05-06 05:57:07 INFO mt5_bot - ADX boost: adx=57.2 \u2192 risk_pct=1.50%
2026-05-06 05:57:07 INFO mt5_bot - Execution status=skipped reason=no_closed_bar_crossover
2026-05-06 05:57:22 INFO mt5_bot - Balance=102029.96 Equity=102029.96 Spread=0.30 pips
2026-05-06 05:57:22 INFO mt5_bot - Signal=NONE reason=no_closed_bar_crossover price=None trend=bearish rsi=33.1 atr_pips=21.2 adx=57.2
2026-05-06 05:57:22 INFO mt5_bot - ADX boost: adx=57.2 \u2192 risk_pct=1.50%
2026-05-06 05:57:22 INFO mt5_bot - Execution status=skipped reason=no_closed_bar_crossover
2026-05-06 05:57:37 INFO mt5_bot - Balance=102029.96 Equity=102029.96 Spread=0.30 pips
2026-05-06 05:57:37 INFO mt5_bot - Signal=NONE reason=no_closed_bar_crossover price=None trend=bearish rsi=33.1 atr_pips=21.2 adx=57.2
2026-05-06 05:57:37 INFO mt5_bot - ADX boost: adx=57.2 \u2192 risk_pct=1.50%
2026-05-06 05:57:37 INFO mt5_bot - Execution status=skipped reason=no_closed_bar_crossover
2026-05-06 05:57:52 INFO mt5_bot - Balance=102029.96 Equity=102029.96 Spread=0.30 pips
2026-05-06 05:57:52 INFO mt5_bot - Signal=NONE reason=no_closed_bar_crossover price=None trend=bearish rsi=33.1 atr_pips=21.2 adx=57.2
2026-05-06 05:57:52 INFO mt5_bot - ADX boost: adx=57.2 \u2192 risk_pct=1.50%
2026-05-06 05:57:52 INFO mt5_bot - Execution status=skipped reason=no_closed_bar_crossover
2026-05-06 05:58:07 INFO mt5_bot - Balance=102029.96 Equity=102029.96 Spread=0.30 pips
2026-05-06 05:58:07 INFO mt5_bot - Signal=NONE reason=no_closed_bar_crossover price=None trend=bearish rsi=33.1 atr_pips=21.2 adx=57.2
2026-05-06 05:58:07 INFO mt5_bot - ADX boost: adx=57.2 \u2192 risk_pct=1.50%
2026-05-06 05:58:07 INFO mt5_bot - Execution status=skipped reason=no_closed_bar_crossover
2026-05-06 05:58:22 INFO mt5_bot - Balance=102029.96 Equity=102029.96 Spread=0.30 pips
2026-05-06 05:58:22 INFO mt5_bot - Signal=NONE reason=no_closed_bar_crossover price=None trend=bearish rsi=33.1 atr_pips=21.2 adx=57.2
2026-05-06 05:58:22 INFO mt5_bot - ADX boost: adx=57.2 \u2192 risk_pct=1.50%
2026-05-06 05:58:22 INFO mt5_bot - Execution status=skipped reason=no_closed_bar_crossover
2026-05-06 05:58:37 INFO mt5_bot - Balance=102029.96 Equity=102029.96 Spread=0.30 pips
2026-05-06 05:58:37 INFO mt5_bot - Signal=NONE reason=no_closed_bar_crossover price=None trend=bearish rsi=33.1 atr_pips=21.2 adx=57.2
2026-05-06 05:58:37 INFO mt5_bot - ADX boost: adx=57.2 \u2192 risk_pct=1.50%
2026-05-06 05:58:37 INFO mt5_bot - Execution status=skipped reason=no_closed_bar_crossover
2026-05-06 05:58:52 INFO mt5_bot - Balance=102029.96 Equity=102029.96 Spread=0.30 pips
2026-05-06 05:58:52 INFO mt5_bot - Signal=NONE reason=no_closed_bar_crossover price=None trend=bearish rsi=33.1 atr_pips=21.2 adx=57.2
2026-05-06 05:58:52 INFO mt5_bot - ADX boost: adx=57.2 \u2192 risk_pct=1.50%
2026-05-06 05:58:52 INFO mt5_bot - Execution status=skipped reason=no_closed_bar_crossover
2026-05-06 05:59:07 INFO mt5_bot - Balance=102029.96 Equity=102029.96 Spread=0.30 pips
2026-05-06 05:59:07 INFO mt5_bot - Signal=NONE reason=no_closed_bar_crossover price=None trend=bearish rsi=33.1 atr_pips=21.2 adx=57.2
2026-05-06 05:59:07 INFO mt5_bot - ADX boost: adx=57.2 \u2192 risk_pct=1.50%
2026-05-06 05:59:07 INFO mt5_bot - Execution status=skipped reason=no_closed_bar_crossover
2026-05-06 05:59:22 INFO mt5_bot - Balance=102029.96 Equity=102029.96 Spread=0.30 pips
2026-05-06 05:59:22 INFO mt5_bot - Signal=NONE reason=no_closed_bar_crossover price=None trend=bearish rsi=33.1 atr_pips=21.2 adx=57.2
2026-05-06 05:59:22 INFO mt5_bot - ADX boost: adx=57.2 \u2192 risk_pct=1.50%
2026-05-06 05:59:22 INFO mt5_bot - Execution status=skipped reason=no_closed_bar_crossover
2026-05-06 05:59:37 INFO mt5_bot - Balance=102029.96 Equity=102029.96 Spread=0.30 pips
2026-05-06 05:59:37 INFO mt5_bot - Signal=NONE reason=no_closed_bar_crossover price=None trend=bearish rsi=33.1 atr_pips=21.2 adx=57.2
2026-05-06 05:59:37 INFO mt5_bot - ADX boost: adx=57.2 \u2192 risk_pct=1.50%
2026-05-06 05:59:37 INFO mt5_bot - Execution status=skipped reason=no_closed_bar_crossover
2026-05-06 05:59:52 INFO mt5_bot - Balance=102029.96 Equity=102029.96 Spread=0.30 pips
2026-05-06 05:59:52 INFO mt5_bot - Signal=NONE reason=no_closed_bar_crossover price=None trend=bearish rsi=33.1 atr_pips=21.2 adx=57.2
2026-05-06 05:59:52 INFO mt5_bot - ADX boost: adx=57.2 \u2192 risk_pct=1.50%
2026-05-06 05:59:52 INFO mt5_bot - Execution status=skipped reason=no_closed_bar_crossover
2026-05-06 06:00:07 INFO mt5_bot - Balance=102029.96 Equity=102029.96 Spread=0.30 pips
2026-05-06 06:00:07 INFO mt5_bot - Signal=NONE reason=no_closed_bar_crossover price=None trend=bearish rsi=31.5 atr_pips=21.5 adx=57.8
2026-05-06 06:00:07 INFO mt5_bot - ADX boost: adx=57.8 \u2192 risk_pct=1.50%
2026-05-06 06:00:07 INFO mt5_bot - Execution status=skipped reason=no_closed_bar_crossover
2026-05-06 06:00:22 INFO mt5_bot - Balance=102029.96 Equity=102029.96 Spread=0.30 pips
2026-05-06 06:00:22 INFO mt5_bot.news_filter - news_filter: loaded 115 events from shared cache
2026-05-06 06:00:22 INFO mt5_bot - Signal=NONE reason=no_closed_bar_crossover price=None trend=bearish rsi=31.5 atr_pips=21.5 adx=57.8
2026-05-06 06:00:22 INFO mt5_bot - ADX boost: adx=57.8 \u2192 risk_pct=1.50%
2026-05-06 06:00:22 INFO mt5_bot - Execution status=skipped reason=no_closed_bar_crossover
2026-05-06 06:00:37 INFO mt5_bot - Balance=102029.96 Equity=102029.96 Spread=0.30 pips
2026-05-06 06:00:37 INFO mt5_bot - Signal=NONE reason=no_closed_bar_crossover price=None trend=bearish rsi=31.5 atr_pips=21.5 adx=57.8
2026-05-06 06:00:37 INFO mt5_bot - ADX boost: adx=57.8 \u2192 risk_pct=1.50%
2026-05-06 06:00:37 INFO mt5_bot - Execution status=skipped reason=no_closed_bar_crossover
2026-05-06 06:00:52 INFO mt5_bot - Balance=102029.96 Equity=102029.96 Spread=0.30 pips
2026-05-06 06:00:52 INFO mt5_bot - Signal=NONE reason=no_closed_bar_crossover price=None trend=bearish rsi=31.5 atr_pips=21.5 adx=57.8
2026-05-06 06:00:52 INFO mt5_bot - ADX boost: adx=57.8 \u2192 risk_pct=1.50%
2026-05-06 06:00:52 INFO mt5_bot - Execution status=skipped reason=no_closed_bar_crossover
2026-05-06 06:01:07 INFO mt5_bot - Balance=102029.96 Equity=102029.96 Spread=0.30 pips
2026-05-06 06:01:07 INFO mt5_bot - Signal=NONE reason=no_closed_bar_crossover price=None trend=bearish rsi=31.5 atr_pips=21.5 adx=57.8
2026-05-06 06:01:07 INFO mt5_bot - ADX boost: adx=57.8 \u2192 risk_pct=1.50%
2026-05-06 06:01:07 INFO mt5_bot - Execution status=skipped reason=no_closed_bar_crossover
2026-05-06 06:01:22 INFO mt5_bot - Balance=102029.96 Equity=102029.96 Spread=0.30 pips
2026-05-06 06:01:22 INFO mt5_bot - Signal=NONE reason=no_closed_bar_crossover price=None trend=bearish rsi=31.5 atr_pips=21.5 adx=57.8
2026-05-06 06:01:22 INFO mt5_bot - ADX boost: adx=57.8 \u2192 risk_pct=1.50%
2026-05-06 06:01:22 INFO mt5_bot - Execution status=skipped reason=no_closed_bar_crossover
2026-05-06 06:01:37 INFO mt5_bot - Balance=102029.96 Equity=102029.96 Spread=0.30 pips
2026-05-06 06:01:37 INFO mt5_bot - Signal=NONE reason=no_closed_bar_crossover price=None trend=bearish rsi=31.5 atr_pips=21.5 adx=57.8
2026-05-06 06:01:37 INFO mt5_bot - ADX boost: adx=57.8 \u2192 risk_pct=1.50%
2026-05-06 06:01:37 INFO mt5_bot - Execution status=skipped reason=no_closed_bar_crossover
2026-05-06 06:01:52 INFO mt5_bot - Balance=102029.96 Equity=102029.96 Spread=0.30 pips
2026-05-06 06:01:52 INFO mt5_bot - Signal=NONE reason=no_closed_bar_crossover price=None trend=bearish rsi=31.5 atr_pips=21.5 adx=57.8
2026-05-06 06:01:52 INFO mt5_bot - ADX boost: adx=57.8 \u2192 risk_pct=1.50%
2026-05-06 06:01:52 INFO mt5_bot - Execution status=skipped reason=no_closed_bar_crossover
2026-05-06 06:02:07 INFO mt5_bot - Balance=102029.96 Equity=102029.96 Spread=0.30 pips
2026-05-06 06:02:07 INFO mt5_bot - Signal=NONE reason=no_closed_bar_crossover price=None trend=bearish rsi=31.5 atr_pips=21.5 adx=57.8
2026-05-06 06:02:07 INFO mt5_bot - ADX boost: adx=57.8 \u2192 risk_pct=1.50%
2026-05-06 06:02:07 INFO mt5_bot - Execution status=skipped reason=no_closed_bar_crossover
2026-05-06 06:02:22 INFO mt5_bot - Balance=102029.96 Equity=102029.96 Spread=0.30 pips
2026-05-06 06:02:22 INFO mt5_bot - Signal=NONE reason=no_closed_bar_crossover price=None trend=bearish rsi=31.5 atr_pips=21.5 adx=57.8
2026-05-06 06:02:22 INFO mt5_bot - ADX boost: adx=57.8 \u2192 risk_pct=1.50%
2026-05-06 06:02:22 INFO mt5_bot - Execution status=skipped reason=no_closed_bar_crossover
2026-05-06 06:02:37 INFO mt5_bot - Balance=102029.96 Equity=102029.96 Spread=0.30 pips
2026-05-06 06:02:37 INFO mt5_bot - Signal=NONE reason=no_closed_bar_crossover price=None trend=bearish rsi=31.5 atr_pips=21.5 adx=57.8
2026-05-06 06:02:37 INFO mt5_bot - ADX boost: adx=57.8 \u2192 risk_pct=1.50%
2026-05-06 06:02:37 INFO mt5_bot - Execution status=skipped reason=no_closed_bar_crossover
2026-05-06 06:02:52 INFO mt5_bot - Balance=102029.96 Equity=102029.96 Spread=0.30 pips
2026-05-06 06:02:52 INFO mt5_bot - Signal=NONE reason=no_closed_bar_crossover price=None trend=bearish rsi=31.5 atr_pips=21.5 adx=57.8
2026-05-06 06:02:52 INFO mt5_bot - ADX boost: adx=57.8 \u2192 risk_pct=1.50%
2026-05-06 06:02:52 INFO mt5_bot - Execution status=skipped reason=no_closed_bar_crossover
2026-05-06 06:03:07 INFO mt5_bot - Balance=102029.96 Equity=102029.96 Spread=0.30 pips
2026-05-06 06:03:07 INFO mt5_bot - Signal=NONE reason=no_closed_bar_crossover price=None trend=bearish rsi=31.5 atr_pips=21.5 adx=57.8
2026-05-06 06:03:07 INFO mt5_bot - ADX boost: adx=57.8 \u2192 risk_pct=1.50%
2026-05-06 06:03:07 INFO mt5_bot - Execution status=skipped reason=no_closed_bar_crossover
2026-05-06 06:03:22 INFO mt5_bot - Balance=102029.96 Equity=102029.96 Spread=0.30 pips
2026-05-06 06:03:22 INFO mt5_bot - Signal=NONE reason=no_closed_bar_crossover price=None trend=bearish rsi=31.5 atr_pips=21.5 adx=57.8
2026-05-06 06:03:22 INFO mt5_bot - ADX boost: adx=57.8 \u2192 risk_pct=1.50%
2026-05-06 06:03:22 INFO mt5_bot - Execution status=skipped reason=no_closed_bar_crossover
2026-05-06 06:03:37 INFO mt5_bot - Balance=102029.96 Equity=102029.96 Spread=0.30 pips
2026-05-06 06:03:37 INFO mt5_bot - Signal=NONE reason=no_closed_bar_crossover price=None trend=bearish rsi=31.5 atr_pips=21.5 adx=57.8
2026-05-06 06:03:37 INFO mt5_bot - ADX boost: adx=57.8 \u2192 risk_pct=1.50%
2026-05-06 06:03:37 INFO mt5_bot - Execution status=skipped reason=no_closed_bar_crossover
2026-05-06 06:03:52 INFO mt5_bot - Balance=102029.96 Equity=102029.96 Spread=0.30 pips
2026-05-06 06:03:52 INFO mt5_bot - Signal=NONE reason=no_closed_bar_crossover price=None trend=bearish rsi=31.5 atr_pips=21.5 adx=57.8
2026-05-06 06:03:52 INFO mt5_bot - ADX boost: adx=57.8 \u2192 risk_pct=1.50%
2026-05-06 06:03:52 INFO mt5_bot - Execution status=skipped reason=no_closed_bar_crossover
2026-05-06 06:04:07 INFO mt5_bot - Balance=102029.96 Equity=102029.96 Spread=0.30 pips
2026-05-06 06:04:07 INFO mt5_bot - Signal=NONE reason=no_closed_bar_crossover price=None trend=bearish rsi=31.5 atr_pips=21.5 adx=57.8
2026-05-06 06:04:07 INFO mt5_bot - ADX boost: adx=57.8 \u2192 risk_pct=1.50%
2026-05-06 06:04:07 INFO mt5_bot - Execution status=skipped reason=no_closed_bar_crossover
2026-05-06 06:04:22 INFO mt5_bot - Balance=102029.96 Equity=102029.96 Spread=0.30 pips
2026-05-06 06:04:22 INFO mt5_bot - Signal=NONE reason=no_closed_bar_crossover price=None trend=bearish rsi=31.5 atr_pips=21.5 adx=57.8
2026-05-06 06:04:22 INFO mt5_bot - ADX boost: adx=57.8 \u2192 risk_pct=1.50%
2026-05-06 06:04:22 INFO mt5_bot - Execution status=skipped reason=no_closed_bar_crossover
2026-05-06 06:04:37 INFO mt5_bot - Balance=102029.96 Equity=102029.96 Spread=0.30 pips
2026-05-06 06:04:37 INFO mt5_bot - Signal=NONE reason=no_closed_bar_crossover price=None trend=bearish rsi=31.5 atr_pips=21.5 adx=57.8
2026-05-06 06:04:37 INFO mt5_bot - ADX boost: adx=57.8 \u2192 risk_pct=1.50%
2026-05-06 06:04:37 INFO mt5_bot - Execution status=skipped reason=no_closed_bar_crossover
2026-05-06 06:04:52 INFO mt5_bot - Balance=102029.96 Equity=102029.96 Spread=0.30 pips
2026-05-06 06:04:52 INFO mt5_bot - Signal=NONE reason=no_closed_bar_crossover price=None trend=bearish rsi=31.5 atr_pips=21.5 adx=57.8
2026-05-06 06:04:52 INFO mt5_bot - ADX boost: adx=57.8 \u2192 risk_pct=1.50%
2026-05-06 06:04:52 INFO mt5_bot - Execution status=skipped reason=no_closed_bar_crossover
2026-05-06 06:05:07 INFO mt5_bot - Balance=102029.96 Equity=102029.96 Spread=0.30 pips
2026-05-06 06:05:07 INFO mt5_bot - Signal=NONE reason=no_closed_bar_crossover price=None trend=bearish rsi=31.5 atr_pips=21.5 adx=57.8
2026-05-06 06:05:07 INFO mt5_bot - ADX boost: adx=57.8 \u2192 risk_pct=1.50%
2026-05-06 06:05:07 INFO mt5_bot - Execution status=skipped reason=no_closed_bar_crossover
2026-05-06 06:05:22 INFO mt5_bot - Balance=102029.96 Equity=102029.96 Spread=0.30 pips
2026-05-06 06:05:22 INFO mt5_bot - Signal=NONE reason=no_closed_bar_crossover price=None trend=bearish rsi=31.5 atr_pips=21.5 adx=57.8
2026-05-06 06:05:22 INFO mt5_bot - ADX boost: adx=57.8 \u2192 risk_pct=1.50%
2026-05-06 06:05:22 INFO mt5_bot - Execution status=skipped reason=no_closed_bar_crossover
2026-05-06 06:05:37 INFO mt5_bot - Balance=102029.96 Equity=102029.96 Spread=0.30 pips
2026-05-06 06:05:37 INFO mt5_bot - Signal=NONE reason=no_closed_bar_crossover price=None trend=bearish rsi=31.5 atr_pips=21.5 adx=57.8
2026-05-06 06:05:37 INFO mt5_bot - ADX boost: adx=57.8 \u2192 risk_pct=1.50%
2026-05-06 06:05:37 INFO mt5_bot - Execution status=skipped reason=no_closed_bar_crossover
2026-05-06 06:05:52 INFO mt5_bot - Balance=102029.96 Equity=102029.96 Spread=0.30 pips
2026-05-06 06:05:52 INFO mt5_bot - Signal=NONE reason=no_closed_bar_crossover price=None trend=bearish rsi=31.5 atr_pips=21.5 adx=57.8
2026-05-06 06:05:52 INFO mt5_bot - ADX boost: adx=57.8 \u2192 risk_pct=1.50%
2026-05-06 06:05:52 INFO mt5_bot - Execution status=skipped reason=no_closed_bar_crossover
2026-05-06 06:06:07 INFO mt5_bot - Balance=102029.96 Equity=102029.96 Spread=0.30 pips
2026-05-06 06:06:07 INFO mt5_bot - Signal=NONE reason=no_closed_bar_crossover price=None trend=bearish rsi=31.5 atr_pips=21.5 adx=57.8
2026-05-06 06:06:07 INFO mt5_bot - ADX boost: adx=57.8 \u2192 risk_pct=1.50%
2026-05-06 06:06:07 INFO mt5_bot - Execution status=skipped reason=no_closed_bar_crossover
2026-05-06 06:06:22 INFO mt5_bot - Balance=102029.96 Equity=102029.96 Spread=0.30 pips
2026-05-06 06:06:22 INFO mt5_bot - Signal=NONE reason=no_closed_bar_crossover price=None trend=bearish rsi=31.5 atr_pips=21.5 adx=57.8
2026-05-06 06:06:22 INFO mt5_bot - ADX boost: adx=57.8 \u2192 risk_pct=1.50%
2026-05-06 06:06:22 INFO mt5_bot - Execution status=skipped reason=no_closed_bar_crossover
2026-05-06 06:06:37 INFO mt5_bot - Balance=102029.96 Equity=102029.96 Spread=0.30 pips
2026-05-06 06:06:37 INFO mt5_bot - Signal=NONE reason=no_closed_bar_crossover price=None trend=bearish rsi=31.5 atr_pips=21.5 adx=57.8
2026-05-06 06:06:37 INFO mt5_bot - ADX boost: adx=57.8 \u2192 risk_pct=1.50%
2026-05-06 06:06:37 INFO mt5_bot - Execution status=skipped reason=no_closed_bar_crossover
2026-05-06 06:06:52 INFO mt5_bot - Balance=102029.96 Equity=102029.96 Spread=0.30 pips
2026-05-06 06:06:52 INFO mt5_bot - Signal=NONE reason=no_closed_bar_crossover price=None trend=bearish rsi=31.5 atr_pips=21.5 adx=57.8
2026-05-06 06:06:52 INFO mt5_bot - ADX boost: adx=57.8 \u2192 risk_pct=1.50%
2026-05-06 06:06:52 INFO mt5_bot - Execution status=skipped reason=no_closed_bar_crossover
2026-05-06 06:07:07 INFO mt5_bot - Balance=102029.96 Equity=102029.96 Spread=0.30 pips
2026-05-06 06:07:07 INFO mt5_bot - Signal=NONE reason=no_closed_bar_crossover price=None trend=bearish rsi=31.5 atr_pips=21.5 adx=57.8
2026-05-06 06:07:07 INFO mt5_bot - ADX boost: adx=57.8 \u2192 risk_pct=1.50%
2026-05-06 06:07:07 INFO mt5_bot - Execution status=skipped reason=no_closed_bar_crossover
2026-05-06 06:07:22 INFO mt5_bot - Balance=102029.96 Equity=102029.96 Spread=0.30 pips
2026-05-06 06:07:22 INFO mt5_bot - Signal=NONE reason=no_closed_bar_crossover price=None trend=bearish rsi=31.5 atr_pips=21.5 adx=57.8
2026-05-06 06:07:22 INFO mt5_bot - ADX boost: adx=57.8 \u2192 risk_pct=1.50%
2026-05-06 06:07:22 INFO mt5_bot - Execution status=skipped reason=no_closed_bar_crossover
2026-05-06 06:07:37 INFO mt5_bot - Balance=102029.96 Equity=102029.96 Spread=0.30 pips
2026-05-06 06:07:37 INFO mt5_bot - Signal=NONE reason=no_closed_bar_crossover price=None trend=bearish rsi=31.5 atr_pips=21.5 adx=57.8
2026-05-06 06:07:37 INFO mt5_bot - ADX boost: adx=57.8 \u2192 risk_pct=1.50%
2026-05-06 06:07:37 INFO mt5_bot - Execution status=skipped reason=no_closed_bar_crossover
2026-05-06 06:07:52 INFO mt5_bot - Balance=102029.96 Equity=102029.96 Spread=0.30 pips
2026-05-06 06:07:52 INFO mt5_bot - Signal=NONE reason=no_closed_bar_crossover price=None trend=bearish rsi=31.5 atr_pips=21.5 adx=57.8
2026-05-06 06:07:52 INFO mt5_bot - ADX boost: adx=57.8 \u2192 risk_pct=1.50%
2026-05-06 06:07:52 INFO mt5_bot - Execution status=skipped reason=no_closed_bar_crossover
2026-05-06 06:08:07 INFO mt5_bot - Balance=102029.96 Equity=102029.96 Spread=0.30 pips
2026-05-06 06:08:07 INFO mt5_bot - Signal=NONE reason=no_closed_bar_crossover price=None trend=bearish rsi=31.5 atr_pips=21.5 adx=57.8
2026-05-06 06:08:07 INFO mt5_bot - ADX boost: adx=57.8 \u2192 risk_pct=1.50%
2026-05-06 06:08:07 INFO mt5_bot - Execution status=skipped reason=no_closed_bar_crossover
2026-05-06 06:08:22 INFO mt5_bot - Balance=102029.96 Equity=102029.96 Spread=0.30 pips
2026-05-06 06:08:22 INFO mt5_bot - Signal=NONE reason=no_closed_bar_crossover price=None trend=bearish rsi=31.5 atr_pips=21.5 adx=57.8
2026-05-06 06:08:22 INFO mt5_bot - ADX boost: adx=57.8 \u2192 risk_pct=1.50%
2026-05-06 06:08:22 INFO mt5_bot - Execution status=skipped reason=no_closed_bar_crossover
2026-05-06 06:08:37 INFO mt5_bot - Balance=102029.96 Equity=102029.96 Spread=0.30 pips
2026-05-06 06:08:37 INFO mt5_bot - Signal=NONE reason=no_closed_bar_crossover price=None trend=bearish rsi=31.5 atr_pips=21.5 adx=57.8
2026-05-06 06:08:37 INFO mt5_bot - ADX boost: adx=57.8 \u2192 risk_pct=1.50%
2026-05-06 06:08:37 INFO mt5_bot - Execution status=skipped reason=no_closed_bar_crossover
2026-05-06 06:08:52 INFO mt5_bot - Balance=102029.96 Equity=102029.96 Spread=0.30 pips
2026-05-06 06:08:52 INFO mt5_bot - Signal=NONE reason=no_closed_bar_crossover price=None trend=bearish rsi=31.5 atr_pips=21.5 adx=57.8
2026-05-06 06:08:52 INFO mt5_bot - ADX boost: adx=57.8 \u2192 risk_pct=1.50%
2026-05-06 06:08:52 INFO mt5_bot - Execution status=skipped reason=no_closed_bar_crossover
2026-05-06 06:09:07 INFO mt5_bot - Balance=102029.96 Equity=102029.96 Spread=0.30 pips
2026-05-06 06:09:07 INFO mt5_bot - Signal=NONE reason=no_closed_bar_crossover price=None trend=bearish rsi=31.5 atr_pips=21.5 adx=57.8
2026-05-06 06:09:07 INFO mt5_bot - ADX boost: adx=57.8 \u2192 risk_pct=1.50%
2026-05-06 06:09:07 INFO mt5_bot - Execution status=skipped reason=no_closed_bar_crossover
2026-05-06 06:09:22 INFO mt5_bot - Balance=102029.96 Equity=102029.96 Spread=0.30 pips
2026-05-06 06:09:22 INFO mt5_bot - Signal=NONE reason=no_closed_bar_crossover price=None trend=bearish rsi=31.5 atr_pips=21.5 adx=57.8
2026-05-06 06:09:22 INFO mt5_bot - ADX boost: adx=57.8 \u2192 risk_pct=1.50%
2026-05-06 06:09:22 INFO mt5_bot - Execution status=skipped reason=no_closed_bar_crossover
2026-05-06 06:09:37 INFO mt5_bot - Balance=102029.96 Equity=102029.96 Spread=0.30 pips
2026-05-06 06:09:37 INFO mt5_bot - Signal=NONE reason=no_closed_bar_crossover price=None trend=bearish rsi=31.5 atr_pips=21.5 adx=57.8
2026-05-06 06:09:37 INFO mt5_bot - ADX boost: adx=57.8 \u2192 risk_pct=1.50%
2026-05-06 06:09:37 INFO mt5_bot - Execution status=skipped reason=no_closed_bar_crossover
2026-05-06 06:09:52 INFO mt5_bot - Balance=102029.96 Equity=102029.96 Spread=0.30 pips
2026-05-06 06:09:52 INFO mt5_bot - Signal=NONE reason=no_closed_bar_crossover price=None trend=bearish rsi=31.5 atr_pips=21.5 adx=57.8
2026-05-06 06:09:52 INFO mt5_bot - ADX boost: adx=57.8 \u2192 risk_pct=1.50%
2026-05-06 06:09:52 INFO mt5_bot - Execution status=skipped reason=no_closed_bar_crossover
2026-05-06 06:10:07 INFO mt5_bot - Balance=102029.96 Equity=102029.96 Spread=0.30 pips
2026-05-06 06:10:07 INFO mt5_bot - Signal=NONE reason=no_closed_bar_crossover price=None trend=bearish rsi=31.5 atr_pips=21.5 adx=57.8
2026-05-06 06:10:07 INFO mt5_bot - ADX boost: adx=57.8 \u2192 risk_pct=1.50%
2026-05-06 06:10:07 INFO mt5_bot - Execution status=skipped reason=no_closed_bar_crossover
2026-05-06 06:10:22 INFO mt5_bot - Balance=102029.96 Equity=102029.96 Spread=0.30 pips
2026-05-06 06:10:22 INFO mt5_bot - Signal=NONE reason=no_closed_bar_crossover price=None trend=bearish rsi=31.5 atr_pips=21.5 adx=57.8
2026-05-06 06:10:22 INFO mt5_bot - ADX boost: adx=57.8 \u2192 risk_pct=1.50%
2026-05-06 06:10:22 INFO mt5_bot - Execution status=skipped reason=no_closed_bar_crossover
2026-05-06 06:10:37 INFO mt5_bot - Balance=102029.96 Equity=102029.96 Spread=0.30 pips
2026-05-06 06:10:37 INFO mt5_bot - Signal=NONE reason=no_closed_bar_crossover price=None trend=bearish rsi=31.5 atr_pips=21.5 adx=57.8
2026-05-06 06:10:37 INFO mt5_bot - ADX boost: adx=57.8 \u2192 risk_pct=1.50%
2026-05-06 06:10:37 INFO mt5_bot - Execution status=skipped reason=no_closed_bar_crossover
2026-05-06 06:10:52 INFO mt5_bot - Balance=102029.96 Equity=102029.96 Spread=0.30 pips
2026-05-06 06:10:52 INFO mt5_bot - Signal=NONE reason=no_closed_bar_crossover price=None trend=bearish rsi=31.5 atr_pips=21.5 adx=57.8
2026-05-06 06:10:52 INFO mt5_bot - ADX boost: adx=57.8 \u2192 risk_pct=1.50%
2026-05-06 06:10:52 INFO mt5_bot - Execution status=skipped reason=no_closed_bar_crossover
2026-05-06 06:11:07 INFO mt5_bot - Balance=102029.96 Equity=102029.96 Spread=0.30 pips
2026-05-06 06:11:07 INFO mt5_bot - Signal=NONE reason=no_closed_bar_crossover price=None trend=bearish rsi=31.5 atr_pips=21.5 adx=57.8
2026-05-06 06:11:07 INFO mt5_bot - ADX boost: adx=57.8 \u2192 risk_pct=1.50%
2026-05-06 06:11:07 INFO mt5_bot - Execution status=skipped reason=no_closed_bar_crossover
2026-05-06 06:11:22 INFO mt5_bot - Balance=102029.96 Equity=102029.96 Spread=0.30 pips
2026-05-06 06:11:22 INFO mt5_bot - Signal=NONE reason=no_closed_bar_crossover price=None trend=bearish rsi=31.5 atr_pips=21.5 adx=57.8
2026-05-06 06:11:22 INFO mt5_bot - ADX boost: adx=57.8 \u2192 risk_pct=1.50%
2026-05-06 06:11:22 INFO mt5_bot - Execution status=skipped reason=no_closed_bar_crossover
2026-05-06 06:11:38 INFO mt5_bot - Balance=102029.96 Equity=102029.96 Spread=0.30 pips
2026-05-06 06:11:38 INFO mt5_bot - Signal=NONE reason=no_closed_bar_crossover price=None trend=bearish rsi=31.5 atr_pips=21.5 adx=57.8
2026-05-06 06:11:38 INFO mt5_bot - ADX boost: adx=57.8 \u2192 risk_pct=1.50%
2026-05-06 06:11:38 INFO mt5_bot - Execution status=skipped reason=no_closed_bar_crossover
2026-05-06 06:11:53 INFO mt5_bot - Balance=102029.96 Equity=102029.96 Spread=0.30 pips
2026-05-06 06:11:53 INFO mt5_bot - Signal=NONE reason=no_closed_bar_crossover price=None trend=bearish rsi=31.5 atr_pips=21.5 adx=57.8
2026-05-06 06:11:53 INFO mt5_bot - ADX boost: adx=57.8 \u2192 risk_pct=1.50%
2026-05-06 06:11:53 INFO mt5_bot - Execution status=skipped reason=no_closed_bar_crossover
2026-05-06 06:12:08 INFO mt5_bot - Balance=102029.96 Equity=102029.96 Spread=0.30 pips
2026-05-06 06:12:08 INFO mt5_bot - Signal=NONE reason=no_closed_bar_crossover price=None trend=bearish rsi=31.5 atr_pips=21.5 adx=57.8
2026-05-06 06:12:08 INFO mt5_bot - ADX boost: adx=57.8 \u2192 risk_pct=1.50%
2026-05-06 06:12:08 INFO mt5_bot - Execution status=skipped reason=no_closed_bar_crossover
2026-05-06 06:12:23 INFO mt5_bot - Balance=102029.96 Equity=102029.96 Spread=0.30 pips
2026-05-06 06:12:23 INFO mt5_bot - Signal=NONE reason=no_closed_bar_crossover price=None trend=bearish rsi=31.5 atr_pips=21.5 adx=57.8
2026-05-06 06:12:23 INFO mt5_bot - ADX boost: adx=57.8 \u2192 risk_pct=1.50%
2026-05-06 06:12:23 INFO mt5_bot - Execution status=skipped reason=no_closed_bar_crossover
2026-05-06 06:12:38 INFO mt5_bot - Balance=102029.96 Equity=102029.96 Spread=0.30 pips
2026-05-06 06:12:38 INFO mt5_bot - Signal=NONE reason=no_closed_bar_crossover price=None trend=bearish rsi=31.5 atr_pips=21.5 adx=57.8
2026-05-06 06:12:38 INFO mt5_bot - ADX boost: adx=57.8 \u2192 risk_pct=1.50%
2026-05-06 06:12:38 INFO mt5_bot - Execution status=skipped reason=no_closed_bar_crossover
2026-05-06 06:12:53 INFO mt5_bot - Balance=102029.96 Equity=102029.96 Spread=0.30 pips
2026-05-06 06:12:53 INFO mt5_bot - Signal=NONE reason=no_closed_bar_crossover price=None trend=bearish rsi=31.5 atr_pips=21.5 adx=57.8
2026-05-06 06:12:53 INFO mt5_bot - ADX boost: adx=57.8 \u2192 risk_pct=1.50%
2026-05-06 06:12:53 INFO mt5_bot - Execution status=skipped reason=no_closed_bar_crossover
2026-05-06 06:13:08 INFO mt5_bot - Balance=102029.96 Equity=102029.96 Spread=0.30 pips
2026-05-06 06:13:08 INFO mt5_bot - Signal=NONE reason=no_closed_bar_crossover price=None trend=bearish rsi=31.5 atr_pips=21.5 adx=57.8
2026-05-06 06:13:08 INFO mt5_bot - ADX boost: adx=57.8 \u2192 risk_pct=1.50%
2026-05-06 06:13:08 INFO mt5_bot - Execution status=skipped reason=no_closed_bar_crossover
2026-05-06 06:13:23 INFO mt5_bot - Balance=102029.96 Equity=102029.96 Spread=0.30 pips
2026-05-06 06:13:23 INFO mt5_bot - Signal=NONE reason=no_closed_bar_crossover price=None trend=bearish rsi=31.5 atr_pips=21.5 adx=57.8
2026-05-06 06:13:23 INFO mt5_bot - ADX boost: adx=57.8 \u2192 risk_pct=1.50%
2026-05-06 06:13:23 INFO mt5_bot - Execution status=skipped reason=no_closed_bar_crossover
2026-05-06 06:13:38 INFO mt5_bot - Balance=102029.96 Equity=102029.96 Spread=0.30 pips
2026-05-06 06:13:38 INFO mt5_bot - Signal=NONE reason=no_closed_bar_crossover price=None trend=bearish rsi=31.5 atr_pips=21.5 adx=57.8
2026-05-06 06:13:38 INFO mt5_bot - ADX boost: adx=57.8 \u2192 risk_pct=1.50%
2026-05-06 06:13:38 INFO mt5_bot - Execution status=skipped reason=no_closed_bar_crossover
2026-05-06 06:13:53 INFO mt5_bot - Balance=102029.96 Equity=102029.96 Spread=0.30 pips
2026-05-06 06:13:53 INFO mt5_bot - Signal=NONE reason=no_closed_bar_crossover price=None trend=bearish rsi=31.5 atr_pips=21.5 adx=57.8
2026-05-06 06:13:53 INFO mt5_bot - ADX boost: adx=57.8 \u2192 risk_pct=1.50%
2026-05-06 06:13:53 INFO mt5_bot - Execution status=skipped reason=no_closed_bar_crossover
2026-05-06 06:14:08 INFO mt5_bot - Balance=102029.96 Equity=102029.96 Spread=0.30 pips
2026-05-06 06:14:08 INFO mt5_bot - Signal=NONE reason=no_closed_bar_crossover price=None trend=bearish rsi=31.5 atr_pips=21.5 adx=57.8
2026-05-06 06:14:08 INFO mt5_bot - ADX boost: adx=57.8 \u2192 risk_pct=1.50%
2026-05-06 06:14:08 INFO mt5_bot - Execution status=skipped reason=no_closed_bar_crossover
2026-05-06 06:14:23 INFO mt5_bot - Balance=102029.96 Equity=102029.96 Spread=0.30 pips
2026-05-06 06:14:23 INFO mt5_bot - Signal=NONE reason=no_closed_bar_crossover price=None trend=bearish rsi=31.5 atr_pips=21.5 adx=57.8
2026-05-06 06:14:23 INFO mt5_bot - ADX boost: adx=57.8 \u2192 risk_pct=1.50%
2026-05-06 06:14:23 INFO mt5_bot - Execution status=skipped reason=no_closed_bar_crossover
2026-05-06 06:14:38 INFO mt5_bot - Balance=102029.96 Equity=102029.96 Spread=0.30 pips
2026-05-06 06:14:38 INFO mt5_bot - Signal=NONE reason=no_closed_bar_crossover price=None trend=bearish rsi=31.5 atr_pips=21.5 adx=57.8
2026-05-06 06:14:38 INFO mt5_bot - ADX boost: adx=57.8 \u2192 risk_pct=1.50%
2026-05-06 06:14:38 INFO mt5_bot - Execution status=skipped reason=no_closed_bar_crossover
2026-05-06 06:14:53 INFO mt5_bot - Balance=102029.96 Equity=102029.96 Spread=0.30 pips
2026-05-06 06:14:53 INFO mt5_bot - Signal=NONE reason=no_closed_bar_crossover price=None trend=bearish rsi=31.5 atr_pips=21.5 adx=57.8
2026-05-06 06:14:53 INFO mt5_bot - ADX boost: adx=57.8 \u2192 risk_pct=1.50%
2026-05-06 06:14:53 INFO mt5_bot - Execution status=skipped reason=no_closed_bar_crossover
2026-05-06 06:15:08 INFO mt5_bot - Balance=102029.96 Equity=102029.96 Spread=0.30 pips
2026-05-06 06:15:08 INFO mt5_bot - Signal=NONE reason=no_closed_bar_crossover price=None trend=bearish rsi=38.6 atr_pips=21.6 adx=57.8
2026-05-06 06:15:08 INFO mt5_bot - ADX boost: adx=57.8 \u2192 risk_pct=1.50%
2026-05-06 06:15:08 INFO mt5_bot - Execution status=skipped reason=no_closed_bar_crossover
2026-05-06 06:15:23 INFO mt5_bot - Balance=102029.96 Equity=102029.96 Spread=0.30 pips
2026-05-06 06:15:23 INFO mt5_bot - Signal=NONE reason=no_closed_bar_crossover price=None trend=bearish rsi=38.6 atr_pips=21.6 adx=57.8
2026-05-06 06:15:23 INFO mt5_bot - ADX boost: adx=57.8 \u2192 risk_pct=1.50%
2026-05-06 06:15:23 INFO mt5_bot - Execution status=skipped reason=no_closed_bar_crossover
2026-05-06 06:15:38 INFO mt5_bot - Balance=102029.96 Equity=102029.96 Spread=0.30 pips
2026-05-06 06:15:38 INFO mt5_bot - Signal=NONE reason=no_closed_bar_crossover price=None trend=bearish rsi=38.6 atr_pips=21.6 adx=57.8
2026-05-06 06:15:38 INFO mt5_bot - ADX boost: adx=57.8 \u2192 risk_pct=1.50%
2026-05-06 06:15:38 INFO mt5_bot - Execution status=skipped reason=no_closed_bar_crossover
2026-05-06 06:15:53 INFO mt5_bot - Balance=102029.96 Equity=102029.96 Spread=0.30 pips
2026-05-06 06:15:53 INFO mt5_bot - Signal=NONE reason=no_closed_bar_crossover price=None trend=bearish rsi=38.6 atr_pips=21.6 adx=57.8
2026-05-06 06:15:53 INFO mt5_bot - ADX boost: adx=57.8 \u2192 risk_pct=1.50%
2026-05-06 06:15:53 INFO mt5_bot - Execution status=skipped reason=no_closed_bar_crossover
2026-05-06 06:16:08 INFO mt5_bot - Balance=102029.96 Equity=102029.96 Spread=0.30 pips
2026-05-06 06:16:08 INFO mt5_bot - Signal=NONE reason=no_closed_bar_crossover price=None trend=bearish rsi=38.6 atr_pips=21.6 adx=57.8
2026-05-06 06:16:08 INFO mt5_bot - ADX boost: adx=57.8 \u2192 risk_pct=1.50%
2026-05-06 06:16:08 INFO mt5_bot - Execution status=skipped reason=no_closed_bar_crossover
2026-05-06 06:16:23 INFO mt5_bot - Balance=102029.96 Equity=102029.96 Spread=0.30 pips
2026-05-06 06:16:23 INFO mt5_bot - Signal=NONE reason=no_closed_bar_crossover price=None trend=bearish rsi=38.6 atr_pips=21.6 adx=57.8
2026-05-06 06:16:23 INFO mt5_bot - ADX boost: adx=57.8 \u2192 risk_pct=1.50%
2026-05-06 06:16:23 INFO mt5_bot - Execution status=skipped reason=no_closed_bar_crossover
2026-05-06 06:16:38 INFO mt5_bot - Balance=102029.96 Equity=102029.96 Spread=0.30 pips
2026-05-06 06:16:38 INFO mt5_bot - Signal=NONE reason=no_closed_bar_crossover price=None trend=bearish rsi=38.6 atr_pips=21.6 adx=57.8
2026-05-06 06:16:38 INFO mt5_bot - ADX boost: adx=57.8 \u2192 risk_pct=1.50%
2026-05-06 06:16:38 INFO mt5_bot - Execution status=skipped reason=no_closed_bar_crossover
2026-05-06 06:16:53 INFO mt5_bot - Balance=102029.96 Equity=102029.96 Spread=0.30 pips
2026-05-06 06:16:53 INFO mt5_bot - Signal=NONE reason=no_closed_bar_crossover price=None trend=bearish rsi=38.6 atr_pips=21.6 adx=57.8
2026-05-06 06:16:53 INFO mt5_bot - ADX boost: adx=57.8 \u2192 risk_pct=1.50%
2026-05-06 06:16:53 INFO mt5_bot - Execution status=skipped reason=no_closed_bar_crossover
2026-05-06 06:17:08 INFO mt5_bot - Balance=102029.96 Equity=102029.96 Spread=0.30 pips
2026-05-06 06:17:08 INFO mt5_bot - Signal=NONE reason=no_closed_bar_crossover price=None trend=bearish rsi=38.6 atr_pips=21.6 adx=57.8
2026-05-06 06:17:08 INFO mt5_bot - ADX boost: adx=57.8 \u2192 risk_pct=1.50%
2026-05-06 06:17:08 INFO mt5_bot - Execution status=skipped reason=no_closed_bar_crossover
2026-05-06 06:17:23 INFO mt5_bot - Balance=102029.96 Equity=102029.96 Spread=0.30 pips
2026-05-06 06:17:23 INFO mt5_bot - Signal=NONE reason=no_closed_bar_crossover price=None trend=bearish rsi=38.6 atr_pips=21.6 adx=57.8
2026-05-06 06:17:23 INFO mt5_bot - ADX boost: adx=57.8 \u2192 risk_pct=1.50%
2026-05-06 06:17:23 INFO mt5_bot - Execution status=skipped reason=no_closed_bar_crossover
2026-05-06 06:17:38 INFO mt5_bot - Balance=102029.96 Equity=102029.96 Spread=0.30 pips
2026-05-06 06:17:38 INFO mt5_bot - Signal=NONE reason=no_closed_bar_crossover price=None trend=bearish rsi=38.6 atr_pips=21.6 adx=57.8
2026-05-06 06:17:38 INFO mt5_bot - ADX boost: adx=57.8 \u2192 risk_pct=1.50%
2026-05-06 06:17:38 INFO mt5_bot - Execution status=skipped reason=no_closed_bar_crossover
2026-05-06 06:17:53 INFO mt5_bot - Balance=102029.96 Equity=102029.96 Spread=0.30 pips
2026-05-06 06:17:53 INFO mt5_bot - Signal=NONE reason=no_closed_bar_crossover price=None trend=bearish rsi=38.6 atr_pips=21.6 adx=57.8
2026-05-06 06:17:53 INFO mt5_bot - ADX boost: adx=57.8 \u2192 risk_pct=1.50%
2026-05-06 06:17:53 INFO mt5_bot - Execution status=skipped reason=no_closed_bar_crossover
2026-05-06 06:18:08 INFO mt5_bot - Balance=102029.96 Equity=102029.96 Spread=0.30 pips
2026-05-06 06:18:08 INFO mt5_bot - Signal=NONE reason=no_closed_bar_crossover price=None trend=bearish rsi=38.6 atr_pips=21.6 adx=57.8
2026-05-06 06:18:08 INFO mt5_bot - ADX boost: adx=57.8 \u2192 risk_pct=1.50%
2026-05-06 06:18:08 INFO mt5_bot - Execution status=skipped reason=no_closed_bar_crossover
2026-05-06 06:18:23 INFO mt5_bot - Balance=102029.96 Equity=102029.96 Spread=0.30 pips
2026-05-06 06:18:23 INFO mt5_bot - Signal=NONE reason=no_closed_bar_crossover price=None trend=bearish rsi=38.6 atr_pips=21.6 adx=57.8
2026-05-06 06:18:23 INFO mt5_bot - ADX boost: adx=57.8 \u2192 risk_pct=1.50%
2026-05-06 06:18:23 INFO mt5_bot - Execution status=skipped reason=no_closed_bar_crossover
2026-05-06 06:18:38 INFO mt5_bot - Balance=102029.96 Equity=102029.96 Spread=0.30 pips
2026-05-06 06:18:38 INFO mt5_bot - Signal=NONE reason=no_closed_bar_crossover price=None trend=bearish rsi=38.6 atr_pips=21.6 adx=57.8
2026-05-06 06:18:38 INFO mt5_bot - ADX boost: adx=57.8 \u2192 risk_pct=1.50%
2026-05-06 06:18:38 INFO mt5_bot - Execution status=skipped reason=no_closed_bar_crossover
2026-05-06 06:18:53 INFO mt5_bot - Balance=102029.96 Equity=102029.96 Spread=0.30 pips
2026-05-06 06:18:53 INFO mt5_bot - Signal=NONE reason=no_closed_bar_crossover price=None trend=bearish rsi=38.6 atr_pips=21.6 adx=57.8
2026-05-06 06:18:53 INFO mt5_bot - ADX boost: adx=57.8 \u2192 risk_pct=1.50%
2026-05-06 06:18:53 INFO mt5_bot - Execution status=skipped reason=no_closed_bar_crossover
2026-05-06 06:19:08 INFO mt5_bot - Balance=102029.96 Equity=102029.96 Spread=0.30 pips
2026-05-06 06:19:08 INFO mt5_bot - Signal=NONE reason=no_closed_bar_crossover price=None trend=bearish rsi=38.6 atr_pips=21.6 adx=57.8
2026-05-06 06:19:08 INFO mt5_bot - ADX boost: adx=57.8 \u2192 risk_pct=1.50%
2026-05-06 06:19:08 INFO mt5_bot - Execution status=skipped reason=no_closed_bar_crossover
2026-05-06 06:19:23 INFO mt5_bot - Balance=102029.96 Equity=102029.96 Spread=0.30 pips
2026-05-06 06:19:23 INFO mt5_bot - Signal=NONE reason=no_closed_bar_crossover price=None trend=bearish rsi=38.6 atr_pips=21.6 adx=57.8
2026-05-06 06:19:23 INFO mt5_bot - ADX boost: adx=57.8 \u2192 risk_pct=1.50%
2026-05-06 06:19:23 INFO mt5_bot - Execution status=skipped reason=no_closed_bar_crossover
2026-05-06 06:19:38 INFO mt5_bot - Balance=102029.96 Equity=102029.96 Spread=0.30 pips
2026-05-06 06:19:38 INFO mt5_bot - Signal=NONE reason=no_closed_bar_crossover price=None trend=bearish rsi=38.6 atr_pips=21.6 adx=57.8
2026-05-06 06:19:38 INFO mt5_bot - ADX boost: adx=57.8 \u2192 risk_pct=1.50%
2026-05-06 06:19:38 INFO mt5_bot - Execution status=skipped reason=no_closed_bar_crossover
2026-05-06 06:19:53 INFO mt5_bot - Balance=102029.96 Equity=102029.96 Spread=0.30 pips
2026-05-06 06:19:53 INFO mt5_bot - Signal=NONE reason=no_closed_bar_crossover price=None trend=bearish rsi=38.6 atr_pips=21.6 adx=57.8
2026-05-06 06:19:53 INFO mt5_bot - ADX boost: adx=57.8 \u2192 risk_pct=1.50%
2026-05-06 06:19:53 INFO mt5_bot - Execution status=skipped reason=no_closed_bar_crossover
2026-05-06 06:20:08 INFO mt5_bot - Balance=102029.96 Equity=102029.96 Spread=0.30 pips
2026-05-06 06:20:09 INFO mt5_bot - Signal=NONE reason=no_closed_bar_crossover price=None trend=bearish rsi=38.6 atr_pips=21.6 adx=57.8
2026-05-06 06:20:09 INFO mt5_bot - ADX boost: adx=57.8 \u2192 risk_pct=1.50%
2026-05-06 06:20:09 INFO mt5_bot - Execution status=skipped reason=no_closed_bar_crossover
2026-05-06 06:20:24 INFO mt5_bot - Balance=102029.96 Equity=102029.96 Spread=0.30 pips
2026-05-06 06:20:24 INFO mt5_bot - Signal=NONE reason=no_closed_bar_crossover price=None trend=bearish rsi=38.6 atr_pips=21.6 adx=57.8
2026-05-06 06:20:24 INFO mt5_bot - ADX boost: adx=57.8 \u2192 risk_pct=1.50%
2026-05-06 06:20:24 INFO mt5_bot - Execution status=skipped reason=no_closed_bar_crossover
2026-05-06 06:20:39 INFO mt5_bot - Balance=102029.96 Equity=102029.96 Spread=0.30 pips
2026-05-06 06:20:39 INFO mt5_bot - Signal=NONE reason=no_closed_bar_crossover price=None trend=bearish rsi=38.6 atr_pips=21.6 adx=57.8
2026-05-06 06:20:39 INFO mt5_bot - ADX boost: adx=57.8 \u2192 risk_pct=1.50%
2026-05-06 06:20:39 INFO mt5_bot - Execution status=skipped reason=no_closed_bar_crossover
2026-05-06 06:20:54 INFO mt5_bot - Balance=102029.96 Equity=102029.96 Spread=0.30 pips
2026-05-06 06:20:54 INFO mt5_bot - Signal=NONE reason=no_closed_bar_crossover price=None trend=bearish rsi=38.6 atr_pips=21.6 adx=57.8
2026-05-06 06:20:54 INFO mt5_bot - ADX boost: adx=57.8 \u2192 risk_pct=1.50%
2026-05-06 06:20:54 INFO mt5_bot - Execution status=skipped reason=no_closed_bar_crossover
2026-05-06 06:21:09 INFO mt5_bot - Balance=102029.96 Equity=102029.96 Spread=0.30 pips
2026-05-06 06:21:09 INFO mt5_bot - Signal=NONE reason=no_closed_bar_crossover price=None trend=bearish rsi=38.6 atr_pips=21.6 adx=57.8
2026-05-06 06:21:09 INFO mt5_bot - ADX boost: adx=57.8 \u2192 risk_pct=1.50%
2026-05-06 06:21:09 INFO mt5_bot - Execution status=skipped reason=no_closed_bar_crossover
2026-05-06 06:21:24 INFO mt5_bot - Balance=102029.96 Equity=102029.96 Spread=0.30 pips
2026-05-06 06:21:24 INFO mt5_bot - Signal=NONE reason=no_closed_bar_crossover price=None trend=bearish rsi=38.6 atr_pips=21.6 adx=57.8
2026-05-06 06:21:24 INFO mt5_bot - ADX boost: adx=57.8 \u2192 risk_pct=1.50%
2026-05-06 06:21:24 INFO mt5_bot - Execution status=skipped reason=no_closed_bar_crossover
2026-05-06 06:21:39 INFO mt5_bot - Balance=102029.96 Equity=102029.96 Spread=0.30 pips
2026-05-06 06:21:39 INFO mt5_bot - Signal=NONE reason=no_closed_bar_crossover price=None trend=bearish rsi=38.6 atr_pips=21.6 adx=57.8
2026-05-06 06:21:39 INFO mt5_bot - ADX boost: adx=57.8 \u2192 risk_pct=1.50%
2026-05-06 06:21:39 INFO mt5_bot - Execution status=skipped reason=no_closed_bar_crossover
2026-05-06 06:21:54 INFO mt5_bot - Balance=102029.96 Equity=102029.96 Spread=0.30 pips
2026-05-06 06:21:54 INFO mt5_bot - Signal=NONE reason=no_closed_bar_crossover price=None trend=bearish rsi=38.6 atr_pips=21.6 adx=57.8
2026-05-06 06:21:54 INFO mt5_bot - ADX boost: adx=57.8 \u2192 risk_pct=1.50%
2026-05-06 06:21:54 INFO mt5_bot - Execution status=skipped reason=no_closed_bar_crossover
2026-05-06 06:22:09 INFO mt5_bot - Balance=102029.96 Equity=102029.96 Spread=0.30 pips
2026-05-06 06:22:09 INFO mt5_bot - Signal=NONE reason=no_closed_bar_crossover price=None trend=bearish rsi=38.6 atr_pips=21.6 adx=57.8
2026-05-06 06:22:09 INFO mt5_bot - ADX boost: adx=57.8 \u2192 risk_pct=1.50%
2026-05-06 06:22:09 INFO mt5_bot - Execution status=skipped reason=no_closed_bar_crossover
2026-05-06 06:22:24 INFO mt5_bot - Balance=102029.96 Equity=102029.96 Spread=0.30 pips
2026-05-06 06:22:24 INFO mt5_bot - Signal=NONE reason=no_closed_bar_crossover price=None trend=bearish rsi=38.6 atr_pips=21.6 adx=57.8
2026-05-06 06:22:24 INFO mt5_bot - ADX boost: adx=57.8 \u2192 risk_pct=1.50%
2026-05-06 06:22:24 INFO mt5_bot - Execution status=skipped reason=no_closed_bar_crossover
2026-05-06 06:22:39 INFO mt5_bot - Balance=102029.96 Equity=102029.96 Spread=0.30 pips
2026-05-06 06:22:39 INFO mt5_bot - Signal=NONE reason=no_closed_bar_crossover price=None trend=bearish rsi=38.6 atr_pips=21.6 adx=57.8
2026-05-06 06:22:39 INFO mt5_bot - ADX boost: adx=57.8 \u2192 risk_pct=1.50%
2026-05-06 06:22:39 INFO mt5_bot - Execution status=skipped reason=no_closed_bar_crossover
2026-05-06 06:22:54 INFO mt5_bot - Balance=102029.96 Equity=102029.96 Spread=0.30 pips
2026-05-06 06:22:54 INFO mt5_bot - Signal=NONE reason=no_closed_bar_crossover price=None trend=bearish rsi=38.6 atr_pips=21.6 adx=57.8
2026-05-06 06:22:54 INFO mt5_bot - ADX boost: adx=57.8 \u2192 risk_pct=1.50%
2026-05-06 06:22:54 INFO mt5_bot - Execution status=skipped reason=no_closed_bar_crossover
2026-05-06 06:23:09 INFO mt5_bot - Balance=102029.96 Equity=102029.96 Spread=0.30 pips
2026-05-06 06:23:09 INFO mt5_bot - Signal=NONE reason=no_closed_bar_crossover price=None trend=bearish rsi=38.6 atr_pips=21.6 adx=57.8
2026-05-06 06:23:09 INFO mt5_bot - ADX boost: adx=57.8 \u2192 risk_pct=1.50%
2026-05-06 06:23:09 INFO mt5_bot - Execution status=skipped reason=no_closed_bar_crossover
2026-05-06 06:23:24 INFO mt5_bot - Balance=102029.96 Equity=102029.96 Spread=0.30 pips
2026-05-06 06:23:24 INFO mt5_bot - Signal=NONE reason=no_closed_bar_crossover price=None trend=bearish rsi=38.6 atr_pips=21.6 adx=57.8
2026-05-06 06:23:24 INFO mt5_bot - ADX boost: adx=57.8 \u2192 risk_pct=1.50%
2026-05-06 06:23:24 INFO mt5_bot - Execution status=skipped reason=no_closed_bar_crossover
2026-05-06 06:23:39 INFO mt5_bot - Balance=102029.96 Equity=102029.96 Spread=0.30 pips
2026-05-06 06:23:39 INFO mt5_bot - Signal=NONE reason=no_closed_bar_crossover price=None trend=bearish rsi=38.6 atr_pips=21.6 adx=57.8
2026-05-06 06:23:39 INFO mt5_bot - ADX boost: adx=57.8 \u2192 risk_pct=1.50%
2026-05-06 06:23:39 INFO mt5_bot - Execution status=skipped reason=no_closed_bar_crossover
2026-05-06 06:23:54 INFO mt5_bot - Balance=102029.96 Equity=102029.96 Spread=0.30 pips
2026-05-06 06:23:54 INFO mt5_bot - Signal=NONE reason=no_closed_bar_crossover price=None trend=bearish rsi=38.6 atr_pips=21.6 adx=57.8
2026-05-06 06:23:54 INFO mt5_bot - ADX boost: adx=57.8 \u2192 risk_pct=1.50%
2026-05-06 06:23:54 INFO mt5_bot - Execution status=skipped reason=no_closed_bar_crossover
2026-05-06 06:24:09 INFO mt5_bot - Balance=102029.96 Equity=102029.96 Spread=0.30 pips
2026-05-06 06:24:09 INFO mt5_bot - Signal=NONE reason=no_closed_bar_crossover price=None trend=bearish rsi=38.6 atr_pips=21.6 adx=57.8
2026-05-06 06:24:09 INFO mt5_bot - ADX boost: adx=57.8 \u2192 risk_pct=1.50%
2026-05-06 06:24:09 INFO mt5_bot - Execution status=skipped reason=no_closed_bar_crossover
2026-05-06 06:24:24 INFO mt5_bot - Balance=102029.96 Equity=102029.96 Spread=0.30 pips
2026-05-06 06:24:24 INFO mt5_bot - Signal=NONE reason=no_closed_bar_crossover price=None trend=bearish rsi=38.6 atr_pips=21.6 adx=57.8
2026-05-06 06:24:24 INFO mt5_bot - ADX boost: adx=57.8 \u2192 risk_pct=1.50%
2026-05-06 06:24:24 INFO mt5_bot - Execution status=skipped reason=no_closed_bar_crossover
2026-05-06 06:24:39 INFO mt5_bot - Balance=102029.96 Equity=102029.96 Spread=0.30 pips
2026-05-06 06:24:39 INFO mt5_bot - Signal=NONE reason=no_closed_bar_crossover price=None trend=bearish rsi=38.6 atr_pips=21.6 adx=57.8
2026-05-06 06:24:39 INFO mt5_bot - ADX boost: adx=57.8 \u2192 risk_pct=1.50%
2026-05-06 06:24:39 INFO mt5_bot - Execution status=skipped reason=no_closed_bar_crossover
2026-05-06 06:24:54 INFO mt5_bot - Balance=102029.96 Equity=102029.96 Spread=0.30 pips
2026-05-06 06:24:54 INFO mt5_bot - Signal=NONE reason=no_closed_bar_crossover price=None trend=bearish rsi=38.6 atr_pips=21.6 adx=57.8
2026-05-06 06:24:54 INFO mt5_bot - ADX boost: adx=57.8 \u2192 risk_pct=1.50%
2026-05-06 06:24:54 INFO mt5_bot - Execution status=skipped reason=no_closed_bar_crossover
2026-05-06 06:25:09 INFO mt5_bot - Balance=102029.96 Equity=102029.96 Spread=0.30 pips
2026-05-06 06:25:09 INFO mt5_bot - Signal=NONE reason=no_closed_bar_crossover price=None trend=bearish rsi=38.6 atr_pips=21.6 adx=57.8
2026-05-06 06:25:09 INFO mt5_bot - ADX boost: adx=57.8 \u2192 risk_pct=1.50%
2026-05-06 06:25:09 INFO mt5_bot - Execution status=skipped reason=no_closed_bar_crossover
2026-05-06 06:25:24 INFO mt5_bot - Balance=102029.96 Equity=102029.96 Spread=0.30 pips
2026-05-06 06:25:24 INFO mt5_bot - Signal=NONE reason=no_closed_bar_crossover price=None trend=bearish rsi=38.6 atr_pips=21.6 adx=57.8
2026-05-06 06:25:24 INFO mt5_bot - ADX boost: adx=57.8 \u2192 risk_pct=1.50%
2026-05-06 06:25:24 INFO mt5_bot - Execution status=skipped reason=no_closed_bar_crossover
2026-05-06 06:25:39 INFO mt5_bot - Balance=102029.96 Equity=102029.96 Spread=0.30 pips
2026-05-06 06:25:39 INFO mt5_bot - Signal=NONE reason=no_closed_bar_crossover price=None trend=bearish rsi=38.6 atr_pips=21.6 adx=57.8
2026-05-06 06:25:39 INFO mt5_bot - ADX boost: adx=57.8 \u2192 risk_pct=1.50%
2026-05-06 06:25:39 INFO mt5_bot - Execution status=skipped reason=no_closed_bar_crossover
2026-05-06 06:25:54 INFO mt5_bot - Balance=102029.96 Equity=102029.96 Spread=0.30 pips
2026-05-06 06:25:54 INFO mt5_bot - Signal=NONE reason=no_closed_bar_crossover price=None trend=bearish rsi=38.6 atr_pips=21.6 adx=57.8
2026-05-06 06:25:54 INFO mt5_bot - ADX boost: adx=57.8 \u2192 risk_pct=1.50%
2026-05-06 06:25:54 INFO mt5_bot - Execution status=skipped reason=no_closed_bar_crossover
2026-05-06 06:26:09 INFO mt5_bot - Balance=102029.96 Equity=102029.96 Spread=0.30 pips
2026-05-06 06:26:09 INFO mt5_bot - Signal=NONE reason=no_closed_bar_crossover price=None trend=bearish rsi=38.6 atr_pips=21.6 adx=57.8
2026-05-06 06:26:09 INFO mt5_bot - ADX boost: adx=57.8 \u2192 risk_pct=1.50%
2026-05-06 06:26:09 INFO mt5_bot - Execution status=skipped reason=no_closed_bar_crossover
2026-05-06 06:26:24 INFO mt5_bot - Balance=102029.96 Equity=102029.96 Spread=0.30 pips
2026-05-06 06:26:24 INFO mt5_bot - Signal=NONE reason=no_closed_bar_crossover price=None trend=bearish rsi=38.6 atr_pips=21.6 adx=57.8
2026-05-06 06:26:24 INFO mt5_bot - ADX boost: adx=57.8 \u2192 risk_pct=1.50%
2026-05-06 06:26:24 INFO mt5_bot - Execution status=skipped reason=no_closed_bar_crossover
2026-05-06 06:26:39 INFO mt5_bot - Balance=102029.96 Equity=102029.96 Spread=0.30 pips
2026-05-06 06:26:39 INFO mt5_bot - Signal=NONE reason=no_closed_bar_crossover price=None trend=bearish rsi=38.6 atr_pips=21.6 adx=57.8
2026-05-06 06:26:39 INFO mt5_bot - ADX boost: adx=57.8 \u2192 risk_pct=1.50%
2026-05-06 06:26:39 INFO mt5_bot - Execution status=skipped reason=no_closed_bar_crossover
2026-05-06 06:26:54 INFO mt5_bot - Balance=102029.96 Equity=102029.96 Spread=0.30 pips
2026-05-06 06:26:54 INFO mt5_bot - Signal=NONE reason=no_closed_bar_crossover price=None trend=bearish rsi=38.6 atr_pips=21.6 adx=57.8
2026-05-06 06:26:54 INFO mt5_bot - ADX boost: adx=57.8 \u2192 risk_pct=1.50%
2026-05-06 06:26:54 INFO mt5_bot - Execution status=skipped reason=no_closed_bar_crossover
2026-05-06 06:27:09 INFO mt5_bot - Balance=102029.96 Equity=102029.96 Spread=0.30 pips
2026-05-06 06:27:09 INFO mt5_bot - Signal=NONE reason=no_closed_bar_crossover price=None trend=bearish rsi=38.6 atr_pips=21.6 adx=57.8
2026-05-06 06:27:09 INFO mt5_bot - ADX boost: adx=57.8 \u2192 risk_pct=1.50%
2026-05-06 06:27:09 INFO mt5_bot - Execution status=skipped reason=no_closed_bar_crossover
2026-05-06 06:27:24 INFO mt5_bot - Balance=102029.96 Equity=102029.96 Spread=0.30 pips
2026-05-06 06:27:24 INFO mt5_bot - Signal=NONE reason=no_closed_bar_crossover price=None trend=bearish rsi=38.6 atr_pips=21.6 adx=57.8
2026-05-06 06:27:24 INFO mt5_bot - ADX boost: adx=57.8 \u2192 risk_pct=1.50%
2026-05-06 06:27:24 INFO mt5_bot - Execution status=skipped reason=no_closed_bar_crossover
2026-05-06 06:27:39 INFO mt5_bot - Balance=102029.96 Equity=102029.96 Spread=0.30 pips
2026-05-06 06:27:39 INFO mt5_bot - Signal=NONE reason=no_closed_bar_crossover price=None trend=bearish rsi=38.6 atr_pips=21.6 adx=57.8
2026-05-06 06:27:39 INFO mt5_bot - ADX boost: adx=57.8 \u2192 risk_pct=1.50%
2026-05-06 06:27:39 INFO mt5_bot - Execution status=skipped reason=no_closed_bar_crossover
2026-05-06 06:27:54 INFO mt5_bot - Balance=102029.96 Equity=102029.96 Spread=0.30 pips
2026-05-06 06:27:54 INFO mt5_bot - Signal=NONE reason=no_closed_bar_crossover price=None trend=bearish rsi=38.6 atr_pips=21.6 adx=57.8
2026-05-06 06:27:54 INFO mt5_bot - ADX boost: adx=57.8 \u2192 risk_pct=1.50%
2026-05-06 06:27:54 INFO mt5_bot - Execution status=skipped reason=no_closed_bar_crossover
2026-05-06 06:28:09 INFO mt5_bot - Balance=102029.96 Equity=102029.96 Spread=0.30 pips
2026-05-06 06:28:09 INFO mt5_bot - Signal=NONE reason=no_closed_bar_crossover price=None trend=bearish rsi=38.6 atr_pips=21.6 adx=57.8
2026-05-06 06:28:09 INFO mt5_bot - ADX boost: adx=57.8 \u2192 risk_pct=1.50%
2026-05-06 06:28:09 INFO mt5_bot - Execution status=skipped reason=no_closed_bar_crossover
2026-05-06 06:28:24 INFO mt5_bot - Balance=102029.96 Equity=102029.96 Spread=0.30 pips
2026-05-06 06:28:24 INFO mt5_bot - Signal=NONE reason=no_closed_bar_crossover price=None trend=bearish rsi=38.6 atr_pips=21.6 adx=57.8
2026-05-06 06:28:24 INFO mt5_bot - ADX boost: adx=57.8 \u2192 risk_pct=1.50%
2026-05-06 06:28:24 INFO mt5_bot - Execution status=skipped reason=no_closed_bar_crossover
2026-05-06 06:28:39 INFO mt5_bot - Balance=102029.96 Equity=102029.96 Spread=0.30 pips
2026-05-06 06:28:39 INFO mt5_bot - Signal=NONE reason=no_closed_bar_crossover price=None trend=bearish rsi=38.6 atr_pips=21.6 adx=57.8
2026-05-06 06:28:39 INFO mt5_bot - ADX boost: adx=57.8 \u2192 risk_pct=1.50%
2026-05-06 06:28:39 INFO mt5_bot - Execution status=skipped reason=no_closed_bar_crossover
2026-05-06 06:28:54 INFO mt5_bot - Balance=102029.96 Equity=102029.96 Spread=0.30 pips
2026-05-06 06:28:54 INFO mt5_bot - Signal=NONE reason=no_closed_bar_crossover price=None trend=bearish rsi=38.6 atr_pips=21.6 adx=57.8
2026-05-06 06:28:54 INFO mt5_bot - ADX boost: adx=57.8 \u2192 risk_pct=1.50%
2026-05-06 06:28:54 INFO mt5_bot - Execution status=skipped reason=no_closed_bar_crossover
2026-05-06 06:29:09 INFO mt5_bot - Balance=102029.96 Equity=102029.96 Spread=0.30 pips
2026-05-06 06:29:09 INFO mt5_bot - Signal=NONE reason=no_closed_bar_crossover price=None trend=bearish rsi=38.6 atr_pips=21.6 adx=57.8
2026-05-06 06:29:09 INFO mt5_bot - ADX boost: adx=57.8 \u2192 risk_pct=1.50%
2026-05-06 06:29:09 INFO mt5_bot - Execution status=skipped reason=no_closed_bar_crossover
2026-05-06 06:29:24 INFO mt5_bot - Balance=102029.96 Equity=102029.96 Spread=0.30 pips
2026-05-06 06:29:24 INFO mt5_bot - Signal=NONE reason=no_closed_bar_crossover price=None trend=bearish rsi=38.6 atr_pips=21.6 adx=57.8
2026-05-06 06:29:24 INFO mt5_bot - ADX boost: adx=57.8 \u2192 risk_pct=1.50%
2026-05-06 06:29:24 INFO mt5_bot - Execution status=skipped reason=no_closed_bar_crossover
2026-05-06 06:29:39 INFO mt5_bot - Balance=102029.96 Equity=102029.96 Spread=0.30 pips
2026-05-06 06:29:39 INFO mt5_bot - Signal=NONE reason=no_closed_bar_crossover price=None trend=bearish rsi=38.6 atr_pips=21.6 adx=57.8
2026-05-06 06:29:39 INFO mt5_bot - ADX boost: adx=57.8 \u2192 risk_pct=1.50%
2026-05-06 06:29:39 INFO mt5_bot - Execution status=skipped reason=no_closed_bar_crossover
2026-05-06 06:29:54 INFO mt5_bot - Balance=102029.96 Equity=102029.96 Spread=0.30 pips
2026-05-06 06:29:54 INFO mt5_bot - Signal=NONE reason=no_closed_bar_crossover price=None trend=bearish rsi=38.6 atr_pips=21.6 adx=57.8
2026-05-06 06:29:54 INFO mt5_bot - ADX boost: adx=57.8 \u2192 risk_pct=1.50%
2026-05-06 06:29:54 INFO mt5_bot - Execution status=skipped reason=no_closed_bar_crossover
2026-05-06 06:30:09 INFO mt5_bot - Balance=102029.96 Equity=102029.96 Spread=0.30 pips
2026-05-06 06:30:09 INFO mt5_bot - Signal=NONE reason=no_closed_bar_crossover price=None trend=bearish rsi=38.5 atr_pips=20.8 adx=57.7
2026-05-06 06:30:09 INFO mt5_bot - ADX boost: adx=57.7 \u2192 risk_pct=1.50%
2026-05-06 06:30:09 INFO mt5_bot - Execution status=skipped reason=no_closed_bar_crossover
2026-05-06 06:30:24 INFO mt5_bot - Balance=102029.96 Equity=102029.96 Spread=0.30 pips
2026-05-06 06:30:24 INFO mt5_bot - Signal=NONE reason=no_closed_bar_crossover price=None trend=bearish rsi=38.5 atr_pips=20.8 adx=57.7
2026-05-06 06:30:24 INFO mt5_bot - ADX boost: adx=57.7 \u2192 risk_pct=1.50%
2026-05-06 06:30:24 INFO mt5_bot - Execution status=skipped reason=no_closed_bar_crossover
2026-05-06 06:30:39 INFO mt5_bot - Balance=102029.96 Equity=102029.96 Spread=0.30 pips
2026-05-06 06:30:39 INFO mt5_bot - Signal=NONE reason=no_closed_bar_crossover price=None trend=bearish rsi=38.5 atr_pips=20.8 adx=57.7
2026-05-06 06:30:39 INFO mt5_bot - ADX boost: adx=57.7 \u2192 risk_pct=1.50%
2026-05-06 06:30:39 INFO mt5_bot - Execution status=skipped reason=no_closed_bar_crossover
2026-05-06 06:30:54 INFO mt5_bot - Balance=102029.96 Equity=102029.96 Spread=0.30 pips
2026-05-06 06:30:55 INFO mt5_bot - Signal=NONE reason=no_closed_bar_crossover price=None trend=bearish rsi=38.5 atr_pips=20.8 adx=57.7
2026-05-06 06:30:55 INFO mt5_bot - ADX boost: adx=57.7 \u2192 risk_pct=1.50%
2026-05-06 06:30:55 INFO mt5_bot - Execution status=skipped reason=no_closed_bar_crossover
2026-05-06 06:31:10 INFO mt5_bot - Balance=102029.96 Equity=102029.96 Spread=0.30 pips
2026-05-06 06:31:10 INFO mt5_bot - Signal=NONE reason=no_closed_bar_crossover price=None trend=bearish rsi=38.5 atr_pips=20.8 adx=57.7
2026-05-06 06:31:10 INFO mt5_bot - ADX boost: adx=57.7 \u2192 risk_pct=1.50%
2026-05-06 06:31:10 INFO mt5_bot - Execution status=skipped reason=no_closed_bar_crossover
2026-05-06 06:31:25 INFO mt5_bot - Balance=102029.96 Equity=102029.96 Spread=0.30 pips
2026-05-06 06:31:25 INFO mt5_bot - Signal=NONE reason=no_closed_bar_crossover price=None trend=bearish rsi=38.5 atr_pips=20.8 adx=57.7
2026-05-06 06:31:25 INFO mt5_bot - ADX boost: adx=57.7 \u2192 risk_pct=1.50%
2026-05-06 06:31:25 INFO mt5_bot - Execution status=skipped reason=no_closed_bar_crossover
2026-05-06 06:31:40 INFO mt5_bot - Balance=102029.96 Equity=102029.96 Spread=0.30 pips
2026-05-06 06:31:40 INFO mt5_bot - Signal=NONE reason=no_closed_bar_crossover price=None trend=bearish rsi=38.5 atr_pips=20.8 adx=57.7
2026-05-06 06:31:40 INFO mt5_bot - ADX boost: adx=57.7 \u2192 risk_pct=1.50%
2026-05-06 06:31:40 INFO mt5_bot - Execution status=skipped reason=no_closed_bar_crossover
2026-05-06 06:31:55 INFO mt5_bot - Balance=102029.96 Equity=102029.96 Spread=0.30 pips
2026-05-06 06:31:55 INFO mt5_bot - Signal=NONE reason=no_closed_bar_crossover price=None trend=bearish rsi=38.5 atr_pips=20.8 adx=57.7
2026-05-06 06:31:55 INFO mt5_bot - ADX boost: adx=57.7 \u2192 risk_pct=1.50%
2026-05-06 06:31:55 INFO mt5_bot - Execution status=skipped reason=no_closed_bar_crossover
2026-05-06 06:32:10 INFO mt5_bot - Balance=102029.96 Equity=102029.96 Spread=0.30 pips
2026-05-06 06:32:10 INFO mt5_bot - Signal=NONE reason=no_closed_bar_crossover price=None trend=bearish rsi=38.5 atr_pips=20.8 adx=57.7
2026-05-06 06:32:10 INFO mt5_bot - ADX boost: adx=57.7 \u2192 risk_pct=1.50%
2026-05-06 06:32:10 INFO mt5_bot - Execution status=skipped reason=no_closed_bar_crossover
2026-05-06 06:32:25 INFO mt5_bot - Balance=102029.96 Equity=102029.96 Spread=0.30 pips
2026-05-06 06:32:25 INFO mt5_bot - Signal=NONE reason=no_closed_bar_crossover price=None trend=bearish rsi=38.5 atr_pips=20.8 adx=57.7
2026-05-06 06:32:25 INFO mt5_bot - ADX boost: adx=57.7 \u2192 risk_pct=1.50%
2026-05-06 06:32:25 INFO mt5_bot - Execution status=skipped reason=no_closed_bar_crossover
2026-05-06 06:32:40 INFO mt5_bot - Balance=102029.96 Equity=102029.96 Spread=0.30 pips
2026-05-06 06:32:40 INFO mt5_bot - Signal=NONE reason=no_closed_bar_crossover price=None trend=bearish rsi=38.5 atr_pips=20.8 adx=57.7
2026-05-06 06:32:40 INFO mt5_bot - ADX boost: adx=57.7 \u2192 risk_pct=1.50%
2026-05-06 06:32:40 INFO mt5_bot - Execution status=skipped reason=no_closed_bar_crossover
2026-05-06 06:32:55 INFO mt5_bot - Balance=102029.96 Equity=102029.96 Spread=0.30 pips
2026-05-06 06:32:55 INFO mt5_bot - Signal=NONE reason=no_closed_bar_crossover price=None trend=bearish rsi=38.5 atr_pips=20.8 adx=57.7
2026-05-06 06:32:55 INFO mt5_bot - ADX boost: adx=57.7 \u2192 risk_pct=1.50%
2026-05-06 06:32:55 INFO mt5_bot - Execution status=skipped reason=no_closed_bar_crossover
2026-05-06 06:33:10 INFO mt5_bot - Balance=102029.96 Equity=102029.96 Spread=0.30 pips
2026-05-06 06:33:10 INFO mt5_bot - Signal=NONE reason=no_closed_bar_crossover price=None trend=bearish rsi=38.5 atr_pips=20.8 adx=57.7
2026-05-06 06:33:10 INFO mt5_bot - ADX boost: adx=57.7 \u2192 risk_pct=1.50%
2026-05-06 06:33:10 INFO mt5_bot - Execution status=skipped reason=no_closed_bar_crossover
2026-05-06 06:33:25 INFO mt5_bot - Balance=102029.96 Equity=102029.96 Spread=0.30 pips
2026-05-06 06:33:25 INFO mt5_bot - Signal=NONE reason=no_closed_bar_crossover price=None trend=bearish rsi=38.5 atr_pips=20.8 adx=57.7
2026-05-06 06:33:25 INFO mt5_bot - ADX boost: adx=57.7 \u2192 risk_pct=1.50%
2026-05-06 06:33:25 INFO mt5_bot - Execution status=skipped reason=no_closed_bar_crossover
2026-05-06 06:33:40 INFO mt5_bot - Balance=102029.96 Equity=102029.96 Spread=0.30 pips
2026-05-06 06:33:40 INFO mt5_bot - Signal=NONE reason=no_closed_bar_crossover price=None trend=bearish rsi=38.5 atr_pips=20.8 adx=57.7
2026-05-06 06:33:40 INFO mt5_bot - ADX boost: adx=57.7 \u2192 risk_pct=1.50%
2026-05-06 06:33:40 INFO mt5_bot - Execution status=skipped reason=no_closed_bar_crossover
2026-05-06 06:33:55 INFO mt5_bot - Balance=102029.96 Equity=102029.96 Spread=0.30 pips
2026-05-06 06:33:55 INFO mt5_bot - Signal=NONE reason=no_closed_bar_crossover price=None trend=bearish rsi=38.5 atr_pips=20.8 adx=57.7
2026-05-06 06:33:55 INFO mt5_bot - ADX boost: adx=57.7 \u2192 risk_pct=1.50%
2026-05-06 06:33:55 INFO mt5_bot - Execution status=skipped reason=no_closed_bar_crossover
2026-05-06 06:34:10 INFO mt5_bot - Balance=102029.96 Equity=102029.96 Spread=0.30 pips
2026-05-06 06:34:10 INFO mt5_bot - Signal=NONE reason=no_closed_bar_crossover price=None trend=bearish rsi=38.5 atr_pips=20.8 adx=57.7
2026-05-06 06:34:10 INFO mt5_bot - ADX boost: adx=57.7 \u2192 risk_pct=1.50%
2026-05-06 06:34:10 INFO mt5_bot - Execution status=skipped reason=no_closed_bar_crossover
2026-05-06 06:34:25 INFO mt5_bot - Balance=102029.96 Equity=102029.96 Spread=0.30 pips
2026-05-06 06:34:25 INFO mt5_bot - Signal=NONE reason=no_closed_bar_crossover price=None trend=bearish rsi=38.5 atr_pips=20.8 adx=57.7
2026-05-06 06:34:25 INFO mt5_bot - ADX boost: adx=57.7 \u2192 risk_pct=1.50%
2026-05-06 06:34:25 INFO mt5_bot - Execution status=skipped reason=no_closed_bar_crossover
2026-05-06 06:34:40 INFO mt5_bot - Balance=102029.96 Equity=102029.96 Spread=0.30 pips
2026-05-06 06:34:40 INFO mt5_bot - Signal=NONE reason=no_closed_bar_crossover price=None trend=bearish rsi=38.5 atr_pips=20.8 adx=57.7
2026-05-06 06:34:40 INFO mt5_bot - ADX boost: adx=57.7 \u2192 risk_pct=1.50%
2026-05-06 06:34:40 INFO mt5_bot - Execution status=skipped reason=no_closed_bar_crossover
2026-05-06 06:34:55 INFO mt5_bot - Balance=102029.96 Equity=102029.96 Spread=0.30 pips
2026-05-06 06:34:55 INFO mt5_bot - Signal=NONE reason=no_closed_bar_crossover price=None trend=bearish rsi=38.5 atr_pips=20.8 adx=57.7
2026-05-06 06:34:55 INFO mt5_bot - ADX boost: adx=57.7 \u2192 risk_pct=1.50%
2026-05-06 06:34:55 INFO mt5_bot - Execution status=skipped reason=no_closed_bar_crossover
2026-05-06 06:35:10 INFO mt5_bot - Balance=102029.96 Equity=102029.96 Spread=0.30 pips
2026-05-06 06:35:10 INFO mt5_bot - Signal=NONE reason=no_closed_bar_crossover price=None trend=bearish rsi=38.5 atr_pips=20.8 adx=57.7
2026-05-06 06:35:10 INFO mt5_bot - ADX boost: adx=57.7 \u2192 risk_pct=1.50%
2026-05-06 06:35:10 INFO mt5_bot - Execution status=skipped reason=no_closed_bar_crossover
2026-05-06 06:35:25 INFO mt5_bot - Balance=102029.96 Equity=102029.96 Spread=0.30 pips
2026-05-06 06:35:25 INFO mt5_bot - Signal=NONE reason=no_closed_bar_crossover price=None trend=bearish rsi=38.5 atr_pips=20.8 adx=57.7
2026-05-06 06:35:25 INFO mt5_bot - ADX boost: adx=57.7 \u2192 risk_pct=1.50%
2026-05-06 06:35:25 INFO mt5_bot - Execution status=skipped reason=no_closed_bar_crossover
2026-05-06 06:35:40 INFO mt5_bot - Balance=102029.96 Equity=102029.96 Spread=0.30 pips
2026-05-06 06:35:40 INFO mt5_bot - Signal=NONE reason=no_closed_bar_crossover price=None trend=bearish rsi=38.5 atr_pips=20.8 adx=57.7
2026-05-06 06:35:40 INFO mt5_bot - ADX boost: adx=57.7 \u2192 risk_pct=1.50%
2026-05-06 06:35:40 INFO mt5_bot - Execution status=skipped reason=no_closed_bar_crossover
2026-05-06 06:35:55 INFO mt5_bot - Balance=102029.96 Equity=102029.96 Spread=0.30 pips
2026-05-06 06:35:55 INFO mt5_bot - Signal=NONE reason=no_closed_bar_crossover price=None trend=bearish rsi=38.5 atr_pips=20.8 adx=57.7
2026-05-06 06:35:55 INFO mt5_bot - ADX boost: adx=57.7 \u2192 risk_pct=1.50%
2026-05-06 06:35:55 INFO mt5_bot - Execution status=skipped reason=no_closed_bar_crossover
2026-05-06 06:36:10 INFO mt5_bot - Balance=102029.96 Equity=102029.96 Spread=0.30 pips
2026-05-06 06:36:10 INFO mt5_bot - Signal=NONE reason=no_closed_bar_crossover price=None trend=bearish rsi=38.5 atr_pips=20.8 adx=57.7
2026-05-06 06:36:10 INFO mt5_bot - ADX boost: adx=57.7 \u2192 risk_pct=1.50%
2026-05-06 06:36:10 INFO mt5_bot - Execution status=skipped reason=no_closed_bar_crossover
2026-05-06 06:36:25 INFO mt5_bot - Balance=102029.96 Equity=102029.96 Spread=0.30 pips
2026-05-06 06:36:25 INFO mt5_bot - Signal=NONE reason=no_closed_bar_crossover price=None trend=bearish rsi=38.5 atr_pips=20.8 adx=57.7
2026-05-06 06:36:25 INFO mt5_bot - ADX boost: adx=57.7 \u2192 risk_pct=1.50%
2026-05-06 06:36:25 INFO mt5_bot - Execution status=skipped reason=no_closed_bar_crossover
2026-05-06 06:36:40 INFO mt5_bot - Balance=102029.96 Equity=102029.96 Spread=0.30 pips
2026-05-06 06:36:40 INFO mt5_bot - Signal=NONE reason=no_closed_bar_crossover price=None trend=bearish rsi=38.5 atr_pips=20.8 adx=57.7
2026-05-06 06:36:40 INFO mt5_bot - ADX boost: adx=57.7 \u2192 risk_pct=1.50%
2026-05-06 06:36:40 INFO mt5_bot - Execution status=skipped reason=no_closed_bar_crossover
2026-05-06 06:36:55 INFO mt5_bot - Balance=102029.96 Equity=102029.96 Spread=0.30 pips
2026-05-06 06:36:55 INFO mt5_bot - Signal=NONE reason=no_closed_bar_crossover price=None trend=bearish rsi=38.5 atr_pips=20.8 adx=57.7
2026-05-06 06:36:55 INFO mt5_bot - ADX boost: adx=57.7 \u2192 risk_pct=1.50%
2026-05-06 06:36:55 INFO mt5_bot - Execution status=skipped reason=no_closed_bar_crossover
2026-05-06 06:37:10 INFO mt5_bot - Balance=102029.96 Equity=102029.96 Spread=0.30 pips
2026-05-06 06:37:10 INFO mt5_bot - Signal=NONE reason=no_closed_bar_crossover price=None trend=bearish rsi=38.5 atr_pips=20.8 adx=57.7
2026-05-06 06:37:10 INFO mt5_bot - ADX boost: adx=57.7 \u2192 risk_pct=1.50%
2026-05-06 06:37:10 INFO mt5_bot - Execution status=skipped reason=no_closed_bar_crossover
2026-05-06 06:37:25 INFO mt5_bot - Balance=102029.96 Equity=102029.96 Spread=0.30 pips
2026-05-06 06:37:25 INFO mt5_bot - Signal=NONE reason=no_closed_bar_crossover price=None trend=bearish rsi=38.5 atr_pips=20.8 adx=57.7
2026-05-06 06:37:25 INFO mt5_bot - ADX boost: adx=57.7 \u2192 risk_pct=1.50%
2026-05-06 06:37:25 INFO mt5_bot - Execution status=skipped reason=no_closed_bar_crossover
2026-05-06 06:37:40 INFO mt5_bot - Balance=102029.96 Equity=102029.96 Spread=0.30 pips
2026-05-06 06:37:40 INFO mt5_bot - Signal=NONE reason=no_closed_bar_crossover price=None trend=bearish rsi=38.5 atr_pips=20.8 adx=57.7
2026-05-06 06:37:40 INFO mt5_bot - ADX boost: adx=57.7 \u2192 risk_pct=1.50%
2026-05-06 06:37:40 INFO mt5_bot - Execution status=skipped reason=no_closed_bar_crossover
2026-05-06 06:37:55 INFO mt5_bot - Balance=102029.96 Equity=102029.96 Spread=0.30 pips
2026-05-06 06:37:55 INFO mt5_bot - Signal=NONE reason=no_closed_bar_crossover price=None trend=bearish rsi=38.5 atr_pips=20.8 adx=57.7
2026-05-06 06:37:55 INFO mt5_bot - ADX boost: adx=57.7 \u2192 risk_pct=1.50%
2026-05-06 06:37:55 INFO mt5_bot - Execution status=skipped reason=no_closed_bar_crossover
2026-05-06 06:38:10 INFO mt5_bot - Balance=102029.96 Equity=102029.96 Spread=0.30 pips
2026-05-06 06:38:10 INFO mt5_bot - Signal=NONE reason=no_closed_bar_crossover price=None trend=bearish rsi=38.5 atr_pips=20.8 adx=57.7
2026-05-06 06:38:10 INFO mt5_bot - ADX boost: adx=57.7 \u2192 risk_pct=1.50%
2026-05-06 06:38:10 INFO mt5_bot - Execution status=skipped reason=no_closed_bar_crossover
2026-05-06 06:38:25 INFO mt5_bot - Balance=102029.96 Equity=102029.96 Spread=0.30 pips
2026-05-06 06:38:25 INFO mt5_bot - Signal=NONE reason=no_closed_bar_crossover price=None trend=bearish rsi=38.5 atr_pips=20.8 adx=57.7
2026-05-06 06:38:25 INFO mt5_bot - ADX boost: adx=57.7 \u2192 risk_pct=1.50%
2026-05-06 06:38:25 INFO mt5_bot - Execution status=skipped reason=no_closed_bar_crossover
2026-05-06 06:38:40 INFO mt5_bot - Balance=102029.96 Equity=102029.96 Spread=0.30 pips
2026-05-06 06:38:40 INFO mt5_bot - Signal=NONE reason=no_closed_bar_crossover price=None trend=bearish rsi=38.5 atr_pips=20.8 adx=57.7
2026-05-06 06:38:40 INFO mt5_bot - ADX boost: adx=57.7 \u2192 risk_pct=1.50%
2026-05-06 06:38:40 INFO mt5_bot - Execution status=skipped reason=no_closed_bar_crossover
2026-05-06 06:38:55 INFO mt5_bot - Balance=102029.96 Equity=102029.96 Spread=0.30 pips
2026-05-06 06:38:55 INFO mt5_bot - Signal=NONE reason=no_closed_bar_crossover price=None trend=bearish rsi=38.5 atr_pips=20.8 adx=57.7
2026-05-06 06:38:55 INFO mt5_bot - ADX boost: adx=57.7 \u2192 risk_pct=1.50%
2026-05-06 06:38:55 INFO mt5_bot - Execution status=skipped reason=no_closed_bar_crossover
2026-05-06 06:39:10 INFO mt5_bot - Balance=102029.96 Equity=102029.96 Spread=0.30 pips
2026-05-06 06:39:10 INFO mt5_bot - Signal=NONE reason=no_closed_bar_crossover price=None trend=bearish rsi=38.5 atr_pips=20.8 adx=57.7
2026-05-06 06:39:10 INFO mt5_bot - ADX boost: adx=57.7 \u2192 risk_pct=1.50%
2026-05-06 06:39:10 INFO mt5_bot - Execution status=skipped reason=no_closed_bar_crossover
2026-05-06 06:39:25 INFO mt5_bot - Balance=102029.96 Equity=102029.96 Spread=0.30 pips
2026-05-06 06:39:25 INFO mt5_bot - Signal=NONE reason=no_closed_bar_crossover price=None trend=bearish rsi=38.5 atr_pips=20.8 adx=57.7
2026-05-06 06:39:25 INFO mt5_bot - ADX boost: adx=57.7 \u2192 risk_pct=1.50%
2026-05-06 06:39:25 INFO mt5_bot - Execution status=skipped reason=no_closed_bar_crossover
2026-05-06 06:39:40 INFO mt5_bot - Balance=102029.96 Equity=102029.96 Spread=0.30 pips
2026-05-06 06:39:40 INFO mt5_bot - Signal=NONE reason=no_closed_bar_crossover price=None trend=bearish rsi=38.5 atr_pips=20.8 adx=57.7
2026-05-06 06:39:40 INFO mt5_bot - ADX boost: adx=57.7 \u2192 risk_pct=1.50%
2026-05-06 06:39:40 INFO mt5_bot - Execution status=skipped reason=no_closed_bar_crossover
2026-05-06 06:39:55 INFO mt5_bot - Balance=102029.96 Equity=102029.96 Spread=0.30 pips
2026-05-06 06:39:55 INFO mt5_bot - Signal=NONE reason=no_closed_bar_crossover price=None trend=bearish rsi=38.5 atr_pips=20.8 adx=57.7
2026-05-06 06:39:55 INFO mt5_bot - ADX boost: adx=57.7 \u2192 risk_pct=1.50%
2026-05-06 06:39:55 INFO mt5_bot - Execution status=skipped reason=no_closed_bar_crossover
2026-05-06 06:40:10 INFO mt5_bot - Balance=102029.96 Equity=102029.96 Spread=0.30 pips
2026-05-06 06:40:10 INFO mt5_bot - Signal=NONE reason=no_closed_bar_crossover price=None trend=bearish rsi=38.5 atr_pips=20.8 adx=57.7
2026-05-06 06:40:10 INFO mt5_bot - ADX boost: adx=57.7 \u2192 risk_pct=1.50%
2026-05-06 06:40:10 INFO mt5_bot - Execution status=skipped reason=no_closed_bar_crossover
2026-05-06 06:40:25 INFO mt5_bot - Balance=102029.96 Equity=102029.96 Spread=0.30 pips
2026-05-06 06:40:25 INFO mt5_bot - Signal=NONE reason=no_closed_bar_crossover price=None trend=bearish rsi=38.5 atr_pips=20.8 adx=57.7
2026-05-06 06:40:25 INFO mt5_bot - ADX boost: adx=57.7 \u2192 risk_pct=1.50%
2026-05-06 06:40:25 INFO mt5_bot - Execution status=skipped reason=no_closed_bar_crossover
2026-05-06 06:40:40 INFO mt5_bot - Balance=102029.96 Equity=102029.96 Spread=0.30 pips
2026-05-06 06:40:40 INFO mt5_bot - Signal=NONE reason=no_closed_bar_crossover price=None trend=bearish rsi=38.5 atr_pips=20.8 adx=57.7
2026-05-06 06:40:40 INFO mt5_bot - ADX boost: adx=57.7 \u2192 risk_pct=1.50%
2026-05-06 06:40:40 INFO mt5_bot - Execution status=skipped reason=no_closed_bar_crossover
2026-05-06 06:40:55 INFO mt5_bot - Balance=102029.96 Equity=102029.96 Spread=0.30 pips
2026-05-06 06:40:55 INFO mt5_bot - Signal=NONE reason=no_closed_bar_crossover price=None trend=bearish rsi=38.5 atr_pips=20.8 adx=57.7
2026-05-06 06:40:55 INFO mt5_bot - ADX boost: adx=57.7 \u2192 risk_pct=1.50%
2026-05-06 06:40:55 INFO mt5_bot - Execution status=skipped reason=no_closed_bar_crossover
2026-05-06 06:41:10 INFO mt5_bot - Balance=102029.96 Equity=102029.96 Spread=0.30 pips
2026-05-06 06:41:10 INFO mt5_bot - Signal=NONE reason=no_closed_bar_crossover price=None trend=bearish rsi=38.5 atr_pips=20.8 adx=57.7
2026-05-06 06:41:10 INFO mt5_bot - ADX boost: adx=57.7 \u2192 risk_pct=1.50%
2026-05-06 06:41:10 INFO mt5_bot - Execution status=skipped reason=no_closed_bar_crossover
2026-05-06 06:41:25 INFO mt5_bot - Balance=102029.96 Equity=102029.96 Spread=0.30 pips
2026-05-06 06:41:25 INFO mt5_bot - Signal=NONE reason=no_closed_bar_crossover price=None trend=bearish rsi=38.5 atr_pips=20.8 adx=57.7
2026-05-06 06:41:25 INFO mt5_bot - ADX boost: adx=57.7 \u2192 risk_pct=1.50%
2026-05-06 06:41:25 INFO mt5_bot - Execution status=skipped reason=no_closed_bar_crossover
2026-05-06 06:41:40 INFO mt5_bot - Balance=102029.96 Equity=102029.96 Spread=0.30 pips
2026-05-06 06:41:40 INFO mt5_bot - Signal=NONE reason=no_closed_bar_crossover price=None trend=bearish rsi=38.5 atr_pips=20.8 adx=57.7
2026-05-06 06:41:40 INFO mt5_bot - ADX boost: adx=57.7 \u2192 risk_pct=1.50%
2026-05-06 06:41:40 INFO mt5_bot - Execution status=skipped reason=no_closed_bar_crossover
2026-05-06 06:41:55 INFO mt5_bot - Balance=102029.96 Equity=102029.96 Spread=0.30 pips
2026-05-06 06:41:55 INFO mt5_bot - Signal=NONE reason=no_closed_bar_crossover price=None trend=bearish rsi=38.5 atr_pips=20.8 adx=57.7
2026-05-06 06:41:55 INFO mt5_bot - ADX boost: adx=57.7 \u2192 risk_pct=1.50%
2026-05-06 06:41:55 INFO mt5_bot - Execution status=skipped reason=no_closed_bar_crossover
2026-05-06 06:42:10 INFO mt5_bot - Balance=102029.96 Equity=102029.96 Spread=0.30 pips
2026-05-06 06:42:10 INFO mt5_bot - Signal=NONE reason=no_closed_bar_crossover price=None trend=bearish rsi=38.5 atr_pips=20.8 adx=57.7
2026-05-06 06:42:10 INFO mt5_bot - ADX boost: adx=57.7 \u2192 risk_pct=1.50%
2026-05-06 06:42:10 INFO mt5_bot - Execution status=skipped reason=no_closed_bar_crossover
2026-05-06 06:42:25 INFO mt5_bot - Balance=102029.96 Equity=102029.96 Spread=0.30 pips
2026-05-06 06:42:25 INFO mt5_bot - Signal=NONE reason=no_closed_bar_crossover price=None trend=bearish rsi=38.5 atr_pips=20.8 adx=57.7
2026-05-06 06:42:25 INFO mt5_bot - ADX boost: adx=57.7 \u2192 risk_pct=1.50%
2026-05-06 06:42:25 INFO mt5_bot - Execution status=skipped reason=no_closed_bar_crossover
2026-05-06 06:42:40 INFO mt5_bot - Balance=102029.96 Equity=102029.96 Spread=0.30 pips
2026-05-06 06:42:40 INFO mt5_bot - Signal=NONE reason=no_closed_bar_crossover price=None trend=bearish rsi=38.5 atr_pips=20.8 adx=57.7
2026-05-06 06:42:40 INFO mt5_bot - ADX boost: adx=57.7 \u2192 risk_pct=1.50%
2026-05-06 06:42:40 INFO mt5_bot - Execution status=skipped reason=no_closed_bar_crossover
