2026-05-05 06:49:57 INFO mt5_bot - MT5 permissions: account_server=MetaQuotes-Demo account_trade_allowed=True account_trade_expert=True terminal_trade_allowed=True terminal_build=5836
2026-05-05 06:49:57 INFO mt5_bot - Starting PRO loop: symbol=GBPUSD tf=M15 trend_tf=H1 trade_enabled=True trend_filter=True adx_filter=True rsi_momentum=False partial_close=True trailing_stop=True atr_sl_tp=True news_filter=True retest=False equity_curve=True
2026-05-05 06:49:57 INFO mt5_bot - Balance=102029.96 Equity=102029.96 Spread=0.60 pips
2026-05-05 06:49:57 INFO mt5_bot.news_filter - news_filter: loaded 115 events from shared cache
2026-05-05 06:49:57 INFO mt5_bot - Signal=NONE reason=no_closed_bar_crossover price=None trend=bearish rsi=49.2 atr_pips=8.5 adx=23.4
2026-05-05 06:49:57 INFO mt5_bot - Execution status=skipped reason=no_closed_bar_crossover
2026-05-05 06:50:12 INFO mt5_bot - Balance=102029.96 Equity=102029.96 Spread=0.60 pips
2026-05-05 06:50:12 INFO mt5_bot - Signal=NONE reason=no_closed_bar_crossover price=None trend=bearish rsi=49.2 atr_pips=8.5 adx=23.4
2026-05-05 06:50:12 INFO mt5_bot - Execution status=skipped reason=no_closed_bar_crossover
2026-05-05 06:50:27 INFO mt5_bot - Balance=102029.96 Equity=102029.96 Spread=0.60 pips
2026-05-05 06:50:27 INFO mt5_bot - Signal=NONE reason=no_closed_bar_crossover price=None trend=bearish rsi=49.2 atr_pips=8.5 adx=23.4
2026-05-05 06:50:27 INFO mt5_bot - Execution status=skipped reason=no_closed_bar_crossover
2026-05-05 06:50:42 INFO mt5_bot - Balance=102029.96 Equity=102029.96 Spread=0.60 pips
2026-05-05 06:50:42 INFO mt5_bot - Signal=NONE reason=no_closed_bar_crossover price=None trend=bearish rsi=49.2 atr_pips=8.5 adx=23.4
2026-05-05 06:50:42 INFO mt5_bot - Execution status=skipped reason=no_closed_bar_crossover
2026-05-05 06:50:57 INFO mt5_bot - Balance=102029.96 Equity=102029.96 Spread=0.60 pips
2026-05-05 06:50:57 INFO mt5_bot - Signal=NONE reason=no_closed_bar_crossover price=None trend=bearish rsi=49.2 atr_pips=8.5 adx=23.4
2026-05-05 06:50:57 INFO mt5_bot - Execution status=skipped reason=no_closed_bar_crossover
2026-05-05 06:51:12 INFO mt5_bot - Balance=102029.96 Equity=102029.96 Spread=0.60 pips
2026-05-05 06:51:12 INFO mt5_bot - Signal=NONE reason=no_closed_bar_crossover price=None trend=bearish rsi=49.2 atr_pips=8.5 adx=23.4
2026-05-05 06:51:12 INFO mt5_bot - Execution status=skipped reason=no_closed_bar_crossover
2026-05-05 06:51:27 INFO mt5_bot - Balance=102029.96 Equity=102029.96 Spread=0.60 pips
2026-05-05 06:51:27 INFO mt5_bot - Signal=NONE reason=no_closed_bar_crossover price=None trend=bearish rsi=49.2 atr_pips=8.5 adx=23.4
2026-05-05 06:51:27 INFO mt5_bot - Execution status=skipped reason=no_closed_bar_crossover
2026-05-05 06:51:42 INFO mt5_bot - Balance=102029.96 Equity=102029.96 Spread=0.60 pips
2026-05-05 06:51:42 INFO mt5_bot - Signal=NONE reason=no_closed_bar_crossover price=None trend=bearish rsi=49.2 atr_pips=8.5 adx=23.4
2026-05-05 06:51:42 INFO mt5_bot - Execution status=skipped reason=no_closed_bar_crossover
2026-05-05 06:51:57 INFO mt5_bot - Balance=102029.96 Equity=102029.96 Spread=0.60 pips
2026-05-05 06:51:57 INFO mt5_bot - Signal=NONE reason=no_closed_bar_crossover price=None trend=bearish rsi=49.2 atr_pips=8.5 adx=23.4
2026-05-05 06:51:57 INFO mt5_bot - Execution status=skipped reason=no_closed_bar_crossover
^C2026-05-05 06:52:21 INFO mt5_bot - MT5 permissions: account_server=MetaQuotes-Demo account_trade_allowed=True account_trade_expert=True terminal_trade_allowed=True terminal_build=5836
2026-05-05 06:52:21 INFO mt5_bot - Starting PRO loop: symbol=GBPUSD tf=M15 trend_tf=H1 trade_enabled=True trend_filter=True adx_filter=True rsi_momentum=False partial_close=True trailing_stop=True atr_sl_tp=True news_filter=True retest=False equity_curve=True
2026-05-05 06:52:21 INFO mt5_bot - Balance=102029.96 Equity=102029.96 Spread=0.60 pips
2026-05-05 06:52:21 INFO mt5_bot.news_filter - news_filter: loaded 115 events from shared cache
2026-05-05 06:52:21 INFO mt5_bot - Signal=NONE reason=no_closed_bar_crossover price=None trend=bearish rsi=49.2 atr_pips=8.5 adx=23.4
2026-05-05 06:52:21 INFO mt5_bot - Execution status=skipped reason=no_closed_bar_crossover
2026-05-05 06:52:36 INFO mt5_bot - Balance=102029.96 Equity=102029.96 Spread=0.60 pips
2026-05-05 06:52:36 INFO mt5_bot - Signal=NONE reason=no_closed_bar_crossover price=None trend=bearish rsi=49.2 atr_pips=8.5 adx=23.4
2026-05-05 06:52:36 INFO mt5_bot - Execution status=skipped reason=no_closed_bar_crossover
2026-05-05 06:52:51 INFO mt5_bot - Balance=102029.96 Equity=102029.96 Spread=0.60 pips
2026-05-05 06:52:51 INFO mt5_bot - Signal=NONE reason=no_closed_bar_crossover price=None trend=bearish rsi=49.2 atr_pips=8.5 adx=23.4
2026-05-05 06:52:51 INFO mt5_bot - Execution status=skipped reason=no_closed_bar_crossover
2026-05-05 06:53:06 INFO mt5_bot - Balance=102029.96 Equity=102029.96 Spread=0.60 pips
2026-05-05 06:53:06 INFO mt5_bot - Signal=NONE reason=no_closed_bar_crossover price=None trend=bearish rsi=49.2 atr_pips=8.5 adx=23.4
2026-05-05 06:53:06 INFO mt5_bot - Execution status=skipped reason=no_closed_bar_crossover
2026-05-05 06:53:21 INFO mt5_bot - Balance=102029.96 Equity=102029.96 Spread=0.60 pips
2026-05-05 06:53:21 INFO mt5_bot - Signal=NONE reason=no_closed_bar_crossover price=None trend=bearish rsi=49.2 atr_pips=8.5 adx=23.4
2026-05-05 06:53:21 INFO mt5_bot - Execution status=skipped reason=no_closed_bar_crossover
2026-05-05 06:53:36 INFO mt5_bot - Balance=102029.96 Equity=102029.96 Spread=0.60 pips
2026-05-05 06:53:36 INFO mt5_bot - Signal=NONE reason=no_closed_bar_crossover price=None trend=bearish rsi=49.2 atr_pips=8.5 adx=23.4
2026-05-05 06:53:36 INFO mt5_bot - Execution status=skipped reason=no_closed_bar_crossover
2026-05-05 06:53:51 INFO mt5_bot - Balance=102029.96 Equity=102029.96 Spread=0.60 pips
2026-05-05 06:53:51 INFO mt5_bot - Signal=NONE reason=no_closed_bar_crossover price=None trend=bearish rsi=49.2 atr_pips=8.5 adx=23.4
2026-05-05 06:53:51 INFO mt5_bot - Execution status=skipped reason=no_closed_bar_crossover
2026-05-05 06:54:06 INFO mt5_bot - Balance=102029.96 Equity=102029.96 Spread=0.60 pips
2026-05-05 06:54:06 INFO mt5_bot - Signal=NONE reason=no_closed_bar_crossover price=None trend=bearish rsi=49.2 atr_pips=8.5 adx=23.4
2026-05-05 06:54:06 INFO mt5_bot - Execution status=skipped reason=no_closed_bar_crossover
2026-05-05 06:54:21 INFO mt5_bot - Balance=102029.96 Equity=102029.96 Spread=0.60 pips
2026-05-05 06:54:21 INFO mt5_bot - Signal=NONE reason=no_closed_bar_crossover price=None trend=bearish rsi=49.2 atr_pips=8.5 adx=23.4
2026-05-05 06:54:21 INFO mt5_bot - Execution status=skipped reason=no_closed_bar_crossover
2026-05-05 06:54:36 INFO mt5_bot - Balance=102029.96 Equity=102029.96 Spread=0.60 pips
2026-05-05 06:54:36 INFO mt5_bot - Signal=NONE reason=no_closed_bar_crossover price=None trend=bearish rsi=49.2 atr_pips=8.5 adx=23.4
2026-05-05 06:54:36 INFO mt5_bot - Execution status=skipped reason=no_closed_bar_crossover
2026-05-05 06:54:51 INFO mt5_bot - Balance=102029.96 Equity=102029.96 Spread=0.60 pips
2026-05-05 06:54:51 INFO mt5_bot - Signal=NONE reason=no_closed_bar_crossover price=None trend=bearish rsi=49.2 atr_pips=8.5 adx=23.4
2026-05-05 06:54:51 INFO mt5_bot - Execution status=skipped reason=no_closed_bar_crossover
2026-05-05 06:55:06 INFO mt5_bot - Balance=102029.96 Equity=102029.96 Spread=0.60 pips
2026-05-05 06:55:06 INFO mt5_bot - Signal=NONE reason=no_closed_bar_crossover price=None trend=bearish rsi=49.2 atr_pips=8.5 adx=23.4
2026-05-05 06:55:06 INFO mt5_bot - Execution status=skipped reason=no_closed_bar_crossover
2026-05-05 06:55:21 INFO mt5_bot - Balance=102029.96 Equity=102029.96 Spread=0.60 pips
2026-05-05 06:55:21 INFO mt5_bot - Signal=NONE reason=no_closed_bar_crossover price=None trend=bearish rsi=49.2 atr_pips=8.5 adx=23.4
2026-05-05 06:55:21 INFO mt5_bot - Execution status=skipped reason=no_closed_bar_crossover
2026-05-05 06:55:36 INFO mt5_bot - Balance=102029.96 Equity=102029.96 Spread=0.60 pips
2026-05-05 06:55:36 INFO mt5_bot - Signal=NONE reason=no_closed_bar_crossover price=None trend=bearish rsi=49.2 atr_pips=8.5 adx=23.4
2026-05-05 06:55:36 INFO mt5_bot - Execution status=skipped reason=no_closed_bar_crossover
2026-05-05 06:55:51 INFO mt5_bot - Balance=102029.96 Equity=102029.96 Spread=0.60 pips
2026-05-05 06:55:51 INFO mt5_bot - Signal=NONE reason=no_closed_bar_crossover price=None trend=bearish rsi=49.2 atr_pips=8.5 adx=23.4
2026-05-05 06:55:51 INFO mt5_bot - Execution status=skipped reason=no_closed_bar_crossover
2026-05-05 06:56:06 INFO mt5_bot - Balance=102029.96 Equity=102029.96 Spread=0.60 pips
2026-05-05 06:56:06 INFO mt5_bot - Signal=NONE reason=no_closed_bar_crossover price=None trend=bearish rsi=49.2 atr_pips=8.5 adx=23.4
2026-05-05 06:56:06 INFO mt5_bot - Execution status=skipped reason=no_closed_bar_crossover
^C2026-05-05 06:56:27 INFO mt5_bot - MT5 permissions: account_server=MetaQuotes-Demo account_trade_allowed=True account_trade_expert=True terminal_trade_allowed=True terminal_build=5836
2026-05-05 06:56:27 INFO mt5_bot - Starting PRO loop: symbol=GBPUSD tf=M15 trend_tf=H1 trade_enabled=True trend_filter=True adx_filter=True rsi_momentum=False partial_close=True trailing_stop=True atr_sl_tp=True news_filter=True retest=False equity_curve=True
2026-05-05 06:56:27 INFO mt5_bot - Balance=102029.96 Equity=102029.96 Spread=0.60 pips
2026-05-05 06:56:27 INFO mt5_bot.news_filter - news_filter: loaded 115 events from shared cache
2026-05-05 06:56:27 INFO mt5_bot - Signal=NONE reason=no_closed_bar_crossover price=None trend=bearish rsi=49.2 atr_pips=8.5 adx=23.4
2026-05-05 06:56:27 INFO mt5_bot - Execution status=skipped reason=no_closed_bar_crossover
2026-05-05 06:56:42 INFO mt5_bot - Balance=102029.96 Equity=102029.96 Spread=0.60 pips
2026-05-05 06:56:42 INFO mt5_bot - Signal=NONE reason=no_closed_bar_crossover price=None trend=bearish rsi=49.2 atr_pips=8.5 adx=23.4
2026-05-05 06:56:42 INFO mt5_bot - Execution status=skipped reason=no_closed_bar_crossover
2026-05-05 06:56:57 INFO mt5_bot - Balance=102029.96 Equity=102029.96 Spread=0.60 pips
2026-05-05 06:56:57 INFO mt5_bot - Signal=NONE reason=no_closed_bar_crossover price=None trend=bearish rsi=49.2 atr_pips=8.5 adx=23.4
2026-05-05 06:56:57 INFO mt5_bot - Execution status=skipped reason=no_closed_bar_crossover
2026-05-05 06:57:12 INFO mt5_bot - Balance=102029.96 Equity=102029.96 Spread=0.60 pips
2026-05-05 06:57:12 INFO mt5_bot - Signal=NONE reason=no_closed_bar_crossover price=None trend=bearish rsi=49.2 atr_pips=8.5 adx=23.4
2026-05-05 06:57:12 INFO mt5_bot - Execution status=skipped reason=no_closed_bar_crossover
2026-05-05 06:57:27 INFO mt5_bot - Balance=102029.96 Equity=102029.96 Spread=0.60 pips
2026-05-05 06:57:27 INFO mt5_bot - Signal=NONE reason=no_closed_bar_crossover price=None trend=bearish rsi=49.2 atr_pips=8.5 adx=23.4
2026-05-05 06:57:27 INFO mt5_bot - Execution status=skipped reason=no_closed_bar_crossover
2026-05-05 06:57:42 INFO mt5_bot - Balance=102029.96 Equity=102029.96 Spread=0.60 pips
2026-05-05 06:57:42 INFO mt5_bot - Signal=NONE reason=no_closed_bar_crossover price=None trend=bearish rsi=49.2 atr_pips=8.5 adx=23.4
2026-05-05 06:57:42 INFO mt5_bot - Execution status=skipped reason=no_closed_bar_crossover
2026-05-05 06:57:57 INFO mt5_bot - Balance=102029.96 Equity=102029.96 Spread=0.60 pips
2026-05-05 06:57:57 INFO mt5_bot - Signal=NONE reason=no_closed_bar_crossover price=None trend=bearish rsi=49.2 atr_pips=8.5 adx=23.4
2026-05-05 06:57:57 INFO mt5_bot - Execution status=skipped reason=no_closed_bar_crossover
2026-05-05 06:58:12 INFO mt5_bot - Balance=102029.96 Equity=102029.96 Spread=0.60 pips
2026-05-05 06:58:12 INFO mt5_bot - Signal=NONE reason=no_closed_bar_crossover price=None trend=bearish rsi=49.2 atr_pips=8.5 adx=23.4
2026-05-05 06:58:12 INFO mt5_bot - Execution status=skipped reason=no_closed_bar_crossover
^C2026-05-05 07:04:53 INFO mt5_bot - MT5 permissions: account_server=MetaQuotes-Demo account_trade_allowed=True account_trade_expert=True terminal_trade_allowed=True terminal_build=5836
2026-05-05 07:04:53 INFO mt5_bot - Starting PRO loop: symbol=GBPUSD tf=M15 trend_tf=H1 trade_enabled=True trend_filter=True adx_filter=True rsi_momentum=False partial_close=True trailing_stop=True atr_sl_tp=True news_filter=True retest=False equity_curve=True
2026-05-05 07:04:53 INFO mt5_bot - Balance=102029.96 Equity=102029.96 Spread=0.60 pips
2026-05-05 07:04:53 INFO mt5_bot.news_filter - news_filter: loaded 115 events from shared cache
2026-05-05 07:04:53 INFO mt5_bot - Signal=NONE reason=no_closed_bar_crossover price=None trend=bearish rsi=52.4 atr_pips=8.4 adx=21.8
2026-05-05 07:04:53 INFO mt5_bot - Execution status=skipped reason=no_closed_bar_crossover
2026-05-05 07:05:08 INFO mt5_bot - Balance=102029.96 Equity=102029.96 Spread=0.60 pips
2026-05-05 07:05:08 INFO mt5_bot - Signal=NONE reason=no_closed_bar_crossover price=None trend=bearish rsi=52.4 atr_pips=8.4 adx=21.8
2026-05-05 07:05:08 INFO mt5_bot - Execution status=skipped reason=no_closed_bar_crossover
2026-05-05 07:05:23 INFO mt5_bot - Balance=102029.96 Equity=102029.96 Spread=0.60 pips
2026-05-05 07:05:23 INFO mt5_bot - Signal=NONE reason=no_closed_bar_crossover price=None trend=bearish rsi=52.4 atr_pips=8.4 adx=21.8
2026-05-05 07:05:23 INFO mt5_bot - Execution status=skipped reason=no_closed_bar_crossover
2026-05-05 07:05:38 INFO mt5_bot - Balance=102029.96 Equity=102029.96 Spread=0.60 pips
2026-05-05 07:05:38 INFO mt5_bot - Signal=NONE reason=no_closed_bar_crossover price=None trend=bearish rsi=52.4 atr_pips=8.4 adx=21.8
2026-05-05 07:05:38 INFO mt5_bot - Execution status=skipped reason=no_closed_bar_crossover
2026-05-05 07:05:53 INFO mt5_bot - Balance=102029.96 Equity=102029.96 Spread=0.60 pips
2026-05-05 07:05:53 INFO mt5_bot - Signal=NONE reason=no_closed_bar_crossover price=None trend=bearish rsi=52.4 atr_pips=8.4 adx=21.8
2026-05-05 07:05:53 INFO mt5_bot - Execution status=skipped reason=no_closed_bar_crossover
2026-05-05 07:06:08 INFO mt5_bot - Balance=102029.96 Equity=102029.96 Spread=0.60 pips
2026-05-05 07:06:08 INFO mt5_bot - Signal=NONE reason=no_closed_bar_crossover price=None trend=bearish rsi=52.4 atr_pips=8.4 adx=21.8
2026-05-05 07:06:08 INFO mt5_bot - Execution status=skipped reason=no_closed_bar_crossover
2026-05-05 07:06:23 INFO mt5_bot - Balance=102029.96 Equity=102029.96 Spread=0.60 pips
2026-05-05 07:06:23 INFO mt5_bot - Signal=NONE reason=no_closed_bar_crossover price=None trend=bearish rsi=52.4 atr_pips=8.4 adx=21.8
2026-05-05 07:06:23 INFO mt5_bot - Execution status=skipped reason=no_closed_bar_crossover
2026-05-05 07:06:38 INFO mt5_bot - Balance=102029.96 Equity=102029.96 Spread=0.60 pips
2026-05-05 07:06:38 INFO mt5_bot - Signal=NONE reason=no_closed_bar_crossover price=None trend=bearish rsi=52.4 atr_pips=8.4 adx=21.8
2026-05-05 07:06:38 INFO mt5_bot - Execution status=skipped reason=no_closed_bar_crossover
2026-05-05 07:06:53 INFO mt5_bot - Balance=102029.96 Equity=102029.96 Spread=0.60 pips
2026-05-05 07:06:53 INFO mt5_bot - Signal=NONE reason=no_closed_bar_crossover price=None trend=bearish rsi=52.4 atr_pips=8.4 adx=21.8
2026-05-05 07:06:53 INFO mt5_bot - Execution status=skipped reason=no_closed_bar_crossover
2026-05-05 07:07:08 INFO mt5_bot - Balance=102029.96 Equity=102029.96 Spread=0.60 pips
2026-05-05 07:07:08 INFO mt5_bot - Signal=NONE reason=no_closed_bar_crossover price=None trend=bearish rsi=52.4 atr_pips=8.4 adx=21.8
2026-05-05 07:07:08 INFO mt5_bot - Execution status=skipped reason=no_closed_bar_crossover
2026-05-05 07:07:23 INFO mt5_bot - Balance=102029.96 Equity=102029.96 Spread=0.60 pips
2026-05-05 07:07:23 INFO mt5_bot - Signal=NONE reason=no_closed_bar_crossover price=None trend=bearish rsi=52.4 atr_pips=8.4 adx=21.8
2026-05-05 07:07:23 INFO mt5_bot - Execution status=skipped reason=no_closed_bar_crossover
2026-05-05 07:07:38 INFO mt5_bot - Balance=102029.96 Equity=102029.96 Spread=0.60 pips
2026-05-05 07:07:38 INFO mt5_bot - Signal=NONE reason=no_closed_bar_crossover price=None trend=bearish rsi=52.4 atr_pips=8.4 adx=21.8
2026-05-05 07:07:38 INFO mt5_bot - Execution status=skipped reason=no_closed_bar_crossover
2026-05-05 07:07:53 INFO mt5_bot - Balance=102029.96 Equity=102029.96 Spread=0.60 pips
2026-05-05 07:07:53 INFO mt5_bot - Signal=NONE reason=no_closed_bar_crossover price=None trend=bearish rsi=52.4 atr_pips=8.4 adx=21.8
2026-05-05 07:07:53 INFO mt5_bot - Execution status=skipped reason=no_closed_bar_crossover
2026-05-05 07:08:08 INFO mt5_bot - Balance=102029.96 Equity=102029.96 Spread=0.60 pips
2026-05-05 07:08:08 INFO mt5_bot - Signal=NONE reason=no_closed_bar_crossover price=None trend=bearish rsi=52.4 atr_pips=8.4 adx=21.8
2026-05-05 07:08:08 INFO mt5_bot - Execution status=skipped reason=no_closed_bar_crossover
2026-05-05 07:08:23 INFO mt5_bot - Balance=102029.96 Equity=102029.96 Spread=0.60 pips
2026-05-05 07:08:23 INFO mt5_bot - Signal=NONE reason=no_closed_bar_crossover price=None trend=bearish rsi=52.4 atr_pips=8.4 adx=21.8
2026-05-05 07:08:23 INFO mt5_bot - Execution status=skipped reason=no_closed_bar_crossover
2026-05-05 07:08:38 INFO mt5_bot - Balance=102029.96 Equity=102029.96 Spread=0.60 pips
2026-05-05 07:08:38 INFO mt5_bot - Signal=NONE reason=no_closed_bar_crossover price=None trend=bearish rsi=52.4 atr_pips=8.4 adx=21.8
2026-05-05 07:08:38 INFO mt5_bot - Execution status=skipped reason=no_closed_bar_crossover
2026-05-05 07:08:53 INFO mt5_bot - Balance=102029.96 Equity=102029.96 Spread=0.60 pips
2026-05-05 07:08:53 INFO mt5_bot - Signal=NONE reason=no_closed_bar_crossover price=None trend=bearish rsi=52.4 atr_pips=8.4 adx=21.8
2026-05-05 07:08:53 INFO mt5_bot - Execution status=skipped reason=no_closed_bar_crossover
2026-05-05 07:09:08 INFO mt5_bot - Balance=102029.96 Equity=102029.96 Spread=0.60 pips
2026-05-05 07:09:08 INFO mt5_bot - Signal=NONE reason=no_closed_bar_crossover price=None trend=bearish rsi=52.4 atr_pips=8.4 adx=21.8
2026-05-05 07:09:08 INFO mt5_bot - Execution status=skipped reason=no_closed_bar_crossover
2026-05-05 07:09:23 INFO mt5_bot - Balance=102029.96 Equity=102029.96 Spread=0.60 pips
2026-05-05 07:09:23 INFO mt5_bot - Signal=NONE reason=no_closed_bar_crossover price=None trend=bearish rsi=52.4 atr_pips=8.4 adx=21.8
2026-05-05 07:09:23 INFO mt5_bot - Execution status=skipped reason=no_closed_bar_crossover
2026-05-05 07:09:38 INFO mt5_bot - Balance=102029.96 Equity=102029.96 Spread=0.60 pips
2026-05-05 07:09:38 INFO mt5_bot - Signal=NONE reason=no_closed_bar_crossover price=None trend=bearish rsi=52.4 atr_pips=8.4 adx=21.8
2026-05-05 07:09:38 INFO mt5_bot - Execution status=skipped reason=no_closed_bar_crossover
2026-05-05 07:09:53 INFO mt5_bot - Balance=102029.96 Equity=102029.96 Spread=0.60 pips
2026-05-05 07:09:53 INFO mt5_bot - Signal=NONE reason=no_closed_bar_crossover price=None trend=bearish rsi=52.4 atr_pips=8.4 adx=21.8
2026-05-05 07:09:53 INFO mt5_bot - Execution status=skipped reason=no_closed_bar_crossover
2026-05-05 07:10:08 INFO mt5_bot - Balance=102029.96 Equity=102029.96 Spread=0.60 pips
2026-05-05 07:10:08 INFO mt5_bot - Signal=NONE reason=no_closed_bar_crossover price=None trend=bearish rsi=52.4 atr_pips=8.4 adx=21.8
2026-05-05 07:10:08 INFO mt5_bot - Execution status=skipped reason=no_closed_bar_crossover
2026-05-05 07:10:23 INFO mt5_bot - Balance=102029.96 Equity=102029.96 Spread=0.60 pips
2026-05-05 07:10:23 INFO mt5_bot - Signal=NONE reason=no_closed_bar_crossover price=None trend=bearish rsi=52.4 atr_pips=8.4 adx=21.8
2026-05-05 07:10:23 INFO mt5_bot - Execution status=skipped reason=no_closed_bar_crossover
2026-05-05 07:10:38 INFO mt5_bot - Balance=102029.96 Equity=102029.96 Spread=0.60 pips
2026-05-05 07:10:38 INFO mt5_bot - Signal=NONE reason=no_closed_bar_crossover price=None trend=bearish rsi=52.4 atr_pips=8.4 adx=21.8
2026-05-05 07:10:38 INFO mt5_bot - Execution status=skipped reason=no_closed_bar_crossover
2026-05-05 07:10:53 INFO mt5_bot - Balance=102029.96 Equity=102029.96 Spread=0.60 pips
2026-05-05 07:10:53 INFO mt5_bot - Signal=NONE reason=no_closed_bar_crossover price=None trend=bearish rsi=52.4 atr_pips=8.4 adx=21.8
2026-05-05 07:10:53 INFO mt5_bot - Execution status=skipped reason=no_closed_bar_crossover
2026-05-05 07:11:08 INFO mt5_bot - Balance=102029.96 Equity=102029.96 Spread=0.60 pips
2026-05-05 07:11:08 INFO mt5_bot - Signal=NONE reason=no_closed_bar_crossover price=None trend=bearish rsi=52.4 atr_pips=8.4 adx=21.8
2026-05-05 07:11:08 INFO mt5_bot - Execution status=skipped reason=no_closed_bar_crossover
2026-05-05 07:11:23 INFO mt5_bot - Balance=102029.96 Equity=102029.96 Spread=0.60 pips
2026-05-05 07:11:23 INFO mt5_bot - Signal=NONE reason=no_closed_bar_crossover price=None trend=bearish rsi=52.4 atr_pips=8.4 adx=21.8
2026-05-05 07:11:23 INFO mt5_bot - Execution status=skipped reason=no_closed_bar_crossover
2026-05-05 07:11:38 INFO mt5_bot - Balance=102029.96 Equity=102029.96 Spread=0.60 pips
2026-05-05 07:11:38 INFO mt5_bot - Signal=NONE reason=no_closed_bar_crossover price=None trend=bearish rsi=52.4 atr_pips=8.4 adx=21.8
2026-05-05 07:11:38 INFO mt5_bot - Execution status=skipped reason=no_closed_bar_crossover
2026-05-05 07:11:53 INFO mt5_bot - Balance=102029.96 Equity=102029.96 Spread=0.60 pips
2026-05-05 07:11:53 INFO mt5_bot - Signal=NONE reason=no_closed_bar_crossover price=None trend=bearish rsi=52.4 atr_pips=8.4 adx=21.8
2026-05-05 07:11:53 INFO mt5_bot - Execution status=skipped reason=no_closed_bar_crossover
2026-05-05 07:12:08 INFO mt5_bot - Balance=102029.96 Equity=102029.96 Spread=0.60 pips
2026-05-05 07:12:08 INFO mt5_bot - Signal=NONE reason=no_closed_bar_crossover price=None trend=bearish rsi=52.4 atr_pips=8.4 adx=21.8
2026-05-05 07:12:08 INFO mt5_bot - Execution status=skipped reason=no_closed_bar_crossover
2026-05-05 07:12:24 INFO mt5_bot - Balance=102029.96 Equity=102029.96 Spread=0.60 pips
2026-05-05 07:12:24 INFO mt5_bot - Signal=NONE reason=no_closed_bar_crossover price=None trend=bearish rsi=52.4 atr_pips=8.4 adx=21.8
2026-05-05 07:12:24 INFO mt5_bot - Execution status=skipped reason=no_closed_bar_crossover
2026-05-05 07:12:39 INFO mt5_bot - Balance=102029.96 Equity=102029.96 Spread=0.60 pips
2026-05-05 07:12:39 INFO mt5_bot - Signal=NONE reason=no_closed_bar_crossover price=None trend=bearish rsi=52.4 atr_pips=8.4 adx=21.8
2026-05-05 07:12:39 INFO mt5_bot - Execution status=skipped reason=no_closed_bar_crossover
2026-05-05 07:12:54 INFO mt5_bot - Balance=102029.96 Equity=102029.96 Spread=0.60 pips
2026-05-05 07:12:54 INFO mt5_bot - Signal=NONE reason=no_closed_bar_crossover price=None trend=bearish rsi=52.4 atr_pips=8.4 adx=21.8
2026-05-05 07:12:54 INFO mt5_bot - Execution status=skipped reason=no_closed_bar_crossover
2026-05-05 07:13:09 INFO mt5_bot - Balance=102029.96 Equity=102029.96 Spread=0.60 pips
2026-05-05 07:13:09 INFO mt5_bot - Signal=NONE reason=no_closed_bar_crossover price=None trend=bearish rsi=52.4 atr_pips=8.4 adx=21.8
2026-05-05 07:13:09 INFO mt5_bot - Execution status=skipped reason=no_closed_bar_crossover
2026-05-05 07:13:24 INFO mt5_bot - Balance=102029.96 Equity=102029.96 Spread=0.60 pips
2026-05-05 07:13:24 INFO mt5_bot - Signal=NONE reason=no_closed_bar_crossover price=None trend=bearish rsi=52.4 atr_pips=8.4 adx=21.8
2026-05-05 07:13:24 INFO mt5_bot - Execution status=skipped reason=no_closed_bar_crossover
2026-05-05 07:13:39 INFO mt5_bot - Balance=102029.96 Equity=102029.96 Spread=0.60 pips
2026-05-05 07:13:39 INFO mt5_bot - Signal=NONE reason=no_closed_bar_crossover price=None trend=bearish rsi=52.4 atr_pips=8.4 adx=21.8
2026-05-05 07:13:39 INFO mt5_bot - Execution status=skipped reason=no_closed_bar_crossover
2026-05-05 07:13:54 INFO mt5_bot - Balance=102029.96 Equity=102029.96 Spread=0.60 pips
2026-05-05 07:13:54 INFO mt5_bot - Signal=NONE reason=no_closed_bar_crossover price=None trend=bearish rsi=52.4 atr_pips=8.4 adx=21.8
2026-05-05 07:13:54 INFO mt5_bot - Execution status=skipped reason=no_closed_bar_crossover
2026-05-05 07:14:09 INFO mt5_bot - Balance=102029.96 Equity=102029.96 Spread=0.60 pips
2026-05-05 07:14:09 INFO mt5_bot - Signal=NONE reason=no_closed_bar_crossover price=None trend=bearish rsi=52.4 atr_pips=8.4 adx=21.8
2026-05-05 07:14:09 INFO mt5_bot - Execution status=skipped reason=no_closed_bar_crossover
2026-05-05 07:14:24 INFO mt5_bot - Balance=102029.96 Equity=102029.96 Spread=0.60 pips
2026-05-05 07:14:24 INFO mt5_bot - Signal=NONE reason=no_closed_bar_crossover price=None trend=bearish rsi=52.4 atr_pips=8.4 adx=21.8
2026-05-05 07:14:24 INFO mt5_bot - Execution status=skipped reason=no_closed_bar_crossover
2026-05-05 07:14:39 INFO mt5_bot - Balance=102029.96 Equity=102029.96 Spread=0.60 pips
2026-05-05 07:14:39 INFO mt5_bot - Signal=NONE reason=no_closed_bar_crossover price=None trend=bearish rsi=52.4 atr_pips=8.4 adx=21.8
2026-05-05 07:14:39 INFO mt5_bot - Execution status=skipped reason=no_closed_bar_crossover
2026-05-05 07:14:54 INFO mt5_bot - Balance=102029.96 Equity=102029.96 Spread=0.60 pips
2026-05-05 07:14:54 INFO mt5_bot - Signal=NONE reason=no_closed_bar_crossover price=None trend=bearish rsi=52.4 atr_pips=8.4 adx=21.8
2026-05-05 07:14:54 INFO mt5_bot - Execution status=skipped reason=no_closed_bar_crossover
2026-05-05 07:15:09 INFO mt5_bot - Balance=102029.96 Equity=102029.96 Spread=0.60 pips
2026-05-05 07:15:09 INFO mt5_bot - Signal=NONE reason=no_closed_bar_crossover price=None trend=bearish rsi=53.6 atr_pips=8.8 adx=20.7
2026-05-05 07:15:09 INFO mt5_bot - Execution status=skipped reason=no_closed_bar_crossover
2026-05-05 07:15:24 INFO mt5_bot - Balance=102029.96 Equity=102029.96 Spread=0.60 pips
2026-05-05 07:15:24 INFO mt5_bot - Signal=NONE reason=no_closed_bar_crossover price=None trend=bearish rsi=53.6 atr_pips=8.8 adx=20.7
2026-05-05 07:15:24 INFO mt5_bot - Execution status=skipped reason=no_closed_bar_crossover
2026-05-05 07:15:39 INFO mt5_bot - Balance=102029.96 Equity=102029.96 Spread=0.60 pips
2026-05-05 07:15:39 INFO mt5_bot - Signal=NONE reason=no_closed_bar_crossover price=None trend=bearish rsi=53.6 atr_pips=8.8 adx=20.7
2026-05-05 07:15:39 INFO mt5_bot - Execution status=skipped reason=no_closed_bar_crossover
2026-05-05 07:15:54 INFO mt5_bot - Balance=102029.96 Equity=102029.96 Spread=0.60 pips
2026-05-05 07:15:54 INFO mt5_bot - Signal=NONE reason=no_closed_bar_crossover price=None trend=bearish rsi=53.6 atr_pips=8.8 adx=20.7
2026-05-05 07:15:54 INFO mt5_bot - Execution status=skipped reason=no_closed_bar_crossover
2026-05-05 07:16:09 INFO mt5_bot - Balance=102029.96 Equity=102029.96 Spread=0.60 pips
2026-05-05 07:16:09 INFO mt5_bot - Signal=NONE reason=no_closed_bar_crossover price=None trend=bearish rsi=53.6 atr_pips=8.8 adx=20.7
2026-05-05 07:16:09 INFO mt5_bot - Execution status=skipped reason=no_closed_bar_crossover
2026-05-05 07:16:24 INFO mt5_bot - Balance=102029.96 Equity=102029.96 Spread=0.60 pips
2026-05-05 07:16:24 INFO mt5_bot - Signal=NONE reason=no_closed_bar_crossover price=None trend=bearish rsi=53.6 atr_pips=8.8 adx=20.7
2026-05-05 07:16:24 INFO mt5_bot - Execution status=skipped reason=no_closed_bar_crossover
2026-05-05 07:16:39 INFO mt5_bot - Balance=102029.96 Equity=102029.96 Spread=0.60 pips
2026-05-05 07:16:39 INFO mt5_bot - Signal=NONE reason=no_closed_bar_crossover price=None trend=bearish rsi=53.6 atr_pips=8.8 adx=20.7
2026-05-05 07:16:39 INFO mt5_bot - Execution status=skipped reason=no_closed_bar_crossover
2026-05-05 07:16:54 INFO mt5_bot - Balance=102029.96 Equity=102029.96 Spread=0.60 pips
2026-05-05 07:16:54 INFO mt5_bot - Signal=NONE reason=no_closed_bar_crossover price=None trend=bearish rsi=53.6 atr_pips=8.8 adx=20.7
2026-05-05 07:16:54 INFO mt5_bot - Execution status=skipped reason=no_closed_bar_crossover
2026-05-05 07:17:09 INFO mt5_bot - Balance=102029.96 Equity=102029.96 Spread=0.60 pips
2026-05-05 07:17:09 INFO mt5_bot - Signal=NONE reason=no_closed_bar_crossover price=None trend=bearish rsi=53.6 atr_pips=8.8 adx=20.7
2026-05-05 07:17:09 INFO mt5_bot - Execution status=skipped reason=no_closed_bar_crossover
2026-05-05 07:17:24 INFO mt5_bot - Balance=102029.96 Equity=102029.96 Spread=0.60 pips
2026-05-05 07:17:24 INFO mt5_bot - Signal=NONE reason=no_closed_bar_crossover price=None trend=bearish rsi=53.6 atr_pips=8.8 adx=20.7
2026-05-05 07:17:24 INFO mt5_bot - Execution status=skipped reason=no_closed_bar_crossover
2026-05-05 07:17:39 INFO mt5_bot - Balance=102029.96 Equity=102029.96 Spread=0.60 pips
2026-05-05 07:17:39 INFO mt5_bot - Signal=NONE reason=no_closed_bar_crossover price=None trend=bearish rsi=53.6 atr_pips=8.8 adx=20.7
2026-05-05 07:17:39 INFO mt5_bot - Execution status=skipped reason=no_closed_bar_crossover
2026-05-05 07:17:54 INFO mt5_bot - Balance=102029.96 Equity=102029.96 Spread=0.60 pips
2026-05-05 07:17:54 INFO mt5_bot - Signal=NONE reason=no_closed_bar_crossover price=None trend=bearish rsi=53.6 atr_pips=8.8 adx=20.7
2026-05-05 07:17:54 INFO mt5_bot - Execution status=skipped reason=no_closed_bar_crossover
2026-05-05 07:18:09 INFO mt5_bot - Balance=102029.96 Equity=102029.96 Spread=0.60 pips
2026-05-05 07:18:09 INFO mt5_bot - Signal=NONE reason=no_closed_bar_crossover price=None trend=bearish rsi=53.6 atr_pips=8.8 adx=20.7
2026-05-05 07:18:09 INFO mt5_bot - Execution status=skipped reason=no_closed_bar_crossover
2026-05-05 07:18:24 INFO mt5_bot - Balance=102029.96 Equity=102029.96 Spread=0.60 pips
2026-05-05 07:18:24 INFO mt5_bot - Signal=NONE reason=no_closed_bar_crossover price=None trend=bearish rsi=53.6 atr_pips=8.8 adx=20.7
2026-05-05 07:18:24 INFO mt5_bot - Execution status=skipped reason=no_closed_bar_crossover
2026-05-05 07:18:39 INFO mt5_bot - Balance=102029.96 Equity=102029.96 Spread=0.60 pips
2026-05-05 07:18:39 INFO mt5_bot - Signal=NONE reason=no_closed_bar_crossover price=None trend=bearish rsi=53.6 atr_pips=8.8 adx=20.7
2026-05-05 07:18:39 INFO mt5_bot - Execution status=skipped reason=no_closed_bar_crossover
2026-05-05 07:18:54 INFO mt5_bot - Balance=102029.96 Equity=102029.96 Spread=0.60 pips
2026-05-05 07:18:54 INFO mt5_bot - Signal=NONE reason=no_closed_bar_crossover price=None trend=bearish rsi=53.6 atr_pips=8.8 adx=20.7
2026-05-05 07:18:54 INFO mt5_bot - Execution status=skipped reason=no_closed_bar_crossover
2026-05-05 07:19:09 INFO mt5_bot - Balance=102029.96 Equity=102029.96 Spread=0.60 pips
2026-05-05 07:19:09 INFO mt5_bot - Signal=NONE reason=no_closed_bar_crossover price=None trend=bearish rsi=53.6 atr_pips=8.8 adx=20.7
2026-05-05 07:19:09 INFO mt5_bot - Execution status=skipped reason=no_closed_bar_crossover
2026-05-05 07:19:24 INFO mt5_bot - Balance=102029.96 Equity=102029.96 Spread=0.60 pips
2026-05-05 07:19:24 INFO mt5_bot - Signal=NONE reason=no_closed_bar_crossover price=None trend=bearish rsi=53.6 atr_pips=8.8 adx=20.7
2026-05-05 07:19:24 INFO mt5_bot - Execution status=skipped reason=no_closed_bar_crossover
2026-05-05 07:19:39 INFO mt5_bot - Balance=102029.96 Equity=102029.96 Spread=0.60 pips
2026-05-05 07:19:39 INFO mt5_bot - Signal=NONE reason=no_closed_bar_crossover price=None trend=bearish rsi=53.6 atr_pips=8.8 adx=20.7
2026-05-05 07:19:39 INFO mt5_bot - Execution status=skipped reason=no_closed_bar_crossover
2026-05-05 07:19:54 INFO mt5_bot - Balance=102029.96 Equity=102029.96 Spread=0.60 pips
2026-05-05 07:19:54 INFO mt5_bot - Signal=NONE reason=no_closed_bar_crossover price=None trend=bearish rsi=53.6 atr_pips=8.8 adx=20.7
2026-05-05 07:19:54 INFO mt5_bot - Execution status=skipped reason=no_closed_bar_crossover
2026-05-05 07:20:09 INFO mt5_bot - Balance=102029.96 Equity=102029.96 Spread=0.60 pips
2026-05-05 07:20:09 INFO mt5_bot - Signal=NONE reason=no_closed_bar_crossover price=None trend=bearish rsi=53.6 atr_pips=8.8 adx=20.7
2026-05-05 07:20:09 INFO mt5_bot - Execution status=skipped reason=no_closed_bar_crossover
2026-05-05 07:20:24 INFO mt5_bot - Balance=102029.96 Equity=102029.96 Spread=0.60 pips
2026-05-05 07:20:24 INFO mt5_bot - Signal=NONE reason=no_closed_bar_crossover price=None trend=bearish rsi=53.6 atr_pips=8.8 adx=20.7
2026-05-05 07:20:24 INFO mt5_bot - Execution status=skipped reason=no_closed_bar_crossover
2026-05-05 07:20:39 INFO mt5_bot - Balance=102029.96 Equity=102029.96 Spread=0.60 pips
2026-05-05 07:20:39 INFO mt5_bot - Signal=NONE reason=no_closed_bar_crossover price=None trend=bearish rsi=53.6 atr_pips=8.8 adx=20.7
2026-05-05 07:20:39 INFO mt5_bot - Execution status=skipped reason=no_closed_bar_crossover
2026-05-05 07:20:54 INFO mt5_bot - Balance=102029.96 Equity=102029.96 Spread=0.60 pips
2026-05-05 07:20:54 INFO mt5_bot - Signal=NONE reason=no_closed_bar_crossover price=None trend=bearish rsi=53.6 atr_pips=8.8 adx=20.7
2026-05-05 07:20:54 INFO mt5_bot - Execution status=skipped reason=no_closed_bar_crossover
2026-05-05 07:21:09 INFO mt5_bot - Balance=102029.96 Equity=102029.96 Spread=0.60 pips
2026-05-05 07:21:09 INFO mt5_bot - Signal=NONE reason=no_closed_bar_crossover price=None trend=bearish rsi=53.6 atr_pips=8.8 adx=20.7
2026-05-05 07:21:09 INFO mt5_bot - Execution status=skipped reason=no_closed_bar_crossover
2026-05-05 07:21:24 INFO mt5_bot - Balance=102029.96 Equity=102029.96 Spread=0.60 pips
2026-05-05 07:21:24 INFO mt5_bot - Signal=NONE reason=no_closed_bar_crossover price=None trend=bearish rsi=53.6 atr_pips=8.8 adx=20.7
2026-05-05 07:21:24 INFO mt5_bot - Execution status=skipped reason=no_closed_bar_crossover
2026-05-05 07:21:39 INFO mt5_bot - Balance=102029.96 Equity=102029.96 Spread=0.60 pips
2026-05-05 07:21:39 INFO mt5_bot - Signal=NONE reason=no_closed_bar_crossover price=None trend=bearish rsi=53.6 atr_pips=8.8 adx=20.7
2026-05-05 07:21:39 INFO mt5_bot - Execution status=skipped reason=no_closed_bar_crossover
2026-05-05 07:21:54 INFO mt5_bot - Balance=102029.96 Equity=102029.96 Spread=0.60 pips
2026-05-05 07:21:54 INFO mt5_bot - Signal=NONE reason=no_closed_bar_crossover price=None trend=bearish rsi=53.6 atr_pips=8.8 adx=20.7
2026-05-05 07:21:54 INFO mt5_bot - Execution status=skipped reason=no_closed_bar_crossover
2026-05-05 07:22:09 INFO mt5_bot - Balance=102029.96 Equity=102029.96 Spread=0.60 pips
2026-05-05 07:22:09 INFO mt5_bot - Signal=NONE reason=no_closed_bar_crossover price=None trend=bearish rsi=53.6 atr_pips=8.8 adx=20.7
2026-05-05 07:22:09 INFO mt5_bot - Execution status=skipped reason=no_closed_bar_crossover
2026-05-05 07:22:24 INFO mt5_bot - Balance=102029.96 Equity=102029.96 Spread=0.60 pips
2026-05-05 07:22:24 INFO mt5_bot - Signal=NONE reason=no_closed_bar_crossover price=None trend=bearish rsi=53.6 atr_pips=8.8 adx=20.7
2026-05-05 07:22:24 INFO mt5_bot - Execution status=skipped reason=no_closed_bar_crossover
2026-05-05 07:22:39 INFO mt5_bot - Balance=102029.96 Equity=102029.96 Spread=0.60 pips
2026-05-05 07:22:39 INFO mt5_bot - Signal=NONE reason=no_closed_bar_crossover price=None trend=bearish rsi=53.6 atr_pips=8.8 adx=20.7
2026-05-05 07:22:39 INFO mt5_bot - Execution status=skipped reason=no_closed_bar_crossover
2026-05-05 07:22:54 INFO mt5_bot - Balance=102029.96 Equity=102029.96 Spread=0.60 pips
2026-05-05 07:22:54 INFO mt5_bot - Signal=NONE reason=no_closed_bar_crossover price=None trend=bearish rsi=53.6 atr_pips=8.8 adx=20.7
2026-05-05 07:22:54 INFO mt5_bot - Execution status=skipped reason=no_closed_bar_crossover
2026-05-05 07:23:09 INFO mt5_bot - Balance=102029.96 Equity=102029.96 Spread=0.60 pips
2026-05-05 07:23:09 INFO mt5_bot - Signal=NONE reason=no_closed_bar_crossover price=None trend=bearish rsi=53.6 atr_pips=8.8 adx=20.7
2026-05-05 07:23:09 INFO mt5_bot - Execution status=skipped reason=no_closed_bar_crossover
2026-05-05 07:23:24 INFO mt5_bot - Balance=102029.96 Equity=102029.96 Spread=0.60 pips
2026-05-05 07:23:24 INFO mt5_bot - Signal=NONE reason=no_closed_bar_crossover price=None trend=bearish rsi=53.6 atr_pips=8.8 adx=20.7
2026-05-05 07:23:24 INFO mt5_bot - Execution status=skipped reason=no_closed_bar_crossover
2026-05-05 07:23:39 INFO mt5_bot - Balance=102029.96 Equity=102029.96 Spread=0.60 pips
2026-05-05 07:23:39 INFO mt5_bot - Signal=NONE reason=no_closed_bar_crossover price=None trend=bearish rsi=53.6 atr_pips=8.8 adx=20.7
2026-05-05 07:23:39 INFO mt5_bot - Execution status=skipped reason=no_closed_bar_crossover
2026-05-05 07:23:54 INFO mt5_bot - Balance=102029.96 Equity=102029.96 Spread=0.60 pips
2026-05-05 07:23:54 INFO mt5_bot - Signal=NONE reason=no_closed_bar_crossover price=None trend=bearish rsi=53.6 atr_pips=8.8 adx=20.7
2026-05-05 07:23:54 INFO mt5_bot - Execution status=skipped reason=no_closed_bar_crossover
2026-05-05 07:24:09 INFO mt5_bot - Balance=102029.96 Equity=102029.96 Spread=0.60 pips
2026-05-05 07:24:09 INFO mt5_bot - Signal=NONE reason=no_closed_bar_crossover price=None trend=bearish rsi=53.6 atr_pips=8.8 adx=20.7
2026-05-05 07:24:09 INFO mt5_bot - Execution status=skipped reason=no_closed_bar_crossover
2026-05-05 07:24:24 INFO mt5_bot - Balance=102029.96 Equity=102029.96 Spread=0.60 pips
2026-05-05 07:24:24 INFO mt5_bot - Signal=NONE reason=no_closed_bar_crossover price=None trend=bearish rsi=53.6 atr_pips=8.8 adx=20.7
2026-05-05 07:24:24 INFO mt5_bot - Execution status=skipped reason=no_closed_bar_crossover
2026-05-05 07:24:39 INFO mt5_bot - Balance=102029.96 Equity=102029.96 Spread=0.60 pips
2026-05-05 07:24:39 INFO mt5_bot - Signal=NONE reason=no_closed_bar_crossover price=None trend=bearish rsi=53.6 atr_pips=8.8 adx=20.7
2026-05-05 07:24:39 INFO mt5_bot - Execution status=skipped reason=no_closed_bar_crossover
2026-05-05 07:24:54 INFO mt5_bot - Balance=102029.96 Equity=102029.96 Spread=0.60 pips
2026-05-05 07:24:54 INFO mt5_bot - Signal=NONE reason=no_closed_bar_crossover price=None trend=bearish rsi=53.6 atr_pips=8.8 adx=20.7
2026-05-05 07:24:54 INFO mt5_bot - Execution status=skipped reason=no_closed_bar_crossover
2026-05-05 07:25:09 INFO mt5_bot - Balance=102029.96 Equity=102029.96 Spread=0.60 pips
2026-05-05 07:25:09 INFO mt5_bot - Signal=NONE reason=no_closed_bar_crossover price=None trend=bearish rsi=53.6 atr_pips=8.8 adx=20.7
2026-05-05 07:25:09 INFO mt5_bot - Execution status=skipped reason=no_closed_bar_crossover
2026-05-05 07:25:24 INFO mt5_bot - Balance=102029.96 Equity=102029.96 Spread=0.60 pips
2026-05-05 07:25:24 INFO mt5_bot - Signal=NONE reason=no_closed_bar_crossover price=None trend=bearish rsi=53.6 atr_pips=8.8 adx=20.7
2026-05-05 07:25:24 INFO mt5_bot - Execution status=skipped reason=no_closed_bar_crossover
2026-05-05 07:25:39 INFO mt5_bot - Balance=102029.96 Equity=102029.96 Spread=0.60 pips
2026-05-05 07:25:39 INFO mt5_bot - Signal=NONE reason=no_closed_bar_crossover price=None trend=bearish rsi=53.6 atr_pips=8.8 adx=20.7
2026-05-05 07:25:39 INFO mt5_bot - Execution status=skipped reason=no_closed_bar_crossover
2026-05-05 07:25:54 INFO mt5_bot - Balance=102029.96 Equity=102029.96 Spread=0.60 pips
2026-05-05 07:25:54 INFO mt5_bot - Signal=NONE reason=no_closed_bar_crossover price=None trend=bearish rsi=53.6 atr_pips=8.8 adx=20.7
2026-05-05 07:25:54 INFO mt5_bot - Execution status=skipped reason=no_closed_bar_crossover
2026-05-05 07:26:09 INFO mt5_bot - Balance=102029.96 Equity=102029.96 Spread=0.60 pips
2026-05-05 07:26:09 INFO mt5_bot - Signal=NONE reason=no_closed_bar_crossover price=None trend=bearish rsi=53.6 atr_pips=8.8 adx=20.7
2026-05-05 07:26:09 INFO mt5_bot - Execution status=skipped reason=no_closed_bar_crossover
2026-05-05 07:26:24 INFO mt5_bot - Balance=102029.96 Equity=102029.96 Spread=0.60 pips
2026-05-05 07:26:24 INFO mt5_bot - Signal=NONE reason=no_closed_bar_crossover price=None trend=bearish rsi=53.6 atr_pips=8.8 adx=20.7
2026-05-05 07:26:24 INFO mt5_bot - Execution status=skipped reason=no_closed_bar_crossover
2026-05-05 07:26:39 INFO mt5_bot - Balance=102029.96 Equity=102029.96 Spread=0.60 pips
2026-05-05 07:26:39 INFO mt5_bot - Signal=NONE reason=no_closed_bar_crossover price=None trend=bearish rsi=53.6 atr_pips=8.8 adx=20.7
2026-05-05 07:26:39 INFO mt5_bot - Execution status=skipped reason=no_closed_bar_crossover
2026-05-05 07:26:55 INFO mt5_bot - Balance=102029.96 Equity=102029.96 Spread=0.60 pips
2026-05-05 07:26:55 INFO mt5_bot - Signal=NONE reason=no_closed_bar_crossover price=None trend=bearish rsi=53.6 atr_pips=8.8 adx=20.7
2026-05-05 07:26:55 INFO mt5_bot - Execution status=skipped reason=no_closed_bar_crossover
2026-05-05 07:27:10 INFO mt5_bot - Balance=102029.96 Equity=102029.96 Spread=0.60 pips
2026-05-05 07:27:10 INFO mt5_bot - Signal=NONE reason=no_closed_bar_crossover price=None trend=bearish rsi=53.6 atr_pips=8.8 adx=20.7
2026-05-05 07:27:10 INFO mt5_bot - Execution status=skipped reason=no_closed_bar_crossover
2026-05-05 07:27:25 INFO mt5_bot - Balance=102029.96 Equity=102029.96 Spread=0.60 pips
2026-05-05 07:27:25 INFO mt5_bot - Signal=NONE reason=no_closed_bar_crossover price=None trend=bearish rsi=53.6 atr_pips=8.8 adx=20.7
2026-05-05 07:27:25 INFO mt5_bot - Execution status=skipped reason=no_closed_bar_crossover
2026-05-05 07:27:40 INFO mt5_bot - Balance=102029.96 Equity=102029.96 Spread=0.60 pips
2026-05-05 07:27:40 INFO mt5_bot - Signal=NONE reason=no_closed_bar_crossover price=None trend=bearish rsi=53.6 atr_pips=8.8 adx=20.7
2026-05-05 07:27:40 INFO mt5_bot - Execution status=skipped reason=no_closed_bar_crossover
2026-05-05 07:27:55 INFO mt5_bot - Balance=102029.96 Equity=102029.96 Spread=0.60 pips
2026-05-05 07:27:55 INFO mt5_bot - Signal=NONE reason=no_closed_bar_crossover price=None trend=bearish rsi=53.6 atr_pips=8.8 adx=20.7
2026-05-05 07:27:55 INFO mt5_bot - Execution status=skipped reason=no_closed_bar_crossover
2026-05-05 07:28:10 INFO mt5_bot - Balance=102029.96 Equity=102029.96 Spread=0.60 pips
2026-05-05 07:28:10 INFO mt5_bot - Signal=NONE reason=no_closed_bar_crossover price=None trend=bearish rsi=53.6 atr_pips=8.8 adx=20.7
2026-05-05 07:28:10 INFO mt5_bot - Execution status=skipped reason=no_closed_bar_crossover
2026-05-05 07:28:25 INFO mt5_bot - Balance=102029.96 Equity=102029.96 Spread=0.60 pips
2026-05-05 07:28:25 INFO mt5_bot - Signal=NONE reason=no_closed_bar_crossover price=None trend=bearish rsi=53.6 atr_pips=8.8 adx=20.7
2026-05-05 07:28:25 INFO mt5_bot - Execution status=skipped reason=no_closed_bar_crossover
^C2026-05-05 07:31:34 INFO mt5_bot - MT5 permissions: account_server=MetaQuotes-Demo account_trade_allowed=True account_trade_expert=True terminal_trade_allowed=True terminal_build=5836
2026-05-05 07:31:34 INFO mt5_bot - Starting PRO loop: symbol=GBPUSD tf=M15 trend_tf=H1 trade_enabled=True trend_filter=True adx_filter=True rsi_momentum=False partial_close=True trailing_stop=True atr_sl_tp=True news_filter=True retest=False equity_curve=True
2026-05-05 07:31:34 INFO mt5_bot - Balance=102029.96 Equity=102029.96 Spread=0.60 pips
2026-05-05 07:31:34 INFO mt5_bot.news_filter - news_filter: loaded 115 events from shared cache
2026-05-05 07:31:34 INFO mt5_bot - Signal=NONE reason=no_closed_bar_crossover price=None trend=bearish rsi=58.0 atr_pips=8.7 adx=20.5
2026-05-05 07:31:34 INFO mt5_bot - Execution status=skipped reason=no_closed_bar_crossover
2026-05-05 07:31:49 INFO mt5_bot - Balance=102029.96 Equity=102029.96 Spread=0.60 pips
2026-05-05 07:31:49 INFO mt5_bot - Signal=NONE reason=no_closed_bar_crossover price=None trend=bearish rsi=58.0 atr_pips=8.7 adx=20.5
2026-05-05 07:31:49 INFO mt5_bot - Execution status=skipped reason=no_closed_bar_crossover
2026-05-05 07:32:05 INFO mt5_bot - Balance=102029.96 Equity=102029.96 Spread=0.60 pips
2026-05-05 07:32:05 INFO mt5_bot - Signal=NONE reason=no_closed_bar_crossover price=None trend=bearish rsi=58.0 atr_pips=8.7 adx=20.5
2026-05-05 07:32:05 INFO mt5_bot - Execution status=skipped reason=no_closed_bar_crossover
2026-05-05 07:32:20 INFO mt5_bot - Balance=102029.96 Equity=102029.96 Spread=0.60 pips
2026-05-05 07:32:20 INFO mt5_bot - Signal=NONE reason=no_closed_bar_crossover price=None trend=bearish rsi=58.0 atr_pips=8.7 adx=20.5
2026-05-05 07:32:20 INFO mt5_bot - Execution status=skipped reason=no_closed_bar_crossover
2026-05-05 07:32:35 INFO mt5_bot - Balance=102029.96 Equity=102029.96 Spread=0.60 pips
2026-05-05 07:32:35 INFO mt5_bot - Signal=NONE reason=no_closed_bar_crossover price=None trend=bearish rsi=58.0 atr_pips=8.7 adx=20.5
2026-05-05 07:32:35 INFO mt5_bot - Execution status=skipped reason=no_closed_bar_crossover
2026-05-05 07:32:37 INFO mt5_bot - Stopped by user
2026-05-05 07:32:49 INFO mt5_bot - MT5 permissions: account_server=MetaQuotes-Demo account_trade_allowed=True account_trade_expert=True terminal_trade_allowed=True terminal_build=5836
2026-05-05 07:32:49 INFO mt5_bot - Starting PRO loop: symbol=GBPUSD tf=M15 trend_tf=H1 trade_enabled=True trend_filter=True adx_filter=True rsi_momentum=False partial_close=True trailing_stop=True atr_sl_tp=True news_filter=True retest=False equity_curve=True
2026-05-05 07:32:49 INFO mt5_bot - Balance=102029.96 Equity=102029.96 Spread=0.60 pips
2026-05-05 07:32:49 INFO mt5_bot.news_filter - news_filter: loaded 115 events from shared cache
2026-05-05 07:32:49 INFO mt5_bot - Signal=NONE reason=no_closed_bar_crossover price=None trend=bearish rsi=58.0 atr_pips=8.7 adx=20.5
2026-05-05 07:32:49 INFO mt5_bot - Execution status=skipped reason=no_closed_bar_crossover
2026-05-05 07:33:04 INFO mt5_bot - Balance=102029.96 Equity=102029.96 Spread=0.60 pips
2026-05-05 07:33:04 INFO mt5_bot - Signal=NONE reason=no_closed_bar_crossover price=None trend=bearish rsi=58.0 atr_pips=8.7 adx=20.5
2026-05-05 07:33:04 INFO mt5_bot - Execution status=skipped reason=no_closed_bar_crossover
2026-05-05 07:33:19 INFO mt5_bot - Balance=102029.96 Equity=102029.96 Spread=0.60 pips
2026-05-05 07:33:19 INFO mt5_bot - Signal=NONE reason=no_closed_bar_crossover price=None trend=bearish rsi=58.0 atr_pips=8.7 adx=20.5
2026-05-05 07:33:19 INFO mt5_bot - Execution status=skipped reason=no_closed_bar_crossover
2026-05-05 07:33:34 INFO mt5_bot - Balance=102029.96 Equity=102029.96 Spread=0.60 pips
2026-05-05 07:33:34 INFO mt5_bot - Signal=NONE reason=no_closed_bar_crossover price=None trend=bearish rsi=58.0 atr_pips=8.7 adx=20.5
2026-05-05 07:33:34 INFO mt5_bot - Execution status=skipped reason=no_closed_bar_crossover
2026-05-05 07:33:49 INFO mt5_bot - Balance=102029.96 Equity=102029.96 Spread=0.60 pips
2026-05-05 07:33:49 INFO mt5_bot - Signal=NONE reason=no_closed_bar_crossover price=None trend=bearish rsi=58.0 atr_pips=8.7 adx=20.5
2026-05-05 07:33:49 INFO mt5_bot - Execution status=skipped reason=no_closed_bar_crossover
2026-05-05 07:34:04 INFO mt5_bot - Balance=102029.96 Equity=102029.96 Spread=0.60 pips
2026-05-05 07:34:04 INFO mt5_bot - Signal=NONE reason=no_closed_bar_crossover price=None trend=bearish rsi=58.0 atr_pips=8.7 adx=20.5
2026-05-05 07:34:04 INFO mt5_bot - Execution status=skipped reason=no_closed_bar_crossover
2026-05-05 07:34:19 INFO mt5_bot - Balance=102029.96 Equity=102029.96 Spread=0.60 pips
2026-05-05 07:34:19 INFO mt5_bot - Signal=NONE reason=no_closed_bar_crossover price=None trend=bearish rsi=58.0 atr_pips=8.7 adx=20.5
2026-05-05 07:34:19 INFO mt5_bot - Execution status=skipped reason=no_closed_bar_crossover
2026-05-05 07:34:34 INFO mt5_bot - Balance=102029.96 Equity=102029.96 Spread=0.60 pips
2026-05-05 07:34:34 INFO mt5_bot - Signal=NONE reason=no_closed_bar_crossover price=None trend=bearish rsi=58.0 atr_pips=8.7 adx=20.5
2026-05-05 07:34:34 INFO mt5_bot - Execution status=skipped reason=no_closed_bar_crossover
2026-05-05 07:34:49 INFO mt5_bot - Balance=102029.96 Equity=102029.96 Spread=0.60 pips
2026-05-05 07:34:49 INFO mt5_bot - Signal=NONE reason=no_closed_bar_crossover price=None trend=bearish rsi=58.0 atr_pips=8.7 adx=20.5
2026-05-05 07:34:49 INFO mt5_bot - Execution status=skipped reason=no_closed_bar_crossover
2026-05-05 07:35:04 INFO mt5_bot - Balance=102029.96 Equity=102029.96 Spread=0.60 pips
2026-05-05 07:35:04 INFO mt5_bot - Signal=NONE reason=no_closed_bar_crossover price=None trend=bearish rsi=58.0 atr_pips=8.7 adx=20.5
2026-05-05 07:35:04 INFO mt5_bot - Execution status=skipped reason=no_closed_bar_crossover
2026-05-05 07:35:19 INFO mt5_bot - Balance=102029.96 Equity=102029.96 Spread=0.60 pips
2026-05-05 07:35:19 INFO mt5_bot - Signal=NONE reason=no_closed_bar_crossover price=None trend=bearish rsi=58.0 atr_pips=8.7 adx=20.5
2026-05-05 07:35:19 INFO mt5_bot - Execution status=skipped reason=no_closed_bar_crossover
2026-05-05 07:35:34 INFO mt5_bot - Balance=102029.96 Equity=102029.96 Spread=0.60 pips
2026-05-05 07:35:34 INFO mt5_bot - Signal=NONE reason=no_closed_bar_crossover price=None trend=bearish rsi=58.0 atr_pips=8.7 adx=20.5
2026-05-05 07:35:34 INFO mt5_bot - Execution status=skipped reason=no_closed_bar_crossover
2026-05-05 07:35:49 INFO mt5_bot - Balance=102029.96 Equity=102029.96 Spread=0.60 pips
2026-05-05 07:35:49 INFO mt5_bot - Signal=NONE reason=no_closed_bar_crossover price=None trend=bearish rsi=58.0 atr_pips=8.7 adx=20.5
2026-05-05 07:35:49 INFO mt5_bot - Execution status=skipped reason=no_closed_bar_crossover
2026-05-05 07:36:04 INFO mt5_bot - Balance=102029.96 Equity=102029.96 Spread=0.60 pips
2026-05-05 07:36:04 INFO mt5_bot - Signal=NONE reason=no_closed_bar_crossover price=None trend=bearish rsi=58.0 atr_pips=8.7 adx=20.5
2026-05-05 07:36:04 INFO mt5_bot - Execution status=skipped reason=no_closed_bar_crossover
2026-05-05 07:36:19 INFO mt5_bot - Balance=102029.96 Equity=102029.96 Spread=0.60 pips
2026-05-05 07:36:19 INFO mt5_bot - Signal=NONE reason=no_closed_bar_crossover price=None trend=bearish rsi=58.0 atr_pips=8.7 adx=20.5
2026-05-05 07:36:19 INFO mt5_bot - Execution status=skipped reason=no_closed_bar_crossover
2026-05-05 07:36:34 INFO mt5_bot - Balance=102029.96 Equity=102029.96 Spread=0.60 pips
2026-05-05 07:36:34 INFO mt5_bot - Signal=NONE reason=no_closed_bar_crossover price=None trend=bearish rsi=58.0 atr_pips=8.7 adx=20.5
2026-05-05 07:36:34 INFO mt5_bot - Execution status=skipped reason=no_closed_bar_crossover
2026-05-05 07:36:49 INFO mt5_bot - Balance=102029.96 Equity=102029.96 Spread=0.60 pips
2026-05-05 07:36:49 INFO mt5_bot - Signal=NONE reason=no_closed_bar_crossover price=None trend=bearish rsi=58.0 atr_pips=8.7 adx=20.5
2026-05-05 07:36:49 INFO mt5_bot - Execution status=skipped reason=no_closed_bar_crossover
2026-05-05 07:37:04 INFO mt5_bot - Balance=102029.96 Equity=102029.96 Spread=0.60 pips
2026-05-05 07:37:04 INFO mt5_bot - Signal=NONE reason=no_closed_bar_crossover price=None trend=bearish rsi=58.0 atr_pips=8.7 adx=20.5
2026-05-05 07:37:04 INFO mt5_bot - Execution status=skipped reason=no_closed_bar_crossover
2026-05-05 07:37:19 INFO mt5_bot - Balance=102029.96 Equity=102029.96 Spread=0.60 pips
2026-05-05 07:37:19 INFO mt5_bot - Signal=NONE reason=no_closed_bar_crossover price=None trend=bearish rsi=58.0 atr_pips=8.7 adx=20.5
2026-05-05 07:37:19 INFO mt5_bot - Execution status=skipped reason=no_closed_bar_crossover
2026-05-05 07:37:34 INFO mt5_bot - Balance=102029.96 Equity=102029.96 Spread=0.60 pips
2026-05-05 07:37:34 INFO mt5_bot - Signal=NONE reason=no_closed_bar_crossover price=None trend=bearish rsi=58.0 atr_pips=8.7 adx=20.5
2026-05-05 07:37:34 INFO mt5_bot - Execution status=skipped reason=no_closed_bar_crossover
2026-05-05 07:37:49 INFO mt5_bot - Balance=102029.96 Equity=102029.96 Spread=0.60 pips
2026-05-05 07:37:49 INFO mt5_bot - Signal=NONE reason=no_closed_bar_crossover price=None trend=bearish rsi=58.0 atr_pips=8.7 adx=20.5
2026-05-05 07:37:49 INFO mt5_bot - Execution status=skipped reason=no_closed_bar_crossover
2026-05-05 07:38:04 INFO mt5_bot - Balance=102029.96 Equity=102029.96 Spread=0.60 pips
2026-05-05 07:38:04 INFO mt5_bot - Signal=NONE reason=no_closed_bar_crossover price=None trend=bearish rsi=58.0 atr_pips=8.7 adx=20.5
2026-05-05 07:38:04 INFO mt5_bot - Execution status=skipped reason=no_closed_bar_crossover
2026-05-05 07:38:19 INFO mt5_bot - Balance=102029.96 Equity=102029.96 Spread=0.60 pips
2026-05-05 07:38:19 INFO mt5_bot - Signal=NONE reason=no_closed_bar_crossover price=None trend=bearish rsi=58.0 atr_pips=8.7 adx=20.5
2026-05-05 07:38:19 INFO mt5_bot - Execution status=skipped reason=no_closed_bar_crossover
2026-05-05 07:38:34 INFO mt5_bot - Balance=102029.96 Equity=102029.96 Spread=0.60 pips
2026-05-05 07:38:34 INFO mt5_bot - Signal=NONE reason=no_closed_bar_crossover price=None trend=bearish rsi=58.0 atr_pips=8.7 adx=20.5
2026-05-05 07:38:34 INFO mt5_bot - Execution status=skipped reason=no_closed_bar_crossover
2026-05-05 07:38:49 INFO mt5_bot - Balance=102029.96 Equity=102029.96 Spread=0.60 pips
2026-05-05 07:38:49 INFO mt5_bot - Signal=NONE reason=no_closed_bar_crossover price=None trend=bearish rsi=58.0 atr_pips=8.7 adx=20.5
2026-05-05 07:38:49 INFO mt5_bot - Execution status=skipped reason=no_closed_bar_crossover
2026-05-05 07:39:04 INFO mt5_bot - Balance=102029.96 Equity=102029.96 Spread=0.60 pips
2026-05-05 07:39:04 INFO mt5_bot - Signal=NONE reason=no_closed_bar_crossover price=None trend=bearish rsi=58.0 atr_pips=8.7 adx=20.5
2026-05-05 07:39:04 INFO mt5_bot - Execution status=skipped reason=no_closed_bar_crossover
2026-05-05 07:39:19 INFO mt5_bot - Balance=102029.96 Equity=102029.96 Spread=0.60 pips
2026-05-05 07:39:19 INFO mt5_bot - Signal=NONE reason=no_closed_bar_crossover price=None trend=bearish rsi=58.0 atr_pips=8.7 adx=20.5
2026-05-05 07:39:19 INFO mt5_bot - Execution status=skipped reason=no_closed_bar_crossover
2026-05-05 07:39:34 INFO mt5_bot - Balance=102029.96 Equity=102029.96 Spread=0.40 pips
2026-05-05 07:39:34 INFO mt5_bot - Signal=NONE reason=no_closed_bar_crossover price=None trend=bearish rsi=58.0 atr_pips=8.7 adx=20.5
2026-05-05 07:39:34 INFO mt5_bot - Execution status=skipped reason=no_closed_bar_crossover
2026-05-05 07:39:49 INFO mt5_bot - Balance=102029.96 Equity=102029.96 Spread=0.60 pips
2026-05-05 07:39:49 INFO mt5_bot - Signal=NONE reason=no_closed_bar_crossover price=None trend=bearish rsi=58.0 atr_pips=8.7 adx=20.5
2026-05-05 07:39:49 INFO mt5_bot - Execution status=skipped reason=no_closed_bar_crossover
2026-05-05 07:40:04 INFO mt5_bot - Balance=102029.96 Equity=102029.96 Spread=0.60 pips
2026-05-05 07:40:04 INFO mt5_bot - Signal=NONE reason=no_closed_bar_crossover price=None trend=bearish rsi=58.0 atr_pips=8.7 adx=20.5
2026-05-05 07:40:04 INFO mt5_bot - Execution status=skipped reason=no_closed_bar_crossover
2026-05-05 07:40:19 INFO mt5_bot - Balance=102029.96 Equity=102029.96 Spread=0.60 pips
2026-05-05 07:40:19 INFO mt5_bot - Signal=NONE reason=no_closed_bar_crossover price=None trend=bearish rsi=58.0 atr_pips=8.7 adx=20.5
2026-05-05 07:40:19 INFO mt5_bot - Execution status=skipped reason=no_closed_bar_crossover
2026-05-05 07:40:34 INFO mt5_bot - Balance=102029.96 Equity=102029.96 Spread=0.60 pips
2026-05-05 07:40:34 INFO mt5_bot - Signal=NONE reason=no_closed_bar_crossover price=None trend=bearish rsi=58.0 atr_pips=8.7 adx=20.5
2026-05-05 07:40:34 INFO mt5_bot - Execution status=skipped reason=no_closed_bar_crossover
2026-05-05 07:40:49 INFO mt5_bot - Balance=102029.96 Equity=102029.96 Spread=0.60 pips
2026-05-05 07:40:49 INFO mt5_bot - Signal=NONE reason=no_closed_bar_crossover price=None trend=bearish rsi=58.0 atr_pips=8.7 adx=20.5
2026-05-05 07:40:49 INFO mt5_bot - Execution status=skipped reason=no_closed_bar_crossover
2026-05-05 07:41:04 INFO mt5_bot - Balance=102029.96 Equity=102029.96 Spread=0.60 pips
2026-05-05 07:41:04 INFO mt5_bot - Signal=NONE reason=no_closed_bar_crossover price=None trend=bearish rsi=58.0 atr_pips=8.7 adx=20.5
2026-05-05 07:41:04 INFO mt5_bot - Execution status=skipped reason=no_closed_bar_crossover
2026-05-05 07:41:19 INFO mt5_bot - Balance=102029.96 Equity=102029.96 Spread=0.60 pips
2026-05-05 07:41:20 INFO mt5_bot - Signal=NONE reason=no_closed_bar_crossover price=None trend=bearish rsi=58.0 atr_pips=8.7 adx=20.5
2026-05-05 07:41:20 INFO mt5_bot - Execution status=skipped reason=no_closed_bar_crossover
2026-05-05 07:41:35 INFO mt5_bot - Balance=102029.96 Equity=102029.96 Spread=0.60 pips
2026-05-05 07:41:35 INFO mt5_bot - Signal=NONE reason=no_closed_bar_crossover price=None trend=bearish rsi=58.0 atr_pips=8.7 adx=20.5
2026-05-05 07:41:35 INFO mt5_bot - Execution status=skipped reason=no_closed_bar_crossover
2026-05-05 07:41:50 INFO mt5_bot - Balance=102029.96 Equity=102029.96 Spread=0.60 pips
2026-05-05 07:41:50 INFO mt5_bot - Signal=NONE reason=no_closed_bar_crossover price=None trend=bearish rsi=58.0 atr_pips=8.7 adx=20.5
2026-05-05 07:41:50 INFO mt5_bot - Execution status=skipped reason=no_closed_bar_crossover
2026-05-05 07:42:05 INFO mt5_bot - Balance=102029.96 Equity=102029.96 Spread=0.60 pips
2026-05-05 07:42:05 INFO mt5_bot - Signal=NONE reason=no_closed_bar_crossover price=None trend=bearish rsi=58.0 atr_pips=8.7 adx=20.5
2026-05-05 07:42:05 INFO mt5_bot - Execution status=skipped reason=no_closed_bar_crossover
2026-05-05 07:42:20 INFO mt5_bot - Balance=102029.96 Equity=102029.96 Spread=0.60 pips
2026-05-05 07:42:20 INFO mt5_bot - Signal=NONE reason=no_closed_bar_crossover price=None trend=bearish rsi=58.0 atr_pips=8.7 adx=20.5
2026-05-05 07:42:20 INFO mt5_bot - Execution status=skipped reason=no_closed_bar_crossover
2026-05-05 07:42:35 INFO mt5_bot - Balance=102029.96 Equity=102029.96 Spread=0.60 pips
2026-05-05 07:42:35 INFO mt5_bot - Signal=NONE reason=no_closed_bar_crossover price=None trend=bearish rsi=58.0 atr_pips=8.7 adx=20.5
2026-05-05 07:42:35 INFO mt5_bot - Execution status=skipped reason=no_closed_bar_crossover
2026-05-05 07:42:50 INFO mt5_bot - Balance=102029.96 Equity=102029.96 Spread=0.60 pips
2026-05-05 07:42:50 INFO mt5_bot - Signal=NONE reason=no_closed_bar_crossover price=None trend=bearish rsi=58.0 atr_pips=8.7 adx=20.5
2026-05-05 07:42:50 INFO mt5_bot - Execution status=skipped reason=no_closed_bar_crossover
2026-05-05 07:43:05 INFO mt5_bot - Balance=102029.96 Equity=102029.96 Spread=0.60 pips
2026-05-05 07:43:05 INFO mt5_bot - Signal=NONE reason=no_closed_bar_crossover price=None trend=bearish rsi=58.0 atr_pips=8.7 adx=20.5
2026-05-05 07:43:05 INFO mt5_bot - Execution status=skipped reason=no_closed_bar_crossover
2026-05-05 07:43:20 INFO mt5_bot - Balance=102029.96 Equity=102029.96 Spread=0.60 pips
2026-05-05 07:43:20 INFO mt5_bot - Signal=NONE reason=no_closed_bar_crossover price=None trend=bearish rsi=58.0 atr_pips=8.7 adx=20.5
2026-05-05 07:43:20 INFO mt5_bot - Execution status=skipped reason=no_closed_bar_crossover
2026-05-05 07:43:35 INFO mt5_bot - Balance=102029.96 Equity=102029.96 Spread=0.60 pips
2026-05-05 07:43:35 INFO mt5_bot - Signal=NONE reason=no_closed_bar_crossover price=None trend=bearish rsi=58.0 atr_pips=8.7 adx=20.5
2026-05-05 07:43:35 INFO mt5_bot - Execution status=skipped reason=no_closed_bar_crossover
2026-05-05 07:43:50 INFO mt5_bot - Balance=102029.96 Equity=102029.96 Spread=0.60 pips
2026-05-05 07:43:50 INFO mt5_bot - Signal=NONE reason=no_closed_bar_crossover price=None trend=bearish rsi=58.0 atr_pips=8.7 adx=20.5
2026-05-05 07:43:50 INFO mt5_bot - Execution status=skipped reason=no_closed_bar_crossover
2026-05-05 07:44:05 INFO mt5_bot - Balance=102029.96 Equity=102029.96 Spread=0.60 pips
2026-05-05 07:44:05 INFO mt5_bot - Signal=NONE reason=no_closed_bar_crossover price=None trend=bearish rsi=58.0 atr_pips=8.7 adx=20.5
2026-05-05 07:44:05 INFO mt5_bot - Execution status=skipped reason=no_closed_bar_crossover
2026-05-05 07:44:20 INFO mt5_bot - Balance=102029.96 Equity=102029.96 Spread=0.60 pips
2026-05-05 07:44:20 INFO mt5_bot - Signal=NONE reason=no_closed_bar_crossover price=None trend=bearish rsi=58.0 atr_pips=8.7 adx=20.5
2026-05-05 07:44:20 INFO mt5_bot - Execution status=skipped reason=no_closed_bar_crossover
2026-05-05 07:44:35 INFO mt5_bot - Balance=102029.96 Equity=102029.96 Spread=0.60 pips
2026-05-05 07:44:35 INFO mt5_bot - Signal=NONE reason=no_closed_bar_crossover price=None trend=bearish rsi=58.0 atr_pips=8.7 adx=20.5
2026-05-05 07:44:35 INFO mt5_bot - Execution status=skipped reason=no_closed_bar_crossover
2026-05-05 07:44:50 INFO mt5_bot - Balance=102029.96 Equity=102029.96 Spread=0.60 pips
2026-05-05 07:44:50 INFO mt5_bot - Signal=NONE reason=no_closed_bar_crossover price=None trend=bearish rsi=58.0 atr_pips=8.7 adx=20.5
2026-05-05 07:44:50 INFO mt5_bot - Execution status=skipped reason=no_closed_bar_crossover
2026-05-05 07:45:05 INFO mt5_bot - Balance=102029.96 Equity=102029.96 Spread=0.60 pips
2026-05-05 07:45:05 INFO mt5_bot - Signal=NONE reason=no_closed_bar_crossover price=None trend=bearish rsi=50.9 atr_pips=8.7 adx=19.9
2026-05-05 07:45:05 INFO mt5_bot - Execution status=skipped reason=no_closed_bar_crossover
2026-05-05 07:45:20 INFO mt5_bot - Balance=102029.96 Equity=102029.96 Spread=0.60 pips
2026-05-05 07:45:20 INFO mt5_bot - Signal=NONE reason=no_closed_bar_crossover price=None trend=bearish rsi=50.9 atr_pips=8.7 adx=19.9
2026-05-05 07:45:20 INFO mt5_bot - Execution status=skipped reason=no_closed_bar_crossover
2026-05-05 07:45:35 INFO mt5_bot - Balance=102029.96 Equity=102029.96 Spread=0.60 pips
2026-05-05 07:45:35 INFO mt5_bot - Signal=NONE reason=no_closed_bar_crossover price=None trend=bearish rsi=50.9 atr_pips=8.7 adx=19.9
2026-05-05 07:45:35 INFO mt5_bot - Execution status=skipped reason=no_closed_bar_crossover
2026-05-05 07:45:50 INFO mt5_bot - Balance=102029.96 Equity=102029.96 Spread=0.60 pips
2026-05-05 07:45:50 INFO mt5_bot - Signal=NONE reason=no_closed_bar_crossover price=None trend=bearish rsi=50.9 atr_pips=8.7 adx=19.9
2026-05-05 07:45:50 INFO mt5_bot - Execution status=skipped reason=no_closed_bar_crossover
2026-05-05 07:46:05 INFO mt5_bot - Balance=102029.96 Equity=102029.96 Spread=0.60 pips
2026-05-05 07:46:05 INFO mt5_bot - Signal=NONE reason=no_closed_bar_crossover price=None trend=bearish rsi=50.9 atr_pips=8.7 adx=19.9
2026-05-05 07:46:05 INFO mt5_bot - Execution status=skipped reason=no_closed_bar_crossover
2026-05-05 07:46:20 INFO mt5_bot - Balance=102029.96 Equity=102029.96 Spread=0.60 pips
2026-05-05 07:46:20 INFO mt5_bot - Signal=NONE reason=no_closed_bar_crossover price=None trend=bearish rsi=50.9 atr_pips=8.7 adx=19.9
2026-05-05 07:46:20 INFO mt5_bot - Execution status=skipped reason=no_closed_bar_crossover
2026-05-05 07:46:35 INFO mt5_bot - Balance=102029.96 Equity=102029.96 Spread=0.60 pips
2026-05-05 07:46:35 INFO mt5_bot - Signal=NONE reason=no_closed_bar_crossover price=None trend=bearish rsi=50.9 atr_pips=8.7 adx=19.9
2026-05-05 07:46:35 INFO mt5_bot - Execution status=skipped reason=no_closed_bar_crossover
2026-05-05 07:46:50 INFO mt5_bot - Balance=102029.96 Equity=102029.96 Spread=0.60 pips
2026-05-05 07:46:50 INFO mt5_bot - Signal=NONE reason=no_closed_bar_crossover price=None trend=bearish rsi=50.9 atr_pips=8.7 adx=19.9
2026-05-05 07:46:50 INFO mt5_bot - Execution status=skipped reason=no_closed_bar_crossover
2026-05-05 07:47:05 INFO mt5_bot - Balance=102029.96 Equity=102029.96 Spread=0.60 pips
2026-05-05 07:47:05 INFO mt5_bot - Signal=NONE reason=no_closed_bar_crossover price=None trend=bearish rsi=50.9 atr_pips=8.7 adx=19.9
2026-05-05 07:47:05 INFO mt5_bot - Execution status=skipped reason=no_closed_bar_crossover
2026-05-05 07:47:20 INFO mt5_bot - Balance=102029.96 Equity=102029.96 Spread=0.60 pips
2026-05-05 07:47:20 INFO mt5_bot - Signal=NONE reason=no_closed_bar_crossover price=None trend=bearish rsi=50.9 atr_pips=8.7 adx=19.9
2026-05-05 07:47:20 INFO mt5_bot - Execution status=skipped reason=no_closed_bar_crossover
2026-05-05 07:47:35 INFO mt5_bot - Balance=102029.96 Equity=102029.96 Spread=0.60 pips
2026-05-05 07:47:35 INFO mt5_bot - Signal=NONE reason=no_closed_bar_crossover price=None trend=bearish rsi=50.9 atr_pips=8.7 adx=19.9
2026-05-05 07:47:35 INFO mt5_bot - Execution status=skipped reason=no_closed_bar_crossover
2026-05-05 07:47:50 INFO mt5_bot - Balance=102029.96 Equity=102029.96 Spread=0.60 pips
2026-05-05 07:47:50 INFO mt5_bot - Signal=NONE reason=no_closed_bar_crossover price=None trend=bearish rsi=50.9 atr_pips=8.7 adx=19.9
2026-05-05 07:47:50 INFO mt5_bot - Execution status=skipped reason=no_closed_bar_crossover
2026-05-05 07:48:05 INFO mt5_bot - Balance=102029.96 Equity=102029.96 Spread=0.60 pips
2026-05-05 07:48:05 INFO mt5_bot - Signal=NONE reason=no_closed_bar_crossover price=None trend=bearish rsi=50.9 atr_pips=8.7 adx=19.9
2026-05-05 07:48:05 INFO mt5_bot - Execution status=skipped reason=no_closed_bar_crossover
2026-05-05 07:48:20 INFO mt5_bot - Balance=102029.96 Equity=102029.96 Spread=0.60 pips
2026-05-05 07:48:20 INFO mt5_bot - Signal=NONE reason=no_closed_bar_crossover price=None trend=bearish rsi=50.9 atr_pips=8.7 adx=19.9
2026-05-05 07:48:20 INFO mt5_bot - Execution status=skipped reason=no_closed_bar_crossover
2026-05-05 07:48:35 INFO mt5_bot - Balance=102029.96 Equity=102029.96 Spread=0.60 pips
2026-05-05 07:48:35 INFO mt5_bot - Signal=NONE reason=no_closed_bar_crossover price=None trend=bearish rsi=50.9 atr_pips=8.7 adx=19.9
2026-05-05 07:48:35 INFO mt5_bot - Execution status=skipped reason=no_closed_bar_crossover
2026-05-05 07:48:50 INFO mt5_bot - Balance=102029.96 Equity=102029.96 Spread=0.60 pips
2026-05-05 07:48:50 INFO mt5_bot - Signal=NONE reason=no_closed_bar_crossover price=None trend=bearish rsi=50.9 atr_pips=8.7 adx=19.9
2026-05-05 07:48:50 INFO mt5_bot - Execution status=skipped reason=no_closed_bar_crossover
2026-05-05 07:49:05 INFO mt5_bot - Balance=102029.96 Equity=102029.96 Spread=0.60 pips
2026-05-05 07:49:05 INFO mt5_bot - Signal=NONE reason=no_closed_bar_crossover price=None trend=bearish rsi=50.9 atr_pips=8.7 adx=19.9
2026-05-05 07:49:05 INFO mt5_bot - Execution status=skipped reason=no_closed_bar_crossover
2026-05-05 07:49:20 INFO mt5_bot - Balance=102029.96 Equity=102029.96 Spread=0.60 pips
2026-05-05 07:49:20 INFO mt5_bot - Signal=NONE reason=no_closed_bar_crossover price=None trend=bearish rsi=50.9 atr_pips=8.7 adx=19.9
2026-05-05 07:49:20 INFO mt5_bot - Execution status=skipped reason=no_closed_bar_crossover
2026-05-05 07:49:35 INFO mt5_bot - Balance=102029.96 Equity=102029.96 Spread=0.60 pips
2026-05-05 07:49:35 INFO mt5_bot - Signal=NONE reason=no_closed_bar_crossover price=None trend=bearish rsi=50.9 atr_pips=8.7 adx=19.9
2026-05-05 07:49:35 INFO mt5_bot - Execution status=skipped reason=no_closed_bar_crossover
2026-05-05 07:49:50 INFO mt5_bot - Balance=102029.96 Equity=102029.96 Spread=0.60 pips
2026-05-05 07:49:50 INFO mt5_bot - Signal=NONE reason=no_closed_bar_crossover price=None trend=bearish rsi=50.9 atr_pips=8.7 adx=19.9
2026-05-05 07:49:50 INFO mt5_bot - Execution status=skipped reason=no_closed_bar_crossover
2026-05-05 07:50:05 INFO mt5_bot - Balance=102029.96 Equity=102029.96 Spread=0.60 pips
2026-05-05 07:50:05 INFO mt5_bot - Signal=NONE reason=no_closed_bar_crossover price=None trend=bearish rsi=50.9 atr_pips=8.7 adx=19.9
2026-05-05 07:50:05 INFO mt5_bot - Execution status=skipped reason=no_closed_bar_crossover
2026-05-05 07:50:20 INFO mt5_bot - Balance=102029.96 Equity=102029.96 Spread=0.60 pips
2026-05-05 07:50:20 INFO mt5_bot - Signal=NONE reason=no_closed_bar_crossover price=None trend=bearish rsi=50.9 atr_pips=8.7 adx=19.9
2026-05-05 07:50:20 INFO mt5_bot - Execution status=skipped reason=no_closed_bar_crossover
2026-05-05 07:50:35 INFO mt5_bot - Balance=102029.96 Equity=102029.96 Spread=0.60 pips
2026-05-05 07:50:35 INFO mt5_bot - Signal=NONE reason=no_closed_bar_crossover price=None trend=bearish rsi=50.9 atr_pips=8.7 adx=19.9
2026-05-05 07:50:35 INFO mt5_bot - Execution status=skipped reason=no_closed_bar_crossover
2026-05-05 07:50:50 INFO mt5_bot - Balance=102029.96 Equity=102029.96 Spread=0.60 pips
2026-05-05 07:50:50 INFO mt5_bot - Signal=NONE reason=no_closed_bar_crossover price=None trend=bearish rsi=50.9 atr_pips=8.7 adx=19.9
2026-05-05 07:50:50 INFO mt5_bot - Execution status=skipped reason=no_closed_bar_crossover
2026-05-05 07:51:05 INFO mt5_bot - Balance=102029.96 Equity=102029.96 Spread=0.60 pips
2026-05-05 07:51:05 INFO mt5_bot - Signal=NONE reason=no_closed_bar_crossover price=None trend=bearish rsi=50.9 atr_pips=8.7 adx=19.9
2026-05-05 07:51:05 INFO mt5_bot - Execution status=skipped reason=no_closed_bar_crossover
2026-05-05 07:51:20 INFO mt5_bot - Balance=102029.96 Equity=102029.96 Spread=0.60 pips
2026-05-05 07:51:20 INFO mt5_bot - Signal=NONE reason=no_closed_bar_crossover price=None trend=bearish rsi=50.9 atr_pips=8.7 adx=19.9
2026-05-05 07:51:20 INFO mt5_bot - Execution status=skipped reason=no_closed_bar_crossover
2026-05-05 07:51:35 INFO mt5_bot - Balance=102029.96 Equity=102029.96 Spread=0.60 pips
2026-05-05 07:51:35 INFO mt5_bot - Signal=NONE reason=no_closed_bar_crossover price=None trend=bearish rsi=50.9 atr_pips=8.7 adx=19.9
2026-05-05 07:51:35 INFO mt5_bot - Execution status=skipped reason=no_closed_bar_crossover
2026-05-05 07:51:50 INFO mt5_bot - Balance=102029.96 Equity=102029.96 Spread=0.60 pips
2026-05-05 07:51:50 INFO mt5_bot - Signal=NONE reason=no_closed_bar_crossover price=None trend=bearish rsi=50.9 atr_pips=8.7 adx=19.9
2026-05-05 07:51:50 INFO mt5_bot - Execution status=skipped reason=no_closed_bar_crossover
2026-05-05 07:52:05 INFO mt5_bot - Balance=102029.96 Equity=102029.96 Spread=0.60 pips
2026-05-05 07:52:05 INFO mt5_bot - Signal=NONE reason=no_closed_bar_crossover price=None trend=bearish rsi=50.9 atr_pips=8.7 adx=19.9
2026-05-05 07:52:05 INFO mt5_bot - Execution status=skipped reason=no_closed_bar_crossover
2026-05-05 07:52:20 INFO mt5_bot - Balance=102029.96 Equity=102029.96 Spread=0.60 pips
2026-05-05 07:52:20 INFO mt5_bot - Signal=NONE reason=no_closed_bar_crossover price=None trend=bearish rsi=50.9 atr_pips=8.7 adx=19.9
2026-05-05 07:52:20 INFO mt5_bot - Execution status=skipped reason=no_closed_bar_crossover
2026-05-05 07:52:35 INFO mt5_bot - Balance=102029.96 Equity=102029.96 Spread=0.60 pips
2026-05-05 07:52:35 INFO mt5_bot - Signal=NONE reason=no_closed_bar_crossover price=None trend=bearish rsi=50.9 atr_pips=8.7 adx=19.9
2026-05-05 07:52:35 INFO mt5_bot - Execution status=skipped reason=no_closed_bar_crossover
2026-05-05 07:52:50 INFO mt5_bot - Balance=102029.96 Equity=102029.96 Spread=0.60 pips
2026-05-05 07:52:50 INFO mt5_bot - Signal=NONE reason=no_closed_bar_crossover price=None trend=bearish rsi=50.9 atr_pips=8.7 adx=19.9
2026-05-05 07:52:50 INFO mt5_bot - Execution status=skipped reason=no_closed_bar_crossover
2026-05-05 07:53:05 INFO mt5_bot - Balance=102029.96 Equity=102029.96 Spread=0.60 pips
2026-05-05 07:53:05 INFO mt5_bot - Signal=NONE reason=no_closed_bar_crossover price=None trend=bearish rsi=50.9 atr_pips=8.7 adx=19.9
2026-05-05 07:53:05 INFO mt5_bot - Execution status=skipped reason=no_closed_bar_crossover
2026-05-05 07:53:20 INFO mt5_bot - Balance=102029.96 Equity=102029.96 Spread=0.60 pips
2026-05-05 07:53:20 INFO mt5_bot - Signal=NONE reason=no_closed_bar_crossover price=None trend=bearish rsi=50.9 atr_pips=8.7 adx=19.9
2026-05-05 07:53:20 INFO mt5_bot - Execution status=skipped reason=no_closed_bar_crossover
2026-05-05 07:53:35 INFO mt5_bot - Balance=102029.96 Equity=102029.96 Spread=0.60 pips
2026-05-05 07:53:35 INFO mt5_bot - Signal=NONE reason=no_closed_bar_crossover price=None trend=bearish rsi=50.9 atr_pips=8.7 adx=19.9
2026-05-05 07:53:35 INFO mt5_bot - Execution status=skipped reason=no_closed_bar_crossover
2026-05-05 07:53:50 INFO mt5_bot - Balance=102029.96 Equity=102029.96 Spread=0.60 pips
2026-05-05 07:53:50 INFO mt5_bot - Signal=NONE reason=no_closed_bar_crossover price=None trend=bearish rsi=50.9 atr_pips=8.7 adx=19.9
2026-05-05 07:53:50 INFO mt5_bot - Execution status=skipped reason=no_closed_bar_crossover
2026-05-05 07:54:05 INFO mt5_bot - Balance=102029.96 Equity=102029.96 Spread=0.60 pips
2026-05-05 07:54:05 INFO mt5_bot - Signal=NONE reason=no_closed_bar_crossover price=None trend=bearish rsi=50.9 atr_pips=8.7 adx=19.9
2026-05-05 07:54:05 INFO mt5_bot - Execution status=skipped reason=no_closed_bar_crossover
2026-05-05 07:54:20 INFO mt5_bot - Balance=102029.96 Equity=102029.96 Spread=0.60 pips
2026-05-05 07:54:20 INFO mt5_bot - Signal=NONE reason=no_closed_bar_crossover price=None trend=bearish rsi=50.9 atr_pips=8.7 adx=19.9
2026-05-05 07:54:20 INFO mt5_bot - Execution status=skipped reason=no_closed_bar_crossover
2026-05-05 07:54:35 INFO mt5_bot - Balance=102029.96 Equity=102029.96 Spread=0.60 pips
2026-05-05 07:54:35 INFO mt5_bot - Signal=NONE reason=no_closed_bar_crossover price=None trend=bearish rsi=50.9 atr_pips=8.7 adx=19.9
2026-05-05 07:54:35 INFO mt5_bot - Execution status=skipped reason=no_closed_bar_crossover
2026-05-05 07:54:50 INFO mt5_bot - Balance=102029.96 Equity=102029.96 Spread=0.60 pips
2026-05-05 07:54:50 INFO mt5_bot - Signal=NONE reason=no_closed_bar_crossover price=None trend=bearish rsi=50.9 atr_pips=8.7 adx=19.9
2026-05-05 07:54:50 INFO mt5_bot - Execution status=skipped reason=no_closed_bar_crossover
2026-05-05 07:55:05 INFO mt5_bot - Balance=102029.96 Equity=102029.96 Spread=0.60 pips
2026-05-05 07:55:05 INFO mt5_bot - Signal=NONE reason=no_closed_bar_crossover price=None trend=bearish rsi=50.9 atr_pips=8.7 adx=19.9
2026-05-05 07:55:05 INFO mt5_bot - Execution status=skipped reason=no_closed_bar_crossover
2026-05-05 07:55:20 INFO mt5_bot - Balance=102029.96 Equity=102029.96 Spread=0.60 pips
2026-05-05 07:55:20 INFO mt5_bot - Signal=NONE reason=no_closed_bar_crossover price=None trend=bearish rsi=50.9 atr_pips=8.7 adx=19.9
2026-05-05 07:55:20 INFO mt5_bot - Execution status=skipped reason=no_closed_bar_crossover
2026-05-05 07:55:35 INFO mt5_bot - Balance=102029.96 Equity=102029.96 Spread=0.60 pips
2026-05-05 07:55:35 INFO mt5_bot - Signal=NONE reason=no_closed_bar_crossover price=None trend=bearish rsi=50.9 atr_pips=8.7 adx=19.9
2026-05-05 07:55:35 INFO mt5_bot - Execution status=skipped reason=no_closed_bar_crossover
2026-05-05 07:55:50 INFO mt5_bot - Balance=102029.96 Equity=102029.96 Spread=0.60 pips
2026-05-05 07:55:50 INFO mt5_bot - Signal=NONE reason=no_closed_bar_crossover price=None trend=bearish rsi=50.9 atr_pips=8.7 adx=19.9
2026-05-05 07:55:50 INFO mt5_bot - Execution status=skipped reason=no_closed_bar_crossover
2026-05-05 07:56:06 INFO mt5_bot - Balance=102029.96 Equity=102029.96 Spread=0.60 pips
2026-05-05 07:56:06 INFO mt5_bot - Signal=NONE reason=no_closed_bar_crossover price=None trend=bearish rsi=50.9 atr_pips=8.7 adx=19.9
2026-05-05 07:56:06 INFO mt5_bot - Execution status=skipped reason=no_closed_bar_crossover
2026-05-05 07:56:21 INFO mt5_bot - Balance=102029.96 Equity=102029.96 Spread=0.60 pips
2026-05-05 07:56:21 INFO mt5_bot - Signal=NONE reason=no_closed_bar_crossover price=None trend=bearish rsi=50.9 atr_pips=8.7 adx=19.9
2026-05-05 07:56:21 INFO mt5_bot - Execution status=skipped reason=no_closed_bar_crossover
2026-05-05 07:56:36 INFO mt5_bot - Balance=102029.96 Equity=102029.96 Spread=0.60 pips
2026-05-05 07:56:36 INFO mt5_bot - Signal=NONE reason=no_closed_bar_crossover price=None trend=bearish rsi=50.9 atr_pips=8.7 adx=19.9
2026-05-05 07:56:36 INFO mt5_bot - Execution status=skipped reason=no_closed_bar_crossover
2026-05-05 07:56:51 INFO mt5_bot - Balance=102029.96 Equity=102029.96 Spread=0.60 pips
2026-05-05 07:56:51 INFO mt5_bot - Signal=NONE reason=no_closed_bar_crossover price=None trend=bearish rsi=50.9 atr_pips=8.7 adx=19.9
2026-05-05 07:56:51 INFO mt5_bot - Execution status=skipped reason=no_closed_bar_crossover
2026-05-05 07:57:06 INFO mt5_bot - Balance=102029.96 Equity=102029.96 Spread=0.60 pips
2026-05-05 07:57:06 INFO mt5_bot - Signal=NONE reason=no_closed_bar_crossover price=None trend=bearish rsi=50.9 atr_pips=8.7 adx=19.9
2026-05-05 07:57:06 INFO mt5_bot - Execution status=skipped reason=no_closed_bar_crossover
2026-05-05 07:57:21 INFO mt5_bot - Balance=102029.96 Equity=102029.96 Spread=0.60 pips
2026-05-05 07:57:21 INFO mt5_bot - Signal=NONE reason=no_closed_bar_crossover price=None trend=bearish rsi=50.9 atr_pips=8.7 adx=19.9
2026-05-05 07:57:21 INFO mt5_bot - Execution status=skipped reason=no_closed_bar_crossover
2026-05-05 07:57:36 INFO mt5_bot - Balance=102029.96 Equity=102029.96 Spread=0.60 pips
2026-05-05 07:57:36 INFO mt5_bot - Signal=NONE reason=no_closed_bar_crossover price=None trend=bearish rsi=50.9 atr_pips=8.7 adx=19.9
2026-05-05 07:57:36 INFO mt5_bot - Execution status=skipped reason=no_closed_bar_crossover
2026-05-05 07:57:51 INFO mt5_bot - Balance=102029.96 Equity=102029.96 Spread=0.60 pips
2026-05-05 07:57:51 INFO mt5_bot - Signal=NONE reason=no_closed_bar_crossover price=None trend=bearish rsi=50.9 atr_pips=8.7 adx=19.9
2026-05-05 07:57:51 INFO mt5_bot - Execution status=skipped reason=no_closed_bar_crossover
2026-05-05 07:58:06 INFO mt5_bot - Balance=102029.96 Equity=102029.96 Spread=0.60 pips
2026-05-05 07:58:06 INFO mt5_bot - Signal=NONE reason=no_closed_bar_crossover price=None trend=bearish rsi=50.9 atr_pips=8.7 adx=19.9
2026-05-05 07:58:06 INFO mt5_bot - Execution status=skipped reason=no_closed_bar_crossover
2026-05-05 07:58:21 INFO mt5_bot - Balance=102029.96 Equity=102029.96 Spread=0.60 pips
2026-05-05 07:58:21 INFO mt5_bot - Signal=NONE reason=no_closed_bar_crossover price=None trend=bearish rsi=50.9 atr_pips=8.7 adx=19.9
2026-05-05 07:58:21 INFO mt5_bot - Execution status=skipped reason=no_closed_bar_crossover
2026-05-05 07:58:36 INFO mt5_bot - Balance=102029.96 Equity=102029.96 Spread=0.60 pips
2026-05-05 07:58:36 INFO mt5_bot - Signal=NONE reason=no_closed_bar_crossover price=None trend=bearish rsi=50.9 atr_pips=8.7 adx=19.9
2026-05-05 07:58:36 INFO mt5_bot - Execution status=skipped reason=no_closed_bar_crossover
2026-05-05 07:58:51 INFO mt5_bot - Balance=102029.96 Equity=102029.96 Spread=0.60 pips
2026-05-05 07:58:51 INFO mt5_bot - Signal=NONE reason=no_closed_bar_crossover price=None trend=bearish rsi=50.9 atr_pips=8.7 adx=19.9
2026-05-05 07:58:51 INFO mt5_bot - Execution status=skipped reason=no_closed_bar_crossover
2026-05-05 07:59:06 INFO mt5_bot - Balance=102029.96 Equity=102029.96 Spread=0.60 pips
2026-05-05 07:59:06 INFO mt5_bot - Signal=NONE reason=no_closed_bar_crossover price=None trend=bearish rsi=50.9 atr_pips=8.7 adx=19.9
2026-05-05 07:59:06 INFO mt5_bot - Execution status=skipped reason=no_closed_bar_crossover
2026-05-05 07:59:21 INFO mt5_bot - Balance=102029.96 Equity=102029.96 Spread=0.60 pips
2026-05-05 07:59:21 INFO mt5_bot - Signal=NONE reason=no_closed_bar_crossover price=None trend=bearish rsi=50.9 atr_pips=8.7 adx=19.9
2026-05-05 07:59:21 INFO mt5_bot - Execution status=skipped reason=no_closed_bar_crossover
2026-05-05 07:59:36 INFO mt5_bot - Balance=102029.96 Equity=102029.96 Spread=0.60 pips
2026-05-05 07:59:36 INFO mt5_bot - Signal=NONE reason=no_closed_bar_crossover price=None trend=bearish rsi=50.9 atr_pips=8.7 adx=19.9
2026-05-05 07:59:36 INFO mt5_bot - Execution status=skipped reason=no_closed_bar_crossover
2026-05-05 07:59:51 INFO mt5_bot - Balance=102029.96 Equity=102029.96 Spread=0.60 pips
2026-05-05 07:59:51 INFO mt5_bot - Signal=NONE reason=no_closed_bar_crossover price=None trend=bearish rsi=50.9 atr_pips=8.7 adx=19.9
2026-05-05 07:59:51 INFO mt5_bot - Execution status=skipped reason=no_closed_bar_crossover
2026-05-05 08:00:06 INFO mt5_bot - Balance=102029.96 Equity=102029.96 Spread=0.60 pips
2026-05-05 08:00:06 INFO mt5_bot - Signal=NONE reason=no_closed_bar_crossover price=None trend=bearish rsi=53.8 atr_pips=8.3 adx=19.4
2026-05-05 08:00:06 INFO mt5_bot - Execution status=skipped reason=no_closed_bar_crossover
2026-05-05 08:00:21 INFO mt5_bot - Balance=102029.96 Equity=102029.96 Spread=0.60 pips
2026-05-05 08:00:21 INFO mt5_bot - Signal=NONE reason=no_closed_bar_crossover price=None trend=bearish rsi=53.8 atr_pips=8.3 adx=19.4
2026-05-05 08:00:21 INFO mt5_bot - Execution status=skipped reason=no_closed_bar_crossover
2026-05-05 08:00:36 INFO mt5_bot - Balance=102029.96 Equity=102029.96 Spread=0.60 pips
2026-05-05 08:00:36 INFO mt5_bot - Signal=NONE reason=no_closed_bar_crossover price=None trend=bearish rsi=53.8 atr_pips=8.3 adx=19.4
2026-05-05 08:00:36 INFO mt5_bot - Execution status=skipped reason=no_closed_bar_crossover
2026-05-05 08:00:51 INFO mt5_bot - Balance=102029.96 Equity=102029.96 Spread=0.60 pips
2026-05-05 08:00:51 INFO mt5_bot - Signal=NONE reason=no_closed_bar_crossover price=None trend=bearish rsi=53.8 atr_pips=8.3 adx=19.4
2026-05-05 08:00:51 INFO mt5_bot - Execution status=skipped reason=no_closed_bar_crossover
2026-05-05 08:01:06 INFO mt5_bot - Balance=102029.96 Equity=102029.96 Spread=0.60 pips
2026-05-05 08:01:06 INFO mt5_bot - Signal=NONE reason=no_closed_bar_crossover price=None trend=bearish rsi=53.8 atr_pips=8.3 adx=19.4
2026-05-05 08:01:06 INFO mt5_bot - Execution status=skipped reason=no_closed_bar_crossover
2026-05-05 08:01:21 INFO mt5_bot - Balance=102029.96 Equity=102029.96 Spread=0.60 pips
2026-05-05 08:01:21 INFO mt5_bot - Signal=NONE reason=no_closed_bar_crossover price=None trend=bearish rsi=53.8 atr_pips=8.3 adx=19.4
2026-05-05 08:01:21 INFO mt5_bot - Execution status=skipped reason=no_closed_bar_crossover
2026-05-05 08:01:36 INFO mt5_bot - Balance=102029.96 Equity=102029.96 Spread=0.60 pips
2026-05-05 08:01:36 INFO mt5_bot - Signal=NONE reason=no_closed_bar_crossover price=None trend=bearish rsi=53.8 atr_pips=8.3 adx=19.4
2026-05-05 08:01:36 INFO mt5_bot - Execution status=skipped reason=no_closed_bar_crossover
2026-05-05 08:01:51 INFO mt5_bot - Balance=102029.96 Equity=102029.96 Spread=0.60 pips
2026-05-05 08:01:51 INFO mt5_bot - Signal=NONE reason=no_closed_bar_crossover price=None trend=bearish rsi=53.8 atr_pips=8.3 adx=19.4
2026-05-05 08:01:51 INFO mt5_bot - Execution status=skipped reason=no_closed_bar_crossover
2026-05-05 08:02:06 INFO mt5_bot - Balance=102029.96 Equity=102029.96 Spread=0.60 pips
2026-05-05 08:02:06 INFO mt5_bot - Signal=NONE reason=no_closed_bar_crossover price=None trend=bearish rsi=53.8 atr_pips=8.3 adx=19.4
2026-05-05 08:02:06 INFO mt5_bot - Execution status=skipped reason=no_closed_bar_crossover
2026-05-05 08:02:21 INFO mt5_bot - Balance=102029.96 Equity=102029.96 Spread=0.60 pips
2026-05-05 08:02:21 INFO mt5_bot - Signal=NONE reason=no_closed_bar_crossover price=None trend=bearish rsi=53.8 atr_pips=8.3 adx=19.4
2026-05-05 08:02:21 INFO mt5_bot - Execution status=skipped reason=no_closed_bar_crossover
2026-05-05 08:02:36 INFO mt5_bot - Balance=102029.96 Equity=102029.96 Spread=0.60 pips
2026-05-05 08:02:36 INFO mt5_bot - Signal=NONE reason=no_closed_bar_crossover price=None trend=bearish rsi=53.8 atr_pips=8.3 adx=19.4
2026-05-05 08:02:36 INFO mt5_bot - Execution status=skipped reason=no_closed_bar_crossover
2026-05-05 08:02:51 INFO mt5_bot - Balance=102029.96 Equity=102029.96 Spread=0.60 pips
2026-05-05 08:02:51 INFO mt5_bot - Signal=NONE reason=no_closed_bar_crossover price=None trend=bearish rsi=53.8 atr_pips=8.3 adx=19.4
2026-05-05 08:02:51 INFO mt5_bot - Execution status=skipped reason=no_closed_bar_crossover
2026-05-05 08:03:06 INFO mt5_bot - Balance=102029.96 Equity=102029.96 Spread=0.60 pips
2026-05-05 08:03:06 INFO mt5_bot - Signal=NONE reason=no_closed_bar_crossover price=None trend=bearish rsi=53.8 atr_pips=8.3 adx=19.4
2026-05-05 08:03:06 INFO mt5_bot - Execution status=skipped reason=no_closed_bar_crossover
2026-05-05 08:03:21 INFO mt5_bot - Balance=102029.96 Equity=102029.96 Spread=0.60 pips
2026-05-05 08:03:21 INFO mt5_bot - Signal=NONE reason=no_closed_bar_crossover price=None trend=bearish rsi=53.8 atr_pips=8.3 adx=19.4
2026-05-05 08:03:21 INFO mt5_bot - Execution status=skipped reason=no_closed_bar_crossover
2026-05-05 08:03:36 INFO mt5_bot - Balance=102029.96 Equity=102029.96 Spread=0.60 pips
2026-05-05 08:03:36 INFO mt5_bot - Signal=NONE reason=no_closed_bar_crossover price=None trend=bearish rsi=53.8 atr_pips=8.3 adx=19.4
2026-05-05 08:03:36 INFO mt5_bot - Execution status=skipped reason=no_closed_bar_crossover
2026-05-05 08:03:51 INFO mt5_bot - Balance=102029.96 Equity=102029.96 Spread=0.60 pips
2026-05-05 08:03:51 INFO mt5_bot - Signal=NONE reason=no_closed_bar_crossover price=None trend=bearish rsi=53.8 atr_pips=8.3 adx=19.4
2026-05-05 08:03:51 INFO mt5_bot - Execution status=skipped reason=no_closed_bar_crossover
2026-05-05 08:04:06 INFO mt5_bot - Balance=102029.96 Equity=102029.96 Spread=0.60 pips
2026-05-05 08:04:06 INFO mt5_bot - Signal=NONE reason=no_closed_bar_crossover price=None trend=bearish rsi=53.8 atr_pips=8.3 adx=19.4
2026-05-05 08:04:06 INFO mt5_bot - Execution status=skipped reason=no_closed_bar_crossover
2026-05-05 08:04:21 INFO mt5_bot - Balance=102029.96 Equity=102029.96 Spread=0.60 pips
2026-05-05 08:04:21 INFO mt5_bot - Signal=NONE reason=no_closed_bar_crossover price=None trend=bearish rsi=53.8 atr_pips=8.3 adx=19.4
2026-05-05 08:04:21 INFO mt5_bot - Execution status=skipped reason=no_closed_bar_crossover
2026-05-05 08:04:36 INFO mt5_bot - Balance=102029.96 Equity=102029.96 Spread=0.60 pips
2026-05-05 08:04:36 INFO mt5_bot - Signal=NONE reason=no_closed_bar_crossover price=None trend=bearish rsi=53.8 atr_pips=8.3 adx=19.4
2026-05-05 08:04:36 INFO mt5_bot - Execution status=skipped reason=no_closed_bar_crossover
2026-05-05 08:04:51 INFO mt5_bot - Balance=102029.96 Equity=102029.96 Spread=0.60 pips
2026-05-05 08:04:51 INFO mt5_bot - Signal=NONE reason=no_closed_bar_crossover price=None trend=bearish rsi=53.8 atr_pips=8.3 adx=19.4
2026-05-05 08:04:51 INFO mt5_bot - Execution status=skipped reason=no_closed_bar_crossover
2026-05-05 08:05:06 INFO mt5_bot - Balance=102029.96 Equity=102029.96 Spread=0.60 pips
2026-05-05 08:05:06 INFO mt5_bot - Signal=NONE reason=no_closed_bar_crossover price=None trend=bearish rsi=53.8 atr_pips=8.3 adx=19.4
2026-05-05 08:05:06 INFO mt5_bot - Execution status=skipped reason=no_closed_bar_crossover
2026-05-05 08:05:21 INFO mt5_bot - Balance=102029.96 Equity=102029.96 Spread=0.60 pips
2026-05-05 08:05:21 INFO mt5_bot - Signal=NONE reason=no_closed_bar_crossover price=None trend=bearish rsi=53.8 atr_pips=8.3 adx=19.4
2026-05-05 08:05:21 INFO mt5_bot - Execution status=skipped reason=no_closed_bar_crossover
2026-05-05 08:05:36 INFO mt5_bot - Balance=102029.96 Equity=102029.96 Spread=0.60 pips
2026-05-05 08:05:36 INFO mt5_bot - Signal=NONE reason=no_closed_bar_crossover price=None trend=bearish rsi=53.8 atr_pips=8.3 adx=19.4
2026-05-05 08:05:36 INFO mt5_bot - Execution status=skipped reason=no_closed_bar_crossover
2026-05-05 08:05:51 INFO mt5_bot - Balance=102029.96 Equity=102029.96 Spread=0.60 pips
2026-05-05 08:05:51 INFO mt5_bot - Signal=NONE reason=no_closed_bar_crossover price=None trend=bearish rsi=53.8 atr_pips=8.3 adx=19.4
2026-05-05 08:05:51 INFO mt5_bot - Execution status=skipped reason=no_closed_bar_crossover
2026-05-05 08:06:06 INFO mt5_bot - Balance=102029.96 Equity=102029.96 Spread=0.60 pips
2026-05-05 08:06:06 INFO mt5_bot - Signal=NONE reason=no_closed_bar_crossover price=None trend=bearish rsi=53.8 atr_pips=8.3 adx=19.4
2026-05-05 08:06:06 INFO mt5_bot - Execution status=skipped reason=no_closed_bar_crossover
^C2026-05-05 16:37:33 INFO mt5_bot - MT5 permissions: account_server=MetaQuotes-Demo account_trade_allowed=True account_trade_expert=True terminal_trade_allowed=True terminal_build=5836
2026-05-05 16:37:33 INFO mt5_bot - Starting PRO loop: symbol=GBPUSD tf=M15 trend_tf=H1 trade_enabled=True trend_filter=True adx_filter=True rsi_momentum=False partial_close=True trailing_stop=True atr_sl_tp=True news_filter=True retest=False equity_curve=True
2026-05-05 16:37:33 INFO mt5_bot - Balance=102029.96 Equity=102029.96 Spread=3.70 pips
2026-05-05 16:37:33 INFO mt5_bot - Spread filter: 3.70 > 1.80
2026-05-05 16:37:48 INFO mt5_bot - Balance=102029.96 Equity=102029.96 Spread=4.40 pips
2026-05-05 16:37:48 INFO mt5_bot - Spread filter: 4.40 > 1.80
2026-05-05 16:38:03 INFO mt5_bot - Balance=102029.96 Equity=102029.96 Spread=4.80 pips
2026-05-05 16:38:03 INFO mt5_bot - Spread filter: 4.80 > 1.80
2026-05-05 16:38:18 INFO mt5_bot - Balance=102029.96 Equity=102029.96 Spread=5.70 pips
2026-05-05 16:38:18 INFO mt5_bot - Spread filter: 5.70 > 1.80
2026-05-05 16:38:33 INFO mt5_bot - Balance=102029.96 Equity=102029.96 Spread=2.90 pips
2026-05-05 16:38:33 INFO mt5_bot - Spread filter: 2.90 > 1.80
2026-05-05 16:38:48 INFO mt5_bot - Balance=102029.96 Equity=102029.96 Spread=5.20 pips
2026-05-05 16:38:48 INFO mt5_bot - Spread filter: 5.20 > 1.80
2026-05-05 16:39:03 INFO mt5_bot - Balance=102029.96 Equity=102029.96 Spread=3.80 pips
2026-05-05 16:39:03 INFO mt5_bot - Spread filter: 3.80 > 1.80
2026-05-05 16:39:18 INFO mt5_bot - Balance=102029.96 Equity=102029.96 Spread=4.60 pips
2026-05-05 16:39:18 INFO mt5_bot - Spread filter: 4.60 > 1.80
2026-05-05 16:39:33 INFO mt5_bot - Balance=102029.96 Equity=102029.96 Spread=4.80 pips
2026-05-05 16:39:33 INFO mt5_bot - Spread filter: 4.80 > 1.80
2026-05-05 16:39:48 INFO mt5_bot - Balance=102029.96 Equity=102029.96 Spread=4.30 pips
2026-05-05 16:39:48 INFO mt5_bot - Spread filter: 4.30 > 1.80
2026-05-05 16:40:03 INFO mt5_bot - Balance=102029.96 Equity=102029.96 Spread=4.40 pips
2026-05-05 16:40:03 INFO mt5_bot - Spread filter: 4.40 > 1.80
2026-05-05 16:40:18 INFO mt5_bot - Balance=102029.96 Equity=102029.96 Spread=4.60 pips
2026-05-05 16:40:18 INFO mt5_bot - Spread filter: 4.60 > 1.80
2026-05-05 16:40:33 INFO mt5_bot - Balance=102029.96 Equity=102029.96 Spread=4.10 pips
2026-05-05 16:40:33 INFO mt5_bot - Spread filter: 4.10 > 1.80
2026-05-05 16:40:48 INFO mt5_bot - Balance=102029.96 Equity=102029.96 Spread=2.60 pips
2026-05-05 16:40:48 INFO mt5_bot - Spread filter: 2.60 > 1.80
2026-05-05 16:41:03 INFO mt5_bot - Balance=102029.96 Equity=102029.96 Spread=6.20 pips
2026-05-05 16:41:03 INFO mt5_bot - Spread filter: 6.20 > 1.80
2026-05-05 16:41:18 INFO mt5_bot - Balance=102029.96 Equity=102029.96 Spread=5.30 pips
2026-05-05 16:41:18 INFO mt5_bot - Spread filter: 5.30 > 1.80
2026-05-05 16:41:33 INFO mt5_bot - Balance=102029.96 Equity=102029.96 Spread=4.10 pips
2026-05-05 16:41:33 INFO mt5_bot - Spread filter: 4.10 > 1.80
2026-05-05 16:41:48 INFO mt5_bot - Balance=102029.96 Equity=102029.96 Spread=3.70 pips
2026-05-05 16:41:48 INFO mt5_bot - Spread filter: 3.70 > 1.80
2026-05-05 16:42:03 INFO mt5_bot - Balance=102029.96 Equity=102029.96 Spread=4.30 pips
2026-05-05 16:42:03 INFO mt5_bot - Spread filter: 4.30 > 1.80
2026-05-05 16:42:18 INFO mt5_bot - Balance=102029.96 Equity=102029.96 Spread=3.70 pips
2026-05-05 16:42:18 INFO mt5_bot - Spread filter: 3.70 > 1.80
2026-05-05 16:42:33 INFO mt5_bot - Balance=102029.96 Equity=102029.96 Spread=3.00 pips
2026-05-05 16:42:33 INFO mt5_bot - Spread filter: 3.00 > 1.80
2026-05-05 16:42:48 INFO mt5_bot - Balance=102029.96 Equity=102029.96 Spread=2.00 pips
2026-05-05 16:42:48 INFO mt5_bot - Spread filter: 2.00 > 1.80
2026-05-05 16:43:03 INFO mt5_bot - Balance=102029.96 Equity=102029.96 Spread=2.60 pips
2026-05-05 16:43:03 INFO mt5_bot - Spread filter: 2.60 > 1.80
2026-05-05 16:43:18 INFO mt5_bot - Balance=102029.96 Equity=102029.96 Spread=4.70 pips
2026-05-05 16:43:18 INFO mt5_bot - Spread filter: 4.70 > 1.80
2026-05-05 16:43:33 INFO mt5_bot - Balance=102029.96 Equity=102029.96 Spread=7.30 pips
2026-05-05 16:43:33 INFO mt5_bot - Spread filter: 7.30 > 1.80
2026-05-05 16:43:48 INFO mt5_bot - Balance=102029.96 Equity=102029.96 Spread=6.70 pips
2026-05-05 16:43:48 INFO mt5_bot - Spread filter: 6.70 > 1.80
2026-05-05 16:44:03 INFO mt5_bot - Balance=102029.96 Equity=102029.96 Spread=7.50 pips
2026-05-05 16:44:03 INFO mt5_bot - Spread filter: 7.50 > 1.80
2026-05-05 16:44:18 INFO mt5_bot - Balance=102029.96 Equity=102029.96 Spread=7.80 pips
2026-05-05 16:44:18 INFO mt5_bot - Spread filter: 7.80 > 1.80
2026-05-05 16:44:33 INFO mt5_bot - Balance=102029.96 Equity=102029.96 Spread=7.40 pips
2026-05-05 16:44:33 INFO mt5_bot - Spread filter: 7.40 > 1.80
2026-05-05 16:44:48 INFO mt5_bot - Balance=102029.96 Equity=102029.96 Spread=6.90 pips
2026-05-05 16:44:48 INFO mt5_bot - Spread filter: 6.90 > 1.80
2026-05-05 16:45:03 INFO mt5_bot - Balance=102029.96 Equity=102029.96 Spread=10.40 pips
2026-05-05 16:45:03 INFO mt5_bot - Spread filter: 10.40 > 1.80
2026-05-05 16:45:18 INFO mt5_bot - Balance=102029.96 Equity=102029.96 Spread=7.30 pips
2026-05-05 16:45:18 INFO mt5_bot - Spread filter: 7.30 > 1.80
2026-05-05 16:45:33 INFO mt5_bot - Balance=102029.96 Equity=102029.96 Spread=6.50 pips
2026-05-05 16:45:33 INFO mt5_bot - Spread filter: 6.50 > 1.80
2026-05-05 16:45:48 INFO mt5_bot - Balance=102029.96 Equity=102029.96 Spread=6.20 pips
2026-05-05 16:45:48 INFO mt5_bot - Spread filter: 6.20 > 1.80
2026-05-05 16:46:03 INFO mt5_bot - Balance=102029.96 Equity=102029.96 Spread=6.70 pips
2026-05-05 16:46:03 INFO mt5_bot - Spread filter: 6.70 > 1.80
2026-05-05 16:46:18 INFO mt5_bot - Balance=102029.96 Equity=102029.96 Spread=7.40 pips
2026-05-05 16:46:18 INFO mt5_bot - Spread filter: 7.40 > 1.80
2026-05-05 16:46:33 INFO mt5_bot - Balance=102029.96 Equity=102029.96 Spread=7.70 pips
2026-05-05 16:46:33 INFO mt5_bot - Spread filter: 7.70 > 1.80
2026-05-05 16:46:48 INFO mt5_bot - Balance=102029.96 Equity=102029.96 Spread=6.90 pips
2026-05-05 16:46:48 INFO mt5_bot - Spread filter: 6.90 > 1.80
2026-05-05 16:47:03 INFO mt5_bot - Balance=102029.96 Equity=102029.96 Spread=7.00 pips
2026-05-05 16:47:03 INFO mt5_bot - Spread filter: 7.00 > 1.80
2026-05-05 16:47:18 INFO mt5_bot - Balance=102029.96 Equity=102029.96 Spread=5.10 pips
2026-05-05 16:47:18 INFO mt5_bot - Spread filter: 5.10 > 1.80
2026-05-05 16:47:33 INFO mt5_bot - Balance=102029.96 Equity=102029.96 Spread=6.70 pips
2026-05-05 16:47:33 INFO mt5_bot - Spread filter: 6.70 > 1.80
2026-05-05 16:47:48 INFO mt5_bot - Balance=102029.96 Equity=102029.96 Spread=6.40 pips
2026-05-05 16:47:48 INFO mt5_bot - Spread filter: 6.40 > 1.80
2026-05-05 16:48:03 INFO mt5_bot - Balance=102029.96 Equity=102029.96 Spread=4.80 pips
2026-05-05 16:48:03 INFO mt5_bot - Spread filter: 4.80 > 1.80
2026-05-05 16:48:18 INFO mt5_bot - Balance=102029.96 Equity=102029.96 Spread=4.80 pips
2026-05-05 16:48:18 INFO mt5_bot - Spread filter: 4.80 > 1.80
2026-05-05 16:48:33 INFO mt5_bot - Balance=102029.96 Equity=102029.96 Spread=6.90 pips
2026-05-05 16:48:33 INFO mt5_bot - Spread filter: 6.90 > 1.80
2026-05-05 16:48:48 INFO mt5_bot - Balance=102029.96 Equity=102029.96 Spread=4.80 pips
2026-05-05 16:48:48 INFO mt5_bot - Spread filter: 4.80 > 1.80
2026-05-05 16:49:03 INFO mt5_bot - Balance=102029.96 Equity=102029.96 Spread=7.80 pips
2026-05-05 16:49:03 INFO mt5_bot - Spread filter: 7.80 > 1.80
2026-05-05 16:49:18 INFO mt5_bot - Balance=102029.96 Equity=102029.96 Spread=6.60 pips
2026-05-05 16:49:18 INFO mt5_bot - Spread filter: 6.60 > 1.80
2026-05-05 16:49:33 INFO mt5_bot - Balance=102029.96 Equity=102029.96 Spread=10.00 pips
2026-05-05 16:49:33 INFO mt5_bot - Spread filter: 10.00 > 1.80
2026-05-05 16:49:48 INFO mt5_bot - Balance=102029.96 Equity=102029.96 Spread=8.20 pips
2026-05-05 16:49:48 INFO mt5_bot - Spread filter: 8.20 > 1.80
2026-05-05 16:50:03 INFO mt5_bot - Balance=102029.96 Equity=102029.96 Spread=7.90 pips
2026-05-05 16:50:03 INFO mt5_bot - Spread filter: 7.90 > 1.80
2026-05-05 16:50:18 INFO mt5_bot - Balance=102029.96 Equity=102029.96 Spread=9.10 pips
2026-05-05 16:50:18 INFO mt5_bot - Spread filter: 9.10 > 1.80
2026-05-05 16:50:33 INFO mt5_bot - Balance=102029.96 Equity=102029.96 Spread=11.00 pips
2026-05-05 16:50:33 INFO mt5_bot - Spread filter: 11.00 > 1.80
2026-05-05 16:50:48 INFO mt5_bot - Balance=102029.96 Equity=102029.96 Spread=11.30 pips
2026-05-05 16:50:48 INFO mt5_bot - Spread filter: 11.30 > 1.80
2026-05-05 16:51:03 INFO mt5_bot - Balance=102029.96 Equity=102029.96 Spread=10.00 pips
2026-05-05 16:51:03 INFO mt5_bot - Spread filter: 10.00 > 1.80
2026-05-05 16:51:18 INFO mt5_bot - Balance=102029.96 Equity=102029.96 Spread=9.70 pips
2026-05-05 16:51:18 INFO mt5_bot - Spread filter: 9.70 > 1.80
2026-05-05 16:51:33 INFO mt5_bot - Balance=102029.96 Equity=102029.96 Spread=8.90 pips
2026-05-05 16:51:33 INFO mt5_bot - Spread filter: 8.90 > 1.80
2026-05-05 16:51:48 INFO mt5_bot - Balance=102029.96 Equity=102029.96 Spread=6.80 pips
2026-05-05 16:51:48 INFO mt5_bot - Spread filter: 6.80 > 1.80
2026-05-05 16:52:03 INFO mt5_bot - Balance=102029.96 Equity=102029.96 Spread=9.90 pips
2026-05-05 16:52:03 INFO mt5_bot - Spread filter: 9.90 > 1.80
2026-05-05 16:52:18 INFO mt5_bot - Balance=102029.96 Equity=102029.96 Spread=10.50 pips
2026-05-05 16:52:18 INFO mt5_bot - Spread filter: 10.50 > 1.80
2026-05-05 16:52:33 INFO mt5_bot - Balance=102029.96 Equity=102029.96 Spread=10.80 pips
2026-05-05 16:52:33 INFO mt5_bot - Spread filter: 10.80 > 1.80
2026-05-05 16:52:48 INFO mt5_bot - Balance=102029.96 Equity=102029.96 Spread=9.80 pips
2026-05-05 16:52:48 INFO mt5_bot - Spread filter: 9.80 > 1.80
2026-05-05 16:53:03 INFO mt5_bot - Balance=102029.96 Equity=102029.96 Spread=10.00 pips
2026-05-05 16:53:03 INFO mt5_bot - Spread filter: 10.00 > 1.80
2026-05-05 16:53:18 INFO mt5_bot - Balance=102029.96 Equity=102029.96 Spread=9.80 pips
2026-05-05 16:53:18 INFO mt5_bot - Spread filter: 9.80 > 1.80
2026-05-05 16:53:33 INFO mt5_bot - Balance=102029.96 Equity=102029.96 Spread=9.00 pips
2026-05-05 16:53:33 INFO mt5_bot - Spread filter: 9.00 > 1.80
2026-05-05 16:53:48 INFO mt5_bot - Balance=102029.96 Equity=102029.96 Spread=9.10 pips
2026-05-05 16:53:48 INFO mt5_bot - Spread filter: 9.10 > 1.80
2026-05-05 16:54:03 INFO mt5_bot - Balance=102029.96 Equity=102029.96 Spread=9.40 pips
2026-05-05 16:54:03 INFO mt5_bot - Spread filter: 9.40 > 1.80
2026-05-05 16:54:18 INFO mt5_bot - Balance=102029.96 Equity=102029.96 Spread=10.10 pips
2026-05-05 16:54:18 INFO mt5_bot - Spread filter: 10.10 > 1.80
2026-05-05 16:54:33 INFO mt5_bot - Balance=102029.96 Equity=102029.96 Spread=7.00 pips
2026-05-05 16:54:33 INFO mt5_bot - Spread filter: 7.00 > 1.80
2026-05-05 16:54:48 INFO mt5_bot - Balance=102029.96 Equity=102029.96 Spread=10.80 pips
2026-05-05 16:54:48 INFO mt5_bot - Spread filter: 10.80 > 1.80
2026-05-05 16:55:03 INFO mt5_bot - Balance=102029.96 Equity=102029.96 Spread=7.90 pips
2026-05-05 16:55:03 INFO mt5_bot - Spread filter: 7.90 > 1.80
2026-05-05 16:55:18 INFO mt5_bot - Balance=102029.96 Equity=102029.96 Spread=9.40 pips
2026-05-05 16:55:18 INFO mt5_bot - Spread filter: 9.40 > 1.80
2026-05-05 16:55:33 INFO mt5_bot - Balance=102029.96 Equity=102029.96 Spread=8.30 pips
2026-05-05 16:55:33 INFO mt5_bot - Spread filter: 8.30 > 1.80
2026-05-05 16:55:48 INFO mt5_bot - Balance=102029.96 Equity=102029.96 Spread=8.90 pips
2026-05-05 16:55:48 INFO mt5_bot - Spread filter: 8.90 > 1.80
2026-05-05 16:56:03 INFO mt5_bot - Balance=102029.96 Equity=102029.96 Spread=8.70 pips
2026-05-05 16:56:03 INFO mt5_bot - Spread filter: 8.70 > 1.80
2026-05-05 16:56:18 INFO mt5_bot - Balance=102029.96 Equity=102029.96 Spread=9.60 pips
2026-05-05 16:56:18 INFO mt5_bot - Spread filter: 9.60 > 1.80
2026-05-05 16:56:33 INFO mt5_bot - Balance=102029.96 Equity=102029.96 Spread=9.80 pips
2026-05-05 16:56:33 INFO mt5_bot - Spread filter: 9.80 > 1.80
2026-05-05 16:56:48 INFO mt5_bot - Balance=102029.96 Equity=102029.96 Spread=10.10 pips
2026-05-05 16:56:48 INFO mt5_bot - Spread filter: 10.10 > 1.80
2026-05-05 16:57:03 INFO mt5_bot - Balance=102029.96 Equity=102029.96 Spread=10.30 pips
2026-05-05 16:57:03 INFO mt5_bot - Spread filter: 10.30 > 1.80
2026-05-05 16:57:18 INFO mt5_bot - Balance=102029.96 Equity=102029.96 Spread=9.90 pips
2026-05-05 16:57:18 INFO mt5_bot - Spread filter: 9.90 > 1.80
2026-05-05 16:57:33 INFO mt5_bot - Balance=102029.96 Equity=102029.96 Spread=9.80 pips
2026-05-05 16:57:33 INFO mt5_bot - Spread filter: 9.80 > 1.80
2026-05-05 16:57:48 INFO mt5_bot - Balance=102029.96 Equity=102029.96 Spread=9.40 pips
2026-05-05 16:57:48 INFO mt5_bot - Spread filter: 9.40 > 1.80
2026-05-05 16:58:03 INFO mt5_bot - Balance=102029.96 Equity=102029.96 Spread=10.20 pips
2026-05-05 16:58:03 INFO mt5_bot - Spread filter: 10.20 > 1.80
2026-05-05 16:58:18 INFO mt5_bot - Balance=102029.96 Equity=102029.96 Spread=5.00 pips
2026-05-05 16:58:18 INFO mt5_bot - Spread filter: 5.00 > 1.80
2026-05-05 16:58:33 INFO mt5_bot - Balance=102029.96 Equity=102029.96 Spread=4.80 pips
2026-05-05 16:58:33 INFO mt5_bot - Spread filter: 4.80 > 1.80
2026-05-05 16:58:48 INFO mt5_bot - Balance=102029.96 Equity=102029.96 Spread=4.60 pips
2026-05-05 16:58:48 INFO mt5_bot - Spread filter: 4.60 > 1.80
2026-05-05 16:59:03 INFO mt5_bot - Balance=102029.96 Equity=102029.96 Spread=4.00 pips
2026-05-05 16:59:03 INFO mt5_bot - Spread filter: 4.00 > 1.80
2026-05-05 16:59:18 INFO mt5_bot - Balance=102029.96 Equity=102029.96 Spread=3.40 pips
2026-05-05 16:59:18 INFO mt5_bot - Spread filter: 3.40 > 1.80
2026-05-05 16:59:33 INFO mt5_bot - Balance=102029.96 Equity=102029.96 Spread=3.50 pips
2026-05-05 16:59:33 INFO mt5_bot - Spread filter: 3.50 > 1.80
2026-05-05 16:59:48 INFO mt5_bot - Balance=102029.96 Equity=102029.96 Spread=5.80 pips
2026-05-05 16:59:48 INFO mt5_bot - Spread filter: 5.80 > 1.80
2026-05-05 17:00:03 INFO mt5_bot - Balance=102029.96 Equity=102029.96 Spread=4.20 pips
2026-05-05 17:00:03 INFO mt5_bot - Spread filter: 4.20 > 1.80
2026-05-05 17:00:18 INFO mt5_bot - Balance=102029.96 Equity=102029.96 Spread=0.90 pips
2026-05-05 17:00:18 INFO mt5_bot - Session filter: UTC hour=22 outside [7,20) and [0,0)
2026-05-05 17:00:33 INFO mt5_bot - Balance=102029.96 Equity=102029.96 Spread=0.90 pips
2026-05-05 17:00:33 INFO mt5_bot - Session filter: UTC hour=22 outside [7,20) and [0,0)
2026-05-05 17:00:48 INFO mt5_bot - Balance=102029.96 Equity=102029.96 Spread=0.90 pips
2026-05-05 17:00:48 INFO mt5_bot - Session filter: UTC hour=22 outside [7,20) and [0,0)
2026-05-05 17:01:03 INFO mt5_bot - Balance=102029.96 Equity=102029.96 Spread=0.90 pips
2026-05-05 17:01:03 INFO mt5_bot - Session filter: UTC hour=22 outside [7,20) and [0,0)
2026-05-05 17:01:18 INFO mt5_bot - Balance=102029.96 Equity=102029.96 Spread=0.90 pips
2026-05-05 17:01:18 INFO mt5_bot - Session filter: UTC hour=22 outside [7,20) and [0,0)
2026-05-05 17:01:33 INFO mt5_bot - Balance=102029.96 Equity=102029.96 Spread=0.90 pips
2026-05-05 17:01:33 INFO mt5_bot - Session filter: UTC hour=22 outside [7,20) and [0,0)
2026-05-05 17:01:48 INFO mt5_bot - Balance=102029.96 Equity=102029.96 Spread=0.90 pips
2026-05-05 17:01:48 INFO mt5_bot - Session filter: UTC hour=22 outside [7,20) and [0,0)
2026-05-05 17:02:03 INFO mt5_bot - Balance=102029.96 Equity=102029.96 Spread=0.90 pips
2026-05-05 17:02:03 INFO mt5_bot - Session filter: UTC hour=22 outside [7,20) and [0,0)
2026-05-05 17:02:18 INFO mt5_bot - Balance=102029.96 Equity=102029.96 Spread=0.90 pips
2026-05-05 17:02:18 INFO mt5_bot - Session filter: UTC hour=22 outside [7,20) and [0,0)
2026-05-05 17:02:33 INFO mt5_bot - Balance=102029.96 Equity=102029.96 Spread=0.90 pips
2026-05-05 17:02:33 INFO mt5_bot - Session filter: UTC hour=22 outside [7,20) and [0,0)
2026-05-05 17:02:48 INFO mt5_bot - Balance=102029.96 Equity=102029.96 Spread=0.90 pips
2026-05-05 17:02:48 INFO mt5_bot - Session filter: UTC hour=22 outside [7,20) and [0,0)
2026-05-05 17:03:03 INFO mt5_bot - Balance=102029.96 Equity=102029.96 Spread=0.90 pips
2026-05-05 17:03:03 INFO mt5_bot - Session filter: UTC hour=22 outside [7,20) and [0,0)
2026-05-05 17:03:18 INFO mt5_bot - Balance=102029.96 Equity=102029.96 Spread=0.90 pips
2026-05-05 17:03:18 INFO mt5_bot - Session filter: UTC hour=22 outside [7,20) and [0,0)
2026-05-05 17:03:33 INFO mt5_bot - Balance=102029.96 Equity=102029.96 Spread=0.90 pips
2026-05-05 17:03:33 INFO mt5_bot - Session filter: UTC hour=22 outside [7,20) and [0,0)
2026-05-05 17:03:48 INFO mt5_bot - Balance=102029.96 Equity=102029.96 Spread=0.90 pips
2026-05-05 17:03:48 INFO mt5_bot - Session filter: UTC hour=22 outside [7,20) and [0,0)
2026-05-05 17:04:03 INFO mt5_bot - Balance=102029.96 Equity=102029.96 Spread=0.90 pips
2026-05-05 17:04:03 INFO mt5_bot - Session filter: UTC hour=22 outside [7,20) and [0,0)
2026-05-05 17:04:18 INFO mt5_bot - Balance=102029.96 Equity=102029.96 Spread=0.90 pips
2026-05-05 17:04:18 INFO mt5_bot - Session filter: UTC hour=22 outside [7,20) and [0,0)
2026-05-05 17:04:34 INFO mt5_bot - Balance=102029.96 Equity=102029.96 Spread=0.90 pips
2026-05-05 17:04:34 INFO mt5_bot - Session filter: UTC hour=22 outside [7,20) and [0,0)
2026-05-05 17:04:49 INFO mt5_bot - Balance=102029.96 Equity=102029.96 Spread=0.90 pips
2026-05-05 17:04:49 INFO mt5_bot - Session filter: UTC hour=22 outside [7,20) and [0,0)
2026-05-05 17:05:04 INFO mt5_bot - Balance=102029.96 Equity=102029.96 Spread=0.90 pips
2026-05-05 17:05:04 INFO mt5_bot - Session filter: UTC hour=22 outside [7,20) and [0,0)
2026-05-05 17:05:19 INFO mt5_bot - Balance=102029.96 Equity=102029.96 Spread=0.90 pips
2026-05-05 17:05:19 INFO mt5_bot - Session filter: UTC hour=22 outside [7,20) and [0,0)
2026-05-05 17:05:34 INFO mt5_bot - Balance=102029.96 Equity=102029.96 Spread=0.90 pips
2026-05-05 17:05:34 INFO mt5_bot - Session filter: UTC hour=22 outside [7,20) and [0,0)
2026-05-05 17:05:49 INFO mt5_bot - Balance=102029.96 Equity=102029.96 Spread=0.90 pips
2026-05-05 17:05:49 INFO mt5_bot - Session filter: UTC hour=22 outside [7,20) and [0,0)
2026-05-05 17:06:04 INFO mt5_bot - Balance=102029.96 Equity=102029.96 Spread=0.90 pips
2026-05-05 17:06:04 INFO mt5_bot - Session filter: UTC hour=22 outside [7,20) and [0,0)
2026-05-05 17:06:19 INFO mt5_bot - Balance=102029.96 Equity=102029.96 Spread=0.90 pips
2026-05-05 17:06:19 INFO mt5_bot - Session filter: UTC hour=22 outside [7,20) and [0,0)
2026-05-05 17:06:34 INFO mt5_bot - Balance=102029.96 Equity=102029.96 Spread=0.90 pips
2026-05-05 17:06:34 INFO mt5_bot - Session filter: UTC hour=22 outside [7,20) and [0,0)
2026-05-05 17:06:49 INFO mt5_bot - Balance=102029.96 Equity=102029.96 Spread=0.90 pips
2026-05-05 17:06:49 INFO mt5_bot - Session filter: UTC hour=22 outside [7,20) and [0,0)
2026-05-05 17:07:04 INFO mt5_bot - Balance=102029.96 Equity=102029.96 Spread=0.90 pips
2026-05-05 17:07:04 INFO mt5_bot - Session filter: UTC hour=22 outside [7,20) and [0,0)
2026-05-05 17:07:19 INFO mt5_bot - Balance=102029.96 Equity=102029.96 Spread=0.90 pips
2026-05-05 17:07:19 INFO mt5_bot - Session filter: UTC hour=22 outside [7,20) and [0,0)
2026-05-05 17:07:34 INFO mt5_bot - Balance=102029.96 Equity=102029.96 Spread=0.90 pips
2026-05-05 17:07:34 INFO mt5_bot - Session filter: UTC hour=22 outside [7,20) and [0,0)
2026-05-05 17:07:49 INFO mt5_bot - Balance=102029.96 Equity=102029.96 Spread=0.90 pips
2026-05-05 17:07:49 INFO mt5_bot - Session filter: UTC hour=22 outside [7,20) and [0,0)
2026-05-05 17:08:04 INFO mt5_bot - Balance=102029.96 Equity=102029.96 Spread=0.90 pips
2026-05-05 17:08:04 INFO mt5_bot - Session filter: UTC hour=22 outside [7,20) and [0,0)
2026-05-05 17:08:19 INFO mt5_bot - Balance=102029.96 Equity=102029.96 Spread=0.90 pips
2026-05-05 17:08:19 INFO mt5_bot - Session filter: UTC hour=22 outside [7,20) and [0,0)
2026-05-05 17:08:34 INFO mt5_bot - Balance=102029.96 Equity=102029.96 Spread=0.90 pips
2026-05-05 17:08:34 INFO mt5_bot - Session filter: UTC hour=22 outside [7,20) and [0,0)
2026-05-05 17:08:49 INFO mt5_bot - Balance=102029.96 Equity=102029.96 Spread=0.90 pips
2026-05-05 17:08:49 INFO mt5_bot - Session filter: UTC hour=22 outside [7,20) and [0,0)
2026-05-05 17:09:04 INFO mt5_bot - Balance=102029.96 Equity=102029.96 Spread=0.90 pips
2026-05-05 17:09:04 INFO mt5_bot - Session filter: UTC hour=22 outside [7,20) and [0,0)
2026-05-05 17:09:19 INFO mt5_bot - Balance=102029.96 Equity=102029.96 Spread=0.90 pips
2026-05-05 17:09:19 INFO mt5_bot - Session filter: UTC hour=22 outside [7,20) and [0,0)
2026-05-05 17:09:34 INFO mt5_bot - Balance=102029.96 Equity=102029.96 Spread=0.90 pips
2026-05-05 17:09:34 INFO mt5_bot - Session filter: UTC hour=22 outside [7,20) and [0,0)
2026-05-05 17:09:49 INFO mt5_bot - Balance=102029.96 Equity=102029.96 Spread=0.80 pips
2026-05-05 17:09:49 INFO mt5_bot - Session filter: UTC hour=22 outside [7,20) and [0,0)
2026-05-05 17:10:04 INFO mt5_bot - Balance=102029.96 Equity=102029.96 Spread=0.90 pips
2026-05-05 17:10:04 INFO mt5_bot - Session filter: UTC hour=22 outside [7,20) and [0,0)
2026-05-05 17:10:19 INFO mt5_bot - Balance=102029.96 Equity=102029.96 Spread=0.90 pips
2026-05-05 17:10:19 INFO mt5_bot - Session filter: UTC hour=22 outside [7,20) and [0,0)
2026-05-05 17:10:34 INFO mt5_bot - Balance=102029.96 Equity=102029.96 Spread=0.90 pips
2026-05-05 17:10:34 INFO mt5_bot - Session filter: UTC hour=22 outside [7,20) and [0,0)
2026-05-05 17:10:49 INFO mt5_bot - Balance=102029.96 Equity=102029.96 Spread=0.90 pips
2026-05-05 17:10:49 INFO mt5_bot - Session filter: UTC hour=22 outside [7,20) and [0,0)
2026-05-05 17:11:04 INFO mt5_bot - Balance=102029.96 Equity=102029.96 Spread=0.90 pips
2026-05-05 17:11:04 INFO mt5_bot - Session filter: UTC hour=22 outside [7,20) and [0,0)
2026-05-05 17:11:19 INFO mt5_bot - Balance=102029.96 Equity=102029.96 Spread=0.90 pips
2026-05-05 17:11:19 INFO mt5_bot - Session filter: UTC hour=22 outside [7,20) and [0,0)
2026-05-05 17:11:34 INFO mt5_bot - Balance=102029.96 Equity=102029.96 Spread=0.90 pips
2026-05-05 17:11:34 INFO mt5_bot - Session filter: UTC hour=22 outside [7,20) and [0,0)
2026-05-05 17:11:49 INFO mt5_bot - Balance=102029.96 Equity=102029.96 Spread=0.90 pips
2026-05-05 17:11:49 INFO mt5_bot - Session filter: UTC hour=22 outside [7,20) and [0,0)
2026-05-05 17:12:04 INFO mt5_bot - Balance=102029.96 Equity=102029.96 Spread=0.90 pips
2026-05-05 17:12:04 INFO mt5_bot - Session filter: UTC hour=22 outside [7,20) and [0,0)
2026-05-05 17:12:19 INFO mt5_bot - Balance=102029.96 Equity=102029.96 Spread=0.90 pips
2026-05-05 17:12:19 INFO mt5_bot - Session filter: UTC hour=22 outside [7,20) and [0,0)
2026-05-05 17:12:34 INFO mt5_bot - Balance=102029.96 Equity=102029.96 Spread=0.90 pips
2026-05-05 17:12:34 INFO mt5_bot - Session filter: UTC hour=22 outside [7,20) and [0,0)
2026-05-05 17:12:49 INFO mt5_bot - Balance=102029.96 Equity=102029.96 Spread=0.90 pips
2026-05-05 17:12:49 INFO mt5_bot - Session filter: UTC hour=22 outside [7,20) and [0,0)
2026-05-05 17:13:04 INFO mt5_bot - Balance=102029.96 Equity=102029.96 Spread=0.90 pips
2026-05-05 17:13:04 INFO mt5_bot - Session filter: UTC hour=22 outside [7,20) and [0,0)
2026-05-05 17:13:19 INFO mt5_bot - Balance=102029.96 Equity=102029.96 Spread=0.90 pips
2026-05-05 17:13:19 INFO mt5_bot - Session filter: UTC hour=22 outside [7,20) and [0,0)
2026-05-05 17:13:34 INFO mt5_bot - Balance=102029.96 Equity=102029.96 Spread=0.90 pips
2026-05-05 17:13:34 INFO mt5_bot - Session filter: UTC hour=22 outside [7,20) and [0,0)
2026-05-05 17:13:49 INFO mt5_bot - Balance=102029.96 Equity=102029.96 Spread=0.90 pips
2026-05-05 17:13:49 INFO mt5_bot - Session filter: UTC hour=22 outside [7,20) and [0,0)
2026-05-05 17:14:04 INFO mt5_bot - Balance=102029.96 Equity=102029.96 Spread=0.90 pips
2026-05-05 17:14:04 INFO mt5_bot - Session filter: UTC hour=22 outside [7,20) and [0,0)
2026-05-05 17:14:19 INFO mt5_bot - Balance=102029.96 Equity=102029.96 Spread=0.90 pips
2026-05-05 17:14:19 INFO mt5_bot - Session filter: UTC hour=22 outside [7,20) and [0,0)
2026-05-05 17:14:34 INFO mt5_bot - Balance=102029.96 Equity=102029.96 Spread=0.80 pips
2026-05-05 17:14:34 INFO mt5_bot - Session filter: UTC hour=22 outside [7,20) and [0,0)
2026-05-05 17:14:49 INFO mt5_bot - Balance=102029.96 Equity=102029.96 Spread=0.90 pips
2026-05-05 17:14:49 INFO mt5_bot - Session filter: UTC hour=22 outside [7,20) and [0,0)
2026-05-05 17:15:04 INFO mt5_bot - Balance=102029.96 Equity=102029.96 Spread=0.80 pips
2026-05-05 17:15:04 INFO mt5_bot - Session filter: UTC hour=22 outside [7,20) and [0,0)
2026-05-05 17:15:19 INFO mt5_bot - Balance=102029.96 Equity=102029.96 Spread=0.80 pips
2026-05-05 17:15:19 INFO mt5_bot - Session filter: UTC hour=22 outside [7,20) and [0,0)
2026-05-05 17:15:34 INFO mt5_bot - Balance=102029.96 Equity=102029.96 Spread=0.90 pips
2026-05-05 17:15:34 INFO mt5_bot - Session filter: UTC hour=22 outside [7,20) and [0,0)
2026-05-05 17:15:49 INFO mt5_bot - Balance=102029.96 Equity=102029.96 Spread=0.90 pips
2026-05-05 17:15:49 INFO mt5_bot - Session filter: UTC hour=22 outside [7,20) and [0,0)
2026-05-05 17:16:04 INFO mt5_bot - Balance=102029.96 Equity=102029.96 Spread=0.90 pips
2026-05-05 17:16:04 INFO mt5_bot - Session filter: UTC hour=22 outside [7,20) and [0,0)
2026-05-05 17:16:19 INFO mt5_bot - Balance=102029.96 Equity=102029.96 Spread=0.90 pips
2026-05-05 17:16:19 INFO mt5_bot - Session filter: UTC hour=22 outside [7,20) and [0,0)
2026-05-05 17:16:34 INFO mt5_bot - Balance=102029.96 Equity=102029.96 Spread=0.90 pips
2026-05-05 17:16:34 INFO mt5_bot - Session filter: UTC hour=22 outside [7,20) and [0,0)
2026-05-05 17:16:49 INFO mt5_bot - Balance=102029.96 Equity=102029.96 Spread=0.90 pips
2026-05-05 17:16:49 INFO mt5_bot - Session filter: UTC hour=22 outside [7,20) and [0,0)
2026-05-05 17:17:04 INFO mt5_bot - Balance=102029.96 Equity=102029.96 Spread=0.90 pips
2026-05-05 17:17:04 INFO mt5_bot - Session filter: UTC hour=22 outside [7,20) and [0,0)
2026-05-05 17:17:19 INFO mt5_bot - Balance=102029.96 Equity=102029.96 Spread=0.90 pips
2026-05-05 17:17:19 INFO mt5_bot - Session filter: UTC hour=22 outside [7,20) and [0,0)
2026-05-05 17:17:34 INFO mt5_bot - Balance=102029.96 Equity=102029.96 Spread=0.90 pips
2026-05-05 17:17:34 INFO mt5_bot - Session filter: UTC hour=22 outside [7,20) and [0,0)
2026-05-05 17:17:49 INFO mt5_bot - Balance=102029.96 Equity=102029.96 Spread=0.90 pips
2026-05-05 17:17:49 INFO mt5_bot - Session filter: UTC hour=22 outside [7,20) and [0,0)
2026-05-05 17:18:04 INFO mt5_bot - Balance=102029.96 Equity=102029.96 Spread=0.90 pips
2026-05-05 17:18:04 INFO mt5_bot - Session filter: UTC hour=22 outside [7,20) and [0,0)
2026-05-05 17:18:19 INFO mt5_bot - Balance=102029.96 Equity=102029.96 Spread=0.90 pips
2026-05-05 17:18:19 INFO mt5_bot - Session filter: UTC hour=22 outside [7,20) and [0,0)
2026-05-05 17:18:34 INFO mt5_bot - Balance=102029.96 Equity=102029.96 Spread=0.90 pips
2026-05-05 17:18:34 INFO mt5_bot - Session filter: UTC hour=22 outside [7,20) and [0,0)
2026-05-05 17:18:49 INFO mt5_bot - Balance=102029.96 Equity=102029.96 Spread=0.90 pips
2026-05-05 17:18:49 INFO mt5_bot - Session filter: UTC hour=22 outside [7,20) and [0,0)
2026-05-05 17:19:04 INFO mt5_bot - Balance=102029.96 Equity=102029.96 Spread=0.90 pips
2026-05-05 17:19:04 INFO mt5_bot - Session filter: UTC hour=22 outside [7,20) and [0,0)
2026-05-05 17:19:19 INFO mt5_bot - Balance=102029.96 Equity=102029.96 Spread=0.90 pips
2026-05-05 17:19:19 INFO mt5_bot - Session filter: UTC hour=22 outside [7,20) and [0,0)
2026-05-05 17:19:34 INFO mt5_bot - Balance=102029.96 Equity=102029.96 Spread=0.90 pips
2026-05-05 17:19:34 INFO mt5_bot - Session filter: UTC hour=22 outside [7,20) and [0,0)
2026-05-05 17:19:49 INFO mt5_bot - Balance=102029.96 Equity=102029.96 Spread=0.90 pips
2026-05-05 17:19:49 INFO mt5_bot - Session filter: UTC hour=22 outside [7,20) and [0,0)
2026-05-05 17:20:04 INFO mt5_bot - Balance=102029.96 Equity=102029.96 Spread=0.90 pips
2026-05-05 17:20:04 INFO mt5_bot - Session filter: UTC hour=22 outside [7,20) and [0,0)
2026-05-05 17:20:19 INFO mt5_bot - Balance=102029.96 Equity=102029.96 Spread=0.90 pips
2026-05-05 17:20:19 INFO mt5_bot - Session filter: UTC hour=22 outside [7,20) and [0,0)
2026-05-05 17:20:34 INFO mt5_bot - Balance=102029.96 Equity=102029.96 Spread=0.90 pips
2026-05-05 17:20:34 INFO mt5_bot - Session filter: UTC hour=22 outside [7,20) and [0,0)
2026-05-05 17:20:49 INFO mt5_bot - Balance=102029.96 Equity=102029.96 Spread=0.90 pips
2026-05-05 17:20:49 INFO mt5_bot - Session filter: UTC hour=22 outside [7,20) and [0,0)
2026-05-05 17:21:04 INFO mt5_bot - Balance=102029.96 Equity=102029.96 Spread=0.90 pips
2026-05-05 17:21:04 INFO mt5_bot - Session filter: UTC hour=22 outside [7,20) and [0,0)
2026-05-05 17:21:19 INFO mt5_bot - Balance=102029.96 Equity=102029.96 Spread=0.90 pips
2026-05-05 17:21:19 INFO mt5_bot - Session filter: UTC hour=22 outside [7,20) and [0,0)
2026-05-05 17:21:34 INFO mt5_bot - Balance=102029.96 Equity=102029.96 Spread=0.90 pips
2026-05-05 17:21:34 INFO mt5_bot - Session filter: UTC hour=22 outside [7,20) and [0,0)
2026-05-05 17:21:49 INFO mt5_bot - Balance=102029.96 Equity=102029.96 Spread=0.90 pips
2026-05-05 17:21:49 INFO mt5_bot - Session filter: UTC hour=22 outside [7,20) and [0,0)
2026-05-05 17:22:04 INFO mt5_bot - Balance=102029.96 Equity=102029.96 Spread=0.90 pips
2026-05-05 17:22:04 INFO mt5_bot - Session filter: UTC hour=22 outside [7,20) and [0,0)
2026-05-05 17:22:19 INFO mt5_bot - Balance=102029.96 Equity=102029.96 Spread=0.90 pips
2026-05-05 17:22:19 INFO mt5_bot - Session filter: UTC hour=22 outside [7,20) and [0,0)
2026-05-05 17:22:34 INFO mt5_bot - Balance=102029.96 Equity=102029.96 Spread=0.90 pips
2026-05-05 17:22:34 INFO mt5_bot - Session filter: UTC hour=22 outside [7,20) and [0,0)
2026-05-05 17:22:49 INFO mt5_bot - Balance=102029.96 Equity=102029.96 Spread=0.90 pips
2026-05-05 17:22:49 INFO mt5_bot - Session filter: UTC hour=22 outside [7,20) and [0,0)
2026-05-05 17:23:04 INFO mt5_bot - Balance=102029.96 Equity=102029.96 Spread=0.90 pips
2026-05-05 17:23:04 INFO mt5_bot - Session filter: UTC hour=22 outside [7,20) and [0,0)
2026-05-05 17:23:19 INFO mt5_bot - Balance=102029.96 Equity=102029.96 Spread=0.90 pips
2026-05-05 17:23:19 INFO mt5_bot - Session filter: UTC hour=22 outside [7,20) and [0,0)
2026-05-05 17:23:34 INFO mt5_bot - Balance=102029.96 Equity=102029.96 Spread=0.90 pips
2026-05-05 17:23:34 INFO mt5_bot - Session filter: UTC hour=22 outside [7,20) and [0,0)
2026-05-05 17:23:49 INFO mt5_bot - Balance=102029.96 Equity=102029.96 Spread=0.90 pips
2026-05-05 17:23:49 INFO mt5_bot - Session filter: UTC hour=22 outside [7,20) and [0,0)
2026-05-05 17:24:04 INFO mt5_bot - Balance=102029.96 Equity=102029.96 Spread=0.90 pips
2026-05-05 17:24:04 INFO mt5_bot - Session filter: UTC hour=22 outside [7,20) and [0,0)
2026-05-05 17:24:19 INFO mt5_bot - Balance=102029.96 Equity=102029.96 Spread=0.90 pips
2026-05-05 17:24:19 INFO mt5_bot - Session filter: UTC hour=22 outside [7,20) and [0,0)
2026-05-05 17:24:34 INFO mt5_bot - Balance=102029.96 Equity=102029.96 Spread=0.90 pips
2026-05-05 17:24:34 INFO mt5_bot - Session filter: UTC hour=22 outside [7,20) and [0,0)
2026-05-05 17:24:49 INFO mt5_bot - Balance=102029.96 Equity=102029.96 Spread=0.90 pips
2026-05-05 17:24:49 INFO mt5_bot - Session filter: UTC hour=22 outside [7,20) and [0,0)
2026-05-05 17:25:04 INFO mt5_bot - Balance=102029.96 Equity=102029.96 Spread=0.90 pips
2026-05-05 17:25:04 INFO mt5_bot - Session filter: UTC hour=22 outside [7,20) and [0,0)
2026-05-05 17:25:19 INFO mt5_bot - Balance=102029.96 Equity=102029.96 Spread=0.90 pips
2026-05-05 17:25:19 INFO mt5_bot - Session filter: UTC hour=22 outside [7,20) and [0,0)
2026-05-05 17:25:34 INFO mt5_bot - Balance=102029.96 Equity=102029.96 Spread=0.90 pips
2026-05-05 17:25:34 INFO mt5_bot - Session filter: UTC hour=22 outside [7,20) and [0,0)
2026-05-05 17:25:49 INFO mt5_bot - Balance=102029.96 Equity=102029.96 Spread=0.90 pips
2026-05-05 17:25:49 INFO mt5_bot - Session filter: UTC hour=22 outside [7,20) and [0,0)
2026-05-05 17:26:04 INFO mt5_bot - Balance=102029.96 Equity=102029.96 Spread=0.90 pips
2026-05-05 17:26:04 INFO mt5_bot - Session filter: UTC hour=22 outside [7,20) and [0,0)
2026-05-05 17:26:19 INFO mt5_bot - Balance=102029.96 Equity=102029.96 Spread=0.90 pips
2026-05-05 17:26:19 INFO mt5_bot - Session filter: UTC hour=22 outside [7,20) and [0,0)
2026-05-05 17:26:34 INFO mt5_bot - Balance=102029.96 Equity=102029.96 Spread=0.90 pips
2026-05-05 17:26:34 INFO mt5_bot - Session filter: UTC hour=22 outside [7,20) and [0,0)
2026-05-05 17:26:49 INFO mt5_bot - Balance=102029.96 Equity=102029.96 Spread=0.90 pips
2026-05-05 17:26:49 INFO mt5_bot - Session filter: UTC hour=22 outside [7,20) and [0,0)
2026-05-05 17:27:04 INFO mt5_bot - Balance=102029.96 Equity=102029.96 Spread=0.90 pips
2026-05-05 17:27:04 INFO mt5_bot - Session filter: UTC hour=22 outside [7,20) and [0,0)
2026-05-05 17:27:19 INFO mt5_bot - Balance=102029.96 Equity=102029.96 Spread=0.90 pips
2026-05-05 17:27:19 INFO mt5_bot - Session filter: UTC hour=22 outside [7,20) and [0,0)
2026-05-05 17:27:34 INFO mt5_bot - Balance=102029.96 Equity=102029.96 Spread=0.90 pips
2026-05-05 17:27:34 INFO mt5_bot - Session filter: UTC hour=22 outside [7,20) and [0,0)
2026-05-05 17:27:49 INFO mt5_bot - Balance=102029.96 Equity=102029.96 Spread=0.80 pips
2026-05-05 17:27:49 INFO mt5_bot - Session filter: UTC hour=22 outside [7,20) and [0,0)
2026-05-05 17:28:04 INFO mt5_bot - Balance=102029.96 Equity=102029.96 Spread=0.90 pips
2026-05-05 17:28:04 INFO mt5_bot - Session filter: UTC hour=22 outside [7,20) and [0,0)
2026-05-05 17:28:19 INFO mt5_bot - Balance=102029.96 Equity=102029.96 Spread=0.90 pips
2026-05-05 17:28:19 INFO mt5_bot - Session filter: UTC hour=22 outside [7,20) and [0,0)
2026-05-05 17:28:34 INFO mt5_bot - Balance=102029.96 Equity=102029.96 Spread=0.90 pips
2026-05-05 17:28:34 INFO mt5_bot - Session filter: UTC hour=22 outside [7,20) and [0,0)
2026-05-05 17:28:49 INFO mt5_bot - Balance=102029.96 Equity=102029.96 Spread=0.90 pips
2026-05-05 17:28:49 INFO mt5_bot - Session filter: UTC hour=22 outside [7,20) and [0,0)
2026-05-05 17:29:04 INFO mt5_bot - Balance=102029.96 Equity=102029.96 Spread=0.90 pips
2026-05-05 17:29:04 INFO mt5_bot - Session filter: UTC hour=22 outside [7,20) and [0,0)
2026-05-05 17:29:19 INFO mt5_bot - Balance=102029.96 Equity=102029.96 Spread=0.90 pips
2026-05-05 17:29:19 INFO mt5_bot - Session filter: UTC hour=22 outside [7,20) and [0,0)
2026-05-05 17:29:34 INFO mt5_bot - Balance=102029.96 Equity=102029.96 Spread=0.90 pips
2026-05-05 17:29:34 INFO mt5_bot - Session filter: UTC hour=22 outside [7,20) and [0,0)
2026-05-05 17:29:49 INFO mt5_bot - Balance=102029.96 Equity=102029.96 Spread=0.90 pips
2026-05-05 17:29:49 INFO mt5_bot - Session filter: UTC hour=22 outside [7,20) and [0,0)
2026-05-05 17:30:04 INFO mt5_bot - Balance=102029.96 Equity=102029.96 Spread=0.90 pips
2026-05-05 17:30:04 INFO mt5_bot - Session filter: UTC hour=22 outside [7,20) and [0,0)
2026-05-05 17:30:19 INFO mt5_bot - Balance=102029.96 Equity=102029.96 Spread=0.90 pips
2026-05-05 17:30:19 INFO mt5_bot - Session filter: UTC hour=22 outside [7,20) and [0,0)
2026-05-05 17:30:34 INFO mt5_bot - Balance=102029.96 Equity=102029.96 Spread=0.90 pips
2026-05-05 17:30:34 INFO mt5_bot - Session filter: UTC hour=22 outside [7,20) and [0,0)
2026-05-05 17:30:49 INFO mt5_bot - Balance=102029.96 Equity=102029.96 Spread=0.90 pips
2026-05-05 17:30:49 INFO mt5_bot - Session filter: UTC hour=22 outside [7,20) and [0,0)
2026-05-05 17:31:04 INFO mt5_bot - Balance=102029.96 Equity=102029.96 Spread=0.90 pips
2026-05-05 17:31:04 INFO mt5_bot - Session filter: UTC hour=22 outside [7,20) and [0,0)
2026-05-05 17:31:19 INFO mt5_bot - Balance=102029.96 Equity=102029.96 Spread=0.90 pips
2026-05-05 17:31:19 INFO mt5_bot - Session filter: UTC hour=22 outside [7,20) and [0,0)
2026-05-05 17:31:34 INFO mt5_bot - Balance=102029.96 Equity=102029.96 Spread=0.90 pips
2026-05-05 17:31:34 INFO mt5_bot - Session filter: UTC hour=22 outside [7,20) and [0,0)
2026-05-05 17:31:49 INFO mt5_bot - Balance=102029.96 Equity=102029.96 Spread=0.90 pips
2026-05-05 17:31:49 INFO mt5_bot - Session filter: UTC hour=22 outside [7,20) and [0,0)
2026-05-05 17:32:04 INFO mt5_bot - Balance=102029.96 Equity=102029.96 Spread=0.90 pips
2026-05-05 17:32:04 INFO mt5_bot - Session filter: UTC hour=22 outside [7,20) and [0,0)
2026-05-05 17:32:19 INFO mt5_bot - Balance=102029.96 Equity=102029.96 Spread=0.90 pips
2026-05-05 17:32:19 INFO mt5_bot - Session filter: UTC hour=22 outside [7,20) and [0,0)
2026-05-05 17:32:34 INFO mt5_bot - Balance=102029.96 Equity=102029.96 Spread=0.90 pips
2026-05-05 17:32:34 INFO mt5_bot - Session filter: UTC hour=22 outside [7,20) and [0,0)
2026-05-05 17:32:49 INFO mt5_bot - Balance=102029.96 Equity=102029.96 Spread=0.90 pips
2026-05-05 17:32:49 INFO mt5_bot - Session filter: UTC hour=22 outside [7,20) and [0,0)
2026-05-05 17:33:04 INFO mt5_bot - Balance=102029.96 Equity=102029.96 Spread=0.90 pips
2026-05-05 17:33:04 INFO mt5_bot - Session filter: UTC hour=22 outside [7,20) and [0,0)
2026-05-05 17:33:19 INFO mt5_bot - Balance=102029.96 Equity=102029.96 Spread=0.90 pips
2026-05-05 17:33:19 INFO mt5_bot - Session filter: UTC hour=22 outside [7,20) and [0,0)
2026-05-05 17:33:34 INFO mt5_bot - Balance=102029.96 Equity=102029.96 Spread=0.90 pips
2026-05-05 17:33:34 INFO mt5_bot - Session filter: UTC hour=22 outside [7,20) and [0,0)
2026-05-05 17:33:49 INFO mt5_bot - Balance=102029.96 Equity=102029.96 Spread=0.90 pips
2026-05-05 17:33:49 INFO mt5_bot - Session filter: UTC hour=22 outside [7,20) and [0,0)
2026-05-05 17:34:04 INFO mt5_bot - Balance=102029.96 Equity=102029.96 Spread=0.90 pips
2026-05-05 17:34:04 INFO mt5_bot - Session filter: UTC hour=22 outside [7,20) and [0,0)
2026-05-05 17:34:19 INFO mt5_bot - Balance=102029.96 Equity=102029.96 Spread=0.90 pips
2026-05-05 17:34:19 INFO mt5_bot - Session filter: UTC hour=22 outside [7,20) and [0,0)
2026-05-05 17:34:34 INFO mt5_bot - Balance=102029.96 Equity=102029.96 Spread=0.90 pips
2026-05-05 17:34:34 INFO mt5_bot - Session filter: UTC hour=22 outside [7,20) and [0,0)
2026-05-05 17:34:49 INFO mt5_bot - Balance=102029.96 Equity=102029.96 Spread=0.90 pips
2026-05-05 17:34:49 INFO mt5_bot - Session filter: UTC hour=22 outside [7,20) and [0,0)
2026-05-05 17:35:04 INFO mt5_bot - Balance=102029.96 Equity=102029.96 Spread=0.90 pips
2026-05-05 17:35:04 INFO mt5_bot - Session filter: UTC hour=22 outside [7,20) and [0,0)
2026-05-05 17:35:19 INFO mt5_bot - Balance=102029.96 Equity=102029.96 Spread=0.90 pips
2026-05-05 17:35:19 INFO mt5_bot - Session filter: UTC hour=22 outside [7,20) and [0,0)
2026-05-05 17:35:34 INFO mt5_bot - Balance=102029.96 Equity=102029.96 Spread=0.90 pips
2026-05-05 17:35:34 INFO mt5_bot - Session filter: UTC hour=22 outside [7,20) and [0,0)
2026-05-05 17:35:49 INFO mt5_bot - Balance=102029.96 Equity=102029.96 Spread=0.90 pips
2026-05-05 17:35:49 INFO mt5_bot - Session filter: UTC hour=22 outside [7,20) and [0,0)
2026-05-05 17:36:04 INFO mt5_bot - Balance=102029.96 Equity=102029.96 Spread=0.90 pips
2026-05-05 17:36:04 INFO mt5_bot - Session filter: UTC hour=22 outside [7,20) and [0,0)
2026-05-05 17:36:19 INFO mt5_bot - Balance=102029.96 Equity=102029.96 Spread=0.90 pips
2026-05-05 17:36:19 INFO mt5_bot - Session filter: UTC hour=22 outside [7,20) and [0,0)
2026-05-05 17:36:34 INFO mt5_bot - Balance=102029.96 Equity=102029.96 Spread=0.90 pips
2026-05-05 17:36:34 INFO mt5_bot - Session filter: UTC hour=22 outside [7,20) and [0,0)
2026-05-05 17:36:49 INFO mt5_bot - Balance=102029.96 Equity=102029.96 Spread=0.80 pips
2026-05-05 17:36:49 INFO mt5_bot - Session filter: UTC hour=22 outside [7,20) and [0,0)
2026-05-05 17:37:04 INFO mt5_bot - Balance=102029.96 Equity=102029.96 Spread=0.90 pips
2026-05-05 17:37:04 INFO mt5_bot - Session filter: UTC hour=22 outside [7,20) and [0,0)
2026-05-05 17:37:19 INFO mt5_bot - Balance=102029.96 Equity=102029.96 Spread=0.90 pips
2026-05-05 17:37:19 INFO mt5_bot - Session filter: UTC hour=22 outside [7,20) and [0,0)
2026-05-05 17:37:34 INFO mt5_bot - Balance=102029.96 Equity=102029.96 Spread=0.90 pips
2026-05-05 17:37:34 INFO mt5_bot - Session filter: UTC hour=22 outside [7,20) and [0,0)
2026-05-05 17:37:49 INFO mt5_bot - Balance=102029.96 Equity=102029.96 Spread=0.90 pips
2026-05-05 17:37:49 INFO mt5_bot - Session filter: UTC hour=22 outside [7,20) and [0,0)
2026-05-05 17:38:04 INFO mt5_bot - Balance=102029.96 Equity=102029.96 Spread=0.90 pips
2026-05-05 17:38:04 INFO mt5_bot - Session filter: UTC hour=22 outside [7,20) and [0,0)
2026-05-05 17:38:19 INFO mt5_bot - Balance=102029.96 Equity=102029.96 Spread=0.90 pips
2026-05-05 17:38:19 INFO mt5_bot - Session filter: UTC hour=22 outside [7,20) and [0,0)
2026-05-05 17:38:34 INFO mt5_bot - Balance=102029.96 Equity=102029.96 Spread=0.90 pips
2026-05-05 17:38:34 INFO mt5_bot - Session filter: UTC hour=22 outside [7,20) and [0,0)
2026-05-05 17:38:49 INFO mt5_bot - Balance=102029.96 Equity=102029.96 Spread=0.90 pips
2026-05-05 17:38:49 INFO mt5_bot - Session filter: UTC hour=22 outside [7,20) and [0,0)
2026-05-05 17:39:04 INFO mt5_bot - Balance=102029.96 Equity=102029.96 Spread=0.90 pips
2026-05-05 17:39:04 INFO mt5_bot - Session filter: UTC hour=22 outside [7,20) and [0,0)
2026-05-05 17:39:19 INFO mt5_bot - Balance=102029.96 Equity=102029.96 Spread=0.90 pips
2026-05-05 17:39:19 INFO mt5_bot - Session filter: UTC hour=22 outside [7,20) and [0,0)
2026-05-05 17:39:34 INFO mt5_bot - Balance=102029.96 Equity=102029.96 Spread=0.90 pips
2026-05-05 17:39:34 INFO mt5_bot - Session filter: UTC hour=22 outside [7,20) and [0,0)
2026-05-05 17:39:49 INFO mt5_bot - Balance=102029.96 Equity=102029.96 Spread=0.90 pips
2026-05-05 17:39:49 INFO mt5_bot - Session filter: UTC hour=22 outside [7,20) and [0,0)
2026-05-05 17:40:04 INFO mt5_bot - Balance=102029.96 Equity=102029.96 Spread=0.90 pips
2026-05-05 17:40:04 INFO mt5_bot - Session filter: UTC hour=22 outside [7,20) and [0,0)
2026-05-05 17:40:19 INFO mt5_bot - Balance=102029.96 Equity=102029.96 Spread=0.80 pips
2026-05-05 17:40:19 INFO mt5_bot - Session filter: UTC hour=22 outside [7,20) and [0,0)
2026-05-05 17:40:34 INFO mt5_bot - Balance=102029.96 Equity=102029.96 Spread=0.90 pips
2026-05-05 17:40:34 INFO mt5_bot - Session filter: UTC hour=22 outside [7,20) and [0,0)
2026-05-05 17:40:49 INFO mt5_bot - Balance=102029.96 Equity=102029.96 Spread=0.90 pips
2026-05-05 17:40:49 INFO mt5_bot - Session filter: UTC hour=22 outside [7,20) and [0,0)
2026-05-05 17:41:04 INFO mt5_bot - Balance=102029.96 Equity=102029.96 Spread=0.90 pips
2026-05-05 17:41:04 INFO mt5_bot - Session filter: UTC hour=22 outside [7,20) and [0,0)
2026-05-05 17:41:19 INFO mt5_bot - Balance=102029.96 Equity=102029.96 Spread=0.90 pips
2026-05-05 17:41:19 INFO mt5_bot - Session filter: UTC hour=22 outside [7,20) and [0,0)
2026-05-05 17:41:34 INFO mt5_bot - Balance=102029.96 Equity=102029.96 Spread=0.90 pips
2026-05-05 17:41:34 INFO mt5_bot - Session filter: UTC hour=22 outside [7,20) and [0,0)
2026-05-05 17:41:49 INFO mt5_bot - Balance=102029.96 Equity=102029.96 Spread=0.90 pips
2026-05-05 17:41:49 INFO mt5_bot - Session filter: UTC hour=22 outside [7,20) and [0,0)
2026-05-05 17:42:04 INFO mt5_bot - Balance=102029.96 Equity=102029.96 Spread=0.90 pips
2026-05-05 17:42:04 INFO mt5_bot - Session filter: UTC hour=22 outside [7,20) and [0,0)
2026-05-05 17:42:19 INFO mt5_bot - Balance=102029.96 Equity=102029.96 Spread=0.90 pips
2026-05-05 17:42:19 INFO mt5_bot - Session filter: UTC hour=22 outside [7,20) and [0,0)
2026-05-05 17:42:34 INFO mt5_bot - Balance=102029.96 Equity=102029.96 Spread=0.90 pips
2026-05-05 17:42:34 INFO mt5_bot - Session filter: UTC hour=22 outside [7,20) and [0,0)
2026-05-05 17:42:49 INFO mt5_bot - Balance=102029.96 Equity=102029.96 Spread=0.90 pips
2026-05-05 17:42:49 INFO mt5_bot - Session filter: UTC hour=22 outside [7,20) and [0,0)
2026-05-05 17:43:04 INFO mt5_bot - Balance=102029.96 Equity=102029.96 Spread=0.90 pips
2026-05-05 17:43:04 INFO mt5_bot - Session filter: UTC hour=22 outside [7,20) and [0,0)
2026-05-05 17:43:19 INFO mt5_bot - Balance=102029.96 Equity=102029.96 Spread=0.80 pips
2026-05-05 17:43:19 INFO mt5_bot - Session filter: UTC hour=22 outside [7,20) and [0,0)
2026-05-05 17:43:34 INFO mt5_bot - Balance=102029.96 Equity=102029.96 Spread=0.90 pips
2026-05-05 17:43:34 INFO mt5_bot - Session filter: UTC hour=22 outside [7,20) and [0,0)
2026-05-05 17:43:49 INFO mt5_bot - Balance=102029.96 Equity=102029.96 Spread=0.90 pips
2026-05-05 17:43:49 INFO mt5_bot - Session filter: UTC hour=22 outside [7,20) and [0,0)
2026-05-05 17:44:04 INFO mt5_bot - Balance=102029.96 Equity=102029.96 Spread=0.90 pips
2026-05-05 17:44:04 INFO mt5_bot - Session filter: UTC hour=22 outside [7,20) and [0,0)
2026-05-05 17:44:19 INFO mt5_bot - Balance=102029.96 Equity=102029.96 Spread=0.90 pips
2026-05-05 17:44:19 INFO mt5_bot - Session filter: UTC hour=22 outside [7,20) and [0,0)
2026-05-05 17:44:34 INFO mt5_bot - Balance=102029.96 Equity=102029.96 Spread=0.90 pips
2026-05-05 17:44:34 INFO mt5_bot - Session filter: UTC hour=22 outside [7,20) and [0,0)
2026-05-05 17:44:49 INFO mt5_bot - Balance=102029.96 Equity=102029.96 Spread=0.90 pips
2026-05-05 17:44:49 INFO mt5_bot - Session filter: UTC hour=22 outside [7,20) and [0,0)
2026-05-05 17:45:04 INFO mt5_bot - Balance=102029.96 Equity=102029.96 Spread=0.90 pips
2026-05-05 17:45:04 INFO mt5_bot - Session filter: UTC hour=22 outside [7,20) and [0,0)
2026-05-05 17:45:19 INFO mt5_bot - Balance=102029.96 Equity=102029.96 Spread=0.90 pips
2026-05-05 17:45:19 INFO mt5_bot - Session filter: UTC hour=22 outside [7,20) and [0,0)
2026-05-05 17:45:34 INFO mt5_bot - Balance=102029.96 Equity=102029.96 Spread=0.90 pips
2026-05-05 17:45:34 INFO mt5_bot - Session filter: UTC hour=22 outside [7,20) and [0,0)
2026-05-05 17:45:49 INFO mt5_bot - Balance=102029.96 Equity=102029.96 Spread=0.80 pips
2026-05-05 17:45:49 INFO mt5_bot - Session filter: UTC hour=22 outside [7,20) and [0,0)
2026-05-05 17:46:04 INFO mt5_bot - Balance=102029.96 Equity=102029.96 Spread=0.80 pips
2026-05-05 17:46:04 INFO mt5_bot - Session filter: UTC hour=22 outside [7,20) and [0,0)
2026-05-05 17:46:20 INFO mt5_bot - Balance=102029.96 Equity=102029.96 Spread=0.90 pips
2026-05-05 17:46:20 INFO mt5_bot - Session filter: UTC hour=22 outside [7,20) and [0,0)
2026-05-05 17:46:35 INFO mt5_bot - Balance=102029.96 Equity=102029.96 Spread=0.90 pips
2026-05-05 17:46:35 INFO mt5_bot - Session filter: UTC hour=22 outside [7,20) and [0,0)
2026-05-05 17:46:50 INFO mt5_bot - Balance=102029.96 Equity=102029.96 Spread=0.90 pips
2026-05-05 17:46:50 INFO mt5_bot - Session filter: UTC hour=22 outside [7,20) and [0,0)
2026-05-05 17:47:05 INFO mt5_bot - Balance=102029.96 Equity=102029.96 Spread=0.90 pips
2026-05-05 17:47:05 INFO mt5_bot - Session filter: UTC hour=22 outside [7,20) and [0,0)
2026-05-05 17:47:20 INFO mt5_bot - Balance=102029.96 Equity=102029.96 Spread=0.90 pips
2026-05-05 17:47:20 INFO mt5_bot - Session filter: UTC hour=22 outside [7,20) and [0,0)
2026-05-05 17:47:35 INFO mt5_bot - Balance=102029.96 Equity=102029.96 Spread=0.90 pips
2026-05-05 17:47:35 INFO mt5_bot - Session filter: UTC hour=22 outside [7,20) and [0,0)
2026-05-05 17:47:50 INFO mt5_bot - Balance=102029.96 Equity=102029.96 Spread=0.90 pips
2026-05-05 17:47:50 INFO mt5_bot - Session filter: UTC hour=22 outside [7,20) and [0,0)
2026-05-05 17:48:05 INFO mt5_bot - Balance=102029.96 Equity=102029.96 Spread=0.90 pips
2026-05-05 17:48:05 INFO mt5_bot - Session filter: UTC hour=22 outside [7,20) and [0,0)
2026-05-05 17:48:20 INFO mt5_bot - Balance=102029.96 Equity=102029.96 Spread=0.90 pips
2026-05-05 17:48:20 INFO mt5_bot - Session filter: UTC hour=22 outside [7,20) and [0,0)
2026-05-05 17:48:35 INFO mt5_bot - Balance=102029.96 Equity=102029.96 Spread=0.90 pips
2026-05-05 17:48:35 INFO mt5_bot - Session filter: UTC hour=22 outside [7,20) and [0,0)
2026-05-05 17:48:50 INFO mt5_bot - Balance=102029.96 Equity=102029.96 Spread=0.90 pips
2026-05-05 17:48:50 INFO mt5_bot - Session filter: UTC hour=22 outside [7,20) and [0,0)
2026-05-05 17:49:05 INFO mt5_bot - Balance=102029.96 Equity=102029.96 Spread=0.90 pips
2026-05-05 17:49:05 INFO mt5_bot - Session filter: UTC hour=22 outside [7,20) and [0,0)
2026-05-05 17:49:20 INFO mt5_bot - Balance=102029.96 Equity=102029.96 Spread=0.90 pips
2026-05-05 17:49:20 INFO mt5_bot - Session filter: UTC hour=22 outside [7,20) and [0,0)
2026-05-05 17:49:35 INFO mt5_bot - Balance=102029.96 Equity=102029.96 Spread=0.90 pips
2026-05-05 17:49:35 INFO mt5_bot - Session filter: UTC hour=22 outside [7,20) and [0,0)
2026-05-05 17:49:50 INFO mt5_bot - Balance=102029.96 Equity=102029.96 Spread=0.90 pips
2026-05-05 17:49:50 INFO mt5_bot - Session filter: UTC hour=22 outside [7,20) and [0,0)
2026-05-05 17:50:05 INFO mt5_bot - Balance=102029.96 Equity=102029.96 Spread=0.90 pips
2026-05-05 17:50:05 INFO mt5_bot - Session filter: UTC hour=22 outside [7,20) and [0,0)
2026-05-05 17:50:20 INFO mt5_bot - Balance=102029.96 Equity=102029.96 Spread=0.90 pips
2026-05-05 17:50:20 INFO mt5_bot - Session filter: UTC hour=22 outside [7,20) and [0,0)
2026-05-05 17:50:35 INFO mt5_bot - Balance=102029.96 Equity=102029.96 Spread=0.90 pips
2026-05-05 17:50:35 INFO mt5_bot - Session filter: UTC hour=22 outside [7,20) and [0,0)
2026-05-05 17:50:50 INFO mt5_bot - Balance=102029.96 Equity=102029.96 Spread=0.90 pips
2026-05-05 17:50:50 INFO mt5_bot - Session filter: UTC hour=22 outside [7,20) and [0,0)
2026-05-05 17:51:05 INFO mt5_bot - Balance=102029.96 Equity=102029.96 Spread=0.90 pips
2026-05-05 17:51:05 INFO mt5_bot - Session filter: UTC hour=22 outside [7,20) and [0,0)
2026-05-05 17:51:20 INFO mt5_bot - Balance=102029.96 Equity=102029.96 Spread=0.90 pips
2026-05-05 17:51:20 INFO mt5_bot - Session filter: UTC hour=22 outside [7,20) and [0,0)
2026-05-05 17:51:35 INFO mt5_bot - Balance=102029.96 Equity=102029.96 Spread=0.90 pips
2026-05-05 17:51:35 INFO mt5_bot - Session filter: UTC hour=22 outside [7,20) and [0,0)
2026-05-05 17:51:50 INFO mt5_bot - Balance=102029.96 Equity=102029.96 Spread=0.90 pips
2026-05-05 17:51:50 INFO mt5_bot - Session filter: UTC hour=22 outside [7,20) and [0,0)
2026-05-05 17:52:05 INFO mt5_bot - Balance=102029.96 Equity=102029.96 Spread=0.90 pips
2026-05-05 17:52:05 INFO mt5_bot - Session filter: UTC hour=22 outside [7,20) and [0,0)
2026-05-05 17:52:20 INFO mt5_bot - Balance=102029.96 Equity=102029.96 Spread=0.90 pips
2026-05-05 17:52:20 INFO mt5_bot - Session filter: UTC hour=22 outside [7,20) and [0,0)
2026-05-05 17:52:35 INFO mt5_bot - Balance=102029.96 Equity=102029.96 Spread=0.90 pips
2026-05-05 17:52:35 INFO mt5_bot - Session filter: UTC hour=22 outside [7,20) and [0,0)
2026-05-05 17:52:50 INFO mt5_bot - Balance=102029.96 Equity=102029.96 Spread=0.90 pips
2026-05-05 17:52:50 INFO mt5_bot - Session filter: UTC hour=22 outside [7,20) and [0,0)
2026-05-05 17:53:05 INFO mt5_bot - Balance=102029.96 Equity=102029.96 Spread=0.90 pips
2026-05-05 17:53:05 INFO mt5_bot - Session filter: UTC hour=22 outside [7,20) and [0,0)
2026-05-05 17:53:20 INFO mt5_bot - Balance=102029.96 Equity=102029.96 Spread=0.90 pips
2026-05-05 17:53:20 INFO mt5_bot - Session filter: UTC hour=22 outside [7,20) and [0,0)
2026-05-05 17:53:35 INFO mt5_bot - Balance=102029.96 Equity=102029.96 Spread=0.90 pips
2026-05-05 17:53:35 INFO mt5_bot - Session filter: UTC hour=22 outside [7,20) and [0,0)
2026-05-05 17:53:50 INFO mt5_bot - Balance=102029.96 Equity=102029.96 Spread=0.90 pips
2026-05-05 17:53:50 INFO mt5_bot - Session filter: UTC hour=22 outside [7,20) and [0,0)
2026-05-05 17:54:05 INFO mt5_bot - Balance=102029.96 Equity=102029.96 Spread=0.90 pips
2026-05-05 17:54:05 INFO mt5_bot - Session filter: UTC hour=22 outside [7,20) and [0,0)
2026-05-05 17:54:20 INFO mt5_bot - Balance=102029.96 Equity=102029.96 Spread=0.90 pips
2026-05-05 17:54:20 INFO mt5_bot - Session filter: UTC hour=22 outside [7,20) and [0,0)
2026-05-05 17:54:35 INFO mt5_bot - Balance=102029.96 Equity=102029.96 Spread=0.90 pips
2026-05-05 17:54:35 INFO mt5_bot - Session filter: UTC hour=22 outside [7,20) and [0,0)
2026-05-05 17:54:50 INFO mt5_bot - Balance=102029.96 Equity=102029.96 Spread=0.90 pips
2026-05-05 17:54:50 INFO mt5_bot - Session filter: UTC hour=22 outside [7,20) and [0,0)
2026-05-05 17:55:05 INFO mt5_bot - Balance=102029.96 Equity=102029.96 Spread=0.90 pips
2026-05-05 17:55:05 INFO mt5_bot - Session filter: UTC hour=22 outside [7,20) and [0,0)
2026-05-05 17:55:20 INFO mt5_bot - Balance=102029.96 Equity=102029.96 Spread=0.90 pips
2026-05-05 17:55:20 INFO mt5_bot - Session filter: UTC hour=22 outside [7,20) and [0,0)
2026-05-05 17:55:35 INFO mt5_bot - Balance=102029.96 Equity=102029.96 Spread=0.90 pips
2026-05-05 17:55:35 INFO mt5_bot - Session filter: UTC hour=22 outside [7,20) and [0,0)
2026-05-05 17:55:50 INFO mt5_bot - Balance=102029.96 Equity=102029.96 Spread=0.90 pips
2026-05-05 17:55:50 INFO mt5_bot - Session filter: UTC hour=22 outside [7,20) and [0,0)
2026-05-05 17:56:05 INFO mt5_bot - Balance=102029.96 Equity=102029.96 Spread=0.90 pips
2026-05-05 17:56:05 INFO mt5_bot - Session filter: UTC hour=22 outside [7,20) and [0,0)
2026-05-05 17:56:20 INFO mt5_bot - Balance=102029.96 Equity=102029.96 Spread=0.90 pips
2026-05-05 17:56:20 INFO mt5_bot - Session filter: UTC hour=22 outside [7,20) and [0,0)
2026-05-05 17:56:35 INFO mt5_bot - Balance=102029.96 Equity=102029.96 Spread=0.90 pips
2026-05-05 17:56:35 INFO mt5_bot - Session filter: UTC hour=22 outside [7,20) and [0,0)
2026-05-05 17:56:50 INFO mt5_bot - Balance=102029.96 Equity=102029.96 Spread=0.90 pips
2026-05-05 17:56:50 INFO mt5_bot - Session filter: UTC hour=22 outside [7,20) and [0,0)
2026-05-05 17:57:05 INFO mt5_bot - Balance=102029.96 Equity=102029.96 Spread=0.90 pips
2026-05-05 17:57:05 INFO mt5_bot - Session filter: UTC hour=22 outside [7,20) and [0,0)
2026-05-05 17:57:20 INFO mt5_bot - Balance=102029.96 Equity=102029.96 Spread=0.90 pips
2026-05-05 17:57:20 INFO mt5_bot - Session filter: UTC hour=22 outside [7,20) and [0,0)
2026-05-05 17:57:35 INFO mt5_bot - Balance=102029.96 Equity=102029.96 Spread=0.90 pips
2026-05-05 17:57:35 INFO mt5_bot - Session filter: UTC hour=22 outside [7,20) and [0,0)
2026-05-05 17:57:50 INFO mt5_bot - Balance=102029.96 Equity=102029.96 Spread=0.90 pips
2026-05-05 17:57:50 INFO mt5_bot - Session filter: UTC hour=22 outside [7,20) and [0,0)
2026-05-05 17:58:05 INFO mt5_bot - Balance=102029.96 Equity=102029.96 Spread=0.90 pips
2026-05-05 17:58:05 INFO mt5_bot - Session filter: UTC hour=22 outside [7,20) and [0,0)
2026-05-05 17:58:20 INFO mt5_bot - Balance=102029.96 Equity=102029.96 Spread=0.90 pips
2026-05-05 17:58:20 INFO mt5_bot - Session filter: UTC hour=22 outside [7,20) and [0,0)
2026-05-05 17:58:35 INFO mt5_bot - Balance=102029.96 Equity=102029.96 Spread=0.90 pips
2026-05-05 17:58:35 INFO mt5_bot - Session filter: UTC hour=22 outside [7,20) and [0,0)
2026-05-05 17:58:50 INFO mt5_bot - Balance=102029.96 Equity=102029.96 Spread=0.90 pips
2026-05-05 17:58:50 INFO mt5_bot - Session filter: UTC hour=22 outside [7,20) and [0,0)
2026-05-05 17:59:05 INFO mt5_bot - Balance=102029.96 Equity=102029.96 Spread=0.90 pips
2026-05-05 17:59:05 INFO mt5_bot - Session filter: UTC hour=22 outside [7,20) and [0,0)
2026-05-05 17:59:20 INFO mt5_bot - Balance=102029.96 Equity=102029.96 Spread=0.90 pips
2026-05-05 17:59:20 INFO mt5_bot - Session filter: UTC hour=22 outside [7,20) and [0,0)
2026-05-05 17:59:35 INFO mt5_bot - Balance=102029.96 Equity=102029.96 Spread=0.90 pips
2026-05-05 17:59:35 INFO mt5_bot - Session filter: UTC hour=22 outside [7,20) and [0,0)
2026-05-05 17:59:50 INFO mt5_bot - Balance=102029.96 Equity=102029.96 Spread=0.90 pips
2026-05-05 17:59:50 INFO mt5_bot - Session filter: UTC hour=22 outside [7,20) and [0,0)
2026-05-05 18:00:05 INFO mt5_bot - Balance=102029.96 Equity=102029.96 Spread=0.90 pips
2026-05-05 18:00:05 INFO mt5_bot - Session filter: UTC hour=23 outside [7,20) and [0,0)
2026-05-05 18:00:20 INFO mt5_bot - Balance=102029.96 Equity=102029.96 Spread=0.90 pips
2026-05-05 18:00:20 INFO mt5_bot - Session filter: UTC hour=23 outside [7,20) and [0,0)
2026-05-05 18:00:35 INFO mt5_bot - Balance=102029.96 Equity=102029.96 Spread=0.90 pips
2026-05-05 18:00:35 INFO mt5_bot - Session filter: UTC hour=23 outside [7,20) and [0,0)
2026-05-05 18:00:50 INFO mt5_bot - Balance=102029.96 Equity=102029.96 Spread=0.90 pips
2026-05-05 18:00:50 INFO mt5_bot - Session filter: UTC hour=23 outside [7,20) and [0,0)
2026-05-05 18:01:05 INFO mt5_bot - Balance=102029.96 Equity=102029.96 Spread=0.90 pips
2026-05-05 18:01:05 INFO mt5_bot - Session filter: UTC hour=23 outside [7,20) and [0,0)
2026-05-05 18:01:20 INFO mt5_bot - Balance=102029.96 Equity=102029.96 Spread=0.90 pips
2026-05-05 18:01:20 INFO mt5_bot - Session filter: UTC hour=23 outside [7,20) and [0,0)
2026-05-05 18:01:35 INFO mt5_bot - Balance=102029.96 Equity=102029.96 Spread=0.90 pips
2026-05-05 18:01:35 INFO mt5_bot - Session filter: UTC hour=23 outside [7,20) and [0,0)
2026-05-05 18:01:50 INFO mt5_bot - Balance=102029.96 Equity=102029.96 Spread=0.90 pips
2026-05-05 18:01:50 INFO mt5_bot - Session filter: UTC hour=23 outside [7,20) and [0,0)
2026-05-05 18:02:05 INFO mt5_bot - Balance=102029.96 Equity=102029.96 Spread=0.90 pips
2026-05-05 18:02:05 INFO mt5_bot - Session filter: UTC hour=23 outside [7,20) and [0,0)
2026-05-05 18:02:20 INFO mt5_bot - Balance=102029.96 Equity=102029.96 Spread=0.90 pips
2026-05-05 18:02:20 INFO mt5_bot - Session filter: UTC hour=23 outside [7,20) and [0,0)
2026-05-05 18:02:35 INFO mt5_bot - Balance=102029.96 Equity=102029.96 Spread=0.90 pips
2026-05-05 18:02:35 INFO mt5_bot - Session filter: UTC hour=23 outside [7,20) and [0,0)
2026-05-05 18:02:50 INFO mt5_bot - Balance=102029.96 Equity=102029.96 Spread=0.90 pips
2026-05-05 18:02:50 INFO mt5_bot - Session filter: UTC hour=23 outside [7,20) and [0,0)
2026-05-05 18:03:05 INFO mt5_bot - Balance=102029.96 Equity=102029.96 Spread=0.90 pips
2026-05-05 18:03:05 INFO mt5_bot - Session filter: UTC hour=23 outside [7,20) and [0,0)
2026-05-05 18:03:20 INFO mt5_bot - Balance=102029.96 Equity=102029.96 Spread=0.90 pips
2026-05-05 18:03:20 INFO mt5_bot - Session filter: UTC hour=23 outside [7,20) and [0,0)
2026-05-05 18:03:35 INFO mt5_bot - Balance=102029.96 Equity=102029.96 Spread=0.90 pips
2026-05-05 18:03:35 INFO mt5_bot - Session filter: UTC hour=23 outside [7,20) and [0,0)
2026-05-05 18:03:50 INFO mt5_bot - Balance=102029.96 Equity=102029.96 Spread=0.90 pips
2026-05-05 18:03:50 INFO mt5_bot - Session filter: UTC hour=23 outside [7,20) and [0,0)
2026-05-05 18:04:05 INFO mt5_bot - Balance=102029.96 Equity=102029.96 Spread=0.90 pips
2026-05-05 18:04:05 INFO mt5_bot - Session filter: UTC hour=23 outside [7,20) and [0,0)
2026-05-05 18:04:20 INFO mt5_bot - Balance=102029.96 Equity=102029.96 Spread=0.90 pips
2026-05-05 18:04:20 INFO mt5_bot - Session filter: UTC hour=23 outside [7,20) and [0,0)
2026-05-05 18:04:35 INFO mt5_bot - Balance=102029.96 Equity=102029.96 Spread=0.90 pips
2026-05-05 18:04:35 INFO mt5_bot - Session filter: UTC hour=23 outside [7,20) and [0,0)
2026-05-05 18:04:50 INFO mt5_bot - Balance=102029.96 Equity=102029.96 Spread=0.90 pips
2026-05-05 18:04:50 INFO mt5_bot - Session filter: UTC hour=23 outside [7,20) and [0,0)
2026-05-05 18:05:05 INFO mt5_bot - Balance=102029.96 Equity=102029.96 Spread=0.90 pips
2026-05-05 18:05:05 INFO mt5_bot - Session filter: UTC hour=23 outside [7,20) and [0,0)
2026-05-05 18:05:20 INFO mt5_bot - Balance=102029.96 Equity=102029.96 Spread=0.90 pips
2026-05-05 18:05:20 INFO mt5_bot - Session filter: UTC hour=23 outside [7,20) and [0,0)
2026-05-05 18:05:35 INFO mt5_bot - Balance=102029.96 Equity=102029.96 Spread=0.90 pips
2026-05-05 18:05:35 INFO mt5_bot - Session filter: UTC hour=23 outside [7,20) and [0,0)
2026-05-05 18:05:50 INFO mt5_bot - Balance=102029.96 Equity=102029.96 Spread=0.90 pips
2026-05-05 18:05:50 INFO mt5_bot - Session filter: UTC hour=23 outside [7,20) and [0,0)
2026-05-05 18:06:05 INFO mt5_bot - Balance=102029.96 Equity=102029.96 Spread=0.90 pips
2026-05-05 18:06:05 INFO mt5_bot - Session filter: UTC hour=23 outside [7,20) and [0,0)
2026-05-05 18:06:20 INFO mt5_bot - Balance=102029.96 Equity=102029.96 Spread=0.90 pips
2026-05-05 18:06:20 INFO mt5_bot - Session filter: UTC hour=23 outside [7,20) and [0,0)
2026-05-05 18:06:35 INFO mt5_bot - Balance=102029.96 Equity=102029.96 Spread=0.90 pips
2026-05-05 18:06:35 INFO mt5_bot - Session filter: UTC hour=23 outside [7,20) and [0,0)
2026-05-05 18:06:50 INFO mt5_bot - Balance=102029.96 Equity=102029.96 Spread=0.90 pips
2026-05-05 18:06:50 INFO mt5_bot - Session filter: UTC hour=23 outside [7,20) and [0,0)
2026-05-05 18:07:05 INFO mt5_bot - Balance=102029.96 Equity=102029.96 Spread=0.90 pips
2026-05-05 18:07:05 INFO mt5_bot - Session filter: UTC hour=23 outside [7,20) and [0,0)
2026-05-05 18:07:20 INFO mt5_bot - Balance=102029.96 Equity=102029.96 Spread=0.90 pips
2026-05-05 18:07:20 INFO mt5_bot - Session filter: UTC hour=23 outside [7,20) and [0,0)
2026-05-05 18:07:35 INFO mt5_bot - Balance=102029.96 Equity=102029.96 Spread=0.90 pips
2026-05-05 18:07:35 INFO mt5_bot - Session filter: UTC hour=23 outside [7,20) and [0,0)
2026-05-05 18:07:50 INFO mt5_bot - Balance=102029.96 Equity=102029.96 Spread=0.90 pips
2026-05-05 18:07:50 INFO mt5_bot - Session filter: UTC hour=23 outside [7,20) and [0,0)
2026-05-05 18:08:05 INFO mt5_bot - Balance=102029.96 Equity=102029.96 Spread=0.90 pips
2026-05-05 18:08:05 INFO mt5_bot - Session filter: UTC hour=23 outside [7,20) and [0,0)
2026-05-05 18:08:20 INFO mt5_bot - Balance=102029.96 Equity=102029.96 Spread=0.90 pips
2026-05-05 18:08:20 INFO mt5_bot - Session filter: UTC hour=23 outside [7,20) and [0,0)
2026-05-05 18:08:35 INFO mt5_bot - Balance=102029.96 Equity=102029.96 Spread=0.90 pips
2026-05-05 18:08:35 INFO mt5_bot - Session filter: UTC hour=23 outside [7,20) and [0,0)
2026-05-05 18:08:50 INFO mt5_bot - Balance=102029.96 Equity=102029.96 Spread=0.90 pips
2026-05-05 18:08:50 INFO mt5_bot - Session filter: UTC hour=23 outside [7,20) and [0,0)
2026-05-05 18:09:05 INFO mt5_bot - Balance=102029.96 Equity=102029.96 Spread=0.90 pips
2026-05-05 18:09:05 INFO mt5_bot - Session filter: UTC hour=23 outside [7,20) and [0,0)
2026-05-05 18:09:20 INFO mt5_bot - Balance=102029.96 Equity=102029.96 Spread=0.90 pips
2026-05-05 18:09:20 INFO mt5_bot - Session filter: UTC hour=23 outside [7,20) and [0,0)
2026-05-05 18:09:35 INFO mt5_bot - Balance=102029.96 Equity=102029.96 Spread=0.90 pips
2026-05-05 18:09:35 INFO mt5_bot - Session filter: UTC hour=23 outside [7,20) and [0,0)
2026-05-05 18:09:50 INFO mt5_bot - Balance=102029.96 Equity=102029.96 Spread=0.90 pips
2026-05-05 18:09:50 INFO mt5_bot - Session filter: UTC hour=23 outside [7,20) and [0,0)
2026-05-05 18:10:05 INFO mt5_bot - Balance=102029.96 Equity=102029.96 Spread=0.90 pips
2026-05-05 18:10:05 INFO mt5_bot - Session filter: UTC hour=23 outside [7,20) and [0,0)
2026-05-05 18:10:20 INFO mt5_bot - Balance=102029.96 Equity=102029.96 Spread=0.90 pips
2026-05-05 18:10:20 INFO mt5_bot - Session filter: UTC hour=23 outside [7,20) and [0,0)
2026-05-05 18:10:35 INFO mt5_bot - Balance=102029.96 Equity=102029.96 Spread=0.90 pips
2026-05-05 18:10:35 INFO mt5_bot - Session filter: UTC hour=23 outside [7,20) and [0,0)
2026-05-05 18:10:50 INFO mt5_bot - Balance=102029.96 Equity=102029.96 Spread=0.90 pips
2026-05-05 18:10:50 INFO mt5_bot - Session filter: UTC hour=23 outside [7,20) and [0,0)
2026-05-05 18:11:05 INFO mt5_bot - Balance=102029.96 Equity=102029.96 Spread=0.90 pips
2026-05-05 18:11:05 INFO mt5_bot - Session filter: UTC hour=23 outside [7,20) and [0,0)
2026-05-05 18:11:20 INFO mt5_bot - Balance=102029.96 Equity=102029.96 Spread=0.90 pips
2026-05-05 18:11:20 INFO mt5_bot - Session filter: UTC hour=23 outside [7,20) and [0,0)
2026-05-05 18:11:35 INFO mt5_bot - Balance=102029.96 Equity=102029.96 Spread=0.90 pips
2026-05-05 18:11:35 INFO mt5_bot - Session filter: UTC hour=23 outside [7,20) and [0,0)
2026-05-05 18:11:50 INFO mt5_bot - Balance=102029.96 Equity=102029.96 Spread=0.90 pips
2026-05-05 18:11:50 INFO mt5_bot - Session filter: UTC hour=23 outside [7,20) and [0,0)
2026-05-05 18:12:05 INFO mt5_bot - Balance=102029.96 Equity=102029.96 Spread=0.90 pips
2026-05-05 18:12:05 INFO mt5_bot - Session filter: UTC hour=23 outside [7,20) and [0,0)
2026-05-05 18:12:20 INFO mt5_bot - Balance=102029.96 Equity=102029.96 Spread=0.90 pips
2026-05-05 18:12:20 INFO mt5_bot - Session filter: UTC hour=23 outside [7,20) and [0,0)
2026-05-05 18:12:35 INFO mt5_bot - Balance=102029.96 Equity=102029.96 Spread=0.90 pips
2026-05-05 18:12:35 INFO mt5_bot - Session filter: UTC hour=23 outside [7,20) and [0,0)
2026-05-05 18:12:50 INFO mt5_bot - Balance=102029.96 Equity=102029.96 Spread=0.90 pips
2026-05-05 18:12:50 INFO mt5_bot - Session filter: UTC hour=23 outside [7,20) and [0,0)
2026-05-05 18:13:05 INFO mt5_bot - Balance=102029.96 Equity=102029.96 Spread=0.90 pips
2026-05-05 18:13:05 INFO mt5_bot - Session filter: UTC hour=23 outside [7,20) and [0,0)
2026-05-05 18:13:20 INFO mt5_bot - Balance=102029.96 Equity=102029.96 Spread=0.90 pips
2026-05-05 18:13:20 INFO mt5_bot - Session filter: UTC hour=23 outside [7,20) and [0,0)
2026-05-05 18:13:35 INFO mt5_bot - Balance=102029.96 Equity=102029.96 Spread=0.90 pips
2026-05-05 18:13:35 INFO mt5_bot - Session filter: UTC hour=23 outside [7,20) and [0,0)
2026-05-05 18:13:50 INFO mt5_bot - Balance=102029.96 Equity=102029.96 Spread=0.90 pips
2026-05-05 18:13:50 INFO mt5_bot - Session filter: UTC hour=23 outside [7,20) and [0,0)
2026-05-05 18:14:05 INFO mt5_bot - Balance=102029.96 Equity=102029.96 Spread=0.90 pips
2026-05-05 18:14:05 INFO mt5_bot - Session filter: UTC hour=23 outside [7,20) and [0,0)
2026-05-05 18:14:20 INFO mt5_bot - Balance=102029.96 Equity=102029.96 Spread=0.90 pips
2026-05-05 18:14:20 INFO mt5_bot - Session filter: UTC hour=23 outside [7,20) and [0,0)
2026-05-05 18:14:35 INFO mt5_bot - Balance=102029.96 Equity=102029.96 Spread=0.90 pips
2026-05-05 18:14:35 INFO mt5_bot - Session filter: UTC hour=23 outside [7,20) and [0,0)
2026-05-05 18:14:50 INFO mt5_bot - Balance=102029.96 Equity=102029.96 Spread=0.90 pips
2026-05-05 18:14:50 INFO mt5_bot - Session filter: UTC hour=23 outside [7,20) and [0,0)
2026-05-05 18:15:05 INFO mt5_bot - Balance=102029.96 Equity=102029.96 Spread=0.90 pips
2026-05-05 18:15:05 INFO mt5_bot - Session filter: UTC hour=23 outside [7,20) and [0,0)
2026-05-05 18:15:20 INFO mt5_bot - Balance=102029.96 Equity=102029.96 Spread=0.90 pips
2026-05-05 18:15:20 INFO mt5_bot - Session filter: UTC hour=23 outside [7,20) and [0,0)
2026-05-05 18:15:35 INFO mt5_bot - Balance=102029.96 Equity=102029.96 Spread=0.90 pips
2026-05-05 18:15:35 INFO mt5_bot - Session filter: UTC hour=23 outside [7,20) and [0,0)
2026-05-05 18:15:50 INFO mt5_bot - Balance=102029.96 Equity=102029.96 Spread=0.90 pips
2026-05-05 18:15:50 INFO mt5_bot - Session filter: UTC hour=23 outside [7,20) and [0,0)
2026-05-05 18:16:05 INFO mt5_bot - Balance=102029.96 Equity=102029.96 Spread=0.90 pips
2026-05-05 18:16:05 INFO mt5_bot - Session filter: UTC hour=23 outside [7,20) and [0,0)
2026-05-05 18:16:20 INFO mt5_bot - Balance=102029.96 Equity=102029.96 Spread=0.90 pips
2026-05-05 18:16:20 INFO mt5_bot - Session filter: UTC hour=23 outside [7,20) and [0,0)
2026-05-05 18:16:35 INFO mt5_bot - Balance=102029.96 Equity=102029.96 Spread=0.90 pips
2026-05-05 18:16:35 INFO mt5_bot - Session filter: UTC hour=23 outside [7,20) and [0,0)
2026-05-05 18:16:50 INFO mt5_bot - Balance=102029.96 Equity=102029.96 Spread=0.90 pips
2026-05-05 18:16:50 INFO mt5_bot - Session filter: UTC hour=23 outside [7,20) and [0,0)
2026-05-05 18:17:05 INFO mt5_bot - Balance=102029.96 Equity=102029.96 Spread=0.90 pips
2026-05-05 18:17:05 INFO mt5_bot - Session filter: UTC hour=23 outside [7,20) and [0,0)
2026-05-05 18:17:20 INFO mt5_bot - Balance=102029.96 Equity=102029.96 Spread=0.90 pips
2026-05-05 18:17:20 INFO mt5_bot - Session filter: UTC hour=23 outside [7,20) and [0,0)
2026-05-05 18:17:35 INFO mt5_bot - Balance=102029.96 Equity=102029.96 Spread=0.90 pips
2026-05-05 18:17:35 INFO mt5_bot - Session filter: UTC hour=23 outside [7,20) and [0,0)
2026-05-05 18:17:50 INFO mt5_bot - Balance=102029.96 Equity=102029.96 Spread=0.90 pips
2026-05-05 18:17:50 INFO mt5_bot - Session filter: UTC hour=23 outside [7,20) and [0,0)
2026-05-05 18:18:05 INFO mt5_bot - Balance=102029.96 Equity=102029.96 Spread=0.90 pips
2026-05-05 18:18:05 INFO mt5_bot - Session filter: UTC hour=23 outside [7,20) and [0,0)
2026-05-05 18:18:20 INFO mt5_bot - Balance=102029.96 Equity=102029.96 Spread=0.90 pips
2026-05-05 18:18:20 INFO mt5_bot - Session filter: UTC hour=23 outside [7,20) and [0,0)
2026-05-05 18:18:35 INFO mt5_bot - Balance=102029.96 Equity=102029.96 Spread=0.90 pips
2026-05-05 18:18:35 INFO mt5_bot - Session filter: UTC hour=23 outside [7,20) and [0,0)
2026-05-05 18:18:50 INFO mt5_bot - Balance=102029.96 Equity=102029.96 Spread=0.90 pips
2026-05-05 18:18:50 INFO mt5_bot - Session filter: UTC hour=23 outside [7,20) and [0,0)
2026-05-05 18:19:05 INFO mt5_bot - Balance=102029.96 Equity=102029.96 Spread=0.90 pips
2026-05-05 18:19:05 INFO mt5_bot - Session filter: UTC hour=23 outside [7,20) and [0,0)
2026-05-05 18:19:20 INFO mt5_bot - Balance=102029.96 Equity=102029.96 Spread=0.90 pips
2026-05-05 18:19:20 INFO mt5_bot - Session filter: UTC hour=23 outside [7,20) and [0,0)
2026-05-05 18:19:35 INFO mt5_bot - Balance=102029.96 Equity=102029.96 Spread=0.90 pips
2026-05-05 18:19:35 INFO mt5_bot - Session filter: UTC hour=23 outside [7,20) and [0,0)
2026-05-05 18:19:50 INFO mt5_bot - Balance=102029.96 Equity=102029.96 Spread=0.90 pips
2026-05-05 18:19:50 INFO mt5_bot - Session filter: UTC hour=23 outside [7,20) and [0,0)
2026-05-05 18:20:05 INFO mt5_bot - Balance=102029.96 Equity=102029.96 Spread=0.90 pips
2026-05-05 18:20:05 INFO mt5_bot - Session filter: UTC hour=23 outside [7,20) and [0,0)
2026-05-05 18:20:20 INFO mt5_bot - Balance=102029.96 Equity=102029.96 Spread=0.90 pips
2026-05-05 18:20:20 INFO mt5_bot - Session filter: UTC hour=23 outside [7,20) and [0,0)
2026-05-05 18:20:35 INFO mt5_bot - Balance=102029.96 Equity=102029.96 Spread=0.90 pips
2026-05-05 18:20:35 INFO mt5_bot - Session filter: UTC hour=23 outside [7,20) and [0,0)
2026-05-05 18:20:50 INFO mt5_bot - Balance=102029.96 Equity=102029.96 Spread=0.90 pips
2026-05-05 18:20:50 INFO mt5_bot - Session filter: UTC hour=23 outside [7,20) and [0,0)
2026-05-05 18:21:05 INFO mt5_bot - Balance=102029.96 Equity=102029.96 Spread=0.90 pips
2026-05-05 18:21:05 INFO mt5_bot - Session filter: UTC hour=23 outside [7,20) and [0,0)
2026-05-05 18:21:20 INFO mt5_bot - Balance=102029.96 Equity=102029.96 Spread=0.90 pips
2026-05-05 18:21:20 INFO mt5_bot - Session filter: UTC hour=23 outside [7,20) and [0,0)
2026-05-05 18:21:35 INFO mt5_bot - Balance=102029.96 Equity=102029.96 Spread=0.90 pips
2026-05-05 18:21:35 INFO mt5_bot - Session filter: UTC hour=23 outside [7,20) and [0,0)
2026-05-05 18:21:50 INFO mt5_bot - Balance=102029.96 Equity=102029.96 Spread=0.90 pips
2026-05-05 18:21:50 INFO mt5_bot - Session filter: UTC hour=23 outside [7,20) and [0,0)
2026-05-05 18:22:05 INFO mt5_bot - Balance=102029.96 Equity=102029.96 Spread=0.90 pips
2026-05-05 18:22:05 INFO mt5_bot - Session filter: UTC hour=23 outside [7,20) and [0,0)
2026-05-05 18:22:20 INFO mt5_bot - Balance=102029.96 Equity=102029.96 Spread=0.90 pips
2026-05-05 18:22:20 INFO mt5_bot - Session filter: UTC hour=23 outside [7,20) and [0,0)
2026-05-05 18:22:35 INFO mt5_bot - Balance=102029.96 Equity=102029.96 Spread=0.90 pips
2026-05-05 18:22:35 INFO mt5_bot - Session filter: UTC hour=23 outside [7,20) and [0,0)
2026-05-05 18:22:50 INFO mt5_bot - Balance=102029.96 Equity=102029.96 Spread=0.90 pips
2026-05-05 18:22:50 INFO mt5_bot - Session filter: UTC hour=23 outside [7,20) and [0,0)
2026-05-05 18:23:05 INFO mt5_bot - Balance=102029.96 Equity=102029.96 Spread=0.90 pips
2026-05-05 18:23:05 INFO mt5_bot - Session filter: UTC hour=23 outside [7,20) and [0,0)
2026-05-05 18:23:20 INFO mt5_bot - Balance=102029.96 Equity=102029.96 Spread=0.90 pips
2026-05-05 18:23:20 INFO mt5_bot - Session filter: UTC hour=23 outside [7,20) and [0,0)
2026-05-05 18:23:35 INFO mt5_bot - Balance=102029.96 Equity=102029.96 Spread=0.90 pips
2026-05-05 18:23:35 INFO mt5_bot - Session filter: UTC hour=23 outside [7,20) and [0,0)
2026-05-05 18:23:50 INFO mt5_bot - Balance=102029.96 Equity=102029.96 Spread=0.90 pips
2026-05-05 18:23:50 INFO mt5_bot - Session filter: UTC hour=23 outside [7,20) and [0,0)
2026-05-05 18:24:05 INFO mt5_bot - Balance=102029.96 Equity=102029.96 Spread=0.90 pips
2026-05-05 18:24:05 INFO mt5_bot - Session filter: UTC hour=23 outside [7,20) and [0,0)
2026-05-05 18:24:20 INFO mt5_bot - Balance=102029.96 Equity=102029.96 Spread=0.90 pips
2026-05-05 18:24:20 INFO mt5_bot - Session filter: UTC hour=23 outside [7,20) and [0,0)
2026-05-05 18:24:35 INFO mt5_bot - Balance=102029.96 Equity=102029.96 Spread=0.90 pips
2026-05-05 18:24:35 INFO mt5_bot - Session filter: UTC hour=23 outside [7,20) and [0,0)
2026-05-05 18:24:50 INFO mt5_bot - Balance=102029.96 Equity=102029.96 Spread=0.90 pips
2026-05-05 18:24:50 INFO mt5_bot - Session filter: UTC hour=23 outside [7,20) and [0,0)
2026-05-05 18:25:05 INFO mt5_bot - Balance=102029.96 Equity=102029.96 Spread=0.90 pips
2026-05-05 18:25:05 INFO mt5_bot - Session filter: UTC hour=23 outside [7,20) and [0,0)
2026-05-05 18:25:20 INFO mt5_bot - Balance=102029.96 Equity=102029.96 Spread=0.90 pips
2026-05-05 18:25:20 INFO mt5_bot - Session filter: UTC hour=23 outside [7,20) and [0,0)
2026-05-05 18:25:35 INFO mt5_bot - Balance=102029.96 Equity=102029.96 Spread=0.90 pips
2026-05-05 18:25:35 INFO mt5_bot - Session filter: UTC hour=23 outside [7,20) and [0,0)
2026-05-05 18:25:50 INFO mt5_bot - Balance=102029.96 Equity=102029.96 Spread=0.90 pips
2026-05-05 18:25:50 INFO mt5_bot - Session filter: UTC hour=23 outside [7,20) and [0,0)
2026-05-05 18:26:05 INFO mt5_bot - Balance=102029.96 Equity=102029.96 Spread=0.90 pips
2026-05-05 18:26:05 INFO mt5_bot - Session filter: UTC hour=23 outside [7,20) and [0,0)
2026-05-05 18:26:20 INFO mt5_bot - Balance=102029.96 Equity=102029.96 Spread=0.90 pips
2026-05-05 18:26:20 INFO mt5_bot - Session filter: UTC hour=23 outside [7,20) and [0,0)
2026-05-05 18:26:35 INFO mt5_bot - Balance=102029.96 Equity=102029.96 Spread=0.90 pips
2026-05-05 18:26:35 INFO mt5_bot - Session filter: UTC hour=23 outside [7,20) and [0,0)
2026-05-05 18:26:50 INFO mt5_bot - Balance=102029.96 Equity=102029.96 Spread=0.90 pips
2026-05-05 18:26:50 INFO mt5_bot - Session filter: UTC hour=23 outside [7,20) and [0,0)
2026-05-05 18:27:05 INFO mt5_bot - Balance=102029.96 Equity=102029.96 Spread=0.80 pips
2026-05-05 18:27:05 INFO mt5_bot - Session filter: UTC hour=23 outside [7,20) and [0,0)
2026-05-05 18:27:20 INFO mt5_bot - Balance=102029.96 Equity=102029.96 Spread=0.90 pips
2026-05-05 18:27:20 INFO mt5_bot - Session filter: UTC hour=23 outside [7,20) and [0,0)
2026-05-05 18:27:35 INFO mt5_bot - Balance=102029.96 Equity=102029.96 Spread=0.80 pips
2026-05-05 18:27:35 INFO mt5_bot - Session filter: UTC hour=23 outside [7,20) and [0,0)
2026-05-05 18:27:50 INFO mt5_bot - Balance=102029.96 Equity=102029.96 Spread=0.90 pips
2026-05-05 18:27:50 INFO mt5_bot - Session filter: UTC hour=23 outside [7,20) and [0,0)
2026-05-05 18:28:05 INFO mt5_bot - Balance=102029.96 Equity=102029.96 Spread=0.90 pips
2026-05-05 18:28:05 INFO mt5_bot - Session filter: UTC hour=23 outside [7,20) and [0,0)
2026-05-05 18:28:20 INFO mt5_bot - Balance=102029.96 Equity=102029.96 Spread=0.90 pips
2026-05-05 18:28:20 INFO mt5_bot - Session filter: UTC hour=23 outside [7,20) and [0,0)
2026-05-05 18:28:35 INFO mt5_bot - Balance=102029.96 Equity=102029.96 Spread=0.90 pips
2026-05-05 18:28:35 INFO mt5_bot - Session filter: UTC hour=23 outside [7,20) and [0,0)
2026-05-05 18:28:50 INFO mt5_bot - Balance=102029.96 Equity=102029.96 Spread=0.90 pips
2026-05-05 18:28:50 INFO mt5_bot - Session filter: UTC hour=23 outside [7,20) and [0,0)
2026-05-05 18:29:05 INFO mt5_bot - Balance=102029.96 Equity=102029.96 Spread=0.90 pips
2026-05-05 18:29:05 INFO mt5_bot - Session filter: UTC hour=23 outside [7,20) and [0,0)
2026-05-05 18:29:21 INFO mt5_bot - Balance=102029.96 Equity=102029.96 Spread=0.90 pips
2026-05-05 18:29:21 INFO mt5_bot - Session filter: UTC hour=23 outside [7,20) and [0,0)
2026-05-05 18:29:36 INFO mt5_bot - Balance=102029.96 Equity=102029.96 Spread=0.90 pips
2026-05-05 18:29:36 INFO mt5_bot - Session filter: UTC hour=23 outside [7,20) and [0,0)
2026-05-05 18:29:51 INFO mt5_bot - Balance=102029.96 Equity=102029.96 Spread=0.90 pips
2026-05-05 18:29:51 INFO mt5_bot - Session filter: UTC hour=23 outside [7,20) and [0,0)
2026-05-05 18:30:06 INFO mt5_bot - Balance=102029.96 Equity=102029.96 Spread=0.90 pips
2026-05-05 18:30:06 INFO mt5_bot - Session filter: UTC hour=23 outside [7,20) and [0,0)
2026-05-05 18:30:21 INFO mt5_bot - Balance=102029.96 Equity=102029.96 Spread=0.90 pips
2026-05-05 18:30:21 INFO mt5_bot - Session filter: UTC hour=23 outside [7,20) and [0,0)
2026-05-05 18:30:36 INFO mt5_bot - Balance=102029.96 Equity=102029.96 Spread=0.90 pips
2026-05-05 18:30:36 INFO mt5_bot - Session filter: UTC hour=23 outside [7,20) and [0,0)
2026-05-05 18:30:51 INFO mt5_bot - Balance=102029.96 Equity=102029.96 Spread=0.90 pips
2026-05-05 18:30:51 INFO mt5_bot - Session filter: UTC hour=23 outside [7,20) and [0,0)
2026-05-05 18:31:06 INFO mt5_bot - Balance=102029.96 Equity=102029.96 Spread=0.90 pips
2026-05-05 18:31:06 INFO mt5_bot - Session filter: UTC hour=23 outside [7,20) and [0,0)
2026-05-05 18:31:21 INFO mt5_bot - Balance=102029.96 Equity=102029.96 Spread=0.90 pips
2026-05-05 18:31:21 INFO mt5_bot - Session filter: UTC hour=23 outside [7,20) and [0,0)
2026-05-05 18:31:36 INFO mt5_bot - Balance=102029.96 Equity=102029.96 Spread=0.90 pips
2026-05-05 18:31:36 INFO mt5_bot - Session filter: UTC hour=23 outside [7,20) and [0,0)
2026-05-05 18:31:51 INFO mt5_bot - Balance=102029.96 Equity=102029.96 Spread=0.90 pips
2026-05-05 18:31:51 INFO mt5_bot - Session filter: UTC hour=23 outside [7,20) and [0,0)
2026-05-05 18:32:06 INFO mt5_bot - Balance=102029.96 Equity=102029.96 Spread=0.90 pips
2026-05-05 18:32:06 INFO mt5_bot - Session filter: UTC hour=23 outside [7,20) and [0,0)
2026-05-05 18:32:21 INFO mt5_bot - Balance=102029.96 Equity=102029.96 Spread=0.90 pips
2026-05-05 18:32:21 INFO mt5_bot - Session filter: UTC hour=23 outside [7,20) and [0,0)
2026-05-05 18:32:36 INFO mt5_bot - Balance=102029.96 Equity=102029.96 Spread=0.90 pips
2026-05-05 18:32:36 INFO mt5_bot - Session filter: UTC hour=23 outside [7,20) and [0,0)
2026-05-05 18:32:51 INFO mt5_bot - Balance=102029.96 Equity=102029.96 Spread=0.90 pips
2026-05-05 18:32:51 INFO mt5_bot - Session filter: UTC hour=23 outside [7,20) and [0,0)
2026-05-05 18:33:06 INFO mt5_bot - Balance=102029.96 Equity=102029.96 Spread=0.80 pips
2026-05-05 18:33:06 INFO mt5_bot - Session filter: UTC hour=23 outside [7,20) and [0,0)
2026-05-05 18:33:21 INFO mt5_bot - Balance=102029.96 Equity=102029.96 Spread=0.90 pips
2026-05-05 18:33:21 INFO mt5_bot - Session filter: UTC hour=23 outside [7,20) and [0,0)
2026-05-05 18:33:36 INFO mt5_bot - Balance=102029.96 Equity=102029.96 Spread=0.90 pips
2026-05-05 18:33:36 INFO mt5_bot - Session filter: UTC hour=23 outside [7,20) and [0,0)
2026-05-05 18:33:51 INFO mt5_bot - Balance=102029.96 Equity=102029.96 Spread=0.90 pips
2026-05-05 18:33:51 INFO mt5_bot - Session filter: UTC hour=23 outside [7,20) and [0,0)
2026-05-05 18:34:06 INFO mt5_bot - Balance=102029.96 Equity=102029.96 Spread=0.90 pips
2026-05-05 18:34:06 INFO mt5_bot - Session filter: UTC hour=23 outside [7,20) and [0,0)
2026-05-05 18:34:21 INFO mt5_bot - Balance=102029.96 Equity=102029.96 Spread=0.90 pips
2026-05-05 18:34:21 INFO mt5_bot - Session filter: UTC hour=23 outside [7,20) and [0,0)
2026-05-05 18:34:36 INFO mt5_bot - Balance=102029.96 Equity=102029.96 Spread=0.90 pips
2026-05-05 18:34:36 INFO mt5_bot - Session filter: UTC hour=23 outside [7,20) and [0,0)
2026-05-05 18:34:51 INFO mt5_bot - Balance=102029.96 Equity=102029.96 Spread=0.90 pips
2026-05-05 18:34:51 INFO mt5_bot - Session filter: UTC hour=23 outside [7,20) and [0,0)
2026-05-05 18:35:06 INFO mt5_bot - Balance=102029.96 Equity=102029.96 Spread=0.90 pips
2026-05-05 18:35:06 INFO mt5_bot - Session filter: UTC hour=23 outside [7,20) and [0,0)
2026-05-05 18:35:21 INFO mt5_bot - Balance=102029.96 Equity=102029.96 Spread=0.90 pips
2026-05-05 18:35:21 INFO mt5_bot - Session filter: UTC hour=23 outside [7,20) and [0,0)
2026-05-05 18:35:36 INFO mt5_bot - Balance=102029.96 Equity=102029.96 Spread=0.90 pips
2026-05-05 18:35:36 INFO mt5_bot - Session filter: UTC hour=23 outside [7,20) and [0,0)
2026-05-05 18:35:51 INFO mt5_bot - Balance=102029.96 Equity=102029.96 Spread=0.90 pips
2026-05-05 18:35:51 INFO mt5_bot - Session filter: UTC hour=23 outside [7,20) and [0,0)
2026-05-05 18:36:06 INFO mt5_bot - Balance=102029.96 Equity=102029.96 Spread=0.90 pips
2026-05-05 18:36:06 INFO mt5_bot - Session filter: UTC hour=23 outside [7,20) and [0,0)
2026-05-05 18:36:21 INFO mt5_bot - Balance=102029.96 Equity=102029.96 Spread=0.90 pips
2026-05-05 18:36:21 INFO mt5_bot - Session filter: UTC hour=23 outside [7,20) and [0,0)
2026-05-05 18:36:36 INFO mt5_bot - Balance=102029.96 Equity=102029.96 Spread=0.90 pips
2026-05-05 18:36:36 INFO mt5_bot - Session filter: UTC hour=23 outside [7,20) and [0,0)
2026-05-05 18:36:51 INFO mt5_bot - Balance=102029.96 Equity=102029.96 Spread=0.90 pips
2026-05-05 18:36:51 INFO mt5_bot - Session filter: UTC hour=23 outside [7,20) and [0,0)
2026-05-05 18:37:06 INFO mt5_bot - Balance=102029.96 Equity=102029.96 Spread=0.90 pips
2026-05-05 18:37:06 INFO mt5_bot - Session filter: UTC hour=23 outside [7,20) and [0,0)
2026-05-05 18:37:21 INFO mt5_bot - Balance=102029.96 Equity=102029.96 Spread=0.90 pips
2026-05-05 18:37:21 INFO mt5_bot - Session filter: UTC hour=23 outside [7,20) and [0,0)
2026-05-05 18:37:36 INFO mt5_bot - Balance=102029.96 Equity=102029.96 Spread=0.90 pips
2026-05-05 18:37:36 INFO mt5_bot - Session filter: UTC hour=23 outside [7,20) and [0,0)
2026-05-05 18:37:51 INFO mt5_bot - Balance=102029.96 Equity=102029.96 Spread=0.90 pips
2026-05-05 18:37:51 INFO mt5_bot - Session filter: UTC hour=23 outside [7,20) and [0,0)
2026-05-05 18:38:06 INFO mt5_bot - Balance=102029.96 Equity=102029.96 Spread=0.90 pips
2026-05-05 18:38:06 INFO mt5_bot - Session filter: UTC hour=23 outside [7,20) and [0,0)
2026-05-05 18:38:21 INFO mt5_bot - Balance=102029.96 Equity=102029.96 Spread=0.90 pips
2026-05-05 18:38:21 INFO mt5_bot - Session filter: UTC hour=23 outside [7,20) and [0,0)
2026-05-05 18:38:36 INFO mt5_bot - Balance=102029.96 Equity=102029.96 Spread=0.90 pips
2026-05-05 18:38:36 INFO mt5_bot - Session filter: UTC hour=23 outside [7,20) and [0,0)
2026-05-05 18:38:51 INFO mt5_bot - Balance=102029.96 Equity=102029.96 Spread=0.90 pips
2026-05-05 18:38:51 INFO mt5_bot - Session filter: UTC hour=23 outside [7,20) and [0,0)
2026-05-05 18:39:06 INFO mt5_bot - Balance=102029.96 Equity=102029.96 Spread=0.90 pips
2026-05-05 18:39:06 INFO mt5_bot - Session filter: UTC hour=23 outside [7,20) and [0,0)
2026-05-05 18:39:21 INFO mt5_bot - Balance=102029.96 Equity=102029.96 Spread=0.90 pips
2026-05-05 18:39:21 INFO mt5_bot - Session filter: UTC hour=23 outside [7,20) and [0,0)
2026-05-05 18:39:36 INFO mt5_bot - Balance=102029.96 Equity=102029.96 Spread=0.90 pips
2026-05-05 18:39:36 INFO mt5_bot - Session filter: UTC hour=23 outside [7,20) and [0,0)
2026-05-05 18:39:51 INFO mt5_bot - Balance=102029.96 Equity=102029.96 Spread=0.90 pips
2026-05-05 18:39:51 INFO mt5_bot - Session filter: UTC hour=23 outside [7,20) and [0,0)
2026-05-05 18:40:06 INFO mt5_bot - Balance=102029.96 Equity=102029.96 Spread=0.90 pips
2026-05-05 18:40:06 INFO mt5_bot - Session filter: UTC hour=23 outside [7,20) and [0,0)
2026-05-05 18:40:21 INFO mt5_bot - Balance=102029.96 Equity=102029.96 Spread=0.90 pips
2026-05-05 18:40:21 INFO mt5_bot - Session filter: UTC hour=23 outside [7,20) and [0,0)
2026-05-05 18:40:36 INFO mt5_bot - Balance=102029.96 Equity=102029.96 Spread=0.90 pips
2026-05-05 18:40:36 INFO mt5_bot - Session filter: UTC hour=23 outside [7,20) and [0,0)
2026-05-05 18:40:51 INFO mt5_bot - Balance=102029.96 Equity=102029.96 Spread=0.90 pips
2026-05-05 18:40:51 INFO mt5_bot - Session filter: UTC hour=23 outside [7,20) and [0,0)
2026-05-05 18:41:06 INFO mt5_bot - Balance=102029.96 Equity=102029.96 Spread=0.90 pips
2026-05-05 18:41:06 INFO mt5_bot - Session filter: UTC hour=23 outside [7,20) and [0,0)
2026-05-05 18:41:21 INFO mt5_bot - Balance=102029.96 Equity=102029.96 Spread=0.90 pips
2026-05-05 18:41:21 INFO mt5_bot - Session filter: UTC hour=23 outside [7,20) and [0,0)
2026-05-05 18:41:36 INFO mt5_bot - Balance=102029.96 Equity=102029.96 Spread=0.90 pips
2026-05-05 18:41:36 INFO mt5_bot - Session filter: UTC hour=23 outside [7,20) and [0,0)
2026-05-05 18:41:51 INFO mt5_bot - Balance=102029.96 Equity=102029.96 Spread=0.90 pips
2026-05-05 18:41:51 INFO mt5_bot - Session filter: UTC hour=23 outside [7,20) and [0,0)
2026-05-05 18:42:06 INFO mt5_bot - Balance=102029.96 Equity=102029.96 Spread=0.90 pips
2026-05-05 18:42:06 INFO mt5_bot - Session filter: UTC hour=23 outside [7,20) and [0,0)
2026-05-05 18:42:21 INFO mt5_bot - Balance=102029.96 Equity=102029.96 Spread=0.90 pips
2026-05-05 18:42:21 INFO mt5_bot - Session filter: UTC hour=23 outside [7,20) and [0,0)
2026-05-05 18:42:36 INFO mt5_bot - Balance=102029.96 Equity=102029.96 Spread=0.90 pips
2026-05-05 18:42:36 INFO mt5_bot - Session filter: UTC hour=23 outside [7,20) and [0,0)
2026-05-05 18:42:51 INFO mt5_bot - Balance=102029.96 Equity=102029.96 Spread=0.90 pips
2026-05-05 18:42:51 INFO mt5_bot - Session filter: UTC hour=23 outside [7,20) and [0,0)
2026-05-05 18:43:06 INFO mt5_bot - Balance=102029.96 Equity=102029.96 Spread=0.90 pips
2026-05-05 18:43:06 INFO mt5_bot - Session filter: UTC hour=23 outside [7,20) and [0,0)
2026-05-05 18:43:21 INFO mt5_bot - Balance=102029.96 Equity=102029.96 Spread=0.90 pips
2026-05-05 18:43:21 INFO mt5_bot - Session filter: UTC hour=23 outside [7,20) and [0,0)
2026-05-05 18:43:36 INFO mt5_bot - Balance=102029.96 Equity=102029.96 Spread=0.90 pips
2026-05-05 18:43:36 INFO mt5_bot - Session filter: UTC hour=23 outside [7,20) and [0,0)
2026-05-05 18:43:51 INFO mt5_bot - Balance=102029.96 Equity=102029.96 Spread=0.90 pips
2026-05-05 18:43:51 INFO mt5_bot - Session filter: UTC hour=23 outside [7,20) and [0,0)
2026-05-05 18:44:06 INFO mt5_bot - Balance=102029.96 Equity=102029.96 Spread=0.90 pips
2026-05-05 18:44:06 INFO mt5_bot - Session filter: UTC hour=23 outside [7,20) and [0,0)
2026-05-05 18:44:21 INFO mt5_bot - Balance=102029.96 Equity=102029.96 Spread=0.90 pips
2026-05-05 18:44:21 INFO mt5_bot - Session filter: UTC hour=23 outside [7,20) and [0,0)
2026-05-05 18:44:36 INFO mt5_bot - Balance=102029.96 Equity=102029.96 Spread=0.90 pips
2026-05-05 18:44:36 INFO mt5_bot - Session filter: UTC hour=23 outside [7,20) and [0,0)
2026-05-05 18:44:51 INFO mt5_bot - Balance=102029.96 Equity=102029.96 Spread=0.90 pips
2026-05-05 18:44:51 INFO mt5_bot - Session filter: UTC hour=23 outside [7,20) and [0,0)
2026-05-05 18:45:06 INFO mt5_bot - Balance=102029.96 Equity=102029.96 Spread=0.90 pips
2026-05-05 18:45:06 INFO mt5_bot - Session filter: UTC hour=23 outside [7,20) and [0,0)
2026-05-05 18:45:21 INFO mt5_bot - Balance=102029.96 Equity=102029.96 Spread=0.90 pips
2026-05-05 18:45:21 INFO mt5_bot - Session filter: UTC hour=23 outside [7,20) and [0,0)
2026-05-05 18:45:36 INFO mt5_bot - Balance=102029.96 Equity=102029.96 Spread=0.90 pips
2026-05-05 18:45:36 INFO mt5_bot - Session filter: UTC hour=23 outside [7,20) and [0,0)
2026-05-05 18:45:51 INFO mt5_bot - Balance=102029.96 Equity=102029.96 Spread=0.90 pips
2026-05-05 18:45:51 INFO mt5_bot - Session filter: UTC hour=23 outside [7,20) and [0,0)
2026-05-05 18:46:06 INFO mt5_bot - Balance=102029.96 Equity=102029.96 Spread=0.90 pips
2026-05-05 18:46:06 INFO mt5_bot - Session filter: UTC hour=23 outside [7,20) and [0,0)
2026-05-05 18:46:21 INFO mt5_bot - Balance=102029.96 Equity=102029.96 Spread=0.90 pips
2026-05-05 18:46:21 INFO mt5_bot - Session filter: UTC hour=23 outside [7,20) and [0,0)
2026-05-05 18:46:36 INFO mt5_bot - Balance=102029.96 Equity=102029.96 Spread=0.90 pips
2026-05-05 18:46:36 INFO mt5_bot - Session filter: UTC hour=23 outside [7,20) and [0,0)
2026-05-05 18:46:51 INFO mt5_bot - Balance=102029.96 Equity=102029.96 Spread=0.90 pips
2026-05-05 18:46:51 INFO mt5_bot - Session filter: UTC hour=23 outside [7,20) and [0,0)
2026-05-05 18:47:06 INFO mt5_bot - Balance=102029.96 Equity=102029.96 Spread=0.90 pips
2026-05-05 18:47:06 INFO mt5_bot - Session filter: UTC hour=23 outside [7,20) and [0,0)
2026-05-05 18:47:21 INFO mt5_bot - Balance=102029.96 Equity=102029.96 Spread=0.90 pips
2026-05-05 18:47:21 INFO mt5_bot - Session filter: UTC hour=23 outside [7,20) and [0,0)
2026-05-05 18:47:36 INFO mt5_bot - Balance=102029.96 Equity=102029.96 Spread=0.90 pips
2026-05-05 18:47:36 INFO mt5_bot - Session filter: UTC hour=23 outside [7,20) and [0,0)
2026-05-05 18:47:51 INFO mt5_bot - Balance=102029.96 Equity=102029.96 Spread=0.90 pips
2026-05-05 18:47:51 INFO mt5_bot - Session filter: UTC hour=23 outside [7,20) and [0,0)
2026-05-05 18:48:06 INFO mt5_bot - Balance=102029.96 Equity=102029.96 Spread=0.90 pips
2026-05-05 18:48:06 INFO mt5_bot - Session filter: UTC hour=23 outside [7,20) and [0,0)
2026-05-05 18:48:21 INFO mt5_bot - Balance=102029.96 Equity=102029.96 Spread=0.90 pips
2026-05-05 18:48:21 INFO mt5_bot - Session filter: UTC hour=23 outside [7,20) and [0,0)
2026-05-05 18:48:36 INFO mt5_bot - Balance=102029.96 Equity=102029.96 Spread=0.90 pips
2026-05-05 18:48:36 INFO mt5_bot - Session filter: UTC hour=23 outside [7,20) and [0,0)
2026-05-05 18:48:51 INFO mt5_bot - Balance=102029.96 Equity=102029.96 Spread=0.90 pips
2026-05-05 18:48:51 INFO mt5_bot - Session filter: UTC hour=23 outside [7,20) and [0,0)
2026-05-05 18:49:06 INFO mt5_bot - Balance=102029.96 Equity=102029.96 Spread=0.90 pips
2026-05-05 18:49:06 INFO mt5_bot - Session filter: UTC hour=23 outside [7,20) and [0,0)
2026-05-05 18:49:21 INFO mt5_bot - Balance=102029.96 Equity=102029.96 Spread=0.90 pips
2026-05-05 18:49:21 INFO mt5_bot - Session filter: UTC hour=23 outside [7,20) and [0,0)
2026-05-05 18:49:36 INFO mt5_bot - Balance=102029.96 Equity=102029.96 Spread=0.90 pips
2026-05-05 18:49:36 INFO mt5_bot - Session filter: UTC hour=23 outside [7,20) and [0,0)
2026-05-05 18:49:51 INFO mt5_bot - Balance=102029.96 Equity=102029.96 Spread=0.90 pips
2026-05-05 18:49:51 INFO mt5_bot - Session filter: UTC hour=23 outside [7,20) and [0,0)
2026-05-05 18:50:06 INFO mt5_bot - Balance=102029.96 Equity=102029.96 Spread=0.90 pips
2026-05-05 18:50:06 INFO mt5_bot - Session filter: UTC hour=23 outside [7,20) and [0,0)
2026-05-05 18:50:21 INFO mt5_bot - Balance=102029.96 Equity=102029.96 Spread=0.90 pips
2026-05-05 18:50:21 INFO mt5_bot - Session filter: UTC hour=23 outside [7,20) and [0,0)
2026-05-05 18:50:36 INFO mt5_bot - Balance=102029.96 Equity=102029.96 Spread=0.90 pips
2026-05-05 18:50:36 INFO mt5_bot - Session filter: UTC hour=23 outside [7,20) and [0,0)
2026-05-05 18:50:51 INFO mt5_bot - Balance=102029.96 Equity=102029.96 Spread=0.90 pips
2026-05-05 18:50:51 INFO mt5_bot - Session filter: UTC hour=23 outside [7,20) and [0,0)
2026-05-05 18:51:06 INFO mt5_bot - Balance=102029.96 Equity=102029.96 Spread=0.90 pips
2026-05-05 18:51:06 INFO mt5_bot - Session filter: UTC hour=23 outside [7,20) and [0,0)
2026-05-05 18:51:21 INFO mt5_bot - Balance=102029.96 Equity=102029.96 Spread=0.90 pips
2026-05-05 18:51:21 INFO mt5_bot - Session filter: UTC hour=23 outside [7,20) and [0,0)
2026-05-05 18:51:36 INFO mt5_bot - Balance=102029.96 Equity=102029.96 Spread=0.80 pips
2026-05-05 18:51:36 INFO mt5_bot - Session filter: UTC hour=23 outside [7,20) and [0,0)
2026-05-05 18:51:51 INFO mt5_bot - Balance=102029.96 Equity=102029.96 Spread=0.90 pips
2026-05-05 18:51:51 INFO mt5_bot - Session filter: UTC hour=23 outside [7,20) and [0,0)
2026-05-05 18:52:06 INFO mt5_bot - Balance=102029.96 Equity=102029.96 Spread=0.90 pips
2026-05-05 18:52:06 INFO mt5_bot - Session filter: UTC hour=23 outside [7,20) and [0,0)
2026-05-05 18:52:21 INFO mt5_bot - Balance=102029.96 Equity=102029.96 Spread=0.90 pips
2026-05-05 18:52:21 INFO mt5_bot - Session filter: UTC hour=23 outside [7,20) and [0,0)
2026-05-05 18:52:36 INFO mt5_bot - Balance=102029.96 Equity=102029.96 Spread=0.90 pips
2026-05-05 18:52:36 INFO mt5_bot - Session filter: UTC hour=23 outside [7,20) and [0,0)
2026-05-05 18:52:51 INFO mt5_bot - Balance=102029.96 Equity=102029.96 Spread=0.90 pips
2026-05-05 18:52:51 INFO mt5_bot - Session filter: UTC hour=23 outside [7,20) and [0,0)
2026-05-05 18:53:06 INFO mt5_bot - Balance=102029.96 Equity=102029.96 Spread=0.90 pips
2026-05-05 18:53:06 INFO mt5_bot - Session filter: UTC hour=23 outside [7,20) and [0,0)
2026-05-05 18:53:21 INFO mt5_bot - Balance=102029.96 Equity=102029.96 Spread=0.90 pips
2026-05-05 18:53:21 INFO mt5_bot - Session filter: UTC hour=23 outside [7,20) and [0,0)
2026-05-05 18:53:36 INFO mt5_bot - Balance=102029.96 Equity=102029.96 Spread=0.90 pips
2026-05-05 18:53:36 INFO mt5_bot - Session filter: UTC hour=23 outside [7,20) and [0,0)
2026-05-05 18:53:51 INFO mt5_bot - Balance=102029.96 Equity=102029.96 Spread=0.90 pips
2026-05-05 18:53:51 INFO mt5_bot - Session filter: UTC hour=23 outside [7,20) and [0,0)
2026-05-05 18:54:06 INFO mt5_bot - Balance=102029.96 Equity=102029.96 Spread=0.90 pips
2026-05-05 18:54:06 INFO mt5_bot - Session filter: UTC hour=23 outside [7,20) and [0,0)
2026-05-05 18:54:21 INFO mt5_bot - Balance=102029.96 Equity=102029.96 Spread=0.90 pips
2026-05-05 18:54:21 INFO mt5_bot - Session filter: UTC hour=23 outside [7,20) and [0,0)
2026-05-05 18:54:36 INFO mt5_bot - Balance=102029.96 Equity=102029.96 Spread=0.90 pips
2026-05-05 18:54:36 INFO mt5_bot - Session filter: UTC hour=23 outside [7,20) and [0,0)
2026-05-05 18:54:51 INFO mt5_bot - Balance=102029.96 Equity=102029.96 Spread=0.70 pips
2026-05-05 18:54:51 INFO mt5_bot - Session filter: UTC hour=23 outside [7,20) and [0,0)
2026-05-05 18:55:06 INFO mt5_bot - Balance=102029.96 Equity=102029.96 Spread=0.90 pips
2026-05-05 18:55:06 INFO mt5_bot - Session filter: UTC hour=23 outside [7,20) and [0,0)
2026-05-05 18:55:21 INFO mt5_bot - Balance=102029.96 Equity=102029.96 Spread=0.80 pips
2026-05-05 18:55:21 INFO mt5_bot - Session filter: UTC hour=23 outside [7,20) and [0,0)
2026-05-05 18:55:36 INFO mt5_bot - Balance=102029.96 Equity=102029.96 Spread=0.80 pips
2026-05-05 18:55:36 INFO mt5_bot - Session filter: UTC hour=23 outside [7,20) and [0,0)
2026-05-05 18:55:51 INFO mt5_bot - Balance=102029.96 Equity=102029.96 Spread=0.90 pips
2026-05-05 18:55:51 INFO mt5_bot - Session filter: UTC hour=23 outside [7,20) and [0,0)
2026-05-05 18:56:06 INFO mt5_bot - Balance=102029.96 Equity=102029.96 Spread=0.90 pips
2026-05-05 18:56:06 INFO mt5_bot - Session filter: UTC hour=23 outside [7,20) and [0,0)
2026-05-05 18:56:21 INFO mt5_bot - Balance=102029.96 Equity=102029.96 Spread=0.90 pips
2026-05-05 18:56:21 INFO mt5_bot - Session filter: UTC hour=23 outside [7,20) and [0,0)
2026-05-05 18:56:36 INFO mt5_bot - Balance=102029.96 Equity=102029.96 Spread=0.90 pips
2026-05-05 18:56:36 INFO mt5_bot - Session filter: UTC hour=23 outside [7,20) and [0,0)
2026-05-05 18:56:51 INFO mt5_bot - Balance=102029.96 Equity=102029.96 Spread=0.90 pips
2026-05-05 18:56:51 INFO mt5_bot - Session filter: UTC hour=23 outside [7,20) and [0,0)
2026-05-05 18:57:06 INFO mt5_bot - Balance=102029.96 Equity=102029.96 Spread=0.70 pips
2026-05-05 18:57:06 INFO mt5_bot - Session filter: UTC hour=23 outside [7,20) and [0,0)
2026-05-05 18:57:21 INFO mt5_bot - Balance=102029.96 Equity=102029.96 Spread=0.90 pips
2026-05-05 18:57:21 INFO mt5_bot - Session filter: UTC hour=23 outside [7,20) and [0,0)
2026-05-05 18:57:36 INFO mt5_bot - Balance=102029.96 Equity=102029.96 Spread=0.90 pips
2026-05-05 18:57:36 INFO mt5_bot - Session filter: UTC hour=23 outside [7,20) and [0,0)
2026-05-05 18:57:51 INFO mt5_bot - Balance=102029.96 Equity=102029.96 Spread=0.90 pips
2026-05-05 18:57:51 INFO mt5_bot - Session filter: UTC hour=23 outside [7,20) and [0,0)
2026-05-05 18:58:06 INFO mt5_bot - Balance=102029.96 Equity=102029.96 Spread=0.90 pips
2026-05-05 18:58:06 INFO mt5_bot - Session filter: UTC hour=23 outside [7,20) and [0,0)
2026-05-05 18:58:21 INFO mt5_bot - Balance=102029.96 Equity=102029.96 Spread=0.90 pips
2026-05-05 18:58:21 INFO mt5_bot - Session filter: UTC hour=23 outside [7,20) and [0,0)
2026-05-05 18:58:36 INFO mt5_bot - Balance=102029.96 Equity=102029.96 Spread=0.90 pips
2026-05-05 18:58:36 INFO mt5_bot - Session filter: UTC hour=23 outside [7,20) and [0,0)
2026-05-05 18:58:51 INFO mt5_bot - Balance=102029.96 Equity=102029.96 Spread=0.90 pips
2026-05-05 18:58:51 INFO mt5_bot - Session filter: UTC hour=23 outside [7,20) and [0,0)
2026-05-05 18:59:06 INFO mt5_bot - Balance=102029.96 Equity=102029.96 Spread=0.90 pips
2026-05-05 18:59:06 INFO mt5_bot - Session filter: UTC hour=23 outside [7,20) and [0,0)
2026-05-05 18:59:21 INFO mt5_bot - Balance=102029.96 Equity=102029.96 Spread=0.90 pips
2026-05-05 18:59:21 INFO mt5_bot - Session filter: UTC hour=23 outside [7,20) and [0,0)
2026-05-05 18:59:36 INFO mt5_bot - Balance=102029.96 Equity=102029.96 Spread=0.90 pips
2026-05-05 18:59:36 INFO mt5_bot - Session filter: UTC hour=23 outside [7,20) and [0,0)
2026-05-05 18:59:51 INFO mt5_bot - Balance=102029.96 Equity=102029.96 Spread=0.90 pips
2026-05-05 18:59:51 INFO mt5_bot - Session filter: UTC hour=23 outside [7,20) and [0,0)
2026-05-05 19:00:06 INFO mt5_bot - Balance=102029.96 Equity=102029.96 Spread=0.60 pips
--- Logging error ---
Traceback (most recent call last):
  File "C:\Program Files\WindowsApps\PythonSoftwareFoundation.Python.3.13_3.13.3568.0_x64__qbz5n2kfra8p0\Lib\logging\handlers.py", line 80, in emit
    self.doRollover()
    ~~~~~~~~~~~~~~~^^
  File "C:\Program Files\WindowsApps\PythonSoftwareFoundation.Python.3.13_3.13.3568.0_x64__qbz5n2kfra8p0\Lib\logging\handlers.py", line 456, in doRollover
    self.rotate(self.baseFilename, dfn)
    ~~~~~~~~~~~^^^^^^^^^^^^^^^^^^^^^^^^
  File "C:\Program Files\WindowsApps\PythonSoftwareFoundation.Python.3.13_3.13.3568.0_x64__qbz5n2kfra8p0\Lib\logging\handlers.py", line 121, in rotate
    os.rename(source, dest)
    ~~~~~~~~~^^^^^^^^^^^^^^
PermissionError: [WinError 32] El proceso no tiene acceso al archivo porque está siendo utilizado por otro proceso: 'C:\\Users\\jean_\\Desktop\\Pagina web\\mt5_trading_bot\\logs\\bot_20260505.log' -> 'C:\\Users\\jean_\\Desktop\\Pagina web\\mt5_trading_bot\\logs\\bot_20260505.log.2026-05-05'
Call stack:
  File "<frozen runpy>", line 198, in _run_module_as_main
  File "<frozen runpy>", line 88, in _run_code
  File "C:\Users\jean_\Desktop\Pagina web\mt5_trading_bot\src\mt5_bot\__main__.py", line 5, in <module>
    raise SystemExit(main())
  File "C:\Users\jean_\Desktop\Pagina web\mt5_trading_bot\src\mt5_bot\cli.py", line 67, in main
    return run_trade(
  File "C:\Users\jean_\Desktop\Pagina web\mt5_trading_bot\src\mt5_bot\cli.py", line 260, in run_trade
    LOGGER.info("Balance=%.2f Equity=%.2f Spread=%.2f pips",
Message: 'Balance=%.2f Equity=%.2f Spread=%.2f pips'
Arguments: (102029.96, 102029.96, 0.5999999999994898)
2026-05-05 19:00:06 INFO mt5_bot - Session filter: UTC hour=0 outside [7,20) and [0,0)
--- Logging error ---
Traceback (most recent call last):
  File "C:\Program Files\WindowsApps\PythonSoftwareFoundation.Python.3.13_3.13.3568.0_x64__qbz5n2kfra8p0\Lib\logging\handlers.py", line 80, in emit
    self.doRollover()
    ~~~~~~~~~~~~~~~^^
  File "C:\Program Files\WindowsApps\PythonSoftwareFoundation.Python.3.13_3.13.3568.0_x64__qbz5n2kfra8p0\Lib\logging\handlers.py", line 456, in doRollover
    self.rotate(self.baseFilename, dfn)
    ~~~~~~~~~~~^^^^^^^^^^^^^^^^^^^^^^^^
  File "C:\Program Files\WindowsApps\PythonSoftwareFoundation.Python.3.13_3.13.3568.0_x64__qbz5n2kfra8p0\Lib\logging\handlers.py", line 121, in rotate
    os.rename(source, dest)
    ~~~~~~~~~^^^^^^^^^^^^^^
PermissionError: [WinError 32] El proceso no tiene acceso al archivo porque está siendo utilizado por otro proceso: 'C:\\Users\\jean_\\Desktop\\Pagina web\\mt5_trading_bot\\logs\\bot_20260505.log' -> 'C:\\Users\\jean_\\Desktop\\Pagina web\\mt5_trading_bot\\logs\\bot_20260505.log.2026-05-05'
Call stack:
  File "<frozen runpy>", line 198, in _run_module_as_main
  File "<frozen runpy>", line 88, in _run_code
  File "C:\Users\jean_\Desktop\Pagina web\mt5_trading_bot\src\mt5_bot\__main__.py", line 5, in <module>
    raise SystemExit(main())
  File "C:\Users\jean_\Desktop\Pagina web\mt5_trading_bot\src\mt5_bot\cli.py", line 67, in main
    return run_trade(
  File "C:\Users\jean_\Desktop\Pagina web\mt5_trading_bot\src\mt5_bot\cli.py", line 301, in run_trade
    LOGGER.info("Session filter: UTC hour=%d outside [%d,%d) and [%d,%d)",
Message: 'Session filter: UTC hour=%d outside [%d,%d) and [%d,%d)'
Arguments: (0, 7, 20, 0, 0)
2026-05-05 19:00:21 INFO mt5_bot - Balance=102029.96 Equity=102029.96 Spread=0.60 pips
2026-05-05 19:00:21 INFO mt5_bot - Session filter: UTC hour=0 outside [7,20) and [0,0)
2026-05-05 19:00:36 INFO mt5_bot - Balance=102029.96 Equity=102029.96 Spread=0.60 pips
2026-05-05 19:00:36 INFO mt5_bot - Session filter: UTC hour=0 outside [7,20) and [0,0)
2026-05-05 19:00:51 INFO mt5_bot - Balance=102029.96 Equity=102029.96 Spread=0.60 pips
2026-05-05 19:00:51 INFO mt5_bot - Session filter: UTC hour=0 outside [7,20) and [0,0)
2026-05-05 19:01:06 INFO mt5_bot - Balance=102029.96 Equity=102029.96 Spread=0.60 pips
2026-05-05 19:01:06 INFO mt5_bot - Session filter: UTC hour=0 outside [7,20) and [0,0)
2026-05-05 19:01:21 INFO mt5_bot - Balance=102029.96 Equity=102029.96 Spread=0.60 pips
2026-05-05 19:01:21 INFO mt5_bot - Session filter: UTC hour=0 outside [7,20) and [0,0)
2026-05-05 19:01:36 INFO mt5_bot - Balance=102029.96 Equity=102029.96 Spread=0.60 pips
2026-05-05 19:01:36 INFO mt5_bot - Session filter: UTC hour=0 outside [7,20) and [0,0)
2026-05-05 19:01:51 INFO mt5_bot - Balance=102029.96 Equity=102029.96 Spread=0.60 pips
2026-05-05 19:01:51 INFO mt5_bot - Session filter: UTC hour=0 outside [7,20) and [0,0)
2026-05-05 19:02:06 INFO mt5_bot - Balance=102029.96 Equity=102029.96 Spread=0.60 pips
2026-05-05 19:02:06 INFO mt5_bot - Session filter: UTC hour=0 outside [7,20) and [0,0)
2026-05-05 19:02:21 INFO mt5_bot - Balance=102029.96 Equity=102029.96 Spread=0.60 pips
2026-05-05 19:02:21 INFO mt5_bot - Session filter: UTC hour=0 outside [7,20) and [0,0)
2026-05-05 19:02:36 INFO mt5_bot - Balance=102029.96 Equity=102029.96 Spread=0.60 pips
2026-05-05 19:02:36 INFO mt5_bot - Session filter: UTC hour=0 outside [7,20) and [0,0)
2026-05-05 19:02:51 INFO mt5_bot - Balance=102029.96 Equity=102029.96 Spread=0.60 pips
2026-05-05 19:02:51 INFO mt5_bot - Session filter: UTC hour=0 outside [7,20) and [0,0)
2026-05-05 19:03:06 INFO mt5_bot - Balance=102029.96 Equity=102029.96 Spread=0.60 pips
2026-05-05 19:03:06 INFO mt5_bot - Session filter: UTC hour=0 outside [7,20) and [0,0)
2026-05-05 19:03:21 INFO mt5_bot - Balance=102029.96 Equity=102029.96 Spread=0.60 pips
2026-05-05 19:03:21 INFO mt5_bot - Session filter: UTC hour=0 outside [7,20) and [0,0)
2026-05-05 19:03:36 INFO mt5_bot - Balance=102029.96 Equity=102029.96 Spread=0.60 pips
2026-05-05 19:03:36 INFO mt5_bot - Session filter: UTC hour=0 outside [7,20) and [0,0)
2026-05-05 19:03:51 INFO mt5_bot - Balance=102029.96 Equity=102029.96 Spread=0.60 pips
2026-05-05 19:03:51 INFO mt5_bot - Session filter: UTC hour=0 outside [7,20) and [0,0)
2026-05-05 19:04:06 INFO mt5_bot - Balance=102029.96 Equity=102029.96 Spread=0.60 pips
2026-05-05 19:04:06 INFO mt5_bot - Session filter: UTC hour=0 outside [7,20) and [0,0)
2026-05-05 19:04:21 INFO mt5_bot - Balance=102029.96 Equity=102029.96 Spread=0.60 pips
2026-05-05 19:04:21 INFO mt5_bot - Session filter: UTC hour=0 outside [7,20) and [0,0)
2026-05-05 19:04:36 INFO mt5_bot - Balance=102029.96 Equity=102029.96 Spread=0.60 pips
2026-05-05 19:04:36 INFO mt5_bot - Session filter: UTC hour=0 outside [7,20) and [0,0)
2026-05-05 19:04:51 INFO mt5_bot - Balance=102029.96 Equity=102029.96 Spread=0.60 pips
2026-05-05 19:04:51 INFO mt5_bot - Session filter: UTC hour=0 outside [7,20) and [0,0)
2026-05-05 19:05:06 INFO mt5_bot - Balance=102029.96 Equity=102029.96 Spread=0.60 pips
2026-05-05 19:05:06 INFO mt5_bot - Session filter: UTC hour=0 outside [7,20) and [0,0)
2026-05-05 19:05:21 INFO mt5_bot - Balance=102029.96 Equity=102029.96 Spread=0.60 pips
2026-05-05 19:05:21 INFO mt5_bot - Session filter: UTC hour=0 outside [7,20) and [0,0)
2026-05-05 19:05:36 INFO mt5_bot - Balance=102029.96 Equity=102029.96 Spread=0.60 pips
2026-05-05 19:05:36 INFO mt5_bot - Session filter: UTC hour=0 outside [7,20) and [0,0)
2026-05-05 19:05:51 INFO mt5_bot - Balance=102029.96 Equity=102029.96 Spread=0.60 pips
2026-05-05 19:05:51 INFO mt5_bot - Session filter: UTC hour=0 outside [7,20) and [0,0)
2026-05-05 19:06:06 INFO mt5_bot - Balance=102029.96 Equity=102029.96 Spread=0.60 pips
2026-05-05 19:06:06 INFO mt5_bot - Session filter: UTC hour=0 outside [7,20) and [0,0)
2026-05-05 19:06:21 INFO mt5_bot - Balance=102029.96 Equity=102029.96 Spread=0.60 pips
2026-05-05 19:06:21 INFO mt5_bot - Session filter: UTC hour=0 outside [7,20) and [0,0)
2026-05-05 19:06:36 INFO mt5_bot - Balance=102029.96 Equity=102029.96 Spread=0.60 pips
2026-05-05 19:06:36 INFO mt5_bot - Session filter: UTC hour=0 outside [7,20) and [0,0)
2026-05-05 19:06:51 INFO mt5_bot - Balance=102029.96 Equity=102029.96 Spread=0.60 pips
2026-05-05 19:06:51 INFO mt5_bot - Session filter: UTC hour=0 outside [7,20) and [0,0)
2026-05-05 19:07:06 INFO mt5_bot - Balance=102029.96 Equity=102029.96 Spread=0.60 pips
2026-05-05 19:07:06 INFO mt5_bot - Session filter: UTC hour=0 outside [7,20) and [0,0)
2026-05-05 19:07:21 INFO mt5_bot - Balance=102029.96 Equity=102029.96 Spread=0.60 pips
2026-05-05 19:07:21 INFO mt5_bot - Session filter: UTC hour=0 outside [7,20) and [0,0)
2026-05-05 19:07:36 INFO mt5_bot - Balance=102029.96 Equity=102029.96 Spread=0.60 pips
2026-05-05 19:07:36 INFO mt5_bot - Session filter: UTC hour=0 outside [7,20) and [0,0)
2026-05-05 19:07:51 INFO mt5_bot - Balance=102029.96 Equity=102029.96 Spread=0.60 pips
2026-05-05 19:07:51 INFO mt5_bot - Session filter: UTC hour=0 outside [7,20) and [0,0)
2026-05-05 19:08:06 INFO mt5_bot - Balance=102029.96 Equity=102029.96 Spread=0.60 pips
2026-05-05 19:08:06 INFO mt5_bot - Session filter: UTC hour=0 outside [7,20) and [0,0)
2026-05-05 19:08:21 INFO mt5_bot - Balance=102029.96 Equity=102029.96 Spread=0.60 pips
2026-05-05 19:08:21 INFO mt5_bot - Session filter: UTC hour=0 outside [7,20) and [0,0)
2026-05-05 19:08:36 INFO mt5_bot - Balance=102029.96 Equity=102029.96 Spread=0.60 pips
2026-05-05 19:08:36 INFO mt5_bot - Session filter: UTC hour=0 outside [7,20) and [0,0)
2026-05-05 19:08:52 INFO mt5_bot - Balance=102029.96 Equity=102029.96 Spread=0.60 pips
2026-05-05 19:08:52 INFO mt5_bot - Session filter: UTC hour=0 outside [7,20) and [0,0)
2026-05-05 19:09:07 INFO mt5_bot - Balance=102029.96 Equity=102029.96 Spread=0.60 pips
2026-05-05 19:09:07 INFO mt5_bot - Session filter: UTC hour=0 outside [7,20) and [0,0)
2026-05-05 19:09:22 INFO mt5_bot - Balance=102029.96 Equity=102029.96 Spread=0.60 pips
2026-05-05 19:09:22 INFO mt5_bot - Session filter: UTC hour=0 outside [7,20) and [0,0)
2026-05-05 19:09:37 INFO mt5_bot - Balance=102029.96 Equity=102029.96 Spread=0.60 pips
2026-05-05 19:09:37 INFO mt5_bot - Session filter: UTC hour=0 outside [7,20) and [0,0)
2026-05-05 19:09:52 INFO mt5_bot - Balance=102029.96 Equity=102029.96 Spread=0.60 pips
2026-05-05 19:09:52 INFO mt5_bot - Session filter: UTC hour=0 outside [7,20) and [0,0)
2026-05-05 19:10:07 INFO mt5_bot - Balance=102029.96 Equity=102029.96 Spread=0.60 pips
2026-05-05 19:10:07 INFO mt5_bot - Session filter: UTC hour=0 outside [7,20) and [0,0)
2026-05-05 19:10:22 INFO mt5_bot - Balance=102029.96 Equity=102029.96 Spread=0.60 pips
2026-05-05 19:10:22 INFO mt5_bot - Session filter: UTC hour=0 outside [7,20) and [0,0)
2026-05-05 19:10:37 INFO mt5_bot - Balance=102029.96 Equity=102029.96 Spread=0.60 pips
2026-05-05 19:10:37 INFO mt5_bot - Session filter: UTC hour=0 outside [7,20) and [0,0)
2026-05-05 19:10:52 INFO mt5_bot - Balance=102029.96 Equity=102029.96 Spread=0.60 pips
2026-05-05 19:10:52 INFO mt5_bot - Session filter: UTC hour=0 outside [7,20) and [0,0)
2026-05-05 19:11:07 INFO mt5_bot - Balance=102029.96 Equity=102029.96 Spread=0.60 pips
2026-05-05 19:11:07 INFO mt5_bot - Session filter: UTC hour=0 outside [7,20) and [0,0)
2026-05-05 19:11:22 INFO mt5_bot - Balance=102029.96 Equity=102029.96 Spread=0.60 pips
2026-05-05 19:11:22 INFO mt5_bot - Session filter: UTC hour=0 outside [7,20) and [0,0)
2026-05-05 19:11:37 INFO mt5_bot - Balance=102029.96 Equity=102029.96 Spread=0.60 pips
2026-05-05 19:11:37 INFO mt5_bot - Session filter: UTC hour=0 outside [7,20) and [0,0)
2026-05-05 19:11:52 INFO mt5_bot - Balance=102029.96 Equity=102029.96 Spread=0.60 pips
2026-05-05 19:11:52 INFO mt5_bot - Session filter: UTC hour=0 outside [7,20) and [0,0)
2026-05-05 19:12:07 INFO mt5_bot - Balance=102029.96 Equity=102029.96 Spread=0.60 pips
2026-05-05 19:12:07 INFO mt5_bot - Session filter: UTC hour=0 outside [7,20) and [0,0)
2026-05-05 19:12:22 INFO mt5_bot - Balance=102029.96 Equity=102029.96 Spread=0.60 pips
2026-05-05 19:12:22 INFO mt5_bot - Session filter: UTC hour=0 outside [7,20) and [0,0)
2026-05-05 19:12:37 INFO mt5_bot - Balance=102029.96 Equity=102029.96 Spread=0.60 pips
2026-05-05 19:12:37 INFO mt5_bot - Session filter: UTC hour=0 outside [7,20) and [0,0)
2026-05-05 19:12:52 INFO mt5_bot - Balance=102029.96 Equity=102029.96 Spread=0.60 pips
2026-05-05 19:12:52 INFO mt5_bot - Session filter: UTC hour=0 outside [7,20) and [0,0)
2026-05-05 19:13:07 INFO mt5_bot - Balance=102029.96 Equity=102029.96 Spread=0.60 pips
2026-05-05 19:13:07 INFO mt5_bot - Session filter: UTC hour=0 outside [7,20) and [0,0)
2026-05-05 19:13:22 INFO mt5_bot - Balance=102029.96 Equity=102029.96 Spread=0.60 pips
2026-05-05 19:13:22 INFO mt5_bot - Session filter: UTC hour=0 outside [7,20) and [0,0)
2026-05-05 19:13:37 INFO mt5_bot - Balance=102029.96 Equity=102029.96 Spread=0.60 pips
2026-05-05 19:13:37 INFO mt5_bot - Session filter: UTC hour=0 outside [7,20) and [0,0)
2026-05-05 19:13:52 INFO mt5_bot - Balance=102029.96 Equity=102029.96 Spread=0.60 pips
2026-05-05 19:13:52 INFO mt5_bot - Session filter: UTC hour=0 outside [7,20) and [0,0)
2026-05-05 19:14:07 INFO mt5_bot - Balance=102029.96 Equity=102029.96 Spread=0.60 pips
2026-05-05 19:14:07 INFO mt5_bot - Session filter: UTC hour=0 outside [7,20) and [0,0)
2026-05-05 19:14:22 INFO mt5_bot - Balance=102029.96 Equity=102029.96 Spread=0.60 pips
2026-05-05 19:14:22 INFO mt5_bot - Session filter: UTC hour=0 outside [7,20) and [0,0)
2026-05-05 19:14:37 INFO mt5_bot - Balance=102029.96 Equity=102029.96 Spread=0.60 pips
2026-05-05 19:14:37 INFO mt5_bot - Session filter: UTC hour=0 outside [7,20) and [0,0)
2026-05-05 19:14:52 INFO mt5_bot - Balance=102029.96 Equity=102029.96 Spread=0.60 pips
2026-05-05 19:14:52 INFO mt5_bot - Session filter: UTC hour=0 outside [7,20) and [0,0)
2026-05-05 19:15:07 INFO mt5_bot - Balance=102029.96 Equity=102029.96 Spread=0.60 pips
2026-05-05 19:15:07 INFO mt5_bot - Session filter: UTC hour=0 outside [7,20) and [0,0)
2026-05-05 19:15:22 INFO mt5_bot - Balance=102029.96 Equity=102029.96 Spread=0.60 pips
2026-05-05 19:15:22 INFO mt5_bot - Session filter: UTC hour=0 outside [7,20) and [0,0)
2026-05-05 19:15:37 INFO mt5_bot - Balance=102029.96 Equity=102029.96 Spread=0.60 pips
2026-05-05 19:15:37 INFO mt5_bot - Session filter: UTC hour=0 outside [7,20) and [0,0)
2026-05-05 19:15:52 INFO mt5_bot - Balance=102029.96 Equity=102029.96 Spread=0.60 pips
2026-05-05 19:15:52 INFO mt5_bot - Session filter: UTC hour=0 outside [7,20) and [0,0)
2026-05-05 19:16:07 INFO mt5_bot - Balance=102029.96 Equity=102029.96 Spread=0.60 pips
2026-05-05 19:16:07 INFO mt5_bot - Session filter: UTC hour=0 outside [7,20) and [0,0)
2026-05-05 19:16:22 INFO mt5_bot - Balance=102029.96 Equity=102029.96 Spread=0.60 pips
2026-05-05 19:16:22 INFO mt5_bot - Session filter: UTC hour=0 outside [7,20) and [0,0)
2026-05-05 19:16:37 INFO mt5_bot - Balance=102029.96 Equity=102029.96 Spread=0.60 pips
2026-05-05 19:16:37 INFO mt5_bot - Session filter: UTC hour=0 outside [7,20) and [0,0)
2026-05-05 19:16:52 INFO mt5_bot - Balance=102029.96 Equity=102029.96 Spread=0.50 pips
2026-05-05 19:16:52 INFO mt5_bot - Session filter: UTC hour=0 outside [7,20) and [0,0)
2026-05-05 19:17:07 INFO mt5_bot - Balance=102029.96 Equity=102029.96 Spread=0.60 pips
2026-05-05 19:17:07 INFO mt5_bot - Session filter: UTC hour=0 outside [7,20) and [0,0)
2026-05-05 19:17:22 INFO mt5_bot - Balance=102029.96 Equity=102029.96 Spread=0.60 pips
2026-05-05 19:17:22 INFO mt5_bot - Session filter: UTC hour=0 outside [7,20) and [0,0)
2026-05-05 19:17:37 INFO mt5_bot - Balance=102029.96 Equity=102029.96 Spread=0.60 pips
2026-05-05 19:17:37 INFO mt5_bot - Session filter: UTC hour=0 outside [7,20) and [0,0)
2026-05-05 19:17:52 INFO mt5_bot - Balance=102029.96 Equity=102029.96 Spread=0.60 pips
2026-05-05 19:17:52 INFO mt5_bot - Session filter: UTC hour=0 outside [7,20) and [0,0)
2026-05-05 19:18:07 INFO mt5_bot - Balance=102029.96 Equity=102029.96 Spread=0.60 pips
2026-05-05 19:18:07 INFO mt5_bot - Session filter: UTC hour=0 outside [7,20) and [0,0)
2026-05-05 19:18:22 INFO mt5_bot - Balance=102029.96 Equity=102029.96 Spread=0.60 pips
2026-05-05 19:18:22 INFO mt5_bot - Session filter: UTC hour=0 outside [7,20) and [0,0)
2026-05-05 19:18:37 INFO mt5_bot - Balance=102029.96 Equity=102029.96 Spread=0.60 pips
2026-05-05 19:18:37 INFO mt5_bot - Session filter: UTC hour=0 outside [7,20) and [0,0)
2026-05-05 19:18:52 INFO mt5_bot - Balance=102029.96 Equity=102029.96 Spread=0.60 pips
2026-05-05 19:18:52 INFO mt5_bot - Session filter: UTC hour=0 outside [7,20) and [0,0)
2026-05-05 19:19:07 INFO mt5_bot - Balance=102029.96 Equity=102029.96 Spread=0.60 pips
2026-05-05 19:19:07 INFO mt5_bot - Session filter: UTC hour=0 outside [7,20) and [0,0)
2026-05-05 19:19:22 INFO mt5_bot - Balance=102029.96 Equity=102029.96 Spread=0.60 pips
2026-05-05 19:19:22 INFO mt5_bot - Session filter: UTC hour=0 outside [7,20) and [0,0)
2026-05-05 19:19:37 INFO mt5_bot - Balance=102029.96 Equity=102029.96 Spread=0.60 pips
2026-05-05 19:19:37 INFO mt5_bot - Session filter: UTC hour=0 outside [7,20) and [0,0)
2026-05-05 19:19:52 INFO mt5_bot - Balance=102029.96 Equity=102029.96 Spread=0.60 pips
2026-05-05 19:19:52 INFO mt5_bot - Session filter: UTC hour=0 outside [7,20) and [0,0)
2026-05-05 19:20:07 INFO mt5_bot - Balance=102029.96 Equity=102029.96 Spread=0.60 pips
2026-05-05 19:20:07 INFO mt5_bot - Session filter: UTC hour=0 outside [7,20) and [0,0)
2026-05-05 19:20:22 INFO mt5_bot - Balance=102029.96 Equity=102029.96 Spread=0.60 pips
2026-05-05 19:20:22 INFO mt5_bot - Session filter: UTC hour=0 outside [7,20) and [0,0)
2026-05-05 19:20:37 INFO mt5_bot - Balance=102029.96 Equity=102029.96 Spread=0.60 pips
2026-05-05 19:20:37 INFO mt5_bot - Session filter: UTC hour=0 outside [7,20) and [0,0)
2026-05-05 19:20:52 INFO mt5_bot - Balance=102029.96 Equity=102029.96 Spread=0.60 pips
2026-05-05 19:20:52 INFO mt5_bot - Session filter: UTC hour=0 outside [7,20) and [0,0)
2026-05-05 19:21:07 INFO mt5_bot - Balance=102029.96 Equity=102029.96 Spread=0.60 pips
2026-05-05 19:21:07 INFO mt5_bot - Session filter: UTC hour=0 outside [7,20) and [0,0)
2026-05-05 19:21:22 INFO mt5_bot - Balance=102029.96 Equity=102029.96 Spread=0.60 pips
2026-05-05 19:21:22 INFO mt5_bot - Session filter: UTC hour=0 outside [7,20) and [0,0)
2026-05-05 19:21:37 INFO mt5_bot - Balance=102029.96 Equity=102029.96 Spread=0.60 pips
2026-05-05 19:21:37 INFO mt5_bot - Session filter: UTC hour=0 outside [7,20) and [0,0)
2026-05-05 19:21:52 INFO mt5_bot - Balance=102029.96 Equity=102029.96 Spread=0.60 pips
2026-05-05 19:21:52 INFO mt5_bot - Session filter: UTC hour=0 outside [7,20) and [0,0)
2026-05-05 19:22:07 INFO mt5_bot - Balance=102029.96 Equity=102029.96 Spread=0.60 pips
2026-05-05 19:22:07 INFO mt5_bot - Session filter: UTC hour=0 outside [7,20) and [0,0)
2026-05-05 19:22:22 INFO mt5_bot - Balance=102029.96 Equity=102029.96 Spread=0.60 pips
2026-05-05 19:22:22 INFO mt5_bot - Session filter: UTC hour=0 outside [7,20) and [0,0)
2026-05-05 19:22:37 INFO mt5_bot - Balance=102029.96 Equity=102029.96 Spread=0.60 pips
2026-05-05 19:22:37 INFO mt5_bot - Session filter: UTC hour=0 outside [7,20) and [0,0)
2026-05-05 19:22:52 INFO mt5_bot - Balance=102029.96 Equity=102029.96 Spread=0.60 pips
2026-05-05 19:22:52 INFO mt5_bot - Session filter: UTC hour=0 outside [7,20) and [0,0)
2026-05-05 19:23:07 INFO mt5_bot - Balance=102029.96 Equity=102029.96 Spread=0.60 pips
2026-05-05 19:23:07 INFO mt5_bot - Session filter: UTC hour=0 outside [7,20) and [0,0)
2026-05-05 19:23:22 INFO mt5_bot - Balance=102029.96 Equity=102029.96 Spread=0.60 pips
2026-05-05 19:23:22 INFO mt5_bot - Session filter: UTC hour=0 outside [7,20) and [0,0)
2026-05-05 19:23:37 INFO mt5_bot - Balance=102029.96 Equity=102029.96 Spread=0.60 pips
2026-05-05 19:23:37 INFO mt5_bot - Session filter: UTC hour=0 outside [7,20) and [0,0)
2026-05-05 19:23:52 INFO mt5_bot - Balance=102029.96 Equity=102029.96 Spread=0.60 pips
2026-05-05 19:23:52 INFO mt5_bot - Session filter: UTC hour=0 outside [7,20) and [0,0)
2026-05-05 19:24:07 INFO mt5_bot - Balance=102029.96 Equity=102029.96 Spread=0.60 pips
2026-05-05 19:24:07 INFO mt5_bot - Session filter: UTC hour=0 outside [7,20) and [0,0)
2026-05-05 19:24:22 INFO mt5_bot - Balance=102029.96 Equity=102029.96 Spread=0.60 pips
2026-05-05 19:24:22 INFO mt5_bot - Session filter: UTC hour=0 outside [7,20) and [0,0)
2026-05-05 19:24:37 INFO mt5_bot - Balance=102029.96 Equity=102029.96 Spread=0.60 pips
2026-05-05 19:24:37 INFO mt5_bot - Session filter: UTC hour=0 outside [7,20) and [0,0)
2026-05-05 19:24:52 INFO mt5_bot - Balance=102029.96 Equity=102029.96 Spread=0.60 pips
2026-05-05 19:24:52 INFO mt5_bot - Session filter: UTC hour=0 outside [7,20) and [0,0)
2026-05-05 19:25:07 INFO mt5_bot - Balance=102029.96 Equity=102029.96 Spread=0.60 pips
2026-05-05 19:25:07 INFO mt5_bot - Session filter: UTC hour=0 outside [7,20) and [0,0)
2026-05-05 19:25:22 INFO mt5_bot - Balance=102029.96 Equity=102029.96 Spread=0.60 pips
2026-05-05 19:25:22 INFO mt5_bot - Session filter: UTC hour=0 outside [7,20) and [0,0)
2026-05-05 19:25:37 INFO mt5_bot - Balance=102029.96 Equity=102029.96 Spread=0.60 pips
2026-05-05 19:25:37 INFO mt5_bot - Session filter: UTC hour=0 outside [7,20) and [0,0)
2026-05-05 19:25:52 INFO mt5_bot - Balance=102029.96 Equity=102029.96 Spread=0.60 pips
2026-05-05 19:25:52 INFO mt5_bot - Session filter: UTC hour=0 outside [7,20) and [0,0)
2026-05-05 19:26:07 INFO mt5_bot - Balance=102029.96 Equity=102029.96 Spread=0.60 pips
2026-05-05 19:26:07 INFO mt5_bot - Session filter: UTC hour=0 outside [7,20) and [0,0)
2026-05-05 19:26:22 INFO mt5_bot - Balance=102029.96 Equity=102029.96 Spread=0.60 pips
2026-05-05 19:26:22 INFO mt5_bot - Session filter: UTC hour=0 outside [7,20) and [0,0)
2026-05-05 19:26:37 INFO mt5_bot - Balance=102029.96 Equity=102029.96 Spread=0.60 pips
2026-05-05 19:26:37 INFO mt5_bot - Session filter: UTC hour=0 outside [7,20) and [0,0)
2026-05-05 19:26:52 INFO mt5_bot - Balance=102029.96 Equity=102029.96 Spread=0.60 pips
2026-05-05 19:26:52 INFO mt5_bot - Session filter: UTC hour=0 outside [7,20) and [0,0)
2026-05-05 19:27:07 INFO mt5_bot - Balance=102029.96 Equity=102029.96 Spread=0.60 pips
2026-05-05 19:27:07 INFO mt5_bot - Session filter: UTC hour=0 outside [7,20) and [0,0)
2026-05-05 19:27:22 INFO mt5_bot - Balance=102029.96 Equity=102029.96 Spread=0.60 pips
2026-05-05 19:27:22 INFO mt5_bot - Session filter: UTC hour=0 outside [7,20) and [0,0)
2026-05-05 19:27:37 INFO mt5_bot - Balance=102029.96 Equity=102029.96 Spread=0.60 pips
2026-05-05 19:27:37 INFO mt5_bot - Session filter: UTC hour=0 outside [7,20) and [0,0)
2026-05-05 19:27:52 INFO mt5_bot - Balance=102029.96 Equity=102029.96 Spread=0.60 pips
2026-05-05 19:27:52 INFO mt5_bot - Session filter: UTC hour=0 outside [7,20) and [0,0)
2026-05-05 19:28:07 INFO mt5_bot - Balance=102029.96 Equity=102029.96 Spread=0.60 pips
2026-05-05 19:28:07 INFO mt5_bot - Session filter: UTC hour=0 outside [7,20) and [0,0)
2026-05-05 19:28:22 INFO mt5_bot - Balance=102029.96 Equity=102029.96 Spread=0.60 pips
2026-05-05 19:28:22 INFO mt5_bot - Session filter: UTC hour=0 outside [7,20) and [0,0)
2026-05-05 19:28:37 INFO mt5_bot - Balance=102029.96 Equity=102029.96 Spread=0.60 pips
2026-05-05 19:28:37 INFO mt5_bot - Session filter: UTC hour=0 outside [7,20) and [0,0)
2026-05-05 19:28:52 INFO mt5_bot - Balance=102029.96 Equity=102029.96 Spread=0.60 pips
2026-05-05 19:28:52 INFO mt5_bot - Session filter: UTC hour=0 outside [7,20) and [0,0)
2026-05-05 19:29:07 INFO mt5_bot - Balance=102029.96 Equity=102029.96 Spread=0.60 pips
2026-05-05 19:29:07 INFO mt5_bot - Session filter: UTC hour=0 outside [7,20) and [0,0)
2026-05-05 19:29:22 INFO mt5_bot - Balance=102029.96 Equity=102029.96 Spread=0.60 pips
2026-05-05 19:29:22 INFO mt5_bot - Session filter: UTC hour=0 outside [7,20) and [0,0)
2026-05-05 19:29:37 INFO mt5_bot - Balance=102029.96 Equity=102029.96 Spread=0.60 pips
2026-05-05 19:29:37 INFO mt5_bot - Session filter: UTC hour=0 outside [7,20) and [0,0)
2026-05-05 19:29:52 INFO mt5_bot - Balance=102029.96 Equity=102029.96 Spread=0.60 pips
2026-05-05 19:29:52 INFO mt5_bot - Session filter: UTC hour=0 outside [7,20) and [0,0)
2026-05-05 19:30:07 INFO mt5_bot - Balance=102029.96 Equity=102029.96 Spread=0.60 pips
2026-05-05 19:30:07 INFO mt5_bot - Session filter: UTC hour=0 outside [7,20) and [0,0)
2026-05-05 19:30:22 INFO mt5_bot - Balance=102029.96 Equity=102029.96 Spread=0.60 pips
2026-05-05 19:30:22 INFO mt5_bot - Session filter: UTC hour=0 outside [7,20) and [0,0)
2026-05-05 19:30:37 INFO mt5_bot - Balance=102029.96 Equity=102029.96 Spread=0.60 pips
2026-05-05 19:30:37 INFO mt5_bot - Session filter: UTC hour=0 outside [7,20) and [0,0)
2026-05-05 19:30:52 INFO mt5_bot - Balance=102029.96 Equity=102029.96 Spread=0.60 pips
2026-05-05 19:30:52 INFO mt5_bot - Session filter: UTC hour=0 outside [7,20) and [0,0)
2026-05-05 19:31:07 INFO mt5_bot - Balance=102029.96 Equity=102029.96 Spread=0.60 pips
2026-05-05 19:31:07 INFO mt5_bot - Session filter: UTC hour=0 outside [7,20) and [0,0)
2026-05-05 19:31:22 INFO mt5_bot - Balance=102029.96 Equity=102029.96 Spread=0.60 pips
2026-05-05 19:31:22 INFO mt5_bot - Session filter: UTC hour=0 outside [7,20) and [0,0)
2026-05-05 19:31:37 INFO mt5_bot - Balance=102029.96 Equity=102029.96 Spread=0.60 pips
2026-05-05 19:31:37 INFO mt5_bot - Session filter: UTC hour=0 outside [7,20) and [0,0)
2026-05-05 19:31:52 INFO mt5_bot - Balance=102029.96 Equity=102029.96 Spread=0.60 pips
2026-05-05 19:31:52 INFO mt5_bot - Session filter: UTC hour=0 outside [7,20) and [0,0)
2026-05-05 19:32:07 INFO mt5_bot - Balance=102029.96 Equity=102029.96 Spread=0.60 pips
2026-05-05 19:32:07 INFO mt5_bot - Session filter: UTC hour=0 outside [7,20) and [0,0)
2026-05-05 19:32:22 INFO mt5_bot - Balance=102029.96 Equity=102029.96 Spread=0.60 pips
2026-05-05 19:32:22 INFO mt5_bot - Session filter: UTC hour=0 outside [7,20) and [0,0)
2026-05-05 19:32:37 INFO mt5_bot - Balance=102029.96 Equity=102029.96 Spread=0.60 pips
2026-05-05 19:32:37 INFO mt5_bot - Session filter: UTC hour=0 outside [7,20) and [0,0)
2026-05-05 19:32:52 INFO mt5_bot - Balance=102029.96 Equity=102029.96 Spread=0.60 pips
2026-05-05 19:32:52 INFO mt5_bot - Session filter: UTC hour=0 outside [7,20) and [0,0)
2026-05-05 19:33:07 INFO mt5_bot - Balance=102029.96 Equity=102029.96 Spread=0.60 pips
2026-05-05 19:33:07 INFO mt5_bot - Session filter: UTC hour=0 outside [7,20) and [0,0)
2026-05-05 19:33:22 INFO mt5_bot - Balance=102029.96 Equity=102029.96 Spread=0.60 pips
2026-05-05 19:33:22 INFO mt5_bot - Session filter: UTC hour=0 outside [7,20) and [0,0)
2026-05-05 19:33:37 INFO mt5_bot - Balance=102029.96 Equity=102029.96 Spread=0.60 pips
2026-05-05 19:33:37 INFO mt5_bot - Session filter: UTC hour=0 outside [7,20) and [0,0)
2026-05-05 19:33:52 INFO mt5_bot - Balance=102029.96 Equity=102029.96 Spread=0.60 pips
2026-05-05 19:33:52 INFO mt5_bot - Session filter: UTC hour=0 outside [7,20) and [0,0)
2026-05-05 19:34:07 INFO mt5_bot - Balance=102029.96 Equity=102029.96 Spread=0.60 pips
2026-05-05 19:34:07 INFO mt5_bot - Session filter: UTC hour=0 outside [7,20) and [0,0)
2026-05-05 19:34:22 INFO mt5_bot - Balance=102029.96 Equity=102029.96 Spread=0.60 pips
2026-05-05 19:34:22 INFO mt5_bot - Session filter: UTC hour=0 outside [7,20) and [0,0)
2026-05-05 19:34:37 INFO mt5_bot - Balance=102029.96 Equity=102029.96 Spread=0.60 pips
2026-05-05 19:34:37 INFO mt5_bot - Session filter: UTC hour=0 outside [7,20) and [0,0)
2026-05-05 19:34:52 INFO mt5_bot - Balance=102029.96 Equity=102029.96 Spread=0.60 pips
2026-05-05 19:34:52 INFO mt5_bot - Session filter: UTC hour=0 outside [7,20) and [0,0)
2026-05-05 19:35:07 INFO mt5_bot - Balance=102029.96 Equity=102029.96 Spread=0.60 pips
2026-05-05 19:35:07 INFO mt5_bot - Session filter: UTC hour=0 outside [7,20) and [0,0)
2026-05-05 19:35:22 INFO mt5_bot - Balance=102029.96 Equity=102029.96 Spread=0.60 pips
2026-05-05 19:35:22 INFO mt5_bot - Session filter: UTC hour=0 outside [7,20) and [0,0)
2026-05-05 19:35:37 INFO mt5_bot - Balance=102029.96 Equity=102029.96 Spread=0.60 pips
2026-05-05 19:35:37 INFO mt5_bot - Session filter: UTC hour=0 outside [7,20) and [0,0)
2026-05-05 19:35:52 INFO mt5_bot - Balance=102029.96 Equity=102029.96 Spread=0.60 pips
2026-05-05 19:35:52 INFO mt5_bot - Session filter: UTC hour=0 outside [7,20) and [0,0)
2026-05-05 19:36:07 INFO mt5_bot - Balance=102029.96 Equity=102029.96 Spread=0.60 pips
2026-05-05 19:36:07 INFO mt5_bot - Session filter: UTC hour=0 outside [7,20) and [0,0)
2026-05-05 19:36:22 INFO mt5_bot - Balance=102029.96 Equity=102029.96 Spread=0.60 pips
2026-05-05 19:36:22 INFO mt5_bot - Session filter: UTC hour=0 outside [7,20) and [0,0)
2026-05-05 19:36:37 INFO mt5_bot - Balance=102029.96 Equity=102029.96 Spread=0.60 pips
2026-05-05 19:36:37 INFO mt5_bot - Session filter: UTC hour=0 outside [7,20) and [0,0)
2026-05-05 19:36:52 INFO mt5_bot - Balance=102029.96 Equity=102029.96 Spread=0.60 pips
2026-05-05 19:36:52 INFO mt5_bot - Session filter: UTC hour=0 outside [7,20) and [0,0)
2026-05-05 19:37:07 INFO mt5_bot - Balance=102029.96 Equity=102029.96 Spread=0.60 pips
2026-05-05 19:37:07 INFO mt5_bot - Session filter: UTC hour=0 outside [7,20) and [0,0)
2026-05-05 19:37:22 INFO mt5_bot - Balance=102029.96 Equity=102029.96 Spread=0.60 pips
2026-05-05 19:37:22 INFO mt5_bot - Session filter: UTC hour=0 outside [7,20) and [0,0)
2026-05-05 19:37:37 INFO mt5_bot - Balance=102029.96 Equity=102029.96 Spread=0.60 pips
2026-05-05 19:37:37 INFO mt5_bot - Session filter: UTC hour=0 outside [7,20) and [0,0)
2026-05-05 19:37:52 INFO mt5_bot - Balance=102029.96 Equity=102029.96 Spread=0.60 pips
2026-05-05 19:37:52 INFO mt5_bot - Session filter: UTC hour=0 outside [7,20) and [0,0)
2026-05-05 19:38:07 INFO mt5_bot - Balance=102029.96 Equity=102029.96 Spread=0.60 pips
2026-05-05 19:38:07 INFO mt5_bot - Session filter: UTC hour=0 outside [7,20) and [0,0)
2026-05-05 19:38:22 INFO mt5_bot - Balance=102029.96 Equity=102029.96 Spread=0.60 pips
2026-05-05 19:38:22 INFO mt5_bot - Session filter: UTC hour=0 outside [7,20) and [0,0)
2026-05-05 19:38:37 INFO mt5_bot - Balance=102029.96 Equity=102029.96 Spread=0.60 pips
2026-05-05 19:38:37 INFO mt5_bot - Session filter: UTC hour=0 outside [7,20) and [0,0)
2026-05-05 19:38:52 INFO mt5_bot - Balance=102029.96 Equity=102029.96 Spread=0.60 pips
2026-05-05 19:38:52 INFO mt5_bot - Session filter: UTC hour=0 outside [7,20) and [0,0)
2026-05-05 19:39:07 INFO mt5_bot - Balance=102029.96 Equity=102029.96 Spread=0.60 pips
2026-05-05 19:39:07 INFO mt5_bot - Session filter: UTC hour=0 outside [7,20) and [0,0)
2026-05-05 19:39:22 INFO mt5_bot - Balance=102029.96 Equity=102029.96 Spread=0.60 pips
2026-05-05 19:39:22 INFO mt5_bot - Session filter: UTC hour=0 outside [7,20) and [0,0)
2026-05-05 19:39:37 INFO mt5_bot - Balance=102029.96 Equity=102029.96 Spread=0.60 pips
2026-05-05 19:39:37 INFO mt5_bot - Session filter: UTC hour=0 outside [7,20) and [0,0)
2026-05-05 19:39:52 INFO mt5_bot - Balance=102029.96 Equity=102029.96 Spread=0.60 pips
2026-05-05 19:39:52 INFO mt5_bot - Session filter: UTC hour=0 outside [7,20) and [0,0)
2026-05-05 19:40:07 INFO mt5_bot - Balance=102029.96 Equity=102029.96 Spread=0.60 pips
2026-05-05 19:40:07 INFO mt5_bot - Session filter: UTC hour=0 outside [7,20) and [0,0)
2026-05-05 19:40:22 INFO mt5_bot - Balance=102029.96 Equity=102029.96 Spread=0.60 pips
2026-05-05 19:40:22 INFO mt5_bot - Session filter: UTC hour=0 outside [7,20) and [0,0)
2026-05-05 19:40:37 INFO mt5_bot - Balance=102029.96 Equity=102029.96 Spread=0.60 pips
2026-05-05 19:40:37 INFO mt5_bot - Session filter: UTC hour=0 outside [7,20) and [0,0)
2026-05-05 19:40:52 INFO mt5_bot - Balance=102029.96 Equity=102029.96 Spread=0.60 pips
2026-05-05 19:40:52 INFO mt5_bot - Session filter: UTC hour=0 outside [7,20) and [0,0)
2026-05-05 19:41:07 INFO mt5_bot - Balance=102029.96 Equity=102029.96 Spread=0.60 pips
2026-05-05 19:41:07 INFO mt5_bot - Session filter: UTC hour=0 outside [7,20) and [0,0)
2026-05-05 19:41:22 INFO mt5_bot - Balance=102029.96 Equity=102029.96 Spread=0.60 pips
2026-05-05 19:41:22 INFO mt5_bot - Session filter: UTC hour=0 outside [7,20) and [0,0)
2026-05-05 19:41:37 INFO mt5_bot - Balance=102029.96 Equity=102029.96 Spread=0.60 pips
2026-05-05 19:41:37 INFO mt5_bot - Session filter: UTC hour=0 outside [7,20) and [0,0)
2026-05-05 19:41:52 INFO mt5_bot - Balance=102029.96 Equity=102029.96 Spread=0.60 pips
2026-05-05 19:41:52 INFO mt5_bot - Session filter: UTC hour=0 outside [7,20) and [0,0)
2026-05-05 19:42:07 INFO mt5_bot - Balance=102029.96 Equity=102029.96 Spread=0.60 pips
2026-05-05 19:42:07 INFO mt5_bot - Session filter: UTC hour=0 outside [7,20) and [0,0)
2026-05-05 19:42:22 INFO mt5_bot - Balance=102029.96 Equity=102029.96 Spread=0.60 pips
2026-05-05 19:42:22 INFO mt5_bot - Session filter: UTC hour=0 outside [7,20) and [0,0)
2026-05-05 19:42:37 INFO mt5_bot - Balance=102029.96 Equity=102029.96 Spread=0.60 pips
2026-05-05 19:42:37 INFO mt5_bot - Session filter: UTC hour=0 outside [7,20) and [0,0)
2026-05-05 19:42:52 INFO mt5_bot - Balance=102029.96 Equity=102029.96 Spread=0.60 pips
2026-05-05 19:42:52 INFO mt5_bot - Session filter: UTC hour=0 outside [7,20) and [0,0)
2026-05-05 19:43:07 INFO mt5_bot - Balance=102029.96 Equity=102029.96 Spread=0.60 pips
2026-05-05 19:43:07 INFO mt5_bot - Session filter: UTC hour=0 outside [7,20) and [0,0)
2026-05-05 19:43:22 INFO mt5_bot - Balance=102029.96 Equity=102029.96 Spread=0.60 pips
2026-05-05 19:43:22 INFO mt5_bot - Session filter: UTC hour=0 outside [7,20) and [0,0)
2026-05-05 19:43:37 INFO mt5_bot - Balance=102029.96 Equity=102029.96 Spread=0.60 pips
2026-05-05 19:43:37 INFO mt5_bot - Session filter: UTC hour=0 outside [7,20) and [0,0)
2026-05-05 19:43:52 INFO mt5_bot - Balance=102029.96 Equity=102029.96 Spread=0.60 pips
2026-05-05 19:43:52 INFO mt5_bot - Session filter: UTC hour=0 outside [7,20) and [0,0)
2026-05-05 19:44:07 INFO mt5_bot - Balance=102029.96 Equity=102029.96 Spread=0.60 pips
2026-05-05 19:44:07 INFO mt5_bot - Session filter: UTC hour=0 outside [7,20) and [0,0)
2026-05-05 19:44:22 INFO mt5_bot - Balance=102029.96 Equity=102029.96 Spread=0.60 pips
2026-05-05 19:44:22 INFO mt5_bot - Session filter: UTC hour=0 outside [7,20) and [0,0)
2026-05-05 19:44:37 INFO mt5_bot - Balance=102029.96 Equity=102029.96 Spread=0.60 pips
2026-05-05 19:44:37 INFO mt5_bot - Session filter: UTC hour=0 outside [7,20) and [0,0)
2026-05-05 19:44:52 INFO mt5_bot - Balance=102029.96 Equity=102029.96 Spread=0.60 pips
2026-05-05 19:44:52 INFO mt5_bot - Session filter: UTC hour=0 outside [7,20) and [0,0)
2026-05-05 19:45:07 INFO mt5_bot - Balance=102029.96 Equity=102029.96 Spread=0.60 pips
2026-05-05 19:45:07 INFO mt5_bot - Session filter: UTC hour=0 outside [7,20) and [0,0)
2026-05-05 19:45:22 INFO mt5_bot - Balance=102029.96 Equity=102029.96 Spread=0.60 pips
2026-05-05 19:45:22 INFO mt5_bot - Session filter: UTC hour=0 outside [7,20) and [0,0)
2026-05-05 19:45:37 INFO mt5_bot - Balance=102029.96 Equity=102029.96 Spread=0.60 pips
2026-05-05 19:45:37 INFO mt5_bot - Session filter: UTC hour=0 outside [7,20) and [0,0)
2026-05-05 19:45:52 INFO mt5_bot - Balance=102029.96 Equity=102029.96 Spread=0.60 pips
2026-05-05 19:45:52 INFO mt5_bot - Session filter: UTC hour=0 outside [7,20) and [0,0)
2026-05-05 19:46:07 INFO mt5_bot - Balance=102029.96 Equity=102029.96 Spread=0.60 pips
2026-05-05 19:46:07 INFO mt5_bot - Session filter: UTC hour=0 outside [7,20) and [0,0)
2026-05-05 19:46:22 INFO mt5_bot - Balance=102029.96 Equity=102029.96 Spread=0.60 pips
2026-05-05 19:46:22 INFO mt5_bot - Session filter: UTC hour=0 outside [7,20) and [0,0)
2026-05-05 19:46:37 INFO mt5_bot - Balance=102029.96 Equity=102029.96 Spread=0.60 pips
2026-05-05 19:46:37 INFO mt5_bot - Session filter: UTC hour=0 outside [7,20) and [0,0)
2026-05-05 19:46:52 INFO mt5_bot - Balance=102029.96 Equity=102029.96 Spread=0.60 pips
2026-05-05 19:46:52 INFO mt5_bot - Session filter: UTC hour=0 outside [7,20) and [0,0)
2026-05-05 19:47:07 INFO mt5_bot - Balance=102029.96 Equity=102029.96 Spread=0.60 pips
2026-05-05 19:47:07 INFO mt5_bot - Session filter: UTC hour=0 outside [7,20) and [0,0)
2026-05-05 19:47:22 INFO mt5_bot - Balance=102029.96 Equity=102029.96 Spread=0.60 pips
2026-05-05 19:47:22 INFO mt5_bot - Session filter: UTC hour=0 outside [7,20) and [0,0)
2026-05-05 19:47:37 INFO mt5_bot - Balance=102029.96 Equity=102029.96 Spread=0.60 pips
2026-05-05 19:47:37 INFO mt5_bot - Session filter: UTC hour=0 outside [7,20) and [0,0)
2026-05-05 19:47:52 INFO mt5_bot - Balance=102029.96 Equity=102029.96 Spread=0.60 pips
2026-05-05 19:47:52 INFO mt5_bot - Session filter: UTC hour=0 outside [7,20) and [0,0)
2026-05-05 19:48:07 INFO mt5_bot - Balance=102029.96 Equity=102029.96 Spread=0.60 pips
2026-05-05 19:48:07 INFO mt5_bot - Session filter: UTC hour=0 outside [7,20) and [0,0)
2026-05-05 19:48:22 INFO mt5_bot - Balance=102029.96 Equity=102029.96 Spread=0.60 pips
2026-05-05 19:48:22 INFO mt5_bot - Session filter: UTC hour=0 outside [7,20) and [0,0)
2026-05-05 19:48:37 INFO mt5_bot - Balance=102029.96 Equity=102029.96 Spread=0.60 pips
2026-05-05 19:48:37 INFO mt5_bot - Session filter: UTC hour=0 outside [7,20) and [0,0)
2026-05-05 19:48:52 INFO mt5_bot - Balance=102029.96 Equity=102029.96 Spread=0.60 pips
2026-05-05 19:48:52 INFO mt5_bot - Session filter: UTC hour=0 outside [7,20) and [0,0)
2026-05-05 19:49:07 INFO mt5_bot - Balance=102029.96 Equity=102029.96 Spread=0.60 pips
2026-05-05 19:49:07 INFO mt5_bot - Session filter: UTC hour=0 outside [7,20) and [0,0)
2026-05-05 19:49:22 INFO mt5_bot - Balance=102029.96 Equity=102029.96 Spread=0.60 pips
2026-05-05 19:49:22 INFO mt5_bot - Session filter: UTC hour=0 outside [7,20) and [0,0)
2026-05-05 19:49:37 INFO mt5_bot - Balance=102029.96 Equity=102029.96 Spread=0.60 pips
2026-05-05 19:49:37 INFO mt5_bot - Session filter: UTC hour=0 outside [7,20) and [0,0)
2026-05-05 19:49:52 INFO mt5_bot - Balance=102029.96 Equity=102029.96 Spread=0.60 pips
2026-05-05 19:49:52 INFO mt5_bot - Session filter: UTC hour=0 outside [7,20) and [0,0)
2026-05-05 19:50:07 INFO mt5_bot - Balance=102029.96 Equity=102029.96 Spread=0.60 pips
2026-05-05 19:50:07 INFO mt5_bot - Session filter: UTC hour=0 outside [7,20) and [0,0)
2026-05-05 19:50:23 INFO mt5_bot - Balance=102029.96 Equity=102029.96 Spread=0.60 pips
2026-05-05 19:50:23 INFO mt5_bot - Session filter: UTC hour=0 outside [7,20) and [0,0)
2026-05-05 19:50:38 INFO mt5_bot - Balance=102029.96 Equity=102029.96 Spread=0.60 pips
2026-05-05 19:50:38 INFO mt5_bot - Session filter: UTC hour=0 outside [7,20) and [0,0)
2026-05-05 19:50:53 INFO mt5_bot - Balance=102029.96 Equity=102029.96 Spread=0.60 pips
2026-05-05 19:50:53 INFO mt5_bot - Session filter: UTC hour=0 outside [7,20) and [0,0)
2026-05-05 19:51:08 INFO mt5_bot - Balance=102029.96 Equity=102029.96 Spread=0.60 pips
2026-05-05 19:51:08 INFO mt5_bot - Session filter: UTC hour=0 outside [7,20) and [0,0)
2026-05-05 19:51:23 INFO mt5_bot - Balance=102029.96 Equity=102029.96 Spread=0.60 pips
2026-05-05 19:51:23 INFO mt5_bot - Session filter: UTC hour=0 outside [7,20) and [0,0)
2026-05-05 19:51:38 INFO mt5_bot - Balance=102029.96 Equity=102029.96 Spread=0.60 pips
2026-05-05 19:51:38 INFO mt5_bot - Session filter: UTC hour=0 outside [7,20) and [0,0)
2026-05-05 19:51:53 INFO mt5_bot - Balance=102029.96 Equity=102029.96 Spread=0.60 pips
2026-05-05 19:51:53 INFO mt5_bot - Session filter: UTC hour=0 outside [7,20) and [0,0)
2026-05-05 19:52:08 INFO mt5_bot - Balance=102029.96 Equity=102029.96 Spread=0.60 pips
2026-05-05 19:52:08 INFO mt5_bot - Session filter: UTC hour=0 outside [7,20) and [0,0)
2026-05-05 19:52:23 INFO mt5_bot - Balance=102029.96 Equity=102029.96 Spread=0.60 pips
2026-05-05 19:52:23 INFO mt5_bot - Session filter: UTC hour=0 outside [7,20) and [0,0)
2026-05-05 19:52:38 INFO mt5_bot - Balance=102029.96 Equity=102029.96 Spread=0.60 pips
2026-05-05 19:52:38 INFO mt5_bot - Session filter: UTC hour=0 outside [7,20) and [0,0)
2026-05-05 19:52:53 INFO mt5_bot - Balance=102029.96 Equity=102029.96 Spread=0.60 pips
2026-05-05 19:52:53 INFO mt5_bot - Session filter: UTC hour=0 outside [7,20) and [0,0)
2026-05-05 19:53:08 INFO mt5_bot - Balance=102029.96 Equity=102029.96 Spread=0.60 pips
2026-05-05 19:53:08 INFO mt5_bot - Session filter: UTC hour=0 outside [7,20) and [0,0)
2026-05-05 19:53:23 INFO mt5_bot - Balance=102029.96 Equity=102029.96 Spread=0.60 pips
2026-05-05 19:53:23 INFO mt5_bot - Session filter: UTC hour=0 outside [7,20) and [0,0)
2026-05-05 19:53:38 INFO mt5_bot - Balance=102029.96 Equity=102029.96 Spread=0.60 pips
2026-05-05 19:53:38 INFO mt5_bot - Session filter: UTC hour=0 outside [7,20) and [0,0)
2026-05-05 19:53:53 INFO mt5_bot - Balance=102029.96 Equity=102029.96 Spread=0.60 pips
2026-05-05 19:53:53 INFO mt5_bot - Session filter: UTC hour=0 outside [7,20) and [0,0)
2026-05-05 19:54:08 INFO mt5_bot - Balance=102029.96 Equity=102029.96 Spread=0.60 pips
2026-05-05 19:54:08 INFO mt5_bot - Session filter: UTC hour=0 outside [7,20) and [0,0)
2026-05-05 19:54:23 INFO mt5_bot - Balance=102029.96 Equity=102029.96 Spread=0.60 pips
2026-05-05 19:54:23 INFO mt5_bot - Session filter: UTC hour=0 outside [7,20) and [0,0)
2026-05-05 19:54:38 INFO mt5_bot - Balance=102029.96 Equity=102029.96 Spread=0.60 pips
2026-05-05 19:54:38 INFO mt5_bot - Session filter: UTC hour=0 outside [7,20) and [0,0)
2026-05-05 19:54:53 INFO mt5_bot - Balance=102029.96 Equity=102029.96 Spread=0.60 pips
2026-05-05 19:54:53 INFO mt5_bot - Session filter: UTC hour=0 outside [7,20) and [0,0)
2026-05-05 19:55:08 INFO mt5_bot - Balance=102029.96 Equity=102029.96 Spread=0.60 pips
2026-05-05 19:55:08 INFO mt5_bot - Session filter: UTC hour=0 outside [7,20) and [0,0)
2026-05-05 19:55:23 INFO mt5_bot - Balance=102029.96 Equity=102029.96 Spread=0.60 pips
2026-05-05 19:55:23 INFO mt5_bot - Session filter: UTC hour=0 outside [7,20) and [0,0)
2026-05-05 19:55:38 INFO mt5_bot - Balance=102029.96 Equity=102029.96 Spread=0.60 pips
2026-05-05 19:55:38 INFO mt5_bot - Session filter: UTC hour=0 outside [7,20) and [0,0)
2026-05-05 19:55:53 INFO mt5_bot - Balance=102029.96 Equity=102029.96 Spread=0.60 pips
2026-05-05 19:55:53 INFO mt5_bot - Session filter: UTC hour=0 outside [7,20) and [0,0)
2026-05-05 19:56:08 INFO mt5_bot - Balance=102029.96 Equity=102029.96 Spread=0.60 pips
2026-05-05 19:56:08 INFO mt5_bot - Session filter: UTC hour=0 outside [7,20) and [0,0)
2026-05-05 19:56:23 INFO mt5_bot - Balance=102029.96 Equity=102029.96 Spread=0.60 pips
2026-05-05 19:56:23 INFO mt5_bot - Session filter: UTC hour=0 outside [7,20) and [0,0)
2026-05-05 19:56:38 INFO mt5_bot - Balance=102029.96 Equity=102029.96 Spread=0.60 pips
2026-05-05 19:56:38 INFO mt5_bot - Session filter: UTC hour=0 outside [7,20) and [0,0)
2026-05-05 19:56:53 INFO mt5_bot - Balance=102029.96 Equity=102029.96 Spread=0.60 pips
2026-05-05 19:56:53 INFO mt5_bot - Session filter: UTC hour=0 outside [7,20) and [0,0)
2026-05-05 19:57:08 INFO mt5_bot - Balance=102029.96 Equity=102029.96 Spread=0.60 pips
2026-05-05 19:57:08 INFO mt5_bot - Session filter: UTC hour=0 outside [7,20) and [0,0)
2026-05-05 19:57:23 INFO mt5_bot - Balance=102029.96 Equity=102029.96 Spread=0.60 pips
2026-05-05 19:57:23 INFO mt5_bot - Session filter: UTC hour=0 outside [7,20) and [0,0)
2026-05-05 19:57:38 INFO mt5_bot - Balance=102029.96 Equity=102029.96 Spread=0.60 pips
2026-05-05 19:57:38 INFO mt5_bot - Session filter: UTC hour=0 outside [7,20) and [0,0)
2026-05-05 19:57:53 INFO mt5_bot - Balance=102029.96 Equity=102029.96 Spread=0.60 pips
2026-05-05 19:57:53 INFO mt5_bot - Session filter: UTC hour=0 outside [7,20) and [0,0)
2026-05-05 19:58:08 INFO mt5_bot - Balance=102029.96 Equity=102029.96 Spread=0.60 pips
2026-05-05 19:58:08 INFO mt5_bot - Session filter: UTC hour=0 outside [7,20) and [0,0)
2026-05-05 19:58:23 INFO mt5_bot - Balance=102029.96 Equity=102029.96 Spread=0.60 pips
2026-05-05 19:58:23 INFO mt5_bot - Session filter: UTC hour=0 outside [7,20) and [0,0)
2026-05-05 19:58:38 INFO mt5_bot - Balance=102029.96 Equity=102029.96 Spread=0.60 pips
2026-05-05 19:58:38 INFO mt5_bot - Session filter: UTC hour=0 outside [7,20) and [0,0)
2026-05-05 19:58:53 INFO mt5_bot - Balance=102029.96 Equity=102029.96 Spread=0.60 pips
2026-05-05 19:58:53 INFO mt5_bot - Session filter: UTC hour=0 outside [7,20) and [0,0)
2026-05-05 19:59:08 INFO mt5_bot - Balance=102029.96 Equity=102029.96 Spread=0.60 pips
2026-05-05 19:59:08 INFO mt5_bot - Session filter: UTC hour=0 outside [7,20) and [0,0)
2026-05-05 19:59:23 INFO mt5_bot - Balance=102029.96 Equity=102029.96 Spread=0.60 pips
2026-05-05 19:59:23 INFO mt5_bot - Session filter: UTC hour=0 outside [7,20) and [0,0)
2026-05-05 19:59:38 INFO mt5_bot - Balance=102029.96 Equity=102029.96 Spread=0.60 pips
2026-05-05 19:59:38 INFO mt5_bot - Session filter: UTC hour=0 outside [7,20) and [0,0)
2026-05-05 19:59:53 INFO mt5_bot - Balance=102029.96 Equity=102029.96 Spread=0.60 pips
2026-05-05 19:59:53 INFO mt5_bot - Session filter: UTC hour=0 outside [7,20) and [0,0)
2026-05-05 20:00:08 INFO mt5_bot - Balance=102029.96 Equity=102029.96 Spread=0.60 pips
2026-05-05 20:00:08 INFO mt5_bot - Session filter: UTC hour=1 outside [7,20) and [0,0)
2026-05-05 20:00:23 INFO mt5_bot - Balance=102029.96 Equity=102029.96 Spread=0.60 pips
2026-05-05 20:00:23 INFO mt5_bot - Session filter: UTC hour=1 outside [7,20) and [0,0)
2026-05-05 20:00:38 INFO mt5_bot - Balance=102029.96 Equity=102029.96 Spread=0.60 pips
2026-05-05 20:00:38 INFO mt5_bot - Session filter: UTC hour=1 outside [7,20) and [0,0)
2026-05-05 20:00:53 INFO mt5_bot - Balance=102029.96 Equity=102029.96 Spread=0.60 pips
2026-05-05 20:00:53 INFO mt5_bot - Session filter: UTC hour=1 outside [7,20) and [0,0)
2026-05-05 20:01:08 INFO mt5_bot - Balance=102029.96 Equity=102029.96 Spread=0.60 pips
2026-05-05 20:01:08 INFO mt5_bot - Session filter: UTC hour=1 outside [7,20) and [0,0)
2026-05-05 20:01:23 INFO mt5_bot - Balance=102029.96 Equity=102029.96 Spread=0.60 pips
2026-05-05 20:01:23 INFO mt5_bot - Session filter: UTC hour=1 outside [7,20) and [0,0)
2026-05-05 20:01:38 INFO mt5_bot - Balance=102029.96 Equity=102029.96 Spread=0.60 pips
2026-05-05 20:01:38 INFO mt5_bot - Session filter: UTC hour=1 outside [7,20) and [0,0)
2026-05-05 20:01:53 INFO mt5_bot - Balance=102029.96 Equity=102029.96 Spread=0.60 pips
2026-05-05 20:01:53 INFO mt5_bot - Session filter: UTC hour=1 outside [7,20) and [0,0)
2026-05-05 20:02:08 INFO mt5_bot - Balance=102029.96 Equity=102029.96 Spread=0.60 pips
2026-05-05 20:02:08 INFO mt5_bot - Session filter: UTC hour=1 outside [7,20) and [0,0)
2026-05-05 20:02:23 INFO mt5_bot - Balance=102029.96 Equity=102029.96 Spread=0.60 pips
2026-05-05 20:02:23 INFO mt5_bot - Session filter: UTC hour=1 outside [7,20) and [0,0)
2026-05-05 20:02:38 INFO mt5_bot - Balance=102029.96 Equity=102029.96 Spread=0.60 pips
2026-05-05 20:02:38 INFO mt5_bot - Session filter: UTC hour=1 outside [7,20) and [0,0)
2026-05-05 20:02:53 INFO mt5_bot - Balance=102029.96 Equity=102029.96 Spread=0.60 pips
2026-05-05 20:02:53 INFO mt5_bot - Session filter: UTC hour=1 outside [7,20) and [0,0)
2026-05-05 20:03:08 INFO mt5_bot - Balance=102029.96 Equity=102029.96 Spread=0.60 pips
2026-05-05 20:03:08 INFO mt5_bot - Session filter: UTC hour=1 outside [7,20) and [0,0)
2026-05-05 20:03:23 INFO mt5_bot - Balance=102029.96 Equity=102029.96 Spread=0.60 pips
2026-05-05 20:03:23 INFO mt5_bot - Session filter: UTC hour=1 outside [7,20) and [0,0)
2026-05-05 20:03:38 INFO mt5_bot - Balance=102029.96 Equity=102029.96 Spread=0.60 pips
2026-05-05 20:03:38 INFO mt5_bot - Session filter: UTC hour=1 outside [7,20) and [0,0)
2026-05-05 20:03:53 INFO mt5_bot - Balance=102029.96 Equity=102029.96 Spread=0.60 pips
2026-05-05 20:03:53 INFO mt5_bot - Session filter: UTC hour=1 outside [7,20) and [0,0)
2026-05-05 20:04:08 INFO mt5_bot - Balance=102029.96 Equity=102029.96 Spread=0.60 pips
2026-05-05 20:04:08 INFO mt5_bot - Session filter: UTC hour=1 outside [7,20) and [0,0)
2026-05-05 20:04:23 INFO mt5_bot - Balance=102029.96 Equity=102029.96 Spread=0.60 pips
2026-05-05 20:04:23 INFO mt5_bot - Session filter: UTC hour=1 outside [7,20) and [0,0)
2026-05-05 20:04:38 INFO mt5_bot - Balance=102029.96 Equity=102029.96 Spread=0.60 pips
2026-05-05 20:04:38 INFO mt5_bot - Session filter: UTC hour=1 outside [7,20) and [0,0)
2026-05-05 20:04:53 INFO mt5_bot - Balance=102029.96 Equity=102029.96 Spread=0.60 pips
2026-05-05 20:04:53 INFO mt5_bot - Session filter: UTC hour=1 outside [7,20) and [0,0)
2026-05-05 20:05:08 INFO mt5_bot - Balance=102029.96 Equity=102029.96 Spread=0.60 pips
2026-05-05 20:05:08 INFO mt5_bot - Session filter: UTC hour=1 outside [7,20) and [0,0)
2026-05-05 20:05:23 INFO mt5_bot - Balance=102029.96 Equity=102029.96 Spread=0.60 pips
2026-05-05 20:05:23 INFO mt5_bot - Session filter: UTC hour=1 outside [7,20) and [0,0)
2026-05-05 20:05:38 INFO mt5_bot - Balance=102029.96 Equity=102029.96 Spread=0.60 pips
2026-05-05 20:05:38 INFO mt5_bot - Session filter: UTC hour=1 outside [7,20) and [0,0)
2026-05-05 20:05:53 INFO mt5_bot - Balance=102029.96 Equity=102029.96 Spread=0.60 pips
2026-05-05 20:05:53 INFO mt5_bot - Session filter: UTC hour=1 outside [7,20) and [0,0)
2026-05-05 20:06:08 INFO mt5_bot - Balance=102029.96 Equity=102029.96 Spread=0.60 pips
2026-05-05 20:06:08 INFO mt5_bot - Session filter: UTC hour=1 outside [7,20) and [0,0)
2026-05-05 20:06:23 INFO mt5_bot - Balance=102029.96 Equity=102029.96 Spread=0.60 pips
2026-05-05 20:06:23 INFO mt5_bot - Session filter: UTC hour=1 outside [7,20) and [0,0)
2026-05-05 20:06:38 INFO mt5_bot - Balance=102029.96 Equity=102029.96 Spread=0.60 pips
2026-05-05 20:06:38 INFO mt5_bot - Session filter: UTC hour=1 outside [7,20) and [0,0)
2026-05-05 20:06:53 INFO mt5_bot - Balance=102029.96 Equity=102029.96 Spread=0.60 pips
2026-05-05 20:06:53 INFO mt5_bot - Session filter: UTC hour=1 outside [7,20) and [0,0)
2026-05-05 20:07:08 INFO mt5_bot - Balance=102029.96 Equity=102029.96 Spread=0.60 pips
2026-05-05 20:07:08 INFO mt5_bot - Session filter: UTC hour=1 outside [7,20) and [0,0)
2026-05-05 20:07:23 INFO mt5_bot - Balance=102029.96 Equity=102029.96 Spread=0.60 pips
2026-05-05 20:07:23 INFO mt5_bot - Session filter: UTC hour=1 outside [7,20) and [0,0)
2026-05-05 20:07:38 INFO mt5_bot - Balance=102029.96 Equity=102029.96 Spread=0.60 pips
2026-05-05 20:07:38 INFO mt5_bot - Session filter: UTC hour=1 outside [7,20) and [0,0)
2026-05-05 20:07:53 INFO mt5_bot - Balance=102029.96 Equity=102029.96 Spread=0.60 pips
2026-05-05 20:07:53 INFO mt5_bot - Session filter: UTC hour=1 outside [7,20) and [0,0)
2026-05-05 20:08:08 INFO mt5_bot - Balance=102029.96 Equity=102029.96 Spread=0.60 pips
2026-05-05 20:08:08 INFO mt5_bot - Session filter: UTC hour=1 outside [7,20) and [0,0)
2026-05-05 20:08:23 INFO mt5_bot - Balance=102029.96 Equity=102029.96 Spread=0.60 pips
2026-05-05 20:08:23 INFO mt5_bot - Session filter: UTC hour=1 outside [7,20) and [0,0)
2026-05-05 20:08:38 INFO mt5_bot - Balance=102029.96 Equity=102029.96 Spread=0.60 pips
2026-05-05 20:08:38 INFO mt5_bot - Session filter: UTC hour=1 outside [7,20) and [0,0)
2026-05-05 20:08:53 INFO mt5_bot - Balance=102029.96 Equity=102029.96 Spread=0.60 pips
2026-05-05 20:08:53 INFO mt5_bot - Session filter: UTC hour=1 outside [7,20) and [0,0)
2026-05-05 20:09:08 INFO mt5_bot - Balance=102029.96 Equity=102029.96 Spread=0.60 pips
2026-05-05 20:09:08 INFO mt5_bot - Session filter: UTC hour=1 outside [7,20) and [0,0)
2026-05-05 20:09:23 INFO mt5_bot - Balance=102029.96 Equity=102029.96 Spread=0.60 pips
2026-05-05 20:09:23 INFO mt5_bot - Session filter: UTC hour=1 outside [7,20) and [0,0)
2026-05-05 20:09:38 INFO mt5_bot - Balance=102029.96 Equity=102029.96 Spread=0.60 pips
2026-05-05 20:09:38 INFO mt5_bot - Session filter: UTC hour=1 outside [7,20) and [0,0)
2026-05-05 20:09:53 INFO mt5_bot - Balance=102029.96 Equity=102029.96 Spread=0.60 pips
2026-05-05 20:09:53 INFO mt5_bot - Session filter: UTC hour=1 outside [7,20) and [0,0)
2026-05-05 20:10:08 INFO mt5_bot - Balance=102029.96 Equity=102029.96 Spread=0.60 pips
2026-05-05 20:10:08 INFO mt5_bot - Session filter: UTC hour=1 outside [7,20) and [0,0)
2026-05-05 20:10:23 INFO mt5_bot - Balance=102029.96 Equity=102029.96 Spread=0.60 pips
2026-05-05 20:10:23 INFO mt5_bot - Session filter: UTC hour=1 outside [7,20) and [0,0)
2026-05-05 20:10:38 INFO mt5_bot - Balance=102029.96 Equity=102029.96 Spread=0.60 pips
2026-05-05 20:10:38 INFO mt5_bot - Session filter: UTC hour=1 outside [7,20) and [0,0)
2026-05-05 20:10:53 INFO mt5_bot - Balance=102029.96 Equity=102029.96 Spread=0.60 pips
2026-05-05 20:10:53 INFO mt5_bot - Session filter: UTC hour=1 outside [7,20) and [0,0)
2026-05-05 20:11:08 INFO mt5_bot - Balance=102029.96 Equity=102029.96 Spread=0.60 pips
2026-05-05 20:11:08 INFO mt5_bot - Session filter: UTC hour=1 outside [7,20) and [0,0)
2026-05-05 20:11:23 INFO mt5_bot - Balance=102029.96 Equity=102029.96 Spread=0.60 pips
2026-05-05 20:11:23 INFO mt5_bot - Session filter: UTC hour=1 outside [7,20) and [0,0)
2026-05-05 20:11:38 INFO mt5_bot - Balance=102029.96 Equity=102029.96 Spread=0.60 pips
2026-05-05 20:11:38 INFO mt5_bot - Session filter: UTC hour=1 outside [7,20) and [0,0)
2026-05-05 20:11:53 INFO mt5_bot - Balance=102029.96 Equity=102029.96 Spread=0.60 pips
2026-05-05 20:11:53 INFO mt5_bot - Session filter: UTC hour=1 outside [7,20) and [0,0)
2026-05-05 20:12:08 INFO mt5_bot - Balance=102029.96 Equity=102029.96 Spread=0.60 pips
2026-05-05 20:12:08 INFO mt5_bot - Session filter: UTC hour=1 outside [7,20) and [0,0)
2026-05-05 20:12:23 INFO mt5_bot - Balance=102029.96 Equity=102029.96 Spread=0.60 pips
2026-05-05 20:12:23 INFO mt5_bot - Session filter: UTC hour=1 outside [7,20) and [0,0)
2026-05-05 20:12:38 INFO mt5_bot - Balance=102029.96 Equity=102029.96 Spread=0.60 pips
2026-05-05 20:12:38 INFO mt5_bot - Session filter: UTC hour=1 outside [7,20) and [0,0)
2026-05-05 20:12:53 INFO mt5_bot - Balance=102029.96 Equity=102029.96 Spread=0.60 pips
2026-05-05 20:12:53 INFO mt5_bot - Session filter: UTC hour=1 outside [7,20) and [0,0)
2026-05-05 20:13:08 INFO mt5_bot - Balance=102029.96 Equity=102029.96 Spread=0.60 pips
2026-05-05 20:13:08 INFO mt5_bot - Session filter: UTC hour=1 outside [7,20) and [0,0)
2026-05-05 20:13:23 INFO mt5_bot - Balance=102029.96 Equity=102029.96 Spread=0.60 pips
2026-05-05 20:13:23 INFO mt5_bot - Session filter: UTC hour=1 outside [7,20) and [0,0)
2026-05-05 20:13:38 INFO mt5_bot - Balance=102029.96 Equity=102029.96 Spread=0.60 pips
2026-05-05 20:13:38 INFO mt5_bot - Session filter: UTC hour=1 outside [7,20) and [0,0)
2026-05-05 20:13:53 INFO mt5_bot - Balance=102029.96 Equity=102029.96 Spread=0.60 pips
2026-05-05 20:13:53 INFO mt5_bot - Session filter: UTC hour=1 outside [7,20) and [0,0)
2026-05-05 20:14:08 INFO mt5_bot - Balance=102029.96 Equity=102029.96 Spread=0.60 pips
2026-05-05 20:14:08 INFO mt5_bot - Session filter: UTC hour=1 outside [7,20) and [0,0)
2026-05-05 20:14:23 INFO mt5_bot - Balance=102029.96 Equity=102029.96 Spread=0.60 pips
2026-05-05 20:14:23 INFO mt5_bot - Session filter: UTC hour=1 outside [7,20) and [0,0)
2026-05-05 20:14:38 INFO mt5_bot - Balance=102029.96 Equity=102029.96 Spread=0.60 pips
2026-05-05 20:14:38 INFO mt5_bot - Session filter: UTC hour=1 outside [7,20) and [0,0)
2026-05-05 20:14:53 INFO mt5_bot - Balance=102029.96 Equity=102029.96 Spread=0.60 pips
2026-05-05 20:14:53 INFO mt5_bot - Session filter: UTC hour=1 outside [7,20) and [0,0)
2026-05-05 20:15:08 INFO mt5_bot - Balance=102029.96 Equity=102029.96 Spread=0.60 pips
2026-05-05 20:15:08 INFO mt5_bot - Session filter: UTC hour=1 outside [7,20) and [0,0)
2026-05-05 20:15:23 INFO mt5_bot - Balance=102029.96 Equity=102029.96 Spread=0.60 pips
2026-05-05 20:15:23 INFO mt5_bot - Session filter: UTC hour=1 outside [7,20) and [0,0)
2026-05-05 20:15:38 INFO mt5_bot - Balance=102029.96 Equity=102029.96 Spread=0.60 pips
2026-05-05 20:15:38 INFO mt5_bot - Session filter: UTC hour=1 outside [7,20) and [0,0)
2026-05-05 20:15:53 INFO mt5_bot - Balance=102029.96 Equity=102029.96 Spread=0.60 pips
2026-05-05 20:15:53 INFO mt5_bot - Session filter: UTC hour=1 outside [7,20) and [0,0)
2026-05-05 20:16:08 INFO mt5_bot - Balance=102029.96 Equity=102029.96 Spread=0.60 pips
2026-05-05 20:16:08 INFO mt5_bot - Session filter: UTC hour=1 outside [7,20) and [0,0)
2026-05-05 20:16:23 INFO mt5_bot - Balance=102029.96 Equity=102029.96 Spread=0.60 pips
2026-05-05 20:16:23 INFO mt5_bot - Session filter: UTC hour=1 outside [7,20) and [0,0)
2026-05-05 20:16:38 INFO mt5_bot - Balance=102029.96 Equity=102029.96 Spread=0.60 pips
2026-05-05 20:16:38 INFO mt5_bot - Session filter: UTC hour=1 outside [7,20) and [0,0)
2026-05-05 20:16:53 INFO mt5_bot - Balance=102029.96 Equity=102029.96 Spread=0.60 pips
2026-05-05 20:16:53 INFO mt5_bot - Session filter: UTC hour=1 outside [7,20) and [0,0)
2026-05-05 20:17:08 INFO mt5_bot - Balance=102029.96 Equity=102029.96 Spread=0.60 pips
2026-05-05 20:17:08 INFO mt5_bot - Session filter: UTC hour=1 outside [7,20) and [0,0)
2026-05-05 20:17:23 INFO mt5_bot - Balance=102029.96 Equity=102029.96 Spread=0.60 pips
2026-05-05 20:17:23 INFO mt5_bot - Session filter: UTC hour=1 outside [7,20) and [0,0)
2026-05-05 20:17:38 INFO mt5_bot - Balance=102029.96 Equity=102029.96 Spread=0.60 pips
2026-05-05 20:17:38 INFO mt5_bot - Session filter: UTC hour=1 outside [7,20) and [0,0)
2026-05-05 20:17:53 INFO mt5_bot - Balance=102029.96 Equity=102029.96 Spread=0.60 pips
2026-05-05 20:17:53 INFO mt5_bot - Session filter: UTC hour=1 outside [7,20) and [0,0)
2026-05-05 20:18:08 INFO mt5_bot - Balance=102029.96 Equity=102029.96 Spread=0.60 pips
2026-05-05 20:18:08 INFO mt5_bot - Session filter: UTC hour=1 outside [7,20) and [0,0)
2026-05-05 20:18:23 INFO mt5_bot - Balance=102029.96 Equity=102029.96 Spread=0.60 pips
2026-05-05 20:18:23 INFO mt5_bot - Session filter: UTC hour=1 outside [7,20) and [0,0)
2026-05-05 20:18:38 INFO mt5_bot - Balance=102029.96 Equity=102029.96 Spread=0.60 pips
2026-05-05 20:18:38 INFO mt5_bot - Session filter: UTC hour=1 outside [7,20) and [0,0)
2026-05-05 20:18:53 INFO mt5_bot - Balance=102029.96 Equity=102029.96 Spread=0.60 pips
2026-05-05 20:18:53 INFO mt5_bot - Session filter: UTC hour=1 outside [7,20) and [0,0)
2026-05-05 20:19:08 INFO mt5_bot - Balance=102029.96 Equity=102029.96 Spread=0.60 pips
2026-05-05 20:19:08 INFO mt5_bot - Session filter: UTC hour=1 outside [7,20) and [0,0)
2026-05-05 20:19:23 INFO mt5_bot - Balance=102029.96 Equity=102029.96 Spread=0.60 pips
2026-05-05 20:19:23 INFO mt5_bot - Session filter: UTC hour=1 outside [7,20) and [0,0)
2026-05-05 20:19:38 INFO mt5_bot - Balance=102029.96 Equity=102029.96 Spread=0.60 pips
2026-05-05 20:19:38 INFO mt5_bot - Session filter: UTC hour=1 outside [7,20) and [0,0)
2026-05-05 20:19:53 INFO mt5_bot - Balance=102029.96 Equity=102029.96 Spread=0.60 pips
2026-05-05 20:19:53 INFO mt5_bot - Session filter: UTC hour=1 outside [7,20) and [0,0)
2026-05-05 20:20:08 INFO mt5_bot - Balance=102029.96 Equity=102029.96 Spread=0.60 pips
2026-05-05 20:20:08 INFO mt5_bot - Session filter: UTC hour=1 outside [7,20) and [0,0)
2026-05-05 20:20:23 INFO mt5_bot - Balance=102029.96 Equity=102029.96 Spread=0.60 pips
2026-05-05 20:20:23 INFO mt5_bot - Session filter: UTC hour=1 outside [7,20) and [0,0)
2026-05-05 20:20:38 INFO mt5_bot - Balance=102029.96 Equity=102029.96 Spread=0.60 pips
2026-05-05 20:20:38 INFO mt5_bot - Session filter: UTC hour=1 outside [7,20) and [0,0)
2026-05-05 20:20:53 INFO mt5_bot - Balance=102029.96 Equity=102029.96 Spread=0.60 pips
2026-05-05 20:20:53 INFO mt5_bot - Session filter: UTC hour=1 outside [7,20) and [0,0)
2026-05-05 20:21:08 INFO mt5_bot - Balance=102029.96 Equity=102029.96 Spread=0.60 pips
2026-05-05 20:21:08 INFO mt5_bot - Session filter: UTC hour=1 outside [7,20) and [0,0)
2026-05-05 20:21:23 INFO mt5_bot - Balance=102029.96 Equity=102029.96 Spread=0.60 pips
2026-05-05 20:21:23 INFO mt5_bot - Session filter: UTC hour=1 outside [7,20) and [0,0)
2026-05-05 20:21:38 INFO mt5_bot - Balance=102029.96 Equity=102029.96 Spread=0.60 pips
2026-05-05 20:21:38 INFO mt5_bot - Session filter: UTC hour=1 outside [7,20) and [0,0)
2026-05-05 20:21:53 INFO mt5_bot - Balance=102029.96 Equity=102029.96 Spread=0.60 pips
2026-05-05 20:21:53 INFO mt5_bot - Session filter: UTC hour=1 outside [7,20) and [0,0)
2026-05-05 20:22:08 INFO mt5_bot - Balance=102029.96 Equity=102029.96 Spread=0.60 pips
2026-05-05 20:22:08 INFO mt5_bot - Session filter: UTC hour=1 outside [7,20) and [0,0)
2026-05-05 20:22:23 INFO mt5_bot - Balance=102029.96 Equity=102029.96 Spread=0.60 pips
2026-05-05 20:22:23 INFO mt5_bot - Session filter: UTC hour=1 outside [7,20) and [0,0)
2026-05-05 20:22:38 INFO mt5_bot - Balance=102029.96 Equity=102029.96 Spread=0.60 pips
2026-05-05 20:22:38 INFO mt5_bot - Session filter: UTC hour=1 outside [7,20) and [0,0)
2026-05-05 20:22:53 INFO mt5_bot - Balance=102029.96 Equity=102029.96 Spread=0.60 pips
2026-05-05 20:22:53 INFO mt5_bot - Session filter: UTC hour=1 outside [7,20) and [0,0)
2026-05-05 20:23:08 INFO mt5_bot - Balance=102029.96 Equity=102029.96 Spread=0.60 pips
2026-05-05 20:23:08 INFO mt5_bot - Session filter: UTC hour=1 outside [7,20) and [0,0)
2026-05-05 20:23:23 INFO mt5_bot - Balance=102029.96 Equity=102029.96 Spread=0.60 pips
2026-05-05 20:23:23 INFO mt5_bot - Session filter: UTC hour=1 outside [7,20) and [0,0)
2026-05-05 20:23:38 INFO mt5_bot - Balance=102029.96 Equity=102029.96 Spread=0.60 pips
2026-05-05 20:23:38 INFO mt5_bot - Session filter: UTC hour=1 outside [7,20) and [0,0)
2026-05-05 20:23:53 INFO mt5_bot - Balance=102029.96 Equity=102029.96 Spread=0.60 pips
2026-05-05 20:23:53 INFO mt5_bot - Session filter: UTC hour=1 outside [7,20) and [0,0)
2026-05-05 20:24:08 INFO mt5_bot - Balance=102029.96 Equity=102029.96 Spread=0.60 pips
2026-05-05 20:24:08 INFO mt5_bot - Session filter: UTC hour=1 outside [7,20) and [0,0)
2026-05-05 20:24:23 INFO mt5_bot - Balance=102029.96 Equity=102029.96 Spread=0.60 pips
2026-05-05 20:24:23 INFO mt5_bot - Session filter: UTC hour=1 outside [7,20) and [0,0)
2026-05-05 20:24:38 INFO mt5_bot - Balance=102029.96 Equity=102029.96 Spread=0.60 pips
2026-05-05 20:24:38 INFO mt5_bot - Session filter: UTC hour=1 outside [7,20) and [0,0)
2026-05-05 20:24:53 INFO mt5_bot - Balance=102029.96 Equity=102029.96 Spread=0.60 pips
2026-05-05 20:24:53 INFO mt5_bot - Session filter: UTC hour=1 outside [7,20) and [0,0)
2026-05-05 20:25:08 INFO mt5_bot - Balance=102029.96 Equity=102029.96 Spread=0.60 pips
2026-05-05 20:25:08 INFO mt5_bot - Session filter: UTC hour=1 outside [7,20) and [0,0)
2026-05-05 20:25:23 INFO mt5_bot - Balance=102029.96 Equity=102029.96 Spread=0.60 pips
2026-05-05 20:25:23 INFO mt5_bot - Session filter: UTC hour=1 outside [7,20) and [0,0)
2026-05-05 20:25:38 INFO mt5_bot - Balance=102029.96 Equity=102029.96 Spread=0.60 pips
2026-05-05 20:25:38 INFO mt5_bot - Session filter: UTC hour=1 outside [7,20) and [0,0)
2026-05-05 20:25:53 INFO mt5_bot - Balance=102029.96 Equity=102029.96 Spread=0.60 pips
2026-05-05 20:25:53 INFO mt5_bot - Session filter: UTC hour=1 outside [7,20) and [0,0)
2026-05-05 20:26:08 INFO mt5_bot - Balance=102029.96 Equity=102029.96 Spread=0.60 pips
2026-05-05 20:26:08 INFO mt5_bot - Session filter: UTC hour=1 outside [7,20) and [0,0)
2026-05-05 20:26:23 INFO mt5_bot - Balance=102029.96 Equity=102029.96 Spread=0.60 pips
2026-05-05 20:26:23 INFO mt5_bot - Session filter: UTC hour=1 outside [7,20) and [0,0)
2026-05-05 20:26:38 INFO mt5_bot - Balance=102029.96 Equity=102029.96 Spread=0.60 pips
2026-05-05 20:26:38 INFO mt5_bot - Session filter: UTC hour=1 outside [7,20) and [0,0)
2026-05-05 20:26:53 INFO mt5_bot - Balance=102029.96 Equity=102029.96 Spread=0.60 pips
2026-05-05 20:26:53 INFO mt5_bot - Session filter: UTC hour=1 outside [7,20) and [0,0)
2026-05-05 20:27:08 INFO mt5_bot - Balance=102029.96 Equity=102029.96 Spread=0.60 pips
2026-05-05 20:27:08 INFO mt5_bot - Session filter: UTC hour=1 outside [7,20) and [0,0)
2026-05-05 20:27:23 INFO mt5_bot - Balance=102029.96 Equity=102029.96 Spread=0.60 pips
2026-05-05 20:27:23 INFO mt5_bot - Session filter: UTC hour=1 outside [7,20) and [0,0)
2026-05-05 20:27:38 INFO mt5_bot - Balance=102029.96 Equity=102029.96 Spread=0.60 pips
2026-05-05 20:27:38 INFO mt5_bot - Session filter: UTC hour=1 outside [7,20) and [0,0)
2026-05-05 20:27:53 INFO mt5_bot - Balance=102029.96 Equity=102029.96 Spread=0.60 pips
2026-05-05 20:27:53 INFO mt5_bot - Session filter: UTC hour=1 outside [7,20) and [0,0)
2026-05-05 20:28:08 INFO mt5_bot - Balance=102029.96 Equity=102029.96 Spread=0.60 pips
2026-05-05 20:28:08 INFO mt5_bot - Session filter: UTC hour=1 outside [7,20) and [0,0)
2026-05-05 20:28:23 INFO mt5_bot - Balance=102029.96 Equity=102029.96 Spread=0.60 pips
2026-05-05 20:28:23 INFO mt5_bot - Session filter: UTC hour=1 outside [7,20) and [0,0)
2026-05-05 20:28:38 INFO mt5_bot - Balance=102029.96 Equity=102029.96 Spread=0.60 pips
2026-05-05 20:28:38 INFO mt5_bot - Session filter: UTC hour=1 outside [7,20) and [0,0)
2026-05-05 20:28:53 INFO mt5_bot - Balance=102029.96 Equity=102029.96 Spread=0.60 pips
2026-05-05 20:28:53 INFO mt5_bot - Session filter: UTC hour=1 outside [7,20) and [0,0)
2026-05-05 20:29:08 INFO mt5_bot - Balance=102029.96 Equity=102029.96 Spread=0.60 pips
2026-05-05 20:29:08 INFO mt5_bot - Session filter: UTC hour=1 outside [7,20) and [0,0)
2026-05-05 20:29:23 INFO mt5_bot - Balance=102029.96 Equity=102029.96 Spread=0.60 pips
2026-05-05 20:29:23 INFO mt5_bot - Session filter: UTC hour=1 outside [7,20) and [0,0)
2026-05-05 20:29:38 INFO mt5_bot - Balance=102029.96 Equity=102029.96 Spread=0.60 pips
2026-05-05 20:29:38 INFO mt5_bot - Session filter: UTC hour=1 outside [7,20) and [0,0)
2026-05-05 20:29:53 INFO mt5_bot - Balance=102029.96 Equity=102029.96 Spread=0.60 pips
2026-05-05 20:29:53 INFO mt5_bot - Session filter: UTC hour=1 outside [7,20) and [0,0)
2026-05-05 20:30:08 INFO mt5_bot - Balance=102029.96 Equity=102029.96 Spread=0.60 pips
2026-05-05 20:30:08 INFO mt5_bot - Session filter: UTC hour=1 outside [7,20) and [0,0)
2026-05-05 20:30:23 INFO mt5_bot - Balance=102029.96 Equity=102029.96 Spread=0.60 pips
2026-05-05 20:30:23 INFO mt5_bot - Session filter: UTC hour=1 outside [7,20) and [0,0)
2026-05-05 20:30:38 INFO mt5_bot - Balance=102029.96 Equity=102029.96 Spread=0.60 pips
2026-05-05 20:30:38 INFO mt5_bot - Session filter: UTC hour=1 outside [7,20) and [0,0)
2026-05-05 20:30:53 INFO mt5_bot - Balance=102029.96 Equity=102029.96 Spread=0.60 pips
2026-05-05 20:30:53 INFO mt5_bot - Session filter: UTC hour=1 outside [7,20) and [0,0)
2026-05-05 20:31:08 INFO mt5_bot - Balance=102029.96 Equity=102029.96 Spread=0.60 pips
2026-05-05 20:31:08 INFO mt5_bot - Session filter: UTC hour=1 outside [7,20) and [0,0)
2026-05-05 20:31:23 INFO mt5_bot - Balance=102029.96 Equity=102029.96 Spread=0.60 pips
2026-05-05 20:31:23 INFO mt5_bot - Session filter: UTC hour=1 outside [7,20) and [0,0)
2026-05-05 20:31:38 INFO mt5_bot - Balance=102029.96 Equity=102029.96 Spread=0.60 pips
2026-05-05 20:31:38 INFO mt5_bot - Session filter: UTC hour=1 outside [7,20) and [0,0)
2026-05-05 20:31:53 INFO mt5_bot - Balance=102029.96 Equity=102029.96 Spread=0.60 pips
2026-05-05 20:31:53 INFO mt5_bot - Session filter: UTC hour=1 outside [7,20) and [0,0)
2026-05-05 20:32:08 INFO mt5_bot - Balance=102029.96 Equity=102029.96 Spread=0.60 pips
2026-05-05 20:32:08 INFO mt5_bot - Session filter: UTC hour=1 outside [7,20) and [0,0)
2026-05-05 20:32:24 INFO mt5_bot - Balance=102029.96 Equity=102029.96 Spread=0.60 pips
2026-05-05 20:32:24 INFO mt5_bot - Session filter: UTC hour=1 outside [7,20) and [0,0)
2026-05-05 20:32:39 INFO mt5_bot - Balance=102029.96 Equity=102029.96 Spread=0.60 pips
2026-05-05 20:32:39 INFO mt5_bot - Session filter: UTC hour=1 outside [7,20) and [0,0)
2026-05-05 20:32:54 INFO mt5_bot - Balance=102029.96 Equity=102029.96 Spread=0.60 pips
2026-05-05 20:32:54 INFO mt5_bot - Session filter: UTC hour=1 outside [7,20) and [0,0)
2026-05-05 20:33:09 INFO mt5_bot - Balance=102029.96 Equity=102029.96 Spread=0.60 pips
2026-05-05 20:33:09 INFO mt5_bot - Session filter: UTC hour=1 outside [7,20) and [0,0)
2026-05-05 20:33:24 INFO mt5_bot - Balance=102029.96 Equity=102029.96 Spread=0.60 pips
2026-05-05 20:33:24 INFO mt5_bot - Session filter: UTC hour=1 outside [7,20) and [0,0)
2026-05-05 20:33:39 INFO mt5_bot - Balance=102029.96 Equity=102029.96 Spread=0.60 pips
2026-05-05 20:33:39 INFO mt5_bot - Session filter: UTC hour=1 outside [7,20) and [0,0)
2026-05-05 20:33:54 INFO mt5_bot - Balance=102029.96 Equity=102029.96 Spread=0.60 pips
2026-05-05 20:33:54 INFO mt5_bot - Session filter: UTC hour=1 outside [7,20) and [0,0)
2026-05-05 20:34:09 INFO mt5_bot - Balance=102029.96 Equity=102029.96 Spread=0.60 pips
2026-05-05 20:34:09 INFO mt5_bot - Session filter: UTC hour=1 outside [7,20) and [0,0)
2026-05-05 20:34:24 INFO mt5_bot - Balance=102029.96 Equity=102029.96 Spread=0.60 pips
2026-05-05 20:34:24 INFO mt5_bot - Session filter: UTC hour=1 outside [7,20) and [0,0)
2026-05-05 20:34:39 INFO mt5_bot - Balance=102029.96 Equity=102029.96 Spread=0.60 pips
2026-05-05 20:34:39 INFO mt5_bot - Session filter: UTC hour=1 outside [7,20) and [0,0)
2026-05-05 20:34:54 INFO mt5_bot - Balance=102029.96 Equity=102029.96 Spread=0.60 pips
2026-05-05 20:34:54 INFO mt5_bot - Session filter: UTC hour=1 outside [7,20) and [0,0)
2026-05-05 20:35:09 INFO mt5_bot - Balance=102029.96 Equity=102029.96 Spread=0.60 pips
2026-05-05 20:35:09 INFO mt5_bot - Session filter: UTC hour=1 outside [7,20) and [0,0)
2026-05-05 20:35:24 INFO mt5_bot - Balance=102029.96 Equity=102029.96 Spread=0.60 pips
2026-05-05 20:35:24 INFO mt5_bot - Session filter: UTC hour=1 outside [7,20) and [0,0)
2026-05-05 20:35:39 INFO mt5_bot - Balance=102029.96 Equity=102029.96 Spread=0.60 pips
2026-05-05 20:35:39 INFO mt5_bot - Session filter: UTC hour=1 outside [7,20) and [0,0)
2026-05-05 20:35:54 INFO mt5_bot - Balance=102029.96 Equity=102029.96 Spread=0.60 pips
2026-05-05 20:35:54 INFO mt5_bot - Session filter: UTC hour=1 outside [7,20) and [0,0)
2026-05-05 20:36:09 INFO mt5_bot - Balance=102029.96 Equity=102029.96 Spread=0.60 pips
2026-05-05 20:36:09 INFO mt5_bot - Session filter: UTC hour=1 outside [7,20) and [0,0)
2026-05-05 20:36:24 INFO mt5_bot - Balance=102029.96 Equity=102029.96 Spread=0.60 pips
2026-05-05 20:36:24 INFO mt5_bot - Session filter: UTC hour=1 outside [7,20) and [0,0)
2026-05-05 20:36:39 INFO mt5_bot - Balance=102029.96 Equity=102029.96 Spread=0.60 pips
2026-05-05 20:36:39 INFO mt5_bot - Session filter: UTC hour=1 outside [7,20) and [0,0)
2026-05-05 20:36:54 INFO mt5_bot - Balance=102029.96 Equity=102029.96 Spread=0.60 pips
2026-05-05 20:36:54 INFO mt5_bot - Session filter: UTC hour=1 outside [7,20) and [0,0)
2026-05-05 20:37:09 INFO mt5_bot - Balance=102029.96 Equity=102029.96 Spread=0.60 pips
2026-05-05 20:37:09 INFO mt5_bot - Session filter: UTC hour=1 outside [7,20) and [0,0)
2026-05-05 20:37:24 INFO mt5_bot - Balance=102029.96 Equity=102029.96 Spread=0.60 pips
2026-05-05 20:37:24 INFO mt5_bot - Session filter: UTC hour=1 outside [7,20) and [0,0)
2026-05-05 20:37:39 INFO mt5_bot - Balance=102029.96 Equity=102029.96 Spread=0.60 pips
2026-05-05 20:37:39 INFO mt5_bot - Session filter: UTC hour=1 outside [7,20) and [0,0)
2026-05-05 20:37:54 INFO mt5_bot - Balance=102029.96 Equity=102029.96 Spread=0.60 pips
2026-05-05 20:37:54 INFO mt5_bot - Session filter: UTC hour=1 outside [7,20) and [0,0)
2026-05-05 20:38:09 INFO mt5_bot - Balance=102029.96 Equity=102029.96 Spread=0.60 pips
2026-05-05 20:38:09 INFO mt5_bot - Session filter: UTC hour=1 outside [7,20) and [0,0)
2026-05-05 20:38:24 INFO mt5_bot - Balance=102029.96 Equity=102029.96 Spread=0.60 pips
2026-05-05 20:38:24 INFO mt5_bot - Session filter: UTC hour=1 outside [7,20) and [0,0)
2026-05-05 20:38:39 INFO mt5_bot - Balance=102029.96 Equity=102029.96 Spread=0.60 pips
2026-05-05 20:38:39 INFO mt5_bot - Session filter: UTC hour=1 outside [7,20) and [0,0)
2026-05-05 20:38:54 INFO mt5_bot - Balance=102029.96 Equity=102029.96 Spread=0.60 pips
2026-05-05 20:38:54 INFO mt5_bot - Session filter: UTC hour=1 outside [7,20) and [0,0)
2026-05-05 20:39:09 INFO mt5_bot - Balance=102029.96 Equity=102029.96 Spread=0.60 pips
2026-05-05 20:39:09 INFO mt5_bot - Session filter: UTC hour=1 outside [7,20) and [0,0)
2026-05-05 20:39:24 INFO mt5_bot - Balance=102029.96 Equity=102029.96 Spread=0.60 pips
2026-05-05 20:39:24 INFO mt5_bot - Session filter: UTC hour=1 outside [7,20) and [0,0)
2026-05-05 20:39:39 INFO mt5_bot - Balance=102029.96 Equity=102029.96 Spread=0.60 pips
2026-05-05 20:39:39 INFO mt5_bot - Session filter: UTC hour=1 outside [7,20) and [0,0)
2026-05-05 20:39:54 INFO mt5_bot - Balance=102029.96 Equity=102029.96 Spread=0.60 pips
2026-05-05 20:39:54 INFO mt5_bot - Session filter: UTC hour=1 outside [7,20) and [0,0)
2026-05-05 20:40:09 INFO mt5_bot - Balance=102029.96 Equity=102029.96 Spread=0.60 pips
2026-05-05 20:40:09 INFO mt5_bot - Session filter: UTC hour=1 outside [7,20) and [0,0)
2026-05-05 20:40:24 INFO mt5_bot - Balance=102029.96 Equity=102029.96 Spread=0.60 pips
2026-05-05 20:40:24 INFO mt5_bot - Session filter: UTC hour=1 outside [7,20) and [0,0)
pips
2026-05-05 20:39:40 INFO mt5_bot - Session filter: UTC hour=1 outside [7,20) and [0,0)
2026-05-05 20:39:55 INFO mt5_bot - Balance=102029.96 Equity=102029.96 Spread=0.60 pips
2026-05-05 20:39:55 INFO mt5_bot - Session filter: UTC hour=1 outside [7,20) and [0,0)
2026-05-05 20:40:10 INFO mt5_bot - Balance=102029.96 Equity=102029.96 Spread=0.60 pips
2026-05-05 20:40:10 INFO mt5_bot - Session filter: UTC hour=1 outside [7,20) and [0,0)
2026-05-05 20:40:25 INFO mt5_bot - Balance=102029.96 Equity=102029.96 Spread=0.60 pips
2026-05-05 20:40:25 INFO mt5_bot - Session filter: UTC hour=1 outside [7,20) and [0,0)
2026-05-05 20:40:40 INFO mt5_bot - Balance=102029.96 Equity=102029.96 Spread=0.60 pips
2026-05-05 20:40:40 INFO mt5_bot - Session filter: UTC hour=1 outside [7,20) and [0,0)
2026-05-05 20:40:55 INFO mt5_bot - Balance=102029.96 Equity=102029.96 Spread=0.60 pips
2026-05-05 20:40:55 INFO mt5_bot - Session filter: UTC hour=1 outside [7,20) and [0,0)
2026-05-05 20:41:10 INFO mt5_bot - Balance=102029.96 Equity=102029.96 Spread=0.60 pips
2026-05-05 20:41:10 INFO mt5_bot - Session filter: UTC hour=1 outside [7,20) and [0,0)
2026-05-05 20:41:25 INFO mt5_bot - Balance=102029.96 Equity=102029.96 Spread=0.60 pips
2026-05-05 20:41:25 INFO mt5_bot - Session filter: UTC hour=1 outside [7,20) and [0,0)
2026-05-05 20:41:40 INFO mt5_bot - Balance=102029.96 Equity=102029.96 Spread=0.60 pips
2026-05-05 20:41:40 INFO mt5_bot - Session filter: UTC hour=1 outside [7,20) and [0,0)
2026-05-05 20:41:55 INFO mt5_bot - Balance=102029.96 Equity=102029.96 Spread=0.60 pips
2026-05-05 20:41:55 INFO mt5_bot - Session filter: UTC hour=1 outside [7,20) and [0,0)
2026-05-05 20:42:10 INFO mt5_bot - Balance=102029.96 Equity=102029.96 Spread=0.60 pips
2026-05-05 20:42:10 INFO mt5_bot - Session filter: UTC hour=1 outside [7,20) and [0,0)
2026-05-05 20:42:25 INFO mt5_bot - Balance=102029.96 Equity=102029.96 Spread=0.60 pips
2026-05-05 20:42:25 INFO mt5_bot - Session filter: UTC hour=1 outside [7,20) and [0,0)
2026-05-05 20:42:40 INFO mt5_bot - Balance=102029.96 Equity=102029.96 Spread=0.60 pips
2026-05-05 20:42:40 INFO mt5_bot - Session filter: UTC hour=1 outside [7,20) and [0,0)
2026-05-05 20:42:55 INFO mt5_bot - Balance=102029.96 Equity=102029.96 Spread=0.60 pips
2026-05-05 20:42:55 INFO mt5_bot - Session filter: UTC hour=1 outside [7,20) and [0,0)
2026-05-05 20:43:10 INFO mt5_bot - Balance=102029.96 Equity=102029.96 Spread=0.60 pips
2026-05-05 20:43:10 INFO mt5_bot - Session filter: UTC hour=1 outside [7,20) and [0,0)
2026-05-05 20:43:25 INFO mt5_bot - Balance=102029.96 Equity=102029.96 Spread=0.60 pips
2026-05-05 20:43:25 INFO mt5_bot - Session filter: UTC hour=1 outside [7,20) and [0,0)
2026-05-05 20:43:40 INFO mt5_bot - Balance=102029.96 Equity=102029.96 Spread=0.60 pips
2026-05-05 20:43:40 INFO mt5_bot - Session filter: UTC hour=1 outside [7,20) and [0,0)
2026-05-05 20:43:55 INFO mt5_bot - Balance=102029.96 Equity=102029.96 Spread=0.60 pips
2026-05-05 20:43:55 INFO mt5_bot - Session filter: UTC hour=1 outside [7,20) and [0,0)
2026-05-05 20:44:10 INFO mt5_bot - Balance=102029.96 Equity=102029.96 Spread=0.60 pips
2026-05-05 20:44:10 INFO mt5_bot - Session filter: UTC hour=1 outside [7,20) and [0,0)
2026-05-05 20:44:25 INFO mt5_bot - Balance=102029.96 Equity=102029.96 Spread=0.60 pips
2026-05-05 20:44:25 INFO mt5_bot - Session filter: UTC hour=1 outside [7,20) and [0,0)
2026-05-05 20:44:40 INFO mt5_bot - Balance=102029.96 Equity=102029.96 Spread=0.60 pips
2026-05-05 20:44:40 INFO mt5_bot - Session filter: UTC hour=1 outside [7,20) and [0,0)
2026-05-05 20:44:55 INFO mt5_bot - Balance=102029.96 Equity=102029.96 Spread=0.60 pips
2026-05-05 20:44:55 INFO mt5_bot - Session filter: UTC hour=1 outside [7,20) and [0,0)
2026-05-05 20:45:10 INFO mt5_bot - Balance=102029.96 Equity=102029.96 Spread=0.60 pips
2026-05-05 20:45:10 INFO mt5_bot - Session filter: UTC hour=1 outside [7,20) and [0,0)
2026-05-05 20:45:25 INFO mt5_bot - Balance=102029.96 Equity=102029.96 Spread=0.60 pips
2026-05-05 20:45:25 INFO mt5_bot - Session filter: UTC hour=1 outside [7,20) and [0,0)
2026-05-05 20:45:40 INFO mt5_bot - Balance=102029.96 Equity=102029.96 Spread=0.60 pips
2026-05-05 20:45:40 INFO mt5_bot - Session filter: UTC hour=1 outside [7,20) and [0,0)
2026-05-05 20:45:55 INFO mt5_bot - Balance=102029.96 Equity=102029.96 Spread=0.60 pips
2026-05-05 20:45:55 INFO mt5_bot - Session filter: UTC hour=1 outside [7,20) and [0,0)
2026-05-05 20:46:10 INFO mt5_bot - Balance=102029.96 Equity=102029.96 Spread=0.60 pips
2026-05-05 20:46:10 INFO mt5_bot - Session filter: UTC hour=1 outside [7,20) and [0,0)
2026-05-05 20:46:25 INFO mt5_bot - Balance=102029.96 Equity=102029.96 Spread=0.60 pips
2026-05-05 20:46:25 INFO mt5_bot - Session filter: UTC hour=1 outside [7,20) and [0,0)
2026-05-05 20:46:40 INFO mt5_bot - Balance=102029.96 Equity=102029.96 Spread=0.60 pips
2026-05-05 20:46:40 INFO mt5_bot - Session filter: UTC hour=1 outside [7,20) and [0,0)
2026-05-05 20:46:55 INFO mt5_bot - Balance=102029.96 Equity=102029.96 Spread=0.60 pips
2026-05-05 20:46:55 INFO mt5_bot - Session filter: UTC hour=1 outside [7,20) and [0,0)
2026-05-05 20:47:10 INFO mt5_bot - Balance=102029.96 Equity=102029.96 Spread=0.60 pips
2026-05-05 20:47:10 INFO mt5_bot - Session filter: UTC hour=1 outside [7,20) and [0,0)
2026-05-05 20:47:25 INFO mt5_bot - Balance=102029.96 Equity=102029.96 Spread=0.60 pips
2026-05-05 20:47:25 INFO mt5_bot - Session filter: UTC hour=1 outside [7,20) and [0,0)
2026-05-05 20:47:40 INFO mt5_bot - Balance=102029.96 Equity=102029.96 Spread=0.60 pips
2026-05-05 20:47:40 INFO mt5_bot - Session filter: UTC hour=1 outside [7,20) and [0,0)
2026-05-05 20:47:55 INFO mt5_bot - Balance=102029.96 Equity=102029.96 Spread=0.60 pips
2026-05-05 20:47:55 INFO mt5_bot - Session filter: UTC hour=1 outside [7,20) and [0,0)
2026-05-05 20:48:10 INFO mt5_bot - Balance=102029.96 Equity=102029.96 Spread=0.60 pips
2026-05-05 20:48:10 INFO mt5_bot - Session filter: UTC hour=1 outside [7,20) and [0,0)
2026-05-05 20:48:25 INFO mt5_bot - Balance=102029.96 Equity=102029.96 Spread=0.60 pips
2026-05-05 20:48:25 INFO mt5_bot - Session filter: UTC hour=1 outside [7,20) and [0,0)
2026-05-05 20:48:40 INFO mt5_bot - Balance=102029.96 Equity=102029.96 Spread=0.60 pips
2026-05-05 20:48:40 INFO mt5_bot - Session filter: UTC hour=1 outside [7,20) and [0,0)
2026-05-05 20:48:55 INFO mt5_bot - Balance=102029.96 Equity=102029.96 Spread=0.60 pips
2026-05-05 20:48:55 INFO mt5_bot - Session filter: UTC hour=1 outside [7,20) and [0,0)
2026-05-05 20:49:10 INFO mt5_bot - Balance=102029.96 Equity=102029.96 Spread=0.60 pips
2026-05-05 20:49:10 INFO mt5_bot - Session filter: UTC hour=1 outside [7,20) and [0,0)
2026-05-05 20:49:25 INFO mt5_bot - Balance=102029.96 Equity=102029.96 Spread=0.60 pips
2026-05-05 20:49:25 INFO mt5_bot - Session filter: UTC hour=1 outside [7,20) and [0,0)
2026-05-05 20:49:40 INFO mt5_bot - Balance=102029.96 Equity=102029.96 Spread=0.60 pips
2026-05-05 20:49:40 INFO mt5_bot - Session filter: UTC hour=1 outside [7,20) and [0,0)
2026-05-05 20:49:55 INFO mt5_bot - Balance=102029.96 Equity=102029.96 Spread=0.60 pips
2026-05-05 20:49:55 INFO mt5_bot - Session filter: UTC hour=1 outside [7,20) and [0,0)
2026-05-05 20:50:10 INFO mt5_bot - Balance=102029.96 Equity=102029.96 Spread=0.60 pips
2026-05-05 20:50:10 INFO mt5_bot - Session filter: UTC hour=1 outside [7,20) and [0,0)
2026-05-05 20:50:25 INFO mt5_bot - Balance=102029.96 Equity=102029.96 Spread=0.60 pips
2026-05-05 20:50:25 INFO mt5_bot - Session filter: UTC hour=1 outside [7,20) and [0,0)
2026-05-05 20:50:40 INFO mt5_bot - Balance=102029.96 Equity=102029.96 Spread=0.60 pips
2026-05-05 20:50:40 INFO mt5_bot - Session filter: UTC hour=1 outside [7,20) and [0,0)
2026-05-05 20:50:55 INFO mt5_bot - Balance=102029.96 Equity=102029.96 Spread=0.60 pips
2026-05-05 20:50:55 INFO mt5_bot - Session filter: UTC hour=1 outside [7,20) and [0,0)
2026-05-05 20:51:10 INFO mt5_bot - Balance=102029.96 Equity=102029.96 Spread=0.60 pips
2026-05-05 20:51:10 INFO mt5_bot - Session filter: UTC hour=1 outside [7,20) and [0,0)
2026-05-05 20:51:25 INFO mt5_bot - Balance=102029.96 Equity=102029.96 Spread=0.60 pips
2026-05-05 20:51:25 INFO mt5_bot - Session filter: UTC hour=1 outside [7,20) and [0,0)
2026-05-05 20:51:40 INFO mt5_bot - Balance=102029.96 Equity=102029.96 Spread=0.60 pips
2026-05-05 20:51:40 INFO mt5_bot - Session filter: UTC hour=1 outside [7,20) and [0,0)
2026-05-05 20:51:55 INFO mt5_bot - Balance=102029.96 Equity=102029.96 Spread=0.60 pips
2026-05-05 20:51:55 INFO mt5_bot - Session filter: UTC hour=1 outside [7,20) and [0,0)
2026-05-05 20:52:10 INFO mt5_bot - Balance=102029.96 Equity=102029.96 Spread=0.60 pips
2026-05-05 20:52:10 INFO mt5_bot - Session filter: UTC hour=1 outside [7,20) and [0,0)
2026-05-05 20:52:25 INFO mt5_bot - Balance=102029.96 Equity=102029.96 Spread=0.60 pips
2026-05-05 20:52:25 INFO mt5_bot - Session filter: UTC hour=1 outside [7,20) and [0,0)
2026-05-05 20:52:40 INFO mt5_bot - Balance=102029.96 Equity=102029.96 Spread=0.60 pips
2026-05-05 20:52:40 INFO mt5_bot - Session filter: UTC hour=1 outside [7,20) and [0,0)
2026-05-05 20:52:55 INFO mt5_bot - Balance=102029.96 Equity=102029.96 Spread=0.60 pips
2026-05-05 20:52:55 INFO mt5_bot - Session filter: UTC hour=1 outside [7,20) and [0,0)
2026-05-05 20:53:10 INFO mt5_bot - Balance=102029.96 Equity=102029.96 Spread=0.60 pips
2026-05-05 20:53:10 INFO mt5_bot - Session filter: UTC hour=1 outside [7,20) and [0,0)
2026-05-05 20:53:25 INFO mt5_bot - Balance=102029.96 Equity=102029.96 Spread=0.60 pips
2026-05-05 20:53:25 INFO mt5_bot - Session filter: UTC hour=1 outside [7,20) and [0,0)
2026-05-05 20:53:40 INFO mt5_bot - Balance=102029.96 Equity=102029.96 Spread=0.60 pips
2026-05-05 20:53:40 INFO mt5_bot - Session filter: UTC hour=1 outside [7,20) and [0,0)
2026-05-05 20:53:55 INFO mt5_bot - Balance=102029.96 Equity=102029.96 Spread=0.60 pips
2026-05-05 20:53:55 INFO mt5_bot - Session filter: UTC hour=1 outside [7,20) and [0,0)
2026-05-05 20:54:10 INFO mt5_bot - Balance=102029.96 Equity=102029.96 Spread=0.60 pips
2026-05-05 20:54:10 INFO mt5_bot - Session filter: UTC hour=1 outside [7,20) and [0,0)
2026-05-05 20:54:25 INFO mt5_bot - Balance=102029.96 Equity=102029.96 Spread=0.60 pips
2026-05-05 20:54:25 INFO mt5_bot - Session filter: UTC hour=1 outside [7,20) and [0,0)
2026-05-05 20:54:40 INFO mt5_bot - Balance=102029.96 Equity=102029.96 Spread=0.60 pips
2026-05-05 20:54:40 INFO mt5_bot - Session filter: UTC hour=1 outside [7,20) and [0,0)
2026-05-05 20:54:55 INFO mt5_bot - Balance=102029.96 Equity=102029.96 Spread=0.60 pips
2026-05-05 20:54:55 INFO mt5_bot - Session filter: UTC hour=1 outside [7,20) and [0,0)
2026-05-05 20:55:10 INFO mt5_bot - Balance=102029.96 Equity=102029.96 Spread=0.60 pips
2026-05-05 20:55:10 INFO mt5_bot - Session filter: UTC hour=1 outside [7,20) and [0,0)
2026-05-05 20:55:25 INFO mt5_bot - Balance=102029.96 Equity=102029.96 Spread=0.60 pips
2026-05-05 20:55:25 INFO mt5_bot - Session filter: UTC hour=1 outside [7,20) and [0,0)
2026-05-05 20:55:40 INFO mt5_bot - Balance=102029.96 Equity=102029.96 Spread=0.60 pips
2026-05-05 20:55:40 INFO mt5_bot - Session filter: UTC hour=1 outside [7,20) and [0,0)
2026-05-05 20:55:55 INFO mt5_bot - Balance=102029.96 Equity=102029.96 Spread=0.60 pips
2026-05-05 20:55:55 INFO mt5_bot - Session filter: UTC hour=1 outside [7,20) and [0,0)
2026-05-05 20:56:10 INFO mt5_bot - Balance=102029.96 Equity=102029.96 Spread=0.60 pips
2026-05-05 20:56:10 INFO mt5_bot - Session filter: UTC hour=1 outside [7,20) and [0,0)
2026-05-05 20:56:25 INFO mt5_bot - Balance=102029.96 Equity=102029.96 Spread=0.60 pips
2026-05-05 20:56:25 INFO mt5_bot - Session filter: UTC hour=1 outside [7,20) and [0,0)
2026-05-05 20:56:40 INFO mt5_bot - Balance=102029.96 Equity=102029.96 Spread=0.60 pips
2026-05-05 20:56:40 INFO mt5_bot - Session filter: UTC hour=1 outside [7,20) and [0,0)
2026-05-05 20:56:55 INFO mt5_bot - Balance=102029.96 Equity=102029.96 Spread=0.60 pips
2026-05-05 20:56:55 INFO mt5_bot - Session filter: UTC hour=1 outside [7,20) and [0,0)
2026-05-05 20:57:10 INFO mt5_bot - Balance=102029.96 Equity=102029.96 Spread=0.60 pips
2026-05-05 20:57:10 INFO mt5_bot - Session filter: UTC hour=1 outside [7,20) and [0,0)
2026-05-05 20:57:25 INFO mt5_bot - Balance=102029.96 Equity=102029.96 Spread=0.60 pips
2026-05-05 20:57:25 INFO mt5_bot - Session filter: UTC hour=1 outside [7,20) and [0,0)
2026-05-05 20:57:40 INFO mt5_bot - Balance=102029.96 Equity=102029.96 Spread=0.60 pips
2026-05-05 20:57:40 INFO mt5_bot - Session filter: UTC hour=1 outside [7,20) and [0,0)
2026-05-05 20:57:55 INFO mt5_bot - Balance=102029.96 Equity=102029.96 Spread=0.60 pips
2026-05-05 20:57:55 INFO mt5_bot - Session filter: UTC hour=1 outside [7,20) and [0,0)
2026-05-05 20:58:10 INFO mt5_bot - Balance=102029.96 Equity=102029.96 Spread=0.60 pips
2026-05-05 20:58:10 INFO mt5_bot - Session filter: UTC hour=1 outside [7,20) and [0,0)
2026-05-05 20:58:25 INFO mt5_bot - Balance=102029.96 Equity=102029.96 Spread=0.60 pips
2026-05-05 20:58:25 INFO mt5_bot - Session filter: UTC hour=1 outside [7,20) and [0,0)
2026-05-05 20:58:40 INFO mt5_bot - Balance=102029.96 Equity=102029.96 Spread=0.60 pips
2026-05-05 20:58:40 INFO mt5_bot - Session filter: UTC hour=1 outside [7,20) and [0,0)
2026-05-05 20:58:55 INFO mt5_bot - Balance=102029.96 Equity=102029.96 Spread=0.60 pips
2026-05-05 20:58:55 INFO mt5_bot - Session filter: UTC hour=1 outside [7,20) and [0,0)
2026-05-05 20:59:10 INFO mt5_bot - Balance=102029.96 Equity=102029.96 Spread=0.60 pips
2026-05-05 20:59:10 INFO mt5_bot - Session filter: UTC hour=1 outside [7,20) and [0,0)
2026-05-05 20:59:25 INFO mt5_bot - Balance=102029.96 Equity=102029.96 Spread=0.60 pips
2026-05-05 20:59:25 INFO mt5_bot - Session filter: UTC hour=1 outside [7,20) and [0,0)
2026-05-05 20:59:40 INFO mt5_bot - Balance=102029.96 Equity=102029.96 Spread=0.60 pips
2026-05-05 20:59:40 INFO mt5_bot - Session filter: UTC hour=1 outside [7,20) and [0,0)
2026-05-05 20:59:55 INFO mt5_bot - Balance=102029.96 Equity=102029.96 Spread=0.60 pips
2026-05-05 20:59:55 INFO mt5_bot - Session filter: UTC hour=1 outside [7,20) and [0,0)
2026-05-05 21:00:10 INFO mt5_bot - Balance=102029.96 Equity=102029.96 Spread=0.60 pips
2026-05-05 21:00:10 INFO mt5_bot - Session filter: UTC hour=2 outside [7,20) and [0,0)
2026-05-05 21:00:25 INFO mt5_bot - Balance=102029.96 Equity=102029.96 Spread=0.60 pips
2026-05-05 21:00:25 INFO mt5_bot - Session filter: UTC hour=2 outside [7,20) and [0,0)
2026-05-05 21:00:40 INFO mt5_bot - Balance=102029.96 Equity=102029.96 Spread=0.60 pips
2026-05-05 21:00:40 INFO mt5_bot - Session filter: UTC hour=2 outside [7,20) and [0,0)
2026-05-05 21:00:55 INFO mt5_bot - Balance=102029.96 Equity=102029.96 Spread=0.60 pips
2026-05-05 21:00:55 INFO mt5_bot - Session filter: UTC hour=2 outside [7,20) and [0,0)
2026-05-05 21:01:10 INFO mt5_bot - Balance=102029.96 Equity=102029.96 Spread=0.60 pips
2026-05-05 21:01:10 INFO mt5_bot - Session filter: UTC hour=2 outside [7,20) and [0,0)
2026-05-05 21:01:25 INFO mt5_bot - Balance=102029.96 Equity=102029.96 Spread=0.60 pips
2026-05-05 21:01:25 INFO mt5_bot - Session filter: UTC hour=2 outside [7,20) and [0,0)
2026-05-05 21:01:40 INFO mt5_bot - Balance=102029.96 Equity=102029.96 Spread=0.60 pips
2026-05-05 21:01:40 INFO mt5_bot - Session filter: UTC hour=2 outside [7,20) and [0,0)
2026-05-05 21:01:55 INFO mt5_bot - Balance=102029.96 Equity=102029.96 Spread=0.60 pips
2026-05-05 21:01:55 INFO mt5_bot - Session filter: UTC hour=2 outside [7,20) and [0,0)
2026-05-05 21:02:10 INFO mt5_bot - Balance=102029.96 Equity=102029.96 Spread=0.60 pips
2026-05-05 21:02:10 INFO mt5_bot - Session filter: UTC hour=2 outside [7,20) and [0,0)
2026-05-05 21:02:25 INFO mt5_bot - Balance=102029.96 Equity=102029.96 Spread=0.60 pips
2026-05-05 21:02:25 INFO mt5_bot - Session filter: UTC hour=2 outside [7,20) and [0,0)
2026-05-05 21:02:40 INFO mt5_bot - Balance=102029.96 Equity=102029.96 Spread=0.60 pips
2026-05-05 21:02:40 INFO mt5_bot - Session filter: UTC hour=2 outside [7,20) and [0,0)
2026-05-05 21:02:55 INFO mt5_bot - Balance=102029.96 Equity=102029.96 Spread=0.60 pips
2026-05-05 21:02:55 INFO mt5_bot - Session filter: UTC hour=2 outside [7,20) and [0,0)
2026-05-05 21:03:10 INFO mt5_bot - Balance=102029.96 Equity=102029.96 Spread=0.60 pips
2026-05-05 21:03:10 INFO mt5_bot - Session filter: UTC hour=2 outside [7,20) and [0,0)
2026-05-05 21:03:25 INFO mt5_bot - Balance=102029.96 Equity=102029.96 Spread=0.60 pips
2026-05-05 21:03:25 INFO mt5_bot - Session filter: UTC hour=2 outside [7,20) and [0,0)
2026-05-05 21:03:40 INFO mt5_bot - Balance=102029.96 Equity=102029.96 Spread=0.60 pips
2026-05-05 21:03:40 INFO mt5_bot - Session filter: UTC hour=2 outside [7,20) and [0,0)
2026-05-05 21:03:55 INFO mt5_bot - Balance=102029.96 Equity=102029.96 Spread=0.60 pips
2026-05-05 21:03:55 INFO mt5_bot - Session filter: UTC hour=2 outside [7,20) and [0,0)
2026-05-05 21:04:10 INFO mt5_bot - Balance=102029.96 Equity=102029.96 Spread=0.60 pips
2026-05-05 21:04:10 INFO mt5_bot - Session filter: UTC hour=2 outside [7,20) and [0,0)
2026-05-05 21:04:25 INFO mt5_bot - Balance=102029.96 Equity=102029.96 Spread=0.60 pips
2026-05-05 21:04:25 INFO mt5_bot - Session filter: UTC hour=2 outside [7,20) and [0,0)
2026-05-05 21:04:40 INFO mt5_bot - Balance=102029.96 Equity=102029.96 Spread=0.60 pips
2026-05-05 21:04:40 INFO mt5_bot - Session filter: UTC hour=2 outside [7,20) and [0,0)
2026-05-05 21:04:55 INFO mt5_bot - Balance=102029.96 Equity=102029.96 Spread=0.60 pips
2026-05-05 21:04:55 INFO mt5_bot - Session filter: UTC hour=2 outside [7,20) and [0,0)
2026-05-05 21:05:10 INFO mt5_bot - Balance=102029.96 Equity=102029.96 Spread=0.60 pips
2026-05-05 21:05:10 INFO mt5_bot - Session filter: UTC hour=2 outside [7,20) and [0,0)
2026-05-05 21:05:25 INFO mt5_bot - Balance=102029.96 Equity=102029.96 Spread=0.60 pips
2026-05-05 21:05:25 INFO mt5_bot - Session filter: UTC hour=2 outside [7,20) and [0,0)
2026-05-05 21:05:40 INFO mt5_bot - Balance=102029.96 Equity=102029.96 Spread=0.60 pips
2026-05-05 21:05:40 INFO mt5_bot - Session filter: UTC hour=2 outside [7,20) and [0,0)
2026-05-05 21:05:55 INFO mt5_bot - Balance=102029.96 Equity=102029.96 Spread=0.60 pips
2026-05-05 21:05:55 INFO mt5_bot - Session filter: UTC hour=2 outside [7,20) and [0,0)
2026-05-05 21:06:10 INFO mt5_bot - Balance=102029.96 Equity=102029.96 Spread=0.60 pips
2026-05-05 21:06:10 INFO mt5_bot - Session filter: UTC hour=2 outside [7,20) and [0,0)
2026-05-05 21:06:25 INFO mt5_bot - Balance=102029.96 Equity=102029.96 Spread=0.60 pips
2026-05-05 21:06:25 INFO mt5_bot - Session filter: UTC hour=2 outside [7,20) and [0,0)
2026-05-05 21:06:40 INFO mt5_bot - Balance=102029.96 Equity=102029.96 Spread=0.60 pips
2026-05-05 21:06:40 INFO mt5_bot - Session filter: UTC hour=2 outside [7,20) and [0,0)
2026-05-05 21:06:55 INFO mt5_bot - Balance=102029.96 Equity=102029.96 Spread=0.60 pips
2026-05-05 21:06:55 INFO mt5_bot - Session filter: UTC hour=2 outside [7,20) and [0,0)
2026-05-05 21:07:10 INFO mt5_bot - Balance=102029.96 Equity=102029.96 Spread=0.60 pips
2026-05-05 21:07:10 INFO mt5_bot - Session filter: UTC hour=2 outside [7,20) and [0,0)
2026-05-05 21:07:25 INFO mt5_bot - Balance=102029.96 Equity=102029.96 Spread=0.60 pips
2026-05-05 21:07:25 INFO mt5_bot - Session filter: UTC hour=2 outside [7,20) and [0,0)
2026-05-05 21:07:40 INFO mt5_bot - Balance=102029.96 Equity=102029.96 Spread=0.60 pips
2026-05-05 21:07:40 INFO mt5_bot - Session filter: UTC hour=2 outside [7,20) and [0,0)
2026-05-05 21:07:55 INFO mt5_bot - Balance=102029.96 Equity=102029.96 Spread=0.60 pips
2026-05-05 21:07:55 INFO mt5_bot - Session filter: UTC hour=2 outside [7,20) and [0,0)
2026-05-05 21:08:10 INFO mt5_bot - Balance=102029.96 Equity=102029.96 Spread=0.60 pips
2026-05-05 21:08:10 INFO mt5_bot - Session filter: UTC hour=2 outside [7,20) and [0,0)
2026-05-05 21:08:25 INFO mt5_bot - Balance=102029.96 Equity=102029.96 Spread=0.60 pips
2026-05-05 21:08:25 INFO mt5_bot - Session filter: UTC hour=2 outside [7,20) and [0,0)
2026-05-05 21:08:40 INFO mt5_bot - Balance=102029.96 Equity=102029.96 Spread=0.60 pips
2026-05-05 21:08:40 INFO mt5_bot - Session filter: UTC hour=2 outside [7,20) and [0,0)
2026-05-05 21:08:43 INFO mt5_bot - Stopped by user
2026-05-05 21:10:59 INFO mt5_bot - MT5 permissions: account_server=MetaQuotes-Demo account_trade_allowed=True account_trade_expert=True terminal_trade_allowed=True terminal_build=5836
2026-05-05 21:10:59 INFO mt5_bot - Starting PRO loop: symbol=GBPUSD tf=M15 trend_tf=H1 trade_enabled=True trend_filter=True adx_filter=True rsi_momentum=False partial_close=True trailing_stop=True atr_sl_tp=True news_filter=True retest=False equity_curve=True
2026-05-05 21:10:59 INFO mt5_bot - Balance=102029.96 Equity=102029.96 Spread=0.60 pips
2026-05-05 21:10:59 INFO mt5_bot - Session filter: UTC hour=2 outside [7,20) and [0,0)
2026-05-05 21:11:14 INFO mt5_bot - Balance=102029.96 Equity=102029.96 Spread=0.60 pips
2026-05-05 21:11:14 INFO mt5_bot - Session filter: UTC hour=2 outside [7,20) and [0,0)
2026-05-05 21:11:29 INFO mt5_bot - Balance=102029.96 Equity=102029.96 Spread=0.60 pips
2026-05-05 21:11:29 INFO mt5_bot - Session filter: UTC hour=2 outside [7,20) and [0,0)
2026-05-05 21:11:44 INFO mt5_bot - Balance=102029.96 Equity=102029.96 Spread=0.60 pips
2026-05-05 21:11:44 INFO mt5_bot - Session filter: UTC hour=2 outside [7,20) and [0,0)
2026-05-05 21:11:59 INFO mt5_bot - Balance=102029.96 Equity=102029.96 Spread=0.60 pips
2026-05-05 21:11:59 INFO mt5_bot - Session filter: UTC hour=2 outside [7,20) and [0,0)
2026-05-05 21:12:14 INFO mt5_bot - Balance=102029.96 Equity=102029.96 Spread=0.60 pips
2026-05-05 21:12:14 INFO mt5_bot - Session filter: UTC hour=2 outside [7,20) and [0,0)
2026-05-05 21:12:29 INFO mt5_bot - Balance=102029.96 Equity=102029.96 Spread=0.60 pips
2026-05-05 21:12:29 INFO mt5_bot - Session filter: UTC hour=2 outside [7,20) and [0,0)
2026-05-05 21:12:44 INFO mt5_bot - Balance=102029.96 Equity=102029.96 Spread=0.60 pips
2026-05-05 21:12:44 INFO mt5_bot - Session filter: UTC hour=2 outside [7,20) and [0,0)
2026-05-05 21:12:59 INFO mt5_bot - Balance=102029.96 Equity=102029.96 Spread=0.60 pips
2026-05-05 21:12:59 INFO mt5_bot - Session filter: UTC hour=2 outside [7,20) and [0,0)
2026-05-05 21:13:14 INFO mt5_bot - Balance=102029.96 Equity=102029.96 Spread=0.60 pips
2026-05-05 21:13:14 INFO mt5_bot - Session filter: UTC hour=2 outside [7,20) and [0,0)
2026-05-05 21:13:29 INFO mt5_bot - Balance=102029.96 Equity=102029.96 Spread=0.60 pips
2026-05-05 21:13:29 INFO mt5_bot - Session filter: UTC hour=2 outside [7,20) and [0,0)
2026-05-05 21:13:44 INFO mt5_bot - Balance=102029.96 Equity=102029.96 Spread=0.60 pips
2026-05-05 21:13:44 INFO mt5_bot - Session filter: UTC hour=2 outside [7,20) and [0,0)
2026-05-05 21:13:59 INFO mt5_bot - Balance=102029.96 Equity=102029.96 Spread=0.60 pips
2026-05-05 21:13:59 INFO mt5_bot - Session filter: UTC hour=2 outside [7,20) and [0,0)
2026-05-05 21:14:14 INFO mt5_bot - Balance=102029.96 Equity=102029.96 Spread=0.60 pips
2026-05-05 21:14:14 INFO mt5_bot - Session filter: UTC hour=2 outside [7,20) and [0,0)
2026-05-05 21:14:29 INFO mt5_bot - Balance=102029.96 Equity=102029.96 Spread=0.60 pips
2026-05-05 21:14:29 INFO mt5_bot - Session filter: UTC hour=2 outside [7,20) and [0,0)
2026-05-05 21:14:44 INFO mt5_bot - Balance=102029.96 Equity=102029.96 Spread=0.60 pips
2026-05-05 21:14:44 INFO mt5_bot - Session filter: UTC hour=2 outside [7,20) and [0,0)
2026-05-05 21:14:59 INFO mt5_bot - Balance=102029.96 Equity=102029.96 Spread=0.60 pips
2026-05-05 21:14:59 INFO mt5_bot - Session filter: UTC hour=2 outside [7,20) and [0,0)
2026-05-05 21:15:14 INFO mt5_bot - Balance=102029.96 Equity=102029.96 Spread=0.60 pips
2026-05-05 21:15:14 INFO mt5_bot - Session filter: UTC hour=2 outside [7,20) and [0,0)
2026-05-05 21:15:29 INFO mt5_bot - Balance=102029.96 Equity=102029.96 Spread=0.60 pips
2026-05-05 21:15:29 INFO mt5_bot - Session filter: UTC hour=2 outside [7,20) and [0,0)
2026-05-05 21:15:44 INFO mt5_bot - Balance=102029.96 Equity=102029.96 Spread=0.60 pips
2026-05-05 21:15:44 INFO mt5_bot - Session filter: UTC hour=2 outside [7,20) and [0,0)
2026-05-05 21:15:59 INFO mt5_bot - Balance=102029.96 Equity=102029.96 Spread=0.60 pips
2026-05-05 21:15:59 INFO mt5_bot - Session filter: UTC hour=2 outside [7,20) and [0,0)
2026-05-05 21:16:14 INFO mt5_bot - Balance=102029.96 Equity=102029.96 Spread=0.60 pips
2026-05-05 21:16:14 INFO mt5_bot - Session filter: UTC hour=2 outside [7,20) and [0,0)
2026-05-05 21:16:29 INFO mt5_bot - Balance=102029.96 Equity=102029.96 Spread=0.60 pips
2026-05-05 21:16:29 INFO mt5_bot - Session filter: UTC hour=2 outside [7,20) and [0,0)
2026-05-05 21:16:44 INFO mt5_bot - Balance=102029.96 Equity=102029.96 Spread=0.60 pips
2026-05-05 21:16:44 INFO mt5_bot - Session filter: UTC hour=2 outside [7,20) and [0,0)
2026-05-05 21:16:59 INFO mt5_bot - Balance=102029.96 Equity=102029.96 Spread=0.60 pips
2026-05-05 21:16:59 INFO mt5_bot - Session filter: UTC hour=2 outside [7,20) and [0,0)
2026-05-05 21:17:14 INFO mt5_bot - Balance=102029.96 Equity=102029.96 Spread=0.60 pips
2026-05-05 21:17:14 INFO mt5_bot - Session filter: UTC hour=2 outside [7,20) and [0,0)
2026-05-05 21:17:29 INFO mt5_bot - Balance=102029.96 Equity=102029.96 Spread=0.60 pips
2026-05-05 21:17:29 INFO mt5_bot - Session filter: UTC hour=2 outside [7,20) and [0,0)
2026-05-05 21:17:44 INFO mt5_bot - Balance=102029.96 Equity=102029.96 Spread=0.60 pips
2026-05-05 21:17:44 INFO mt5_bot - Session filter: UTC hour=2 outside [7,20) and [0,0)
2026-05-05 21:17:59 INFO mt5_bot - Balance=102029.96 Equity=102029.96 Spread=0.60 pips
2026-05-05 21:17:59 INFO mt5_bot - Session filter: UTC hour=2 outside [7,20) and [0,0)
2026-05-05 21:18:14 INFO mt5_bot - Balance=102029.96 Equity=102029.96 Spread=0.60 pips
2026-05-05 21:18:14 INFO mt5_bot - Session filter: UTC hour=2 outside [7,20) and [0,0)
2026-05-05 21:18:29 INFO mt5_bot - Balance=102029.96 Equity=102029.96 Spread=0.60 pips
2026-05-05 21:18:29 INFO mt5_bot - Session filter: UTC hour=2 outside [7,20) and [0,0)
2026-05-05 21:18:44 INFO mt5_bot - Balance=102029.96 Equity=102029.96 Spread=0.60 pips
2026-05-05 21:18:44 INFO mt5_bot - Session filter: UTC hour=2 outside [7,20) and [0,0)
2026-05-05 21:18:59 INFO mt5_bot - Balance=102029.96 Equity=102029.96 Spread=0.60 pips
2026-05-05 21:18:59 INFO mt5_bot - Session filter: UTC hour=2 outside [7,20) and [0,0)
2026-05-05 21:19:14 INFO mt5_bot - Balance=102029.96 Equity=102029.96 Spread=0.60 pips
2026-05-05 21:19:14 INFO mt5_bot - Session filter: UTC hour=2 outside [7,20) and [0,0)
2026-05-05 21:19:29 INFO mt5_bot - Balance=102029.96 Equity=102029.96 Spread=0.60 pips
2026-05-05 21:19:29 INFO mt5_bot - Session filter: UTC hour=2 outside [7,20) and [0,0)
2026-05-05 21:19:44 INFO mt5_bot - Balance=102029.96 Equity=102029.96 Spread=0.60 pips
2026-05-05 21:19:44 INFO mt5_bot - Session filter: UTC hour=2 outside [7,20) and [0,0)
2026-05-05 21:19:59 INFO mt5_bot - Balance=102029.96 Equity=102029.96 Spread=0.60 pips
2026-05-05 21:19:59 INFO mt5_bot - Session filter: UTC hour=2 outside [7,20) and [0,0)
2026-05-05 21:20:14 INFO mt5_bot - Balance=102029.96 Equity=102029.96 Spread=0.60 pips
2026-05-05 21:20:14 INFO mt5_bot - Session filter: UTC hour=2 outside [7,20) and [0,0)
2026-05-05 21:20:29 INFO mt5_bot - Balance=102029.96 Equity=102029.96 Spread=0.60 pips
2026-05-05 21:20:29 INFO mt5_bot - Session filter: UTC hour=2 outside [7,20) and [0,0)
2026-05-05 21:20:44 INFO mt5_bot - Balance=102029.96 Equity=102029.96 Spread=0.60 pips
2026-05-05 21:20:44 INFO mt5_bot - Session filter: UTC hour=2 outside [7,20) and [0,0)
2026-05-05 21:33:35 INFO mt5_bot - MT5 permissions: account_server=MetaQuotes-Demo account_trade_allowed=True account_trade_expert=True terminal_trade_allowed=True terminal_build=5836
2026-05-05 21:33:35 INFO mt5_bot - Starting PRO loop: symbol=GBPUSD tf=M15 trend_tf=H1 trade_enabled=True trend_filter=True adx_filter=True rsi_momentum=False partial_close=True trailing_stop=True atr_sl_tp=True news_filter=True retest=False equity_curve=True
2026-05-05 21:33:36 INFO mt5_bot - Balance=102029.96 Equity=102029.96 Spread=0.60 pips
2026-05-05 21:33:36 INFO mt5_bot - Session filter: UTC hour=2 outside [7,20) and [0,0)
2026-05-05 21:33:51 INFO mt5_bot - Balance=102029.96 Equity=102029.96 Spread=0.60 pips
2026-05-05 21:33:51 INFO mt5_bot - Session filter: UTC hour=2 outside [7,20) and [0,0)
2026-05-05 21:34:03 INFO mt5_bot - MT5 permissions: account_server=MetaQuotes-Demo account_trade_allowed=True account_trade_expert=True terminal_trade_allowed=True terminal_build=5836
2026-05-05 21:34:03 INFO mt5_bot - Starting PRO loop: symbol=GBPUSD tf=M15 trend_tf=H1 trade_enabled=True trend_filter=True adx_filter=True rsi_momentum=False partial_close=True trailing_stop=True atr_sl_tp=True news_filter=True retest=False equity_curve=True
2026-05-05 21:34:03 INFO mt5_bot - Balance=102029.96 Equity=102029.96 Spread=0.60 pips
2026-05-05 21:34:03 INFO mt5_bot - Session filter: UTC hour=2 outside [7,20) and [0,0)
2026-05-05 21:34:14 INFO mt5_bot - MT5 permissions: account_server=MetaQuotes-Demo account_trade_allowed=True account_trade_expert=True terminal_trade_allowed=True terminal_build=5836
2026-05-05 21:34:14 INFO mt5_bot - Starting PRO loop: symbol=GBPUSD tf=M15 trend_tf=H1 trade_enabled=True trend_filter=True adx_filter=True rsi_momentum=False partial_close=True trailing_stop=True atr_sl_tp=True news_filter=True retest=False equity_curve=True
2026-05-05 21:34:14 INFO mt5_bot - Balance=102029.96 Equity=102029.96 Spread=0.60 pips
2026-05-05 21:34:14 INFO mt5_bot - Session filter: UTC hour=2 outside [7,20) and [0,0)
2026-05-05 21:34:29 INFO mt5_bot - Balance=102029.96 Equity=102029.96 Spread=0.60 pips
2026-05-05 21:34:29 INFO mt5_bot - Session filter: UTC hour=2 outside [7,20) and [0,0)
2026-05-05 21:34:46 INFO mt5_bot - MT5 permissions: account_server=MetaQuotes-Demo account_trade_allowed=True account_trade_expert=True terminal_trade_allowed=True terminal_build=5836
2026-05-05 21:34:46 INFO mt5_bot - Starting PRO loop: symbol=GBPUSD tf=M15 trend_tf=H1 trade_enabled=True trend_filter=True adx_filter=True rsi_momentum=False partial_close=True trailing_stop=True atr_sl_tp=True news_filter=True retest=False equity_curve=True
2026-05-05 21:34:46 INFO mt5_bot - Balance=102029.96 Equity=102029.96 Spread=0.60 pips
2026-05-05 21:34:46 INFO mt5_bot - Session filter: UTC hour=2 outside [7,20) and [0,0)
2026-05-05 21:35:08 INFO mt5_bot - MT5 permissions: account_server=MetaQuotes-Demo account_trade_allowed=True account_trade_expert=True terminal_trade_allowed=True terminal_build=5836
2026-05-05 21:35:08 INFO mt5_bot - Starting PRO loop: symbol=GBPUSD tf=M15 trend_tf=H1 trade_enabled=True trend_filter=True adx_filter=True rsi_momentum=False partial_close=True trailing_stop=True atr_sl_tp=True news_filter=True retest=False equity_curve=True
2026-05-05 21:35:08 INFO mt5_bot - Balance=102029.96 Equity=102029.96 Spread=0.60 pips
2026-05-05 21:35:08 INFO mt5_bot - Session filter: UTC hour=2 outside [7,20) and [0,0)
2026-05-05 21:35:23 INFO mt5_bot - Balance=102029.96 Equity=102029.96 Spread=0.60 pips
2026-05-05 21:35:23 INFO mt5_bot - Session filter: UTC hour=2 outside [7,20) and [0,0)
2026-05-05 21:35:38 INFO mt5_bot - Balance=102029.96 Equity=102029.96 Spread=0.60 pips
2026-05-05 21:35:38 INFO mt5_bot - Session filter: UTC hour=2 outside [7,20) and [0,0)
2026-05-05 21:35:53 INFO mt5_bot - Balance=102029.96 Equity=102029.96 Spread=0.60 pips
2026-05-05 21:35:53 INFO mt5_bot - Session filter: UTC hour=2 outside [7,20) and [0,0)
2026-05-05 21:36:08 INFO mt5_bot - Balance=102029.96 Equity=102029.96 Spread=0.60 pips
2026-05-05 21:36:08 INFO mt5_bot - Session filter: UTC hour=2 outside [7,20) and [0,0)
2026-05-05 21:36:23 INFO mt5_bot - Balance=102029.96 Equity=102029.96 Spread=0.60 pips
2026-05-05 21:36:23 INFO mt5_bot - Session filter: UTC hour=2 outside [7,20) and [0,0)
2026-05-05 21:36:38 INFO mt5_bot - Balance=102029.96 Equity=102029.96 Spread=0.60 pips
2026-05-05 21:36:38 INFO mt5_bot - Session filter: UTC hour=2 outside [7,20) and [0,0)
2026-05-05 21:36:53 INFO mt5_bot - Balance=102029.96 Equity=102029.96 Spread=0.60 pips
2026-05-05 21:36:53 INFO mt5_bot - Session filter: UTC hour=2 outside [7,20) and [0,0)
2026-05-05 21:37:08 INFO mt5_bot - Balance=102029.96 Equity=102029.96 Spread=0.60 pips
2026-05-05 21:37:08 INFO mt5_bot - Session filter: UTC hour=2 outside [7,20) and [0,0)
2026-05-05 21:37:23 INFO mt5_bot - Balance=102029.96 Equity=102029.96 Spread=0.60 pips
2026-05-05 21:37:23 INFO mt5_bot - Session filter: UTC hour=2 outside [7,20) and [0,0)
2026-05-05 21:37:38 INFO mt5_bot - Balance=102029.96 Equity=102029.96 Spread=0.60 pips
2026-05-05 21:37:38 INFO mt5_bot - Session filter: UTC hour=2 outside [7,20) and [0,0)
2026-05-05 21:37:53 INFO mt5_bot - Balance=102029.96 Equity=102029.96 Spread=0.60 pips
2026-05-05 21:37:53 INFO mt5_bot - Session filter: UTC hour=2 outside [7,20) and [0,0)
2026-05-05 21:38:08 INFO mt5_bot - Balance=102029.96 Equity=102029.96 Spread=0.60 pips
2026-05-05 21:38:08 INFO mt5_bot - Session filter: UTC hour=2 outside [7,20) and [0,0)
2026-05-05 21:38:23 INFO mt5_bot - Balance=102029.96 Equity=102029.96 Spread=0.60 pips
2026-05-05 21:38:23 INFO mt5_bot - Session filter: UTC hour=2 outside [7,20) and [0,0)
2026-05-05 21:38:38 INFO mt5_bot - Balance=102029.96 Equity=102029.96 Spread=0.60 pips
2026-05-05 21:38:38 INFO mt5_bot - Session filter: UTC hour=2 outside [7,20) and [0,0)
2026-05-05 21:38:53 INFO mt5_bot - Balance=102029.96 Equity=102029.96 Spread=0.60 pips
2026-05-05 21:38:53 INFO mt5_bot - Session filter: UTC hour=2 outside [7,20) and [0,0)
2026-05-05 21:39:08 INFO mt5_bot - Balance=102029.96 Equity=102029.96 Spread=0.60 pips
2026-05-05 21:39:08 INFO mt5_bot - Session filter: UTC hour=2 outside [7,20) and [0,0)
2026-05-05 21:39:23 INFO mt5_bot - Balance=102029.96 Equity=102029.96 Spread=0.60 pips
2026-05-05 21:39:23 INFO mt5_bot - Session filter: UTC hour=2 outside [7,20) and [0,0)
2026-05-05 21:39:38 INFO mt5_bot - Balance=102029.96 Equity=102029.96 Spread=0.60 pips
2026-05-05 21:39:38 INFO mt5_bot - Session filter: UTC hour=2 outside [7,20) and [0,0)
2026-05-05 21:39:53 INFO mt5_bot - Balance=102029.96 Equity=102029.96 Spread=0.60 pips
2026-05-05 21:39:53 INFO mt5_bot - Session filter: UTC hour=2 outside [7,20) and [0,0)
2026-05-05 21:40:08 INFO mt5_bot - Balance=102029.96 Equity=102029.96 Spread=0.60 pips
2026-05-05 21:40:08 INFO mt5_bot - Session filter: UTC hour=2 outside [7,20) and [0,0)
2026-05-05 21:40:23 INFO mt5_bot - Balance=102029.96 Equity=102029.96 Spread=0.60 pips
2026-05-05 21:40:23 INFO mt5_bot - Session filter: UTC hour=2 outside [7,20) and [0,0)
2026-05-05 21:40:38 INFO mt5_bot - Balance=102029.96 Equity=102029.96 Spread=0.60 pips
2026-05-05 21:40:38 INFO mt5_bot - Session filter: UTC hour=2 outside [7,20) and [0,0)
2026-05-05 21:40:53 INFO mt5_bot - Balance=102029.96 Equity=102029.96 Spread=0.60 pips
2026-05-05 21:40:53 INFO mt5_bot - Session filter: UTC hour=2 outside [7,20) and [0,0)
2026-05-05 21:41:08 INFO mt5_bot - Balance=102029.96 Equity=102029.96 Spread=0.60 pips
2026-05-05 21:41:08 INFO mt5_bot - Session filter: UTC hour=2 outside [7,20) and [0,0)
2026-05-05 21:41:23 INFO mt5_bot - Balance=102029.96 Equity=102029.96 Spread=0.60 pips
2026-05-05 21:41:23 INFO mt5_bot - Session filter: UTC hour=2 outside [7,20) and [0,0)
2026-05-05 21:41:38 INFO mt5_bot - Balance=102029.96 Equity=102029.96 Spread=0.60 pips
2026-05-05 21:41:38 INFO mt5_bot - Session filter: UTC hour=2 outside [7,20) and [0,0)
2026-05-05 21:41:53 INFO mt5_bot - Balance=102029.96 Equity=102029.96 Spread=0.60 pips
2026-05-05 21:41:53 INFO mt5_bot - Session filter: UTC hour=2 outside [7,20) and [0,0)
2026-05-05 21:42:08 INFO mt5_bot - Balance=102029.96 Equity=102029.96 Spread=0.60 pips
2026-05-05 21:42:08 INFO mt5_bot - Session filter: UTC hour=2 outside [7,20) and [0,0)
2026-05-05 21:42:23 INFO mt5_bot - Balance=102029.96 Equity=102029.96 Spread=0.60 pips
2026-05-05 21:42:23 INFO mt5_bot - Session filter: UTC hour=2 outside [7,20) and [0,0)
2026-05-05 21:42:38 INFO mt5_bot - Balance=102029.96 Equity=102029.96 Spread=0.60 pips
2026-05-05 21:42:38 INFO mt5_bot - Session filter: UTC hour=2 outside [7,20) and [0,0)
2026-05-05 21:42:53 INFO mt5_bot - Balance=102029.96 Equity=102029.96 Spread=0.60 pips
2026-05-05 21:42:53 INFO mt5_bot - Session filter: UTC hour=2 outside [7,20) and [0,0)
2026-05-05 21:43:08 INFO mt5_bot - Balance=102029.96 Equity=102029.96 Spread=0.60 pips
2026-05-05 21:43:08 INFO mt5_bot - Session filter: UTC hour=2 outside [7,20) and [0,0)
2026-05-05 21:43:23 INFO mt5_bot - Balance=102029.96 Equity=102029.96 Spread=0.60 pips
2026-05-05 21:43:23 INFO mt5_bot - Session filter: UTC hour=2 outside [7,20) and [0,0)
2026-05-05 21:43:38 INFO mt5_bot - Balance=102029.96 Equity=102029.96 Spread=0.60 pips
2026-05-05 21:43:38 INFO mt5_bot - Session filter: UTC hour=2 outside [7,20) and [0,0)
2026-05-05 21:43:53 INFO mt5_bot - Balance=102029.96 Equity=102029.96 Spread=0.60 pips
2026-05-05 21:43:53 INFO mt5_bot - Session filter: UTC hour=2 outside [7,20) and [0,0)
2026-05-05 21:44:08 INFO mt5_bot - Balance=102029.96 Equity=102029.96 Spread=0.60 pips
2026-05-05 21:44:08 INFO mt5_bot - Session filter: UTC hour=2 outside [7,20) and [0,0)
2026-05-05 21:44:23 INFO mt5_bot - Balance=102029.96 Equity=102029.96 Spread=0.60 pips
2026-05-05 21:44:23 INFO mt5_bot - Session filter: UTC hour=2 outside [7,20) and [0,0)
2026-05-05 21:44:38 INFO mt5_bot - Balance=102029.96 Equity=102029.96 Spread=0.60 pips
2026-05-05 21:44:38 INFO mt5_bot - Session filter: UTC hour=2 outside [7,20) and [0,0)
2026-05-05 21:44:53 INFO mt5_bot - Balance=102029.96 Equity=102029.96 Spread=0.60 pips
2026-05-05 21:44:53 INFO mt5_bot - Session filter: UTC hour=2 outside [7,20) and [0,0)
2026-05-05 21:45:08 INFO mt5_bot - Balance=102029.96 Equity=102029.96 Spread=0.60 pips
2026-05-05 21:45:08 INFO mt5_bot - Session filter: UTC hour=2 outside [7,20) and [0,0)
2026-05-05 21:45:23 INFO mt5_bot - Balance=102029.96 Equity=102029.96 Spread=0.60 pips
2026-05-05 21:45:23 INFO mt5_bot - Session filter: UTC hour=2 outside [7,20) and [0,0)
2026-05-05 21:45:38 INFO mt5_bot - Balance=102029.96 Equity=102029.96 Spread=0.60 pips
2026-05-05 21:45:38 INFO mt5_bot - Session filter: UTC hour=2 outside [7,20) and [0,0)
2026-05-05 21:45:53 INFO mt5_bot - Balance=102029.96 Equity=102029.96 Spread=0.60 pips
2026-05-05 21:45:53 INFO mt5_bot - Session filter: UTC hour=2 outside [7,20) and [0,0)
2026-05-05 21:46:08 INFO mt5_bot - Balance=102029.96 Equity=102029.96 Spread=0.60 pips
2026-05-05 21:46:08 INFO mt5_bot - Session filter: UTC hour=2 outside [7,20) and [0,0)
2026-05-05 21:46:23 INFO mt5_bot - Balance=102029.96 Equity=102029.96 Spread=0.60 pips
2026-05-05 21:46:23 INFO mt5_bot - Session filter: UTC hour=2 outside [7,20) and [0,0)
2026-05-05 21:46:38 INFO mt5_bot - Balance=102029.96 Equity=102029.96 Spread=0.60 pips
2026-05-05 21:46:38 INFO mt5_bot - Session filter: UTC hour=2 outside [7,20) and [0,0)
2026-05-05 21:46:53 INFO mt5_bot - Balance=102029.96 Equity=102029.96 Spread=0.60 pips
2026-05-05 21:46:53 INFO mt5_bot - Session filter: UTC hour=2 outside [7,20) and [0,0)
2026-05-05 21:47:08 INFO mt5_bot - Balance=102029.96 Equity=102029.96 Spread=0.60 pips
2026-05-05 21:47:08 INFO mt5_bot - Session filter: UTC hour=2 outside [7,20) and [0,0)
2026-05-05 21:47:23 INFO mt5_bot - Balance=102029.96 Equity=102029.96 Spread=0.60 pips
2026-05-05 21:47:23 INFO mt5_bot - Session filter: UTC hour=2 outside [7,20) and [0,0)
2026-05-05 21:47:38 INFO mt5_bot - Balance=102029.96 Equity=102029.96 Spread=0.60 pips
2026-05-05 21:47:38 INFO mt5_bot - Session filter: UTC hour=2 outside [7,20) and [0,0)
2026-05-05 21:47:53 INFO mt5_bot - Balance=102029.96 Equity=102029.96 Spread=0.60 pips
2026-05-05 21:47:53 INFO mt5_bot - Session filter: UTC hour=2 outside [7,20) and [0,0)
2026-05-05 21:48:08 INFO mt5_bot - Balance=102029.96 Equity=102029.96 Spread=0.60 pips
2026-05-05 21:48:08 INFO mt5_bot - Session filter: UTC hour=2 outside [7,20) and [0,0)
2026-05-05 21:48:23 INFO mt5_bot - Balance=102029.96 Equity=102029.96 Spread=0.60 pips
2026-05-05 21:48:23 INFO mt5_bot - Session filter: UTC hour=2 outside [7,20) and [0,0)
2026-05-05 21:48:38 INFO mt5_bot - Balance=102029.96 Equity=102029.96 Spread=0.60 pips
2026-05-05 21:48:38 INFO mt5_bot - Session filter: UTC hour=2 outside [7,20) and [0,0)
2026-05-05 21:48:53 INFO mt5_bot - Balance=102029.96 Equity=102029.96 Spread=0.60 pips
2026-05-05 21:48:53 INFO mt5_bot - Session filter: UTC hour=2 outside [7,20) and [0,0)
2026-05-05 21:49:08 INFO mt5_bot - Balance=102029.96 Equity=102029.96 Spread=0.60 pips
2026-05-05 21:49:08 INFO mt5_bot - Session filter: UTC hour=2 outside [7,20) and [0,0)
2026-05-05 21:49:23 INFO mt5_bot - Balance=102029.96 Equity=102029.96 Spread=0.60 pips
2026-05-05 21:49:23 INFO mt5_bot - Session filter: UTC hour=2 outside [7,20) and [0,0)
2026-05-05 21:49:38 INFO mt5_bot - Balance=102029.96 Equity=102029.96 Spread=0.60 pips
2026-05-05 21:49:38 INFO mt5_bot - Session filter: UTC hour=2 outside [7,20) and [0,0)
2026-05-05 21:49:53 INFO mt5_bot - Balance=102029.96 Equity=102029.96 Spread=0.60 pips
2026-05-05 21:49:53 INFO mt5_bot - Session filter: UTC hour=2 outside [7,20) and [0,0)
2026-05-05 21:50:08 INFO mt5_bot - Balance=102029.96 Equity=102029.96 Spread=0.60 pips
2026-05-05 21:50:08 INFO mt5_bot - Session filter: UTC hour=2 outside [7,20) and [0,0)
2026-05-05 21:50:23 INFO mt5_bot - Balance=102029.96 Equity=102029.96 Spread=0.60 pips
2026-05-05 21:50:23 INFO mt5_bot - Session filter: UTC hour=2 outside [7,20) and [0,0)
2026-05-05 21:50:38 INFO mt5_bot - Balance=102029.96 Equity=102029.96 Spread=0.60 pips
2026-05-05 21:50:38 INFO mt5_bot - Session filter: UTC hour=2 outside [7,20) and [0,0)
2026-05-05 21:50:53 INFO mt5_bot - Balance=102029.96 Equity=102029.96 Spread=0.60 pips
2026-05-05 21:50:53 INFO mt5_bot - Session filter: UTC hour=2 outside [7,20) and [0,0)
2026-05-05 21:51:08 INFO mt5_bot - Balance=102029.96 Equity=102029.96 Spread=0.60 pips
2026-05-05 21:51:08 INFO mt5_bot - Session filter: UTC hour=2 outside [7,20) and [0,0)
2026-05-05 21:51:23 INFO mt5_bot - Balance=102029.96 Equity=102029.96 Spread=0.60 pips
2026-05-05 21:51:23 INFO mt5_bot - Session filter: UTC hour=2 outside [7,20) and [0,0)
2026-05-05 21:51:38 INFO mt5_bot - Balance=102029.96 Equity=102029.96 Spread=0.60 pips
2026-05-05 21:51:38 INFO mt5_bot - Session filter: UTC hour=2 outside [7,20) and [0,0)
2026-05-05 21:51:53 INFO mt5_bot - Balance=102029.96 Equity=102029.96 Spread=0.60 pips
2026-05-05 21:51:53 INFO mt5_bot - Session filter: UTC hour=2 outside [7,20) and [0,0)
2026-05-05 21:52:08 INFO mt5_bot - Balance=102029.96 Equity=102029.96 Spread=0.60 pips
2026-05-05 21:52:08 INFO mt5_bot - Session filter: UTC hour=2 outside [7,20) and [0,0)
2026-05-05 21:52:23 INFO mt5_bot - Balance=102029.96 Equity=102029.96 Spread=0.60 pips
2026-05-05 21:52:23 INFO mt5_bot - Session filter: UTC hour=2 outside [7,20) and [0,0)
2026-05-05 21:52:38 INFO mt5_bot - Balance=102029.96 Equity=102029.96 Spread=0.60 pips
2026-05-05 21:52:38 INFO mt5_bot - Session filter: UTC hour=2 outside [7,20) and [0,0)
2026-05-05 21:52:53 INFO mt5_bot - Balance=102029.96 Equity=102029.96 Spread=0.60 pips
2026-05-05 21:52:53 INFO mt5_bot - Session filter: UTC hour=2 outside [7,20) and [0,0)
2026-05-05 21:53:08 INFO mt5_bot - Balance=102029.96 Equity=102029.96 Spread=0.60 pips
2026-05-05 21:53:08 INFO mt5_bot - Session filter: UTC hour=2 outside [7,20) and [0,0)
2026-05-05 21:53:23 INFO mt5_bot - Balance=102029.96 Equity=102029.96 Spread=0.60 pips
2026-05-05 21:53:23 INFO mt5_bot - Session filter: UTC hour=2 outside [7,20) and [0,0)
2026-05-05 21:53:38 INFO mt5_bot - Balance=102029.96 Equity=102029.96 Spread=0.60 pips
2026-05-05 21:53:38 INFO mt5_bot - Session filter: UTC hour=2 outside [7,20) and [0,0)
2026-05-05 21:53:53 INFO mt5_bot - Balance=102029.96 Equity=102029.96 Spread=0.60 pips
2026-05-05 21:53:53 INFO mt5_bot - Session filter: UTC hour=2 outside [7,20) and [0,0)
2026-05-05 21:54:08 INFO mt5_bot - Balance=102029.96 Equity=102029.96 Spread=0.60 pips
2026-05-05 21:54:08 INFO mt5_bot - Session filter: UTC hour=2 outside [7,20) and [0,0)
2026-05-05 21:54:23 INFO mt5_bot - Balance=102029.96 Equity=102029.96 Spread=0.60 pips
2026-05-05 21:54:23 INFO mt5_bot - Session filter: UTC hour=2 outside [7,20) and [0,0)
2026-05-05 21:54:38 INFO mt5_bot - Balance=102029.96 Equity=102029.96 Spread=0.60 pips
2026-05-05 21:54:38 INFO mt5_bot - Session filter: UTC hour=2 outside [7,20) and [0,0)
2026-05-05 21:54:53 INFO mt5_bot - Balance=102029.96 Equity=102029.96 Spread=0.60 pips
2026-05-05 21:54:53 INFO mt5_bot - Session filter: UTC hour=2 outside [7,20) and [0,0)
2026-05-05 21:55:08 INFO mt5_bot - Balance=102029.96 Equity=102029.96 Spread=0.60 pips
2026-05-05 21:55:08 INFO mt5_bot - Session filter: UTC hour=2 outside [7,20) and [0,0)
2026-05-05 21:55:23 INFO mt5_bot - Balance=102029.96 Equity=102029.96 Spread=0.60 pips
2026-05-05 21:55:23 INFO mt5_bot - Session filter: UTC hour=2 outside [7,20) and [0,0)
2026-05-05 21:55:38 INFO mt5_bot - Balance=102029.96 Equity=102029.96 Spread=0.60 pips
2026-05-05 21:55:38 INFO mt5_bot - Session filter: UTC hour=2 outside [7,20) and [0,0)
2026-05-05 21:55:53 INFO mt5_bot - Balance=102029.96 Equity=102029.96 Spread=0.60 pips
2026-05-05 21:55:53 INFO mt5_bot - Session filter: UTC hour=2 outside [7,20) and [0,0)
2026-05-05 21:56:08 INFO mt5_bot - Balance=102029.96 Equity=102029.96 Spread=0.60 pips
2026-05-05 21:56:08 INFO mt5_bot - Session filter: UTC hour=2 outside [7,20) and [0,0)
2026-05-05 21:56:24 INFO mt5_bot - Balance=102029.96 Equity=102029.96 Spread=0.60 pips
2026-05-05 21:56:24 INFO mt5_bot - Session filter: UTC hour=2 outside [7,20) and [0,0)
2026-05-05 21:56:39 INFO mt5_bot - Balance=102029.96 Equity=102029.96 Spread=0.60 pips
2026-05-05 21:56:39 INFO mt5_bot - Session filter: UTC hour=2 outside [7,20) and [0,0)
2026-05-05 21:56:54 INFO mt5_bot - Balance=102029.96 Equity=102029.96 Spread=0.60 pips
2026-05-05 21:56:54 INFO mt5_bot - Session filter: UTC hour=2 outside [7,20) and [0,0)
2026-05-05 21:57:09 INFO mt5_bot - Balance=102029.96 Equity=102029.96 Spread=0.60 pips
2026-05-05 21:57:09 INFO mt5_bot - Session filter: UTC hour=2 outside [7,20) and [0,0)
2026-05-05 21:57:24 INFO mt5_bot - Balance=102029.96 Equity=102029.96 Spread=0.60 pips
2026-05-05 21:57:24 INFO mt5_bot - Session filter: UTC hour=2 outside [7,20) and [0,0)
2026-05-05 21:57:39 INFO mt5_bot - Balance=102029.96 Equity=102029.96 Spread=0.60 pips
2026-05-05 21:57:39 INFO mt5_bot - Session filter: UTC hour=2 outside [7,20) and [0,0)
2026-05-05 21:57:54 INFO mt5_bot - Balance=102029.96 Equity=102029.96 Spread=0.60 pips
2026-05-05 21:57:54 INFO mt5_bot - Session filter: UTC hour=2 outside [7,20) and [0,0)
2026-05-05 21:58:09 INFO mt5_bot - Balance=102029.96 Equity=102029.96 Spread=0.60 pips
2026-05-05 21:58:09 INFO mt5_bot - Session filter: UTC hour=2 outside [7,20) and [0,0)
2026-05-05 21:58:24 INFO mt5_bot - Balance=102029.96 Equity=102029.96 Spread=0.60 pips
2026-05-05 21:58:24 INFO mt5_bot - Session filter: UTC hour=2 outside [7,20) and [0,0)
2026-05-05 21:58:39 INFO mt5_bot - Balance=102029.96 Equity=102029.96 Spread=0.60 pips
2026-05-05 21:58:39 INFO mt5_bot - Session filter: UTC hour=2 outside [7,20) and [0,0)
2026-05-05 21:58:54 INFO mt5_bot - Balance=102029.96 Equity=102029.96 Spread=0.60 pips
2026-05-05 21:58:54 INFO mt5_bot - Session filter: UTC hour=2 outside [7,20) and [0,0)
2026-05-05 21:59:09 INFO mt5_bot - Balance=102029.96 Equity=102029.96 Spread=0.60 pips
2026-05-05 21:59:09 INFO mt5_bot - Session filter: UTC hour=2 outside [7,20) and [0,0)
2026-05-05 21:59:24 INFO mt5_bot - Balance=102029.96 Equity=102029.96 Spread=0.60 pips
2026-05-05 21:59:24 INFO mt5_bot - Session filter: UTC hour=2 outside [7,20) and [0,0)
2026-05-05 21:59:39 INFO mt5_bot - Balance=102029.96 Equity=102029.96 Spread=0.60 pips
2026-05-05 21:59:39 INFO mt5_bot - Session filter: UTC hour=2 outside [7,20) and [0,0)
2026-05-05 21:59:54 INFO mt5_bot - Balance=102029.96 Equity=102029.96 Spread=0.60 pips
2026-05-05 21:59:54 INFO mt5_bot - Session filter: UTC hour=2 outside [7,20) and [0,0)
2026-05-05 22:00:09 INFO mt5_bot - Balance=102029.96 Equity=102029.96 Spread=0.60 pips
2026-05-05 22:00:09 INFO mt5_bot - Session filter: UTC hour=3 outside [7,20) and [0,0)
2026-05-05 22:00:24 INFO mt5_bot - Balance=102029.96 Equity=102029.96 Spread=0.60 pips
2026-05-05 22:00:24 INFO mt5_bot - Session filter: UTC hour=3 outside [7,20) and [0,0)
2026-05-05 22:00:39 INFO mt5_bot - Balance=102029.96 Equity=102029.96 Spread=0.60 pips
2026-05-05 22:00:39 INFO mt5_bot - Session filter: UTC hour=3 outside [7,20) and [0,0)
2026-05-05 22:00:54 INFO mt5_bot - Balance=102029.96 Equity=102029.96 Spread=0.60 pips
2026-05-05 22:00:54 INFO mt5_bot - Session filter: UTC hour=3 outside [7,20) and [0,0)
2026-05-05 22:01:09 INFO mt5_bot - Balance=102029.96 Equity=102029.96 Spread=0.60 pips
2026-05-05 22:01:09 INFO mt5_bot - Session filter: UTC hour=3 outside [7,20) and [0,0)
2026-05-05 22:01:24 INFO mt5_bot - Balance=102029.96 Equity=102029.96 Spread=0.60 pips
2026-05-05 22:01:24 INFO mt5_bot - Session filter: UTC hour=3 outside [7,20) and [0,0)
2026-05-05 22:01:39 INFO mt5_bot - Balance=102029.96 Equity=102029.96 Spread=0.60 pips
2026-05-05 22:01:39 INFO mt5_bot - Session filter: UTC hour=3 outside [7,20) and [0,0)
2026-05-05 22:01:54 INFO mt5_bot - Balance=102029.96 Equity=102029.96 Spread=0.60 pips
2026-05-05 22:01:54 INFO mt5_bot - Session filter: UTC hour=3 outside [7,20) and [0,0)
2026-05-05 22:02:09 INFO mt5_bot - Balance=102029.96 Equity=102029.96 Spread=0.60 pips
2026-05-05 22:02:09 INFO mt5_bot - Session filter: UTC hour=3 outside [7,20) and [0,0)
2026-05-05 22:02:24 INFO mt5_bot - Balance=102029.96 Equity=102029.96 Spread=0.60 pips
2026-05-05 22:02:24 INFO mt5_bot - Session filter: UTC hour=3 outside [7,20) and [0,0)
2026-05-05 22:02:39 INFO mt5_bot - Balance=102029.96 Equity=102029.96 Spread=0.60 pips
2026-05-05 22:02:39 INFO mt5_bot - Session filter: UTC hour=3 outside [7,20) and [0,0)
2026-05-05 22:02:54 INFO mt5_bot - Balance=102029.96 Equity=102029.96 Spread=0.60 pips
2026-05-05 22:02:54 INFO mt5_bot - Session filter: UTC hour=3 outside [7,20) and [0,0)
2026-05-05 22:03:09 INFO mt5_bot - Balance=102029.96 Equity=102029.96 Spread=0.60 pips
2026-05-05 22:03:09 INFO mt5_bot - Session filter: UTC hour=3 outside [7,20) and [0,0)
2026-05-05 22:03:24 INFO mt5_bot - Balance=102029.96 Equity=102029.96 Spread=0.60 pips
2026-05-05 22:03:24 INFO mt5_bot - Session filter: UTC hour=3 outside [7,20) and [0,0)
2026-05-05 22:03:39 INFO mt5_bot - Balance=102029.96 Equity=102029.96 Spread=0.60 pips
2026-05-05 22:03:39 INFO mt5_bot - Session filter: UTC hour=3 outside [7,20) and [0,0)
2026-05-05 22:03:54 INFO mt5_bot - Balance=102029.96 Equity=102029.96 Spread=0.60 pips
2026-05-05 22:03:54 INFO mt5_bot - Session filter: UTC hour=3 outside [7,20) and [0,0)
2026-05-05 22:04:09 INFO mt5_bot - Balance=102029.96 Equity=102029.96 Spread=0.60 pips
2026-05-05 22:04:09 INFO mt5_bot - Session filter: UTC hour=3 outside [7,20) and [0,0)
2026-05-05 22:04:24 INFO mt5_bot - Balance=102029.96 Equity=102029.96 Spread=0.60 pips
2026-05-05 22:04:24 INFO mt5_bot - Session filter: UTC hour=3 outside [7,20) and [0,0)
2026-05-05 22:04:39 INFO mt5_bot - Balance=102029.96 Equity=102029.96 Spread=0.60 pips
2026-05-05 22:04:39 INFO mt5_bot - Session filter: UTC hour=3 outside [7,20) and [0,0)
2026-05-05 22:04:54 INFO mt5_bot - Balance=102029.96 Equity=102029.96 Spread=0.60 pips
2026-05-05 22:04:54 INFO mt5_bot - Session filter: UTC hour=3 outside [7,20) and [0,0)
2026-05-05 22:05:09 INFO mt5_bot - Balance=102029.96 Equity=102029.96 Spread=0.60 pips
2026-05-05 22:05:09 INFO mt5_bot - Session filter: UTC hour=3 outside [7,20) and [0,0)
2026-05-05 22:05:24 INFO mt5_bot - Balance=102029.96 Equity=102029.96 Spread=0.60 pips
2026-05-05 22:05:24 INFO mt5_bot - Session filter: UTC hour=3 outside [7,20) and [0,0)
2026-05-05 22:05:39 INFO mt5_bot - Balance=102029.96 Equity=102029.96 Spread=0.60 pips
2026-05-05 22:05:39 INFO mt5_bot - Session filter: UTC hour=3 outside [7,20) and [0,0)
2026-05-05 22:05:54 INFO mt5_bot - Balance=102029.96 Equity=102029.96 Spread=0.60 pips
2026-05-05 22:05:54 INFO mt5_bot - Session filter: UTC hour=3 outside [7,20) and [0,0)
2026-05-05 22:06:09 INFO mt5_bot - Balance=102029.96 Equity=102029.96 Spread=0.60 pips
2026-05-05 22:06:09 INFO mt5_bot - Session filter: UTC hour=3 outside [7,20) and [0,0)
2026-05-05 22:06:24 INFO mt5_bot - Balance=102029.96 Equity=102029.96 Spread=0.60 pips
2026-05-05 22:06:24 INFO mt5_bot - Session filter: UTC hour=3 outside [7,20) and [0,0)
2026-05-05 22:06:39 INFO mt5_bot - Balance=102029.96 Equity=102029.96 Spread=0.60 pips
2026-05-05 22:06:39 INFO mt5_bot - Session filter: UTC hour=3 outside [7,20) and [0,0)
2026-05-05 22:06:54 INFO mt5_bot - Balance=102029.96 Equity=102029.96 Spread=0.60 pips
2026-05-05 22:06:54 INFO mt5_bot - Session filter: UTC hour=3 outside [7,20) and [0,0)
2026-05-05 22:07:09 INFO mt5_bot - Balance=102029.96 Equity=102029.96 Spread=0.60 pips
2026-05-05 22:07:09 INFO mt5_bot - Session filter: UTC hour=3 outside [7,20) and [0,0)
2026-05-05 22:07:24 INFO mt5_bot - Balance=102029.96 Equity=102029.96 Spread=0.60 pips
2026-05-05 22:07:24 INFO mt5_bot - Session filter: UTC hour=3 outside [7,20) and [0,0)
2026-05-05 22:07:39 INFO mt5_bot - Balance=102029.96 Equity=102029.96 Spread=0.60 pips
2026-05-05 22:07:39 INFO mt5_bot - Session filter: UTC hour=3 outside [7,20) and [0,0)
2026-05-05 22:07:54 INFO mt5_bot - Balance=102029.96 Equity=102029.96 Spread=0.60 pips
2026-05-05 22:07:54 INFO mt5_bot - Session filter: UTC hour=3 outside [7,20) and [0,0)
2026-05-05 22:08:09 INFO mt5_bot - Balance=102029.96 Equity=102029.96 Spread=0.60 pips
2026-05-05 22:08:09 INFO mt5_bot - Session filter: UTC hour=3 outside [7,20) and [0,0)
2026-05-05 22:08:24 INFO mt5_bot - Balance=102029.96 Equity=102029.96 Spread=0.60 pips
2026-05-05 22:08:24 INFO mt5_bot - Session filter: UTC hour=3 outside [7,20) and [0,0)
2026-05-05 22:08:39 INFO mt5_bot - Balance=102029.96 Equity=102029.96 Spread=0.60 pips
2026-05-05 22:08:39 INFO mt5_bot - Session filter: UTC hour=3 outside [7,20) and [0,0)
2026-05-05 22:08:54 INFO mt5_bot - Balance=102029.96 Equity=102029.96 Spread=0.60 pips
2026-05-05 22:08:54 INFO mt5_bot - Session filter: UTC hour=3 outside [7,20) and [0,0)
2026-05-05 22:09:09 INFO mt5_bot - Balance=102029.96 Equity=102029.96 Spread=0.60 pips
2026-05-05 22:09:09 INFO mt5_bot - Session filter: UTC hour=3 outside [7,20) and [0,0)
2026-05-05 22:09:24 INFO mt5_bot - Balance=102029.96 Equity=102029.96 Spread=0.60 pips
2026-05-05 22:09:24 INFO mt5_bot - Session filter: UTC hour=3 outside [7,20) and [0,0)
2026-05-05 22:09:39 INFO mt5_bot - Balance=102029.96 Equity=102029.96 Spread=0.60 pips
2026-05-05 22:09:39 INFO mt5_bot - Session filter: UTC hour=3 outside [7,20) and [0,0)
2026-05-05 22:09:54 INFO mt5_bot - Balance=102029.96 Equity=102029.96 Spread=0.60 pips
2026-05-05 22:09:54 INFO mt5_bot - Session filter: UTC hour=3 outside [7,20) and [0,0)
2026-05-05 22:10:09 INFO mt5_bot - Balance=102029.96 Equity=102029.96 Spread=0.60 pips
2026-05-05 22:10:09 INFO mt5_bot - Session filter: UTC hour=3 outside [7,20) and [0,0)
2026-05-05 22:10:24 INFO mt5_bot - Balance=102029.96 Equity=102029.96 Spread=0.60 pips
2026-05-05 22:10:24 INFO mt5_bot - Session filter: UTC hour=3 outside [7,20) and [0,0)
2026-05-05 22:10:39 INFO mt5_bot - Balance=102029.96 Equity=102029.96 Spread=0.60 pips
2026-05-05 22:10:39 INFO mt5_bot - Session filter: UTC hour=3 outside [7,20) and [0,0)
2026-05-05 22:10:54 INFO mt5_bot - Balance=102029.96 Equity=102029.96 Spread=0.60 pips
2026-05-05 22:10:54 INFO mt5_bot - Session filter: UTC hour=3 outside [7,20) and [0,0)
2026-05-05 22:11:09 INFO mt5_bot - Balance=102029.96 Equity=102029.96 Spread=0.60 pips
2026-05-05 22:11:09 INFO mt5_bot - Session filter: UTC hour=3 outside [7,20) and [0,0)
2026-05-05 22:11:24 INFO mt5_bot - Balance=102029.96 Equity=102029.96 Spread=0.60 pips
2026-05-05 22:11:24 INFO mt5_bot - Session filter: UTC hour=3 outside [7,20) and [0,0)
2026-05-05 22:11:39 INFO mt5_bot - Balance=102029.96 Equity=102029.96 Spread=0.60 pips
2026-05-05 22:11:39 INFO mt5_bot - Session filter: UTC hour=3 outside [7,20) and [0,0)
2026-05-05 22:11:54 INFO mt5_bot - Balance=102029.96 Equity=102029.96 Spread=0.60 pips
2026-05-05 22:11:54 INFO mt5_bot - Session filter: UTC hour=3 outside [7,20) and [0,0)
2026-05-05 22:12:09 INFO mt5_bot - Balance=102029.96 Equity=102029.96 Spread=0.60 pips
2026-05-05 22:12:09 INFO mt5_bot - Session filter: UTC hour=3 outside [7,20) and [0,0)
2026-05-05 22:12:24 INFO mt5_bot - Balance=102029.96 Equity=102029.96 Spread=0.60 pips
2026-05-05 22:12:24 INFO mt5_bot - Session filter: UTC hour=3 outside [7,20) and [0,0)
2026-05-05 22:12:39 INFO mt5_bot - Balance=102029.96 Equity=102029.96 Spread=0.60 pips
2026-05-05 22:12:39 INFO mt5_bot - Session filter: UTC hour=3 outside [7,20) and [0,0)
2026-05-05 22:12:54 INFO mt5_bot - Balance=102029.96 Equity=102029.96 Spread=0.60 pips
2026-05-05 22:12:54 INFO mt5_bot - Session filter: UTC hour=3 outside [7,20) and [0,0)
2026-05-05 22:13:09 INFO mt5_bot - Balance=102029.96 Equity=102029.96 Spread=0.60 pips
2026-05-05 22:13:09 INFO mt5_bot - Session filter: UTC hour=3 outside [7,20) and [0,0)
2026-05-05 22:13:24 INFO mt5_bot - Balance=102029.96 Equity=102029.96 Spread=0.60 pips
2026-05-05 22:13:24 INFO mt5_bot - Session filter: UTC hour=3 outside [7,20) and [0,0)
2026-05-05 22:13:39 INFO mt5_bot - Balance=102029.96 Equity=102029.96 Spread=0.60 pips
2026-05-05 22:13:39 INFO mt5_bot - Session filter: UTC hour=3 outside [7,20) and [0,0)
2026-05-05 22:13:54 INFO mt5_bot - Balance=102029.96 Equity=102029.96 Spread=0.60 pips
2026-05-05 22:13:54 INFO mt5_bot - Session filter: UTC hour=3 outside [7,20) and [0,0)
2026-05-05 22:14:09 INFO mt5_bot - Balance=102029.96 Equity=102029.96 Spread=0.60 pips
2026-05-05 22:14:09 INFO mt5_bot - Session filter: UTC hour=3 outside [7,20) and [0,0)
2026-05-05 22:14:24 INFO mt5_bot - Balance=102029.96 Equity=102029.96 Spread=0.60 pips
2026-05-05 22:14:24 INFO mt5_bot - Session filter: UTC hour=3 outside [7,20) and [0,0)
2026-05-05 22:14:39 INFO mt5_bot - Balance=102029.96 Equity=102029.96 Spread=0.60 pips
2026-05-05 22:14:39 INFO mt5_bot - Session filter: UTC hour=3 outside [7,20) and [0,0)
2026-05-05 22:14:54 INFO mt5_bot - Balance=102029.96 Equity=102029.96 Spread=0.60 pips
2026-05-05 22:14:54 INFO mt5_bot - Session filter: UTC hour=3 outside [7,20) and [0,0)
2026-05-05 22:15:09 INFO mt5_bot - Balance=102029.96 Equity=102029.96 Spread=0.60 pips
2026-05-05 22:15:09 INFO mt5_bot - Session filter: UTC hour=3 outside [7,20) and [0,0)
2026-05-05 22:15:24 INFO mt5_bot - Balance=102029.96 Equity=102029.96 Spread=0.60 pips
2026-05-05 22:15:24 INFO mt5_bot - Session filter: UTC hour=3 outside [7,20) and [0,0)
2026-05-05 22:15:39 INFO mt5_bot - Balance=102029.96 Equity=102029.96 Spread=0.60 pips
2026-05-05 22:15:39 INFO mt5_bot - Session filter: UTC hour=3 outside [7,20) and [0,0)
2026-05-05 22:15:54 INFO mt5_bot - Balance=102029.96 Equity=102029.96 Spread=0.60 pips
2026-05-05 22:15:54 INFO mt5_bot - Session filter: UTC hour=3 outside [7,20) and [0,0)
2026-05-05 22:16:09 INFO mt5_bot - Balance=102029.96 Equity=102029.96 Spread=0.60 pips
2026-05-05 22:16:09 INFO mt5_bot - Session filter: UTC hour=3 outside [7,20) and [0,0)
2026-05-05 22:16:24 INFO mt5_bot - Balance=102029.96 Equity=102029.96 Spread=0.60 pips
2026-05-05 22:16:24 INFO mt5_bot - Session filter: UTC hour=3 outside [7,20) and [0,0)
2026-05-05 22:16:39 INFO mt5_bot - Balance=102029.96 Equity=102029.96 Spread=0.60 pips
2026-05-05 22:16:39 INFO mt5_bot - Session filter: UTC hour=3 outside [7,20) and [0,0)
2026-05-05 22:16:54 INFO mt5_bot - Balance=102029.96 Equity=102029.96 Spread=0.60 pips
2026-05-05 22:16:54 INFO mt5_bot - Session filter: UTC hour=3 outside [7,20) and [0,0)
2026-05-05 22:17:09 INFO mt5_bot - Balance=102029.96 Equity=102029.96 Spread=0.60 pips
2026-05-05 22:17:09 INFO mt5_bot - Session filter: UTC hour=3 outside [7,20) and [0,0)
2026-05-05 22:17:24 INFO mt5_bot - Balance=102029.96 Equity=102029.96 Spread=0.60 pips
2026-05-05 22:17:24 INFO mt5_bot - Session filter: UTC hour=3 outside [7,20) and [0,0)
2026-05-05 22:17:39 INFO mt5_bot - Balance=102029.96 Equity=102029.96 Spread=0.60 pips
2026-05-05 22:17:39 INFO mt5_bot - Session filter: UTC hour=3 outside [7,20) and [0,0)
2026-05-05 22:17:54 INFO mt5_bot - Balance=102029.96 Equity=102029.96 Spread=0.60 pips
2026-05-05 22:17:54 INFO mt5_bot - Session filter: UTC hour=3 outside [7,20) and [0,0)
2026-05-05 22:18:09 INFO mt5_bot - Balance=102029.96 Equity=102029.96 Spread=0.60 pips
2026-05-05 22:18:09 INFO mt5_bot - Session filter: UTC hour=3 outside [7,20) and [0,0)
2026-05-05 22:18:24 INFO mt5_bot - Balance=102029.96 Equity=102029.96 Spread=0.60 pips
2026-05-05 22:18:24 INFO mt5_bot - Session filter: UTC hour=3 outside [7,20) and [0,0)
2026-05-05 22:18:39 INFO mt5_bot - Balance=102029.96 Equity=102029.96 Spread=0.60 pips
2026-05-05 22:18:39 INFO mt5_bot - Session filter: UTC hour=3 outside [7,20) and [0,0)
2026-05-05 22:18:54 INFO mt5_bot - Balance=102029.96 Equity=102029.96 Spread=0.60 pips
2026-05-05 22:18:54 INFO mt5_bot - Session filter: UTC hour=3 outside [7,20) and [0,0)
2026-05-05 22:19:09 INFO mt5_bot - Balance=102029.96 Equity=102029.96 Spread=0.60 pips
2026-05-05 22:19:09 INFO mt5_bot - Session filter: UTC hour=3 outside [7,20) and [0,0)
2026-05-05 22:19:24 INFO mt5_bot - Balance=102029.96 Equity=102029.96 Spread=0.60 pips
2026-05-05 22:19:24 INFO mt5_bot - Session filter: UTC hour=3 outside [7,20) and [0,0)
2026-05-05 22:19:39 INFO mt5_bot - Balance=102029.96 Equity=102029.96 Spread=0.60 pips
2026-05-05 22:19:39 INFO mt5_bot - Session filter: UTC hour=3 outside [7,20) and [0,0)
2026-05-05 22:19:54 INFO mt5_bot - Balance=102029.96 Equity=102029.96 Spread=0.60 pips
2026-05-05 22:19:54 INFO mt5_bot - Session filter: UTC hour=3 outside [7,20) and [0,0)
2026-05-05 22:20:09 INFO mt5_bot - Balance=102029.96 Equity=102029.96 Spread=0.60 pips
2026-05-05 22:20:09 INFO mt5_bot - Session filter: UTC hour=3 outside [7,20) and [0,0)
2026-05-05 22:20:24 INFO mt5_bot - Balance=102029.96 Equity=102029.96 Spread=0.60 pips
2026-05-05 22:20:24 INFO mt5_bot - Session filter: UTC hour=3 outside [7,20) and [0,0)
2026-05-05 22:20:39 INFO mt5_bot - Balance=102029.96 Equity=102029.96 Spread=0.60 pips
2026-05-05 22:20:39 INFO mt5_bot - Session filter: UTC hour=3 outside [7,20) and [0,0)
2026-05-05 22:20:54 INFO mt5_bot - Balance=102029.96 Equity=102029.96 Spread=0.60 pips
2026-05-05 22:20:54 INFO mt5_bot - Session filter: UTC hour=3 outside [7,20) and [0,0)
2026-05-05 22:21:09 INFO mt5_bot - Balance=102029.96 Equity=102029.96 Spread=0.60 pips
2026-05-05 22:21:09 INFO mt5_bot - Session filter: UTC hour=3 outside [7,20) and [0,0)
2026-05-05 22:21:24 INFO mt5_bot - Balance=102029.96 Equity=102029.96 Spread=0.60 pips
2026-05-05 22:21:24 INFO mt5_bot - Session filter: UTC hour=3 outside [7,20) and [0,0)
2026-05-05 22:21:39 INFO mt5_bot - Balance=102029.96 Equity=102029.96 Spread=0.60 pips
2026-05-05 22:21:39 INFO mt5_bot - Session filter: UTC hour=3 outside [7,20) and [0,0)
2026-05-05 22:21:54 INFO mt5_bot - Balance=102029.96 Equity=102029.96 Spread=0.60 pips
2026-05-05 22:21:54 INFO mt5_bot - Session filter: UTC hour=3 outside [7,20) and [0,0)
2026-05-05 22:22:09 INFO mt5_bot - Balance=102029.96 Equity=102029.96 Spread=0.60 pips
2026-05-05 22:22:09 INFO mt5_bot - Session filter: UTC hour=3 outside [7,20) and [0,0)
2026-05-05 22:22:24 INFO mt5_bot - Balance=102029.96 Equity=102029.96 Spread=0.60 pips
2026-05-05 22:22:24 INFO mt5_bot - Session filter: UTC hour=3 outside [7,20) and [0,0)
2026-05-05 22:22:39 INFO mt5_bot - Balance=102029.96 Equity=102029.96 Spread=0.60 pips
2026-05-05 22:22:39 INFO mt5_bot - Session filter: UTC hour=3 outside [7,20) and [0,0)
2026-05-05 22:22:54 INFO mt5_bot - Balance=102029.96 Equity=102029.96 Spread=0.60 pips
2026-05-05 22:22:54 INFO mt5_bot - Session filter: UTC hour=3 outside [7,20) and [0,0)
2026-05-05 22:23:09 INFO mt5_bot - Balance=102029.96 Equity=102029.96 Spread=0.60 pips
2026-05-05 22:23:09 INFO mt5_bot - Session filter: UTC hour=3 outside [7,20) and [0,0)
2026-05-05 22:23:24 INFO mt5_bot - Balance=102029.96 Equity=102029.96 Spread=0.60 pips
2026-05-05 22:23:24 INFO mt5_bot - Session filter: UTC hour=3 outside [7,20) and [0,0)
2026-05-05 22:23:39 INFO mt5_bot - Balance=102029.96 Equity=102029.96 Spread=0.60 pips
2026-05-05 22:23:39 INFO mt5_bot - Session filter: UTC hour=3 outside [7,20) and [0,0)
2026-05-05 22:23:54 INFO mt5_bot - Balance=102029.96 Equity=102029.96 Spread=0.60 pips
2026-05-05 22:23:54 INFO mt5_bot - Session filter: UTC hour=3 outside [7,20) and [0,0)
2026-05-05 22:24:10 INFO mt5_bot - Balance=102029.96 Equity=102029.96 Spread=0.60 pips
2026-05-05 22:24:10 INFO mt5_bot - Session filter: UTC hour=3 outside [7,20) and [0,0)
2026-05-05 22:24:25 INFO mt5_bot - Balance=102029.96 Equity=102029.96 Spread=0.60 pips
2026-05-05 22:24:25 INFO mt5_bot - Session filter: UTC hour=3 outside [7,20) and [0,0)
2026-05-05 22:24:40 INFO mt5_bot - Balance=102029.96 Equity=102029.96 Spread=0.60 pips
2026-05-05 22:24:40 INFO mt5_bot - Session filter: UTC hour=3 outside [7,20) and [0,0)
2026-05-05 22:24:55 INFO mt5_bot - Balance=102029.96 Equity=102029.96 Spread=0.60 pips
2026-05-05 22:24:55 INFO mt5_bot - Session filter: UTC hour=3 outside [7,20) and [0,0)
2026-05-05 22:25:10 INFO mt5_bot - Balance=102029.96 Equity=102029.96 Spread=0.60 pips
2026-05-05 22:25:10 INFO mt5_bot - Session filter: UTC hour=3 outside [7,20) and [0,0)
2026-05-05 22:25:25 INFO mt5_bot - Balance=102029.96 Equity=102029.96 Spread=0.60 pips
2026-05-05 22:25:25 INFO mt5_bot - Session filter: UTC hour=3 outside [7,20) and [0,0)
2026-05-05 22:25:40 INFO mt5_bot - Balance=102029.96 Equity=102029.96 Spread=0.60 pips
2026-05-05 22:25:40 INFO mt5_bot - Session filter: UTC hour=3 outside [7,20) and [0,0)
2026-05-05 22:25:55 INFO mt5_bot - Balance=102029.96 Equity=102029.96 Spread=0.60 pips
2026-05-05 22:25:55 INFO mt5_bot - Session filter: UTC hour=3 outside [7,20) and [0,0)
2026-05-05 22:26:10 INFO mt5_bot - Balance=102029.96 Equity=102029.96 Spread=0.60 pips
2026-05-05 22:26:10 INFO mt5_bot - Session filter: UTC hour=3 outside [7,20) and [0,0)
2026-05-05 22:26:25 INFO mt5_bot - Balance=102029.96 Equity=102029.96 Spread=0.60 pips
2026-05-05 22:26:25 INFO mt5_bot - Session filter: UTC hour=3 outside [7,20) and [0,0)
2026-05-05 22:26:40 INFO mt5_bot - Balance=102029.96 Equity=102029.96 Spread=0.60 pips
2026-05-05 22:26:40 INFO mt5_bot - Session filter: UTC hour=3 outside [7,20) and [0,0)
2026-05-05 22:26:55 INFO mt5_bot - Balance=102029.96 Equity=102029.96 Spread=0.60 pips
2026-05-05 22:26:55 INFO mt5_bot - Session filter: UTC hour=3 outside [7,20) and [0,0)
2026-05-05 22:27:10 INFO mt5_bot - Balance=102029.96 Equity=102029.96 Spread=0.60 pips
2026-05-05 22:27:10 INFO mt5_bot - Session filter: UTC hour=3 outside [7,20) and [0,0)
2026-05-05 22:27:25 INFO mt5_bot - Balance=102029.96 Equity=102029.96 Spread=0.60 pips
2026-05-05 22:27:25 INFO mt5_bot - Session filter: UTC hour=3 outside [7,20) and [0,0)
2026-05-05 22:27:40 INFO mt5_bot - Balance=102029.96 Equity=102029.96 Spread=0.60 pips
2026-05-05 22:27:40 INFO mt5_bot - Session filter: UTC hour=3 outside [7,20) and [0,0)
2026-05-05 22:27:55 INFO mt5_bot - Balance=102029.96 Equity=102029.96 Spread=0.60 pips
2026-05-05 22:27:55 INFO mt5_bot - Session filter: UTC hour=3 outside [7,20) and [0,0)
2026-05-05 22:28:10 INFO mt5_bot - Balance=102029.96 Equity=102029.96 Spread=0.60 pips
2026-05-05 22:28:10 INFO mt5_bot - Session filter: UTC hour=3 outside [7,20) and [0,0)
2026-05-05 22:28:25 INFO mt5_bot - Balance=102029.96 Equity=102029.96 Spread=0.60 pips
2026-05-05 22:28:25 INFO mt5_bot - Session filter: UTC hour=3 outside [7,20) and [0,0)
2026-05-05 22:28:40 INFO mt5_bot - Balance=102029.96 Equity=102029.96 Spread=0.60 pips
2026-05-05 22:28:40 INFO mt5_bot - Session filter: UTC hour=3 outside [7,20) and [0,0)
2026-05-05 22:28:55 INFO mt5_bot - Balance=102029.96 Equity=102029.96 Spread=0.60 pips
2026-05-05 22:28:55 INFO mt5_bot - Session filter: UTC hour=3 outside [7,20) and [0,0)
2026-05-05 22:29:10 INFO mt5_bot - Balance=102029.96 Equity=102029.96 Spread=0.60 pips
2026-05-05 22:29:10 INFO mt5_bot - Session filter: UTC hour=3 outside [7,20) and [0,0)
2026-05-05 22:29:25 INFO mt5_bot - Balance=102029.96 Equity=102029.96 Spread=0.60 pips
2026-05-05 22:29:25 INFO mt5_bot - Session filter: UTC hour=3 outside [7,20) and [0,0)
2026-05-05 22:29:40 INFO mt5_bot - Balance=102029.96 Equity=102029.96 Spread=0.60 pips
2026-05-05 22:29:40 INFO mt5_bot - Session filter: UTC hour=3 outside [7,20) and [0,0)
2026-05-05 22:29:55 INFO mt5_bot - Balance=102029.96 Equity=102029.96 Spread=0.60 pips
2026-05-05 22:29:55 INFO mt5_bot - Session filter: UTC hour=3 outside [7,20) and [0,0)
2026-05-05 22:30:10 INFO mt5_bot - Balance=102029.96 Equity=102029.96 Spread=0.60 pips
2026-05-05 22:30:10 INFO mt5_bot - Session filter: UTC hour=3 outside [7,20) and [0,0)
2026-05-05 22:30:25 INFO mt5_bot - Balance=102029.96 Equity=102029.96 Spread=0.60 pips
2026-05-05 22:30:25 INFO mt5_bot - Session filter: UTC hour=3 outside [7,20) and [0,0)
2026-05-05 22:30:40 INFO mt5_bot - Balance=102029.96 Equity=102029.96 Spread=0.60 pips
2026-05-05 22:30:40 INFO mt5_bot - Session filter: UTC hour=3 outside [7,20) and [0,0)
2026-05-05 22:30:55 INFO mt5_bot - Balance=102029.96 Equity=102029.96 Spread=0.60 pips
2026-05-05 22:30:55 INFO mt5_bot - Session filter: UTC hour=3 outside [7,20) and [0,0)
2026-05-05 22:31:10 INFO mt5_bot - Balance=102029.96 Equity=102029.96 Spread=0.60 pips
2026-05-05 22:31:10 INFO mt5_bot - Session filter: UTC hour=3 outside [7,20) and [0,0)
2026-05-05 22:31:25 INFO mt5_bot - Balance=102029.96 Equity=102029.96 Spread=0.60 pips
2026-05-05 22:31:25 INFO mt5_bot - Session filter: UTC hour=3 outside [7,20) and [0,0)
2026-05-05 22:31:40 INFO mt5_bot - Balance=102029.96 Equity=102029.96 Spread=0.60 pips
2026-05-05 22:31:40 INFO mt5_bot - Session filter: UTC hour=3 outside [7,20) and [0,0)
2026-05-05 22:31:55 INFO mt5_bot - Balance=102029.96 Equity=102029.96 Spread=0.60 pips
2026-05-05 22:31:55 INFO mt5_bot - Session filter: UTC hour=3 outside [7,20) and [0,0)
2026-05-05 22:32:10 INFO mt5_bot - Balance=102029.96 Equity=102029.96 Spread=0.60 pips
2026-05-05 22:32:10 INFO mt5_bot - Session filter: UTC hour=3 outside [7,20) and [0,0)
2026-05-05 22:32:25 INFO mt5_bot - Balance=102029.96 Equity=102029.96 Spread=0.60 pips
2026-05-05 22:32:25 INFO mt5_bot - Session filter: UTC hour=3 outside [7,20) and [0,0)
2026-05-05 22:32:40 INFO mt5_bot - Balance=102029.96 Equity=102029.96 Spread=0.60 pips
2026-05-05 22:32:40 INFO mt5_bot - Session filter: UTC hour=3 outside [7,20) and [0,0)
2026-05-05 22:32:55 INFO mt5_bot - Balance=102029.96 Equity=102029.96 Spread=0.60 pips
2026-05-05 22:32:55 INFO mt5_bot - Session filter: UTC hour=3 outside [7,20) and [0,0)
2026-05-05 22:33:10 INFO mt5_bot - Balance=102029.96 Equity=102029.96 Spread=0.60 pips
2026-05-05 22:33:10 INFO mt5_bot - Session filter: UTC hour=3 outside [7,20) and [0,0)
2026-05-05 22:33:25 INFO mt5_bot - Balance=102029.96 Equity=102029.96 Spread=0.60 pips
2026-05-05 22:33:25 INFO mt5_bot - Session filter: UTC hour=3 outside [7,20) and [0,0)
2026-05-05 22:33:40 INFO mt5_bot - Balance=102029.96 Equity=102029.96 Spread=0.60 pips
2026-05-05 22:33:40 INFO mt5_bot - Session filter: UTC hour=3 outside [7,20) and [0,0)
2026-05-05 22:33:55 INFO mt5_bot - Balance=102029.96 Equity=102029.96 Spread=0.60 pips
2026-05-05 22:33:55 INFO mt5_bot - Session filter: UTC hour=3 outside [7,20) and [0,0)
2026-05-05 22:34:10 INFO mt5_bot - Balance=102029.96 Equity=102029.96 Spread=0.60 pips
2026-05-05 22:34:10 INFO mt5_bot - Session filter: UTC hour=3 outside [7,20) and [0,0)
2026-05-05 22:34:25 INFO mt5_bot - Balance=102029.96 Equity=102029.96 Spread=0.60 pips
2026-05-05 22:34:25 INFO mt5_bot - Session filter: UTC hour=3 outside [7,20) and [0,0)
2026-05-05 22:34:40 INFO mt5_bot - Balance=102029.96 Equity=102029.96 Spread=0.60 pips
2026-05-05 22:34:40 INFO mt5_bot - Session filter: UTC hour=3 outside [7,20) and [0,0)
2026-05-05 22:34:55 INFO mt5_bot - Balance=102029.96 Equity=102029.96 Spread=0.60 pips
2026-05-05 22:34:55 INFO mt5_bot - Session filter: UTC hour=3 outside [7,20) and [0,0)
2026-05-05 22:35:10 INFO mt5_bot - Balance=102029.96 Equity=102029.96 Spread=0.60 pips
2026-05-05 22:35:10 INFO mt5_bot - Session filter: UTC hour=3 outside [7,20) and [0,0)
2026-05-05 22:35:25 INFO mt5_bot - Balance=102029.96 Equity=102029.96 Spread=0.60 pips
2026-05-05 22:35:25 INFO mt5_bot - Session filter: UTC hour=3 outside [7,20) and [0,0)
2026-05-05 22:35:40 INFO mt5_bot - Balance=102029.96 Equity=102029.96 Spread=0.60 pips
2026-05-05 22:35:40 INFO mt5_bot - Session filter: UTC hour=3 outside [7,20) and [0,0)
2026-05-05 22:35:55 INFO mt5_bot - Balance=102029.96 Equity=102029.96 Spread=0.60 pips
2026-05-05 22:35:55 INFO mt5_bot - Session filter: UTC hour=3 outside [7,20) and [0,0)
2026-05-05 22:36:10 INFO mt5_bot - Balance=102029.96 Equity=102029.96 Spread=0.60 pips
2026-05-05 22:36:10 INFO mt5_bot - Session filter: UTC hour=3 outside [7,20) and [0,0)
2026-05-05 22:36:25 INFO mt5_bot - Balance=102029.96 Equity=102029.96 Spread=0.60 pips
2026-05-05 22:36:25 INFO mt5_bot - Session filter: UTC hour=3 outside [7,20) and [0,0)
2026-05-05 22:36:40 INFO mt5_bot - Balance=102029.96 Equity=102029.96 Spread=0.60 pips
2026-05-05 22:36:40 INFO mt5_bot - Session filter: UTC hour=3 outside [7,20) and [0,0)
2026-05-05 22:36:55 INFO mt5_bot - Balance=102029.96 Equity=102029.96 Spread=0.60 pips
2026-05-05 22:36:55 INFO mt5_bot - Session filter: UTC hour=3 outside [7,20) and [0,0)
2026-05-05 22:37:10 INFO mt5_bot - Balance=102029.96 Equity=102029.96 Spread=0.60 pips
2026-05-05 22:37:10 INFO mt5_bot - Session filter: UTC hour=3 outside [7,20) and [0,0)
2026-05-05 22:37:25 INFO mt5_bot - Balance=102029.96 Equity=102029.96 Spread=0.60 pips
2026-05-05 22:37:25 INFO mt5_bot - Session filter: UTC hour=3 outside [7,20) and [0,0)
2026-05-05 22:37:40 INFO mt5_bot - Balance=102029.96 Equity=102029.96 Spread=0.60 pips
2026-05-05 22:37:40 INFO mt5_bot - Session filter: UTC hour=3 outside [7,20) and [0,0)
2026-05-05 22:37:55 INFO mt5_bot - Balance=102029.96 Equity=102029.96 Spread=0.60 pips
2026-05-05 22:37:55 INFO mt5_bot - Session filter: UTC hour=3 outside [7,20) and [0,0)
2026-05-05 22:38:10 INFO mt5_bot - Balance=102029.96 Equity=102029.96 Spread=0.60 pips
2026-05-05 22:38:10 INFO mt5_bot - Session filter: UTC hour=3 outside [7,20) and [0,0)
2026-05-05 22:38:25 INFO mt5_bot - Balance=102029.96 Equity=102029.96 Spread=0.60 pips
2026-05-05 22:38:25 INFO mt5_bot - Session filter: UTC hour=3 outside [7,20) and [0,0)
2026-05-05 22:38:40 INFO mt5_bot - Balance=102029.96 Equity=102029.96 Spread=0.60 pips
2026-05-05 22:38:40 INFO mt5_bot - Session filter: UTC hour=3 outside [7,20) and [0,0)
2026-05-05 22:38:55 INFO mt5_bot - Balance=102029.96 Equity=102029.96 Spread=0.60 pips
2026-05-05 22:38:55 INFO mt5_bot - Session filter: UTC hour=3 outside [7,20) and [0,0)
2026-05-05 22:39:10 INFO mt5_bot - Balance=102029.96 Equity=102029.96 Spread=0.60 pips
2026-05-05 22:39:10 INFO mt5_bot - Session filter: UTC hour=3 outside [7,20) and [0,0)
2026-05-05 22:39:25 INFO mt5_bot - Balance=102029.96 Equity=102029.96 Spread=0.60 pips
2026-05-05 22:39:25 INFO mt5_bot - Session filter: UTC hour=3 outside [7,20) and [0,0)
2026-05-05 22:39:40 INFO mt5_bot - Balance=102029.96 Equity=102029.96 Spread=0.60 pips
2026-05-05 22:39:40 INFO mt5_bot - Session filter: UTC hour=3 outside [7,20) and [0,0)
2026-05-05 22:39:55 INFO mt5_bot - Balance=102029.96 Equity=102029.96 Spread=0.60 pips
2026-05-05 22:39:55 INFO mt5_bot - Session filter: UTC hour=3 outside [7,20) and [0,0)
2026-05-05 22:40:10 INFO mt5_bot - Balance=102029.96 Equity=102029.96 Spread=0.60 pips
2026-05-05 22:40:10 INFO mt5_bot - Session filter: UTC hour=3 outside [7,20) and [0,0)
2026-05-05 22:40:25 INFO mt5_bot - Balance=102029.96 Equity=102029.96 Spread=0.60 pips
2026-05-05 22:40:25 INFO mt5_bot - Session filter: UTC hour=3 outside [7,20) and [0,0)
2026-05-05 22:40:40 INFO mt5_bot - Balance=102029.96 Equity=102029.96 Spread=0.60 pips
2026-05-05 22:40:40 INFO mt5_bot - Session filter: UTC hour=3 outside [7,20) and [0,0)
2026-05-05 22:40:55 INFO mt5_bot - Balance=102029.96 Equity=102029.96 Spread=0.60 pips
2026-05-05 22:40:55 INFO mt5_bot - Session filter: UTC hour=3 outside [7,20) and [0,0)
2026-05-05 22:41:10 INFO mt5_bot - Balance=102029.96 Equity=102029.96 Spread=0.60 pips
2026-05-05 22:41:10 INFO mt5_bot - Session filter: UTC hour=3 outside [7,20) and [0,0)
2026-05-05 22:41:25 INFO mt5_bot - Balance=102029.96 Equity=102029.96 Spread=0.60 pips
2026-05-05 22:41:25 INFO mt5_bot - Session filter: UTC hour=3 outside [7,20) and [0,0)
2026-05-05 22:41:40 INFO mt5_bot - Balance=102029.96 Equity=102029.96 Spread=0.60 pips
2026-05-05 22:41:40 INFO mt5_bot - Session filter: UTC hour=3 outside [7,20) and [0,0)
2026-05-05 22:41:55 INFO mt5_bot - Balance=102029.96 Equity=102029.96 Spread=0.60 pips
2026-05-05 22:41:55 INFO mt5_bot - Session filter: UTC hour=3 outside [7,20) and [0,0)
2026-05-05 22:42:10 INFO mt5_bot - Balance=102029.96 Equity=102029.96 Spread=0.60 pips
2026-05-05 22:42:10 INFO mt5_bot - Session filter: UTC hour=3 outside [7,20) and [0,0)
2026-05-05 22:42:25 INFO mt5_bot - Balance=102029.96 Equity=102029.96 Spread=0.60 pips
2026-05-05 22:42:25 INFO mt5_bot - Session filter: UTC hour=3 outside [7,20) and [0,0)
2026-05-05 22:42:40 INFO mt5_bot - Balance=102029.96 Equity=102029.96 Spread=0.60 pips
2026-05-05 22:42:40 INFO mt5_bot - Session filter: UTC hour=3 outside [7,20) and [0,0)
2026-05-05 22:42:55 INFO mt5_bot - Balance=102029.96 Equity=102029.96 Spread=0.60 pips
2026-05-05 22:42:55 INFO mt5_bot - Session filter: UTC hour=3 outside [7,20) and [0,0)
2026-05-05 22:43:10 INFO mt5_bot - Balance=102029.96 Equity=102029.96 Spread=0.60 pips
2026-05-05 22:43:10 INFO mt5_bot - Session filter: UTC hour=3 outside [7,20) and [0,0)
2026-05-05 22:43:25 INFO mt5_bot - Balance=102029.96 Equity=102029.96 Spread=0.60 pips
2026-05-05 22:43:25 INFO mt5_bot - Session filter: UTC hour=3 outside [7,20) and [0,0)
2026-05-05 22:43:40 INFO mt5_bot - Balance=102029.96 Equity=102029.96 Spread=0.60 pips
2026-05-05 22:43:40 INFO mt5_bot - Session filter: UTC hour=3 outside [7,20) and [0,0)
2026-05-05 22:43:55 INFO mt5_bot - Balance=102029.96 Equity=102029.96 Spread=0.60 pips
2026-05-05 22:43:55 INFO mt5_bot - Session filter: UTC hour=3 outside [7,20) and [0,0)
2026-05-05 22:44:10 INFO mt5_bot - Balance=102029.96 Equity=102029.96 Spread=0.60 pips
2026-05-05 22:44:10 INFO mt5_bot - Session filter: UTC hour=3 outside [7,20) and [0,0)
2026-05-05 22:44:25 INFO mt5_bot - Balance=102029.96 Equity=102029.96 Spread=0.60 pips
2026-05-05 22:44:25 INFO mt5_bot - Session filter: UTC hour=3 outside [7,20) and [0,0)
2026-05-05 22:44:40 INFO mt5_bot - Balance=102029.96 Equity=102029.96 Spread=0.60 pips
2026-05-05 22:44:40 INFO mt5_bot - Session filter: UTC hour=3 outside [7,20) and [0,0)
2026-05-05 22:44:55 INFO mt5_bot - Balance=102029.96 Equity=102029.96 Spread=0.60 pips
2026-05-05 22:44:55 INFO mt5_bot - Session filter: UTC hour=3 outside [7,20) and [0,0)
2026-05-05 22:45:10 INFO mt5_bot - Balance=102029.96 Equity=102029.96 Spread=0.60 pips
2026-05-05 22:45:10 INFO mt5_bot - Session filter: UTC hour=3 outside [7,20) and [0,0)
2026-05-05 22:45:25 INFO mt5_bot - Balance=102029.96 Equity=102029.96 Spread=0.60 pips
2026-05-05 22:45:25 INFO mt5_bot - Session filter: UTC hour=3 outside [7,20) and [0,0)
2026-05-05 22:45:40 INFO mt5_bot - Balance=102029.96 Equity=102029.96 Spread=0.60 pips
2026-05-05 22:45:40 INFO mt5_bot - Session filter: UTC hour=3 outside [7,20) and [0,0)
2026-05-05 22:45:55 INFO mt5_bot - Balance=102029.96 Equity=102029.96 Spread=0.60 pips
2026-05-05 22:45:55 INFO mt5_bot - Session filter: UTC hour=3 outside [7,20) and [0,0)
2026-05-05 22:46:10 INFO mt5_bot - Balance=102029.96 Equity=102029.96 Spread=0.60 pips
2026-05-05 22:46:10 INFO mt5_bot - Session filter: UTC hour=3 outside [7,20) and [0,0)
2026-05-05 22:46:25 INFO mt5_bot - Balance=102029.96 Equity=102029.96 Spread=0.60 pips
2026-05-05 22:46:25 INFO mt5_bot - Session filter: UTC hour=3 outside [7,20) and [0,0)
2026-05-05 22:46:40 INFO mt5_bot - Balance=102029.96 Equity=102029.96 Spread=0.60 pips
2026-05-05 22:46:40 INFO mt5_bot - Session filter: UTC hour=3 outside [7,20) and [0,0)
2026-05-05 22:46:55 INFO mt5_bot - Balance=102029.96 Equity=102029.96 Spread=0.60 pips
2026-05-05 22:46:55 INFO mt5_bot - Session filter: UTC hour=3 outside [7,20) and [0,0)
2026-05-05 22:47:10 INFO mt5_bot - Balance=102029.96 Equity=102029.96 Spread=0.60 pips
2026-05-05 22:47:10 INFO mt5_bot - Session filter: UTC hour=3 outside [7,20) and [0,0)
2026-05-05 22:47:25 INFO mt5_bot - Balance=102029.96 Equity=102029.96 Spread=0.60 pips
2026-05-05 22:47:25 INFO mt5_bot - Session filter: UTC hour=3 outside [7,20) and [0,0)
2026-05-05 22:47:40 INFO mt5_bot - Balance=102029.96 Equity=102029.96 Spread=0.60 pips
2026-05-05 22:47:40 INFO mt5_bot - Session filter: UTC hour=3 outside [7,20) and [0,0)
2026-05-05 22:47:55 INFO mt5_bot - Balance=102029.96 Equity=102029.96 Spread=0.60 pips
2026-05-05 22:47:55 INFO mt5_bot - Session filter: UTC hour=3 outside [7,20) and [0,0)
2026-05-05 22:48:10 INFO mt5_bot - Balance=102029.96 Equity=102029.96 Spread=0.60 pips
2026-05-05 22:48:10 INFO mt5_bot - Session filter: UTC hour=3 outside [7,20) and [0,0)
2026-05-05 22:48:25 INFO mt5_bot - Balance=102029.96 Equity=102029.96 Spread=0.60 pips
2026-05-05 22:48:25 INFO mt5_bot - Session filter: UTC hour=3 outside [7,20) and [0,0)
2026-05-05 22:48:40 INFO mt5_bot - Balance=102029.96 Equity=102029.96 Spread=0.60 pips
2026-05-05 22:48:40 INFO mt5_bot - Session filter: UTC hour=3 outside [7,20) and [0,0)
2026-05-05 22:48:55 INFO mt5_bot - Balance=102029.96 Equity=102029.96 Spread=0.60 pips
2026-05-05 22:48:55 INFO mt5_bot - Session filter: UTC hour=3 outside [7,20) and [0,0)
2026-05-05 22:49:10 INFO mt5_bot - Balance=102029.96 Equity=102029.96 Spread=0.60 pips
2026-05-05 22:49:10 INFO mt5_bot - Session filter: UTC hour=3 outside [7,20) and [0,0)
2026-05-05 22:49:25 INFO mt5_bot - Balance=102029.96 Equity=102029.96 Spread=0.60 pips
2026-05-05 22:49:25 INFO mt5_bot - Session filter: UTC hour=3 outside [7,20) and [0,0)
2026-05-05 22:49:40 INFO mt5_bot - Balance=102029.96 Equity=102029.96 Spread=0.60 pips
2026-05-05 22:49:40 INFO mt5_bot - Session filter: UTC hour=3 outside [7,20) and [0,0)
2026-05-05 22:49:55 INFO mt5_bot - Balance=102029.96 Equity=102029.96 Spread=0.60 pips
2026-05-05 22:49:55 INFO mt5_bot - Session filter: UTC hour=3 outside [7,20) and [0,0)
2026-05-05 22:50:10 INFO mt5_bot - Balance=102029.96 Equity=102029.96 Spread=0.60 pips
2026-05-05 22:50:10 INFO mt5_bot - Session filter: UTC hour=3 outside [7,20) and [0,0)
2026-05-05 22:50:25 INFO mt5_bot - Balance=102029.96 Equity=102029.96 Spread=0.60 pips
2026-05-05 22:50:25 INFO mt5_bot - Session filter: UTC hour=3 outside [7,20) and [0,0)
2026-05-05 22:50:40 INFO mt5_bot - Balance=102029.96 Equity=102029.96 Spread=0.60 pips
2026-05-05 22:50:40 INFO mt5_bot - Session filter: UTC hour=3 outside [7,20) and [0,0)
2026-05-05 22:50:55 INFO mt5_bot - Balance=102029.96 Equity=102029.96 Spread=0.60 pips
2026-05-05 22:50:55 INFO mt5_bot - Session filter: UTC hour=3 outside [7,20) and [0,0)
2026-05-05 22:51:10 INFO mt5_bot - Balance=102029.96 Equity=102029.96 Spread=0.60 pips
2026-05-05 22:51:10 INFO mt5_bot - Session filter: UTC hour=3 outside [7,20) and [0,0)
2026-05-05 22:51:25 INFO mt5_bot - Balance=102029.96 Equity=102029.96 Spread=0.60 pips
2026-05-05 22:51:25 INFO mt5_bot - Session filter: UTC hour=3 outside [7,20) and [0,0)
2026-05-05 22:51:40 INFO mt5_bot - Balance=102029.96 Equity=102029.96 Spread=0.60 pips
2026-05-05 22:51:40 INFO mt5_bot - Session filter: UTC hour=3 outside [7,20) and [0,0)
2026-05-05 22:51:55 INFO mt5_bot - Balance=102029.96 Equity=102029.96 Spread=0.60 pips
2026-05-05 22:51:55 INFO mt5_bot - Session filter: UTC hour=3 outside [7,20) and [0,0)
2026-05-05 22:52:10 INFO mt5_bot - Balance=102029.96 Equity=102029.96 Spread=0.60 pips
2026-05-05 22:52:10 INFO mt5_bot - Session filter: UTC hour=3 outside [7,20) and [0,0)
2026-05-05 22:52:25 INFO mt5_bot - Balance=102029.96 Equity=102029.96 Spread=0.60 pips
2026-05-05 22:52:25 INFO mt5_bot - Session filter: UTC hour=3 outside [7,20) and [0,0)
2026-05-05 22:52:40 INFO mt5_bot - Balance=102029.96 Equity=102029.96 Spread=0.60 pips
2026-05-05 22:52:40 INFO mt5_bot - Session filter: UTC hour=3 outside [7,20) and [0,0)
2026-05-05 22:52:55 INFO mt5_bot - Balance=102029.96 Equity=102029.96 Spread=0.60 pips
2026-05-05 22:52:55 INFO mt5_bot - Session filter: UTC hour=3 outside [7,20) and [0,0)
2026-05-05 22:53:10 INFO mt5_bot - Balance=102029.96 Equity=102029.96 Spread=0.60 pips
2026-05-05 22:53:10 INFO mt5_bot - Session filter: UTC hour=3 outside [7,20) and [0,0)
2026-05-05 22:53:25 INFO mt5_bot - Balance=102029.96 Equity=102029.96 Spread=0.60 pips
2026-05-05 22:53:25 INFO mt5_bot - Session filter: UTC hour=3 outside [7,20) and [0,0)
2026-05-05 22:53:40 INFO mt5_bot - Balance=102029.96 Equity=102029.96 Spread=0.60 pips
2026-05-05 22:53:40 INFO mt5_bot - Session filter: UTC hour=3 outside [7,20) and [0,0)
2026-05-05 22:53:55 INFO mt5_bot - Balance=102029.96 Equity=102029.96 Spread=0.60 pips
2026-05-05 22:53:55 INFO mt5_bot - Session filter: UTC hour=3 outside [7,20) and [0,0)
2026-05-05 22:54:10 INFO mt5_bot - Balance=102029.96 Equity=102029.96 Spread=0.60 pips
2026-05-05 22:54:10 INFO mt5_bot - Session filter: UTC hour=3 outside [7,20) and [0,0)
2026-05-05 22:54:25 INFO mt5_bot - Balance=102029.96 Equity=102029.96 Spread=0.60 pips
2026-05-05 22:54:25 INFO mt5_bot - Session filter: UTC hour=3 outside [7,20) and [0,0)
2026-05-05 22:54:40 INFO mt5_bot - Balance=102029.96 Equity=102029.96 Spread=0.60 pips
2026-05-05 22:54:40 INFO mt5_bot - Session filter: UTC hour=3 outside [7,20) and [0,0)
2026-05-05 22:54:55 INFO mt5_bot - Balance=102029.96 Equity=102029.96 Spread=0.60 pips
2026-05-05 22:54:55 INFO mt5_bot - Session filter: UTC hour=3 outside [7,20) and [0,0)
2026-05-05 22:55:10 INFO mt5_bot - Balance=102029.96 Equity=102029.96 Spread=0.60 pips
2026-05-05 22:55:10 INFO mt5_bot - Session filter: UTC hour=3 outside [7,20) and [0,0)
2026-05-05 22:55:25 INFO mt5_bot - Balance=102029.96 Equity=102029.96 Spread=0.60 pips
2026-05-05 22:55:25 INFO mt5_bot - Session filter: UTC hour=3 outside [7,20) and [0,0)
2026-05-05 22:55:40 INFO mt5_bot - Balance=102029.96 Equity=102029.96 Spread=0.60 pips
2026-05-05 22:55:40 INFO mt5_bot - Session filter: UTC hour=3 outside [7,20) and [0,0)
2026-05-05 22:55:55 INFO mt5_bot - Balance=102029.96 Equity=102029.96 Spread=0.60 pips
2026-05-05 22:55:55 INFO mt5_bot - Session filter: UTC hour=3 outside [7,20) and [0,0)
2026-05-05 22:56:10 INFO mt5_bot - Balance=102029.96 Equity=102029.96 Spread=0.60 pips
2026-05-05 22:56:10 INFO mt5_bot - Session filter: UTC hour=3 outside [7,20) and [0,0)
2026-05-05 22:56:25 INFO mt5_bot - Balance=102029.96 Equity=102029.96 Spread=0.60 pips
2026-05-05 22:56:25 INFO mt5_bot - Session filter: UTC hour=3 outside [7,20) and [0,0)
2026-05-05 22:56:40 INFO mt5_bot - Balance=102029.96 Equity=102029.96 Spread=0.60 pips
2026-05-05 22:56:40 INFO mt5_bot - Session filter: UTC hour=3 outside [7,20) and [0,0)
2026-05-05 22:56:55 INFO mt5_bot - Balance=102029.96 Equity=102029.96 Spread=0.60 pips
2026-05-05 22:56:55 INFO mt5_bot - Session filter: UTC hour=3 outside [7,20) and [0,0)
2026-05-05 22:57:10 INFO mt5_bot - Balance=102029.96 Equity=102029.96 Spread=0.60 pips
2026-05-05 22:57:10 INFO mt5_bot - Session filter: UTC hour=3 outside [7,20) and [0,0)
2026-05-05 22:57:25 INFO mt5_bot - Balance=102029.96 Equity=102029.96 Spread=0.60 pips
2026-05-05 22:57:25 INFO mt5_bot - Session filter: UTC hour=3 outside [7,20) and [0,0)
2026-05-05 22:57:40 INFO mt5_bot - Balance=102029.96 Equity=102029.96 Spread=0.60 pips
2026-05-05 22:57:40 INFO mt5_bot - Session filter: UTC hour=3 outside [7,20) and [0,0)
2026-05-05 22:57:55 INFO mt5_bot - Balance=102029.96 Equity=102029.96 Spread=0.60 pips
2026-05-05 22:57:55 INFO mt5_bot - Session filter: UTC hour=3 outside [7,20) and [0,0)
2026-05-05 22:58:10 INFO mt5_bot - Balance=102029.96 Equity=102029.96 Spread=0.60 pips
2026-05-05 22:58:10 INFO mt5_bot - Session filter: UTC hour=3 outside [7,20) and [0,0)
2026-05-05 22:58:25 INFO mt5_bot - Balance=102029.96 Equity=102029.96 Spread=0.60 pips
2026-05-05 22:58:25 INFO mt5_bot - Session filter: UTC hour=3 outside [7,20) and [0,0)
2026-05-05 22:58:40 INFO mt5_bot - Balance=102029.96 Equity=102029.96 Spread=0.60 pips
2026-05-05 22:58:40 INFO mt5_bot - Session filter: UTC hour=3 outside [7,20) and [0,0)
2026-05-05 22:58:55 INFO mt5_bot - Balance=102029.96 Equity=102029.96 Spread=0.60 pips
2026-05-05 22:58:55 INFO mt5_bot - Session filter: UTC hour=3 outside [7,20) and [0,0)
2026-05-05 22:59:10 INFO mt5_bot - Balance=102029.96 Equity=102029.96 Spread=0.60 pips
2026-05-05 22:59:10 INFO mt5_bot - Session filter: UTC hour=3 outside [7,20) and [0,0)
2026-05-05 22:59:25 INFO mt5_bot - Balance=102029.96 Equity=102029.96 Spread=0.60 pips
2026-05-05 22:59:25 INFO mt5_bot - Session filter: UTC hour=3 outside [7,20) and [0,0)
2026-05-05 22:59:40 INFO mt5_bot - Balance=102029.96 Equity=102029.96 Spread=0.60 pips
2026-05-05 22:59:40 INFO mt5_bot - Session filter: UTC hour=3 outside [7,20) and [0,0)
2026-05-05 22:59:55 INFO mt5_bot - Balance=102029.96 Equity=102029.96 Spread=0.60 pips
2026-05-05 22:59:55 INFO mt5_bot - Session filter: UTC hour=3 outside [7,20) and [0,0)
2026-05-05 23:00:10 INFO mt5_bot - Balance=102029.96 Equity=102029.96 Spread=0.60 pips
2026-05-05 23:00:10 INFO mt5_bot - Session filter: UTC hour=4 outside [7,20) and [0,0)
2026-05-05 23:00:25 INFO mt5_bot - Balance=102029.96 Equity=102029.96 Spread=0.60 pips
2026-05-05 23:00:25 INFO mt5_bot - Session filter: UTC hour=4 outside [7,20) and [0,0)
2026-05-05 23:00:40 INFO mt5_bot - Balance=102029.96 Equity=102029.96 Spread=0.60 pips
2026-05-05 23:00:40 INFO mt5_bot - Session filter: UTC hour=4 outside [7,20) and [0,0)
2026-05-05 23:00:55 INFO mt5_bot - Balance=102029.96 Equity=102029.96 Spread=0.60 pips
2026-05-05 23:00:55 INFO mt5_bot - Session filter: UTC hour=4 outside [7,20) and [0,0)
2026-05-05 23:01:10 INFO mt5_bot - Balance=102029.96 Equity=102029.96 Spread=0.60 pips
2026-05-05 23:01:10 INFO mt5_bot - Session filter: UTC hour=4 outside [7,20) and [0,0)
2026-05-05 23:01:25 INFO mt5_bot - Balance=102029.96 Equity=102029.96 Spread=0.60 pips
2026-05-05 23:01:25 INFO mt5_bot - Session filter: UTC hour=4 outside [7,20) and [0,0)
2026-05-05 23:01:40 INFO mt5_bot - Balance=102029.96 Equity=102029.96 Spread=0.60 pips
2026-05-05 23:01:40 INFO mt5_bot - Session filter: UTC hour=4 outside [7,20) and [0,0)
2026-05-05 23:01:55 INFO mt5_bot - Balance=102029.96 Equity=102029.96 Spread=0.60 pips
2026-05-05 23:01:55 INFO mt5_bot - Session filter: UTC hour=4 outside [7,20) and [0,0)
2026-05-05 23:02:10 INFO mt5_bot - Balance=102029.96 Equity=102029.96 Spread=0.60 pips
2026-05-05 23:02:10 INFO mt5_bot - Session filter: UTC hour=4 outside [7,20) and [0,0)
2026-05-05 23:02:25 INFO mt5_bot - Balance=102029.96 Equity=102029.96 Spread=0.60 pips
2026-05-05 23:02:25 INFO mt5_bot - Session filter: UTC hour=4 outside [7,20) and [0,0)
2026-05-05 23:02:40 INFO mt5_bot - Balance=102029.96 Equity=102029.96 Spread=0.60 pips
2026-05-05 23:02:40 INFO mt5_bot - Session filter: UTC hour=4 outside [7,20) and [0,0)
2026-05-05 23:02:55 INFO mt5_bot - Balance=102029.96 Equity=102029.96 Spread=0.60 pips
2026-05-05 23:02:55 INFO mt5_bot - Session filter: UTC hour=4 outside [7,20) and [0,0)
2026-05-05 23:03:10 INFO mt5_bot - Balance=102029.96 Equity=102029.96 Spread=0.60 pips
2026-05-05 23:03:10 INFO mt5_bot - Session filter: UTC hour=4 outside [7,20) and [0,0)
2026-05-05 23:03:25 INFO mt5_bot - Balance=102029.96 Equity=102029.96 Spread=0.60 pips
2026-05-05 23:03:25 INFO mt5_bot - Session filter: UTC hour=4 outside [7,20) and [0,0)
2026-05-05 23:03:40 INFO mt5_bot - Balance=102029.96 Equity=102029.96 Spread=0.60 pips
2026-05-05 23:03:40 INFO mt5_bot - Session filter: UTC hour=4 outside [7,20) and [0,0)
2026-05-05 23:03:55 INFO mt5_bot - Balance=102029.96 Equity=102029.96 Spread=0.60 pips
2026-05-05 23:03:55 INFO mt5_bot - Session filter: UTC hour=4 outside [7,20) and [0,0)
2026-05-05 23:04:10 INFO mt5_bot - Balance=102029.96 Equity=102029.96 Spread=0.60 pips
2026-05-05 23:04:10 INFO mt5_bot - Session filter: UTC hour=4 outside [7,20) and [0,0)
2026-05-05 23:04:25 INFO mt5_bot - Balance=102029.96 Equity=102029.96 Spread=0.60 pips
2026-05-05 23:04:25 INFO mt5_bot - Session filter: UTC hour=4 outside [7,20) and [0,0)
2026-05-05 23:04:40 INFO mt5_bot - Balance=102029.96 Equity=102029.96 Spread=0.60 pips
2026-05-05 23:04:40 INFO mt5_bot - Session filter: UTC hour=4 outside [7,20) and [0,0)
2026-05-05 23:04:55 INFO mt5_bot - Balance=102029.96 Equity=102029.96 Spread=0.60 pips
2026-05-05 23:04:55 INFO mt5_bot - Session filter: UTC hour=4 outside [7,20) and [0,0)
2026-05-05 23:05:10 INFO mt5_bot - Balance=102029.96 Equity=102029.96 Spread=0.60 pips
2026-05-05 23:05:10 INFO mt5_bot - Session filter: UTC hour=4 outside [7,20) and [0,0)
2026-05-05 23:05:25 INFO mt5_bot - Balance=102029.96 Equity=102029.96 Spread=0.60 pips
2026-05-05 23:05:25 INFO mt5_bot - Session filter: UTC hour=4 outside [7,20) and [0,0)
2026-05-05 23:05:40 INFO mt5_bot - Balance=102029.96 Equity=102029.96 Spread=0.60 pips
2026-05-05 23:05:40 INFO mt5_bot - Session filter: UTC hour=4 outside [7,20) and [0,0)
2026-05-05 23:05:55 INFO mt5_bot - Balance=102029.96 Equity=102029.96 Spread=0.60 pips
2026-05-05 23:05:55 INFO mt5_bot - Session filter: UTC hour=4 outside [7,20) and [0,0)
2026-05-05 23:06:10 INFO mt5_bot - Balance=102029.96 Equity=102029.96 Spread=0.60 pips
2026-05-05 23:06:10 INFO mt5_bot - Session filter: UTC hour=4 outside [7,20) and [0,0)
2026-05-05 23:06:25 INFO mt5_bot - Balance=102029.96 Equity=102029.96 Spread=0.60 pips
2026-05-05 23:06:25 INFO mt5_bot - Session filter: UTC hour=4 outside [7,20) and [0,0)
2026-05-05 23:06:40 INFO mt5_bot - Balance=102029.96 Equity=102029.96 Spread=0.60 pips
2026-05-05 23:06:40 INFO mt5_bot - Session filter: UTC hour=4 outside [7,20) and [0,0)
2026-05-05 23:06:55 INFO mt5_bot - Balance=102029.96 Equity=102029.96 Spread=0.60 pips
2026-05-05 23:06:55 INFO mt5_bot - Session filter: UTC hour=4 outside [7,20) and [0,0)
2026-05-05 23:07:11 INFO mt5_bot - Balance=102029.96 Equity=102029.96 Spread=0.60 pips
2026-05-05 23:07:11 INFO mt5_bot - Session filter: UTC hour=4 outside [7,20) and [0,0)
2026-05-05 23:07:26 INFO mt5_bot - Balance=102029.96 Equity=102029.96 Spread=0.60 pips
2026-05-05 23:07:26 INFO mt5_bot - Session filter: UTC hour=4 outside [7,20) and [0,0)
2026-05-05 23:07:41 INFO mt5_bot - Balance=102029.96 Equity=102029.96 Spread=0.60 pips
2026-05-05 23:07:41 INFO mt5_bot - Session filter: UTC hour=4 outside [7,20) and [0,0)
2026-05-05 23:07:56 INFO mt5_bot - Balance=102029.96 Equity=102029.96 Spread=0.60 pips
2026-05-05 23:07:56 INFO mt5_bot - Session filter: UTC hour=4 outside [7,20) and [0,0)
2026-05-05 23:08:11 INFO mt5_bot - Balance=102029.96 Equity=102029.96 Spread=0.60 pips
2026-05-05 23:08:11 INFO mt5_bot - Session filter: UTC hour=4 outside [7,20) and [0,0)
2026-05-05 23:08:26 INFO mt5_bot - Balance=102029.96 Equity=102029.96 Spread=0.60 pips
2026-05-05 23:08:26 INFO mt5_bot - Session filter: UTC hour=4 outside [7,20) and [0,0)
2026-05-05 23:08:41 INFO mt5_bot - Balance=102029.96 Equity=102029.96 Spread=0.60 pips
2026-05-05 23:08:41 INFO mt5_bot - Session filter: UTC hour=4 outside [7,20) and [0,0)
2026-05-05 23:08:56 INFO mt5_bot - Balance=102029.96 Equity=102029.96 Spread=0.60 pips
2026-05-05 23:08:56 INFO mt5_bot - Session filter: UTC hour=4 outside [7,20) and [0,0)
2026-05-05 23:09:11 INFO mt5_bot - Balance=102029.96 Equity=102029.96 Spread=0.60 pips
2026-05-05 23:09:11 INFO mt5_bot - Session filter: UTC hour=4 outside [7,20) and [0,0)
2026-05-05 23:09:26 INFO mt5_bot - Balance=102029.96 Equity=102029.96 Spread=0.60 pips
2026-05-05 23:09:26 INFO mt5_bot - Session filter: UTC hour=4 outside [7,20) and [0,0)
2026-05-05 23:09:41 INFO mt5_bot - Balance=102029.96 Equity=102029.96 Spread=0.60 pips
2026-05-05 23:09:41 INFO mt5_bot - Session filter: UTC hour=4 outside [7,20) and [0,0)
2026-05-05 23:09:56 INFO mt5_bot - Balance=102029.96 Equity=102029.96 Spread=0.60 pips
2026-05-05 23:09:56 INFO mt5_bot - Session filter: UTC hour=4 outside [7,20) and [0,0)
2026-05-05 23:10:11 INFO mt5_bot - Balance=102029.96 Equity=102029.96 Spread=0.60 pips
2026-05-05 23:10:11 INFO mt5_bot - Session filter: UTC hour=4 outside [7,20) and [0,0)
2026-05-05 23:10:26 INFO mt5_bot - Balance=102029.96 Equity=102029.96 Spread=0.60 pips
2026-05-05 23:10:26 INFO mt5_bot - Session filter: UTC hour=4 outside [7,20) and [0,0)
2026-05-05 23:10:41 INFO mt5_bot - Balance=102029.96 Equity=102029.96 Spread=0.60 pips
2026-05-05 23:10:41 INFO mt5_bot - Session filter: UTC hour=4 outside [7,20) and [0,0)
2026-05-05 23:10:56 INFO mt5_bot - Balance=102029.96 Equity=102029.96 Spread=0.60 pips
2026-05-05 23:10:56 INFO mt5_bot - Session filter: UTC hour=4 outside [7,20) and [0,0)
2026-05-05 23:11:11 INFO mt5_bot - Balance=102029.96 Equity=102029.96 Spread=0.60 pips
2026-05-05 23:11:11 INFO mt5_bot - Session filter: UTC hour=4 outside [7,20) and [0,0)
2026-05-05 23:11:26 INFO mt5_bot - Balance=102029.96 Equity=102029.96 Spread=0.60 pips
2026-05-05 23:11:26 INFO mt5_bot - Session filter: UTC hour=4 outside [7,20) and [0,0)
2026-05-05 23:11:41 INFO mt5_bot - Balance=102029.96 Equity=102029.96 Spread=0.60 pips
2026-05-05 23:11:41 INFO mt5_bot - Session filter: UTC hour=4 outside [7,20) and [0,0)
2026-05-05 23:11:56 INFO mt5_bot - Balance=102029.96 Equity=102029.96 Spread=0.60 pips
2026-05-05 23:11:56 INFO mt5_bot - Session filter: UTC hour=4 outside [7,20) and [0,0)
2026-05-05 23:12:11 INFO mt5_bot - Balance=102029.96 Equity=102029.96 Spread=0.60 pips
2026-05-05 23:12:11 INFO mt5_bot - Session filter: UTC hour=4 outside [7,20) and [0,0)
2026-05-05 23:12:26 INFO mt5_bot - Balance=102029.96 Equity=102029.96 Spread=0.60 pips
2026-05-05 23:12:26 INFO mt5_bot - Session filter: UTC hour=4 outside [7,20) and [0,0)
2026-05-05 23:12:41 INFO mt5_bot - Balance=102029.96 Equity=102029.96 Spread=0.60 pips
2026-05-05 23:12:41 INFO mt5_bot - Session filter: UTC hour=4 outside [7,20) and [0,0)
2026-05-05 23:12:56 INFO mt5_bot - Balance=102029.96 Equity=102029.96 Spread=0.60 pips
2026-05-05 23:12:56 INFO mt5_bot - Session filter: UTC hour=4 outside [7,20) and [0,0)
2026-05-05 23:13:11 INFO mt5_bot - Balance=102029.96 Equity=102029.96 Spread=0.60 pips
2026-05-05 23:13:11 INFO mt5_bot - Session filter: UTC hour=4 outside [7,20) and [0,0)
2026-05-05 23:13:26 INFO mt5_bot - Balance=102029.96 Equity=102029.96 Spread=0.60 pips
2026-05-05 23:13:26 INFO mt5_bot - Session filter: UTC hour=4 outside [7,20) and [0,0)
2026-05-05 23:13:41 INFO mt5_bot - Balance=102029.96 Equity=102029.96 Spread=0.60 pips
2026-05-05 23:13:41 INFO mt5_bot - Session filter: UTC hour=4 outside [7,20) and [0,0)
2026-05-05 23:13:56 INFO mt5_bot - Balance=102029.96 Equity=102029.96 Spread=0.60 pips
2026-05-05 23:13:56 INFO mt5_bot - Session filter: UTC hour=4 outside [7,20) and [0,0)
2026-05-05 23:14:11 INFO mt5_bot - Balance=102029.96 Equity=102029.96 Spread=0.60 pips
2026-05-05 23:14:11 INFO mt5_bot - Session filter: UTC hour=4 outside [7,20) and [0,0)
2026-05-05 23:14:26 INFO mt5_bot - Balance=102029.96 Equity=102029.96 Spread=0.60 pips
2026-05-05 23:14:26 INFO mt5_bot - Session filter: UTC hour=4 outside [7,20) and [0,0)
2026-05-05 23:14:41 INFO mt5_bot - Balance=102029.96 Equity=102029.96 Spread=0.60 pips
2026-05-05 23:14:41 INFO mt5_bot - Session filter: UTC hour=4 outside [7,20) and [0,0)
2026-05-05 23:14:56 INFO mt5_bot - Balance=102029.96 Equity=102029.96 Spread=0.60 pips
2026-05-05 23:14:56 INFO mt5_bot - Session filter: UTC hour=4 outside [7,20) and [0,0)
2026-05-05 23:15:11 INFO mt5_bot - Balance=102029.96 Equity=102029.96 Spread=0.60 pips
2026-05-05 23:15:11 INFO mt5_bot - Session filter: UTC hour=4 outside [7,20) and [0,0)
2026-05-05 23:15:26 INFO mt5_bot - Balance=102029.96 Equity=102029.96 Spread=0.60 pips
2026-05-05 23:15:26 INFO mt5_bot - Session filter: UTC hour=4 outside [7,20) and [0,0)
2026-05-05 23:15:41 INFO mt5_bot - Balance=102029.96 Equity=102029.96 Spread=0.60 pips
2026-05-05 23:15:41 INFO mt5_bot - Session filter: UTC hour=4 outside [7,20) and [0,0)
2026-05-05 23:15:56 INFO mt5_bot - Balance=102029.96 Equity=102029.96 Spread=0.60 pips
2026-05-05 23:15:56 INFO mt5_bot - Session filter: UTC hour=4 outside [7,20) and [0,0)
2026-05-05 23:16:11 INFO mt5_bot - Balance=102029.96 Equity=102029.96 Spread=0.60 pips
2026-05-05 23:16:11 INFO mt5_bot - Session filter: UTC hour=4 outside [7,20) and [0,0)
2026-05-05 23:16:26 INFO mt5_bot - Balance=102029.96 Equity=102029.96 Spread=0.60 pips
2026-05-05 23:16:26 INFO mt5_bot - Session filter: UTC hour=4 outside [7,20) and [0,0)
2026-05-05 23:16:41 INFO mt5_bot - Balance=102029.96 Equity=102029.96 Spread=0.60 pips
2026-05-05 23:16:41 INFO mt5_bot - Session filter: UTC hour=4 outside [7,20) and [0,0)
2026-05-05 23:16:56 INFO mt5_bot - Balance=102029.96 Equity=102029.96 Spread=0.60 pips
2026-05-05 23:16:56 INFO mt5_bot - Session filter: UTC hour=4 outside [7,20) and [0,0)
2026-05-05 23:17:11 INFO mt5_bot - Balance=102029.96 Equity=102029.96 Spread=0.60 pips
2026-05-05 23:17:11 INFO mt5_bot - Session filter: UTC hour=4 outside [7,20) and [0,0)
2026-05-05 23:17:26 INFO mt5_bot - Balance=102029.96 Equity=102029.96 Spread=0.60 pips
2026-05-05 23:17:26 INFO mt5_bot - Session filter: UTC hour=4 outside [7,20) and [0,0)
2026-05-05 23:17:41 INFO mt5_bot - Balance=102029.96 Equity=102029.96 Spread=0.60 pips
2026-05-05 23:17:41 INFO mt5_bot - Session filter: UTC hour=4 outside [7,20) and [0,0)
2026-05-05 23:17:56 INFO mt5_bot - Balance=102029.96 Equity=102029.96 Spread=0.60 pips
2026-05-05 23:17:56 INFO mt5_bot - Session filter: UTC hour=4 outside [7,20) and [0,0)
2026-05-05 23:18:11 INFO mt5_bot - Balance=102029.96 Equity=102029.96 Spread=0.60 pips
2026-05-05 23:18:11 INFO mt5_bot - Session filter: UTC hour=4 outside [7,20) and [0,0)
2026-05-05 23:18:26 INFO mt5_bot - Balance=102029.96 Equity=102029.96 Spread=0.60 pips
2026-05-05 23:18:26 INFO mt5_bot - Session filter: UTC hour=4 outside [7,20) and [0,0)
2026-05-05 23:18:41 INFO mt5_bot - Balance=102029.96 Equity=102029.96 Spread=0.60 pips
2026-05-05 23:18:41 INFO mt5_bot - Session filter: UTC hour=4 outside [7,20) and [0,0)
2026-05-05 23:18:56 INFO mt5_bot - Balance=102029.96 Equity=102029.96 Spread=0.60 pips
2026-05-05 23:18:56 INFO mt5_bot - Session filter: UTC hour=4 outside [7,20) and [0,0)
2026-05-05 23:19:11 INFO mt5_bot - Balance=102029.96 Equity=102029.96 Spread=0.60 pips
2026-05-05 23:19:11 INFO mt5_bot - Session filter: UTC hour=4 outside [7,20) and [0,0)
2026-05-05 23:19:26 INFO mt5_bot - Balance=102029.96 Equity=102029.96 Spread=0.60 pips
2026-05-05 23:19:26 INFO mt5_bot - Session filter: UTC hour=4 outside [7,20) and [0,0)
2026-05-05 23:19:41 INFO mt5_bot - Balance=102029.96 Equity=102029.96 Spread=0.60 pips
2026-05-05 23:19:41 INFO mt5_bot - Session filter: UTC hour=4 outside [7,20) and [0,0)
2026-05-05 23:19:56 INFO mt5_bot - Balance=102029.96 Equity=102029.96 Spread=0.60 pips
2026-05-05 23:19:56 INFO mt5_bot - Session filter: UTC hour=4 outside [7,20) and [0,0)
2026-05-05 23:20:11 INFO mt5_bot - Balance=102029.96 Equity=102029.96 Spread=0.60 pips
2026-05-05 23:20:11 INFO mt5_bot - Session filter: UTC hour=4 outside [7,20) and [0,0)
2026-05-05 23:20:26 INFO mt5_bot - Balance=102029.96 Equity=102029.96 Spread=0.60 pips
2026-05-05 23:20:26 INFO mt5_bot - Session filter: UTC hour=4 outside [7,20) and [0,0)
2026-05-05 23:20:41 INFO mt5_bot - Balance=102029.96 Equity=102029.96 Spread=0.60 pips
2026-05-05 23:20:41 INFO mt5_bot - Session filter: UTC hour=4 outside [7,20) and [0,0)
2026-05-05 23:20:56 INFO mt5_bot - Balance=102029.96 Equity=102029.96 Spread=0.60 pips
2026-05-05 23:20:56 INFO mt5_bot - Session filter: UTC hour=4 outside [7,20) and [0,0)
2026-05-05 23:21:11 INFO mt5_bot - Balance=102029.96 Equity=102029.96 Spread=0.60 pips
2026-05-05 23:21:11 INFO mt5_bot - Session filter: UTC hour=4 outside [7,20) and [0,0)
2026-05-05 23:21:26 INFO mt5_bot - Balance=102029.96 Equity=102029.96 Spread=0.60 pips
2026-05-05 23:21:26 INFO mt5_bot - Session filter: UTC hour=4 outside [7,20) and [0,0)
2026-05-05 23:21:41 INFO mt5_bot - Balance=102029.96 Equity=102029.96 Spread=0.60 pips
2026-05-05 23:21:41 INFO mt5_bot - Session filter: UTC hour=4 outside [7,20) and [0,0)
2026-05-05 23:21:56 INFO mt5_bot - Balance=102029.96 Equity=102029.96 Spread=0.60 pips
2026-05-05 23:21:56 INFO mt5_bot - Session filter: UTC hour=4 outside [7,20) and [0,0)
2026-05-05 23:22:11 INFO mt5_bot - Balance=102029.96 Equity=102029.96 Spread=0.60 pips
2026-05-05 23:22:11 INFO mt5_bot - Session filter: UTC hour=4 outside [7,20) and [0,0)
2026-05-05 23:22:26 INFO mt5_bot - Balance=102029.96 Equity=102029.96 Spread=0.60 pips
2026-05-05 23:22:26 INFO mt5_bot - Session filter: UTC hour=4 outside [7,20) and [0,0)
2026-05-05 23:22:41 INFO mt5_bot - Balance=102029.96 Equity=102029.96 Spread=0.60 pips
2026-05-05 23:22:41 INFO mt5_bot - Session filter: UTC hour=4 outside [7,20) and [0,0)
2026-05-05 23:22:56 INFO mt5_bot - Balance=102029.96 Equity=102029.96 Spread=0.60 pips
2026-05-05 23:22:56 INFO mt5_bot - Session filter: UTC hour=4 outside [7,20) and [0,0)
2026-05-05 23:23:11 INFO mt5_bot - Balance=102029.96 Equity=102029.96 Spread=0.60 pips
2026-05-05 23:23:11 INFO mt5_bot - Session filter: UTC hour=4 outside [7,20) and [0,0)
2026-05-05 23:23:26 INFO mt5_bot - Balance=102029.96 Equity=102029.96 Spread=0.60 pips
2026-05-05 23:23:26 INFO mt5_bot - Session filter: UTC hour=4 outside [7,20) and [0,0)
2026-05-05 23:23:41 INFO mt5_bot - Balance=102029.96 Equity=102029.96 Spread=0.60 pips
2026-05-05 23:23:41 INFO mt5_bot - Session filter: UTC hour=4 outside [7,20) and [0,0)
2026-05-05 23:23:56 INFO mt5_bot - Balance=102029.96 Equity=102029.96 Spread=0.60 pips
2026-05-05 23:23:56 INFO mt5_bot - Session filter: UTC hour=4 outside [7,20) and [0,0)
2026-05-05 23:24:11 INFO mt5_bot - Balance=102029.96 Equity=102029.96 Spread=0.60 pips
2026-05-05 23:24:11 INFO mt5_bot - Session filter: UTC hour=4 outside [7,20) and [0,0)
2026-05-05 23:24:26 INFO mt5_bot - Balance=102029.96 Equity=102029.96 Spread=0.60 pips
2026-05-05 23:24:26 INFO mt5_bot - Session filter: UTC hour=4 outside [7,20) and [0,0)
2026-05-05 23:24:41 INFO mt5_bot - Balance=102029.96 Equity=102029.96 Spread=0.60 pips
2026-05-05 23:24:41 INFO mt5_bot - Session filter: UTC hour=4 outside [7,20) and [0,0)
2026-05-05 23:24:56 INFO mt5_bot - Balance=102029.96 Equity=102029.96 Spread=0.60 pips
2026-05-05 23:24:56 INFO mt5_bot - Session filter: UTC hour=4 outside [7,20) and [0,0)
2026-05-05 23:25:11 INFO mt5_bot - Balance=102029.96 Equity=102029.96 Spread=0.60 pips
2026-05-05 23:25:11 INFO mt5_bot - Session filter: UTC hour=4 outside [7,20) and [0,0)
2026-05-05 23:25:26 INFO mt5_bot - Balance=102029.96 Equity=102029.96 Spread=0.60 pips
2026-05-05 23:25:26 INFO mt5_bot - Session filter: UTC hour=4 outside [7,20) and [0,0)
2026-05-05 23:25:41 INFO mt5_bot - Balance=102029.96 Equity=102029.96 Spread=0.60 pips
2026-05-05 23:25:41 INFO mt5_bot - Session filter: UTC hour=4 outside [7,20) and [0,0)
2026-05-05 23:25:56 INFO mt5_bot - Balance=102029.96 Equity=102029.96 Spread=0.60 pips
2026-05-05 23:25:56 INFO mt5_bot - Session filter: UTC hour=4 outside [7,20) and [0,0)
2026-05-05 23:26:11 INFO mt5_bot - Balance=102029.96 Equity=102029.96 Spread=0.60 pips
2026-05-05 23:26:11 INFO mt5_bot - Session filter: UTC hour=4 outside [7,20) and [0,0)
2026-05-05 23:26:26 INFO mt5_bot - Balance=102029.96 Equity=102029.96 Spread=0.60 pips
2026-05-05 23:26:26 INFO mt5_bot - Session filter: UTC hour=4 outside [7,20) and [0,0)
2026-05-05 23:26:41 INFO mt5_bot - Balance=102029.96 Equity=102029.96 Spread=0.60 pips
2026-05-05 23:26:41 INFO mt5_bot - Session filter: UTC hour=4 outside [7,20) and [0,0)
2026-05-05 23:26:56 INFO mt5_bot - Balance=102029.96 Equity=102029.96 Spread=0.60 pips
2026-05-05 23:26:56 INFO mt5_bot - Session filter: UTC hour=4 outside [7,20) and [0,0)
2026-05-05 23:27:11 INFO mt5_bot - Balance=102029.96 Equity=102029.96 Spread=0.60 pips
2026-05-05 23:27:11 INFO mt5_bot - Session filter: UTC hour=4 outside [7,20) and [0,0)
2026-05-05 23:27:26 INFO mt5_bot - Balance=102029.96 Equity=102029.96 Spread=0.60 pips
2026-05-05 23:27:26 INFO mt5_bot - Session filter: UTC hour=4 outside [7,20) and [0,0)
2026-05-05 23:27:41 INFO mt5_bot - Balance=102029.96 Equity=102029.96 Spread=0.60 pips
2026-05-05 23:27:41 INFO mt5_bot - Session filter: UTC hour=4 outside [7,20) and [0,0)
2026-05-05 23:27:56 INFO mt5_bot - Balance=102029.96 Equity=102029.96 Spread=0.60 pips
2026-05-05 23:27:56 INFO mt5_bot - Session filter: UTC hour=4 outside [7,20) and [0,0)
2026-05-05 23:28:11 INFO mt5_bot - Balance=102029.96 Equity=102029.96 Spread=0.60 pips
2026-05-05 23:28:11 INFO mt5_bot - Session filter: UTC hour=4 outside [7,20) and [0,0)
2026-05-05 23:28:26 INFO mt5_bot - Balance=102029.96 Equity=102029.96 Spread=0.60 pips
2026-05-05 23:28:26 INFO mt5_bot - Session filter: UTC hour=4 outside [7,20) and [0,0)
2026-05-05 23:28:41 INFO mt5_bot - Balance=102029.96 Equity=102029.96 Spread=0.60 pips
2026-05-05 23:28:41 INFO mt5_bot - Session filter: UTC hour=4 outside [7,20) and [0,0)
2026-05-05 23:28:56 INFO mt5_bot - Balance=102029.96 Equity=102029.96 Spread=0.60 pips
2026-05-05 23:28:56 INFO mt5_bot - Session filter: UTC hour=4 outside [7,20) and [0,0)
2026-05-05 23:29:11 INFO mt5_bot - Balance=102029.96 Equity=102029.96 Spread=0.60 pips
2026-05-05 23:29:11 INFO mt5_bot - Session filter: UTC hour=4 outside [7,20) and [0,0)
2026-05-05 23:29:26 INFO mt5_bot - Balance=102029.96 Equity=102029.96 Spread=0.60 pips
2026-05-05 23:29:26 INFO mt5_bot - Session filter: UTC hour=4 outside [7,20) and [0,0)
2026-05-05 23:29:41 INFO mt5_bot - Balance=102029.96 Equity=102029.96 Spread=0.60 pips
2026-05-05 23:29:41 INFO mt5_bot - Session filter: UTC hour=4 outside [7,20) and [0,0)
2026-05-05 23:29:56 INFO mt5_bot - Balance=102029.96 Equity=102029.96 Spread=0.60 pips
2026-05-05 23:29:56 INFO mt5_bot - Session filter: UTC hour=4 outside [7,20) and [0,0)
2026-05-05 23:30:11 INFO mt5_bot - Balance=102029.96 Equity=102029.96 Spread=0.60 pips
2026-05-05 23:30:11 INFO mt5_bot - Session filter: UTC hour=4 outside [7,20) and [0,0)
2026-05-05 23:30:26 INFO mt5_bot - Balance=102029.96 Equity=102029.96 Spread=0.60 pips
2026-05-05 23:30:26 INFO mt5_bot - Session filter: UTC hour=4 outside [7,20) and [0,0)
2026-05-05 23:30:41 INFO mt5_bot - Balance=102029.96 Equity=102029.96 Spread=0.60 pips
2026-05-05 23:30:41 INFO mt5_bot - Session filter: UTC hour=4 outside [7,20) and [0,0)
2026-05-05 23:30:56 INFO mt5_bot - Balance=102029.96 Equity=102029.96 Spread=0.60 pips
2026-05-05 23:30:56 INFO mt5_bot - Session filter: UTC hour=4 outside [7,20) and [0,0)
2026-05-05 23:31:11 INFO mt5_bot - Balance=102029.96 Equity=102029.96 Spread=0.60 pips
2026-05-05 23:31:11 INFO mt5_bot - Session filter: UTC hour=4 outside [7,20) and [0,0)
2026-05-05 23:31:26 INFO mt5_bot - Balance=102029.96 Equity=102029.96 Spread=0.60 pips
2026-05-05 23:31:26 INFO mt5_bot - Session filter: UTC hour=4 outside [7,20) and [0,0)
2026-05-05 23:31:41 INFO mt5_bot - Balance=102029.96 Equity=102029.96 Spread=0.60 pips
2026-05-05 23:31:41 INFO mt5_bot - Session filter: UTC hour=4 outside [7,20) and [0,0)
2026-05-05 23:31:56 INFO mt5_bot - Balance=102029.96 Equity=102029.96 Spread=0.60 pips
2026-05-05 23:31:56 INFO mt5_bot - Session filter: UTC hour=4 outside [7,20) and [0,0)
2026-05-05 23:32:11 INFO mt5_bot - Balance=102029.96 Equity=102029.96 Spread=0.60 pips
2026-05-05 23:32:11 INFO mt5_bot - Session filter: UTC hour=4 outside [7,20) and [0,0)
2026-05-05 23:32:26 INFO mt5_bot - Balance=102029.96 Equity=102029.96 Spread=0.60 pips
2026-05-05 23:32:26 INFO mt5_bot - Session filter: UTC hour=4 outside [7,20) and [0,0)
2026-05-05 23:32:41 INFO mt5_bot - Balance=102029.96 Equity=102029.96 Spread=0.60 pips
2026-05-05 23:32:41 INFO mt5_bot - Session filter: UTC hour=4 outside [7,20) and [0,0)
2026-05-05 23:32:56 INFO mt5_bot - Balance=102029.96 Equity=102029.96 Spread=0.60 pips
2026-05-05 23:32:56 INFO mt5_bot - Session filter: UTC hour=4 outside [7,20) and [0,0)
2026-05-05 23:33:11 INFO mt5_bot - Balance=102029.96 Equity=102029.96 Spread=0.60 pips
2026-05-05 23:33:11 INFO mt5_bot - Session filter: UTC hour=4 outside [7,20) and [0,0)
2026-05-05 23:33:26 INFO mt5_bot - Balance=102029.96 Equity=102029.96 Spread=0.60 pips
2026-05-05 23:33:26 INFO mt5_bot - Session filter: UTC hour=4 outside [7,20) and [0,0)
2026-05-05 23:33:41 INFO mt5_bot - Balance=102029.96 Equity=102029.96 Spread=0.60 pips
2026-05-05 23:33:41 INFO mt5_bot - Session filter: UTC hour=4 outside [7,20) and [0,0)
2026-05-05 23:33:56 INFO mt5_bot - Balance=102029.96 Equity=102029.96 Spread=0.60 pips
2026-05-05 23:33:56 INFO mt5_bot - Session filter: UTC hour=4 outside [7,20) and [0,0)
2026-05-05 23:34:11 INFO mt5_bot - Balance=102029.96 Equity=102029.96 Spread=0.60 pips
2026-05-05 23:34:11 INFO mt5_bot - Session filter: UTC hour=4 outside [7,20) and [0,0)
2026-05-05 23:34:26 INFO mt5_bot - Balance=102029.96 Equity=102029.96 Spread=0.60 pips
2026-05-05 23:34:26 INFO mt5_bot - Session filter: UTC hour=4 outside [7,20) and [0,0)
2026-05-05 23:34:41 INFO mt5_bot - Balance=102029.96 Equity=102029.96 Spread=0.60 pips
2026-05-05 23:34:41 INFO mt5_bot - Session filter: UTC hour=4 outside [7,20) and [0,0)
2026-05-05 23:34:56 INFO mt5_bot - Balance=102029.96 Equity=102029.96 Spread=0.60 pips
2026-05-05 23:34:56 INFO mt5_bot - Session filter: UTC hour=4 outside [7,20) and [0,0)
2026-05-05 23:35:11 INFO mt5_bot - Balance=102029.96 Equity=102029.96 Spread=0.60 pips
2026-05-05 23:35:11 INFO mt5_bot - Session filter: UTC hour=4 outside [7,20) and [0,0)
2026-05-05 23:35:26 INFO mt5_bot - Balance=102029.96 Equity=102029.96 Spread=0.60 pips
2026-05-05 23:35:26 INFO mt5_bot - Session filter: UTC hour=4 outside [7,20) and [0,0)
2026-05-05 23:35:41 INFO mt5_bot - Balance=102029.96 Equity=102029.96 Spread=0.60 pips
2026-05-05 23:35:41 INFO mt5_bot - Session filter: UTC hour=4 outside [7,20) and [0,0)
2026-05-05 23:35:56 INFO mt5_bot - Balance=102029.96 Equity=102029.96 Spread=0.60 pips
2026-05-05 23:35:56 INFO mt5_bot - Session filter: UTC hour=4 outside [7,20) and [0,0)
2026-05-05 23:36:11 INFO mt5_bot - Balance=102029.96 Equity=102029.96 Spread=0.60 pips
2026-05-05 23:36:11 INFO mt5_bot - Session filter: UTC hour=4 outside [7,20) and [0,0)
2026-05-05 23:36:26 INFO mt5_bot - Balance=102029.96 Equity=102029.96 Spread=0.60 pips
2026-05-05 23:36:26 INFO mt5_bot - Session filter: UTC hour=4 outside [7,20) and [0,0)
2026-05-05 23:36:41 INFO mt5_bot - Balance=102029.96 Equity=102029.96 Spread=0.60 pips
2026-05-05 23:36:41 INFO mt5_bot - Session filter: UTC hour=4 outside [7,20) and [0,0)
2026-05-05 23:36:56 INFO mt5_bot - Balance=102029.96 Equity=102029.96 Spread=0.60 pips
2026-05-05 23:36:56 INFO mt5_bot - Session filter: UTC hour=4 outside [7,20) and [0,0)
2026-05-05 23:37:11 INFO mt5_bot - Balance=102029.96 Equity=102029.96 Spread=0.60 pips
2026-05-05 23:37:11 INFO mt5_bot - Session filter: UTC hour=4 outside [7,20) and [0,0)
2026-05-05 23:37:26 INFO mt5_bot - Balance=102029.96 Equity=102029.96 Spread=0.60 pips
2026-05-05 23:37:26 INFO mt5_bot - Session filter: UTC hour=4 outside [7,20) and [0,0)
2026-05-05 23:37:41 INFO mt5_bot - Balance=102029.96 Equity=102029.96 Spread=0.60 pips
2026-05-05 23:37:41 INFO mt5_bot - Session filter: UTC hour=4 outside [7,20) and [0,0)
2026-05-05 23:37:56 INFO mt5_bot - Balance=102029.96 Equity=102029.96 Spread=0.60 pips
2026-05-05 23:37:56 INFO mt5_bot - Session filter: UTC hour=4 outside [7,20) and [0,0)
2026-05-05 23:38:11 INFO mt5_bot - Balance=102029.96 Equity=102029.96 Spread=0.60 pips
2026-05-05 23:38:11 INFO mt5_bot - Session filter: UTC hour=4 outside [7,20) and [0,0)
2026-05-05 23:38:26 INFO mt5_bot - Balance=102029.96 Equity=102029.96 Spread=0.60 pips
2026-05-05 23:38:26 INFO mt5_bot - Session filter: UTC hour=4 outside [7,20) and [0,0)
2026-05-05 23:38:41 INFO mt5_bot - Balance=102029.96 Equity=102029.96 Spread=0.60 pips
2026-05-05 23:38:41 INFO mt5_bot - Session filter: UTC hour=4 outside [7,20) and [0,0)
2026-05-05 23:38:56 INFO mt5_bot - Balance=102029.96 Equity=102029.96 Spread=0.60 pips
2026-05-05 23:38:56 INFO mt5_bot - Session filter: UTC hour=4 outside [7,20) and [0,0)
2026-05-05 23:39:11 INFO mt5_bot - Balance=102029.96 Equity=102029.96 Spread=0.60 pips
2026-05-05 23:39:11 INFO mt5_bot - Session filter: UTC hour=4 outside [7,20) and [0,0)
2026-05-05 23:39:26 INFO mt5_bot - Balance=102029.96 Equity=102029.96 Spread=0.60 pips
2026-05-05 23:39:26 INFO mt5_bot - Session filter: UTC hour=4 outside [7,20) and [0,0)
2026-05-05 23:39:41 INFO mt5_bot - Balance=102029.96 Equity=102029.96 Spread=0.60 pips
2026-05-05 23:39:41 INFO mt5_bot - Session filter: UTC hour=4 outside [7,20) and [0,0)
2026-05-05 23:39:56 INFO mt5_bot - Balance=102029.96 Equity=102029.96 Spread=0.60 pips
2026-05-05 23:39:56 INFO mt5_bot - Session filter: UTC hour=4 outside [7,20) and [0,0)
2026-05-05 23:40:11 INFO mt5_bot - Balance=102029.96 Equity=102029.96 Spread=0.60 pips
2026-05-05 23:40:11 INFO mt5_bot - Session filter: UTC hour=4 outside [7,20) and [0,0)
2026-05-05 23:40:26 INFO mt5_bot - Balance=102029.96 Equity=102029.96 Spread=0.60 pips
2026-05-05 23:40:26 INFO mt5_bot - Session filter: UTC hour=4 outside [7,20) and [0,0)
2026-05-05 23:40:41 INFO mt5_bot - Balance=102029.96 Equity=102029.96 Spread=0.60 pips
2026-05-05 23:40:41 INFO mt5_bot - Session filter: UTC hour=4 outside [7,20) and [0,0)
2026-05-05 23:40:56 INFO mt5_bot - Balance=102029.96 Equity=102029.96 Spread=0.60 pips
2026-05-05 23:40:56 INFO mt5_bot - Session filter: UTC hour=4 outside [7,20) and [0,0)
2026-05-05 23:41:11 INFO mt5_bot - Balance=102029.96 Equity=102029.96 Spread=0.60 pips
2026-05-05 23:41:11 INFO mt5_bot - Session filter: UTC hour=4 outside [7,20) and [0,0)
2026-05-05 23:41:26 INFO mt5_bot - Balance=102029.96 Equity=102029.96 Spread=0.60 pips
2026-05-05 23:41:26 INFO mt5_bot - Session filter: UTC hour=4 outside [7,20) and [0,0)
2026-05-05 23:41:41 INFO mt5_bot - Balance=102029.96 Equity=102029.96 Spread=0.60 pips
2026-05-05 23:41:41 INFO mt5_bot - Session filter: UTC hour=4 outside [7,20) and [0,0)
2026-05-05 23:41:56 INFO mt5_bot - Balance=102029.96 Equity=102029.96 Spread=0.60 pips
2026-05-05 23:41:56 INFO mt5_bot - Session filter: UTC hour=4 outside [7,20) and [0,0)
2026-05-05 23:42:11 INFO mt5_bot - Balance=102029.96 Equity=102029.96 Spread=0.60 pips
2026-05-05 23:42:11 INFO mt5_bot - Session filter: UTC hour=4 outside [7,20) and [0,0)
2026-05-05 23:42:26 INFO mt5_bot - Balance=102029.96 Equity=102029.96 Spread=0.60 pips
2026-05-05 23:42:26 INFO mt5_bot - Session filter: UTC hour=4 outside [7,20) and [0,0)
2026-05-05 23:42:41 INFO mt5_bot - Balance=102029.96 Equity=102029.96 Spread=0.60 pips
2026-05-05 23:42:41 INFO mt5_bot - Session filter: UTC hour=4 outside [7,20) and [0,0)
2026-05-05 23:42:56 INFO mt5_bot - Balance=102029.96 Equity=102029.96 Spread=0.60 pips
2026-05-05 23:42:56 INFO mt5_bot - Session filter: UTC hour=4 outside [7,20) and [0,0)
2026-05-05 23:43:11 INFO mt5_bot - Balance=102029.96 Equity=102029.96 Spread=0.60 pips
2026-05-05 23:43:11 INFO mt5_bot - Session filter: UTC hour=4 outside [7,20) and [0,0)
2026-05-05 23:43:26 INFO mt5_bot - Balance=102029.96 Equity=102029.96 Spread=0.60 pips
2026-05-05 23:43:26 INFO mt5_bot - Session filter: UTC hour=4 outside [7,20) and [0,0)
2026-05-05 23:43:41 INFO mt5_bot - Balance=102029.96 Equity=102029.96 Spread=0.60 pips
2026-05-05 23:43:41 INFO mt5_bot - Session filter: UTC hour=4 outside [7,20) and [0,0)
2026-05-05 23:43:56 INFO mt5_bot - Balance=102029.96 Equity=102029.96 Spread=0.60 pips
2026-05-05 23:43:56 INFO mt5_bot - Session filter: UTC hour=4 outside [7,20) and [0,0)
2026-05-05 23:44:11 INFO mt5_bot - Balance=102029.96 Equity=102029.96 Spread=0.60 pips
2026-05-05 23:44:11 INFO mt5_bot - Session filter: UTC hour=4 outside [7,20) and [0,0)
2026-05-05 23:44:26 INFO mt5_bot - Balance=102029.96 Equity=102029.96 Spread=0.60 pips
2026-05-05 23:44:26 INFO mt5_bot - Session filter: UTC hour=4 outside [7,20) and [0,0)
2026-05-05 23:44:41 INFO mt5_bot - Balance=102029.96 Equity=102029.96 Spread=0.60 pips
2026-05-05 23:44:41 INFO mt5_bot - Session filter: UTC hour=4 outside [7,20) and [0,0)
2026-05-05 23:44:56 INFO mt5_bot - Balance=102029.96 Equity=102029.96 Spread=0.60 pips
2026-05-05 23:44:56 INFO mt5_bot - Session filter: UTC hour=4 outside [7,20) and [0,0)
2026-05-05 23:45:11 INFO mt5_bot - Balance=102029.96 Equity=102029.96 Spread=0.60 pips
2026-05-05 23:45:11 INFO mt5_bot - Session filter: UTC hour=4 outside [7,20) and [0,0)
2026-05-05 23:45:26 INFO mt5_bot - Balance=102029.96 Equity=102029.96 Spread=0.60 pips
2026-05-05 23:45:26 INFO mt5_bot - Session filter: UTC hour=4 outside [7,20) and [0,0)
2026-05-05 23:45:41 INFO mt5_bot - Balance=102029.96 Equity=102029.96 Spread=0.60 pips
2026-05-05 23:45:41 INFO mt5_bot - Session filter: UTC hour=4 outside [7,20) and [0,0)
2026-05-05 23:45:56 INFO mt5_bot - Balance=102029.96 Equity=102029.96 Spread=0.60 pips
2026-05-05 23:45:56 INFO mt5_bot - Session filter: UTC hour=4 outside [7,20) and [0,0)
2026-05-05 23:46:11 INFO mt5_bot - Balance=102029.96 Equity=102029.96 Spread=0.60 pips
2026-05-05 23:46:11 INFO mt5_bot - Session filter: UTC hour=4 outside [7,20) and [0,0)
2026-05-05 23:46:26 INFO mt5_bot - Balance=102029.96 Equity=102029.96 Spread=0.60 pips
2026-05-05 23:46:26 INFO mt5_bot - Session filter: UTC hour=4 outside [7,20) and [0,0)
2026-05-05 23:46:41 INFO mt5_bot - Balance=102029.96 Equity=102029.96 Spread=0.60 pips
2026-05-05 23:46:41 INFO mt5_bot - Session filter: UTC hour=4 outside [7,20) and [0,0)
2026-05-05 23:46:56 INFO mt5_bot - Balance=102029.96 Equity=102029.96 Spread=0.60 pips
2026-05-05 23:46:56 INFO mt5_bot - Session filter: UTC hour=4 outside [7,20) and [0,0)
2026-05-05 23:47:11 INFO mt5_bot - Balance=102029.96 Equity=102029.96 Spread=0.60 pips
2026-05-05 23:47:11 INFO mt5_bot - Session filter: UTC hour=4 outside [7,20) and [0,0)
2026-05-05 23:47:26 INFO mt5_bot - Balance=102029.96 Equity=102029.96 Spread=0.60 pips
2026-05-05 23:47:26 INFO mt5_bot - Session filter: UTC hour=4 outside [7,20) and [0,0)
2026-05-05 23:47:41 INFO mt5_bot - Balance=102029.96 Equity=102029.96 Spread=0.60 pips
2026-05-05 23:47:41 INFO mt5_bot - Session filter: UTC hour=4 outside [7,20) and [0,0)
2026-05-05 23:47:56 INFO mt5_bot - Balance=102029.96 Equity=102029.96 Spread=0.60 pips
2026-05-05 23:47:56 INFO mt5_bot - Session filter: UTC hour=4 outside [7,20) and [0,0)
2026-05-05 23:48:11 INFO mt5_bot - Balance=102029.96 Equity=102029.96 Spread=0.60 pips
2026-05-05 23:48:11 INFO mt5_bot - Session filter: UTC hour=4 outside [7,20) and [0,0)
2026-05-05 23:48:26 INFO mt5_bot - Balance=102029.96 Equity=102029.96 Spread=0.60 pips
2026-05-05 23:48:26 INFO mt5_bot - Session filter: UTC hour=4 outside [7,20) and [0,0)
2026-05-05 23:48:41 INFO mt5_bot - Balance=102029.96 Equity=102029.96 Spread=0.60 pips
2026-05-05 23:48:41 INFO mt5_bot - Session filter: UTC hour=4 outside [7,20) and [0,0)
2026-05-05 23:48:56 INFO mt5_bot - Balance=102029.96 Equity=102029.96 Spread=0.60 pips
2026-05-05 23:48:56 INFO mt5_bot - Session filter: UTC hour=4 outside [7,20) and [0,0)
2026-05-05 23:49:11 INFO mt5_bot - Balance=102029.96 Equity=102029.96 Spread=0.60 pips
2026-05-05 23:49:11 INFO mt5_bot - Session filter: UTC hour=4 outside [7,20) and [0,0)
2026-05-05 23:49:26 INFO mt5_bot - Balance=102029.96 Equity=102029.96 Spread=0.60 pips
2026-05-05 23:49:26 INFO mt5_bot - Session filter: UTC hour=4 outside [7,20) and [0,0)
2026-05-05 23:49:41 INFO mt5_bot - Balance=102029.96 Equity=102029.96 Spread=0.60 pips
2026-05-05 23:49:41 INFO mt5_bot - Session filter: UTC hour=4 outside [7,20) and [0,0)
2026-05-05 23:49:56 INFO mt5_bot - Balance=102029.96 Equity=102029.96 Spread=0.30 pips
2026-05-05 23:49:56 INFO mt5_bot - Session filter: UTC hour=4 outside [7,20) and [0,0)
2026-05-05 23:50:11 INFO mt5_bot - Balance=102029.96 Equity=102029.96 Spread=0.60 pips
2026-05-05 23:50:11 INFO mt5_bot - Session filter: UTC hour=4 outside [7,20) and [0,0)
2026-05-05 23:50:26 INFO mt5_bot - Balance=102029.96 Equity=102029.96 Spread=0.60 pips
2026-05-05 23:50:26 INFO mt5_bot - Session filter: UTC hour=4 outside [7,20) and [0,0)
2026-05-05 23:50:41 INFO mt5_bot - Balance=102029.96 Equity=102029.96 Spread=0.60 pips
2026-05-05 23:50:41 INFO mt5_bot - Session filter: UTC hour=4 outside [7,20) and [0,0)
2026-05-05 23:50:56 INFO mt5_bot - Balance=102029.96 Equity=102029.96 Spread=0.60 pips
2026-05-05 23:50:56 INFO mt5_bot - Session filter: UTC hour=4 outside [7,20) and [0,0)
2026-05-05 23:51:11 INFO mt5_bot - Balance=102029.96 Equity=102029.96 Spread=0.60 pips
2026-05-05 23:51:11 INFO mt5_bot - Session filter: UTC hour=4 outside [7,20) and [0,0)
2026-05-05 23:51:26 INFO mt5_bot - Balance=102029.96 Equity=102029.96 Spread=0.60 pips
2026-05-05 23:51:26 INFO mt5_bot - Session filter: UTC hour=4 outside [7,20) and [0,0)
2026-05-05 23:51:42 INFO mt5_bot - Balance=102029.96 Equity=102029.96 Spread=0.60 pips
2026-05-05 23:51:42 INFO mt5_bot - Session filter: UTC hour=4 outside [7,20) and [0,0)
2026-05-05 23:51:57 INFO mt5_bot - Balance=102029.96 Equity=102029.96 Spread=0.60 pips
2026-05-05 23:51:57 INFO mt5_bot - Session filter: UTC hour=4 outside [7,20) and [0,0)
2026-05-05 23:52:12 INFO mt5_bot - Balance=102029.96 Equity=102029.96 Spread=0.60 pips
2026-05-05 23:52:12 INFO mt5_bot - Session filter: UTC hour=4 outside [7,20) and [0,0)
2026-05-05 23:52:27 INFO mt5_bot - Balance=102029.96 Equity=102029.96 Spread=0.60 pips
2026-05-05 23:52:27 INFO mt5_bot - Session filter: UTC hour=4 outside [7,20) and [0,0)
2026-05-05 23:52:42 INFO mt5_bot - Balance=102029.96 Equity=102029.96 Spread=0.60 pips
2026-05-05 23:52:42 INFO mt5_bot - Session filter: UTC hour=4 outside [7,20) and [0,0)
2026-05-05 23:52:57 INFO mt5_bot - Balance=102029.96 Equity=102029.96 Spread=0.60 pips
2026-05-05 23:52:57 INFO mt5_bot - Session filter: UTC hour=4 outside [7,20) and [0,0)
2026-05-05 23:53:12 INFO mt5_bot - Balance=102029.96 Equity=102029.96 Spread=0.60 pips
2026-05-05 23:53:12 INFO mt5_bot - Session filter: UTC hour=4 outside [7,20) and [0,0)
2026-05-05 23:53:27 INFO mt5_bot - Balance=102029.96 Equity=102029.96 Spread=0.60 pips
2026-05-05 23:53:27 INFO mt5_bot - Session filter: UTC hour=4 outside [7,20) and [0,0)
2026-05-05 23:53:42 INFO mt5_bot - Balance=102029.96 Equity=102029.96 Spread=0.60 pips
2026-05-05 23:53:42 INFO mt5_bot - Session filter: UTC hour=4 outside [7,20) and [0,0)
2026-05-05 23:53:57 INFO mt5_bot - Balance=102029.96 Equity=102029.96 Spread=0.60 pips
2026-05-05 23:53:57 INFO mt5_bot - Session filter: UTC hour=4 outside [7,20) and [0,0)
2026-05-05 23:54:12 INFO mt5_bot - Balance=102029.96 Equity=102029.96 Spread=0.60 pips
2026-05-05 23:54:12 INFO mt5_bot - Session filter: UTC hour=4 outside [7,20) and [0,0)
2026-05-05 23:54:27 INFO mt5_bot - Balance=102029.96 Equity=102029.96 Spread=0.60 pips
2026-05-05 23:54:27 INFO mt5_bot - Session filter: UTC hour=4 outside [7,20) and [0,0)
2026-05-05 23:54:42 INFO mt5_bot - Balance=102029.96 Equity=102029.96 Spread=0.60 pips
2026-05-05 23:54:42 INFO mt5_bot - Session filter: UTC hour=4 outside [7,20) and [0,0)
2026-05-05 23:54:57 INFO mt5_bot - Balance=102029.96 Equity=102029.96 Spread=0.60 pips
2026-05-05 23:54:57 INFO mt5_bot - Session filter: UTC hour=4 outside [7,20) and [0,0)
2026-05-05 23:55:12 INFO mt5_bot - Balance=102029.96 Equity=102029.96 Spread=0.60 pips
2026-05-05 23:55:12 INFO mt5_bot - Session filter: UTC hour=4 outside [7,20) and [0,0)
2026-05-05 23:55:27 INFO mt5_bot - Balance=102029.96 Equity=102029.96 Spread=0.60 pips
2026-05-05 23:55:27 INFO mt5_bot - Session filter: UTC hour=4 outside [7,20) and [0,0)
2026-05-05 23:55:42 INFO mt5_bot - Balance=102029.96 Equity=102029.96 Spread=0.60 pips
2026-05-05 23:55:42 INFO mt5_bot - Session filter: UTC hour=4 outside [7,20) and [0,0)
2026-05-05 23:55:57 INFO mt5_bot - Balance=102029.96 Equity=102029.96 Spread=0.60 pips
2026-05-05 23:55:57 INFO mt5_bot - Session filter: UTC hour=4 outside [7,20) and [0,0)
2026-05-05 23:56:12 INFO mt5_bot - Balance=102029.96 Equity=102029.96 Spread=0.60 pips
2026-05-05 23:56:12 INFO mt5_bot - Session filter: UTC hour=4 outside [7,20) and [0,0)
2026-05-05 23:56:27 INFO mt5_bot - Balance=102029.96 Equity=102029.96 Spread=0.60 pips
2026-05-05 23:56:27 INFO mt5_bot - Session filter: UTC hour=4 outside [7,20) and [0,0)
2026-05-05 23:56:42 INFO mt5_bot - Balance=102029.96 Equity=102029.96 Spread=0.60 pips
2026-05-05 23:56:42 INFO mt5_bot - Session filter: UTC hour=4 outside [7,20) and [0,0)
2026-05-05 23:56:57 INFO mt5_bot - Balance=102029.96 Equity=102029.96 Spread=0.60 pips
2026-05-05 23:56:57 INFO mt5_bot - Session filter: UTC hour=4 outside [7,20) and [0,0)
2026-05-05 23:57:12 INFO mt5_bot - Balance=102029.96 Equity=102029.96 Spread=0.60 pips
2026-05-05 23:57:12 INFO mt5_bot - Session filter: UTC hour=4 outside [7,20) and [0,0)
2026-05-05 23:57:27 INFO mt5_bot - Balance=102029.96 Equity=102029.96 Spread=0.60 pips
2026-05-05 23:57:27 INFO mt5_bot - Session filter: UTC hour=4 outside [7,20) and [0,0)
2026-05-05 23:57:42 INFO mt5_bot - Balance=102029.96 Equity=102029.96 Spread=0.60 pips
2026-05-05 23:57:42 INFO mt5_bot - Session filter: UTC hour=4 outside [7,20) and [0,0)
2026-05-05 23:57:57 INFO mt5_bot - Balance=102029.96 Equity=102029.96 Spread=0.60 pips
2026-05-05 23:57:57 INFO mt5_bot - Session filter: UTC hour=4 outside [7,20) and [0,0)
2026-05-05 23:58:12 INFO mt5_bot - Balance=102029.96 Equity=102029.96 Spread=0.60 pips
2026-05-05 23:58:12 INFO mt5_bot - Session filter: UTC hour=4 outside [7,20) and [0,0)
2026-05-05 23:58:27 INFO mt5_bot - Balance=102029.96 Equity=102029.96 Spread=0.60 pips
2026-05-05 23:58:27 INFO mt5_bot - Session filter: UTC hour=4 outside [7,20) and [0,0)
2026-05-05 23:58:42 INFO mt5_bot - Balance=102029.96 Equity=102029.96 Spread=0.60 pips
2026-05-05 23:58:42 INFO mt5_bot - Session filter: UTC hour=4 outside [7,20) and [0,0)
2026-05-05 23:58:57 INFO mt5_bot - Balance=102029.96 Equity=102029.96 Spread=0.60 pips
2026-05-05 23:58:57 INFO mt5_bot - Session filter: UTC hour=4 outside [7,20) and [0,0)
2026-05-05 23:59:12 INFO mt5_bot - Balance=102029.96 Equity=102029.96 Spread=0.60 pips
2026-05-05 23:59:12 INFO mt5_bot - Session filter: UTC hour=4 outside [7,20) and [0,0)
2026-05-05 23:59:27 INFO mt5_bot - Balance=102029.96 Equity=102029.96 Spread=0.60 pips
2026-05-05 23:59:27 INFO mt5_bot - Session filter: UTC hour=4 outside [7,20) and [0,0)
2026-05-05 23:59:42 INFO mt5_bot - Balance=102029.96 Equity=102029.96 Spread=0.60 pips
2026-05-05 23:59:42 INFO mt5_bot - Session filter: UTC hour=4 outside [7,20) and [0,0)
2026-05-05 23:59:57 INFO mt5_bot - Balance=102029.96 Equity=102029.96 Spread=0.60 pips
2026-05-05 23:59:57 INFO mt5_bot - Session filter: UTC hour=4 outside [7,20) and [0,0)
2026-05-06 00:00:12 INFO mt5_bot - Balance=102029.96 Equity=102029.96 Spread=0.60 pips
2026-05-06 00:00:12 INFO mt5_bot - Session filter: UTC hour=5 outside [7,20) and [0,0)
2026-05-06 00:00:27 INFO mt5_bot - Balance=102029.96 Equity=102029.96 Spread=0.60 pips
2026-05-06 00:00:27 INFO mt5_bot - Session filter: UTC hour=5 outside [7,20) and [0,0)
2026-05-06 00:00:42 INFO mt5_bot - Balance=102029.96 Equity=102029.96 Spread=0.60 pips
2026-05-06 00:00:42 INFO mt5_bot - Session filter: UTC hour=5 outside [7,20) and [0,0)
2026-05-06 00:00:57 INFO mt5_bot - Balance=102029.96 Equity=102029.96 Spread=0.60 pips
2026-05-06 00:00:57 INFO mt5_bot - Session filter: UTC hour=5 outside [7,20) and [0,0)
2026-05-06 00:01:12 INFO mt5_bot - Balance=102029.96 Equity=102029.96 Spread=0.60 pips
2026-05-06 00:01:12 INFO mt5_bot - Session filter: UTC hour=5 outside [7,20) and [0,0)
2026-05-06 00:01:27 INFO mt5_bot - Balance=102029.96 Equity=102029.96 Spread=0.60 pips
2026-05-06 00:01:27 INFO mt5_bot - Session filter: UTC hour=5 outside [7,20) and [0,0)
2026-05-06 00:01:42 INFO mt5_bot - Balance=102029.96 Equity=102029.96 Spread=0.60 pips
2026-05-06 00:01:42 INFO mt5_bot - Session filter: UTC hour=5 outside [7,20) and [0,0)
2026-05-06 00:01:57 INFO mt5_bot - Balance=102029.96 Equity=102029.96 Spread=0.60 pips
2026-05-06 00:01:57 INFO mt5_bot - Session filter: UTC hour=5 outside [7,20) and [0,0)
2026-05-06 00:02:12 INFO mt5_bot - Balance=102029.96 Equity=102029.96 Spread=0.60 pips
2026-05-06 00:02:12 INFO mt5_bot - Session filter: UTC hour=5 outside [7,20) and [0,0)
2026-05-06 00:02:27 INFO mt5_bot - Balance=102029.96 Equity=102029.96 Spread=0.60 pips
2026-05-06 00:02:27 INFO mt5_bot - Session filter: UTC hour=5 outside [7,20) and [0,0)
2026-05-06 00:02:42 INFO mt5_bot - Balance=102029.96 Equity=102029.96 Spread=0.60 pips
2026-05-06 00:02:42 INFO mt5_bot - Session filter: UTC hour=5 outside [7,20) and [0,0)
2026-05-06 00:02:57 INFO mt5_bot - Balance=102029.96 Equity=102029.96 Spread=0.60 pips
2026-05-06 00:02:57 INFO mt5_bot - Session filter: UTC hour=5 outside [7,20) and [0,0)
2026-05-06 00:03:12 INFO mt5_bot - Balance=102029.96 Equity=102029.96 Spread=0.60 pips
2026-05-06 00:03:12 INFO mt5_bot - Session filter: UTC hour=5 outside [7,20) and [0,0)
2026-05-06 00:03:27 INFO mt5_bot - Balance=102029.96 Equity=102029.96 Spread=0.60 pips
2026-05-06 00:03:27 INFO mt5_bot - Session filter: UTC hour=5 outside [7,20) and [0,0)
2026-05-06 00:03:42 INFO mt5_bot - Balance=102029.96 Equity=102029.96 Spread=0.60 pips
2026-05-06 00:03:42 INFO mt5_bot - Session filter: UTC hour=5 outside [7,20) and [0,0)
2026-05-06 00:03:57 INFO mt5_bot - Balance=102029.96 Equity=102029.96 Spread=0.60 pips
2026-05-06 00:03:57 INFO mt5_bot - Session filter: UTC hour=5 outside [7,20) and [0,0)
2026-05-06 00:04:12 INFO mt5_bot - Balance=102029.96 Equity=102029.96 Spread=0.60 pips
2026-05-06 00:04:12 INFO mt5_bot - Session filter: UTC hour=5 outside [7,20) and [0,0)
2026-05-06 00:04:27 INFO mt5_bot - Balance=102029.96 Equity=102029.96 Spread=0.60 pips
2026-05-06 00:04:27 INFO mt5_bot - Session filter: UTC hour=5 outside [7,20) and [0,0)
2026-05-06 00:04:42 INFO mt5_bot - Balance=102029.96 Equity=102029.96 Spread=0.60 pips
2026-05-06 00:04:42 INFO mt5_bot - Session filter: UTC hour=5 outside [7,20) and [0,0)
2026-05-06 00:04:57 INFO mt5_bot - Balance=102029.96 Equity=102029.96 Spread=0.60 pips
2026-05-06 00:04:57 INFO mt5_bot - Session filter: UTC hour=5 outside [7,20) and [0,0)
2026-05-06 00:05:12 INFO mt5_bot - Balance=102029.96 Equity=102029.96 Spread=0.60 pips
2026-05-06 00:05:12 INFO mt5_bot - Session filter: UTC hour=5 outside [7,20) and [0,0)
2026-05-06 00:05:27 INFO mt5_bot - Balance=102029.96 Equity=102029.96 Spread=0.60 pips
2026-05-06 00:05:27 INFO mt5_bot - Session filter: UTC hour=5 outside [7,20) and [0,0)
2026-05-06 00:05:42 INFO mt5_bot - Balance=102029.96 Equity=102029.96 Spread=0.60 pips
2026-05-06 00:05:42 INFO mt5_bot - Session filter: UTC hour=5 outside [7,20) and [0,0)
2026-05-06 00:05:57 INFO mt5_bot - Balance=102029.96 Equity=102029.96 Spread=0.60 pips
2026-05-06 00:05:57 INFO mt5_bot - Session filter: UTC hour=5 outside [7,20) and [0,0)
2026-05-06 00:06:12 INFO mt5_bot - Balance=102029.96 Equity=102029.96 Spread=0.60 pips
2026-05-06 00:06:12 INFO mt5_bot - Session filter: UTC hour=5 outside [7,20) and [0,0)
2026-05-06 00:06:27 INFO mt5_bot - Balance=102029.96 Equity=102029.96 Spread=0.60 pips
2026-05-06 00:06:27 INFO mt5_bot - Session filter: UTC hour=5 outside [7,20) and [0,0)
2026-05-06 00:06:42 INFO mt5_bot - Balance=102029.96 Equity=102029.96 Spread=0.60 pips
2026-05-06 00:06:42 INFO mt5_bot - Session filter: UTC hour=5 outside [7,20) and [0,0)
2026-05-06 00:06:57 INFO mt5_bot - Balance=102029.96 Equity=102029.96 Spread=0.60 pips
2026-05-06 00:06:57 INFO mt5_bot - Session filter: UTC hour=5 outside [7,20) and [0,0)
2026-05-06 00:07:12 INFO mt5_bot - Balance=102029.96 Equity=102029.96 Spread=0.60 pips
2026-05-06 00:07:12 INFO mt5_bot - Session filter: UTC hour=5 outside [7,20) and [0,0)
2026-05-06 00:07:27 INFO mt5_bot - Balance=102029.96 Equity=102029.96 Spread=0.60 pips
2026-05-06 00:07:27 INFO mt5_bot - Session filter: UTC hour=5 outside [7,20) and [0,0)
2026-05-06 00:07:42 INFO mt5_bot - Balance=102029.96 Equity=102029.96 Spread=0.60 pips
2026-05-06 00:07:42 INFO mt5_bot - Session filter: UTC hour=5 outside [7,20) and [0,0)
2026-05-06 00:07:57 INFO mt5_bot - Balance=102029.96 Equity=102029.96 Spread=0.60 pips
2026-05-06 00:07:57 INFO mt5_bot - Session filter: UTC hour=5 outside [7,20) and [0,0)
2026-05-06 00:08:12 INFO mt5_bot - Balance=102029.96 Equity=102029.96 Spread=0.60 pips
2026-05-06 00:08:12 INFO mt5_bot - Session filter: UTC hour=5 outside [7,20) and [0,0)
2026-05-06 00:08:27 INFO mt5_bot - Balance=102029.96 Equity=102029.96 Spread=0.60 pips
2026-05-06 00:08:27 INFO mt5_bot - Session filter: UTC hour=5 outside [7,20) and [0,0)
2026-05-06 00:08:42 INFO mt5_bot - Balance=102029.96 Equity=102029.96 Spread=0.60 pips
2026-05-06 00:08:42 INFO mt5_bot - Session filter: UTC hour=5 outside [7,20) and [0,0)
2026-05-06 00:08:57 INFO mt5_bot - Balance=102029.96 Equity=102029.96 Spread=0.60 pips
2026-05-06 00:08:57 INFO mt5_bot - Session filter: UTC hour=5 outside [7,20) and [0,0)
2026-05-06 00:09:12 INFO mt5_bot - Balance=102029.96 Equity=102029.96 Spread=0.60 pips
2026-05-06 00:09:12 INFO mt5_bot - Session filter: UTC hour=5 outside [7,20) and [0,0)
2026-05-06 00:09:27 INFO mt5_bot - Balance=102029.96 Equity=102029.96 Spread=0.60 pips
2026-05-06 00:09:27 INFO mt5_bot - Session filter: UTC hour=5 outside [7,20) and [0,0)
2026-05-06 00:09:42 INFO mt5_bot - Balance=102029.96 Equity=102029.96 Spread=0.60 pips
2026-05-06 00:09:42 INFO mt5_bot - Session filter: UTC hour=5 outside [7,20) and [0,0)
2026-05-06 00:09:57 INFO mt5_bot - Balance=102029.96 Equity=102029.96 Spread=0.60 pips
2026-05-06 00:09:57 INFO mt5_bot - Session filter: UTC hour=5 outside [7,20) and [0,0)
2026-05-06 00:10:12 INFO mt5_bot - Balance=102029.96 Equity=102029.96 Spread=0.60 pips
2026-05-06 00:10:12 INFO mt5_bot - Session filter: UTC hour=5 outside [7,20) and [0,0)
2026-05-06 00:10:27 INFO mt5_bot - Balance=102029.96 Equity=102029.96 Spread=0.60 pips
2026-05-06 00:10:27 INFO mt5_bot - Session filter: UTC hour=5 outside [7,20) and [0,0)
2026-05-06 00:10:42 INFO mt5_bot - Balance=102029.96 Equity=102029.96 Spread=0.60 pips
2026-05-06 00:10:42 INFO mt5_bot - Session filter: UTC hour=5 outside [7,20) and [0,0)
2026-05-06 00:10:57 INFO mt5_bot - Balance=102029.96 Equity=102029.96 Spread=0.60 pips
2026-05-06 00:10:57 INFO mt5_bot - Session filter: UTC hour=5 outside [7,20) and [0,0)
2026-05-06 00:11:12 INFO mt5_bot - Balance=102029.96 Equity=102029.96 Spread=0.60 pips
2026-05-06 00:11:12 INFO mt5_bot - Session filter: UTC hour=5 outside [7,20) and [0,0)
2026-05-06 00:11:27 INFO mt5_bot - Balance=102029.96 Equity=102029.96 Spread=0.60 pips
2026-05-06 00:11:27 INFO mt5_bot - Session filter: UTC hour=5 outside [7,20) and [0,0)
2026-05-06 00:11:42 INFO mt5_bot - Balance=102029.96 Equity=102029.96 Spread=0.60 pips
2026-05-06 00:11:42 INFO mt5_bot - Session filter: UTC hour=5 outside [7,20) and [0,0)
2026-05-06 00:11:57 INFO mt5_bot - Balance=102029.96 Equity=102029.96 Spread=0.60 pips
2026-05-06 00:11:57 INFO mt5_bot - Session filter: UTC hour=5 outside [7,20) and [0,0)
2026-05-06 00:12:12 INFO mt5_bot - Balance=102029.96 Equity=102029.96 Spread=0.60 pips
2026-05-06 00:12:12 INFO mt5_bot - Session filter: UTC hour=5 outside [7,20) and [0,0)
2026-05-06 00:12:27 INFO mt5_bot - Balance=102029.96 Equity=102029.96 Spread=0.60 pips
2026-05-06 00:12:27 INFO mt5_bot - Session filter: UTC hour=5 outside [7,20) and [0,0)
2026-05-06 00:12:42 INFO mt5_bot - Balance=102029.96 Equity=102029.96 Spread=0.60 pips
2026-05-06 00:12:42 INFO mt5_bot - Session filter: UTC hour=5 outside [7,20) and [0,0)
2026-05-06 00:12:57 INFO mt5_bot - Balance=102029.96 Equity=102029.96 Spread=0.60 pips
2026-05-06 00:12:57 INFO mt5_bot - Session filter: UTC hour=5 outside [7,20) and [0,0)
2026-05-06 00:13:12 INFO mt5_bot - Balance=102029.96 Equity=102029.96 Spread=0.60 pips
2026-05-06 00:13:12 INFO mt5_bot - Session filter: UTC hour=5 outside [7,20) and [0,0)
2026-05-06 00:13:27 INFO mt5_bot - Balance=102029.96 Equity=102029.96 Spread=0.60 pips
2026-05-06 00:13:27 INFO mt5_bot - Session filter: UTC hour=5 outside [7,20) and [0,0)
2026-05-06 00:13:42 INFO mt5_bot - Balance=102029.96 Equity=102029.96 Spread=0.60 pips
2026-05-06 00:13:42 INFO mt5_bot - Session filter: UTC hour=5 outside [7,20) and [0,0)
2026-05-06 00:13:57 INFO mt5_bot - Balance=102029.96 Equity=102029.96 Spread=0.60 pips
2026-05-06 00:13:57 INFO mt5_bot - Session filter: UTC hour=5 outside [7,20) and [0,0)
2026-05-06 00:14:12 INFO mt5_bot - Balance=102029.96 Equity=102029.96 Spread=0.60 pips
2026-05-06 00:14:12 INFO mt5_bot - Session filter: UTC hour=5 outside [7,20) and [0,0)
2026-05-06 00:14:27 INFO mt5_bot - Balance=102029.96 Equity=102029.96 Spread=0.60 pips
2026-05-06 00:14:27 INFO mt5_bot - Session filter: UTC hour=5 outside [7,20) and [0,0)
2026-05-06 00:14:42 INFO mt5_bot - Balance=102029.96 Equity=102029.96 Spread=0.60 pips
2026-05-06 00:14:42 INFO mt5_bot - Session filter: UTC hour=5 outside [7,20) and [0,0)
2026-05-06 00:14:57 INFO mt5_bot - Balance=102029.96 Equity=102029.96 Spread=0.60 pips
2026-05-06 00:14:57 INFO mt5_bot - Session filter: UTC hour=5 outside [7,20) and [0,0)
2026-05-06 00:15:12 INFO mt5_bot - Balance=102029.96 Equity=102029.96 Spread=0.60 pips
2026-05-06 00:15:12 INFO mt5_bot - Session filter: UTC hour=5 outside [7,20) and [0,0)
2026-05-06 00:15:27 INFO mt5_bot - Balance=102029.96 Equity=102029.96 Spread=0.60 pips
2026-05-06 00:15:27 INFO mt5_bot - Session filter: UTC hour=5 outside [7,20) and [0,0)
2026-05-06 00:15:42 INFO mt5_bot - Balance=102029.96 Equity=102029.96 Spread=0.60 pips
2026-05-06 00:15:42 INFO mt5_bot - Session filter: UTC hour=5 outside [7,20) and [0,0)
2026-05-06 00:15:57 INFO mt5_bot - Balance=102029.96 Equity=102029.96 Spread=0.60 pips
2026-05-06 00:15:57 INFO mt5_bot - Session filter: UTC hour=5 outside [7,20) and [0,0)
2026-05-06 00:16:12 INFO mt5_bot - Balance=102029.96 Equity=102029.96 Spread=0.60 pips
2026-05-06 00:16:12 INFO mt5_bot - Session filter: UTC hour=5 outside [7,20) and [0,0)
2026-05-06 00:16:27 INFO mt5_bot - Balance=102029.96 Equity=102029.96 Spread=0.60 pips
2026-05-06 00:16:27 INFO mt5_bot - Session filter: UTC hour=5 outside [7,20) and [0,0)
2026-05-06 00:16:42 INFO mt5_bot - Balance=102029.96 Equity=102029.96 Spread=0.60 pips
2026-05-06 00:16:42 INFO mt5_bot - Session filter: UTC hour=5 outside [7,20) and [0,0)
2026-05-06 00:16:57 INFO mt5_bot - Balance=102029.96 Equity=102029.96 Spread=0.60 pips
2026-05-06 00:16:57 INFO mt5_bot - Session filter: UTC hour=5 outside [7,20) and [0,0)
2026-05-06 00:17:12 INFO mt5_bot - Balance=102029.96 Equity=102029.96 Spread=0.60 pips
2026-05-06 00:17:12 INFO mt5_bot - Session filter: UTC hour=5 outside [7,20) and [0,0)
2026-05-06 00:17:27 INFO mt5_bot - Balance=102029.96 Equity=102029.96 Spread=0.60 pips
2026-05-06 00:17:27 INFO mt5_bot - Session filter: UTC hour=5 outside [7,20) and [0,0)
2026-05-06 00:17:42 INFO mt5_bot - Balance=102029.96 Equity=102029.96 Spread=0.60 pips
2026-05-06 00:17:42 INFO mt5_bot - Session filter: UTC hour=5 outside [7,20) and [0,0)
2026-05-06 00:17:57 INFO mt5_bot - Balance=102029.96 Equity=102029.96 Spread=0.60 pips
2026-05-06 00:17:57 INFO mt5_bot - Session filter: UTC hour=5 outside [7,20) and [0,0)
2026-05-06 00:18:12 INFO mt5_bot - Balance=102029.96 Equity=102029.96 Spread=0.60 pips
2026-05-06 00:18:12 INFO mt5_bot - Session filter: UTC hour=5 outside [7,20) and [0,0)
2026-05-06 00:18:27 INFO mt5_bot - Balance=102029.96 Equity=102029.96 Spread=0.60 pips
2026-05-06 00:18:27 INFO mt5_bot - Session filter: UTC hour=5 outside [7,20) and [0,0)
2026-05-06 00:18:42 INFO mt5_bot - Balance=102029.96 Equity=102029.96 Spread=0.60 pips
2026-05-06 00:18:42 INFO mt5_bot - Session filter: UTC hour=5 outside [7,20) and [0,0)
2026-05-06 00:18:57 INFO mt5_bot - Balance=102029.96 Equity=102029.96 Spread=0.60 pips
2026-05-06 00:18:57 INFO mt5_bot - Session filter: UTC hour=5 outside [7,20) and [0,0)
2026-05-06 00:19:12 INFO mt5_bot - Balance=102029.96 Equity=102029.96 Spread=0.60 pips
2026-05-06 00:19:12 INFO mt5_bot - Session filter: UTC hour=5 outside [7,20) and [0,0)
2026-05-06 00:19:27 INFO mt5_bot - Balance=102029.96 Equity=102029.96 Spread=0.60 pips
2026-05-06 00:19:27 INFO mt5_bot - Session filter: UTC hour=5 outside [7,20) and [0,0)
2026-05-06 00:19:42 INFO mt5_bot - Balance=102029.96 Equity=102029.96 Spread=0.60 pips
2026-05-06 00:19:42 INFO mt5_bot - Session filter: UTC hour=5 outside [7,20) and [0,0)
2026-05-06 00:19:57 INFO mt5_bot - Balance=102029.96 Equity=102029.96 Spread=0.60 pips
2026-05-06 00:19:57 INFO mt5_bot - Session filter: UTC hour=5 outside [7,20) and [0,0)
2026-05-06 00:20:12 INFO mt5_bot - Balance=102029.96 Equity=102029.96 Spread=0.60 pips
2026-05-06 00:20:12 INFO mt5_bot - Session filter: UTC hour=5 outside [7,20) and [0,0)
2026-05-06 00:20:27 INFO mt5_bot - Balance=102029.96 Equity=102029.96 Spread=0.60 pips
2026-05-06 00:20:27 INFO mt5_bot - Session filter: UTC hour=5 outside [7,20) and [0,0)
2026-05-06 00:20:42 INFO mt5_bot - Balance=102029.96 Equity=102029.96 Spread=0.60 pips
2026-05-06 00:20:42 INFO mt5_bot - Session filter: UTC hour=5 outside [7,20) and [0,0)
2026-05-06 00:20:57 INFO mt5_bot - Balance=102029.96 Equity=102029.96 Spread=0.60 pips
2026-05-06 00:20:57 INFO mt5_bot - Session filter: UTC hour=5 outside [7,20) and [0,0)
2026-05-06 00:21:12 INFO mt5_bot - Balance=102029.96 Equity=102029.96 Spread=0.60 pips
2026-05-06 00:21:12 INFO mt5_bot - Session filter: UTC hour=5 outside [7,20) and [0,0)
2026-05-06 00:21:27 INFO mt5_bot - Balance=102029.96 Equity=102029.96 Spread=0.60 pips
2026-05-06 00:21:27 INFO mt5_bot - Session filter: UTC hour=5 outside [7,20) and [0,0)
2026-05-06 00:21:42 INFO mt5_bot - Balance=102029.96 Equity=102029.96 Spread=0.60 pips
2026-05-06 00:21:42 INFO mt5_bot - Session filter: UTC hour=5 outside [7,20) and [0,0)
2026-05-06 00:21:57 INFO mt5_bot - Balance=102029.96 Equity=102029.96 Spread=0.60 pips
2026-05-06 00:21:57 INFO mt5_bot - Session filter: UTC hour=5 outside [7,20) and [0,0)
2026-05-06 00:22:12 INFO mt5_bot - Balance=102029.96 Equity=102029.96 Spread=0.60 pips
2026-05-06 00:22:12 INFO mt5_bot - Session filter: UTC hour=5 outside [7,20) and [0,0)
2026-05-06 00:22:27 INFO mt5_bot - Balance=102029.96 Equity=102029.96 Spread=0.60 pips
2026-05-06 00:22:27 INFO mt5_bot - Session filter: UTC hour=5 outside [7,20) and [0,0)
2026-05-06 00:22:42 INFO mt5_bot - Balance=102029.96 Equity=102029.96 Spread=0.60 pips
2026-05-06 00:22:42 INFO mt5_bot - Session filter: UTC hour=5 outside [7,20) and [0,0)
2026-05-06 00:22:57 INFO mt5_bot - Balance=102029.96 Equity=102029.96 Spread=0.60 pips
2026-05-06 00:22:57 INFO mt5_bot - Session filter: UTC hour=5 outside [7,20) and [0,0)
2026-05-06 00:23:12 INFO mt5_bot - Balance=102029.96 Equity=102029.96 Spread=0.60 pips
2026-05-06 00:23:12 INFO mt5_bot - Session filter: UTC hour=5 outside [7,20) and [0,0)
2026-05-06 00:23:27 INFO mt5_bot - Balance=102029.96 Equity=102029.96 Spread=0.60 pips
2026-05-06 00:23:27 INFO mt5_bot - Session filter: UTC hour=5 outside [7,20) and [0,0)
2026-05-06 00:23:42 INFO mt5_bot - Balance=102029.96 Equity=102029.96 Spread=0.60 pips
2026-05-06 00:23:42 INFO mt5_bot - Session filter: UTC hour=5 outside [7,20) and [0,0)
2026-05-06 00:23:57 INFO mt5_bot - Balance=102029.96 Equity=102029.96 Spread=0.60 pips
2026-05-06 00:23:57 INFO mt5_bot - Session filter: UTC hour=5 outside [7,20) and [0,0)
2026-05-06 00:24:12 INFO mt5_bot - Balance=102029.96 Equity=102029.96 Spread=0.60 pips
2026-05-06 00:24:12 INFO mt5_bot - Session filter: UTC hour=5 outside [7,20) and [0,0)
2026-05-06 00:24:27 INFO mt5_bot - Balance=102029.96 Equity=102029.96 Spread=0.60 pips
2026-05-06 00:24:27 INFO mt5_bot - Session filter: UTC hour=5 outside [7,20) and [0,0)
2026-05-06 00:24:42 INFO mt5_bot - Balance=102029.96 Equity=102029.96 Spread=0.60 pips
2026-05-06 00:24:42 INFO mt5_bot - Session filter: UTC hour=5 outside [7,20) and [0,0)
2026-05-06 00:24:57 INFO mt5_bot - Balance=102029.96 Equity=102029.96 Spread=0.60 pips
2026-05-06 00:24:57 INFO mt5_bot - Session filter: UTC hour=5 outside [7,20) and [0,0)
2026-05-06 00:25:12 INFO mt5_bot - Balance=102029.96 Equity=102029.96 Spread=0.60 pips
2026-05-06 00:25:12 INFO mt5_bot - Session filter: UTC hour=5 outside [7,20) and [0,0)
2026-05-06 00:25:27 INFO mt5_bot - Balance=102029.96 Equity=102029.96 Spread=0.60 pips
2026-05-06 00:25:27 INFO mt5_bot - Session filter: UTC hour=5 outside [7,20) and [0,0)
2026-05-06 00:25:42 INFO mt5_bot - Balance=102029.96 Equity=102029.96 Spread=0.60 pips
2026-05-06 00:25:42 INFO mt5_bot - Session filter: UTC hour=5 outside [7,20) and [0,0)
2026-05-06 00:25:57 INFO mt5_bot - Balance=102029.96 Equity=102029.96 Spread=0.60 pips
2026-05-06 00:25:57 INFO mt5_bot - Session filter: UTC hour=5 outside [7,20) and [0,0)
2026-05-06 00:26:12 INFO mt5_bot - Balance=102029.96 Equity=102029.96 Spread=0.60 pips
2026-05-06 00:26:12 INFO mt5_bot - Session filter: UTC hour=5 outside [7,20) and [0,0)
2026-05-06 00:26:27 INFO mt5_bot - Balance=102029.96 Equity=102029.96 Spread=0.60 pips
2026-05-06 00:26:27 INFO mt5_bot - Session filter: UTC hour=5 outside [7,20) and [0,0)
2026-05-06 00:26:42 INFO mt5_bot - Balance=102029.96 Equity=102029.96 Spread=0.60 pips
2026-05-06 00:26:42 INFO mt5_bot - Session filter: UTC hour=5 outside [7,20) and [0,0)
2026-05-06 00:26:57 INFO mt5_bot - Balance=102029.96 Equity=102029.96 Spread=0.60 pips
2026-05-06 00:26:57 INFO mt5_bot - Session filter: UTC hour=5 outside [7,20) and [0,0)
2026-05-06 00:27:12 INFO mt5_bot - Balance=102029.96 Equity=102029.96 Spread=0.60 pips
2026-05-06 00:27:12 INFO mt5_bot - Session filter: UTC hour=5 outside [7,20) and [0,0)
2026-05-06 00:27:27 INFO mt5_bot - Balance=102029.96 Equity=102029.96 Spread=0.60 pips
2026-05-06 00:27:27 INFO mt5_bot - Session filter: UTC hour=5 outside [7,20) and [0,0)
2026-05-06 00:27:42 INFO mt5_bot - Balance=102029.96 Equity=102029.96 Spread=0.60 pips
2026-05-06 00:27:42 INFO mt5_bot - Session filter: UTC hour=5 outside [7,20) and [0,0)
2026-05-06 00:27:57 INFO mt5_bot - Balance=102029.96 Equity=102029.96 Spread=0.60 pips
2026-05-06 00:27:57 INFO mt5_bot - Session filter: UTC hour=5 outside [7,20) and [0,0)
2026-05-06 00:28:12 INFO mt5_bot - Balance=102029.96 Equity=102029.96 Spread=0.60 pips
2026-05-06 00:28:12 INFO mt5_bot - Session filter: UTC hour=5 outside [7,20) and [0,0)
2026-05-06 00:28:27 INFO mt5_bot - Balance=102029.96 Equity=102029.96 Spread=0.60 pips
2026-05-06 00:28:27 INFO mt5_bot - Session filter: UTC hour=5 outside [7,20) and [0,0)
2026-05-06 00:28:42 INFO mt5_bot - Balance=102029.96 Equity=102029.96 Spread=0.60 pips
2026-05-06 00:28:42 INFO mt5_bot - Session filter: UTC hour=5 outside [7,20) and [0,0)
2026-05-06 00:28:57 INFO mt5_bot - Balance=102029.96 Equity=102029.96 Spread=0.60 pips
2026-05-06 00:28:57 INFO mt5_bot - Session filter: UTC hour=5 outside [7,20) and [0,0)
2026-05-06 00:29:12 INFO mt5_bot - Balance=102029.96 Equity=102029.96 Spread=0.60 pips
2026-05-06 00:29:12 INFO mt5_bot - Session filter: UTC hour=5 outside [7,20) and [0,0)
2026-05-06 00:29:27 INFO mt5_bot - Balance=102029.96 Equity=102029.96 Spread=0.60 pips
2026-05-06 00:29:27 INFO mt5_bot - Session filter: UTC hour=5 outside [7,20) and [0,0)
2026-05-06 00:29:42 INFO mt5_bot - Balance=102029.96 Equity=102029.96 Spread=0.60 pips
2026-05-06 00:29:42 INFO mt5_bot - Session filter: UTC hour=5 outside [7,20) and [0,0)
2026-05-06 00:29:57 INFO mt5_bot - Balance=102029.96 Equity=102029.96 Spread=0.60 pips
2026-05-06 00:29:57 INFO mt5_bot - Session filter: UTC hour=5 outside [7,20) and [0,0)
2026-05-06 00:30:12 INFO mt5_bot - Balance=102029.96 Equity=102029.96 Spread=0.60 pips
2026-05-06 00:30:12 INFO mt5_bot - Session filter: UTC hour=5 outside [7,20) and [0,0)
2026-05-06 00:30:27 INFO mt5_bot - Balance=102029.96 Equity=102029.96 Spread=0.60 pips
2026-05-06 00:30:27 INFO mt5_bot - Session filter: UTC hour=5 outside [7,20) and [0,0)
2026-05-06 00:30:42 INFO mt5_bot - Balance=102029.96 Equity=102029.96 Spread=0.60 pips
2026-05-06 00:30:42 INFO mt5_bot - Session filter: UTC hour=5 outside [7,20) and [0,0)
2026-05-06 00:30:57 INFO mt5_bot - Balance=102029.96 Equity=102029.96 Spread=0.60 pips
2026-05-06 00:30:57 INFO mt5_bot - Session filter: UTC hour=5 outside [7,20) and [0,0)
2026-05-06 00:31:12 INFO mt5_bot - Balance=102029.96 Equity=102029.96 Spread=0.60 pips
2026-05-06 00:31:12 INFO mt5_bot - Session filter: UTC hour=5 outside [7,20) and [0,0)
2026-05-06 00:31:27 INFO mt5_bot - Balance=102029.96 Equity=102029.96 Spread=0.60 pips
2026-05-06 00:31:27 INFO mt5_bot - Session filter: UTC hour=5 outside [7,20) and [0,0)
2026-05-06 00:31:42 INFO mt5_bot - Balance=102029.96 Equity=102029.96 Spread=0.60 pips
2026-05-06 00:31:42 INFO mt5_bot - Session filter: UTC hour=5 outside [7,20) and [0,0)
2026-05-06 00:31:57 INFO mt5_bot - Balance=102029.96 Equity=102029.96 Spread=0.60 pips
2026-05-06 00:31:57 INFO mt5_bot - Session filter: UTC hour=5 outside [7,20) and [0,0)
2026-05-06 00:32:12 INFO mt5_bot - Balance=102029.96 Equity=102029.96 Spread=0.60 pips
2026-05-06 00:32:12 INFO mt5_bot - Session filter: UTC hour=5 outside [7,20) and [0,0)
2026-05-06 00:32:27 INFO mt5_bot - Balance=102029.96 Equity=102029.96 Spread=0.60 pips
2026-05-06 00:32:27 INFO mt5_bot - Session filter: UTC hour=5 outside [7,20) and [0,0)
2026-05-06 00:32:42 INFO mt5_bot - Balance=102029.96 Equity=102029.96 Spread=0.60 pips
2026-05-06 00:32:42 INFO mt5_bot - Session filter: UTC hour=5 outside [7,20) and [0,0)
2026-05-06 00:32:57 INFO mt5_bot - Balance=102029.96 Equity=102029.96 Spread=0.60 pips
2026-05-06 00:32:57 INFO mt5_bot - Session filter: UTC hour=5 outside [7,20) and [0,0)
2026-05-06 00:33:12 INFO mt5_bot - Balance=102029.96 Equity=102029.96 Spread=0.60 pips
2026-05-06 00:33:12 INFO mt5_bot - Session filter: UTC hour=5 outside [7,20) and [0,0)
2026-05-06 00:33:27 INFO mt5_bot - Balance=102029.96 Equity=102029.96 Spread=0.60 pips
2026-05-06 00:33:27 INFO mt5_bot - Session filter: UTC hour=5 outside [7,20) and [0,0)
2026-05-06 00:33:42 INFO mt5_bot - Balance=102029.96 Equity=102029.96 Spread=0.60 pips
2026-05-06 00:33:42 INFO mt5_bot - Session filter: UTC hour=5 outside [7,20) and [0,0)
2026-05-06 00:33:57 INFO mt5_bot - Balance=102029.96 Equity=102029.96 Spread=0.60 pips
2026-05-06 00:33:57 INFO mt5_bot - Session filter: UTC hour=5 outside [7,20) and [0,0)
2026-05-06 00:34:12 INFO mt5_bot - Balance=102029.96 Equity=102029.96 Spread=0.60 pips
2026-05-06 00:34:12 INFO mt5_bot - Session filter: UTC hour=5 outside [7,20) and [0,0)
2026-05-06 00:34:27 INFO mt5_bot - Balance=102029.96 Equity=102029.96 Spread=0.60 pips
2026-05-06 00:34:27 INFO mt5_bot - Session filter: UTC hour=5 outside [7,20) and [0,0)
2026-05-06 00:34:42 INFO mt5_bot - Balance=102029.96 Equity=102029.96 Spread=0.60 pips
2026-05-06 00:34:42 INFO mt5_bot - Session filter: UTC hour=5 outside [7,20) and [0,0)
2026-05-06 00:34:57 INFO mt5_bot - Balance=102029.96 Equity=102029.96 Spread=0.60 pips
2026-05-06 00:34:57 INFO mt5_bot - Session filter: UTC hour=5 outside [7,20) and [0,0)
2026-05-06 00:35:12 INFO mt5_bot - Balance=102029.96 Equity=102029.96 Spread=0.60 pips
2026-05-06 00:35:12 INFO mt5_bot - Session filter: UTC hour=5 outside [7,20) and [0,0)
2026-05-06 00:35:27 INFO mt5_bot - Balance=102029.96 Equity=102029.96 Spread=0.60 pips
2026-05-06 00:35:27 INFO mt5_bot - Session filter: UTC hour=5 outside [7,20) and [0,0)
2026-05-06 00:35:42 INFO mt5_bot - Balance=102029.96 Equity=102029.96 Spread=0.60 pips
2026-05-06 00:35:42 INFO mt5_bot - Session filter: UTC hour=5 outside [7,20) and [0,0)
2026-05-06 00:35:57 INFO mt5_bot - Balance=102029.96 Equity=102029.96 Spread=0.60 pips
2026-05-06 00:35:57 INFO mt5_bot - Session filter: UTC hour=5 outside [7,20) and [0,0)
2026-05-06 00:36:12 INFO mt5_bot - Balance=102029.96 Equity=102029.96 Spread=0.60 pips
2026-05-06 00:36:12 INFO mt5_bot - Session filter: UTC hour=5 outside [7,20) and [0,0)
2026-05-06 00:36:27 INFO mt5_bot - Balance=102029.96 Equity=102029.96 Spread=0.60 pips
2026-05-06 00:36:27 INFO mt5_bot - Session filter: UTC hour=5 outside [7,20) and [0,0)
2026-05-06 00:36:43 INFO mt5_bot - Balance=102029.96 Equity=102029.96 Spread=0.60 pips
2026-05-06 00:36:43 INFO mt5_bot - Session filter: UTC hour=5 outside [7,20) and [0,0)
2026-05-06 00:36:58 INFO mt5_bot - Balance=102029.96 Equity=102029.96 Spread=0.60 pips
2026-05-06 00:36:58 INFO mt5_bot - Session filter: UTC hour=5 outside [7,20) and [0,0)
2026-05-06 00:37:13 INFO mt5_bot - Balance=102029.96 Equity=102029.96 Spread=0.60 pips
2026-05-06 00:37:13 INFO mt5_bot - Session filter: UTC hour=5 outside [7,20) and [0,0)
2026-05-06 00:37:28 INFO mt5_bot - Balance=102029.96 Equity=102029.96 Spread=0.60 pips
2026-05-06 00:37:28 INFO mt5_bot - Session filter: UTC hour=5 outside [7,20) and [0,0)
2026-05-06 00:37:43 INFO mt5_bot - Balance=102029.96 Equity=102029.96 Spread=0.60 pips
2026-05-06 00:37:43 INFO mt5_bot - Session filter: UTC hour=5 outside [7,20) and [0,0)
2026-05-06 00:37:58 INFO mt5_bot - Balance=102029.96 Equity=102029.96 Spread=0.60 pips
2026-05-06 00:37:58 INFO mt5_bot - Session filter: UTC hour=5 outside [7,20) and [0,0)
2026-05-06 00:38:13 INFO mt5_bot - Balance=102029.96 Equity=102029.96 Spread=0.60 pips
2026-05-06 00:38:13 INFO mt5_bot - Session filter: UTC hour=5 outside [7,20) and [0,0)
2026-05-06 00:38:28 INFO mt5_bot - Balance=102029.96 Equity=102029.96 Spread=0.60 pips
2026-05-06 00:38:28 INFO mt5_bot - Session filter: UTC hour=5 outside [7,20) and [0,0)
2026-05-06 00:38:43 INFO mt5_bot - Balance=102029.96 Equity=102029.96 Spread=0.60 pips
2026-05-06 00:38:43 INFO mt5_bot - Session filter: UTC hour=5 outside [7,20) and [0,0)
2026-05-06 00:38:58 INFO mt5_bot - Balance=102029.96 Equity=102029.96 Spread=0.60 pips
2026-05-06 00:38:58 INFO mt5_bot - Session filter: UTC hour=5 outside [7,20) and [0,0)
2026-05-06 00:39:13 INFO mt5_bot - Balance=102029.96 Equity=102029.96 Spread=0.60 pips
2026-05-06 00:39:13 INFO mt5_bot - Session filter: UTC hour=5 outside [7,20) and [0,0)
2026-05-06 00:39:28 INFO mt5_bot - Balance=102029.96 Equity=102029.96 Spread=0.60 pips
2026-05-06 00:39:28 INFO mt5_bot - Session filter: UTC hour=5 outside [7,20) and [0,0)
2026-05-06 00:39:43 INFO mt5_bot - Balance=102029.96 Equity=102029.96 Spread=0.60 pips
2026-05-06 00:39:43 INFO mt5_bot - Session filter: UTC hour=5 outside [7,20) and [0,0)
2026-05-06 00:39:58 INFO mt5_bot - Balance=102029.96 Equity=102029.96 Spread=0.60 pips
2026-05-06 00:39:58 INFO mt5_bot - Session filter: UTC hour=5 outside [7,20) and [0,0)
2026-05-06 00:40:13 INFO mt5_bot - Balance=102029.96 Equity=102029.96 Spread=0.60 pips
2026-05-06 00:40:13 INFO mt5_bot - Session filter: UTC hour=5 outside [7,20) and [0,0)
2026-05-06 00:40:28 INFO mt5_bot - Balance=102029.96 Equity=102029.96 Spread=0.60 pips
2026-05-06 00:40:28 INFO mt5_bot - Session filter: UTC hour=5 outside [7,20) and [0,0)
2026-05-06 00:40:43 INFO mt5_bot - Balance=102029.96 Equity=102029.96 Spread=0.60 pips
2026-05-06 00:40:43 INFO mt5_bot - Session filter: UTC hour=5 outside [7,20) and [0,0)
2026-05-06 00:40:58 INFO mt5_bot - Balance=102029.96 Equity=102029.96 Spread=0.60 pips
2026-05-06 00:40:58 INFO mt5_bot - Session filter: UTC hour=5 outside [7,20) and [0,0)
2026-05-06 00:41:13 INFO mt5_bot - Balance=102029.96 Equity=102029.96 Spread=0.60 pips
2026-05-06 00:41:13 INFO mt5_bot - Session filter: UTC hour=5 outside [7,20) and [0,0)
2026-05-06 00:41:28 INFO mt5_bot - Balance=102029.96 Equity=102029.96 Spread=0.60 pips
2026-05-06 00:41:28 INFO mt5_bot - Session filter: UTC hour=5 outside [7,20) and [0,0)
2026-05-06 00:41:43 INFO mt5_bot - Balance=102029.96 Equity=102029.96 Spread=0.60 pips
2026-05-06 00:41:43 INFO mt5_bot - Session filter: UTC hour=5 outside [7,20) and [0,0)
2026-05-06 00:41:58 INFO mt5_bot - Balance=102029.96 Equity=102029.96 Spread=0.60 pips
2026-05-06 00:41:58 INFO mt5_bot - Session filter: UTC hour=5 outside [7,20) and [0,0)
2026-05-06 00:42:13 INFO mt5_bot - Balance=102029.96 Equity=102029.96 Spread=0.60 pips
2026-05-06 00:42:13 INFO mt5_bot - Session filter: UTC hour=5 outside [7,20) and [0,0)
2026-05-06 00:42:28 INFO mt5_bot - Balance=102029.96 Equity=102029.96 Spread=0.60 pips
2026-05-06 00:42:28 INFO mt5_bot - Session filter: UTC hour=5 outside [7,20) and [0,0)
2026-05-06 00:42:43 INFO mt5_bot - Balance=102029.96 Equity=102029.96 Spread=0.60 pips
2026-05-06 00:42:43 INFO mt5_bot - Session filter: UTC hour=5 outside [7,20) and [0,0)
2026-05-06 00:42:58 INFO mt5_bot - Balance=102029.96 Equity=102029.96 Spread=0.60 pips
2026-05-06 00:42:58 INFO mt5_bot - Session filter: UTC hour=5 outside [7,20) and [0,0)
2026-05-06 00:43:13 INFO mt5_bot - Balance=102029.96 Equity=102029.96 Spread=0.60 pips
2026-05-06 00:43:13 INFO mt5_bot - Session filter: UTC hour=5 outside [7,20) and [0,0)
2026-05-06 00:43:28 INFO mt5_bot - Balance=102029.96 Equity=102029.96 Spread=0.60 pips
2026-05-06 00:43:28 INFO mt5_bot - Session filter: UTC hour=5 outside [7,20) and [0,0)
2026-05-06 00:43:43 INFO mt5_bot - Balance=102029.96 Equity=102029.96 Spread=0.60 pips
2026-05-06 00:43:43 INFO mt5_bot - Session filter: UTC hour=5 outside [7,20) and [0,0)
2026-05-06 00:43:58 INFO mt5_bot - Balance=102029.96 Equity=102029.96 Spread=0.60 pips
2026-05-06 00:43:58 INFO mt5_bot - Session filter: UTC hour=5 outside [7,20) and [0,0)
2026-05-06 00:44:13 INFO mt5_bot - Balance=102029.96 Equity=102029.96 Spread=0.60 pips
2026-05-06 00:44:13 INFO mt5_bot - Session filter: UTC hour=5 outside [7,20) and [0,0)
2026-05-06 00:44:28 INFO mt5_bot - Balance=102029.96 Equity=102029.96 Spread=0.60 pips
2026-05-06 00:44:28 INFO mt5_bot - Session filter: UTC hour=5 outside [7,20) and [0,0)
2026-05-06 00:44:43 INFO mt5_bot - Balance=102029.96 Equity=102029.96 Spread=0.60 pips
2026-05-06 00:44:43 INFO mt5_bot - Session filter: UTC hour=5 outside [7,20) and [0,0)
2026-05-06 00:44:58 INFO mt5_bot - Balance=102029.96 Equity=102029.96 Spread=0.60 pips
2026-05-06 00:44:58 INFO mt5_bot - Session filter: UTC hour=5 outside [7,20) and [0,0)
2026-05-06 00:45:13 INFO mt5_bot - Balance=102029.96 Equity=102029.96 Spread=0.60 pips
2026-05-06 00:45:13 INFO mt5_bot - Session filter: UTC hour=5 outside [7,20) and [0,0)
2026-05-06 00:45:28 INFO mt5_bot - Balance=102029.96 Equity=102029.96 Spread=0.60 pips
2026-05-06 00:45:28 INFO mt5_bot - Session filter: UTC hour=5 outside [7,20) and [0,0)
2026-05-06 00:45:43 INFO mt5_bot - Balance=102029.96 Equity=102029.96 Spread=0.60 pips
2026-05-06 00:45:43 INFO mt5_bot - Session filter: UTC hour=5 outside [7,20) and [0,0)
2026-05-06 00:45:58 INFO mt5_bot - Balance=102029.96 Equity=102029.96 Spread=0.60 pips
2026-05-06 00:45:58 INFO mt5_bot - Session filter: UTC hour=5 outside [7,20) and [0,0)
2026-05-06 00:46:13 INFO mt5_bot - Balance=102029.96 Equity=102029.96 Spread=0.60 pips
2026-05-06 00:46:13 INFO mt5_bot - Session filter: UTC hour=5 outside [7,20) and [0,0)
2026-05-06 00:46:28 INFO mt5_bot - Balance=102029.96 Equity=102029.96 Spread=0.60 pips
2026-05-06 00:46:28 INFO mt5_bot - Session filter: UTC hour=5 outside [7,20) and [0,0)
2026-05-06 00:46:43 INFO mt5_bot - Balance=102029.96 Equity=102029.96 Spread=0.60 pips
2026-05-06 00:46:43 INFO mt5_bot - Session filter: UTC hour=5 outside [7,20) and [0,0)
2026-05-06 00:46:58 INFO mt5_bot - Balance=102029.96 Equity=102029.96 Spread=0.60 pips
2026-05-06 00:46:58 INFO mt5_bot - Session filter: UTC hour=5 outside [7,20) and [0,0)
2026-05-06 00:47:13 INFO mt5_bot - Balance=102029.96 Equity=102029.96 Spread=0.60 pips
2026-05-06 00:47:13 INFO mt5_bot - Session filter: UTC hour=5 outside [7,20) and [0,0)
2026-05-06 00:47:28 INFO mt5_bot - Balance=102029.96 Equity=102029.96 Spread=0.60 pips
2026-05-06 00:47:28 INFO mt5_bot - Session filter: UTC hour=5 outside [7,20) and [0,0)
2026-05-06 00:47:43 INFO mt5_bot - Balance=102029.96 Equity=102029.96 Spread=0.60 pips
2026-05-06 00:47:43 INFO mt5_bot - Session filter: UTC hour=5 outside [7,20) and [0,0)
2026-05-06 00:47:58 INFO mt5_bot - Balance=102029.96 Equity=102029.96 Spread=0.60 pips
2026-05-06 00:47:58 INFO mt5_bot - Session filter: UTC hour=5 outside [7,20) and [0,0)
2026-05-06 00:48:13 INFO mt5_bot - Balance=102029.96 Equity=102029.96 Spread=0.60 pips
2026-05-06 00:48:13 INFO mt5_bot - Session filter: UTC hour=5 outside [7,20) and [0,0)
2026-05-06 00:48:28 INFO mt5_bot - Balance=102029.96 Equity=102029.96 Spread=0.60 pips
2026-05-06 00:48:28 INFO mt5_bot - Session filter: UTC hour=5 outside [7,20) and [0,0)
2026-05-06 00:48:43 INFO mt5_bot - Balance=102029.96 Equity=102029.96 Spread=0.60 pips
2026-05-06 00:48:43 INFO mt5_bot - Session filter: UTC hour=5 outside [7,20) and [0,0)
2026-05-06 00:48:58 INFO mt5_bot - Balance=102029.96 Equity=102029.96 Spread=0.60 pips
2026-05-06 00:48:58 INFO mt5_bot - Session filter: UTC hour=5 outside [7,20) and [0,0)
2026-05-06 00:49:13 INFO mt5_bot - Balance=102029.96 Equity=102029.96 Spread=0.60 pips
2026-05-06 00:49:13 INFO mt5_bot - Session filter: UTC hour=5 outside [7,20) and [0,0)
2026-05-06 00:49:28 INFO mt5_bot - Balance=102029.96 Equity=102029.96 Spread=0.60 pips
2026-05-06 00:49:28 INFO mt5_bot - Session filter: UTC hour=5 outside [7,20) and [0,0)
2026-05-06 00:49:43 INFO mt5_bot - Balance=102029.96 Equity=102029.96 Spread=0.60 pips
2026-05-06 00:49:43 INFO mt5_bot - Session filter: UTC hour=5 outside [7,20) and [0,0)
2026-05-06 00:49:58 INFO mt5_bot - Balance=102029.96 Equity=102029.96 Spread=0.60 pips
2026-05-06 00:49:58 INFO mt5_bot - Session filter: UTC hour=5 outside [7,20) and [0,0)
2026-05-06 00:50:13 INFO mt5_bot - Balance=102029.96 Equity=102029.96 Spread=0.60 pips
2026-05-06 00:50:13 INFO mt5_bot - Session filter: UTC hour=5 outside [7,20) and [0,0)
2026-05-06 00:50:28 INFO mt5_bot - Balance=102029.96 Equity=102029.96 Spread=0.60 pips
2026-05-06 00:50:28 INFO mt5_bot - Session filter: UTC hour=5 outside [7,20) and [0,0)
2026-05-06 00:50:43 INFO mt5_bot - Balance=102029.96 Equity=102029.96 Spread=0.60 pips
2026-05-06 00:50:43 INFO mt5_bot - Session filter: UTC hour=5 outside [7,20) and [0,0)
2026-05-06 00:50:58 INFO mt5_bot - Balance=102029.96 Equity=102029.96 Spread=0.60 pips
2026-05-06 00:50:58 INFO mt5_bot - Session filter: UTC hour=5 outside [7,20) and [0,0)
2026-05-06 00:51:13 INFO mt5_bot - Balance=102029.96 Equity=102029.96 Spread=0.60 pips
2026-05-06 00:51:13 INFO mt5_bot - Session filter: UTC hour=5 outside [7,20) and [0,0)
2026-05-06 00:51:28 INFO mt5_bot - Balance=102029.96 Equity=102029.96 Spread=0.60 pips
2026-05-06 00:51:28 INFO mt5_bot - Session filter: UTC hour=5 outside [7,20) and [0,0)
2026-05-06 00:51:43 INFO mt5_bot - Balance=102029.96 Equity=102029.96 Spread=0.60 pips
2026-05-06 00:51:43 INFO mt5_bot - Session filter: UTC hour=5 outside [7,20) and [0,0)
2026-05-06 00:51:58 INFO mt5_bot - Balance=102029.96 Equity=102029.96 Spread=0.60 pips
2026-05-06 00:51:58 INFO mt5_bot - Session filter: UTC hour=5 outside [7,20) and [0,0)
2026-05-06 00:52:13 INFO mt5_bot - Balance=102029.96 Equity=102029.96 Spread=0.60 pips
2026-05-06 00:52:13 INFO mt5_bot - Session filter: UTC hour=5 outside [7,20) and [0,0)
2026-05-06 00:52:28 INFO mt5_bot - Balance=102029.96 Equity=102029.96 Spread=0.60 pips
2026-05-06 00:52:28 INFO mt5_bot - Session filter: UTC hour=5 outside [7,20) and [0,0)
2026-05-06 00:52:43 INFO mt5_bot - Balance=102029.96 Equity=102029.96 Spread=0.60 pips
2026-05-06 00:52:43 INFO mt5_bot - Session filter: UTC hour=5 outside [7,20) and [0,0)
2026-05-06 00:52:58 INFO mt5_bot - Balance=102029.96 Equity=102029.96 Spread=0.60 pips
2026-05-06 00:52:58 INFO mt5_bot - Session filter: UTC hour=5 outside [7,20) and [0,0)
2026-05-06 00:53:13 INFO mt5_bot - Balance=102029.96 Equity=102029.96 Spread=0.60 pips
2026-05-06 00:53:13 INFO mt5_bot - Session filter: UTC hour=5 outside [7,20) and [0,0)
2026-05-06 00:53:28 INFO mt5_bot - Balance=102029.96 Equity=102029.96 Spread=0.60 pips
2026-05-06 00:53:28 INFO mt5_bot - Session filter: UTC hour=5 outside [7,20) and [0,0)
2026-05-06 00:53:43 INFO mt5_bot - Balance=102029.96 Equity=102029.96 Spread=0.60 pips
2026-05-06 00:53:43 INFO mt5_bot - Session filter: UTC hour=5 outside [7,20) and [0,0)
2026-05-06 00:53:58 INFO mt5_bot - Balance=102029.96 Equity=102029.96 Spread=0.60 pips
2026-05-06 00:53:58 INFO mt5_bot - Session filter: UTC hour=5 outside [7,20) and [0,0)
2026-05-06 00:54:13 INFO mt5_bot - Balance=102029.96 Equity=102029.96 Spread=0.60 pips
2026-05-06 00:54:13 INFO mt5_bot - Session filter: UTC hour=5 outside [7,20) and [0,0)
2026-05-06 00:54:28 INFO mt5_bot - Balance=102029.96 Equity=102029.96 Spread=0.60 pips
2026-05-06 00:54:28 INFO mt5_bot - Session filter: UTC hour=5 outside [7,20) and [0,0)
2026-05-06 00:54:43 INFO mt5_bot - Balance=102029.96 Equity=102029.96 Spread=0.60 pips
2026-05-06 00:54:43 INFO mt5_bot - Session filter: UTC hour=5 outside [7,20) and [0,0)
2026-05-06 00:54:58 INFO mt5_bot - Balance=102029.96 Equity=102029.96 Spread=0.60 pips
2026-05-06 00:54:58 INFO mt5_bot - Session filter: UTC hour=5 outside [7,20) and [0,0)
2026-05-06 00:55:13 INFO mt5_bot - Balance=102029.96 Equity=102029.96 Spread=0.60 pips
2026-05-06 00:55:13 INFO mt5_bot - Session filter: UTC hour=5 outside [7,20) and [0,0)
2026-05-06 00:55:28 INFO mt5_bot - Balance=102029.96 Equity=102029.96 Spread=0.60 pips
2026-05-06 00:55:28 INFO mt5_bot - Session filter: UTC hour=5 outside [7,20) and [0,0)
2026-05-06 00:55:43 INFO mt5_bot - Balance=102029.96 Equity=102029.96 Spread=0.60 pips
2026-05-06 00:55:43 INFO mt5_bot - Session filter: UTC hour=5 outside [7,20) and [0,0)
2026-05-06 00:55:58 INFO mt5_bot - Balance=102029.96 Equity=102029.96 Spread=0.60 pips
2026-05-06 00:55:58 INFO mt5_bot - Session filter: UTC hour=5 outside [7,20) and [0,0)
2026-05-06 00:56:13 INFO mt5_bot - Balance=102029.96 Equity=102029.96 Spread=0.60 pips
2026-05-06 00:56:13 INFO mt5_bot - Session filter: UTC hour=5 outside [7,20) and [0,0)
2026-05-06 00:56:28 INFO mt5_bot - Balance=102029.96 Equity=102029.96 Spread=0.60 pips
2026-05-06 00:56:28 INFO mt5_bot - Session filter: UTC hour=5 outside [7,20) and [0,0)
2026-05-06 00:56:43 INFO mt5_bot - Balance=102029.96 Equity=102029.96 Spread=0.60 pips
2026-05-06 00:56:43 INFO mt5_bot - Session filter: UTC hour=5 outside [7,20) and [0,0)
2026-05-06 00:56:58 INFO mt5_bot - Balance=102029.96 Equity=102029.96 Spread=0.60 pips
2026-05-06 00:56:58 INFO mt5_bot - Session filter: UTC hour=5 outside [7,20) and [0,0)
2026-05-06 00:57:13 INFO mt5_bot - Balance=102029.96 Equity=102029.96 Spread=0.60 pips
2026-05-06 00:57:13 INFO mt5_bot - Session filter: UTC hour=5 outside [7,20) and [0,0)
2026-05-06 00:57:28 INFO mt5_bot - Balance=102029.96 Equity=102029.96 Spread=0.60 pips
2026-05-06 00:57:28 INFO mt5_bot - Session filter: UTC hour=5 outside [7,20) and [0,0)
2026-05-06 00:57:43 INFO mt5_bot - Balance=102029.96 Equity=102029.96 Spread=0.60 pips
2026-05-06 00:57:43 INFO mt5_bot - Session filter: UTC hour=5 outside [7,20) and [0,0)
2026-05-06 00:57:58 INFO mt5_bot - Balance=102029.96 Equity=102029.96 Spread=0.60 pips
2026-05-06 00:57:58 INFO mt5_bot - Session filter: UTC hour=5 outside [7,20) and [0,0)
2026-05-06 00:58:13 INFO mt5_bot - Balance=102029.96 Equity=102029.96 Spread=0.60 pips
2026-05-06 00:58:13 INFO mt5_bot - Session filter: UTC hour=5 outside [7,20) and [0,0)
2026-05-06 00:58:28 INFO mt5_bot - Balance=102029.96 Equity=102029.96 Spread=0.60 pips
2026-05-06 00:58:28 INFO mt5_bot - Session filter: UTC hour=5 outside [7,20) and [0,0)
2026-05-06 00:58:43 INFO mt5_bot - Balance=102029.96 Equity=102029.96 Spread=0.60 pips
2026-05-06 00:58:43 INFO mt5_bot - Session filter: UTC hour=5 outside [7,20) and [0,0)
2026-05-06 00:58:58 INFO mt5_bot - Balance=102029.96 Equity=102029.96 Spread=0.60 pips
2026-05-06 00:58:58 INFO mt5_bot - Session filter: UTC hour=5 outside [7,20) and [0,0)
2026-05-06 00:59:13 INFO mt5_bot - Balance=102029.96 Equity=102029.96 Spread=0.60 pips
2026-05-06 00:59:13 INFO mt5_bot - Session filter: UTC hour=5 outside [7,20) and [0,0)
2026-05-06 00:59:28 INFO mt5_bot - Balance=102029.96 Equity=102029.96 Spread=0.60 pips
2026-05-06 00:59:28 INFO mt5_bot - Session filter: UTC hour=5 outside [7,20) and [0,0)
2026-05-06 00:59:43 INFO mt5_bot - Balance=102029.96 Equity=102029.96 Spread=0.60 pips
2026-05-06 00:59:43 INFO mt5_bot - Session filter: UTC hour=5 outside [7,20) and [0,0)
2026-05-06 00:59:58 INFO mt5_bot - Balance=102029.96 Equity=102029.96 Spread=0.60 pips
2026-05-06 00:59:58 INFO mt5_bot - Session filter: UTC hour=5 outside [7,20) and [0,0)
2026-05-06 01:00:13 INFO mt5_bot - Balance=102029.96 Equity=102029.96 Spread=0.60 pips
2026-05-06 01:00:13 INFO mt5_bot - Session filter: UTC hour=6 outside [7,20) and [0,0)
2026-05-06 01:00:28 INFO mt5_bot - Balance=102029.96 Equity=102029.96 Spread=0.60 pips
2026-05-06 01:00:28 INFO mt5_bot - Session filter: UTC hour=6 outside [7,20) and [0,0)
2026-05-06 01:00:43 INFO mt5_bot - Balance=102029.96 Equity=102029.96 Spread=0.60 pips
2026-05-06 01:00:43 INFO mt5_bot - Session filter: UTC hour=6 outside [7,20) and [0,0)
2026-05-06 01:00:58 INFO mt5_bot - Balance=102029.96 Equity=102029.96 Spread=0.60 pips
2026-05-06 01:00:58 INFO mt5_bot - Session filter: UTC hour=6 outside [7,20) and [0,0)
2026-05-06 01:01:13 INFO mt5_bot - Balance=102029.96 Equity=102029.96 Spread=0.60 pips
2026-05-06 01:01:13 INFO mt5_bot - Session filter: UTC hour=6 outside [7,20) and [0,0)
2026-05-06 01:01:28 INFO mt5_bot - Balance=102029.96 Equity=102029.96 Spread=0.60 pips
2026-05-06 01:01:28 INFO mt5_bot - Session filter: UTC hour=6 outside [7,20) and [0,0)
2026-05-06 01:01:43 INFO mt5_bot - Balance=102029.96 Equity=102029.96 Spread=0.60 pips
2026-05-06 01:01:43 INFO mt5_bot - Session filter: UTC hour=6 outside [7,20) and [0,0)
2026-05-06 01:01:58 INFO mt5_bot - Balance=102029.96 Equity=102029.96 Spread=0.60 pips
2026-05-06 01:01:58 INFO mt5_bot - Session filter: UTC hour=6 outside [7,20) and [0,0)
2026-05-06 01:02:13 INFO mt5_bot - Balance=102029.96 Equity=102029.96 Spread=0.60 pips
2026-05-06 01:02:13 INFO mt5_bot - Session filter: UTC hour=6 outside [7,20) and [0,0)
2026-05-06 01:02:28 INFO mt5_bot - Balance=102029.96 Equity=102029.96 Spread=0.60 pips
2026-05-06 01:02:28 INFO mt5_bot - Session filter: UTC hour=6 outside [7,20) and [0,0)
2026-05-06 01:02:43 INFO mt5_bot - Balance=102029.96 Equity=102029.96 Spread=0.60 pips
2026-05-06 01:02:43 INFO mt5_bot - Session filter: UTC hour=6 outside [7,20) and [0,0)
2026-05-06 01:02:58 INFO mt5_bot - Balance=102029.96 Equity=102029.96 Spread=0.60 pips
2026-05-06 01:02:58 INFO mt5_bot - Session filter: UTC hour=6 outside [7,20) and [0,0)
2026-05-06 01:03:13 INFO mt5_bot - Balance=102029.96 Equity=102029.96 Spread=0.60 pips
2026-05-06 01:03:13 INFO mt5_bot - Session filter: UTC hour=6 outside [7,20) and [0,0)
2026-05-06 01:03:28 INFO mt5_bot - Balance=102029.96 Equity=102029.96 Spread=0.60 pips
2026-05-06 01:03:28 INFO mt5_bot - Session filter: UTC hour=6 outside [7,20) and [0,0)
2026-05-06 01:03:43 INFO mt5_bot - Balance=102029.96 Equity=102029.96 Spread=0.60 pips
2026-05-06 01:03:43 INFO mt5_bot - Session filter: UTC hour=6 outside [7,20) and [0,0)
2026-05-06 01:03:58 INFO mt5_bot - Balance=102029.96 Equity=102029.96 Spread=0.60 pips
2026-05-06 01:03:58 INFO mt5_bot - Session filter: UTC hour=6 outside [7,20) and [0,0)
2026-05-06 01:04:13 INFO mt5_bot - Balance=102029.96 Equity=102029.96 Spread=0.60 pips
2026-05-06 01:04:13 INFO mt5_bot - Session filter: UTC hour=6 outside [7,20) and [0,0)
2026-05-06 01:04:28 INFO mt5_bot - Balance=102029.96 Equity=102029.96 Spread=0.60 pips
2026-05-06 01:04:28 INFO mt5_bot - Session filter: UTC hour=6 outside [7,20) and [0,0)
2026-05-06 01:04:43 INFO mt5_bot - Balance=102029.96 Equity=102029.96 Spread=0.60 pips
2026-05-06 01:04:43 INFO mt5_bot - Session filter: UTC hour=6 outside [7,20) and [0,0)
2026-05-06 01:04:58 INFO mt5_bot - Balance=102029.96 Equity=102029.96 Spread=0.60 pips
2026-05-06 01:04:58 INFO mt5_bot - Session filter: UTC hour=6 outside [7,20) and [0,0)
2026-05-06 01:05:13 INFO mt5_bot - Balance=102029.96 Equity=102029.96 Spread=0.60 pips
2026-05-06 01:05:13 INFO mt5_bot - Session filter: UTC hour=6 outside [7,20) and [0,0)
2026-05-06 01:05:28 INFO mt5_bot - Balance=102029.96 Equity=102029.96 Spread=0.60 pips
2026-05-06 01:05:28 INFO mt5_bot - Session filter: UTC hour=6 outside [7,20) and [0,0)
2026-05-06 01:05:43 INFO mt5_bot - Balance=102029.96 Equity=102029.96 Spread=0.60 pips
2026-05-06 01:05:43 INFO mt5_bot - Session filter: UTC hour=6 outside [7,20) and [0,0)
2026-05-06 01:05:58 INFO mt5_bot - Balance=102029.96 Equity=102029.96 Spread=0.60 pips
2026-05-06 01:05:58 INFO mt5_bot - Session filter: UTC hour=6 outside [7,20) and [0,0)
2026-05-06 01:06:13 INFO mt5_bot - Balance=102029.96 Equity=102029.96 Spread=0.60 pips
2026-05-06 01:06:13 INFO mt5_bot - Session filter: UTC hour=6 outside [7,20) and [0,0)
2026-05-06 01:06:28 INFO mt5_bot - Balance=102029.96 Equity=102029.96 Spread=0.60 pips
2026-05-06 01:06:28 INFO mt5_bot - Session filter: UTC hour=6 outside [7,20) and [0,0)
2026-05-06 01:06:43 INFO mt5_bot - Balance=102029.96 Equity=102029.96 Spread=0.60 pips
2026-05-06 01:06:43 INFO mt5_bot - Session filter: UTC hour=6 outside [7,20) and [0,0)
2026-05-06 01:06:58 INFO mt5_bot - Balance=102029.96 Equity=102029.96 Spread=0.60 pips
2026-05-06 01:06:58 INFO mt5_bot - Session filter: UTC hour=6 outside [7,20) and [0,0)
2026-05-06 01:07:13 INFO mt5_bot - Balance=102029.96 Equity=102029.96 Spread=0.60 pips
2026-05-06 01:07:13 INFO mt5_bot - Session filter: UTC hour=6 outside [7,20) and [0,0)
2026-05-06 01:07:28 INFO mt5_bot - Balance=102029.96 Equity=102029.96 Spread=0.60 pips
2026-05-06 01:07:28 INFO mt5_bot - Session filter: UTC hour=6 outside [7,20) and [0,0)
2026-05-06 01:07:43 INFO mt5_bot - Balance=102029.96 Equity=102029.96 Spread=0.60 pips
2026-05-06 01:07:43 INFO mt5_bot - Session filter: UTC hour=6 outside [7,20) and [0,0)
2026-05-06 01:07:58 INFO mt5_bot - Balance=102029.96 Equity=102029.96 Spread=0.60 pips
2026-05-06 01:07:58 INFO mt5_bot - Session filter: UTC hour=6 outside [7,20) and [0,0)
2026-05-06 01:08:13 INFO mt5_bot - Balance=102029.96 Equity=102029.96 Spread=0.60 pips
2026-05-06 01:08:13 INFO mt5_bot - Session filter: UTC hour=6 outside [7,20) and [0,0)
2026-05-06 01:08:28 INFO mt5_bot - Balance=102029.96 Equity=102029.96 Spread=0.60 pips
2026-05-06 01:08:28 INFO mt5_bot - Session filter: UTC hour=6 outside [7,20) and [0,0)
2026-05-06 01:08:43 INFO mt5_bot - Balance=102029.96 Equity=102029.96 Spread=0.60 pips
2026-05-06 01:08:43 INFO mt5_bot - Session filter: UTC hour=6 outside [7,20) and [0,0)
2026-05-06 01:08:58 INFO mt5_bot - Balance=102029.96 Equity=102029.96 Spread=0.60 pips
2026-05-06 01:08:58 INFO mt5_bot - Session filter: UTC hour=6 outside [7,20) and [0,0)
2026-05-06 01:09:13 INFO mt5_bot - Balance=102029.96 Equity=102029.96 Spread=0.60 pips
2026-05-06 01:09:13 INFO mt5_bot - Session filter: UTC hour=6 outside [7,20) and [0,0)
2026-05-06 01:09:28 INFO mt5_bot - Balance=102029.96 Equity=102029.96 Spread=0.60 pips
2026-05-06 01:09:28 INFO mt5_bot - Session filter: UTC hour=6 outside [7,20) and [0,0)
2026-05-06 01:09:43 INFO mt5_bot - Balance=102029.96 Equity=102029.96 Spread=0.60 pips
2026-05-06 01:09:43 INFO mt5_bot - Session filter: UTC hour=6 outside [7,20) and [0,0)
2026-05-06 01:09:58 INFO mt5_bot - Balance=102029.96 Equity=102029.96 Spread=0.60 pips
2026-05-06 01:09:58 INFO mt5_bot - Session filter: UTC hour=6 outside [7,20) and [0,0)
2026-05-06 01:10:13 INFO mt5_bot - Balance=102029.96 Equity=102029.96 Spread=0.60 pips
2026-05-06 01:10:13 INFO mt5_bot - Session filter: UTC hour=6 outside [7,20) and [0,0)
2026-05-06 01:10:28 INFO mt5_bot - Balance=102029.96 Equity=102029.96 Spread=0.60 pips
2026-05-06 01:10:28 INFO mt5_bot - Session filter: UTC hour=6 outside [7,20) and [0,0)
2026-05-06 01:10:43 INFO mt5_bot - Balance=102029.96 Equity=102029.96 Spread=0.60 pips
2026-05-06 01:10:43 INFO mt5_bot - Session filter: UTC hour=6 outside [7,20) and [0,0)
2026-05-06 01:10:58 INFO mt5_bot - Balance=102029.96 Equity=102029.96 Spread=0.60 pips
2026-05-06 01:10:58 INFO mt5_bot - Session filter: UTC hour=6 outside [7,20) and [0,0)
2026-05-06 01:11:13 INFO mt5_bot - Balance=102029.96 Equity=102029.96 Spread=0.60 pips
2026-05-06 01:11:13 INFO mt5_bot - Session filter: UTC hour=6 outside [7,20) and [0,0)
2026-05-06 01:11:28 INFO mt5_bot - Balance=102029.96 Equity=102029.96 Spread=0.60 pips
2026-05-06 01:11:28 INFO mt5_bot - Session filter: UTC hour=6 outside [7,20) and [0,0)
2026-05-06 01:11:43 INFO mt5_bot - Balance=102029.96 Equity=102029.96 Spread=0.60 pips
2026-05-06 01:11:43 INFO mt5_bot - Session filter: UTC hour=6 outside [7,20) and [0,0)
2026-05-06 01:11:58 INFO mt5_bot - Balance=102029.96 Equity=102029.96 Spread=0.60 pips
2026-05-06 01:11:58 INFO mt5_bot - Session filter: UTC hour=6 outside [7,20) and [0,0)
2026-05-06 01:12:13 INFO mt5_bot - Balance=102029.96 Equity=102029.96 Spread=0.60 pips
2026-05-06 01:12:13 INFO mt5_bot - Session filter: UTC hour=6 outside [7,20) and [0,0)
2026-05-06 01:12:28 INFO mt5_bot - Balance=102029.96 Equity=102029.96 Spread=0.60 pips
2026-05-06 01:12:28 INFO mt5_bot - Session filter: UTC hour=6 outside [7,20) and [0,0)
2026-05-06 01:12:43 INFO mt5_bot - Balance=102029.96 Equity=102029.96 Spread=0.60 pips
2026-05-06 01:12:43 INFO mt5_bot - Session filter: UTC hour=6 outside [7,20) and [0,0)
2026-05-06 01:12:58 INFO mt5_bot - Balance=102029.96 Equity=102029.96 Spread=0.60 pips
2026-05-06 01:12:58 INFO mt5_bot - Session filter: UTC hour=6 outside [7,20) and [0,0)
2026-05-06 01:13:13 INFO mt5_bot - Balance=102029.96 Equity=102029.96 Spread=0.60 pips
2026-05-06 01:13:13 INFO mt5_bot - Session filter: UTC hour=6 outside [7,20) and [0,0)
2026-05-06 01:13:28 INFO mt5_bot - Balance=102029.96 Equity=102029.96 Spread=0.60 pips
2026-05-06 01:13:28 INFO mt5_bot - Session filter: UTC hour=6 outside [7,20) and [0,0)
2026-05-06 01:13:43 INFO mt5_bot - Balance=102029.96 Equity=102029.96 Spread=0.60 pips
2026-05-06 01:13:43 INFO mt5_bot - Session filter: UTC hour=6 outside [7,20) and [0,0)
2026-05-06 01:13:58 INFO mt5_bot - Balance=102029.96 Equity=102029.96 Spread=0.60 pips
2026-05-06 01:13:58 INFO mt5_bot - Session filter: UTC hour=6 outside [7,20) and [0,0)
2026-05-06 01:14:13 INFO mt5_bot - Balance=102029.96 Equity=102029.96 Spread=0.60 pips
2026-05-06 01:14:13 INFO mt5_bot - Session filter: UTC hour=6 outside [7,20) and [0,0)
2026-05-06 01:14:28 INFO mt5_bot - Balance=102029.96 Equity=102029.96 Spread=0.60 pips
2026-05-06 01:14:28 INFO mt5_bot - Session filter: UTC hour=6 outside [7,20) and [0,0)
2026-05-06 01:14:43 INFO mt5_bot - Balance=102029.96 Equity=102029.96 Spread=0.60 pips
2026-05-06 01:14:43 INFO mt5_bot - Session filter: UTC hour=6 outside [7,20) and [0,0)
2026-05-06 01:14:58 INFO mt5_bot - Balance=102029.96 Equity=102029.96 Spread=0.60 pips
2026-05-06 01:14:58 INFO mt5_bot - Session filter: UTC hour=6 outside [7,20) and [0,0)
2026-05-06 01:15:13 INFO mt5_bot - Balance=102029.96 Equity=102029.96 Spread=0.60 pips
2026-05-06 01:15:13 INFO mt5_bot - Session filter: UTC hour=6 outside [7,20) and [0,0)
2026-05-06 01:15:28 INFO mt5_bot - Balance=102029.96 Equity=102029.96 Spread=0.60 pips
2026-05-06 01:15:28 INFO mt5_bot - Session filter: UTC hour=6 outside [7,20) and [0,0)
2026-05-06 01:15:43 INFO mt5_bot - Balance=102029.96 Equity=102029.96 Spread=0.60 pips
2026-05-06 01:15:43 INFO mt5_bot - Session filter: UTC hour=6 outside [7,20) and [0,0)
2026-05-06 01:15:58 INFO mt5_bot - Balance=102029.96 Equity=102029.96 Spread=0.60 pips
2026-05-06 01:15:58 INFO mt5_bot - Session filter: UTC hour=6 outside [7,20) and [0,0)
2026-05-06 01:16:13 INFO mt5_bot - Balance=102029.96 Equity=102029.96 Spread=0.60 pips
2026-05-06 01:16:13 INFO mt5_bot - Session filter: UTC hour=6 outside [7,20) and [0,0)
2026-05-06 01:16:28 INFO mt5_bot - Balance=102029.96 Equity=102029.96 Spread=0.60 pips
2026-05-06 01:16:28 INFO mt5_bot - Session filter: UTC hour=6 outside [7,20) and [0,0)
2026-05-06 01:16:43 INFO mt5_bot - Balance=102029.96 Equity=102029.96 Spread=0.60 pips
2026-05-06 01:16:43 INFO mt5_bot - Session filter: UTC hour=6 outside [7,20) and [0,0)
2026-05-06 01:16:58 INFO mt5_bot - Balance=102029.96 Equity=102029.96 Spread=0.60 pips
2026-05-06 01:16:58 INFO mt5_bot - Session filter: UTC hour=6 outside [7,20) and [0,0)
2026-05-06 01:17:13 INFO mt5_bot - Balance=102029.96 Equity=102029.96 Spread=0.60 pips
2026-05-06 01:17:13 INFO mt5_bot - Session filter: UTC hour=6 outside [7,20) and [0,0)
2026-05-06 01:17:28 INFO mt5_bot - Balance=102029.96 Equity=102029.96 Spread=0.60 pips
2026-05-06 01:17:28 INFO mt5_bot - Session filter: UTC hour=6 outside [7,20) and [0,0)
2026-05-06 01:17:43 INFO mt5_bot - Balance=102029.96 Equity=102029.96 Spread=0.60 pips
2026-05-06 01:17:43 INFO mt5_bot - Session filter: UTC hour=6 outside [7,20) and [0,0)
2026-05-06 01:17:58 INFO mt5_bot - Balance=102029.96 Equity=102029.96 Spread=0.60 pips
2026-05-06 01:17:58 INFO mt5_bot - Session filter: UTC hour=6 outside [7,20) and [0,0)
2026-05-06 01:18:13 INFO mt5_bot - Balance=102029.96 Equity=102029.96 Spread=0.60 pips
2026-05-06 01:18:13 INFO mt5_bot - Session filter: UTC hour=6 outside [7,20) and [0,0)
2026-05-06 01:18:28 INFO mt5_bot - Balance=102029.96 Equity=102029.96 Spread=0.60 pips
2026-05-06 01:18:28 INFO mt5_bot - Session filter: UTC hour=6 outside [7,20) and [0,0)
2026-05-06 01:18:43 INFO mt5_bot - Balance=102029.96 Equity=102029.96 Spread=0.60 pips
2026-05-06 01:18:43 INFO mt5_bot - Session filter: UTC hour=6 outside [7,20) and [0,0)
2026-05-06 01:18:58 INFO mt5_bot - Balance=102029.96 Equity=102029.96 Spread=0.60 pips
2026-05-06 01:18:58 INFO mt5_bot - Session filter: UTC hour=6 outside [7,20) and [0,0)
2026-05-06 01:19:13 INFO mt5_bot - Balance=102029.96 Equity=102029.96 Spread=0.60 pips
2026-05-06 01:19:13 INFO mt5_bot - Session filter: UTC hour=6 outside [7,20) and [0,0)
2026-05-06 01:19:28 INFO mt5_bot - Balance=102029.96 Equity=102029.96 Spread=0.60 pips
2026-05-06 01:19:28 INFO mt5_bot - Session filter: UTC hour=6 outside [7,20) and [0,0)
2026-05-06 01:19:43 INFO mt5_bot - Balance=102029.96 Equity=102029.96 Spread=0.60 pips
2026-05-06 01:19:43 INFO mt5_bot - Session filter: UTC hour=6 outside [7,20) and [0,0)
2026-05-06 01:19:58 INFO mt5_bot - Balance=102029.96 Equity=102029.96 Spread=0.60 pips
2026-05-06 01:19:58 INFO mt5_bot - Session filter: UTC hour=6 outside [7,20) and [0,0)
2026-05-06 01:20:13 INFO mt5_bot - Balance=102029.96 Equity=102029.96 Spread=0.60 pips
2026-05-06 01:20:13 INFO mt5_bot - Session filter: UTC hour=6 outside [7,20) and [0,0)
2026-05-06 01:20:28 INFO mt5_bot - Balance=102029.96 Equity=102029.96 Spread=0.60 pips
2026-05-06 01:20:28 INFO mt5_bot - Session filter: UTC hour=6 outside [7,20) and [0,0)
2026-05-06 01:20:43 INFO mt5_bot - Balance=102029.96 Equity=102029.96 Spread=0.60 pips
2026-05-06 01:20:43 INFO mt5_bot - Session filter: UTC hour=6 outside [7,20) and [0,0)
2026-05-06 01:20:58 INFO mt5_bot - Balance=102029.96 Equity=102029.96 Spread=0.60 pips
2026-05-06 01:20:58 INFO mt5_bot - Session filter: UTC hour=6 outside [7,20) and [0,0)
2026-05-06 01:21:13 INFO mt5_bot - Balance=102029.96 Equity=102029.96 Spread=0.60 pips
2026-05-06 01:21:13 INFO mt5_bot - Session filter: UTC hour=6 outside [7,20) and [0,0)
2026-05-06 01:21:28 INFO mt5_bot - Balance=102029.96 Equity=102029.96 Spread=0.60 pips
2026-05-06 01:21:28 INFO mt5_bot - Session filter: UTC hour=6 outside [7,20) and [0,0)
2026-05-06 01:21:43 INFO mt5_bot - Balance=102029.96 Equity=102029.96 Spread=0.60 pips
2026-05-06 01:21:43 INFO mt5_bot - Session filter: UTC hour=6 outside [7,20) and [0,0)
2026-05-06 01:21:58 INFO mt5_bot - Balance=102029.96 Equity=102029.96 Spread=0.60 pips
2026-05-06 01:21:58 INFO mt5_bot - Session filter: UTC hour=6 outside [7,20) and [0,0)
2026-05-06 01:22:13 INFO mt5_bot - Balance=102029.96 Equity=102029.96 Spread=0.60 pips
2026-05-06 01:22:13 INFO mt5_bot - Session filter: UTC hour=6 outside [7,20) and [0,0)
2026-05-06 01:22:28 INFO mt5_bot - Balance=102029.96 Equity=102029.96 Spread=0.60 pips
2026-05-06 01:22:28 INFO mt5_bot - Session filter: UTC hour=6 outside [7,20) and [0,0)
2026-05-06 01:22:43 INFO mt5_bot - Balance=102029.96 Equity=102029.96 Spread=0.60 pips
2026-05-06 01:22:43 INFO mt5_bot - Session filter: UTC hour=6 outside [7,20) and [0,0)
2026-05-06 01:22:59 INFO mt5_bot - Balance=102029.96 Equity=102029.96 Spread=0.60 pips
2026-05-06 01:22:59 INFO mt5_bot - Session filter: UTC hour=6 outside [7,20) and [0,0)
2026-05-06 01:23:14 INFO mt5_bot - Balance=102029.96 Equity=102029.96 Spread=0.60 pips
2026-05-06 01:23:14 INFO mt5_bot - Session filter: UTC hour=6 outside [7,20) and [0,0)
2026-05-06 01:23:29 INFO mt5_bot - Balance=102029.96 Equity=102029.96 Spread=0.60 pips
2026-05-06 01:23:29 INFO mt5_bot - Session filter: UTC hour=6 outside [7,20) and [0,0)
2026-05-06 01:23:44 INFO mt5_bot - Balance=102029.96 Equity=102029.96 Spread=0.60 pips
2026-05-06 01:23:44 INFO mt5_bot - Session filter: UTC hour=6 outside [7,20) and [0,0)
2026-05-06 01:23:59 INFO mt5_bot - Balance=102029.96 Equity=102029.96 Spread=0.60 pips
2026-05-06 01:23:59 INFO mt5_bot - Session filter: UTC hour=6 outside [7,20) and [0,0)
2026-05-06 01:24:14 INFO mt5_bot - Balance=102029.96 Equity=102029.96 Spread=0.60 pips
2026-05-06 01:24:14 INFO mt5_bot - Session filter: UTC hour=6 outside [7,20) and [0,0)
2026-05-06 01:24:29 INFO mt5_bot - Balance=102029.96 Equity=102029.96 Spread=0.60 pips
2026-05-06 01:24:29 INFO mt5_bot - Session filter: UTC hour=6 outside [7,20) and [0,0)
2026-05-06 01:24:44 INFO mt5_bot - Balance=102029.96 Equity=102029.96 Spread=0.60 pips
2026-05-06 01:24:44 INFO mt5_bot - Session filter: UTC hour=6 outside [7,20) and [0,0)
2026-05-06 01:24:59 INFO mt5_bot - Balance=102029.96 Equity=102029.96 Spread=0.60 pips
2026-05-06 01:24:59 INFO mt5_bot - Session filter: UTC hour=6 outside [7,20) and [0,0)
2026-05-06 01:25:14 INFO mt5_bot - Balance=102029.96 Equity=102029.96 Spread=0.60 pips
2026-05-06 01:25:14 INFO mt5_bot - Session filter: UTC hour=6 outside [7,20) and [0,0)
2026-05-06 01:25:29 INFO mt5_bot - Balance=102029.96 Equity=102029.96 Spread=0.60 pips
2026-05-06 01:25:29 INFO mt5_bot - Session filter: UTC hour=6 outside [7,20) and [0,0)
2026-05-06 01:25:44 INFO mt5_bot - Balance=102029.96 Equity=102029.96 Spread=0.60 pips
2026-05-06 01:25:44 INFO mt5_bot - Session filter: UTC hour=6 outside [7,20) and [0,0)
2026-05-06 01:25:59 INFO mt5_bot - Balance=102029.96 Equity=102029.96 Spread=0.60 pips
2026-05-06 01:25:59 INFO mt5_bot - Session filter: UTC hour=6 outside [7,20) and [0,0)
2026-05-06 01:26:14 INFO mt5_bot - Balance=102029.96 Equity=102029.96 Spread=0.60 pips
2026-05-06 01:26:14 INFO mt5_bot - Session filter: UTC hour=6 outside [7,20) and [0,0)
2026-05-06 01:26:29 INFO mt5_bot - Balance=102029.96 Equity=102029.96 Spread=0.60 pips
2026-05-06 01:26:29 INFO mt5_bot - Session filter: UTC hour=6 outside [7,20) and [0,0)
2026-05-06 01:26:44 INFO mt5_bot - Balance=102029.96 Equity=102029.96 Spread=0.60 pips
2026-05-06 01:26:44 INFO mt5_bot - Session filter: UTC hour=6 outside [7,20) and [0,0)
2026-05-06 01:26:59 INFO mt5_bot - Balance=102029.96 Equity=102029.96 Spread=0.60 pips
2026-05-06 01:26:59 INFO mt5_bot - Session filter: UTC hour=6 outside [7,20) and [0,0)
2026-05-06 01:27:14 INFO mt5_bot - Balance=102029.96 Equity=102029.96 Spread=0.60 pips
2026-05-06 01:27:14 INFO mt5_bot - Session filter: UTC hour=6 outside [7,20) and [0,0)
2026-05-06 01:27:29 INFO mt5_bot - Balance=102029.96 Equity=102029.96 Spread=0.60 pips
2026-05-06 01:27:29 INFO mt5_bot - Session filter: UTC hour=6 outside [7,20) and [0,0)
2026-05-06 01:27:44 INFO mt5_bot - Balance=102029.96 Equity=102029.96 Spread=0.60 pips
2026-05-06 01:27:44 INFO mt5_bot - Session filter: UTC hour=6 outside [7,20) and [0,0)
2026-05-06 01:27:59 INFO mt5_bot - Balance=102029.96 Equity=102029.96 Spread=0.60 pips
2026-05-06 01:27:59 INFO mt5_bot - Session filter: UTC hour=6 outside [7,20) and [0,0)
2026-05-06 01:28:14 INFO mt5_bot - Balance=102029.96 Equity=102029.96 Spread=0.60 pips
2026-05-06 01:28:14 INFO mt5_bot - Session filter: UTC hour=6 outside [7,20) and [0,0)
2026-05-06 01:28:29 INFO mt5_bot - Balance=102029.96 Equity=102029.96 Spread=0.60 pips
2026-05-06 01:28:29 INFO mt5_bot - Session filter: UTC hour=6 outside [7,20) and [0,0)
2026-05-06 01:28:44 INFO mt5_bot - Balance=102029.96 Equity=102029.96 Spread=0.60 pips
2026-05-06 01:28:44 INFO mt5_bot - Session filter: UTC hour=6 outside [7,20) and [0,0)
2026-05-06 01:28:59 INFO mt5_bot - Balance=102029.96 Equity=102029.96 Spread=0.60 pips
2026-05-06 01:28:59 INFO mt5_bot - Session filter: UTC hour=6 outside [7,20) and [0,0)
2026-05-06 01:29:14 INFO mt5_bot - Balance=102029.96 Equity=102029.96 Spread=0.60 pips
2026-05-06 01:29:14 INFO mt5_bot - Session filter: UTC hour=6 outside [7,20) and [0,0)
2026-05-06 01:29:29 INFO mt5_bot - Balance=102029.96 Equity=102029.96 Spread=0.60 pips
2026-05-06 01:29:29 INFO mt5_bot - Session filter: UTC hour=6 outside [7,20) and [0,0)
2026-05-06 01:29:44 INFO mt5_bot - Balance=102029.96 Equity=102029.96 Spread=0.60 pips
2026-05-06 01:29:44 INFO mt5_bot - Session filter: UTC hour=6 outside [7,20) and [0,0)
2026-05-06 01:29:59 INFO mt5_bot - Balance=102029.96 Equity=102029.96 Spread=0.60 pips
2026-05-06 01:29:59 INFO mt5_bot - Session filter: UTC hour=6 outside [7,20) and [0,0)
2026-05-06 01:30:14 INFO mt5_bot - Balance=102029.96 Equity=102029.96 Spread=0.60 pips
2026-05-06 01:30:14 INFO mt5_bot - Session filter: UTC hour=6 outside [7,20) and [0,0)
2026-05-06 01:30:29 INFO mt5_bot - Balance=102029.96 Equity=102029.96 Spread=0.60 pips
2026-05-06 01:30:29 INFO mt5_bot - Session filter: UTC hour=6 outside [7,20) and [0,0)
2026-05-06 01:30:44 INFO mt5_bot - Balance=102029.96 Equity=102029.96 Spread=0.60 pips
2026-05-06 01:30:44 INFO mt5_bot - Session filter: UTC hour=6 outside [7,20) and [0,0)
2026-05-06 01:30:59 INFO mt5_bot - Balance=102029.96 Equity=102029.96 Spread=0.60 pips
2026-05-06 01:30:59 INFO mt5_bot - Session filter: UTC hour=6 outside [7,20) and [0,0)
2026-05-06 01:31:14 INFO mt5_bot - Balance=102029.96 Equity=102029.96 Spread=0.60 pips
2026-05-06 01:31:14 INFO mt5_bot - Session filter: UTC hour=6 outside [7,20) and [0,0)
2026-05-06 01:31:29 INFO mt5_bot - Balance=102029.96 Equity=102029.96 Spread=0.60 pips
2026-05-06 01:31:29 INFO mt5_bot - Session filter: UTC hour=6 outside [7,20) and [0,0)
2026-05-06 01:31:44 INFO mt5_bot - Balance=102029.96 Equity=102029.96 Spread=0.60 pips
2026-05-06 01:31:44 INFO mt5_bot - Session filter: UTC hour=6 outside [7,20) and [0,0)
2026-05-06 01:31:59 INFO mt5_bot - Balance=102029.96 Equity=102029.96 Spread=0.60 pips
2026-05-06 01:31:59 INFO mt5_bot - Session filter: UTC hour=6 outside [7,20) and [0,0)
2026-05-06 01:32:14 INFO mt5_bot - Balance=102029.96 Equity=102029.96 Spread=0.60 pips
2026-05-06 01:32:14 INFO mt5_bot - Session filter: UTC hour=6 outside [7,20) and [0,0)
2026-05-06 01:32:29 INFO mt5_bot - Balance=102029.96 Equity=102029.96 Spread=0.60 pips
2026-05-06 01:32:29 INFO mt5_bot - Session filter: UTC hour=6 outside [7,20) and [0,0)
2026-05-06 01:32:44 INFO mt5_bot - Balance=102029.96 Equity=102029.96 Spread=0.60 pips
2026-05-06 01:32:44 INFO mt5_bot - Session filter: UTC hour=6 outside [7,20) and [0,0)
2026-05-06 01:32:59 INFO mt5_bot - Balance=102029.96 Equity=102029.96 Spread=0.60 pips
2026-05-06 01:32:59 INFO mt5_bot - Session filter: UTC hour=6 outside [7,20) and [0,0)
2026-05-06 01:33:14 INFO mt5_bot - Balance=102029.96 Equity=102029.96 Spread=0.60 pips
2026-05-06 01:33:14 INFO mt5_bot - Session filter: UTC hour=6 outside [7,20) and [0,0)
2026-05-06 01:33:29 INFO mt5_bot - Balance=102029.96 Equity=102029.96 Spread=0.60 pips
2026-05-06 01:33:29 INFO mt5_bot - Session filter: UTC hour=6 outside [7,20) and [0,0)
2026-05-06 01:33:44 INFO mt5_bot - Balance=102029.96 Equity=102029.96 Spread=0.60 pips
2026-05-06 01:33:44 INFO mt5_bot - Session filter: UTC hour=6 outside [7,20) and [0,0)
2026-05-06 01:33:59 INFO mt5_bot - Balance=102029.96 Equity=102029.96 Spread=0.60 pips
2026-05-06 01:33:59 INFO mt5_bot - Session filter: UTC hour=6 outside [7,20) and [0,0)
2026-05-06 01:34:14 INFO mt5_bot - Balance=102029.96 Equity=102029.96 Spread=0.60 pips
2026-05-06 01:34:14 INFO mt5_bot - Session filter: UTC hour=6 outside [7,20) and [0,0)
2026-05-06 01:34:29 INFO mt5_bot - Balance=102029.96 Equity=102029.96 Spread=0.60 pips
2026-05-06 01:34:29 INFO mt5_bot - Session filter: UTC hour=6 outside [7,20) and [0,0)
2026-05-06 01:34:44 INFO mt5_bot - Balance=102029.96 Equity=102029.96 Spread=0.60 pips
2026-05-06 01:34:44 INFO mt5_bot - Session filter: UTC hour=6 outside [7,20) and [0,0)
2026-05-06 01:34:59 INFO mt5_bot - Balance=102029.96 Equity=102029.96 Spread=0.60 pips
2026-05-06 01:34:59 INFO mt5_bot - Session filter: UTC hour=6 outside [7,20) and [0,0)
2026-05-06 01:35:14 INFO mt5_bot - Balance=102029.96 Equity=102029.96 Spread=0.60 pips
2026-05-06 01:35:14 INFO mt5_bot - Session filter: UTC hour=6 outside [7,20) and [0,0)
2026-05-06 01:35:29 INFO mt5_bot - Balance=102029.96 Equity=102029.96 Spread=0.60 pips
2026-05-06 01:35:29 INFO mt5_bot - Session filter: UTC hour=6 outside [7,20) and [0,0)
2026-05-06 01:35:44 INFO mt5_bot - Balance=102029.96 Equity=102029.96 Spread=0.60 pips
2026-05-06 01:35:44 INFO mt5_bot - Session filter: UTC hour=6 outside [7,20) and [0,0)
2026-05-06 01:35:59 INFO mt5_bot - Balance=102029.96 Equity=102029.96 Spread=0.60 pips
2026-05-06 01:35:59 INFO mt5_bot - Session filter: UTC hour=6 outside [7,20) and [0,0)
2026-05-06 01:36:14 INFO mt5_bot - Balance=102029.96 Equity=102029.96 Spread=0.60 pips
2026-05-06 01:36:14 INFO mt5_bot - Session filter: UTC hour=6 outside [7,20) and [0,0)
2026-05-06 01:36:29 INFO mt5_bot - Balance=102029.96 Equity=102029.96 Spread=0.60 pips
2026-05-06 01:36:29 INFO mt5_bot - Session filter: UTC hour=6 outside [7,20) and [0,0)
2026-05-06 01:36:44 INFO mt5_bot - Balance=102029.96 Equity=102029.96 Spread=0.60 pips
2026-05-06 01:36:44 INFO mt5_bot - Session filter: UTC hour=6 outside [7,20) and [0,0)
2026-05-06 01:36:59 INFO mt5_bot - Balance=102029.96 Equity=102029.96 Spread=0.60 pips
2026-05-06 01:36:59 INFO mt5_bot - Session filter: UTC hour=6 outside [7,20) and [0,0)
2026-05-06 01:37:14 INFO mt5_bot - Balance=102029.96 Equity=102029.96 Spread=0.60 pips
2026-05-06 01:37:14 INFO mt5_bot - Session filter: UTC hour=6 outside [7,20) and [0,0)
2026-05-06 01:37:29 INFO mt5_bot - Balance=102029.96 Equity=102029.96 Spread=0.60 pips
2026-05-06 01:37:29 INFO mt5_bot - Session filter: UTC hour=6 outside [7,20) and [0,0)
2026-05-06 01:37:44 INFO mt5_bot - Balance=102029.96 Equity=102029.96 Spread=0.60 pips
2026-05-06 01:37:44 INFO mt5_bot - Session filter: UTC hour=6 outside [7,20) and [0,0)
2026-05-06 01:37:59 INFO mt5_bot - Balance=102029.96 Equity=102029.96 Spread=0.60 pips
2026-05-06 01:37:59 INFO mt5_bot - Session filter: UTC hour=6 outside [7,20) and [0,0)
2026-05-06 01:38:14 INFO mt5_bot - Balance=102029.96 Equity=102029.96 Spread=0.60 pips
2026-05-06 01:38:14 INFO mt5_bot - Session filter: UTC hour=6 outside [7,20) and [0,0)
2026-05-06 01:38:29 INFO mt5_bot - Balance=102029.96 Equity=102029.96 Spread=0.60 pips
2026-05-06 01:38:29 INFO mt5_bot - Session filter: UTC hour=6 outside [7,20) and [0,0)
2026-05-06 01:38:44 INFO mt5_bot - Balance=102029.96 Equity=102029.96 Spread=0.60 pips
2026-05-06 01:38:44 INFO mt5_bot - Session filter: UTC hour=6 outside [7,20) and [0,0)
2026-05-06 01:38:59 INFO mt5_bot - Balance=102029.96 Equity=102029.96 Spread=0.60 pips
2026-05-06 01:38:59 INFO mt5_bot - Session filter: UTC hour=6 outside [7,20) and [0,0)
2026-05-06 01:39:14 INFO mt5_bot - Balance=102029.96 Equity=102029.96 Spread=0.60 pips
2026-05-06 01:39:14 INFO mt5_bot - Session filter: UTC hour=6 outside [7,20) and [0,0)
2026-05-06 01:39:29 INFO mt5_bot - Balance=102029.96 Equity=102029.96 Spread=0.60 pips
2026-05-06 01:39:29 INFO mt5_bot - Session filter: UTC hour=6 outside [7,20) and [0,0)
2026-05-06 01:39:44 INFO mt5_bot - Balance=102029.96 Equity=102029.96 Spread=0.60 pips
2026-05-06 01:39:44 INFO mt5_bot - Session filter: UTC hour=6 outside [7,20) and [0,0)
2026-05-06 01:39:59 INFO mt5_bot - Balance=102029.96 Equity=102029.96 Spread=0.60 pips
2026-05-06 01:39:59 INFO mt5_bot - Session filter: UTC hour=6 outside [7,20) and [0,0)
2026-05-06 01:40:14 INFO mt5_bot - Balance=102029.96 Equity=102029.96 Spread=0.60 pips
2026-05-06 01:40:14 INFO mt5_bot - Session filter: UTC hour=6 outside [7,20) and [0,0)
2026-05-06 01:40:29 INFO mt5_bot - Balance=102029.96 Equity=102029.96 Spread=0.60 pips
2026-05-06 01:40:29 INFO mt5_bot - Session filter: UTC hour=6 outside [7,20) and [0,0)
2026-05-06 01:40:44 INFO mt5_bot - Balance=102029.96 Equity=102029.96 Spread=0.60 pips
2026-05-06 01:40:44 INFO mt5_bot - Session filter: UTC hour=6 outside [7,20) and [0,0)
2026-05-06 01:40:59 INFO mt5_bot - Balance=102029.96 Equity=102029.96 Spread=0.60 pips
2026-05-06 01:40:59 INFO mt5_bot - Session filter: UTC hour=6 outside [7,20) and [0,0)
2026-05-06 01:41:14 INFO mt5_bot - Balance=102029.96 Equity=102029.96 Spread=0.60 pips
2026-05-06 01:41:14 INFO mt5_bot - Session filter: UTC hour=6 outside [7,20) and [0,0)
2026-05-06 01:41:29 INFO mt5_bot - Balance=102029.96 Equity=102029.96 Spread=0.60 pips
2026-05-06 01:41:29 INFO mt5_bot - Session filter: UTC hour=6 outside [7,20) and [0,0)
2026-05-06 01:41:44 INFO mt5_bot - Balance=102029.96 Equity=102029.96 Spread=0.60 pips
2026-05-06 01:41:44 INFO mt5_bot - Session filter: UTC hour=6 outside [7,20) and [0,0)
2026-05-06 01:41:59 INFO mt5_bot - Balance=102029.96 Equity=102029.96 Spread=0.60 pips
2026-05-06 01:41:59 INFO mt5_bot - Session filter: UTC hour=6 outside [7,20) and [0,0)
2026-05-06 01:42:14 INFO mt5_bot - Balance=102029.96 Equity=102029.96 Spread=0.60 pips
2026-05-06 01:42:14 INFO mt5_bot - Session filter: UTC hour=6 outside [7,20) and [0,0)
2026-05-06 01:42:29 INFO mt5_bot - Balance=102029.96 Equity=102029.96 Spread=0.60 pips
2026-05-06 01:42:29 INFO mt5_bot - Session filter: UTC hour=6 outside [7,20) and [0,0)
2026-05-06 01:42:44 INFO mt5_bot - Balance=102029.96 Equity=102029.96 Spread=0.60 pips
2026-05-06 01:42:44 INFO mt5_bot - Session filter: UTC hour=6 outside [7,20) and [0,0)
2026-05-06 01:42:59 INFO mt5_bot - Balance=102029.96 Equity=102029.96 Spread=0.60 pips
2026-05-06 01:42:59 INFO mt5_bot - Session filter: UTC hour=6 outside [7,20) and [0,0)
2026-05-06 01:43:14 INFO mt5_bot - Balance=102029.96 Equity=102029.96 Spread=0.60 pips
2026-05-06 01:43:14 INFO mt5_bot - Session filter: UTC hour=6 outside [7,20) and [0,0)
2026-05-06 01:43:29 INFO mt5_bot - Balance=102029.96 Equity=102029.96 Spread=0.60 pips
2026-05-06 01:43:29 INFO mt5_bot - Session filter: UTC hour=6 outside [7,20) and [0,0)
2026-05-06 01:43:44 INFO mt5_bot - Balance=102029.96 Equity=102029.96 Spread=0.60 pips
2026-05-06 01:43:44 INFO mt5_bot - Session filter: UTC hour=6 outside [7,20) and [0,0)
2026-05-06 01:43:59 INFO mt5_bot - Balance=102029.96 Equity=102029.96 Spread=0.60 pips
2026-05-06 01:43:59 INFO mt5_bot - Session filter: UTC hour=6 outside [7,20) and [0,0)
2026-05-06 01:44:14 INFO mt5_bot - Balance=102029.96 Equity=102029.96 Spread=0.60 pips
2026-05-06 01:44:14 INFO mt5_bot - Session filter: UTC hour=6 outside [7,20) and [0,0)
2026-05-06 01:44:29 INFO mt5_bot - Balance=102029.96 Equity=102029.96 Spread=0.60 pips
2026-05-06 01:44:29 INFO mt5_bot - Session filter: UTC hour=6 outside [7,20) and [0,0)
2026-05-06 01:44:44 INFO mt5_bot - Balance=102029.96 Equity=102029.96 Spread=0.60 pips
2026-05-06 01:44:44 INFO mt5_bot - Session filter: UTC hour=6 outside [7,20) and [0,0)
2026-05-06 01:44:59 INFO mt5_bot - Balance=102029.96 Equity=102029.96 Spread=0.60 pips
2026-05-06 01:44:59 INFO mt5_bot - Session filter: UTC hour=6 outside [7,20) and [0,0)
2026-05-06 01:45:14 INFO mt5_bot - Balance=102029.96 Equity=102029.96 Spread=0.60 pips
2026-05-06 01:45:14 INFO mt5_bot - Session filter: UTC hour=6 outside [7,20) and [0,0)
2026-05-06 01:45:29 INFO mt5_bot - Balance=102029.96 Equity=102029.96 Spread=0.60 pips
2026-05-06 01:45:29 INFO mt5_bot - Session filter: UTC hour=6 outside [7,20) and [0,0)
2026-05-06 01:45:44 INFO mt5_bot - Balance=102029.96 Equity=102029.96 Spread=0.60 pips
2026-05-06 01:45:44 INFO mt5_bot - Session filter: UTC hour=6 outside [7,20) and [0,0)
2026-05-06 01:45:59 INFO mt5_bot - Balance=102029.96 Equity=102029.96 Spread=0.60 pips
2026-05-06 01:45:59 INFO mt5_bot - Session filter: UTC hour=6 outside [7,20) and [0,0)
2026-05-06 01:46:14 INFO mt5_bot - Balance=102029.96 Equity=102029.96 Spread=0.60 pips
2026-05-06 01:46:14 INFO mt5_bot - Session filter: UTC hour=6 outside [7,20) and [0,0)
2026-05-06 01:46:29 INFO mt5_bot - Balance=102029.96 Equity=102029.96 Spread=0.60 pips
2026-05-06 01:46:29 INFO mt5_bot - Session filter: UTC hour=6 outside [7,20) and [0,0)
2026-05-06 01:46:44 INFO mt5_bot - Balance=102029.96 Equity=102029.96 Spread=0.60 pips
2026-05-06 01:46:44 INFO mt5_bot - Session filter: UTC hour=6 outside [7,20) and [0,0)
2026-05-06 01:46:59 INFO mt5_bot - Balance=102029.96 Equity=102029.96 Spread=0.60 pips
2026-05-06 01:46:59 INFO mt5_bot - Session filter: UTC hour=6 outside [7,20) and [0,0)
2026-05-06 01:47:14 INFO mt5_bot - Balance=102029.96 Equity=102029.96 Spread=0.60 pips
2026-05-06 01:47:14 INFO mt5_bot - Session filter: UTC hour=6 outside [7,20) and [0,0)
2026-05-06 01:47:29 INFO mt5_bot - Balance=102029.96 Equity=102029.96 Spread=0.60 pips
2026-05-06 01:47:29 INFO mt5_bot - Session filter: UTC hour=6 outside [7,20) and [0,0)
2026-05-06 01:47:44 INFO mt5_bot - Balance=102029.96 Equity=102029.96 Spread=0.60 pips
2026-05-06 01:47:44 INFO mt5_bot - Session filter: UTC hour=6 outside [7,20) and [0,0)
2026-05-06 01:47:59 INFO mt5_bot - Balance=102029.96 Equity=102029.96 Spread=0.60 pips
2026-05-06 01:47:59 INFO mt5_bot - Session filter: UTC hour=6 outside [7,20) and [0,0)
2026-05-06 01:48:14 INFO mt5_bot - Balance=102029.96 Equity=102029.96 Spread=0.60 pips
2026-05-06 01:48:14 INFO mt5_bot - Session filter: UTC hour=6 outside [7,20) and [0,0)
2026-05-06 01:48:29 INFO mt5_bot - Balance=102029.96 Equity=102029.96 Spread=0.60 pips
2026-05-06 01:48:29 INFO mt5_bot - Session filter: UTC hour=6 outside [7,20) and [0,0)
2026-05-06 01:48:44 INFO mt5_bot - Balance=102029.96 Equity=102029.96 Spread=0.60 pips
2026-05-06 01:48:44 INFO mt5_bot - Session filter: UTC hour=6 outside [7,20) and [0,0)
2026-05-06 01:48:59 INFO mt5_bot - Balance=102029.96 Equity=102029.96 Spread=0.60 pips
2026-05-06 01:48:59 INFO mt5_bot - Session filter: UTC hour=6 outside [7,20) and [0,0)
2026-05-06 01:49:14 INFO mt5_bot - Balance=102029.96 Equity=102029.96 Spread=0.60 pips
2026-05-06 01:49:14 INFO mt5_bot - Session filter: UTC hour=6 outside [7,20) and [0,0)
2026-05-06 01:49:29 INFO mt5_bot - Balance=102029.96 Equity=102029.96 Spread=0.60 pips
2026-05-06 01:49:29 INFO mt5_bot - Session filter: UTC hour=6 outside [7,20) and [0,0)
2026-05-06 01:49:44 INFO mt5_bot - Balance=102029.96 Equity=102029.96 Spread=0.60 pips
2026-05-06 01:49:44 INFO mt5_bot - Session filter: UTC hour=6 outside [7,20) and [0,0)
2026-05-06 01:49:59 INFO mt5_bot - Balance=102029.96 Equity=102029.96 Spread=0.60 pips
2026-05-06 01:49:59 INFO mt5_bot - Session filter: UTC hour=6 outside [7,20) and [0,0)
2026-05-06 01:50:14 INFO mt5_bot - Balance=102029.96 Equity=102029.96 Spread=0.60 pips
2026-05-06 01:50:14 INFO mt5_bot - Session filter: UTC hour=6 outside [7,20) and [0,0)
2026-05-06 01:50:29 INFO mt5_bot - Balance=102029.96 Equity=102029.96 Spread=0.60 pips
2026-05-06 01:50:29 INFO mt5_bot - Session filter: UTC hour=6 outside [7,20) and [0,0)
2026-05-06 01:50:44 INFO mt5_bot - Balance=102029.96 Equity=102029.96 Spread=0.60 pips
2026-05-06 01:50:44 INFO mt5_bot - Session filter: UTC hour=6 outside [7,20) and [0,0)
2026-05-06 01:50:59 INFO mt5_bot - Balance=102029.96 Equity=102029.96 Spread=0.60 pips
2026-05-06 01:50:59 INFO mt5_bot - Session filter: UTC hour=6 outside [7,20) and [0,0)
2026-05-06 01:51:14 INFO mt5_bot - Balance=102029.96 Equity=102029.96 Spread=0.60 pips
2026-05-06 01:51:14 INFO mt5_bot - Session filter: UTC hour=6 outside [7,20) and [0,0)
2026-05-06 01:51:29 INFO mt5_bot - Balance=102029.96 Equity=102029.96 Spread=0.60 pips
2026-05-06 01:51:29 INFO mt5_bot - Session filter: UTC hour=6 outside [7,20) and [0,0)
2026-05-06 01:51:44 INFO mt5_bot - Balance=102029.96 Equity=102029.96 Spread=0.60 pips
2026-05-06 01:51:44 INFO mt5_bot - Session filter: UTC hour=6 outside [7,20) and [0,0)
2026-05-06 01:51:59 INFO mt5_bot - Balance=102029.96 Equity=102029.96 Spread=0.60 pips
2026-05-06 01:51:59 INFO mt5_bot - Session filter: UTC hour=6 outside [7,20) and [0,0)
2026-05-06 01:52:14 INFO mt5_bot - Balance=102029.96 Equity=102029.96 Spread=0.60 pips
2026-05-06 01:52:14 INFO mt5_bot - Session filter: UTC hour=6 outside [7,20) and [0,0)
2026-05-06 01:52:29 INFO mt5_bot - Balance=102029.96 Equity=102029.96 Spread=0.60 pips
2026-05-06 01:52:29 INFO mt5_bot - Session filter: UTC hour=6 outside [7,20) and [0,0)
2026-05-06 01:52:44 INFO mt5_bot - Balance=102029.96 Equity=102029.96 Spread=0.60 pips
2026-05-06 01:52:44 INFO mt5_bot - Session filter: UTC hour=6 outside [7,20) and [0,0)
2026-05-06 01:52:59 INFO mt5_bot - Balance=102029.96 Equity=102029.96 Spread=0.60 pips
2026-05-06 01:52:59 INFO mt5_bot - Session filter: UTC hour=6 outside [7,20) and [0,0)
2026-05-06 01:53:14 INFO mt5_bot - Balance=102029.96 Equity=102029.96 Spread=0.60 pips
2026-05-06 01:53:14 INFO mt5_bot - Session filter: UTC hour=6 outside [7,20) and [0,0)
2026-05-06 01:53:29 INFO mt5_bot - Balance=102029.96 Equity=102029.96 Spread=0.60 pips
2026-05-06 01:53:29 INFO mt5_bot - Session filter: UTC hour=6 outside [7,20) and [0,0)
2026-05-06 01:53:44 INFO mt5_bot - Balance=102029.96 Equity=102029.96 Spread=0.60 pips
2026-05-06 01:53:44 INFO mt5_bot - Session filter: UTC hour=6 outside [7,20) and [0,0)
2026-05-06 01:53:59 INFO mt5_bot - Balance=102029.96 Equity=102029.96 Spread=0.60 pips
2026-05-06 01:53:59 INFO mt5_bot - Session filter: UTC hour=6 outside [7,20) and [0,0)
2026-05-06 01:54:14 INFO mt5_bot - Balance=102029.96 Equity=102029.96 Spread=0.60 pips
2026-05-06 01:54:14 INFO mt5_bot - Session filter: UTC hour=6 outside [7,20) and [0,0)
2026-05-06 01:54:29 INFO mt5_bot - Balance=102029.96 Equity=102029.96 Spread=0.60 pips
2026-05-06 01:54:29 INFO mt5_bot - Session filter: UTC hour=6 outside [7,20) and [0,0)
2026-05-06 01:54:44 INFO mt5_bot - Balance=102029.96 Equity=102029.96 Spread=0.60 pips
2026-05-06 01:54:44 INFO mt5_bot - Session filter: UTC hour=6 outside [7,20) and [0,0)
2026-05-06 01:54:59 INFO mt5_bot - Balance=102029.96 Equity=102029.96 Spread=0.60 pips
2026-05-06 01:54:59 INFO mt5_bot - Session filter: UTC hour=6 outside [7,20) and [0,0)
2026-05-06 01:55:14 INFO mt5_bot - Balance=102029.96 Equity=102029.96 Spread=0.60 pips
2026-05-06 01:55:14 INFO mt5_bot - Session filter: UTC hour=6 outside [7,20) and [0,0)
2026-05-06 01:55:29 INFO mt5_bot - Balance=102029.96 Equity=102029.96 Spread=0.60 pips
2026-05-06 01:55:29 INFO mt5_bot - Session filter: UTC hour=6 outside [7,20) and [0,0)
2026-05-06 01:55:44 INFO mt5_bot - Balance=102029.96 Equity=102029.96 Spread=0.60 pips
2026-05-06 01:55:44 INFO mt5_bot - Session filter: UTC hour=6 outside [7,20) and [0,0)
2026-05-06 01:55:59 INFO mt5_bot - Balance=102029.96 Equity=102029.96 Spread=0.60 pips
2026-05-06 01:55:59 INFO mt5_bot - Session filter: UTC hour=6 outside [7,20) and [0,0)
2026-05-06 01:56:14 INFO mt5_bot - Balance=102029.96 Equity=102029.96 Spread=0.50 pips
2026-05-06 01:56:14 INFO mt5_bot - Session filter: UTC hour=6 outside [7,20) and [0,0)
2026-05-06 01:56:29 INFO mt5_bot - Balance=102029.96 Equity=102029.96 Spread=0.60 pips
2026-05-06 01:56:29 INFO mt5_bot - Session filter: UTC hour=6 outside [7,20) and [0,0)
2026-05-06 01:56:44 INFO mt5_bot - Balance=102029.96 Equity=102029.96 Spread=0.60 pips
2026-05-06 01:56:44 INFO mt5_bot - Session filter: UTC hour=6 outside [7,20) and [0,0)
2026-05-06 01:56:59 INFO mt5_bot - Balance=102029.96 Equity=102029.96 Spread=0.60 pips
2026-05-06 01:56:59 INFO mt5_bot - Session filter: UTC hour=6 outside [7,20) and [0,0)
2026-05-06 01:57:14 INFO mt5_bot - Balance=102029.96 Equity=102029.96 Spread=0.60 pips
2026-05-06 01:57:14 INFO mt5_bot - Session filter: UTC hour=6 outside [7,20) and [0,0)
2026-05-06 01:57:29 INFO mt5_bot - Balance=102029.96 Equity=102029.96 Spread=0.60 pips
2026-05-06 01:57:29 INFO mt5_bot - Session filter: UTC hour=6 outside [7,20) and [0,0)
2026-05-06 01:57:44 INFO mt5_bot - Balance=102029.96 Equity=102029.96 Spread=0.60 pips
2026-05-06 01:57:44 INFO mt5_bot - Session filter: UTC hour=6 outside [7,20) and [0,0)
2026-05-06 01:57:59 INFO mt5_bot - Balance=102029.96 Equity=102029.96 Spread=0.60 pips
2026-05-06 01:57:59 INFO mt5_bot - Session filter: UTC hour=6 outside [7,20) and [0,0)
2026-05-06 01:58:14 INFO mt5_bot - Balance=102029.96 Equity=102029.96 Spread=0.60 pips
2026-05-06 01:58:14 INFO mt5_bot - Session filter: UTC hour=6 outside [7,20) and [0,0)
2026-05-06 01:58:29 INFO mt5_bot - Balance=102029.96 Equity=102029.96 Spread=0.60 pips
2026-05-06 01:58:29 INFO mt5_bot - Session filter: UTC hour=6 outside [7,20) and [0,0)
2026-05-06 01:58:44 INFO mt5_bot - Balance=102029.96 Equity=102029.96 Spread=0.60 pips
2026-05-06 01:58:44 INFO mt5_bot - Session filter: UTC hour=6 outside [7,20) and [0,0)
2026-05-06 01:58:59 INFO mt5_bot - Balance=102029.96 Equity=102029.96 Spread=0.60 pips
2026-05-06 01:58:59 INFO mt5_bot - Session filter: UTC hour=6 outside [7,20) and [0,0)
2026-05-06 01:59:14 INFO mt5_bot - Balance=102029.96 Equity=102029.96 Spread=0.60 pips
2026-05-06 01:59:14 INFO mt5_bot - Session filter: UTC hour=6 outside [7,20) and [0,0)
2026-05-06 01:59:29 INFO mt5_bot - Balance=102029.96 Equity=102029.96 Spread=0.60 pips
2026-05-06 01:59:29 INFO mt5_bot - Session filter: UTC hour=6 outside [7,20) and [0,0)
2026-05-06 01:59:44 INFO mt5_bot - Balance=102029.96 Equity=102029.96 Spread=0.60 pips
2026-05-06 01:59:44 INFO mt5_bot - Session filter: UTC hour=6 outside [7,20) and [0,0)
2026-05-06 01:59:59 INFO mt5_bot - Balance=102029.96 Equity=102029.96 Spread=0.60 pips
2026-05-06 01:59:59 INFO mt5_bot - Session filter: UTC hour=6 outside [7,20) and [0,0)
2026-05-06 02:00:14 INFO mt5_bot - Balance=102029.96 Equity=102029.96 Spread=0.60 pips
2026-05-06 02:00:14 INFO mt5_bot.news_filter - news_filter: loaded 115 events from shared cache
2026-05-06 02:00:14 INFO mt5_bot - Signal=NONE reason=no_closed_bar_crossover price=None trend=bullish rsi=65.7 atr_pips=6.6 adx=41.1
2026-05-06 02:00:14 INFO mt5_bot - ADX boost: adx=41.1 \u2192 risk_pct=1.50%
2026-05-06 02:00:14 INFO mt5_bot - Execution status=skipped reason=no_closed_bar_crossover
2026-05-06 02:00:29 INFO mt5_bot - Balance=102029.96 Equity=102029.96 Spread=0.60 pips
2026-05-06 02:00:29 INFO mt5_bot - Signal=NONE reason=no_closed_bar_crossover price=None trend=bullish rsi=65.7 atr_pips=6.6 adx=41.1
2026-05-06 02:00:29 INFO mt5_bot - ADX boost: adx=41.1 \u2192 risk_pct=1.50%
2026-05-06 02:00:29 INFO mt5_bot - Execution status=skipped reason=no_closed_bar_crossover
2026-05-06 02:00:44 INFO mt5_bot - Balance=102029.96 Equity=102029.96 Spread=0.60 pips
2026-05-06 02:00:44 INFO mt5_bot - Signal=NONE reason=no_closed_bar_crossover price=None trend=bullish rsi=65.7 atr_pips=6.6 adx=41.1
2026-05-06 02:00:44 INFO mt5_bot - ADX boost: adx=41.1 \u2192 risk_pct=1.50%
2026-05-06 02:00:44 INFO mt5_bot - Execution status=skipped reason=no_closed_bar_crossover
2026-05-06 02:00:59 INFO mt5_bot - Balance=102029.96 Equity=102029.96 Spread=0.60 pips
2026-05-06 02:00:59 INFO mt5_bot - Signal=NONE reason=no_closed_bar_crossover price=None trend=bullish rsi=65.7 atr_pips=6.6 adx=41.1
2026-05-06 02:00:59 INFO mt5_bot - ADX boost: adx=41.1 \u2192 risk_pct=1.50%
2026-05-06 02:00:59 INFO mt5_bot - Execution status=skipped reason=no_closed_bar_crossover
2026-05-06 02:01:14 INFO mt5_bot - Balance=102029.96 Equity=102029.96 Spread=0.60 pips
2026-05-06 02:01:14 INFO mt5_bot - Signal=NONE reason=no_closed_bar_crossover price=None trend=bullish rsi=65.7 atr_pips=6.6 adx=41.1
2026-05-06 02:01:14 INFO mt5_bot - ADX boost: adx=41.1 \u2192 risk_pct=1.50%
2026-05-06 02:01:14 INFO mt5_bot - Execution status=skipped reason=no_closed_bar_crossover
2026-05-06 02:01:29 INFO mt5_bot - Balance=102029.96 Equity=102029.96 Spread=0.60 pips
2026-05-06 02:01:30 INFO mt5_bot - Signal=NONE reason=no_closed_bar_crossover price=None trend=bullish rsi=65.7 atr_pips=6.6 adx=41.1
2026-05-06 02:01:30 INFO mt5_bot - ADX boost: adx=41.1 \u2192 risk_pct=1.50%
2026-05-06 02:01:30 INFO mt5_bot - Execution status=skipped reason=no_closed_bar_crossover
2026-05-06 02:01:45 INFO mt5_bot - Balance=102029.96 Equity=102029.96 Spread=0.60 pips
2026-05-06 02:01:45 INFO mt5_bot - Signal=NONE reason=no_closed_bar_crossover price=None trend=bullish rsi=65.7 atr_pips=6.6 adx=41.1
2026-05-06 02:01:45 INFO mt5_bot - ADX boost: adx=41.1 \u2192 risk_pct=1.50%
2026-05-06 02:01:45 INFO mt5_bot - Execution status=skipped reason=no_closed_bar_crossover
2026-05-06 02:02:00 INFO mt5_bot - Balance=102029.96 Equity=102029.96 Spread=0.60 pips
2026-05-06 02:02:00 INFO mt5_bot - Signal=NONE reason=no_closed_bar_crossover price=None trend=bullish rsi=65.7 atr_pips=6.6 adx=41.1
2026-05-06 02:02:00 INFO mt5_bot - ADX boost: adx=41.1 \u2192 risk_pct=1.50%
2026-05-06 02:02:00 INFO mt5_bot - Execution status=skipped reason=no_closed_bar_crossover
2026-05-06 02:02:15 INFO mt5_bot - Balance=102029.96 Equity=102029.96 Spread=0.60 pips
2026-05-06 02:02:15 INFO mt5_bot - Signal=NONE reason=no_closed_bar_crossover price=None trend=bullish rsi=65.7 atr_pips=6.6 adx=41.1
2026-05-06 02:02:15 INFO mt5_bot - ADX boost: adx=41.1 \u2192 risk_pct=1.50%
2026-05-06 02:02:15 INFO mt5_bot - Execution status=skipped reason=no_closed_bar_crossover
2026-05-06 02:02:30 INFO mt5_bot - Balance=102029.96 Equity=102029.96 Spread=0.60 pips
2026-05-06 02:02:30 INFO mt5_bot - Signal=NONE reason=no_closed_bar_crossover price=None trend=bullish rsi=65.7 atr_pips=6.6 adx=41.1
2026-05-06 02:02:30 INFO mt5_bot - ADX boost: adx=41.1 \u2192 risk_pct=1.50%
2026-05-06 02:02:30 INFO mt5_bot - Execution status=skipped reason=no_closed_bar_crossover
2026-05-06 02:02:45 INFO mt5_bot - Balance=102029.96 Equity=102029.96 Spread=0.60 pips
2026-05-06 02:02:45 INFO mt5_bot - Signal=NONE reason=no_closed_bar_crossover price=None trend=bullish rsi=65.7 atr_pips=6.6 adx=41.1
2026-05-06 02:02:45 INFO mt5_bot - ADX boost: adx=41.1 \u2192 risk_pct=1.50%
2026-05-06 02:02:45 INFO mt5_bot - Execution status=skipped reason=no_closed_bar_crossover
2026-05-06 02:03:00 INFO mt5_bot - Balance=102029.96 Equity=102029.96 Spread=0.60 pips
2026-05-06 02:03:00 INFO mt5_bot - Signal=NONE reason=no_closed_bar_crossover price=None trend=bullish rsi=65.7 atr_pips=6.6 adx=41.1
2026-05-06 02:03:00 INFO mt5_bot - ADX boost: adx=41.1 \u2192 risk_pct=1.50%
2026-05-06 02:03:00 INFO mt5_bot - Execution status=skipped reason=no_closed_bar_crossover
2026-05-06 02:03:15 INFO mt5_bot - Balance=102029.96 Equity=102029.96 Spread=0.60 pips
2026-05-06 02:03:15 INFO mt5_bot - Signal=NONE reason=no_closed_bar_crossover price=None trend=bullish rsi=65.7 atr_pips=6.6 adx=41.1
2026-05-06 02:03:15 INFO mt5_bot - ADX boost: adx=41.1 \u2192 risk_pct=1.50%
2026-05-06 02:03:15 INFO mt5_bot - Execution status=skipped reason=no_closed_bar_crossover
2026-05-06 02:03:30 INFO mt5_bot - Balance=102029.96 Equity=102029.96 Spread=0.60 pips
2026-05-06 02:03:30 INFO mt5_bot - Signal=NONE reason=no_closed_bar_crossover price=None trend=bullish rsi=65.7 atr_pips=6.6 adx=41.1
2026-05-06 02:03:30 INFO mt5_bot - ADX boost: adx=41.1 \u2192 risk_pct=1.50%
2026-05-06 02:03:30 INFO mt5_bot - Execution status=skipped reason=no_closed_bar_crossover
2026-05-06 02:03:45 INFO mt5_bot - Balance=102029.96 Equity=102029.96 Spread=0.60 pips
2026-05-06 02:03:45 INFO mt5_bot - Signal=NONE reason=no_closed_bar_crossover price=None trend=bullish rsi=65.7 atr_pips=6.6 adx=41.1
2026-05-06 02:03:45 INFO mt5_bot - ADX boost: adx=41.1 \u2192 risk_pct=1.50%
2026-05-06 02:03:45 INFO mt5_bot - Execution status=skipped reason=no_closed_bar_crossover
2026-05-06 02:04:00 INFO mt5_bot - Balance=102029.96 Equity=102029.96 Spread=0.60 pips
2026-05-06 02:04:00 INFO mt5_bot - Signal=NONE reason=no_closed_bar_crossover price=None trend=bullish rsi=65.7 atr_pips=6.6 adx=41.1
2026-05-06 02:04:00 INFO mt5_bot - ADX boost: adx=41.1 \u2192 risk_pct=1.50%
2026-05-06 02:04:00 INFO mt5_bot - Execution status=skipped reason=no_closed_bar_crossover
2026-05-06 02:04:15 INFO mt5_bot - Balance=102029.96 Equity=102029.96 Spread=0.60 pips
2026-05-06 02:04:15 INFO mt5_bot - Signal=NONE reason=no_closed_bar_crossover price=None trend=bullish rsi=65.7 atr_pips=6.6 adx=41.1
2026-05-06 02:04:15 INFO mt5_bot - ADX boost: adx=41.1 \u2192 risk_pct=1.50%
2026-05-06 02:04:15 INFO mt5_bot - Execution status=skipped reason=no_closed_bar_crossover
2026-05-06 02:04:30 INFO mt5_bot - Balance=102029.96 Equity=102029.96 Spread=0.60 pips
2026-05-06 02:04:30 INFO mt5_bot - Signal=NONE reason=no_closed_bar_crossover price=None trend=bullish rsi=65.7 atr_pips=6.6 adx=41.1
2026-05-06 02:04:30 INFO mt5_bot - ADX boost: adx=41.1 \u2192 risk_pct=1.50%
2026-05-06 02:04:30 INFO mt5_bot - Execution status=skipped reason=no_closed_bar_crossover
2026-05-06 02:04:45 INFO mt5_bot - Balance=102029.96 Equity=102029.96 Spread=0.60 pips
2026-05-06 02:04:45 INFO mt5_bot - Signal=NONE reason=no_closed_bar_crossover price=None trend=bullish rsi=65.7 atr_pips=6.6 adx=41.1
2026-05-06 02:04:45 INFO mt5_bot - ADX boost: adx=41.1 \u2192 risk_pct=1.50%
2026-05-06 02:04:45 INFO mt5_bot - Execution status=skipped reason=no_closed_bar_crossover
2026-05-06 02:05:00 INFO mt5_bot - Balance=102029.96 Equity=102029.96 Spread=0.60 pips
2026-05-06 02:05:00 INFO mt5_bot - Signal=NONE reason=no_closed_bar_crossover price=None trend=bullish rsi=65.7 atr_pips=6.6 adx=41.1
2026-05-06 02:05:00 INFO mt5_bot - ADX boost: adx=41.1 \u2192 risk_pct=1.50%
2026-05-06 02:05:00 INFO mt5_bot - Execution status=skipped reason=no_closed_bar_crossover
2026-05-06 02:05:15 INFO mt5_bot - Balance=102029.96 Equity=102029.96 Spread=0.60 pips
2026-05-06 02:05:15 INFO mt5_bot - Signal=NONE reason=no_closed_bar_crossover price=None trend=bullish rsi=65.7 atr_pips=6.6 adx=41.1
2026-05-06 02:05:15 INFO mt5_bot - ADX boost: adx=41.1 \u2192 risk_pct=1.50%
2026-05-06 02:05:15 INFO mt5_bot - Execution status=skipped reason=no_closed_bar_crossover
2026-05-06 02:05:30 INFO mt5_bot - Balance=102029.96 Equity=102029.96 Spread=0.60 pips
2026-05-06 02:05:30 INFO mt5_bot - Signal=NONE reason=no_closed_bar_crossover price=None trend=bullish rsi=65.7 atr_pips=6.6 adx=41.1
2026-05-06 02:05:30 INFO mt5_bot - ADX boost: adx=41.1 \u2192 risk_pct=1.50%
2026-05-06 02:05:30 INFO mt5_bot - Execution status=skipped reason=no_closed_bar_crossover
2026-05-06 02:05:45 INFO mt5_bot - Balance=102029.96 Equity=102029.96 Spread=0.60 pips
2026-05-06 02:05:45 INFO mt5_bot - Signal=NONE reason=no_closed_bar_crossover price=None trend=bullish rsi=65.7 atr_pips=6.6 adx=41.1
2026-05-06 02:05:45 INFO mt5_bot - ADX boost: adx=41.1 \u2192 risk_pct=1.50%
2026-05-06 02:05:45 INFO mt5_bot - Execution status=skipped reason=no_closed_bar_crossover
2026-05-06 02:06:00 INFO mt5_bot - Balance=102029.96 Equity=102029.96 Spread=0.60 pips
2026-05-06 02:06:00 INFO mt5_bot - Signal=NONE reason=no_closed_bar_crossover price=None trend=bullish rsi=65.7 atr_pips=6.6 adx=41.1
2026-05-06 02:06:00 INFO mt5_bot - ADX boost: adx=41.1 \u2192 risk_pct=1.50%
2026-05-06 02:06:00 INFO mt5_bot - Execution status=skipped reason=no_closed_bar_crossover
2026-05-06 02:06:15 INFO mt5_bot - Balance=102029.96 Equity=102029.96 Spread=0.60 pips
2026-05-06 02:06:15 INFO mt5_bot - Signal=NONE reason=no_closed_bar_crossover price=None trend=bullish rsi=65.7 atr_pips=6.6 adx=41.1
2026-05-06 02:06:15 INFO mt5_bot - ADX boost: adx=41.1 \u2192 risk_pct=1.50%
2026-05-06 02:06:15 INFO mt5_bot - Execution status=skipped reason=no_closed_bar_crossover
2026-05-06 02:06:30 INFO mt5_bot - Balance=102029.96 Equity=102029.96 Spread=0.60 pips
2026-05-06 02:06:30 INFO mt5_bot - Signal=NONE reason=no_closed_bar_crossover price=None trend=bullish rsi=65.7 atr_pips=6.6 adx=41.1
2026-05-06 02:06:30 INFO mt5_bot - ADX boost: adx=41.1 \u2192 risk_pct=1.50%
2026-05-06 02:06:30 INFO mt5_bot - Execution status=skipped reason=no_closed_bar_crossover
2026-05-06 02:06:45 INFO mt5_bot - Balance=102029.96 Equity=102029.96 Spread=0.60 pips
2026-05-06 02:06:45 INFO mt5_bot - Signal=NONE reason=no_closed_bar_crossover price=None trend=bullish rsi=65.7 atr_pips=6.6 adx=41.1
2026-05-06 02:06:45 INFO mt5_bot - ADX boost: adx=41.1 \u2192 risk_pct=1.50%
2026-05-06 02:06:45 INFO mt5_bot - Execution status=skipped reason=no_closed_bar_crossover
2026-05-06 02:07:00 INFO mt5_bot - Balance=102029.96 Equity=102029.96 Spread=0.60 pips
2026-05-06 02:07:00 INFO mt5_bot - Signal=NONE reason=no_closed_bar_crossover price=None trend=bullish rsi=65.7 atr_pips=6.6 adx=41.1
2026-05-06 02:07:00 INFO mt5_bot - ADX boost: adx=41.1 \u2192 risk_pct=1.50%
2026-05-06 02:07:00 INFO mt5_bot - Execution status=skipped reason=no_closed_bar_crossover
2026-05-06 02:07:15 INFO mt5_bot - Balance=102029.96 Equity=102029.96 Spread=0.60 pips
2026-05-06 02:07:15 INFO mt5_bot - Signal=NONE reason=no_closed_bar_crossover price=None trend=bullish rsi=65.7 atr_pips=6.6 adx=41.1
2026-05-06 02:07:15 INFO mt5_bot - ADX boost: adx=41.1 \u2192 risk_pct=1.50%
2026-05-06 02:07:15 INFO mt5_bot - Execution status=skipped reason=no_closed_bar_crossover
2026-05-06 02:07:30 INFO mt5_bot - Balance=102029.96 Equity=102029.96 Spread=0.60 pips
2026-05-06 02:07:30 INFO mt5_bot - Signal=NONE reason=no_closed_bar_crossover price=None trend=bullish rsi=65.7 atr_pips=6.6 adx=41.1
2026-05-06 02:07:30 INFO mt5_bot - ADX boost: adx=41.1 \u2192 risk_pct=1.50%
2026-05-06 02:07:30 INFO mt5_bot - Execution status=skipped reason=no_closed_bar_crossover
2026-05-06 02:07:45 INFO mt5_bot - Balance=102029.96 Equity=102029.96 Spread=0.60 pips
2026-05-06 02:07:45 INFO mt5_bot - Signal=NONE reason=no_closed_bar_crossover price=None trend=bullish rsi=65.7 atr_pips=6.6 adx=41.1
2026-05-06 02:07:45 INFO mt5_bot - ADX boost: adx=41.1 \u2192 risk_pct=1.50%
2026-05-06 02:07:45 INFO mt5_bot - Execution status=skipped reason=no_closed_bar_crossover
2026-05-06 02:08:00 INFO mt5_bot - Balance=102029.96 Equity=102029.96 Spread=0.60 pips
2026-05-06 02:08:00 INFO mt5_bot - Signal=NONE reason=no_closed_bar_crossover price=None trend=bullish rsi=65.7 atr_pips=6.6 adx=41.1
2026-05-06 02:08:00 INFO mt5_bot - ADX boost: adx=41.1 \u2192 risk_pct=1.50%
2026-05-06 02:08:00 INFO mt5_bot - Execution status=skipped reason=no_closed_bar_crossover
2026-05-06 02:08:15 INFO mt5_bot - Balance=102029.96 Equity=102029.96 Spread=0.60 pips
2026-05-06 02:08:15 INFO mt5_bot - Signal=NONE reason=no_closed_bar_crossover price=None trend=bullish rsi=65.7 atr_pips=6.6 adx=41.1
2026-05-06 02:08:15 INFO mt5_bot - ADX boost: adx=41.1 \u2192 risk_pct=1.50%
2026-05-06 02:08:15 INFO mt5_bot - Execution status=skipped reason=no_closed_bar_crossover
2026-05-06 02:08:30 INFO mt5_bot - Balance=102029.96 Equity=102029.96 Spread=0.60 pips
2026-05-06 02:08:30 INFO mt5_bot - Signal=NONE reason=no_closed_bar_crossover price=None trend=bullish rsi=65.7 atr_pips=6.6 adx=41.1
2026-05-06 02:08:30 INFO mt5_bot - ADX boost: adx=41.1 \u2192 risk_pct=1.50%
2026-05-06 02:08:30 INFO mt5_bot - Execution status=skipped reason=no_closed_bar_crossover
2026-05-06 02:08:45 INFO mt5_bot - Balance=102029.96 Equity=102029.96 Spread=0.60 pips
2026-05-06 02:08:45 INFO mt5_bot - Signal=NONE reason=no_closed_bar_crossover price=None trend=bullish rsi=65.7 atr_pips=6.6 adx=41.1
2026-05-06 02:08:45 INFO mt5_bot - ADX boost: adx=41.1 \u2192 risk_pct=1.50%
2026-05-06 02:08:45 INFO mt5_bot - Execution status=skipped reason=no_closed_bar_crossover
2026-05-06 02:09:00 INFO mt5_bot - Balance=102029.96 Equity=102029.96 Spread=0.60 pips
2026-05-06 02:09:00 INFO mt5_bot - Signal=NONE reason=no_closed_bar_crossover price=None trend=bullish rsi=65.7 atr_pips=6.6 adx=41.1
2026-05-06 02:09:00 INFO mt5_bot - ADX boost: adx=41.1 \u2192 risk_pct=1.50%
2026-05-06 02:09:00 INFO mt5_bot - Execution status=skipped reason=no_closed_bar_crossover
2026-05-06 02:09:15 INFO mt5_bot - Balance=102029.96 Equity=102029.96 Spread=0.60 pips
2026-05-06 02:09:15 INFO mt5_bot - Signal=NONE reason=no_closed_bar_crossover price=None trend=bullish rsi=65.7 atr_pips=6.6 adx=41.1
2026-05-06 02:09:15 INFO mt5_bot - ADX boost: adx=41.1 \u2192 risk_pct=1.50%
2026-05-06 02:09:15 INFO mt5_bot - Execution status=skipped reason=no_closed_bar_crossover
2026-05-06 02:09:30 INFO mt5_bot - Balance=102029.96 Equity=102029.96 Spread=0.60 pips
2026-05-06 02:09:30 INFO mt5_bot - Signal=NONE reason=no_closed_bar_crossover price=None trend=bullish rsi=65.7 atr_pips=6.6 adx=41.1
2026-05-06 02:09:30 INFO mt5_bot - ADX boost: adx=41.1 \u2192 risk_pct=1.50%
2026-05-06 02:09:30 INFO mt5_bot - Execution status=skipped reason=no_closed_bar_crossover
2026-05-06 02:09:45 INFO mt5_bot - Balance=102029.96 Equity=102029.96 Spread=0.60 pips
2026-05-06 02:09:45 INFO mt5_bot - Signal=NONE reason=no_closed_bar_crossover price=None trend=bullish rsi=65.7 atr_pips=6.6 adx=41.1
2026-05-06 02:09:45 INFO mt5_bot - ADX boost: adx=41.1 \u2192 risk_pct=1.50%
2026-05-06 02:09:45 INFO mt5_bot - Execution status=skipped reason=no_closed_bar_crossover
2026-05-06 02:10:00 INFO mt5_bot - Balance=102029.96 Equity=102029.96 Spread=0.60 pips
2026-05-06 02:10:00 INFO mt5_bot - Signal=NONE reason=no_closed_bar_crossover price=None trend=bullish rsi=65.7 atr_pips=6.6 adx=41.1
2026-05-06 02:10:00 INFO mt5_bot - ADX boost: adx=41.1 \u2192 risk_pct=1.50%
2026-05-06 02:10:00 INFO mt5_bot - Execution status=skipped reason=no_closed_bar_crossover
2026-05-06 02:10:15 INFO mt5_bot - Balance=102029.96 Equity=102029.96 Spread=0.60 pips
2026-05-06 02:10:15 INFO mt5_bot - Signal=NONE reason=no_closed_bar_crossover price=None trend=bullish rsi=65.7 atr_pips=6.6 adx=41.1
2026-05-06 02:10:15 INFO mt5_bot - ADX boost: adx=41.1 \u2192 risk_pct=1.50%
2026-05-06 02:10:15 INFO mt5_bot - Execution status=skipped reason=no_closed_bar_crossover
2026-05-06 02:10:30 INFO mt5_bot - Balance=102029.96 Equity=102029.96 Spread=0.60 pips
2026-05-06 02:10:30 INFO mt5_bot - Signal=NONE reason=no_closed_bar_crossover price=None trend=bullish rsi=65.7 atr_pips=6.6 adx=41.1
2026-05-06 02:10:30 INFO mt5_bot - ADX boost: adx=41.1 \u2192 risk_pct=1.50%
2026-05-06 02:10:30 INFO mt5_bot - Execution status=skipped reason=no_closed_bar_crossover
2026-05-06 02:10:45 INFO mt5_bot - Balance=102029.96 Equity=102029.96 Spread=0.60 pips
2026-05-06 02:10:45 INFO mt5_bot - Signal=NONE reason=no_closed_bar_crossover price=None trend=bullish rsi=65.7 atr_pips=6.6 adx=41.1
2026-05-06 02:10:45 INFO mt5_bot - ADX boost: adx=41.1 \u2192 risk_pct=1.50%
2026-05-06 02:10:45 INFO mt5_bot - Execution status=skipped reason=no_closed_bar_crossover
2026-05-06 02:11:00 INFO mt5_bot - Balance=102029.96 Equity=102029.96 Spread=0.60 pips
2026-05-06 02:11:00 INFO mt5_bot - Signal=NONE reason=no_closed_bar_crossover price=None trend=bullish rsi=65.7 atr_pips=6.6 adx=41.1
2026-05-06 02:11:00 INFO mt5_bot - ADX boost: adx=41.1 \u2192 risk_pct=1.50%
2026-05-06 02:11:00 INFO mt5_bot - Execution status=skipped reason=no_closed_bar_crossover
2026-05-06 02:11:15 INFO mt5_bot - Balance=102029.96 Equity=102029.96 Spread=0.60 pips
2026-05-06 02:11:15 INFO mt5_bot - Signal=NONE reason=no_closed_bar_crossover price=None trend=bullish rsi=65.7 atr_pips=6.6 adx=41.1
2026-05-06 02:11:15 INFO mt5_bot - ADX boost: adx=41.1 \u2192 risk_pct=1.50%
2026-05-06 02:11:15 INFO mt5_bot - Execution status=skipped reason=no_closed_bar_crossover
2026-05-06 02:11:30 INFO mt5_bot - Balance=102029.96 Equity=102029.96 Spread=0.60 pips
2026-05-06 02:11:30 INFO mt5_bot - Signal=NONE reason=no_closed_bar_crossover price=None trend=bullish rsi=65.7 atr_pips=6.6 adx=41.1
2026-05-06 02:11:30 INFO mt5_bot - ADX boost: adx=41.1 \u2192 risk_pct=1.50%
2026-05-06 02:11:30 INFO mt5_bot - Execution status=skipped reason=no_closed_bar_crossover
2026-05-06 02:11:45 INFO mt5_bot - Balance=102029.96 Equity=102029.96 Spread=0.60 pips
2026-05-06 02:11:45 INFO mt5_bot - Signal=NONE reason=no_closed_bar_crossover price=None trend=bullish rsi=65.7 atr_pips=6.6 adx=41.1
2026-05-06 02:11:45 INFO mt5_bot - ADX boost: adx=41.1 \u2192 risk_pct=1.50%
2026-05-06 02:11:45 INFO mt5_bot - Execution status=skipped reason=no_closed_bar_crossover
2026-05-06 02:12:00 INFO mt5_bot - Balance=102029.96 Equity=102029.96 Spread=0.60 pips
2026-05-06 02:12:00 INFO mt5_bot - Signal=NONE reason=no_closed_bar_crossover price=None trend=bullish rsi=65.7 atr_pips=6.6 adx=41.1
2026-05-06 02:12:00 INFO mt5_bot - ADX boost: adx=41.1 \u2192 risk_pct=1.50%
2026-05-06 02:12:00 INFO mt5_bot - Execution status=skipped reason=no_closed_bar_crossover
2026-05-06 02:12:15 INFO mt5_bot - Balance=102029.96 Equity=102029.96 Spread=0.60 pips
2026-05-06 02:12:15 INFO mt5_bot - Signal=NONE reason=no_closed_bar_crossover price=None trend=bullish rsi=65.7 atr_pips=6.6 adx=41.1
2026-05-06 02:12:15 INFO mt5_bot - ADX boost: adx=41.1 \u2192 risk_pct=1.50%
2026-05-06 02:12:15 INFO mt5_bot - Execution status=skipped reason=no_closed_bar_crossover
2026-05-06 02:12:30 INFO mt5_bot - Balance=102029.96 Equity=102029.96 Spread=0.60 pips
2026-05-06 02:12:30 INFO mt5_bot - Signal=NONE reason=no_closed_bar_crossover price=None trend=bullish rsi=65.7 atr_pips=6.6 adx=41.1
2026-05-06 02:12:30 INFO mt5_bot - ADX boost: adx=41.1 \u2192 risk_pct=1.50%
2026-05-06 02:12:30 INFO mt5_bot - Execution status=skipped reason=no_closed_bar_crossover
2026-05-06 02:12:45 INFO mt5_bot - Balance=102029.96 Equity=102029.96 Spread=0.60 pips
2026-05-06 02:12:45 INFO mt5_bot - Signal=NONE reason=no_closed_bar_crossover price=None trend=bullish rsi=65.7 atr_pips=6.6 adx=41.1
2026-05-06 02:12:45 INFO mt5_bot - ADX boost: adx=41.1 \u2192 risk_pct=1.50%
2026-05-06 02:12:45 INFO mt5_bot - Execution status=skipped reason=no_closed_bar_crossover
2026-05-06 02:13:00 INFO mt5_bot - Balance=102029.96 Equity=102029.96 Spread=0.60 pips
2026-05-06 02:13:00 INFO mt5_bot - Signal=NONE reason=no_closed_bar_crossover price=None trend=bullish rsi=65.7 atr_pips=6.6 adx=41.1
2026-05-06 02:13:00 INFO mt5_bot - ADX boost: adx=41.1 \u2192 risk_pct=1.50%
2026-05-06 02:13:00 INFO mt5_bot - Execution status=skipped reason=no_closed_bar_crossover
2026-05-06 02:13:15 INFO mt5_bot - Balance=102029.96 Equity=102029.96 Spread=0.60 pips
2026-05-06 02:13:15 INFO mt5_bot - Signal=NONE reason=no_closed_bar_crossover price=None trend=bullish rsi=65.7 atr_pips=6.6 adx=41.1
2026-05-06 02:13:15 INFO mt5_bot - ADX boost: adx=41.1 \u2192 risk_pct=1.50%
2026-05-06 02:13:15 INFO mt5_bot - Execution status=skipped reason=no_closed_bar_crossover
2026-05-06 02:13:30 INFO mt5_bot - Balance=102029.96 Equity=102029.96 Spread=0.60 pips
2026-05-06 02:13:30 INFO mt5_bot - Signal=NONE reason=no_closed_bar_crossover price=None trend=bullish rsi=65.7 atr_pips=6.6 adx=41.1
2026-05-06 02:13:30 INFO mt5_bot - ADX boost: adx=41.1 \u2192 risk_pct=1.50%
2026-05-06 02:13:30 INFO mt5_bot - Execution status=skipped reason=no_closed_bar_crossover
2026-05-06 02:13:45 INFO mt5_bot - Balance=102029.96 Equity=102029.96 Spread=0.60 pips
2026-05-06 02:13:45 INFO mt5_bot - Signal=NONE reason=no_closed_bar_crossover price=None trend=bullish rsi=65.7 atr_pips=6.6 adx=41.1
2026-05-06 02:13:45 INFO mt5_bot - ADX boost: adx=41.1 \u2192 risk_pct=1.50%
2026-05-06 02:13:45 INFO mt5_bot - Execution status=skipped reason=no_closed_bar_crossover
2026-05-06 02:14:00 INFO mt5_bot - Balance=102029.96 Equity=102029.96 Spread=0.60 pips
2026-05-06 02:14:00 INFO mt5_bot - Signal=NONE reason=no_closed_bar_crossover price=None trend=bullish rsi=65.7 atr_pips=6.6 adx=41.1
2026-05-06 02:14:00 INFO mt5_bot - ADX boost: adx=41.1 \u2192 risk_pct=1.50%
2026-05-06 02:14:00 INFO mt5_bot - Execution status=skipped reason=no_closed_bar_crossover
2026-05-06 02:14:15 INFO mt5_bot - Balance=102029.96 Equity=102029.96 Spread=0.60 pips
2026-05-06 02:14:15 INFO mt5_bot - Signal=NONE reason=no_closed_bar_crossover price=None trend=bullish rsi=65.7 atr_pips=6.6 adx=41.1
2026-05-06 02:14:15 INFO mt5_bot - ADX boost: adx=41.1 \u2192 risk_pct=1.50%
2026-05-06 02:14:15 INFO mt5_bot - Execution status=skipped reason=no_closed_bar_crossover
2026-05-06 02:14:30 INFO mt5_bot - Balance=102029.96 Equity=102029.96 Spread=0.60 pips
2026-05-06 02:14:30 INFO mt5_bot - Signal=NONE reason=no_closed_bar_crossover price=None trend=bullish rsi=65.7 atr_pips=6.6 adx=41.1
2026-05-06 02:14:30 INFO mt5_bot - ADX boost: adx=41.1 \u2192 risk_pct=1.50%
2026-05-06 02:14:30 INFO mt5_bot - Execution status=skipped reason=no_closed_bar_crossover
2026-05-06 02:14:45 INFO mt5_bot - Balance=102029.96 Equity=102029.96 Spread=0.60 pips
2026-05-06 02:14:45 INFO mt5_bot - Signal=NONE reason=no_closed_bar_crossover price=None trend=bullish rsi=65.7 atr_pips=6.6 adx=41.1
2026-05-06 02:14:45 INFO mt5_bot - ADX boost: adx=41.1 \u2192 risk_pct=1.50%
2026-05-06 02:14:45 INFO mt5_bot - Execution status=skipped reason=no_closed_bar_crossover
2026-05-06 02:15:00 INFO mt5_bot - Balance=102029.96 Equity=102029.96 Spread=0.60 pips
2026-05-06 02:15:00 INFO mt5_bot - Signal=NONE reason=no_closed_bar_crossover price=None trend=bullish rsi=59.2 atr_pips=6.8 adx=41.6
2026-05-06 02:15:00 INFO mt5_bot - ADX boost: adx=41.6 \u2192 risk_pct=1.50%
2026-05-06 02:15:00 INFO mt5_bot - Execution status=skipped reason=no_closed_bar_crossover
2026-05-06 02:15:15 INFO mt5_bot - Balance=102029.96 Equity=102029.96 Spread=0.60 pips
2026-05-06 02:15:15 INFO mt5_bot - Signal=NONE reason=no_closed_bar_crossover price=None trend=bullish rsi=59.2 atr_pips=6.8 adx=41.6
2026-05-06 02:15:15 INFO mt5_bot - ADX boost: adx=41.6 \u2192 risk_pct=1.50%
2026-05-06 02:15:15 INFO mt5_bot - Execution status=skipped reason=no_closed_bar_crossover
2026-05-06 02:15:30 INFO mt5_bot - Balance=102029.96 Equity=102029.96 Spread=0.60 pips
2026-05-06 02:15:30 INFO mt5_bot - Signal=NONE reason=no_closed_bar_crossover price=None trend=bullish rsi=59.2 atr_pips=6.8 adx=41.6
2026-05-06 02:15:30 INFO mt5_bot - ADX boost: adx=41.6 \u2192 risk_pct=1.50%
2026-05-06 02:15:30 INFO mt5_bot - Execution status=skipped reason=no_closed_bar_crossover
2026-05-06 02:15:45 INFO mt5_bot - Balance=102029.96 Equity=102029.96 Spread=0.60 pips
2026-05-06 02:15:45 INFO mt5_bot - Signal=NONE reason=no_closed_bar_crossover price=None trend=bullish rsi=59.2 atr_pips=6.8 adx=41.6
2026-05-06 02:15:45 INFO mt5_bot - ADX boost: adx=41.6 \u2192 risk_pct=1.50%
2026-05-06 02:15:45 INFO mt5_bot - Execution status=skipped reason=no_closed_bar_crossover
2026-05-06 02:16:00 INFO mt5_bot - Balance=102029.96 Equity=102029.96 Spread=0.60 pips
2026-05-06 02:16:00 INFO mt5_bot - Signal=NONE reason=no_closed_bar_crossover price=None trend=bullish rsi=59.2 atr_pips=6.8 adx=41.6
2026-05-06 02:16:00 INFO mt5_bot - ADX boost: adx=41.6 \u2192 risk_pct=1.50%
2026-05-06 02:16:00 INFO mt5_bot - Execution status=skipped reason=no_closed_bar_crossover
2026-05-06 02:16:15 INFO mt5_bot - Balance=102029.96 Equity=102029.96 Spread=0.60 pips
2026-05-06 02:16:15 INFO mt5_bot - Signal=NONE reason=no_closed_bar_crossover price=None trend=bullish rsi=59.2 atr_pips=6.8 adx=41.6
2026-05-06 02:16:15 INFO mt5_bot - ADX boost: adx=41.6 \u2192 risk_pct=1.50%
2026-05-06 02:16:15 INFO mt5_bot - Execution status=skipped reason=no_closed_bar_crossover
2026-05-06 02:16:30 INFO mt5_bot - Balance=102029.96 Equity=102029.96 Spread=0.60 pips
2026-05-06 02:16:30 INFO mt5_bot - Signal=NONE reason=no_closed_bar_crossover price=None trend=bullish rsi=59.2 atr_pips=6.8 adx=41.6
2026-05-06 02:16:30 INFO mt5_bot - ADX boost: adx=41.6 \u2192 risk_pct=1.50%
2026-05-06 02:16:30 INFO mt5_bot - Execution status=skipped reason=no_closed_bar_crossover
2026-05-06 02:16:45 INFO mt5_bot - Balance=102029.96 Equity=102029.96 Spread=0.60 pips
2026-05-06 02:16:45 INFO mt5_bot - Signal=NONE reason=no_closed_bar_crossover price=None trend=bullish rsi=59.2 atr_pips=6.8 adx=41.6
2026-05-06 02:16:45 INFO mt5_bot - ADX boost: adx=41.6 \u2192 risk_pct=1.50%
2026-05-06 02:16:45 INFO mt5_bot - Execution status=skipped reason=no_closed_bar_crossover
2026-05-06 02:17:00 INFO mt5_bot - Balance=102029.96 Equity=102029.96 Spread=0.60 pips
2026-05-06 02:17:00 INFO mt5_bot - Signal=NONE reason=no_closed_bar_crossover price=None trend=bullish rsi=59.2 atr_pips=6.8 adx=41.6
2026-05-06 02:17:00 INFO mt5_bot - ADX boost: adx=41.6 \u2192 risk_pct=1.50%
2026-05-06 02:17:00 INFO mt5_bot - Execution status=skipped reason=no_closed_bar_crossover
2026-05-06 02:17:15 INFO mt5_bot - Balance=102029.96 Equity=102029.96 Spread=0.60 pips
2026-05-06 02:17:15 INFO mt5_bot - Signal=NONE reason=no_closed_bar_crossover price=None trend=bullish rsi=59.2 atr_pips=6.8 adx=41.6
2026-05-06 02:17:15 INFO mt5_bot - ADX boost: adx=41.6 \u2192 risk_pct=1.50%
2026-05-06 02:17:15 INFO mt5_bot - Execution status=skipped reason=no_closed_bar_crossover
2026-05-06 02:17:30 INFO mt5_bot - Balance=102029.96 Equity=102029.96 Spread=0.60 pips
2026-05-06 02:17:30 INFO mt5_bot - Signal=NONE reason=no_closed_bar_crossover price=None trend=bullish rsi=59.2 atr_pips=6.8 adx=41.6
2026-05-06 02:17:30 INFO mt5_bot - ADX boost: adx=41.6 \u2192 risk_pct=1.50%
2026-05-06 02:17:30 INFO mt5_bot - Execution status=skipped reason=no_closed_bar_crossover
2026-05-06 02:17:45 INFO mt5_bot - Balance=102029.96 Equity=102029.96 Spread=0.60 pips
2026-05-06 02:17:45 INFO mt5_bot - Signal=NONE reason=no_closed_bar_crossover price=None trend=bullish rsi=59.2 atr_pips=6.8 adx=41.6
2026-05-06 02:17:45 INFO mt5_bot - ADX boost: adx=41.6 \u2192 risk_pct=1.50%
2026-05-06 02:17:45 INFO mt5_bot - Execution status=skipped reason=no_closed_bar_crossover
2026-05-06 02:18:00 INFO mt5_bot - Balance=102029.96 Equity=102029.96 Spread=0.60 pips
2026-05-06 02:18:01 INFO mt5_bot - Signal=NONE reason=no_closed_bar_crossover price=None trend=bullish rsi=59.2 atr_pips=6.8 adx=41.6
2026-05-06 02:18:01 INFO mt5_bot - ADX boost: adx=41.6 \u2192 risk_pct=1.50%
2026-05-06 02:18:01 INFO mt5_bot - Execution status=skipped reason=no_closed_bar_crossover
2026-05-06 02:18:16 INFO mt5_bot - Balance=102029.96 Equity=102029.96 Spread=0.60 pips
2026-05-06 02:18:16 INFO mt5_bot - Signal=NONE reason=no_closed_bar_crossover price=None trend=bullish rsi=59.2 atr_pips=6.8 adx=41.6
2026-05-06 02:18:16 INFO mt5_bot - ADX boost: adx=41.6 \u2192 risk_pct=1.50%
2026-05-06 02:18:16 INFO mt5_bot - Execution status=skipped reason=no_closed_bar_crossover
2026-05-06 02:18:31 INFO mt5_bot - Balance=102029.96 Equity=102029.96 Spread=0.60 pips
2026-05-06 02:18:31 INFO mt5_bot - Signal=NONE reason=no_closed_bar_crossover price=None trend=bullish rsi=59.2 atr_pips=6.8 adx=41.6
2026-05-06 02:18:31 INFO mt5_bot - ADX boost: adx=41.6 \u2192 risk_pct=1.50%
2026-05-06 02:18:31 INFO mt5_bot - Execution status=skipped reason=no_closed_bar_crossover
2026-05-06 02:18:46 INFO mt5_bot - Balance=102029.96 Equity=102029.96 Spread=0.60 pips
2026-05-06 02:18:46 INFO mt5_bot - Signal=NONE reason=no_closed_bar_crossover price=None trend=bullish rsi=59.2 atr_pips=6.8 adx=41.6
2026-05-06 02:18:46 INFO mt5_bot - ADX boost: adx=41.6 \u2192 risk_pct=1.50%
2026-05-06 02:18:46 INFO mt5_bot - Execution status=skipped reason=no_closed_bar_crossover
2026-05-06 02:19:01 INFO mt5_bot - Balance=102029.96 Equity=102029.96 Spread=0.60 pips
2026-05-06 02:19:01 INFO mt5_bot - Signal=NONE reason=no_closed_bar_crossover price=None trend=bullish rsi=59.2 atr_pips=6.8 adx=41.6
2026-05-06 02:19:01 INFO mt5_bot - ADX boost: adx=41.6 \u2192 risk_pct=1.50%
2026-05-06 02:19:01 INFO mt5_bot - Execution status=skipped reason=no_closed_bar_crossover
2026-05-06 02:19:16 INFO mt5_bot - Balance=102029.96 Equity=102029.96 Spread=0.60 pips
2026-05-06 02:19:16 INFO mt5_bot - Signal=NONE reason=no_closed_bar_crossover price=None trend=bullish rsi=59.2 atr_pips=6.8 adx=41.6
2026-05-06 02:19:16 INFO mt5_bot - ADX boost: adx=41.6 \u2192 risk_pct=1.50%
2026-05-06 02:19:16 INFO mt5_bot - Execution status=skipped reason=no_closed_bar_crossover
2026-05-06 02:19:31 INFO mt5_bot - Balance=102029.96 Equity=102029.96 Spread=0.60 pips
2026-05-06 02:19:31 INFO mt5_bot - Signal=NONE reason=no_closed_bar_crossover price=None trend=bullish rsi=59.2 atr_pips=6.8 adx=41.6
2026-05-06 02:19:31 INFO mt5_bot - ADX boost: adx=41.6 \u2192 risk_pct=1.50%
2026-05-06 02:19:31 INFO mt5_bot - Execution status=skipped reason=no_closed_bar_crossover
2026-05-06 02:19:46 INFO mt5_bot - Balance=102029.96 Equity=102029.96 Spread=0.60 pips
2026-05-06 02:19:46 INFO mt5_bot - Signal=NONE reason=no_closed_bar_crossover price=None trend=bullish rsi=59.2 atr_pips=6.8 adx=41.6
2026-05-06 02:19:46 INFO mt5_bot - ADX boost: adx=41.6 \u2192 risk_pct=1.50%
2026-05-06 02:19:46 INFO mt5_bot - Execution status=skipped reason=no_closed_bar_crossover
2026-05-06 02:20:01 INFO mt5_bot - Balance=102029.96 Equity=102029.96 Spread=0.60 pips
2026-05-06 02:20:01 INFO mt5_bot - Signal=NONE reason=no_closed_bar_crossover price=None trend=bullish rsi=59.2 atr_pips=6.8 adx=41.6
2026-05-06 02:20:01 INFO mt5_bot - ADX boost: adx=41.6 \u2192 risk_pct=1.50%
2026-05-06 02:20:01 INFO mt5_bot - Execution status=skipped reason=no_closed_bar_crossover
2026-05-06 02:20:16 INFO mt5_bot - Balance=102029.96 Equity=102029.96 Spread=0.60 pips
2026-05-06 02:20:16 INFO mt5_bot - Signal=NONE reason=no_closed_bar_crossover price=None trend=bullish rsi=59.2 atr_pips=6.8 adx=41.6
2026-05-06 02:20:16 INFO mt5_bot - ADX boost: adx=41.6 \u2192 risk_pct=1.50%
2026-05-06 02:20:16 INFO mt5_bot - Execution status=skipped reason=no_closed_bar_crossover
2026-05-06 02:20:31 INFO mt5_bot - Balance=102029.96 Equity=102029.96 Spread=0.60 pips
2026-05-06 02:20:31 INFO mt5_bot - Signal=NONE reason=no_closed_bar_crossover price=None trend=bullish rsi=59.2 atr_pips=6.8 adx=41.6
2026-05-06 02:20:31 INFO mt5_bot - ADX boost: adx=41.6 \u2192 risk_pct=1.50%
2026-05-06 02:20:31 INFO mt5_bot - Execution status=skipped reason=no_closed_bar_crossover
2026-05-06 02:20:46 INFO mt5_bot - Balance=102029.96 Equity=102029.96 Spread=0.60 pips
2026-05-06 02:20:46 INFO mt5_bot - Signal=NONE reason=no_closed_bar_crossover price=None trend=bullish rsi=59.2 atr_pips=6.8 adx=41.6
2026-05-06 02:20:46 INFO mt5_bot - ADX boost: adx=41.6 \u2192 risk_pct=1.50%
2026-05-06 02:20:46 INFO mt5_bot - Execution status=skipped reason=no_closed_bar_crossover
2026-05-06 02:21:01 INFO mt5_bot - Balance=102029.96 Equity=102029.96 Spread=0.60 pips
2026-05-06 02:21:01 INFO mt5_bot - Signal=NONE reason=no_closed_bar_crossover price=None trend=bullish rsi=59.2 atr_pips=6.8 adx=41.6
2026-05-06 02:21:01 INFO mt5_bot - ADX boost: adx=41.6 \u2192 risk_pct=1.50%
2026-05-06 02:21:01 INFO mt5_bot - Execution status=skipped reason=no_closed_bar_crossover
2026-05-06 02:21:16 INFO mt5_bot - Balance=102029.96 Equity=102029.96 Spread=0.60 pips
2026-05-06 02:21:16 INFO mt5_bot - Signal=NONE reason=no_closed_bar_crossover price=None trend=bullish rsi=59.2 atr_pips=6.8 adx=41.6
2026-05-06 02:21:16 INFO mt5_bot - ADX boost: adx=41.6 \u2192 risk_pct=1.50%
2026-05-06 02:21:16 INFO mt5_bot - Execution status=skipped reason=no_closed_bar_crossover
2026-05-06 02:21:31 INFO mt5_bot - Balance=102029.96 Equity=102029.96 Spread=0.60 pips
2026-05-06 02:21:31 INFO mt5_bot - Signal=NONE reason=no_closed_bar_crossover price=None trend=bullish rsi=59.2 atr_pips=6.8 adx=41.6
2026-05-06 02:21:31 INFO mt5_bot - ADX boost: adx=41.6 \u2192 risk_pct=1.50%
2026-05-06 02:21:31 INFO mt5_bot - Execution status=skipped reason=no_closed_bar_crossover
2026-05-06 02:21:46 INFO mt5_bot - Balance=102029.96 Equity=102029.96 Spread=0.60 pips
2026-05-06 02:21:46 INFO mt5_bot - Signal=NONE reason=no_closed_bar_crossover price=None trend=bullish rsi=59.2 atr_pips=6.8 adx=41.6
2026-05-06 02:21:46 INFO mt5_bot - ADX boost: adx=41.6 \u2192 risk_pct=1.50%
2026-05-06 02:21:46 INFO mt5_bot - Execution status=skipped reason=no_closed_bar_crossover
2026-05-06 02:22:01 INFO mt5_bot - Balance=102029.96 Equity=102029.96 Spread=0.60 pips
2026-05-06 02:22:01 INFO mt5_bot - Signal=NONE reason=no_closed_bar_crossover price=None trend=bullish rsi=59.2 atr_pips=6.8 adx=41.6
2026-05-06 02:22:01 INFO mt5_bot - ADX boost: adx=41.6 \u2192 risk_pct=1.50%
2026-05-06 02:22:01 INFO mt5_bot - Execution status=skipped reason=no_closed_bar_crossover
2026-05-06 02:22:16 INFO mt5_bot - Balance=102029.96 Equity=102029.96 Spread=0.60 pips
2026-05-06 02:22:16 INFO mt5_bot - Signal=NONE reason=no_closed_bar_crossover price=None trend=bullish rsi=59.2 atr_pips=6.8 adx=41.6
2026-05-06 02:22:16 INFO mt5_bot - ADX boost: adx=41.6 \u2192 risk_pct=1.50%
2026-05-06 02:22:16 INFO mt5_bot - Execution status=skipped reason=no_closed_bar_crossover
2026-05-06 02:22:31 INFO mt5_bot - Balance=102029.96 Equity=102029.96 Spread=0.60 pips
2026-05-06 02:22:31 INFO mt5_bot - Signal=NONE reason=no_closed_bar_crossover price=None trend=bullish rsi=59.2 atr_pips=6.8 adx=41.6
2026-05-06 02:22:31 INFO mt5_bot - ADX boost: adx=41.6 \u2192 risk_pct=1.50%
2026-05-06 02:22:31 INFO mt5_bot - Execution status=skipped reason=no_closed_bar_crossover
2026-05-06 02:22:46 INFO mt5_bot - Balance=102029.96 Equity=102029.96 Spread=0.60 pips
2026-05-06 02:22:46 INFO mt5_bot - Signal=NONE reason=no_closed_bar_crossover price=None trend=bullish rsi=59.2 atr_pips=6.8 adx=41.6
2026-05-06 02:22:46 INFO mt5_bot - ADX boost: adx=41.6 \u2192 risk_pct=1.50%
2026-05-06 02:22:46 INFO mt5_bot - Execution status=skipped reason=no_closed_bar_crossover
2026-05-06 02:23:01 INFO mt5_bot - Balance=102029.96 Equity=102029.96 Spread=0.60 pips
2026-05-06 02:23:01 INFO mt5_bot - Signal=NONE reason=no_closed_bar_crossover price=None trend=bullish rsi=59.2 atr_pips=6.8 adx=41.6
2026-05-06 02:23:01 INFO mt5_bot - ADX boost: adx=41.6 \u2192 risk_pct=1.50%
2026-05-06 02:23:01 INFO mt5_bot - Execution status=skipped reason=no_closed_bar_crossover
2026-05-06 02:23:16 INFO mt5_bot - Balance=102029.96 Equity=102029.96 Spread=0.60 pips
2026-05-06 02:23:16 INFO mt5_bot - Signal=NONE reason=no_closed_bar_crossover price=None trend=bullish rsi=59.2 atr_pips=6.8 adx=41.6
2026-05-06 02:23:16 INFO mt5_bot - ADX boost: adx=41.6 \u2192 risk_pct=1.50%
2026-05-06 02:23:16 INFO mt5_bot - Execution status=skipped reason=no_closed_bar_crossover
2026-05-06 02:23:31 INFO mt5_bot - Balance=102029.96 Equity=102029.96 Spread=0.60 pips
2026-05-06 02:23:31 INFO mt5_bot - Signal=NONE reason=no_closed_bar_crossover price=None trend=bullish rsi=59.2 atr_pips=6.8 adx=41.6
2026-05-06 02:23:31 INFO mt5_bot - ADX boost: adx=41.6 \u2192 risk_pct=1.50%
2026-05-06 02:23:31 INFO mt5_bot - Execution status=skipped reason=no_closed_bar_crossover
2026-05-06 02:23:46 INFO mt5_bot - Balance=102029.96 Equity=102029.96 Spread=0.60 pips
2026-05-06 02:23:46 INFO mt5_bot - Signal=NONE reason=no_closed_bar_crossover price=None trend=bullish rsi=59.2 atr_pips=6.8 adx=41.6
2026-05-06 02:23:46 INFO mt5_bot - ADX boost: adx=41.6 \u2192 risk_pct=1.50%
2026-05-06 02:23:46 INFO mt5_bot - Execution status=skipped reason=no_closed_bar_crossover
2026-05-06 02:24:01 INFO mt5_bot - Balance=102029.96 Equity=102029.96 Spread=0.60 pips
2026-05-06 02:24:01 INFO mt5_bot - Signal=NONE reason=no_closed_bar_crossover price=None trend=bullish rsi=59.2 atr_pips=6.8 adx=41.6
2026-05-06 02:24:01 INFO mt5_bot - ADX boost: adx=41.6 \u2192 risk_pct=1.50%
2026-05-06 02:24:01 INFO mt5_bot - Execution status=skipped reason=no_closed_bar_crossover
2026-05-06 02:24:16 INFO mt5_bot - Balance=102029.96 Equity=102029.96 Spread=0.60 pips
2026-05-06 02:24:16 INFO mt5_bot - Signal=NONE reason=no_closed_bar_crossover price=None trend=bullish rsi=59.2 atr_pips=6.8 adx=41.6
2026-05-06 02:24:16 INFO mt5_bot - ADX boost: adx=41.6 \u2192 risk_pct=1.50%
2026-05-06 02:24:16 INFO mt5_bot - Execution status=skipped reason=no_closed_bar_crossover
2026-05-06 02:24:31 INFO mt5_bot - Balance=102029.96 Equity=102029.96 Spread=0.60 pips
2026-05-06 02:24:31 INFO mt5_bot - Signal=NONE reason=no_closed_bar_crossover price=None trend=bullish rsi=59.2 atr_pips=6.8 adx=41.6
2026-05-06 02:24:31 INFO mt5_bot - ADX boost: adx=41.6 \u2192 risk_pct=1.50%
2026-05-06 02:24:31 INFO mt5_bot - Execution status=skipped reason=no_closed_bar_crossover
2026-05-06 02:24:46 INFO mt5_bot - Balance=102029.96 Equity=102029.96 Spread=0.60 pips
2026-05-06 02:24:46 INFO mt5_bot - Signal=NONE reason=no_closed_bar_crossover price=None trend=bullish rsi=59.2 atr_pips=6.8 adx=41.6
2026-05-06 02:24:46 INFO mt5_bot - ADX boost: adx=41.6 \u2192 risk_pct=1.50%
2026-05-06 02:24:46 INFO mt5_bot - Execution status=skipped reason=no_closed_bar_crossover
2026-05-06 02:25:01 INFO mt5_bot - Balance=102029.96 Equity=102029.96 Spread=0.60 pips
2026-05-06 02:25:01 INFO mt5_bot - Signal=NONE reason=no_closed_bar_crossover price=None trend=bullish rsi=59.2 atr_pips=6.8 adx=41.6
2026-05-06 02:25:01 INFO mt5_bot - ADX boost: adx=41.6 \u2192 risk_pct=1.50%
2026-05-06 02:25:01 INFO mt5_bot - Execution status=skipped reason=no_closed_bar_crossover
2026-05-06 02:25:16 INFO mt5_bot - Balance=102029.96 Equity=102029.96 Spread=0.60 pips
2026-05-06 02:25:16 INFO mt5_bot - Signal=NONE reason=no_closed_bar_crossover price=None trend=bullish rsi=59.2 atr_pips=6.8 adx=41.6
2026-05-06 02:25:16 INFO mt5_bot - ADX boost: adx=41.6 \u2192 risk_pct=1.50%
2026-05-06 02:25:16 INFO mt5_bot - Execution status=skipped reason=no_closed_bar_crossover
2026-05-06 02:25:31 INFO mt5_bot - Balance=102029.96 Equity=102029.96 Spread=0.60 pips
2026-05-06 02:25:31 INFO mt5_bot - Signal=NONE reason=no_closed_bar_crossover price=None trend=bullish rsi=59.2 atr_pips=6.8 adx=41.6
2026-05-06 02:25:31 INFO mt5_bot - ADX boost: adx=41.6 \u2192 risk_pct=1.50%
2026-05-06 02:25:31 INFO mt5_bot - Execution status=skipped reason=no_closed_bar_crossover
2026-05-06 02:25:46 INFO mt5_bot - Balance=102029.96 Equity=102029.96 Spread=0.60 pips
2026-05-06 02:25:46 INFO mt5_bot - Signal=NONE reason=no_closed_bar_crossover price=None trend=bullish rsi=59.2 atr_pips=6.8 adx=41.6
2026-05-06 02:25:46 INFO mt5_bot - ADX boost: adx=41.6 \u2192 risk_pct=1.50%
2026-05-06 02:25:46 INFO mt5_bot - Execution status=skipped reason=no_closed_bar_crossover
2026-05-06 02:26:01 INFO mt5_bot - Balance=102029.96 Equity=102029.96 Spread=0.60 pips
2026-05-06 02:26:01 INFO mt5_bot - Signal=NONE reason=no_closed_bar_crossover price=None trend=bullish rsi=59.2 atr_pips=6.8 adx=41.6
2026-05-06 02:26:01 INFO mt5_bot - ADX boost: adx=41.6 \u2192 risk_pct=1.50%
2026-05-06 02:26:01 INFO mt5_bot - Execution status=skipped reason=no_closed_bar_crossover
2026-05-06 02:26:16 INFO mt5_bot - Balance=102029.96 Equity=102029.96 Spread=0.60 pips
2026-05-06 02:26:16 INFO mt5_bot - Signal=NONE reason=no_closed_bar_crossover price=None trend=bullish rsi=59.2 atr_pips=6.8 adx=41.6
2026-05-06 02:26:16 INFO mt5_bot - ADX boost: adx=41.6 \u2192 risk_pct=1.50%
2026-05-06 02:26:16 INFO mt5_bot - Execution status=skipped reason=no_closed_bar_crossover
2026-05-06 02:26:31 INFO mt5_bot - Balance=102029.96 Equity=102029.96 Spread=0.60 pips
2026-05-06 02:26:31 INFO mt5_bot - Signal=NONE reason=no_closed_bar_crossover price=None trend=bullish rsi=59.2 atr_pips=6.8 adx=41.6
2026-05-06 02:26:31 INFO mt5_bot - ADX boost: adx=41.6 \u2192 risk_pct=1.50%
2026-05-06 02:26:31 INFO mt5_bot - Execution status=skipped reason=no_closed_bar_crossover
2026-05-06 02:26:46 INFO mt5_bot - Balance=102029.96 Equity=102029.96 Spread=0.60 pips
2026-05-06 02:26:46 INFO mt5_bot - Signal=NONE reason=no_closed_bar_crossover price=None trend=bullish rsi=59.2 atr_pips=6.8 adx=41.6
2026-05-06 02:26:46 INFO mt5_bot - ADX boost: adx=41.6 \u2192 risk_pct=1.50%
2026-05-06 02:26:46 INFO mt5_bot - Execution status=skipped reason=no_closed_bar_crossover
2026-05-06 02:27:01 INFO mt5_bot - Balance=102029.96 Equity=102029.96 Spread=0.60 pips
2026-05-06 02:27:01 INFO mt5_bot - Signal=NONE reason=no_closed_bar_crossover price=None trend=bullish rsi=59.2 atr_pips=6.8 adx=41.6
2026-05-06 02:27:01 INFO mt5_bot - ADX boost: adx=41.6 \u2192 risk_pct=1.50%
2026-05-06 02:27:01 INFO mt5_bot - Execution status=skipped reason=no_closed_bar_crossover
2026-05-06 02:27:16 INFO mt5_bot - Balance=102029.96 Equity=102029.96 Spread=0.60 pips
2026-05-06 02:27:16 INFO mt5_bot - Signal=NONE reason=no_closed_bar_crossover price=None trend=bullish rsi=59.2 atr_pips=6.8 adx=41.6
2026-05-06 02:27:16 INFO mt5_bot - ADX boost: adx=41.6 \u2192 risk_pct=1.50%
2026-05-06 02:27:16 INFO mt5_bot - Execution status=skipped reason=no_closed_bar_crossover
2026-05-06 02:27:31 INFO mt5_bot - Balance=102029.96 Equity=102029.96 Spread=0.60 pips
2026-05-06 02:27:31 INFO mt5_bot - Signal=NONE reason=no_closed_bar_crossover price=None trend=bullish rsi=59.2 atr_pips=6.8 adx=41.6
2026-05-06 02:27:31 INFO mt5_bot - ADX boost: adx=41.6 \u2192 risk_pct=1.50%
2026-05-06 02:27:31 INFO mt5_bot - Execution status=skipped reason=no_closed_bar_crossover
2026-05-06 02:27:46 INFO mt5_bot - Balance=102029.96 Equity=102029.96 Spread=0.60 pips
2026-05-06 02:27:46 INFO mt5_bot - Signal=NONE reason=no_closed_bar_crossover price=None trend=bullish rsi=59.2 atr_pips=6.8 adx=41.6
2026-05-06 02:27:46 INFO mt5_bot - ADX boost: adx=41.6 \u2192 risk_pct=1.50%
2026-05-06 02:27:46 INFO mt5_bot - Execution status=skipped reason=no_closed_bar_crossover
2026-05-06 02:28:01 INFO mt5_bot - Balance=102029.96 Equity=102029.96 Spread=0.60 pips
2026-05-06 02:28:01 INFO mt5_bot - Signal=NONE reason=no_closed_bar_crossover price=None trend=bullish rsi=59.2 atr_pips=6.8 adx=41.6
2026-05-06 02:28:01 INFO mt5_bot - ADX boost: adx=41.6 \u2192 risk_pct=1.50%
2026-05-06 02:28:01 INFO mt5_bot - Execution status=skipped reason=no_closed_bar_crossover
2026-05-06 02:28:16 INFO mt5_bot - Balance=102029.96 Equity=102029.96 Spread=0.60 pips
2026-05-06 02:28:16 INFO mt5_bot - Signal=NONE reason=no_closed_bar_crossover price=None trend=bullish rsi=59.2 atr_pips=6.8 adx=41.6
2026-05-06 02:28:16 INFO mt5_bot - ADX boost: adx=41.6 \u2192 risk_pct=1.50%
2026-05-06 02:28:16 INFO mt5_bot - Execution status=skipped reason=no_closed_bar_crossover
2026-05-06 02:28:31 INFO mt5_bot - Balance=102029.96 Equity=102029.96 Spread=0.60 pips
2026-05-06 02:28:31 INFO mt5_bot - Signal=NONE reason=no_closed_bar_crossover price=None trend=bullish rsi=59.2 atr_pips=6.8 adx=41.6
2026-05-06 02:28:31 INFO mt5_bot - ADX boost: adx=41.6 \u2192 risk_pct=1.50%
2026-05-06 02:28:31 INFO mt5_bot - Execution status=skipped reason=no_closed_bar_crossover
2026-05-06 02:28:46 INFO mt5_bot - Balance=102029.96 Equity=102029.96 Spread=0.60 pips
2026-05-06 02:28:46 INFO mt5_bot - Signal=NONE reason=no_closed_bar_crossover price=None trend=bullish rsi=59.2 atr_pips=6.8 adx=41.6
2026-05-06 02:28:46 INFO mt5_bot - ADX boost: adx=41.6 \u2192 risk_pct=1.50%
2026-05-06 02:28:46 INFO mt5_bot - Execution status=skipped reason=no_closed_bar_crossover
2026-05-06 02:29:01 INFO mt5_bot - Balance=102029.96 Equity=102029.96 Spread=0.60 pips
2026-05-06 02:29:01 INFO mt5_bot - Signal=NONE reason=no_closed_bar_crossover price=None trend=bullish rsi=59.2 atr_pips=6.8 adx=41.6
2026-05-06 02:29:01 INFO mt5_bot - ADX boost: adx=41.6 \u2192 risk_pct=1.50%
2026-05-06 02:29:01 INFO mt5_bot - Execution status=skipped reason=no_closed_bar_crossover
2026-05-06 02:29:16 INFO mt5_bot - Balance=102029.96 Equity=102029.96 Spread=0.60 pips
2026-05-06 02:29:16 INFO mt5_bot - Signal=NONE reason=no_closed_bar_crossover price=None trend=bullish rsi=59.2 atr_pips=6.8 adx=41.6
2026-05-06 02:29:16 INFO mt5_bot - ADX boost: adx=41.6 \u2192 risk_pct=1.50%
2026-05-06 02:29:16 INFO mt5_bot - Execution status=skipped reason=no_closed_bar_crossover
2026-05-06 02:29:31 INFO mt5_bot - Balance=102029.96 Equity=102029.96 Spread=0.60 pips
2026-05-06 02:29:31 INFO mt5_bot - Signal=NONE reason=no_closed_bar_crossover price=None trend=bullish rsi=59.2 atr_pips=6.8 adx=41.6
2026-05-06 02:29:31 INFO mt5_bot - ADX boost: adx=41.6 \u2192 risk_pct=1.50%
2026-05-06 02:29:31 INFO mt5_bot - Execution status=skipped reason=no_closed_bar_crossover
2026-05-06 02:29:46 INFO mt5_bot - Balance=102029.96 Equity=102029.96 Spread=0.60 pips
2026-05-06 02:29:46 INFO mt5_bot - Signal=NONE reason=no_closed_bar_crossover price=None trend=bullish rsi=59.2 atr_pips=6.8 adx=41.6
2026-05-06 02:29:46 INFO mt5_bot - ADX boost: adx=41.6 \u2192 risk_pct=1.50%
2026-05-06 02:29:46 INFO mt5_bot - Execution status=skipped reason=no_closed_bar_crossover
2026-05-06 02:30:01 INFO mt5_bot - Balance=102029.96 Equity=102029.96 Spread=0.60 pips
2026-05-06 02:30:01 INFO mt5_bot - Signal=NONE reason=no_closed_bar_crossover price=None trend=bullish rsi=63.7 atr_pips=6.8 adx=41.9
2026-05-06 02:30:01 INFO mt5_bot - ADX boost: adx=41.9 \u2192 risk_pct=1.50%
2026-05-06 02:30:01 INFO mt5_bot - Execution status=skipped reason=no_closed_bar_crossover
2026-05-06 02:30:16 INFO mt5_bot - Balance=102029.96 Equity=102029.96 Spread=0.60 pips
2026-05-06 02:30:16 INFO mt5_bot - Signal=NONE reason=no_closed_bar_crossover price=None trend=bullish rsi=63.7 atr_pips=6.8 adx=41.9
2026-05-06 02:30:16 INFO mt5_bot - ADX boost: adx=41.9 \u2192 risk_pct=1.50%
2026-05-06 02:30:16 INFO mt5_bot - Execution status=skipped reason=no_closed_bar_crossover
2026-05-06 02:30:31 INFO mt5_bot - Balance=102029.96 Equity=102029.96 Spread=0.60 pips
2026-05-06 02:30:31 INFO mt5_bot - Signal=NONE reason=no_closed_bar_crossover price=None trend=bullish rsi=63.7 atr_pips=6.8 adx=41.9
2026-05-06 02:30:31 INFO mt5_bot - ADX boost: adx=41.9 \u2192 risk_pct=1.50%
2026-05-06 02:30:31 INFO mt5_bot - Execution status=skipped reason=no_closed_bar_crossover
2026-05-06 02:30:46 INFO mt5_bot - Balance=102029.96 Equity=102029.96 Spread=0.60 pips
2026-05-06 02:30:46 INFO mt5_bot - Signal=NONE reason=no_closed_bar_crossover price=None trend=bullish rsi=63.7 atr_pips=6.8 adx=41.9
2026-05-06 02:30:46 INFO mt5_bot - ADX boost: adx=41.9 \u2192 risk_pct=1.50%
2026-05-06 02:30:46 INFO mt5_bot - Execution status=skipped reason=no_closed_bar_crossover
2026-05-06 02:31:01 INFO mt5_bot - Balance=102029.96 Equity=102029.96 Spread=0.60 pips
2026-05-06 02:31:01 INFO mt5_bot - Signal=NONE reason=no_closed_bar_crossover price=None trend=bullish rsi=63.7 atr_pips=6.8 adx=41.9
2026-05-06 02:31:01 INFO mt5_bot - ADX boost: adx=41.9 \u2192 risk_pct=1.50%
2026-05-06 02:31:01 INFO mt5_bot - Execution status=skipped reason=no_closed_bar_crossover
2026-05-06 02:31:16 INFO mt5_bot - Balance=102029.96 Equity=102029.96 Spread=0.60 pips
2026-05-06 02:31:16 INFO mt5_bot - Signal=NONE reason=no_closed_bar_crossover price=None trend=bullish rsi=63.7 atr_pips=6.8 adx=41.9
2026-05-06 02:31:16 INFO mt5_bot - ADX boost: adx=41.9 \u2192 risk_pct=1.50%
2026-05-06 02:31:16 INFO mt5_bot - Execution status=skipped reason=no_closed_bar_crossover
2026-05-06 02:31:31 INFO mt5_bot - Balance=102029.96 Equity=102029.96 Spread=0.60 pips
2026-05-06 02:31:31 INFO mt5_bot - Signal=NONE reason=no_closed_bar_crossover price=None trend=bullish rsi=63.7 atr_pips=6.8 adx=41.9
2026-05-06 02:31:31 INFO mt5_bot - ADX boost: adx=41.9 \u2192 risk_pct=1.50%
2026-05-06 02:31:31 INFO mt5_bot - Execution status=skipped reason=no_closed_bar_crossover
2026-05-06 02:31:46 INFO mt5_bot - Balance=102029.96 Equity=102029.96 Spread=0.60 pips
2026-05-06 02:31:46 INFO mt5_bot - Signal=NONE reason=no_closed_bar_crossover price=None trend=bullish rsi=63.7 atr_pips=6.8 adx=41.9
2026-05-06 02:31:46 INFO mt5_bot - ADX boost: adx=41.9 \u2192 risk_pct=1.50%
2026-05-06 02:31:46 INFO mt5_bot - Execution status=skipped reason=no_closed_bar_crossover
2026-05-06 02:32:01 INFO mt5_bot - Balance=102029.96 Equity=102029.96 Spread=0.60 pips
2026-05-06 02:32:01 INFO mt5_bot - Signal=NONE reason=no_closed_bar_crossover price=None trend=bullish rsi=63.7 atr_pips=6.8 adx=41.9
2026-05-06 02:32:01 INFO mt5_bot - ADX boost: adx=41.9 \u2192 risk_pct=1.50%
2026-05-06 02:32:01 INFO mt5_bot - Execution status=skipped reason=no_closed_bar_crossover
2026-05-06 02:32:16 INFO mt5_bot - Balance=102029.96 Equity=102029.96 Spread=0.60 pips
2026-05-06 02:32:16 INFO mt5_bot - Signal=NONE reason=no_closed_bar_crossover price=None trend=bullish rsi=63.7 atr_pips=6.8 adx=41.9
2026-05-06 02:32:16 INFO mt5_bot - ADX boost: adx=41.9 \u2192 risk_pct=1.50%
2026-05-06 02:32:16 INFO mt5_bot - Execution status=skipped reason=no_closed_bar_crossover
2026-05-06 02:32:31 INFO mt5_bot - Balance=102029.96 Equity=102029.96 Spread=0.60 pips
2026-05-06 02:32:31 INFO mt5_bot - Signal=NONE reason=no_closed_bar_crossover price=None trend=bullish rsi=63.7 atr_pips=6.8 adx=41.9
2026-05-06 02:32:31 INFO mt5_bot - ADX boost: adx=41.9 \u2192 risk_pct=1.50%
2026-05-06 02:32:31 INFO mt5_bot - Execution status=skipped reason=no_closed_bar_crossover
2026-05-06 02:32:46 INFO mt5_bot - Balance=102029.96 Equity=102029.96 Spread=0.60 pips
2026-05-06 02:32:46 INFO mt5_bot - Signal=NONE reason=no_closed_bar_crossover price=None trend=bullish rsi=63.7 atr_pips=6.8 adx=41.9
2026-05-06 02:32:46 INFO mt5_bot - ADX boost: adx=41.9 \u2192 risk_pct=1.50%
2026-05-06 02:32:46 INFO mt5_bot - Execution status=skipped reason=no_closed_bar_crossover
2026-05-06 02:33:01 INFO mt5_bot - Balance=102029.96 Equity=102029.96 Spread=0.60 pips
2026-05-06 02:33:01 INFO mt5_bot - Signal=NONE reason=no_closed_bar_crossover price=None trend=bullish rsi=63.7 atr_pips=6.8 adx=41.9
2026-05-06 02:33:01 INFO mt5_bot - ADX boost: adx=41.9 \u2192 risk_pct=1.50%
2026-05-06 02:33:01 INFO mt5_bot - Execution status=skipped reason=no_closed_bar_crossover
2026-05-06 02:33:16 INFO mt5_bot - Balance=102029.96 Equity=102029.96 Spread=0.60 pips
2026-05-06 02:33:16 INFO mt5_bot - Signal=NONE reason=no_closed_bar_crossover price=None trend=bullish rsi=63.7 atr_pips=6.8 adx=41.9
2026-05-06 02:33:16 INFO mt5_bot - ADX boost: adx=41.9 \u2192 risk_pct=1.50%
2026-05-06 02:33:16 INFO mt5_bot - Execution status=skipped reason=no_closed_bar_crossover
2026-05-06 02:33:31 INFO mt5_bot - Balance=102029.96 Equity=102029.96 Spread=0.60 pips
2026-05-06 02:33:31 INFO mt5_bot - Signal=NONE reason=no_closed_bar_crossover price=None trend=bullish rsi=63.7 atr_pips=6.8 adx=41.9
2026-05-06 02:33:31 INFO mt5_bot - ADX boost: adx=41.9 \u2192 risk_pct=1.50%
2026-05-06 02:33:31 INFO mt5_bot - Execution status=skipped reason=no_closed_bar_crossover
2026-05-06 02:33:46 INFO mt5_bot - Balance=102029.96 Equity=102029.96 Spread=0.60 pips
2026-05-06 02:33:46 INFO mt5_bot - Signal=NONE reason=no_closed_bar_crossover price=None trend=bullish rsi=63.7 atr_pips=6.8 adx=41.9
2026-05-06 02:33:46 INFO mt5_bot - ADX boost: adx=41.9 \u2192 risk_pct=1.50%
2026-05-06 02:33:46 INFO mt5_bot - Execution status=skipped reason=no_closed_bar_crossover
2026-05-06 02:34:01 INFO mt5_bot - Balance=102029.96 Equity=102029.96 Spread=0.60 pips
2026-05-06 02:34:02 INFO mt5_bot - Signal=NONE reason=no_closed_bar_crossover price=None trend=bullish rsi=63.7 atr_pips=6.8 adx=41.9
2026-05-06 02:34:02 INFO mt5_bot - ADX boost: adx=41.9 \u2192 risk_pct=1.50%
2026-05-06 02:34:02 INFO mt5_bot - Execution status=skipped reason=no_closed_bar_crossover
2026-05-06 02:34:17 INFO mt5_bot - Balance=102029.96 Equity=102029.96 Spread=0.60 pips
2026-05-06 02:34:17 INFO mt5_bot - Signal=NONE reason=no_closed_bar_crossover price=None trend=bullish rsi=63.7 atr_pips=6.8 adx=41.9
2026-05-06 02:34:17 INFO mt5_bot - ADX boost: adx=41.9 \u2192 risk_pct=1.50%
2026-05-06 02:34:17 INFO mt5_bot - Execution status=skipped reason=no_closed_bar_crossover
2026-05-06 02:34:32 INFO mt5_bot - Balance=102029.96 Equity=102029.96 Spread=0.60 pips
2026-05-06 02:34:32 INFO mt5_bot - Signal=NONE reason=no_closed_bar_crossover price=None trend=bullish rsi=63.7 atr_pips=6.8 adx=41.9
2026-05-06 02:34:32 INFO mt5_bot - ADX boost: adx=41.9 \u2192 risk_pct=1.50%
2026-05-06 02:34:32 INFO mt5_bot - Execution status=skipped reason=no_closed_bar_crossover
2026-05-06 02:34:47 INFO mt5_bot - Balance=102029.96 Equity=102029.96 Spread=0.60 pips
2026-05-06 02:34:47 INFO mt5_bot - Signal=NONE reason=no_closed_bar_crossover price=None trend=bullish rsi=63.7 atr_pips=6.8 adx=41.9
2026-05-06 02:34:47 INFO mt5_bot - ADX boost: adx=41.9 \u2192 risk_pct=1.50%
2026-05-06 02:34:47 INFO mt5_bot - Execution status=skipped reason=no_closed_bar_crossover
2026-05-06 02:35:02 INFO mt5_bot - Balance=102029.96 Equity=102029.96 Spread=0.60 pips
2026-05-06 02:35:02 INFO mt5_bot - Signal=NONE reason=no_closed_bar_crossover price=None trend=bullish rsi=63.7 atr_pips=6.8 adx=41.9
2026-05-06 02:35:02 INFO mt5_bot - ADX boost: adx=41.9 \u2192 risk_pct=1.50%
2026-05-06 02:35:02 INFO mt5_bot - Execution status=skipped reason=no_closed_bar_crossover
2026-05-06 02:35:17 INFO mt5_bot - Balance=102029.96 Equity=102029.96 Spread=0.60 pips
2026-05-06 02:35:17 INFO mt5_bot - Signal=NONE reason=no_closed_bar_crossover price=None trend=bullish rsi=63.7 atr_pips=6.8 adx=41.9
2026-05-06 02:35:17 INFO mt5_bot - ADX boost: adx=41.9 \u2192 risk_pct=1.50%
2026-05-06 02:35:17 INFO mt5_bot - Execution status=skipped reason=no_closed_bar_crossover
2026-05-06 02:35:32 INFO mt5_bot - Balance=102029.96 Equity=102029.96 Spread=0.60 pips
2026-05-06 02:35:32 INFO mt5_bot - Signal=NONE reason=no_closed_bar_crossover price=None trend=bullish rsi=63.7 atr_pips=6.8 adx=41.9
2026-05-06 02:35:32 INFO mt5_bot - ADX boost: adx=41.9 \u2192 risk_pct=1.50%
2026-05-06 02:35:32 INFO mt5_bot - Execution status=skipped reason=no_closed_bar_crossover
2026-05-06 02:35:47 INFO mt5_bot - Balance=102029.96 Equity=102029.96 Spread=0.60 pips
2026-05-06 02:35:47 INFO mt5_bot - Signal=NONE reason=no_closed_bar_crossover price=None trend=bullish rsi=63.7 atr_pips=6.8 adx=41.9
2026-05-06 02:35:47 INFO mt5_bot - ADX boost: adx=41.9 \u2192 risk_pct=1.50%
2026-05-06 02:35:47 INFO mt5_bot - Execution status=skipped reason=no_closed_bar_crossover
2026-05-06 02:36:02 INFO mt5_bot - Balance=102029.96 Equity=102029.96 Spread=0.60 pips
2026-05-06 02:36:02 INFO mt5_bot - Signal=NONE reason=no_closed_bar_crossover price=None trend=bullish rsi=63.7 atr_pips=6.8 adx=41.9
2026-05-06 02:36:02 INFO mt5_bot - ADX boost: adx=41.9 \u2192 risk_pct=1.50%
2026-05-06 02:36:02 INFO mt5_bot - Execution status=skipped reason=no_closed_bar_crossover
2026-05-06 02:36:17 INFO mt5_bot - Balance=102029.96 Equity=102029.96 Spread=0.60 pips
2026-05-06 02:36:17 INFO mt5_bot - Signal=NONE reason=no_closed_bar_crossover price=None trend=bullish rsi=63.7 atr_pips=6.8 adx=41.9
2026-05-06 02:36:17 INFO mt5_bot - ADX boost: adx=41.9 \u2192 risk_pct=1.50%
2026-05-06 02:36:17 INFO mt5_bot - Execution status=skipped reason=no_closed_bar_crossover
2026-05-06 02:36:32 INFO mt5_bot - Balance=102029.96 Equity=102029.96 Spread=0.60 pips
2026-05-06 02:36:32 INFO mt5_bot - Signal=NONE reason=no_closed_bar_crossover price=None trend=bullish rsi=63.7 atr_pips=6.8 adx=41.9
2026-05-06 02:36:32 INFO mt5_bot - ADX boost: adx=41.9 \u2192 risk_pct=1.50%
2026-05-06 02:36:32 INFO mt5_bot - Execution status=skipped reason=no_closed_bar_crossover
2026-05-06 02:36:47 INFO mt5_bot - Balance=102029.96 Equity=102029.96 Spread=0.60 pips
2026-05-06 02:36:47 INFO mt5_bot - Signal=NONE reason=no_closed_bar_crossover price=None trend=bullish rsi=63.7 atr_pips=6.8 adx=41.9
2026-05-06 02:36:47 INFO mt5_bot - ADX boost: adx=41.9 \u2192 risk_pct=1.50%
2026-05-06 02:36:47 INFO mt5_bot - Execution status=skipped reason=no_closed_bar_crossover
2026-05-06 02:37:02 INFO mt5_bot - Balance=102029.96 Equity=102029.96 Spread=0.60 pips
2026-05-06 02:37:02 INFO mt5_bot - Signal=NONE reason=no_closed_bar_crossover price=None trend=bullish rsi=63.7 atr_pips=6.8 adx=41.9
2026-05-06 02:37:02 INFO mt5_bot - ADX boost: adx=41.9 \u2192 risk_pct=1.50%
2026-05-06 02:37:02 INFO mt5_bot - Execution status=skipped reason=no_closed_bar_crossover
2026-05-06 02:37:17 INFO mt5_bot - Balance=102029.96 Equity=102029.96 Spread=0.60 pips
2026-05-06 02:37:17 INFO mt5_bot - Signal=NONE reason=no_closed_bar_crossover price=None trend=bullish rsi=63.7 atr_pips=6.8 adx=41.9
2026-05-06 02:37:17 INFO mt5_bot - ADX boost: adx=41.9 \u2192 risk_pct=1.50%
2026-05-06 02:37:17 INFO mt5_bot - Execution status=skipped reason=no_closed_bar_crossover
2026-05-06 02:37:32 INFO mt5_bot - Balance=102029.96 Equity=102029.96 Spread=0.60 pips
2026-05-06 02:37:32 INFO mt5_bot - Signal=NONE reason=no_closed_bar_crossover price=None trend=bullish rsi=63.7 atr_pips=6.8 adx=41.9
2026-05-06 02:37:32 INFO mt5_bot - ADX boost: adx=41.9 \u2192 risk_pct=1.50%
2026-05-06 02:37:32 INFO mt5_bot - Execution status=skipped reason=no_closed_bar_crossover
2026-05-06 02:37:47 INFO mt5_bot - Balance=102029.96 Equity=102029.96 Spread=0.60 pips
2026-05-06 02:37:47 INFO mt5_bot - Signal=NONE reason=no_closed_bar_crossover price=None trend=bullish rsi=63.7 atr_pips=6.8 adx=41.9
2026-05-06 02:37:47 INFO mt5_bot - ADX boost: adx=41.9 \u2192 risk_pct=1.50%
2026-05-06 02:37:47 INFO mt5_bot - Execution status=skipped reason=no_closed_bar_crossover
2026-05-06 02:38:02 INFO mt5_bot - Balance=102029.96 Equity=102029.96 Spread=0.60 pips
2026-05-06 02:38:02 INFO mt5_bot - Signal=NONE reason=no_closed_bar_crossover price=None trend=bullish rsi=63.7 atr_pips=6.8 adx=41.9
2026-05-06 02:38:02 INFO mt5_bot - ADX boost: adx=41.9 \u2192 risk_pct=1.50%
2026-05-06 02:38:02 INFO mt5_bot - Execution status=skipped reason=no_closed_bar_crossover
2026-05-06 02:38:17 INFO mt5_bot - Balance=102029.96 Equity=102029.96 Spread=0.60 pips
2026-05-06 02:38:17 INFO mt5_bot - Signal=NONE reason=no_closed_bar_crossover price=None trend=bullish rsi=63.7 atr_pips=6.8 adx=41.9
2026-05-06 02:38:17 INFO mt5_bot - ADX boost: adx=41.9 \u2192 risk_pct=1.50%
2026-05-06 02:38:17 INFO mt5_bot - Execution status=skipped reason=no_closed_bar_crossover
2026-05-06 02:38:32 INFO mt5_bot - Balance=102029.96 Equity=102029.96 Spread=0.60 pips
2026-05-06 02:38:32 INFO mt5_bot - Signal=NONE reason=no_closed_bar_crossover price=None trend=bullish rsi=63.7 atr_pips=6.8 adx=41.9
2026-05-06 02:38:32 INFO mt5_bot - ADX boost: adx=41.9 \u2192 risk_pct=1.50%
2026-05-06 02:38:32 INFO mt5_bot - Execution status=skipped reason=no_closed_bar_crossover
2026-05-06 02:38:47 INFO mt5_bot - Balance=102029.96 Equity=102029.96 Spread=0.60 pips
2026-05-06 02:38:47 INFO mt5_bot - Signal=NONE reason=no_closed_bar_crossover price=None trend=bullish rsi=63.7 atr_pips=6.8 adx=41.9
2026-05-06 02:38:47 INFO mt5_bot - ADX boost: adx=41.9 \u2192 risk_pct=1.50%
2026-05-06 02:38:47 INFO mt5_bot - Execution status=skipped reason=no_closed_bar_crossover
2026-05-06 02:39:02 INFO mt5_bot - Balance=102029.96 Equity=102029.96 Spread=0.60 pips
2026-05-06 02:39:02 INFO mt5_bot - Signal=NONE reason=no_closed_bar_crossover price=None trend=bullish rsi=63.7 atr_pips=6.8 adx=41.9
2026-05-06 02:39:02 INFO mt5_bot - ADX boost: adx=41.9 \u2192 risk_pct=1.50%
2026-05-06 02:39:02 INFO mt5_bot - Execution status=skipped reason=no_closed_bar_crossover
2026-05-06 02:39:17 INFO mt5_bot - Balance=102029.96 Equity=102029.96 Spread=0.60 pips
2026-05-06 02:39:17 INFO mt5_bot - Signal=NONE reason=no_closed_bar_crossover price=None trend=bullish rsi=63.7 atr_pips=6.8 adx=41.9
2026-05-06 02:39:17 INFO mt5_bot - ADX boost: adx=41.9 \u2192 risk_pct=1.50%
2026-05-06 02:39:17 INFO mt5_bot - Execution status=skipped reason=no_closed_bar_crossover
2026-05-06 02:39:32 INFO mt5_bot - Balance=102029.96 Equity=102029.96 Spread=0.60 pips
2026-05-06 02:39:32 INFO mt5_bot - Signal=NONE reason=no_closed_bar_crossover price=None trend=bullish rsi=63.7 atr_pips=6.8 adx=41.9
2026-05-06 02:39:32 INFO mt5_bot - ADX boost: adx=41.9 \u2192 risk_pct=1.50%
2026-05-06 02:39:32 INFO mt5_bot - Execution status=skipped reason=no_closed_bar_crossover
2026-05-06 02:39:47 INFO mt5_bot - Balance=102029.96 Equity=102029.96 Spread=0.60 pips
2026-05-06 02:39:47 INFO mt5_bot - Signal=NONE reason=no_closed_bar_crossover price=None trend=bullish rsi=63.7 atr_pips=6.8 adx=41.9
2026-05-06 02:39:47 INFO mt5_bot - ADX boost: adx=41.9 \u2192 risk_pct=1.50%
2026-05-06 02:39:47 INFO mt5_bot - Execution status=skipped reason=no_closed_bar_crossover
2026-05-06 02:40:02 INFO mt5_bot - Balance=102029.96 Equity=102029.96 Spread=0.60 pips
2026-05-06 02:40:02 INFO mt5_bot - Signal=NONE reason=no_closed_bar_crossover price=None trend=bullish rsi=63.7 atr_pips=6.8 adx=41.9
2026-05-06 02:40:02 INFO mt5_bot - ADX boost: adx=41.9 \u2192 risk_pct=1.50%
2026-05-06 02:40:02 INFO mt5_bot - Execution status=skipped reason=no_closed_bar_crossover
2026-05-06 02:40:17 INFO mt5_bot - Balance=102029.96 Equity=102029.96 Spread=0.60 pips
2026-05-06 02:40:17 INFO mt5_bot - Signal=NONE reason=no_closed_bar_crossover price=None trend=bullish rsi=63.7 atr_pips=6.8 adx=41.9
2026-05-06 02:40:17 INFO mt5_bot - ADX boost: adx=41.9 \u2192 risk_pct=1.50%
2026-05-06 02:40:17 INFO mt5_bot - Execution status=skipped reason=no_closed_bar_crossover
2026-05-06 02:40:32 INFO mt5_bot - Balance=102029.96 Equity=102029.96 Spread=0.60 pips
2026-05-06 02:40:32 INFO mt5_bot - Signal=NONE reason=no_closed_bar_crossover price=None trend=bullish rsi=63.7 atr_pips=6.8 adx=41.9
2026-05-06 02:40:32 INFO mt5_bot - ADX boost: adx=41.9 \u2192 risk_pct=1.50%
2026-05-06 02:40:32 INFO mt5_bot - Execution status=skipped reason=no_closed_bar_crossover
2026-05-06 02:40:47 INFO mt5_bot - Balance=102029.96 Equity=102029.96 Spread=0.60 pips
2026-05-06 02:40:47 INFO mt5_bot - Signal=NONE reason=no_closed_bar_crossover price=None trend=bullish rsi=63.7 atr_pips=6.8 adx=41.9
2026-05-06 02:40:47 INFO mt5_bot - ADX boost: adx=41.9 \u2192 risk_pct=1.50%
2026-05-06 02:40:47 INFO mt5_bot - Execution status=skipped reason=no_closed_bar_crossover
2026-05-06 02:41:02 INFO mt5_bot - Balance=102029.96 Equity=102029.96 Spread=0.60 pips
2026-05-06 02:41:02 INFO mt5_bot - Signal=NONE reason=no_closed_bar_crossover price=None trend=bullish rsi=63.7 atr_pips=6.8 adx=41.9
2026-05-06 02:41:02 INFO mt5_bot - ADX boost: adx=41.9 \u2192 risk_pct=1.50%
2026-05-06 02:41:02 INFO mt5_bot - Execution status=skipped reason=no_closed_bar_crossover
2026-05-06 02:41:17 INFO mt5_bot - Balance=102029.96 Equity=102029.96 Spread=0.60 pips
2026-05-06 02:41:17 INFO mt5_bot - Signal=NONE reason=no_closed_bar_crossover price=None trend=bullish rsi=63.7 atr_pips=6.8 adx=41.9
2026-05-06 02:41:17 INFO mt5_bot - ADX boost: adx=41.9 \u2192 risk_pct=1.50%
2026-05-06 02:41:17 INFO mt5_bot - Execution status=skipped reason=no_closed_bar_crossover
2026-05-06 02:41:32 INFO mt5_bot - Balance=102029.96 Equity=102029.96 Spread=0.60 pips
2026-05-06 02:41:32 INFO mt5_bot - Signal=NONE reason=no_closed_bar_crossover price=None trend=bullish rsi=63.7 atr_pips=6.8 adx=41.9
2026-05-06 02:41:32 INFO mt5_bot - ADX boost: adx=41.9 \u2192 risk_pct=1.50%
2026-05-06 02:41:32 INFO mt5_bot - Execution status=skipped reason=no_closed_bar_crossover
2026-05-06 02:41:47 INFO mt5_bot - Balance=102029.96 Equity=102029.96 Spread=0.60 pips
2026-05-06 02:41:47 INFO mt5_bot - Signal=NONE reason=no_closed_bar_crossover price=None trend=bullish rsi=63.7 atr_pips=6.8 adx=41.9
2026-05-06 02:41:47 INFO mt5_bot - ADX boost: adx=41.9 \u2192 risk_pct=1.50%
2026-05-06 02:41:47 INFO mt5_bot - Execution status=skipped reason=no_closed_bar_crossover
2026-05-06 02:42:02 INFO mt5_bot - Balance=102029.96 Equity=102029.96 Spread=0.60 pips
2026-05-06 02:42:02 INFO mt5_bot - Signal=NONE reason=no_closed_bar_crossover price=None trend=bullish rsi=63.7 atr_pips=6.8 adx=41.9
2026-05-06 02:42:02 INFO mt5_bot - ADX boost: adx=41.9 \u2192 risk_pct=1.50%
2026-05-06 02:42:02 INFO mt5_bot - Execution status=skipped reason=no_closed_bar_crossover
2026-05-06 02:42:17 INFO mt5_bot - Balance=102029.96 Equity=102029.96 Spread=0.60 pips
2026-05-06 02:42:17 INFO mt5_bot - Signal=NONE reason=no_closed_bar_crossover price=None trend=bullish rsi=63.7 atr_pips=6.8 adx=41.9
2026-05-06 02:42:17 INFO mt5_bot - ADX boost: adx=41.9 \u2192 risk_pct=1.50%
2026-05-06 02:42:17 INFO mt5_bot - Execution status=skipped reason=no_closed_bar_crossover
2026-05-06 02:42:32 INFO mt5_bot - Balance=102029.96 Equity=102029.96 Spread=0.60 pips
2026-05-06 02:42:32 INFO mt5_bot - Signal=NONE reason=no_closed_bar_crossover price=None trend=bullish rsi=63.7 atr_pips=6.8 adx=41.9
2026-05-06 02:42:32 INFO mt5_bot - ADX boost: adx=41.9 \u2192 risk_pct=1.50%
2026-05-06 02:42:32 INFO mt5_bot - Execution status=skipped reason=no_closed_bar_crossover
2026-05-06 02:42:47 INFO mt5_bot - Balance=102029.96 Equity=102029.96 Spread=0.60 pips
2026-05-06 02:42:47 INFO mt5_bot - Signal=NONE reason=no_closed_bar_crossover price=None trend=bullish rsi=63.7 atr_pips=6.8 adx=41.9
2026-05-06 02:42:47 INFO mt5_bot - ADX boost: adx=41.9 \u2192 risk_pct=1.50%
2026-05-06 02:42:47 INFO mt5_bot - Execution status=skipped reason=no_closed_bar_crossover
2026-05-06 02:43:02 INFO mt5_bot - Balance=102029.96 Equity=102029.96 Spread=0.60 pips
2026-05-06 02:43:02 INFO mt5_bot - Signal=NONE reason=no_closed_bar_crossover price=None trend=bullish rsi=63.7 atr_pips=6.8 adx=41.9
2026-05-06 02:43:02 INFO mt5_bot - ADX boost: adx=41.9 \u2192 risk_pct=1.50%
2026-05-06 02:43:02 INFO mt5_bot - Execution status=skipped reason=no_closed_bar_crossover
2026-05-06 02:43:17 INFO mt5_bot - Balance=102029.96 Equity=102029.96 Spread=0.60 pips
2026-05-06 02:43:17 INFO mt5_bot - Signal=NONE reason=no_closed_bar_crossover price=None trend=bullish rsi=63.7 atr_pips=6.8 adx=41.9
2026-05-06 02:43:17 INFO mt5_bot - ADX boost: adx=41.9 \u2192 risk_pct=1.50%
2026-05-06 02:43:17 INFO mt5_bot - Execution status=skipped reason=no_closed_bar_crossover
2026-05-06 02:43:32 INFO mt5_bot - Balance=102029.96 Equity=102029.96 Spread=0.60 pips
2026-05-06 02:43:32 INFO mt5_bot - Signal=NONE reason=no_closed_bar_crossover price=None trend=bullish rsi=63.7 atr_pips=6.8 adx=41.9
2026-05-06 02:43:32 INFO mt5_bot - ADX boost: adx=41.9 \u2192 risk_pct=1.50%
2026-05-06 02:43:32 INFO mt5_bot - Execution status=skipped reason=no_closed_bar_crossover
2026-05-06 02:43:47 INFO mt5_bot - Balance=102029.96 Equity=102029.96 Spread=0.60 pips
2026-05-06 02:43:47 INFO mt5_bot - Signal=NONE reason=no_closed_bar_crossover price=None trend=bullish rsi=63.7 atr_pips=6.8 adx=41.9
2026-05-06 02:43:47 INFO mt5_bot - ADX boost: adx=41.9 \u2192 risk_pct=1.50%
2026-05-06 02:43:47 INFO mt5_bot - Execution status=skipped reason=no_closed_bar_crossover
2026-05-06 02:44:02 INFO mt5_bot - Balance=102029.96 Equity=102029.96 Spread=0.60 pips
2026-05-06 02:44:02 INFO mt5_bot - Signal=NONE reason=no_closed_bar_crossover price=None trend=bullish rsi=63.7 atr_pips=6.8 adx=41.9
2026-05-06 02:44:02 INFO mt5_bot - ADX boost: adx=41.9 \u2192 risk_pct=1.50%
2026-05-06 02:44:02 INFO mt5_bot - Execution status=skipped reason=no_closed_bar_crossover
2026-05-06 02:44:17 INFO mt5_bot - Balance=102029.96 Equity=102029.96 Spread=0.60 pips
2026-05-06 02:44:17 INFO mt5_bot - Signal=NONE reason=no_closed_bar_crossover price=None trend=bullish rsi=63.7 atr_pips=6.8 adx=41.9
2026-05-06 02:44:17 INFO mt5_bot - ADX boost: adx=41.9 \u2192 risk_pct=1.50%
2026-05-06 02:44:17 INFO mt5_bot - Execution status=skipped reason=no_closed_bar_crossover
2026-05-06 02:44:32 INFO mt5_bot - Balance=102029.96 Equity=102029.96 Spread=0.60 pips
2026-05-06 02:44:32 INFO mt5_bot - Signal=NONE reason=no_closed_bar_crossover price=None trend=bullish rsi=63.7 atr_pips=6.8 adx=41.9
2026-05-06 02:44:32 INFO mt5_bot - ADX boost: adx=41.9 \u2192 risk_pct=1.50%
2026-05-06 02:44:32 INFO mt5_bot - Execution status=skipped reason=no_closed_bar_crossover
2026-05-06 02:44:47 INFO mt5_bot - Balance=102029.96 Equity=102029.96 Spread=0.60 pips
2026-05-06 02:44:47 INFO mt5_bot - Signal=NONE reason=no_closed_bar_crossover price=None trend=bullish rsi=63.7 atr_pips=6.8 adx=41.9
2026-05-06 02:44:47 INFO mt5_bot - ADX boost: adx=41.9 \u2192 risk_pct=1.50%
2026-05-06 02:44:47 INFO mt5_bot - Execution status=skipped reason=no_closed_bar_crossover
2026-05-06 02:45:02 INFO mt5_bot - Balance=102029.96 Equity=102029.96 Spread=0.60 pips
2026-05-06 02:45:02 INFO mt5_bot - Signal=NONE reason=no_closed_bar_crossover price=None trend=bullish rsi=64.0 atr_pips=6.8 adx=42.2
2026-05-06 02:45:02 INFO mt5_bot - ADX boost: adx=42.2 \u2192 risk_pct=1.50%
2026-05-06 02:45:02 INFO mt5_bot - Execution status=skipped reason=no_closed_bar_crossover
2026-05-06 02:45:17 INFO mt5_bot - Balance=102029.96 Equity=102029.96 Spread=0.60 pips
2026-05-06 02:45:17 INFO mt5_bot - Signal=NONE reason=no_closed_bar_crossover price=None trend=bullish rsi=64.0 atr_pips=6.8 adx=42.2
2026-05-06 02:45:17 INFO mt5_bot - ADX boost: adx=42.2 \u2192 risk_pct=1.50%
2026-05-06 02:45:17 INFO mt5_bot - Execution status=skipped reason=no_closed_bar_crossover
2026-05-06 02:45:32 INFO mt5_bot - Balance=102029.96 Equity=102029.96 Spread=0.60 pips
2026-05-06 02:45:32 INFO mt5_bot - Signal=NONE reason=no_closed_bar_crossover price=None trend=bullish rsi=64.0 atr_pips=6.8 adx=42.2
2026-05-06 02:45:32 INFO mt5_bot - ADX boost: adx=42.2 \u2192 risk_pct=1.50%
2026-05-06 02:45:32 INFO mt5_bot - Execution status=skipped reason=no_closed_bar_crossover
2026-05-06 02:45:47 INFO mt5_bot - Balance=102029.96 Equity=102029.96 Spread=0.60 pips
2026-05-06 02:45:47 INFO mt5_bot - Signal=NONE reason=no_closed_bar_crossover price=None trend=bullish rsi=64.0 atr_pips=6.8 adx=42.2
2026-05-06 02:45:47 INFO mt5_bot - ADX boost: adx=42.2 \u2192 risk_pct=1.50%
2026-05-06 02:45:47 INFO mt5_bot - Execution status=skipped reason=no_closed_bar_crossover
2026-05-06 02:46:02 INFO mt5_bot - Balance=102029.96 Equity=102029.96 Spread=0.60 pips
2026-05-06 02:46:02 INFO mt5_bot - Signal=NONE reason=no_closed_bar_crossover price=None trend=bullish rsi=64.0 atr_pips=6.8 adx=42.2
2026-05-06 02:46:02 INFO mt5_bot - ADX boost: adx=42.2 \u2192 risk_pct=1.50%
2026-05-06 02:46:02 INFO mt5_bot - Execution status=skipped reason=no_closed_bar_crossover
2026-05-06 02:46:17 INFO mt5_bot - Balance=102029.96 Equity=102029.96 Spread=0.60 pips
2026-05-06 02:46:17 INFO mt5_bot - Signal=NONE reason=no_closed_bar_crossover price=None trend=bullish rsi=64.0 atr_pips=6.8 adx=42.2
2026-05-06 02:46:17 INFO mt5_bot - ADX boost: adx=42.2 \u2192 risk_pct=1.50%
2026-05-06 02:46:17 INFO mt5_bot - Execution status=skipped reason=no_closed_bar_crossover
2026-05-06 02:46:32 INFO mt5_bot - Balance=102029.96 Equity=102029.96 Spread=0.60 pips
2026-05-06 02:46:32 INFO mt5_bot - Signal=NONE reason=no_closed_bar_crossover price=None trend=bullish rsi=64.0 atr_pips=6.8 adx=42.2
2026-05-06 02:46:32 INFO mt5_bot - ADX boost: adx=42.2 \u2192 risk_pct=1.50%
2026-05-06 02:46:32 INFO mt5_bot - Execution status=skipped reason=no_closed_bar_crossover
2026-05-06 02:46:47 INFO mt5_bot - Balance=102029.96 Equity=102029.96 Spread=0.60 pips
2026-05-06 02:46:47 INFO mt5_bot - Signal=NONE reason=no_closed_bar_crossover price=None trend=bullish rsi=64.0 atr_pips=6.8 adx=42.2
2026-05-06 02:46:47 INFO mt5_bot - ADX boost: adx=42.2 \u2192 risk_pct=1.50%
2026-05-06 02:46:47 INFO mt5_bot - Execution status=skipped reason=no_closed_bar_crossover
2026-05-06 02:47:02 INFO mt5_bot - Balance=102029.96 Equity=102029.96 Spread=0.60 pips
2026-05-06 02:47:02 INFO mt5_bot - Signal=NONE reason=no_closed_bar_crossover price=None trend=bullish rsi=64.0 atr_pips=6.8 adx=42.2
2026-05-06 02:47:02 INFO mt5_bot - ADX boost: adx=42.2 \u2192 risk_pct=1.50%
2026-05-06 02:47:02 INFO mt5_bot - Execution status=skipped reason=no_closed_bar_crossover
2026-05-06 02:47:17 INFO mt5_bot - Balance=102029.96 Equity=102029.96 Spread=0.60 pips
2026-05-06 02:47:17 INFO mt5_bot - Signal=NONE reason=no_closed_bar_crossover price=None trend=bullish rsi=64.0 atr_pips=6.8 adx=42.2
2026-05-06 02:47:17 INFO mt5_bot - ADX boost: adx=42.2 \u2192 risk_pct=1.50%
2026-05-06 02:47:17 INFO mt5_bot - Execution status=skipped reason=no_closed_bar_crossover
2026-05-06 02:47:32 INFO mt5_bot - Balance=102029.96 Equity=102029.96 Spread=0.60 pips
2026-05-06 02:47:32 INFO mt5_bot - Signal=NONE reason=no_closed_bar_crossover price=None trend=bullish rsi=64.0 atr_pips=6.8 adx=42.2
2026-05-06 02:47:32 INFO mt5_bot - ADX boost: adx=42.2 \u2192 risk_pct=1.50%
2026-05-06 02:47:32 INFO mt5_bot - Execution status=skipped reason=no_closed_bar_crossover
2026-05-06 02:47:47 INFO mt5_bot - Balance=102029.96 Equity=102029.96 Spread=0.60 pips
2026-05-06 02:47:47 INFO mt5_bot - Signal=NONE reason=no_closed_bar_crossover price=None trend=bullish rsi=64.0 atr_pips=6.8 adx=42.2
2026-05-06 02:47:47 INFO mt5_bot - ADX boost: adx=42.2 \u2192 risk_pct=1.50%
2026-05-06 02:47:47 INFO mt5_bot - Execution status=skipped reason=no_closed_bar_crossover
2026-05-06 02:48:02 INFO mt5_bot - Balance=102029.96 Equity=102029.96 Spread=0.60 pips
2026-05-06 02:48:02 INFO mt5_bot - Signal=NONE reason=no_closed_bar_crossover price=None trend=bullish rsi=64.0 atr_pips=6.8 adx=42.2
2026-05-06 02:48:02 INFO mt5_bot - ADX boost: adx=42.2 \u2192 risk_pct=1.50%
2026-05-06 02:48:02 INFO mt5_bot - Execution status=skipped reason=no_closed_bar_crossover
2026-05-06 02:48:17 INFO mt5_bot - Balance=102029.96 Equity=102029.96 Spread=0.60 pips
2026-05-06 02:48:17 INFO mt5_bot - Signal=NONE reason=no_closed_bar_crossover price=None trend=bullish rsi=64.0 atr_pips=6.8 adx=42.2
2026-05-06 02:48:17 INFO mt5_bot - ADX boost: adx=42.2 \u2192 risk_pct=1.50%
2026-05-06 02:48:17 INFO mt5_bot - Execution status=skipped reason=no_closed_bar_crossover
2026-05-06 02:48:32 INFO mt5_bot - Balance=102029.96 Equity=102029.96 Spread=0.60 pips
2026-05-06 02:48:32 INFO mt5_bot - Signal=NONE reason=no_closed_bar_crossover price=None trend=bullish rsi=64.0 atr_pips=6.8 adx=42.2
2026-05-06 02:48:32 INFO mt5_bot - ADX boost: adx=42.2 \u2192 risk_pct=1.50%
2026-05-06 02:48:32 INFO mt5_bot - Execution status=skipped reason=no_closed_bar_crossover
2026-05-06 02:48:47 INFO mt5_bot - Balance=102029.96 Equity=102029.96 Spread=0.60 pips
2026-05-06 02:48:47 INFO mt5_bot - Signal=NONE reason=no_closed_bar_crossover price=None trend=bullish rsi=64.0 atr_pips=6.8 adx=42.2
2026-05-06 02:48:47 INFO mt5_bot - ADX boost: adx=42.2 \u2192 risk_pct=1.50%
2026-05-06 02:48:47 INFO mt5_bot - Execution status=skipped reason=no_closed_bar_crossover
2026-05-06 02:49:02 INFO mt5_bot - Balance=102029.96 Equity=102029.96 Spread=0.60 pips
2026-05-06 02:49:02 INFO mt5_bot - Signal=NONE reason=no_closed_bar_crossover price=None trend=bullish rsi=64.0 atr_pips=6.8 adx=42.2
2026-05-06 02:49:02 INFO mt5_bot - ADX boost: adx=42.2 \u2192 risk_pct=1.50%
2026-05-06 02:49:02 INFO mt5_bot - Execution status=skipped reason=no_closed_bar_crossover
2026-05-06 02:49:17 INFO mt5_bot - Balance=102029.96 Equity=102029.96 Spread=0.60 pips
2026-05-06 02:49:17 INFO mt5_bot - Signal=NONE reason=no_closed_bar_crossover price=None trend=bullish rsi=64.0 atr_pips=6.8 adx=42.2
2026-05-06 02:49:17 INFO mt5_bot - ADX boost: adx=42.2 \u2192 risk_pct=1.50%
2026-05-06 02:49:17 INFO mt5_bot - Execution status=skipped reason=no_closed_bar_crossover
2026-05-06 02:49:32 INFO mt5_bot - Balance=102029.96 Equity=102029.96 Spread=0.60 pips
2026-05-06 02:49:32 INFO mt5_bot - Signal=NONE reason=no_closed_bar_crossover price=None trend=bullish rsi=64.0 atr_pips=6.8 adx=42.2
2026-05-06 02:49:32 INFO mt5_bot - ADX boost: adx=42.2 \u2192 risk_pct=1.50%
2026-05-06 02:49:32 INFO mt5_bot - Execution status=skipped reason=no_closed_bar_crossover
2026-05-06 02:49:47 INFO mt5_bot - Balance=102029.96 Equity=102029.96 Spread=0.60 pips
2026-05-06 02:49:47 INFO mt5_bot - Signal=NONE reason=no_closed_bar_crossover price=None trend=bullish rsi=64.0 atr_pips=6.8 adx=42.2
2026-05-06 02:49:47 INFO mt5_bot - ADX boost: adx=42.2 \u2192 risk_pct=1.50%
2026-05-06 02:49:47 INFO mt5_bot - Execution status=skipped reason=no_closed_bar_crossover
2026-05-06 02:50:02 INFO mt5_bot - Balance=102029.96 Equity=102029.96 Spread=0.60 pips
2026-05-06 02:50:02 INFO mt5_bot - Signal=NONE reason=no_closed_bar_crossover price=None trend=bullish rsi=64.0 atr_pips=6.8 adx=42.2
2026-05-06 02:50:02 INFO mt5_bot - ADX boost: adx=42.2 \u2192 risk_pct=1.50%
2026-05-06 02:50:02 INFO mt5_bot - Execution status=skipped reason=no_closed_bar_crossover
2026-05-06 02:50:17 INFO mt5_bot - Balance=102029.96 Equity=102029.96 Spread=0.60 pips
2026-05-06 02:50:17 INFO mt5_bot - Signal=NONE reason=no_closed_bar_crossover price=None trend=bullish rsi=64.0 atr_pips=6.8 adx=42.2
2026-05-06 02:50:17 INFO mt5_bot - ADX boost: adx=42.2 \u2192 risk_pct=1.50%
2026-05-06 02:50:17 INFO mt5_bot - Execution status=skipped reason=no_closed_bar_crossover
2026-05-06 02:50:32 INFO mt5_bot - Balance=102029.96 Equity=102029.96 Spread=0.60 pips
2026-05-06 02:50:33 INFO mt5_bot - Signal=NONE reason=no_closed_bar_crossover price=None trend=bullish rsi=64.0 atr_pips=6.8 adx=42.2
2026-05-06 02:50:33 INFO mt5_bot - ADX boost: adx=42.2 \u2192 risk_pct=1.50%
2026-05-06 02:50:33 INFO mt5_bot - Execution status=skipped reason=no_closed_bar_crossover
2026-05-06 02:50:48 INFO mt5_bot - Balance=102029.96 Equity=102029.96 Spread=0.60 pips
2026-05-06 02:50:48 INFO mt5_bot - Signal=NONE reason=no_closed_bar_crossover price=None trend=bullish rsi=64.0 atr_pips=6.8 adx=42.2
2026-05-06 02:50:48 INFO mt5_bot - ADX boost: adx=42.2 \u2192 risk_pct=1.50%
2026-05-06 02:50:48 INFO mt5_bot - Execution status=skipped reason=no_closed_bar_crossover
2026-05-06 02:51:03 INFO mt5_bot - Balance=102029.96 Equity=102029.96 Spread=0.60 pips
2026-05-06 02:51:03 INFO mt5_bot - Signal=NONE reason=no_closed_bar_crossover price=None trend=bullish rsi=64.0 atr_pips=6.8 adx=42.2
2026-05-06 02:51:03 INFO mt5_bot - ADX boost: adx=42.2 \u2192 risk_pct=1.50%
2026-05-06 02:51:03 INFO mt5_bot - Execution status=skipped reason=no_closed_bar_crossover
2026-05-06 02:51:18 INFO mt5_bot - Balance=102029.96 Equity=102029.96 Spread=0.60 pips
2026-05-06 02:51:18 INFO mt5_bot - Signal=NONE reason=no_closed_bar_crossover price=None trend=bullish rsi=64.0 atr_pips=6.8 adx=42.2
2026-05-06 02:51:18 INFO mt5_bot - ADX boost: adx=42.2 \u2192 risk_pct=1.50%
2026-05-06 02:51:18 INFO mt5_bot - Execution status=skipped reason=no_closed_bar_crossover
2026-05-06 02:51:33 INFO mt5_bot - Balance=102029.96 Equity=102029.96 Spread=0.60 pips
2026-05-06 02:51:33 INFO mt5_bot - Signal=NONE reason=no_closed_bar_crossover price=None trend=bullish rsi=64.0 atr_pips=6.8 adx=42.2
2026-05-06 02:51:33 INFO mt5_bot - ADX boost: adx=42.2 \u2192 risk_pct=1.50%
2026-05-06 02:51:33 INFO mt5_bot - Execution status=skipped reason=no_closed_bar_crossover
2026-05-06 02:51:48 INFO mt5_bot - Balance=102029.96 Equity=102029.96 Spread=0.60 pips
2026-05-06 02:51:48 INFO mt5_bot - Signal=NONE reason=no_closed_bar_crossover price=None trend=bullish rsi=64.0 atr_pips=6.8 adx=42.2
2026-05-06 02:51:48 INFO mt5_bot - ADX boost: adx=42.2 \u2192 risk_pct=1.50%
2026-05-06 02:51:48 INFO mt5_bot - Execution status=skipped reason=no_closed_bar_crossover
2026-05-06 02:52:03 INFO mt5_bot - Balance=102029.96 Equity=102029.96 Spread=0.60 pips
2026-05-06 02:52:03 INFO mt5_bot - Signal=NONE reason=no_closed_bar_crossover price=None trend=bullish rsi=64.0 atr_pips=6.8 adx=42.2
2026-05-06 02:52:03 INFO mt5_bot - ADX boost: adx=42.2 \u2192 risk_pct=1.50%
2026-05-06 02:52:03 INFO mt5_bot - Execution status=skipped reason=no_closed_bar_crossover
2026-05-06 02:52:18 INFO mt5_bot - Balance=102029.96 Equity=102029.96 Spread=0.60 pips
2026-05-06 02:52:18 INFO mt5_bot - Signal=NONE reason=no_closed_bar_crossover price=None trend=bullish rsi=64.0 atr_pips=6.8 adx=42.2
2026-05-06 02:52:18 INFO mt5_bot - ADX boost: adx=42.2 \u2192 risk_pct=1.50%
2026-05-06 02:52:18 INFO mt5_bot - Execution status=skipped reason=no_closed_bar_crossover
2026-05-06 02:52:33 INFO mt5_bot - Balance=102029.96 Equity=102029.96 Spread=0.60 pips
2026-05-06 02:52:33 INFO mt5_bot - Signal=NONE reason=no_closed_bar_crossover price=None trend=bullish rsi=64.0 atr_pips=6.8 adx=42.2
2026-05-06 02:52:33 INFO mt5_bot - ADX boost: adx=42.2 \u2192 risk_pct=1.50%
2026-05-06 02:52:33 INFO mt5_bot - Execution status=skipped reason=no_closed_bar_crossover
2026-05-06 02:52:48 INFO mt5_bot - Balance=102029.96 Equity=102029.96 Spread=0.60 pips
2026-05-06 02:52:48 INFO mt5_bot - Signal=NONE reason=no_closed_bar_crossover price=None trend=bullish rsi=64.0 atr_pips=6.8 adx=42.2
2026-05-06 02:52:48 INFO mt5_bot - ADX boost: adx=42.2 \u2192 risk_pct=1.50%
2026-05-06 02:52:48 INFO mt5_bot - Execution status=skipped reason=no_closed_bar_crossover
2026-05-06 02:53:03 INFO mt5_bot - Balance=102029.96 Equity=102029.96 Spread=0.60 pips
2026-05-06 02:53:03 INFO mt5_bot - Signal=NONE reason=no_closed_bar_crossover price=None trend=bullish rsi=64.0 atr_pips=6.8 adx=42.2
2026-05-06 02:53:03 INFO mt5_bot - ADX boost: adx=42.2 \u2192 risk_pct=1.50%
2026-05-06 02:53:03 INFO mt5_bot - Execution status=skipped reason=no_closed_bar_crossover
2026-05-06 02:53:18 INFO mt5_bot - Balance=102029.96 Equity=102029.96 Spread=0.60 pips
2026-05-06 02:53:18 INFO mt5_bot - Signal=NONE reason=no_closed_bar_crossover price=None trend=bullish rsi=64.0 atr_pips=6.8 adx=42.2
2026-05-06 02:53:18 INFO mt5_bot - ADX boost: adx=42.2 \u2192 risk_pct=1.50%
2026-05-06 02:53:18 INFO mt5_bot - Execution status=skipped reason=no_closed_bar_crossover
2026-05-06 02:53:33 INFO mt5_bot - Balance=102029.96 Equity=102029.96 Spread=0.60 pips
2026-05-06 02:53:33 INFO mt5_bot - Signal=NONE reason=no_closed_bar_crossover price=None trend=bullish rsi=64.0 atr_pips=6.8 adx=42.2
2026-05-06 02:53:33 INFO mt5_bot - ADX boost: adx=42.2 \u2192 risk_pct=1.50%
2026-05-06 02:53:33 INFO mt5_bot - Execution status=skipped reason=no_closed_bar_crossover
2026-05-06 02:53:48 INFO mt5_bot - Balance=102029.96 Equity=102029.96 Spread=0.60 pips
2026-05-06 02:53:48 INFO mt5_bot - Signal=NONE reason=no_closed_bar_crossover price=None trend=bullish rsi=64.0 atr_pips=6.8 adx=42.2
2026-05-06 02:53:48 INFO mt5_bot - ADX boost: adx=42.2 \u2192 risk_pct=1.50%
2026-05-06 02:53:48 INFO mt5_bot - Execution status=skipped reason=no_closed_bar_crossover
2026-05-06 02:54:03 INFO mt5_bot - Balance=102029.96 Equity=102029.96 Spread=0.60 pips
2026-05-06 02:54:03 INFO mt5_bot - Signal=NONE reason=no_closed_bar_crossover price=None trend=bullish rsi=64.0 atr_pips=6.8 adx=42.2
2026-05-06 02:54:03 INFO mt5_bot - ADX boost: adx=42.2 \u2192 risk_pct=1.50%
2026-05-06 02:54:03 INFO mt5_bot - Execution status=skipped reason=no_closed_bar_crossover
2026-05-06 02:54:18 INFO mt5_bot - Balance=102029.96 Equity=102029.96 Spread=0.60 pips
2026-05-06 02:54:18 INFO mt5_bot - Signal=NONE reason=no_closed_bar_crossover price=None trend=bullish rsi=64.0 atr_pips=6.8 adx=42.2
2026-05-06 02:54:18 INFO mt5_bot - ADX boost: adx=42.2 \u2192 risk_pct=1.50%
2026-05-06 02:54:18 INFO mt5_bot - Execution status=skipped reason=no_closed_bar_crossover
2026-05-06 02:54:33 INFO mt5_bot - Balance=102029.96 Equity=102029.96 Spread=0.60 pips
2026-05-06 02:54:33 INFO mt5_bot - Signal=NONE reason=no_closed_bar_crossover price=None trend=bullish rsi=64.0 atr_pips=6.8 adx=42.2
2026-05-06 02:54:33 INFO mt5_bot - ADX boost: adx=42.2 \u2192 risk_pct=1.50%
2026-05-06 02:54:33 INFO mt5_bot - Execution status=skipped reason=no_closed_bar_crossover
2026-05-06 02:54:48 INFO mt5_bot - Balance=102029.96 Equity=102029.96 Spread=0.60 pips
2026-05-06 02:54:48 INFO mt5_bot - Signal=NONE reason=no_closed_bar_crossover price=None trend=bullish rsi=64.0 atr_pips=6.8 adx=42.2
2026-05-06 02:54:48 INFO mt5_bot - ADX boost: adx=42.2 \u2192 risk_pct=1.50%
2026-05-06 02:54:48 INFO mt5_bot - Execution status=skipped reason=no_closed_bar_crossover
2026-05-06 02:55:03 INFO mt5_bot - Balance=102029.96 Equity=102029.96 Spread=0.60 pips
2026-05-06 02:55:03 INFO mt5_bot - Signal=NONE reason=no_closed_bar_crossover price=None trend=bullish rsi=64.0 atr_pips=6.8 adx=42.2
2026-05-06 02:55:03 INFO mt5_bot - ADX boost: adx=42.2 \u2192 risk_pct=1.50%
2026-05-06 02:55:03 INFO mt5_bot - Execution status=skipped reason=no_closed_bar_crossover
2026-05-06 02:55:18 INFO mt5_bot - Balance=102029.96 Equity=102029.96 Spread=0.60 pips
2026-05-06 02:55:18 INFO mt5_bot - Signal=NONE reason=no_closed_bar_crossover price=None trend=bullish rsi=64.0 atr_pips=6.8 adx=42.2
2026-05-06 02:55:18 INFO mt5_bot - ADX boost: adx=42.2 \u2192 risk_pct=1.50%
2026-05-06 02:55:18 INFO mt5_bot - Execution status=skipped reason=no_closed_bar_crossover
2026-05-06 02:55:33 INFO mt5_bot - Balance=102029.96 Equity=102029.96 Spread=0.60 pips
2026-05-06 02:55:33 INFO mt5_bot - Signal=NONE reason=no_closed_bar_crossover price=None trend=bullish rsi=64.0 atr_pips=6.8 adx=42.2
2026-05-06 02:55:33 INFO mt5_bot - ADX boost: adx=42.2 \u2192 risk_pct=1.50%
2026-05-06 02:55:33 INFO mt5_bot - Execution status=skipped reason=no_closed_bar_crossover
2026-05-06 02:55:48 INFO mt5_bot - Balance=102029.96 Equity=102029.96 Spread=0.60 pips
2026-05-06 02:55:48 INFO mt5_bot - Signal=NONE reason=no_closed_bar_crossover price=None trend=bullish rsi=64.0 atr_pips=6.8 adx=42.2
2026-05-06 02:55:48 INFO mt5_bot - ADX boost: adx=42.2 \u2192 risk_pct=1.50%
2026-05-06 02:55:48 INFO mt5_bot - Execution status=skipped reason=no_closed_bar_crossover
2026-05-06 02:56:03 INFO mt5_bot - Balance=102029.96 Equity=102029.96 Spread=0.60 pips
2026-05-06 02:56:03 INFO mt5_bot - Signal=NONE reason=no_closed_bar_crossover price=None trend=bullish rsi=64.0 atr_pips=6.8 adx=42.2
2026-05-06 02:56:03 INFO mt5_bot - ADX boost: adx=42.2 \u2192 risk_pct=1.50%
2026-05-06 02:56:03 INFO mt5_bot - Execution status=skipped reason=no_closed_bar_crossover
2026-05-06 02:56:18 INFO mt5_bot - Balance=102029.96 Equity=102029.96 Spread=0.60 pips
2026-05-06 02:56:18 INFO mt5_bot - Signal=NONE reason=no_closed_bar_crossover price=None trend=bullish rsi=64.0 atr_pips=6.8 adx=42.2
2026-05-06 02:56:18 INFO mt5_bot - ADX boost: adx=42.2 \u2192 risk_pct=1.50%
2026-05-06 02:56:18 INFO mt5_bot - Execution status=skipped reason=no_closed_bar_crossover
2026-05-06 02:56:33 INFO mt5_bot - Balance=102029.96 Equity=102029.96 Spread=0.60 pips
2026-05-06 02:56:33 INFO mt5_bot - Signal=NONE reason=no_closed_bar_crossover price=None trend=bullish rsi=64.0 atr_pips=6.8 adx=42.2
2026-05-06 02:56:33 INFO mt5_bot - ADX boost: adx=42.2 \u2192 risk_pct=1.50%
2026-05-06 02:56:33 INFO mt5_bot - Execution status=skipped reason=no_closed_bar_crossover
2026-05-06 02:56:48 INFO mt5_bot - Balance=102029.96 Equity=102029.96 Spread=0.60 pips
2026-05-06 02:56:48 INFO mt5_bot - Signal=NONE reason=no_closed_bar_crossover price=None trend=bullish rsi=64.0 atr_pips=6.8 adx=42.2
2026-05-06 02:56:48 INFO mt5_bot - ADX boost: adx=42.2 \u2192 risk_pct=1.50%
2026-05-06 02:56:48 INFO mt5_bot - Execution status=skipped reason=no_closed_bar_crossover
2026-05-06 02:57:03 INFO mt5_bot - Balance=102029.96 Equity=102029.96 Spread=0.60 pips
2026-05-06 02:57:03 INFO mt5_bot - Signal=NONE reason=no_closed_bar_crossover price=None trend=bullish rsi=64.0 atr_pips=6.8 adx=42.2
2026-05-06 02:57:03 INFO mt5_bot - ADX boost: adx=42.2 \u2192 risk_pct=1.50%
2026-05-06 02:57:03 INFO mt5_bot - Execution status=skipped reason=no_closed_bar_crossover
2026-05-06 02:57:18 INFO mt5_bot - Balance=102029.96 Equity=102029.96 Spread=0.60 pips
2026-05-06 02:57:18 INFO mt5_bot - Signal=NONE reason=no_closed_bar_crossover price=None trend=bullish rsi=64.0 atr_pips=6.8 adx=42.2
2026-05-06 02:57:18 INFO mt5_bot - ADX boost: adx=42.2 \u2192 risk_pct=1.50%
2026-05-06 02:57:18 INFO mt5_bot - Execution status=skipped reason=no_closed_bar_crossover
2026-05-06 02:57:33 INFO mt5_bot - Balance=102029.96 Equity=102029.96 Spread=0.60 pips
2026-05-06 02:57:33 INFO mt5_bot - Signal=NONE reason=no_closed_bar_crossover price=None trend=bullish rsi=64.0 atr_pips=6.8 adx=42.2
2026-05-06 02:57:33 INFO mt5_bot - ADX boost: adx=42.2 \u2192 risk_pct=1.50%
2026-05-06 02:57:33 INFO mt5_bot - Execution status=skipped reason=no_closed_bar_crossover
2026-05-06 02:57:48 INFO mt5_bot - Balance=102029.96 Equity=102029.96 Spread=0.60 pips
2026-05-06 02:57:48 INFO mt5_bot - Signal=NONE reason=no_closed_bar_crossover price=None trend=bullish rsi=64.0 atr_pips=6.8 adx=42.2
2026-05-06 02:57:48 INFO mt5_bot - ADX boost: adx=42.2 \u2192 risk_pct=1.50%
2026-05-06 02:57:48 INFO mt5_bot - Execution status=skipped reason=no_closed_bar_crossover
2026-05-06 02:58:03 INFO mt5_bot - Balance=102029.96 Equity=102029.96 Spread=0.60 pips
2026-05-06 02:58:03 INFO mt5_bot - Signal=NONE reason=no_closed_bar_crossover price=None trend=bullish rsi=64.0 atr_pips=6.8 adx=42.2
2026-05-06 02:58:03 INFO mt5_bot - ADX boost: adx=42.2 \u2192 risk_pct=1.50%
2026-05-06 02:58:03 INFO mt5_bot - Execution status=skipped reason=no_closed_bar_crossover
2026-05-06 02:58:18 INFO mt5_bot - Balance=102029.96 Equity=102029.96 Spread=0.60 pips
2026-05-06 02:58:18 INFO mt5_bot - Signal=NONE reason=no_closed_bar_crossover price=None trend=bullish rsi=64.0 atr_pips=6.8 adx=42.2
2026-05-06 02:58:18 INFO mt5_bot - ADX boost: adx=42.2 \u2192 risk_pct=1.50%
2026-05-06 02:58:18 INFO mt5_bot - Execution status=skipped reason=no_closed_bar_crossover
2026-05-06 02:58:33 INFO mt5_bot - Balance=102029.96 Equity=102029.96 Spread=0.60 pips
2026-05-06 02:58:33 INFO mt5_bot - Signal=NONE reason=no_closed_bar_crossover price=None trend=bullish rsi=64.0 atr_pips=6.8 adx=42.2
2026-05-06 02:58:33 INFO mt5_bot - ADX boost: adx=42.2 \u2192 risk_pct=1.50%
2026-05-06 02:58:33 INFO mt5_bot - Execution status=skipped reason=no_closed_bar_crossover
2026-05-06 02:58:48 INFO mt5_bot - Balance=102029.96 Equity=102029.96 Spread=0.60 pips
2026-05-06 02:58:48 INFO mt5_bot - Signal=NONE reason=no_closed_bar_crossover price=None trend=bullish rsi=64.0 atr_pips=6.8 adx=42.2
2026-05-06 02:58:48 INFO mt5_bot - ADX boost: adx=42.2 \u2192 risk_pct=1.50%
2026-05-06 02:58:48 INFO mt5_bot - Execution status=skipped reason=no_closed_bar_crossover
2026-05-06 02:59:03 INFO mt5_bot - Balance=102029.96 Equity=102029.96 Spread=0.60 pips
2026-05-06 02:59:03 INFO mt5_bot - Signal=NONE reason=no_closed_bar_crossover price=None trend=bullish rsi=64.0 atr_pips=6.8 adx=42.2
2026-05-06 02:59:03 INFO mt5_bot - ADX boost: adx=42.2 \u2192 risk_pct=1.50%
2026-05-06 02:59:03 INFO mt5_bot - Execution status=skipped reason=no_closed_bar_crossover
2026-05-06 02:59:18 INFO mt5_bot - Balance=102029.96 Equity=102029.96 Spread=0.60 pips
2026-05-06 02:59:18 INFO mt5_bot - Signal=NONE reason=no_closed_bar_crossover price=None trend=bullish rsi=64.0 atr_pips=6.8 adx=42.2
2026-05-06 02:59:18 INFO mt5_bot - ADX boost: adx=42.2 \u2192 risk_pct=1.50%
2026-05-06 02:59:18 INFO mt5_bot - Execution status=skipped reason=no_closed_bar_crossover
2026-05-06 02:59:33 INFO mt5_bot - Balance=102029.96 Equity=102029.96 Spread=0.60 pips
2026-05-06 02:59:33 INFO mt5_bot - Signal=NONE reason=no_closed_bar_crossover price=None trend=bullish rsi=64.0 atr_pips=6.8 adx=42.2
2026-05-06 02:59:33 INFO mt5_bot - ADX boost: adx=42.2 \u2192 risk_pct=1.50%
2026-05-06 02:59:33 INFO mt5_bot - Execution status=skipped reason=no_closed_bar_crossover
2026-05-06 02:59:48 INFO mt5_bot - Balance=102029.96 Equity=102029.96 Spread=0.60 pips
2026-05-06 02:59:48 INFO mt5_bot - Signal=NONE reason=no_closed_bar_crossover price=None trend=bullish rsi=64.0 atr_pips=6.8 adx=42.2
2026-05-06 02:59:48 INFO mt5_bot - ADX boost: adx=42.2 \u2192 risk_pct=1.50%
2026-05-06 02:59:48 INFO mt5_bot - Execution status=skipped reason=no_closed_bar_crossover
2026-05-06 03:00:03 INFO mt5_bot - Balance=102029.96 Equity=102029.96 Spread=0.60 pips
2026-05-06 03:00:03 INFO mt5_bot - Signal=NONE reason=no_closed_bar_crossover price=None trend=bullish rsi=70.6 atr_pips=7.0 adx=43.3
2026-05-06 03:00:03 INFO mt5_bot - ADX boost: adx=43.3 \u2192 risk_pct=1.50%
2026-05-06 03:00:03 INFO mt5_bot - Execution status=skipped reason=no_closed_bar_crossover
2026-05-06 03:00:18 INFO mt5_bot - Balance=102029.96 Equity=102029.96 Spread=0.60 pips
2026-05-06 03:00:18 INFO mt5_bot.news_filter - news_filter: loaded 115 events from shared cache
2026-05-06 03:00:18 INFO mt5_bot - Signal=NONE reason=no_closed_bar_crossover price=None trend=bullish rsi=70.6 atr_pips=7.0 adx=43.3
2026-05-06 03:00:18 INFO mt5_bot - ADX boost: adx=43.3 \u2192 risk_pct=1.50%
2026-05-06 03:00:18 INFO mt5_bot - Execution status=skipped reason=no_closed_bar_crossover
2026-05-06 03:00:33 INFO mt5_bot - Balance=102029.96 Equity=102029.96 Spread=0.60 pips
2026-05-06 03:00:33 INFO mt5_bot - Signal=NONE reason=no_closed_bar_crossover price=None trend=bullish rsi=70.6 atr_pips=7.0 adx=43.3
2026-05-06 03:00:33 INFO mt5_bot - ADX boost: adx=43.3 \u2192 risk_pct=1.50%
2026-05-06 03:00:33 INFO mt5_bot - Execution status=skipped reason=no_closed_bar_crossover
2026-05-06 03:00:48 INFO mt5_bot - Balance=102029.96 Equity=102029.96 Spread=0.60 pips
2026-05-06 03:00:48 INFO mt5_bot - Signal=NONE reason=no_closed_bar_crossover price=None trend=bullish rsi=70.6 atr_pips=7.0 adx=43.3
2026-05-06 03:00:48 INFO mt5_bot - ADX boost: adx=43.3 \u2192 risk_pct=1.50%
2026-05-06 03:00:48 INFO mt5_bot - Execution status=skipped reason=no_closed_bar_crossover
2026-05-06 03:01:03 INFO mt5_bot - Balance=102029.96 Equity=102029.96 Spread=0.60 pips
2026-05-06 03:01:03 INFO mt5_bot - Signal=NONE reason=no_closed_bar_crossover price=None trend=bullish rsi=70.6 atr_pips=7.0 adx=43.3
2026-05-06 03:01:03 INFO mt5_bot - ADX boost: adx=43.3 \u2192 risk_pct=1.50%
2026-05-06 03:01:03 INFO mt5_bot - Execution status=skipped reason=no_closed_bar_crossover
2026-05-06 03:01:18 INFO mt5_bot - Balance=102029.96 Equity=102029.96 Spread=0.60 pips
2026-05-06 03:01:18 INFO mt5_bot - Signal=NONE reason=no_closed_bar_crossover price=None trend=bullish rsi=70.6 atr_pips=7.0 adx=43.3
2026-05-06 03:01:18 INFO mt5_bot - ADX boost: adx=43.3 \u2192 risk_pct=1.50%
2026-05-06 03:01:18 INFO mt5_bot - Execution status=skipped reason=no_closed_bar_crossover
2026-05-06 03:01:33 INFO mt5_bot - Balance=102029.96 Equity=102029.96 Spread=0.60 pips
2026-05-06 03:01:33 INFO mt5_bot - Signal=NONE reason=no_closed_bar_crossover price=None trend=bullish rsi=70.6 atr_pips=7.0 adx=43.3
2026-05-06 03:01:33 INFO mt5_bot - ADX boost: adx=43.3 \u2192 risk_pct=1.50%
2026-05-06 03:01:33 INFO mt5_bot - Execution status=skipped reason=no_closed_bar_crossover
2026-05-06 03:01:48 INFO mt5_bot - Balance=102029.96 Equity=102029.96 Spread=0.60 pips
2026-05-06 03:01:48 INFO mt5_bot - Signal=NONE reason=no_closed_bar_crossover price=None trend=bullish rsi=70.6 atr_pips=7.0 adx=43.3
2026-05-06 03:01:48 INFO mt5_bot - ADX boost: adx=43.3 \u2192 risk_pct=1.50%
2026-05-06 03:01:48 INFO mt5_bot - Execution status=skipped reason=no_closed_bar_crossover
2026-05-06 03:02:03 INFO mt5_bot - Balance=102029.96 Equity=102029.96 Spread=0.60 pips
2026-05-06 03:02:03 INFO mt5_bot - Signal=NONE reason=no_closed_bar_crossover price=None trend=bullish rsi=70.6 atr_pips=7.0 adx=43.3
2026-05-06 03:02:03 INFO mt5_bot - ADX boost: adx=43.3 \u2192 risk_pct=1.50%
2026-05-06 03:02:03 INFO mt5_bot - Execution status=skipped reason=no_closed_bar_crossover
2026-05-06 03:02:18 INFO mt5_bot - Balance=102029.96 Equity=102029.96 Spread=0.60 pips
2026-05-06 03:02:18 INFO mt5_bot - Signal=NONE reason=no_closed_bar_crossover price=None trend=bullish rsi=70.6 atr_pips=7.0 adx=43.3
2026-05-06 03:02:18 INFO mt5_bot - ADX boost: adx=43.3 \u2192 risk_pct=1.50%
2026-05-06 03:02:18 INFO mt5_bot - Execution status=skipped reason=no_closed_bar_crossover
2026-05-06 03:02:33 INFO mt5_bot - Balance=102029.96 Equity=102029.96 Spread=0.60 pips
2026-05-06 03:02:33 INFO mt5_bot - Signal=NONE reason=no_closed_bar_crossover price=None trend=bullish rsi=70.6 atr_pips=7.0 adx=43.3
2026-05-06 03:02:33 INFO mt5_bot - ADX boost: adx=43.3 \u2192 risk_pct=1.50%
2026-05-06 03:02:33 INFO mt5_bot - Execution status=skipped reason=no_closed_bar_crossover
2026-05-06 03:02:48 INFO mt5_bot - Balance=102029.96 Equity=102029.96 Spread=0.60 pips
2026-05-06 03:02:48 INFO mt5_bot - Signal=NONE reason=no_closed_bar_crossover price=None trend=bullish rsi=70.6 atr_pips=7.0 adx=43.3
2026-05-06 03:02:48 INFO mt5_bot - ADX boost: adx=43.3 \u2192 risk_pct=1.50%
2026-05-06 03:02:48 INFO mt5_bot - Execution status=skipped reason=no_closed_bar_crossover
2026-05-06 03:03:03 INFO mt5_bot - Balance=102029.96 Equity=102029.96 Spread=0.60 pips
2026-05-06 03:03:03 INFO mt5_bot - Signal=NONE reason=no_closed_bar_crossover price=None trend=bullish rsi=70.6 atr_pips=7.0 adx=43.3
2026-05-06 03:03:03 INFO mt5_bot - ADX boost: adx=43.3 \u2192 risk_pct=1.50%
2026-05-06 03:03:03 INFO mt5_bot - Execution status=skipped reason=no_closed_bar_crossover
2026-05-06 03:03:18 INFO mt5_bot - Balance=102029.96 Equity=102029.96 Spread=0.60 pips
2026-05-06 03:03:18 INFO mt5_bot - Signal=NONE reason=no_closed_bar_crossover price=None trend=bullish rsi=70.6 atr_pips=7.0 adx=43.3
2026-05-06 03:03:18 INFO mt5_bot - ADX boost: adx=43.3 \u2192 risk_pct=1.50%
2026-05-06 03:03:18 INFO mt5_bot - Execution status=skipped reason=no_closed_bar_crossover
2026-05-06 03:03:33 INFO mt5_bot - Balance=102029.96 Equity=102029.96 Spread=0.60 pips
2026-05-06 03:03:33 INFO mt5_bot - Signal=NONE reason=no_closed_bar_crossover price=None trend=bullish rsi=70.6 atr_pips=7.0 adx=43.3
2026-05-06 03:03:33 INFO mt5_bot - ADX boost: adx=43.3 \u2192 risk_pct=1.50%
2026-05-06 03:03:33 INFO mt5_bot - Execution status=skipped reason=no_closed_bar_crossover
2026-05-06 03:03:48 INFO mt5_bot - Balance=102029.96 Equity=102029.96 Spread=0.60 pips
2026-05-06 03:03:48 INFO mt5_bot - Signal=NONE reason=no_closed_bar_crossover price=None trend=bullish rsi=70.6 atr_pips=7.0 adx=43.3
2026-05-06 03:03:48 INFO mt5_bot - ADX boost: adx=43.3 \u2192 risk_pct=1.50%
2026-05-06 03:03:48 INFO mt5_bot - Execution status=skipped reason=no_closed_bar_crossover
2026-05-06 03:04:03 INFO mt5_bot - Balance=102029.96 Equity=102029.96 Spread=0.60 pips
2026-05-06 03:04:03 INFO mt5_bot - Signal=NONE reason=no_closed_bar_crossover price=None trend=bullish rsi=70.6 atr_pips=7.0 adx=43.3
2026-05-06 03:04:03 INFO mt5_bot - ADX boost: adx=43.3 \u2192 risk_pct=1.50%
2026-05-06 03:04:03 INFO mt5_bot - Execution status=skipped reason=no_closed_bar_crossover
2026-05-06 03:04:18 INFO mt5_bot - Balance=102029.96 Equity=102029.96 Spread=0.60 pips
2026-05-06 03:04:18 INFO mt5_bot - Signal=NONE reason=no_closed_bar_crossover price=None trend=bullish rsi=70.6 atr_pips=7.0 adx=43.3
2026-05-06 03:04:18 INFO mt5_bot - ADX boost: adx=43.3 \u2192 risk_pct=1.50%
2026-05-06 03:04:18 INFO mt5_bot - Execution status=skipped reason=no_closed_bar_crossover
2026-05-06 03:04:33 INFO mt5_bot - Balance=102029.96 Equity=102029.96 Spread=0.60 pips
2026-05-06 03:04:33 INFO mt5_bot - Signal=NONE reason=no_closed_bar_crossover price=None trend=bullish rsi=70.6 atr_pips=7.0 adx=43.3
2026-05-06 03:04:33 INFO mt5_bot - ADX boost: adx=43.3 \u2192 risk_pct=1.50%
2026-05-06 03:04:33 INFO mt5_bot - Execution status=skipped reason=no_closed_bar_crossover
2026-05-06 03:04:48 INFO mt5_bot - Balance=102029.96 Equity=102029.96 Spread=0.60 pips
2026-05-06 03:04:48 INFO mt5_bot - Signal=NONE reason=no_closed_bar_crossover price=None trend=bullish rsi=70.6 atr_pips=7.0 adx=43.3
2026-05-06 03:04:48 INFO mt5_bot - ADX boost: adx=43.3 \u2192 risk_pct=1.50%
2026-05-06 03:04:48 INFO mt5_bot - Execution status=skipped reason=no_closed_bar_crossover
2026-05-06 03:05:03 INFO mt5_bot - Balance=102029.96 Equity=102029.96 Spread=0.60 pips
2026-05-06 03:05:03 INFO mt5_bot - Signal=NONE reason=no_closed_bar_crossover price=None trend=bullish rsi=70.6 atr_pips=7.0 adx=43.3
2026-05-06 03:05:03 INFO mt5_bot - ADX boost: adx=43.3 \u2192 risk_pct=1.50%
2026-05-06 03:05:03 INFO mt5_bot - Execution status=skipped reason=no_closed_bar_crossover
2026-05-06 03:05:18 INFO mt5_bot - Balance=102029.96 Equity=102029.96 Spread=0.60 pips
2026-05-06 03:05:18 INFO mt5_bot - Signal=NONE reason=no_closed_bar_crossover price=None trend=bullish rsi=70.6 atr_pips=7.0 adx=43.3
2026-05-06 03:05:18 INFO mt5_bot - ADX boost: adx=43.3 \u2192 risk_pct=1.50%
2026-05-06 03:05:18 INFO mt5_bot - Execution status=skipped reason=no_closed_bar_crossover
2026-05-06 03:05:33 INFO mt5_bot - Balance=102029.96 Equity=102029.96 Spread=0.60 pips
2026-05-06 03:05:33 INFO mt5_bot - Signal=NONE reason=no_closed_bar_crossover price=None trend=bullish rsi=70.6 atr_pips=7.0 adx=43.3
2026-05-06 03:05:33 INFO mt5_bot - ADX boost: adx=43.3 \u2192 risk_pct=1.50%
2026-05-06 03:05:33 INFO mt5_bot - Execution status=skipped reason=no_closed_bar_crossover
2026-05-06 03:05:48 INFO mt5_bot - Balance=102029.96 Equity=102029.96 Spread=0.60 pips
2026-05-06 03:05:48 INFO mt5_bot - Signal=NONE reason=no_closed_bar_crossover price=None trend=bullish rsi=70.6 atr_pips=7.0 adx=43.3
2026-05-06 03:05:48 INFO mt5_bot - ADX boost: adx=43.3 \u2192 risk_pct=1.50%
2026-05-06 03:05:48 INFO mt5_bot - Execution status=skipped reason=no_closed_bar_crossover
2026-05-06 03:06:03 INFO mt5_bot - Balance=102029.96 Equity=102029.96 Spread=0.60 pips
2026-05-06 03:06:03 INFO mt5_bot - Signal=NONE reason=no_closed_bar_crossover price=None trend=bullish rsi=70.6 atr_pips=7.0 adx=43.3
2026-05-06 03:06:03 INFO mt5_bot - ADX boost: adx=43.3 \u2192 risk_pct=1.50%
2026-05-06 03:06:03 INFO mt5_bot - Execution status=skipped reason=no_closed_bar_crossover
2026-05-06 03:06:18 INFO mt5_bot - Balance=102029.96 Equity=102029.96 Spread=0.60 pips
2026-05-06 03:06:18 INFO mt5_bot - Signal=NONE reason=no_closed_bar_crossover price=None trend=bullish rsi=70.6 atr_pips=7.0 adx=43.3
2026-05-06 03:06:18 INFO mt5_bot - ADX boost: adx=43.3 \u2192 risk_pct=1.50%
2026-05-06 03:06:18 INFO mt5_bot - Execution status=skipped reason=no_closed_bar_crossover
2026-05-06 03:06:33 INFO mt5_bot - Balance=102029.96 Equity=102029.96 Spread=0.60 pips
2026-05-06 03:06:33 INFO mt5_bot - Signal=NONE reason=no_closed_bar_crossover price=None trend=bullish rsi=70.6 atr_pips=7.0 adx=43.3
2026-05-06 03:06:33 INFO mt5_bot - ADX boost: adx=43.3 \u2192 risk_pct=1.50%
2026-05-06 03:06:33 INFO mt5_bot - Execution status=skipped reason=no_closed_bar_crossover
2026-05-06 03:06:48 INFO mt5_bot - Balance=102029.96 Equity=102029.96 Spread=0.60 pips
2026-05-06 03:06:48 INFO mt5_bot - Signal=NONE reason=no_closed_bar_crossover price=None trend=bullish rsi=70.6 atr_pips=7.0 adx=43.3
2026-05-06 03:06:48 INFO mt5_bot - ADX boost: adx=43.3 \u2192 risk_pct=1.50%
2026-05-06 03:06:48 INFO mt5_bot - Execution status=skipped reason=no_closed_bar_crossover
2026-05-06 03:07:04 INFO mt5_bot - Balance=102029.96 Equity=102029.96 Spread=0.60 pips
2026-05-06 03:07:04 INFO mt5_bot - Signal=NONE reason=no_closed_bar_crossover price=None trend=bullish rsi=70.6 atr_pips=7.0 adx=43.3
2026-05-06 03:07:04 INFO mt5_bot - ADX boost: adx=43.3 \u2192 risk_pct=1.50%
2026-05-06 03:07:04 INFO mt5_bot - Execution status=skipped reason=no_closed_bar_crossover
2026-05-06 03:07:19 INFO mt5_bot - Balance=102029.96 Equity=102029.96 Spread=0.60 pips
2026-05-06 03:07:19 INFO mt5_bot - Signal=NONE reason=no_closed_bar_crossover price=None trend=bullish rsi=70.6 atr_pips=7.0 adx=43.3
2026-05-06 03:07:19 INFO mt5_bot - ADX boost: adx=43.3 \u2192 risk_pct=1.50%
2026-05-06 03:07:19 INFO mt5_bot - Execution status=skipped reason=no_closed_bar_crossover
2026-05-06 03:07:34 INFO mt5_bot - Balance=102029.96 Equity=102029.96 Spread=0.60 pips
2026-05-06 03:07:34 INFO mt5_bot - Signal=NONE reason=no_closed_bar_crossover price=None trend=bullish rsi=70.6 atr_pips=7.0 adx=43.3
2026-05-06 03:07:34 INFO mt5_bot - ADX boost: adx=43.3 \u2192 risk_pct=1.50%
2026-05-06 03:07:34 INFO mt5_bot - Execution status=skipped reason=no_closed_bar_crossover
2026-05-06 03:07:49 INFO mt5_bot - Balance=102029.96 Equity=102029.96 Spread=0.60 pips
2026-05-06 03:07:49 INFO mt5_bot - Signal=NONE reason=no_closed_bar_crossover price=None trend=bullish rsi=70.6 atr_pips=7.0 adx=43.3
2026-05-06 03:07:49 INFO mt5_bot - ADX boost: adx=43.3 \u2192 risk_pct=1.50%
2026-05-06 03:07:49 INFO mt5_bot - Execution status=skipped reason=no_closed_bar_crossover
2026-05-06 03:08:04 INFO mt5_bot - Balance=102029.96 Equity=102029.96 Spread=0.60 pips
2026-05-06 03:08:04 INFO mt5_bot - Signal=NONE reason=no_closed_bar_crossover price=None trend=bullish rsi=70.6 atr_pips=7.0 adx=43.3
2026-05-06 03:08:04 INFO mt5_bot - ADX boost: adx=43.3 \u2192 risk_pct=1.50%
2026-05-06 03:08:04 INFO mt5_bot - Execution status=skipped reason=no_closed_bar_crossover
2026-05-06 03:08:19 INFO mt5_bot - Balance=102029.96 Equity=102029.96 Spread=0.60 pips
2026-05-06 03:08:19 INFO mt5_bot - Signal=NONE reason=no_closed_bar_crossover price=None trend=bullish rsi=70.6 atr_pips=7.0 adx=43.3
2026-05-06 03:08:19 INFO mt5_bot - ADX boost: adx=43.3 \u2192 risk_pct=1.50%
2026-05-06 03:08:19 INFO mt5_bot - Execution status=skipped reason=no_closed_bar_crossover
2026-05-06 03:08:34 INFO mt5_bot - Balance=102029.96 Equity=102029.96 Spread=0.60 pips
2026-05-06 03:08:34 INFO mt5_bot - Signal=NONE reason=no_closed_bar_crossover price=None trend=bullish rsi=70.6 atr_pips=7.0 adx=43.3
2026-05-06 03:08:34 INFO mt5_bot - ADX boost: adx=43.3 \u2192 risk_pct=1.50%
2026-05-06 03:08:34 INFO mt5_bot - Execution status=skipped reason=no_closed_bar_crossover
2026-05-06 03:08:49 INFO mt5_bot - Balance=102029.96 Equity=102029.96 Spread=0.60 pips
2026-05-06 03:08:49 INFO mt5_bot - Signal=NONE reason=no_closed_bar_crossover price=None trend=bullish rsi=70.6 atr_pips=7.0 adx=43.3
2026-05-06 03:08:49 INFO mt5_bot - ADX boost: adx=43.3 \u2192 risk_pct=1.50%
2026-05-06 03:08:49 INFO mt5_bot - Execution status=skipped reason=no_closed_bar_crossover
2026-05-06 03:09:04 INFO mt5_bot - Balance=102029.96 Equity=102029.96 Spread=0.60 pips
2026-05-06 03:09:04 INFO mt5_bot - Signal=NONE reason=no_closed_bar_crossover price=None trend=bullish rsi=70.6 atr_pips=7.0 adx=43.3
2026-05-06 03:09:04 INFO mt5_bot - ADX boost: adx=43.3 \u2192 risk_pct=1.50%
2026-05-06 03:09:04 INFO mt5_bot - Execution status=skipped reason=no_closed_bar_crossover
2026-05-06 03:09:19 INFO mt5_bot - Balance=102029.96 Equity=102029.96 Spread=0.60 pips
2026-05-06 03:09:19 INFO mt5_bot - Signal=NONE reason=no_closed_bar_crossover price=None trend=bullish rsi=70.6 atr_pips=7.0 adx=43.3
2026-05-06 03:09:19 INFO mt5_bot - ADX boost: adx=43.3 \u2192 risk_pct=1.50%
2026-05-06 03:09:19 INFO mt5_bot - Execution status=skipped reason=no_closed_bar_crossover
2026-05-06 03:09:34 INFO mt5_bot - Balance=102029.96 Equity=102029.96 Spread=0.60 pips
2026-05-06 03:09:34 INFO mt5_bot - Signal=NONE reason=no_closed_bar_crossover price=None trend=bullish rsi=70.6 atr_pips=7.0 adx=43.3
2026-05-06 03:09:34 INFO mt5_bot - ADX boost: adx=43.3 \u2192 risk_pct=1.50%
2026-05-06 03:09:34 INFO mt5_bot - Execution status=skipped reason=no_closed_bar_crossover
2026-05-06 03:09:49 INFO mt5_bot - Balance=102029.96 Equity=102029.96 Spread=0.60 pips
2026-05-06 03:09:49 INFO mt5_bot - Signal=NONE reason=no_closed_bar_crossover price=None trend=bullish rsi=70.6 atr_pips=7.0 adx=43.3
2026-05-06 03:09:49 INFO mt5_bot - ADX boost: adx=43.3 \u2192 risk_pct=1.50%
2026-05-06 03:09:49 INFO mt5_bot - Execution status=skipped reason=no_closed_bar_crossover
2026-05-06 03:10:04 INFO mt5_bot - Balance=102029.96 Equity=102029.96 Spread=0.60 pips
2026-05-06 03:10:04 INFO mt5_bot - Signal=NONE reason=no_closed_bar_crossover price=None trend=bullish rsi=70.6 atr_pips=7.0 adx=43.3
2026-05-06 03:10:04 INFO mt5_bot - ADX boost: adx=43.3 \u2192 risk_pct=1.50%
2026-05-06 03:10:04 INFO mt5_bot - Execution status=skipped reason=no_closed_bar_crossover
2026-05-06 03:10:19 INFO mt5_bot - Balance=102029.96 Equity=102029.96 Spread=0.60 pips
2026-05-06 03:10:19 INFO mt5_bot - Signal=NONE reason=no_closed_bar_crossover price=None trend=bullish rsi=70.6 atr_pips=7.0 adx=43.3
2026-05-06 03:10:19 INFO mt5_bot - ADX boost: adx=43.3 \u2192 risk_pct=1.50%
2026-05-06 03:10:19 INFO mt5_bot - Execution status=skipped reason=no_closed_bar_crossover
2026-05-06 03:10:34 INFO mt5_bot - Balance=102029.96 Equity=102029.96 Spread=0.60 pips
2026-05-06 03:10:34 INFO mt5_bot - Signal=NONE reason=no_closed_bar_crossover price=None trend=bullish rsi=70.6 atr_pips=7.0 adx=43.3
2026-05-06 03:10:34 INFO mt5_bot - ADX boost: adx=43.3 \u2192 risk_pct=1.50%
2026-05-06 03:10:34 INFO mt5_bot - Execution status=skipped reason=no_closed_bar_crossover
2026-05-06 03:10:49 INFO mt5_bot - Balance=102029.96 Equity=102029.96 Spread=0.60 pips
2026-05-06 03:10:49 INFO mt5_bot - Signal=NONE reason=no_closed_bar_crossover price=None trend=bullish rsi=70.6 atr_pips=7.0 adx=43.3
2026-05-06 03:10:49 INFO mt5_bot - ADX boost: adx=43.3 \u2192 risk_pct=1.50%
2026-05-06 03:10:49 INFO mt5_bot - Execution status=skipped reason=no_closed_bar_crossover
2026-05-06 03:11:04 INFO mt5_bot - Balance=102029.96 Equity=102029.96 Spread=0.60 pips
2026-05-06 03:11:04 INFO mt5_bot - Signal=NONE reason=no_closed_bar_crossover price=None trend=bullish rsi=70.6 atr_pips=7.0 adx=43.3
2026-05-06 03:11:04 INFO mt5_bot - ADX boost: adx=43.3 \u2192 risk_pct=1.50%
2026-05-06 03:11:04 INFO mt5_bot - Execution status=skipped reason=no_closed_bar_crossover
2026-05-06 03:11:19 INFO mt5_bot - Balance=102029.96 Equity=102029.96 Spread=0.60 pips
2026-05-06 03:11:19 INFO mt5_bot - Signal=NONE reason=no_closed_bar_crossover price=None trend=bullish rsi=70.6 atr_pips=7.0 adx=43.3
2026-05-06 03:11:19 INFO mt5_bot - ADX boost: adx=43.3 \u2192 risk_pct=1.50%
2026-05-06 03:11:19 INFO mt5_bot - Execution status=skipped reason=no_closed_bar_crossover
2026-05-06 03:11:34 INFO mt5_bot - Balance=102029.96 Equity=102029.96 Spread=0.60 pips
2026-05-06 03:11:34 INFO mt5_bot - Signal=NONE reason=no_closed_bar_crossover price=None trend=bullish rsi=70.6 atr_pips=7.0 adx=43.3
2026-05-06 03:11:34 INFO mt5_bot - ADX boost: adx=43.3 \u2192 risk_pct=1.50%
2026-05-06 03:11:34 INFO mt5_bot - Execution status=skipped reason=no_closed_bar_crossover
2026-05-06 03:11:49 INFO mt5_bot - Balance=102029.96 Equity=102029.96 Spread=0.60 pips
2026-05-06 03:11:49 INFO mt5_bot - Signal=NONE reason=no_closed_bar_crossover price=None trend=bullish rsi=70.6 atr_pips=7.0 adx=43.3
2026-05-06 03:11:49 INFO mt5_bot - ADX boost: adx=43.3 \u2192 risk_pct=1.50%
2026-05-06 03:11:49 INFO mt5_bot - Execution status=skipped reason=no_closed_bar_crossover
2026-05-06 03:12:04 INFO mt5_bot - Balance=102029.96 Equity=102029.96 Spread=0.60 pips
2026-05-06 03:12:04 INFO mt5_bot - Signal=NONE reason=no_closed_bar_crossover price=None trend=bullish rsi=70.6 atr_pips=7.0 adx=43.3
2026-05-06 03:12:04 INFO mt5_bot - ADX boost: adx=43.3 \u2192 risk_pct=1.50%
2026-05-06 03:12:04 INFO mt5_bot - Execution status=skipped reason=no_closed_bar_crossover
2026-05-06 03:12:19 INFO mt5_bot - Balance=102029.96 Equity=102029.96 Spread=0.60 pips
2026-05-06 03:12:19 INFO mt5_bot - Signal=NONE reason=no_closed_bar_crossover price=None trend=bullish rsi=70.6 atr_pips=7.0 adx=43.3
2026-05-06 03:12:19 INFO mt5_bot - ADX boost: adx=43.3 \u2192 risk_pct=1.50%
2026-05-06 03:12:19 INFO mt5_bot - Execution status=skipped reason=no_closed_bar_crossover
2026-05-06 03:12:34 INFO mt5_bot - Balance=102029.96 Equity=102029.96 Spread=0.60 pips
2026-05-06 03:12:34 INFO mt5_bot - Signal=NONE reason=no_closed_bar_crossover price=None trend=bullish rsi=70.6 atr_pips=7.0 adx=43.3
2026-05-06 03:12:34 INFO mt5_bot - ADX boost: adx=43.3 \u2192 risk_pct=1.50%
2026-05-06 03:12:34 INFO mt5_bot - Execution status=skipped reason=no_closed_bar_crossover
2026-05-06 03:12:49 INFO mt5_bot - Balance=102029.96 Equity=102029.96 Spread=0.60 pips
2026-05-06 03:12:49 INFO mt5_bot - Signal=NONE reason=no_closed_bar_crossover price=None trend=bullish rsi=70.6 atr_pips=7.0 adx=43.3
2026-05-06 03:12:49 INFO mt5_bot - ADX boost: adx=43.3 \u2192 risk_pct=1.50%
2026-05-06 03:12:49 INFO mt5_bot - Execution status=skipped reason=no_closed_bar_crossover
2026-05-06 03:13:04 INFO mt5_bot - Balance=102029.96 Equity=102029.96 Spread=0.60 pips
2026-05-06 03:13:04 INFO mt5_bot - Signal=NONE reason=no_closed_bar_crossover price=None trend=bullish rsi=70.6 atr_pips=7.0 adx=43.3
2026-05-06 03:13:04 INFO mt5_bot - ADX boost: adx=43.3 \u2192 risk_pct=1.50%
2026-05-06 03:13:04 INFO mt5_bot - Execution status=skipped reason=no_closed_bar_crossover
2026-05-06 03:13:19 INFO mt5_bot - Balance=102029.96 Equity=102029.96 Spread=0.60 pips
2026-05-06 03:13:19 INFO mt5_bot - Signal=NONE reason=no_closed_bar_crossover price=None trend=bullish rsi=70.6 atr_pips=7.0 adx=43.3
2026-05-06 03:13:19 INFO mt5_bot - ADX boost: adx=43.3 \u2192 risk_pct=1.50%
2026-05-06 03:13:19 INFO mt5_bot - Execution status=skipped reason=no_closed_bar_crossover
2026-05-06 03:13:34 INFO mt5_bot - Balance=102029.96 Equity=102029.96 Spread=0.60 pips
2026-05-06 03:13:34 INFO mt5_bot - Signal=NONE reason=no_closed_bar_crossover price=None trend=bullish rsi=70.6 atr_pips=7.0 adx=43.3
2026-05-06 03:13:34 INFO mt5_bot - ADX boost: adx=43.3 \u2192 risk_pct=1.50%
2026-05-06 03:13:34 INFO mt5_bot - Execution status=skipped reason=no_closed_bar_crossover
2026-05-06 03:13:49 INFO mt5_bot - Balance=102029.96 Equity=102029.96 Spread=0.60 pips
2026-05-06 03:13:49 INFO mt5_bot - Signal=NONE reason=no_closed_bar_crossover price=None trend=bullish rsi=70.6 atr_pips=7.0 adx=43.3
2026-05-06 03:13:49 INFO mt5_bot - ADX boost: adx=43.3 \u2192 risk_pct=1.50%
2026-05-06 03:13:49 INFO mt5_bot - Execution status=skipped reason=no_closed_bar_crossover
2026-05-06 03:14:04 INFO mt5_bot - Balance=102029.96 Equity=102029.96 Spread=0.60 pips
2026-05-06 03:14:04 INFO mt5_bot - Signal=NONE reason=no_closed_bar_crossover price=None trend=bullish rsi=70.6 atr_pips=7.0 adx=43.3
2026-05-06 03:14:04 INFO mt5_bot - ADX boost: adx=43.3 \u2192 risk_pct=1.50%
2026-05-06 03:14:04 INFO mt5_bot - Execution status=skipped reason=no_closed_bar_crossover
2026-05-06 03:14:19 INFO mt5_bot - Balance=102029.96 Equity=102029.96 Spread=0.60 pips
2026-05-06 03:14:19 INFO mt5_bot - Signal=NONE reason=no_closed_bar_crossover price=None trend=bullish rsi=70.6 atr_pips=7.0 adx=43.3
2026-05-06 03:14:19 INFO mt5_bot - ADX boost: adx=43.3 \u2192 risk_pct=1.50%
2026-05-06 03:14:19 INFO mt5_bot - Execution status=skipped reason=no_closed_bar_crossover
2026-05-06 03:14:34 INFO mt5_bot - Balance=102029.96 Equity=102029.96 Spread=0.60 pips
2026-05-06 03:14:34 INFO mt5_bot - Signal=NONE reason=no_closed_bar_crossover price=None trend=bullish rsi=70.6 atr_pips=7.0 adx=43.3
2026-05-06 03:14:34 INFO mt5_bot - ADX boost: adx=43.3 \u2192 risk_pct=1.50%
2026-05-06 03:14:34 INFO mt5_bot - Execution status=skipped reason=no_closed_bar_crossover
2026-05-06 03:14:49 INFO mt5_bot - Balance=102029.96 Equity=102029.96 Spread=0.60 pips
2026-05-06 03:14:49 INFO mt5_bot - Signal=NONE reason=no_closed_bar_crossover price=None trend=bullish rsi=70.6 atr_pips=7.0 adx=43.3
2026-05-06 03:14:49 INFO mt5_bot - ADX boost: adx=43.3 \u2192 risk_pct=1.50%
2026-05-06 03:14:49 INFO mt5_bot - Execution status=skipped reason=no_closed_bar_crossover
2026-05-06 03:15:04 INFO mt5_bot - Balance=102029.96 Equity=102029.96 Spread=0.60 pips
2026-05-06 03:15:04 INFO mt5_bot - Signal=NONE reason=no_closed_bar_crossover price=None trend=bullish rsi=62.5 atr_pips=7.2 adx=44.5
2026-05-06 03:15:04 INFO mt5_bot - ADX boost: adx=44.5 \u2192 risk_pct=1.50%
2026-05-06 03:15:04 INFO mt5_bot - Execution status=skipped reason=no_closed_bar_crossover
2026-05-06 03:15:19 INFO mt5_bot - Balance=102029.96 Equity=102029.96 Spread=0.60 pips
2026-05-06 03:15:19 INFO mt5_bot - Signal=NONE reason=no_closed_bar_crossover price=None trend=bullish rsi=62.5 atr_pips=7.2 adx=44.5
2026-05-06 03:15:19 INFO mt5_bot - ADX boost: adx=44.5 \u2192 risk_pct=1.50%
2026-05-06 03:15:19 INFO mt5_bot - Execution status=skipped reason=no_closed_bar_crossover
2026-05-06 03:15:34 INFO mt5_bot - Balance=102029.96 Equity=102029.96 Spread=0.60 pips
2026-05-06 03:15:34 INFO mt5_bot - Signal=NONE reason=no_closed_bar_crossover price=None trend=bullish rsi=62.5 atr_pips=7.2 adx=44.5
2026-05-06 03:15:34 INFO mt5_bot - ADX boost: adx=44.5 \u2192 risk_pct=1.50%
2026-05-06 03:15:34 INFO mt5_bot - Execution status=skipped reason=no_closed_bar_crossover
2026-05-06 03:15:49 INFO mt5_bot - Balance=102029.96 Equity=102029.96 Spread=0.60 pips
2026-05-06 03:15:49 INFO mt5_bot - Signal=NONE reason=no_closed_bar_crossover price=None trend=bullish rsi=62.5 atr_pips=7.2 adx=44.5
2026-05-06 03:15:49 INFO mt5_bot - ADX boost: adx=44.5 \u2192 risk_pct=1.50%
2026-05-06 03:15:49 INFO mt5_bot - Execution status=skipped reason=no_closed_bar_crossover
2026-05-06 03:16:04 INFO mt5_bot - Balance=102029.96 Equity=102029.96 Spread=0.60 pips
2026-05-06 03:16:04 INFO mt5_bot - Signal=NONE reason=no_closed_bar_crossover price=None trend=bullish rsi=62.5 atr_pips=7.2 adx=44.5
2026-05-06 03:16:04 INFO mt5_bot - ADX boost: adx=44.5 \u2192 risk_pct=1.50%
2026-05-06 03:16:04 INFO mt5_bot - Execution status=skipped reason=no_closed_bar_crossover
2026-05-06 03:16:19 INFO mt5_bot - Balance=102029.96 Equity=102029.96 Spread=0.60 pips
2026-05-06 03:16:19 INFO mt5_bot - Signal=NONE reason=no_closed_bar_crossover price=None trend=bullish rsi=62.5 atr_pips=7.2 adx=44.5
2026-05-06 03:16:19 INFO mt5_bot - ADX boost: adx=44.5 \u2192 risk_pct=1.50%
2026-05-06 03:16:19 INFO mt5_bot - Execution status=skipped reason=no_closed_bar_crossover
2026-05-06 03:16:34 INFO mt5_bot - Balance=102029.96 Equity=102029.96 Spread=0.60 pips
2026-05-06 03:16:34 INFO mt5_bot - Signal=NONE reason=no_closed_bar_crossover price=None trend=bullish rsi=62.5 atr_pips=7.2 adx=44.5
2026-05-06 03:16:34 INFO mt5_bot - ADX boost: adx=44.5 \u2192 risk_pct=1.50%
2026-05-06 03:16:34 INFO mt5_bot - Execution status=skipped reason=no_closed_bar_crossover
2026-05-06 03:16:49 INFO mt5_bot - Balance=102029.96 Equity=102029.96 Spread=0.60 pips
2026-05-06 03:16:49 INFO mt5_bot - Signal=NONE reason=no_closed_bar_crossover price=None trend=bullish rsi=62.5 atr_pips=7.2 adx=44.5
2026-05-06 03:16:49 INFO mt5_bot - ADX boost: adx=44.5 \u2192 risk_pct=1.50%
2026-05-06 03:16:49 INFO mt5_bot - Execution status=skipped reason=no_closed_bar_crossover
2026-05-06 03:17:04 INFO mt5_bot - Balance=102029.96 Equity=102029.96 Spread=0.60 pips
2026-05-06 03:17:04 INFO mt5_bot - Signal=NONE reason=no_closed_bar_crossover price=None trend=bullish rsi=62.5 atr_pips=7.2 adx=44.5
2026-05-06 03:17:04 INFO mt5_bot - ADX boost: adx=44.5 \u2192 risk_pct=1.50%
2026-05-06 03:17:04 INFO mt5_bot - Execution status=skipped reason=no_closed_bar_crossover
2026-05-06 03:17:19 INFO mt5_bot - Balance=102029.96 Equity=102029.96 Spread=0.60 pips
2026-05-06 03:17:19 INFO mt5_bot - Signal=NONE reason=no_closed_bar_crossover price=None trend=bullish rsi=62.5 atr_pips=7.2 adx=44.5
2026-05-06 03:17:19 INFO mt5_bot - ADX boost: adx=44.5 \u2192 risk_pct=1.50%
2026-05-06 03:17:19 INFO mt5_bot - Execution status=skipped reason=no_closed_bar_crossover
2026-05-06 03:17:34 INFO mt5_bot - Balance=102029.96 Equity=102029.96 Spread=0.60 pips
2026-05-06 03:17:34 INFO mt5_bot - Signal=NONE reason=no_closed_bar_crossover price=None trend=bullish rsi=62.5 atr_pips=7.2 adx=44.5
2026-05-06 03:17:34 INFO mt5_bot - ADX boost: adx=44.5 \u2192 risk_pct=1.50%
2026-05-06 03:17:34 INFO mt5_bot - Execution status=skipped reason=no_closed_bar_crossover
2026-05-06 03:17:49 INFO mt5_bot - Balance=102029.96 Equity=102029.96 Spread=0.60 pips
2026-05-06 03:17:49 INFO mt5_bot - Signal=NONE reason=no_closed_bar_crossover price=None trend=bullish rsi=62.5 atr_pips=7.2 adx=44.5
2026-05-06 03:17:49 INFO mt5_bot - ADX boost: adx=44.5 \u2192 risk_pct=1.50%
2026-05-06 03:17:49 INFO mt5_bot - Execution status=skipped reason=no_closed_bar_crossover
2026-05-06 03:18:04 INFO mt5_bot - Balance=102029.96 Equity=102029.96 Spread=0.60 pips
2026-05-06 03:18:04 INFO mt5_bot - Signal=NONE reason=no_closed_bar_crossover price=None trend=bullish rsi=62.5 atr_pips=7.2 adx=44.5
2026-05-06 03:18:04 INFO mt5_bot - ADX boost: adx=44.5 \u2192 risk_pct=1.50%
2026-05-06 03:18:04 INFO mt5_bot - Execution status=skipped reason=no_closed_bar_crossover
2026-05-06 03:18:19 INFO mt5_bot - Balance=102029.96 Equity=102029.96 Spread=0.60 pips
2026-05-06 03:18:19 INFO mt5_bot - Signal=NONE reason=no_closed_bar_crossover price=None trend=bullish rsi=62.5 atr_pips=7.2 adx=44.5
2026-05-06 03:18:19 INFO mt5_bot - ADX boost: adx=44.5 \u2192 risk_pct=1.50%
2026-05-06 03:18:19 INFO mt5_bot - Execution status=skipped reason=no_closed_bar_crossover
2026-05-06 03:18:34 INFO mt5_bot - Balance=102029.96 Equity=102029.96 Spread=0.60 pips
2026-05-06 03:18:34 INFO mt5_bot - Signal=NONE reason=no_closed_bar_crossover price=None trend=bullish rsi=62.5 atr_pips=7.2 adx=44.5
2026-05-06 03:18:34 INFO mt5_bot - ADX boost: adx=44.5 \u2192 risk_pct=1.50%
2026-05-06 03:18:34 INFO mt5_bot - Execution status=skipped reason=no_closed_bar_crossover
2026-05-06 03:18:49 INFO mt5_bot - Balance=102029.96 Equity=102029.96 Spread=0.60 pips
2026-05-06 03:18:49 INFO mt5_bot - Signal=NONE reason=no_closed_bar_crossover price=None trend=bullish rsi=62.5 atr_pips=7.2 adx=44.5
2026-05-06 03:18:49 INFO mt5_bot - ADX boost: adx=44.5 \u2192 risk_pct=1.50%
2026-05-06 03:18:49 INFO mt5_bot - Execution status=skipped reason=no_closed_bar_crossover
2026-05-06 03:19:04 INFO mt5_bot - Balance=102029.96 Equity=102029.96 Spread=0.60 pips
2026-05-06 03:19:04 INFO mt5_bot - Signal=NONE reason=no_closed_bar_crossover price=None trend=bullish rsi=62.5 atr_pips=7.2 adx=44.5
2026-05-06 03:19:04 INFO mt5_bot - ADX boost: adx=44.5 \u2192 risk_pct=1.50%
2026-05-06 03:19:04 INFO mt5_bot - Execution status=skipped reason=no_closed_bar_crossover
2026-05-06 03:19:19 INFO mt5_bot - Balance=102029.96 Equity=102029.96 Spread=0.60 pips
2026-05-06 03:19:19 INFO mt5_bot - Signal=NONE reason=no_closed_bar_crossover price=None trend=bullish rsi=62.5 atr_pips=7.2 adx=44.5
2026-05-06 03:19:19 INFO mt5_bot - ADX boost: adx=44.5 \u2192 risk_pct=1.50%
2026-05-06 03:19:19 INFO mt5_bot - Execution status=skipped reason=no_closed_bar_crossover
2026-05-06 03:19:34 INFO mt5_bot - Balance=102029.96 Equity=102029.96 Spread=0.60 pips
2026-05-06 03:19:34 INFO mt5_bot - Signal=NONE reason=no_closed_bar_crossover price=None trend=bullish rsi=62.5 atr_pips=7.2 adx=44.5
2026-05-06 03:19:34 INFO mt5_bot - ADX boost: adx=44.5 \u2192 risk_pct=1.50%
2026-05-06 03:19:34 INFO mt5_bot - Execution status=skipped reason=no_closed_bar_crossover
2026-05-06 03:19:49 INFO mt5_bot - Balance=102029.96 Equity=102029.96 Spread=0.60 pips
2026-05-06 03:19:49 INFO mt5_bot - Signal=NONE reason=no_closed_bar_crossover price=None trend=bullish rsi=62.5 atr_pips=7.2 adx=44.5
2026-05-06 03:19:49 INFO mt5_bot - ADX boost: adx=44.5 \u2192 risk_pct=1.50%
2026-05-06 03:19:49 INFO mt5_bot - Execution status=skipped reason=no_closed_bar_crossover
2026-05-06 03:20:04 INFO mt5_bot - Balance=102029.96 Equity=102029.96 Spread=0.60 pips
2026-05-06 03:20:04 INFO mt5_bot - Signal=NONE reason=no_closed_bar_crossover price=None trend=bullish rsi=62.5 atr_pips=7.2 adx=44.5
2026-05-06 03:20:04 INFO mt5_bot - ADX boost: adx=44.5 \u2192 risk_pct=1.50%
2026-05-06 03:20:04 INFO mt5_bot - Execution status=skipped reason=no_closed_bar_crossover
2026-05-06 03:20:19 INFO mt5_bot - Balance=102029.96 Equity=102029.96 Spread=0.60 pips
2026-05-06 03:20:19 INFO mt5_bot - Signal=NONE reason=no_closed_bar_crossover price=None trend=bullish rsi=62.5 atr_pips=7.2 adx=44.5
2026-05-06 03:20:19 INFO mt5_bot - ADX boost: adx=44.5 \u2192 risk_pct=1.50%
2026-05-06 03:20:19 INFO mt5_bot - Execution status=skipped reason=no_closed_bar_crossover
2026-05-06 03:20:34 INFO mt5_bot - Balance=102029.96 Equity=102029.96 Spread=0.60 pips
2026-05-06 03:20:34 INFO mt5_bot - Signal=NONE reason=no_closed_bar_crossover price=None trend=bullish rsi=62.5 atr_pips=7.2 adx=44.5
2026-05-06 03:20:34 INFO mt5_bot - ADX boost: adx=44.5 \u2192 risk_pct=1.50%
2026-05-06 03:20:34 INFO mt5_bot - Execution status=skipped reason=no_closed_bar_crossover
2026-05-06 03:20:49 INFO mt5_bot - Balance=102029.96 Equity=102029.96 Spread=0.60 pips
2026-05-06 03:20:49 INFO mt5_bot - Signal=NONE reason=no_closed_bar_crossover price=None trend=bullish rsi=62.5 atr_pips=7.2 adx=44.5
2026-05-06 03:20:49 INFO mt5_bot - ADX boost: adx=44.5 \u2192 risk_pct=1.50%
2026-05-06 03:20:49 INFO mt5_bot - Execution status=skipped reason=no_closed_bar_crossover
2026-05-06 03:21:04 INFO mt5_bot - Balance=102029.96 Equity=102029.96 Spread=0.60 pips
2026-05-06 03:21:04 INFO mt5_bot - Signal=NONE reason=no_closed_bar_crossover price=None trend=bullish rsi=62.5 atr_pips=7.2 adx=44.5
2026-05-06 03:21:04 INFO mt5_bot - ADX boost: adx=44.5 \u2192 risk_pct=1.50%
2026-05-06 03:21:04 INFO mt5_bot - Execution status=skipped reason=no_closed_bar_crossover
2026-05-06 03:21:19 INFO mt5_bot - Balance=102029.96 Equity=102029.96 Spread=0.60 pips
2026-05-06 03:21:19 INFO mt5_bot - Signal=NONE reason=no_closed_bar_crossover price=None trend=bullish rsi=62.5 atr_pips=7.2 adx=44.5
2026-05-06 03:21:19 INFO mt5_bot - ADX boost: adx=44.5 \u2192 risk_pct=1.50%
2026-05-06 03:21:19 INFO mt5_bot - Execution status=skipped reason=no_closed_bar_crossover
2026-05-06 03:21:34 INFO mt5_bot - Balance=102029.96 Equity=102029.96 Spread=0.60 pips
2026-05-06 03:21:34 INFO mt5_bot - Signal=NONE reason=no_closed_bar_crossover price=None trend=bullish rsi=62.5 atr_pips=7.2 adx=44.5
2026-05-06 03:21:34 INFO mt5_bot - ADX boost: adx=44.5 \u2192 risk_pct=1.50%
2026-05-06 03:21:34 INFO mt5_bot - Execution status=skipped reason=no_closed_bar_crossover
2026-05-06 03:21:49 INFO mt5_bot - Balance=102029.96 Equity=102029.96 Spread=0.60 pips
2026-05-06 03:21:49 INFO mt5_bot - Signal=NONE reason=no_closed_bar_crossover price=None trend=bullish rsi=62.5 atr_pips=7.2 adx=44.5
2026-05-06 03:21:49 INFO mt5_bot - ADX boost: adx=44.5 \u2192 risk_pct=1.50%
2026-05-06 03:21:49 INFO mt5_bot - Execution status=skipped reason=no_closed_bar_crossover
2026-05-06 03:22:04 INFO mt5_bot - Balance=102029.96 Equity=102029.96 Spread=0.60 pips
2026-05-06 03:22:04 INFO mt5_bot - Signal=NONE reason=no_closed_bar_crossover price=None trend=bullish rsi=62.5 atr_pips=7.2 adx=44.5
2026-05-06 03:22:04 INFO mt5_bot - ADX boost: adx=44.5 \u2192 risk_pct=1.50%
2026-05-06 03:22:04 INFO mt5_bot - Execution status=skipped reason=no_closed_bar_crossover
2026-05-06 03:22:19 INFO mt5_bot - Balance=102029.96 Equity=102029.96 Spread=0.60 pips
2026-05-06 03:22:19 INFO mt5_bot - Signal=NONE reason=no_closed_bar_crossover price=None trend=bullish rsi=62.5 atr_pips=7.2 adx=44.5
2026-05-06 03:22:19 INFO mt5_bot - ADX boost: adx=44.5 \u2192 risk_pct=1.50%
2026-05-06 03:22:19 INFO mt5_bot - Execution status=skipped reason=no_closed_bar_crossover
2026-05-06 03:22:34 INFO mt5_bot - Balance=102029.96 Equity=102029.96 Spread=0.60 pips
2026-05-06 03:22:34 INFO mt5_bot - Signal=NONE reason=no_closed_bar_crossover price=None trend=bullish rsi=62.5 atr_pips=7.2 adx=44.5
2026-05-06 03:22:34 INFO mt5_bot - ADX boost: adx=44.5 \u2192 risk_pct=1.50%
2026-05-06 03:22:34 INFO mt5_bot - Execution status=skipped reason=no_closed_bar_crossover
2026-05-06 03:22:49 INFO mt5_bot - Balance=102029.96 Equity=102029.96 Spread=0.60 pips
2026-05-06 03:22:49 INFO mt5_bot - Signal=NONE reason=no_closed_bar_crossover price=None trend=bullish rsi=62.5 atr_pips=7.2 adx=44.5
2026-05-06 03:22:49 INFO mt5_bot - ADX boost: adx=44.5 \u2192 risk_pct=1.50%
2026-05-06 03:22:49 INFO mt5_bot - Execution status=skipped reason=no_closed_bar_crossover
2026-05-06 03:23:04 INFO mt5_bot - Balance=102029.96 Equity=102029.96 Spread=0.60 pips
2026-05-06 03:23:04 INFO mt5_bot - Signal=NONE reason=no_closed_bar_crossover price=None trend=bullish rsi=62.5 atr_pips=7.2 adx=44.5
2026-05-06 03:23:04 INFO mt5_bot - ADX boost: adx=44.5 \u2192 risk_pct=1.50%
2026-05-06 03:23:04 INFO mt5_bot - Execution status=skipped reason=no_closed_bar_crossover
2026-05-06 03:23:19 INFO mt5_bot - Balance=102029.96 Equity=102029.96 Spread=0.60 pips
2026-05-06 03:23:19 INFO mt5_bot - Signal=NONE reason=no_closed_bar_crossover price=None trend=bullish rsi=62.5 atr_pips=7.2 adx=44.5
2026-05-06 03:23:19 INFO mt5_bot - ADX boost: adx=44.5 \u2192 risk_pct=1.50%
2026-05-06 03:23:19 INFO mt5_bot - Execution status=skipped reason=no_closed_bar_crossover
2026-05-06 03:23:35 INFO mt5_bot - Balance=102029.96 Equity=102029.96 Spread=0.60 pips
2026-05-06 03:23:35 INFO mt5_bot - Signal=NONE reason=no_closed_bar_crossover price=None trend=bullish rsi=62.5 atr_pips=7.2 adx=44.5
2026-05-06 03:23:35 INFO mt5_bot - ADX boost: adx=44.5 \u2192 risk_pct=1.50%
2026-05-06 03:23:35 INFO mt5_bot - Execution status=skipped reason=no_closed_bar_crossover
2026-05-06 03:23:50 INFO mt5_bot - Balance=102029.96 Equity=102029.96 Spread=0.60 pips
2026-05-06 03:23:50 INFO mt5_bot - Signal=NONE reason=no_closed_bar_crossover price=None trend=bullish rsi=62.5 atr_pips=7.2 adx=44.5
2026-05-06 03:23:50 INFO mt5_bot - ADX boost: adx=44.5 \u2192 risk_pct=1.50%
2026-05-06 03:23:50 INFO mt5_bot - Execution status=skipped reason=no_closed_bar_crossover
2026-05-06 03:24:05 INFO mt5_bot - Balance=102029.96 Equity=102029.96 Spread=0.60 pips
2026-05-06 03:24:05 INFO mt5_bot - Signal=NONE reason=no_closed_bar_crossover price=None trend=bullish rsi=62.5 atr_pips=7.2 adx=44.5
2026-05-06 03:24:05 INFO mt5_bot - ADX boost: adx=44.5 \u2192 risk_pct=1.50%
2026-05-06 03:24:05 INFO mt5_bot - Execution status=skipped reason=no_closed_bar_crossover
2026-05-06 03:24:20 INFO mt5_bot - Balance=102029.96 Equity=102029.96 Spread=0.60 pips
2026-05-06 03:24:20 INFO mt5_bot - Signal=NONE reason=no_closed_bar_crossover price=None trend=bullish rsi=62.5 atr_pips=7.2 adx=44.5
2026-05-06 03:24:20 INFO mt5_bot - ADX boost: adx=44.5 \u2192 risk_pct=1.50%
2026-05-06 03:24:20 INFO mt5_bot - Execution status=skipped reason=no_closed_bar_crossover
2026-05-06 03:24:35 INFO mt5_bot - Balance=102029.96 Equity=102029.96 Spread=0.60 pips
2026-05-06 03:24:35 INFO mt5_bot - Signal=NONE reason=no_closed_bar_crossover price=None trend=bullish rsi=62.5 atr_pips=7.2 adx=44.5
2026-05-06 03:24:35 INFO mt5_bot - ADX boost: adx=44.5 \u2192 risk_pct=1.50%
2026-05-06 03:24:35 INFO mt5_bot - Execution status=skipped reason=no_closed_bar_crossover
2026-05-06 03:24:50 INFO mt5_bot - Balance=102029.96 Equity=102029.96 Spread=0.60 pips
2026-05-06 03:24:50 INFO mt5_bot - Signal=NONE reason=no_closed_bar_crossover price=None trend=bullish rsi=62.5 atr_pips=7.2 adx=44.5
2026-05-06 03:24:50 INFO mt5_bot - ADX boost: adx=44.5 \u2192 risk_pct=1.50%
2026-05-06 03:24:50 INFO mt5_bot - Execution status=skipped reason=no_closed_bar_crossover
2026-05-06 03:25:05 INFO mt5_bot - Balance=102029.96 Equity=102029.96 Spread=0.60 pips
2026-05-06 03:25:05 INFO mt5_bot - Signal=NONE reason=no_closed_bar_crossover price=None trend=bullish rsi=62.5 atr_pips=7.2 adx=44.5
2026-05-06 03:25:05 INFO mt5_bot - ADX boost: adx=44.5 \u2192 risk_pct=1.50%
2026-05-06 03:25:05 INFO mt5_bot - Execution status=skipped reason=no_closed_bar_crossover
2026-05-06 03:25:20 INFO mt5_bot - Balance=102029.96 Equity=102029.96 Spread=0.60 pips
2026-05-06 03:25:20 INFO mt5_bot - Signal=NONE reason=no_closed_bar_crossover price=None trend=bullish rsi=62.5 atr_pips=7.2 adx=44.5
2026-05-06 03:25:20 INFO mt5_bot - ADX boost: adx=44.5 \u2192 risk_pct=1.50%
2026-05-06 03:25:20 INFO mt5_bot - Execution status=skipped reason=no_closed_bar_crossover
2026-05-06 03:25:35 INFO mt5_bot - Balance=102029.96 Equity=102029.96 Spread=0.60 pips
2026-05-06 03:25:35 INFO mt5_bot - Signal=NONE reason=no_closed_bar_crossover price=None trend=bullish rsi=62.5 atr_pips=7.2 adx=44.5
2026-05-06 03:25:35 INFO mt5_bot - ADX boost: adx=44.5 \u2192 risk_pct=1.50%
2026-05-06 03:25:35 INFO mt5_bot - Execution status=skipped reason=no_closed_bar_crossover
2026-05-06 03:25:50 INFO mt5_bot - Balance=102029.96 Equity=102029.96 Spread=0.60 pips
2026-05-06 03:25:50 INFO mt5_bot - Signal=NONE reason=no_closed_bar_crossover price=None trend=bullish rsi=62.5 atr_pips=7.2 adx=44.5
2026-05-06 03:25:50 INFO mt5_bot - ADX boost: adx=44.5 \u2192 risk_pct=1.50%
2026-05-06 03:25:50 INFO mt5_bot - Execution status=skipped reason=no_closed_bar_crossover
2026-05-06 03:26:05 INFO mt5_bot - Balance=102029.96 Equity=102029.96 Spread=0.60 pips
2026-05-06 03:26:05 INFO mt5_bot - Signal=NONE reason=no_closed_bar_crossover price=None trend=bullish rsi=62.5 atr_pips=7.2 adx=44.5
2026-05-06 03:26:05 INFO mt5_bot - ADX boost: adx=44.5 \u2192 risk_pct=1.50%
2026-05-06 03:26:05 INFO mt5_bot - Execution status=skipped reason=no_closed_bar_crossover
2026-05-06 03:26:20 INFO mt5_bot - Balance=102029.96 Equity=102029.96 Spread=0.60 pips
2026-05-06 03:26:20 INFO mt5_bot - Signal=NONE reason=no_closed_bar_crossover price=None trend=bullish rsi=62.5 atr_pips=7.2 adx=44.5
2026-05-06 03:26:20 INFO mt5_bot - ADX boost: adx=44.5 \u2192 risk_pct=1.50%
2026-05-06 03:26:20 INFO mt5_bot - Execution status=skipped reason=no_closed_bar_crossover
2026-05-06 03:26:35 INFO mt5_bot - Balance=102029.96 Equity=102029.96 Spread=0.60 pips
2026-05-06 03:26:35 INFO mt5_bot - Signal=NONE reason=no_closed_bar_crossover price=None trend=bullish rsi=62.5 atr_pips=7.2 adx=44.5
2026-05-06 03:26:35 INFO mt5_bot - ADX boost: adx=44.5 \u2192 risk_pct=1.50%
2026-05-06 03:26:35 INFO mt5_bot - Execution status=skipped reason=no_closed_bar_crossover
2026-05-06 03:26:50 INFO mt5_bot - Balance=102029.96 Equity=102029.96 Spread=0.60 pips
2026-05-06 03:26:50 INFO mt5_bot - Signal=NONE reason=no_closed_bar_crossover price=None trend=bullish rsi=62.5 atr_pips=7.2 adx=44.5
2026-05-06 03:26:50 INFO mt5_bot - ADX boost: adx=44.5 \u2192 risk_pct=1.50%
2026-05-06 03:26:50 INFO mt5_bot - Execution status=skipped reason=no_closed_bar_crossover
2026-05-06 03:27:05 INFO mt5_bot - Balance=102029.96 Equity=102029.96 Spread=0.60 pips
2026-05-06 03:27:05 INFO mt5_bot - Signal=NONE reason=no_closed_bar_crossover price=None trend=bullish rsi=62.5 atr_pips=7.2 adx=44.5
2026-05-06 03:27:05 INFO mt5_bot - ADX boost: adx=44.5 \u2192 risk_pct=1.50%
2026-05-06 03:27:05 INFO mt5_bot - Execution status=skipped reason=no_closed_bar_crossover
2026-05-06 03:27:20 INFO mt5_bot - Balance=102029.96 Equity=102029.96 Spread=0.60 pips
2026-05-06 03:27:20 INFO mt5_bot - Signal=NONE reason=no_closed_bar_crossover price=None trend=bullish rsi=62.5 atr_pips=7.2 adx=44.5
2026-05-06 03:27:20 INFO mt5_bot - ADX boost: adx=44.5 \u2192 risk_pct=1.50%
2026-05-06 03:27:20 INFO mt5_bot - Execution status=skipped reason=no_closed_bar_crossover
2026-05-06 03:27:35 INFO mt5_bot - Balance=102029.96 Equity=102029.96 Spread=0.60 pips
2026-05-06 03:27:35 INFO mt5_bot - Signal=NONE reason=no_closed_bar_crossover price=None trend=bullish rsi=62.5 atr_pips=7.2 adx=44.5
2026-05-06 03:27:35 INFO mt5_bot - ADX boost: adx=44.5 \u2192 risk_pct=1.50%
2026-05-06 03:27:35 INFO mt5_bot - Execution status=skipped reason=no_closed_bar_crossover
2026-05-06 03:27:50 INFO mt5_bot - Balance=102029.96 Equity=102029.96 Spread=0.60 pips
2026-05-06 03:27:50 INFO mt5_bot - Signal=NONE reason=no_closed_bar_crossover price=None trend=bullish rsi=62.5 atr_pips=7.2 adx=44.5
2026-05-06 03:27:50 INFO mt5_bot - ADX boost: adx=44.5 \u2192 risk_pct=1.50%
2026-05-06 03:27:50 INFO mt5_bot - Execution status=skipped reason=no_closed_bar_crossover
2026-05-06 03:28:05 INFO mt5_bot - Balance=102029.96 Equity=102029.96 Spread=0.60 pips
2026-05-06 03:28:05 INFO mt5_bot - Signal=NONE reason=no_closed_bar_crossover price=None trend=bullish rsi=62.5 atr_pips=7.2 adx=44.5
2026-05-06 03:28:05 INFO mt5_bot - ADX boost: adx=44.5 \u2192 risk_pct=1.50%
2026-05-06 03:28:05 INFO mt5_bot - Execution status=skipped reason=no_closed_bar_crossover
2026-05-06 03:28:20 INFO mt5_bot - Balance=102029.96 Equity=102029.96 Spread=0.60 pips
2026-05-06 03:28:20 INFO mt5_bot - Signal=NONE reason=no_closed_bar_crossover price=None trend=bullish rsi=62.5 atr_pips=7.2 adx=44.5
2026-05-06 03:28:20 INFO mt5_bot - ADX boost: adx=44.5 \u2192 risk_pct=1.50%
2026-05-06 03:28:20 INFO mt5_bot - Execution status=skipped reason=no_closed_bar_crossover
2026-05-06 03:28:35 INFO mt5_bot - Balance=102029.96 Equity=102029.96 Spread=0.60 pips
2026-05-06 03:28:35 INFO mt5_bot - Signal=NONE reason=no_closed_bar_crossover price=None trend=bullish rsi=62.5 atr_pips=7.2 adx=44.5
2026-05-06 03:28:35 INFO mt5_bot - ADX boost: adx=44.5 \u2192 risk_pct=1.50%
2026-05-06 03:28:35 INFO mt5_bot - Execution status=skipped reason=no_closed_bar_crossover
2026-05-06 03:28:50 INFO mt5_bot - Balance=102029.96 Equity=102029.96 Spread=0.60 pips
2026-05-06 03:28:50 INFO mt5_bot - Signal=NONE reason=no_closed_bar_crossover price=None trend=bullish rsi=62.5 atr_pips=7.2 adx=44.5
2026-05-06 03:28:50 INFO mt5_bot - ADX boost: adx=44.5 \u2192 risk_pct=1.50%
2026-05-06 03:28:50 INFO mt5_bot - Execution status=skipped reason=no_closed_bar_crossover
2026-05-06 03:29:05 INFO mt5_bot - Balance=102029.96 Equity=102029.96 Spread=0.60 pips
2026-05-06 03:29:05 INFO mt5_bot - Signal=NONE reason=no_closed_bar_crossover price=None trend=bullish rsi=62.5 atr_pips=7.2 adx=44.5
2026-05-06 03:29:05 INFO mt5_bot - ADX boost: adx=44.5 \u2192 risk_pct=1.50%
2026-05-06 03:29:05 INFO mt5_bot - Execution status=skipped reason=no_closed_bar_crossover
2026-05-06 03:29:20 INFO mt5_bot - Balance=102029.96 Equity=102029.96 Spread=0.60 pips
2026-05-06 03:29:20 INFO mt5_bot - Signal=NONE reason=no_closed_bar_crossover price=None trend=bullish rsi=62.5 atr_pips=7.2 adx=44.5
2026-05-06 03:29:20 INFO mt5_bot - ADX boost: adx=44.5 \u2192 risk_pct=1.50%
2026-05-06 03:29:20 INFO mt5_bot - Execution status=skipped reason=no_closed_bar_crossover
2026-05-06 03:29:35 INFO mt5_bot - Balance=102029.96 Equity=102029.96 Spread=0.60 pips
2026-05-06 03:29:35 INFO mt5_bot - Signal=NONE reason=no_closed_bar_crossover price=None trend=bullish rsi=62.5 atr_pips=7.2 adx=44.5
2026-05-06 03:29:35 INFO mt5_bot - ADX boost: adx=44.5 \u2192 risk_pct=1.50%
2026-05-06 03:29:35 INFO mt5_bot - Execution status=skipped reason=no_closed_bar_crossover
2026-05-06 03:29:50 INFO mt5_bot - Balance=102029.96 Equity=102029.96 Spread=0.60 pips
2026-05-06 03:29:50 INFO mt5_bot - Signal=NONE reason=no_closed_bar_crossover price=None trend=bullish rsi=62.5 atr_pips=7.2 adx=44.5
2026-05-06 03:29:50 INFO mt5_bot - ADX boost: adx=44.5 \u2192 risk_pct=1.50%
2026-05-06 03:29:50 INFO mt5_bot - Execution status=skipped reason=no_closed_bar_crossover
2026-05-06 03:30:05 INFO mt5_bot - Balance=102029.96 Equity=102029.96 Spread=0.60 pips
2026-05-06 03:30:05 INFO mt5_bot - Signal=NONE reason=no_closed_bar_crossover price=None trend=bullish rsi=67.5 atr_pips=7.3 adx=45.4
2026-05-06 03:30:05 INFO mt5_bot - ADX boost: adx=45.4 \u2192 risk_pct=1.50%
2026-05-06 03:30:05 INFO mt5_bot - Execution status=skipped reason=no_closed_bar_crossover
2026-05-06 03:30:20 INFO mt5_bot - Balance=102029.96 Equity=102029.96 Spread=0.60 pips
2026-05-06 03:30:20 INFO mt5_bot - Signal=NONE reason=no_closed_bar_crossover price=None trend=bullish rsi=67.5 atr_pips=7.3 adx=45.4
2026-05-06 03:30:20 INFO mt5_bot - ADX boost: adx=45.4 \u2192 risk_pct=1.50%
2026-05-06 03:30:20 INFO mt5_bot - Execution status=skipped reason=no_closed_bar_crossover
2026-05-06 03:30:35 INFO mt5_bot - Balance=102029.96 Equity=102029.96 Spread=0.60 pips
2026-05-06 03:30:35 INFO mt5_bot - Signal=NONE reason=no_closed_bar_crossover price=None trend=bullish rsi=67.5 atr_pips=7.3 adx=45.4
2026-05-06 03:30:35 INFO mt5_bot - ADX boost: adx=45.4 \u2192 risk_pct=1.50%
2026-05-06 03:30:35 INFO mt5_bot - Execution status=skipped reason=no_closed_bar_crossover
2026-05-06 03:30:50 INFO mt5_bot - Balance=102029.96 Equity=102029.96 Spread=0.60 pips
2026-05-06 03:30:50 INFO mt5_bot - Signal=NONE reason=no_closed_bar_crossover price=None trend=bullish rsi=67.5 atr_pips=7.3 adx=45.4
2026-05-06 03:30:50 INFO mt5_bot - ADX boost: adx=45.4 \u2192 risk_pct=1.50%
2026-05-06 03:30:50 INFO mt5_bot - Execution status=skipped reason=no_closed_bar_crossover
2026-05-06 03:31:05 INFO mt5_bot - Balance=102029.96 Equity=102029.96 Spread=0.60 pips
2026-05-06 03:31:05 INFO mt5_bot - Signal=NONE reason=no_closed_bar_crossover price=None trend=bullish rsi=67.5 atr_pips=7.3 adx=45.4
2026-05-06 03:31:05 INFO mt5_bot - ADX boost: adx=45.4 \u2192 risk_pct=1.50%
2026-05-06 03:31:05 INFO mt5_bot - Execution status=skipped reason=no_closed_bar_crossover
2026-05-06 03:31:20 INFO mt5_bot - Balance=102029.96 Equity=102029.96 Spread=0.60 pips
2026-05-06 03:31:20 INFO mt5_bot - Signal=NONE reason=no_closed_bar_crossover price=None trend=bullish rsi=67.5 atr_pips=7.3 adx=45.4
2026-05-06 03:31:20 INFO mt5_bot - ADX boost: adx=45.4 \u2192 risk_pct=1.50%
2026-05-06 03:31:20 INFO mt5_bot - Execution status=skipped reason=no_closed_bar_crossover
2026-05-06 03:31:35 INFO mt5_bot - Balance=102029.96 Equity=102029.96 Spread=0.60 pips
2026-05-06 03:31:35 INFO mt5_bot - Signal=NONE reason=no_closed_bar_crossover price=None trend=bullish rsi=67.5 atr_pips=7.3 adx=45.4
2026-05-06 03:31:35 INFO mt5_bot - ADX boost: adx=45.4 \u2192 risk_pct=1.50%
2026-05-06 03:31:35 INFO mt5_bot - Execution status=skipped reason=no_closed_bar_crossover
2026-05-06 03:31:50 INFO mt5_bot - Balance=102029.96 Equity=102029.96 Spread=0.60 pips
2026-05-06 03:31:50 INFO mt5_bot - Signal=NONE reason=no_closed_bar_crossover price=None trend=bullish rsi=67.5 atr_pips=7.3 adx=45.4
2026-05-06 03:31:50 INFO mt5_bot - ADX boost: adx=45.4 \u2192 risk_pct=1.50%
2026-05-06 03:31:50 INFO mt5_bot - Execution status=skipped reason=no_closed_bar_crossover
2026-05-06 03:32:05 INFO mt5_bot - Balance=102029.96 Equity=102029.96 Spread=0.60 pips
2026-05-06 03:32:05 INFO mt5_bot - Signal=NONE reason=no_closed_bar_crossover price=None trend=bullish rsi=67.5 atr_pips=7.3 adx=45.4
2026-05-06 03:32:05 INFO mt5_bot - ADX boost: adx=45.4 \u2192 risk_pct=1.50%
2026-05-06 03:32:05 INFO mt5_bot - Execution status=skipped reason=no_closed_bar_crossover
2026-05-06 03:32:20 INFO mt5_bot - Balance=102029.96 Equity=102029.96 Spread=0.60 pips
2026-05-06 03:32:20 INFO mt5_bot - Signal=NONE reason=no_closed_bar_crossover price=None trend=bullish rsi=67.5 atr_pips=7.3 adx=45.4
2026-05-06 03:32:20 INFO mt5_bot - ADX boost: adx=45.4 \u2192 risk_pct=1.50%
2026-05-06 03:32:20 INFO mt5_bot - Execution status=skipped reason=no_closed_bar_crossover
2026-05-06 03:32:35 INFO mt5_bot - Balance=102029.96 Equity=102029.96 Spread=0.60 pips
2026-05-06 03:32:35 INFO mt5_bot - Signal=NONE reason=no_closed_bar_crossover price=None trend=bullish rsi=67.5 atr_pips=7.3 adx=45.4
2026-05-06 03:32:35 INFO mt5_bot - ADX boost: adx=45.4 \u2192 risk_pct=1.50%
2026-05-06 03:32:35 INFO mt5_bot - Execution status=skipped reason=no_closed_bar_crossover
2026-05-06 03:32:50 INFO mt5_bot - Balance=102029.96 Equity=102029.96 Spread=0.60 pips
2026-05-06 03:32:50 INFO mt5_bot - Signal=NONE reason=no_closed_bar_crossover price=None trend=bullish rsi=67.5 atr_pips=7.3 adx=45.4
2026-05-06 03:32:50 INFO mt5_bot - ADX boost: adx=45.4 \u2192 risk_pct=1.50%
2026-05-06 03:32:50 INFO mt5_bot - Execution status=skipped reason=no_closed_bar_crossover
2026-05-06 03:33:05 INFO mt5_bot - Balance=102029.96 Equity=102029.96 Spread=0.60 pips
2026-05-06 03:33:05 INFO mt5_bot - Signal=NONE reason=no_closed_bar_crossover price=None trend=bullish rsi=67.5 atr_pips=7.3 adx=45.4
2026-05-06 03:33:05 INFO mt5_bot - ADX boost: adx=45.4 \u2192 risk_pct=1.50%
2026-05-06 03:33:05 INFO mt5_bot - Execution status=skipped reason=no_closed_bar_crossover
2026-05-06 03:33:20 INFO mt5_bot - Balance=102029.96 Equity=102029.96 Spread=0.60 pips
2026-05-06 03:33:20 INFO mt5_bot - Signal=NONE reason=no_closed_bar_crossover price=None trend=bullish rsi=67.5 atr_pips=7.3 adx=45.4
2026-05-06 03:33:20 INFO mt5_bot - ADX boost: adx=45.4 \u2192 risk_pct=1.50%
2026-05-06 03:33:20 INFO mt5_bot - Execution status=skipped reason=no_closed_bar_crossover
2026-05-06 03:33:35 INFO mt5_bot - Balance=102029.96 Equity=102029.96 Spread=0.60 pips
2026-05-06 03:33:35 INFO mt5_bot - Signal=NONE reason=no_closed_bar_crossover price=None trend=bullish rsi=67.5 atr_pips=7.3 adx=45.4
2026-05-06 03:33:35 INFO mt5_bot - ADX boost: adx=45.4 \u2192 risk_pct=1.50%
2026-05-06 03:33:35 INFO mt5_bot - Execution status=skipped reason=no_closed_bar_crossover
2026-05-06 03:33:50 INFO mt5_bot - Balance=102029.96 Equity=102029.96 Spread=0.60 pips
2026-05-06 03:33:50 INFO mt5_bot - Signal=NONE reason=no_closed_bar_crossover price=None trend=bullish rsi=67.5 atr_pips=7.3 adx=45.4
2026-05-06 03:33:50 INFO mt5_bot - ADX boost: adx=45.4 \u2192 risk_pct=1.50%
2026-05-06 03:33:50 INFO mt5_bot - Execution status=skipped reason=no_closed_bar_crossover
2026-05-06 03:34:05 INFO mt5_bot - Balance=102029.96 Equity=102029.96 Spread=0.60 pips
2026-05-06 03:34:05 INFO mt5_bot - Signal=NONE reason=no_closed_bar_crossover price=None trend=bullish rsi=67.5 atr_pips=7.3 adx=45.4
2026-05-06 03:34:05 INFO mt5_bot - ADX boost: adx=45.4 \u2192 risk_pct=1.50%
2026-05-06 03:34:05 INFO mt5_bot - Execution status=skipped reason=no_closed_bar_crossover
2026-05-06 03:34:20 INFO mt5_bot - Balance=102029.96 Equity=102029.96 Spread=0.60 pips
2026-05-06 03:34:20 INFO mt5_bot - Signal=NONE reason=no_closed_bar_crossover price=None trend=bullish rsi=67.5 atr_pips=7.3 adx=45.4
2026-05-06 03:34:20 INFO mt5_bot - ADX boost: adx=45.4 \u2192 risk_pct=1.50%
2026-05-06 03:34:20 INFO mt5_bot - Execution status=skipped reason=no_closed_bar_crossover
2026-05-06 03:34:35 INFO mt5_bot - Balance=102029.96 Equity=102029.96 Spread=0.60 pips
2026-05-06 03:34:35 INFO mt5_bot - Signal=NONE reason=no_closed_bar_crossover price=None trend=bullish rsi=67.5 atr_pips=7.3 adx=45.4
2026-05-06 03:34:35 INFO mt5_bot - ADX boost: adx=45.4 \u2192 risk_pct=1.50%
2026-05-06 03:34:35 INFO mt5_bot - Execution status=skipped reason=no_closed_bar_crossover
2026-05-06 03:34:50 INFO mt5_bot - Balance=102029.96 Equity=102029.96 Spread=0.60 pips
2026-05-06 03:34:50 INFO mt5_bot - Signal=NONE reason=no_closed_bar_crossover price=None trend=bullish rsi=67.5 atr_pips=7.3 adx=45.4
2026-05-06 03:34:50 INFO mt5_bot - ADX boost: adx=45.4 \u2192 risk_pct=1.50%
2026-05-06 03:34:50 INFO mt5_bot - Execution status=skipped reason=no_closed_bar_crossover
2026-05-06 03:35:05 INFO mt5_bot - Balance=102029.96 Equity=102029.96 Spread=0.60 pips
2026-05-06 03:35:05 INFO mt5_bot - Signal=NONE reason=no_closed_bar_crossover price=None trend=bullish rsi=67.5 atr_pips=7.3 adx=45.4
2026-05-06 03:35:05 INFO mt5_bot - ADX boost: adx=45.4 \u2192 risk_pct=1.50%
2026-05-06 03:35:05 INFO mt5_bot - Execution status=skipped reason=no_closed_bar_crossover
2026-05-06 03:35:20 INFO mt5_bot - Balance=102029.96 Equity=102029.96 Spread=0.60 pips
2026-05-06 03:35:20 INFO mt5_bot - Signal=NONE reason=no_closed_bar_crossover price=None trend=bullish rsi=67.5 atr_pips=7.3 adx=45.4
2026-05-06 03:35:20 INFO mt5_bot - ADX boost: adx=45.4 \u2192 risk_pct=1.50%
2026-05-06 03:35:20 INFO mt5_bot - Execution status=skipped reason=no_closed_bar_crossover
2026-05-06 03:35:35 INFO mt5_bot - Balance=102029.96 Equity=102029.96 Spread=0.60 pips
2026-05-06 03:35:35 INFO mt5_bot - Signal=NONE reason=no_closed_bar_crossover price=None trend=bullish rsi=67.5 atr_pips=7.3 adx=45.4
2026-05-06 03:35:35 INFO mt5_bot - ADX boost: adx=45.4 \u2192 risk_pct=1.50%
2026-05-06 03:35:35 INFO mt5_bot - Execution status=skipped reason=no_closed_bar_crossover
2026-05-06 03:35:50 INFO mt5_bot - Balance=102029.96 Equity=102029.96 Spread=0.60 pips
2026-05-06 03:35:50 INFO mt5_bot - Signal=NONE reason=no_closed_bar_crossover price=None trend=bullish rsi=67.5 atr_pips=7.3 adx=45.4
2026-05-06 03:35:50 INFO mt5_bot - ADX boost: adx=45.4 \u2192 risk_pct=1.50%
2026-05-06 03:35:50 INFO mt5_bot - Execution status=skipped reason=no_closed_bar_crossover
2026-05-06 03:36:05 INFO mt5_bot - Balance=102029.96 Equity=102029.96 Spread=0.60 pips
2026-05-06 03:36:05 INFO mt5_bot - Signal=NONE reason=no_closed_bar_crossover price=None trend=bullish rsi=67.5 atr_pips=7.3 adx=45.4
2026-05-06 03:36:05 INFO mt5_bot - ADX boost: adx=45.4 \u2192 risk_pct=1.50%
2026-05-06 03:36:05 INFO mt5_bot - Execution status=skipped reason=no_closed_bar_crossover
2026-05-06 03:36:20 INFO mt5_bot - Balance=102029.96 Equity=102029.96 Spread=0.60 pips
2026-05-06 03:36:20 INFO mt5_bot - Signal=NONE reason=no_closed_bar_crossover price=None trend=bullish rsi=67.5 atr_pips=7.3 adx=45.4
2026-05-06 03:36:20 INFO mt5_bot - ADX boost: adx=45.4 \u2192 risk_pct=1.50%
2026-05-06 03:36:20 INFO mt5_bot - Execution status=skipped reason=no_closed_bar_crossover
2026-05-06 03:36:35 INFO mt5_bot - Balance=102029.96 Equity=102029.96 Spread=0.60 pips
2026-05-06 03:36:35 INFO mt5_bot - Signal=NONE reason=no_closed_bar_crossover price=None trend=bullish rsi=67.5 atr_pips=7.3 adx=45.4
2026-05-06 03:36:35 INFO mt5_bot - ADX boost: adx=45.4 \u2192 risk_pct=1.50%
2026-05-06 03:36:35 INFO mt5_bot - Execution status=skipped reason=no_closed_bar_crossover
2026-05-06 03:36:50 INFO mt5_bot - Balance=102029.96 Equity=102029.96 Spread=0.60 pips
2026-05-06 03:36:50 INFO mt5_bot - Signal=NONE reason=no_closed_bar_crossover price=None trend=bullish rsi=67.5 atr_pips=7.3 adx=45.4
2026-05-06 03:36:50 INFO mt5_bot - ADX boost: adx=45.4 \u2192 risk_pct=1.50%
2026-05-06 03:36:50 INFO mt5_bot - Execution status=skipped reason=no_closed_bar_crossover
2026-05-06 03:37:05 INFO mt5_bot - Balance=102029.96 Equity=102029.96 Spread=0.60 pips
2026-05-06 03:37:05 INFO mt5_bot - Signal=NONE reason=no_closed_bar_crossover price=None trend=bullish rsi=67.5 atr_pips=7.3 adx=45.4
2026-05-06 03:37:05 INFO mt5_bot - ADX boost: adx=45.4 \u2192 risk_pct=1.50%
2026-05-06 03:37:05 INFO mt5_bot - Execution status=skipped reason=no_closed_bar_crossover
2026-05-06 03:37:20 INFO mt5_bot - Balance=102029.96 Equity=102029.96 Spread=0.60 pips
2026-05-06 03:37:20 INFO mt5_bot - Signal=NONE reason=no_closed_bar_crossover price=None trend=bullish rsi=67.5 atr_pips=7.3 adx=45.4
2026-05-06 03:37:20 INFO mt5_bot - ADX boost: adx=45.4 \u2192 risk_pct=1.50%
2026-05-06 03:37:20 INFO mt5_bot - Execution status=skipped reason=no_closed_bar_crossover
2026-05-06 03:37:35 INFO mt5_bot - Balance=102029.96 Equity=102029.96 Spread=0.60 pips
2026-05-06 03:37:35 INFO mt5_bot - Signal=NONE reason=no_closed_bar_crossover price=None trend=bullish rsi=67.5 atr_pips=7.3 adx=45.4
2026-05-06 03:37:35 INFO mt5_bot - ADX boost: adx=45.4 \u2192 risk_pct=1.50%
2026-05-06 03:37:35 INFO mt5_bot - Execution status=skipped reason=no_closed_bar_crossover
2026-05-06 03:37:50 INFO mt5_bot - Balance=102029.96 Equity=102029.96 Spread=0.60 pips
2026-05-06 03:37:50 INFO mt5_bot - Signal=NONE reason=no_closed_bar_crossover price=None trend=bullish rsi=67.5 atr_pips=7.3 adx=45.4
2026-05-06 03:37:50 INFO mt5_bot - ADX boost: adx=45.4 \u2192 risk_pct=1.50%
2026-05-06 03:37:50 INFO mt5_bot - Execution status=skipped reason=no_closed_bar_crossover
2026-05-06 03:38:05 INFO mt5_bot - Balance=102029.96 Equity=102029.96 Spread=0.60 pips
2026-05-06 03:38:05 INFO mt5_bot - Signal=NONE reason=no_closed_bar_crossover price=None trend=bullish rsi=67.5 atr_pips=7.3 adx=45.4
2026-05-06 03:38:05 INFO mt5_bot - ADX boost: adx=45.4 \u2192 risk_pct=1.50%
2026-05-06 03:38:05 INFO mt5_bot - Execution status=skipped reason=no_closed_bar_crossover
2026-05-06 03:38:20 INFO mt5_bot - Balance=102029.96 Equity=102029.96 Spread=0.60 pips
2026-05-06 03:38:20 INFO mt5_bot - Signal=NONE reason=no_closed_bar_crossover price=None trend=bullish rsi=67.5 atr_pips=7.3 adx=45.4
2026-05-06 03:38:20 INFO mt5_bot - ADX boost: adx=45.4 \u2192 risk_pct=1.50%
2026-05-06 03:38:20 INFO mt5_bot - Execution status=skipped reason=no_closed_bar_crossover
2026-05-06 03:38:35 INFO mt5_bot - Balance=102029.96 Equity=102029.96 Spread=0.60 pips
2026-05-06 03:38:35 INFO mt5_bot - Signal=NONE reason=no_closed_bar_crossover price=None trend=bullish rsi=67.5 atr_pips=7.3 adx=45.4
2026-05-06 03:38:35 INFO mt5_bot - ADX boost: adx=45.4 \u2192 risk_pct=1.50%
2026-05-06 03:38:35 INFO mt5_bot - Execution status=skipped reason=no_closed_bar_crossover
2026-05-06 03:38:50 INFO mt5_bot - Balance=102029.96 Equity=102029.96 Spread=0.60 pips
2026-05-06 03:38:50 INFO mt5_bot - Signal=NONE reason=no_closed_bar_crossover price=None trend=bullish rsi=67.5 atr_pips=7.3 adx=45.4
2026-05-06 03:38:50 INFO mt5_bot - ADX boost: adx=45.4 \u2192 risk_pct=1.50%
2026-05-06 03:38:50 INFO mt5_bot - Execution status=skipped reason=no_closed_bar_crossover
2026-05-06 03:39:05 INFO mt5_bot - Balance=102029.96 Equity=102029.96 Spread=0.60 pips
2026-05-06 03:39:05 INFO mt5_bot - Signal=NONE reason=no_closed_bar_crossover price=None trend=bullish rsi=67.5 atr_pips=7.3 adx=45.4
2026-05-06 03:39:05 INFO mt5_bot - ADX boost: adx=45.4 \u2192 risk_pct=1.50%
2026-05-06 03:39:05 INFO mt5_bot - Execution status=skipped reason=no_closed_bar_crossover
2026-05-06 03:39:20 INFO mt5_bot - Balance=102029.96 Equity=102029.96 Spread=0.60 pips
2026-05-06 03:39:20 INFO mt5_bot - Signal=NONE reason=no_closed_bar_crossover price=None trend=bullish rsi=67.5 atr_pips=7.3 adx=45.4
2026-05-06 03:39:20 INFO mt5_bot - ADX boost: adx=45.4 \u2192 risk_pct=1.50%
2026-05-06 03:39:20 INFO mt5_bot - Execution status=skipped reason=no_closed_bar_crossover
2026-05-06 03:39:35 INFO mt5_bot - Balance=102029.96 Equity=102029.96 Spread=0.60 pips
2026-05-06 03:39:35 INFO mt5_bot - Signal=NONE reason=no_closed_bar_crossover price=None trend=bullish rsi=67.5 atr_pips=7.3 adx=45.4
2026-05-06 03:39:35 INFO mt5_bot - ADX boost: adx=45.4 \u2192 risk_pct=1.50%
2026-05-06 03:39:35 INFO mt5_bot - Execution status=skipped reason=no_closed_bar_crossover
2026-05-06 03:39:51 INFO mt5_bot - Balance=102029.96 Equity=102029.96 Spread=0.60 pips
2026-05-06 03:39:51 INFO mt5_bot - Signal=NONE reason=no_closed_bar_crossover price=None trend=bullish rsi=67.5 atr_pips=7.3 adx=45.4
2026-05-06 03:39:51 INFO mt5_bot - ADX boost: adx=45.4 \u2192 risk_pct=1.50%
2026-05-06 03:39:51 INFO mt5_bot - Execution status=skipped reason=no_closed_bar_crossover
2026-05-06 03:40:06 INFO mt5_bot - Balance=102029.96 Equity=102029.96 Spread=0.60 pips
2026-05-06 03:40:06 INFO mt5_bot - Signal=NONE reason=no_closed_bar_crossover price=None trend=bullish rsi=67.5 atr_pips=7.3 adx=45.4
2026-05-06 03:40:06 INFO mt5_bot - ADX boost: adx=45.4 \u2192 risk_pct=1.50%
2026-05-06 03:40:06 INFO mt5_bot - Execution status=skipped reason=no_closed_bar_crossover
2026-05-06 03:40:21 INFO mt5_bot - Balance=102029.96 Equity=102029.96 Spread=0.60 pips
2026-05-06 03:40:21 INFO mt5_bot - Signal=NONE reason=no_closed_bar_crossover price=None trend=bullish rsi=67.5 atr_pips=7.3 adx=45.4
2026-05-06 03:40:21 INFO mt5_bot - ADX boost: adx=45.4 \u2192 risk_pct=1.50%
2026-05-06 03:40:21 INFO mt5_bot - Execution status=skipped reason=no_closed_bar_crossover
2026-05-06 03:40:36 INFO mt5_bot - Balance=102029.96 Equity=102029.96 Spread=0.60 pips
2026-05-06 03:40:36 INFO mt5_bot - Signal=NONE reason=no_closed_bar_crossover price=None trend=bullish rsi=67.5 atr_pips=7.3 adx=45.4
2026-05-06 03:40:36 INFO mt5_bot - ADX boost: adx=45.4 \u2192 risk_pct=1.50%
2026-05-06 03:40:36 INFO mt5_bot - Execution status=skipped reason=no_closed_bar_crossover
2026-05-06 03:40:51 INFO mt5_bot - Balance=102029.96 Equity=102029.96 Spread=0.60 pips
2026-05-06 03:40:51 INFO mt5_bot - Signal=NONE reason=no_closed_bar_crossover price=None trend=bullish rsi=67.5 atr_pips=7.3 adx=45.4
2026-05-06 03:40:51 INFO mt5_bot - ADX boost: adx=45.4 \u2192 risk_pct=1.50%
2026-05-06 03:40:51 INFO mt5_bot - Execution status=skipped reason=no_closed_bar_crossover
2026-05-06 03:41:06 INFO mt5_bot - Balance=102029.96 Equity=102029.96 Spread=0.60 pips
2026-05-06 03:41:06 INFO mt5_bot - Signal=NONE reason=no_closed_bar_crossover price=None trend=bullish rsi=67.5 atr_pips=7.3 adx=45.4
2026-05-06 03:41:06 INFO mt5_bot - ADX boost: adx=45.4 \u2192 risk_pct=1.50%
2026-05-06 03:41:06 INFO mt5_bot - Execution status=skipped reason=no_closed_bar_crossover
2026-05-06 03:41:21 INFO mt5_bot - Balance=102029.96 Equity=102029.96 Spread=0.60 pips
2026-05-06 03:41:21 INFO mt5_bot - Signal=NONE reason=no_closed_bar_crossover price=None trend=bullish rsi=67.5 atr_pips=7.3 adx=45.4
2026-05-06 03:41:21 INFO mt5_bot - ADX boost: adx=45.4 \u2192 risk_pct=1.50%
2026-05-06 03:41:21 INFO mt5_bot - Execution status=skipped reason=no_closed_bar_crossover
2026-05-06 03:41:36 INFO mt5_bot - Balance=102029.96 Equity=102029.96 Spread=0.60 pips
2026-05-06 03:41:36 INFO mt5_bot - Signal=NONE reason=no_closed_bar_crossover price=None trend=bullish rsi=67.5 atr_pips=7.3 adx=45.4
2026-05-06 03:41:36 INFO mt5_bot - ADX boost: adx=45.4 \u2192 risk_pct=1.50%
2026-05-06 03:41:36 INFO mt5_bot - Execution status=skipped reason=no_closed_bar_crossover
2026-05-06 03:41:51 INFO mt5_bot - Balance=102029.96 Equity=102029.96 Spread=0.60 pips
2026-05-06 03:41:51 INFO mt5_bot - Signal=NONE reason=no_closed_bar_crossover price=None trend=bullish rsi=67.5 atr_pips=7.3 adx=45.4
2026-05-06 03:41:51 INFO mt5_bot - ADX boost: adx=45.4 \u2192 risk_pct=1.50%
2026-05-06 03:41:51 INFO mt5_bot - Execution status=skipped reason=no_closed_bar_crossover
2026-05-06 03:42:06 INFO mt5_bot - Balance=102029.96 Equity=102029.96 Spread=0.60 pips
2026-05-06 03:42:06 INFO mt5_bot - Signal=NONE reason=no_closed_bar_crossover price=None trend=bullish rsi=67.5 atr_pips=7.3 adx=45.4
2026-05-06 03:42:06 INFO mt5_bot - ADX boost: adx=45.4 \u2192 risk_pct=1.50%
2026-05-06 03:42:06 INFO mt5_bot - Execution status=skipped reason=no_closed_bar_crossover
2026-05-06 03:42:21 INFO mt5_bot - Balance=102029.96 Equity=102029.96 Spread=0.60 pips
2026-05-06 03:42:21 INFO mt5_bot - Signal=NONE reason=no_closed_bar_crossover price=None trend=bullish rsi=67.5 atr_pips=7.3 adx=45.4
2026-05-06 03:42:21 INFO mt5_bot - ADX boost: adx=45.4 \u2192 risk_pct=1.50%
2026-05-06 03:42:21 INFO mt5_bot - Execution status=skipped reason=no_closed_bar_crossover
2026-05-06 03:42:36 INFO mt5_bot - Balance=102029.96 Equity=102029.96 Spread=0.60 pips
2026-05-06 03:42:36 INFO mt5_bot - Signal=NONE reason=no_closed_bar_crossover price=None trend=bullish rsi=67.5 atr_pips=7.3 adx=45.4
2026-05-06 03:42:36 INFO mt5_bot - ADX boost: adx=45.4 \u2192 risk_pct=1.50%
2026-05-06 03:42:36 INFO mt5_bot - Execution status=skipped reason=no_closed_bar_crossover
2026-05-06 03:42:51 INFO mt5_bot - Balance=102029.96 Equity=102029.96 Spread=0.60 pips
2026-05-06 03:42:51 INFO mt5_bot - Signal=NONE reason=no_closed_bar_crossover price=None trend=bullish rsi=67.5 atr_pips=7.3 adx=45.4
2026-05-06 03:42:51 INFO mt5_bot - ADX boost: adx=45.4 \u2192 risk_pct=1.50%
2026-05-06 03:42:51 INFO mt5_bot - Execution status=skipped reason=no_closed_bar_crossover
2026-05-06 03:43:06 INFO mt5_bot - Balance=102029.96 Equity=102029.96 Spread=0.60 pips
2026-05-06 03:43:06 INFO mt5_bot - Signal=NONE reason=no_closed_bar_crossover price=None trend=bullish rsi=67.5 atr_pips=7.3 adx=45.4
2026-05-06 03:43:06 INFO mt5_bot - ADX boost: adx=45.4 \u2192 risk_pct=1.50%
2026-05-06 03:43:06 INFO mt5_bot - Execution status=skipped reason=no_closed_bar_crossover
2026-05-06 03:43:21 INFO mt5_bot - Balance=102029.96 Equity=102029.96 Spread=0.60 pips
2026-05-06 03:43:21 INFO mt5_bot - Signal=NONE reason=no_closed_bar_crossover price=None trend=bullish rsi=67.5 atr_pips=7.3 adx=45.4
2026-05-06 03:43:21 INFO mt5_bot - ADX boost: adx=45.4 \u2192 risk_pct=1.50%
2026-05-06 03:43:21 INFO mt5_bot - Execution status=skipped reason=no_closed_bar_crossover
2026-05-06 03:43:36 INFO mt5_bot - Balance=102029.96 Equity=102029.96 Spread=0.60 pips
2026-05-06 03:43:36 INFO mt5_bot - Signal=NONE reason=no_closed_bar_crossover price=None trend=bullish rsi=67.5 atr_pips=7.3 adx=45.4
2026-05-06 03:43:36 INFO mt5_bot - ADX boost: adx=45.4 \u2192 risk_pct=1.50%
2026-05-06 03:43:36 INFO mt5_bot - Execution status=skipped reason=no_closed_bar_crossover
2026-05-06 03:43:51 INFO mt5_bot - Balance=102029.96 Equity=102029.96 Spread=0.60 pips
2026-05-06 03:43:51 INFO mt5_bot - Signal=NONE reason=no_closed_bar_crossover price=None trend=bullish rsi=67.5 atr_pips=7.3 adx=45.4
2026-05-06 03:43:51 INFO mt5_bot - ADX boost: adx=45.4 \u2192 risk_pct=1.50%
2026-05-06 03:43:51 INFO mt5_bot - Execution status=skipped reason=no_closed_bar_crossover
2026-05-06 03:44:06 INFO mt5_bot - Balance=102029.96 Equity=102029.96 Spread=0.60 pips
2026-05-06 03:44:06 INFO mt5_bot - Signal=NONE reason=no_closed_bar_crossover price=None trend=bullish rsi=67.5 atr_pips=7.3 adx=45.4
2026-05-06 03:44:06 INFO mt5_bot - ADX boost: adx=45.4 \u2192 risk_pct=1.50%
2026-05-06 03:44:06 INFO mt5_bot - Execution status=skipped reason=no_closed_bar_crossover
2026-05-06 03:44:21 INFO mt5_bot - Balance=102029.96 Equity=102029.96 Spread=0.60 pips
2026-05-06 03:44:21 INFO mt5_bot - Signal=NONE reason=no_closed_bar_crossover price=None trend=bullish rsi=67.5 atr_pips=7.3 adx=45.4
2026-05-06 03:44:21 INFO mt5_bot - ADX boost: adx=45.4 \u2192 risk_pct=1.50%
2026-05-06 03:44:21 INFO mt5_bot - Execution status=skipped reason=no_closed_bar_crossover
2026-05-06 03:44:36 INFO mt5_bot - Balance=102029.96 Equity=102029.96 Spread=0.60 pips
2026-05-06 03:44:36 INFO mt5_bot - Signal=NONE reason=no_closed_bar_crossover price=None trend=bullish rsi=67.5 atr_pips=7.3 adx=45.4
2026-05-06 03:44:36 INFO mt5_bot - ADX boost: adx=45.4 \u2192 risk_pct=1.50%
2026-05-06 03:44:36 INFO mt5_bot - Execution status=skipped reason=no_closed_bar_crossover
2026-05-06 03:44:51 INFO mt5_bot - Balance=102029.96 Equity=102029.96 Spread=0.60 pips
2026-05-06 03:44:51 INFO mt5_bot - Signal=NONE reason=no_closed_bar_crossover price=None trend=bullish rsi=67.5 atr_pips=7.3 adx=45.4
2026-05-06 03:44:51 INFO mt5_bot - ADX boost: adx=45.4 \u2192 risk_pct=1.50%
2026-05-06 03:44:51 INFO mt5_bot - Execution status=skipped reason=no_closed_bar_crossover
2026-05-06 03:45:06 INFO mt5_bot - Balance=102029.96 Equity=102029.96 Spread=0.60 pips
2026-05-06 03:45:06 INFO mt5_bot - Signal=NONE reason=no_closed_bar_crossover price=None trend=bullish rsi=73.4 atr_pips=7.8 adx=47.0
2026-05-06 03:45:06 INFO mt5_bot - ADX boost: adx=47.0 \u2192 risk_pct=1.50%
2026-05-06 03:45:06 INFO mt5_bot - Execution status=skipped reason=no_closed_bar_crossover
2026-05-06 03:45:21 INFO mt5_bot - Balance=102029.96 Equity=102029.96 Spread=0.60 pips
2026-05-06 03:45:21 INFO mt5_bot - Signal=NONE reason=no_closed_bar_crossover price=None trend=bullish rsi=73.4 atr_pips=7.8 adx=47.0
2026-05-06 03:45:21 INFO mt5_bot - ADX boost: adx=47.0 \u2192 risk_pct=1.50%
2026-05-06 03:45:21 INFO mt5_bot - Execution status=skipped reason=no_closed_bar_crossover
2026-05-06 03:45:36 INFO mt5_bot - Balance=102029.96 Equity=102029.96 Spread=0.60 pips
2026-05-06 03:45:36 INFO mt5_bot - Signal=NONE reason=no_closed_bar_crossover price=None trend=bullish rsi=73.4 atr_pips=7.8 adx=47.0
2026-05-06 03:45:36 INFO mt5_bot - ADX boost: adx=47.0 \u2192 risk_pct=1.50%
2026-05-06 03:45:36 INFO mt5_bot - Execution status=skipped reason=no_closed_bar_crossover
2026-05-06 03:45:51 INFO mt5_bot - Balance=102029.96 Equity=102029.96 Spread=0.60 pips
2026-05-06 03:45:51 INFO mt5_bot - Signal=NONE reason=no_closed_bar_crossover price=None trend=bullish rsi=73.4 atr_pips=7.8 adx=47.0
2026-05-06 03:45:51 INFO mt5_bot - ADX boost: adx=47.0 \u2192 risk_pct=1.50%
2026-05-06 03:45:51 INFO mt5_bot - Execution status=skipped reason=no_closed_bar_crossover
2026-05-06 03:46:06 INFO mt5_bot - Balance=102029.96 Equity=102029.96 Spread=0.60 pips
2026-05-06 03:46:06 INFO mt5_bot - Signal=NONE reason=no_closed_bar_crossover price=None trend=bullish rsi=73.4 atr_pips=7.8 adx=47.0
2026-05-06 03:46:06 INFO mt5_bot - ADX boost: adx=47.0 \u2192 risk_pct=1.50%
2026-05-06 03:46:06 INFO mt5_bot - Execution status=skipped reason=no_closed_bar_crossover
2026-05-06 03:46:21 INFO mt5_bot - Balance=102029.96 Equity=102029.96 Spread=0.60 pips
2026-05-06 03:46:21 INFO mt5_bot - Signal=NONE reason=no_closed_bar_crossover price=None trend=bullish rsi=73.4 atr_pips=7.8 adx=47.0
2026-05-06 03:46:21 INFO mt5_bot - ADX boost: adx=47.0 \u2192 risk_pct=1.50%
2026-05-06 03:46:21 INFO mt5_bot - Execution status=skipped reason=no_closed_bar_crossover
2026-05-06 03:46:36 INFO mt5_bot - Balance=102029.96 Equity=102029.96 Spread=0.60 pips
2026-05-06 03:46:36 INFO mt5_bot - Signal=NONE reason=no_closed_bar_crossover price=None trend=bullish rsi=73.4 atr_pips=7.8 adx=47.0
2026-05-06 03:46:36 INFO mt5_bot - ADX boost: adx=47.0 \u2192 risk_pct=1.50%
2026-05-06 03:46:36 INFO mt5_bot - Execution status=skipped reason=no_closed_bar_crossover
2026-05-06 03:46:51 INFO mt5_bot - Balance=102029.96 Equity=102029.96 Spread=0.60 pips
2026-05-06 03:46:51 INFO mt5_bot - Signal=NONE reason=no_closed_bar_crossover price=None trend=bullish rsi=73.4 atr_pips=7.8 adx=47.0
2026-05-06 03:46:51 INFO mt5_bot - ADX boost: adx=47.0 \u2192 risk_pct=1.50%
2026-05-06 03:46:51 INFO mt5_bot - Execution status=skipped reason=no_closed_bar_crossover
2026-05-06 03:47:06 INFO mt5_bot - Balance=102029.96 Equity=102029.96 Spread=0.60 pips
2026-05-06 03:47:06 INFO mt5_bot - Signal=NONE reason=no_closed_bar_crossover price=None trend=bullish rsi=73.4 atr_pips=7.8 adx=47.0
2026-05-06 03:47:06 INFO mt5_bot - ADX boost: adx=47.0 \u2192 risk_pct=1.50%
2026-05-06 03:47:06 INFO mt5_bot - Execution status=skipped reason=no_closed_bar_crossover
2026-05-06 03:47:21 INFO mt5_bot - Balance=102029.96 Equity=102029.96 Spread=0.60 pips
2026-05-06 03:47:21 INFO mt5_bot - Signal=NONE reason=no_closed_bar_crossover price=None trend=bullish rsi=73.4 atr_pips=7.8 adx=47.0
2026-05-06 03:47:21 INFO mt5_bot - ADX boost: adx=47.0 \u2192 risk_pct=1.50%
2026-05-06 03:47:21 INFO mt5_bot - Execution status=skipped reason=no_closed_bar_crossover
2026-05-06 03:47:36 INFO mt5_bot - Balance=102029.96 Equity=102029.96 Spread=0.60 pips
2026-05-06 03:47:36 INFO mt5_bot - Signal=NONE reason=no_closed_bar_crossover price=None trend=bullish rsi=73.4 atr_pips=7.8 adx=47.0
2026-05-06 03:47:36 INFO mt5_bot - ADX boost: adx=47.0 \u2192 risk_pct=1.50%
2026-05-06 03:47:36 INFO mt5_bot - Execution status=skipped reason=no_closed_bar_crossover
2026-05-06 03:47:51 INFO mt5_bot - Balance=102029.96 Equity=102029.96 Spread=0.60 pips
2026-05-06 03:47:51 INFO mt5_bot - Signal=NONE reason=no_closed_bar_crossover price=None trend=bullish rsi=73.4 atr_pips=7.8 adx=47.0
2026-05-06 03:47:51 INFO mt5_bot - ADX boost: adx=47.0 \u2192 risk_pct=1.50%
2026-05-06 03:47:51 INFO mt5_bot - Execution status=skipped reason=no_closed_bar_crossover
2026-05-06 03:48:06 INFO mt5_bot - Balance=102029.96 Equity=102029.96 Spread=0.60 pips
2026-05-06 03:48:06 INFO mt5_bot - Signal=NONE reason=no_closed_bar_crossover price=None trend=bullish rsi=73.4 atr_pips=7.8 adx=47.0
2026-05-06 03:48:06 INFO mt5_bot - ADX boost: adx=47.0 \u2192 risk_pct=1.50%
2026-05-06 03:48:06 INFO mt5_bot - Execution status=skipped reason=no_closed_bar_crossover
2026-05-06 03:48:21 INFO mt5_bot - Balance=102029.96 Equity=102029.96 Spread=0.60 pips
2026-05-06 03:48:21 INFO mt5_bot - Signal=NONE reason=no_closed_bar_crossover price=None trend=bullish rsi=73.4 atr_pips=7.8 adx=47.0
2026-05-06 03:48:21 INFO mt5_bot - ADX boost: adx=47.0 \u2192 risk_pct=1.50%
2026-05-06 03:48:21 INFO mt5_bot - Execution status=skipped reason=no_closed_bar_crossover
2026-05-06 03:48:36 INFO mt5_bot - Balance=102029.96 Equity=102029.96 Spread=0.60 pips
2026-05-06 03:48:36 INFO mt5_bot - Signal=NONE reason=no_closed_bar_crossover price=None trend=bullish rsi=73.4 atr_pips=7.8 adx=47.0
2026-05-06 03:48:36 INFO mt5_bot - ADX boost: adx=47.0 \u2192 risk_pct=1.50%
2026-05-06 03:48:36 INFO mt5_bot - Execution status=skipped reason=no_closed_bar_crossover
2026-05-06 03:48:51 INFO mt5_bot - Balance=102029.96 Equity=102029.96 Spread=0.60 pips
2026-05-06 03:48:51 INFO mt5_bot - Signal=NONE reason=no_closed_bar_crossover price=None trend=bullish rsi=73.4 atr_pips=7.8 adx=47.0
2026-05-06 03:48:51 INFO mt5_bot - ADX boost: adx=47.0 \u2192 risk_pct=1.50%
2026-05-06 03:48:51 INFO mt5_bot - Execution status=skipped reason=no_closed_bar_crossover
2026-05-06 03:49:06 INFO mt5_bot - Balance=102029.96 Equity=102029.96 Spread=0.60 pips
2026-05-06 03:49:06 INFO mt5_bot - Signal=NONE reason=no_closed_bar_crossover price=None trend=bullish rsi=73.4 atr_pips=7.8 adx=47.0
2026-05-06 03:49:06 INFO mt5_bot - ADX boost: adx=47.0 \u2192 risk_pct=1.50%
2026-05-06 03:49:06 INFO mt5_bot - Execution status=skipped reason=no_closed_bar_crossover
2026-05-06 03:49:21 INFO mt5_bot - Balance=102029.96 Equity=102029.96 Spread=0.60 pips
2026-05-06 03:49:21 INFO mt5_bot - Signal=NONE reason=no_closed_bar_crossover price=None trend=bullish rsi=73.4 atr_pips=7.8 adx=47.0
2026-05-06 03:49:21 INFO mt5_bot - ADX boost: adx=47.0 \u2192 risk_pct=1.50%
2026-05-06 03:49:21 INFO mt5_bot - Execution status=skipped reason=no_closed_bar_crossover
2026-05-06 03:49:36 INFO mt5_bot - Balance=102029.96 Equity=102029.96 Spread=0.60 pips
2026-05-06 03:49:36 INFO mt5_bot - Signal=NONE reason=no_closed_bar_crossover price=None trend=bullish rsi=73.4 atr_pips=7.8 adx=47.0
2026-05-06 03:49:36 INFO mt5_bot - ADX boost: adx=47.0 \u2192 risk_pct=1.50%
2026-05-06 03:49:36 INFO mt5_bot - Execution status=skipped reason=no_closed_bar_crossover
2026-05-06 03:49:51 INFO mt5_bot - Balance=102029.96 Equity=102029.96 Spread=0.60 pips
2026-05-06 03:49:51 INFO mt5_bot - Signal=NONE reason=no_closed_bar_crossover price=None trend=bullish rsi=73.4 atr_pips=7.8 adx=47.0
2026-05-06 03:49:51 INFO mt5_bot - ADX boost: adx=47.0 \u2192 risk_pct=1.50%
2026-05-06 03:49:51 INFO mt5_bot - Execution status=skipped reason=no_closed_bar_crossover
2026-05-06 03:50:06 INFO mt5_bot - Balance=102029.96 Equity=102029.96 Spread=0.60 pips
2026-05-06 03:50:06 INFO mt5_bot - Signal=NONE reason=no_closed_bar_crossover price=None trend=bullish rsi=73.4 atr_pips=7.8 adx=47.0
2026-05-06 03:50:06 INFO mt5_bot - ADX boost: adx=47.0 \u2192 risk_pct=1.50%
2026-05-06 03:50:06 INFO mt5_bot - Execution status=skipped reason=no_closed_bar_crossover
2026-05-06 03:50:21 INFO mt5_bot - Balance=102029.96 Equity=102029.96 Spread=0.60 pips
2026-05-06 03:50:21 INFO mt5_bot - Signal=NONE reason=no_closed_bar_crossover price=None trend=bullish rsi=73.4 atr_pips=7.8 adx=47.0
2026-05-06 03:50:21 INFO mt5_bot - ADX boost: adx=47.0 \u2192 risk_pct=1.50%
2026-05-06 03:50:21 INFO mt5_bot - Execution status=skipped reason=no_closed_bar_crossover
2026-05-06 03:50:36 INFO mt5_bot - Balance=102029.96 Equity=102029.96 Spread=0.60 pips
2026-05-06 03:50:36 INFO mt5_bot - Signal=NONE reason=no_closed_bar_crossover price=None trend=bullish rsi=73.4 atr_pips=7.8 adx=47.0
2026-05-06 03:50:36 INFO mt5_bot - ADX boost: adx=47.0 \u2192 risk_pct=1.50%
2026-05-06 03:50:36 INFO mt5_bot - Execution status=skipped reason=no_closed_bar_crossover
2026-05-06 03:50:51 INFO mt5_bot - Balance=102029.96 Equity=102029.96 Spread=0.60 pips
2026-05-06 03:50:51 INFO mt5_bot - Signal=NONE reason=no_closed_bar_crossover price=None trend=bullish rsi=73.4 atr_pips=7.8 adx=47.0
2026-05-06 03:50:51 INFO mt5_bot - ADX boost: adx=47.0 \u2192 risk_pct=1.50%
2026-05-06 03:50:51 INFO mt5_bot - Execution status=skipped reason=no_closed_bar_crossover
2026-05-06 03:51:06 INFO mt5_bot - Balance=102029.96 Equity=102029.96 Spread=0.60 pips
2026-05-06 03:51:06 INFO mt5_bot - Signal=NONE reason=no_closed_bar_crossover price=None trend=bullish rsi=73.4 atr_pips=7.8 adx=47.0
2026-05-06 03:51:06 INFO mt5_bot - ADX boost: adx=47.0 \u2192 risk_pct=1.50%
2026-05-06 03:51:06 INFO mt5_bot - Execution status=skipped reason=no_closed_bar_crossover
2026-05-06 03:51:21 INFO mt5_bot - Balance=102029.96 Equity=102029.96 Spread=0.60 pips
2026-05-06 03:51:21 INFO mt5_bot - Signal=NONE reason=no_closed_bar_crossover price=None trend=bullish rsi=73.4 atr_pips=7.8 adx=47.0
2026-05-06 03:51:21 INFO mt5_bot - ADX boost: adx=47.0 \u2192 risk_pct=1.50%
2026-05-06 03:51:21 INFO mt5_bot - Execution status=skipped reason=no_closed_bar_crossover
2026-05-06 03:51:36 INFO mt5_bot - Balance=102029.96 Equity=102029.96 Spread=0.60 pips
2026-05-06 03:51:36 INFO mt5_bot - Signal=NONE reason=no_closed_bar_crossover price=None trend=bullish rsi=73.4 atr_pips=7.8 adx=47.0
2026-05-06 03:51:36 INFO mt5_bot - ADX boost: adx=47.0 \u2192 risk_pct=1.50%
2026-05-06 03:51:36 INFO mt5_bot - Execution status=skipped reason=no_closed_bar_crossover
2026-05-06 03:51:51 INFO mt5_bot - Balance=102029.96 Equity=102029.96 Spread=0.60 pips
2026-05-06 03:51:51 INFO mt5_bot - Signal=NONE reason=no_closed_bar_crossover price=None trend=bullish rsi=73.4 atr_pips=7.8 adx=47.0
2026-05-06 03:51:51 INFO mt5_bot - ADX boost: adx=47.0 \u2192 risk_pct=1.50%
2026-05-06 03:51:51 INFO mt5_bot - Execution status=skipped reason=no_closed_bar_crossover
2026-05-06 03:52:06 INFO mt5_bot - Balance=102029.96 Equity=102029.96 Spread=0.60 pips
2026-05-06 03:52:06 INFO mt5_bot - Signal=NONE reason=no_closed_bar_crossover price=None trend=bullish rsi=73.4 atr_pips=7.8 adx=47.0
2026-05-06 03:52:06 INFO mt5_bot - ADX boost: adx=47.0 \u2192 risk_pct=1.50%
2026-05-06 03:52:06 INFO mt5_bot - Execution status=skipped reason=no_closed_bar_crossover
2026-05-06 03:52:21 INFO mt5_bot - Balance=102029.96 Equity=102029.96 Spread=0.60 pips
2026-05-06 03:52:21 INFO mt5_bot - Signal=NONE reason=no_closed_bar_crossover price=None trend=bullish rsi=73.4 atr_pips=7.8 adx=47.0
2026-05-06 03:52:21 INFO mt5_bot - ADX boost: adx=47.0 \u2192 risk_pct=1.50%
2026-05-06 03:52:21 INFO mt5_bot - Execution status=skipped reason=no_closed_bar_crossover
2026-05-06 03:52:36 INFO mt5_bot - Balance=102029.96 Equity=102029.96 Spread=0.60 pips
2026-05-06 03:52:36 INFO mt5_bot - Signal=NONE reason=no_closed_bar_crossover price=None trend=bullish rsi=73.4 atr_pips=7.8 adx=47.0
2026-05-06 03:52:36 INFO mt5_bot - ADX boost: adx=47.0 \u2192 risk_pct=1.50%
2026-05-06 03:52:36 INFO mt5_bot - Execution status=skipped reason=no_closed_bar_crossover
2026-05-06 03:52:51 INFO mt5_bot - Balance=102029.96 Equity=102029.96 Spread=0.50 pips
2026-05-06 03:52:51 INFO mt5_bot - Signal=NONE reason=no_closed_bar_crossover price=None trend=bullish rsi=73.4 atr_pips=7.8 adx=47.0
2026-05-06 03:52:51 INFO mt5_bot - ADX boost: adx=47.0 \u2192 risk_pct=1.50%
2026-05-06 03:52:51 INFO mt5_bot - Execution status=skipped reason=no_closed_bar_crossover
2026-05-06 03:53:06 INFO mt5_bot - Balance=102029.96 Equity=102029.96 Spread=0.60 pips
2026-05-06 03:53:06 INFO mt5_bot - Signal=NONE reason=no_closed_bar_crossover price=None trend=bullish rsi=73.4 atr_pips=7.8 adx=47.0
2026-05-06 03:53:06 INFO mt5_bot - ADX boost: adx=47.0 \u2192 risk_pct=1.50%
2026-05-06 03:53:06 INFO mt5_bot - Execution status=skipped reason=no_closed_bar_crossover
2026-05-06 03:53:21 INFO mt5_bot - Balance=102029.96 Equity=102029.96 Spread=0.60 pips
2026-05-06 03:53:21 INFO mt5_bot - Signal=NONE reason=no_closed_bar_crossover price=None trend=bullish rsi=73.4 atr_pips=7.8 adx=47.0
2026-05-06 03:53:21 INFO mt5_bot - ADX boost: adx=47.0 \u2192 risk_pct=1.50%
2026-05-06 03:53:21 INFO mt5_bot - Execution status=skipped reason=no_closed_bar_crossover
2026-05-06 03:53:36 INFO mt5_bot - Balance=102029.96 Equity=102029.96 Spread=0.60 pips
2026-05-06 03:53:36 INFO mt5_bot - Signal=NONE reason=no_closed_bar_crossover price=None trend=bullish rsi=73.4 atr_pips=7.8 adx=47.0
2026-05-06 03:53:36 INFO mt5_bot - ADX boost: adx=47.0 \u2192 risk_pct=1.50%
2026-05-06 03:53:36 INFO mt5_bot - Execution status=skipped reason=no_closed_bar_crossover
2026-05-06 03:53:51 INFO mt5_bot - Balance=102029.96 Equity=102029.96 Spread=0.60 pips
2026-05-06 03:53:51 INFO mt5_bot - Signal=NONE reason=no_closed_bar_crossover price=None trend=bullish rsi=73.4 atr_pips=7.8 adx=47.0
2026-05-06 03:53:51 INFO mt5_bot - ADX boost: adx=47.0 \u2192 risk_pct=1.50%
2026-05-06 03:53:51 INFO mt5_bot - Execution status=skipped reason=no_closed_bar_crossover
2026-05-06 03:54:06 INFO mt5_bot - Balance=102029.96 Equity=102029.96 Spread=0.60 pips
2026-05-06 03:54:06 INFO mt5_bot - Signal=NONE reason=no_closed_bar_crossover price=None trend=bullish rsi=73.4 atr_pips=7.8 adx=47.0
2026-05-06 03:54:06 INFO mt5_bot - ADX boost: adx=47.0 \u2192 risk_pct=1.50%
2026-05-06 03:54:06 INFO mt5_bot - Execution status=skipped reason=no_closed_bar_crossover
2026-05-06 03:54:21 INFO mt5_bot - Balance=102029.96 Equity=102029.96 Spread=0.60 pips
2026-05-06 03:54:21 INFO mt5_bot - Signal=NONE reason=no_closed_bar_crossover price=None trend=bullish rsi=73.4 atr_pips=7.8 adx=47.0
2026-05-06 03:54:21 INFO mt5_bot - ADX boost: adx=47.0 \u2192 risk_pct=1.50%
2026-05-06 03:54:21 INFO mt5_bot - Execution status=skipped reason=no_closed_bar_crossover
2026-05-06 03:54:36 INFO mt5_bot - Balance=102029.96 Equity=102029.96 Spread=0.60 pips
2026-05-06 03:54:36 INFO mt5_bot - Signal=NONE reason=no_closed_bar_crossover price=None trend=bullish rsi=73.4 atr_pips=7.8 adx=47.0
2026-05-06 03:54:36 INFO mt5_bot - ADX boost: adx=47.0 \u2192 risk_pct=1.50%
2026-05-06 03:54:36 INFO mt5_bot - Execution status=skipped reason=no_closed_bar_crossover
2026-05-06 03:54:51 INFO mt5_bot - Balance=102029.96 Equity=102029.96 Spread=0.50 pips
2026-05-06 03:54:51 INFO mt5_bot - Signal=NONE reason=no_closed_bar_crossover price=None trend=bullish rsi=73.4 atr_pips=7.8 adx=47.0
2026-05-06 03:54:51 INFO mt5_bot - ADX boost: adx=47.0 \u2192 risk_pct=1.50%
2026-05-06 03:54:51 INFO mt5_bot - Execution status=skipped reason=no_closed_bar_crossover
2026-05-06 03:55:06 INFO mt5_bot - Balance=102029.96 Equity=102029.96 Spread=0.60 pips
2026-05-06 03:55:06 INFO mt5_bot - Signal=NONE reason=no_closed_bar_crossover price=None trend=bullish rsi=73.4 atr_pips=7.8 adx=47.0
2026-05-06 03:55:06 INFO mt5_bot - ADX boost: adx=47.0 \u2192 risk_pct=1.50%
2026-05-06 03:55:06 INFO mt5_bot - Execution status=skipped reason=no_closed_bar_crossover
2026-05-06 03:55:21 INFO mt5_bot - Balance=102029.96 Equity=102029.96 Spread=0.60 pips
2026-05-06 03:55:21 INFO mt5_bot - Signal=NONE reason=no_closed_bar_crossover price=None trend=bullish rsi=73.4 atr_pips=7.8 adx=47.0
2026-05-06 03:55:21 INFO mt5_bot - ADX boost: adx=47.0 \u2192 risk_pct=1.50%
2026-05-06 03:55:21 INFO mt5_bot - Execution status=skipped reason=no_closed_bar_crossover
2026-05-06 03:55:36 INFO mt5_bot - Balance=102029.96 Equity=102029.96 Spread=0.60 pips
2026-05-06 03:55:36 INFO mt5_bot - Signal=NONE reason=no_closed_bar_crossover price=None trend=bullish rsi=73.4 atr_pips=7.8 adx=47.0
2026-05-06 03:55:36 INFO mt5_bot - ADX boost: adx=47.0 \u2192 risk_pct=1.50%
2026-05-06 03:55:36 INFO mt5_bot - Execution status=skipped reason=no_closed_bar_crossover
2026-05-06 03:55:51 INFO mt5_bot - Balance=102029.96 Equity=102029.96 Spread=0.60 pips
2026-05-06 03:55:51 INFO mt5_bot - Signal=NONE reason=no_closed_bar_crossover price=None trend=bullish rsi=73.4 atr_pips=7.8 adx=47.0
2026-05-06 03:55:51 INFO mt5_bot - ADX boost: adx=47.0 \u2192 risk_pct=1.50%
2026-05-06 03:55:51 INFO mt5_bot - Execution status=skipped reason=no_closed_bar_crossover
2026-05-06 03:56:06 INFO mt5_bot - Balance=102029.96 Equity=102029.96 Spread=0.60 pips
2026-05-06 03:56:07 INFO mt5_bot - Signal=NONE reason=no_closed_bar_crossover price=None trend=bullish rsi=73.4 atr_pips=7.8 adx=47.0
2026-05-06 03:56:07 INFO mt5_bot - ADX boost: adx=47.0 \u2192 risk_pct=1.50%
2026-05-06 03:56:07 INFO mt5_bot - Execution status=skipped reason=no_closed_bar_crossover
2026-05-06 03:56:22 INFO mt5_bot - Balance=102029.96 Equity=102029.96 Spread=0.60 pips
2026-05-06 03:56:22 INFO mt5_bot - Signal=NONE reason=no_closed_bar_crossover price=None trend=bullish rsi=73.4 atr_pips=7.8 adx=47.0
2026-05-06 03:56:22 INFO mt5_bot - ADX boost: adx=47.0 \u2192 risk_pct=1.50%
2026-05-06 03:56:22 INFO mt5_bot - Execution status=skipped reason=no_closed_bar_crossover
2026-05-06 03:56:37 INFO mt5_bot - Balance=102029.96 Equity=102029.96 Spread=0.60 pips
2026-05-06 03:56:37 INFO mt5_bot - Signal=NONE reason=no_closed_bar_crossover price=None trend=bullish rsi=73.4 atr_pips=7.8 adx=47.0
2026-05-06 03:56:37 INFO mt5_bot - ADX boost: adx=47.0 \u2192 risk_pct=1.50%
2026-05-06 03:56:37 INFO mt5_bot - Execution status=skipped reason=no_closed_bar_crossover
2026-05-06 03:56:52 INFO mt5_bot - Balance=102029.96 Equity=102029.96 Spread=0.60 pips
2026-05-06 03:56:52 INFO mt5_bot - Signal=NONE reason=no_closed_bar_crossover price=None trend=bullish rsi=73.4 atr_pips=7.8 adx=47.0
2026-05-06 03:56:52 INFO mt5_bot - ADX boost: adx=47.0 \u2192 risk_pct=1.50%
2026-05-06 03:56:52 INFO mt5_bot - Execution status=skipped reason=no_closed_bar_crossover
2026-05-06 03:57:07 INFO mt5_bot - Balance=102029.96 Equity=102029.96 Spread=0.60 pips
2026-05-06 03:57:07 INFO mt5_bot - Signal=NONE reason=no_closed_bar_crossover price=None trend=bullish rsi=73.4 atr_pips=7.8 adx=47.0
2026-05-06 03:57:07 INFO mt5_bot - ADX boost: adx=47.0 \u2192 risk_pct=1.50%
2026-05-06 03:57:07 INFO mt5_bot - Execution status=skipped reason=no_closed_bar_crossover
2026-05-06 03:57:22 INFO mt5_bot - Balance=102029.96 Equity=102029.96 Spread=0.60 pips
2026-05-06 03:57:22 INFO mt5_bot - Signal=NONE reason=no_closed_bar_crossover price=None trend=bullish rsi=73.4 atr_pips=7.8 adx=47.0
2026-05-06 03:57:22 INFO mt5_bot - ADX boost: adx=47.0 \u2192 risk_pct=1.50%
2026-05-06 03:57:22 INFO mt5_bot - Execution status=skipped reason=no_closed_bar_crossover
2026-05-06 03:57:37 INFO mt5_bot - Balance=102029.96 Equity=102029.96 Spread=0.60 pips
2026-05-06 03:57:37 INFO mt5_bot - Signal=NONE reason=no_closed_bar_crossover price=None trend=bullish rsi=73.4 atr_pips=7.8 adx=47.0
2026-05-06 03:57:37 INFO mt5_bot - ADX boost: adx=47.0 \u2192 risk_pct=1.50%
2026-05-06 03:57:37 INFO mt5_bot - Execution status=skipped reason=no_closed_bar_crossover
2026-05-06 03:57:52 INFO mt5_bot - Balance=102029.96 Equity=102029.96 Spread=0.60 pips
2026-05-06 03:57:52 INFO mt5_bot - Signal=NONE reason=no_closed_bar_crossover price=None trend=bullish rsi=73.4 atr_pips=7.8 adx=47.0
2026-05-06 03:57:52 INFO mt5_bot - ADX boost: adx=47.0 \u2192 risk_pct=1.50%
2026-05-06 03:57:52 INFO mt5_bot - Execution status=skipped reason=no_closed_bar_crossover
2026-05-06 03:58:07 INFO mt5_bot - Balance=102029.96 Equity=102029.96 Spread=0.60 pips
2026-05-06 03:58:07 INFO mt5_bot - Signal=NONE reason=no_closed_bar_crossover price=None trend=bullish rsi=73.4 atr_pips=7.8 adx=47.0
2026-05-06 03:58:07 INFO mt5_bot - ADX boost: adx=47.0 \u2192 risk_pct=1.50%
2026-05-06 03:58:07 INFO mt5_bot - Execution status=skipped reason=no_closed_bar_crossover
2026-05-06 03:58:22 INFO mt5_bot - Balance=102029.96 Equity=102029.96 Spread=0.60 pips
2026-05-06 03:58:22 INFO mt5_bot - Signal=NONE reason=no_closed_bar_crossover price=None trend=bullish rsi=73.4 atr_pips=7.8 adx=47.0
2026-05-06 03:58:22 INFO mt5_bot - ADX boost: adx=47.0 \u2192 risk_pct=1.50%
2026-05-06 03:58:22 INFO mt5_bot - Execution status=skipped reason=no_closed_bar_crossover
2026-05-06 03:58:37 INFO mt5_bot - Balance=102029.96 Equity=102029.96 Spread=0.60 pips
2026-05-06 03:58:37 INFO mt5_bot - Signal=NONE reason=no_closed_bar_crossover price=None trend=bullish rsi=73.4 atr_pips=7.8 adx=47.0
2026-05-06 03:58:37 INFO mt5_bot - ADX boost: adx=47.0 \u2192 risk_pct=1.50%
2026-05-06 03:58:37 INFO mt5_bot - Execution status=skipped reason=no_closed_bar_crossover
2026-05-06 03:58:52 INFO mt5_bot - Balance=102029.96 Equity=102029.96 Spread=0.60 pips
2026-05-06 03:58:52 INFO mt5_bot - Signal=NONE reason=no_closed_bar_crossover price=None trend=bullish rsi=73.4 atr_pips=7.8 adx=47.0
2026-05-06 03:58:52 INFO mt5_bot - ADX boost: adx=47.0 \u2192 risk_pct=1.50%
2026-05-06 03:58:52 INFO mt5_bot - Execution status=skipped reason=no_closed_bar_crossover
2026-05-06 03:59:07 INFO mt5_bot - Balance=102029.96 Equity=102029.96 Spread=0.60 pips
2026-05-06 03:59:07 INFO mt5_bot - Signal=NONE reason=no_closed_bar_crossover price=None trend=bullish rsi=73.4 atr_pips=7.8 adx=47.0
2026-05-06 03:59:07 INFO mt5_bot - ADX boost: adx=47.0 \u2192 risk_pct=1.50%
2026-05-06 03:59:07 INFO mt5_bot - Execution status=skipped reason=no_closed_bar_crossover
2026-05-06 03:59:22 INFO mt5_bot - Balance=102029.96 Equity=102029.96 Spread=0.60 pips
2026-05-06 03:59:22 INFO mt5_bot - Signal=NONE reason=no_closed_bar_crossover price=None trend=bullish rsi=73.4 atr_pips=7.8 adx=47.0
2026-05-06 03:59:22 INFO mt5_bot - ADX boost: adx=47.0 \u2192 risk_pct=1.50%
2026-05-06 03:59:22 INFO mt5_bot - Execution status=skipped reason=no_closed_bar_crossover
2026-05-06 03:59:37 INFO mt5_bot - Balance=102029.96 Equity=102029.96 Spread=0.60 pips
2026-05-06 03:59:37 INFO mt5_bot - Signal=NONE reason=no_closed_bar_crossover price=None trend=bullish rsi=73.4 atr_pips=7.8 adx=47.0
2026-05-06 03:59:37 INFO mt5_bot - ADX boost: adx=47.0 \u2192 risk_pct=1.50%
2026-05-06 03:59:37 INFO mt5_bot - Execution status=skipped reason=no_closed_bar_crossover
2026-05-06 03:59:52 INFO mt5_bot - Balance=102029.96 Equity=102029.96 Spread=0.60 pips
2026-05-06 03:59:52 INFO mt5_bot - Signal=NONE reason=no_closed_bar_crossover price=None trend=bullish rsi=73.4 atr_pips=7.8 adx=47.0
2026-05-06 03:59:52 INFO mt5_bot - ADX boost: adx=47.0 \u2192 risk_pct=1.50%
2026-05-06 03:59:52 INFO mt5_bot - Execution status=skipped reason=no_closed_bar_crossover
2026-05-06 04:00:07 INFO mt5_bot - Balance=102029.96 Equity=102029.96 Spread=0.60 pips
2026-05-06 04:00:07 INFO mt5_bot - Signal=NONE reason=no_closed_bar_crossover price=None trend=bullish rsi=78.8 atr_pips=9.0 adx=49.3
2026-05-06 04:00:07 INFO mt5_bot - ADX boost: adx=49.3 \u2192 risk_pct=1.50%
2026-05-06 04:00:07 INFO mt5_bot - Execution status=skipped reason=no_closed_bar_crossover
2026-05-06 04:00:22 INFO mt5_bot - Balance=102029.96 Equity=102029.96 Spread=0.60 pips
2026-05-06 04:00:22 INFO mt5_bot.news_filter - news_filter: loaded 115 events from shared cache
2026-05-06 04:00:22 INFO mt5_bot - Signal=NONE reason=no_closed_bar_crossover price=None trend=bullish rsi=78.8 atr_pips=9.0 adx=49.3
2026-05-06 04:00:22 INFO mt5_bot - ADX boost: adx=49.3 \u2192 risk_pct=1.50%
2026-05-06 04:00:22 INFO mt5_bot - Execution status=skipped reason=no_closed_bar_crossover
2026-05-06 04:00:37 INFO mt5_bot - Balance=102029.96 Equity=102029.96 Spread=0.60 pips
2026-05-06 04:00:37 INFO mt5_bot - Signal=NONE reason=no_closed_bar_crossover price=None trend=bullish rsi=78.8 atr_pips=9.0 adx=49.3
2026-05-06 04:00:37 INFO mt5_bot - ADX boost: adx=49.3 \u2192 risk_pct=1.50%
2026-05-06 04:00:37 INFO mt5_bot - Execution status=skipped reason=no_closed_bar_crossover
2026-05-06 04:00:52 INFO mt5_bot - Balance=102029.96 Equity=102029.96 Spread=0.60 pips
2026-05-06 04:00:52 INFO mt5_bot - Signal=NONE reason=no_closed_bar_crossover price=None trend=bullish rsi=78.8 atr_pips=9.0 adx=49.3
2026-05-06 04:00:52 INFO mt5_bot - ADX boost: adx=49.3 \u2192 risk_pct=1.50%
2026-05-06 04:00:52 INFO mt5_bot - Execution status=skipped reason=no_closed_bar_crossover
2026-05-06 04:01:07 INFO mt5_bot - Balance=102029.96 Equity=102029.96 Spread=0.60 pips
2026-05-06 04:01:07 INFO mt5_bot - Signal=NONE reason=no_closed_bar_crossover price=None trend=bullish rsi=78.8 atr_pips=9.0 adx=49.3
2026-05-06 04:01:07 INFO mt5_bot - ADX boost: adx=49.3 \u2192 risk_pct=1.50%
2026-05-06 04:01:07 INFO mt5_bot - Execution status=skipped reason=no_closed_bar_crossover
2026-05-06 04:01:22 INFO mt5_bot - Balance=102029.96 Equity=102029.96 Spread=0.60 pips
2026-05-06 04:01:22 INFO mt5_bot - Signal=NONE reason=no_closed_bar_crossover price=None trend=bullish rsi=78.8 atr_pips=9.0 adx=49.3
2026-05-06 04:01:22 INFO mt5_bot - ADX boost: adx=49.3 \u2192 risk_pct=1.50%
2026-05-06 04:01:22 INFO mt5_bot - Execution status=skipped reason=no_closed_bar_crossover
2026-05-06 04:01:37 INFO mt5_bot - Balance=102029.96 Equity=102029.96 Spread=0.60 pips
2026-05-06 04:01:37 INFO mt5_bot - Signal=NONE reason=no_closed_bar_crossover price=None trend=bullish rsi=78.8 atr_pips=9.0 adx=49.3
2026-05-06 04:01:37 INFO mt5_bot - ADX boost: adx=49.3 \u2192 risk_pct=1.50%
2026-05-06 04:01:37 INFO mt5_bot - Execution status=skipped reason=no_closed_bar_crossover
2026-05-06 04:01:52 INFO mt5_bot - Balance=102029.96 Equity=102029.96 Spread=0.60 pips
2026-05-06 04:01:52 INFO mt5_bot - Signal=NONE reason=no_closed_bar_crossover price=None trend=bullish rsi=78.8 atr_pips=9.0 adx=49.3
2026-05-06 04:01:52 INFO mt5_bot - ADX boost: adx=49.3 \u2192 risk_pct=1.50%
2026-05-06 04:01:52 INFO mt5_bot - Execution status=skipped reason=no_closed_bar_crossover
2026-05-06 04:02:07 INFO mt5_bot - Balance=102029.96 Equity=102029.96 Spread=0.60 pips
2026-05-06 04:02:07 INFO mt5_bot - Signal=NONE reason=no_closed_bar_crossover price=None trend=bullish rsi=78.8 atr_pips=9.0 adx=49.3
2026-05-06 04:02:07 INFO mt5_bot - ADX boost: adx=49.3 \u2192 risk_pct=1.50%
2026-05-06 04:02:07 INFO mt5_bot - Execution status=skipped reason=no_closed_bar_crossover
2026-05-06 04:02:22 INFO mt5_bot - Balance=102029.96 Equity=102029.96 Spread=0.60 pips
2026-05-06 04:02:22 INFO mt5_bot - Signal=NONE reason=no_closed_bar_crossover price=None trend=bullish rsi=78.8 atr_pips=9.0 adx=49.3
2026-05-06 04:02:22 INFO mt5_bot - ADX boost: adx=49.3 \u2192 risk_pct=1.50%
2026-05-06 04:02:22 INFO mt5_bot - Execution status=skipped reason=no_closed_bar_crossover
2026-05-06 04:02:37 INFO mt5_bot - Balance=102029.96 Equity=102029.96 Spread=0.60 pips
2026-05-06 04:02:37 INFO mt5_bot - Signal=NONE reason=no_closed_bar_crossover price=None trend=bullish rsi=78.8 atr_pips=9.0 adx=49.3
2026-05-06 04:02:37 INFO mt5_bot - ADX boost: adx=49.3 \u2192 risk_pct=1.50%
2026-05-06 04:02:37 INFO mt5_bot - Execution status=skipped reason=no_closed_bar_crossover
2026-05-06 04:02:52 INFO mt5_bot - Balance=102029.96 Equity=102029.96 Spread=0.60 pips
2026-05-06 04:02:52 INFO mt5_bot - Signal=NONE reason=no_closed_bar_crossover price=None trend=bullish rsi=78.8 atr_pips=9.0 adx=49.3
2026-05-06 04:02:52 INFO mt5_bot - ADX boost: adx=49.3 \u2192 risk_pct=1.50%
2026-05-06 04:02:52 INFO mt5_bot - Execution status=skipped reason=no_closed_bar_crossover
2026-05-06 04:03:07 INFO mt5_bot - Balance=102029.96 Equity=102029.96 Spread=0.60 pips
2026-05-06 04:03:07 INFO mt5_bot - Signal=NONE reason=no_closed_bar_crossover price=None trend=bullish rsi=78.8 atr_pips=9.0 adx=49.3
2026-05-06 04:03:07 INFO mt5_bot - ADX boost: adx=49.3 \u2192 risk_pct=1.50%
2026-05-06 04:03:07 INFO mt5_bot - Execution status=skipped reason=no_closed_bar_crossover
2026-05-06 04:03:22 INFO mt5_bot - Balance=102029.96 Equity=102029.96 Spread=0.60 pips
2026-05-06 04:03:22 INFO mt5_bot - Signal=NONE reason=no_closed_bar_crossover price=None trend=bullish rsi=78.8 atr_pips=9.0 adx=49.3
2026-05-06 04:03:22 INFO mt5_bot - ADX boost: adx=49.3 \u2192 risk_pct=1.50%
2026-05-06 04:03:22 INFO mt5_bot - Execution status=skipped reason=no_closed_bar_crossover
2026-05-06 04:03:37 INFO mt5_bot - Balance=102029.96 Equity=102029.96 Spread=0.60 pips
2026-05-06 04:03:37 INFO mt5_bot - Signal=NONE reason=no_closed_bar_crossover price=None trend=bullish rsi=78.8 atr_pips=9.0 adx=49.3
2026-05-06 04:03:37 INFO mt5_bot - ADX boost: adx=49.3 \u2192 risk_pct=1.50%
2026-05-06 04:03:37 INFO mt5_bot - Execution status=skipped reason=no_closed_bar_crossover
2026-05-06 04:03:52 INFO mt5_bot - Balance=102029.96 Equity=102029.96 Spread=0.60 pips
2026-05-06 04:03:52 INFO mt5_bot - Signal=NONE reason=no_closed_bar_crossover price=None trend=bullish rsi=78.8 atr_pips=9.0 adx=49.3
2026-05-06 04:03:52 INFO mt5_bot - ADX boost: adx=49.3 \u2192 risk_pct=1.50%
2026-05-06 04:03:52 INFO mt5_bot - Execution status=skipped reason=no_closed_bar_crossover
2026-05-06 04:04:07 INFO mt5_bot - Balance=102029.96 Equity=102029.96 Spread=0.60 pips
2026-05-06 04:04:07 INFO mt5_bot - Signal=NONE reason=no_closed_bar_crossover price=None trend=bullish rsi=78.8 atr_pips=9.0 adx=49.3
2026-05-06 04:04:07 INFO mt5_bot - ADX boost: adx=49.3 \u2192 risk_pct=1.50%
2026-05-06 04:04:07 INFO mt5_bot - Execution status=skipped reason=no_closed_bar_crossover
2026-05-06 04:04:22 INFO mt5_bot - Balance=102029.96 Equity=102029.96 Spread=0.60 pips
2026-05-06 04:04:22 INFO mt5_bot - Signal=NONE reason=no_closed_bar_crossover price=None trend=bullish rsi=78.8 atr_pips=9.0 adx=49.3
2026-05-06 04:04:22 INFO mt5_bot - ADX boost: adx=49.3 \u2192 risk_pct=1.50%
2026-05-06 04:04:22 INFO mt5_bot - Execution status=skipped reason=no_closed_bar_crossover
2026-05-06 04:04:37 INFO mt5_bot - Balance=102029.96 Equity=102029.96 Spread=0.60 pips
2026-05-06 04:04:37 INFO mt5_bot - Signal=NONE reason=no_closed_bar_crossover price=None trend=bullish rsi=78.8 atr_pips=9.0 adx=49.3
2026-05-06 04:04:37 INFO mt5_bot - ADX boost: adx=49.3 \u2192 risk_pct=1.50%
2026-05-06 04:04:37 INFO mt5_bot - Execution status=skipped reason=no_closed_bar_crossover
2026-05-06 04:04:52 INFO mt5_bot - Balance=102029.96 Equity=102029.96 Spread=0.60 pips
2026-05-06 04:04:52 INFO mt5_bot - Signal=NONE reason=no_closed_bar_crossover price=None trend=bullish rsi=78.8 atr_pips=9.0 adx=49.3
2026-05-06 04:04:52 INFO mt5_bot - ADX boost: adx=49.3 \u2192 risk_pct=1.50%
2026-05-06 04:04:52 INFO mt5_bot - Execution status=skipped reason=no_closed_bar_crossover
2026-05-06 04:05:07 INFO mt5_bot - Balance=102029.96 Equity=102029.96 Spread=0.60 pips
2026-05-06 04:05:07 INFO mt5_bot - Signal=NONE reason=no_closed_bar_crossover price=None trend=bullish rsi=78.8 atr_pips=9.0 adx=49.3
2026-05-06 04:05:07 INFO mt5_bot - ADX boost: adx=49.3 \u2192 risk_pct=1.50%
2026-05-06 04:05:07 INFO mt5_bot - Execution status=skipped reason=no_closed_bar_crossover
2026-05-06 04:05:22 INFO mt5_bot - Balance=102029.96 Equity=102029.96 Spread=0.60 pips
2026-05-06 04:05:22 INFO mt5_bot - Signal=NONE reason=no_closed_bar_crossover price=None trend=bullish rsi=78.8 atr_pips=9.0 adx=49.3
2026-05-06 04:05:22 INFO mt5_bot - ADX boost: adx=49.3 \u2192 risk_pct=1.50%
2026-05-06 04:05:22 INFO mt5_bot - Execution status=skipped reason=no_closed_bar_crossover
2026-05-06 04:05:37 INFO mt5_bot - Balance=102029.96 Equity=102029.96 Spread=0.60 pips
2026-05-06 04:05:37 INFO mt5_bot - Signal=NONE reason=no_closed_bar_crossover price=None trend=bullish rsi=78.8 atr_pips=9.0 adx=49.3
2026-05-06 04:05:37 INFO mt5_bot - ADX boost: adx=49.3 \u2192 risk_pct=1.50%
2026-05-06 04:05:37 INFO mt5_bot - Execution status=skipped reason=no_closed_bar_crossover
2026-05-06 04:05:52 INFO mt5_bot - Balance=102029.96 Equity=102029.96 Spread=0.60 pips
2026-05-06 04:05:52 INFO mt5_bot - Signal=NONE reason=no_closed_bar_crossover price=None trend=bullish rsi=78.8 atr_pips=9.0 adx=49.3
2026-05-06 04:05:52 INFO mt5_bot - ADX boost: adx=49.3 \u2192 risk_pct=1.50%
2026-05-06 04:05:52 INFO mt5_bot - Execution status=skipped reason=no_closed_bar_crossover
2026-05-06 04:06:07 INFO mt5_bot - Balance=102029.96 Equity=102029.96 Spread=0.60 pips
2026-05-06 04:06:07 INFO mt5_bot - Signal=NONE reason=no_closed_bar_crossover price=None trend=bullish rsi=78.8 atr_pips=9.0 adx=49.3
2026-05-06 04:06:07 INFO mt5_bot - ADX boost: adx=49.3 \u2192 risk_pct=1.50%
2026-05-06 04:06:07 INFO mt5_bot - Execution status=skipped reason=no_closed_bar_crossover
2026-05-06 04:06:22 INFO mt5_bot - Balance=102029.96 Equity=102029.96 Spread=0.60 pips
2026-05-06 04:06:22 INFO mt5_bot - Signal=NONE reason=no_closed_bar_crossover price=None trend=bullish rsi=78.8 atr_pips=9.0 adx=49.3
2026-05-06 04:06:22 INFO mt5_bot - ADX boost: adx=49.3 \u2192 risk_pct=1.50%
2026-05-06 04:06:22 INFO mt5_bot - Execution status=skipped reason=no_closed_bar_crossover
2026-05-06 04:06:37 INFO mt5_bot - Balance=102029.96 Equity=102029.96 Spread=0.60 pips
2026-05-06 04:06:37 INFO mt5_bot - Signal=NONE reason=no_closed_bar_crossover price=None trend=bullish rsi=78.8 atr_pips=9.0 adx=49.3
2026-05-06 04:06:37 INFO mt5_bot - ADX boost: adx=49.3 \u2192 risk_pct=1.50%
2026-05-06 04:06:37 INFO mt5_bot - Execution status=skipped reason=no_closed_bar_crossover
2026-05-06 04:06:52 INFO mt5_bot - Balance=102029.96 Equity=102029.96 Spread=0.60 pips
2026-05-06 04:06:52 INFO mt5_bot - Signal=NONE reason=no_closed_bar_crossover price=None trend=bullish rsi=78.8 atr_pips=9.0 adx=49.3
2026-05-06 04:06:52 INFO mt5_bot - ADX boost: adx=49.3 \u2192 risk_pct=1.50%
2026-05-06 04:06:52 INFO mt5_bot - Execution status=skipped reason=no_closed_bar_crossover
2026-05-06 04:07:07 INFO mt5_bot - Balance=102029.96 Equity=102029.96 Spread=0.60 pips
2026-05-06 04:07:07 INFO mt5_bot - Signal=NONE reason=no_closed_bar_crossover price=None trend=bullish rsi=78.8 atr_pips=9.0 adx=49.3
2026-05-06 04:07:07 INFO mt5_bot - ADX boost: adx=49.3 \u2192 risk_pct=1.50%
2026-05-06 04:07:07 INFO mt5_bot - Execution status=skipped reason=no_closed_bar_crossover
2026-05-06 04:07:22 INFO mt5_bot - Balance=102029.96 Equity=102029.96 Spread=0.60 pips
2026-05-06 04:07:22 INFO mt5_bot - Signal=NONE reason=no_closed_bar_crossover price=None trend=bullish rsi=78.8 atr_pips=9.0 adx=49.3
2026-05-06 04:07:22 INFO mt5_bot - ADX boost: adx=49.3 \u2192 risk_pct=1.50%
2026-05-06 04:07:22 INFO mt5_bot - Execution status=skipped reason=no_closed_bar_crossover
2026-05-06 04:07:37 INFO mt5_bot - Balance=102029.96 Equity=102029.96 Spread=0.60 pips
2026-05-06 04:07:37 INFO mt5_bot - Signal=NONE reason=no_closed_bar_crossover price=None trend=bullish rsi=78.8 atr_pips=9.0 adx=49.3
2026-05-06 04:07:37 INFO mt5_bot - ADX boost: adx=49.3 \u2192 risk_pct=1.50%
2026-05-06 04:07:37 INFO mt5_bot - Execution status=skipped reason=no_closed_bar_crossover
2026-05-06 04:07:52 INFO mt5_bot - Balance=102029.96 Equity=102029.96 Spread=0.60 pips
2026-05-06 04:07:52 INFO mt5_bot - Signal=NONE reason=no_closed_bar_crossover price=None trend=bullish rsi=78.8 atr_pips=9.0 adx=49.3
2026-05-06 04:07:52 INFO mt5_bot - ADX boost: adx=49.3 \u2192 risk_pct=1.50%
2026-05-06 04:07:52 INFO mt5_bot - Execution status=skipped reason=no_closed_bar_crossover
2026-05-06 04:08:07 INFO mt5_bot - Balance=102029.96 Equity=102029.96 Spread=0.60 pips
2026-05-06 04:08:07 INFO mt5_bot - Signal=NONE reason=no_closed_bar_crossover price=None trend=bullish rsi=78.8 atr_pips=9.0 adx=49.3
2026-05-06 04:08:07 INFO mt5_bot - ADX boost: adx=49.3 \u2192 risk_pct=1.50%
2026-05-06 04:08:07 INFO mt5_bot - Execution status=skipped reason=no_closed_bar_crossover
2026-05-06 04:08:22 INFO mt5_bot - Balance=102029.96 Equity=102029.96 Spread=0.60 pips
2026-05-06 04:08:22 INFO mt5_bot - Signal=NONE reason=no_closed_bar_crossover price=None trend=bullish rsi=78.8 atr_pips=9.0 adx=49.3
2026-05-06 04:08:22 INFO mt5_bot - ADX boost: adx=49.3 \u2192 risk_pct=1.50%
2026-05-06 04:08:22 INFO mt5_bot - Execution status=skipped reason=no_closed_bar_crossover
2026-05-06 04:08:37 INFO mt5_bot - Balance=102029.96 Equity=102029.96 Spread=0.60 pips
2026-05-06 04:08:37 INFO mt5_bot - Signal=NONE reason=no_closed_bar_crossover price=None trend=bullish rsi=78.8 atr_pips=9.0 adx=49.3
2026-05-06 04:08:37 INFO mt5_bot - ADX boost: adx=49.3 \u2192 risk_pct=1.50%
2026-05-06 04:08:37 INFO mt5_bot - Execution status=skipped reason=no_closed_bar_crossover
2026-05-06 04:08:52 INFO mt5_bot - Balance=102029.96 Equity=102029.96 Spread=0.60 pips
2026-05-06 04:08:52 INFO mt5_bot - Signal=NONE reason=no_closed_bar_crossover price=None trend=bullish rsi=78.8 atr_pips=9.0 adx=49.3
2026-05-06 04:08:52 INFO mt5_bot - ADX boost: adx=49.3 \u2192 risk_pct=1.50%
2026-05-06 04:08:52 INFO mt5_bot - Execution status=skipped reason=no_closed_bar_crossover
2026-05-06 04:09:07 INFO mt5_bot - Balance=102029.96 Equity=102029.96 Spread=0.60 pips
2026-05-06 04:09:07 INFO mt5_bot - Signal=NONE reason=no_closed_bar_crossover price=None trend=bullish rsi=78.8 atr_pips=9.0 adx=49.3
2026-05-06 04:09:07 INFO mt5_bot - ADX boost: adx=49.3 \u2192 risk_pct=1.50%
2026-05-06 04:09:07 INFO mt5_bot - Execution status=skipped reason=no_closed_bar_crossover
2026-05-06 04:09:22 INFO mt5_bot - Balance=102029.96 Equity=102029.96 Spread=0.60 pips
2026-05-06 04:09:22 INFO mt5_bot - Signal=NONE reason=no_closed_bar_crossover price=None trend=bullish rsi=78.8 atr_pips=9.0 adx=49.3
2026-05-06 04:09:22 INFO mt5_bot - ADX boost: adx=49.3 \u2192 risk_pct=1.50%
2026-05-06 04:09:22 INFO mt5_bot - Execution status=skipped reason=no_closed_bar_crossover
2026-05-06 04:09:37 INFO mt5_bot - Balance=102029.96 Equity=102029.96 Spread=0.60 pips
2026-05-06 04:09:37 INFO mt5_bot - Signal=NONE reason=no_closed_bar_crossover price=None trend=bullish rsi=78.8 atr_pips=9.0 adx=49.3
2026-05-06 04:09:37 INFO mt5_bot - ADX boost: adx=49.3 \u2192 risk_pct=1.50%
2026-05-06 04:09:37 INFO mt5_bot - Execution status=skipped reason=no_closed_bar_crossover
2026-05-06 04:09:52 INFO mt5_bot - Balance=102029.96 Equity=102029.96 Spread=0.60 pips
2026-05-06 04:09:52 INFO mt5_bot - Signal=NONE reason=no_closed_bar_crossover price=None trend=bullish rsi=78.8 atr_pips=9.0 adx=49.3
2026-05-06 04:09:52 INFO mt5_bot - ADX boost: adx=49.3 \u2192 risk_pct=1.50%
2026-05-06 04:09:52 INFO mt5_bot - Execution status=skipped reason=no_closed_bar_crossover
2026-05-06 04:10:07 INFO mt5_bot - Balance=102029.96 Equity=102029.96 Spread=0.60 pips
2026-05-06 04:10:07 INFO mt5_bot - Signal=NONE reason=no_closed_bar_crossover price=None trend=bullish rsi=78.8 atr_pips=9.0 adx=49.3
2026-05-06 04:10:07 INFO mt5_bot - ADX boost: adx=49.3 \u2192 risk_pct=1.50%
2026-05-06 04:10:07 INFO mt5_bot - Execution status=skipped reason=no_closed_bar_crossover
2026-05-06 04:10:22 INFO mt5_bot - Balance=102029.96 Equity=102029.96 Spread=0.60 pips
2026-05-06 04:10:22 INFO mt5_bot - Signal=NONE reason=no_closed_bar_crossover price=None trend=bullish rsi=78.8 atr_pips=9.0 adx=49.3
2026-05-06 04:10:22 INFO mt5_bot - ADX boost: adx=49.3 \u2192 risk_pct=1.50%
2026-05-06 04:10:22 INFO mt5_bot - Execution status=skipped reason=no_closed_bar_crossover
2026-05-06 04:10:37 INFO mt5_bot - Balance=102029.96 Equity=102029.96 Spread=0.60 pips
2026-05-06 04:10:37 INFO mt5_bot - Signal=NONE reason=no_closed_bar_crossover price=None trend=bullish rsi=78.8 atr_pips=9.0 adx=49.3
2026-05-06 04:10:37 INFO mt5_bot - ADX boost: adx=49.3 \u2192 risk_pct=1.50%
2026-05-06 04:10:37 INFO mt5_bot - Execution status=skipped reason=no_closed_bar_crossover
2026-05-06 04:10:52 INFO mt5_bot - Balance=102029.96 Equity=102029.96 Spread=0.60 pips
2026-05-06 04:10:52 INFO mt5_bot - Signal=NONE reason=no_closed_bar_crossover price=None trend=bullish rsi=78.8 atr_pips=9.0 adx=49.3
2026-05-06 04:10:52 INFO mt5_bot - ADX boost: adx=49.3 \u2192 risk_pct=1.50%
2026-05-06 04:10:52 INFO mt5_bot - Execution status=skipped reason=no_closed_bar_crossover
2026-05-06 04:11:07 INFO mt5_bot - Balance=102029.96 Equity=102029.96 Spread=0.60 pips
2026-05-06 04:11:07 INFO mt5_bot - Signal=NONE reason=no_closed_bar_crossover price=None trend=bullish rsi=78.8 atr_pips=9.0 adx=49.3
2026-05-06 04:11:07 INFO mt5_bot - ADX boost: adx=49.3 \u2192 risk_pct=1.50%
2026-05-06 04:11:07 INFO mt5_bot - Execution status=skipped reason=no_closed_bar_crossover
2026-05-06 04:11:22 INFO mt5_bot - Balance=102029.96 Equity=102029.96 Spread=0.60 pips
2026-05-06 04:11:22 INFO mt5_bot - Signal=NONE reason=no_closed_bar_crossover price=None trend=bullish rsi=78.8 atr_pips=9.0 adx=49.3
2026-05-06 04:11:22 INFO mt5_bot - ADX boost: adx=49.3 \u2192 risk_pct=1.50%
2026-05-06 04:11:22 INFO mt5_bot - Execution status=skipped reason=no_closed_bar_crossover
2026-05-06 04:11:37 INFO mt5_bot - Balance=102029.96 Equity=102029.96 Spread=0.60 pips
2026-05-06 04:11:37 INFO mt5_bot - Signal=NONE reason=no_closed_bar_crossover price=None trend=bullish rsi=78.8 atr_pips=9.0 adx=49.3
2026-05-06 04:11:37 INFO mt5_bot - ADX boost: adx=49.3 \u2192 risk_pct=1.50%
2026-05-06 04:11:37 INFO mt5_bot - Execution status=skipped reason=no_closed_bar_crossover
2026-05-06 04:11:52 INFO mt5_bot - Balance=102029.96 Equity=102029.96 Spread=0.60 pips
2026-05-06 04:11:52 INFO mt5_bot - Signal=NONE reason=no_closed_bar_crossover price=None trend=bullish rsi=78.8 atr_pips=9.0 adx=49.3
2026-05-06 04:11:52 INFO mt5_bot - ADX boost: adx=49.3 \u2192 risk_pct=1.50%
2026-05-06 04:11:52 INFO mt5_bot - Execution status=skipped reason=no_closed_bar_crossover
2026-05-06 04:12:07 INFO mt5_bot - Balance=102029.96 Equity=102029.96 Spread=0.60 pips
2026-05-06 04:12:07 INFO mt5_bot - Signal=NONE reason=no_closed_bar_crossover price=None trend=bullish rsi=78.8 atr_pips=9.0 adx=49.3
2026-05-06 04:12:07 INFO mt5_bot - ADX boost: adx=49.3 \u2192 risk_pct=1.50%
2026-05-06 04:12:07 INFO mt5_bot - Execution status=skipped reason=no_closed_bar_crossover
2026-05-06 04:12:22 INFO mt5_bot - Balance=102029.96 Equity=102029.96 Spread=0.60 pips
2026-05-06 04:12:22 INFO mt5_bot - Signal=NONE reason=no_closed_bar_crossover price=None trend=bullish rsi=78.8 atr_pips=9.0 adx=49.3
2026-05-06 04:12:22 INFO mt5_bot - ADX boost: adx=49.3 \u2192 risk_pct=1.50%
2026-05-06 04:12:22 INFO mt5_bot - Execution status=skipped reason=no_closed_bar_crossover
2026-05-06 04:12:38 INFO mt5_bot - Balance=102029.96 Equity=102029.96 Spread=0.60 pips
2026-05-06 04:12:38 INFO mt5_bot - Signal=NONE reason=no_closed_bar_crossover price=None trend=bullish rsi=78.8 atr_pips=9.0 adx=49.3
2026-05-06 04:12:38 INFO mt5_bot - ADX boost: adx=49.3 \u2192 risk_pct=1.50%
2026-05-06 04:12:38 INFO mt5_bot - Execution status=skipped reason=no_closed_bar_crossover
2026-05-06 04:12:53 INFO mt5_bot - Balance=102029.96 Equity=102029.96 Spread=0.60 pips
2026-05-06 04:12:53 INFO mt5_bot - Signal=NONE reason=no_closed_bar_crossover price=None trend=bullish rsi=78.8 atr_pips=9.0 adx=49.3
2026-05-06 04:12:53 INFO mt5_bot - ADX boost: adx=49.3 \u2192 risk_pct=1.50%
2026-05-06 04:12:53 INFO mt5_bot - Execution status=skipped reason=no_closed_bar_crossover
2026-05-06 04:13:08 INFO mt5_bot - Balance=102029.96 Equity=102029.96 Spread=0.60 pips
2026-05-06 04:13:08 INFO mt5_bot - Signal=NONE reason=no_closed_bar_crossover price=None trend=bullish rsi=78.8 atr_pips=9.0 adx=49.3
2026-05-06 04:13:08 INFO mt5_bot - ADX boost: adx=49.3 \u2192 risk_pct=1.50%
2026-05-06 04:13:08 INFO mt5_bot - Execution status=skipped reason=no_closed_bar_crossover
2026-05-06 04:13:23 INFO mt5_bot - Balance=102029.96 Equity=102029.96 Spread=0.60 pips
2026-05-06 04:13:23 INFO mt5_bot - Signal=NONE reason=no_closed_bar_crossover price=None trend=bullish rsi=78.8 atr_pips=9.0 adx=49.3
2026-05-06 04:13:23 INFO mt5_bot - ADX boost: adx=49.3 \u2192 risk_pct=1.50%
2026-05-06 04:13:23 INFO mt5_bot - Execution status=skipped reason=no_closed_bar_crossover
2026-05-06 04:13:38 INFO mt5_bot - Balance=102029.96 Equity=102029.96 Spread=0.60 pips
2026-05-06 04:13:38 INFO mt5_bot - Signal=NONE reason=no_closed_bar_crossover price=None trend=bullish rsi=78.8 atr_pips=9.0 adx=49.3
2026-05-06 04:13:38 INFO mt5_bot - ADX boost: adx=49.3 \u2192 risk_pct=1.50%
2026-05-06 04:13:38 INFO mt5_bot - Execution status=skipped reason=no_closed_bar_crossover
2026-05-06 04:13:53 INFO mt5_bot - Balance=102029.96 Equity=102029.96 Spread=0.60 pips
2026-05-06 04:13:53 INFO mt5_bot - Signal=NONE reason=no_closed_bar_crossover price=None trend=bullish rsi=78.8 atr_pips=9.0 adx=49.3
2026-05-06 04:13:53 INFO mt5_bot - ADX boost: adx=49.3 \u2192 risk_pct=1.50%
2026-05-06 04:13:53 INFO mt5_bot - Execution status=skipped reason=no_closed_bar_crossover
2026-05-06 04:14:08 INFO mt5_bot - Balance=102029.96 Equity=102029.96 Spread=0.60 pips
2026-05-06 04:14:08 INFO mt5_bot - Signal=NONE reason=no_closed_bar_crossover price=None trend=bullish rsi=78.8 atr_pips=9.0 adx=49.3
2026-05-06 04:14:08 INFO mt5_bot - ADX boost: adx=49.3 \u2192 risk_pct=1.50%
2026-05-06 04:14:08 INFO mt5_bot - Execution status=skipped reason=no_closed_bar_crossover
2026-05-06 04:14:23 INFO mt5_bot - Balance=102029.96 Equity=102029.96 Spread=0.60 pips
2026-05-06 04:14:23 INFO mt5_bot - Signal=NONE reason=no_closed_bar_crossover price=None trend=bullish rsi=78.8 atr_pips=9.0 adx=49.3
2026-05-06 04:14:23 INFO mt5_bot - ADX boost: adx=49.3 \u2192 risk_pct=1.50%
2026-05-06 04:14:23 INFO mt5_bot - Execution status=skipped reason=no_closed_bar_crossover
2026-05-06 04:14:38 INFO mt5_bot - Balance=102029.96 Equity=102029.96 Spread=0.60 pips
2026-05-06 04:14:38 INFO mt5_bot - Signal=NONE reason=no_closed_bar_crossover price=None trend=bullish rsi=78.8 atr_pips=9.0 adx=49.3
2026-05-06 04:14:38 INFO mt5_bot - ADX boost: adx=49.3 \u2192 risk_pct=1.50%
2026-05-06 04:14:38 INFO mt5_bot - Execution status=skipped reason=no_closed_bar_crossover
2026-05-06 04:14:53 INFO mt5_bot - Balance=102029.96 Equity=102029.96 Spread=0.60 pips
2026-05-06 04:14:53 INFO mt5_bot - Signal=NONE reason=no_closed_bar_crossover price=None trend=bullish rsi=78.8 atr_pips=9.0 adx=49.3
2026-05-06 04:14:53 INFO mt5_bot - ADX boost: adx=49.3 \u2192 risk_pct=1.50%
2026-05-06 04:14:53 INFO mt5_bot - Execution status=skipped reason=no_closed_bar_crossover
2026-05-06 04:15:08 INFO mt5_bot - Balance=102029.96 Equity=102029.96 Spread=0.60 pips
2026-05-06 04:15:08 INFO mt5_bot - Signal=NONE reason=no_closed_bar_crossover price=None trend=bullish rsi=70.0 atr_pips=9.4 adx=51.3
2026-05-06 04:15:08 INFO mt5_bot - ADX boost: adx=51.3 \u2192 risk_pct=1.50%
2026-05-06 04:15:08 INFO mt5_bot - Execution status=skipped reason=no_closed_bar_crossover
2026-05-06 04:15:23 INFO mt5_bot - Balance=102029.96 Equity=102029.96 Spread=0.60 pips
2026-05-06 04:15:23 INFO mt5_bot - Signal=NONE reason=no_closed_bar_crossover price=None trend=bullish rsi=70.0 atr_pips=9.4 adx=51.3
2026-05-06 04:15:23 INFO mt5_bot - ADX boost: adx=51.3 \u2192 risk_pct=1.50%
2026-05-06 04:15:23 INFO mt5_bot - Execution status=skipped reason=no_closed_bar_crossover
2026-05-06 04:15:38 INFO mt5_bot - Balance=102029.96 Equity=102029.96 Spread=0.60 pips
2026-05-06 04:15:38 INFO mt5_bot - Signal=NONE reason=no_closed_bar_crossover price=None trend=bullish rsi=70.0 atr_pips=9.4 adx=51.3
2026-05-06 04:15:38 INFO mt5_bot - ADX boost: adx=51.3 \u2192 risk_pct=1.50%
2026-05-06 04:15:38 INFO mt5_bot - Execution status=skipped reason=no_closed_bar_crossover
2026-05-06 04:15:53 INFO mt5_bot - Balance=102029.96 Equity=102029.96 Spread=0.60 pips
2026-05-06 04:15:53 INFO mt5_bot - Signal=NONE reason=no_closed_bar_crossover price=None trend=bullish rsi=70.0 atr_pips=9.4 adx=51.3
2026-05-06 04:15:53 INFO mt5_bot - ADX boost: adx=51.3 \u2192 risk_pct=1.50%
2026-05-06 04:15:53 INFO mt5_bot - Execution status=skipped reason=no_closed_bar_crossover
2026-05-06 04:16:08 INFO mt5_bot - Balance=102029.96 Equity=102029.96 Spread=0.60 pips
2026-05-06 04:16:08 INFO mt5_bot - Signal=NONE reason=no_closed_bar_crossover price=None trend=bullish rsi=70.0 atr_pips=9.4 adx=51.3
2026-05-06 04:16:08 INFO mt5_bot - ADX boost: adx=51.3 \u2192 risk_pct=1.50%
2026-05-06 04:16:08 INFO mt5_bot - Execution status=skipped reason=no_closed_bar_crossover
2026-05-06 04:16:23 INFO mt5_bot - Balance=102029.96 Equity=102029.96 Spread=0.60 pips
2026-05-06 04:16:23 INFO mt5_bot - Signal=NONE reason=no_closed_bar_crossover price=None trend=bullish rsi=70.0 atr_pips=9.4 adx=51.3
2026-05-06 04:16:23 INFO mt5_bot - ADX boost: adx=51.3 \u2192 risk_pct=1.50%
2026-05-06 04:16:23 INFO mt5_bot - Execution status=skipped reason=no_closed_bar_crossover
2026-05-06 04:16:38 INFO mt5_bot - Balance=102029.96 Equity=102029.96 Spread=0.60 pips
2026-05-06 04:16:38 INFO mt5_bot - Signal=NONE reason=no_closed_bar_crossover price=None trend=bullish rsi=70.0 atr_pips=9.4 adx=51.3
2026-05-06 04:16:38 INFO mt5_bot - ADX boost: adx=51.3 \u2192 risk_pct=1.50%
2026-05-06 04:16:38 INFO mt5_bot - Execution status=skipped reason=no_closed_bar_crossover
2026-05-06 04:16:53 INFO mt5_bot - Balance=102029.96 Equity=102029.96 Spread=0.60 pips
2026-05-06 04:16:53 INFO mt5_bot - Signal=NONE reason=no_closed_bar_crossover price=None trend=bullish rsi=70.0 atr_pips=9.4 adx=51.3
2026-05-06 04:16:53 INFO mt5_bot - ADX boost: adx=51.3 \u2192 risk_pct=1.50%
2026-05-06 04:16:53 INFO mt5_bot - Execution status=skipped reason=no_closed_bar_crossover
2026-05-06 04:17:08 INFO mt5_bot - Balance=102029.96 Equity=102029.96 Spread=0.60 pips
2026-05-06 04:17:08 INFO mt5_bot - Signal=NONE reason=no_closed_bar_crossover price=None trend=bullish rsi=70.0 atr_pips=9.4 adx=51.3
2026-05-06 04:17:08 INFO mt5_bot - ADX boost: adx=51.3 \u2192 risk_pct=1.50%
2026-05-06 04:17:08 INFO mt5_bot - Execution status=skipped reason=no_closed_bar_crossover
2026-05-06 04:17:23 INFO mt5_bot - Balance=102029.96 Equity=102029.96 Spread=0.60 pips
2026-05-06 04:17:23 INFO mt5_bot - Signal=NONE reason=no_closed_bar_crossover price=None trend=bullish rsi=70.0 atr_pips=9.4 adx=51.3
2026-05-06 04:17:23 INFO mt5_bot - ADX boost: adx=51.3 \u2192 risk_pct=1.50%
2026-05-06 04:17:23 INFO mt5_bot - Execution status=skipped reason=no_closed_bar_crossover
2026-05-06 04:17:38 INFO mt5_bot - Balance=102029.96 Equity=102029.96 Spread=0.60 pips
2026-05-06 04:17:38 INFO mt5_bot - Signal=NONE reason=no_closed_bar_crossover price=None trend=bullish rsi=70.0 atr_pips=9.4 adx=51.3
2026-05-06 04:17:38 INFO mt5_bot - ADX boost: adx=51.3 \u2192 risk_pct=1.50%
2026-05-06 04:17:38 INFO mt5_bot - Execution status=skipped reason=no_closed_bar_crossover
2026-05-06 04:17:53 INFO mt5_bot - Balance=102029.96 Equity=102029.96 Spread=0.60 pips
2026-05-06 04:17:53 INFO mt5_bot - Signal=NONE reason=no_closed_bar_crossover price=None trend=bullish rsi=70.0 atr_pips=9.4 adx=51.3
2026-05-06 04:17:53 INFO mt5_bot - ADX boost: adx=51.3 \u2192 risk_pct=1.50%
2026-05-06 04:17:53 INFO mt5_bot - Execution status=skipped reason=no_closed_bar_crossover
2026-05-06 04:18:08 INFO mt5_bot - Balance=102029.96 Equity=102029.96 Spread=0.60 pips
2026-05-06 04:18:08 INFO mt5_bot - Signal=NONE reason=no_closed_bar_crossover price=None trend=bullish rsi=70.0 atr_pips=9.4 adx=51.3
2026-05-06 04:18:08 INFO mt5_bot - ADX boost: adx=51.3 \u2192 risk_pct=1.50%
2026-05-06 04:18:08 INFO mt5_bot - Execution status=skipped reason=no_closed_bar_crossover
2026-05-06 04:18:23 INFO mt5_bot - Balance=102029.96 Equity=102029.96 Spread=0.60 pips
2026-05-06 04:18:23 INFO mt5_bot - Signal=NONE reason=no_closed_bar_crossover price=None trend=bullish rsi=70.0 atr_pips=9.4 adx=51.3
2026-05-06 04:18:23 INFO mt5_bot - ADX boost: adx=51.3 \u2192 risk_pct=1.50%
2026-05-06 04:18:23 INFO mt5_bot - Execution status=skipped reason=no_closed_bar_crossover
2026-05-06 04:18:38 INFO mt5_bot - Balance=102029.96 Equity=102029.96 Spread=0.60 pips
2026-05-06 04:18:38 INFO mt5_bot - Signal=NONE reason=no_closed_bar_crossover price=None trend=bullish rsi=70.0 atr_pips=9.4 adx=51.3
2026-05-06 04:18:38 INFO mt5_bot - ADX boost: adx=51.3 \u2192 risk_pct=1.50%
2026-05-06 04:18:38 INFO mt5_bot - Execution status=skipped reason=no_closed_bar_crossover
2026-05-06 04:18:53 INFO mt5_bot - Balance=102029.96 Equity=102029.96 Spread=0.60 pips
2026-05-06 04:18:53 INFO mt5_bot - Signal=NONE reason=no_closed_bar_crossover price=None trend=bullish rsi=70.0 atr_pips=9.4 adx=51.3
2026-05-06 04:18:53 INFO mt5_bot - ADX boost: adx=51.3 \u2192 risk_pct=1.50%
2026-05-06 04:18:53 INFO mt5_bot - Execution status=skipped reason=no_closed_bar_crossover
2026-05-06 04:19:08 INFO mt5_bot - Balance=102029.96 Equity=102029.96 Spread=0.60 pips
2026-05-06 04:19:08 INFO mt5_bot - Signal=NONE reason=no_closed_bar_crossover price=None trend=bullish rsi=70.0 atr_pips=9.4 adx=51.3
2026-05-06 04:19:08 INFO mt5_bot - ADX boost: adx=51.3 \u2192 risk_pct=1.50%
2026-05-06 04:19:08 INFO mt5_bot - Execution status=skipped reason=no_closed_bar_crossover
2026-05-06 04:19:23 INFO mt5_bot - Balance=102029.96 Equity=102029.96 Spread=0.60 pips
2026-05-06 04:19:23 INFO mt5_bot - Signal=NONE reason=no_closed_bar_crossover price=None trend=bullish rsi=70.0 atr_pips=9.4 adx=51.3
2026-05-06 04:19:23 INFO mt5_bot - ADX boost: adx=51.3 \u2192 risk_pct=1.50%
2026-05-06 04:19:23 INFO mt5_bot - Execution status=skipped reason=no_closed_bar_crossover
2026-05-06 04:19:38 INFO mt5_bot - Balance=102029.96 Equity=102029.96 Spread=0.60 pips
2026-05-06 04:19:38 INFO mt5_bot - Signal=NONE reason=no_closed_bar_crossover price=None trend=bullish rsi=70.0 atr_pips=9.4 adx=51.3
2026-05-06 04:19:38 INFO mt5_bot - ADX boost: adx=51.3 \u2192 risk_pct=1.50%
2026-05-06 04:19:38 INFO mt5_bot - Execution status=skipped reason=no_closed_bar_crossover
2026-05-06 04:19:53 INFO mt5_bot - Balance=102029.96 Equity=102029.96 Spread=0.60 pips
2026-05-06 04:19:53 INFO mt5_bot - Signal=NONE reason=no_closed_bar_crossover price=None trend=bullish rsi=70.0 atr_pips=9.4 adx=51.3
2026-05-06 04:19:53 INFO mt5_bot - ADX boost: adx=51.3 \u2192 risk_pct=1.50%
2026-05-06 04:19:53 INFO mt5_bot - Execution status=skipped reason=no_closed_bar_crossover
2026-05-06 04:20:08 INFO mt5_bot - Balance=102029.96 Equity=102029.96 Spread=0.60 pips
2026-05-06 04:20:08 INFO mt5_bot - Signal=NONE reason=no_closed_bar_crossover price=None trend=bullish rsi=70.0 atr_pips=9.4 adx=51.3
2026-05-06 04:20:08 INFO mt5_bot - ADX boost: adx=51.3 \u2192 risk_pct=1.50%
2026-05-06 04:20:08 INFO mt5_bot - Execution status=skipped reason=no_closed_bar_crossover
2026-05-06 04:20:23 INFO mt5_bot - Balance=102029.96 Equity=102029.96 Spread=0.60 pips
2026-05-06 04:20:23 INFO mt5_bot - Signal=NONE reason=no_closed_bar_crossover price=None trend=bullish rsi=70.0 atr_pips=9.4 adx=51.3
2026-05-06 04:20:23 INFO mt5_bot - ADX boost: adx=51.3 \u2192 risk_pct=1.50%
2026-05-06 04:20:23 INFO mt5_bot - Execution status=skipped reason=no_closed_bar_crossover
2026-05-06 04:20:38 INFO mt5_bot - Balance=102029.96 Equity=102029.96 Spread=0.60 pips
2026-05-06 04:20:38 INFO mt5_bot - Signal=NONE reason=no_closed_bar_crossover price=None trend=bullish rsi=70.0 atr_pips=9.4 adx=51.3
2026-05-06 04:20:38 INFO mt5_bot - ADX boost: adx=51.3 \u2192 risk_pct=1.50%
2026-05-06 04:20:38 INFO mt5_bot - Execution status=skipped reason=no_closed_bar_crossover
2026-05-06 04:20:53 INFO mt5_bot - Balance=102029.96 Equity=102029.96 Spread=0.60 pips
2026-05-06 04:20:53 INFO mt5_bot - Signal=NONE reason=no_closed_bar_crossover price=None trend=bullish rsi=70.0 atr_pips=9.4 adx=51.3
2026-05-06 04:20:53 INFO mt5_bot - ADX boost: adx=51.3 \u2192 risk_pct=1.50%
2026-05-06 04:20:53 INFO mt5_bot - Execution status=skipped reason=no_closed_bar_crossover
2026-05-06 04:21:08 INFO mt5_bot - Balance=102029.96 Equity=102029.96 Spread=0.60 pips
2026-05-06 04:21:08 INFO mt5_bot - Signal=NONE reason=no_closed_bar_crossover price=None trend=bullish rsi=70.0 atr_pips=9.4 adx=51.3
2026-05-06 04:21:08 INFO mt5_bot - ADX boost: adx=51.3 \u2192 risk_pct=1.50%
2026-05-06 04:21:08 INFO mt5_bot - Execution status=skipped reason=no_closed_bar_crossover
2026-05-06 04:21:23 INFO mt5_bot - Balance=102029.96 Equity=102029.96 Spread=0.60 pips
2026-05-06 04:21:23 INFO mt5_bot - Signal=NONE reason=no_closed_bar_crossover price=None trend=bullish rsi=70.0 atr_pips=9.4 adx=51.3
2026-05-06 04:21:23 INFO mt5_bot - ADX boost: adx=51.3 \u2192 risk_pct=1.50%
2026-05-06 04:21:23 INFO mt5_bot - Execution status=skipped reason=no_closed_bar_crossover
2026-05-06 04:21:38 INFO mt5_bot - Balance=102029.96 Equity=102029.96 Spread=0.60 pips
2026-05-06 04:21:38 INFO mt5_bot - Signal=NONE reason=no_closed_bar_crossover price=None trend=bullish rsi=70.0 atr_pips=9.4 adx=51.3
2026-05-06 04:21:38 INFO mt5_bot - ADX boost: adx=51.3 \u2192 risk_pct=1.50%
2026-05-06 04:21:38 INFO mt5_bot - Execution status=skipped reason=no_closed_bar_crossover
2026-05-06 04:21:53 INFO mt5_bot - Balance=102029.96 Equity=102029.96 Spread=0.60 pips
2026-05-06 04:21:53 INFO mt5_bot - Signal=NONE reason=no_closed_bar_crossover price=None trend=bullish rsi=70.0 atr_pips=9.4 adx=51.3
2026-05-06 04:21:53 INFO mt5_bot - ADX boost: adx=51.3 \u2192 risk_pct=1.50%
2026-05-06 04:21:53 INFO mt5_bot - Execution status=skipped reason=no_closed_bar_crossover
2026-05-06 04:22:08 INFO mt5_bot - Balance=102029.96 Equity=102029.96 Spread=0.60 pips
2026-05-06 04:22:08 INFO mt5_bot - Signal=NONE reason=no_closed_bar_crossover price=None trend=bullish rsi=70.0 atr_pips=9.4 adx=51.3
2026-05-06 04:22:08 INFO mt5_bot - ADX boost: adx=51.3 \u2192 risk_pct=1.50%
2026-05-06 04:22:08 INFO mt5_bot - Execution status=skipped reason=no_closed_bar_crossover
2026-05-06 04:22:23 INFO mt5_bot - Balance=102029.96 Equity=102029.96 Spread=0.60 pips
2026-05-06 04:22:23 INFO mt5_bot - Signal=NONE reason=no_closed_bar_crossover price=None trend=bullish rsi=70.0 atr_pips=9.4 adx=51.3
2026-05-06 04:22:23 INFO mt5_bot - ADX boost: adx=51.3 \u2192 risk_pct=1.50%
2026-05-06 04:22:23 INFO mt5_bot - Execution status=skipped reason=no_closed_bar_crossover
2026-05-06 04:22:38 INFO mt5_bot - Balance=102029.96 Equity=102029.96 Spread=0.60 pips
2026-05-06 04:22:38 INFO mt5_bot - Signal=NONE reason=no_closed_bar_crossover price=None trend=bullish rsi=70.0 atr_pips=9.4 adx=51.3
2026-05-06 04:22:38 INFO mt5_bot - ADX boost: adx=51.3 \u2192 risk_pct=1.50%
2026-05-06 04:22:38 INFO mt5_bot - Execution status=skipped reason=no_closed_bar_crossover
2026-05-06 04:22:53 INFO mt5_bot - Balance=102029.96 Equity=102029.96 Spread=0.60 pips
2026-05-06 04:22:53 INFO mt5_bot - Signal=NONE reason=no_closed_bar_crossover price=None trend=bullish rsi=70.0 atr_pips=9.4 adx=51.3
2026-05-06 04:22:53 INFO mt5_bot - ADX boost: adx=51.3 \u2192 risk_pct=1.50%
2026-05-06 04:22:53 INFO mt5_bot - Execution status=skipped reason=no_closed_bar_crossover
2026-05-06 04:23:08 INFO mt5_bot - Balance=102029.96 Equity=102029.96 Spread=0.60 pips
2026-05-06 04:23:08 INFO mt5_bot - Signal=NONE reason=no_closed_bar_crossover price=None trend=bullish rsi=70.0 atr_pips=9.4 adx=51.3
2026-05-06 04:23:08 INFO mt5_bot - ADX boost: adx=51.3 \u2192 risk_pct=1.50%
2026-05-06 04:23:08 INFO mt5_bot - Execution status=skipped reason=no_closed_bar_crossover
2026-05-06 04:23:23 INFO mt5_bot - Balance=102029.96 Equity=102029.96 Spread=0.60 pips
2026-05-06 04:23:23 INFO mt5_bot - Signal=NONE reason=no_closed_bar_crossover price=None trend=bullish rsi=70.0 atr_pips=9.4 adx=51.3
2026-05-06 04:23:23 INFO mt5_bot - ADX boost: adx=51.3 \u2192 risk_pct=1.50%
2026-05-06 04:23:23 INFO mt5_bot - Execution status=skipped reason=no_closed_bar_crossover
2026-05-06 04:23:38 INFO mt5_bot - Balance=102029.96 Equity=102029.96 Spread=0.60 pips
2026-05-06 04:23:38 INFO mt5_bot - Signal=NONE reason=no_closed_bar_crossover price=None trend=bullish rsi=70.0 atr_pips=9.4 adx=51.3
2026-05-06 04:23:38 INFO mt5_bot - ADX boost: adx=51.3 \u2192 risk_pct=1.50%
2026-05-06 04:23:38 INFO mt5_bot - Execution status=skipped reason=no_closed_bar_crossover
2026-05-06 04:23:53 INFO mt5_bot - Balance=102029.96 Equity=102029.96 Spread=0.60 pips
2026-05-06 04:23:53 INFO mt5_bot - Signal=NONE reason=no_closed_bar_crossover price=None trend=bullish rsi=70.0 atr_pips=9.4 adx=51.3
2026-05-06 04:23:53 INFO mt5_bot - ADX boost: adx=51.3 \u2192 risk_pct=1.50%
2026-05-06 04:23:53 INFO mt5_bot - Execution status=skipped reason=no_closed_bar_crossover
2026-05-06 04:24:08 INFO mt5_bot - Balance=102029.96 Equity=102029.96 Spread=0.60 pips
2026-05-06 04:24:08 INFO mt5_bot - Signal=NONE reason=no_closed_bar_crossover price=None trend=bullish rsi=70.0 atr_pips=9.4 adx=51.3
2026-05-06 04:24:08 INFO mt5_bot - ADX boost: adx=51.3 \u2192 risk_pct=1.50%
2026-05-06 04:24:08 INFO mt5_bot - Execution status=skipped reason=no_closed_bar_crossover
2026-05-06 04:24:23 INFO mt5_bot - Balance=102029.96 Equity=102029.96 Spread=0.60 pips
2026-05-06 04:24:23 INFO mt5_bot - Signal=NONE reason=no_closed_bar_crossover price=None trend=bullish rsi=70.0 atr_pips=9.4 adx=51.3
2026-05-06 04:24:23 INFO mt5_bot - ADX boost: adx=51.3 \u2192 risk_pct=1.50%
2026-05-06 04:24:23 INFO mt5_bot - Execution status=skipped reason=no_closed_bar_crossover
2026-05-06 04:24:38 INFO mt5_bot - Balance=102029.96 Equity=102029.96 Spread=0.60 pips
2026-05-06 04:24:38 INFO mt5_bot - Signal=NONE reason=no_closed_bar_crossover price=None trend=bullish rsi=70.0 atr_pips=9.4 adx=51.3
2026-05-06 04:24:38 INFO mt5_bot - ADX boost: adx=51.3 \u2192 risk_pct=1.50%
2026-05-06 04:24:38 INFO mt5_bot - Execution status=skipped reason=no_closed_bar_crossover
2026-05-06 04:24:53 INFO mt5_bot - Balance=102029.96 Equity=102029.96 Spread=0.60 pips
2026-05-06 04:24:53 INFO mt5_bot - Signal=NONE reason=no_closed_bar_crossover price=None trend=bullish rsi=70.0 atr_pips=9.4 adx=51.3
2026-05-06 04:24:53 INFO mt5_bot - ADX boost: adx=51.3 \u2192 risk_pct=1.50%
2026-05-06 04:24:53 INFO mt5_bot - Execution status=skipped reason=no_closed_bar_crossover
2026-05-06 04:25:08 INFO mt5_bot - Balance=102029.96 Equity=102029.96 Spread=0.60 pips
2026-05-06 04:25:08 INFO mt5_bot - Signal=NONE reason=no_closed_bar_crossover price=None trend=bullish rsi=70.0 atr_pips=9.4 adx=51.3
2026-05-06 04:25:08 INFO mt5_bot - ADX boost: adx=51.3 \u2192 risk_pct=1.50%
2026-05-06 04:25:08 INFO mt5_bot - Execution status=skipped reason=no_closed_bar_crossover
2026-05-06 04:25:23 INFO mt5_bot - Balance=102029.96 Equity=102029.96 Spread=0.60 pips
2026-05-06 04:25:23 INFO mt5_bot - Signal=NONE reason=no_closed_bar_crossover price=None trend=bullish rsi=70.0 atr_pips=9.4 adx=51.3
2026-05-06 04:25:23 INFO mt5_bot - ADX boost: adx=51.3 \u2192 risk_pct=1.50%
2026-05-06 04:25:23 INFO mt5_bot - Execution status=skipped reason=no_closed_bar_crossover
2026-05-06 04:25:38 INFO mt5_bot - Balance=102029.96 Equity=102029.96 Spread=0.60 pips
2026-05-06 04:25:38 INFO mt5_bot - Signal=NONE reason=no_closed_bar_crossover price=None trend=bullish rsi=70.0 atr_pips=9.4 adx=51.3
2026-05-06 04:25:38 INFO mt5_bot - ADX boost: adx=51.3 \u2192 risk_pct=1.50%
2026-05-06 04:25:38 INFO mt5_bot - Execution status=skipped reason=no_closed_bar_crossover
2026-05-06 04:25:53 INFO mt5_bot - Balance=102029.96 Equity=102029.96 Spread=0.60 pips
2026-05-06 04:25:53 INFO mt5_bot - Signal=NONE reason=no_closed_bar_crossover price=None trend=bullish rsi=70.0 atr_pips=9.4 adx=51.3
2026-05-06 04:25:53 INFO mt5_bot - ADX boost: adx=51.3 \u2192 risk_pct=1.50%
2026-05-06 04:25:53 INFO mt5_bot - Execution status=skipped reason=no_closed_bar_crossover
2026-05-06 04:26:08 INFO mt5_bot - Balance=102029.96 Equity=102029.96 Spread=0.60 pips
2026-05-06 04:26:08 INFO mt5_bot - Signal=NONE reason=no_closed_bar_crossover price=None trend=bullish rsi=70.0 atr_pips=9.4 adx=51.3
2026-05-06 04:26:08 INFO mt5_bot - ADX boost: adx=51.3 \u2192 risk_pct=1.50%
2026-05-06 04:26:08 INFO mt5_bot - Execution status=skipped reason=no_closed_bar_crossover
2026-05-06 04:26:23 INFO mt5_bot - Balance=102029.96 Equity=102029.96 Spread=0.60 pips
2026-05-06 04:26:23 INFO mt5_bot - Signal=NONE reason=no_closed_bar_crossover price=None trend=bullish rsi=70.0 atr_pips=9.4 adx=51.3
2026-05-06 04:26:23 INFO mt5_bot - ADX boost: adx=51.3 \u2192 risk_pct=1.50%
2026-05-06 04:26:23 INFO mt5_bot - Execution status=skipped reason=no_closed_bar_crossover
2026-05-06 04:26:38 INFO mt5_bot - Balance=102029.96 Equity=102029.96 Spread=0.60 pips
2026-05-06 04:26:38 INFO mt5_bot - Signal=NONE reason=no_closed_bar_crossover price=None trend=bullish rsi=70.0 atr_pips=9.4 adx=51.3
2026-05-06 04:26:38 INFO mt5_bot - ADX boost: adx=51.3 \u2192 risk_pct=1.50%
2026-05-06 04:26:38 INFO mt5_bot - Execution status=skipped reason=no_closed_bar_crossover
2026-05-06 04:26:53 INFO mt5_bot - Balance=102029.96 Equity=102029.96 Spread=0.60 pips
2026-05-06 04:26:53 INFO mt5_bot - Signal=NONE reason=no_closed_bar_crossover price=None trend=bullish rsi=70.0 atr_pips=9.4 adx=51.3
2026-05-06 04:26:53 INFO mt5_bot - ADX boost: adx=51.3 \u2192 risk_pct=1.50%
2026-05-06 04:26:53 INFO mt5_bot - Execution status=skipped reason=no_closed_bar_crossover
2026-05-06 04:27:08 INFO mt5_bot - Balance=102029.96 Equity=102029.96 Spread=0.60 pips
2026-05-06 04:27:08 INFO mt5_bot - Signal=NONE reason=no_closed_bar_crossover price=None trend=bullish rsi=70.0 atr_pips=9.4 adx=51.3
2026-05-06 04:27:08 INFO mt5_bot - ADX boost: adx=51.3 \u2192 risk_pct=1.50%
2026-05-06 04:27:08 INFO mt5_bot - Execution status=skipped reason=no_closed_bar_crossover
2026-05-06 04:27:23 INFO mt5_bot - Balance=102029.96 Equity=102029.96 Spread=0.60 pips
2026-05-06 04:27:23 INFO mt5_bot - Signal=NONE reason=no_closed_bar_crossover price=None trend=bullish rsi=70.0 atr_pips=9.4 adx=51.3
2026-05-06 04:27:23 INFO mt5_bot - ADX boost: adx=51.3 \u2192 risk_pct=1.50%
2026-05-06 04:27:23 INFO mt5_bot - Execution status=skipped reason=no_closed_bar_crossover
2026-05-06 04:27:38 INFO mt5_bot - Balance=102029.96 Equity=102029.96 Spread=0.60 pips
2026-05-06 04:27:38 INFO mt5_bot - Signal=NONE reason=no_closed_bar_crossover price=None trend=bullish rsi=70.0 atr_pips=9.4 adx=51.3
2026-05-06 04:27:38 INFO mt5_bot - ADX boost: adx=51.3 \u2192 risk_pct=1.50%
2026-05-06 04:27:38 INFO mt5_bot - Execution status=skipped reason=no_closed_bar_crossover
2026-05-06 04:27:53 INFO mt5_bot - Balance=102029.96 Equity=102029.96 Spread=0.60 pips
2026-05-06 04:27:53 INFO mt5_bot - Signal=NONE reason=no_closed_bar_crossover price=None trend=bullish rsi=70.0 atr_pips=9.4 adx=51.3
2026-05-06 04:27:53 INFO mt5_bot - ADX boost: adx=51.3 \u2192 risk_pct=1.50%
2026-05-06 04:27:53 INFO mt5_bot - Execution status=skipped reason=no_closed_bar_crossover
2026-05-06 04:28:08 INFO mt5_bot - Balance=102029.96 Equity=102029.96 Spread=0.60 pips
2026-05-06 04:28:08 INFO mt5_bot - Signal=NONE reason=no_closed_bar_crossover price=None trend=bullish rsi=70.0 atr_pips=9.4 adx=51.3
2026-05-06 04:28:08 INFO mt5_bot - ADX boost: adx=51.3 \u2192 risk_pct=1.50%
2026-05-06 04:28:08 INFO mt5_bot - Execution status=skipped reason=no_closed_bar_crossover
2026-05-06 04:28:23 INFO mt5_bot - Balance=102029.96 Equity=102029.96 Spread=0.60 pips
2026-05-06 04:28:23 INFO mt5_bot - Signal=NONE reason=no_closed_bar_crossover price=None trend=bullish rsi=70.0 atr_pips=9.4 adx=51.3
2026-05-06 04:28:23 INFO mt5_bot - ADX boost: adx=51.3 \u2192 risk_pct=1.50%
2026-05-06 04:28:23 INFO mt5_bot - Execution status=skipped reason=no_closed_bar_crossover
2026-05-06 04:28:38 INFO mt5_bot - Balance=102029.96 Equity=102029.96 Spread=0.60 pips
2026-05-06 04:28:38 INFO mt5_bot - Signal=NONE reason=no_closed_bar_crossover price=None trend=bullish rsi=70.0 atr_pips=9.4 adx=51.3
2026-05-06 04:28:38 INFO mt5_bot - ADX boost: adx=51.3 \u2192 risk_pct=1.50%
2026-05-06 04:28:38 INFO mt5_bot - Execution status=skipped reason=no_closed_bar_crossover
2026-05-06 04:28:53 INFO mt5_bot - Balance=102029.96 Equity=102029.96 Spread=0.60 pips
2026-05-06 04:28:54 INFO mt5_bot - Signal=NONE reason=no_closed_bar_crossover price=None trend=bullish rsi=70.0 atr_pips=9.4 adx=51.3
2026-05-06 04:28:54 INFO mt5_bot - ADX boost: adx=51.3 \u2192 risk_pct=1.50%
2026-05-06 04:28:54 INFO mt5_bot - Execution status=skipped reason=no_closed_bar_crossover
2026-05-06 04:29:09 INFO mt5_bot - Balance=102029.96 Equity=102029.96 Spread=0.60 pips
2026-05-06 04:29:09 INFO mt5_bot - Signal=NONE reason=no_closed_bar_crossover price=None trend=bullish rsi=70.0 atr_pips=9.4 adx=51.3
2026-05-06 04:29:09 INFO mt5_bot - ADX boost: adx=51.3 \u2192 risk_pct=1.50%
2026-05-06 04:29:09 INFO mt5_bot - Execution status=skipped reason=no_closed_bar_crossover
2026-05-06 04:29:24 INFO mt5_bot - Balance=102029.96 Equity=102029.96 Spread=0.60 pips
2026-05-06 04:29:24 INFO mt5_bot - Signal=NONE reason=no_closed_bar_crossover price=None trend=bullish rsi=70.0 atr_pips=9.4 adx=51.3
2026-05-06 04:29:24 INFO mt5_bot - ADX boost: adx=51.3 \u2192 risk_pct=1.50%
2026-05-06 04:29:24 INFO mt5_bot - Execution status=skipped reason=no_closed_bar_crossover
2026-05-06 04:29:39 INFO mt5_bot - Balance=102029.96 Equity=102029.96 Spread=0.60 pips
2026-05-06 04:29:39 INFO mt5_bot - Signal=NONE reason=no_closed_bar_crossover price=None trend=bullish rsi=70.0 atr_pips=9.4 adx=51.3
2026-05-06 04:29:39 INFO mt5_bot - ADX boost: adx=51.3 \u2192 risk_pct=1.50%
2026-05-06 04:29:39 INFO mt5_bot - Execution status=skipped reason=no_closed_bar_crossover
2026-05-06 04:29:54 INFO mt5_bot - Balance=102029.96 Equity=102029.96 Spread=0.60 pips
2026-05-06 04:29:54 INFO mt5_bot - Signal=NONE reason=no_closed_bar_crossover price=None trend=bullish rsi=70.0 atr_pips=9.4 adx=51.3
2026-05-06 04:29:54 INFO mt5_bot - ADX boost: adx=51.3 \u2192 risk_pct=1.50%
2026-05-06 04:29:54 INFO mt5_bot - Execution status=skipped reason=no_closed_bar_crossover
2026-05-06 04:30:09 INFO mt5_bot - Balance=102029.96 Equity=102029.96 Spread=0.60 pips
2026-05-06 04:30:09 INFO mt5_bot - Signal=NONE reason=no_closed_bar_crossover price=None trend=bullish rsi=72.2 atr_pips=9.3 adx=53.2
2026-05-06 04:30:09 INFO mt5_bot - ADX boost: adx=53.2 \u2192 risk_pct=1.50%
2026-05-06 04:30:09 INFO mt5_bot - Execution status=skipped reason=no_closed_bar_crossover
2026-05-06 04:30:24 INFO mt5_bot - Balance=102029.96 Equity=102029.96 Spread=0.60 pips
2026-05-06 04:30:24 INFO mt5_bot - Signal=NONE reason=no_closed_bar_crossover price=None trend=bullish rsi=72.2 atr_pips=9.3 adx=53.2
2026-05-06 04:30:24 INFO mt5_bot - ADX boost: adx=53.2 \u2192 risk_pct=1.50%
2026-05-06 04:30:24 INFO mt5_bot - Execution status=skipped reason=no_closed_bar_crossover
2026-05-06 04:30:39 INFO mt5_bot - Balance=102029.96 Equity=102029.96 Spread=0.60 pips
2026-05-06 04:30:39 INFO mt5_bot - Signal=NONE reason=no_closed_bar_crossover price=None trend=bullish rsi=72.2 atr_pips=9.3 adx=53.2
2026-05-06 04:30:39 INFO mt5_bot - ADX boost: adx=53.2 \u2192 risk_pct=1.50%
2026-05-06 04:30:39 INFO mt5_bot - Execution status=skipped reason=no_closed_bar_crossover
2026-05-06 04:30:54 INFO mt5_bot - Balance=102029.96 Equity=102029.96 Spread=0.60 pips
2026-05-06 04:30:54 INFO mt5_bot - Signal=NONE reason=no_closed_bar_crossover price=None trend=bullish rsi=72.2 atr_pips=9.3 adx=53.2
2026-05-06 04:30:54 INFO mt5_bot - ADX boost: adx=53.2 \u2192 risk_pct=1.50%
2026-05-06 04:30:54 INFO mt5_bot - Execution status=skipped reason=no_closed_bar_crossover
2026-05-06 04:31:09 INFO mt5_bot - Balance=102029.96 Equity=102029.96 Spread=0.60 pips
2026-05-06 04:31:09 INFO mt5_bot - Signal=NONE reason=no_closed_bar_crossover price=None trend=bullish rsi=72.2 atr_pips=9.3 adx=53.2
2026-05-06 04:31:09 INFO mt5_bot - ADX boost: adx=53.2 \u2192 risk_pct=1.50%
2026-05-06 04:31:09 INFO mt5_bot - Execution status=skipped reason=no_closed_bar_crossover
2026-05-06 04:31:24 INFO mt5_bot - Balance=102029.96 Equity=102029.96 Spread=0.60 pips
2026-05-06 04:31:24 INFO mt5_bot - Signal=NONE reason=no_closed_bar_crossover price=None trend=bullish rsi=72.2 atr_pips=9.3 adx=53.2
2026-05-06 04:31:24 INFO mt5_bot - ADX boost: adx=53.2 \u2192 risk_pct=1.50%
2026-05-06 04:31:24 INFO mt5_bot - Execution status=skipped reason=no_closed_bar_crossover
2026-05-06 04:31:39 INFO mt5_bot - Balance=102029.96 Equity=102029.96 Spread=0.60 pips
2026-05-06 04:31:39 INFO mt5_bot - Signal=NONE reason=no_closed_bar_crossover price=None trend=bullish rsi=72.2 atr_pips=9.3 adx=53.2
2026-05-06 04:31:39 INFO mt5_bot - ADX boost: adx=53.2 \u2192 risk_pct=1.50%
2026-05-06 04:31:39 INFO mt5_bot - Execution status=skipped reason=no_closed_bar_crossover
2026-05-06 04:31:54 INFO mt5_bot - Balance=102029.96 Equity=102029.96 Spread=0.60 pips
2026-05-06 04:31:54 INFO mt5_bot - Signal=NONE reason=no_closed_bar_crossover price=None trend=bullish rsi=72.2 atr_pips=9.3 adx=53.2
2026-05-06 04:31:54 INFO mt5_bot - ADX boost: adx=53.2 \u2192 risk_pct=1.50%
2026-05-06 04:31:54 INFO mt5_bot - Execution status=skipped reason=no_closed_bar_crossover
2026-05-06 04:32:09 INFO mt5_bot - Balance=102029.96 Equity=102029.96 Spread=0.60 pips
2026-05-06 04:32:09 INFO mt5_bot - Signal=NONE reason=no_closed_bar_crossover price=None trend=bullish rsi=72.2 atr_pips=9.3 adx=53.2
2026-05-06 04:32:09 INFO mt5_bot - ADX boost: adx=53.2 \u2192 risk_pct=1.50%
2026-05-06 04:32:09 INFO mt5_bot - Execution status=skipped reason=no_closed_bar_crossover
2026-05-06 04:32:24 INFO mt5_bot - Balance=102029.96 Equity=102029.96 Spread=0.60 pips
2026-05-06 04:32:24 INFO mt5_bot - Signal=NONE reason=no_closed_bar_crossover price=None trend=bullish rsi=72.2 atr_pips=9.3 adx=53.2
2026-05-06 04:32:24 INFO mt5_bot - ADX boost: adx=53.2 \u2192 risk_pct=1.50%
2026-05-06 04:32:24 INFO mt5_bot - Execution status=skipped reason=no_closed_bar_crossover
2026-05-06 04:32:39 INFO mt5_bot - Balance=102029.96 Equity=102029.96 Spread=0.60 pips
2026-05-06 04:32:39 INFO mt5_bot - Signal=NONE reason=no_closed_bar_crossover price=None trend=bullish rsi=72.2 atr_pips=9.3 adx=53.2
2026-05-06 04:32:39 INFO mt5_bot - ADX boost: adx=53.2 \u2192 risk_pct=1.50%
2026-05-06 04:32:39 INFO mt5_bot - Execution status=skipped reason=no_closed_bar_crossover
2026-05-06 04:32:54 INFO mt5_bot - Balance=102029.96 Equity=102029.96 Spread=0.60 pips
2026-05-06 04:32:54 INFO mt5_bot - Signal=NONE reason=no_closed_bar_crossover price=None trend=bullish rsi=72.2 atr_pips=9.3 adx=53.2
2026-05-06 04:32:54 INFO mt5_bot - ADX boost: adx=53.2 \u2192 risk_pct=1.50%
2026-05-06 04:32:54 INFO mt5_bot - Execution status=skipped reason=no_closed_bar_crossover
2026-05-06 04:33:09 INFO mt5_bot - Balance=102029.96 Equity=102029.96 Spread=0.60 pips
2026-05-06 04:33:09 INFO mt5_bot - Signal=NONE reason=no_closed_bar_crossover price=None trend=bullish rsi=72.2 atr_pips=9.3 adx=53.2
2026-05-06 04:33:09 INFO mt5_bot - ADX boost: adx=53.2 \u2192 risk_pct=1.50%
2026-05-06 04:33:09 INFO mt5_bot - Execution status=skipped reason=no_closed_bar_crossover
2026-05-06 04:33:24 INFO mt5_bot - Balance=102029.96 Equity=102029.96 Spread=0.60 pips
2026-05-06 04:33:24 INFO mt5_bot - Signal=NONE reason=no_closed_bar_crossover price=None trend=bullish rsi=72.2 atr_pips=9.3 adx=53.2
2026-05-06 04:33:24 INFO mt5_bot - ADX boost: adx=53.2 \u2192 risk_pct=1.50%
2026-05-06 04:33:24 INFO mt5_bot - Execution status=skipped reason=no_closed_bar_crossover
2026-05-06 04:33:39 INFO mt5_bot - Balance=102029.96 Equity=102029.96 Spread=0.60 pips
2026-05-06 04:33:39 INFO mt5_bot - Signal=NONE reason=no_closed_bar_crossover price=None trend=bullish rsi=72.2 atr_pips=9.3 adx=53.2
2026-05-06 04:33:39 INFO mt5_bot - ADX boost: adx=53.2 \u2192 risk_pct=1.50%
2026-05-06 04:33:39 INFO mt5_bot - Execution status=skipped reason=no_closed_bar_crossover
2026-05-06 04:33:54 INFO mt5_bot - Balance=102029.96 Equity=102029.96 Spread=0.60 pips
2026-05-06 04:33:54 INFO mt5_bot - Signal=NONE reason=no_closed_bar_crossover price=None trend=bullish rsi=72.2 atr_pips=9.3 adx=53.2
2026-05-06 04:33:54 INFO mt5_bot - ADX boost: adx=53.2 \u2192 risk_pct=1.50%
2026-05-06 04:33:54 INFO mt5_bot - Execution status=skipped reason=no_closed_bar_crossover
2026-05-06 04:34:09 INFO mt5_bot - Balance=102029.96 Equity=102029.96 Spread=0.60 pips
2026-05-06 04:34:09 INFO mt5_bot - Signal=NONE reason=no_closed_bar_crossover price=None trend=bullish rsi=72.2 atr_pips=9.3 adx=53.2
2026-05-06 04:34:09 INFO mt5_bot - ADX boost: adx=53.2 \u2192 risk_pct=1.50%
2026-05-06 04:34:09 INFO mt5_bot - Execution status=skipped reason=no_closed_bar_crossover
2026-05-06 04:34:24 INFO mt5_bot - Balance=102029.96 Equity=102029.96 Spread=0.60 pips
2026-05-06 04:34:24 INFO mt5_bot - Signal=NONE reason=no_closed_bar_crossover price=None trend=bullish rsi=72.2 atr_pips=9.3 adx=53.2
2026-05-06 04:34:24 INFO mt5_bot - ADX boost: adx=53.2 \u2192 risk_pct=1.50%
2026-05-06 04:34:24 INFO mt5_bot - Execution status=skipped reason=no_closed_bar_crossover
2026-05-06 04:34:39 INFO mt5_bot - Balance=102029.96 Equity=102029.96 Spread=0.60 pips
2026-05-06 04:34:39 INFO mt5_bot - Signal=NONE reason=no_closed_bar_crossover price=None trend=bullish rsi=72.2 atr_pips=9.3 adx=53.2
2026-05-06 04:34:39 INFO mt5_bot - ADX boost: adx=53.2 \u2192 risk_pct=1.50%
2026-05-06 04:34:39 INFO mt5_bot - Execution status=skipped reason=no_closed_bar_crossover
2026-05-06 04:34:54 INFO mt5_bot - Balance=102029.96 Equity=102029.96 Spread=0.60 pips
2026-05-06 04:34:54 INFO mt5_bot - Signal=NONE reason=no_closed_bar_crossover price=None trend=bullish rsi=72.2 atr_pips=9.3 adx=53.2
2026-05-06 04:34:54 INFO mt5_bot - ADX boost: adx=53.2 \u2192 risk_pct=1.50%
2026-05-06 04:34:54 INFO mt5_bot - Execution status=skipped reason=no_closed_bar_crossover
2026-05-06 04:35:09 INFO mt5_bot - Balance=102029.96 Equity=102029.96 Spread=0.60 pips
2026-05-06 04:35:09 INFO mt5_bot - Signal=NONE reason=no_closed_bar_crossover price=None trend=bullish rsi=72.2 atr_pips=9.3 adx=53.2
2026-05-06 04:35:09 INFO mt5_bot - ADX boost: adx=53.2 \u2192 risk_pct=1.50%
2026-05-06 04:35:09 INFO mt5_bot - Execution status=skipped reason=no_closed_bar_crossover
2026-05-06 04:35:24 INFO mt5_bot - Balance=102029.96 Equity=102029.96 Spread=0.60 pips
2026-05-06 04:35:24 INFO mt5_bot - Signal=NONE reason=no_closed_bar_crossover price=None trend=bullish rsi=72.2 atr_pips=9.3 adx=53.2
2026-05-06 04:35:24 INFO mt5_bot - ADX boost: adx=53.2 \u2192 risk_pct=1.50%
2026-05-06 04:35:24 INFO mt5_bot - Execution status=skipped reason=no_closed_bar_crossover
2026-05-06 04:35:39 INFO mt5_bot - Balance=102029.96 Equity=102029.96 Spread=0.60 pips
2026-05-06 04:35:39 INFO mt5_bot - Signal=NONE reason=no_closed_bar_crossover price=None trend=bullish rsi=72.2 atr_pips=9.3 adx=53.2
2026-05-06 04:35:39 INFO mt5_bot - ADX boost: adx=53.2 \u2192 risk_pct=1.50%
2026-05-06 04:35:39 INFO mt5_bot - Execution status=skipped reason=no_closed_bar_crossover
2026-05-06 04:35:54 INFO mt5_bot - Balance=102029.96 Equity=102029.96 Spread=0.60 pips
2026-05-06 04:35:54 INFO mt5_bot - Signal=NONE reason=no_closed_bar_crossover price=None trend=bullish rsi=72.2 atr_pips=9.3 adx=53.2
2026-05-06 04:35:54 INFO mt5_bot - ADX boost: adx=53.2 \u2192 risk_pct=1.50%
2026-05-06 04:35:54 INFO mt5_bot - Execution status=skipped reason=no_closed_bar_crossover
2026-05-06 04:36:09 INFO mt5_bot - Balance=102029.96 Equity=102029.96 Spread=0.60 pips
2026-05-06 04:36:09 INFO mt5_bot - Signal=NONE reason=no_closed_bar_crossover price=None trend=bullish rsi=72.2 atr_pips=9.3 adx=53.2
2026-05-06 04:36:09 INFO mt5_bot - ADX boost: adx=53.2 \u2192 risk_pct=1.50%
2026-05-06 04:36:09 INFO mt5_bot - Execution status=skipped reason=no_closed_bar_crossover
2026-05-06 04:36:24 INFO mt5_bot - Balance=102029.96 Equity=102029.96 Spread=0.60 pips
2026-05-06 04:36:24 INFO mt5_bot - Signal=NONE reason=no_closed_bar_crossover price=None trend=bullish rsi=72.2 atr_pips=9.3 adx=53.2
2026-05-06 04:36:24 INFO mt5_bot - ADX boost: adx=53.2 \u2192 risk_pct=1.50%
2026-05-06 04:36:24 INFO mt5_bot - Execution status=skipped reason=no_closed_bar_crossover
2026-05-06 04:36:39 INFO mt5_bot - Balance=102029.96 Equity=102029.96 Spread=0.60 pips
2026-05-06 04:36:39 INFO mt5_bot - Signal=NONE reason=no_closed_bar_crossover price=None trend=bullish rsi=72.2 atr_pips=9.3 adx=53.2
2026-05-06 04:36:39 INFO mt5_bot - ADX boost: adx=53.2 \u2192 risk_pct=1.50%
2026-05-06 04:36:39 INFO mt5_bot - Execution status=skipped reason=no_closed_bar_crossover
2026-05-06 04:36:54 INFO mt5_bot - Balance=102029.96 Equity=102029.96 Spread=0.60 pips
2026-05-06 04:36:54 INFO mt5_bot - Signal=NONE reason=no_closed_bar_crossover price=None trend=bullish rsi=72.2 atr_pips=9.3 adx=53.2
2026-05-06 04:36:54 INFO mt5_bot - ADX boost: adx=53.2 \u2192 risk_pct=1.50%
2026-05-06 04:36:54 INFO mt5_bot - Execution status=skipped reason=no_closed_bar_crossover
2026-05-06 04:37:09 INFO mt5_bot - Balance=102029.96 Equity=102029.96 Spread=0.60 pips
2026-05-06 04:37:09 INFO mt5_bot - Signal=NONE reason=no_closed_bar_crossover price=None trend=bullish rsi=72.2 atr_pips=9.3 adx=53.2
2026-05-06 04:37:09 INFO mt5_bot - ADX boost: adx=53.2 \u2192 risk_pct=1.50%
2026-05-06 04:37:09 INFO mt5_bot - Execution status=skipped reason=no_closed_bar_crossover
2026-05-06 04:37:24 INFO mt5_bot - Balance=102029.96 Equity=102029.96 Spread=0.60 pips
2026-05-06 04:37:24 INFO mt5_bot - Signal=NONE reason=no_closed_bar_crossover price=None trend=bullish rsi=72.2 atr_pips=9.3 adx=53.2
2026-05-06 04:37:24 INFO mt5_bot - ADX boost: adx=53.2 \u2192 risk_pct=1.50%
2026-05-06 04:37:24 INFO mt5_bot - Execution status=skipped reason=no_closed_bar_crossover
2026-05-06 04:37:39 INFO mt5_bot - Balance=102029.96 Equity=102029.96 Spread=0.60 pips
2026-05-06 04:37:39 INFO mt5_bot - Signal=NONE reason=no_closed_bar_crossover price=None trend=bullish rsi=72.2 atr_pips=9.3 adx=53.2
2026-05-06 04:37:39 INFO mt5_bot - ADX boost: adx=53.2 \u2192 risk_pct=1.50%
2026-05-06 04:37:39 INFO mt5_bot - Execution status=skipped reason=no_closed_bar_crossover
2026-05-06 04:37:54 INFO mt5_bot - Balance=102029.96 Equity=102029.96 Spread=0.60 pips
2026-05-06 04:37:54 INFO mt5_bot - Signal=NONE reason=no_closed_bar_crossover price=None trend=bullish rsi=72.2 atr_pips=9.3 adx=53.2
2026-05-06 04:37:54 INFO mt5_bot - ADX boost: adx=53.2 \u2192 risk_pct=1.50%
2026-05-06 04:37:54 INFO mt5_bot - Execution status=skipped reason=no_closed_bar_crossover
2026-05-06 04:38:09 INFO mt5_bot - Balance=102029.96 Equity=102029.96 Spread=0.60 pips
2026-05-06 04:38:09 INFO mt5_bot - Signal=NONE reason=no_closed_bar_crossover price=None trend=bullish rsi=72.2 atr_pips=9.3 adx=53.2
2026-05-06 04:38:09 INFO mt5_bot - ADX boost: adx=53.2 \u2192 risk_pct=1.50%
2026-05-06 04:38:09 INFO mt5_bot - Execution status=skipped reason=no_closed_bar_crossover
2026-05-06 04:38:24 INFO mt5_bot - Balance=102029.96 Equity=102029.96 Spread=0.60 pips
2026-05-06 04:38:24 INFO mt5_bot - Signal=NONE reason=no_closed_bar_crossover price=None trend=bullish rsi=72.2 atr_pips=9.3 adx=53.2
2026-05-06 04:38:24 INFO mt5_bot - ADX boost: adx=53.2 \u2192 risk_pct=1.50%
2026-05-06 04:38:24 INFO mt5_bot - Execution status=skipped reason=no_closed_bar_crossover
2026-05-06 04:38:39 INFO mt5_bot - Balance=102029.96 Equity=102029.96 Spread=0.60 pips
2026-05-06 04:38:39 INFO mt5_bot - Signal=NONE reason=no_closed_bar_crossover price=None trend=bullish rsi=72.2 atr_pips=9.3 adx=53.2
2026-05-06 04:38:39 INFO mt5_bot - ADX boost: adx=53.2 \u2192 risk_pct=1.50%
2026-05-06 04:38:39 INFO mt5_bot - Execution status=skipped reason=no_closed_bar_crossover
2026-05-06 04:38:54 INFO mt5_bot - Balance=102029.96 Equity=102029.96 Spread=0.60 pips
2026-05-06 04:38:54 INFO mt5_bot - Signal=NONE reason=no_closed_bar_crossover price=None trend=bullish rsi=72.2 atr_pips=9.3 adx=53.2
2026-05-06 04:38:54 INFO mt5_bot - ADX boost: adx=53.2 \u2192 risk_pct=1.50%
2026-05-06 04:38:54 INFO mt5_bot - Execution status=skipped reason=no_closed_bar_crossover
2026-05-06 04:39:09 INFO mt5_bot - Balance=102029.96 Equity=102029.96 Spread=0.60 pips
2026-05-06 04:39:09 INFO mt5_bot - Signal=NONE reason=no_closed_bar_crossover price=None trend=bullish rsi=72.2 atr_pips=9.3 adx=53.2
2026-05-06 04:39:09 INFO mt5_bot - ADX boost: adx=53.2 \u2192 risk_pct=1.50%
2026-05-06 04:39:09 INFO mt5_bot - Execution status=skipped reason=no_closed_bar_crossover
2026-05-06 04:39:24 INFO mt5_bot - Balance=102029.96 Equity=102029.96 Spread=0.60 pips
2026-05-06 04:39:24 INFO mt5_bot - Signal=NONE reason=no_closed_bar_crossover price=None trend=bullish rsi=72.2 atr_pips=9.3 adx=53.2
2026-05-06 04:39:24 INFO mt5_bot - ADX boost: adx=53.2 \u2192 risk_pct=1.50%
2026-05-06 04:39:24 INFO mt5_bot - Execution status=skipped reason=no_closed_bar_crossover
2026-05-06 04:39:39 INFO mt5_bot - Balance=102029.96 Equity=102029.96 Spread=0.60 pips
2026-05-06 04:39:39 INFO mt5_bot - Signal=NONE reason=no_closed_bar_crossover price=None trend=bullish rsi=72.2 atr_pips=9.3 adx=53.2
2026-05-06 04:39:39 INFO mt5_bot - ADX boost: adx=53.2 \u2192 risk_pct=1.50%
2026-05-06 04:39:39 INFO mt5_bot - Execution status=skipped reason=no_closed_bar_crossover
2026-05-06 04:39:54 INFO mt5_bot - Balance=102029.96 Equity=102029.96 Spread=0.60 pips
2026-05-06 04:39:54 INFO mt5_bot - Signal=NONE reason=no_closed_bar_crossover price=None trend=bullish rsi=72.2 atr_pips=9.3 adx=53.2
2026-05-06 04:39:54 INFO mt5_bot - ADX boost: adx=53.2 \u2192 risk_pct=1.50%
2026-05-06 04:39:54 INFO mt5_bot - Execution status=skipped reason=no_closed_bar_crossover
2026-05-06 04:40:09 INFO mt5_bot - Balance=102029.96 Equity=102029.96 Spread=0.60 pips
2026-05-06 04:40:09 INFO mt5_bot - Signal=NONE reason=no_closed_bar_crossover price=None trend=bullish rsi=72.2 atr_pips=9.3 adx=53.2
2026-05-06 04:40:09 INFO mt5_bot - ADX boost: adx=53.2 \u2192 risk_pct=1.50%
2026-05-06 04:40:09 INFO mt5_bot - Execution status=skipped reason=no_closed_bar_crossover
2026-05-06 04:40:24 INFO mt5_bot - Balance=102029.96 Equity=102029.96 Spread=0.60 pips
2026-05-06 04:40:24 INFO mt5_bot - Signal=NONE reason=no_closed_bar_crossover price=None trend=bullish rsi=72.2 atr_pips=9.3 adx=53.2
2026-05-06 04:40:24 INFO mt5_bot - ADX boost: adx=53.2 \u2192 risk_pct=1.50%
2026-05-06 04:40:24 INFO mt5_bot - Execution status=skipped reason=no_closed_bar_crossover
2026-05-06 04:40:39 INFO mt5_bot - Balance=102029.96 Equity=102029.96 Spread=0.60 pips
2026-05-06 04:40:39 INFO mt5_bot - Signal=NONE reason=no_closed_bar_crossover price=None trend=bullish rsi=72.2 atr_pips=9.3 adx=53.2
2026-05-06 04:40:39 INFO mt5_bot - ADX boost: adx=53.2 \u2192 risk_pct=1.50%
2026-05-06 04:40:39 INFO mt5_bot - Execution status=skipped reason=no_closed_bar_crossover
2026-05-06 04:40:54 INFO mt5_bot - Balance=102029.96 Equity=102029.96 Spread=0.60 pips
2026-05-06 04:40:54 INFO mt5_bot - Signal=NONE reason=no_closed_bar_crossover price=None trend=bullish rsi=72.2 atr_pips=9.3 adx=53.2
2026-05-06 04:40:54 INFO mt5_bot - ADX boost: adx=53.2 \u2192 risk_pct=1.50%
2026-05-06 04:40:54 INFO mt5_bot - Execution status=skipped reason=no_closed_bar_crossover
2026-05-06 04:41:09 INFO mt5_bot - Balance=102029.96 Equity=102029.96 Spread=0.60 pips
2026-05-06 04:41:09 INFO mt5_bot - Signal=NONE reason=no_closed_bar_crossover price=None trend=bullish rsi=72.2 atr_pips=9.3 adx=53.2
2026-05-06 04:41:09 INFO mt5_bot - ADX boost: adx=53.2 \u2192 risk_pct=1.50%
2026-05-06 04:41:09 INFO mt5_bot - Execution status=skipped reason=no_closed_bar_crossover
2026-05-06 04:41:24 INFO mt5_bot - Balance=102029.96 Equity=102029.96 Spread=0.60 pips
2026-05-06 04:41:24 INFO mt5_bot - Signal=NONE reason=no_closed_bar_crossover price=None trend=bullish rsi=72.2 atr_pips=9.3 adx=53.2
2026-05-06 04:41:24 INFO mt5_bot - ADX boost: adx=53.2 \u2192 risk_pct=1.50%
2026-05-06 04:41:24 INFO mt5_bot - Execution status=skipped reason=no_closed_bar_crossover
2026-05-06 04:41:39 INFO mt5_bot - Balance=102029.96 Equity=102029.96 Spread=0.60 pips
2026-05-06 04:41:39 INFO mt5_bot - Signal=NONE reason=no_closed_bar_crossover price=None trend=bullish rsi=72.2 atr_pips=9.3 adx=53.2
2026-05-06 04:41:39 INFO mt5_bot - ADX boost: adx=53.2 \u2192 risk_pct=1.50%
2026-05-06 04:41:39 INFO mt5_bot - Execution status=skipped reason=no_closed_bar_crossover
2026-05-06 04:41:54 INFO mt5_bot - Balance=102029.96 Equity=102029.96 Spread=0.60 pips
2026-05-06 04:41:54 INFO mt5_bot - Signal=NONE reason=no_closed_bar_crossover price=None trend=bullish rsi=72.2 atr_pips=9.3 adx=53.2
2026-05-06 04:41:54 INFO mt5_bot - ADX boost: adx=53.2 \u2192 risk_pct=1.50%
2026-05-06 04:41:54 INFO mt5_bot - Execution status=skipped reason=no_closed_bar_crossover
2026-05-06 04:42:09 INFO mt5_bot - Balance=102029.96 Equity=102029.96 Spread=0.60 pips
2026-05-06 04:42:09 INFO mt5_bot - Signal=NONE reason=no_closed_bar_crossover price=None trend=bullish rsi=72.2 atr_pips=9.3 adx=53.2
2026-05-06 04:42:09 INFO mt5_bot - ADX boost: adx=53.2 \u2192 risk_pct=1.50%
2026-05-06 04:42:09 INFO mt5_bot - Execution status=skipped reason=no_closed_bar_crossover
2026-05-06 04:42:24 INFO mt5_bot - Balance=102029.96 Equity=102029.96 Spread=0.60 pips
2026-05-06 04:42:24 INFO mt5_bot - Signal=NONE reason=no_closed_bar_crossover price=None trend=bullish rsi=72.2 atr_pips=9.3 adx=53.2
2026-05-06 04:42:24 INFO mt5_bot - ADX boost: adx=53.2 \u2192 risk_pct=1.50%
2026-05-06 04:42:24 INFO mt5_bot - Execution status=skipped reason=no_closed_bar_crossover
2026-05-06 04:42:39 INFO mt5_bot - Balance=102029.96 Equity=102029.96 Spread=0.60 pips
2026-05-06 04:42:39 INFO mt5_bot - Signal=NONE reason=no_closed_bar_crossover price=None trend=bullish rsi=72.2 atr_pips=9.3 adx=53.2
2026-05-06 04:42:39 INFO mt5_bot - ADX boost: adx=53.2 \u2192 risk_pct=1.50%
2026-05-06 04:42:39 INFO mt5_bot - Execution status=skipped reason=no_closed_bar_crossover
2026-05-06 04:42:54 INFO mt5_bot - Balance=102029.96 Equity=102029.96 Spread=0.60 pips
2026-05-06 04:42:54 INFO mt5_bot - Signal=NONE reason=no_closed_bar_crossover price=None trend=bullish rsi=72.2 atr_pips=9.3 adx=53.2
2026-05-06 04:42:54 INFO mt5_bot - ADX boost: adx=53.2 \u2192 risk_pct=1.50%
2026-05-06 04:42:54 INFO mt5_bot - Execution status=skipped reason=no_closed_bar_crossover
2026-05-06 04:43:09 INFO mt5_bot - Balance=102029.96 Equity=102029.96 Spread=0.60 pips
2026-05-06 04:43:09 INFO mt5_bot - Signal=NONE reason=no_closed_bar_crossover price=None trend=bullish rsi=72.2 atr_pips=9.3 adx=53.2
2026-05-06 04:43:09 INFO mt5_bot - ADX boost: adx=53.2 \u2192 risk_pct=1.50%
2026-05-06 04:43:09 INFO mt5_bot - Execution status=skipped reason=no_closed_bar_crossover
2026-05-06 04:43:24 INFO mt5_bot - Balance=102029.96 Equity=102029.96 Spread=0.60 pips
2026-05-06 04:43:24 INFO mt5_bot - Signal=NONE reason=no_closed_bar_crossover price=None trend=bullish rsi=72.2 atr_pips=9.3 adx=53.2
2026-05-06 04:43:24 INFO mt5_bot - ADX boost: adx=53.2 \u2192 risk_pct=1.50%
2026-05-06 04:43:24 INFO mt5_bot - Execution status=skipped reason=no_closed_bar_crossover
2026-05-06 04:43:39 INFO mt5_bot - Balance=102029.96 Equity=102029.96 Spread=0.60 pips
2026-05-06 04:43:39 INFO mt5_bot - Signal=NONE reason=no_closed_bar_crossover price=None trend=bullish rsi=72.2 atr_pips=9.3 adx=53.2
2026-05-06 04:43:39 INFO mt5_bot - ADX boost: adx=53.2 \u2192 risk_pct=1.50%
2026-05-06 04:43:39 INFO mt5_bot - Execution status=skipped reason=no_closed_bar_crossover
2026-05-06 04:43:54 INFO mt5_bot - Balance=102029.96 Equity=102029.96 Spread=0.60 pips
2026-05-06 04:43:54 INFO mt5_bot - Signal=NONE reason=no_closed_bar_crossover price=None trend=bullish rsi=72.2 atr_pips=9.3 adx=53.2
2026-05-06 04:43:54 INFO mt5_bot - ADX boost: adx=53.2 \u2192 risk_pct=1.50%
2026-05-06 04:43:54 INFO mt5_bot - Execution status=skipped reason=no_closed_bar_crossover
2026-05-06 04:44:09 INFO mt5_bot - Balance=102029.96 Equity=102029.96 Spread=0.60 pips
2026-05-06 04:44:09 INFO mt5_bot - Signal=NONE reason=no_closed_bar_crossover price=None trend=bullish rsi=72.2 atr_pips=9.3 adx=53.2
2026-05-06 04:44:09 INFO mt5_bot - ADX boost: adx=53.2 \u2192 risk_pct=1.50%
2026-05-06 04:44:09 INFO mt5_bot - Execution status=skipped reason=no_closed_bar_crossover
2026-05-06 04:44:24 INFO mt5_bot - Balance=102029.96 Equity=102029.96 Spread=0.60 pips
2026-05-06 04:44:24 INFO mt5_bot - Signal=NONE reason=no_closed_bar_crossover price=None trend=bullish rsi=72.2 atr_pips=9.3 adx=53.2
2026-05-06 04:44:24 INFO mt5_bot - ADX boost: adx=53.2 \u2192 risk_pct=1.50%
2026-05-06 04:44:24 INFO mt5_bot - Execution status=skipped reason=no_closed_bar_crossover
2026-05-06 04:44:39 INFO mt5_bot - Balance=102029.96 Equity=102029.96 Spread=0.60 pips
2026-05-06 04:44:39 INFO mt5_bot - Signal=NONE reason=no_closed_bar_crossover price=None trend=bullish rsi=72.2 atr_pips=9.3 adx=53.2
2026-05-06 04:44:39 INFO mt5_bot - ADX boost: adx=53.2 \u2192 risk_pct=1.50%
2026-05-06 04:44:39 INFO mt5_bot - Execution status=skipped reason=no_closed_bar_crossover
2026-05-06 04:44:54 INFO mt5_bot - Balance=102029.96 Equity=102029.96 Spread=0.60 pips
2026-05-06 04:44:54 INFO mt5_bot - Signal=NONE reason=no_closed_bar_crossover price=None trend=bullish rsi=72.2 atr_pips=9.3 adx=53.2
2026-05-06 04:44:54 INFO mt5_bot - ADX boost: adx=53.2 \u2192 risk_pct=1.50%
2026-05-06 04:44:54 INFO mt5_bot - Execution status=skipped reason=no_closed_bar_crossover
2026-05-06 04:45:09 INFO mt5_bot - Balance=102029.96 Equity=102029.96 Spread=0.60 pips
2026-05-06 04:45:10 INFO mt5_bot - Signal=NONE reason=no_closed_bar_crossover price=None trend=bullish rsi=72.4 atr_pips=9.3 adx=55.1
2026-05-06 04:45:10 INFO mt5_bot - ADX boost: adx=55.1 \u2192 risk_pct=1.50%
2026-05-06 04:45:10 INFO mt5_bot - Execution status=skipped reason=no_closed_bar_crossover
2026-05-06 04:45:25 INFO mt5_bot - Balance=102029.96 Equity=102029.96 Spread=0.60 pips
2026-05-06 04:45:25 INFO mt5_bot - Signal=NONE reason=no_closed_bar_crossover price=None trend=bullish rsi=72.4 atr_pips=9.3 adx=55.1
2026-05-06 04:45:25 INFO mt5_bot - ADX boost: adx=55.1 \u2192 risk_pct=1.50%
2026-05-06 04:45:25 INFO mt5_bot - Execution status=skipped reason=no_closed_bar_crossover
2026-05-06 04:45:40 INFO mt5_bot - Balance=102029.96 Equity=102029.96 Spread=0.60 pips
2026-05-06 04:45:40 INFO mt5_bot - Signal=NONE reason=no_closed_bar_crossover price=None trend=bullish rsi=72.4 atr_pips=9.3 adx=55.1
2026-05-06 04:45:40 INFO mt5_bot - ADX boost: adx=55.1 \u2192 risk_pct=1.50%
2026-05-06 04:45:40 INFO mt5_bot - Execution status=skipped reason=no_closed_bar_crossover
2026-05-06 04:45:55 INFO mt5_bot - Balance=102029.96 Equity=102029.96 Spread=0.60 pips
2026-05-06 04:45:55 INFO mt5_bot - Signal=NONE reason=no_closed_bar_crossover price=None trend=bullish rsi=72.4 atr_pips=9.3 adx=55.1
2026-05-06 04:45:55 INFO mt5_bot - ADX boost: adx=55.1 \u2192 risk_pct=1.50%
2026-05-06 04:45:55 INFO mt5_bot - Execution status=skipped reason=no_closed_bar_crossover
2026-05-06 04:46:10 INFO mt5_bot - Balance=102029.96 Equity=102029.96 Spread=0.60 pips
2026-05-06 04:46:10 INFO mt5_bot - Signal=NONE reason=no_closed_bar_crossover price=None trend=bullish rsi=72.4 atr_pips=9.3 adx=55.1
2026-05-06 04:46:10 INFO mt5_bot - ADX boost: adx=55.1 \u2192 risk_pct=1.50%
2026-05-06 04:46:10 INFO mt5_bot - Execution status=skipped reason=no_closed_bar_crossover
2026-05-06 04:46:25 INFO mt5_bot - Balance=102029.96 Equity=102029.96 Spread=0.60 pips
2026-05-06 04:46:25 INFO mt5_bot - Signal=NONE reason=no_closed_bar_crossover price=None trend=bullish rsi=72.4 atr_pips=9.3 adx=55.1
2026-05-06 04:46:25 INFO mt5_bot - ADX boost: adx=55.1 \u2192 risk_pct=1.50%
2026-05-06 04:46:25 INFO mt5_bot - Execution status=skipped reason=no_closed_bar_crossover
2026-05-06 04:46:40 INFO mt5_bot - Balance=102029.96 Equity=102029.96 Spread=0.60 pips
2026-05-06 04:46:40 INFO mt5_bot - Signal=NONE reason=no_closed_bar_crossover price=None trend=bullish rsi=72.4 atr_pips=9.3 adx=55.1
2026-05-06 04:46:40 INFO mt5_bot - ADX boost: adx=55.1 \u2192 risk_pct=1.50%
2026-05-06 04:46:40 INFO mt5_bot - Execution status=skipped reason=no_closed_bar_crossover
2026-05-06 04:46:55 INFO mt5_bot - Balance=102029.96 Equity=102029.96 Spread=0.60 pips
2026-05-06 04:46:55 INFO mt5_bot - Signal=NONE reason=no_closed_bar_crossover price=None trend=bullish rsi=72.4 atr_pips=9.3 adx=55.1
2026-05-06 04:46:55 INFO mt5_bot - ADX boost: adx=55.1 \u2192 risk_pct=1.50%
2026-05-06 04:46:55 INFO mt5_bot - Execution status=skipped reason=no_closed_bar_crossover
2026-05-06 04:47:10 INFO mt5_bot - Balance=102029.96 Equity=102029.96 Spread=0.60 pips
2026-05-06 04:47:10 INFO mt5_bot - Signal=NONE reason=no_closed_bar_crossover price=None trend=bullish rsi=72.4 atr_pips=9.3 adx=55.1
2026-05-06 04:47:10 INFO mt5_bot - ADX boost: adx=55.1 \u2192 risk_pct=1.50%
2026-05-06 04:47:10 INFO mt5_bot - Execution status=skipped reason=no_closed_bar_crossover
2026-05-06 04:47:25 INFO mt5_bot - Balance=102029.96 Equity=102029.96 Spread=0.60 pips
2026-05-06 04:47:25 INFO mt5_bot - Signal=NONE reason=no_closed_bar_crossover price=None trend=bullish rsi=72.4 atr_pips=9.3 adx=55.1
2026-05-06 04:47:25 INFO mt5_bot - ADX boost: adx=55.1 \u2192 risk_pct=1.50%
2026-05-06 04:47:25 INFO mt5_bot - Execution status=skipped reason=no_closed_bar_crossover
2026-05-06 04:47:40 INFO mt5_bot - Balance=102029.96 Equity=102029.96 Spread=0.60 pips
2026-05-06 04:47:40 INFO mt5_bot - Signal=NONE reason=no_closed_bar_crossover price=None trend=bullish rsi=72.4 atr_pips=9.3 adx=55.1
2026-05-06 04:47:40 INFO mt5_bot - ADX boost: adx=55.1 \u2192 risk_pct=1.50%
2026-05-06 04:47:40 INFO mt5_bot - Execution status=skipped reason=no_closed_bar_crossover
2026-05-06 04:47:55 INFO mt5_bot - Balance=102029.96 Equity=102029.96 Spread=0.60 pips
2026-05-06 04:47:55 INFO mt5_bot - Signal=NONE reason=no_closed_bar_crossover price=None trend=bullish rsi=72.4 atr_pips=9.3 adx=55.1
2026-05-06 04:47:55 INFO mt5_bot - ADX boost: adx=55.1 \u2192 risk_pct=1.50%
2026-05-06 04:47:55 INFO mt5_bot - Execution status=skipped reason=no_closed_bar_crossover
2026-05-06 04:48:10 INFO mt5_bot - Balance=102029.96 Equity=102029.96 Spread=0.60 pips
2026-05-06 04:48:10 INFO mt5_bot - Signal=NONE reason=no_closed_bar_crossover price=None trend=bullish rsi=72.4 atr_pips=9.3 adx=55.1
2026-05-06 04:48:10 INFO mt5_bot - ADX boost: adx=55.1 \u2192 risk_pct=1.50%
2026-05-06 04:48:10 INFO mt5_bot - Execution status=skipped reason=no_closed_bar_crossover
2026-05-06 04:48:25 INFO mt5_bot - Balance=102029.96 Equity=102029.96 Spread=0.60 pips
2026-05-06 04:48:25 INFO mt5_bot - Signal=NONE reason=no_closed_bar_crossover price=None trend=bullish rsi=72.4 atr_pips=9.3 adx=55.1
2026-05-06 04:48:25 INFO mt5_bot - ADX boost: adx=55.1 \u2192 risk_pct=1.50%
2026-05-06 04:48:25 INFO mt5_bot - Execution status=skipped reason=no_closed_bar_crossover
2026-05-06 04:48:40 INFO mt5_bot - Balance=102029.96 Equity=102029.96 Spread=0.60 pips
2026-05-06 04:48:40 INFO mt5_bot - Signal=NONE reason=no_closed_bar_crossover price=None trend=bullish rsi=72.4 atr_pips=9.3 adx=55.1
2026-05-06 04:48:40 INFO mt5_bot - ADX boost: adx=55.1 \u2192 risk_pct=1.50%
2026-05-06 04:48:40 INFO mt5_bot - Execution status=skipped reason=no_closed_bar_crossover
2026-05-06 04:48:55 INFO mt5_bot - Balance=102029.96 Equity=102029.96 Spread=0.60 pips
2026-05-06 04:48:55 INFO mt5_bot - Signal=NONE reason=no_closed_bar_crossover price=None trend=bullish rsi=72.4 atr_pips=9.3 adx=55.1
2026-05-06 04:48:55 INFO mt5_bot - ADX boost: adx=55.1 \u2192 risk_pct=1.50%
2026-05-06 04:48:55 INFO mt5_bot - Execution status=skipped reason=no_closed_bar_crossover
2026-05-06 04:49:10 INFO mt5_bot - Balance=102029.96 Equity=102029.96 Spread=0.60 pips
2026-05-06 04:49:10 INFO mt5_bot - Signal=NONE reason=no_closed_bar_crossover price=None trend=bullish rsi=72.4 atr_pips=9.3 adx=55.1
2026-05-06 04:49:10 INFO mt5_bot - ADX boost: adx=55.1 \u2192 risk_pct=1.50%
2026-05-06 04:49:10 INFO mt5_bot - Execution status=skipped reason=no_closed_bar_crossover
2026-05-06 04:49:25 INFO mt5_bot - Balance=102029.96 Equity=102029.96 Spread=0.60 pips
2026-05-06 04:49:25 INFO mt5_bot - Signal=NONE reason=no_closed_bar_crossover price=None trend=bullish rsi=72.4 atr_pips=9.3 adx=55.1
2026-05-06 04:49:25 INFO mt5_bot - ADX boost: adx=55.1 \u2192 risk_pct=1.50%
2026-05-06 04:49:25 INFO mt5_bot - Execution status=skipped reason=no_closed_bar_crossover
2026-05-06 04:49:40 INFO mt5_bot - Balance=102029.96 Equity=102029.96 Spread=0.60 pips
2026-05-06 04:49:40 INFO mt5_bot - Signal=NONE reason=no_closed_bar_crossover price=None trend=bullish rsi=72.4 atr_pips=9.3 adx=55.1
2026-05-06 04:49:40 INFO mt5_bot - ADX boost: adx=55.1 \u2192 risk_pct=1.50%
2026-05-06 04:49:40 INFO mt5_bot - Execution status=skipped reason=no_closed_bar_crossover
2026-05-06 04:49:55 INFO mt5_bot - Balance=102029.96 Equity=102029.96 Spread=0.60 pips
2026-05-06 04:49:55 INFO mt5_bot - Signal=NONE reason=no_closed_bar_crossover price=None trend=bullish rsi=72.4 atr_pips=9.3 adx=55.1
2026-05-06 04:49:55 INFO mt5_bot - ADX boost: adx=55.1 \u2192 risk_pct=1.50%
2026-05-06 04:49:55 INFO mt5_bot - Execution status=skipped reason=no_closed_bar_crossover
2026-05-06 04:50:10 INFO mt5_bot - Balance=102029.96 Equity=102029.96 Spread=0.60 pips
2026-05-06 04:50:10 INFO mt5_bot - Signal=NONE reason=no_closed_bar_crossover price=None trend=bullish rsi=72.4 atr_pips=9.3 adx=55.1
2026-05-06 04:50:10 INFO mt5_bot - ADX boost: adx=55.1 \u2192 risk_pct=1.50%
2026-05-06 04:50:10 INFO mt5_bot - Execution status=skipped reason=no_closed_bar_crossover
2026-05-06 04:50:25 INFO mt5_bot - Balance=102029.96 Equity=102029.96 Spread=0.60 pips
2026-05-06 04:50:25 INFO mt5_bot - Signal=NONE reason=no_closed_bar_crossover price=None trend=bullish rsi=72.4 atr_pips=9.3 adx=55.1
2026-05-06 04:50:25 INFO mt5_bot - ADX boost: adx=55.1 \u2192 risk_pct=1.50%
2026-05-06 04:50:25 INFO mt5_bot - Execution status=skipped reason=no_closed_bar_crossover
2026-05-06 04:50:40 INFO mt5_bot - Balance=102029.96 Equity=102029.96 Spread=0.60 pips
2026-05-06 04:50:40 INFO mt5_bot - Signal=NONE reason=no_closed_bar_crossover price=None trend=bullish rsi=72.4 atr_pips=9.3 adx=55.1
2026-05-06 04:50:40 INFO mt5_bot - ADX boost: adx=55.1 \u2192 risk_pct=1.50%
2026-05-06 04:50:40 INFO mt5_bot - Execution status=skipped reason=no_closed_bar_crossover
2026-05-06 04:50:55 INFO mt5_bot - Balance=102029.96 Equity=102029.96 Spread=0.60 pips
2026-05-06 04:50:55 INFO mt5_bot - Signal=NONE reason=no_closed_bar_crossover price=None trend=bullish rsi=72.4 atr_pips=9.3 adx=55.1
2026-05-06 04:50:55 INFO mt5_bot - ADX boost: adx=55.1 \u2192 risk_pct=1.50%
2026-05-06 04:50:55 INFO mt5_bot - Execution status=skipped reason=no_closed_bar_crossover
2026-05-06 04:51:10 INFO mt5_bot - Balance=102029.96 Equity=102029.96 Spread=0.60 pips
2026-05-06 04:51:10 INFO mt5_bot - Signal=NONE reason=no_closed_bar_crossover price=None trend=bullish rsi=72.4 atr_pips=9.3 adx=55.1
2026-05-06 04:51:10 INFO mt5_bot - ADX boost: adx=55.1 \u2192 risk_pct=1.50%
2026-05-06 04:51:10 INFO mt5_bot - Execution status=skipped reason=no_closed_bar_crossover
2026-05-06 04:51:25 INFO mt5_bot - Balance=102029.96 Equity=102029.96 Spread=0.60 pips
2026-05-06 04:51:25 INFO mt5_bot - Signal=NONE reason=no_closed_bar_crossover price=None trend=bullish rsi=72.4 atr_pips=9.3 adx=55.1
2026-05-06 04:51:25 INFO mt5_bot - ADX boost: adx=55.1 \u2192 risk_pct=1.50%
2026-05-06 04:51:25 INFO mt5_bot - Execution status=skipped reason=no_closed_bar_crossover
2026-05-06 04:51:40 INFO mt5_bot - Balance=102029.96 Equity=102029.96 Spread=0.60 pips
2026-05-06 04:51:40 INFO mt5_bot - Signal=NONE reason=no_closed_bar_crossover price=None trend=bullish rsi=72.4 atr_pips=9.3 adx=55.1
2026-05-06 04:51:40 INFO mt5_bot - ADX boost: adx=55.1 \u2192 risk_pct=1.50%
2026-05-06 04:51:40 INFO mt5_bot - Execution status=skipped reason=no_closed_bar_crossover
2026-05-06 04:51:55 INFO mt5_bot - Balance=102029.96 Equity=102029.96 Spread=0.60 pips
2026-05-06 04:51:55 INFO mt5_bot - Signal=NONE reason=no_closed_bar_crossover price=None trend=bullish rsi=72.4 atr_pips=9.3 adx=55.1
2026-05-06 04:51:55 INFO mt5_bot - ADX boost: adx=55.1 \u2192 risk_pct=1.50%
2026-05-06 04:51:55 INFO mt5_bot - Execution status=skipped reason=no_closed_bar_crossover
2026-05-06 04:52:10 INFO mt5_bot - Balance=102029.96 Equity=102029.96 Spread=0.60 pips
2026-05-06 04:52:10 INFO mt5_bot - Signal=NONE reason=no_closed_bar_crossover price=None trend=bullish rsi=72.4 atr_pips=9.3 adx=55.1
2026-05-06 04:52:10 INFO mt5_bot - ADX boost: adx=55.1 \u2192 risk_pct=1.50%
2026-05-06 04:52:10 INFO mt5_bot - Execution status=skipped reason=no_closed_bar_crossover
2026-05-06 04:52:25 INFO mt5_bot - Balance=102029.96 Equity=102029.96 Spread=0.60 pips
2026-05-06 04:52:25 INFO mt5_bot - Signal=NONE reason=no_closed_bar_crossover price=None trend=bullish rsi=72.4 atr_pips=9.3 adx=55.1
2026-05-06 04:52:25 INFO mt5_bot - ADX boost: adx=55.1 \u2192 risk_pct=1.50%
2026-05-06 04:52:25 INFO mt5_bot - Execution status=skipped reason=no_closed_bar_crossover
2026-05-06 04:52:40 INFO mt5_bot - Balance=102029.96 Equity=102029.96 Spread=0.60 pips
2026-05-06 04:52:40 INFO mt5_bot - Signal=NONE reason=no_closed_bar_crossover price=None trend=bullish rsi=72.4 atr_pips=9.3 adx=55.1
2026-05-06 04:52:40 INFO mt5_bot - ADX boost: adx=55.1 \u2192 risk_pct=1.50%
2026-05-06 04:52:40 INFO mt5_bot - Execution status=skipped reason=no_closed_bar_crossover
2026-05-06 04:52:55 INFO mt5_bot - Balance=102029.96 Equity=102029.96 Spread=0.60 pips
2026-05-06 04:52:55 INFO mt5_bot - Signal=NONE reason=no_closed_bar_crossover price=None trend=bullish rsi=72.4 atr_pips=9.3 adx=55.1
2026-05-06 04:52:55 INFO mt5_bot - ADX boost: adx=55.1 \u2192 risk_pct=1.50%
2026-05-06 04:52:55 INFO mt5_bot - Execution status=skipped reason=no_closed_bar_crossover
2026-05-06 04:53:10 INFO mt5_bot - Balance=102029.96 Equity=102029.96 Spread=0.60 pips
2026-05-06 04:53:10 INFO mt5_bot - Signal=NONE reason=no_closed_bar_crossover price=None trend=bullish rsi=72.4 atr_pips=9.3 adx=55.1
2026-05-06 04:53:10 INFO mt5_bot - ADX boost: adx=55.1 \u2192 risk_pct=1.50%
2026-05-06 04:53:10 INFO mt5_bot - Execution status=skipped reason=no_closed_bar_crossover
2026-05-06 04:53:25 INFO mt5_bot - Balance=102029.96 Equity=102029.96 Spread=0.60 pips
2026-05-06 04:53:25 INFO mt5_bot - Signal=NONE reason=no_closed_bar_crossover price=None trend=bullish rsi=72.4 atr_pips=9.3 adx=55.1
2026-05-06 04:53:25 INFO mt5_bot - ADX boost: adx=55.1 \u2192 risk_pct=1.50%
2026-05-06 04:53:25 INFO mt5_bot - Execution status=skipped reason=no_closed_bar_crossover
2026-05-06 04:53:40 INFO mt5_bot - Balance=102029.96 Equity=102029.96 Spread=0.60 pips
2026-05-06 04:53:40 INFO mt5_bot - Signal=NONE reason=no_closed_bar_crossover price=None trend=bullish rsi=72.4 atr_pips=9.3 adx=55.1
2026-05-06 04:53:40 INFO mt5_bot - ADX boost: adx=55.1 \u2192 risk_pct=1.50%
2026-05-06 04:53:40 INFO mt5_bot - Execution status=skipped reason=no_closed_bar_crossover
2026-05-06 04:53:55 INFO mt5_bot - Balance=102029.96 Equity=102029.96 Spread=0.60 pips
2026-05-06 04:53:55 INFO mt5_bot - Signal=NONE reason=no_closed_bar_crossover price=None trend=bullish rsi=72.4 atr_pips=9.3 adx=55.1
2026-05-06 04:53:55 INFO mt5_bot - ADX boost: adx=55.1 \u2192 risk_pct=1.50%
2026-05-06 04:53:55 INFO mt5_bot - Execution status=skipped reason=no_closed_bar_crossover
2026-05-06 04:54:10 INFO mt5_bot - Balance=102029.96 Equity=102029.96 Spread=0.60 pips
2026-05-06 04:54:10 INFO mt5_bot - Signal=NONE reason=no_closed_bar_crossover price=None trend=bullish rsi=72.4 atr_pips=9.3 adx=55.1
2026-05-06 04:54:10 INFO mt5_bot - ADX boost: adx=55.1 \u2192 risk_pct=1.50%
2026-05-06 04:54:10 INFO mt5_bot - Execution status=skipped reason=no_closed_bar_crossover
2026-05-06 04:54:25 INFO mt5_bot - Balance=102029.96 Equity=102029.96 Spread=0.60 pips
2026-05-06 04:54:25 INFO mt5_bot - Signal=NONE reason=no_closed_bar_crossover price=None trend=bullish rsi=72.4 atr_pips=9.3 adx=55.1
2026-05-06 04:54:25 INFO mt5_bot - ADX boost: adx=55.1 \u2192 risk_pct=1.50%
2026-05-06 04:54:25 INFO mt5_bot - Execution status=skipped reason=no_closed_bar_crossover
2026-05-06 04:54:40 INFO mt5_bot - Balance=102029.96 Equity=102029.96 Spread=0.60 pips
2026-05-06 04:54:40 INFO mt5_bot - Signal=NONE reason=no_closed_bar_crossover price=None trend=bullish rsi=72.4 atr_pips=9.3 adx=55.1
2026-05-06 04:54:40 INFO mt5_bot - ADX boost: adx=55.1 \u2192 risk_pct=1.50%
2026-05-06 04:54:40 INFO mt5_bot - Execution status=skipped reason=no_closed_bar_crossover
2026-05-06 04:54:55 INFO mt5_bot - Balance=102029.96 Equity=102029.96 Spread=0.60 pips
2026-05-06 04:54:55 INFO mt5_bot - Signal=NONE reason=no_closed_bar_crossover price=None trend=bullish rsi=72.4 atr_pips=9.3 adx=55.1
2026-05-06 04:54:55 INFO mt5_bot - ADX boost: adx=55.1 \u2192 risk_pct=1.50%
2026-05-06 04:54:55 INFO mt5_bot - Execution status=skipped reason=no_closed_bar_crossover
2026-05-06 04:55:10 INFO mt5_bot - Balance=102029.96 Equity=102029.96 Spread=0.60 pips
2026-05-06 04:55:10 INFO mt5_bot - Signal=NONE reason=no_closed_bar_crossover price=None trend=bullish rsi=72.4 atr_pips=9.3 adx=55.1
2026-05-06 04:55:10 INFO mt5_bot - ADX boost: adx=55.1 \u2192 risk_pct=1.50%
2026-05-06 04:55:10 INFO mt5_bot - Execution status=skipped reason=no_closed_bar_crossover
2026-05-06 04:55:25 INFO mt5_bot - Balance=102029.96 Equity=102029.96 Spread=0.60 pips
2026-05-06 04:55:25 INFO mt5_bot - Signal=NONE reason=no_closed_bar_crossover price=None trend=bullish rsi=72.4 atr_pips=9.3 adx=55.1
2026-05-06 04:55:25 INFO mt5_bot - ADX boost: adx=55.1 \u2192 risk_pct=1.50%
2026-05-06 04:55:25 INFO mt5_bot - Execution status=skipped reason=no_closed_bar_crossover
2026-05-06 04:55:40 INFO mt5_bot - Balance=102029.96 Equity=102029.96 Spread=0.60 pips
2026-05-06 04:55:40 INFO mt5_bot - Signal=NONE reason=no_closed_bar_crossover price=None trend=bullish rsi=72.4 atr_pips=9.3 adx=55.1
2026-05-06 04:55:40 INFO mt5_bot - ADX boost: adx=55.1 \u2192 risk_pct=1.50%
2026-05-06 04:55:40 INFO mt5_bot - Execution status=skipped reason=no_closed_bar_crossover
2026-05-06 04:55:55 INFO mt5_bot - Balance=102029.96 Equity=102029.96 Spread=0.60 pips
2026-05-06 04:55:55 INFO mt5_bot - Signal=NONE reason=no_closed_bar_crossover price=None trend=bullish rsi=72.4 atr_pips=9.3 adx=55.1
2026-05-06 04:55:55 INFO mt5_bot - ADX boost: adx=55.1 \u2192 risk_pct=1.50%
2026-05-06 04:55:55 INFO mt5_bot - Execution status=skipped reason=no_closed_bar_crossover
2026-05-06 04:56:10 INFO mt5_bot - Balance=102029.96 Equity=102029.96 Spread=0.60 pips
2026-05-06 04:56:10 INFO mt5_bot - Signal=NONE reason=no_closed_bar_crossover price=None trend=bullish rsi=72.4 atr_pips=9.3 adx=55.1
2026-05-06 04:56:10 INFO mt5_bot - ADX boost: adx=55.1 \u2192 risk_pct=1.50%
2026-05-06 04:56:10 INFO mt5_bot - Execution status=skipped reason=no_closed_bar_crossover
2026-05-06 04:56:25 INFO mt5_bot - Balance=102029.96 Equity=102029.96 Spread=0.60 pips
2026-05-06 04:56:25 INFO mt5_bot - Signal=NONE reason=no_closed_bar_crossover price=None trend=bullish rsi=72.4 atr_pips=9.3 adx=55.1
2026-05-06 04:56:25 INFO mt5_bot - ADX boost: adx=55.1 \u2192 risk_pct=1.50%
2026-05-06 04:56:25 INFO mt5_bot - Execution status=skipped reason=no_closed_bar_crossover
2026-05-06 04:56:40 INFO mt5_bot - Balance=102029.96 Equity=102029.96 Spread=0.60 pips
2026-05-06 04:56:40 INFO mt5_bot - Signal=NONE reason=no_closed_bar_crossover price=None trend=bullish rsi=72.4 atr_pips=9.3 adx=55.1
2026-05-06 04:56:40 INFO mt5_bot - ADX boost: adx=55.1 \u2192 risk_pct=1.50%
2026-05-06 04:56:40 INFO mt5_bot - Execution status=skipped reason=no_closed_bar_crossover
2026-05-06 04:56:55 INFO mt5_bot - Balance=102029.96 Equity=102029.96 Spread=0.60 pips
2026-05-06 04:56:55 INFO mt5_bot - Signal=NONE reason=no_closed_bar_crossover price=None trend=bullish rsi=72.4 atr_pips=9.3 adx=55.1
2026-05-06 04:56:55 INFO mt5_bot - ADX boost: adx=55.1 \u2192 risk_pct=1.50%
2026-05-06 04:56:55 INFO mt5_bot - Execution status=skipped reason=no_closed_bar_crossover
2026-05-06 04:57:10 INFO mt5_bot - Balance=102029.96 Equity=102029.96 Spread=0.60 pips
2026-05-06 04:57:10 INFO mt5_bot - Signal=NONE reason=no_closed_bar_crossover price=None trend=bullish rsi=72.4 atr_pips=9.3 adx=55.1
2026-05-06 04:57:10 INFO mt5_bot - ADX boost: adx=55.1 \u2192 risk_pct=1.50%
2026-05-06 04:57:10 INFO mt5_bot - Execution status=skipped reason=no_closed_bar_crossover
2026-05-06 04:57:25 INFO mt5_bot - Balance=102029.96 Equity=102029.96 Spread=0.60 pips
2026-05-06 04:57:25 INFO mt5_bot - Signal=NONE reason=no_closed_bar_crossover price=None trend=bullish rsi=72.4 atr_pips=9.3 adx=55.1
2026-05-06 04:57:25 INFO mt5_bot - ADX boost: adx=55.1 \u2192 risk_pct=1.50%
2026-05-06 04:57:25 INFO mt5_bot - Execution status=skipped reason=no_closed_bar_crossover
2026-05-06 04:57:40 INFO mt5_bot - Balance=102029.96 Equity=102029.96 Spread=0.60 pips
2026-05-06 04:57:40 INFO mt5_bot - Signal=NONE reason=no_closed_bar_crossover price=None trend=bullish rsi=72.4 atr_pips=9.3 adx=55.1
2026-05-06 04:57:40 INFO mt5_bot - ADX boost: adx=55.1 \u2192 risk_pct=1.50%
2026-05-06 04:57:40 INFO mt5_bot - Execution status=skipped reason=no_closed_bar_crossover
2026-05-06 04:57:55 INFO mt5_bot - Balance=102029.96 Equity=102029.96 Spread=0.60 pips
2026-05-06 04:57:55 INFO mt5_bot - Signal=NONE reason=no_closed_bar_crossover price=None trend=bullish rsi=72.4 atr_pips=9.3 adx=55.1
2026-05-06 04:57:55 INFO mt5_bot - ADX boost: adx=55.1 \u2192 risk_pct=1.50%
2026-05-06 04:57:55 INFO mt5_bot - Execution status=skipped reason=no_closed_bar_crossover
2026-05-06 04:58:10 INFO mt5_bot - Balance=102029.96 Equity=102029.96 Spread=0.60 pips
2026-05-06 04:58:10 INFO mt5_bot - Signal=NONE reason=no_closed_bar_crossover price=None trend=bullish rsi=72.4 atr_pips=9.3 adx=55.1
2026-05-06 04:58:10 INFO mt5_bot - ADX boost: adx=55.1 \u2192 risk_pct=1.50%
2026-05-06 04:58:10 INFO mt5_bot - Execution status=skipped reason=no_closed_bar_crossover
2026-05-06 04:58:25 INFO mt5_bot - Balance=102029.96 Equity=102029.96 Spread=0.60 pips
2026-05-06 04:58:25 INFO mt5_bot - Signal=NONE reason=no_closed_bar_crossover price=None trend=bullish rsi=72.4 atr_pips=9.3 adx=55.1
2026-05-06 04:58:25 INFO mt5_bot - ADX boost: adx=55.1 \u2192 risk_pct=1.50%
2026-05-06 04:58:25 INFO mt5_bot - Execution status=skipped reason=no_closed_bar_crossover
2026-05-06 04:58:40 INFO mt5_bot - Balance=102029.96 Equity=102029.96 Spread=0.60 pips
2026-05-06 04:58:40 INFO mt5_bot - Signal=NONE reason=no_closed_bar_crossover price=None trend=bullish rsi=72.4 atr_pips=9.3 adx=55.1
2026-05-06 04:58:40 INFO mt5_bot - ADX boost: adx=55.1 \u2192 risk_pct=1.50%
2026-05-06 04:58:40 INFO mt5_bot - Execution status=skipped reason=no_closed_bar_crossover
2026-05-06 04:58:55 INFO mt5_bot - Balance=102029.96 Equity=102029.96 Spread=0.60 pips
2026-05-06 04:58:55 INFO mt5_bot - Signal=NONE reason=no_closed_bar_crossover price=None trend=bullish rsi=72.4 atr_pips=9.3 adx=55.1
2026-05-06 04:58:55 INFO mt5_bot - ADX boost: adx=55.1 \u2192 risk_pct=1.50%
2026-05-06 04:58:55 INFO mt5_bot - Execution status=skipped reason=no_closed_bar_crossover
2026-05-06 04:59:10 INFO mt5_bot - Balance=102029.96 Equity=102029.96 Spread=0.60 pips
2026-05-06 04:59:10 INFO mt5_bot - Signal=NONE reason=no_closed_bar_crossover price=None trend=bullish rsi=72.4 atr_pips=9.3 adx=55.1
2026-05-06 04:59:10 INFO mt5_bot - ADX boost: adx=55.1 \u2192 risk_pct=1.50%
2026-05-06 04:59:10 INFO mt5_bot - Execution status=skipped reason=no_closed_bar_crossover
2026-05-06 04:59:25 INFO mt5_bot - Balance=102029.96 Equity=102029.96 Spread=0.60 pips
2026-05-06 04:59:25 INFO mt5_bot - Signal=NONE reason=no_closed_bar_crossover price=None trend=bullish rsi=72.4 atr_pips=9.3 adx=55.1
2026-05-06 04:59:25 INFO mt5_bot - ADX boost: adx=55.1 \u2192 risk_pct=1.50%
2026-05-06 04:59:25 INFO mt5_bot - Execution status=skipped reason=no_closed_bar_crossover
2026-05-06 04:59:40 INFO mt5_bot - Balance=102029.96 Equity=102029.96 Spread=0.60 pips
2026-05-06 04:59:40 INFO mt5_bot - Signal=NONE reason=no_closed_bar_crossover price=None trend=bullish rsi=72.4 atr_pips=9.3 adx=55.1
2026-05-06 04:59:40 INFO mt5_bot - ADX boost: adx=55.1 \u2192 risk_pct=1.50%
2026-05-06 04:59:40 INFO mt5_bot - Execution status=skipped reason=no_closed_bar_crossover
2026-05-06 04:59:55 INFO mt5_bot - Balance=102029.96 Equity=102029.96 Spread=0.60 pips
2026-05-06 04:59:55 INFO mt5_bot - Signal=NONE reason=no_closed_bar_crossover price=None trend=bullish rsi=72.4 atr_pips=9.3 adx=55.1
2026-05-06 04:59:55 INFO mt5_bot - ADX boost: adx=55.1 \u2192 risk_pct=1.50%
2026-05-06 04:59:55 INFO mt5_bot - Execution status=skipped reason=no_closed_bar_crossover
2026-05-06 05:00:10 INFO mt5_bot - Balance=102029.96 Equity=102029.96 Spread=0.60 pips
2026-05-06 05:00:10 INFO mt5_bot - Signal=NONE reason=no_closed_bar_crossover price=None trend=bullish rsi=73.4 atr_pips=9.1 adx=56.8
2026-05-06 05:00:10 INFO mt5_bot - ADX boost: adx=56.8 \u2192 risk_pct=1.50%
2026-05-06 05:00:10 INFO mt5_bot - Execution status=skipped reason=no_closed_bar_crossover
2026-05-06 05:00:25 INFO mt5_bot - Balance=102029.96 Equity=102029.96 Spread=0.60 pips
2026-05-06 05:00:25 INFO mt5_bot.news_filter - news_filter: loaded 115 events from shared cache
2026-05-06 05:00:25 INFO mt5_bot - Signal=NONE reason=no_closed_bar_crossover price=None trend=bullish rsi=73.4 atr_pips=9.1 adx=56.8
2026-05-06 05:00:25 INFO mt5_bot - ADX boost: adx=56.8 \u2192 risk_pct=1.50%
2026-05-06 05:00:25 INFO mt5_bot - Execution status=skipped reason=no_closed_bar_crossover
2026-05-06 05:00:40 INFO mt5_bot - Balance=102029.96 Equity=102029.96 Spread=0.60 pips
2026-05-06 05:00:40 INFO mt5_bot - Signal=NONE reason=no_closed_bar_crossover price=None trend=bullish rsi=73.4 atr_pips=9.1 adx=56.8
2026-05-06 05:00:40 INFO mt5_bot - ADX boost: adx=56.8 \u2192 risk_pct=1.50%
2026-05-06 05:00:40 INFO mt5_bot - Execution status=skipped reason=no_closed_bar_crossover
2026-05-06 05:00:55 INFO mt5_bot - Balance=102029.96 Equity=102029.96 Spread=0.60 pips
2026-05-06 05:00:55 INFO mt5_bot - Signal=NONE reason=no_closed_bar_crossover price=None trend=bullish rsi=73.4 atr_pips=9.1 adx=56.8
2026-05-06 05:00:55 INFO mt5_bot - ADX boost: adx=56.8 \u2192 risk_pct=1.50%
2026-05-06 05:00:55 INFO mt5_bot - Execution status=skipped reason=no_closed_bar_crossover
2026-05-06 05:01:10 INFO mt5_bot - Balance=102029.96 Equity=102029.96 Spread=0.60 pips
2026-05-06 05:01:10 INFO mt5_bot - Signal=NONE reason=no_closed_bar_crossover price=None trend=bullish rsi=73.4 atr_pips=9.1 adx=56.8
2026-05-06 05:01:10 INFO mt5_bot - ADX boost: adx=56.8 \u2192 risk_pct=1.50%
2026-05-06 05:01:10 INFO mt5_bot - Execution status=skipped reason=no_closed_bar_crossover
2026-05-06 05:01:26 INFO mt5_bot - Balance=102029.96 Equity=102029.96 Spread=0.60 pips
2026-05-06 05:01:26 INFO mt5_bot - Signal=NONE reason=no_closed_bar_crossover price=None trend=bullish rsi=73.4 atr_pips=9.1 adx=56.8
2026-05-06 05:01:26 INFO mt5_bot - ADX boost: adx=56.8 \u2192 risk_pct=1.50%
2026-05-06 05:01:26 INFO mt5_bot - Execution status=skipped reason=no_closed_bar_crossover
2026-05-06 05:01:41 INFO mt5_bot - Balance=102029.96 Equity=102029.96 Spread=0.60 pips
2026-05-06 05:01:41 INFO mt5_bot - Signal=NONE reason=no_closed_bar_crossover price=None trend=bullish rsi=73.4 atr_pips=9.1 adx=56.8
2026-05-06 05:01:41 INFO mt5_bot - ADX boost: adx=56.8 \u2192 risk_pct=1.50%
2026-05-06 05:01:41 INFO mt5_bot - Execution status=skipped reason=no_closed_bar_crossover
2026-05-06 05:01:56 INFO mt5_bot - Balance=102029.96 Equity=102029.96 Spread=0.60 pips
2026-05-06 05:01:56 INFO mt5_bot - Signal=NONE reason=no_closed_bar_crossover price=None trend=bullish rsi=73.4 atr_pips=9.1 adx=56.8
2026-05-06 05:01:56 INFO mt5_bot - ADX boost: adx=56.8 \u2192 risk_pct=1.50%
2026-05-06 05:01:56 INFO mt5_bot - Execution status=skipped reason=no_closed_bar_crossover
2026-05-06 05:02:11 INFO mt5_bot - Balance=102029.96 Equity=102029.96 Spread=0.60 pips
2026-05-06 05:02:11 INFO mt5_bot - Signal=NONE reason=no_closed_bar_crossover price=None trend=bullish rsi=73.4 atr_pips=9.1 adx=56.8
2026-05-06 05:02:11 INFO mt5_bot - ADX boost: adx=56.8 \u2192 risk_pct=1.50%
2026-05-06 05:02:11 INFO mt5_bot - Execution status=skipped reason=no_closed_bar_crossover
2026-05-06 05:02:26 INFO mt5_bot - Balance=102029.96 Equity=102029.96 Spread=0.60 pips
2026-05-06 05:02:26 INFO mt5_bot - Signal=NONE reason=no_closed_bar_crossover price=None trend=bullish rsi=73.4 atr_pips=9.1 adx=56.8
2026-05-06 05:02:26 INFO mt5_bot - ADX boost: adx=56.8 \u2192 risk_pct=1.50%
2026-05-06 05:02:26 INFO mt5_bot - Execution status=skipped reason=no_closed_bar_crossover
2026-05-06 05:02:41 INFO mt5_bot - Balance=102029.96 Equity=102029.96 Spread=0.60 pips
2026-05-06 05:02:41 INFO mt5_bot - Signal=NONE reason=no_closed_bar_crossover price=None trend=bullish rsi=73.4 atr_pips=9.1 adx=56.8
2026-05-06 05:02:41 INFO mt5_bot - ADX boost: adx=56.8 \u2192 risk_pct=1.50%
2026-05-06 05:02:41 INFO mt5_bot - Execution status=skipped reason=no_closed_bar_crossover
2026-05-06 05:02:56 INFO mt5_bot - Balance=102029.96 Equity=102029.96 Spread=0.60 pips
2026-05-06 05:02:56 INFO mt5_bot - Signal=NONE reason=no_closed_bar_crossover price=None trend=bullish rsi=73.4 atr_pips=9.1 adx=56.8
2026-05-06 05:02:56 INFO mt5_bot - ADX boost: adx=56.8 \u2192 risk_pct=1.50%
2026-05-06 05:02:56 INFO mt5_bot - Execution status=skipped reason=no_closed_bar_crossover
2026-05-06 05:03:11 INFO mt5_bot - Balance=102029.96 Equity=102029.96 Spread=0.60 pips
2026-05-06 05:03:11 INFO mt5_bot - Signal=NONE reason=no_closed_bar_crossover price=None trend=bullish rsi=73.4 atr_pips=9.1 adx=56.8
2026-05-06 05:03:11 INFO mt5_bot - ADX boost: adx=56.8 \u2192 risk_pct=1.50%
2026-05-06 05:03:11 INFO mt5_bot - Execution status=skipped reason=no_closed_bar_crossover
2026-05-06 05:03:26 INFO mt5_bot - Balance=102029.96 Equity=102029.96 Spread=0.60 pips
2026-05-06 05:03:26 INFO mt5_bot - Signal=NONE reason=no_closed_bar_crossover price=None trend=bullish rsi=73.4 atr_pips=9.1 adx=56.8
2026-05-06 05:03:26 INFO mt5_bot - ADX boost: adx=56.8 \u2192 risk_pct=1.50%
2026-05-06 05:03:26 INFO mt5_bot - Execution status=skipped reason=no_closed_bar_crossover
2026-05-06 05:03:41 INFO mt5_bot - Balance=102029.96 Equity=102029.96 Spread=0.60 pips
2026-05-06 05:03:41 INFO mt5_bot - Signal=NONE reason=no_closed_bar_crossover price=None trend=bullish rsi=73.4 atr_pips=9.1 adx=56.8
2026-05-06 05:03:41 INFO mt5_bot - ADX boost: adx=56.8 \u2192 risk_pct=1.50%
2026-05-06 05:03:41 INFO mt5_bot - Execution status=skipped reason=no_closed_bar_crossover
2026-05-06 05:03:56 INFO mt5_bot - Balance=102029.96 Equity=102029.96 Spread=0.60 pips
2026-05-06 05:03:56 INFO mt5_bot - Signal=NONE reason=no_closed_bar_crossover price=None trend=bullish rsi=73.4 atr_pips=9.1 adx=56.8
2026-05-06 05:03:56 INFO mt5_bot - ADX boost: adx=56.8 \u2192 risk_pct=1.50%
2026-05-06 05:03:56 INFO mt5_bot - Execution status=skipped reason=no_closed_bar_crossover
2026-05-06 05:04:11 INFO mt5_bot - Balance=102029.96 Equity=102029.96 Spread=0.60 pips
2026-05-06 05:04:11 INFO mt5_bot - Signal=NONE reason=no_closed_bar_crossover price=None trend=bullish rsi=73.4 atr_pips=9.1 adx=56.8
2026-05-06 05:04:11 INFO mt5_bot - ADX boost: adx=56.8 \u2192 risk_pct=1.50%
2026-05-06 05:04:11 INFO mt5_bot - Execution status=skipped reason=no_closed_bar_crossover
2026-05-06 05:04:26 INFO mt5_bot - Balance=102029.96 Equity=102029.96 Spread=0.60 pips
2026-05-06 05:04:26 INFO mt5_bot - Signal=NONE reason=no_closed_bar_crossover price=None trend=bullish rsi=73.4 atr_pips=9.1 adx=56.8
2026-05-06 05:04:26 INFO mt5_bot - ADX boost: adx=56.8 \u2192 risk_pct=1.50%
2026-05-06 05:04:26 INFO mt5_bot - Execution status=skipped reason=no_closed_bar_crossover
2026-05-06 05:04:41 INFO mt5_bot - Balance=102029.96 Equity=102029.96 Spread=0.60 pips
2026-05-06 05:04:41 INFO mt5_bot - Signal=NONE reason=no_closed_bar_crossover price=None trend=bullish rsi=73.4 atr_pips=9.1 adx=56.8
2026-05-06 05:04:41 INFO mt5_bot - ADX boost: adx=56.8 \u2192 risk_pct=1.50%
2026-05-06 05:04:41 INFO mt5_bot - Execution status=skipped reason=no_closed_bar_crossover
2026-05-06 05:04:56 INFO mt5_bot - Balance=102029.96 Equity=102029.96 Spread=0.60 pips
2026-05-06 05:04:56 INFO mt5_bot - Signal=NONE reason=no_closed_bar_crossover price=None trend=bullish rsi=73.4 atr_pips=9.1 adx=56.8
2026-05-06 05:04:56 INFO mt5_bot - ADX boost: adx=56.8 \u2192 risk_pct=1.50%
2026-05-06 05:04:56 INFO mt5_bot - Execution status=skipped reason=no_closed_bar_crossover
2026-05-06 05:05:11 INFO mt5_bot - Balance=102029.96 Equity=102029.96 Spread=0.60 pips
2026-05-06 05:05:11 INFO mt5_bot - Signal=NONE reason=no_closed_bar_crossover price=None trend=bullish rsi=73.4 atr_pips=9.1 adx=56.8
2026-05-06 05:05:11 INFO mt5_bot - ADX boost: adx=56.8 \u2192 risk_pct=1.50%
2026-05-06 05:05:11 INFO mt5_bot - Execution status=skipped reason=no_closed_bar_crossover
2026-05-06 05:05:26 INFO mt5_bot - Balance=102029.96 Equity=102029.96 Spread=0.60 pips
2026-05-06 05:05:26 INFO mt5_bot - Signal=NONE reason=no_closed_bar_crossover price=None trend=bullish rsi=73.4 atr_pips=9.1 adx=56.8
2026-05-06 05:05:26 INFO mt5_bot - ADX boost: adx=56.8 \u2192 risk_pct=1.50%
2026-05-06 05:05:26 INFO mt5_bot - Execution status=skipped reason=no_closed_bar_crossover
2026-05-06 05:05:41 INFO mt5_bot - Balance=102029.96 Equity=102029.96 Spread=0.60 pips
2026-05-06 05:05:41 INFO mt5_bot - Signal=NONE reason=no_closed_bar_crossover price=None trend=bullish rsi=73.4 atr_pips=9.1 adx=56.8
2026-05-06 05:05:41 INFO mt5_bot - ADX boost: adx=56.8 \u2192 risk_pct=1.50%
2026-05-06 05:05:41 INFO mt5_bot - Execution status=skipped reason=no_closed_bar_crossover
2026-05-06 05:05:56 INFO mt5_bot - Balance=102029.96 Equity=102029.96 Spread=0.60 pips
2026-05-06 05:05:56 INFO mt5_bot - Signal=NONE reason=no_closed_bar_crossover price=None trend=bullish rsi=73.4 atr_pips=9.1 adx=56.8
2026-05-06 05:05:56 INFO mt5_bot - ADX boost: adx=56.8 \u2192 risk_pct=1.50%
2026-05-06 05:05:56 INFO mt5_bot - Execution status=skipped reason=no_closed_bar_crossover
2026-05-06 05:06:11 INFO mt5_bot - Balance=102029.96 Equity=102029.96 Spread=0.60 pips
2026-05-06 05:06:11 INFO mt5_bot - Signal=NONE reason=no_closed_bar_crossover price=None trend=bullish rsi=73.4 atr_pips=9.1 adx=56.8
2026-05-06 05:06:11 INFO mt5_bot - ADX boost: adx=56.8 \u2192 risk_pct=1.50%
2026-05-06 05:06:11 INFO mt5_bot - Execution status=skipped reason=no_closed_bar_crossover
2026-05-06 05:06:26 INFO mt5_bot - Balance=102029.96 Equity=102029.96 Spread=0.60 pips
2026-05-06 05:06:26 INFO mt5_bot - Signal=NONE reason=no_closed_bar_crossover price=None trend=bullish rsi=73.4 atr_pips=9.1 adx=56.8
2026-05-06 05:06:26 INFO mt5_bot - ADX boost: adx=56.8 \u2192 risk_pct=1.50%
2026-05-06 05:06:26 INFO mt5_bot - Execution status=skipped reason=no_closed_bar_crossover
2026-05-06 05:06:41 INFO mt5_bot - Balance=102029.96 Equity=102029.96 Spread=0.60 pips
2026-05-06 05:06:41 INFO mt5_bot - Signal=NONE reason=no_closed_bar_crossover price=None trend=bullish rsi=73.4 atr_pips=9.1 adx=56.8
2026-05-06 05:06:41 INFO mt5_bot - ADX boost: adx=56.8 \u2192 risk_pct=1.50%
2026-05-06 05:06:41 INFO mt5_bot - Execution status=skipped reason=no_closed_bar_crossover
2026-05-06 05:06:56 INFO mt5_bot - Balance=102029.96 Equity=102029.96 Spread=0.60 pips
2026-05-06 05:06:56 INFO mt5_bot - Signal=NONE reason=no_closed_bar_crossover price=None trend=bullish rsi=73.4 atr_pips=9.1 adx=56.8
2026-05-06 05:06:56 INFO mt5_bot - ADX boost: adx=56.8 \u2192 risk_pct=1.50%
2026-05-06 05:06:56 INFO mt5_bot - Execution status=skipped reason=no_closed_bar_crossover
2026-05-06 05:07:11 INFO mt5_bot - Balance=102029.96 Equity=102029.96 Spread=0.60 pips
2026-05-06 05:07:11 INFO mt5_bot - Signal=NONE reason=no_closed_bar_crossover price=None trend=bullish rsi=73.4 atr_pips=9.1 adx=56.8
2026-05-06 05:07:11 INFO mt5_bot - ADX boost: adx=56.8 \u2192 risk_pct=1.50%
2026-05-06 05:07:11 INFO mt5_bot - Execution status=skipped reason=no_closed_bar_crossover
2026-05-06 05:07:26 INFO mt5_bot - Balance=102029.96 Equity=102029.96 Spread=0.60 pips
2026-05-06 05:07:26 INFO mt5_bot - Signal=NONE reason=no_closed_bar_crossover price=None trend=bullish rsi=73.4 atr_pips=9.1 adx=56.8
2026-05-06 05:07:26 INFO mt5_bot - ADX boost: adx=56.8 \u2192 risk_pct=1.50%
2026-05-06 05:07:26 INFO mt5_bot - Execution status=skipped reason=no_closed_bar_crossover
2026-05-06 05:07:41 INFO mt5_bot - Balance=102029.96 Equity=102029.96 Spread=0.60 pips
2026-05-06 05:07:41 INFO mt5_bot - Signal=NONE reason=no_closed_bar_crossover price=None trend=bullish rsi=73.4 atr_pips=9.1 adx=56.8
2026-05-06 05:07:41 INFO mt5_bot - ADX boost: adx=56.8 \u2192 risk_pct=1.50%
2026-05-06 05:07:41 INFO mt5_bot - Execution status=skipped reason=no_closed_bar_crossover
2026-05-06 05:07:56 INFO mt5_bot - Balance=102029.96 Equity=102029.96 Spread=0.60 pips
2026-05-06 05:07:56 INFO mt5_bot - Signal=NONE reason=no_closed_bar_crossover price=None trend=bullish rsi=73.4 atr_pips=9.1 adx=56.8
2026-05-06 05:07:56 INFO mt5_bot - ADX boost: adx=56.8 \u2192 risk_pct=1.50%
2026-05-06 05:07:56 INFO mt5_bot - Execution status=skipped reason=no_closed_bar_crossover
2026-05-06 05:08:11 INFO mt5_bot - Balance=102029.96 Equity=102029.96 Spread=0.60 pips
2026-05-06 05:08:11 INFO mt5_bot - Signal=NONE reason=no_closed_bar_crossover price=None trend=bullish rsi=73.4 atr_pips=9.1 adx=56.8
2026-05-06 05:08:11 INFO mt5_bot - ADX boost: adx=56.8 \u2192 risk_pct=1.50%
2026-05-06 05:08:11 INFO mt5_bot - Execution status=skipped reason=no_closed_bar_crossover
2026-05-06 05:08:26 INFO mt5_bot - Balance=102029.96 Equity=102029.96 Spread=0.60 pips
2026-05-06 05:08:26 INFO mt5_bot - Signal=NONE reason=no_closed_bar_crossover price=None trend=bullish rsi=73.4 atr_pips=9.1 adx=56.8
2026-05-06 05:08:26 INFO mt5_bot - ADX boost: adx=56.8 \u2192 risk_pct=1.50%
2026-05-06 05:08:26 INFO mt5_bot - Execution status=skipped reason=no_closed_bar_crossover
2026-05-06 05:08:41 INFO mt5_bot - Balance=102029.96 Equity=102029.96 Spread=0.60 pips
2026-05-06 05:08:41 INFO mt5_bot - Signal=NONE reason=no_closed_bar_crossover price=None trend=bullish rsi=73.4 atr_pips=9.1 adx=56.8
2026-05-06 05:08:41 INFO mt5_bot - ADX boost: adx=56.8 \u2192 risk_pct=1.50%
2026-05-06 05:08:41 INFO mt5_bot - Execution status=skipped reason=no_closed_bar_crossover
2026-05-06 05:08:56 INFO mt5_bot - Balance=102029.96 Equity=102029.96 Spread=0.60 pips
2026-05-06 05:08:56 INFO mt5_bot - Signal=NONE reason=no_closed_bar_crossover price=None trend=bullish rsi=73.4 atr_pips=9.1 adx=56.8
2026-05-06 05:08:56 INFO mt5_bot - ADX boost: adx=56.8 \u2192 risk_pct=1.50%
2026-05-06 05:08:56 INFO mt5_bot - Execution status=skipped reason=no_closed_bar_crossover
2026-05-06 05:09:11 INFO mt5_bot - Balance=102029.96 Equity=102029.96 Spread=0.60 pips
2026-05-06 05:09:11 INFO mt5_bot - Signal=NONE reason=no_closed_bar_crossover price=None trend=bullish rsi=73.4 atr_pips=9.1 adx=56.8
2026-05-06 05:09:11 INFO mt5_bot - ADX boost: adx=56.8 \u2192 risk_pct=1.50%
2026-05-06 05:09:11 INFO mt5_bot - Execution status=skipped reason=no_closed_bar_crossover
2026-05-06 05:09:26 INFO mt5_bot - Balance=102029.96 Equity=102029.96 Spread=0.60 pips
2026-05-06 05:09:26 INFO mt5_bot - Signal=NONE reason=no_closed_bar_crossover price=None trend=bullish rsi=73.4 atr_pips=9.1 adx=56.8
2026-05-06 05:09:26 INFO mt5_bot - ADX boost: adx=56.8 \u2192 risk_pct=1.50%
2026-05-06 05:09:26 INFO mt5_bot - Execution status=skipped reason=no_closed_bar_crossover
2026-05-06 05:09:41 INFO mt5_bot - Balance=102029.96 Equity=102029.96 Spread=0.60 pips
2026-05-06 05:09:41 INFO mt5_bot - Signal=NONE reason=no_closed_bar_crossover price=None trend=bullish rsi=73.4 atr_pips=9.1 adx=56.8
2026-05-06 05:09:41 INFO mt5_bot - ADX boost: adx=56.8 \u2192 risk_pct=1.50%
2026-05-06 05:09:41 INFO mt5_bot - Execution status=skipped reason=no_closed_bar_crossover
2026-05-06 05:09:56 INFO mt5_bot - Balance=102029.96 Equity=102029.96 Spread=0.60 pips
2026-05-06 05:09:56 INFO mt5_bot - Signal=NONE reason=no_closed_bar_crossover price=None trend=bullish rsi=73.4 atr_pips=9.1 adx=56.8
2026-05-06 05:09:56 INFO mt5_bot - ADX boost: adx=56.8 \u2192 risk_pct=1.50%
2026-05-06 05:09:56 INFO mt5_bot - Execution status=skipped reason=no_closed_bar_crossover
2026-05-06 05:10:11 INFO mt5_bot - Balance=102029.96 Equity=102029.96 Spread=0.60 pips
2026-05-06 05:10:11 INFO mt5_bot - Signal=NONE reason=no_closed_bar_crossover price=None trend=bullish rsi=73.4 atr_pips=9.1 adx=56.8
2026-05-06 05:10:11 INFO mt5_bot - ADX boost: adx=56.8 \u2192 risk_pct=1.50%
2026-05-06 05:10:11 INFO mt5_bot - Execution status=skipped reason=no_closed_bar_crossover
2026-05-06 05:10:26 INFO mt5_bot - Balance=102029.96 Equity=102029.96 Spread=0.60 pips
2026-05-06 05:10:26 INFO mt5_bot - Signal=NONE reason=no_closed_bar_crossover price=None trend=bullish rsi=73.4 atr_pips=9.1 adx=56.8
2026-05-06 05:10:26 INFO mt5_bot - ADX boost: adx=56.8 \u2192 risk_pct=1.50%
2026-05-06 05:10:26 INFO mt5_bot - Execution status=skipped reason=no_closed_bar_crossover
2026-05-06 05:10:41 INFO mt5_bot - Balance=102029.96 Equity=102029.96 Spread=0.60 pips
2026-05-06 05:10:41 INFO mt5_bot - Signal=NONE reason=no_closed_bar_crossover price=None trend=bullish rsi=73.4 atr_pips=9.1 adx=56.8
2026-05-06 05:10:41 INFO mt5_bot - ADX boost: adx=56.8 \u2192 risk_pct=1.50%
2026-05-06 05:10:41 INFO mt5_bot - Execution status=skipped reason=no_closed_bar_crossover
2026-05-06 05:10:56 INFO mt5_bot - Balance=102029.96 Equity=102029.96 Spread=0.60 pips
2026-05-06 05:10:56 INFO mt5_bot - Signal=NONE reason=no_closed_bar_crossover price=None trend=bullish rsi=73.4 atr_pips=9.1 adx=56.8
2026-05-06 05:10:56 INFO mt5_bot - ADX boost: adx=56.8 \u2192 risk_pct=1.50%
2026-05-06 05:10:56 INFO mt5_bot - Execution status=skipped reason=no_closed_bar_crossover
2026-05-06 05:11:11 INFO mt5_bot - Balance=102029.96 Equity=102029.96 Spread=0.60 pips
2026-05-06 05:11:11 INFO mt5_bot - Signal=NONE reason=no_closed_bar_crossover price=None trend=bullish rsi=73.4 atr_pips=9.1 adx=56.8
2026-05-06 05:11:11 INFO mt5_bot - ADX boost: adx=56.8 \u2192 risk_pct=1.50%
2026-05-06 05:11:11 INFO mt5_bot - Execution status=skipped reason=no_closed_bar_crossover
2026-05-06 05:11:26 INFO mt5_bot - Balance=102029.96 Equity=102029.96 Spread=0.60 pips
2026-05-06 05:11:26 INFO mt5_bot - Signal=NONE reason=no_closed_bar_crossover price=None trend=bullish rsi=73.4 atr_pips=9.1 adx=56.8
2026-05-06 05:11:26 INFO mt5_bot - ADX boost: adx=56.8 \u2192 risk_pct=1.50%
2026-05-06 05:11:26 INFO mt5_bot - Execution status=skipped reason=no_closed_bar_crossover
2026-05-06 05:11:41 INFO mt5_bot - Balance=102029.96 Equity=102029.96 Spread=0.60 pips
2026-05-06 05:11:41 INFO mt5_bot - Signal=NONE reason=no_closed_bar_crossover price=None trend=bullish rsi=73.4 atr_pips=9.1 adx=56.8
2026-05-06 05:11:41 INFO mt5_bot - ADX boost: adx=56.8 \u2192 risk_pct=1.50%
2026-05-06 05:11:41 INFO mt5_bot - Execution status=skipped reason=no_closed_bar_crossover
2026-05-06 05:11:56 INFO mt5_bot - Balance=102029.96 Equity=102029.96 Spread=0.60 pips
2026-05-06 05:11:56 INFO mt5_bot - Signal=NONE reason=no_closed_bar_crossover price=None trend=bullish rsi=73.4 atr_pips=9.1 adx=56.8
2026-05-06 05:11:56 INFO mt5_bot - ADX boost: adx=56.8 \u2192 risk_pct=1.50%
2026-05-06 05:11:56 INFO mt5_bot - Execution status=skipped reason=no_closed_bar_crossover
2026-05-06 05:12:11 INFO mt5_bot - Balance=102029.96 Equity=102029.96 Spread=0.60 pips
2026-05-06 05:12:11 INFO mt5_bot - Signal=NONE reason=no_closed_bar_crossover price=None trend=bullish rsi=73.4 atr_pips=9.1 adx=56.8
2026-05-06 05:12:11 INFO mt5_bot - ADX boost: adx=56.8 \u2192 risk_pct=1.50%
2026-05-06 05:12:11 INFO mt5_bot - Execution status=skipped reason=no_closed_bar_crossover
2026-05-06 05:12:26 INFO mt5_bot - Balance=102029.96 Equity=102029.96 Spread=0.60 pips
2026-05-06 05:12:26 INFO mt5_bot - Signal=NONE reason=no_closed_bar_crossover price=None trend=bullish rsi=73.4 atr_pips=9.1 adx=56.8
2026-05-06 05:12:26 INFO mt5_bot - ADX boost: adx=56.8 \u2192 risk_pct=1.50%
2026-05-06 05:12:26 INFO mt5_bot - Execution status=skipped reason=no_closed_bar_crossover
2026-05-06 05:12:41 INFO mt5_bot - Balance=102029.96 Equity=102029.96 Spread=0.60 pips
2026-05-06 05:12:41 INFO mt5_bot - Signal=NONE reason=no_closed_bar_crossover price=None trend=bullish rsi=73.4 atr_pips=9.1 adx=56.8
2026-05-06 05:12:41 INFO mt5_bot - ADX boost: adx=56.8 \u2192 risk_pct=1.50%
2026-05-06 05:12:41 INFO mt5_bot - Execution status=skipped reason=no_closed_bar_crossover
2026-05-06 05:12:56 INFO mt5_bot - Balance=102029.96 Equity=102029.96 Spread=0.60 pips
2026-05-06 05:12:56 INFO mt5_bot - Signal=NONE reason=no_closed_bar_crossover price=None trend=bullish rsi=73.4 atr_pips=9.1 adx=56.8
2026-05-06 05:12:56 INFO mt5_bot - ADX boost: adx=56.8 \u2192 risk_pct=1.50%
2026-05-06 05:12:56 INFO mt5_bot - Execution status=skipped reason=no_closed_bar_crossover
2026-05-06 05:13:11 INFO mt5_bot - Balance=102029.96 Equity=102029.96 Spread=0.60 pips
2026-05-06 05:13:11 INFO mt5_bot - Signal=NONE reason=no_closed_bar_crossover price=None trend=bullish rsi=73.4 atr_pips=9.1 adx=56.8
2026-05-06 05:13:11 INFO mt5_bot - ADX boost: adx=56.8 \u2192 risk_pct=1.50%
2026-05-06 05:13:11 INFO mt5_bot - Execution status=skipped reason=no_closed_bar_crossover
2026-05-06 05:13:26 INFO mt5_bot - Balance=102029.96 Equity=102029.96 Spread=0.60 pips
2026-05-06 05:13:26 INFO mt5_bot - Signal=NONE reason=no_closed_bar_crossover price=None trend=bullish rsi=73.4 atr_pips=9.1 adx=56.8
2026-05-06 05:13:26 INFO mt5_bot - ADX boost: adx=56.8 \u2192 risk_pct=1.50%
2026-05-06 05:13:26 INFO mt5_bot - Execution status=skipped reason=no_closed_bar_crossover
2026-05-06 05:13:41 INFO mt5_bot - Balance=102029.96 Equity=102029.96 Spread=0.60 pips
2026-05-06 05:13:41 INFO mt5_bot - Signal=NONE reason=no_closed_bar_crossover price=None trend=bullish rsi=73.4 atr_pips=9.1 adx=56.8
2026-05-06 05:13:41 INFO mt5_bot - ADX boost: adx=56.8 \u2192 risk_pct=1.50%
2026-05-06 05:13:41 INFO mt5_bot - Execution status=skipped reason=no_closed_bar_crossover
2026-05-06 05:13:56 INFO mt5_bot - Balance=102029.96 Equity=102029.96 Spread=0.60 pips
2026-05-06 05:13:56 INFO mt5_bot - Signal=NONE reason=no_closed_bar_crossover price=None trend=bullish rsi=73.4 atr_pips=9.1 adx=56.8
2026-05-06 05:13:56 INFO mt5_bot - ADX boost: adx=56.8 \u2192 risk_pct=1.50%
2026-05-06 05:13:56 INFO mt5_bot - Execution status=skipped reason=no_closed_bar_crossover
2026-05-06 05:14:11 INFO mt5_bot - Balance=102029.96 Equity=102029.96 Spread=0.60 pips
2026-05-06 05:14:11 INFO mt5_bot - Signal=NONE reason=no_closed_bar_crossover price=None trend=bullish rsi=73.4 atr_pips=9.1 adx=56.8
2026-05-06 05:14:11 INFO mt5_bot - ADX boost: adx=56.8 \u2192 risk_pct=1.50%
2026-05-06 05:14:11 INFO mt5_bot - Execution status=skipped reason=no_closed_bar_crossover
2026-05-06 05:14:26 INFO mt5_bot - Balance=102029.96 Equity=102029.96 Spread=0.60 pips
2026-05-06 05:14:26 INFO mt5_bot - Signal=NONE reason=no_closed_bar_crossover price=None trend=bullish rsi=73.4 atr_pips=9.1 adx=56.8
2026-05-06 05:14:26 INFO mt5_bot - ADX boost: adx=56.8 \u2192 risk_pct=1.50%
2026-05-06 05:14:26 INFO mt5_bot - Execution status=skipped reason=no_closed_bar_crossover
2026-05-06 05:14:41 INFO mt5_bot - Balance=102029.96 Equity=102029.96 Spread=0.60 pips
2026-05-06 05:14:41 INFO mt5_bot - Signal=NONE reason=no_closed_bar_crossover price=None trend=bullish rsi=73.4 atr_pips=9.1 adx=56.8
2026-05-06 05:14:41 INFO mt5_bot - ADX boost: adx=56.8 \u2192 risk_pct=1.50%
2026-05-06 05:14:41 INFO mt5_bot - Execution status=skipped reason=no_closed_bar_crossover
2026-05-06 05:14:56 INFO mt5_bot - Balance=102029.96 Equity=102029.96 Spread=0.60 pips
2026-05-06 05:14:56 INFO mt5_bot - Signal=NONE reason=no_closed_bar_crossover price=None trend=bullish rsi=73.4 atr_pips=9.1 adx=56.8
2026-05-06 05:14:56 INFO mt5_bot - ADX boost: adx=56.8 \u2192 risk_pct=1.50%
2026-05-06 05:14:56 INFO mt5_bot - Execution status=skipped reason=no_closed_bar_crossover
2026-05-06 05:15:11 INFO mt5_bot - Balance=102029.96 Equity=102029.96 Spread=0.60 pips
2026-05-06 05:15:11 INFO mt5_bot - Signal=NONE reason=no_closed_bar_crossover price=None trend=bullish rsi=63.7 atr_pips=9.2 adx=57.2
2026-05-06 05:15:11 INFO mt5_bot - ADX boost: adx=57.2 \u2192 risk_pct=1.50%
2026-05-06 05:15:11 INFO mt5_bot - Execution status=skipped reason=no_closed_bar_crossover
2026-05-06 05:15:26 INFO mt5_bot - Balance=102029.96 Equity=102029.96 Spread=0.60 pips
2026-05-06 05:15:26 INFO mt5_bot - Signal=NONE reason=no_closed_bar_crossover price=None trend=bullish rsi=63.7 atr_pips=9.2 adx=57.2
2026-05-06 05:15:26 INFO mt5_bot - ADX boost: adx=57.2 \u2192 risk_pct=1.50%
2026-05-06 05:15:26 INFO mt5_bot - Execution status=skipped reason=no_closed_bar_crossover
2026-05-06 05:15:41 INFO mt5_bot - Balance=102029.96 Equity=102029.96 Spread=0.60 pips
2026-05-06 05:15:41 INFO mt5_bot - Signal=NONE reason=no_closed_bar_crossover price=None trend=bullish rsi=63.7 atr_pips=9.2 adx=57.2
2026-05-06 05:15:41 INFO mt5_bot - ADX boost: adx=57.2 \u2192 risk_pct=1.50%
2026-05-06 05:15:41 INFO mt5_bot - Execution status=skipped reason=no_closed_bar_crossover
2026-05-06 05:15:56 INFO mt5_bot - Balance=102029.96 Equity=102029.96 Spread=0.60 pips
2026-05-06 05:15:56 INFO mt5_bot - Signal=NONE reason=no_closed_bar_crossover price=None trend=bullish rsi=63.7 atr_pips=9.2 adx=57.2
2026-05-06 05:15:56 INFO mt5_bot - ADX boost: adx=57.2 \u2192 risk_pct=1.50%
2026-05-06 05:15:56 INFO mt5_bot - Execution status=skipped reason=no_closed_bar_crossover
2026-05-06 05:16:11 INFO mt5_bot - Balance=102029.96 Equity=102029.96 Spread=0.60 pips
2026-05-06 05:16:11 INFO mt5_bot - Signal=NONE reason=no_closed_bar_crossover price=None trend=bullish rsi=63.7 atr_pips=9.2 adx=57.2
2026-05-06 05:16:11 INFO mt5_bot - ADX boost: adx=57.2 \u2192 risk_pct=1.50%
2026-05-06 05:16:11 INFO mt5_bot - Execution status=skipped reason=no_closed_bar_crossover
2026-05-06 05:16:26 INFO mt5_bot - Balance=102029.96 Equity=102029.96 Spread=0.60 pips
2026-05-06 05:16:26 INFO mt5_bot - Signal=NONE reason=no_closed_bar_crossover price=None trend=bullish rsi=63.7 atr_pips=9.2 adx=57.2
2026-05-06 05:16:26 INFO mt5_bot - ADX boost: adx=57.2 \u2192 risk_pct=1.50%
2026-05-06 05:16:26 INFO mt5_bot - Execution status=skipped reason=no_closed_bar_crossover
2026-05-06 05:16:41 INFO mt5_bot - Balance=102029.96 Equity=102029.96 Spread=0.60 pips
2026-05-06 05:16:41 INFO mt5_bot - Signal=NONE reason=no_closed_bar_crossover price=None trend=bullish rsi=63.7 atr_pips=9.2 adx=57.2
2026-05-06 05:16:41 INFO mt5_bot - ADX boost: adx=57.2 \u2192 risk_pct=1.50%
2026-05-06 05:16:41 INFO mt5_bot - Execution status=skipped reason=no_closed_bar_crossover
2026-05-06 05:16:56 INFO mt5_bot - Balance=102029.96 Equity=102029.96 Spread=0.60 pips
2026-05-06 05:16:56 INFO mt5_bot - Signal=NONE reason=no_closed_bar_crossover price=None trend=bullish rsi=63.7 atr_pips=9.2 adx=57.2
2026-05-06 05:16:56 INFO mt5_bot - ADX boost: adx=57.2 \u2192 risk_pct=1.50%
2026-05-06 05:16:56 INFO mt5_bot - Execution status=skipped reason=no_closed_bar_crossover
2026-05-06 05:17:11 INFO mt5_bot - Balance=102029.96 Equity=102029.96 Spread=0.60 pips
2026-05-06 05:17:11 INFO mt5_bot - Signal=NONE reason=no_closed_bar_crossover price=None trend=bullish rsi=63.7 atr_pips=9.2 adx=57.2
2026-05-06 05:17:11 INFO mt5_bot - ADX boost: adx=57.2 \u2192 risk_pct=1.50%
2026-05-06 05:17:11 INFO mt5_bot - Execution status=skipped reason=no_closed_bar_crossover
2026-05-06 05:17:26 INFO mt5_bot - Balance=102029.96 Equity=102029.96 Spread=0.60 pips
2026-05-06 05:17:26 INFO mt5_bot - Signal=NONE reason=no_closed_bar_crossover price=None trend=bullish rsi=63.7 atr_pips=9.2 adx=57.2
2026-05-06 05:17:26 INFO mt5_bot - ADX boost: adx=57.2 \u2192 risk_pct=1.50%
2026-05-06 05:17:26 INFO mt5_bot - Execution status=skipped reason=no_closed_bar_crossover
2026-05-06 05:17:41 INFO mt5_bot - Balance=102029.96 Equity=102029.96 Spread=0.60 pips
2026-05-06 05:17:42 INFO mt5_bot - Signal=NONE reason=no_closed_bar_crossover price=None trend=bullish rsi=63.7 atr_pips=9.2 adx=57.2
2026-05-06 05:17:42 INFO mt5_bot - ADX boost: adx=57.2 \u2192 risk_pct=1.50%
2026-05-06 05:17:42 INFO mt5_bot - Execution status=skipped reason=no_closed_bar_crossover
2026-05-06 05:17:57 INFO mt5_bot - Balance=102029.96 Equity=102029.96 Spread=0.60 pips
2026-05-06 05:17:57 INFO mt5_bot - Signal=NONE reason=no_closed_bar_crossover price=None trend=bullish rsi=63.7 atr_pips=9.2 adx=57.2
2026-05-06 05:17:57 INFO mt5_bot - ADX boost: adx=57.2 \u2192 risk_pct=1.50%
2026-05-06 05:17:57 INFO mt5_bot - Execution status=skipped reason=no_closed_bar_crossover
2026-05-06 05:18:12 INFO mt5_bot - Balance=102029.96 Equity=102029.96 Spread=0.60 pips
2026-05-06 05:18:12 INFO mt5_bot - Signal=NONE reason=no_closed_bar_crossover price=None trend=bullish rsi=63.7 atr_pips=9.2 adx=57.2
2026-05-06 05:18:12 INFO mt5_bot - ADX boost: adx=57.2 \u2192 risk_pct=1.50%
2026-05-06 05:18:12 INFO mt5_bot - Execution status=skipped reason=no_closed_bar_crossover
2026-05-06 05:18:27 INFO mt5_bot - Balance=102029.96 Equity=102029.96 Spread=0.60 pips
2026-05-06 05:18:27 INFO mt5_bot - Signal=NONE reason=no_closed_bar_crossover price=None trend=bullish rsi=63.7 atr_pips=9.2 adx=57.2
2026-05-06 05:18:27 INFO mt5_bot - ADX boost: adx=57.2 \u2192 risk_pct=1.50%
2026-05-06 05:18:27 INFO mt5_bot - Execution status=skipped reason=no_closed_bar_crossover
2026-05-06 05:18:42 INFO mt5_bot - Balance=102029.96 Equity=102029.96 Spread=0.60 pips
2026-05-06 05:18:42 INFO mt5_bot - Signal=NONE reason=no_closed_bar_crossover price=None trend=bullish rsi=63.7 atr_pips=9.2 adx=57.2
2026-05-06 05:18:42 INFO mt5_bot - ADX boost: adx=57.2 \u2192 risk_pct=1.50%
2026-05-06 05:18:42 INFO mt5_bot - Execution status=skipped reason=no_closed_bar_crossover
2026-05-06 05:18:57 INFO mt5_bot - Balance=102029.96 Equity=102029.96 Spread=0.60 pips
2026-05-06 05:18:57 INFO mt5_bot - Signal=NONE reason=no_closed_bar_crossover price=None trend=bullish rsi=63.7 atr_pips=9.2 adx=57.2
2026-05-06 05:18:57 INFO mt5_bot - ADX boost: adx=57.2 \u2192 risk_pct=1.50%
2026-05-06 05:18:57 INFO mt5_bot - Execution status=skipped reason=no_closed_bar_crossover
2026-05-06 05:19:12 INFO mt5_bot - Balance=102029.96 Equity=102029.96 Spread=0.60 pips
2026-05-06 05:19:12 INFO mt5_bot - Signal=NONE reason=no_closed_bar_crossover price=None trend=bullish rsi=63.7 atr_pips=9.2 adx=57.2
2026-05-06 05:19:12 INFO mt5_bot - ADX boost: adx=57.2 \u2192 risk_pct=1.50%
2026-05-06 05:19:12 INFO mt5_bot - Execution status=skipped reason=no_closed_bar_crossover
2026-05-06 05:19:27 INFO mt5_bot - Balance=102029.96 Equity=102029.96 Spread=0.60 pips
2026-05-06 05:19:27 INFO mt5_bot - Signal=NONE reason=no_closed_bar_crossover price=None trend=bullish rsi=63.7 atr_pips=9.2 adx=57.2
2026-05-06 05:19:27 INFO mt5_bot - ADX boost: adx=57.2 \u2192 risk_pct=1.50%
2026-05-06 05:19:27 INFO mt5_bot - Execution status=skipped reason=no_closed_bar_crossover
2026-05-06 05:19:42 INFO mt5_bot - Balance=102029.96 Equity=102029.96 Spread=0.60 pips
2026-05-06 05:19:42 INFO mt5_bot - Signal=NONE reason=no_closed_bar_crossover price=None trend=bullish rsi=63.7 atr_pips=9.2 adx=57.2
2026-05-06 05:19:42 INFO mt5_bot - ADX boost: adx=57.2 \u2192 risk_pct=1.50%
2026-05-06 05:19:42 INFO mt5_bot - Execution status=skipped reason=no_closed_bar_crossover
2026-05-06 05:19:57 INFO mt5_bot - Balance=102029.96 Equity=102029.96 Spread=0.60 pips
2026-05-06 05:19:57 INFO mt5_bot - Signal=NONE reason=no_closed_bar_crossover price=None trend=bullish rsi=63.7 atr_pips=9.2 adx=57.2
2026-05-06 05:19:57 INFO mt5_bot - ADX boost: adx=57.2 \u2192 risk_pct=1.50%
2026-05-06 05:19:57 INFO mt5_bot - Execution status=skipped reason=no_closed_bar_crossover
2026-05-06 05:20:12 INFO mt5_bot - Balance=102029.96 Equity=102029.96 Spread=0.60 pips
2026-05-06 05:20:12 INFO mt5_bot - Signal=NONE reason=no_closed_bar_crossover price=None trend=bullish rsi=63.7 atr_pips=9.2 adx=57.2
2026-05-06 05:20:12 INFO mt5_bot - ADX boost: adx=57.2 \u2192 risk_pct=1.50%
2026-05-06 05:20:12 INFO mt5_bot - Execution status=skipped reason=no_closed_bar_crossover
2026-05-06 05:20:27 INFO mt5_bot - Balance=102029.96 Equity=102029.96 Spread=0.60 pips
2026-05-06 05:20:27 INFO mt5_bot - Signal=NONE reason=no_closed_bar_crossover price=None trend=bullish rsi=63.7 atr_pips=9.2 adx=57.2
2026-05-06 05:20:27 INFO mt5_bot - ADX boost: adx=57.2 \u2192 risk_pct=1.50%
2026-05-06 05:20:27 INFO mt5_bot - Execution status=skipped reason=no_closed_bar_crossover
2026-05-06 05:20:42 INFO mt5_bot - Balance=102029.96 Equity=102029.96 Spread=0.60 pips
2026-05-06 05:20:42 INFO mt5_bot - Signal=NONE reason=no_closed_bar_crossover price=None trend=bullish rsi=63.7 atr_pips=9.2 adx=57.2
2026-05-06 05:20:42 INFO mt5_bot - ADX boost: adx=57.2 \u2192 risk_pct=1.50%
2026-05-06 05:20:42 INFO mt5_bot - Execution status=skipped reason=no_closed_bar_crossover
2026-05-06 05:20:57 INFO mt5_bot - Balance=102029.96 Equity=102029.96 Spread=0.60 pips
2026-05-06 05:20:57 INFO mt5_bot - Signal=NONE reason=no_closed_bar_crossover price=None trend=bullish rsi=63.7 atr_pips=9.2 adx=57.2
2026-05-06 05:20:57 INFO mt5_bot - ADX boost: adx=57.2 \u2192 risk_pct=1.50%
2026-05-06 05:20:57 INFO mt5_bot - Execution status=skipped reason=no_closed_bar_crossover
2026-05-06 05:21:12 INFO mt5_bot - Balance=102029.96 Equity=102029.96 Spread=0.60 pips
2026-05-06 05:21:12 INFO mt5_bot - Signal=NONE reason=no_closed_bar_crossover price=None trend=bullish rsi=63.7 atr_pips=9.2 adx=57.2
2026-05-06 05:21:12 INFO mt5_bot - ADX boost: adx=57.2 \u2192 risk_pct=1.50%
2026-05-06 05:21:12 INFO mt5_bot - Execution status=skipped reason=no_closed_bar_crossover
2026-05-06 05:21:27 INFO mt5_bot - Balance=102029.96 Equity=102029.96 Spread=0.60 pips
2026-05-06 05:21:27 INFO mt5_bot - Signal=NONE reason=no_closed_bar_crossover price=None trend=bullish rsi=63.7 atr_pips=9.2 adx=57.2
2026-05-06 05:21:27 INFO mt5_bot - ADX boost: adx=57.2 \u2192 risk_pct=1.50%
2026-05-06 05:21:27 INFO mt5_bot - Execution status=skipped reason=no_closed_bar_crossover
2026-05-06 05:21:42 INFO mt5_bot - Balance=102029.96 Equity=102029.96 Spread=0.60 pips
2026-05-06 05:21:42 INFO mt5_bot - Signal=NONE reason=no_closed_bar_crossover price=None trend=bullish rsi=63.7 atr_pips=9.2 adx=57.2
2026-05-06 05:21:42 INFO mt5_bot - ADX boost: adx=57.2 \u2192 risk_pct=1.50%
2026-05-06 05:21:42 INFO mt5_bot - Execution status=skipped reason=no_closed_bar_crossover
2026-05-06 05:21:57 INFO mt5_bot - Balance=102029.96 Equity=102029.96 Spread=0.60 pips
2026-05-06 05:21:57 INFO mt5_bot - Signal=NONE reason=no_closed_bar_crossover price=None trend=bullish rsi=63.7 atr_pips=9.2 adx=57.2
2026-05-06 05:21:57 INFO mt5_bot - ADX boost: adx=57.2 \u2192 risk_pct=1.50%
2026-05-06 05:21:57 INFO mt5_bot - Execution status=skipped reason=no_closed_bar_crossover
2026-05-06 05:22:12 INFO mt5_bot - Balance=102029.96 Equity=102029.96 Spread=0.60 pips
2026-05-06 05:22:12 INFO mt5_bot - Signal=NONE reason=no_closed_bar_crossover price=None trend=bullish rsi=63.7 atr_pips=9.2 adx=57.2
2026-05-06 05:22:12 INFO mt5_bot - ADX boost: adx=57.2 \u2192 risk_pct=1.50%
2026-05-06 05:22:12 INFO mt5_bot - Execution status=skipped reason=no_closed_bar_crossover
2026-05-06 05:22:27 INFO mt5_bot - Balance=102029.96 Equity=102029.96 Spread=0.60 pips
2026-05-06 05:22:27 INFO mt5_bot - Signal=NONE reason=no_closed_bar_crossover price=None trend=bullish rsi=63.7 atr_pips=9.2 adx=57.2
2026-05-06 05:22:27 INFO mt5_bot - ADX boost: adx=57.2 \u2192 risk_pct=1.50%
2026-05-06 05:22:27 INFO mt5_bot - Execution status=skipped reason=no_closed_bar_crossover
2026-05-06 05:22:42 INFO mt5_bot - Balance=102029.96 Equity=102029.96 Spread=0.60 pips
2026-05-06 05:22:42 INFO mt5_bot - Signal=NONE reason=no_closed_bar_crossover price=None trend=bullish rsi=63.7 atr_pips=9.2 adx=57.2
2026-05-06 05:22:42 INFO mt5_bot - ADX boost: adx=57.2 \u2192 risk_pct=1.50%
2026-05-06 05:22:42 INFO mt5_bot - Execution status=skipped reason=no_closed_bar_crossover
2026-05-06 05:22:57 INFO mt5_bot - Balance=102029.96 Equity=102029.96 Spread=0.60 pips
2026-05-06 05:22:57 INFO mt5_bot - Signal=NONE reason=no_closed_bar_crossover price=None trend=bullish rsi=63.7 atr_pips=9.2 adx=57.2
2026-05-06 05:22:57 INFO mt5_bot - ADX boost: adx=57.2 \u2192 risk_pct=1.50%
2026-05-06 05:22:57 INFO mt5_bot - Execution status=skipped reason=no_closed_bar_crossover
2026-05-06 05:23:12 INFO mt5_bot - Balance=102029.96 Equity=102029.96 Spread=0.60 pips
2026-05-06 05:23:12 INFO mt5_bot - Signal=NONE reason=no_closed_bar_crossover price=None trend=bullish rsi=63.7 atr_pips=9.2 adx=57.2
2026-05-06 05:23:12 INFO mt5_bot - ADX boost: adx=57.2 \u2192 risk_pct=1.50%
2026-05-06 05:23:12 INFO mt5_bot - Execution status=skipped reason=no_closed_bar_crossover
2026-05-06 05:23:27 INFO mt5_bot - Balance=102029.96 Equity=102029.96 Spread=0.60 pips
2026-05-06 05:23:27 INFO mt5_bot - Signal=NONE reason=no_closed_bar_crossover price=None trend=bullish rsi=63.7 atr_pips=9.2 adx=57.2
2026-05-06 05:23:27 INFO mt5_bot - ADX boost: adx=57.2 \u2192 risk_pct=1.50%
2026-05-06 05:23:27 INFO mt5_bot - Execution status=skipped reason=no_closed_bar_crossover
2026-05-06 05:23:42 INFO mt5_bot - Balance=102029.96 Equity=102029.96 Spread=0.60 pips
2026-05-06 05:23:42 INFO mt5_bot - Signal=NONE reason=no_closed_bar_crossover price=None trend=bullish rsi=63.7 atr_pips=9.2 adx=57.2
2026-05-06 05:23:42 INFO mt5_bot - ADX boost: adx=57.2 \u2192 risk_pct=1.50%
2026-05-06 05:23:42 INFO mt5_bot - Execution status=skipped reason=no_closed_bar_crossover
2026-05-06 05:23:57 INFO mt5_bot - Balance=102029.96 Equity=102029.96 Spread=0.60 pips
2026-05-06 05:23:57 INFO mt5_bot - Signal=NONE reason=no_closed_bar_crossover price=None trend=bullish rsi=63.7 atr_pips=9.2 adx=57.2
2026-05-06 05:23:57 INFO mt5_bot - ADX boost: adx=57.2 \u2192 risk_pct=1.50%
2026-05-06 05:23:57 INFO mt5_bot - Execution status=skipped reason=no_closed_bar_crossover
2026-05-06 05:24:12 INFO mt5_bot - Balance=102029.96 Equity=102029.96 Spread=0.60 pips
2026-05-06 05:24:12 INFO mt5_bot - Signal=NONE reason=no_closed_bar_crossover price=None trend=bullish rsi=63.7 atr_pips=9.2 adx=57.2
2026-05-06 05:24:12 INFO mt5_bot - ADX boost: adx=57.2 \u2192 risk_pct=1.50%
2026-05-06 05:24:12 INFO mt5_bot - Execution status=skipped reason=no_closed_bar_crossover
2026-05-06 05:24:27 INFO mt5_bot - Balance=102029.96 Equity=102029.96 Spread=0.60 pips
2026-05-06 05:24:27 INFO mt5_bot - Signal=NONE reason=no_closed_bar_crossover price=None trend=bullish rsi=63.7 atr_pips=9.2 adx=57.2
2026-05-06 05:24:27 INFO mt5_bot - ADX boost: adx=57.2 \u2192 risk_pct=1.50%
2026-05-06 05:24:27 INFO mt5_bot - Execution status=skipped reason=no_closed_bar_crossover
2026-05-06 05:24:42 INFO mt5_bot - Balance=102029.96 Equity=102029.96 Spread=0.60 pips
2026-05-06 05:24:42 INFO mt5_bot - Signal=NONE reason=no_closed_bar_crossover price=None trend=bullish rsi=63.7 atr_pips=9.2 adx=57.2
2026-05-06 05:24:42 INFO mt5_bot - ADX boost: adx=57.2 \u2192 risk_pct=1.50%
2026-05-06 05:24:42 INFO mt5_bot - Execution status=skipped reason=no_closed_bar_crossover
2026-05-06 05:24:57 INFO mt5_bot - Balance=102029.96 Equity=102029.96 Spread=0.60 pips
2026-05-06 05:24:57 INFO mt5_bot - Signal=NONE reason=no_closed_bar_crossover price=None trend=bullish rsi=63.7 atr_pips=9.2 adx=57.2
2026-05-06 05:24:57 INFO mt5_bot - ADX boost: adx=57.2 \u2192 risk_pct=1.50%
2026-05-06 05:24:57 INFO mt5_bot - Execution status=skipped reason=no_closed_bar_crossover
2026-05-06 05:25:12 INFO mt5_bot - Balance=102029.96 Equity=102029.96 Spread=0.60 pips
2026-05-06 05:25:12 INFO mt5_bot - Signal=NONE reason=no_closed_bar_crossover price=None trend=bullish rsi=63.7 atr_pips=9.2 adx=57.2
2026-05-06 05:25:12 INFO mt5_bot - ADX boost: adx=57.2 \u2192 risk_pct=1.50%
2026-05-06 05:25:12 INFO mt5_bot - Execution status=skipped reason=no_closed_bar_crossover
2026-05-06 05:25:27 INFO mt5_bot - Balance=102029.96 Equity=102029.96 Spread=0.60 pips
2026-05-06 05:25:27 INFO mt5_bot - Signal=NONE reason=no_closed_bar_crossover price=None trend=bullish rsi=63.7 atr_pips=9.2 adx=57.2
2026-05-06 05:25:27 INFO mt5_bot - ADX boost: adx=57.2 \u2192 risk_pct=1.50%
2026-05-06 05:25:27 INFO mt5_bot - Execution status=skipped reason=no_closed_bar_crossover
2026-05-06 05:25:42 INFO mt5_bot - Balance=102029.96 Equity=102029.96 Spread=0.60 pips
2026-05-06 05:25:42 INFO mt5_bot - Signal=NONE reason=no_closed_bar_crossover price=None trend=bullish rsi=63.7 atr_pips=9.2 adx=57.2
2026-05-06 05:25:42 INFO mt5_bot - ADX boost: adx=57.2 \u2192 risk_pct=1.50%
2026-05-06 05:25:42 INFO mt5_bot - Execution status=skipped reason=no_closed_bar_crossover
2026-05-06 05:25:57 INFO mt5_bot - Balance=102029.96 Equity=102029.96 Spread=0.60 pips
2026-05-06 05:25:57 INFO mt5_bot - Signal=NONE reason=no_closed_bar_crossover price=None trend=bullish rsi=63.7 atr_pips=9.2 adx=57.2
2026-05-06 05:25:57 INFO mt5_bot - ADX boost: adx=57.2 \u2192 risk_pct=1.50%
2026-05-06 05:25:57 INFO mt5_bot - Execution status=skipped reason=no_closed_bar_crossover
2026-05-06 05:26:12 INFO mt5_bot - Balance=102029.96 Equity=102029.96 Spread=0.60 pips
2026-05-06 05:26:12 INFO mt5_bot - Signal=NONE reason=no_closed_bar_crossover price=None trend=bullish rsi=63.7 atr_pips=9.2 adx=57.2
2026-05-06 05:26:12 INFO mt5_bot - ADX boost: adx=57.2 \u2192 risk_pct=1.50%
2026-05-06 05:26:12 INFO mt5_bot - Execution status=skipped reason=no_closed_bar_crossover
2026-05-06 05:26:27 INFO mt5_bot - Balance=102029.96 Equity=102029.96 Spread=0.60 pips
2026-05-06 05:26:27 INFO mt5_bot - Signal=NONE reason=no_closed_bar_crossover price=None trend=bullish rsi=63.7 atr_pips=9.2 adx=57.2
2026-05-06 05:26:27 INFO mt5_bot - ADX boost: adx=57.2 \u2192 risk_pct=1.50%
2026-05-06 05:26:27 INFO mt5_bot - Execution status=skipped reason=no_closed_bar_crossover
2026-05-06 05:26:42 INFO mt5_bot - Balance=102029.96 Equity=102029.96 Spread=0.60 pips
2026-05-06 05:26:42 INFO mt5_bot - Signal=NONE reason=no_closed_bar_crossover price=None trend=bullish rsi=63.7 atr_pips=9.2 adx=57.2
2026-05-06 05:26:42 INFO mt5_bot - ADX boost: adx=57.2 \u2192 risk_pct=1.50%
2026-05-06 05:26:42 INFO mt5_bot - Execution status=skipped reason=no_closed_bar_crossover
2026-05-06 05:26:57 INFO mt5_bot - Balance=102029.96 Equity=102029.96 Spread=0.60 pips
2026-05-06 05:26:57 INFO mt5_bot - Signal=NONE reason=no_closed_bar_crossover price=None trend=bullish rsi=63.7 atr_pips=9.2 adx=57.2
2026-05-06 05:26:57 INFO mt5_bot - ADX boost: adx=57.2 \u2192 risk_pct=1.50%
2026-05-06 05:26:57 INFO mt5_bot - Execution status=skipped reason=no_closed_bar_crossover
2026-05-06 05:27:12 INFO mt5_bot - Balance=102029.96 Equity=102029.96 Spread=0.60 pips
2026-05-06 05:27:12 INFO mt5_bot - Signal=NONE reason=no_closed_bar_crossover price=None trend=bullish rsi=63.7 atr_pips=9.2 adx=57.2
2026-05-06 05:27:12 INFO mt5_bot - ADX boost: adx=57.2 \u2192 risk_pct=1.50%
2026-05-06 05:27:12 INFO mt5_bot - Execution status=skipped reason=no_closed_bar_crossover
2026-05-06 05:27:27 INFO mt5_bot - Balance=102029.96 Equity=102029.96 Spread=0.60 pips
2026-05-06 05:27:27 INFO mt5_bot - Signal=NONE reason=no_closed_bar_crossover price=None trend=bullish rsi=63.7 atr_pips=9.2 adx=57.2
2026-05-06 05:27:27 INFO mt5_bot - ADX boost: adx=57.2 \u2192 risk_pct=1.50%
2026-05-06 05:27:27 INFO mt5_bot - Execution status=skipped reason=no_closed_bar_crossover
2026-05-06 05:27:42 INFO mt5_bot - Balance=102029.96 Equity=102029.96 Spread=0.60 pips
2026-05-06 05:27:42 INFO mt5_bot - Signal=NONE reason=no_closed_bar_crossover price=None trend=bullish rsi=63.7 atr_pips=9.2 adx=57.2
2026-05-06 05:27:42 INFO mt5_bot - ADX boost: adx=57.2 \u2192 risk_pct=1.50%
2026-05-06 05:27:42 INFO mt5_bot - Execution status=skipped reason=no_closed_bar_crossover
2026-05-06 05:27:57 INFO mt5_bot - Balance=102029.96 Equity=102029.96 Spread=0.60 pips
2026-05-06 05:27:57 INFO mt5_bot - Signal=NONE reason=no_closed_bar_crossover price=None trend=bullish rsi=63.7 atr_pips=9.2 adx=57.2
2026-05-06 05:27:57 INFO mt5_bot - ADX boost: adx=57.2 \u2192 risk_pct=1.50%
2026-05-06 05:27:57 INFO mt5_bot - Execution status=skipped reason=no_closed_bar_crossover
2026-05-06 05:28:12 INFO mt5_bot - Balance=102029.96 Equity=102029.96 Spread=0.60 pips
2026-05-06 05:28:12 INFO mt5_bot - Signal=NONE reason=no_closed_bar_crossover price=None trend=bullish rsi=63.7 atr_pips=9.2 adx=57.2
2026-05-06 05:28:12 INFO mt5_bot - ADX boost: adx=57.2 \u2192 risk_pct=1.50%
2026-05-06 05:28:12 INFO mt5_bot - Execution status=skipped reason=no_closed_bar_crossover
2026-05-06 05:28:27 INFO mt5_bot - Balance=102029.96 Equity=102029.96 Spread=0.60 pips
2026-05-06 05:28:27 INFO mt5_bot - Signal=NONE reason=no_closed_bar_crossover price=None trend=bullish rsi=63.7 atr_pips=9.2 adx=57.2
2026-05-06 05:28:27 INFO mt5_bot - ADX boost: adx=57.2 \u2192 risk_pct=1.50%
2026-05-06 05:28:27 INFO mt5_bot - Execution status=skipped reason=no_closed_bar_crossover
2026-05-06 05:28:42 INFO mt5_bot - Balance=102029.96 Equity=102029.96 Spread=0.60 pips
2026-05-06 05:28:42 INFO mt5_bot - Signal=NONE reason=no_closed_bar_crossover price=None trend=bullish rsi=63.7 atr_pips=9.2 adx=57.2
2026-05-06 05:28:42 INFO mt5_bot - ADX boost: adx=57.2 \u2192 risk_pct=1.50%
2026-05-06 05:28:42 INFO mt5_bot - Execution status=skipped reason=no_closed_bar_crossover
2026-05-06 05:28:57 INFO mt5_bot - Balance=102029.96 Equity=102029.96 Spread=0.60 pips
2026-05-06 05:28:57 INFO mt5_bot - Signal=NONE reason=no_closed_bar_crossover price=None trend=bullish rsi=63.7 atr_pips=9.2 adx=57.2
2026-05-06 05:28:57 INFO mt5_bot - ADX boost: adx=57.2 \u2192 risk_pct=1.50%
2026-05-06 05:28:57 INFO mt5_bot - Execution status=skipped reason=no_closed_bar_crossover
2026-05-06 05:29:12 INFO mt5_bot - Balance=102029.96 Equity=102029.96 Spread=0.60 pips
2026-05-06 05:29:12 INFO mt5_bot - Signal=NONE reason=no_closed_bar_crossover price=None trend=bullish rsi=63.7 atr_pips=9.2 adx=57.2
2026-05-06 05:29:12 INFO mt5_bot - ADX boost: adx=57.2 \u2192 risk_pct=1.50%
2026-05-06 05:29:12 INFO mt5_bot - Execution status=skipped reason=no_closed_bar_crossover
2026-05-06 05:29:27 INFO mt5_bot - Balance=102029.96 Equity=102029.96 Spread=0.60 pips
2026-05-06 05:29:27 INFO mt5_bot - Signal=NONE reason=no_closed_bar_crossover price=None trend=bullish rsi=63.7 atr_pips=9.2 adx=57.2
2026-05-06 05:29:27 INFO mt5_bot - ADX boost: adx=57.2 \u2192 risk_pct=1.50%
2026-05-06 05:29:27 INFO mt5_bot - Execution status=skipped reason=no_closed_bar_crossover
2026-05-06 05:29:42 INFO mt5_bot - Balance=102029.96 Equity=102029.96 Spread=0.60 pips
2026-05-06 05:29:42 INFO mt5_bot - Signal=NONE reason=no_closed_bar_crossover price=None trend=bullish rsi=63.7 atr_pips=9.2 adx=57.2
2026-05-06 05:29:42 INFO mt5_bot - ADX boost: adx=57.2 \u2192 risk_pct=1.50%
2026-05-06 05:29:42 INFO mt5_bot - Execution status=skipped reason=no_closed_bar_crossover
2026-05-06 05:29:57 INFO mt5_bot - Balance=102029.96 Equity=102029.96 Spread=0.60 pips
2026-05-06 05:29:57 INFO mt5_bot - Signal=NONE reason=no_closed_bar_crossover price=None trend=bullish rsi=63.7 atr_pips=9.2 adx=57.2
2026-05-06 05:29:57 INFO mt5_bot - ADX boost: adx=57.2 \u2192 risk_pct=1.50%
2026-05-06 05:29:57 INFO mt5_bot - Execution status=skipped reason=no_closed_bar_crossover
2026-05-06 05:30:12 INFO mt5_bot - Balance=102029.96 Equity=102029.96 Spread=0.60 pips
2026-05-06 05:30:12 INFO mt5_bot - Signal=NONE reason=no_closed_bar_crossover price=None trend=bullish rsi=64.3 atr_pips=9.0 adx=57.1
2026-05-06 05:30:12 INFO mt5_bot - ADX boost: adx=57.1 \u2192 risk_pct=1.50%
2026-05-06 05:30:12 INFO mt5_bot - Execution status=skipped reason=no_closed_bar_crossover
2026-05-06 05:30:27 INFO mt5_bot - Balance=102029.96 Equity=102029.96 Spread=0.60 pips
2026-05-06 05:30:27 INFO mt5_bot - Signal=NONE reason=no_closed_bar_crossover price=None trend=bullish rsi=64.3 atr_pips=9.0 adx=57.1
2026-05-06 05:30:27 INFO mt5_bot - ADX boost: adx=57.1 \u2192 risk_pct=1.50%
2026-05-06 05:30:27 INFO mt5_bot - Execution status=skipped reason=no_closed_bar_crossover
2026-05-06 05:30:42 INFO mt5_bot - Balance=102029.96 Equity=102029.96 Spread=0.60 pips
2026-05-06 05:30:42 INFO mt5_bot - Signal=NONE reason=no_closed_bar_crossover price=None trend=bullish rsi=64.3 atr_pips=9.0 adx=57.1
2026-05-06 05:30:42 INFO mt5_bot - ADX boost: adx=57.1 \u2192 risk_pct=1.50%
2026-05-06 05:30:42 INFO mt5_bot - Execution status=skipped reason=no_closed_bar_crossover
2026-05-06 05:30:57 INFO mt5_bot - Balance=102029.96 Equity=102029.96 Spread=0.60 pips
2026-05-06 05:30:57 INFO mt5_bot - Signal=NONE reason=no_closed_bar_crossover price=None trend=bullish rsi=64.3 atr_pips=9.0 adx=57.1
2026-05-06 05:30:57 INFO mt5_bot - ADX boost: adx=57.1 \u2192 risk_pct=1.50%
2026-05-06 05:30:57 INFO mt5_bot - Execution status=skipped reason=no_closed_bar_crossover
2026-05-06 05:31:12 INFO mt5_bot - Balance=102029.96 Equity=102029.96 Spread=0.60 pips
2026-05-06 05:31:12 INFO mt5_bot - Signal=NONE reason=no_closed_bar_crossover price=None trend=bullish rsi=64.3 atr_pips=9.0 adx=57.1
2026-05-06 05:31:12 INFO mt5_bot - ADX boost: adx=57.1 \u2192 risk_pct=1.50%
2026-05-06 05:31:12 INFO mt5_bot - Execution status=skipped reason=no_closed_bar_crossover
2026-05-06 05:31:27 INFO mt5_bot - Balance=102029.96 Equity=102029.96 Spread=0.60 pips
2026-05-06 05:31:27 INFO mt5_bot - Signal=NONE reason=no_closed_bar_crossover price=None trend=bullish rsi=64.3 atr_pips=9.0 adx=57.1
2026-05-06 05:31:27 INFO mt5_bot - ADX boost: adx=57.1 \u2192 risk_pct=1.50%
2026-05-06 05:31:27 INFO mt5_bot - Execution status=skipped reason=no_closed_bar_crossover
2026-05-06 05:31:42 INFO mt5_bot - Balance=102029.96 Equity=102029.96 Spread=0.60 pips
2026-05-06 05:31:42 INFO mt5_bot - Signal=NONE reason=no_closed_bar_crossover price=None trend=bullish rsi=64.3 atr_pips=9.0 adx=57.1
2026-05-06 05:31:42 INFO mt5_bot - ADX boost: adx=57.1 \u2192 risk_pct=1.50%
2026-05-06 05:31:42 INFO mt5_bot - Execution status=skipped reason=no_closed_bar_crossover
2026-05-06 05:31:57 INFO mt5_bot - Balance=102029.96 Equity=102029.96 Spread=0.60 pips
2026-05-06 05:31:57 INFO mt5_bot - Signal=NONE reason=no_closed_bar_crossover price=None trend=bullish rsi=64.3 atr_pips=9.0 adx=57.1
2026-05-06 05:31:57 INFO mt5_bot - ADX boost: adx=57.1 \u2192 risk_pct=1.50%
2026-05-06 05:31:57 INFO mt5_bot - Execution status=skipped reason=no_closed_bar_crossover
2026-05-06 05:32:12 INFO mt5_bot - Balance=102029.96 Equity=102029.96 Spread=0.60 pips
2026-05-06 05:32:12 INFO mt5_bot - Signal=NONE reason=no_closed_bar_crossover price=None trend=bullish rsi=64.3 atr_pips=9.0 adx=57.1
2026-05-06 05:32:12 INFO mt5_bot - ADX boost: adx=57.1 \u2192 risk_pct=1.50%
2026-05-06 05:32:12 INFO mt5_bot - Execution status=skipped reason=no_closed_bar_crossover
2026-05-06 05:32:27 INFO mt5_bot - Balance=102029.96 Equity=102029.96 Spread=0.60 pips
2026-05-06 05:32:27 INFO mt5_bot - Signal=NONE reason=no_closed_bar_crossover price=None trend=bullish rsi=64.3 atr_pips=9.0 adx=57.1
2026-05-06 05:32:27 INFO mt5_bot - ADX boost: adx=57.1 \u2192 risk_pct=1.50%
2026-05-06 05:32:27 INFO mt5_bot - Execution status=skipped reason=no_closed_bar_crossover
2026-05-06 05:32:42 INFO mt5_bot - Balance=102029.96 Equity=102029.96 Spread=0.60 pips
2026-05-06 05:32:42 INFO mt5_bot - Signal=NONE reason=no_closed_bar_crossover price=None trend=bullish rsi=64.3 atr_pips=9.0 adx=57.1
2026-05-06 05:32:42 INFO mt5_bot - ADX boost: adx=57.1 \u2192 risk_pct=1.50%
2026-05-06 05:32:42 INFO mt5_bot - Execution status=skipped reason=no_closed_bar_crossover
2026-05-06 05:32:57 INFO mt5_bot - Balance=102029.96 Equity=102029.96 Spread=0.60 pips
2026-05-06 05:32:57 INFO mt5_bot - Signal=NONE reason=no_closed_bar_crossover price=None trend=bullish rsi=64.3 atr_pips=9.0 adx=57.1
2026-05-06 05:32:57 INFO mt5_bot - ADX boost: adx=57.1 \u2192 risk_pct=1.50%
2026-05-06 05:32:57 INFO mt5_bot - Execution status=skipped reason=no_closed_bar_crossover
2026-05-06 05:33:12 INFO mt5_bot - Balance=102029.96 Equity=102029.96 Spread=0.60 pips
2026-05-06 05:33:12 INFO mt5_bot - Signal=NONE reason=no_closed_bar_crossover price=None trend=bullish rsi=64.3 atr_pips=9.0 adx=57.1
2026-05-06 05:33:12 INFO mt5_bot - ADX boost: adx=57.1 \u2192 risk_pct=1.50%
2026-05-06 05:33:12 INFO mt5_bot - Execution status=skipped reason=no_closed_bar_crossover
2026-05-06 05:33:27 INFO mt5_bot - Balance=102029.96 Equity=102029.96 Spread=0.60 pips
2026-05-06 05:33:27 INFO mt5_bot - Signal=NONE reason=no_closed_bar_crossover price=None trend=bullish rsi=64.3 atr_pips=9.0 adx=57.1
2026-05-06 05:33:27 INFO mt5_bot - ADX boost: adx=57.1 \u2192 risk_pct=1.50%
2026-05-06 05:33:27 INFO mt5_bot - Execution status=skipped reason=no_closed_bar_crossover
2026-05-06 05:33:42 INFO mt5_bot - Balance=102029.96 Equity=102029.96 Spread=0.60 pips
2026-05-06 05:33:42 INFO mt5_bot - Signal=NONE reason=no_closed_bar_crossover price=None trend=bullish rsi=64.3 atr_pips=9.0 adx=57.1
2026-05-06 05:33:42 INFO mt5_bot - ADX boost: adx=57.1 \u2192 risk_pct=1.50%
2026-05-06 05:33:42 INFO mt5_bot - Execution status=skipped reason=no_closed_bar_crossover
2026-05-06 05:33:57 INFO mt5_bot - Balance=102029.96 Equity=102029.96 Spread=0.60 pips
2026-05-06 05:33:58 INFO mt5_bot - Signal=NONE reason=no_closed_bar_crossover price=None trend=bullish rsi=64.3 atr_pips=9.0 adx=57.1
2026-05-06 05:33:58 INFO mt5_bot - ADX boost: adx=57.1 \u2192 risk_pct=1.50%
2026-05-06 05:33:58 INFO mt5_bot - Execution status=skipped reason=no_closed_bar_crossover
2026-05-06 05:34:13 INFO mt5_bot - Balance=102029.96 Equity=102029.96 Spread=0.60 pips
2026-05-06 05:34:13 INFO mt5_bot - Signal=NONE reason=no_closed_bar_crossover price=None trend=bullish rsi=64.3 atr_pips=9.0 adx=57.1
2026-05-06 05:34:13 INFO mt5_bot - ADX boost: adx=57.1 \u2192 risk_pct=1.50%
2026-05-06 05:34:13 INFO mt5_bot - Execution status=skipped reason=no_closed_bar_crossover
2026-05-06 05:34:28 INFO mt5_bot - Balance=102029.96 Equity=102029.96 Spread=0.60 pips
2026-05-06 05:34:28 INFO mt5_bot - Signal=NONE reason=no_closed_bar_crossover price=None trend=bullish rsi=64.3 atr_pips=9.0 adx=57.1
2026-05-06 05:34:28 INFO mt5_bot - ADX boost: adx=57.1 \u2192 risk_pct=1.50%
2026-05-06 05:34:28 INFO mt5_bot - Execution status=skipped reason=no_closed_bar_crossover
2026-05-06 05:34:43 INFO mt5_bot - Balance=102029.96 Equity=102029.96 Spread=0.60 pips
2026-05-06 05:34:43 INFO mt5_bot - Signal=NONE reason=no_closed_bar_crossover price=None trend=bullish rsi=64.3 atr_pips=9.0 adx=57.1
2026-05-06 05:34:43 INFO mt5_bot - ADX boost: adx=57.1 \u2192 risk_pct=1.50%
2026-05-06 05:34:43 INFO mt5_bot - Execution status=skipped reason=no_closed_bar_crossover
2026-05-06 05:34:58 INFO mt5_bot - Balance=102029.96 Equity=102029.96 Spread=0.60 pips
2026-05-06 05:34:58 INFO mt5_bot - Signal=NONE reason=no_closed_bar_crossover price=None trend=bullish rsi=64.3 atr_pips=9.0 adx=57.1
2026-05-06 05:34:58 INFO mt5_bot - ADX boost: adx=57.1 \u2192 risk_pct=1.50%
2026-05-06 05:34:58 INFO mt5_bot - Execution status=skipped reason=no_closed_bar_crossover
2026-05-06 05:35:13 INFO mt5_bot - Balance=102029.96 Equity=102029.96 Spread=0.60 pips
2026-05-06 05:35:13 INFO mt5_bot - Signal=NONE reason=no_closed_bar_crossover price=None trend=bullish rsi=64.3 atr_pips=9.0 adx=57.1
2026-05-06 05:35:13 INFO mt5_bot - ADX boost: adx=57.1 \u2192 risk_pct=1.50%
2026-05-06 05:35:13 INFO mt5_bot - Execution status=skipped reason=no_closed_bar_crossover
2026-05-06 05:35:28 INFO mt5_bot - Balance=102029.96 Equity=102029.96 Spread=0.60 pips
2026-05-06 05:35:28 INFO mt5_bot - Signal=NONE reason=no_closed_bar_crossover price=None trend=bullish rsi=64.3 atr_pips=9.0 adx=57.1
2026-05-06 05:35:28 INFO mt5_bot - ADX boost: adx=57.1 \u2192 risk_pct=1.50%
2026-05-06 05:35:28 INFO mt5_bot - Execution status=skipped reason=no_closed_bar_crossover
2026-05-06 05:35:43 INFO mt5_bot - Balance=102029.96 Equity=102029.96 Spread=0.60 pips
2026-05-06 05:35:43 INFO mt5_bot - Signal=NONE reason=no_closed_bar_crossover price=None trend=bullish rsi=64.3 atr_pips=9.0 adx=57.1
2026-05-06 05:35:43 INFO mt5_bot - ADX boost: adx=57.1 \u2192 risk_pct=1.50%
2026-05-06 05:35:43 INFO mt5_bot - Execution status=skipped reason=no_closed_bar_crossover
2026-05-06 05:35:58 INFO mt5_bot - Balance=102029.96 Equity=102029.96 Spread=0.60 pips
2026-05-06 05:35:58 INFO mt5_bot - Signal=NONE reason=no_closed_bar_crossover price=None trend=bullish rsi=64.3 atr_pips=9.0 adx=57.1
2026-05-06 05:35:58 INFO mt5_bot - ADX boost: adx=57.1 \u2192 risk_pct=1.50%
2026-05-06 05:35:58 INFO mt5_bot - Execution status=skipped reason=no_closed_bar_crossover
2026-05-06 05:36:13 INFO mt5_bot - Balance=102029.96 Equity=102029.96 Spread=0.60 pips
2026-05-06 05:36:13 INFO mt5_bot - Signal=NONE reason=no_closed_bar_crossover price=None trend=bullish rsi=64.3 atr_pips=9.0 adx=57.1
2026-05-06 05:36:13 INFO mt5_bot - ADX boost: adx=57.1 \u2192 risk_pct=1.50%
2026-05-06 05:36:13 INFO mt5_bot - Execution status=skipped reason=no_closed_bar_crossover
2026-05-06 05:36:28 INFO mt5_bot - Balance=102029.96 Equity=102029.96 Spread=0.60 pips
2026-05-06 05:36:28 INFO mt5_bot - Signal=NONE reason=no_closed_bar_crossover price=None trend=bullish rsi=64.3 atr_pips=9.0 adx=57.1
2026-05-06 05:36:28 INFO mt5_bot - ADX boost: adx=57.1 \u2192 risk_pct=1.50%
2026-05-06 05:36:28 INFO mt5_bot - Execution status=skipped reason=no_closed_bar_crossover
2026-05-06 05:36:43 INFO mt5_bot - Balance=102029.96 Equity=102029.96 Spread=0.60 pips
2026-05-06 05:36:43 INFO mt5_bot - Signal=NONE reason=no_closed_bar_crossover price=None trend=bullish rsi=64.3 atr_pips=9.0 adx=57.1
2026-05-06 05:36:43 INFO mt5_bot - ADX boost: adx=57.1 \u2192 risk_pct=1.50%
2026-05-06 05:36:43 INFO mt5_bot - Execution status=skipped reason=no_closed_bar_crossover
2026-05-06 05:36:58 INFO mt5_bot - Balance=102029.96 Equity=102029.96 Spread=0.60 pips
2026-05-06 05:36:58 INFO mt5_bot - Signal=NONE reason=no_closed_bar_crossover price=None trend=bullish rsi=64.3 atr_pips=9.0 adx=57.1
2026-05-06 05:36:58 INFO mt5_bot - ADX boost: adx=57.1 \u2192 risk_pct=1.50%
2026-05-06 05:36:58 INFO mt5_bot - Execution status=skipped reason=no_closed_bar_crossover
2026-05-06 05:37:13 INFO mt5_bot - Balance=102029.96 Equity=102029.96 Spread=0.60 pips
2026-05-06 05:37:13 INFO mt5_bot - Signal=NONE reason=no_closed_bar_crossover price=None trend=bullish rsi=64.3 atr_pips=9.0 adx=57.1
2026-05-06 05:37:13 INFO mt5_bot - ADX boost: adx=57.1 \u2192 risk_pct=1.50%
2026-05-06 05:37:13 INFO mt5_bot - Execution status=skipped reason=no_closed_bar_crossover
2026-05-06 05:37:28 INFO mt5_bot - Balance=102029.96 Equity=102029.96 Spread=0.60 pips
2026-05-06 05:37:28 INFO mt5_bot - Signal=NONE reason=no_closed_bar_crossover price=None trend=bullish rsi=64.3 atr_pips=9.0 adx=57.1
2026-05-06 05:37:28 INFO mt5_bot - ADX boost: adx=57.1 \u2192 risk_pct=1.50%
2026-05-06 05:37:28 INFO mt5_bot - Execution status=skipped reason=no_closed_bar_crossover
2026-05-06 05:37:43 INFO mt5_bot - Balance=102029.96 Equity=102029.96 Spread=0.60 pips
2026-05-06 05:37:43 INFO mt5_bot - Signal=NONE reason=no_closed_bar_crossover price=None trend=bullish rsi=64.3 atr_pips=9.0 adx=57.1
2026-05-06 05:37:43 INFO mt5_bot - ADX boost: adx=57.1 \u2192 risk_pct=1.50%
2026-05-06 05:37:43 INFO mt5_bot - Execution status=skipped reason=no_closed_bar_crossover
2026-05-06 05:37:58 INFO mt5_bot - Balance=102029.96 Equity=102029.96 Spread=0.60 pips
2026-05-06 05:37:58 INFO mt5_bot - Signal=NONE reason=no_closed_bar_crossover price=None trend=bullish rsi=64.3 atr_pips=9.0 adx=57.1
2026-05-06 05:37:58 INFO mt5_bot - ADX boost: adx=57.1 \u2192 risk_pct=1.50%
2026-05-06 05:37:58 INFO mt5_bot - Execution status=skipped reason=no_closed_bar_crossover
2026-05-06 05:38:13 INFO mt5_bot - Balance=102029.96 Equity=102029.96 Spread=0.60 pips
2026-05-06 05:38:13 INFO mt5_bot - Signal=NONE reason=no_closed_bar_crossover price=None trend=bullish rsi=64.3 atr_pips=9.0 adx=57.1
2026-05-06 05:38:13 INFO mt5_bot - ADX boost: adx=57.1 \u2192 risk_pct=1.50%
2026-05-06 05:38:13 INFO mt5_bot - Execution status=skipped reason=no_closed_bar_crossover
2026-05-06 05:38:28 INFO mt5_bot - Balance=102029.96 Equity=102029.96 Spread=0.60 pips
2026-05-06 05:38:28 INFO mt5_bot - Signal=NONE reason=no_closed_bar_crossover price=None trend=bullish rsi=64.3 atr_pips=9.0 adx=57.1
2026-05-06 05:38:28 INFO mt5_bot - ADX boost: adx=57.1 \u2192 risk_pct=1.50%
2026-05-06 05:38:28 INFO mt5_bot - Execution status=skipped reason=no_closed_bar_crossover
2026-05-06 05:38:43 INFO mt5_bot - Balance=102029.96 Equity=102029.96 Spread=0.60 pips
2026-05-06 05:38:43 INFO mt5_bot - Signal=NONE reason=no_closed_bar_crossover price=None trend=bullish rsi=64.3 atr_pips=9.0 adx=57.1
2026-05-06 05:38:43 INFO mt5_bot - ADX boost: adx=57.1 \u2192 risk_pct=1.50%
2026-05-06 05:38:43 INFO mt5_bot - Execution status=skipped reason=no_closed_bar_crossover
2026-05-06 05:38:58 INFO mt5_bot - Balance=102029.96 Equity=102029.96 Spread=0.60 pips
2026-05-06 05:38:58 INFO mt5_bot - Signal=NONE reason=no_closed_bar_crossover price=None trend=bullish rsi=64.3 atr_pips=9.0 adx=57.1
2026-05-06 05:38:58 INFO mt5_bot - ADX boost: adx=57.1 \u2192 risk_pct=1.50%
2026-05-06 05:38:58 INFO mt5_bot - Execution status=skipped reason=no_closed_bar_crossover
2026-05-06 05:39:13 INFO mt5_bot - Balance=102029.96 Equity=102029.96 Spread=0.60 pips
2026-05-06 05:39:13 INFO mt5_bot - Signal=NONE reason=no_closed_bar_crossover price=None trend=bullish rsi=64.3 atr_pips=9.0 adx=57.1
2026-05-06 05:39:13 INFO mt5_bot - ADX boost: adx=57.1 \u2192 risk_pct=1.50%
2026-05-06 05:39:13 INFO mt5_bot - Execution status=skipped reason=no_closed_bar_crossover
2026-05-06 05:39:28 INFO mt5_bot - Balance=102029.96 Equity=102029.96 Spread=0.60 pips
2026-05-06 05:39:28 INFO mt5_bot - Signal=NONE reason=no_closed_bar_crossover price=None trend=bullish rsi=64.3 atr_pips=9.0 adx=57.1
2026-05-06 05:39:28 INFO mt5_bot - ADX boost: adx=57.1 \u2192 risk_pct=1.50%
2026-05-06 05:39:28 INFO mt5_bot - Execution status=skipped reason=no_closed_bar_crossover
2026-05-06 05:39:43 INFO mt5_bot - Balance=102029.96 Equity=102029.96 Spread=0.60 pips
2026-05-06 05:39:43 INFO mt5_bot - Signal=NONE reason=no_closed_bar_crossover price=None trend=bullish rsi=64.3 atr_pips=9.0 adx=57.1
2026-05-06 05:39:43 INFO mt5_bot - ADX boost: adx=57.1 \u2192 risk_pct=1.50%
2026-05-06 05:39:43 INFO mt5_bot - Execution status=skipped reason=no_closed_bar_crossover
2026-05-06 05:39:58 INFO mt5_bot - Balance=102029.96 Equity=102029.96 Spread=0.60 pips
2026-05-06 05:39:58 INFO mt5_bot - Signal=NONE reason=no_closed_bar_crossover price=None trend=bullish rsi=64.3 atr_pips=9.0 adx=57.1
2026-05-06 05:39:58 INFO mt5_bot - ADX boost: adx=57.1 \u2192 risk_pct=1.50%
2026-05-06 05:39:58 INFO mt5_bot - Execution status=skipped reason=no_closed_bar_crossover
2026-05-06 05:40:13 INFO mt5_bot - Balance=102029.96 Equity=102029.96 Spread=0.60 pips
2026-05-06 05:40:13 INFO mt5_bot - Signal=NONE reason=no_closed_bar_crossover price=None trend=bullish rsi=64.3 atr_pips=9.0 adx=57.1
2026-05-06 05:40:13 INFO mt5_bot - ADX boost: adx=57.1 \u2192 risk_pct=1.50%
2026-05-06 05:40:13 INFO mt5_bot - Execution status=skipped reason=no_closed_bar_crossover
2026-05-06 05:40:28 INFO mt5_bot - Balance=102029.96 Equity=102029.96 Spread=0.60 pips
2026-05-06 05:40:28 INFO mt5_bot - Signal=NONE reason=no_closed_bar_crossover price=None trend=bullish rsi=64.3 atr_pips=9.0 adx=57.1
2026-05-06 05:40:28 INFO mt5_bot - ADX boost: adx=57.1 \u2192 risk_pct=1.50%
2026-05-06 05:40:28 INFO mt5_bot - Execution status=skipped reason=no_closed_bar_crossover
2026-05-06 05:40:43 INFO mt5_bot - Balance=102029.96 Equity=102029.96 Spread=0.60 pips
2026-05-06 05:40:43 INFO mt5_bot - Signal=NONE reason=no_closed_bar_crossover price=None trend=bullish rsi=64.3 atr_pips=9.0 adx=57.1
2026-05-06 05:40:43 INFO mt5_bot - ADX boost: adx=57.1 \u2192 risk_pct=1.50%
2026-05-06 05:40:43 INFO mt5_bot - Execution status=skipped reason=no_closed_bar_crossover
2026-05-06 05:40:58 INFO mt5_bot - Balance=102029.96 Equity=102029.96 Spread=0.60 pips
2026-05-06 05:40:58 INFO mt5_bot - Signal=NONE reason=no_closed_bar_crossover price=None trend=bullish rsi=64.3 atr_pips=9.0 adx=57.1
2026-05-06 05:40:58 INFO mt5_bot - ADX boost: adx=57.1 \u2192 risk_pct=1.50%
2026-05-06 05:40:58 INFO mt5_bot - Execution status=skipped reason=no_closed_bar_crossover
2026-05-06 05:41:13 INFO mt5_bot - Balance=102029.96 Equity=102029.96 Spread=0.60 pips
2026-05-06 05:41:13 INFO mt5_bot - Signal=NONE reason=no_closed_bar_crossover price=None trend=bullish rsi=64.3 atr_pips=9.0 adx=57.1
2026-05-06 05:41:13 INFO mt5_bot - ADX boost: adx=57.1 \u2192 risk_pct=1.50%
2026-05-06 05:41:13 INFO mt5_bot - Execution status=skipped reason=no_closed_bar_crossover
2026-05-06 05:41:28 INFO mt5_bot - Balance=102029.96 Equity=102029.96 Spread=0.60 pips
2026-05-06 05:41:28 INFO mt5_bot - Signal=NONE reason=no_closed_bar_crossover price=None trend=bullish rsi=64.3 atr_pips=9.0 adx=57.1
2026-05-06 05:41:28 INFO mt5_bot - ADX boost: adx=57.1 \u2192 risk_pct=1.50%
2026-05-06 05:41:28 INFO mt5_bot - Execution status=skipped reason=no_closed_bar_crossover
2026-05-06 05:41:43 INFO mt5_bot - Balance=102029.96 Equity=102029.96 Spread=0.60 pips
2026-05-06 05:41:43 INFO mt5_bot - Signal=NONE reason=no_closed_bar_crossover price=None trend=bullish rsi=64.3 atr_pips=9.0 adx=57.1
2026-05-06 05:41:43 INFO mt5_bot - ADX boost: adx=57.1 \u2192 risk_pct=1.50%
2026-05-06 05:41:43 INFO mt5_bot - Execution status=skipped reason=no_closed_bar_crossover
2026-05-06 05:41:58 INFO mt5_bot - Balance=102029.96 Equity=102029.96 Spread=0.60 pips
2026-05-06 05:41:58 INFO mt5_bot - Signal=NONE reason=no_closed_bar_crossover price=None trend=bullish rsi=64.3 atr_pips=9.0 adx=57.1
2026-05-06 05:41:58 INFO mt5_bot - ADX boost: adx=57.1 \u2192 risk_pct=1.50%
2026-05-06 05:41:58 INFO mt5_bot - Execution status=skipped reason=no_closed_bar_crossover
2026-05-06 05:42:13 INFO mt5_bot - Balance=102029.96 Equity=102029.96 Spread=0.60 pips
2026-05-06 05:42:13 INFO mt5_bot - Signal=NONE reason=no_closed_bar_crossover price=None trend=bullish rsi=64.3 atr_pips=9.0 adx=57.1
2026-05-06 05:42:13 INFO mt5_bot - ADX boost: adx=57.1 \u2192 risk_pct=1.50%
2026-05-06 05:42:13 INFO mt5_bot - Execution status=skipped reason=no_closed_bar_crossover
2026-05-06 05:42:28 INFO mt5_bot - Balance=102029.96 Equity=102029.96 Spread=0.60 pips
2026-05-06 05:42:28 INFO mt5_bot - Signal=NONE reason=no_closed_bar_crossover price=None trend=bullish rsi=64.3 atr_pips=9.0 adx=57.1
2026-05-06 05:42:28 INFO mt5_bot - ADX boost: adx=57.1 \u2192 risk_pct=1.50%
2026-05-06 05:42:28 INFO mt5_bot - Execution status=skipped reason=no_closed_bar_crossover
2026-05-06 05:42:43 INFO mt5_bot - Balance=102029.96 Equity=102029.96 Spread=0.60 pips
2026-05-06 05:42:43 INFO mt5_bot - Signal=NONE reason=no_closed_bar_crossover price=None trend=bullish rsi=64.3 atr_pips=9.0 adx=57.1
2026-05-06 05:42:43 INFO mt5_bot - ADX boost: adx=57.1 \u2192 risk_pct=1.50%
2026-05-06 05:42:43 INFO mt5_bot - Execution status=skipped reason=no_closed_bar_crossover
2026-05-06 05:42:58 INFO mt5_bot - Balance=102029.96 Equity=102029.96 Spread=0.60 pips
2026-05-06 05:42:58 INFO mt5_bot - Signal=NONE reason=no_closed_bar_crossover price=None trend=bullish rsi=64.3 atr_pips=9.0 adx=57.1
2026-05-06 05:42:58 INFO mt5_bot - ADX boost: adx=57.1 \u2192 risk_pct=1.50%
2026-05-06 05:42:58 INFO mt5_bot - Execution status=skipped reason=no_closed_bar_crossover
2026-05-06 05:43:13 INFO mt5_bot - Balance=102029.96 Equity=102029.96 Spread=0.60 pips
2026-05-06 05:43:13 INFO mt5_bot - Signal=NONE reason=no_closed_bar_crossover price=None trend=bullish rsi=64.3 atr_pips=9.0 adx=57.1
2026-05-06 05:43:13 INFO mt5_bot - ADX boost: adx=57.1 \u2192 risk_pct=1.50%
2026-05-06 05:43:13 INFO mt5_bot - Execution status=skipped reason=no_closed_bar_crossover
2026-05-06 05:43:28 INFO mt5_bot - Balance=102029.96 Equity=102029.96 Spread=0.60 pips
2026-05-06 05:43:28 INFO mt5_bot - Signal=NONE reason=no_closed_bar_crossover price=None trend=bullish rsi=64.3 atr_pips=9.0 adx=57.1
2026-05-06 05:43:28 INFO mt5_bot - ADX boost: adx=57.1 \u2192 risk_pct=1.50%
2026-05-06 05:43:28 INFO mt5_bot - Execution status=skipped reason=no_closed_bar_crossover
2026-05-06 05:43:43 INFO mt5_bot - Balance=102029.96 Equity=102029.96 Spread=0.60 pips
2026-05-06 05:43:43 INFO mt5_bot - Signal=NONE reason=no_closed_bar_crossover price=None trend=bullish rsi=64.3 atr_pips=9.0 adx=57.1
2026-05-06 05:43:43 INFO mt5_bot - ADX boost: adx=57.1 \u2192 risk_pct=1.50%
2026-05-06 05:43:43 INFO mt5_bot - Execution status=skipped reason=no_closed_bar_crossover
2026-05-06 05:43:58 INFO mt5_bot - Balance=102029.96 Equity=102029.96 Spread=0.60 pips
2026-05-06 05:43:58 INFO mt5_bot - Signal=NONE reason=no_closed_bar_crossover price=None trend=bullish rsi=64.3 atr_pips=9.0 adx=57.1
2026-05-06 05:43:58 INFO mt5_bot - ADX boost: adx=57.1 \u2192 risk_pct=1.50%
2026-05-06 05:43:58 INFO mt5_bot - Execution status=skipped reason=no_closed_bar_crossover
2026-05-06 05:44:13 INFO mt5_bot - Balance=102029.96 Equity=102029.96 Spread=0.60 pips
2026-05-06 05:44:13 INFO mt5_bot - Signal=NONE reason=no_closed_bar_crossover price=None trend=bullish rsi=64.3 atr_pips=9.0 adx=57.1
2026-05-06 05:44:13 INFO mt5_bot - ADX boost: adx=57.1 \u2192 risk_pct=1.50%
2026-05-06 05:44:13 INFO mt5_bot - Execution status=skipped reason=no_closed_bar_crossover
2026-05-06 05:44:28 INFO mt5_bot - Balance=102029.96 Equity=102029.96 Spread=0.60 pips
2026-05-06 05:44:28 INFO mt5_bot - Signal=NONE reason=no_closed_bar_crossover price=None trend=bullish rsi=64.3 atr_pips=9.0 adx=57.1
2026-05-06 05:44:28 INFO mt5_bot - ADX boost: adx=57.1 \u2192 risk_pct=1.50%
2026-05-06 05:44:28 INFO mt5_bot - Execution status=skipped reason=no_closed_bar_crossover
2026-05-06 05:44:43 INFO mt5_bot - Balance=102029.96 Equity=102029.96 Spread=0.60 pips
2026-05-06 05:44:43 INFO mt5_bot - Signal=NONE reason=no_closed_bar_crossover price=None trend=bullish rsi=64.3 atr_pips=9.0 adx=57.1
2026-05-06 05:44:43 INFO mt5_bot - ADX boost: adx=57.1 \u2192 risk_pct=1.50%
2026-05-06 05:44:43 INFO mt5_bot - Execution status=skipped reason=no_closed_bar_crossover
2026-05-06 05:44:58 INFO mt5_bot - Balance=102029.96 Equity=102029.96 Spread=0.60 pips
2026-05-06 05:44:58 INFO mt5_bot - Signal=NONE reason=no_closed_bar_crossover price=None trend=bullish rsi=64.3 atr_pips=9.0 adx=57.1
2026-05-06 05:44:58 INFO mt5_bot - ADX boost: adx=57.1 \u2192 risk_pct=1.50%
2026-05-06 05:44:58 INFO mt5_bot - Execution status=skipped reason=no_closed_bar_crossover
2026-05-06 05:45:13 INFO mt5_bot - Balance=102029.96 Equity=102029.96 Spread=0.60 pips
2026-05-06 05:45:13 INFO mt5_bot - Signal=NONE reason=no_closed_bar_crossover price=None trend=bullish rsi=68.9 atr_pips=9.1 adx=57.4
2026-05-06 05:45:13 INFO mt5_bot - ADX boost: adx=57.4 \u2192 risk_pct=1.50%
2026-05-06 05:45:13 INFO mt5_bot - Execution status=skipped reason=no_closed_bar_crossover
2026-05-06 05:45:28 INFO mt5_bot - Balance=102029.96 Equity=102029.96 Spread=0.60 pips
2026-05-06 05:45:28 INFO mt5_bot - Signal=NONE reason=no_closed_bar_crossover price=None trend=bullish rsi=68.9 atr_pips=9.1 adx=57.4
2026-05-06 05:45:28 INFO mt5_bot - ADX boost: adx=57.4 \u2192 risk_pct=1.50%
2026-05-06 05:45:28 INFO mt5_bot - Execution status=skipped reason=no_closed_bar_crossover
2026-05-06 05:45:43 INFO mt5_bot - Balance=102029.96 Equity=102029.96 Spread=0.60 pips
2026-05-06 05:45:43 INFO mt5_bot - Signal=NONE reason=no_closed_bar_crossover price=None trend=bullish rsi=68.9 atr_pips=9.1 adx=57.4
2026-05-06 05:45:43 INFO mt5_bot - ADX boost: adx=57.4 \u2192 risk_pct=1.50%
2026-05-06 05:45:43 INFO mt5_bot - Execution status=skipped reason=no_closed_bar_crossover
2026-05-06 05:45:58 INFO mt5_bot - Balance=102029.96 Equity=102029.96 Spread=0.60 pips
2026-05-06 05:45:58 INFO mt5_bot - Signal=NONE reason=no_closed_bar_crossover price=None trend=bullish rsi=68.9 atr_pips=9.1 adx=57.4
2026-05-06 05:45:58 INFO mt5_bot - ADX boost: adx=57.4 \u2192 risk_pct=1.50%
2026-05-06 05:45:58 INFO mt5_bot - Execution status=skipped reason=no_closed_bar_crossover
2026-05-06 05:46:13 INFO mt5_bot - Balance=102029.96 Equity=102029.96 Spread=0.60 pips
2026-05-06 05:46:13 INFO mt5_bot - Signal=NONE reason=no_closed_bar_crossover price=None trend=bullish rsi=68.9 atr_pips=9.1 adx=57.4
2026-05-06 05:46:13 INFO mt5_bot - ADX boost: adx=57.4 \u2192 risk_pct=1.50%
2026-05-06 05:46:13 INFO mt5_bot - Execution status=skipped reason=no_closed_bar_crossover
2026-05-06 05:46:28 INFO mt5_bot - Balance=102029.96 Equity=102029.96 Spread=0.60 pips
2026-05-06 05:46:28 INFO mt5_bot - Signal=NONE reason=no_closed_bar_crossover price=None trend=bullish rsi=68.9 atr_pips=9.1 adx=57.4
2026-05-06 05:46:28 INFO mt5_bot - ADX boost: adx=57.4 \u2192 risk_pct=1.50%
2026-05-06 05:46:28 INFO mt5_bot - Execution status=skipped reason=no_closed_bar_crossover
2026-05-06 05:46:43 INFO mt5_bot - Balance=102029.96 Equity=102029.96 Spread=0.60 pips
2026-05-06 05:46:43 INFO mt5_bot - Signal=NONE reason=no_closed_bar_crossover price=None trend=bullish rsi=68.9 atr_pips=9.1 adx=57.4
2026-05-06 05:46:43 INFO mt5_bot - ADX boost: adx=57.4 \u2192 risk_pct=1.50%
2026-05-06 05:46:43 INFO mt5_bot - Execution status=skipped reason=no_closed_bar_crossover
2026-05-06 05:46:58 INFO mt5_bot - Balance=102029.96 Equity=102029.96 Spread=0.60 pips
2026-05-06 05:46:58 INFO mt5_bot - Signal=NONE reason=no_closed_bar_crossover price=None trend=bullish rsi=68.9 atr_pips=9.1 adx=57.4
2026-05-06 05:46:58 INFO mt5_bot - ADX boost: adx=57.4 \u2192 risk_pct=1.50%
2026-05-06 05:46:58 INFO mt5_bot - Execution status=skipped reason=no_closed_bar_crossover
2026-05-06 05:47:13 INFO mt5_bot - Balance=102029.96 Equity=102029.96 Spread=0.60 pips
2026-05-06 05:47:13 INFO mt5_bot - Signal=NONE reason=no_closed_bar_crossover price=None trend=bullish rsi=68.9 atr_pips=9.1 adx=57.4
2026-05-06 05:47:13 INFO mt5_bot - ADX boost: adx=57.4 \u2192 risk_pct=1.50%
2026-05-06 05:47:13 INFO mt5_bot - Execution status=skipped reason=no_closed_bar_crossover
2026-05-06 05:47:28 INFO mt5_bot - Balance=102029.96 Equity=102029.96 Spread=0.60 pips
2026-05-06 05:47:28 INFO mt5_bot - Signal=NONE reason=no_closed_bar_crossover price=None trend=bullish rsi=68.9 atr_pips=9.1 adx=57.4
2026-05-06 05:47:28 INFO mt5_bot - ADX boost: adx=57.4 \u2192 risk_pct=1.50%
2026-05-06 05:47:28 INFO mt5_bot - Execution status=skipped reason=no_closed_bar_crossover
2026-05-06 05:47:43 INFO mt5_bot - Balance=102029.96 Equity=102029.96 Spread=0.60 pips
2026-05-06 05:47:43 INFO mt5_bot - Signal=NONE reason=no_closed_bar_crossover price=None trend=bullish rsi=68.9 atr_pips=9.1 adx=57.4
2026-05-06 05:47:43 INFO mt5_bot - ADX boost: adx=57.4 \u2192 risk_pct=1.50%
2026-05-06 05:47:43 INFO mt5_bot - Execution status=skipped reason=no_closed_bar_crossover
2026-05-06 05:47:58 INFO mt5_bot - Balance=102029.96 Equity=102029.96 Spread=0.60 pips
2026-05-06 05:47:58 INFO mt5_bot - Signal=NONE reason=no_closed_bar_crossover price=None trend=bullish rsi=68.9 atr_pips=9.1 adx=57.4
2026-05-06 05:47:58 INFO mt5_bot - ADX boost: adx=57.4 \u2192 risk_pct=1.50%
2026-05-06 05:47:58 INFO mt5_bot - Execution status=skipped reason=no_closed_bar_crossover
2026-05-06 05:48:13 INFO mt5_bot - Balance=102029.96 Equity=102029.96 Spread=0.60 pips
2026-05-06 05:48:13 INFO mt5_bot - Signal=NONE reason=no_closed_bar_crossover price=None trend=bullish rsi=68.9 atr_pips=9.1 adx=57.4
2026-05-06 05:48:13 INFO mt5_bot - ADX boost: adx=57.4 \u2192 risk_pct=1.50%
2026-05-06 05:48:13 INFO mt5_bot - Execution status=skipped reason=no_closed_bar_crossover
2026-05-06 05:48:28 INFO mt5_bot - Balance=102029.96 Equity=102029.96 Spread=0.60 pips
2026-05-06 05:48:28 INFO mt5_bot - Signal=NONE reason=no_closed_bar_crossover price=None trend=bullish rsi=68.9 atr_pips=9.1 adx=57.4
2026-05-06 05:48:28 INFO mt5_bot - ADX boost: adx=57.4 \u2192 risk_pct=1.50%
2026-05-06 05:48:28 INFO mt5_bot - Execution status=skipped reason=no_closed_bar_crossover
2026-05-06 05:48:43 INFO mt5_bot - Balance=102029.96 Equity=102029.96 Spread=0.60 pips
2026-05-06 05:48:43 INFO mt5_bot - Signal=NONE reason=no_closed_bar_crossover price=None trend=bullish rsi=68.9 atr_pips=9.1 adx=57.4
2026-05-06 05:48:43 INFO mt5_bot - ADX boost: adx=57.4 \u2192 risk_pct=1.50%
2026-05-06 05:48:43 INFO mt5_bot - Execution status=skipped reason=no_closed_bar_crossover
2026-05-06 05:48:58 INFO mt5_bot - Balance=102029.96 Equity=102029.96 Spread=0.60 pips
2026-05-06 05:48:58 INFO mt5_bot - Signal=NONE reason=no_closed_bar_crossover price=None trend=bullish rsi=68.9 atr_pips=9.1 adx=57.4
2026-05-06 05:48:58 INFO mt5_bot - ADX boost: adx=57.4 \u2192 risk_pct=1.50%
2026-05-06 05:48:58 INFO mt5_bot - Execution status=skipped reason=no_closed_bar_crossover
2026-05-06 05:49:13 INFO mt5_bot - Balance=102029.96 Equity=102029.96 Spread=0.60 pips
2026-05-06 05:49:13 INFO mt5_bot - Signal=NONE reason=no_closed_bar_crossover price=None trend=bullish rsi=68.9 atr_pips=9.1 adx=57.4
2026-05-06 05:49:13 INFO mt5_bot - ADX boost: adx=57.4 \u2192 risk_pct=1.50%
2026-05-06 05:49:13 INFO mt5_bot - Execution status=skipped reason=no_closed_bar_crossover
2026-05-06 05:49:28 INFO mt5_bot - Balance=102029.96 Equity=102029.96 Spread=0.60 pips
2026-05-06 05:49:28 INFO mt5_bot - Signal=NONE reason=no_closed_bar_crossover price=None trend=bullish rsi=68.9 atr_pips=9.1 adx=57.4
2026-05-06 05:49:28 INFO mt5_bot - ADX boost: adx=57.4 \u2192 risk_pct=1.50%
2026-05-06 05:49:28 INFO mt5_bot - Execution status=skipped reason=no_closed_bar_crossover
2026-05-06 05:49:43 INFO mt5_bot - Balance=102029.96 Equity=102029.96 Spread=0.60 pips
2026-05-06 05:49:43 INFO mt5_bot - Signal=NONE reason=no_closed_bar_crossover price=None trend=bullish rsi=68.9 atr_pips=9.1 adx=57.4
2026-05-06 05:49:43 INFO mt5_bot - ADX boost: adx=57.4 \u2192 risk_pct=1.50%
2026-05-06 05:49:43 INFO mt5_bot - Execution status=skipped reason=no_closed_bar_crossover
2026-05-06 05:49:58 INFO mt5_bot - Balance=102029.96 Equity=102029.96 Spread=0.60 pips
2026-05-06 05:49:58 INFO mt5_bot - Signal=NONE reason=no_closed_bar_crossover price=None trend=bullish rsi=68.9 atr_pips=9.1 adx=57.4
2026-05-06 05:49:58 INFO mt5_bot - ADX boost: adx=57.4 \u2192 risk_pct=1.50%
2026-05-06 05:49:58 INFO mt5_bot - Execution status=skipped reason=no_closed_bar_crossover
2026-05-06 05:50:13 INFO mt5_bot - Balance=102029.96 Equity=102029.96 Spread=0.60 pips
2026-05-06 05:50:14 INFO mt5_bot - Signal=NONE reason=no_closed_bar_crossover price=None trend=bullish rsi=68.9 atr_pips=9.1 adx=57.4
2026-05-06 05:50:14 INFO mt5_bot - ADX boost: adx=57.4 \u2192 risk_pct=1.50%
2026-05-06 05:50:14 INFO mt5_bot - Execution status=skipped reason=no_closed_bar_crossover
2026-05-06 05:50:29 INFO mt5_bot - Balance=102029.96 Equity=102029.96 Spread=0.60 pips
2026-05-06 05:50:29 INFO mt5_bot - Signal=NONE reason=no_closed_bar_crossover price=None trend=bullish rsi=68.9 atr_pips=9.1 adx=57.4
2026-05-06 05:50:29 INFO mt5_bot - ADX boost: adx=57.4 \u2192 risk_pct=1.50%
2026-05-06 05:50:29 INFO mt5_bot - Execution status=skipped reason=no_closed_bar_crossover
2026-05-06 05:50:44 INFO mt5_bot - Balance=102029.96 Equity=102029.96 Spread=0.60 pips
2026-05-06 05:50:44 INFO mt5_bot - Signal=NONE reason=no_closed_bar_crossover price=None trend=bullish rsi=68.9 atr_pips=9.1 adx=57.4
2026-05-06 05:50:44 INFO mt5_bot - ADX boost: adx=57.4 \u2192 risk_pct=1.50%
2026-05-06 05:50:44 INFO mt5_bot - Execution status=skipped reason=no_closed_bar_crossover
2026-05-06 05:50:59 INFO mt5_bot - Balance=102029.96 Equity=102029.96 Spread=0.60 pips
2026-05-06 05:50:59 INFO mt5_bot - Signal=NONE reason=no_closed_bar_crossover price=None trend=bullish rsi=68.9 atr_pips=9.1 adx=57.4
2026-05-06 05:50:59 INFO mt5_bot - ADX boost: adx=57.4 \u2192 risk_pct=1.50%
2026-05-06 05:50:59 INFO mt5_bot - Execution status=skipped reason=no_closed_bar_crossover
2026-05-06 05:51:14 INFO mt5_bot - Balance=102029.96 Equity=102029.96 Spread=0.60 pips
2026-05-06 05:51:14 INFO mt5_bot - Signal=NONE reason=no_closed_bar_crossover price=None trend=bullish rsi=68.9 atr_pips=9.1 adx=57.4
2026-05-06 05:51:14 INFO mt5_bot - ADX boost: adx=57.4 \u2192 risk_pct=1.50%
2026-05-06 05:51:14 INFO mt5_bot - Execution status=skipped reason=no_closed_bar_crossover
2026-05-06 05:51:29 INFO mt5_bot - Balance=102029.96 Equity=102029.96 Spread=0.60 pips
2026-05-06 05:51:29 INFO mt5_bot - Signal=NONE reason=no_closed_bar_crossover price=None trend=bullish rsi=68.9 atr_pips=9.1 adx=57.4
2026-05-06 05:51:29 INFO mt5_bot - ADX boost: adx=57.4 \u2192 risk_pct=1.50%
2026-05-06 05:51:29 INFO mt5_bot - Execution status=skipped reason=no_closed_bar_crossover
2026-05-06 05:51:44 INFO mt5_bot - Balance=102029.96 Equity=102029.96 Spread=0.60 pips
2026-05-06 05:51:44 INFO mt5_bot - Signal=NONE reason=no_closed_bar_crossover price=None trend=bullish rsi=68.9 atr_pips=9.1 adx=57.4
2026-05-06 05:51:44 INFO mt5_bot - ADX boost: adx=57.4 \u2192 risk_pct=1.50%
2026-05-06 05:51:44 INFO mt5_bot - Execution status=skipped reason=no_closed_bar_crossover
2026-05-06 05:51:59 INFO mt5_bot - Balance=102029.96 Equity=102029.96 Spread=0.60 pips
2026-05-06 05:51:59 INFO mt5_bot - Signal=NONE reason=no_closed_bar_crossover price=None trend=bullish rsi=68.9 atr_pips=9.1 adx=57.4
2026-05-06 05:51:59 INFO mt5_bot - ADX boost: adx=57.4 \u2192 risk_pct=1.50%
2026-05-06 05:51:59 INFO mt5_bot - Execution status=skipped reason=no_closed_bar_crossover
2026-05-06 05:52:14 INFO mt5_bot - Balance=102029.96 Equity=102029.96 Spread=0.60 pips
2026-05-06 05:52:14 INFO mt5_bot - Signal=NONE reason=no_closed_bar_crossover price=None trend=bullish rsi=68.9 atr_pips=9.1 adx=57.4
2026-05-06 05:52:14 INFO mt5_bot - ADX boost: adx=57.4 \u2192 risk_pct=1.50%
2026-05-06 05:52:14 INFO mt5_bot - Execution status=skipped reason=no_closed_bar_crossover
2026-05-06 05:52:29 INFO mt5_bot - Balance=102029.96 Equity=102029.96 Spread=0.60 pips
2026-05-06 05:52:29 INFO mt5_bot - Signal=NONE reason=no_closed_bar_crossover price=None trend=bullish rsi=68.9 atr_pips=9.1 adx=57.4
2026-05-06 05:52:29 INFO mt5_bot - ADX boost: adx=57.4 \u2192 risk_pct=1.50%
2026-05-06 05:52:29 INFO mt5_bot - Execution status=skipped reason=no_closed_bar_crossover
2026-05-06 05:52:44 INFO mt5_bot - Balance=102029.96 Equity=102029.96 Spread=0.60 pips
2026-05-06 05:52:44 INFO mt5_bot - Signal=NONE reason=no_closed_bar_crossover price=None trend=bullish rsi=68.9 atr_pips=9.1 adx=57.4
2026-05-06 05:52:44 INFO mt5_bot - ADX boost: adx=57.4 \u2192 risk_pct=1.50%
2026-05-06 05:52:44 INFO mt5_bot - Execution status=skipped reason=no_closed_bar_crossover
2026-05-06 05:52:59 INFO mt5_bot - Balance=102029.96 Equity=102029.96 Spread=0.60 pips
2026-05-06 05:52:59 INFO mt5_bot - Signal=NONE reason=no_closed_bar_crossover price=None trend=bullish rsi=68.9 atr_pips=9.1 adx=57.4
2026-05-06 05:52:59 INFO mt5_bot - ADX boost: adx=57.4 \u2192 risk_pct=1.50%
2026-05-06 05:52:59 INFO mt5_bot - Execution status=skipped reason=no_closed_bar_crossover
2026-05-06 05:53:14 INFO mt5_bot - Balance=102029.96 Equity=102029.96 Spread=0.60 pips
2026-05-06 05:53:14 INFO mt5_bot - Signal=NONE reason=no_closed_bar_crossover price=None trend=bullish rsi=68.9 atr_pips=9.1 adx=57.4
2026-05-06 05:53:14 INFO mt5_bot - ADX boost: adx=57.4 \u2192 risk_pct=1.50%
2026-05-06 05:53:14 INFO mt5_bot - Execution status=skipped reason=no_closed_bar_crossover
2026-05-06 05:53:29 INFO mt5_bot - Balance=102029.96 Equity=102029.96 Spread=0.60 pips
2026-05-06 05:53:29 INFO mt5_bot - Signal=NONE reason=no_closed_bar_crossover price=None trend=bullish rsi=68.9 atr_pips=9.1 adx=57.4
2026-05-06 05:53:29 INFO mt5_bot - ADX boost: adx=57.4 \u2192 risk_pct=1.50%
2026-05-06 05:53:29 INFO mt5_bot - Execution status=skipped reason=no_closed_bar_crossover
2026-05-06 05:53:44 INFO mt5_bot - Balance=102029.96 Equity=102029.96 Spread=0.60 pips
2026-05-06 05:53:44 INFO mt5_bot - Signal=NONE reason=no_closed_bar_crossover price=None trend=bullish rsi=68.9 atr_pips=9.1 adx=57.4
2026-05-06 05:53:44 INFO mt5_bot - ADX boost: adx=57.4 \u2192 risk_pct=1.50%
2026-05-06 05:53:44 INFO mt5_bot - Execution status=skipped reason=no_closed_bar_crossover
2026-05-06 05:53:59 INFO mt5_bot - Balance=102029.96 Equity=102029.96 Spread=0.60 pips
2026-05-06 05:53:59 INFO mt5_bot - Signal=NONE reason=no_closed_bar_crossover price=None trend=bullish rsi=68.9 atr_pips=9.1 adx=57.4
2026-05-06 05:53:59 INFO mt5_bot - ADX boost: adx=57.4 \u2192 risk_pct=1.50%
2026-05-06 05:53:59 INFO mt5_bot - Execution status=skipped reason=no_closed_bar_crossover
2026-05-06 05:54:14 INFO mt5_bot - Balance=102029.96 Equity=102029.96 Spread=0.60 pips
2026-05-06 05:54:14 INFO mt5_bot - Signal=NONE reason=no_closed_bar_crossover price=None trend=bullish rsi=68.9 atr_pips=9.1 adx=57.4
2026-05-06 05:54:14 INFO mt5_bot - ADX boost: adx=57.4 \u2192 risk_pct=1.50%
2026-05-06 05:54:14 INFO mt5_bot - Execution status=skipped reason=no_closed_bar_crossover
2026-05-06 05:54:29 INFO mt5_bot - Balance=102029.96 Equity=102029.96 Spread=0.60 pips
2026-05-06 05:54:29 INFO mt5_bot - Signal=NONE reason=no_closed_bar_crossover price=None trend=bullish rsi=68.9 atr_pips=9.1 adx=57.4
2026-05-06 05:54:29 INFO mt5_bot - ADX boost: adx=57.4 \u2192 risk_pct=1.50%
2026-05-06 05:54:29 INFO mt5_bot - Execution status=skipped reason=no_closed_bar_crossover
2026-05-06 05:54:44 INFO mt5_bot - Balance=102029.96 Equity=102029.96 Spread=0.60 pips
2026-05-06 05:54:44 INFO mt5_bot - Signal=NONE reason=no_closed_bar_crossover price=None trend=bullish rsi=68.9 atr_pips=9.1 adx=57.4
2026-05-06 05:54:44 INFO mt5_bot - ADX boost: adx=57.4 \u2192 risk_pct=1.50%
2026-05-06 05:54:44 INFO mt5_bot - Execution status=skipped reason=no_closed_bar_crossover
2026-05-06 05:54:59 INFO mt5_bot - Balance=102029.96 Equity=102029.96 Spread=0.60 pips
2026-05-06 05:54:59 INFO mt5_bot - Signal=NONE reason=no_closed_bar_crossover price=None trend=bullish rsi=68.9 atr_pips=9.1 adx=57.4
2026-05-06 05:54:59 INFO mt5_bot - ADX boost: adx=57.4 \u2192 risk_pct=1.50%
2026-05-06 05:54:59 INFO mt5_bot - Execution status=skipped reason=no_closed_bar_crossover
2026-05-06 05:55:14 INFO mt5_bot - Balance=102029.96 Equity=102029.96 Spread=0.60 pips
2026-05-06 05:55:14 INFO mt5_bot - Signal=NONE reason=no_closed_bar_crossover price=None trend=bullish rsi=68.9 atr_pips=9.1 adx=57.4
2026-05-06 05:55:14 INFO mt5_bot - ADX boost: adx=57.4 \u2192 risk_pct=1.50%
2026-05-06 05:55:14 INFO mt5_bot - Execution status=skipped reason=no_closed_bar_crossover
2026-05-06 05:55:29 INFO mt5_bot - Balance=102029.96 Equity=102029.96 Spread=0.60 pips
2026-05-06 05:55:29 INFO mt5_bot - Signal=NONE reason=no_closed_bar_crossover price=None trend=bullish rsi=68.9 atr_pips=9.1 adx=57.4
2026-05-06 05:55:29 INFO mt5_bot - ADX boost: adx=57.4 \u2192 risk_pct=1.50%
2026-05-06 05:55:29 INFO mt5_bot - Execution status=skipped reason=no_closed_bar_crossover
2026-05-06 05:55:44 INFO mt5_bot - Balance=102029.96 Equity=102029.96 Spread=0.60 pips
2026-05-06 05:55:44 INFO mt5_bot - Signal=NONE reason=no_closed_bar_crossover price=None trend=bullish rsi=68.9 atr_pips=9.1 adx=57.4
2026-05-06 05:55:44 INFO mt5_bot - ADX boost: adx=57.4 \u2192 risk_pct=1.50%
2026-05-06 05:55:44 INFO mt5_bot - Execution status=skipped reason=no_closed_bar_crossover
2026-05-06 05:55:59 INFO mt5_bot - Balance=102029.96 Equity=102029.96 Spread=0.60 pips
2026-05-06 05:55:59 INFO mt5_bot - Signal=NONE reason=no_closed_bar_crossover price=None trend=bullish rsi=68.9 atr_pips=9.1 adx=57.4
2026-05-06 05:55:59 INFO mt5_bot - ADX boost: adx=57.4 \u2192 risk_pct=1.50%
2026-05-06 05:55:59 INFO mt5_bot - Execution status=skipped reason=no_closed_bar_crossover
2026-05-06 05:56:14 INFO mt5_bot - Balance=102029.96 Equity=102029.96 Spread=0.60 pips
2026-05-06 05:56:14 INFO mt5_bot - Signal=NONE reason=no_closed_bar_crossover price=None trend=bullish rsi=68.9 atr_pips=9.1 adx=57.4
2026-05-06 05:56:14 INFO mt5_bot - ADX boost: adx=57.4 \u2192 risk_pct=1.50%
2026-05-06 05:56:14 INFO mt5_bot - Execution status=skipped reason=no_closed_bar_crossover
2026-05-06 05:56:29 INFO mt5_bot - Balance=102029.96 Equity=102029.96 Spread=0.60 pips
2026-05-06 05:56:29 INFO mt5_bot - Signal=NONE reason=no_closed_bar_crossover price=None trend=bullish rsi=68.9 atr_pips=9.1 adx=57.4
2026-05-06 05:56:29 INFO mt5_bot - ADX boost: adx=57.4 \u2192 risk_pct=1.50%
2026-05-06 05:56:29 INFO mt5_bot - Execution status=skipped reason=no_closed_bar_crossover
2026-05-06 05:56:44 INFO mt5_bot - Balance=102029.96 Equity=102029.96 Spread=0.60 pips
2026-05-06 05:56:44 INFO mt5_bot - Signal=NONE reason=no_closed_bar_crossover price=None trend=bullish rsi=68.9 atr_pips=9.1 adx=57.4
2026-05-06 05:56:44 INFO mt5_bot - ADX boost: adx=57.4 \u2192 risk_pct=1.50%
2026-05-06 05:56:44 INFO mt5_bot - Execution status=skipped reason=no_closed_bar_crossover
2026-05-06 05:56:59 INFO mt5_bot - Balance=102029.96 Equity=102029.96 Spread=0.60 pips
2026-05-06 05:56:59 INFO mt5_bot - Signal=NONE reason=no_closed_bar_crossover price=None trend=bullish rsi=68.9 atr_pips=9.1 adx=57.4
2026-05-06 05:56:59 INFO mt5_bot - ADX boost: adx=57.4 \u2192 risk_pct=1.50%
2026-05-06 05:56:59 INFO mt5_bot - Execution status=skipped reason=no_closed_bar_crossover
2026-05-06 05:57:14 INFO mt5_bot - Balance=102029.96 Equity=102029.96 Spread=0.60 pips
2026-05-06 05:57:14 INFO mt5_bot - Signal=NONE reason=no_closed_bar_crossover price=None trend=bullish rsi=68.9 atr_pips=9.1 adx=57.4
2026-05-06 05:57:14 INFO mt5_bot - ADX boost: adx=57.4 \u2192 risk_pct=1.50%
2026-05-06 05:57:14 INFO mt5_bot - Execution status=skipped reason=no_closed_bar_crossover
2026-05-06 05:57:29 INFO mt5_bot - Balance=102029.96 Equity=102029.96 Spread=0.60 pips
2026-05-06 05:57:29 INFO mt5_bot - Signal=NONE reason=no_closed_bar_crossover price=None trend=bullish rsi=68.9 atr_pips=9.1 adx=57.4
2026-05-06 05:57:29 INFO mt5_bot - ADX boost: adx=57.4 \u2192 risk_pct=1.50%
2026-05-06 05:57:29 INFO mt5_bot - Execution status=skipped reason=no_closed_bar_crossover
2026-05-06 05:57:44 INFO mt5_bot - Balance=102029.96 Equity=102029.96 Spread=0.60 pips
2026-05-06 05:57:44 INFO mt5_bot - Signal=NONE reason=no_closed_bar_crossover price=None trend=bullish rsi=68.9 atr_pips=9.1 adx=57.4
2026-05-06 05:57:44 INFO mt5_bot - ADX boost: adx=57.4 \u2192 risk_pct=1.50%
2026-05-06 05:57:44 INFO mt5_bot - Execution status=skipped reason=no_closed_bar_crossover
2026-05-06 05:57:59 INFO mt5_bot - Balance=102029.96 Equity=102029.96 Spread=0.60 pips
2026-05-06 05:57:59 INFO mt5_bot - Signal=NONE reason=no_closed_bar_crossover price=None trend=bullish rsi=68.9 atr_pips=9.1 adx=57.4
2026-05-06 05:57:59 INFO mt5_bot - ADX boost: adx=57.4 \u2192 risk_pct=1.50%
2026-05-06 05:57:59 INFO mt5_bot - Execution status=skipped reason=no_closed_bar_crossover
2026-05-06 05:58:14 INFO mt5_bot - Balance=102029.96 Equity=102029.96 Spread=0.60 pips
2026-05-06 05:58:14 INFO mt5_bot - Signal=NONE reason=no_closed_bar_crossover price=None trend=bullish rsi=68.9 atr_pips=9.1 adx=57.4
2026-05-06 05:58:14 INFO mt5_bot - ADX boost: adx=57.4 \u2192 risk_pct=1.50%
2026-05-06 05:58:14 INFO mt5_bot - Execution status=skipped reason=no_closed_bar_crossover
2026-05-06 05:58:29 INFO mt5_bot - Balance=102029.96 Equity=102029.96 Spread=0.60 pips
2026-05-06 05:58:29 INFO mt5_bot - Signal=NONE reason=no_closed_bar_crossover price=None trend=bullish rsi=68.9 atr_pips=9.1 adx=57.4
2026-05-06 05:58:29 INFO mt5_bot - ADX boost: adx=57.4 \u2192 risk_pct=1.50%
2026-05-06 05:58:29 INFO mt5_bot - Execution status=skipped reason=no_closed_bar_crossover
2026-05-06 05:58:44 INFO mt5_bot - Balance=102029.96 Equity=102029.96 Spread=0.60 pips
2026-05-06 05:58:44 INFO mt5_bot - Signal=NONE reason=no_closed_bar_crossover price=None trend=bullish rsi=68.9 atr_pips=9.1 adx=57.4
2026-05-06 05:58:44 INFO mt5_bot - ADX boost: adx=57.4 \u2192 risk_pct=1.50%
2026-05-06 05:58:44 INFO mt5_bot - Execution status=skipped reason=no_closed_bar_crossover
2026-05-06 05:58:59 INFO mt5_bot - Balance=102029.96 Equity=102029.96 Spread=0.60 pips
2026-05-06 05:58:59 INFO mt5_bot - Signal=NONE reason=no_closed_bar_crossover price=None trend=bullish rsi=68.9 atr_pips=9.1 adx=57.4
2026-05-06 05:58:59 INFO mt5_bot - ADX boost: adx=57.4 \u2192 risk_pct=1.50%
2026-05-06 05:58:59 INFO mt5_bot - Execution status=skipped reason=no_closed_bar_crossover
2026-05-06 05:59:14 INFO mt5_bot - Balance=102029.96 Equity=102029.96 Spread=0.60 pips
2026-05-06 05:59:14 INFO mt5_bot - Signal=NONE reason=no_closed_bar_crossover price=None trend=bullish rsi=68.9 atr_pips=9.1 adx=57.4
2026-05-06 05:59:14 INFO mt5_bot - ADX boost: adx=57.4 \u2192 risk_pct=1.50%
2026-05-06 05:59:14 INFO mt5_bot - Execution status=skipped reason=no_closed_bar_crossover
2026-05-06 05:59:29 INFO mt5_bot - Balance=102029.96 Equity=102029.96 Spread=0.60 pips
2026-05-06 05:59:29 INFO mt5_bot - Signal=NONE reason=no_closed_bar_crossover price=None trend=bullish rsi=68.9 atr_pips=9.1 adx=57.4
2026-05-06 05:59:29 INFO mt5_bot - ADX boost: adx=57.4 \u2192 risk_pct=1.50%
2026-05-06 05:59:29 INFO mt5_bot - Execution status=skipped reason=no_closed_bar_crossover
2026-05-06 05:59:44 INFO mt5_bot - Balance=102029.96 Equity=102029.96 Spread=0.60 pips
2026-05-06 05:59:44 INFO mt5_bot - Signal=NONE reason=no_closed_bar_crossover price=None trend=bullish rsi=68.9 atr_pips=9.1 adx=57.4
2026-05-06 05:59:44 INFO mt5_bot - ADX boost: adx=57.4 \u2192 risk_pct=1.50%
2026-05-06 05:59:44 INFO mt5_bot - Execution status=skipped reason=no_closed_bar_crossover
2026-05-06 05:59:59 INFO mt5_bot - Balance=102029.96 Equity=102029.96 Spread=0.60 pips
2026-05-06 05:59:59 INFO mt5_bot - Signal=NONE reason=no_closed_bar_crossover price=None trend=bullish rsi=68.9 atr_pips=9.1 adx=57.4
2026-05-06 05:59:59 INFO mt5_bot - ADX boost: adx=57.4 \u2192 risk_pct=1.50%
2026-05-06 05:59:59 INFO mt5_bot - Execution status=skipped reason=no_closed_bar_crossover
2026-05-06 06:00:14 INFO mt5_bot - Balance=102029.96 Equity=102029.96 Spread=0.60 pips
2026-05-06 06:00:14 INFO mt5_bot - Signal=NONE reason=no_closed_bar_crossover price=None trend=bullish rsi=73.0 atr_pips=10.0 adx=58.3
2026-05-06 06:00:14 INFO mt5_bot - ADX boost: adx=58.3 \u2192 risk_pct=1.50%
2026-05-06 06:00:14 INFO mt5_bot - Execution status=skipped reason=no_closed_bar_crossover
2026-05-06 06:00:29 INFO mt5_bot - Balance=102029.96 Equity=102029.96 Spread=0.60 pips
2026-05-06 06:00:29 INFO mt5_bot.news_filter - news_filter: loaded 115 events from shared cache
2026-05-06 06:00:29 INFO mt5_bot - Signal=NONE reason=no_closed_bar_crossover price=None trend=bullish rsi=73.0 atr_pips=10.0 adx=58.3
2026-05-06 06:00:29 INFO mt5_bot - ADX boost: adx=58.3 \u2192 risk_pct=1.50%
2026-05-06 06:00:29 INFO mt5_bot - Execution status=skipped reason=no_closed_bar_crossover
2026-05-06 06:00:44 INFO mt5_bot - Balance=102029.96 Equity=102029.96 Spread=0.60 pips
2026-05-06 06:00:44 INFO mt5_bot - Signal=NONE reason=no_closed_bar_crossover price=None trend=bullish rsi=73.0 atr_pips=10.0 adx=58.3
2026-05-06 06:00:44 INFO mt5_bot - ADX boost: adx=58.3 \u2192 risk_pct=1.50%
2026-05-06 06:00:44 INFO mt5_bot - Execution status=skipped reason=no_closed_bar_crossover
2026-05-06 06:00:59 INFO mt5_bot - Balance=102029.96 Equity=102029.96 Spread=0.60 pips
2026-05-06 06:00:59 INFO mt5_bot - Signal=NONE reason=no_closed_bar_crossover price=None trend=bullish rsi=73.0 atr_pips=10.0 adx=58.3
2026-05-06 06:00:59 INFO mt5_bot - ADX boost: adx=58.3 \u2192 risk_pct=1.50%
2026-05-06 06:00:59 INFO mt5_bot - Execution status=skipped reason=no_closed_bar_crossover
2026-05-06 06:01:14 INFO mt5_bot - Balance=102029.96 Equity=102029.96 Spread=0.60 pips
2026-05-06 06:01:14 INFO mt5_bot - Signal=NONE reason=no_closed_bar_crossover price=None trend=bullish rsi=73.0 atr_pips=10.0 adx=58.3
2026-05-06 06:01:14 INFO mt5_bot - ADX boost: adx=58.3 \u2192 risk_pct=1.50%
2026-05-06 06:01:14 INFO mt5_bot - Execution status=skipped reason=no_closed_bar_crossover
2026-05-06 06:01:29 INFO mt5_bot - Balance=102029.96 Equity=102029.96 Spread=0.60 pips
2026-05-06 06:01:29 INFO mt5_bot - Signal=NONE reason=no_closed_bar_crossover price=None trend=bullish rsi=73.0 atr_pips=10.0 adx=58.3
2026-05-06 06:01:29 INFO mt5_bot - ADX boost: adx=58.3 \u2192 risk_pct=1.50%
2026-05-06 06:01:29 INFO mt5_bot - Execution status=skipped reason=no_closed_bar_crossover
2026-05-06 06:01:44 INFO mt5_bot - Balance=102029.96 Equity=102029.96 Spread=0.60 pips
2026-05-06 06:01:44 INFO mt5_bot - Signal=NONE reason=no_closed_bar_crossover price=None trend=bullish rsi=73.0 atr_pips=10.0 adx=58.3
2026-05-06 06:01:44 INFO mt5_bot - ADX boost: adx=58.3 \u2192 risk_pct=1.50%
2026-05-06 06:01:44 INFO mt5_bot - Execution status=skipped reason=no_closed_bar_crossover
2026-05-06 06:01:59 INFO mt5_bot - Balance=102029.96 Equity=102029.96 Spread=0.60 pips
2026-05-06 06:01:59 INFO mt5_bot - Signal=NONE reason=no_closed_bar_crossover price=None trend=bullish rsi=73.0 atr_pips=10.0 adx=58.3
2026-05-06 06:01:59 INFO mt5_bot - ADX boost: adx=58.3 \u2192 risk_pct=1.50%
2026-05-06 06:01:59 INFO mt5_bot - Execution status=skipped reason=no_closed_bar_crossover
2026-05-06 06:02:14 INFO mt5_bot - Balance=102029.96 Equity=102029.96 Spread=0.60 pips
2026-05-06 06:02:14 INFO mt5_bot - Signal=NONE reason=no_closed_bar_crossover price=None trend=bullish rsi=73.0 atr_pips=10.0 adx=58.3
2026-05-06 06:02:14 INFO mt5_bot - ADX boost: adx=58.3 \u2192 risk_pct=1.50%
2026-05-06 06:02:14 INFO mt5_bot - Execution status=skipped reason=no_closed_bar_crossover
2026-05-06 06:02:29 INFO mt5_bot - Balance=102029.96 Equity=102029.96 Spread=0.60 pips
2026-05-06 06:02:29 INFO mt5_bot - Signal=NONE reason=no_closed_bar_crossover price=None trend=bullish rsi=73.0 atr_pips=10.0 adx=58.3
2026-05-06 06:02:29 INFO mt5_bot - ADX boost: adx=58.3 \u2192 risk_pct=1.50%
2026-05-06 06:02:29 INFO mt5_bot - Execution status=skipped reason=no_closed_bar_crossover
2026-05-06 06:02:44 INFO mt5_bot - Balance=102029.96 Equity=102029.96 Spread=0.60 pips
2026-05-06 06:02:44 INFO mt5_bot - Signal=NONE reason=no_closed_bar_crossover price=None trend=bullish rsi=73.0 atr_pips=10.0 adx=58.3
2026-05-06 06:02:44 INFO mt5_bot - ADX boost: adx=58.3 \u2192 risk_pct=1.50%
2026-05-06 06:02:44 INFO mt5_bot - Execution status=skipped reason=no_closed_bar_crossover
2026-05-06 06:02:59 INFO mt5_bot - Balance=102029.96 Equity=102029.96 Spread=0.60 pips
2026-05-06 06:02:59 INFO mt5_bot - Signal=NONE reason=no_closed_bar_crossover price=None trend=bullish rsi=73.0 atr_pips=10.0 adx=58.3
2026-05-06 06:02:59 INFO mt5_bot - ADX boost: adx=58.3 \u2192 risk_pct=1.50%
2026-05-06 06:02:59 INFO mt5_bot - Execution status=skipped reason=no_closed_bar_crossover
2026-05-06 06:03:14 INFO mt5_bot - Balance=102029.96 Equity=102029.96 Spread=0.60 pips
2026-05-06 06:03:14 INFO mt5_bot - Signal=NONE reason=no_closed_bar_crossover price=None trend=bullish rsi=73.0 atr_pips=10.0 adx=58.3
2026-05-06 06:03:14 INFO mt5_bot - ADX boost: adx=58.3 \u2192 risk_pct=1.50%
2026-05-06 06:03:14 INFO mt5_bot - Execution status=skipped reason=no_closed_bar_crossover
2026-05-06 06:03:29 INFO mt5_bot - Balance=102029.96 Equity=102029.96 Spread=0.60 pips
2026-05-06 06:03:29 INFO mt5_bot - Signal=NONE reason=no_closed_bar_crossover price=None trend=bullish rsi=73.0 atr_pips=10.0 adx=58.3
2026-05-06 06:03:29 INFO mt5_bot - ADX boost: adx=58.3 \u2192 risk_pct=1.50%
2026-05-06 06:03:29 INFO mt5_bot - Execution status=skipped reason=no_closed_bar_crossover
2026-05-06 06:03:44 INFO mt5_bot - Balance=102029.96 Equity=102029.96 Spread=0.60 pips
2026-05-06 06:03:44 INFO mt5_bot - Signal=NONE reason=no_closed_bar_crossover price=None trend=bullish rsi=73.0 atr_pips=10.0 adx=58.3
2026-05-06 06:03:44 INFO mt5_bot - ADX boost: adx=58.3 \u2192 risk_pct=1.50%
2026-05-06 06:03:44 INFO mt5_bot - Execution status=skipped reason=no_closed_bar_crossover
2026-05-06 06:03:59 INFO mt5_bot - Balance=102029.96 Equity=102029.96 Spread=0.60 pips
2026-05-06 06:03:59 INFO mt5_bot - Signal=NONE reason=no_closed_bar_crossover price=None trend=bullish rsi=73.0 atr_pips=10.0 adx=58.3
2026-05-06 06:03:59 INFO mt5_bot - ADX boost: adx=58.3 \u2192 risk_pct=1.50%
2026-05-06 06:03:59 INFO mt5_bot - Execution status=skipped reason=no_closed_bar_crossover
2026-05-06 06:04:14 INFO mt5_bot - Balance=102029.96 Equity=102029.96 Spread=0.60 pips
2026-05-06 06:04:14 INFO mt5_bot - Signal=NONE reason=no_closed_bar_crossover price=None trend=bullish rsi=73.0 atr_pips=10.0 adx=58.3
2026-05-06 06:04:14 INFO mt5_bot - ADX boost: adx=58.3 \u2192 risk_pct=1.50%
2026-05-06 06:04:14 INFO mt5_bot - Execution status=skipped reason=no_closed_bar_crossover
2026-05-06 06:04:29 INFO mt5_bot - Balance=102029.96 Equity=102029.96 Spread=0.60 pips
2026-05-06 06:04:29 INFO mt5_bot - Signal=NONE reason=no_closed_bar_crossover price=None trend=bullish rsi=73.0 atr_pips=10.0 adx=58.3
2026-05-06 06:04:29 INFO mt5_bot - ADX boost: adx=58.3 \u2192 risk_pct=1.50%
2026-05-06 06:04:29 INFO mt5_bot - Execution status=skipped reason=no_closed_bar_crossover
2026-05-06 06:04:44 INFO mt5_bot - Balance=102029.96 Equity=102029.96 Spread=0.60 pips
2026-05-06 06:04:44 INFO mt5_bot - Signal=NONE reason=no_closed_bar_crossover price=None trend=bullish rsi=73.0 atr_pips=10.0 adx=58.3
2026-05-06 06:04:44 INFO mt5_bot - ADX boost: adx=58.3 \u2192 risk_pct=1.50%
2026-05-06 06:04:44 INFO mt5_bot - Execution status=skipped reason=no_closed_bar_crossover
2026-05-06 06:04:59 INFO mt5_bot - Balance=102029.96 Equity=102029.96 Spread=0.60 pips
2026-05-06 06:04:59 INFO mt5_bot - Signal=NONE reason=no_closed_bar_crossover price=None trend=bullish rsi=73.0 atr_pips=10.0 adx=58.3
2026-05-06 06:04:59 INFO mt5_bot - ADX boost: adx=58.3 \u2192 risk_pct=1.50%
2026-05-06 06:04:59 INFO mt5_bot - Execution status=skipped reason=no_closed_bar_crossover
2026-05-06 06:05:14 INFO mt5_bot - Balance=102029.96 Equity=102029.96 Spread=0.60 pips
2026-05-06 06:05:14 INFO mt5_bot - Signal=NONE reason=no_closed_bar_crossover price=None trend=bullish rsi=73.0 atr_pips=10.0 adx=58.3
2026-05-06 06:05:14 INFO mt5_bot - ADX boost: adx=58.3 \u2192 risk_pct=1.50%
2026-05-06 06:05:14 INFO mt5_bot - Execution status=skipped reason=no_closed_bar_crossover
2026-05-06 06:05:29 INFO mt5_bot - Balance=102029.96 Equity=102029.96 Spread=0.60 pips
2026-05-06 06:05:29 INFO mt5_bot - Signal=NONE reason=no_closed_bar_crossover price=None trend=bullish rsi=73.0 atr_pips=10.0 adx=58.3
2026-05-06 06:05:29 INFO mt5_bot - ADX boost: adx=58.3 \u2192 risk_pct=1.50%
2026-05-06 06:05:29 INFO mt5_bot - Execution status=skipped reason=no_closed_bar_crossover
2026-05-06 06:05:44 INFO mt5_bot - Balance=102029.96 Equity=102029.96 Spread=0.60 pips
2026-05-06 06:05:44 INFO mt5_bot - Signal=NONE reason=no_closed_bar_crossover price=None trend=bullish rsi=73.0 atr_pips=10.0 adx=58.3
2026-05-06 06:05:44 INFO mt5_bot - ADX boost: adx=58.3 \u2192 risk_pct=1.50%
2026-05-06 06:05:44 INFO mt5_bot - Execution status=skipped reason=no_closed_bar_crossover
2026-05-06 06:05:59 INFO mt5_bot - Balance=102029.96 Equity=102029.96 Spread=0.60 pips
2026-05-06 06:05:59 INFO mt5_bot - Signal=NONE reason=no_closed_bar_crossover price=None trend=bullish rsi=73.0 atr_pips=10.0 adx=58.3
2026-05-06 06:05:59 INFO mt5_bot - ADX boost: adx=58.3 \u2192 risk_pct=1.50%
2026-05-06 06:05:59 INFO mt5_bot - Execution status=skipped reason=no_closed_bar_crossover
2026-05-06 06:06:14 INFO mt5_bot - Balance=102029.96 Equity=102029.96 Spread=0.60 pips
2026-05-06 06:06:14 INFO mt5_bot - Signal=NONE reason=no_closed_bar_crossover price=None trend=bullish rsi=73.0 atr_pips=10.0 adx=58.3
2026-05-06 06:06:14 INFO mt5_bot - ADX boost: adx=58.3 \u2192 risk_pct=1.50%
2026-05-06 06:06:14 INFO mt5_bot - Execution status=skipped reason=no_closed_bar_crossover
2026-05-06 06:06:29 INFO mt5_bot - Balance=102029.96 Equity=102029.96 Spread=0.60 pips
2026-05-06 06:06:29 INFO mt5_bot - Signal=NONE reason=no_closed_bar_crossover price=None trend=bullish rsi=73.0 atr_pips=10.0 adx=58.3
2026-05-06 06:06:29 INFO mt5_bot - ADX boost: adx=58.3 \u2192 risk_pct=1.50%
2026-05-06 06:06:29 INFO mt5_bot - Execution status=skipped reason=no_closed_bar_crossover
2026-05-06 06:06:44 INFO mt5_bot - Balance=102029.96 Equity=102029.96 Spread=0.60 pips
2026-05-06 06:06:45 INFO mt5_bot - Signal=NONE reason=no_closed_bar_crossover price=None trend=bullish rsi=73.0 atr_pips=10.0 adx=58.3
2026-05-06 06:06:45 INFO mt5_bot - ADX boost: adx=58.3 \u2192 risk_pct=1.50%
2026-05-06 06:06:45 INFO mt5_bot - Execution status=skipped reason=no_closed_bar_crossover
2026-05-06 06:07:00 INFO mt5_bot - Balance=102029.96 Equity=102029.96 Spread=0.60 pips
2026-05-06 06:07:00 INFO mt5_bot - Signal=NONE reason=no_closed_bar_crossover price=None trend=bullish rsi=73.0 atr_pips=10.0 adx=58.3
2026-05-06 06:07:00 INFO mt5_bot - ADX boost: adx=58.3 \u2192 risk_pct=1.50%
2026-05-06 06:07:00 INFO mt5_bot - Execution status=skipped reason=no_closed_bar_crossover
2026-05-06 06:07:15 INFO mt5_bot - Balance=102029.96 Equity=102029.96 Spread=0.60 pips
2026-05-06 06:07:15 INFO mt5_bot - Signal=NONE reason=no_closed_bar_crossover price=None trend=bullish rsi=73.0 atr_pips=10.0 adx=58.3
2026-05-06 06:07:15 INFO mt5_bot - ADX boost: adx=58.3 \u2192 risk_pct=1.50%
2026-05-06 06:07:15 INFO mt5_bot - Execution status=skipped reason=no_closed_bar_crossover
2026-05-06 06:07:30 INFO mt5_bot - Balance=102029.96 Equity=102029.96 Spread=0.60 pips
2026-05-06 06:07:30 INFO mt5_bot - Signal=NONE reason=no_closed_bar_crossover price=None trend=bullish rsi=73.0 atr_pips=10.0 adx=58.3
2026-05-06 06:07:30 INFO mt5_bot - ADX boost: adx=58.3 \u2192 risk_pct=1.50%
2026-05-06 06:07:30 INFO mt5_bot - Execution status=skipped reason=no_closed_bar_crossover
2026-05-06 06:07:45 INFO mt5_bot - Balance=102029.96 Equity=102029.96 Spread=0.60 pips
2026-05-06 06:07:45 INFO mt5_bot - Signal=NONE reason=no_closed_bar_crossover price=None trend=bullish rsi=73.0 atr_pips=10.0 adx=58.3
2026-05-06 06:07:45 INFO mt5_bot - ADX boost: adx=58.3 \u2192 risk_pct=1.50%
2026-05-06 06:07:45 INFO mt5_bot - Execution status=skipped reason=no_closed_bar_crossover
2026-05-06 06:08:00 INFO mt5_bot - Balance=102029.96 Equity=102029.96 Spread=0.60 pips
2026-05-06 06:08:00 INFO mt5_bot - Signal=NONE reason=no_closed_bar_crossover price=None trend=bullish rsi=73.0 atr_pips=10.0 adx=58.3
2026-05-06 06:08:00 INFO mt5_bot - ADX boost: adx=58.3 \u2192 risk_pct=1.50%
2026-05-06 06:08:00 INFO mt5_bot - Execution status=skipped reason=no_closed_bar_crossover
2026-05-06 06:08:15 INFO mt5_bot - Balance=102029.96 Equity=102029.96 Spread=0.60 pips
2026-05-06 06:08:15 INFO mt5_bot - Signal=NONE reason=no_closed_bar_crossover price=None trend=bullish rsi=73.0 atr_pips=10.0 adx=58.3
2026-05-06 06:08:15 INFO mt5_bot - ADX boost: adx=58.3 \u2192 risk_pct=1.50%
2026-05-06 06:08:15 INFO mt5_bot - Execution status=skipped reason=no_closed_bar_crossover
2026-05-06 06:08:30 INFO mt5_bot - Balance=102029.96 Equity=102029.96 Spread=0.60 pips
2026-05-06 06:08:30 INFO mt5_bot - Signal=NONE reason=no_closed_bar_crossover price=None trend=bullish rsi=73.0 atr_pips=10.0 adx=58.3
2026-05-06 06:08:30 INFO mt5_bot - ADX boost: adx=58.3 \u2192 risk_pct=1.50%
2026-05-06 06:08:30 INFO mt5_bot - Execution status=skipped reason=no_closed_bar_crossover
2026-05-06 06:08:45 INFO mt5_bot - Balance=102029.96 Equity=102029.96 Spread=0.60 pips
2026-05-06 06:08:45 INFO mt5_bot - Signal=NONE reason=no_closed_bar_crossover price=None trend=bullish rsi=73.0 atr_pips=10.0 adx=58.3
2026-05-06 06:08:45 INFO mt5_bot - ADX boost: adx=58.3 \u2192 risk_pct=1.50%
2026-05-06 06:08:45 INFO mt5_bot - Execution status=skipped reason=no_closed_bar_crossover
2026-05-06 06:09:00 INFO mt5_bot - Balance=102029.96 Equity=102029.96 Spread=0.60 pips
2026-05-06 06:09:00 INFO mt5_bot - Signal=NONE reason=no_closed_bar_crossover price=None trend=bullish rsi=73.0 atr_pips=10.0 adx=58.3
2026-05-06 06:09:00 INFO mt5_bot - ADX boost: adx=58.3 \u2192 risk_pct=1.50%
2026-05-06 06:09:00 INFO mt5_bot - Execution status=skipped reason=no_closed_bar_crossover
2026-05-06 06:09:15 INFO mt5_bot - Balance=102029.96 Equity=102029.96 Spread=0.60 pips
2026-05-06 06:09:15 INFO mt5_bot - Signal=NONE reason=no_closed_bar_crossover price=None trend=bullish rsi=73.0 atr_pips=10.0 adx=58.3
2026-05-06 06:09:15 INFO mt5_bot - ADX boost: adx=58.3 \u2192 risk_pct=1.50%
2026-05-06 06:09:15 INFO mt5_bot - Execution status=skipped reason=no_closed_bar_crossover
2026-05-06 06:09:30 INFO mt5_bot - Balance=102029.96 Equity=102029.96 Spread=0.60 pips
2026-05-06 06:09:30 INFO mt5_bot - Signal=NONE reason=no_closed_bar_crossover price=None trend=bullish rsi=73.0 atr_pips=10.0 adx=58.3
2026-05-06 06:09:30 INFO mt5_bot - ADX boost: adx=58.3 \u2192 risk_pct=1.50%
2026-05-06 06:09:30 INFO mt5_bot - Execution status=skipped reason=no_closed_bar_crossover
2026-05-06 06:09:45 INFO mt5_bot - Balance=102029.96 Equity=102029.96 Spread=0.60 pips
2026-05-06 06:09:45 INFO mt5_bot - Signal=NONE reason=no_closed_bar_crossover price=None trend=bullish rsi=73.0 atr_pips=10.0 adx=58.3
2026-05-06 06:09:45 INFO mt5_bot - ADX boost: adx=58.3 \u2192 risk_pct=1.50%
2026-05-06 06:09:45 INFO mt5_bot - Execution status=skipped reason=no_closed_bar_crossover
2026-05-06 06:10:00 INFO mt5_bot - Balance=102029.96 Equity=102029.96 Spread=0.60 pips
2026-05-06 06:10:00 INFO mt5_bot - Signal=NONE reason=no_closed_bar_crossover price=None trend=bullish rsi=73.0 atr_pips=10.0 adx=58.3
2026-05-06 06:10:00 INFO mt5_bot - ADX boost: adx=58.3 \u2192 risk_pct=1.50%
2026-05-06 06:10:00 INFO mt5_bot - Execution status=skipped reason=no_closed_bar_crossover
2026-05-06 06:10:15 INFO mt5_bot - Balance=102029.96 Equity=102029.96 Spread=0.60 pips
2026-05-06 06:10:15 INFO mt5_bot - Signal=NONE reason=no_closed_bar_crossover price=None trend=bullish rsi=73.0 atr_pips=10.0 adx=58.3
2026-05-06 06:10:15 INFO mt5_bot - ADX boost: adx=58.3 \u2192 risk_pct=1.50%
2026-05-06 06:10:15 INFO mt5_bot - Execution status=skipped reason=no_closed_bar_crossover
2026-05-06 06:10:30 INFO mt5_bot - Balance=102029.96 Equity=102029.96 Spread=0.60 pips
2026-05-06 06:10:30 INFO mt5_bot - Signal=NONE reason=no_closed_bar_crossover price=None trend=bullish rsi=73.0 atr_pips=10.0 adx=58.3
2026-05-06 06:10:30 INFO mt5_bot - ADX boost: adx=58.3 \u2192 risk_pct=1.50%
2026-05-06 06:10:30 INFO mt5_bot - Execution status=skipped reason=no_closed_bar_crossover
2026-05-06 06:10:45 INFO mt5_bot - Balance=102029.96 Equity=102029.96 Spread=0.60 pips
2026-05-06 06:10:45 INFO mt5_bot - Signal=NONE reason=no_closed_bar_crossover price=None trend=bullish rsi=73.0 atr_pips=10.0 adx=58.3
2026-05-06 06:10:45 INFO mt5_bot - ADX boost: adx=58.3 \u2192 risk_pct=1.50%
2026-05-06 06:10:45 INFO mt5_bot - Execution status=skipped reason=no_closed_bar_crossover
2026-05-06 06:11:00 INFO mt5_bot - Balance=102029.96 Equity=102029.96 Spread=0.60 pips
2026-05-06 06:11:00 INFO mt5_bot - Signal=NONE reason=no_closed_bar_crossover price=None trend=bullish rsi=73.0 atr_pips=10.0 adx=58.3
2026-05-06 06:11:00 INFO mt5_bot - ADX boost: adx=58.3 \u2192 risk_pct=1.50%
2026-05-06 06:11:00 INFO mt5_bot - Execution status=skipped reason=no_closed_bar_crossover
2026-05-06 06:11:15 INFO mt5_bot - Balance=102029.96 Equity=102029.96 Spread=0.60 pips
2026-05-06 06:11:15 INFO mt5_bot - Signal=NONE reason=no_closed_bar_crossover price=None trend=bullish rsi=73.0 atr_pips=10.0 adx=58.3
2026-05-06 06:11:15 INFO mt5_bot - ADX boost: adx=58.3 \u2192 risk_pct=1.50%
2026-05-06 06:11:15 INFO mt5_bot - Execution status=skipped reason=no_closed_bar_crossover
2026-05-06 06:11:30 INFO mt5_bot - Balance=102029.96 Equity=102029.96 Spread=0.60 pips
2026-05-06 06:11:30 INFO mt5_bot - Signal=NONE reason=no_closed_bar_crossover price=None trend=bullish rsi=73.0 atr_pips=10.0 adx=58.3
2026-05-06 06:11:30 INFO mt5_bot - ADX boost: adx=58.3 \u2192 risk_pct=1.50%
2026-05-06 06:11:30 INFO mt5_bot - Execution status=skipped reason=no_closed_bar_crossover
2026-05-06 06:11:45 INFO mt5_bot - Balance=102029.96 Equity=102029.96 Spread=0.60 pips
2026-05-06 06:11:45 INFO mt5_bot - Signal=NONE reason=no_closed_bar_crossover price=None trend=bullish rsi=73.0 atr_pips=10.0 adx=58.3
2026-05-06 06:11:45 INFO mt5_bot - ADX boost: adx=58.3 \u2192 risk_pct=1.50%
2026-05-06 06:11:45 INFO mt5_bot - Execution status=skipped reason=no_closed_bar_crossover
2026-05-06 06:12:00 INFO mt5_bot - Balance=102029.96 Equity=102029.96 Spread=0.60 pips
2026-05-06 06:12:00 INFO mt5_bot - Signal=NONE reason=no_closed_bar_crossover price=None trend=bullish rsi=73.0 atr_pips=10.0 adx=58.3
2026-05-06 06:12:00 INFO mt5_bot - ADX boost: adx=58.3 \u2192 risk_pct=1.50%
2026-05-06 06:12:00 INFO mt5_bot - Execution status=skipped reason=no_closed_bar_crossover
2026-05-06 06:12:15 INFO mt5_bot - Balance=102029.96 Equity=102029.96 Spread=0.60 pips
2026-05-06 06:12:15 INFO mt5_bot - Signal=NONE reason=no_closed_bar_crossover price=None trend=bullish rsi=73.0 atr_pips=10.0 adx=58.3
2026-05-06 06:12:15 INFO mt5_bot - ADX boost: adx=58.3 \u2192 risk_pct=1.50%
2026-05-06 06:12:15 INFO mt5_bot - Execution status=skipped reason=no_closed_bar_crossover
2026-05-06 06:12:30 INFO mt5_bot - Balance=102029.96 Equity=102029.96 Spread=0.60 pips
2026-05-06 06:12:30 INFO mt5_bot - Signal=NONE reason=no_closed_bar_crossover price=None trend=bullish rsi=73.0 atr_pips=10.0 adx=58.3
2026-05-06 06:12:30 INFO mt5_bot - ADX boost: adx=58.3 \u2192 risk_pct=1.50%
2026-05-06 06:12:30 INFO mt5_bot - Execution status=skipped reason=no_closed_bar_crossover
2026-05-06 06:12:45 INFO mt5_bot - Balance=102029.96 Equity=102029.96 Spread=0.60 pips
2026-05-06 06:12:45 INFO mt5_bot - Signal=NONE reason=no_closed_bar_crossover price=None trend=bullish rsi=73.0 atr_pips=10.0 adx=58.3
2026-05-06 06:12:45 INFO mt5_bot - ADX boost: adx=58.3 \u2192 risk_pct=1.50%
2026-05-06 06:12:45 INFO mt5_bot - Execution status=skipped reason=no_closed_bar_crossover
2026-05-06 06:13:00 INFO mt5_bot - Balance=102029.96 Equity=102029.96 Spread=0.60 pips
2026-05-06 06:13:00 INFO mt5_bot - Signal=NONE reason=no_closed_bar_crossover price=None trend=bullish rsi=73.0 atr_pips=10.0 adx=58.3
2026-05-06 06:13:00 INFO mt5_bot - ADX boost: adx=58.3 \u2192 risk_pct=1.50%
2026-05-06 06:13:00 INFO mt5_bot - Execution status=skipped reason=no_closed_bar_crossover
2026-05-06 06:13:15 INFO mt5_bot - Balance=102029.96 Equity=102029.96 Spread=0.60 pips
2026-05-06 06:13:15 INFO mt5_bot - Signal=NONE reason=no_closed_bar_crossover price=None trend=bullish rsi=73.0 atr_pips=10.0 adx=58.3
2026-05-06 06:13:15 INFO mt5_bot - ADX boost: adx=58.3 \u2192 risk_pct=1.50%
2026-05-06 06:13:15 INFO mt5_bot - Execution status=skipped reason=no_closed_bar_crossover
2026-05-06 06:13:30 INFO mt5_bot - Balance=102029.96 Equity=102029.96 Spread=0.60 pips
2026-05-06 06:13:30 INFO mt5_bot - Signal=NONE reason=no_closed_bar_crossover price=None trend=bullish rsi=73.0 atr_pips=10.0 adx=58.3
2026-05-06 06:13:30 INFO mt5_bot - ADX boost: adx=58.3 \u2192 risk_pct=1.50%
2026-05-06 06:13:30 INFO mt5_bot - Execution status=skipped reason=no_closed_bar_crossover
2026-05-06 06:13:45 INFO mt5_bot - Balance=102029.96 Equity=102029.96 Spread=0.60 pips
2026-05-06 06:13:45 INFO mt5_bot - Signal=NONE reason=no_closed_bar_crossover price=None trend=bullish rsi=73.0 atr_pips=10.0 adx=58.3
2026-05-06 06:13:45 INFO mt5_bot - ADX boost: adx=58.3 \u2192 risk_pct=1.50%
2026-05-06 06:13:45 INFO mt5_bot - Execution status=skipped reason=no_closed_bar_crossover
2026-05-06 06:14:00 INFO mt5_bot - Balance=102029.96 Equity=102029.96 Spread=0.60 pips
2026-05-06 06:14:00 INFO mt5_bot - Signal=NONE reason=no_closed_bar_crossover price=None trend=bullish rsi=73.0 atr_pips=10.0 adx=58.3
2026-05-06 06:14:00 INFO mt5_bot - ADX boost: adx=58.3 \u2192 risk_pct=1.50%
2026-05-06 06:14:00 INFO mt5_bot - Execution status=skipped reason=no_closed_bar_crossover
2026-05-06 06:14:15 INFO mt5_bot - Balance=102029.96 Equity=102029.96 Spread=0.60 pips
2026-05-06 06:14:15 INFO mt5_bot - Signal=NONE reason=no_closed_bar_crossover price=None trend=bullish rsi=73.0 atr_pips=10.0 adx=58.3
2026-05-06 06:14:15 INFO mt5_bot - ADX boost: adx=58.3 \u2192 risk_pct=1.50%
2026-05-06 06:14:15 INFO mt5_bot - Execution status=skipped reason=no_closed_bar_crossover
2026-05-06 06:14:30 INFO mt5_bot - Balance=102029.96 Equity=102029.96 Spread=0.60 pips
2026-05-06 06:14:30 INFO mt5_bot - Signal=NONE reason=no_closed_bar_crossover price=None trend=bullish rsi=73.0 atr_pips=10.0 adx=58.3
2026-05-06 06:14:30 INFO mt5_bot - ADX boost: adx=58.3 \u2192 risk_pct=1.50%
2026-05-06 06:14:30 INFO mt5_bot - Execution status=skipped reason=no_closed_bar_crossover
2026-05-06 06:14:45 INFO mt5_bot - Balance=102029.96 Equity=102029.96 Spread=0.60 pips
2026-05-06 06:14:45 INFO mt5_bot - Signal=NONE reason=no_closed_bar_crossover price=None trend=bullish rsi=73.0 atr_pips=10.0 adx=58.3
2026-05-06 06:14:45 INFO mt5_bot - ADX boost: adx=58.3 \u2192 risk_pct=1.50%
2026-05-06 06:14:45 INFO mt5_bot - Execution status=skipped reason=no_closed_bar_crossover
2026-05-06 06:15:00 INFO mt5_bot - Balance=102029.96 Equity=102029.96 Spread=0.60 pips
2026-05-06 06:15:00 INFO mt5_bot - Signal=NONE reason=no_closed_bar_crossover price=None trend=bullish rsi=66.8 atr_pips=10.3 adx=59.2
2026-05-06 06:15:00 INFO mt5_bot - ADX boost: adx=59.2 \u2192 risk_pct=1.50%
2026-05-06 06:15:00 INFO mt5_bot - Execution status=skipped reason=no_closed_bar_crossover
2026-05-06 06:15:15 INFO mt5_bot - Balance=102029.96 Equity=102029.96 Spread=0.60 pips
2026-05-06 06:15:15 INFO mt5_bot - Signal=NONE reason=no_closed_bar_crossover price=None trend=bullish rsi=66.8 atr_pips=10.3 adx=59.2
2026-05-06 06:15:15 INFO mt5_bot - ADX boost: adx=59.2 \u2192 risk_pct=1.50%
2026-05-06 06:15:15 INFO mt5_bot - Execution status=skipped reason=no_closed_bar_crossover
2026-05-06 06:15:30 INFO mt5_bot - Balance=102029.96 Equity=102029.96 Spread=0.60 pips
2026-05-06 06:15:30 INFO mt5_bot - Signal=NONE reason=no_closed_bar_crossover price=None trend=bullish rsi=66.8 atr_pips=10.3 adx=59.2
2026-05-06 06:15:30 INFO mt5_bot - ADX boost: adx=59.2 \u2192 risk_pct=1.50%
2026-05-06 06:15:30 INFO mt5_bot - Execution status=skipped reason=no_closed_bar_crossover
2026-05-06 06:15:45 INFO mt5_bot - Balance=102029.96 Equity=102029.96 Spread=0.60 pips
2026-05-06 06:15:45 INFO mt5_bot - Signal=NONE reason=no_closed_bar_crossover price=None trend=bullish rsi=66.8 atr_pips=10.3 adx=59.2
2026-05-06 06:15:45 INFO mt5_bot - ADX boost: adx=59.2 \u2192 risk_pct=1.50%
2026-05-06 06:15:45 INFO mt5_bot - Execution status=skipped reason=no_closed_bar_crossover
2026-05-06 06:16:00 INFO mt5_bot - Balance=102029.96 Equity=102029.96 Spread=0.60 pips
2026-05-06 06:16:00 INFO mt5_bot - Signal=NONE reason=no_closed_bar_crossover price=None trend=bullish rsi=66.8 atr_pips=10.3 adx=59.2
2026-05-06 06:16:00 INFO mt5_bot - ADX boost: adx=59.2 \u2192 risk_pct=1.50%
2026-05-06 06:16:00 INFO mt5_bot - Execution status=skipped reason=no_closed_bar_crossover
2026-05-06 06:16:15 INFO mt5_bot - Balance=102029.96 Equity=102029.96 Spread=0.60 pips
2026-05-06 06:16:15 INFO mt5_bot - Signal=NONE reason=no_closed_bar_crossover price=None trend=bullish rsi=66.8 atr_pips=10.3 adx=59.2
2026-05-06 06:16:15 INFO mt5_bot - ADX boost: adx=59.2 \u2192 risk_pct=1.50%
2026-05-06 06:16:15 INFO mt5_bot - Execution status=skipped reason=no_closed_bar_crossover
2026-05-06 06:16:30 INFO mt5_bot - Balance=102029.96 Equity=102029.96 Spread=0.60 pips
2026-05-06 06:16:30 INFO mt5_bot - Signal=NONE reason=no_closed_bar_crossover price=None trend=bullish rsi=66.8 atr_pips=10.3 adx=59.2
2026-05-06 06:16:30 INFO mt5_bot - ADX boost: adx=59.2 \u2192 risk_pct=1.50%
2026-05-06 06:16:30 INFO mt5_bot - Execution status=skipped reason=no_closed_bar_crossover
2026-05-06 06:16:45 INFO mt5_bot - Balance=102029.96 Equity=102029.96 Spread=0.60 pips
2026-05-06 06:16:45 INFO mt5_bot - Signal=NONE reason=no_closed_bar_crossover price=None trend=bullish rsi=66.8 atr_pips=10.3 adx=59.2
2026-05-06 06:16:45 INFO mt5_bot - ADX boost: adx=59.2 \u2192 risk_pct=1.50%
2026-05-06 06:16:45 INFO mt5_bot - Execution status=skipped reason=no_closed_bar_crossover
2026-05-06 06:17:00 INFO mt5_bot - Balance=102029.96 Equity=102029.96 Spread=0.60 pips
2026-05-06 06:17:00 INFO mt5_bot - Signal=NONE reason=no_closed_bar_crossover price=None trend=bullish rsi=66.8 atr_pips=10.3 adx=59.2
2026-05-06 06:17:00 INFO mt5_bot - ADX boost: adx=59.2 \u2192 risk_pct=1.50%
2026-05-06 06:17:00 INFO mt5_bot - Execution status=skipped reason=no_closed_bar_crossover
2026-05-06 06:17:15 INFO mt5_bot - Balance=102029.96 Equity=102029.96 Spread=0.60 pips
2026-05-06 06:17:15 INFO mt5_bot - Signal=NONE reason=no_closed_bar_crossover price=None trend=bullish rsi=66.8 atr_pips=10.3 adx=59.2
2026-05-06 06:17:15 INFO mt5_bot - ADX boost: adx=59.2 \u2192 risk_pct=1.50%
2026-05-06 06:17:15 INFO mt5_bot - Execution status=skipped reason=no_closed_bar_crossover
2026-05-06 06:17:30 INFO mt5_bot - Balance=102029.96 Equity=102029.96 Spread=0.60 pips
2026-05-06 06:17:30 INFO mt5_bot - Signal=NONE reason=no_closed_bar_crossover price=None trend=bullish rsi=66.8 atr_pips=10.3 adx=59.2
2026-05-06 06:17:30 INFO mt5_bot - ADX boost: adx=59.2 \u2192 risk_pct=1.50%
2026-05-06 06:17:30 INFO mt5_bot - Execution status=skipped reason=no_closed_bar_crossover
2026-05-06 06:17:45 INFO mt5_bot - Balance=102029.96 Equity=102029.96 Spread=0.60 pips
2026-05-06 06:17:45 INFO mt5_bot - Signal=NONE reason=no_closed_bar_crossover price=None trend=bullish rsi=66.8 atr_pips=10.3 adx=59.2
2026-05-06 06:17:45 INFO mt5_bot - ADX boost: adx=59.2 \u2192 risk_pct=1.50%
2026-05-06 06:17:45 INFO mt5_bot - Execution status=skipped reason=no_closed_bar_crossover
2026-05-06 06:18:00 INFO mt5_bot - Balance=102029.96 Equity=102029.96 Spread=0.60 pips
2026-05-06 06:18:00 INFO mt5_bot - Signal=NONE reason=no_closed_bar_crossover price=None trend=bullish rsi=66.8 atr_pips=10.3 adx=59.2
2026-05-06 06:18:00 INFO mt5_bot - ADX boost: adx=59.2 \u2192 risk_pct=1.50%
2026-05-06 06:18:00 INFO mt5_bot - Execution status=skipped reason=no_closed_bar_crossover
2026-05-06 06:18:15 INFO mt5_bot - Balance=102029.96 Equity=102029.96 Spread=0.60 pips
2026-05-06 06:18:15 INFO mt5_bot - Signal=NONE reason=no_closed_bar_crossover price=None trend=bullish rsi=66.8 atr_pips=10.3 adx=59.2
2026-05-06 06:18:15 INFO mt5_bot - ADX boost: adx=59.2 \u2192 risk_pct=1.50%
2026-05-06 06:18:15 INFO mt5_bot - Execution status=skipped reason=no_closed_bar_crossover
2026-05-06 06:18:30 INFO mt5_bot - Balance=102029.96 Equity=102029.96 Spread=0.60 pips
2026-05-06 06:18:30 INFO mt5_bot - Signal=NONE reason=no_closed_bar_crossover price=None trend=bullish rsi=66.8 atr_pips=10.3 adx=59.2
2026-05-06 06:18:30 INFO mt5_bot - ADX boost: adx=59.2 \u2192 risk_pct=1.50%
2026-05-06 06:18:30 INFO mt5_bot - Execution status=skipped reason=no_closed_bar_crossover
2026-05-06 06:18:45 INFO mt5_bot - Balance=102029.96 Equity=102029.96 Spread=0.60 pips
2026-05-06 06:18:45 INFO mt5_bot - Signal=NONE reason=no_closed_bar_crossover price=None trend=bullish rsi=66.8 atr_pips=10.3 adx=59.2
2026-05-06 06:18:45 INFO mt5_bot - ADX boost: adx=59.2 \u2192 risk_pct=1.50%
2026-05-06 06:18:45 INFO mt5_bot - Execution status=skipped reason=no_closed_bar_crossover
2026-05-06 06:19:01 INFO mt5_bot - Balance=102029.96 Equity=102029.96 Spread=0.60 pips
2026-05-06 06:19:01 INFO mt5_bot - Signal=NONE reason=no_closed_bar_crossover price=None trend=bullish rsi=66.8 atr_pips=10.3 adx=59.2
2026-05-06 06:19:01 INFO mt5_bot - ADX boost: adx=59.2 \u2192 risk_pct=1.50%
2026-05-06 06:19:01 INFO mt5_bot - Execution status=skipped reason=no_closed_bar_crossover
2026-05-06 06:19:16 INFO mt5_bot - Balance=102029.96 Equity=102029.96 Spread=0.60 pips
2026-05-06 06:19:16 INFO mt5_bot - Signal=NONE reason=no_closed_bar_crossover price=None trend=bullish rsi=66.8 atr_pips=10.3 adx=59.2
2026-05-06 06:19:16 INFO mt5_bot - ADX boost: adx=59.2 \u2192 risk_pct=1.50%
2026-05-06 06:19:16 INFO mt5_bot - Execution status=skipped reason=no_closed_bar_crossover
2026-05-06 06:19:31 INFO mt5_bot - Balance=102029.96 Equity=102029.96 Spread=0.60 pips
2026-05-06 06:19:31 INFO mt5_bot - Signal=NONE reason=no_closed_bar_crossover price=None trend=bullish rsi=66.8 atr_pips=10.3 adx=59.2
2026-05-06 06:19:31 INFO mt5_bot - ADX boost: adx=59.2 \u2192 risk_pct=1.50%
2026-05-06 06:19:31 INFO mt5_bot - Execution status=skipped reason=no_closed_bar_crossover
2026-05-06 06:19:46 INFO mt5_bot - Balance=102029.96 Equity=102029.96 Spread=0.60 pips
2026-05-06 06:19:46 INFO mt5_bot - Signal=NONE reason=no_closed_bar_crossover price=None trend=bullish rsi=66.8 atr_pips=10.3 adx=59.2
2026-05-06 06:19:46 INFO mt5_bot - ADX boost: adx=59.2 \u2192 risk_pct=1.50%
2026-05-06 06:19:46 INFO mt5_bot - Execution status=skipped reason=no_closed_bar_crossover
2026-05-06 06:20:01 INFO mt5_bot - Balance=102029.96 Equity=102029.96 Spread=0.60 pips
2026-05-06 06:20:01 INFO mt5_bot - Signal=NONE reason=no_closed_bar_crossover price=None trend=bullish rsi=66.8 atr_pips=10.3 adx=59.2
2026-05-06 06:20:01 INFO mt5_bot - ADX boost: adx=59.2 \u2192 risk_pct=1.50%
2026-05-06 06:20:01 INFO mt5_bot - Execution status=skipped reason=no_closed_bar_crossover
2026-05-06 06:20:16 INFO mt5_bot - Balance=102029.96 Equity=102029.96 Spread=0.60 pips
2026-05-06 06:20:16 INFO mt5_bot - Signal=NONE reason=no_closed_bar_crossover price=None trend=bullish rsi=66.8 atr_pips=10.3 adx=59.2
2026-05-06 06:20:16 INFO mt5_bot - ADX boost: adx=59.2 \u2192 risk_pct=1.50%
2026-05-06 06:20:16 INFO mt5_bot - Execution status=skipped reason=no_closed_bar_crossover
2026-05-06 06:20:31 INFO mt5_bot - Balance=102029.96 Equity=102029.96 Spread=0.60 pips
2026-05-06 06:20:31 INFO mt5_bot - Signal=NONE reason=no_closed_bar_crossover price=None trend=bullish rsi=66.8 atr_pips=10.3 adx=59.2
2026-05-06 06:20:31 INFO mt5_bot - ADX boost: adx=59.2 \u2192 risk_pct=1.50%
2026-05-06 06:20:31 INFO mt5_bot - Execution status=skipped reason=no_closed_bar_crossover
2026-05-06 06:20:46 INFO mt5_bot - Balance=102029.96 Equity=102029.96 Spread=0.60 pips
2026-05-06 06:20:46 INFO mt5_bot - Signal=NONE reason=no_closed_bar_crossover price=None trend=bullish rsi=66.8 atr_pips=10.3 adx=59.2
2026-05-06 06:20:46 INFO mt5_bot - ADX boost: adx=59.2 \u2192 risk_pct=1.50%
2026-05-06 06:20:46 INFO mt5_bot - Execution status=skipped reason=no_closed_bar_crossover
2026-05-06 06:21:01 INFO mt5_bot - Balance=102029.96 Equity=102029.96 Spread=0.60 pips
2026-05-06 06:21:01 INFO mt5_bot - Signal=NONE reason=no_closed_bar_crossover price=None trend=bullish rsi=66.8 atr_pips=10.3 adx=59.2
2026-05-06 06:21:01 INFO mt5_bot - ADX boost: adx=59.2 \u2192 risk_pct=1.50%
2026-05-06 06:21:01 INFO mt5_bot - Execution status=skipped reason=no_closed_bar_crossover
2026-05-06 06:21:16 INFO mt5_bot - Balance=102029.96 Equity=102029.96 Spread=0.60 pips
2026-05-06 06:21:16 INFO mt5_bot - Signal=NONE reason=no_closed_bar_crossover price=None trend=bullish rsi=66.8 atr_pips=10.3 adx=59.2
2026-05-06 06:21:16 INFO mt5_bot - ADX boost: adx=59.2 \u2192 risk_pct=1.50%
2026-05-06 06:21:16 INFO mt5_bot - Execution status=skipped reason=no_closed_bar_crossover
2026-05-06 06:21:31 INFO mt5_bot - Balance=102029.96 Equity=102029.96 Spread=0.60 pips
2026-05-06 06:21:31 INFO mt5_bot - Signal=NONE reason=no_closed_bar_crossover price=None trend=bullish rsi=66.8 atr_pips=10.3 adx=59.2
2026-05-06 06:21:31 INFO mt5_bot - ADX boost: adx=59.2 \u2192 risk_pct=1.50%
2026-05-06 06:21:31 INFO mt5_bot - Execution status=skipped reason=no_closed_bar_crossover
2026-05-06 06:21:46 INFO mt5_bot - Balance=102029.96 Equity=102029.96 Spread=0.60 pips
2026-05-06 06:21:46 INFO mt5_bot - Signal=NONE reason=no_closed_bar_crossover price=None trend=bullish rsi=66.8 atr_pips=10.3 adx=59.2
2026-05-06 06:21:46 INFO mt5_bot - ADX boost: adx=59.2 \u2192 risk_pct=1.50%
2026-05-06 06:21:46 INFO mt5_bot - Execution status=skipped reason=no_closed_bar_crossover
2026-05-06 06:22:01 INFO mt5_bot - Balance=102029.96 Equity=102029.96 Spread=0.60 pips
2026-05-06 06:22:01 INFO mt5_bot - Signal=NONE reason=no_closed_bar_crossover price=None trend=bullish rsi=66.8 atr_pips=10.3 adx=59.2
2026-05-06 06:22:01 INFO mt5_bot - ADX boost: adx=59.2 \u2192 risk_pct=1.50%
2026-05-06 06:22:01 INFO mt5_bot - Execution status=skipped reason=no_closed_bar_crossover
2026-05-06 06:22:16 INFO mt5_bot - Balance=102029.96 Equity=102029.96 Spread=0.60 pips
2026-05-06 06:22:16 INFO mt5_bot - Signal=NONE reason=no_closed_bar_crossover price=None trend=bullish rsi=66.8 atr_pips=10.3 adx=59.2
2026-05-06 06:22:16 INFO mt5_bot - ADX boost: adx=59.2 \u2192 risk_pct=1.50%
2026-05-06 06:22:16 INFO mt5_bot - Execution status=skipped reason=no_closed_bar_crossover
2026-05-06 06:22:31 INFO mt5_bot - Balance=102029.96 Equity=102029.96 Spread=0.60 pips
2026-05-06 06:22:31 INFO mt5_bot - Signal=NONE reason=no_closed_bar_crossover price=None trend=bullish rsi=66.8 atr_pips=10.3 adx=59.2
2026-05-06 06:22:31 INFO mt5_bot - ADX boost: adx=59.2 \u2192 risk_pct=1.50%
2026-05-06 06:22:31 INFO mt5_bot - Execution status=skipped reason=no_closed_bar_crossover
2026-05-06 06:22:46 INFO mt5_bot - Balance=102029.96 Equity=102029.96 Spread=0.60 pips
2026-05-06 06:22:46 INFO mt5_bot - Signal=NONE reason=no_closed_bar_crossover price=None trend=bullish rsi=66.8 atr_pips=10.3 adx=59.2
2026-05-06 06:22:46 INFO mt5_bot - ADX boost: adx=59.2 \u2192 risk_pct=1.50%
2026-05-06 06:22:46 INFO mt5_bot - Execution status=skipped reason=no_closed_bar_crossover
2026-05-06 06:23:01 INFO mt5_bot - Balance=102029.96 Equity=102029.96 Spread=0.60 pips
2026-05-06 06:23:01 INFO mt5_bot - Signal=NONE reason=no_closed_bar_crossover price=None trend=bullish rsi=66.8 atr_pips=10.3 adx=59.2
2026-05-06 06:23:01 INFO mt5_bot - ADX boost: adx=59.2 \u2192 risk_pct=1.50%
2026-05-06 06:23:01 INFO mt5_bot - Execution status=skipped reason=no_closed_bar_crossover
2026-05-06 06:23:16 INFO mt5_bot - Balance=102029.96 Equity=102029.96 Spread=0.60 pips
2026-05-06 06:23:16 INFO mt5_bot - Signal=NONE reason=no_closed_bar_crossover price=None trend=bullish rsi=66.8 atr_pips=10.3 adx=59.2
2026-05-06 06:23:16 INFO mt5_bot - ADX boost: adx=59.2 \u2192 risk_pct=1.50%
2026-05-06 06:23:16 INFO mt5_bot - Execution status=skipped reason=no_closed_bar_crossover
