2026-05-05 07:31:37 INFO mt5_bot - MT5 permissions: account_server=MetaQuotes-Demo account_trade_allowed=True account_trade_expert=True terminal_trade_allowed=True terminal_build=5836
2026-05-05 07:31:37 INFO mt5_bot - Starting PRO loop: symbol=USDJPY tf=M15 trend_tf=H1 trade_enabled=True trend_filter=False adx_filter=True rsi_momentum=False partial_close=True trailing_stop=True atr_sl_tp=True news_filter=True retest=False equity_curve=True
2026-05-05 07:31:37 INFO mt5_bot - Balance=102029.96 Equity=102029.96 Spread=0.30 pips
2026-05-05 07:31:37 INFO mt5_bot.news_filter - news_filter: loaded 115 events from shared cache
2026-05-05 07:31:37 INFO mt5_bot - Signal=NONE reason=no_closed_bar_crossover price=None trend=None rsi=67.9 atr_pips=1248.5 adx=23.6
2026-05-05 07:31:37 INFO mt5_bot - Execution status=skipped reason=no_closed_bar_crossover
2026-05-05 07:31:52 INFO mt5_bot - Balance=102029.96 Equity=102029.96 Spread=0.30 pips
2026-05-05 07:31:52 INFO mt5_bot - Signal=NONE reason=no_closed_bar_crossover price=None trend=None rsi=67.9 atr_pips=1248.5 adx=23.6
2026-05-05 07:31:52 INFO mt5_bot - Execution status=skipped reason=no_closed_bar_crossover
2026-05-05 07:32:07 INFO mt5_bot - Balance=102029.96 Equity=102029.96 Spread=0.30 pips
2026-05-05 07:32:08 INFO mt5_bot - Signal=NONE reason=no_closed_bar_crossover price=None trend=None rsi=67.9 atr_pips=1248.5 adx=23.6
2026-05-05 07:32:08 INFO mt5_bot - Execution status=skipped reason=no_closed_bar_crossover
2026-05-05 07:32:23 INFO mt5_bot - Balance=102029.96 Equity=102029.96 Spread=0.30 pips
2026-05-05 07:32:23 INFO mt5_bot - Signal=NONE reason=no_closed_bar_crossover price=None trend=None rsi=67.9 atr_pips=1248.5 adx=23.6
2026-05-05 07:32:23 INFO mt5_bot - Execution status=skipped reason=no_closed_bar_crossover
2026-05-05 07:32:37 INFO mt5_bot - Stopped by user
2026-05-05 16:37:33 INFO mt5_bot - MT5 permissions: account_server=MetaQuotes-Demo account_trade_allowed=True account_trade_expert=True terminal_trade_allowed=True terminal_build=5836
2026-05-05 16:37:33 INFO mt5_bot - Starting PRO loop: symbol=USDJPY tf=M15 trend_tf=H1 trade_enabled=True trend_filter=False adx_filter=True rsi_momentum=False partial_close=True trailing_stop=True atr_sl_tp=True news_filter=True retest=False equity_curve=True
2026-05-05 16:37:33 INFO mt5_bot - Balance=102029.96 Equity=102029.96 Spread=5.80 pips
2026-05-05 16:37:33 INFO mt5_bot - Spread filter: 5.80 > 1.50
2026-05-05 16:37:48 INFO mt5_bot - Balance=102029.96 Equity=102029.96 Spread=5.80 pips
2026-05-05 16:37:48 INFO mt5_bot - Spread filter: 5.80 > 1.50
2026-05-05 16:38:03 INFO mt5_bot - Balance=102029.96 Equity=102029.96 Spread=5.80 pips
2026-05-05 16:38:03 INFO mt5_bot - Spread filter: 5.80 > 1.50
2026-05-05 16:38:18 INFO mt5_bot - Balance=102029.96 Equity=102029.96 Spread=5.80 pips
2026-05-05 16:38:18 INFO mt5_bot - Spread filter: 5.80 > 1.50
2026-05-05 16:38:33 INFO mt5_bot - Balance=102029.96 Equity=102029.96 Spread=5.80 pips
2026-05-05 16:38:33 INFO mt5_bot - Spread filter: 5.80 > 1.50
2026-05-05 16:38:48 INFO mt5_bot - Balance=102029.96 Equity=102029.96 Spread=5.60 pips
2026-05-05 16:38:48 INFO mt5_bot - Spread filter: 5.60 > 1.50
2026-05-05 16:39:03 INFO mt5_bot - Balance=102029.96 Equity=102029.96 Spread=5.80 pips
2026-05-05 16:39:03 INFO mt5_bot - Spread filter: 5.80 > 1.50
2026-05-05 16:39:18 INFO mt5_bot - Balance=102029.96 Equity=102029.96 Spread=5.80 pips
2026-05-05 16:39:18 INFO mt5_bot - Spread filter: 5.80 > 1.50
2026-05-05 16:39:33 INFO mt5_bot - Balance=102029.96 Equity=102029.96 Spread=5.80 pips
2026-05-05 16:39:33 INFO mt5_bot - Spread filter: 5.80 > 1.50
2026-05-05 16:39:48 INFO mt5_bot - Balance=102029.96 Equity=102029.96 Spread=5.70 pips
2026-05-05 16:39:48 INFO mt5_bot - Spread filter: 5.70 > 1.50
2026-05-05 16:40:03 INFO mt5_bot - Balance=102029.96 Equity=102029.96 Spread=5.70 pips
2026-05-05 16:40:03 INFO mt5_bot - Spread filter: 5.70 > 1.50
2026-05-05 16:40:18 INFO mt5_bot - Balance=102029.96 Equity=102029.96 Spread=5.90 pips
2026-05-05 16:40:18 INFO mt5_bot - Spread filter: 5.90 > 1.50
2026-05-05 16:40:33 INFO mt5_bot - Balance=102029.96 Equity=102029.96 Spread=5.90 pips
2026-05-05 16:40:33 INFO mt5_bot - Spread filter: 5.90 > 1.50
2026-05-05 16:40:48 INFO mt5_bot - Balance=102029.96 Equity=102029.96 Spread=5.80 pips
2026-05-05 16:40:48 INFO mt5_bot - Spread filter: 5.80 > 1.50
2026-05-05 16:41:03 INFO mt5_bot - Balance=102029.96 Equity=102029.96 Spread=5.80 pips
2026-05-05 16:41:03 INFO mt5_bot - Spread filter: 5.80 > 1.50
2026-05-05 16:41:18 INFO mt5_bot - Balance=102029.96 Equity=102029.96 Spread=5.80 pips
2026-05-05 16:41:18 INFO mt5_bot - Spread filter: 5.80 > 1.50
2026-05-05 16:41:33 INFO mt5_bot - Balance=102029.96 Equity=102029.96 Spread=5.70 pips
2026-05-05 16:41:33 INFO mt5_bot - Spread filter: 5.70 > 1.50
2026-05-05 16:41:48 INFO mt5_bot - Balance=102029.96 Equity=102029.96 Spread=5.70 pips
2026-05-05 16:41:48 INFO mt5_bot - Spread filter: 5.70 > 1.50
2026-05-05 16:42:03 INFO mt5_bot - Balance=102029.96 Equity=102029.96 Spread=5.80 pips
2026-05-05 16:42:03 INFO mt5_bot - Spread filter: 5.80 > 1.50
2026-05-05 16:42:18 INFO mt5_bot - Balance=102029.96 Equity=102029.96 Spread=5.60 pips
2026-05-05 16:42:18 INFO mt5_bot - Spread filter: 5.60 > 1.50
2026-05-05 16:42:33 INFO mt5_bot - Balance=102029.96 Equity=102029.96 Spread=5.50 pips
2026-05-05 16:42:33 INFO mt5_bot - Spread filter: 5.50 > 1.50
2026-05-05 16:42:48 INFO mt5_bot - Balance=102029.96 Equity=102029.96 Spread=5.90 pips
2026-05-05 16:42:48 INFO mt5_bot - Spread filter: 5.90 > 1.50
2026-05-05 16:43:03 INFO mt5_bot - Balance=102029.96 Equity=102029.96 Spread=5.90 pips
2026-05-05 16:43:03 INFO mt5_bot - Spread filter: 5.90 > 1.50
2026-05-05 16:43:18 INFO mt5_bot - Balance=102029.96 Equity=102029.96 Spread=5.70 pips
2026-05-05 16:43:18 INFO mt5_bot - Spread filter: 5.70 > 1.50
2026-05-05 16:43:33 INFO mt5_bot - Balance=102029.96 Equity=102029.96 Spread=5.60 pips
2026-05-05 16:43:33 INFO mt5_bot - Spread filter: 5.60 > 1.50
2026-05-05 16:43:48 INFO mt5_bot - Balance=102029.96 Equity=102029.96 Spread=5.50 pips
2026-05-05 16:43:48 INFO mt5_bot - Spread filter: 5.50 > 1.50
2026-05-05 16:44:03 INFO mt5_bot - Balance=102029.96 Equity=102029.96 Spread=5.40 pips
2026-05-05 16:44:03 INFO mt5_bot - Spread filter: 5.40 > 1.50
2026-05-05 16:44:18 INFO mt5_bot - Balance=102029.96 Equity=102029.96 Spread=5.40 pips
2026-05-05 16:44:18 INFO mt5_bot - Spread filter: 5.40 > 1.50
2026-05-05 16:44:33 INFO mt5_bot - Balance=102029.96 Equity=102029.96 Spread=5.00 pips
2026-05-05 16:44:33 INFO mt5_bot - Spread filter: 5.00 > 1.50
2026-05-05 16:44:48 INFO mt5_bot - Balance=102029.96 Equity=102029.96 Spread=5.40 pips
2026-05-05 16:44:48 INFO mt5_bot - Spread filter: 5.40 > 1.50
2026-05-05 16:45:03 INFO mt5_bot - Balance=102029.96 Equity=102029.96 Spread=6.70 pips
2026-05-05 16:45:03 INFO mt5_bot - Spread filter: 6.70 > 1.50
2026-05-05 16:45:18 INFO mt5_bot - Balance=102029.96 Equity=102029.96 Spread=5.80 pips
2026-05-05 16:45:18 INFO mt5_bot - Spread filter: 5.80 > 1.50
2026-05-05 16:45:33 INFO mt5_bot - Balance=102029.96 Equity=102029.96 Spread=5.80 pips
2026-05-05 16:45:33 INFO mt5_bot - Spread filter: 5.80 > 1.50
2026-05-05 16:45:48 INFO mt5_bot - Balance=102029.96 Equity=102029.96 Spread=5.60 pips
2026-05-05 16:45:48 INFO mt5_bot - Spread filter: 5.60 > 1.50
2026-05-05 16:46:03 INFO mt5_bot - Balance=102029.96 Equity=102029.96 Spread=4.90 pips
2026-05-05 16:46:03 INFO mt5_bot - Spread filter: 4.90 > 1.50
2026-05-05 16:46:18 INFO mt5_bot - Balance=102029.96 Equity=102029.96 Spread=5.10 pips
2026-05-05 16:46:18 INFO mt5_bot - Spread filter: 5.10 > 1.50
2026-05-05 16:46:33 INFO mt5_bot - Balance=102029.96 Equity=102029.96 Spread=5.10 pips
2026-05-05 16:46:33 INFO mt5_bot - Spread filter: 5.10 > 1.50
2026-05-05 16:46:48 INFO mt5_bot - Balance=102029.96 Equity=102029.96 Spread=5.10 pips
2026-05-05 16:46:48 INFO mt5_bot - Spread filter: 5.10 > 1.50
2026-05-05 16:47:03 INFO mt5_bot - Balance=102029.96 Equity=102029.96 Spread=5.70 pips
2026-05-05 16:47:03 INFO mt5_bot - Spread filter: 5.70 > 1.50
2026-05-05 16:47:18 INFO mt5_bot - Balance=102029.96 Equity=102029.96 Spread=5.10 pips
2026-05-05 16:47:18 INFO mt5_bot - Spread filter: 5.10 > 1.50
2026-05-05 16:47:33 INFO mt5_bot - Balance=102029.96 Equity=102029.96 Spread=5.10 pips
2026-05-05 16:47:33 INFO mt5_bot - Spread filter: 5.10 > 1.50
2026-05-05 16:47:48 INFO mt5_bot - Balance=102029.96 Equity=102029.96 Spread=5.10 pips
2026-05-05 16:47:48 INFO mt5_bot - Spread filter: 5.10 > 1.50
2026-05-05 16:48:03 INFO mt5_bot - Balance=102029.96 Equity=102029.96 Spread=5.00 pips
2026-05-05 16:48:03 INFO mt5_bot - Spread filter: 5.00 > 1.50
2026-05-05 16:48:18 INFO mt5_bot - Balance=102029.96 Equity=102029.96 Spread=3.20 pips
2026-05-05 16:48:18 INFO mt5_bot - Spread filter: 3.20 > 1.50
2026-05-05 16:48:33 INFO mt5_bot - Balance=102029.96 Equity=102029.96 Spread=4.30 pips
2026-05-05 16:48:33 INFO mt5_bot - Spread filter: 4.30 > 1.50
2026-05-05 16:48:48 INFO mt5_bot - Balance=102029.96 Equity=102029.96 Spread=4.50 pips
2026-05-05 16:48:48 INFO mt5_bot - Spread filter: 4.50 > 1.50
2026-05-05 16:49:03 INFO mt5_bot - Balance=102029.96 Equity=102029.96 Spread=4.00 pips
2026-05-05 16:49:03 INFO mt5_bot - Spread filter: 4.00 > 1.50
2026-05-05 16:49:18 INFO mt5_bot - Balance=102029.96 Equity=102029.96 Spread=4.00 pips
2026-05-05 16:49:18 INFO mt5_bot - Spread filter: 4.00 > 1.50
2026-05-05 16:49:33 INFO mt5_bot - Balance=102029.96 Equity=102029.96 Spread=4.30 pips
2026-05-05 16:49:33 INFO mt5_bot - Spread filter: 4.30 > 1.50
2026-05-05 16:49:48 INFO mt5_bot - Balance=102029.96 Equity=102029.96 Spread=4.30 pips
2026-05-05 16:49:48 INFO mt5_bot - Spread filter: 4.30 > 1.50
2026-05-05 16:50:03 INFO mt5_bot - Balance=102029.96 Equity=102029.96 Spread=3.90 pips
2026-05-05 16:50:03 INFO mt5_bot - Spread filter: 3.90 > 1.50
2026-05-05 16:50:18 INFO mt5_bot - Balance=102029.96 Equity=102029.96 Spread=3.80 pips
2026-05-05 16:50:18 INFO mt5_bot - Spread filter: 3.80 > 1.50
2026-05-05 16:50:33 INFO mt5_bot - Balance=102029.96 Equity=102029.96 Spread=2.80 pips
2026-05-05 16:50:33 INFO mt5_bot - Spread filter: 2.80 > 1.50
2026-05-05 16:50:48 INFO mt5_bot - Balance=102029.96 Equity=102029.96 Spread=3.70 pips
2026-05-05 16:50:48 INFO mt5_bot - Spread filter: 3.70 > 1.50
2026-05-05 16:51:03 INFO mt5_bot - Balance=102029.96 Equity=102029.96 Spread=4.30 pips
2026-05-05 16:51:03 INFO mt5_bot - Spread filter: 4.30 > 1.50
2026-05-05 16:51:18 INFO mt5_bot - Balance=102029.96 Equity=102029.96 Spread=4.10 pips
2026-05-05 16:51:18 INFO mt5_bot - Spread filter: 4.10 > 1.50
2026-05-05 16:51:34 INFO mt5_bot - Balance=102029.96 Equity=102029.96 Spread=3.90 pips
2026-05-05 16:51:34 INFO mt5_bot - Spread filter: 3.90 > 1.50
2026-05-05 16:51:49 INFO mt5_bot - Balance=102029.96 Equity=102029.96 Spread=3.80 pips
2026-05-05 16:51:49 INFO mt5_bot - Spread filter: 3.80 > 1.50
2026-05-05 16:52:04 INFO mt5_bot - Balance=102029.96 Equity=102029.96 Spread=3.90 pips
2026-05-05 16:52:04 INFO mt5_bot - Spread filter: 3.90 > 1.50
2026-05-05 16:52:19 INFO mt5_bot - Balance=102029.96 Equity=102029.96 Spread=3.90 pips
2026-05-05 16:52:19 INFO mt5_bot - Spread filter: 3.90 > 1.50
2026-05-05 16:52:34 INFO mt5_bot - Balance=102029.96 Equity=102029.96 Spread=3.90 pips
2026-05-05 16:52:34 INFO mt5_bot - Spread filter: 3.90 > 1.50
2026-05-05 16:52:49 INFO mt5_bot - Balance=102029.96 Equity=102029.96 Spread=3.90 pips
2026-05-05 16:52:49 INFO mt5_bot - Spread filter: 3.90 > 1.50
2026-05-05 16:53:04 INFO mt5_bot - Balance=102029.96 Equity=102029.96 Spread=4.10 pips
2026-05-05 16:53:04 INFO mt5_bot - Spread filter: 4.10 > 1.50
2026-05-05 16:53:19 INFO mt5_bot - Balance=102029.96 Equity=102029.96 Spread=3.90 pips
2026-05-05 16:53:19 INFO mt5_bot - Spread filter: 3.90 > 1.50
2026-05-05 16:53:34 INFO mt5_bot - Balance=102029.96 Equity=102029.96 Spread=2.70 pips
2026-05-05 16:53:34 INFO mt5_bot - Spread filter: 2.70 > 1.50
2026-05-05 16:53:49 INFO mt5_bot - Balance=102029.96 Equity=102029.96 Spread=2.70 pips
2026-05-05 16:53:49 INFO mt5_bot - Spread filter: 2.70 > 1.50
2026-05-05 16:54:04 INFO mt5_bot - Balance=102029.96 Equity=102029.96 Spread=2.60 pips
2026-05-05 16:54:04 INFO mt5_bot - Spread filter: 2.60 > 1.50
2026-05-05 16:54:19 INFO mt5_bot - Balance=102029.96 Equity=102029.96 Spread=2.50 pips
2026-05-05 16:54:19 INFO mt5_bot - Spread filter: 2.50 > 1.50
2026-05-05 16:54:34 INFO mt5_bot - Balance=102029.96 Equity=102029.96 Spread=2.60 pips
2026-05-05 16:54:34 INFO mt5_bot - Spread filter: 2.60 > 1.50
2026-05-05 16:54:49 INFO mt5_bot - Balance=102029.96 Equity=102029.96 Spread=2.60 pips
2026-05-05 16:54:49 INFO mt5_bot - Spread filter: 2.60 > 1.50
2026-05-05 16:55:04 INFO mt5_bot - Balance=102029.96 Equity=102029.96 Spread=2.60 pips
2026-05-05 16:55:04 INFO mt5_bot - Spread filter: 2.60 > 1.50
2026-05-05 16:55:19 INFO mt5_bot - Balance=102029.96 Equity=102029.96 Spread=3.60 pips
2026-05-05 16:55:19 INFO mt5_bot - Spread filter: 3.60 > 1.50
2026-05-05 16:55:34 INFO mt5_bot - Balance=102029.96 Equity=102029.96 Spread=2.60 pips
2026-05-05 16:55:34 INFO mt5_bot - Spread filter: 2.60 > 1.50
2026-05-05 16:55:49 INFO mt5_bot - Balance=102029.96 Equity=102029.96 Spread=2.70 pips
2026-05-05 16:55:49 INFO mt5_bot - Spread filter: 2.70 > 1.50
2026-05-05 16:56:04 INFO mt5_bot - Balance=102029.96 Equity=102029.96 Spread=3.90 pips
2026-05-05 16:56:04 INFO mt5_bot - Spread filter: 3.90 > 1.50
2026-05-05 16:56:19 INFO mt5_bot - Balance=102029.96 Equity=102029.96 Spread=3.80 pips
2026-05-05 16:56:19 INFO mt5_bot - Spread filter: 3.80 > 1.50
2026-05-05 16:56:34 INFO mt5_bot - Balance=102029.96 Equity=102029.96 Spread=3.90 pips
2026-05-05 16:56:34 INFO mt5_bot - Spread filter: 3.90 > 1.50
2026-05-05 16:56:49 INFO mt5_bot - Balance=102029.96 Equity=102029.96 Spread=3.90 pips
2026-05-05 16:56:49 INFO mt5_bot - Spread filter: 3.90 > 1.50
2026-05-05 16:57:04 INFO mt5_bot - Balance=102029.96 Equity=102029.96 Spread=3.90 pips
2026-05-05 16:57:04 INFO mt5_bot - Spread filter: 3.90 > 1.50
2026-05-05 16:57:19 INFO mt5_bot - Balance=102029.96 Equity=102029.96 Spread=3.90 pips
2026-05-05 16:57:19 INFO mt5_bot - Spread filter: 3.90 > 1.50
2026-05-05 16:57:34 INFO mt5_bot - Balance=102029.96 Equity=102029.96 Spread=4.00 pips
2026-05-05 16:57:34 INFO mt5_bot - Spread filter: 4.00 > 1.50
2026-05-05 16:57:49 INFO mt5_bot - Balance=102029.96 Equity=102029.96 Spread=4.00 pips
2026-05-05 16:57:49 INFO mt5_bot - Spread filter: 4.00 > 1.50
2026-05-05 16:58:04 INFO mt5_bot - Balance=102029.96 Equity=102029.96 Spread=4.10 pips
2026-05-05 16:58:04 INFO mt5_bot - Spread filter: 4.10 > 1.50
2026-05-05 16:58:19 INFO mt5_bot - Balance=102029.96 Equity=102029.96 Spread=4.10 pips
2026-05-05 16:58:19 INFO mt5_bot - Spread filter: 4.10 > 1.50
2026-05-05 16:58:34 INFO mt5_bot - Balance=102029.96 Equity=102029.96 Spread=4.00 pips
2026-05-05 16:58:34 INFO mt5_bot - Spread filter: 4.00 > 1.50
2026-05-05 16:58:49 INFO mt5_bot - Balance=102029.96 Equity=102029.96 Spread=3.90 pips
2026-05-05 16:58:49 INFO mt5_bot - Spread filter: 3.90 > 1.50
2026-05-05 16:59:04 INFO mt5_bot - Balance=102029.96 Equity=102029.96 Spread=4.00 pips
2026-05-05 16:59:04 INFO mt5_bot - Spread filter: 4.00 > 1.50
2026-05-05 16:59:19 INFO mt5_bot - Balance=102029.96 Equity=102029.96 Spread=3.60 pips
2026-05-05 16:59:19 INFO mt5_bot - Spread filter: 3.60 > 1.50
2026-05-05 16:59:34 INFO mt5_bot - Balance=102029.96 Equity=102029.96 Spread=3.80 pips
2026-05-05 16:59:34 INFO mt5_bot - Spread filter: 3.80 > 1.50
2026-05-05 16:59:49 INFO mt5_bot - Balance=102029.96 Equity=102029.96 Spread=3.80 pips
2026-05-05 16:59:49 INFO mt5_bot - Spread filter: 3.80 > 1.50
2026-05-05 17:00:04 INFO mt5_bot - Balance=102029.96 Equity=102029.96 Spread=2.90 pips
2026-05-05 17:00:04 INFO mt5_bot - Spread filter: 2.90 > 1.50
2026-05-05 17:00:19 INFO mt5_bot - Balance=102029.96 Equity=102029.96 Spread=0.70 pips
2026-05-05 17:00:19 INFO mt5_bot - Session filter: UTC hour=22 outside [7,20) and [0,4)
2026-05-05 17:00:34 INFO mt5_bot - Balance=102029.96 Equity=102029.96 Spread=0.70 pips
2026-05-05 17:00:34 INFO mt5_bot - Session filter: UTC hour=22 outside [7,20) and [0,4)
2026-05-05 17:00:49 INFO mt5_bot - Balance=102029.96 Equity=102029.96 Spread=0.70 pips
2026-05-05 17:00:49 INFO mt5_bot - Session filter: UTC hour=22 outside [7,20) and [0,4)
2026-05-05 17:01:04 INFO mt5_bot - Balance=102029.96 Equity=102029.96 Spread=0.70 pips
2026-05-05 17:01:04 INFO mt5_bot - Session filter: UTC hour=22 outside [7,20) and [0,4)
2026-05-05 17:01:19 INFO mt5_bot - Balance=102029.96 Equity=102029.96 Spread=0.70 pips
2026-05-05 17:01:19 INFO mt5_bot - Session filter: UTC hour=22 outside [7,20) and [0,4)
2026-05-05 17:01:34 INFO mt5_bot - Balance=102029.96 Equity=102029.96 Spread=0.50 pips
2026-05-05 17:01:34 INFO mt5_bot - Session filter: UTC hour=22 outside [7,20) and [0,4)
2026-05-05 17:01:49 INFO mt5_bot - Balance=102029.96 Equity=102029.96 Spread=0.70 pips
2026-05-05 17:01:49 INFO mt5_bot - Session filter: UTC hour=22 outside [7,20) and [0,4)
2026-05-05 17:02:04 INFO mt5_bot - Balance=102029.96 Equity=102029.96 Spread=0.70 pips
2026-05-05 17:02:04 INFO mt5_bot - Session filter: UTC hour=22 outside [7,20) and [0,4)
2026-05-05 17:02:19 INFO mt5_bot - Balance=102029.96 Equity=102029.96 Spread=0.70 pips
2026-05-05 17:02:19 INFO mt5_bot - Session filter: UTC hour=22 outside [7,20) and [0,4)
2026-05-05 17:02:34 INFO mt5_bot - Balance=102029.96 Equity=102029.96 Spread=0.70 pips
2026-05-05 17:02:34 INFO mt5_bot - Session filter: UTC hour=22 outside [7,20) and [0,4)
2026-05-05 17:02:49 INFO mt5_bot - Balance=102029.96 Equity=102029.96 Spread=0.70 pips
2026-05-05 17:02:49 INFO mt5_bot - Session filter: UTC hour=22 outside [7,20) and [0,4)
2026-05-05 17:03:04 INFO mt5_bot - Balance=102029.96 Equity=102029.96 Spread=0.70 pips
2026-05-05 17:03:04 INFO mt5_bot - Session filter: UTC hour=22 outside [7,20) and [0,4)
2026-05-05 17:03:19 INFO mt5_bot - Balance=102029.96 Equity=102029.96 Spread=0.70 pips
2026-05-05 17:03:19 INFO mt5_bot - Session filter: UTC hour=22 outside [7,20) and [0,4)
2026-05-05 17:03:34 INFO mt5_bot - Balance=102029.96 Equity=102029.96 Spread=0.70 pips
2026-05-05 17:03:34 INFO mt5_bot - Session filter: UTC hour=22 outside [7,20) and [0,4)
2026-05-05 17:03:49 INFO mt5_bot - Balance=102029.96 Equity=102029.96 Spread=0.70 pips
2026-05-05 17:03:49 INFO mt5_bot - Session filter: UTC hour=22 outside [7,20) and [0,4)
2026-05-05 17:04:04 INFO mt5_bot - Balance=102029.96 Equity=102029.96 Spread=0.70 pips
2026-05-05 17:04:04 INFO mt5_bot - Session filter: UTC hour=22 outside [7,20) and [0,4)
2026-05-05 17:04:19 INFO mt5_bot - Balance=102029.96 Equity=102029.96 Spread=0.70 pips
2026-05-05 17:04:19 INFO mt5_bot - Session filter: UTC hour=22 outside [7,20) and [0,4)
2026-05-05 17:04:34 INFO mt5_bot - Balance=102029.96 Equity=102029.96 Spread=0.70 pips
2026-05-05 17:04:34 INFO mt5_bot - Session filter: UTC hour=22 outside [7,20) and [0,4)
2026-05-05 17:04:49 INFO mt5_bot - Balance=102029.96 Equity=102029.96 Spread=0.70 pips
2026-05-05 17:04:49 INFO mt5_bot - Session filter: UTC hour=22 outside [7,20) and [0,4)
2026-05-05 17:05:04 INFO mt5_bot - Balance=102029.96 Equity=102029.96 Spread=0.70 pips
2026-05-05 17:05:04 INFO mt5_bot - Session filter: UTC hour=22 outside [7,20) and [0,4)
2026-05-05 17:05:19 INFO mt5_bot - Balance=102029.96 Equity=102029.96 Spread=0.70 pips
2026-05-05 17:05:19 INFO mt5_bot - Session filter: UTC hour=22 outside [7,20) and [0,4)
2026-05-05 17:05:34 INFO mt5_bot - Balance=102029.96 Equity=102029.96 Spread=0.70 pips
2026-05-05 17:05:34 INFO mt5_bot - Session filter: UTC hour=22 outside [7,20) and [0,4)
2026-05-05 17:05:49 INFO mt5_bot - Balance=102029.96 Equity=102029.96 Spread=0.70 pips
2026-05-05 17:05:49 INFO mt5_bot - Session filter: UTC hour=22 outside [7,20) and [0,4)
2026-05-05 17:06:04 INFO mt5_bot - Balance=102029.96 Equity=102029.96 Spread=0.70 pips
2026-05-05 17:06:04 INFO mt5_bot - Session filter: UTC hour=22 outside [7,20) and [0,4)
2026-05-05 17:06:19 INFO mt5_bot - Balance=102029.96 Equity=102029.96 Spread=0.70 pips
2026-05-05 17:06:19 INFO mt5_bot - Session filter: UTC hour=22 outside [7,20) and [0,4)
2026-05-05 17:06:34 INFO mt5_bot - Balance=102029.96 Equity=102029.96 Spread=0.70 pips
2026-05-05 17:06:34 INFO mt5_bot - Session filter: UTC hour=22 outside [7,20) and [0,4)
2026-05-05 17:06:49 INFO mt5_bot - Balance=102029.96 Equity=102029.96 Spread=0.70 pips
2026-05-05 17:06:49 INFO mt5_bot - Session filter: UTC hour=22 outside [7,20) and [0,4)
2026-05-05 17:07:04 INFO mt5_bot - Balance=102029.96 Equity=102029.96 Spread=0.70 pips
2026-05-05 17:07:04 INFO mt5_bot - Session filter: UTC hour=22 outside [7,20) and [0,4)
2026-05-05 17:07:19 INFO mt5_bot - Balance=102029.96 Equity=102029.96 Spread=0.70 pips
2026-05-05 17:07:19 INFO mt5_bot - Session filter: UTC hour=22 outside [7,20) and [0,4)
2026-05-05 17:07:34 INFO mt5_bot - Balance=102029.96 Equity=102029.96 Spread=0.70 pips
2026-05-05 17:07:34 INFO mt5_bot - Session filter: UTC hour=22 outside [7,20) and [0,4)
2026-05-05 17:07:49 INFO mt5_bot - Balance=102029.96 Equity=102029.96 Spread=0.70 pips
2026-05-05 17:07:49 INFO mt5_bot - Session filter: UTC hour=22 outside [7,20) and [0,4)
2026-05-05 17:08:04 INFO mt5_bot - Balance=102029.96 Equity=102029.96 Spread=0.70 pips
2026-05-05 17:08:04 INFO mt5_bot - Session filter: UTC hour=22 outside [7,20) and [0,4)
2026-05-05 17:08:19 INFO mt5_bot - Balance=102029.96 Equity=102029.96 Spread=0.70 pips
2026-05-05 17:08:19 INFO mt5_bot - Session filter: UTC hour=22 outside [7,20) and [0,4)
2026-05-05 17:08:34 INFO mt5_bot - Balance=102029.96 Equity=102029.96 Spread=0.70 pips
2026-05-05 17:08:34 INFO mt5_bot - Session filter: UTC hour=22 outside [7,20) and [0,4)
2026-05-05 17:08:49 INFO mt5_bot - Balance=102029.96 Equity=102029.96 Spread=0.70 pips
2026-05-05 17:08:49 INFO mt5_bot - Session filter: UTC hour=22 outside [7,20) and [0,4)
2026-05-05 17:09:04 INFO mt5_bot - Balance=102029.96 Equity=102029.96 Spread=0.70 pips
2026-05-05 17:09:04 INFO mt5_bot - Session filter: UTC hour=22 outside [7,20) and [0,4)
2026-05-05 17:09:19 INFO mt5_bot - Balance=102029.96 Equity=102029.96 Spread=0.70 pips
2026-05-05 17:09:19 INFO mt5_bot - Session filter: UTC hour=22 outside [7,20) and [0,4)
2026-05-05 17:09:34 INFO mt5_bot - Balance=102029.96 Equity=102029.96 Spread=0.70 pips
2026-05-05 17:09:34 INFO mt5_bot - Session filter: UTC hour=22 outside [7,20) and [0,4)
2026-05-05 17:09:49 INFO mt5_bot - Balance=102029.96 Equity=102029.96 Spread=0.70 pips
2026-05-05 17:09:49 INFO mt5_bot - Session filter: UTC hour=22 outside [7,20) and [0,4)
2026-05-05 17:10:04 INFO mt5_bot - Balance=102029.96 Equity=102029.96 Spread=0.70 pips
2026-05-05 17:10:04 INFO mt5_bot - Session filter: UTC hour=22 outside [7,20) and [0,4)
2026-05-05 17:10:19 INFO mt5_bot - Balance=102029.96 Equity=102029.96 Spread=0.70 pips
2026-05-05 17:10:19 INFO mt5_bot - Session filter: UTC hour=22 outside [7,20) and [0,4)
2026-05-05 17:10:34 INFO mt5_bot - Balance=102029.96 Equity=102029.96 Spread=0.70 pips
2026-05-05 17:10:34 INFO mt5_bot - Session filter: UTC hour=22 outside [7,20) and [0,4)
2026-05-05 17:10:49 INFO mt5_bot - Balance=102029.96 Equity=102029.96 Spread=0.70 pips
2026-05-05 17:10:49 INFO mt5_bot - Session filter: UTC hour=22 outside [7,20) and [0,4)
2026-05-05 17:11:04 INFO mt5_bot - Balance=102029.96 Equity=102029.96 Spread=0.70 pips
2026-05-05 17:11:04 INFO mt5_bot - Session filter: UTC hour=22 outside [7,20) and [0,4)
2026-05-05 17:11:19 INFO mt5_bot - Balance=102029.96 Equity=102029.96 Spread=0.70 pips
2026-05-05 17:11:19 INFO mt5_bot - Session filter: UTC hour=22 outside [7,20) and [0,4)
2026-05-05 17:11:34 INFO mt5_bot - Balance=102029.96 Equity=102029.96 Spread=0.70 pips
2026-05-05 17:11:34 INFO mt5_bot - Session filter: UTC hour=22 outside [7,20) and [0,4)
2026-05-05 17:11:49 INFO mt5_bot - Balance=102029.96 Equity=102029.96 Spread=0.70 pips
2026-05-05 17:11:49 INFO mt5_bot - Session filter: UTC hour=22 outside [7,20) and [0,4)
2026-05-05 17:12:04 INFO mt5_bot - Balance=102029.96 Equity=102029.96 Spread=0.70 pips
2026-05-05 17:12:04 INFO mt5_bot - Session filter: UTC hour=22 outside [7,20) and [0,4)
2026-05-05 17:12:19 INFO mt5_bot - Balance=102029.96 Equity=102029.96 Spread=0.70 pips
2026-05-05 17:12:19 INFO mt5_bot - Session filter: UTC hour=22 outside [7,20) and [0,4)
2026-05-05 17:12:34 INFO mt5_bot - Balance=102029.96 Equity=102029.96 Spread=0.70 pips
2026-05-05 17:12:34 INFO mt5_bot - Session filter: UTC hour=22 outside [7,20) and [0,4)
2026-05-05 17:12:49 INFO mt5_bot - Balance=102029.96 Equity=102029.96 Spread=0.70 pips
2026-05-05 17:12:49 INFO mt5_bot - Session filter: UTC hour=22 outside [7,20) and [0,4)
2026-05-05 17:13:04 INFO mt5_bot - Balance=102029.96 Equity=102029.96 Spread=0.70 pips
2026-05-05 17:13:04 INFO mt5_bot - Session filter: UTC hour=22 outside [7,20) and [0,4)
2026-05-05 17:13:19 INFO mt5_bot - Balance=102029.96 Equity=102029.96 Spread=0.70 pips
2026-05-05 17:13:19 INFO mt5_bot - Session filter: UTC hour=22 outside [7,20) and [0,4)
2026-05-05 17:13:34 INFO mt5_bot - Balance=102029.96 Equity=102029.96 Spread=0.70 pips
2026-05-05 17:13:34 INFO mt5_bot - Session filter: UTC hour=22 outside [7,20) and [0,4)
2026-05-05 17:13:49 INFO mt5_bot - Balance=102029.96 Equity=102029.96 Spread=0.70 pips
2026-05-05 17:13:49 INFO mt5_bot - Session filter: UTC hour=22 outside [7,20) and [0,4)
2026-05-05 17:14:04 INFO mt5_bot - Balance=102029.96 Equity=102029.96 Spread=0.70 pips
2026-05-05 17:14:04 INFO mt5_bot - Session filter: UTC hour=22 outside [7,20) and [0,4)
2026-05-05 17:14:19 INFO mt5_bot - Balance=102029.96 Equity=102029.96 Spread=0.70 pips
2026-05-05 17:14:19 INFO mt5_bot - Session filter: UTC hour=22 outside [7,20) and [0,4)
2026-05-05 17:14:34 INFO mt5_bot - Balance=102029.96 Equity=102029.96 Spread=0.70 pips
2026-05-05 17:14:34 INFO mt5_bot - Session filter: UTC hour=22 outside [7,20) and [0,4)
2026-05-05 17:14:49 INFO mt5_bot - Balance=102029.96 Equity=102029.96 Spread=0.70 pips
2026-05-05 17:14:49 INFO mt5_bot - Session filter: UTC hour=22 outside [7,20) and [0,4)
2026-05-05 17:15:04 INFO mt5_bot - Balance=102029.96 Equity=102029.96 Spread=0.70 pips
2026-05-05 17:15:04 INFO mt5_bot - Session filter: UTC hour=22 outside [7,20) and [0,4)
2026-05-05 17:15:19 INFO mt5_bot - Balance=102029.96 Equity=102029.96 Spread=0.70 pips
2026-05-05 17:15:19 INFO mt5_bot - Session filter: UTC hour=22 outside [7,20) and [0,4)
2026-05-05 17:15:34 INFO mt5_bot - Balance=102029.96 Equity=102029.96 Spread=0.70 pips
2026-05-05 17:15:34 INFO mt5_bot - Session filter: UTC hour=22 outside [7,20) and [0,4)
2026-05-05 17:15:49 INFO mt5_bot - Balance=102029.96 Equity=102029.96 Spread=0.70 pips
2026-05-05 17:15:49 INFO mt5_bot - Session filter: UTC hour=22 outside [7,20) and [0,4)
2026-05-05 17:16:04 INFO mt5_bot - Balance=102029.96 Equity=102029.96 Spread=0.70 pips
2026-05-05 17:16:04 INFO mt5_bot - Session filter: UTC hour=22 outside [7,20) and [0,4)
2026-05-05 17:16:19 INFO mt5_bot - Balance=102029.96 Equity=102029.96 Spread=0.70 pips
2026-05-05 17:16:19 INFO mt5_bot - Session filter: UTC hour=22 outside [7,20) and [0,4)
2026-05-05 17:16:34 INFO mt5_bot - Balance=102029.96 Equity=102029.96 Spread=0.70 pips
2026-05-05 17:16:34 INFO mt5_bot - Session filter: UTC hour=22 outside [7,20) and [0,4)
2026-05-05 17:16:49 INFO mt5_bot - Balance=102029.96 Equity=102029.96 Spread=0.70 pips
2026-05-05 17:16:49 INFO mt5_bot - Session filter: UTC hour=22 outside [7,20) and [0,4)
2026-05-05 17:17:04 INFO mt5_bot - Balance=102029.96 Equity=102029.96 Spread=0.70 pips
2026-05-05 17:17:04 INFO mt5_bot - Session filter: UTC hour=22 outside [7,20) and [0,4)
2026-05-05 17:17:19 INFO mt5_bot - Balance=102029.96 Equity=102029.96 Spread=0.70 pips
2026-05-05 17:17:19 INFO mt5_bot - Session filter: UTC hour=22 outside [7,20) and [0,4)
2026-05-05 17:17:34 INFO mt5_bot - Balance=102029.96 Equity=102029.96 Spread=0.50 pips
2026-05-05 17:17:34 INFO mt5_bot - Session filter: UTC hour=22 outside [7,20) and [0,4)
2026-05-05 17:17:49 INFO mt5_bot - Balance=102029.96 Equity=102029.96 Spread=0.70 pips
2026-05-05 17:17:49 INFO mt5_bot - Session filter: UTC hour=22 outside [7,20) and [0,4)
2026-05-05 17:18:04 INFO mt5_bot - Balance=102029.96 Equity=102029.96 Spread=0.70 pips
2026-05-05 17:18:04 INFO mt5_bot - Session filter: UTC hour=22 outside [7,20) and [0,4)
2026-05-05 17:18:19 INFO mt5_bot - Balance=102029.96 Equity=102029.96 Spread=0.70 pips
2026-05-05 17:18:19 INFO mt5_bot - Session filter: UTC hour=22 outside [7,20) and [0,4)
2026-05-05 17:18:34 INFO mt5_bot - Balance=102029.96 Equity=102029.96 Spread=0.70 pips
2026-05-05 17:18:34 INFO mt5_bot - Session filter: UTC hour=22 outside [7,20) and [0,4)
2026-05-05 17:18:49 INFO mt5_bot - Balance=102029.96 Equity=102029.96 Spread=0.70 pips
2026-05-05 17:18:49 INFO mt5_bot - Session filter: UTC hour=22 outside [7,20) and [0,4)
2026-05-05 17:19:04 INFO mt5_bot - Balance=102029.96 Equity=102029.96 Spread=0.70 pips
2026-05-05 17:19:04 INFO mt5_bot - Session filter: UTC hour=22 outside [7,20) and [0,4)
2026-05-05 17:19:19 INFO mt5_bot - Balance=102029.96 Equity=102029.96 Spread=0.70 pips
2026-05-05 17:19:19 INFO mt5_bot - Session filter: UTC hour=22 outside [7,20) and [0,4)
2026-05-05 17:19:34 INFO mt5_bot - Balance=102029.96 Equity=102029.96 Spread=0.70 pips
2026-05-05 17:19:34 INFO mt5_bot - Session filter: UTC hour=22 outside [7,20) and [0,4)
2026-05-05 17:19:49 INFO mt5_bot - Balance=102029.96 Equity=102029.96 Spread=0.70 pips
2026-05-05 17:19:49 INFO mt5_bot - Session filter: UTC hour=22 outside [7,20) and [0,4)
2026-05-05 17:20:04 INFO mt5_bot - Balance=102029.96 Equity=102029.96 Spread=0.70 pips
2026-05-05 17:20:04 INFO mt5_bot - Session filter: UTC hour=22 outside [7,20) and [0,4)
2026-05-05 17:20:19 INFO mt5_bot - Balance=102029.96 Equity=102029.96 Spread=0.70 pips
2026-05-05 17:20:19 INFO mt5_bot - Session filter: UTC hour=22 outside [7,20) and [0,4)
2026-05-05 17:20:34 INFO mt5_bot - Balance=102029.96 Equity=102029.96 Spread=0.70 pips
2026-05-05 17:20:34 INFO mt5_bot - Session filter: UTC hour=22 outside [7,20) and [0,4)
2026-05-05 17:20:49 INFO mt5_bot - Balance=102029.96 Equity=102029.96 Spread=0.70 pips
2026-05-05 17:20:49 INFO mt5_bot - Session filter: UTC hour=22 outside [7,20) and [0,4)
2026-05-05 17:21:04 INFO mt5_bot - Balance=102029.96 Equity=102029.96 Spread=0.70 pips
2026-05-05 17:21:04 INFO mt5_bot - Session filter: UTC hour=22 outside [7,20) and [0,4)
2026-05-05 17:21:19 INFO mt5_bot - Balance=102029.96 Equity=102029.96 Spread=0.70 pips
2026-05-05 17:21:19 INFO mt5_bot - Session filter: UTC hour=22 outside [7,20) and [0,4)
2026-05-05 17:21:34 INFO mt5_bot - Balance=102029.96 Equity=102029.96 Spread=0.70 pips
2026-05-05 17:21:34 INFO mt5_bot - Session filter: UTC hour=22 outside [7,20) and [0,4)
2026-05-05 17:21:49 INFO mt5_bot - Balance=102029.96 Equity=102029.96 Spread=0.70 pips
2026-05-05 17:21:49 INFO mt5_bot - Session filter: UTC hour=22 outside [7,20) and [0,4)
2026-05-05 17:22:04 INFO mt5_bot - Balance=102029.96 Equity=102029.96 Spread=0.70 pips
2026-05-05 17:22:04 INFO mt5_bot - Session filter: UTC hour=22 outside [7,20) and [0,4)
2026-05-05 17:22:19 INFO mt5_bot - Balance=102029.96 Equity=102029.96 Spread=0.70 pips
2026-05-05 17:22:19 INFO mt5_bot - Session filter: UTC hour=22 outside [7,20) and [0,4)
2026-05-05 17:22:35 INFO mt5_bot - Balance=102029.96 Equity=102029.96 Spread=0.70 pips
2026-05-05 17:22:35 INFO mt5_bot - Session filter: UTC hour=22 outside [7,20) and [0,4)
2026-05-05 17:22:50 INFO mt5_bot - Balance=102029.96 Equity=102029.96 Spread=0.70 pips
2026-05-05 17:22:50 INFO mt5_bot - Session filter: UTC hour=22 outside [7,20) and [0,4)
2026-05-05 17:23:05 INFO mt5_bot - Balance=102029.96 Equity=102029.96 Spread=0.70 pips
2026-05-05 17:23:05 INFO mt5_bot - Session filter: UTC hour=22 outside [7,20) and [0,4)
2026-05-05 17:23:20 INFO mt5_bot - Balance=102029.96 Equity=102029.96 Spread=0.70 pips
2026-05-05 17:23:20 INFO mt5_bot - Session filter: UTC hour=22 outside [7,20) and [0,4)
2026-05-05 17:23:35 INFO mt5_bot - Balance=102029.96 Equity=102029.96 Spread=0.70 pips
2026-05-05 17:23:35 INFO mt5_bot - Session filter: UTC hour=22 outside [7,20) and [0,4)
2026-05-05 17:23:50 INFO mt5_bot - Balance=102029.96 Equity=102029.96 Spread=0.70 pips
2026-05-05 17:23:50 INFO mt5_bot - Session filter: UTC hour=22 outside [7,20) and [0,4)
2026-05-05 17:24:05 INFO mt5_bot - Balance=102029.96 Equity=102029.96 Spread=0.70 pips
2026-05-05 17:24:05 INFO mt5_bot - Session filter: UTC hour=22 outside [7,20) and [0,4)
2026-05-05 17:24:20 INFO mt5_bot - Balance=102029.96 Equity=102029.96 Spread=0.70 pips
2026-05-05 17:24:20 INFO mt5_bot - Session filter: UTC hour=22 outside [7,20) and [0,4)
2026-05-05 17:24:35 INFO mt5_bot - Balance=102029.96 Equity=102029.96 Spread=0.70 pips
2026-05-05 17:24:35 INFO mt5_bot - Session filter: UTC hour=22 outside [7,20) and [0,4)
2026-05-05 17:24:50 INFO mt5_bot - Balance=102029.96 Equity=102029.96 Spread=0.70 pips
2026-05-05 17:24:50 INFO mt5_bot - Session filter: UTC hour=22 outside [7,20) and [0,4)
2026-05-05 17:25:05 INFO mt5_bot - Balance=102029.96 Equity=102029.96 Spread=0.70 pips
2026-05-05 17:25:05 INFO mt5_bot - Session filter: UTC hour=22 outside [7,20) and [0,4)
2026-05-05 17:25:20 INFO mt5_bot - Balance=102029.96 Equity=102029.96 Spread=0.70 pips
2026-05-05 17:25:20 INFO mt5_bot - Session filter: UTC hour=22 outside [7,20) and [0,4)
2026-05-05 17:25:35 INFO mt5_bot - Balance=102029.96 Equity=102029.96 Spread=0.70 pips
2026-05-05 17:25:35 INFO mt5_bot - Session filter: UTC hour=22 outside [7,20) and [0,4)
2026-05-05 17:25:50 INFO mt5_bot - Balance=102029.96 Equity=102029.96 Spread=0.70 pips
2026-05-05 17:25:50 INFO mt5_bot - Session filter: UTC hour=22 outside [7,20) and [0,4)
2026-05-05 17:26:05 INFO mt5_bot - Balance=102029.96 Equity=102029.96 Spread=0.70 pips
2026-05-05 17:26:05 INFO mt5_bot - Session filter: UTC hour=22 outside [7,20) and [0,4)
2026-05-05 17:26:20 INFO mt5_bot - Balance=102029.96 Equity=102029.96 Spread=0.70 pips
2026-05-05 17:26:20 INFO mt5_bot - Session filter: UTC hour=22 outside [7,20) and [0,4)
2026-05-05 17:26:35 INFO mt5_bot - Balance=102029.96 Equity=102029.96 Spread=0.70 pips
2026-05-05 17:26:35 INFO mt5_bot - Session filter: UTC hour=22 outside [7,20) and [0,4)
2026-05-05 17:26:50 INFO mt5_bot - Balance=102029.96 Equity=102029.96 Spread=0.70 pips
2026-05-05 17:26:50 INFO mt5_bot - Session filter: UTC hour=22 outside [7,20) and [0,4)
2026-05-05 17:27:05 INFO mt5_bot - Balance=102029.96 Equity=102029.96 Spread=0.70 pips
2026-05-05 17:27:05 INFO mt5_bot - Session filter: UTC hour=22 outside [7,20) and [0,4)
2026-05-05 17:27:20 INFO mt5_bot - Balance=102029.96 Equity=102029.96 Spread=0.70 pips
2026-05-05 17:27:20 INFO mt5_bot - Session filter: UTC hour=22 outside [7,20) and [0,4)
2026-05-05 17:27:35 INFO mt5_bot - Balance=102029.96 Equity=102029.96 Spread=0.70 pips
2026-05-05 17:27:35 INFO mt5_bot - Session filter: UTC hour=22 outside [7,20) and [0,4)
2026-05-05 17:27:50 INFO mt5_bot - Balance=102029.96 Equity=102029.96 Spread=0.70 pips
2026-05-05 17:27:50 INFO mt5_bot - Session filter: UTC hour=22 outside [7,20) and [0,4)
2026-05-05 17:28:05 INFO mt5_bot - Balance=102029.96 Equity=102029.96 Spread=0.70 pips
2026-05-05 17:28:05 INFO mt5_bot - Session filter: UTC hour=22 outside [7,20) and [0,4)
2026-05-05 17:28:20 INFO mt5_bot - Balance=102029.96 Equity=102029.96 Spread=0.70 pips
2026-05-05 17:28:20 INFO mt5_bot - Session filter: UTC hour=22 outside [7,20) and [0,4)
2026-05-05 17:28:35 INFO mt5_bot - Balance=102029.96 Equity=102029.96 Spread=0.70 pips
2026-05-05 17:28:35 INFO mt5_bot - Session filter: UTC hour=22 outside [7,20) and [0,4)
2026-05-05 17:28:50 INFO mt5_bot - Balance=102029.96 Equity=102029.96 Spread=0.70 pips
2026-05-05 17:28:50 INFO mt5_bot - Session filter: UTC hour=22 outside [7,20) and [0,4)
2026-05-05 17:29:05 INFO mt5_bot - Balance=102029.96 Equity=102029.96 Spread=0.70 pips
2026-05-05 17:29:05 INFO mt5_bot - Session filter: UTC hour=22 outside [7,20) and [0,4)
2026-05-05 17:29:20 INFO mt5_bot - Balance=102029.96 Equity=102029.96 Spread=0.70 pips
2026-05-05 17:29:20 INFO mt5_bot - Session filter: UTC hour=22 outside [7,20) and [0,4)
2026-05-05 17:29:35 INFO mt5_bot - Balance=102029.96 Equity=102029.96 Spread=0.70 pips
2026-05-05 17:29:35 INFO mt5_bot - Session filter: UTC hour=22 outside [7,20) and [0,4)
2026-05-05 17:29:50 INFO mt5_bot - Balance=102029.96 Equity=102029.96 Spread=0.70 pips
2026-05-05 17:29:50 INFO mt5_bot - Session filter: UTC hour=22 outside [7,20) and [0,4)
2026-05-05 17:30:05 INFO mt5_bot - Balance=102029.96 Equity=102029.96 Spread=0.70 pips
2026-05-05 17:30:05 INFO mt5_bot - Session filter: UTC hour=22 outside [7,20) and [0,4)
2026-05-05 17:30:20 INFO mt5_bot - Balance=102029.96 Equity=102029.96 Spread=0.70 pips
2026-05-05 17:30:20 INFO mt5_bot - Session filter: UTC hour=22 outside [7,20) and [0,4)
2026-05-05 17:30:35 INFO mt5_bot - Balance=102029.96 Equity=102029.96 Spread=0.70 pips
2026-05-05 17:30:35 INFO mt5_bot - Session filter: UTC hour=22 outside [7,20) and [0,4)
2026-05-05 17:30:50 INFO mt5_bot - Balance=102029.96 Equity=102029.96 Spread=0.70 pips
2026-05-05 17:30:50 INFO mt5_bot - Session filter: UTC hour=22 outside [7,20) and [0,4)
2026-05-05 17:31:05 INFO mt5_bot - Balance=102029.96 Equity=102029.96 Spread=0.70 pips
2026-05-05 17:31:05 INFO mt5_bot - Session filter: UTC hour=22 outside [7,20) and [0,4)
2026-05-05 17:31:20 INFO mt5_bot - Balance=102029.96 Equity=102029.96 Spread=0.70 pips
2026-05-05 17:31:20 INFO mt5_bot - Session filter: UTC hour=22 outside [7,20) and [0,4)
2026-05-05 17:31:35 INFO mt5_bot - Balance=102029.96 Equity=102029.96 Spread=0.70 pips
2026-05-05 17:31:35 INFO mt5_bot - Session filter: UTC hour=22 outside [7,20) and [0,4)
2026-05-05 17:31:50 INFO mt5_bot - Balance=102029.96 Equity=102029.96 Spread=0.70 pips
2026-05-05 17:31:50 INFO mt5_bot - Session filter: UTC hour=22 outside [7,20) and [0,4)
2026-05-05 17:32:05 INFO mt5_bot - Balance=102029.96 Equity=102029.96 Spread=0.70 pips
2026-05-05 17:32:05 INFO mt5_bot - Session filter: UTC hour=22 outside [7,20) and [0,4)
2026-05-05 17:32:20 INFO mt5_bot - Balance=102029.96 Equity=102029.96 Spread=0.70 pips
2026-05-05 17:32:20 INFO mt5_bot - Session filter: UTC hour=22 outside [7,20) and [0,4)
2026-05-05 17:32:35 INFO mt5_bot - Balance=102029.96 Equity=102029.96 Spread=0.70 pips
2026-05-05 17:32:35 INFO mt5_bot - Session filter: UTC hour=22 outside [7,20) and [0,4)
2026-05-05 17:32:50 INFO mt5_bot - Balance=102029.96 Equity=102029.96 Spread=0.70 pips
2026-05-05 17:32:50 INFO mt5_bot - Session filter: UTC hour=22 outside [7,20) and [0,4)
2026-05-05 17:33:05 INFO mt5_bot - Balance=102029.96 Equity=102029.96 Spread=0.70 pips
2026-05-05 17:33:05 INFO mt5_bot - Session filter: UTC hour=22 outside [7,20) and [0,4)
2026-05-05 17:33:20 INFO mt5_bot - Balance=102029.96 Equity=102029.96 Spread=0.70 pips
2026-05-05 17:33:20 INFO mt5_bot - Session filter: UTC hour=22 outside [7,20) and [0,4)
2026-05-05 17:33:35 INFO mt5_bot - Balance=102029.96 Equity=102029.96 Spread=0.70 pips
2026-05-05 17:33:35 INFO mt5_bot - Session filter: UTC hour=22 outside [7,20) and [0,4)
2026-05-05 17:33:50 INFO mt5_bot - Balance=102029.96 Equity=102029.96 Spread=0.70 pips
2026-05-05 17:33:50 INFO mt5_bot - Session filter: UTC hour=22 outside [7,20) and [0,4)
2026-05-05 17:34:05 INFO mt5_bot - Balance=102029.96 Equity=102029.96 Spread=0.70 pips
2026-05-05 17:34:05 INFO mt5_bot - Session filter: UTC hour=22 outside [7,20) and [0,4)
2026-05-05 17:34:20 INFO mt5_bot - Balance=102029.96 Equity=102029.96 Spread=0.70 pips
2026-05-05 17:34:20 INFO mt5_bot - Session filter: UTC hour=22 outside [7,20) and [0,4)
2026-05-05 17:34:35 INFO mt5_bot - Balance=102029.96 Equity=102029.96 Spread=0.70 pips
2026-05-05 17:34:35 INFO mt5_bot - Session filter: UTC hour=22 outside [7,20) and [0,4)
2026-05-05 17:34:50 INFO mt5_bot - Balance=102029.96 Equity=102029.96 Spread=0.70 pips
2026-05-05 17:34:50 INFO mt5_bot - Session filter: UTC hour=22 outside [7,20) and [0,4)
2026-05-05 17:35:05 INFO mt5_bot - Balance=102029.96 Equity=102029.96 Spread=0.70 pips
2026-05-05 17:35:05 INFO mt5_bot - Session filter: UTC hour=22 outside [7,20) and [0,4)
2026-05-05 17:35:20 INFO mt5_bot - Balance=102029.96 Equity=102029.96 Spread=0.70 pips
2026-05-05 17:35:20 INFO mt5_bot - Session filter: UTC hour=22 outside [7,20) and [0,4)
2026-05-05 17:35:35 INFO mt5_bot - Balance=102029.96 Equity=102029.96 Spread=0.70 pips
2026-05-05 17:35:35 INFO mt5_bot - Session filter: UTC hour=22 outside [7,20) and [0,4)
2026-05-05 17:35:50 INFO mt5_bot - Balance=102029.96 Equity=102029.96 Spread=0.70 pips
2026-05-05 17:35:50 INFO mt5_bot - Session filter: UTC hour=22 outside [7,20) and [0,4)
2026-05-05 17:36:05 INFO mt5_bot - Balance=102029.96 Equity=102029.96 Spread=0.70 pips
2026-05-05 17:36:05 INFO mt5_bot - Session filter: UTC hour=22 outside [7,20) and [0,4)
2026-05-05 17:36:20 INFO mt5_bot - Balance=102029.96 Equity=102029.96 Spread=0.70 pips
2026-05-05 17:36:20 INFO mt5_bot - Session filter: UTC hour=22 outside [7,20) and [0,4)
2026-05-05 17:36:35 INFO mt5_bot - Balance=102029.96 Equity=102029.96 Spread=0.70 pips
2026-05-05 17:36:35 INFO mt5_bot - Session filter: UTC hour=22 outside [7,20) and [0,4)
2026-05-05 17:36:50 INFO mt5_bot - Balance=102029.96 Equity=102029.96 Spread=0.70 pips
2026-05-05 17:36:50 INFO mt5_bot - Session filter: UTC hour=22 outside [7,20) and [0,4)
2026-05-05 17:37:05 INFO mt5_bot - Balance=102029.96 Equity=102029.96 Spread=0.70 pips
2026-05-05 17:37:05 INFO mt5_bot - Session filter: UTC hour=22 outside [7,20) and [0,4)
2026-05-05 17:37:20 INFO mt5_bot - Balance=102029.96 Equity=102029.96 Spread=0.70 pips
2026-05-05 17:37:20 INFO mt5_bot - Session filter: UTC hour=22 outside [7,20) and [0,4)
2026-05-05 17:37:35 INFO mt5_bot - Balance=102029.96 Equity=102029.96 Spread=0.70 pips
2026-05-05 17:37:35 INFO mt5_bot - Session filter: UTC hour=22 outside [7,20) and [0,4)
2026-05-05 17:37:50 INFO mt5_bot - Balance=102029.96 Equity=102029.96 Spread=0.70 pips
2026-05-05 17:37:50 INFO mt5_bot - Session filter: UTC hour=22 outside [7,20) and [0,4)
2026-05-05 17:38:05 INFO mt5_bot - Balance=102029.96 Equity=102029.96 Spread=0.70 pips
2026-05-05 17:38:05 INFO mt5_bot - Session filter: UTC hour=22 outside [7,20) and [0,4)
2026-05-05 17:38:20 INFO mt5_bot - Balance=102029.96 Equity=102029.96 Spread=0.70 pips
2026-05-05 17:38:20 INFO mt5_bot - Session filter: UTC hour=22 outside [7,20) and [0,4)
2026-05-05 17:38:35 INFO mt5_bot - Balance=102029.96 Equity=102029.96 Spread=0.70 pips
2026-05-05 17:38:35 INFO mt5_bot - Session filter: UTC hour=22 outside [7,20) and [0,4)
2026-05-05 17:38:50 INFO mt5_bot - Balance=102029.96 Equity=102029.96 Spread=0.70 pips
2026-05-05 17:38:50 INFO mt5_bot - Session filter: UTC hour=22 outside [7,20) and [0,4)
2026-05-05 17:39:05 INFO mt5_bot - Balance=102029.96 Equity=102029.96 Spread=0.70 pips
2026-05-05 17:39:05 INFO mt5_bot - Session filter: UTC hour=22 outside [7,20) and [0,4)
2026-05-05 17:39:20 INFO mt5_bot - Balance=102029.96 Equity=102029.96 Spread=0.70 pips
2026-05-05 17:39:20 INFO mt5_bot - Session filter: UTC hour=22 outside [7,20) and [0,4)
2026-05-05 17:39:35 INFO mt5_bot - Balance=102029.96 Equity=102029.96 Spread=0.70 pips
2026-05-05 17:39:35 INFO mt5_bot - Session filter: UTC hour=22 outside [7,20) and [0,4)
2026-05-05 17:39:50 INFO mt5_bot - Balance=102029.96 Equity=102029.96 Spread=0.70 pips
2026-05-05 17:39:50 INFO mt5_bot - Session filter: UTC hour=22 outside [7,20) and [0,4)
2026-05-05 17:40:05 INFO mt5_bot - Balance=102029.96 Equity=102029.96 Spread=0.70 pips
2026-05-05 17:40:05 INFO mt5_bot - Session filter: UTC hour=22 outside [7,20) and [0,4)
2026-05-05 17:40:20 INFO mt5_bot - Balance=102029.96 Equity=102029.96 Spread=0.70 pips
2026-05-05 17:40:20 INFO mt5_bot - Session filter: UTC hour=22 outside [7,20) and [0,4)
2026-05-05 17:40:35 INFO mt5_bot - Balance=102029.96 Equity=102029.96 Spread=0.70 pips
2026-05-05 17:40:35 INFO mt5_bot - Session filter: UTC hour=22 outside [7,20) and [0,4)
2026-05-05 17:40:50 INFO mt5_bot - Balance=102029.96 Equity=102029.96 Spread=0.70 pips
2026-05-05 17:40:50 INFO mt5_bot - Session filter: UTC hour=22 outside [7,20) and [0,4)
2026-05-05 17:41:05 INFO mt5_bot - Balance=102029.96 Equity=102029.96 Spread=0.70 pips
2026-05-05 17:41:05 INFO mt5_bot - Session filter: UTC hour=22 outside [7,20) and [0,4)
2026-05-05 17:41:20 INFO mt5_bot - Balance=102029.96 Equity=102029.96 Spread=0.70 pips
2026-05-05 17:41:20 INFO mt5_bot - Session filter: UTC hour=22 outside [7,20) and [0,4)
2026-05-05 17:41:35 INFO mt5_bot - Balance=102029.96 Equity=102029.96 Spread=0.70 pips
2026-05-05 17:41:35 INFO mt5_bot - Session filter: UTC hour=22 outside [7,20) and [0,4)
2026-05-05 17:41:50 INFO mt5_bot - Balance=102029.96 Equity=102029.96 Spread=0.70 pips
2026-05-05 17:41:50 INFO mt5_bot - Session filter: UTC hour=22 outside [7,20) and [0,4)
2026-05-05 17:42:05 INFO mt5_bot - Balance=102029.96 Equity=102029.96 Spread=0.70 pips
2026-05-05 17:42:05 INFO mt5_bot - Session filter: UTC hour=22 outside [7,20) and [0,4)
2026-05-05 17:42:20 INFO mt5_bot - Balance=102029.96 Equity=102029.96 Spread=0.70 pips
2026-05-05 17:42:20 INFO mt5_bot - Session filter: UTC hour=22 outside [7,20) and [0,4)
2026-05-05 17:42:35 INFO mt5_bot - Balance=102029.96 Equity=102029.96 Spread=0.70 pips
2026-05-05 17:42:35 INFO mt5_bot - Session filter: UTC hour=22 outside [7,20) and [0,4)
2026-05-05 17:42:50 INFO mt5_bot - Balance=102029.96 Equity=102029.96 Spread=0.70 pips
2026-05-05 17:42:50 INFO mt5_bot - Session filter: UTC hour=22 outside [7,20) and [0,4)
2026-05-05 17:43:05 INFO mt5_bot - Balance=102029.96 Equity=102029.96 Spread=0.70 pips
2026-05-05 17:43:05 INFO mt5_bot - Session filter: UTC hour=22 outside [7,20) and [0,4)
2026-05-05 17:43:20 INFO mt5_bot - Balance=102029.96 Equity=102029.96 Spread=0.70 pips
2026-05-05 17:43:20 INFO mt5_bot - Session filter: UTC hour=22 outside [7,20) and [0,4)
2026-05-05 17:43:35 INFO mt5_bot - Balance=102029.96 Equity=102029.96 Spread=0.70 pips
2026-05-05 17:43:35 INFO mt5_bot - Session filter: UTC hour=22 outside [7,20) and [0,4)
2026-05-05 17:43:50 INFO mt5_bot - Balance=102029.96 Equity=102029.96 Spread=0.70 pips
2026-05-05 17:43:50 INFO mt5_bot - Session filter: UTC hour=22 outside [7,20) and [0,4)
2026-05-05 17:44:05 INFO mt5_bot - Balance=102029.96 Equity=102029.96 Spread=0.70 pips
2026-05-05 17:44:05 INFO mt5_bot - Session filter: UTC hour=22 outside [7,20) and [0,4)
2026-05-05 17:44:20 INFO mt5_bot - Balance=102029.96 Equity=102029.96 Spread=0.70 pips
2026-05-05 17:44:20 INFO mt5_bot - Session filter: UTC hour=22 outside [7,20) and [0,4)
2026-05-05 17:44:35 INFO mt5_bot - Balance=102029.96 Equity=102029.96 Spread=0.70 pips
2026-05-05 17:44:35 INFO mt5_bot - Session filter: UTC hour=22 outside [7,20) and [0,4)
2026-05-05 17:44:50 INFO mt5_bot - Balance=102029.96 Equity=102029.96 Spread=0.70 pips
2026-05-05 17:44:50 INFO mt5_bot - Session filter: UTC hour=22 outside [7,20) and [0,4)
2026-05-05 17:45:05 INFO mt5_bot - Balance=102029.96 Equity=102029.96 Spread=0.70 pips
2026-05-05 17:45:05 INFO mt5_bot - Session filter: UTC hour=22 outside [7,20) and [0,4)
2026-05-05 17:45:20 INFO mt5_bot - Balance=102029.96 Equity=102029.96 Spread=0.70 pips
2026-05-05 17:45:20 INFO mt5_bot - Session filter: UTC hour=22 outside [7,20) and [0,4)
2026-05-05 17:45:35 INFO mt5_bot - Balance=102029.96 Equity=102029.96 Spread=0.70 pips
2026-05-05 17:45:35 INFO mt5_bot - Session filter: UTC hour=22 outside [7,20) and [0,4)
2026-05-05 17:45:50 INFO mt5_bot - Balance=102029.96 Equity=102029.96 Spread=0.70 pips
2026-05-05 17:45:50 INFO mt5_bot - Session filter: UTC hour=22 outside [7,20) and [0,4)
2026-05-05 17:46:05 INFO mt5_bot - Balance=102029.96 Equity=102029.96 Spread=0.70 pips
2026-05-05 17:46:05 INFO mt5_bot - Session filter: UTC hour=22 outside [7,20) and [0,4)
2026-05-05 17:46:20 INFO mt5_bot - Balance=102029.96 Equity=102029.96 Spread=0.70 pips
2026-05-05 17:46:20 INFO mt5_bot - Session filter: UTC hour=22 outside [7,20) and [0,4)
2026-05-05 17:46:35 INFO mt5_bot - Balance=102029.96 Equity=102029.96 Spread=0.70 pips
2026-05-05 17:46:35 INFO mt5_bot - Session filter: UTC hour=22 outside [7,20) and [0,4)
2026-05-05 17:46:50 INFO mt5_bot - Balance=102029.96 Equity=102029.96 Spread=0.70 pips
2026-05-05 17:46:50 INFO mt5_bot - Session filter: UTC hour=22 outside [7,20) and [0,4)
2026-05-05 17:47:05 INFO mt5_bot - Balance=102029.96 Equity=102029.96 Spread=0.70 pips
2026-05-05 17:47:05 INFO mt5_bot - Session filter: UTC hour=22 outside [7,20) and [0,4)
2026-05-05 17:47:20 INFO mt5_bot - Balance=102029.96 Equity=102029.96 Spread=0.70 pips
2026-05-05 17:47:20 INFO mt5_bot - Session filter: UTC hour=22 outside [7,20) and [0,4)
2026-05-05 17:47:35 INFO mt5_bot - Balance=102029.96 Equity=102029.96 Spread=0.70 pips
2026-05-05 17:47:35 INFO mt5_bot - Session filter: UTC hour=22 outside [7,20) and [0,4)
2026-05-05 17:47:50 INFO mt5_bot - Balance=102029.96 Equity=102029.96 Spread=0.70 pips
2026-05-05 17:47:50 INFO mt5_bot - Session filter: UTC hour=22 outside [7,20) and [0,4)
2026-05-05 17:48:05 INFO mt5_bot - Balance=102029.96 Equity=102029.96 Spread=0.70 pips
2026-05-05 17:48:05 INFO mt5_bot - Session filter: UTC hour=22 outside [7,20) and [0,4)
2026-05-05 17:48:20 INFO mt5_bot - Balance=102029.96 Equity=102029.96 Spread=0.70 pips
2026-05-05 17:48:20 INFO mt5_bot - Session filter: UTC hour=22 outside [7,20) and [0,4)
2026-05-05 17:48:35 INFO mt5_bot - Balance=102029.96 Equity=102029.96 Spread=0.70 pips
2026-05-05 17:48:35 INFO mt5_bot - Session filter: UTC hour=22 outside [7,20) and [0,4)
2026-05-05 17:48:50 INFO mt5_bot - Balance=102029.96 Equity=102029.96 Spread=0.70 pips
2026-05-05 17:48:50 INFO mt5_bot - Session filter: UTC hour=22 outside [7,20) and [0,4)
2026-05-05 17:49:05 INFO mt5_bot - Balance=102029.96 Equity=102029.96 Spread=0.70 pips
2026-05-05 17:49:05 INFO mt5_bot - Session filter: UTC hour=22 outside [7,20) and [0,4)
2026-05-05 17:49:20 INFO mt5_bot - Balance=102029.96 Equity=102029.96 Spread=0.70 pips
2026-05-05 17:49:20 INFO mt5_bot - Session filter: UTC hour=22 outside [7,20) and [0,4)
2026-05-05 17:49:35 INFO mt5_bot - Balance=102029.96 Equity=102029.96 Spread=0.70 pips
2026-05-05 17:49:35 INFO mt5_bot - Session filter: UTC hour=22 outside [7,20) and [0,4)
2026-05-05 17:49:50 INFO mt5_bot - Balance=102029.96 Equity=102029.96 Spread=0.70 pips
2026-05-05 17:49:50 INFO mt5_bot - Session filter: UTC hour=22 outside [7,20) and [0,4)
2026-05-05 17:50:05 INFO mt5_bot - Balance=102029.96 Equity=102029.96 Spread=0.70 pips
2026-05-05 17:50:05 INFO mt5_bot - Session filter: UTC hour=22 outside [7,20) and [0,4)
2026-05-05 17:50:20 INFO mt5_bot - Balance=102029.96 Equity=102029.96 Spread=0.70 pips
2026-05-05 17:50:20 INFO mt5_bot - Session filter: UTC hour=22 outside [7,20) and [0,4)
2026-05-05 17:50:35 INFO mt5_bot - Balance=102029.96 Equity=102029.96 Spread=0.70 pips
2026-05-05 17:50:35 INFO mt5_bot - Session filter: UTC hour=22 outside [7,20) and [0,4)
2026-05-05 17:50:50 INFO mt5_bot - Balance=102029.96 Equity=102029.96 Spread=0.70 pips
2026-05-05 17:50:50 INFO mt5_bot - Session filter: UTC hour=22 outside [7,20) and [0,4)
2026-05-05 17:51:05 INFO mt5_bot - Balance=102029.96 Equity=102029.96 Spread=0.70 pips
2026-05-05 17:51:05 INFO mt5_bot - Session filter: UTC hour=22 outside [7,20) and [0,4)
2026-05-05 17:51:20 INFO mt5_bot - Balance=102029.96 Equity=102029.96 Spread=0.70 pips
2026-05-05 17:51:20 INFO mt5_bot - Session filter: UTC hour=22 outside [7,20) and [0,4)
2026-05-05 17:51:35 INFO mt5_bot - Balance=102029.96 Equity=102029.96 Spread=0.70 pips
2026-05-05 17:51:35 INFO mt5_bot - Session filter: UTC hour=22 outside [7,20) and [0,4)
2026-05-05 17:51:50 INFO mt5_bot - Balance=102029.96 Equity=102029.96 Spread=0.70 pips
2026-05-05 17:51:50 INFO mt5_bot - Session filter: UTC hour=22 outside [7,20) and [0,4)
2026-05-05 17:52:05 INFO mt5_bot - Balance=102029.96 Equity=102029.96 Spread=0.70 pips
2026-05-05 17:52:05 INFO mt5_bot - Session filter: UTC hour=22 outside [7,20) and [0,4)
2026-05-05 17:52:20 INFO mt5_bot - Balance=102029.96 Equity=102029.96 Spread=0.70 pips
2026-05-05 17:52:20 INFO mt5_bot - Session filter: UTC hour=22 outside [7,20) and [0,4)
2026-05-05 17:52:35 INFO mt5_bot - Balance=102029.96 Equity=102029.96 Spread=0.70 pips
2026-05-05 17:52:35 INFO mt5_bot - Session filter: UTC hour=22 outside [7,20) and [0,4)
2026-05-05 17:52:50 INFO mt5_bot - Balance=102029.96 Equity=102029.96 Spread=0.70 pips
2026-05-05 17:52:50 INFO mt5_bot - Session filter: UTC hour=22 outside [7,20) and [0,4)
2026-05-05 17:53:05 INFO mt5_bot - Balance=102029.96 Equity=102029.96 Spread=0.70 pips
2026-05-05 17:53:05 INFO mt5_bot - Session filter: UTC hour=22 outside [7,20) and [0,4)
2026-05-05 17:53:20 INFO mt5_bot - Balance=102029.96 Equity=102029.96 Spread=0.70 pips
2026-05-05 17:53:20 INFO mt5_bot - Session filter: UTC hour=22 outside [7,20) and [0,4)
2026-05-05 17:53:35 INFO mt5_bot - Balance=102029.96 Equity=102029.96 Spread=0.70 pips
2026-05-05 17:53:35 INFO mt5_bot - Session filter: UTC hour=22 outside [7,20) and [0,4)
2026-05-05 17:53:51 INFO mt5_bot - Balance=102029.96 Equity=102029.96 Spread=0.70 pips
2026-05-05 17:53:51 INFO mt5_bot - Session filter: UTC hour=22 outside [7,20) and [0,4)
2026-05-05 17:54:06 INFO mt5_bot - Balance=102029.96 Equity=102029.96 Spread=0.70 pips
2026-05-05 17:54:06 INFO mt5_bot - Session filter: UTC hour=22 outside [7,20) and [0,4)
2026-05-05 17:54:21 INFO mt5_bot - Balance=102029.96 Equity=102029.96 Spread=0.70 pips
2026-05-05 17:54:21 INFO mt5_bot - Session filter: UTC hour=22 outside [7,20) and [0,4)
2026-05-05 17:54:36 INFO mt5_bot - Balance=102029.96 Equity=102029.96 Spread=0.70 pips
2026-05-05 17:54:36 INFO mt5_bot - Session filter: UTC hour=22 outside [7,20) and [0,4)
2026-05-05 17:54:51 INFO mt5_bot - Balance=102029.96 Equity=102029.96 Spread=0.70 pips
2026-05-05 17:54:51 INFO mt5_bot - Session filter: UTC hour=22 outside [7,20) and [0,4)
2026-05-05 17:55:06 INFO mt5_bot - Balance=102029.96 Equity=102029.96 Spread=0.70 pips
2026-05-05 17:55:06 INFO mt5_bot - Session filter: UTC hour=22 outside [7,20) and [0,4)
2026-05-05 17:55:21 INFO mt5_bot - Balance=102029.96 Equity=102029.96 Spread=0.70 pips
2026-05-05 17:55:21 INFO mt5_bot - Session filter: UTC hour=22 outside [7,20) and [0,4)
2026-05-05 17:55:36 INFO mt5_bot - Balance=102029.96 Equity=102029.96 Spread=0.70 pips
2026-05-05 17:55:36 INFO mt5_bot - Session filter: UTC hour=22 outside [7,20) and [0,4)
2026-05-05 17:55:51 INFO mt5_bot - Balance=102029.96 Equity=102029.96 Spread=0.70 pips
2026-05-05 17:55:51 INFO mt5_bot - Session filter: UTC hour=22 outside [7,20) and [0,4)
2026-05-05 17:56:06 INFO mt5_bot - Balance=102029.96 Equity=102029.96 Spread=0.70 pips
2026-05-05 17:56:06 INFO mt5_bot - Session filter: UTC hour=22 outside [7,20) and [0,4)
2026-05-05 17:56:21 INFO mt5_bot - Balance=102029.96 Equity=102029.96 Spread=0.70 pips
2026-05-05 17:56:21 INFO mt5_bot - Session filter: UTC hour=22 outside [7,20) and [0,4)
2026-05-05 17:56:36 INFO mt5_bot - Balance=102029.96 Equity=102029.96 Spread=0.70 pips
2026-05-05 17:56:36 INFO mt5_bot - Session filter: UTC hour=22 outside [7,20) and [0,4)
2026-05-05 17:56:51 INFO mt5_bot - Balance=102029.96 Equity=102029.96 Spread=0.70 pips
2026-05-05 17:56:51 INFO mt5_bot - Session filter: UTC hour=22 outside [7,20) and [0,4)
2026-05-05 17:57:06 INFO mt5_bot - Balance=102029.96 Equity=102029.96 Spread=0.70 pips
2026-05-05 17:57:06 INFO mt5_bot - Session filter: UTC hour=22 outside [7,20) and [0,4)
2026-05-05 17:57:21 INFO mt5_bot - Balance=102029.96 Equity=102029.96 Spread=0.70 pips
2026-05-05 17:57:21 INFO mt5_bot - Session filter: UTC hour=22 outside [7,20) and [0,4)
2026-05-05 17:57:36 INFO mt5_bot - Balance=102029.96 Equity=102029.96 Spread=0.70 pips
2026-05-05 17:57:36 INFO mt5_bot - Session filter: UTC hour=22 outside [7,20) and [0,4)
2026-05-05 17:57:51 INFO mt5_bot - Balance=102029.96 Equity=102029.96 Spread=0.70 pips
2026-05-05 17:57:51 INFO mt5_bot - Session filter: UTC hour=22 outside [7,20) and [0,4)
2026-05-05 17:58:06 INFO mt5_bot - Balance=102029.96 Equity=102029.96 Spread=0.70 pips
2026-05-05 17:58:06 INFO mt5_bot - Session filter: UTC hour=22 outside [7,20) and [0,4)
2026-05-05 17:58:21 INFO mt5_bot - Balance=102029.96 Equity=102029.96 Spread=0.70 pips
2026-05-05 17:58:21 INFO mt5_bot - Session filter: UTC hour=22 outside [7,20) and [0,4)
2026-05-05 17:58:36 INFO mt5_bot - Balance=102029.96 Equity=102029.96 Spread=0.70 pips
2026-05-05 17:58:36 INFO mt5_bot - Session filter: UTC hour=22 outside [7,20) and [0,4)
2026-05-05 17:58:51 INFO mt5_bot - Balance=102029.96 Equity=102029.96 Spread=0.70 pips
2026-05-05 17:58:51 INFO mt5_bot - Session filter: UTC hour=22 outside [7,20) and [0,4)
2026-05-05 17:59:06 INFO mt5_bot - Balance=102029.96 Equity=102029.96 Spread=0.70 pips
2026-05-05 17:59:06 INFO mt5_bot - Session filter: UTC hour=22 outside [7,20) and [0,4)
2026-05-05 17:59:21 INFO mt5_bot - Balance=102029.96 Equity=102029.96 Spread=0.70 pips
2026-05-05 17:59:21 INFO mt5_bot - Session filter: UTC hour=22 outside [7,20) and [0,4)
2026-05-05 17:59:36 INFO mt5_bot - Balance=102029.96 Equity=102029.96 Spread=0.70 pips
2026-05-05 17:59:36 INFO mt5_bot - Session filter: UTC hour=22 outside [7,20) and [0,4)
2026-05-05 17:59:51 INFO mt5_bot - Balance=102029.96 Equity=102029.96 Spread=0.70 pips
2026-05-05 17:59:51 INFO mt5_bot - Session filter: UTC hour=22 outside [7,20) and [0,4)
2026-05-05 18:00:06 INFO mt5_bot - Balance=102029.96 Equity=102029.96 Spread=0.70 pips
2026-05-05 18:00:06 INFO mt5_bot - Session filter: UTC hour=23 outside [7,20) and [0,4)
2026-05-05 18:00:21 INFO mt5_bot - Balance=102029.96 Equity=102029.96 Spread=0.70 pips
2026-05-05 18:00:21 INFO mt5_bot - Session filter: UTC hour=23 outside [7,20) and [0,4)
2026-05-05 18:00:36 INFO mt5_bot - Balance=102029.96 Equity=102029.96 Spread=0.70 pips
2026-05-05 18:00:36 INFO mt5_bot - Session filter: UTC hour=23 outside [7,20) and [0,4)
2026-05-05 18:00:51 INFO mt5_bot - Balance=102029.96 Equity=102029.96 Spread=0.70 pips
2026-05-05 18:00:51 INFO mt5_bot - Session filter: UTC hour=23 outside [7,20) and [0,4)
2026-05-05 18:01:06 INFO mt5_bot - Balance=102029.96 Equity=102029.96 Spread=0.70 pips
2026-05-05 18:01:06 INFO mt5_bot - Session filter: UTC hour=23 outside [7,20) and [0,4)
2026-05-05 18:01:21 INFO mt5_bot - Balance=102029.96 Equity=102029.96 Spread=0.70 pips
2026-05-05 18:01:21 INFO mt5_bot - Session filter: UTC hour=23 outside [7,20) and [0,4)
2026-05-05 18:01:36 INFO mt5_bot - Balance=102029.96 Equity=102029.96 Spread=0.70 pips
2026-05-05 18:01:36 INFO mt5_bot - Session filter: UTC hour=23 outside [7,20) and [0,4)
2026-05-05 18:01:51 INFO mt5_bot - Balance=102029.96 Equity=102029.96 Spread=0.70 pips
2026-05-05 18:01:51 INFO mt5_bot - Session filter: UTC hour=23 outside [7,20) and [0,4)
2026-05-05 18:02:06 INFO mt5_bot - Balance=102029.96 Equity=102029.96 Spread=0.70 pips
2026-05-05 18:02:06 INFO mt5_bot - Session filter: UTC hour=23 outside [7,20) and [0,4)
2026-05-05 18:02:21 INFO mt5_bot - Balance=102029.96 Equity=102029.96 Spread=0.70 pips
2026-05-05 18:02:21 INFO mt5_bot - Session filter: UTC hour=23 outside [7,20) and [0,4)
2026-05-05 18:02:36 INFO mt5_bot - Balance=102029.96 Equity=102029.96 Spread=0.70 pips
2026-05-05 18:02:36 INFO mt5_bot - Session filter: UTC hour=23 outside [7,20) and [0,4)
2026-05-05 18:02:51 INFO mt5_bot - Balance=102029.96 Equity=102029.96 Spread=0.70 pips
2026-05-05 18:02:51 INFO mt5_bot - Session filter: UTC hour=23 outside [7,20) and [0,4)
2026-05-05 18:03:06 INFO mt5_bot - Balance=102029.96 Equity=102029.96 Spread=0.70 pips
2026-05-05 18:03:06 INFO mt5_bot - Session filter: UTC hour=23 outside [7,20) and [0,4)
2026-05-05 18:03:21 INFO mt5_bot - Balance=102029.96 Equity=102029.96 Spread=0.70 pips
2026-05-05 18:03:21 INFO mt5_bot - Session filter: UTC hour=23 outside [7,20) and [0,4)
2026-05-05 18:03:36 INFO mt5_bot - Balance=102029.96 Equity=102029.96 Spread=0.70 pips
2026-05-05 18:03:36 INFO mt5_bot - Session filter: UTC hour=23 outside [7,20) and [0,4)
2026-05-05 18:03:51 INFO mt5_bot - Balance=102029.96 Equity=102029.96 Spread=0.70 pips
2026-05-05 18:03:51 INFO mt5_bot - Session filter: UTC hour=23 outside [7,20) and [0,4)
2026-05-05 18:04:06 INFO mt5_bot - Balance=102029.96 Equity=102029.96 Spread=0.70 pips
2026-05-05 18:04:06 INFO mt5_bot - Session filter: UTC hour=23 outside [7,20) and [0,4)
2026-05-05 18:04:21 INFO mt5_bot - Balance=102029.96 Equity=102029.96 Spread=0.70 pips
2026-05-05 18:04:21 INFO mt5_bot - Session filter: UTC hour=23 outside [7,20) and [0,4)
2026-05-05 18:04:36 INFO mt5_bot - Balance=102029.96 Equity=102029.96 Spread=0.70 pips
2026-05-05 18:04:36 INFO mt5_bot - Session filter: UTC hour=23 outside [7,20) and [0,4)
2026-05-05 18:04:51 INFO mt5_bot - Balance=102029.96 Equity=102029.96 Spread=0.70 pips
2026-05-05 18:04:51 INFO mt5_bot - Session filter: UTC hour=23 outside [7,20) and [0,4)
2026-05-05 18:05:06 INFO mt5_bot - Balance=102029.96 Equity=102029.96 Spread=0.70 pips
2026-05-05 18:05:06 INFO mt5_bot - Session filter: UTC hour=23 outside [7,20) and [0,4)
2026-05-05 18:05:21 INFO mt5_bot - Balance=102029.96 Equity=102029.96 Spread=0.70 pips
2026-05-05 18:05:21 INFO mt5_bot - Session filter: UTC hour=23 outside [7,20) and [0,4)
2026-05-05 18:05:36 INFO mt5_bot - Balance=102029.96 Equity=102029.96 Spread=0.70 pips
2026-05-05 18:05:36 INFO mt5_bot - Session filter: UTC hour=23 outside [7,20) and [0,4)
2026-05-05 18:05:51 INFO mt5_bot - Balance=102029.96 Equity=102029.96 Spread=0.70 pips
2026-05-05 18:05:51 INFO mt5_bot - Session filter: UTC hour=23 outside [7,20) and [0,4)
2026-05-05 18:06:06 INFO mt5_bot - Balance=102029.96 Equity=102029.96 Spread=0.70 pips
2026-05-05 18:06:06 INFO mt5_bot - Session filter: UTC hour=23 outside [7,20) and [0,4)
2026-05-05 18:06:21 INFO mt5_bot - Balance=102029.96 Equity=102029.96 Spread=0.70 pips
2026-05-05 18:06:21 INFO mt5_bot - Session filter: UTC hour=23 outside [7,20) and [0,4)
2026-05-05 18:06:36 INFO mt5_bot - Balance=102029.96 Equity=102029.96 Spread=0.70 pips
2026-05-05 18:06:36 INFO mt5_bot - Session filter: UTC hour=23 outside [7,20) and [0,4)
2026-05-05 18:06:51 INFO mt5_bot - Balance=102029.96 Equity=102029.96 Spread=0.70 pips
2026-05-05 18:06:51 INFO mt5_bot - Session filter: UTC hour=23 outside [7,20) and [0,4)
2026-05-05 18:07:06 INFO mt5_bot - Balance=102029.96 Equity=102029.96 Spread=0.70 pips
2026-05-05 18:07:06 INFO mt5_bot - Session filter: UTC hour=23 outside [7,20) and [0,4)
2026-05-05 18:07:21 INFO mt5_bot - Balance=102029.96 Equity=102029.96 Spread=0.70 pips
2026-05-05 18:07:21 INFO mt5_bot - Session filter: UTC hour=23 outside [7,20) and [0,4)
2026-05-05 18:07:36 INFO mt5_bot - Balance=102029.96 Equity=102029.96 Spread=0.70 pips
2026-05-05 18:07:36 INFO mt5_bot - Session filter: UTC hour=23 outside [7,20) and [0,4)
2026-05-05 18:07:51 INFO mt5_bot - Balance=102029.96 Equity=102029.96 Spread=0.70 pips
2026-05-05 18:07:51 INFO mt5_bot - Session filter: UTC hour=23 outside [7,20) and [0,4)
2026-05-05 18:08:06 INFO mt5_bot - Balance=102029.96 Equity=102029.96 Spread=0.70 pips
2026-05-05 18:08:06 INFO mt5_bot - Session filter: UTC hour=23 outside [7,20) and [0,4)
2026-05-05 18:08:21 INFO mt5_bot - Balance=102029.96 Equity=102029.96 Spread=0.70 pips
2026-05-05 18:08:21 INFO mt5_bot - Session filter: UTC hour=23 outside [7,20) and [0,4)
2026-05-05 18:08:36 INFO mt5_bot - Balance=102029.96 Equity=102029.96 Spread=0.70 pips
2026-05-05 18:08:36 INFO mt5_bot - Session filter: UTC hour=23 outside [7,20) and [0,4)
2026-05-05 18:08:51 INFO mt5_bot - Balance=102029.96 Equity=102029.96 Spread=0.70 pips
2026-05-05 18:08:51 INFO mt5_bot - Session filter: UTC hour=23 outside [7,20) and [0,4)
2026-05-05 18:09:06 INFO mt5_bot - Balance=102029.96 Equity=102029.96 Spread=0.70 pips
2026-05-05 18:09:06 INFO mt5_bot - Session filter: UTC hour=23 outside [7,20) and [0,4)
2026-05-05 18:09:21 INFO mt5_bot - Balance=102029.96 Equity=102029.96 Spread=0.70 pips
2026-05-05 18:09:21 INFO mt5_bot - Session filter: UTC hour=23 outside [7,20) and [0,4)
2026-05-05 18:09:36 INFO mt5_bot - Balance=102029.96 Equity=102029.96 Spread=0.70 pips
2026-05-05 18:09:36 INFO mt5_bot - Session filter: UTC hour=23 outside [7,20) and [0,4)
2026-05-05 18:09:51 INFO mt5_bot - Balance=102029.96 Equity=102029.96 Spread=0.70 pips
2026-05-05 18:09:51 INFO mt5_bot - Session filter: UTC hour=23 outside [7,20) and [0,4)
2026-05-05 18:10:06 INFO mt5_bot - Balance=102029.96 Equity=102029.96 Spread=0.70 pips
2026-05-05 18:10:06 INFO mt5_bot - Session filter: UTC hour=23 outside [7,20) and [0,4)
2026-05-05 18:10:21 INFO mt5_bot - Balance=102029.96 Equity=102029.96 Spread=0.70 pips
2026-05-05 18:10:21 INFO mt5_bot - Session filter: UTC hour=23 outside [7,20) and [0,4)
2026-05-05 18:10:36 INFO mt5_bot - Balance=102029.96 Equity=102029.96 Spread=0.70 pips
2026-05-05 18:10:36 INFO mt5_bot - Session filter: UTC hour=23 outside [7,20) and [0,4)
2026-05-05 18:10:51 INFO mt5_bot - Balance=102029.96 Equity=102029.96 Spread=0.70 pips
2026-05-05 18:10:51 INFO mt5_bot - Session filter: UTC hour=23 outside [7,20) and [0,4)
2026-05-05 18:11:06 INFO mt5_bot - Balance=102029.96 Equity=102029.96 Spread=0.70 pips
2026-05-05 18:11:06 INFO mt5_bot - Session filter: UTC hour=23 outside [7,20) and [0,4)
2026-05-05 18:11:21 INFO mt5_bot - Balance=102029.96 Equity=102029.96 Spread=0.70 pips
2026-05-05 18:11:21 INFO mt5_bot - Session filter: UTC hour=23 outside [7,20) and [0,4)
2026-05-05 18:11:36 INFO mt5_bot - Balance=102029.96 Equity=102029.96 Spread=0.70 pips
2026-05-05 18:11:36 INFO mt5_bot - Session filter: UTC hour=23 outside [7,20) and [0,4)
2026-05-05 18:11:51 INFO mt5_bot - Balance=102029.96 Equity=102029.96 Spread=0.70 pips
2026-05-05 18:11:51 INFO mt5_bot - Session filter: UTC hour=23 outside [7,20) and [0,4)
2026-05-05 18:12:06 INFO mt5_bot - Balance=102029.96 Equity=102029.96 Spread=0.70 pips
2026-05-05 18:12:06 INFO mt5_bot - Session filter: UTC hour=23 outside [7,20) and [0,4)
2026-05-05 18:12:21 INFO mt5_bot - Balance=102029.96 Equity=102029.96 Spread=0.70 pips
2026-05-05 18:12:21 INFO mt5_bot - Session filter: UTC hour=23 outside [7,20) and [0,4)
2026-05-05 18:12:36 INFO mt5_bot - Balance=102029.96 Equity=102029.96 Spread=0.70 pips
2026-05-05 18:12:36 INFO mt5_bot - Session filter: UTC hour=23 outside [7,20) and [0,4)
2026-05-05 18:12:51 INFO mt5_bot - Balance=102029.96 Equity=102029.96 Spread=0.70 pips
2026-05-05 18:12:51 INFO mt5_bot - Session filter: UTC hour=23 outside [7,20) and [0,4)
2026-05-05 18:13:06 INFO mt5_bot - Balance=102029.96 Equity=102029.96 Spread=0.70 pips
2026-05-05 18:13:06 INFO mt5_bot - Session filter: UTC hour=23 outside [7,20) and [0,4)
2026-05-05 18:13:21 INFO mt5_bot - Balance=102029.96 Equity=102029.96 Spread=0.70 pips
2026-05-05 18:13:21 INFO mt5_bot - Session filter: UTC hour=23 outside [7,20) and [0,4)
2026-05-05 18:13:36 INFO mt5_bot - Balance=102029.96 Equity=102029.96 Spread=0.70 pips
2026-05-05 18:13:36 INFO mt5_bot - Session filter: UTC hour=23 outside [7,20) and [0,4)
2026-05-05 18:13:51 INFO mt5_bot - Balance=102029.96 Equity=102029.96 Spread=0.70 pips
2026-05-05 18:13:51 INFO mt5_bot - Session filter: UTC hour=23 outside [7,20) and [0,4)
2026-05-05 18:14:06 INFO mt5_bot - Balance=102029.96 Equity=102029.96 Spread=0.70 pips
2026-05-05 18:14:06 INFO mt5_bot - Session filter: UTC hour=23 outside [7,20) and [0,4)
2026-05-05 18:14:21 INFO mt5_bot - Balance=102029.96 Equity=102029.96 Spread=0.70 pips
2026-05-05 18:14:21 INFO mt5_bot - Session filter: UTC hour=23 outside [7,20) and [0,4)
2026-05-05 18:14:36 INFO mt5_bot - Balance=102029.96 Equity=102029.96 Spread=0.70 pips
2026-05-05 18:14:36 INFO mt5_bot - Session filter: UTC hour=23 outside [7,20) and [0,4)
2026-05-05 18:14:51 INFO mt5_bot - Balance=102029.96 Equity=102029.96 Spread=0.70 pips
2026-05-05 18:14:51 INFO mt5_bot - Session filter: UTC hour=23 outside [7,20) and [0,4)
2026-05-05 18:15:06 INFO mt5_bot - Balance=102029.96 Equity=102029.96 Spread=0.70 pips
2026-05-05 18:15:06 INFO mt5_bot - Session filter: UTC hour=23 outside [7,20) and [0,4)
2026-05-05 18:15:21 INFO mt5_bot - Balance=102029.96 Equity=102029.96 Spread=0.70 pips
2026-05-05 18:15:21 INFO mt5_bot - Session filter: UTC hour=23 outside [7,20) and [0,4)
2026-05-05 18:15:36 INFO mt5_bot - Balance=102029.96 Equity=102029.96 Spread=0.70 pips
2026-05-05 18:15:36 INFO mt5_bot - Session filter: UTC hour=23 outside [7,20) and [0,4)
2026-05-05 18:15:51 INFO mt5_bot - Balance=102029.96 Equity=102029.96 Spread=0.70 pips
2026-05-05 18:15:51 INFO mt5_bot - Session filter: UTC hour=23 outside [7,20) and [0,4)
2026-05-05 18:16:06 INFO mt5_bot - Balance=102029.96 Equity=102029.96 Spread=0.70 pips
2026-05-05 18:16:06 INFO mt5_bot - Session filter: UTC hour=23 outside [7,20) and [0,4)
2026-05-05 18:16:21 INFO mt5_bot - Balance=102029.96 Equity=102029.96 Spread=0.70 pips
2026-05-05 18:16:21 INFO mt5_bot - Session filter: UTC hour=23 outside [7,20) and [0,4)
2026-05-05 18:16:36 INFO mt5_bot - Balance=102029.96 Equity=102029.96 Spread=0.70 pips
2026-05-05 18:16:36 INFO mt5_bot - Session filter: UTC hour=23 outside [7,20) and [0,4)
2026-05-05 18:16:51 INFO mt5_bot - Balance=102029.96 Equity=102029.96 Spread=0.70 pips
2026-05-05 18:16:51 INFO mt5_bot - Session filter: UTC hour=23 outside [7,20) and [0,4)
2026-05-05 18:17:06 INFO mt5_bot - Balance=102029.96 Equity=102029.96 Spread=0.70 pips
2026-05-05 18:17:06 INFO mt5_bot - Session filter: UTC hour=23 outside [7,20) and [0,4)
2026-05-05 18:17:21 INFO mt5_bot - Balance=102029.96 Equity=102029.96 Spread=0.70 pips
2026-05-05 18:17:21 INFO mt5_bot - Session filter: UTC hour=23 outside [7,20) and [0,4)
2026-05-05 18:17:36 INFO mt5_bot - Balance=102029.96 Equity=102029.96 Spread=0.70 pips
2026-05-05 18:17:36 INFO mt5_bot - Session filter: UTC hour=23 outside [7,20) and [0,4)
2026-05-05 18:17:51 INFO mt5_bot - Balance=102029.96 Equity=102029.96 Spread=0.70 pips
2026-05-05 18:17:51 INFO mt5_bot - Session filter: UTC hour=23 outside [7,20) and [0,4)
2026-05-05 18:18:06 INFO mt5_bot - Balance=102029.96 Equity=102029.96 Spread=0.70 pips
2026-05-05 18:18:06 INFO mt5_bot - Session filter: UTC hour=23 outside [7,20) and [0,4)
2026-05-05 18:18:21 INFO mt5_bot - Balance=102029.96 Equity=102029.96 Spread=0.70 pips
2026-05-05 18:18:21 INFO mt5_bot - Session filter: UTC hour=23 outside [7,20) and [0,4)
2026-05-05 18:18:36 INFO mt5_bot - Balance=102029.96 Equity=102029.96 Spread=0.70 pips
2026-05-05 18:18:36 INFO mt5_bot - Session filter: UTC hour=23 outside [7,20) and [0,4)
2026-05-05 18:18:51 INFO mt5_bot - Balance=102029.96 Equity=102029.96 Spread=0.70 pips
2026-05-05 18:18:51 INFO mt5_bot - Session filter: UTC hour=23 outside [7,20) and [0,4)
2026-05-05 18:19:06 INFO mt5_bot - Balance=102029.96 Equity=102029.96 Spread=0.70 pips
2026-05-05 18:19:06 INFO mt5_bot - Session filter: UTC hour=23 outside [7,20) and [0,4)
2026-05-05 18:19:21 INFO mt5_bot - Balance=102029.96 Equity=102029.96 Spread=0.70 pips
2026-05-05 18:19:21 INFO mt5_bot - Session filter: UTC hour=23 outside [7,20) and [0,4)
2026-05-05 18:19:36 INFO mt5_bot - Balance=102029.96 Equity=102029.96 Spread=0.70 pips
2026-05-05 18:19:36 INFO mt5_bot - Session filter: UTC hour=23 outside [7,20) and [0,4)
2026-05-05 18:19:51 INFO mt5_bot - Balance=102029.96 Equity=102029.96 Spread=0.70 pips
2026-05-05 18:19:51 INFO mt5_bot - Session filter: UTC hour=23 outside [7,20) and [0,4)
2026-05-05 18:20:06 INFO mt5_bot - Balance=102029.96 Equity=102029.96 Spread=0.70 pips
2026-05-05 18:20:06 INFO mt5_bot - Session filter: UTC hour=23 outside [7,20) and [0,4)
2026-05-05 18:20:21 INFO mt5_bot - Balance=102029.96 Equity=102029.96 Spread=0.70 pips
2026-05-05 18:20:21 INFO mt5_bot - Session filter: UTC hour=23 outside [7,20) and [0,4)
2026-05-05 18:20:36 INFO mt5_bot - Balance=102029.96 Equity=102029.96 Spread=0.70 pips
2026-05-05 18:20:36 INFO mt5_bot - Session filter: UTC hour=23 outside [7,20) and [0,4)
2026-05-05 18:20:51 INFO mt5_bot - Balance=102029.96 Equity=102029.96 Spread=0.70 pips
2026-05-05 18:20:51 INFO mt5_bot - Session filter: UTC hour=23 outside [7,20) and [0,4)
2026-05-05 18:21:06 INFO mt5_bot - Balance=102029.96 Equity=102029.96 Spread=0.70 pips
2026-05-05 18:21:06 INFO mt5_bot - Session filter: UTC hour=23 outside [7,20) and [0,4)
2026-05-05 18:21:21 INFO mt5_bot - Balance=102029.96 Equity=102029.96 Spread=0.70 pips
2026-05-05 18:21:21 INFO mt5_bot - Session filter: UTC hour=23 outside [7,20) and [0,4)
2026-05-05 18:21:36 INFO mt5_bot - Balance=102029.96 Equity=102029.96 Spread=0.70 pips
2026-05-05 18:21:36 INFO mt5_bot - Session filter: UTC hour=23 outside [7,20) and [0,4)
2026-05-05 18:21:51 INFO mt5_bot - Balance=102029.96 Equity=102029.96 Spread=0.70 pips
2026-05-05 18:21:51 INFO mt5_bot - Session filter: UTC hour=23 outside [7,20) and [0,4)
2026-05-05 18:22:06 INFO mt5_bot - Balance=102029.96 Equity=102029.96 Spread=0.70 pips
2026-05-05 18:22:06 INFO mt5_bot - Session filter: UTC hour=23 outside [7,20) and [0,4)
2026-05-05 18:22:21 INFO mt5_bot - Balance=102029.96 Equity=102029.96 Spread=0.70 pips
2026-05-05 18:22:21 INFO mt5_bot - Session filter: UTC hour=23 outside [7,20) and [0,4)
2026-05-05 18:22:36 INFO mt5_bot - Balance=102029.96 Equity=102029.96 Spread=0.70 pips
2026-05-05 18:22:36 INFO mt5_bot - Session filter: UTC hour=23 outside [7,20) and [0,4)
2026-05-05 18:22:51 INFO mt5_bot - Balance=102029.96 Equity=102029.96 Spread=0.70 pips
2026-05-05 18:22:51 INFO mt5_bot - Session filter: UTC hour=23 outside [7,20) and [0,4)
2026-05-05 18:23:06 INFO mt5_bot - Balance=102029.96 Equity=102029.96 Spread=0.70 pips
2026-05-05 18:23:06 INFO mt5_bot - Session filter: UTC hour=23 outside [7,20) and [0,4)
2026-05-05 18:23:21 INFO mt5_bot - Balance=102029.96 Equity=102029.96 Spread=0.70 pips
2026-05-05 18:23:21 INFO mt5_bot - Session filter: UTC hour=23 outside [7,20) and [0,4)
2026-05-05 18:23:36 INFO mt5_bot - Balance=102029.96 Equity=102029.96 Spread=0.70 pips
2026-05-05 18:23:36 INFO mt5_bot - Session filter: UTC hour=23 outside [7,20) and [0,4)
2026-05-05 18:23:51 INFO mt5_bot - Balance=102029.96 Equity=102029.96 Spread=0.70 pips
2026-05-05 18:23:51 INFO mt5_bot - Session filter: UTC hour=23 outside [7,20) and [0,4)
2026-05-05 18:24:06 INFO mt5_bot - Balance=102029.96 Equity=102029.96 Spread=0.70 pips
2026-05-05 18:24:06 INFO mt5_bot - Session filter: UTC hour=23 outside [7,20) and [0,4)
2026-05-05 18:24:21 INFO mt5_bot - Balance=102029.96 Equity=102029.96 Spread=0.70 pips
2026-05-05 18:24:21 INFO mt5_bot - Session filter: UTC hour=23 outside [7,20) and [0,4)
2026-05-05 18:24:36 INFO mt5_bot - Balance=102029.96 Equity=102029.96 Spread=0.70 pips
2026-05-05 18:24:36 INFO mt5_bot - Session filter: UTC hour=23 outside [7,20) and [0,4)
2026-05-05 18:24:51 INFO mt5_bot - Balance=102029.96 Equity=102029.96 Spread=0.70 pips
2026-05-05 18:24:51 INFO mt5_bot - Session filter: UTC hour=23 outside [7,20) and [0,4)
2026-05-05 18:25:06 INFO mt5_bot - Balance=102029.96 Equity=102029.96 Spread=0.70 pips
2026-05-05 18:25:06 INFO mt5_bot - Session filter: UTC hour=23 outside [7,20) and [0,4)
2026-05-05 18:25:22 INFO mt5_bot - Balance=102029.96 Equity=102029.96 Spread=0.70 pips
2026-05-05 18:25:22 INFO mt5_bot - Session filter: UTC hour=23 outside [7,20) and [0,4)
2026-05-05 18:25:37 INFO mt5_bot - Balance=102029.96 Equity=102029.96 Spread=0.70 pips
2026-05-05 18:25:37 INFO mt5_bot - Session filter: UTC hour=23 outside [7,20) and [0,4)
2026-05-05 18:25:52 INFO mt5_bot - Balance=102029.96 Equity=102029.96 Spread=0.70 pips
2026-05-05 18:25:52 INFO mt5_bot - Session filter: UTC hour=23 outside [7,20) and [0,4)
2026-05-05 18:26:07 INFO mt5_bot - Balance=102029.96 Equity=102029.96 Spread=0.70 pips
2026-05-05 18:26:07 INFO mt5_bot - Session filter: UTC hour=23 outside [7,20) and [0,4)
2026-05-05 18:26:22 INFO mt5_bot - Balance=102029.96 Equity=102029.96 Spread=0.70 pips
2026-05-05 18:26:22 INFO mt5_bot - Session filter: UTC hour=23 outside [7,20) and [0,4)
2026-05-05 18:26:37 INFO mt5_bot - Balance=102029.96 Equity=102029.96 Spread=0.70 pips
2026-05-05 18:26:37 INFO mt5_bot - Session filter: UTC hour=23 outside [7,20) and [0,4)
2026-05-05 18:26:52 INFO mt5_bot - Balance=102029.96 Equity=102029.96 Spread=0.70 pips
2026-05-05 18:26:52 INFO mt5_bot - Session filter: UTC hour=23 outside [7,20) and [0,4)
2026-05-05 18:27:07 INFO mt5_bot - Balance=102029.96 Equity=102029.96 Spread=0.70 pips
2026-05-05 18:27:07 INFO mt5_bot - Session filter: UTC hour=23 outside [7,20) and [0,4)
2026-05-05 18:27:22 INFO mt5_bot - Balance=102029.96 Equity=102029.96 Spread=0.70 pips
2026-05-05 18:27:22 INFO mt5_bot - Session filter: UTC hour=23 outside [7,20) and [0,4)
2026-05-05 18:27:37 INFO mt5_bot - Balance=102029.96 Equity=102029.96 Spread=0.70 pips
2026-05-05 18:27:37 INFO mt5_bot - Session filter: UTC hour=23 outside [7,20) and [0,4)
2026-05-05 18:27:52 INFO mt5_bot - Balance=102029.96 Equity=102029.96 Spread=0.70 pips
2026-05-05 18:27:52 INFO mt5_bot - Session filter: UTC hour=23 outside [7,20) and [0,4)
2026-05-05 18:28:07 INFO mt5_bot - Balance=102029.96 Equity=102029.96 Spread=0.60 pips
2026-05-05 18:28:07 INFO mt5_bot - Session filter: UTC hour=23 outside [7,20) and [0,4)
2026-05-05 18:28:22 INFO mt5_bot - Balance=102029.96 Equity=102029.96 Spread=0.70 pips
2026-05-05 18:28:22 INFO mt5_bot - Session filter: UTC hour=23 outside [7,20) and [0,4)
2026-05-05 18:28:37 INFO mt5_bot - Balance=102029.96 Equity=102029.96 Spread=0.70 pips
2026-05-05 18:28:37 INFO mt5_bot - Session filter: UTC hour=23 outside [7,20) and [0,4)
2026-05-05 18:28:52 INFO mt5_bot - Balance=102029.96 Equity=102029.96 Spread=0.70 pips
2026-05-05 18:28:52 INFO mt5_bot - Session filter: UTC hour=23 outside [7,20) and [0,4)
2026-05-05 18:29:07 INFO mt5_bot - Balance=102029.96 Equity=102029.96 Spread=0.70 pips
2026-05-05 18:29:07 INFO mt5_bot - Session filter: UTC hour=23 outside [7,20) and [0,4)
2026-05-05 18:29:22 INFO mt5_bot - Balance=102029.96 Equity=102029.96 Spread=0.70 pips
2026-05-05 18:29:22 INFO mt5_bot - Session filter: UTC hour=23 outside [7,20) and [0,4)
2026-05-05 18:29:37 INFO mt5_bot - Balance=102029.96 Equity=102029.96 Spread=0.70 pips
2026-05-05 18:29:37 INFO mt5_bot - Session filter: UTC hour=23 outside [7,20) and [0,4)
2026-05-05 18:29:52 INFO mt5_bot - Balance=102029.96 Equity=102029.96 Spread=0.70 pips
2026-05-05 18:29:52 INFO mt5_bot - Session filter: UTC hour=23 outside [7,20) and [0,4)
2026-05-05 18:30:07 INFO mt5_bot - Balance=102029.96 Equity=102029.96 Spread=0.70 pips
2026-05-05 18:30:07 INFO mt5_bot - Session filter: UTC hour=23 outside [7,20) and [0,4)
2026-05-05 18:30:22 INFO mt5_bot - Balance=102029.96 Equity=102029.96 Spread=0.70 pips
2026-05-05 18:30:22 INFO mt5_bot - Session filter: UTC hour=23 outside [7,20) and [0,4)
2026-05-05 18:30:37 INFO mt5_bot - Balance=102029.96 Equity=102029.96 Spread=0.70 pips
2026-05-05 18:30:37 INFO mt5_bot - Session filter: UTC hour=23 outside [7,20) and [0,4)
2026-05-05 18:30:52 INFO mt5_bot - Balance=102029.96 Equity=102029.96 Spread=0.70 pips
2026-05-05 18:30:52 INFO mt5_bot - Session filter: UTC hour=23 outside [7,20) and [0,4)
2026-05-05 18:31:07 INFO mt5_bot - Balance=102029.96 Equity=102029.96 Spread=0.70 pips
2026-05-05 18:31:07 INFO mt5_bot - Session filter: UTC hour=23 outside [7,20) and [0,4)
2026-05-05 18:31:22 INFO mt5_bot - Balance=102029.96 Equity=102029.96 Spread=0.70 pips
2026-05-05 18:31:22 INFO mt5_bot - Session filter: UTC hour=23 outside [7,20) and [0,4)
2026-05-05 18:31:37 INFO mt5_bot - Balance=102029.96 Equity=102029.96 Spread=0.70 pips
2026-05-05 18:31:37 INFO mt5_bot - Session filter: UTC hour=23 outside [7,20) and [0,4)
2026-05-05 18:31:52 INFO mt5_bot - Balance=102029.96 Equity=102029.96 Spread=0.70 pips
2026-05-05 18:31:52 INFO mt5_bot - Session filter: UTC hour=23 outside [7,20) and [0,4)
2026-05-05 18:32:07 INFO mt5_bot - Balance=102029.96 Equity=102029.96 Spread=0.70 pips
2026-05-05 18:32:07 INFO mt5_bot - Session filter: UTC hour=23 outside [7,20) and [0,4)
2026-05-05 18:32:22 INFO mt5_bot - Balance=102029.96 Equity=102029.96 Spread=0.70 pips
2026-05-05 18:32:22 INFO mt5_bot - Session filter: UTC hour=23 outside [7,20) and [0,4)
2026-05-05 18:32:37 INFO mt5_bot - Balance=102029.96 Equity=102029.96 Spread=0.70 pips
2026-05-05 18:32:37 INFO mt5_bot - Session filter: UTC hour=23 outside [7,20) and [0,4)
2026-05-05 18:32:52 INFO mt5_bot - Balance=102029.96 Equity=102029.96 Spread=0.70 pips
2026-05-05 18:32:52 INFO mt5_bot - Session filter: UTC hour=23 outside [7,20) and [0,4)
2026-05-05 18:33:07 INFO mt5_bot - Balance=102029.96 Equity=102029.96 Spread=0.70 pips
2026-05-05 18:33:07 INFO mt5_bot - Session filter: UTC hour=23 outside [7,20) and [0,4)
2026-05-05 18:33:22 INFO mt5_bot - Balance=102029.96 Equity=102029.96 Spread=0.70 pips
2026-05-05 18:33:22 INFO mt5_bot - Session filter: UTC hour=23 outside [7,20) and [0,4)
2026-05-05 18:33:37 INFO mt5_bot - Balance=102029.96 Equity=102029.96 Spread=0.70 pips
2026-05-05 18:33:37 INFO mt5_bot - Session filter: UTC hour=23 outside [7,20) and [0,4)
2026-05-05 18:33:52 INFO mt5_bot - Balance=102029.96 Equity=102029.96 Spread=0.70 pips
2026-05-05 18:33:52 INFO mt5_bot - Session filter: UTC hour=23 outside [7,20) and [0,4)
2026-05-05 18:34:07 INFO mt5_bot - Balance=102029.96 Equity=102029.96 Spread=0.70 pips
2026-05-05 18:34:07 INFO mt5_bot - Session filter: UTC hour=23 outside [7,20) and [0,4)
2026-05-05 18:34:22 INFO mt5_bot - Balance=102029.96 Equity=102029.96 Spread=0.70 pips
2026-05-05 18:34:22 INFO mt5_bot - Session filter: UTC hour=23 outside [7,20) and [0,4)
2026-05-05 18:34:37 INFO mt5_bot - Balance=102029.96 Equity=102029.96 Spread=0.70 pips
2026-05-05 18:34:37 INFO mt5_bot - Session filter: UTC hour=23 outside [7,20) and [0,4)
2026-05-05 18:34:52 INFO mt5_bot - Balance=102029.96 Equity=102029.96 Spread=0.70 pips
2026-05-05 18:34:52 INFO mt5_bot - Session filter: UTC hour=23 outside [7,20) and [0,4)
2026-05-05 18:35:07 INFO mt5_bot - Balance=102029.96 Equity=102029.96 Spread=0.70 pips
2026-05-05 18:35:07 INFO mt5_bot - Session filter: UTC hour=23 outside [7,20) and [0,4)
2026-05-05 18:35:22 INFO mt5_bot - Balance=102029.96 Equity=102029.96 Spread=0.70 pips
2026-05-05 18:35:22 INFO mt5_bot - Session filter: UTC hour=23 outside [7,20) and [0,4)
2026-05-05 18:35:37 INFO mt5_bot - Balance=102029.96 Equity=102029.96 Spread=0.70 pips
2026-05-05 18:35:37 INFO mt5_bot - Session filter: UTC hour=23 outside [7,20) and [0,4)
2026-05-05 18:35:52 INFO mt5_bot - Balance=102029.96 Equity=102029.96 Spread=0.70 pips
2026-05-05 18:35:52 INFO mt5_bot - Session filter: UTC hour=23 outside [7,20) and [0,4)
2026-05-05 18:36:07 INFO mt5_bot - Balance=102029.96 Equity=102029.96 Spread=0.70 pips
2026-05-05 18:36:07 INFO mt5_bot - Session filter: UTC hour=23 outside [7,20) and [0,4)
2026-05-05 18:36:22 INFO mt5_bot - Balance=102029.96 Equity=102029.96 Spread=0.70 pips
2026-05-05 18:36:22 INFO mt5_bot - Session filter: UTC hour=23 outside [7,20) and [0,4)
2026-05-05 18:36:37 INFO mt5_bot - Balance=102029.96 Equity=102029.96 Spread=0.70 pips
2026-05-05 18:36:37 INFO mt5_bot - Session filter: UTC hour=23 outside [7,20) and [0,4)
2026-05-05 18:36:52 INFO mt5_bot - Balance=102029.96 Equity=102029.96 Spread=0.70 pips
2026-05-05 18:36:52 INFO mt5_bot - Session filter: UTC hour=23 outside [7,20) and [0,4)
2026-05-05 18:37:07 INFO mt5_bot - Balance=102029.96 Equity=102029.96 Spread=0.70 pips
2026-05-05 18:37:07 INFO mt5_bot - Session filter: UTC hour=23 outside [7,20) and [0,4)
2026-05-05 18:37:22 INFO mt5_bot - Balance=102029.96 Equity=102029.96 Spread=0.70 pips
2026-05-05 18:37:22 INFO mt5_bot - Session filter: UTC hour=23 outside [7,20) and [0,4)
2026-05-05 18:37:37 INFO mt5_bot - Balance=102029.96 Equity=102029.96 Spread=0.70 pips
2026-05-05 18:37:37 INFO mt5_bot - Session filter: UTC hour=23 outside [7,20) and [0,4)
2026-05-05 18:37:52 INFO mt5_bot - Balance=102029.96 Equity=102029.96 Spread=0.70 pips
2026-05-05 18:37:52 INFO mt5_bot - Session filter: UTC hour=23 outside [7,20) and [0,4)
2026-05-05 18:38:07 INFO mt5_bot - Balance=102029.96 Equity=102029.96 Spread=0.70 pips
2026-05-05 18:38:07 INFO mt5_bot - Session filter: UTC hour=23 outside [7,20) and [0,4)
2026-05-05 18:38:22 INFO mt5_bot - Balance=102029.96 Equity=102029.96 Spread=0.70 pips
2026-05-05 18:38:22 INFO mt5_bot - Session filter: UTC hour=23 outside [7,20) and [0,4)
2026-05-05 18:38:37 INFO mt5_bot - Balance=102029.96 Equity=102029.96 Spread=0.70 pips
2026-05-05 18:38:37 INFO mt5_bot - Session filter: UTC hour=23 outside [7,20) and [0,4)
2026-05-05 18:38:52 INFO mt5_bot - Balance=102029.96 Equity=102029.96 Spread=0.70 pips
2026-05-05 18:38:52 INFO mt5_bot - Session filter: UTC hour=23 outside [7,20) and [0,4)
2026-05-05 18:39:07 INFO mt5_bot - Balance=102029.96 Equity=102029.96 Spread=0.70 pips
2026-05-05 18:39:07 INFO mt5_bot - Session filter: UTC hour=23 outside [7,20) and [0,4)
2026-05-05 18:39:22 INFO mt5_bot - Balance=102029.96 Equity=102029.96 Spread=0.70 pips
2026-05-05 18:39:22 INFO mt5_bot - Session filter: UTC hour=23 outside [7,20) and [0,4)
2026-05-05 18:39:37 INFO mt5_bot - Balance=102029.96 Equity=102029.96 Spread=0.70 pips
2026-05-05 18:39:37 INFO mt5_bot - Session filter: UTC hour=23 outside [7,20) and [0,4)
2026-05-05 18:39:52 INFO mt5_bot - Balance=102029.96 Equity=102029.96 Spread=0.70 pips
2026-05-05 18:39:52 INFO mt5_bot - Session filter: UTC hour=23 outside [7,20) and [0,4)
2026-05-05 18:40:07 INFO mt5_bot - Balance=102029.96 Equity=102029.96 Spread=0.70 pips
2026-05-05 18:40:07 INFO mt5_bot - Session filter: UTC hour=23 outside [7,20) and [0,4)
2026-05-05 18:40:22 INFO mt5_bot - Balance=102029.96 Equity=102029.96 Spread=0.70 pips
2026-05-05 18:40:22 INFO mt5_bot - Session filter: UTC hour=23 outside [7,20) and [0,4)
2026-05-05 18:40:37 INFO mt5_bot - Balance=102029.96 Equity=102029.96 Spread=0.70 pips
2026-05-05 18:40:37 INFO mt5_bot - Session filter: UTC hour=23 outside [7,20) and [0,4)
2026-05-05 18:40:52 INFO mt5_bot - Balance=102029.96 Equity=102029.96 Spread=0.70 pips
2026-05-05 18:40:52 INFO mt5_bot - Session filter: UTC hour=23 outside [7,20) and [0,4)
2026-05-05 18:41:07 INFO mt5_bot - Balance=102029.96 Equity=102029.96 Spread=0.70 pips
2026-05-05 18:41:07 INFO mt5_bot - Session filter: UTC hour=23 outside [7,20) and [0,4)
2026-05-05 18:41:22 INFO mt5_bot - Balance=102029.96 Equity=102029.96 Spread=0.70 pips
2026-05-05 18:41:22 INFO mt5_bot - Session filter: UTC hour=23 outside [7,20) and [0,4)
2026-05-05 18:41:37 INFO mt5_bot - Balance=102029.96 Equity=102029.96 Spread=0.70 pips
2026-05-05 18:41:37 INFO mt5_bot - Session filter: UTC hour=23 outside [7,20) and [0,4)
2026-05-05 18:41:52 INFO mt5_bot - Balance=102029.96 Equity=102029.96 Spread=0.70 pips
2026-05-05 18:41:52 INFO mt5_bot - Session filter: UTC hour=23 outside [7,20) and [0,4)
2026-05-05 18:42:07 INFO mt5_bot - Balance=102029.96 Equity=102029.96 Spread=0.70 pips
2026-05-05 18:42:07 INFO mt5_bot - Session filter: UTC hour=23 outside [7,20) and [0,4)
2026-05-05 18:42:22 INFO mt5_bot - Balance=102029.96 Equity=102029.96 Spread=0.70 pips
2026-05-05 18:42:22 INFO mt5_bot - Session filter: UTC hour=23 outside [7,20) and [0,4)
2026-05-05 18:42:37 INFO mt5_bot - Balance=102029.96 Equity=102029.96 Spread=0.70 pips
2026-05-05 18:42:37 INFO mt5_bot - Session filter: UTC hour=23 outside [7,20) and [0,4)
2026-05-05 18:42:52 INFO mt5_bot - Balance=102029.96 Equity=102029.96 Spread=0.70 pips
2026-05-05 18:42:52 INFO mt5_bot - Session filter: UTC hour=23 outside [7,20) and [0,4)
2026-05-05 18:43:07 INFO mt5_bot - Balance=102029.96 Equity=102029.96 Spread=0.70 pips
2026-05-05 18:43:07 INFO mt5_bot - Session filter: UTC hour=23 outside [7,20) and [0,4)
2026-05-05 18:43:22 INFO mt5_bot - Balance=102029.96 Equity=102029.96 Spread=0.70 pips
2026-05-05 18:43:22 INFO mt5_bot - Session filter: UTC hour=23 outside [7,20) and [0,4)
2026-05-05 18:43:37 INFO mt5_bot - Balance=102029.96 Equity=102029.96 Spread=0.70 pips
2026-05-05 18:43:37 INFO mt5_bot - Session filter: UTC hour=23 outside [7,20) and [0,4)
2026-05-05 18:43:52 INFO mt5_bot - Balance=102029.96 Equity=102029.96 Spread=0.70 pips
2026-05-05 18:43:52 INFO mt5_bot - Session filter: UTC hour=23 outside [7,20) and [0,4)
2026-05-05 18:44:07 INFO mt5_bot - Balance=102029.96 Equity=102029.96 Spread=0.70 pips
2026-05-05 18:44:07 INFO mt5_bot - Session filter: UTC hour=23 outside [7,20) and [0,4)
2026-05-05 18:44:22 INFO mt5_bot - Balance=102029.96 Equity=102029.96 Spread=0.70 pips
2026-05-05 18:44:22 INFO mt5_bot - Session filter: UTC hour=23 outside [7,20) and [0,4)
2026-05-05 18:44:37 INFO mt5_bot - Balance=102029.96 Equity=102029.96 Spread=0.70 pips
2026-05-05 18:44:37 INFO mt5_bot - Session filter: UTC hour=23 outside [7,20) and [0,4)
2026-05-05 18:44:52 INFO mt5_bot - Balance=102029.96 Equity=102029.96 Spread=0.70 pips
2026-05-05 18:44:52 INFO mt5_bot - Session filter: UTC hour=23 outside [7,20) and [0,4)
2026-05-05 18:45:07 INFO mt5_bot - Balance=102029.96 Equity=102029.96 Spread=0.70 pips
2026-05-05 18:45:07 INFO mt5_bot - Session filter: UTC hour=23 outside [7,20) and [0,4)
2026-05-05 18:45:22 INFO mt5_bot - Balance=102029.96 Equity=102029.96 Spread=0.70 pips
2026-05-05 18:45:22 INFO mt5_bot - Session filter: UTC hour=23 outside [7,20) and [0,4)
2026-05-05 18:45:37 INFO mt5_bot - Balance=102029.96 Equity=102029.96 Spread=0.70 pips
2026-05-05 18:45:37 INFO mt5_bot - Session filter: UTC hour=23 outside [7,20) and [0,4)
2026-05-05 18:45:52 INFO mt5_bot - Balance=102029.96 Equity=102029.96 Spread=0.70 pips
2026-05-05 18:45:52 INFO mt5_bot - Session filter: UTC hour=23 outside [7,20) and [0,4)
2026-05-05 18:46:07 INFO mt5_bot - Balance=102029.96 Equity=102029.96 Spread=0.70 pips
2026-05-05 18:46:07 INFO mt5_bot - Session filter: UTC hour=23 outside [7,20) and [0,4)
2026-05-05 18:46:22 INFO mt5_bot - Balance=102029.96 Equity=102029.96 Spread=0.70 pips
2026-05-05 18:46:22 INFO mt5_bot - Session filter: UTC hour=23 outside [7,20) and [0,4)
2026-05-05 18:46:37 INFO mt5_bot - Balance=102029.96 Equity=102029.96 Spread=0.70 pips
2026-05-05 18:46:37 INFO mt5_bot - Session filter: UTC hour=23 outside [7,20) and [0,4)
2026-05-05 18:46:52 INFO mt5_bot - Balance=102029.96 Equity=102029.96 Spread=0.70 pips
2026-05-05 18:46:52 INFO mt5_bot - Session filter: UTC hour=23 outside [7,20) and [0,4)
2026-05-05 18:47:07 INFO mt5_bot - Balance=102029.96 Equity=102029.96 Spread=0.70 pips
2026-05-05 18:47:07 INFO mt5_bot - Session filter: UTC hour=23 outside [7,20) and [0,4)
2026-05-05 18:47:22 INFO mt5_bot - Balance=102029.96 Equity=102029.96 Spread=0.70 pips
2026-05-05 18:47:22 INFO mt5_bot - Session filter: UTC hour=23 outside [7,20) and [0,4)
2026-05-05 18:47:37 INFO mt5_bot - Balance=102029.96 Equity=102029.96 Spread=0.70 pips
2026-05-05 18:47:37 INFO mt5_bot - Session filter: UTC hour=23 outside [7,20) and [0,4)
2026-05-05 18:47:52 INFO mt5_bot - Balance=102029.96 Equity=102029.96 Spread=0.70 pips
2026-05-05 18:47:52 INFO mt5_bot - Session filter: UTC hour=23 outside [7,20) and [0,4)
2026-05-05 18:48:07 INFO mt5_bot - Balance=102029.96 Equity=102029.96 Spread=0.70 pips
2026-05-05 18:48:07 INFO mt5_bot - Session filter: UTC hour=23 outside [7,20) and [0,4)
2026-05-05 18:48:22 INFO mt5_bot - Balance=102029.96 Equity=102029.96 Spread=0.70 pips
2026-05-05 18:48:22 INFO mt5_bot - Session filter: UTC hour=23 outside [7,20) and [0,4)
2026-05-05 18:48:37 INFO mt5_bot - Balance=102029.96 Equity=102029.96 Spread=0.70 pips
2026-05-05 18:48:37 INFO mt5_bot - Session filter: UTC hour=23 outside [7,20) and [0,4)
2026-05-05 18:48:52 INFO mt5_bot - Balance=102029.96 Equity=102029.96 Spread=0.70 pips
2026-05-05 18:48:52 INFO mt5_bot - Session filter: UTC hour=23 outside [7,20) and [0,4)
2026-05-05 18:49:07 INFO mt5_bot - Balance=102029.96 Equity=102029.96 Spread=0.70 pips
2026-05-05 18:49:07 INFO mt5_bot - Session filter: UTC hour=23 outside [7,20) and [0,4)
2026-05-05 18:49:22 INFO mt5_bot - Balance=102029.96 Equity=102029.96 Spread=0.70 pips
2026-05-05 18:49:22 INFO mt5_bot - Session filter: UTC hour=23 outside [7,20) and [0,4)
2026-05-05 18:49:37 INFO mt5_bot - Balance=102029.96 Equity=102029.96 Spread=0.70 pips
2026-05-05 18:49:37 INFO mt5_bot - Session filter: UTC hour=23 outside [7,20) and [0,4)
2026-05-05 18:49:52 INFO mt5_bot - Balance=102029.96 Equity=102029.96 Spread=0.70 pips
2026-05-05 18:49:52 INFO mt5_bot - Session filter: UTC hour=23 outside [7,20) and [0,4)
2026-05-05 18:50:07 INFO mt5_bot - Balance=102029.96 Equity=102029.96 Spread=0.70 pips
2026-05-05 18:50:07 INFO mt5_bot - Session filter: UTC hour=23 outside [7,20) and [0,4)
2026-05-05 18:50:22 INFO mt5_bot - Balance=102029.96 Equity=102029.96 Spread=0.70 pips
2026-05-05 18:50:22 INFO mt5_bot - Session filter: UTC hour=23 outside [7,20) and [0,4)
2026-05-05 18:50:37 INFO mt5_bot - Balance=102029.96 Equity=102029.96 Spread=0.70 pips
2026-05-05 18:50:37 INFO mt5_bot - Session filter: UTC hour=23 outside [7,20) and [0,4)
2026-05-05 18:50:52 INFO mt5_bot - Balance=102029.96 Equity=102029.96 Spread=0.70 pips
2026-05-05 18:50:52 INFO mt5_bot - Session filter: UTC hour=23 outside [7,20) and [0,4)
2026-05-05 18:51:07 INFO mt5_bot - Balance=102029.96 Equity=102029.96 Spread=0.70 pips
2026-05-05 18:51:07 INFO mt5_bot - Session filter: UTC hour=23 outside [7,20) and [0,4)
2026-05-05 18:51:22 INFO mt5_bot - Balance=102029.96 Equity=102029.96 Spread=0.70 pips
2026-05-05 18:51:22 INFO mt5_bot - Session filter: UTC hour=23 outside [7,20) and [0,4)
2026-05-05 18:51:37 INFO mt5_bot - Balance=102029.96 Equity=102029.96 Spread=0.70 pips
2026-05-05 18:51:37 INFO mt5_bot - Session filter: UTC hour=23 outside [7,20) and [0,4)
2026-05-05 18:51:52 INFO mt5_bot - Balance=102029.96 Equity=102029.96 Spread=0.70 pips
2026-05-05 18:51:52 INFO mt5_bot - Session filter: UTC hour=23 outside [7,20) and [0,4)
2026-05-05 18:52:07 INFO mt5_bot - Balance=102029.96 Equity=102029.96 Spread=0.70 pips
2026-05-05 18:52:07 INFO mt5_bot - Session filter: UTC hour=23 outside [7,20) and [0,4)
2026-05-05 18:52:22 INFO mt5_bot - Balance=102029.96 Equity=102029.96 Spread=0.70 pips
2026-05-05 18:52:22 INFO mt5_bot - Session filter: UTC hour=23 outside [7,20) and [0,4)
2026-05-05 18:52:37 INFO mt5_bot - Balance=102029.96 Equity=102029.96 Spread=0.70 pips
2026-05-05 18:52:37 INFO mt5_bot - Session filter: UTC hour=23 outside [7,20) and [0,4)
2026-05-05 18:52:52 INFO mt5_bot - Balance=102029.96 Equity=102029.96 Spread=0.70 pips
2026-05-05 18:52:52 INFO mt5_bot - Session filter: UTC hour=23 outside [7,20) and [0,4)
2026-05-05 18:53:07 INFO mt5_bot - Balance=102029.96 Equity=102029.96 Spread=0.70 pips
2026-05-05 18:53:07 INFO mt5_bot - Session filter: UTC hour=23 outside [7,20) and [0,4)
2026-05-05 18:53:22 INFO mt5_bot - Balance=102029.96 Equity=102029.96 Spread=0.70 pips
2026-05-05 18:53:22 INFO mt5_bot - Session filter: UTC hour=23 outside [7,20) and [0,4)
2026-05-05 18:53:37 INFO mt5_bot - Balance=102029.96 Equity=102029.96 Spread=0.70 pips
2026-05-05 18:53:37 INFO mt5_bot - Session filter: UTC hour=23 outside [7,20) and [0,4)
2026-05-05 18:53:52 INFO mt5_bot - Balance=102029.96 Equity=102029.96 Spread=0.70 pips
2026-05-05 18:53:52 INFO mt5_bot - Session filter: UTC hour=23 outside [7,20) and [0,4)
2026-05-05 18:54:07 INFO mt5_bot - Balance=102029.96 Equity=102029.96 Spread=0.70 pips
2026-05-05 18:54:07 INFO mt5_bot - Session filter: UTC hour=23 outside [7,20) and [0,4)
2026-05-05 18:54:22 INFO mt5_bot - Balance=102029.96 Equity=102029.96 Spread=0.70 pips
2026-05-05 18:54:22 INFO mt5_bot - Session filter: UTC hour=23 outside [7,20) and [0,4)
2026-05-05 18:54:37 INFO mt5_bot - Balance=102029.96 Equity=102029.96 Spread=0.70 pips
2026-05-05 18:54:37 INFO mt5_bot - Session filter: UTC hour=23 outside [7,20) and [0,4)
2026-05-05 18:54:52 INFO mt5_bot - Balance=102029.96 Equity=102029.96 Spread=0.70 pips
2026-05-05 18:54:52 INFO mt5_bot - Session filter: UTC hour=23 outside [7,20) and [0,4)
2026-05-05 18:55:07 INFO mt5_bot - Balance=102029.96 Equity=102029.96 Spread=0.70 pips
2026-05-05 18:55:07 INFO mt5_bot - Session filter: UTC hour=23 outside [7,20) and [0,4)
2026-05-05 18:55:22 INFO mt5_bot - Balance=102029.96 Equity=102029.96 Spread=0.70 pips
2026-05-05 18:55:22 INFO mt5_bot - Session filter: UTC hour=23 outside [7,20) and [0,4)
2026-05-05 18:55:37 INFO mt5_bot - Balance=102029.96 Equity=102029.96 Spread=0.70 pips
2026-05-05 18:55:37 INFO mt5_bot - Session filter: UTC hour=23 outside [7,20) and [0,4)
2026-05-05 18:55:52 INFO mt5_bot - Balance=102029.96 Equity=102029.96 Spread=0.70 pips
2026-05-05 18:55:52 INFO mt5_bot - Session filter: UTC hour=23 outside [7,20) and [0,4)
2026-05-05 18:56:07 INFO mt5_bot - Balance=102029.96 Equity=102029.96 Spread=0.70 pips
2026-05-05 18:56:07 INFO mt5_bot - Session filter: UTC hour=23 outside [7,20) and [0,4)
2026-05-05 18:56:22 INFO mt5_bot - Balance=102029.96 Equity=102029.96 Spread=0.70 pips
2026-05-05 18:56:22 INFO mt5_bot - Session filter: UTC hour=23 outside [7,20) and [0,4)
2026-05-05 18:56:37 INFO mt5_bot - Balance=102029.96 Equity=102029.96 Spread=0.70 pips
2026-05-05 18:56:37 INFO mt5_bot - Session filter: UTC hour=23 outside [7,20) and [0,4)
2026-05-05 18:56:52 INFO mt5_bot - Balance=102029.96 Equity=102029.96 Spread=0.70 pips
2026-05-05 18:56:52 INFO mt5_bot - Session filter: UTC hour=23 outside [7,20) and [0,4)
2026-05-05 18:57:07 INFO mt5_bot - Balance=102029.96 Equity=102029.96 Spread=0.70 pips
2026-05-05 18:57:07 INFO mt5_bot - Session filter: UTC hour=23 outside [7,20) and [0,4)
2026-05-05 18:57:22 INFO mt5_bot - Balance=102029.96 Equity=102029.96 Spread=0.70 pips
2026-05-05 18:57:22 INFO mt5_bot - Session filter: UTC hour=23 outside [7,20) and [0,4)
2026-05-05 18:57:37 INFO mt5_bot - Balance=102029.96 Equity=102029.96 Spread=0.70 pips
2026-05-05 18:57:37 INFO mt5_bot - Session filter: UTC hour=23 outside [7,20) and [0,4)
2026-05-05 18:57:52 INFO mt5_bot - Balance=102029.96 Equity=102029.96 Spread=0.70 pips
2026-05-05 18:57:52 INFO mt5_bot - Session filter: UTC hour=23 outside [7,20) and [0,4)
2026-05-05 18:58:08 INFO mt5_bot - Balance=102029.96 Equity=102029.96 Spread=0.70 pips
2026-05-05 18:58:08 INFO mt5_bot - Session filter: UTC hour=23 outside [7,20) and [0,4)
2026-05-05 18:58:23 INFO mt5_bot - Balance=102029.96 Equity=102029.96 Spread=0.70 pips
2026-05-05 18:58:23 INFO mt5_bot - Session filter: UTC hour=23 outside [7,20) and [0,4)
2026-05-05 18:58:38 INFO mt5_bot - Balance=102029.96 Equity=102029.96 Spread=0.70 pips
2026-05-05 18:58:38 INFO mt5_bot - Session filter: UTC hour=23 outside [7,20) and [0,4)
2026-05-05 18:58:53 INFO mt5_bot - Balance=102029.96 Equity=102029.96 Spread=0.70 pips
2026-05-05 18:58:53 INFO mt5_bot - Session filter: UTC hour=23 outside [7,20) and [0,4)
2026-05-05 18:59:08 INFO mt5_bot - Balance=102029.96 Equity=102029.96 Spread=0.70 pips
2026-05-05 18:59:08 INFO mt5_bot - Session filter: UTC hour=23 outside [7,20) and [0,4)
2026-05-05 18:59:23 INFO mt5_bot - Balance=102029.96 Equity=102029.96 Spread=0.70 pips
2026-05-05 18:59:23 INFO mt5_bot - Session filter: UTC hour=23 outside [7,20) and [0,4)
2026-05-05 18:59:38 INFO mt5_bot - Balance=102029.96 Equity=102029.96 Spread=0.70 pips
2026-05-05 18:59:38 INFO mt5_bot - Session filter: UTC hour=23 outside [7,20) and [0,4)
2026-05-05 18:59:53 INFO mt5_bot - Balance=102029.96 Equity=102029.96 Spread=0.70 pips
2026-05-05 18:59:53 INFO mt5_bot - Session filter: UTC hour=23 outside [7,20) and [0,4)
2026-05-05 19:00:08 INFO mt5_bot - Balance=102029.96 Equity=102029.96 Spread=0.50 pips
--- Logging error ---
Traceback (most recent call last):
  File "C:\Program Files\WindowsApps\PythonSoftwareFoundation.Python.3.13_3.13.3568.0_x64__qbz5n2kfra8p0\Lib\logging\handlers.py", line 80, in emit
    self.doRollover()
    ~~~~~~~~~~~~~~~^^
  File "C:\Program Files\WindowsApps\PythonSoftwareFoundation.Python.3.13_3.13.3568.0_x64__qbz5n2kfra8p0\Lib\logging\handlers.py", line 456, in doRollover
    self.rotate(self.baseFilename, dfn)
    ~~~~~~~~~~~^^^^^^^^^^^^^^^^^^^^^^^^
  File "C:\Program Files\WindowsApps\PythonSoftwareFoundation.Python.3.13_3.13.3568.0_x64__qbz5n2kfra8p0\Lib\logging\handlers.py", line 121, in rotate
    os.rename(source, dest)
    ~~~~~~~~~^^^^^^^^^^^^^^
PermissionError: [WinError 32] El proceso no tiene acceso al archivo porque está siendo utilizado por otro proceso: 'C:\\Users\\jean_\\Desktop\\Pagina web\\mt5_trading_bot\\logs\\bot_20260505.log' -> 'C:\\Users\\jean_\\Desktop\\Pagina web\\mt5_trading_bot\\logs\\bot_20260505.log.2026-05-05'
Call stack:
  File "<frozen runpy>", line 198, in _run_module_as_main
  File "<frozen runpy>", line 88, in _run_code
  File "C:\Users\jean_\Desktop\Pagina web\mt5_trading_bot\src\mt5_bot\__main__.py", line 5, in <module>
    raise SystemExit(main())
  File "C:\Users\jean_\Desktop\Pagina web\mt5_trading_bot\src\mt5_bot\cli.py", line 67, in main
    return run_trade(
  File "C:\Users\jean_\Desktop\Pagina web\mt5_trading_bot\src\mt5_bot\cli.py", line 260, in run_trade
    LOGGER.info("Balance=%.2f Equity=%.2f Spread=%.2f pips",
Message: 'Balance=%.2f Equity=%.2f Spread=%.2f pips'
Arguments: (102029.96, 102029.96, 0.5000000000023874)
2026-05-05 19:00:08 INFO mt5_bot.news_filter - news_filter: loaded 115 events from ForexFactory/cache
--- Logging error ---
Traceback (most recent call last):
  File "C:\Program Files\WindowsApps\PythonSoftwareFoundation.Python.3.13_3.13.3568.0_x64__qbz5n2kfra8p0\Lib\logging\handlers.py", line 80, in emit
    self.doRollover()
    ~~~~~~~~~~~~~~~^^
  File "C:\Program Files\WindowsApps\PythonSoftwareFoundation.Python.3.13_3.13.3568.0_x64__qbz5n2kfra8p0\Lib\logging\handlers.py", line 456, in doRollover
    self.rotate(self.baseFilename, dfn)
    ~~~~~~~~~~~^^^^^^^^^^^^^^^^^^^^^^^^
  File "C:\Program Files\WindowsApps\PythonSoftwareFoundation.Python.3.13_3.13.3568.0_x64__qbz5n2kfra8p0\Lib\logging\handlers.py", line 121, in rotate
    os.rename(source, dest)
    ~~~~~~~~~^^^^^^^^^^^^^^
PermissionError: [WinError 32] El proceso no tiene acceso al archivo porque está siendo utilizado por otro proceso: 'C:\\Users\\jean_\\Desktop\\Pagina web\\mt5_trading_bot\\logs\\bot_20260505.log' -> 'C:\\Users\\jean_\\Desktop\\Pagina web\\mt5_trading_bot\\logs\\bot_20260505.log.2026-05-05'
Call stack:
  File "<frozen runpy>", line 198, in _run_module_as_main
  File "<frozen runpy>", line 88, in _run_code
  File "C:\Users\jean_\Desktop\Pagina web\mt5_trading_bot\src\mt5_bot\__main__.py", line 5, in <module>
    raise SystemExit(main())
  File "C:\Users\jean_\Desktop\Pagina web\mt5_trading_bot\src\mt5_bot\cli.py", line 67, in main
    return run_trade(
  File "C:\Users\jean_\Desktop\Pagina web\mt5_trading_bot\src\mt5_bot\cli.py", line 311, in run_trade
    if is_high_impact_news_nearby(
  File "C:\Users\jean_\Desktop\Pagina web\mt5_trading_bot\src\mt5_bot\news_filter.py", line 213, in is_high_impact_news_nearby
    events = fetch_calendar()
  File "C:\Users\jean_\Desktop\Pagina web\mt5_trading_bot\src\mt5_bot\news_filter.py", line 148, in fetch_calendar
    LOGGER.info("news_filter: loaded %d events from ForexFactory/cache", len(_cache_data))
Message: 'news_filter: loaded %d events from ForexFactory/cache'
Arguments: (115,)
2026-05-05 19:00:08 INFO mt5_bot - Signal=NONE reason=no_closed_bar_crossover price=None trend=None rsi=40.8 atr_pips=837.6 adx=24.1
--- Logging error ---
Traceback (most recent call last):
  File "C:\Program Files\WindowsApps\PythonSoftwareFoundation.Python.3.13_3.13.3568.0_x64__qbz5n2kfra8p0\Lib\logging\handlers.py", line 80, in emit
    self.doRollover()
    ~~~~~~~~~~~~~~~^^
  File "C:\Program Files\WindowsApps\PythonSoftwareFoundation.Python.3.13_3.13.3568.0_x64__qbz5n2kfra8p0\Lib\logging\handlers.py", line 456, in doRollover
    self.rotate(self.baseFilename, dfn)
    ~~~~~~~~~~~^^^^^^^^^^^^^^^^^^^^^^^^
  File "C:\Program Files\WindowsApps\PythonSoftwareFoundation.Python.3.13_3.13.3568.0_x64__qbz5n2kfra8p0\Lib\logging\handlers.py", line 121, in rotate
    os.rename(source, dest)
    ~~~~~~~~~^^^^^^^^^^^^^^
PermissionError: [WinError 32] El proceso no tiene acceso al archivo porque está siendo utilizado por otro proceso: 'C:\\Users\\jean_\\Desktop\\Pagina web\\mt5_trading_bot\\logs\\bot_20260505.log' -> 'C:\\Users\\jean_\\Desktop\\Pagina web\\mt5_trading_bot\\logs\\bot_20260505.log.2026-05-05'
Call stack:
  File "<frozen runpy>", line 198, in _run_module_as_main
  File "<frozen runpy>", line 88, in _run_code
  File "C:\Users\jean_\Desktop\Pagina web\mt5_trading_bot\src\mt5_bot\__main__.py", line 5, in <module>
    raise SystemExit(main())
  File "C:\Users\jean_\Desktop\Pagina web\mt5_trading_bot\src\mt5_bot\cli.py", line 67, in main
    return run_trade(
  File "C:\Users\jean_\Desktop\Pagina web\mt5_trading_bot\src\mt5_bot\cli.py", line 332, in run_trade
    LOGGER.info(
Message: 'Signal=%s reason=%s price=%s trend=%s rsi=%s atr_pips=%s adx=%s'
Arguments: ('NONE', 'no_closed_bar_crossover', None, None, '40.8', '837.6', '24.1')
2026-05-05 19:00:08 INFO mt5_bot - Execution status=skipped reason=no_closed_bar_crossover
--- Logging error ---
Traceback (most recent call last):
  File "C:\Program Files\WindowsApps\PythonSoftwareFoundation.Python.3.13_3.13.3568.0_x64__qbz5n2kfra8p0\Lib\logging\handlers.py", line 80, in emit
    self.doRollover()
    ~~~~~~~~~~~~~~~^^
  File "C:\Program Files\WindowsApps\PythonSoftwareFoundation.Python.3.13_3.13.3568.0_x64__qbz5n2kfra8p0\Lib\logging\handlers.py", line 456, in doRollover
    self.rotate(self.baseFilename, dfn)
    ~~~~~~~~~~~^^^^^^^^^^^^^^^^^^^^^^^^
  File "C:\Program Files\WindowsApps\PythonSoftwareFoundation.Python.3.13_3.13.3568.0_x64__qbz5n2kfra8p0\Lib\logging\handlers.py", line 121, in rotate
    os.rename(source, dest)
    ~~~~~~~~~^^^^^^^^^^^^^^
PermissionError: [WinError 32] El proceso no tiene acceso al archivo porque está siendo utilizado por otro proceso: 'C:\\Users\\jean_\\Desktop\\Pagina web\\mt5_trading_bot\\logs\\bot_20260505.log' -> 'C:\\Users\\jean_\\Desktop\\Pagina web\\mt5_trading_bot\\logs\\bot_20260505.log.2026-05-05'
Call stack:
  File "<frozen runpy>", line 198, in _run_module_as_main
  File "<frozen runpy>", line 88, in _run_code
  File "C:\Users\jean_\Desktop\Pagina web\mt5_trading_bot\src\mt5_bot\__main__.py", line 5, in <module>
    raise SystemExit(main())
  File "C:\Users\jean_\Desktop\Pagina web\mt5_trading_bot\src\mt5_bot\cli.py", line 67, in main
    return run_trade(
  File "C:\Users\jean_\Desktop\Pagina web\mt5_trading_bot\src\mt5_bot\cli.py", line 460, in run_trade
    LOGGER.info("Execution status=%s reason=%s", result.status, result.reason)
Message: 'Execution status=%s reason=%s'
Arguments: ('skipped', 'no_closed_bar_crossover')
2026-05-05 19:00:23 INFO mt5_bot - Balance=102029.96 Equity=102029.96 Spread=0.50 pips
2026-05-05 19:00:23 INFO mt5_bot - Signal=NONE reason=no_closed_bar_crossover price=None trend=None rsi=40.8 atr_pips=837.6 adx=24.1
2026-05-05 19:00:23 INFO mt5_bot - Execution status=skipped reason=no_closed_bar_crossover
2026-05-05 19:00:38 INFO mt5_bot - Balance=102029.96 Equity=102029.96 Spread=0.50 pips
2026-05-05 19:00:38 INFO mt5_bot - Signal=NONE reason=no_closed_bar_crossover price=None trend=None rsi=40.8 atr_pips=837.6 adx=24.1
2026-05-05 19:00:38 INFO mt5_bot - Execution status=skipped reason=no_closed_bar_crossover
2026-05-05 19:00:53 INFO mt5_bot - Balance=102029.96 Equity=102029.96 Spread=0.50 pips
2026-05-05 19:00:53 INFO mt5_bot - Signal=NONE reason=no_closed_bar_crossover price=None trend=None rsi=40.8 atr_pips=837.6 adx=24.1
2026-05-05 19:00:53 INFO mt5_bot - Execution status=skipped reason=no_closed_bar_crossover
2026-05-05 19:01:08 INFO mt5_bot - Balance=102029.96 Equity=102029.96 Spread=0.50 pips
2026-05-05 19:01:08 INFO mt5_bot - Signal=NONE reason=no_closed_bar_crossover price=None trend=None rsi=40.8 atr_pips=837.6 adx=24.1
2026-05-05 19:01:08 INFO mt5_bot - Execution status=skipped reason=no_closed_bar_crossover
2026-05-05 19:01:23 INFO mt5_bot - Balance=102029.96 Equity=102029.96 Spread=0.50 pips
2026-05-05 19:01:23 INFO mt5_bot - Signal=NONE reason=no_closed_bar_crossover price=None trend=None rsi=40.8 atr_pips=837.6 adx=24.1
2026-05-05 19:01:23 INFO mt5_bot - Execution status=skipped reason=no_closed_bar_crossover
2026-05-05 19:01:38 INFO mt5_bot - Balance=102029.96 Equity=102029.96 Spread=0.50 pips
2026-05-05 19:01:38 INFO mt5_bot - Signal=NONE reason=no_closed_bar_crossover price=None trend=None rsi=40.8 atr_pips=837.6 adx=24.1
2026-05-05 19:01:38 INFO mt5_bot - Execution status=skipped reason=no_closed_bar_crossover
2026-05-05 19:01:53 INFO mt5_bot - Balance=102029.96 Equity=102029.96 Spread=0.50 pips
2026-05-05 19:01:53 INFO mt5_bot - Signal=NONE reason=no_closed_bar_crossover price=None trend=None rsi=40.8 atr_pips=837.6 adx=24.1
2026-05-05 19:01:53 INFO mt5_bot - Execution status=skipped reason=no_closed_bar_crossover
2026-05-05 19:02:08 INFO mt5_bot - Balance=102029.96 Equity=102029.96 Spread=0.50 pips
2026-05-05 19:02:08 INFO mt5_bot - Signal=NONE reason=no_closed_bar_crossover price=None trend=None rsi=40.8 atr_pips=837.6 adx=24.1
2026-05-05 19:02:08 INFO mt5_bot - Execution status=skipped reason=no_closed_bar_crossover
2026-05-05 19:02:23 INFO mt5_bot - Balance=102029.96 Equity=102029.96 Spread=0.50 pips
2026-05-05 19:02:23 INFO mt5_bot - Signal=NONE reason=no_closed_bar_crossover price=None trend=None rsi=40.8 atr_pips=837.6 adx=24.1
2026-05-05 19:02:23 INFO mt5_bot - Execution status=skipped reason=no_closed_bar_crossover
2026-05-05 19:02:38 INFO mt5_bot - Balance=102029.96 Equity=102029.96 Spread=0.50 pips
2026-05-05 19:02:38 INFO mt5_bot - Signal=NONE reason=no_closed_bar_crossover price=None trend=None rsi=40.8 atr_pips=837.6 adx=24.1
2026-05-05 19:02:38 INFO mt5_bot - Execution status=skipped reason=no_closed_bar_crossover
2026-05-05 19:02:53 INFO mt5_bot - Balance=102029.96 Equity=102029.96 Spread=0.50 pips
2026-05-05 19:02:53 INFO mt5_bot - Signal=NONE reason=no_closed_bar_crossover price=None trend=None rsi=40.8 atr_pips=837.6 adx=24.1
2026-05-05 19:02:53 INFO mt5_bot - Execution status=skipped reason=no_closed_bar_crossover
2026-05-05 19:03:08 INFO mt5_bot - Balance=102029.96 Equity=102029.96 Spread=0.50 pips
2026-05-05 19:03:08 INFO mt5_bot - Signal=NONE reason=no_closed_bar_crossover price=None trend=None rsi=40.8 atr_pips=837.6 adx=24.1
2026-05-05 19:03:08 INFO mt5_bot - Execution status=skipped reason=no_closed_bar_crossover
2026-05-05 19:03:23 INFO mt5_bot - Balance=102029.96 Equity=102029.96 Spread=0.50 pips
2026-05-05 19:03:23 INFO mt5_bot - Signal=NONE reason=no_closed_bar_crossover price=None trend=None rsi=40.8 atr_pips=837.6 adx=24.1
2026-05-05 19:03:23 INFO mt5_bot - Execution status=skipped reason=no_closed_bar_crossover
2026-05-05 19:03:38 INFO mt5_bot - Balance=102029.96 Equity=102029.96 Spread=0.50 pips
2026-05-05 19:03:38 INFO mt5_bot - Signal=NONE reason=no_closed_bar_crossover price=None trend=None rsi=40.8 atr_pips=837.6 adx=24.1
2026-05-05 19:03:38 INFO mt5_bot - Execution status=skipped reason=no_closed_bar_crossover
2026-05-05 19:03:53 INFO mt5_bot - Balance=102029.96 Equity=102029.96 Spread=0.50 pips
2026-05-05 19:03:53 INFO mt5_bot - Signal=NONE reason=no_closed_bar_crossover price=None trend=None rsi=40.8 atr_pips=837.6 adx=24.1
2026-05-05 19:03:53 INFO mt5_bot - Execution status=skipped reason=no_closed_bar_crossover
2026-05-05 19:04:08 INFO mt5_bot - Balance=102029.96 Equity=102029.96 Spread=0.50 pips
2026-05-05 19:04:08 INFO mt5_bot - Signal=NONE reason=no_closed_bar_crossover price=None trend=None rsi=40.8 atr_pips=837.6 adx=24.1
2026-05-05 19:04:08 INFO mt5_bot - Execution status=skipped reason=no_closed_bar_crossover
2026-05-05 19:04:23 INFO mt5_bot - Balance=102029.96 Equity=102029.96 Spread=0.50 pips
2026-05-05 19:04:23 INFO mt5_bot - Signal=NONE reason=no_closed_bar_crossover price=None trend=None rsi=40.8 atr_pips=837.6 adx=24.1
2026-05-05 19:04:23 INFO mt5_bot - Execution status=skipped reason=no_closed_bar_crossover
2026-05-05 19:04:38 INFO mt5_bot - Balance=102029.96 Equity=102029.96 Spread=0.50 pips
2026-05-05 19:04:38 INFO mt5_bot - Signal=NONE reason=no_closed_bar_crossover price=None trend=None rsi=40.8 atr_pips=837.6 adx=24.1
2026-05-05 19:04:38 INFO mt5_bot - Execution status=skipped reason=no_closed_bar_crossover
2026-05-05 19:04:53 INFO mt5_bot - Balance=102029.96 Equity=102029.96 Spread=0.50 pips
2026-05-05 19:04:53 INFO mt5_bot - Signal=NONE reason=no_closed_bar_crossover price=None trend=None rsi=40.8 atr_pips=837.6 adx=24.1
2026-05-05 19:04:53 INFO mt5_bot - Execution status=skipped reason=no_closed_bar_crossover
2026-05-05 19:05:08 INFO mt5_bot - Balance=102029.96 Equity=102029.96 Spread=0.50 pips
2026-05-05 19:05:08 INFO mt5_bot - Signal=NONE reason=no_closed_bar_crossover price=None trend=None rsi=40.8 atr_pips=837.6 adx=24.1
2026-05-05 19:05:08 INFO mt5_bot - Execution status=skipped reason=no_closed_bar_crossover
2026-05-05 19:05:23 INFO mt5_bot - Balance=102029.96 Equity=102029.96 Spread=0.50 pips
2026-05-05 19:05:23 INFO mt5_bot - Signal=NONE reason=no_closed_bar_crossover price=None trend=None rsi=40.8 atr_pips=837.6 adx=24.1
2026-05-05 19:05:23 INFO mt5_bot - Execution status=skipped reason=no_closed_bar_crossover
2026-05-05 19:05:38 INFO mt5_bot - Balance=102029.96 Equity=102029.96 Spread=0.50 pips
2026-05-05 19:05:38 INFO mt5_bot - Signal=NONE reason=no_closed_bar_crossover price=None trend=None rsi=40.8 atr_pips=837.6 adx=24.1
2026-05-05 19:05:38 INFO mt5_bot - Execution status=skipped reason=no_closed_bar_crossover
2026-05-05 19:05:53 INFO mt5_bot - Balance=102029.96 Equity=102029.96 Spread=0.50 pips
2026-05-05 19:05:53 INFO mt5_bot - Signal=NONE reason=no_closed_bar_crossover price=None trend=None rsi=40.8 atr_pips=837.6 adx=24.1
2026-05-05 19:05:53 INFO mt5_bot - Execution status=skipped reason=no_closed_bar_crossover
2026-05-05 19:06:08 INFO mt5_bot - Balance=102029.96 Equity=102029.96 Spread=0.50 pips
2026-05-05 19:06:08 INFO mt5_bot - Signal=NONE reason=no_closed_bar_crossover price=None trend=None rsi=40.8 atr_pips=837.6 adx=24.1
2026-05-05 19:06:08 INFO mt5_bot - Execution status=skipped reason=no_closed_bar_crossover
2026-05-05 19:06:23 INFO mt5_bot - Balance=102029.96 Equity=102029.96 Spread=0.50 pips
2026-05-05 19:06:23 INFO mt5_bot - Signal=NONE reason=no_closed_bar_crossover price=None trend=None rsi=40.8 atr_pips=837.6 adx=24.1
2026-05-05 19:06:23 INFO mt5_bot - Execution status=skipped reason=no_closed_bar_crossover
2026-05-05 19:06:38 INFO mt5_bot - Balance=102029.96 Equity=102029.96 Spread=0.50 pips
2026-05-05 19:06:38 INFO mt5_bot - Signal=NONE reason=no_closed_bar_crossover price=None trend=None rsi=40.8 atr_pips=837.6 adx=24.1
2026-05-05 19:06:38 INFO mt5_bot - Execution status=skipped reason=no_closed_bar_crossover
2026-05-05 19:06:53 INFO mt5_bot - Balance=102029.96 Equity=102029.96 Spread=0.50 pips
2026-05-05 19:06:53 INFO mt5_bot - Signal=NONE reason=no_closed_bar_crossover price=None trend=None rsi=40.8 atr_pips=837.6 adx=24.1
2026-05-05 19:06:53 INFO mt5_bot - Execution status=skipped reason=no_closed_bar_crossover
2026-05-05 19:07:08 INFO mt5_bot - Balance=102029.96 Equity=102029.96 Spread=0.50 pips
2026-05-05 19:07:08 INFO mt5_bot - Signal=NONE reason=no_closed_bar_crossover price=None trend=None rsi=40.8 atr_pips=837.6 adx=24.1
2026-05-05 19:07:08 INFO mt5_bot - Execution status=skipped reason=no_closed_bar_crossover
2026-05-05 19:07:23 INFO mt5_bot - Balance=102029.96 Equity=102029.96 Spread=0.50 pips
2026-05-05 19:07:23 INFO mt5_bot - Signal=NONE reason=no_closed_bar_crossover price=None trend=None rsi=40.8 atr_pips=837.6 adx=24.1
2026-05-05 19:07:23 INFO mt5_bot - Execution status=skipped reason=no_closed_bar_crossover
2026-05-05 19:07:38 INFO mt5_bot - Balance=102029.96 Equity=102029.96 Spread=0.50 pips
2026-05-05 19:07:38 INFO mt5_bot - Signal=NONE reason=no_closed_bar_crossover price=None trend=None rsi=40.8 atr_pips=837.6 adx=24.1
2026-05-05 19:07:38 INFO mt5_bot - Execution status=skipped reason=no_closed_bar_crossover
2026-05-05 19:07:53 INFO mt5_bot - Balance=102029.96 Equity=102029.96 Spread=0.50 pips
2026-05-05 19:07:53 INFO mt5_bot - Signal=NONE reason=no_closed_bar_crossover price=None trend=None rsi=40.8 atr_pips=837.6 adx=24.1
2026-05-05 19:07:53 INFO mt5_bot - Execution status=skipped reason=no_closed_bar_crossover
2026-05-05 19:08:08 INFO mt5_bot - Balance=102029.96 Equity=102029.96 Spread=0.50 pips
2026-05-05 19:08:08 INFO mt5_bot - Signal=NONE reason=no_closed_bar_crossover price=None trend=None rsi=40.8 atr_pips=837.6 adx=24.1
2026-05-05 19:08:08 INFO mt5_bot - Execution status=skipped reason=no_closed_bar_crossover
2026-05-05 19:08:23 INFO mt5_bot - Balance=102029.96 Equity=102029.96 Spread=0.50 pips
2026-05-05 19:08:23 INFO mt5_bot - Signal=NONE reason=no_closed_bar_crossover price=None trend=None rsi=40.8 atr_pips=837.6 adx=24.1
2026-05-05 19:08:23 INFO mt5_bot - Execution status=skipped reason=no_closed_bar_crossover
2026-05-05 19:08:38 INFO mt5_bot - Balance=102029.96 Equity=102029.96 Spread=0.50 pips
2026-05-05 19:08:38 INFO mt5_bot - Signal=NONE reason=no_closed_bar_crossover price=None trend=None rsi=40.8 atr_pips=837.6 adx=24.1
2026-05-05 19:08:38 INFO mt5_bot - Execution status=skipped reason=no_closed_bar_crossover
2026-05-05 19:08:53 INFO mt5_bot - Balance=102029.96 Equity=102029.96 Spread=0.50 pips
2026-05-05 19:08:53 INFO mt5_bot - Signal=NONE reason=no_closed_bar_crossover price=None trend=None rsi=40.8 atr_pips=837.6 adx=24.1
2026-05-05 19:08:53 INFO mt5_bot - Execution status=skipped reason=no_closed_bar_crossover
2026-05-05 19:09:08 INFO mt5_bot - Balance=102029.96 Equity=102029.96 Spread=0.50 pips
2026-05-05 19:09:08 INFO mt5_bot - Signal=NONE reason=no_closed_bar_crossover price=None trend=None rsi=40.8 atr_pips=837.6 adx=24.1
2026-05-05 19:09:08 INFO mt5_bot - Execution status=skipped reason=no_closed_bar_crossover
2026-05-05 19:09:23 INFO mt5_bot - Balance=102029.96 Equity=102029.96 Spread=0.50 pips
2026-05-05 19:09:23 INFO mt5_bot - Signal=NONE reason=no_closed_bar_crossover price=None trend=None rsi=40.8 atr_pips=837.6 adx=24.1
2026-05-05 19:09:23 INFO mt5_bot - Execution status=skipped reason=no_closed_bar_crossover
2026-05-05 19:09:38 INFO mt5_bot - Balance=102029.96 Equity=102029.96 Spread=0.50 pips
2026-05-05 19:09:38 INFO mt5_bot - Signal=NONE reason=no_closed_bar_crossover price=None trend=None rsi=40.8 atr_pips=837.6 adx=24.1
2026-05-05 19:09:38 INFO mt5_bot - Execution status=skipped reason=no_closed_bar_crossover
2026-05-05 19:09:53 INFO mt5_bot - Balance=102029.96 Equity=102029.96 Spread=0.50 pips
2026-05-05 19:09:53 INFO mt5_bot - Signal=NONE reason=no_closed_bar_crossover price=None trend=None rsi=40.8 atr_pips=837.6 adx=24.1
2026-05-05 19:09:53 INFO mt5_bot - Execution status=skipped reason=no_closed_bar_crossover
2026-05-05 19:10:08 INFO mt5_bot - Balance=102029.96 Equity=102029.96 Spread=0.50 pips
2026-05-05 19:10:08 INFO mt5_bot - Signal=NONE reason=no_closed_bar_crossover price=None trend=None rsi=40.8 atr_pips=837.6 adx=24.1
2026-05-05 19:10:08 INFO mt5_bot - Execution status=skipped reason=no_closed_bar_crossover
2026-05-05 19:10:23 INFO mt5_bot - Balance=102029.96 Equity=102029.96 Spread=0.50 pips
2026-05-05 19:10:23 INFO mt5_bot - Signal=NONE reason=no_closed_bar_crossover price=None trend=None rsi=40.8 atr_pips=837.6 adx=24.1
2026-05-05 19:10:23 INFO mt5_bot - Execution status=skipped reason=no_closed_bar_crossover
2026-05-05 19:10:38 INFO mt5_bot - Balance=102029.96 Equity=102029.96 Spread=0.50 pips
2026-05-05 19:10:38 INFO mt5_bot - Signal=NONE reason=no_closed_bar_crossover price=None trend=None rsi=40.8 atr_pips=837.6 adx=24.1
2026-05-05 19:10:38 INFO mt5_bot - Execution status=skipped reason=no_closed_bar_crossover
2026-05-05 19:10:53 INFO mt5_bot - Balance=102029.96 Equity=102029.96 Spread=0.50 pips
2026-05-05 19:10:53 INFO mt5_bot - Signal=NONE reason=no_closed_bar_crossover price=None trend=None rsi=40.8 atr_pips=837.6 adx=24.1
2026-05-05 19:10:53 INFO mt5_bot - Execution status=skipped reason=no_closed_bar_crossover
2026-05-05 19:11:08 INFO mt5_bot - Balance=102029.96 Equity=102029.96 Spread=0.50 pips
2026-05-05 19:11:08 INFO mt5_bot - Signal=NONE reason=no_closed_bar_crossover price=None trend=None rsi=40.8 atr_pips=837.6 adx=24.1
2026-05-05 19:11:08 INFO mt5_bot - Execution status=skipped reason=no_closed_bar_crossover
2026-05-05 19:11:23 INFO mt5_bot - Balance=102029.96 Equity=102029.96 Spread=0.50 pips
2026-05-05 19:11:24 INFO mt5_bot - Signal=NONE reason=no_closed_bar_crossover price=None trend=None rsi=40.8 atr_pips=837.6 adx=24.1
2026-05-05 19:11:24 INFO mt5_bot - Execution status=skipped reason=no_closed_bar_crossover
2026-05-05 19:11:39 INFO mt5_bot - Balance=102029.96 Equity=102029.96 Spread=0.50 pips
2026-05-05 19:11:39 INFO mt5_bot - Signal=NONE reason=no_closed_bar_crossover price=None trend=None rsi=40.8 atr_pips=837.6 adx=24.1
2026-05-05 19:11:39 INFO mt5_bot - Execution status=skipped reason=no_closed_bar_crossover
2026-05-05 19:11:54 INFO mt5_bot - Balance=102029.96 Equity=102029.96 Spread=0.50 pips
2026-05-05 19:11:54 INFO mt5_bot - Signal=NONE reason=no_closed_bar_crossover price=None trend=None rsi=40.8 atr_pips=837.6 adx=24.1
2026-05-05 19:11:54 INFO mt5_bot - Execution status=skipped reason=no_closed_bar_crossover
2026-05-05 19:12:09 INFO mt5_bot - Balance=102029.96 Equity=102029.96 Spread=0.50 pips
2026-05-05 19:12:09 INFO mt5_bot - Signal=NONE reason=no_closed_bar_crossover price=None trend=None rsi=40.8 atr_pips=837.6 adx=24.1
2026-05-05 19:12:09 INFO mt5_bot - Execution status=skipped reason=no_closed_bar_crossover
2026-05-05 19:12:24 INFO mt5_bot - Balance=102029.96 Equity=102029.96 Spread=0.50 pips
2026-05-05 19:12:24 INFO mt5_bot - Signal=NONE reason=no_closed_bar_crossover price=None trend=None rsi=40.8 atr_pips=837.6 adx=24.1
2026-05-05 19:12:24 INFO mt5_bot - Execution status=skipped reason=no_closed_bar_crossover
2026-05-05 19:12:39 INFO mt5_bot - Balance=102029.96 Equity=102029.96 Spread=0.50 pips
2026-05-05 19:12:39 INFO mt5_bot - Signal=NONE reason=no_closed_bar_crossover price=None trend=None rsi=40.8 atr_pips=837.6 adx=24.1
2026-05-05 19:12:39 INFO mt5_bot - Execution status=skipped reason=no_closed_bar_crossover
2026-05-05 19:12:54 INFO mt5_bot - Balance=102029.96 Equity=102029.96 Spread=0.50 pips
2026-05-05 19:12:54 INFO mt5_bot - Signal=NONE reason=no_closed_bar_crossover price=None trend=None rsi=40.8 atr_pips=837.6 adx=24.1
2026-05-05 19:12:54 INFO mt5_bot - Execution status=skipped reason=no_closed_bar_crossover
2026-05-05 19:13:09 INFO mt5_bot - Balance=102029.96 Equity=102029.96 Spread=0.50 pips
2026-05-05 19:13:09 INFO mt5_bot - Signal=NONE reason=no_closed_bar_crossover price=None trend=None rsi=40.8 atr_pips=837.6 adx=24.1
2026-05-05 19:13:09 INFO mt5_bot - Execution status=skipped reason=no_closed_bar_crossover
2026-05-05 19:13:24 INFO mt5_bot - Balance=102029.96 Equity=102029.96 Spread=0.50 pips
2026-05-05 19:13:24 INFO mt5_bot - Signal=NONE reason=no_closed_bar_crossover price=None trend=None rsi=40.8 atr_pips=837.6 adx=24.1
2026-05-05 19:13:24 INFO mt5_bot - Execution status=skipped reason=no_closed_bar_crossover
2026-05-05 19:13:39 INFO mt5_bot - Balance=102029.96 Equity=102029.96 Spread=0.50 pips
2026-05-05 19:13:39 INFO mt5_bot - Signal=NONE reason=no_closed_bar_crossover price=None trend=None rsi=40.8 atr_pips=837.6 adx=24.1
2026-05-05 19:13:39 INFO mt5_bot - Execution status=skipped reason=no_closed_bar_crossover
2026-05-05 19:13:54 INFO mt5_bot - Balance=102029.96 Equity=102029.96 Spread=0.50 pips
2026-05-05 19:13:54 INFO mt5_bot - Signal=NONE reason=no_closed_bar_crossover price=None trend=None rsi=40.8 atr_pips=837.6 adx=24.1
2026-05-05 19:13:54 INFO mt5_bot - Execution status=skipped reason=no_closed_bar_crossover
2026-05-05 19:14:09 INFO mt5_bot - Balance=102029.96 Equity=102029.96 Spread=0.50 pips
2026-05-05 19:14:09 INFO mt5_bot - Signal=NONE reason=no_closed_bar_crossover price=None trend=None rsi=40.8 atr_pips=837.6 adx=24.1
2026-05-05 19:14:09 INFO mt5_bot - Execution status=skipped reason=no_closed_bar_crossover
2026-05-05 19:14:24 INFO mt5_bot - Balance=102029.96 Equity=102029.96 Spread=0.50 pips
2026-05-05 19:14:24 INFO mt5_bot - Signal=NONE reason=no_closed_bar_crossover price=None trend=None rsi=40.8 atr_pips=837.6 adx=24.1
2026-05-05 19:14:24 INFO mt5_bot - Execution status=skipped reason=no_closed_bar_crossover
2026-05-05 19:14:39 INFO mt5_bot - Balance=102029.96 Equity=102029.96 Spread=0.50 pips
2026-05-05 19:14:39 INFO mt5_bot - Signal=NONE reason=no_closed_bar_crossover price=None trend=None rsi=40.8 atr_pips=837.6 adx=24.1
2026-05-05 19:14:39 INFO mt5_bot - Execution status=skipped reason=no_closed_bar_crossover
2026-05-05 19:14:54 INFO mt5_bot - Balance=102029.96 Equity=102029.96 Spread=0.50 pips
2026-05-05 19:14:54 INFO mt5_bot - Signal=NONE reason=no_closed_bar_crossover price=None trend=None rsi=40.8 atr_pips=837.6 adx=24.1
2026-05-05 19:14:54 INFO mt5_bot - Execution status=skipped reason=no_closed_bar_crossover
2026-05-05 19:15:09 INFO mt5_bot - Balance=102029.96 Equity=102029.96 Spread=0.50 pips
2026-05-05 19:15:09 INFO mt5_bot - Signal=NONE reason=no_closed_bar_crossover price=None trend=None rsi=39.6 atr_pips=844.2 adx=25.6
2026-05-05 19:15:09 INFO mt5_bot - Execution status=skipped reason=no_closed_bar_crossover
2026-05-05 19:15:24 INFO mt5_bot - Balance=102029.96 Equity=102029.96 Spread=0.50 pips
2026-05-05 19:15:24 INFO mt5_bot - Signal=NONE reason=no_closed_bar_crossover price=None trend=None rsi=39.6 atr_pips=844.2 adx=25.6
2026-05-05 19:15:24 INFO mt5_bot - Execution status=skipped reason=no_closed_bar_crossover
2026-05-05 19:15:39 INFO mt5_bot - Balance=102029.96 Equity=102029.96 Spread=0.50 pips
2026-05-05 19:15:39 INFO mt5_bot - Signal=NONE reason=no_closed_bar_crossover price=None trend=None rsi=39.6 atr_pips=844.2 adx=25.6
2026-05-05 19:15:39 INFO mt5_bot - Execution status=skipped reason=no_closed_bar_crossover
2026-05-05 19:15:54 INFO mt5_bot - Balance=102029.96 Equity=102029.96 Spread=0.50 pips
2026-05-05 19:15:54 INFO mt5_bot - Signal=NONE reason=no_closed_bar_crossover price=None trend=None rsi=39.6 atr_pips=844.2 adx=25.6
2026-05-05 19:15:54 INFO mt5_bot - Execution status=skipped reason=no_closed_bar_crossover
2026-05-05 19:16:09 INFO mt5_bot - Balance=102029.96 Equity=102029.96 Spread=0.50 pips
2026-05-05 19:16:09 INFO mt5_bot - Signal=NONE reason=no_closed_bar_crossover price=None trend=None rsi=39.6 atr_pips=844.2 adx=25.6
2026-05-05 19:16:09 INFO mt5_bot - Execution status=skipped reason=no_closed_bar_crossover
2026-05-05 19:16:24 INFO mt5_bot - Balance=102029.96 Equity=102029.96 Spread=0.50 pips
2026-05-05 19:16:24 INFO mt5_bot - Signal=NONE reason=no_closed_bar_crossover price=None trend=None rsi=39.6 atr_pips=844.2 adx=25.6
2026-05-05 19:16:24 INFO mt5_bot - Execution status=skipped reason=no_closed_bar_crossover
2026-05-05 19:16:39 INFO mt5_bot - Balance=102029.96 Equity=102029.96 Spread=0.50 pips
2026-05-05 19:16:39 INFO mt5_bot - Signal=NONE reason=no_closed_bar_crossover price=None trend=None rsi=39.6 atr_pips=844.2 adx=25.6
2026-05-05 19:16:39 INFO mt5_bot - Execution status=skipped reason=no_closed_bar_crossover
2026-05-05 19:16:54 INFO mt5_bot - Balance=102029.96 Equity=102029.96 Spread=0.50 pips
2026-05-05 19:16:54 INFO mt5_bot - Signal=NONE reason=no_closed_bar_crossover price=None trend=None rsi=39.6 atr_pips=844.2 adx=25.6
2026-05-05 19:16:54 INFO mt5_bot - Execution status=skipped reason=no_closed_bar_crossover
2026-05-05 19:17:09 INFO mt5_bot - Balance=102029.96 Equity=102029.96 Spread=0.50 pips
2026-05-05 19:17:09 INFO mt5_bot - Signal=NONE reason=no_closed_bar_crossover price=None trend=None rsi=39.6 atr_pips=844.2 adx=25.6
2026-05-05 19:17:09 INFO mt5_bot - Execution status=skipped reason=no_closed_bar_crossover
2026-05-05 19:17:24 INFO mt5_bot - Balance=102029.96 Equity=102029.96 Spread=0.50 pips
2026-05-05 19:17:24 INFO mt5_bot - Signal=NONE reason=no_closed_bar_crossover price=None trend=None rsi=39.6 atr_pips=844.2 adx=25.6
2026-05-05 19:17:24 INFO mt5_bot - Execution status=skipped reason=no_closed_bar_crossover
2026-05-05 19:17:39 INFO mt5_bot - Balance=102029.96 Equity=102029.96 Spread=0.50 pips
2026-05-05 19:17:39 INFO mt5_bot - Signal=NONE reason=no_closed_bar_crossover price=None trend=None rsi=39.6 atr_pips=844.2 adx=25.6
2026-05-05 19:17:39 INFO mt5_bot - Execution status=skipped reason=no_closed_bar_crossover
2026-05-05 19:17:54 INFO mt5_bot - Balance=102029.96 Equity=102029.96 Spread=0.50 pips
2026-05-05 19:17:54 INFO mt5_bot - Signal=NONE reason=no_closed_bar_crossover price=None trend=None rsi=39.6 atr_pips=844.2 adx=25.6
2026-05-05 19:17:54 INFO mt5_bot - Execution status=skipped reason=no_closed_bar_crossover
2026-05-05 19:18:09 INFO mt5_bot - Balance=102029.96 Equity=102029.96 Spread=0.50 pips
2026-05-05 19:18:09 INFO mt5_bot - Signal=NONE reason=no_closed_bar_crossover price=None trend=None rsi=39.6 atr_pips=844.2 adx=25.6
2026-05-05 19:18:09 INFO mt5_bot - Execution status=skipped reason=no_closed_bar_crossover
2026-05-05 19:18:24 INFO mt5_bot - Balance=102029.96 Equity=102029.96 Spread=0.50 pips
2026-05-05 19:18:24 INFO mt5_bot - Signal=NONE reason=no_closed_bar_crossover price=None trend=None rsi=39.6 atr_pips=844.2 adx=25.6
2026-05-05 19:18:24 INFO mt5_bot - Execution status=skipped reason=no_closed_bar_crossover
2026-05-05 19:18:39 INFO mt5_bot - Balance=102029.96 Equity=102029.96 Spread=0.50 pips
2026-05-05 19:18:39 INFO mt5_bot - Signal=NONE reason=no_closed_bar_crossover price=None trend=None rsi=39.6 atr_pips=844.2 adx=25.6
2026-05-05 19:18:39 INFO mt5_bot - Execution status=skipped reason=no_closed_bar_crossover
2026-05-05 19:18:54 INFO mt5_bot - Balance=102029.96 Equity=102029.96 Spread=0.50 pips
2026-05-05 19:18:54 INFO mt5_bot - Signal=NONE reason=no_closed_bar_crossover price=None trend=None rsi=39.6 atr_pips=844.2 adx=25.6
2026-05-05 19:18:54 INFO mt5_bot - Execution status=skipped reason=no_closed_bar_crossover
2026-05-05 19:19:09 INFO mt5_bot - Balance=102029.96 Equity=102029.96 Spread=0.50 pips
2026-05-05 19:19:09 INFO mt5_bot - Signal=NONE reason=no_closed_bar_crossover price=None trend=None rsi=39.6 atr_pips=844.2 adx=25.6
2026-05-05 19:19:09 INFO mt5_bot - Execution status=skipped reason=no_closed_bar_crossover
2026-05-05 19:19:24 INFO mt5_bot - Balance=102029.96 Equity=102029.96 Spread=0.50 pips
2026-05-05 19:19:24 INFO mt5_bot - Signal=NONE reason=no_closed_bar_crossover price=None trend=None rsi=39.6 atr_pips=844.2 adx=25.6
2026-05-05 19:19:24 INFO mt5_bot - Execution status=skipped reason=no_closed_bar_crossover
2026-05-05 19:19:39 INFO mt5_bot - Balance=102029.96 Equity=102029.96 Spread=0.50 pips
2026-05-05 19:19:39 INFO mt5_bot - Signal=NONE reason=no_closed_bar_crossover price=None trend=None rsi=39.6 atr_pips=844.2 adx=25.6
2026-05-05 19:19:39 INFO mt5_bot - Execution status=skipped reason=no_closed_bar_crossover
2026-05-05 19:19:54 INFO mt5_bot - Balance=102029.96 Equity=102029.96 Spread=0.50 pips
2026-05-05 19:19:54 INFO mt5_bot - Signal=NONE reason=no_closed_bar_crossover price=None trend=None rsi=39.6 atr_pips=844.2 adx=25.6
2026-05-05 19:19:54 INFO mt5_bot - Execution status=skipped reason=no_closed_bar_crossover
2026-05-05 19:20:09 INFO mt5_bot - Balance=102029.96 Equity=102029.96 Spread=0.50 pips
2026-05-05 19:20:09 INFO mt5_bot - Signal=NONE reason=no_closed_bar_crossover price=None trend=None rsi=39.6 atr_pips=844.2 adx=25.6
2026-05-05 19:20:09 INFO mt5_bot - Execution status=skipped reason=no_closed_bar_crossover
2026-05-05 19:20:24 INFO mt5_bot - Balance=102029.96 Equity=102029.96 Spread=0.50 pips
2026-05-05 19:20:24 INFO mt5_bot - Signal=NONE reason=no_closed_bar_crossover price=None trend=None rsi=39.6 atr_pips=844.2 adx=25.6
2026-05-05 19:20:24 INFO mt5_bot - Execution status=skipped reason=no_closed_bar_crossover
2026-05-05 19:20:39 INFO mt5_bot - Balance=102029.96 Equity=102029.96 Spread=0.50 pips
2026-05-05 19:20:39 INFO mt5_bot - Signal=NONE reason=no_closed_bar_crossover price=None trend=None rsi=39.6 atr_pips=844.2 adx=25.6
2026-05-05 19:20:39 INFO mt5_bot - Execution status=skipped reason=no_closed_bar_crossover
2026-05-05 19:20:54 INFO mt5_bot - Balance=102029.96 Equity=102029.96 Spread=0.50 pips
2026-05-05 19:20:54 INFO mt5_bot - Signal=NONE reason=no_closed_bar_crossover price=None trend=None rsi=39.6 atr_pips=844.2 adx=25.6
2026-05-05 19:20:54 INFO mt5_bot - Execution status=skipped reason=no_closed_bar_crossover
2026-05-05 19:21:09 INFO mt5_bot - Balance=102029.96 Equity=102029.96 Spread=0.50 pips
2026-05-05 19:21:09 INFO mt5_bot - Signal=NONE reason=no_closed_bar_crossover price=None trend=None rsi=39.6 atr_pips=844.2 adx=25.6
2026-05-05 19:21:09 INFO mt5_bot - Execution status=skipped reason=no_closed_bar_crossover
2026-05-05 19:21:24 INFO mt5_bot - Balance=102029.96 Equity=102029.96 Spread=0.50 pips
2026-05-05 19:21:24 INFO mt5_bot - Signal=NONE reason=no_closed_bar_crossover price=None trend=None rsi=39.6 atr_pips=844.2 adx=25.6
2026-05-05 19:21:24 INFO mt5_bot - Execution status=skipped reason=no_closed_bar_crossover
2026-05-05 19:21:39 INFO mt5_bot - Balance=102029.96 Equity=102029.96 Spread=0.50 pips
2026-05-05 19:21:39 INFO mt5_bot - Signal=NONE reason=no_closed_bar_crossover price=None trend=None rsi=39.6 atr_pips=844.2 adx=25.6
2026-05-05 19:21:39 INFO mt5_bot - Execution status=skipped reason=no_closed_bar_crossover
2026-05-05 19:21:54 INFO mt5_bot - Balance=102029.96 Equity=102029.96 Spread=0.50 pips
2026-05-05 19:21:54 INFO mt5_bot - Signal=NONE reason=no_closed_bar_crossover price=None trend=None rsi=39.6 atr_pips=844.2 adx=25.6
2026-05-05 19:21:54 INFO mt5_bot - Execution status=skipped reason=no_closed_bar_crossover
2026-05-05 19:22:09 INFO mt5_bot - Balance=102029.96 Equity=102029.96 Spread=0.50 pips
2026-05-05 19:22:09 INFO mt5_bot - Signal=NONE reason=no_closed_bar_crossover price=None trend=None rsi=39.6 atr_pips=844.2 adx=25.6
2026-05-05 19:22:09 INFO mt5_bot - Execution status=skipped reason=no_closed_bar_crossover
2026-05-05 19:22:24 INFO mt5_bot - Balance=102029.96 Equity=102029.96 Spread=0.50 pips
2026-05-05 19:22:24 INFO mt5_bot - Signal=NONE reason=no_closed_bar_crossover price=None trend=None rsi=39.6 atr_pips=844.2 adx=25.6
2026-05-05 19:22:24 INFO mt5_bot - Execution status=skipped reason=no_closed_bar_crossover
2026-05-05 19:22:39 INFO mt5_bot - Balance=102029.96 Equity=102029.96 Spread=0.50 pips
2026-05-05 19:22:39 INFO mt5_bot - Signal=NONE reason=no_closed_bar_crossover price=None trend=None rsi=39.6 atr_pips=844.2 adx=25.6
2026-05-05 19:22:39 INFO mt5_bot - Execution status=skipped reason=no_closed_bar_crossover
2026-05-05 19:22:54 INFO mt5_bot - Balance=102029.96 Equity=102029.96 Spread=0.50 pips
2026-05-05 19:22:54 INFO mt5_bot - Signal=NONE reason=no_closed_bar_crossover price=None trend=None rsi=39.6 atr_pips=844.2 adx=25.6
2026-05-05 19:22:54 INFO mt5_bot - Execution status=skipped reason=no_closed_bar_crossover
2026-05-05 19:23:09 INFO mt5_bot - Balance=102029.96 Equity=102029.96 Spread=0.50 pips
2026-05-05 19:23:09 INFO mt5_bot - Signal=NONE reason=no_closed_bar_crossover price=None trend=None rsi=39.6 atr_pips=844.2 adx=25.6
2026-05-05 19:23:09 INFO mt5_bot - Execution status=skipped reason=no_closed_bar_crossover
2026-05-05 19:23:24 INFO mt5_bot - Balance=102029.96 Equity=102029.96 Spread=0.50 pips
2026-05-05 19:23:24 INFO mt5_bot - Signal=NONE reason=no_closed_bar_crossover price=None trend=None rsi=39.6 atr_pips=844.2 adx=25.6
2026-05-05 19:23:24 INFO mt5_bot - Execution status=skipped reason=no_closed_bar_crossover
2026-05-05 19:23:39 INFO mt5_bot - Balance=102029.96 Equity=102029.96 Spread=0.50 pips
2026-05-05 19:23:39 INFO mt5_bot - Signal=NONE reason=no_closed_bar_crossover price=None trend=None rsi=39.6 atr_pips=844.2 adx=25.6
2026-05-05 19:23:39 INFO mt5_bot - Execution status=skipped reason=no_closed_bar_crossover
2026-05-05 19:23:54 INFO mt5_bot - Balance=102029.96 Equity=102029.96 Spread=0.50 pips
2026-05-05 19:23:54 INFO mt5_bot - Signal=NONE reason=no_closed_bar_crossover price=None trend=None rsi=39.6 atr_pips=844.2 adx=25.6
2026-05-05 19:23:54 INFO mt5_bot - Execution status=skipped reason=no_closed_bar_crossover
2026-05-05 19:24:09 INFO mt5_bot - Balance=102029.96 Equity=102029.96 Spread=0.50 pips
2026-05-05 19:24:09 INFO mt5_bot - Signal=NONE reason=no_closed_bar_crossover price=None trend=None rsi=39.6 atr_pips=844.2 adx=25.6
2026-05-05 19:24:09 INFO mt5_bot - Execution status=skipped reason=no_closed_bar_crossover
2026-05-05 19:24:24 INFO mt5_bot - Balance=102029.96 Equity=102029.96 Spread=0.50 pips
2026-05-05 19:24:24 INFO mt5_bot - Signal=NONE reason=no_closed_bar_crossover price=None trend=None rsi=39.6 atr_pips=844.2 adx=25.6
2026-05-05 19:24:24 INFO mt5_bot - Execution status=skipped reason=no_closed_bar_crossover
2026-05-05 19:24:39 INFO mt5_bot - Balance=102029.96 Equity=102029.96 Spread=0.50 pips
2026-05-05 19:24:39 INFO mt5_bot - Signal=NONE reason=no_closed_bar_crossover price=None trend=None rsi=39.6 atr_pips=844.2 adx=25.6
2026-05-05 19:24:39 INFO mt5_bot - Execution status=skipped reason=no_closed_bar_crossover
2026-05-05 19:24:54 INFO mt5_bot - Balance=102029.96 Equity=102029.96 Spread=0.50 pips
2026-05-05 19:24:54 INFO mt5_bot - Signal=NONE reason=no_closed_bar_crossover price=None trend=None rsi=39.6 atr_pips=844.2 adx=25.6
2026-05-05 19:24:54 INFO mt5_bot - Execution status=skipped reason=no_closed_bar_crossover
2026-05-05 19:25:09 INFO mt5_bot - Balance=102029.96 Equity=102029.96 Spread=0.50 pips
2026-05-05 19:25:09 INFO mt5_bot - Signal=NONE reason=no_closed_bar_crossover price=None trend=None rsi=39.6 atr_pips=844.2 adx=25.6
2026-05-05 19:25:09 INFO mt5_bot - Execution status=skipped reason=no_closed_bar_crossover
2026-05-05 19:25:24 INFO mt5_bot - Balance=102029.96 Equity=102029.96 Spread=0.50 pips
2026-05-05 19:25:24 INFO mt5_bot - Signal=NONE reason=no_closed_bar_crossover price=None trend=None rsi=39.6 atr_pips=844.2 adx=25.6
2026-05-05 19:25:24 INFO mt5_bot - Execution status=skipped reason=no_closed_bar_crossover
2026-05-05 19:25:39 INFO mt5_bot - Balance=102029.96 Equity=102029.96 Spread=0.50 pips
2026-05-05 19:25:39 INFO mt5_bot - Signal=NONE reason=no_closed_bar_crossover price=None trend=None rsi=39.6 atr_pips=844.2 adx=25.6
2026-05-05 19:25:39 INFO mt5_bot - Execution status=skipped reason=no_closed_bar_crossover
2026-05-05 19:25:54 INFO mt5_bot - Balance=102029.96 Equity=102029.96 Spread=0.50 pips
2026-05-05 19:25:54 INFO mt5_bot - Signal=NONE reason=no_closed_bar_crossover price=None trend=None rsi=39.6 atr_pips=844.2 adx=25.6
2026-05-05 19:25:54 INFO mt5_bot - Execution status=skipped reason=no_closed_bar_crossover
2026-05-05 19:26:09 INFO mt5_bot - Balance=102029.96 Equity=102029.96 Spread=0.50 pips
2026-05-05 19:26:09 INFO mt5_bot - Signal=NONE reason=no_closed_bar_crossover price=None trend=None rsi=39.6 atr_pips=844.2 adx=25.6
2026-05-05 19:26:09 INFO mt5_bot - Execution status=skipped reason=no_closed_bar_crossover
2026-05-05 19:26:24 INFO mt5_bot - Balance=102029.96 Equity=102029.96 Spread=0.50 pips
2026-05-05 19:26:24 INFO mt5_bot - Signal=NONE reason=no_closed_bar_crossover price=None trend=None rsi=39.6 atr_pips=844.2 adx=25.6
2026-05-05 19:26:24 INFO mt5_bot - Execution status=skipped reason=no_closed_bar_crossover
2026-05-05 19:26:39 INFO mt5_bot - Balance=102029.96 Equity=102029.96 Spread=0.50 pips
2026-05-05 19:26:39 INFO mt5_bot - Signal=NONE reason=no_closed_bar_crossover price=None trend=None rsi=39.6 atr_pips=844.2 adx=25.6
2026-05-05 19:26:39 INFO mt5_bot - Execution status=skipped reason=no_closed_bar_crossover
2026-05-05 19:26:54 INFO mt5_bot - Balance=102029.96 Equity=102029.96 Spread=0.50 pips
2026-05-05 19:26:54 INFO mt5_bot - Signal=NONE reason=no_closed_bar_crossover price=None trend=None rsi=39.6 atr_pips=844.2 adx=25.6
2026-05-05 19:26:54 INFO mt5_bot - Execution status=skipped reason=no_closed_bar_crossover
2026-05-05 19:27:09 INFO mt5_bot - Balance=102029.96 Equity=102029.96 Spread=0.50 pips
2026-05-05 19:27:09 INFO mt5_bot - Signal=NONE reason=no_closed_bar_crossover price=None trend=None rsi=39.6 atr_pips=844.2 adx=25.6
2026-05-05 19:27:09 INFO mt5_bot - Execution status=skipped reason=no_closed_bar_crossover
2026-05-05 19:27:24 INFO mt5_bot - Balance=102029.96 Equity=102029.96 Spread=0.50 pips
2026-05-05 19:27:24 INFO mt5_bot - Signal=NONE reason=no_closed_bar_crossover price=None trend=None rsi=39.6 atr_pips=844.2 adx=25.6
2026-05-05 19:27:24 INFO mt5_bot - Execution status=skipped reason=no_closed_bar_crossover
2026-05-05 19:27:39 INFO mt5_bot - Balance=102029.96 Equity=102029.96 Spread=0.50 pips
2026-05-05 19:27:39 INFO mt5_bot - Signal=NONE reason=no_closed_bar_crossover price=None trend=None rsi=39.6 atr_pips=844.2 adx=25.6
2026-05-05 19:27:39 INFO mt5_bot - Execution status=skipped reason=no_closed_bar_crossover
2026-05-05 19:27:54 INFO mt5_bot - Balance=102029.96 Equity=102029.96 Spread=0.50 pips
2026-05-05 19:27:54 INFO mt5_bot - Signal=NONE reason=no_closed_bar_crossover price=None trend=None rsi=39.6 atr_pips=844.2 adx=25.6
2026-05-05 19:27:54 INFO mt5_bot - Execution status=skipped reason=no_closed_bar_crossover
2026-05-05 19:28:09 INFO mt5_bot - Balance=102029.96 Equity=102029.96 Spread=0.50 pips
2026-05-05 19:28:09 INFO mt5_bot - Signal=NONE reason=no_closed_bar_crossover price=None trend=None rsi=39.6 atr_pips=844.2 adx=25.6
2026-05-05 19:28:09 INFO mt5_bot - Execution status=skipped reason=no_closed_bar_crossover
2026-05-05 19:28:25 INFO mt5_bot - Balance=102029.96 Equity=102029.96 Spread=0.50 pips
2026-05-05 19:28:25 INFO mt5_bot - Signal=NONE reason=no_closed_bar_crossover price=None trend=None rsi=39.6 atr_pips=844.2 adx=25.6
2026-05-05 19:28:25 INFO mt5_bot - Execution status=skipped reason=no_closed_bar_crossover
2026-05-05 19:28:40 INFO mt5_bot - Balance=102029.96 Equity=102029.96 Spread=0.50 pips
2026-05-05 19:28:40 INFO mt5_bot - Signal=NONE reason=no_closed_bar_crossover price=None trend=None rsi=39.6 atr_pips=844.2 adx=25.6
2026-05-05 19:28:40 INFO mt5_bot - Execution status=skipped reason=no_closed_bar_crossover
2026-05-05 19:28:55 INFO mt5_bot - Balance=102029.96 Equity=102029.96 Spread=0.50 pips
2026-05-05 19:28:55 INFO mt5_bot - Signal=NONE reason=no_closed_bar_crossover price=None trend=None rsi=39.6 atr_pips=844.2 adx=25.6
2026-05-05 19:28:55 INFO mt5_bot - Execution status=skipped reason=no_closed_bar_crossover
2026-05-05 19:29:10 INFO mt5_bot - Balance=102029.96 Equity=102029.96 Spread=0.50 pips
2026-05-05 19:29:10 INFO mt5_bot - Signal=NONE reason=no_closed_bar_crossover price=None trend=None rsi=39.6 atr_pips=844.2 adx=25.6
2026-05-05 19:29:10 INFO mt5_bot - Execution status=skipped reason=no_closed_bar_crossover
2026-05-05 19:29:25 INFO mt5_bot - Balance=102029.96 Equity=102029.96 Spread=0.50 pips
2026-05-05 19:29:25 INFO mt5_bot - Signal=NONE reason=no_closed_bar_crossover price=None trend=None rsi=39.6 atr_pips=844.2 adx=25.6
2026-05-05 19:29:25 INFO mt5_bot - Execution status=skipped reason=no_closed_bar_crossover
2026-05-05 19:29:40 INFO mt5_bot - Balance=102029.96 Equity=102029.96 Spread=0.50 pips
2026-05-05 19:29:40 INFO mt5_bot - Signal=NONE reason=no_closed_bar_crossover price=None trend=None rsi=39.6 atr_pips=844.2 adx=25.6
2026-05-05 19:29:40 INFO mt5_bot - Execution status=skipped reason=no_closed_bar_crossover
2026-05-05 19:29:55 INFO mt5_bot - Balance=102029.96 Equity=102029.96 Spread=0.50 pips
2026-05-05 19:29:55 INFO mt5_bot - Signal=NONE reason=no_closed_bar_crossover price=None trend=None rsi=39.6 atr_pips=844.2 adx=25.6
2026-05-05 19:29:55 INFO mt5_bot - Execution status=skipped reason=no_closed_bar_crossover
2026-05-05 19:30:10 INFO mt5_bot - Balance=102029.96 Equity=102029.96 Spread=0.50 pips
2026-05-05 19:30:10 INFO mt5_bot - Signal=NONE reason=no_closed_bar_crossover price=None trend=None rsi=38.0 atr_pips=869.6 adx=27.2
2026-05-05 19:30:10 INFO mt5_bot - Execution status=skipped reason=no_closed_bar_crossover
2026-05-05 19:30:25 INFO mt5_bot - Balance=102029.96 Equity=102029.96 Spread=0.50 pips
2026-05-05 19:30:25 INFO mt5_bot - Signal=NONE reason=no_closed_bar_crossover price=None trend=None rsi=38.0 atr_pips=869.6 adx=27.2
2026-05-05 19:30:25 INFO mt5_bot - Execution status=skipped reason=no_closed_bar_crossover
2026-05-05 19:30:40 INFO mt5_bot - Balance=102029.96 Equity=102029.96 Spread=0.50 pips
2026-05-05 19:30:40 INFO mt5_bot - Signal=NONE reason=no_closed_bar_crossover price=None trend=None rsi=38.0 atr_pips=869.6 adx=27.2
2026-05-05 19:30:40 INFO mt5_bot - Execution status=skipped reason=no_closed_bar_crossover
2026-05-05 19:30:55 INFO mt5_bot - Balance=102029.96 Equity=102029.96 Spread=0.50 pips
2026-05-05 19:30:55 INFO mt5_bot - Signal=NONE reason=no_closed_bar_crossover price=None trend=None rsi=38.0 atr_pips=869.6 adx=27.2
2026-05-05 19:30:55 INFO mt5_bot - Execution status=skipped reason=no_closed_bar_crossover
2026-05-05 19:31:10 INFO mt5_bot - Balance=102029.96 Equity=102029.96 Spread=0.50 pips
2026-05-05 19:31:10 INFO mt5_bot - Signal=NONE reason=no_closed_bar_crossover price=None trend=None rsi=38.0 atr_pips=869.6 adx=27.2
2026-05-05 19:31:10 INFO mt5_bot - Execution status=skipped reason=no_closed_bar_crossover
2026-05-05 19:31:25 INFO mt5_bot - Balance=102029.96 Equity=102029.96 Spread=0.50 pips
2026-05-05 19:31:25 INFO mt5_bot - Signal=NONE reason=no_closed_bar_crossover price=None trend=None rsi=38.0 atr_pips=869.6 adx=27.2
2026-05-05 19:31:25 INFO mt5_bot - Execution status=skipped reason=no_closed_bar_crossover
2026-05-05 19:31:40 INFO mt5_bot - Balance=102029.96 Equity=102029.96 Spread=0.50 pips
2026-05-05 19:31:40 INFO mt5_bot - Signal=NONE reason=no_closed_bar_crossover price=None trend=None rsi=38.0 atr_pips=869.6 adx=27.2
2026-05-05 19:31:40 INFO mt5_bot - Execution status=skipped reason=no_closed_bar_crossover
2026-05-05 19:31:55 INFO mt5_bot - Balance=102029.96 Equity=102029.96 Spread=0.50 pips
2026-05-05 19:31:55 INFO mt5_bot - Signal=NONE reason=no_closed_bar_crossover price=None trend=None rsi=38.0 atr_pips=869.6 adx=27.2
2026-05-05 19:31:55 INFO mt5_bot - Execution status=skipped reason=no_closed_bar_crossover
2026-05-05 19:32:10 INFO mt5_bot - Balance=102029.96 Equity=102029.96 Spread=0.50 pips
2026-05-05 19:32:10 INFO mt5_bot - Signal=NONE reason=no_closed_bar_crossover price=None trend=None rsi=38.0 atr_pips=869.6 adx=27.2
2026-05-05 19:32:10 INFO mt5_bot - Execution status=skipped reason=no_closed_bar_crossover
2026-05-05 19:32:25 INFO mt5_bot - Balance=102029.96 Equity=102029.96 Spread=0.50 pips
2026-05-05 19:32:25 INFO mt5_bot - Signal=NONE reason=no_closed_bar_crossover price=None trend=None rsi=38.0 atr_pips=869.6 adx=27.2
2026-05-05 19:32:25 INFO mt5_bot - Execution status=skipped reason=no_closed_bar_crossover
2026-05-05 19:32:40 INFO mt5_bot - Balance=102029.96 Equity=102029.96 Spread=0.50 pips
2026-05-05 19:32:40 INFO mt5_bot - Signal=NONE reason=no_closed_bar_crossover price=None trend=None rsi=38.0 atr_pips=869.6 adx=27.2
2026-05-05 19:32:40 INFO mt5_bot - Execution status=skipped reason=no_closed_bar_crossover
2026-05-05 19:32:55 INFO mt5_bot - Balance=102029.96 Equity=102029.96 Spread=0.50 pips
2026-05-05 19:32:55 INFO mt5_bot - Signal=NONE reason=no_closed_bar_crossover price=None trend=None rsi=38.0 atr_pips=869.6 adx=27.2
2026-05-05 19:32:55 INFO mt5_bot - Execution status=skipped reason=no_closed_bar_crossover
2026-05-05 19:33:10 INFO mt5_bot - Balance=102029.96 Equity=102029.96 Spread=0.50 pips
2026-05-05 19:33:10 INFO mt5_bot - Signal=NONE reason=no_closed_bar_crossover price=None trend=None rsi=38.0 atr_pips=869.6 adx=27.2
2026-05-05 19:33:10 INFO mt5_bot - Execution status=skipped reason=no_closed_bar_crossover
2026-05-05 19:33:25 INFO mt5_bot - Balance=102029.96 Equity=102029.96 Spread=0.50 pips
2026-05-05 19:33:25 INFO mt5_bot - Signal=NONE reason=no_closed_bar_crossover price=None trend=None rsi=38.0 atr_pips=869.6 adx=27.2
2026-05-05 19:33:25 INFO mt5_bot - Execution status=skipped reason=no_closed_bar_crossover
2026-05-05 19:33:40 INFO mt5_bot - Balance=102029.96 Equity=102029.96 Spread=0.50 pips
2026-05-05 19:33:40 INFO mt5_bot - Signal=NONE reason=no_closed_bar_crossover price=None trend=None rsi=38.0 atr_pips=869.6 adx=27.2
2026-05-05 19:33:40 INFO mt5_bot - Execution status=skipped reason=no_closed_bar_crossover
2026-05-05 19:33:55 INFO mt5_bot - Balance=102029.96 Equity=102029.96 Spread=0.50 pips
2026-05-05 19:33:55 INFO mt5_bot - Signal=NONE reason=no_closed_bar_crossover price=None trend=None rsi=38.0 atr_pips=869.6 adx=27.2
2026-05-05 19:33:55 INFO mt5_bot - Execution status=skipped reason=no_closed_bar_crossover
2026-05-05 19:34:10 INFO mt5_bot - Balance=102029.96 Equity=102029.96 Spread=0.50 pips
2026-05-05 19:34:10 INFO mt5_bot - Signal=NONE reason=no_closed_bar_crossover price=None trend=None rsi=38.0 atr_pips=869.6 adx=27.2
2026-05-05 19:34:10 INFO mt5_bot - Execution status=skipped reason=no_closed_bar_crossover
2026-05-05 19:34:25 INFO mt5_bot - Balance=102029.96 Equity=102029.96 Spread=0.50 pips
2026-05-05 19:34:25 INFO mt5_bot - Signal=NONE reason=no_closed_bar_crossover price=None trend=None rsi=38.0 atr_pips=869.6 adx=27.2
2026-05-05 19:34:25 INFO mt5_bot - Execution status=skipped reason=no_closed_bar_crossover
2026-05-05 19:34:40 INFO mt5_bot - Balance=102029.96 Equity=102029.96 Spread=0.50 pips
2026-05-05 19:34:40 INFO mt5_bot - Signal=NONE reason=no_closed_bar_crossover price=None trend=None rsi=38.0 atr_pips=869.6 adx=27.2
2026-05-05 19:34:40 INFO mt5_bot - Execution status=skipped reason=no_closed_bar_crossover
2026-05-05 19:34:55 INFO mt5_bot - Balance=102029.96 Equity=102029.96 Spread=0.50 pips
2026-05-05 19:34:55 INFO mt5_bot - Signal=NONE reason=no_closed_bar_crossover price=None trend=None rsi=38.0 atr_pips=869.6 adx=27.2
2026-05-05 19:34:55 INFO mt5_bot - Execution status=skipped reason=no_closed_bar_crossover
2026-05-05 19:35:10 INFO mt5_bot - Balance=102029.96 Equity=102029.96 Spread=0.50 pips
2026-05-05 19:35:10 INFO mt5_bot - Signal=NONE reason=no_closed_bar_crossover price=None trend=None rsi=38.0 atr_pips=869.6 adx=27.2
2026-05-05 19:35:10 INFO mt5_bot - Execution status=skipped reason=no_closed_bar_crossover
2026-05-05 19:35:25 INFO mt5_bot - Balance=102029.96 Equity=102029.96 Spread=0.50 pips
2026-05-05 19:35:25 INFO mt5_bot - Signal=NONE reason=no_closed_bar_crossover price=None trend=None rsi=38.0 atr_pips=869.6 adx=27.2
2026-05-05 19:35:25 INFO mt5_bot - Execution status=skipped reason=no_closed_bar_crossover
2026-05-05 19:35:40 INFO mt5_bot - Balance=102029.96 Equity=102029.96 Spread=0.50 pips
2026-05-05 19:35:40 INFO mt5_bot - Signal=NONE reason=no_closed_bar_crossover price=None trend=None rsi=38.0 atr_pips=869.6 adx=27.2
2026-05-05 19:35:40 INFO mt5_bot - Execution status=skipped reason=no_closed_bar_crossover
2026-05-05 19:35:55 INFO mt5_bot - Balance=102029.96 Equity=102029.96 Spread=0.50 pips
2026-05-05 19:35:55 INFO mt5_bot - Signal=NONE reason=no_closed_bar_crossover price=None trend=None rsi=38.0 atr_pips=869.6 adx=27.2
2026-05-05 19:35:55 INFO mt5_bot - Execution status=skipped reason=no_closed_bar_crossover
2026-05-05 19:36:10 INFO mt5_bot - Balance=102029.96 Equity=102029.96 Spread=0.50 pips
2026-05-05 19:36:10 INFO mt5_bot - Signal=NONE reason=no_closed_bar_crossover price=None trend=None rsi=38.0 atr_pips=869.6 adx=27.2
2026-05-05 19:36:10 INFO mt5_bot - Execution status=skipped reason=no_closed_bar_crossover
2026-05-05 19:36:25 INFO mt5_bot - Balance=102029.96 Equity=102029.96 Spread=0.50 pips
2026-05-05 19:36:25 INFO mt5_bot - Signal=NONE reason=no_closed_bar_crossover price=None trend=None rsi=38.0 atr_pips=869.6 adx=27.2
2026-05-05 19:36:25 INFO mt5_bot - Execution status=skipped reason=no_closed_bar_crossover
2026-05-05 19:36:40 INFO mt5_bot - Balance=102029.96 Equity=102029.96 Spread=0.50 pips
2026-05-05 19:36:40 INFO mt5_bot - Signal=NONE reason=no_closed_bar_crossover price=None trend=None rsi=38.0 atr_pips=869.6 adx=27.2
2026-05-05 19:36:40 INFO mt5_bot - Execution status=skipped reason=no_closed_bar_crossover
2026-05-05 19:36:55 INFO mt5_bot - Balance=102029.96 Equity=102029.96 Spread=0.50 pips
2026-05-05 19:36:55 INFO mt5_bot - Signal=NONE reason=no_closed_bar_crossover price=None trend=None rsi=38.0 atr_pips=869.6 adx=27.2
2026-05-05 19:36:55 INFO mt5_bot - Execution status=skipped reason=no_closed_bar_crossover
2026-05-05 19:37:10 INFO mt5_bot - Balance=102029.96 Equity=102029.96 Spread=0.50 pips
2026-05-05 19:37:10 INFO mt5_bot - Signal=NONE reason=no_closed_bar_crossover price=None trend=None rsi=38.0 atr_pips=869.6 adx=27.2
2026-05-05 19:37:10 INFO mt5_bot - Execution status=skipped reason=no_closed_bar_crossover
2026-05-05 19:37:25 INFO mt5_bot - Balance=102029.96 Equity=102029.96 Spread=0.50 pips
2026-05-05 19:37:25 INFO mt5_bot - Signal=NONE reason=no_closed_bar_crossover price=None trend=None rsi=38.0 atr_pips=869.6 adx=27.2
2026-05-05 19:37:25 INFO mt5_bot - Execution status=skipped reason=no_closed_bar_crossover
2026-05-05 19:37:40 INFO mt5_bot - Balance=102029.96 Equity=102029.96 Spread=0.50 pips
2026-05-05 19:37:40 INFO mt5_bot - Signal=NONE reason=no_closed_bar_crossover price=None trend=None rsi=38.0 atr_pips=869.6 adx=27.2
2026-05-05 19:37:40 INFO mt5_bot - Execution status=skipped reason=no_closed_bar_crossover
2026-05-05 19:37:55 INFO mt5_bot - Balance=102029.96 Equity=102029.96 Spread=0.50 pips
2026-05-05 19:37:55 INFO mt5_bot - Signal=NONE reason=no_closed_bar_crossover price=None trend=None rsi=38.0 atr_pips=869.6 adx=27.2
2026-05-05 19:37:55 INFO mt5_bot - Execution status=skipped reason=no_closed_bar_crossover
2026-05-05 19:38:10 INFO mt5_bot - Balance=102029.96 Equity=102029.96 Spread=0.50 pips
2026-05-05 19:38:10 INFO mt5_bot - Signal=NONE reason=no_closed_bar_crossover price=None trend=None rsi=38.0 atr_pips=869.6 adx=27.2
2026-05-05 19:38:10 INFO mt5_bot - Execution status=skipped reason=no_closed_bar_crossover
2026-05-05 19:38:25 INFO mt5_bot - Balance=102029.96 Equity=102029.96 Spread=0.50 pips
2026-05-05 19:38:25 INFO mt5_bot - Signal=NONE reason=no_closed_bar_crossover price=None trend=None rsi=38.0 atr_pips=869.6 adx=27.2
2026-05-05 19:38:25 INFO mt5_bot - Execution status=skipped reason=no_closed_bar_crossover
2026-05-05 19:38:40 INFO mt5_bot - Balance=102029.96 Equity=102029.96 Spread=0.50 pips
2026-05-05 19:38:40 INFO mt5_bot - Signal=NONE reason=no_closed_bar_crossover price=None trend=None rsi=38.0 atr_pips=869.6 adx=27.2
2026-05-05 19:38:40 INFO mt5_bot - Execution status=skipped reason=no_closed_bar_crossover
2026-05-05 19:38:55 INFO mt5_bot - Balance=102029.96 Equity=102029.96 Spread=0.50 pips
2026-05-05 19:38:55 INFO mt5_bot - Signal=NONE reason=no_closed_bar_crossover price=None trend=None rsi=38.0 atr_pips=869.6 adx=27.2
2026-05-05 19:38:55 INFO mt5_bot - Execution status=skipped reason=no_closed_bar_crossover
2026-05-05 19:39:10 INFO mt5_bot - Balance=102029.96 Equity=102029.96 Spread=0.50 pips
2026-05-05 19:39:10 INFO mt5_bot - Signal=NONE reason=no_closed_bar_crossover price=None trend=None rsi=38.0 atr_pips=869.6 adx=27.2
2026-05-05 19:39:10 INFO mt5_bot - Execution status=skipped reason=no_closed_bar_crossover
2026-05-05 19:39:25 INFO mt5_bot - Balance=102029.96 Equity=102029.96 Spread=0.50 pips
2026-05-05 19:39:25 INFO mt5_bot - Signal=NONE reason=no_closed_bar_crossover price=None trend=None rsi=38.0 atr_pips=869.6 adx=27.2
2026-05-05 19:39:25 INFO mt5_bot - Execution status=skipped reason=no_closed_bar_crossover
2026-05-05 19:39:40 INFO mt5_bot - Balance=102029.96 Equity=102029.96 Spread=0.50 pips
2026-05-05 19:39:40 INFO mt5_bot - Signal=NONE reason=no_closed_bar_crossover price=None trend=None rsi=38.0 atr_pips=869.6 adx=27.2
2026-05-05 19:39:40 INFO mt5_bot - Execution status=skipped reason=no_closed_bar_crossover
2026-05-05 19:39:55 INFO mt5_bot - Balance=102029.96 Equity=102029.96 Spread=0.50 pips
2026-05-05 19:39:55 INFO mt5_bot - Signal=NONE reason=no_closed_bar_crossover price=None trend=None rsi=38.0 atr_pips=869.6 adx=27.2
2026-05-05 19:39:55 INFO mt5_bot - Execution status=skipped reason=no_closed_bar_crossover
2026-05-05 19:40:10 INFO mt5_bot - Balance=102029.96 Equity=102029.96 Spread=0.50 pips
2026-05-05 19:40:10 INFO mt5_bot - Signal=NONE reason=no_closed_bar_crossover price=None trend=None rsi=38.0 atr_pips=869.6 adx=27.2
2026-05-05 19:40:10 INFO mt5_bot - Execution status=skipped reason=no_closed_bar_crossover
2026-05-05 19:40:25 INFO mt5_bot - Balance=102029.96 Equity=102029.96 Spread=0.50 pips
2026-05-05 19:40:25 INFO mt5_bot - Signal=NONE reason=no_closed_bar_crossover price=None trend=None rsi=38.0 atr_pips=869.6 adx=27.2
2026-05-05 19:40:25 INFO mt5_bot - Execution status=skipped reason=no_closed_bar_crossover
2026-05-05 19:40:40 INFO mt5_bot - Balance=102029.96 Equity=102029.96 Spread=0.50 pips
2026-05-05 19:40:40 INFO mt5_bot - Signal=NONE reason=no_closed_bar_crossover price=None trend=None rsi=38.0 atr_pips=869.6 adx=27.2
2026-05-05 19:40:40 INFO mt5_bot - Execution status=skipped reason=no_closed_bar_crossover
2026-05-05 19:40:55 INFO mt5_bot - Balance=102029.96 Equity=102029.96 Spread=0.50 pips
2026-05-05 19:40:55 INFO mt5_bot - Signal=NONE reason=no_closed_bar_crossover price=None trend=None rsi=38.0 atr_pips=869.6 adx=27.2
2026-05-05 19:40:55 INFO mt5_bot - Execution status=skipped reason=no_closed_bar_crossover
2026-05-05 19:41:10 INFO mt5_bot - Balance=102029.96 Equity=102029.96 Spread=0.50 pips
2026-05-05 19:41:10 INFO mt5_bot - Signal=NONE reason=no_closed_bar_crossover price=None trend=None rsi=38.0 atr_pips=869.6 adx=27.2
2026-05-05 19:41:10 INFO mt5_bot - Execution status=skipped reason=no_closed_bar_crossover
2026-05-05 19:41:25 INFO mt5_bot - Balance=102029.96 Equity=102029.96 Spread=0.50 pips
2026-05-05 19:41:25 INFO mt5_bot - Signal=NONE reason=no_closed_bar_crossover price=None trend=None rsi=38.0 atr_pips=869.6 adx=27.2
2026-05-05 19:41:25 INFO mt5_bot - Execution status=skipped reason=no_closed_bar_crossover
2026-05-05 19:41:40 INFO mt5_bot - Balance=102029.96 Equity=102029.96 Spread=0.50 pips
2026-05-05 19:41:40 INFO mt5_bot - Signal=NONE reason=no_closed_bar_crossover price=None trend=None rsi=38.0 atr_pips=869.6 adx=27.2
2026-05-05 19:41:40 INFO mt5_bot - Execution status=skipped reason=no_closed_bar_crossover
2026-05-05 19:41:55 INFO mt5_bot - Balance=102029.96 Equity=102029.96 Spread=0.50 pips
2026-05-05 19:41:55 INFO mt5_bot - Signal=NONE reason=no_closed_bar_crossover price=None trend=None rsi=38.0 atr_pips=869.6 adx=27.2
2026-05-05 19:41:55 INFO mt5_bot - Execution status=skipped reason=no_closed_bar_crossover
2026-05-05 19:42:10 INFO mt5_bot - Balance=102029.96 Equity=102029.96 Spread=0.50 pips
2026-05-05 19:42:10 INFO mt5_bot - Signal=NONE reason=no_closed_bar_crossover price=None trend=None rsi=38.0 atr_pips=869.6 adx=27.2
2026-05-05 19:42:10 INFO mt5_bot - Execution status=skipped reason=no_closed_bar_crossover
2026-05-05 19:42:25 INFO mt5_bot - Balance=102029.96 Equity=102029.96 Spread=0.50 pips
2026-05-05 19:42:25 INFO mt5_bot - Signal=NONE reason=no_closed_bar_crossover price=None trend=None rsi=38.0 atr_pips=869.6 adx=27.2
2026-05-05 19:42:25 INFO mt5_bot - Execution status=skipped reason=no_closed_bar_crossover
2026-05-05 19:42:40 INFO mt5_bot - Balance=102029.96 Equity=102029.96 Spread=0.50 pips
2026-05-05 19:42:40 INFO mt5_bot - Signal=NONE reason=no_closed_bar_crossover price=None trend=None rsi=38.0 atr_pips=869.6 adx=27.2
2026-05-05 19:42:40 INFO mt5_bot - Execution status=skipped reason=no_closed_bar_crossover
2026-05-05 19:42:55 INFO mt5_bot - Balance=102029.96 Equity=102029.96 Spread=0.50 pips
2026-05-05 19:42:55 INFO mt5_bot - Signal=NONE reason=no_closed_bar_crossover price=None trend=None rsi=38.0 atr_pips=869.6 adx=27.2
2026-05-05 19:42:55 INFO mt5_bot - Execution status=skipped reason=no_closed_bar_crossover
2026-05-05 19:43:10 INFO mt5_bot - Balance=102029.96 Equity=102029.96 Spread=0.50 pips
2026-05-05 19:43:10 INFO mt5_bot - Signal=NONE reason=no_closed_bar_crossover price=None trend=None rsi=38.0 atr_pips=869.6 adx=27.2
2026-05-05 19:43:10 INFO mt5_bot - Execution status=skipped reason=no_closed_bar_crossover
2026-05-05 19:43:25 INFO mt5_bot - Balance=102029.96 Equity=102029.96 Spread=0.50 pips
2026-05-05 19:43:25 INFO mt5_bot - Signal=NONE reason=no_closed_bar_crossover price=None trend=None rsi=38.0 atr_pips=869.6 adx=27.2
2026-05-05 19:43:25 INFO mt5_bot - Execution status=skipped reason=no_closed_bar_crossover
2026-05-05 19:43:40 INFO mt5_bot - Balance=102029.96 Equity=102029.96 Spread=0.50 pips
2026-05-05 19:43:40 INFO mt5_bot - Signal=NONE reason=no_closed_bar_crossover price=None trend=None rsi=38.0 atr_pips=869.6 adx=27.2
2026-05-05 19:43:40 INFO mt5_bot - Execution status=skipped reason=no_closed_bar_crossover
2026-05-05 19:43:55 INFO mt5_bot - Balance=102029.96 Equity=102029.96 Spread=0.50 pips
2026-05-05 19:43:55 INFO mt5_bot - Signal=NONE reason=no_closed_bar_crossover price=None trend=None rsi=38.0 atr_pips=869.6 adx=27.2
2026-05-05 19:43:55 INFO mt5_bot - Execution status=skipped reason=no_closed_bar_crossover
2026-05-05 19:44:10 INFO mt5_bot - Balance=102029.96 Equity=102029.96 Spread=0.50 pips
2026-05-05 19:44:10 INFO mt5_bot - Signal=NONE reason=no_closed_bar_crossover price=None trend=None rsi=38.0 atr_pips=869.6 adx=27.2
2026-05-05 19:44:10 INFO mt5_bot - Execution status=skipped reason=no_closed_bar_crossover
2026-05-05 19:44:25 INFO mt5_bot - Balance=102029.96 Equity=102029.96 Spread=0.50 pips
2026-05-05 19:44:25 INFO mt5_bot - Signal=NONE reason=no_closed_bar_crossover price=None trend=None rsi=38.0 atr_pips=869.6 adx=27.2
2026-05-05 19:44:25 INFO mt5_bot - Execution status=skipped reason=no_closed_bar_crossover
2026-05-05 19:44:40 INFO mt5_bot - Balance=102029.96 Equity=102029.96 Spread=0.50 pips
2026-05-05 19:44:40 INFO mt5_bot - Signal=NONE reason=no_closed_bar_crossover price=None trend=None rsi=38.0 atr_pips=869.6 adx=27.2
2026-05-05 19:44:40 INFO mt5_bot - Execution status=skipped reason=no_closed_bar_crossover
2026-05-05 19:44:55 INFO mt5_bot - Balance=102029.96 Equity=102029.96 Spread=0.50 pips
2026-05-05 19:44:55 INFO mt5_bot - Signal=NONE reason=no_closed_bar_crossover price=None trend=None rsi=38.0 atr_pips=869.6 adx=27.2
2026-05-05 19:44:55 INFO mt5_bot - Execution status=skipped reason=no_closed_bar_crossover
2026-05-05 19:45:10 INFO mt5_bot - Balance=102029.96 Equity=102029.96 Spread=0.50 pips
2026-05-05 19:45:11 INFO mt5_bot - Signal=NONE reason=no_closed_bar_crossover price=None trend=None rsi=35.0 atr_pips=862.5 adx=28.7
2026-05-05 19:45:11 INFO mt5_bot - Execution status=skipped reason=no_closed_bar_crossover
2026-05-05 19:45:26 INFO mt5_bot - Balance=102029.96 Equity=102029.96 Spread=0.50 pips
2026-05-05 19:45:26 INFO mt5_bot - Signal=NONE reason=no_closed_bar_crossover price=None trend=None rsi=35.0 atr_pips=862.5 adx=28.7
2026-05-05 19:45:26 INFO mt5_bot - Execution status=skipped reason=no_closed_bar_crossover
2026-05-05 19:45:41 INFO mt5_bot - Balance=102029.96 Equity=102029.96 Spread=0.50 pips
2026-05-05 19:45:41 INFO mt5_bot - Signal=NONE reason=no_closed_bar_crossover price=None trend=None rsi=35.0 atr_pips=862.5 adx=28.7
2026-05-05 19:45:41 INFO mt5_bot - Execution status=skipped reason=no_closed_bar_crossover
2026-05-05 19:45:56 INFO mt5_bot - Balance=102029.96 Equity=102029.96 Spread=0.50 pips
2026-05-05 19:45:56 INFO mt5_bot - Signal=NONE reason=no_closed_bar_crossover price=None trend=None rsi=35.0 atr_pips=862.5 adx=28.7
2026-05-05 19:45:56 INFO mt5_bot - Execution status=skipped reason=no_closed_bar_crossover
2026-05-05 19:46:11 INFO mt5_bot - Balance=102029.96 Equity=102029.96 Spread=0.50 pips
2026-05-05 19:46:11 INFO mt5_bot - Signal=NONE reason=no_closed_bar_crossover price=None trend=None rsi=35.0 atr_pips=862.5 adx=28.7
2026-05-05 19:46:11 INFO mt5_bot - Execution status=skipped reason=no_closed_bar_crossover
2026-05-05 19:46:26 INFO mt5_bot - Balance=102029.96 Equity=102029.96 Spread=0.50 pips
2026-05-05 19:46:26 INFO mt5_bot - Signal=NONE reason=no_closed_bar_crossover price=None trend=None rsi=35.0 atr_pips=862.5 adx=28.7
2026-05-05 19:46:26 INFO mt5_bot - Execution status=skipped reason=no_closed_bar_crossover
2026-05-05 19:46:41 INFO mt5_bot - Balance=102029.96 Equity=102029.96 Spread=0.50 pips
2026-05-05 19:46:41 INFO mt5_bot - Signal=NONE reason=no_closed_bar_crossover price=None trend=None rsi=35.0 atr_pips=862.5 adx=28.7
2026-05-05 19:46:41 INFO mt5_bot - Execution status=skipped reason=no_closed_bar_crossover
2026-05-05 19:46:56 INFO mt5_bot - Balance=102029.96 Equity=102029.96 Spread=0.50 pips
2026-05-05 19:46:56 INFO mt5_bot - Signal=NONE reason=no_closed_bar_crossover price=None trend=None rsi=35.0 atr_pips=862.5 adx=28.7
2026-05-05 19:46:56 INFO mt5_bot - Execution status=skipped reason=no_closed_bar_crossover
2026-05-05 19:47:11 INFO mt5_bot - Balance=102029.96 Equity=102029.96 Spread=0.50 pips
2026-05-05 19:47:11 INFO mt5_bot - Signal=NONE reason=no_closed_bar_crossover price=None trend=None rsi=35.0 atr_pips=862.5 adx=28.7
2026-05-05 19:47:11 INFO mt5_bot - Execution status=skipped reason=no_closed_bar_crossover
2026-05-05 19:47:26 INFO mt5_bot - Balance=102029.96 Equity=102029.96 Spread=0.50 pips
2026-05-05 19:47:26 INFO mt5_bot - Signal=NONE reason=no_closed_bar_crossover price=None trend=None rsi=35.0 atr_pips=862.5 adx=28.7
2026-05-05 19:47:26 INFO mt5_bot - Execution status=skipped reason=no_closed_bar_crossover
2026-05-05 19:47:41 INFO mt5_bot - Balance=102029.96 Equity=102029.96 Spread=0.50 pips
2026-05-05 19:47:41 INFO mt5_bot - Signal=NONE reason=no_closed_bar_crossover price=None trend=None rsi=35.0 atr_pips=862.5 adx=28.7
2026-05-05 19:47:41 INFO mt5_bot - Execution status=skipped reason=no_closed_bar_crossover
2026-05-05 19:47:56 INFO mt5_bot - Balance=102029.96 Equity=102029.96 Spread=0.50 pips
2026-05-05 19:47:56 INFO mt5_bot - Signal=NONE reason=no_closed_bar_crossover price=None trend=None rsi=35.0 atr_pips=862.5 adx=28.7
2026-05-05 19:47:56 INFO mt5_bot - Execution status=skipped reason=no_closed_bar_crossover
2026-05-05 19:48:11 INFO mt5_bot - Balance=102029.96 Equity=102029.96 Spread=0.50 pips
2026-05-05 19:48:11 INFO mt5_bot - Signal=NONE reason=no_closed_bar_crossover price=None trend=None rsi=35.0 atr_pips=862.5 adx=28.7
2026-05-05 19:48:11 INFO mt5_bot - Execution status=skipped reason=no_closed_bar_crossover
2026-05-05 19:48:26 INFO mt5_bot - Balance=102029.96 Equity=102029.96 Spread=0.50 pips
2026-05-05 19:48:26 INFO mt5_bot - Signal=NONE reason=no_closed_bar_crossover price=None trend=None rsi=35.0 atr_pips=862.5 adx=28.7
2026-05-05 19:48:26 INFO mt5_bot - Execution status=skipped reason=no_closed_bar_crossover
2026-05-05 19:48:41 INFO mt5_bot - Balance=102029.96 Equity=102029.96 Spread=0.50 pips
2026-05-05 19:48:41 INFO mt5_bot - Signal=NONE reason=no_closed_bar_crossover price=None trend=None rsi=35.0 atr_pips=862.5 adx=28.7
2026-05-05 19:48:41 INFO mt5_bot - Execution status=skipped reason=no_closed_bar_crossover
2026-05-05 19:48:56 INFO mt5_bot - Balance=102029.96 Equity=102029.96 Spread=0.50 pips
2026-05-05 19:48:56 INFO mt5_bot - Signal=NONE reason=no_closed_bar_crossover price=None trend=None rsi=35.0 atr_pips=862.5 adx=28.7
2026-05-05 19:48:56 INFO mt5_bot - Execution status=skipped reason=no_closed_bar_crossover
2026-05-05 19:49:11 INFO mt5_bot - Balance=102029.96 Equity=102029.96 Spread=0.50 pips
2026-05-05 19:49:11 INFO mt5_bot - Signal=NONE reason=no_closed_bar_crossover price=None trend=None rsi=35.0 atr_pips=862.5 adx=28.7
2026-05-05 19:49:11 INFO mt5_bot - Execution status=skipped reason=no_closed_bar_crossover
2026-05-05 19:49:26 INFO mt5_bot - Balance=102029.96 Equity=102029.96 Spread=0.50 pips
2026-05-05 19:49:26 INFO mt5_bot - Signal=NONE reason=no_closed_bar_crossover price=None trend=None rsi=35.0 atr_pips=862.5 adx=28.7
2026-05-05 19:49:26 INFO mt5_bot - Execution status=skipped reason=no_closed_bar_crossover
2026-05-05 19:49:41 INFO mt5_bot - Balance=102029.96 Equity=102029.96 Spread=0.50 pips
2026-05-05 19:49:41 INFO mt5_bot - Signal=NONE reason=no_closed_bar_crossover price=None trend=None rsi=35.0 atr_pips=862.5 adx=28.7
2026-05-05 19:49:41 INFO mt5_bot - Execution status=skipped reason=no_closed_bar_crossover
2026-05-05 19:49:56 INFO mt5_bot - Balance=102029.96 Equity=102029.96 Spread=0.50 pips
2026-05-05 19:49:56 INFO mt5_bot - Signal=NONE reason=no_closed_bar_crossover price=None trend=None rsi=35.0 atr_pips=862.5 adx=28.7
2026-05-05 19:49:56 INFO mt5_bot - Execution status=skipped reason=no_closed_bar_crossover
2026-05-05 19:50:11 INFO mt5_bot - Balance=102029.96 Equity=102029.96 Spread=0.50 pips
2026-05-05 19:50:11 INFO mt5_bot - Signal=NONE reason=no_closed_bar_crossover price=None trend=None rsi=35.0 atr_pips=862.5 adx=28.7
2026-05-05 19:50:11 INFO mt5_bot - Execution status=skipped reason=no_closed_bar_crossover
2026-05-05 19:50:26 INFO mt5_bot - Balance=102029.96 Equity=102029.96 Spread=0.50 pips
2026-05-05 19:50:26 INFO mt5_bot - Signal=NONE reason=no_closed_bar_crossover price=None trend=None rsi=35.0 atr_pips=862.5 adx=28.7
2026-05-05 19:50:26 INFO mt5_bot - Execution status=skipped reason=no_closed_bar_crossover
2026-05-05 19:50:41 INFO mt5_bot - Balance=102029.96 Equity=102029.96 Spread=0.50 pips
2026-05-05 19:50:41 INFO mt5_bot - Signal=NONE reason=no_closed_bar_crossover price=None trend=None rsi=35.0 atr_pips=862.5 adx=28.7
2026-05-05 19:50:41 INFO mt5_bot - Execution status=skipped reason=no_closed_bar_crossover
2026-05-05 19:50:56 INFO mt5_bot - Balance=102029.96 Equity=102029.96 Spread=0.50 pips
2026-05-05 19:50:56 INFO mt5_bot - Signal=NONE reason=no_closed_bar_crossover price=None trend=None rsi=35.0 atr_pips=862.5 adx=28.7
2026-05-05 19:50:56 INFO mt5_bot - Execution status=skipped reason=no_closed_bar_crossover
2026-05-05 19:51:11 INFO mt5_bot - Balance=102029.96 Equity=102029.96 Spread=0.50 pips
2026-05-05 19:51:11 INFO mt5_bot - Signal=NONE reason=no_closed_bar_crossover price=None trend=None rsi=35.0 atr_pips=862.5 adx=28.7
2026-05-05 19:51:11 INFO mt5_bot - Execution status=skipped reason=no_closed_bar_crossover
2026-05-05 19:51:26 INFO mt5_bot - Balance=102029.96 Equity=102029.96 Spread=0.50 pips
2026-05-05 19:51:26 INFO mt5_bot - Signal=NONE reason=no_closed_bar_crossover price=None trend=None rsi=35.0 atr_pips=862.5 adx=28.7
2026-05-05 19:51:26 INFO mt5_bot - Execution status=skipped reason=no_closed_bar_crossover
2026-05-05 19:51:41 INFO mt5_bot - Balance=102029.96 Equity=102029.96 Spread=0.50 pips
2026-05-05 19:51:41 INFO mt5_bot - Signal=NONE reason=no_closed_bar_crossover price=None trend=None rsi=35.0 atr_pips=862.5 adx=28.7
2026-05-05 19:51:41 INFO mt5_bot - Execution status=skipped reason=no_closed_bar_crossover
2026-05-05 19:51:56 INFO mt5_bot - Balance=102029.96 Equity=102029.96 Spread=0.50 pips
2026-05-05 19:51:56 INFO mt5_bot - Signal=NONE reason=no_closed_bar_crossover price=None trend=None rsi=35.0 atr_pips=862.5 adx=28.7
2026-05-05 19:51:56 INFO mt5_bot - Execution status=skipped reason=no_closed_bar_crossover
2026-05-05 19:52:11 INFO mt5_bot - Balance=102029.96 Equity=102029.96 Spread=0.50 pips
2026-05-05 19:52:11 INFO mt5_bot - Signal=NONE reason=no_closed_bar_crossover price=None trend=None rsi=35.0 atr_pips=862.5 adx=28.7
2026-05-05 19:52:11 INFO mt5_bot - Execution status=skipped reason=no_closed_bar_crossover
2026-05-05 19:52:26 INFO mt5_bot - Balance=102029.96 Equity=102029.96 Spread=0.50 pips
2026-05-05 19:52:26 INFO mt5_bot - Signal=NONE reason=no_closed_bar_crossover price=None trend=None rsi=35.0 atr_pips=862.5 adx=28.7
2026-05-05 19:52:26 INFO mt5_bot - Execution status=skipped reason=no_closed_bar_crossover
2026-05-05 19:52:41 INFO mt5_bot - Balance=102029.96 Equity=102029.96 Spread=0.50 pips
2026-05-05 19:52:41 INFO mt5_bot - Signal=NONE reason=no_closed_bar_crossover price=None trend=None rsi=35.0 atr_pips=862.5 adx=28.7
2026-05-05 19:52:41 INFO mt5_bot - Execution status=skipped reason=no_closed_bar_crossover
2026-05-05 19:52:56 INFO mt5_bot - Balance=102029.96 Equity=102029.96 Spread=0.50 pips
2026-05-05 19:52:56 INFO mt5_bot - Signal=NONE reason=no_closed_bar_crossover price=None trend=None rsi=35.0 atr_pips=862.5 adx=28.7
2026-05-05 19:52:56 INFO mt5_bot - Execution status=skipped reason=no_closed_bar_crossover
2026-05-05 19:53:11 INFO mt5_bot - Balance=102029.96 Equity=102029.96 Spread=0.50 pips
2026-05-05 19:53:11 INFO mt5_bot - Signal=NONE reason=no_closed_bar_crossover price=None trend=None rsi=35.0 atr_pips=862.5 adx=28.7
2026-05-05 19:53:11 INFO mt5_bot - Execution status=skipped reason=no_closed_bar_crossover
2026-05-05 19:53:26 INFO mt5_bot - Balance=102029.96 Equity=102029.96 Spread=0.50 pips
2026-05-05 19:53:26 INFO mt5_bot - Signal=NONE reason=no_closed_bar_crossover price=None trend=None rsi=35.0 atr_pips=862.5 adx=28.7
2026-05-05 19:53:26 INFO mt5_bot - Execution status=skipped reason=no_closed_bar_crossover
2026-05-05 19:53:41 INFO mt5_bot - Balance=102029.96 Equity=102029.96 Spread=0.50 pips
2026-05-05 19:53:41 INFO mt5_bot - Signal=NONE reason=no_closed_bar_crossover price=None trend=None rsi=35.0 atr_pips=862.5 adx=28.7
2026-05-05 19:53:41 INFO mt5_bot - Execution status=skipped reason=no_closed_bar_crossover
2026-05-05 19:53:56 INFO mt5_bot - Balance=102029.96 Equity=102029.96 Spread=0.50 pips
2026-05-05 19:53:56 INFO mt5_bot - Signal=NONE reason=no_closed_bar_crossover price=None trend=None rsi=35.0 atr_pips=862.5 adx=28.7
2026-05-05 19:53:56 INFO mt5_bot - Execution status=skipped reason=no_closed_bar_crossover
2026-05-05 19:54:11 INFO mt5_bot - Balance=102029.96 Equity=102029.96 Spread=0.50 pips
2026-05-05 19:54:11 INFO mt5_bot - Signal=NONE reason=no_closed_bar_crossover price=None trend=None rsi=35.0 atr_pips=862.5 adx=28.7
2026-05-05 19:54:11 INFO mt5_bot - Execution status=skipped reason=no_closed_bar_crossover
2026-05-05 19:54:26 INFO mt5_bot - Balance=102029.96 Equity=102029.96 Spread=0.50 pips
2026-05-05 19:54:26 INFO mt5_bot - Signal=NONE reason=no_closed_bar_crossover price=None trend=None rsi=35.0 atr_pips=862.5 adx=28.7
2026-05-05 19:54:26 INFO mt5_bot - Execution status=skipped reason=no_closed_bar_crossover
2026-05-05 19:54:41 INFO mt5_bot - Balance=102029.96 Equity=102029.96 Spread=0.50 pips
2026-05-05 19:54:41 INFO mt5_bot - Signal=NONE reason=no_closed_bar_crossover price=None trend=None rsi=35.0 atr_pips=862.5 adx=28.7
2026-05-05 19:54:41 INFO mt5_bot - Execution status=skipped reason=no_closed_bar_crossover
2026-05-05 19:54:56 INFO mt5_bot - Balance=102029.96 Equity=102029.96 Spread=0.50 pips
2026-05-05 19:54:56 INFO mt5_bot - Signal=NONE reason=no_closed_bar_crossover price=None trend=None rsi=35.0 atr_pips=862.5 adx=28.7
2026-05-05 19:54:56 INFO mt5_bot - Execution status=skipped reason=no_closed_bar_crossover
2026-05-05 19:55:11 INFO mt5_bot - Balance=102029.96 Equity=102029.96 Spread=0.50 pips
2026-05-05 19:55:11 INFO mt5_bot - Signal=NONE reason=no_closed_bar_crossover price=None trend=None rsi=35.0 atr_pips=862.5 adx=28.7
2026-05-05 19:55:11 INFO mt5_bot - Execution status=skipped reason=no_closed_bar_crossover
2026-05-05 19:55:26 INFO mt5_bot - Balance=102029.96 Equity=102029.96 Spread=0.50 pips
2026-05-05 19:55:26 INFO mt5_bot - Signal=NONE reason=no_closed_bar_crossover price=None trend=None rsi=35.0 atr_pips=862.5 adx=28.7
2026-05-05 19:55:26 INFO mt5_bot - Execution status=skipped reason=no_closed_bar_crossover
2026-05-05 19:55:41 INFO mt5_bot - Balance=102029.96 Equity=102029.96 Spread=0.50 pips
2026-05-05 19:55:41 INFO mt5_bot - Signal=NONE reason=no_closed_bar_crossover price=None trend=None rsi=35.0 atr_pips=862.5 adx=28.7
2026-05-05 19:55:41 INFO mt5_bot - Execution status=skipped reason=no_closed_bar_crossover
2026-05-05 19:55:56 INFO mt5_bot - Balance=102029.96 Equity=102029.96 Spread=0.50 pips
2026-05-05 19:55:56 INFO mt5_bot - Signal=NONE reason=no_closed_bar_crossover price=None trend=None rsi=35.0 atr_pips=862.5 adx=28.7
2026-05-05 19:55:56 INFO mt5_bot - Execution status=skipped reason=no_closed_bar_crossover
2026-05-05 19:56:11 INFO mt5_bot - Balance=102029.96 Equity=102029.96 Spread=0.50 pips
2026-05-05 19:56:11 INFO mt5_bot - Signal=NONE reason=no_closed_bar_crossover price=None trend=None rsi=35.0 atr_pips=862.5 adx=28.7
2026-05-05 19:56:11 INFO mt5_bot - Execution status=skipped reason=no_closed_bar_crossover
2026-05-05 19:56:26 INFO mt5_bot - Balance=102029.96 Equity=102029.96 Spread=0.50 pips
2026-05-05 19:56:26 INFO mt5_bot - Signal=NONE reason=no_closed_bar_crossover price=None trend=None rsi=35.0 atr_pips=862.5 adx=28.7
2026-05-05 19:56:26 INFO mt5_bot - Execution status=skipped reason=no_closed_bar_crossover
2026-05-05 19:56:41 INFO mt5_bot - Balance=102029.96 Equity=102029.96 Spread=0.50 pips
2026-05-05 19:56:41 INFO mt5_bot - Signal=NONE reason=no_closed_bar_crossover price=None trend=None rsi=35.0 atr_pips=862.5 adx=28.7
2026-05-05 19:56:41 INFO mt5_bot - Execution status=skipped reason=no_closed_bar_crossover
2026-05-05 19:56:56 INFO mt5_bot - Balance=102029.96 Equity=102029.96 Spread=0.50 pips
2026-05-05 19:56:56 INFO mt5_bot - Signal=NONE reason=no_closed_bar_crossover price=None trend=None rsi=35.0 atr_pips=862.5 adx=28.7
2026-05-05 19:56:56 INFO mt5_bot - Execution status=skipped reason=no_closed_bar_crossover
2026-05-05 19:57:11 INFO mt5_bot - Balance=102029.96 Equity=102029.96 Spread=0.50 pips
2026-05-05 19:57:11 INFO mt5_bot - Signal=NONE reason=no_closed_bar_crossover price=None trend=None rsi=35.0 atr_pips=862.5 adx=28.7
2026-05-05 19:57:11 INFO mt5_bot - Execution status=skipped reason=no_closed_bar_crossover
2026-05-05 19:57:26 INFO mt5_bot - Balance=102029.96 Equity=102029.96 Spread=0.50 pips
2026-05-05 19:57:26 INFO mt5_bot - Signal=NONE reason=no_closed_bar_crossover price=None trend=None rsi=35.0 atr_pips=862.5 adx=28.7
2026-05-05 19:57:26 INFO mt5_bot - Execution status=skipped reason=no_closed_bar_crossover
2026-05-05 19:57:41 INFO mt5_bot - Balance=102029.96 Equity=102029.96 Spread=0.50 pips
2026-05-05 19:57:41 INFO mt5_bot - Signal=NONE reason=no_closed_bar_crossover price=None trend=None rsi=35.0 atr_pips=862.5 adx=28.7
2026-05-05 19:57:41 INFO mt5_bot - Execution status=skipped reason=no_closed_bar_crossover
2026-05-05 19:57:56 INFO mt5_bot - Balance=102029.96 Equity=102029.96 Spread=0.50 pips
2026-05-05 19:57:56 INFO mt5_bot - Signal=NONE reason=no_closed_bar_crossover price=None trend=None rsi=35.0 atr_pips=862.5 adx=28.7
2026-05-05 19:57:56 INFO mt5_bot - Execution status=skipped reason=no_closed_bar_crossover
2026-05-05 19:58:11 INFO mt5_bot - Balance=102029.96 Equity=102029.96 Spread=0.50 pips
2026-05-05 19:58:11 INFO mt5_bot - Signal=NONE reason=no_closed_bar_crossover price=None trend=None rsi=35.0 atr_pips=862.5 adx=28.7
2026-05-05 19:58:11 INFO mt5_bot - Execution status=skipped reason=no_closed_bar_crossover
2026-05-05 19:58:26 INFO mt5_bot - Balance=102029.96 Equity=102029.96 Spread=0.50 pips
2026-05-05 19:58:26 INFO mt5_bot - Signal=NONE reason=no_closed_bar_crossover price=None trend=None rsi=35.0 atr_pips=862.5 adx=28.7
2026-05-05 19:58:26 INFO mt5_bot - Execution status=skipped reason=no_closed_bar_crossover
2026-05-05 19:58:41 INFO mt5_bot - Balance=102029.96 Equity=102029.96 Spread=0.50 pips
2026-05-05 19:58:41 INFO mt5_bot - Signal=NONE reason=no_closed_bar_crossover price=None trend=None rsi=35.0 atr_pips=862.5 adx=28.7
2026-05-05 19:58:41 INFO mt5_bot - Execution status=skipped reason=no_closed_bar_crossover
2026-05-05 19:58:56 INFO mt5_bot - Balance=102029.96 Equity=102029.96 Spread=0.50 pips
2026-05-05 19:58:56 INFO mt5_bot - Signal=NONE reason=no_closed_bar_crossover price=None trend=None rsi=35.0 atr_pips=862.5 adx=28.7
2026-05-05 19:58:56 INFO mt5_bot - Execution status=skipped reason=no_closed_bar_crossover
2026-05-05 19:59:11 INFO mt5_bot - Balance=102029.96 Equity=102029.96 Spread=0.50 pips
2026-05-05 19:59:11 INFO mt5_bot - Signal=NONE reason=no_closed_bar_crossover price=None trend=None rsi=35.0 atr_pips=862.5 adx=28.7
2026-05-05 19:59:11 INFO mt5_bot - Execution status=skipped reason=no_closed_bar_crossover
2026-05-05 19:59:26 INFO mt5_bot - Balance=102029.96 Equity=102029.96 Spread=0.50 pips
2026-05-05 19:59:26 INFO mt5_bot - Signal=NONE reason=no_closed_bar_crossover price=None trend=None rsi=35.0 atr_pips=862.5 adx=28.7
2026-05-05 19:59:26 INFO mt5_bot - Execution status=skipped reason=no_closed_bar_crossover
2026-05-05 19:59:41 INFO mt5_bot - Balance=102029.96 Equity=102029.96 Spread=0.50 pips
2026-05-05 19:59:41 INFO mt5_bot - Signal=NONE reason=no_closed_bar_crossover price=None trend=None rsi=35.0 atr_pips=862.5 adx=28.7
2026-05-05 19:59:41 INFO mt5_bot - Execution status=skipped reason=no_closed_bar_crossover
2026-05-05 19:59:56 INFO mt5_bot - Balance=102029.96 Equity=102029.96 Spread=0.50 pips
2026-05-05 19:59:56 INFO mt5_bot - Signal=NONE reason=no_closed_bar_crossover price=None trend=None rsi=35.0 atr_pips=862.5 adx=28.7
2026-05-05 19:59:56 INFO mt5_bot - Execution status=skipped reason=no_closed_bar_crossover
2026-05-05 20:00:11 INFO mt5_bot - Balance=102029.96 Equity=102029.96 Spread=0.50 pips
2026-05-05 20:00:12 INFO mt5_bot.news_filter - news_filter: loaded 115 events from ForexFactory/cache
2026-05-05 20:00:12 INFO mt5_bot - Signal=NONE reason=no_closed_bar_crossover price=None trend=None rsi=35.8 atr_pips=838.7 adx=30.3
2026-05-05 20:00:12 INFO mt5_bot - ADX boost: adx=30.3 \u2192 risk_pct=1.50%
2026-05-05 20:00:12 INFO mt5_bot - Execution status=skipped reason=no_closed_bar_crossover
2026-05-05 20:00:27 INFO mt5_bot - Balance=102029.96 Equity=102029.96 Spread=0.50 pips
2026-05-05 20:00:27 INFO mt5_bot - Signal=NONE reason=no_closed_bar_crossover price=None trend=None rsi=35.8 atr_pips=838.7 adx=30.3
2026-05-05 20:00:27 INFO mt5_bot - ADX boost: adx=30.3 \u2192 risk_pct=1.50%
2026-05-05 20:00:27 INFO mt5_bot - Execution status=skipped reason=no_closed_bar_crossover
2026-05-05 20:00:42 INFO mt5_bot - Balance=102029.96 Equity=102029.96 Spread=0.50 pips
2026-05-05 20:00:42 INFO mt5_bot - Signal=NONE reason=no_closed_bar_crossover price=None trend=None rsi=35.8 atr_pips=838.7 adx=30.3
2026-05-05 20:00:42 INFO mt5_bot - ADX boost: adx=30.3 \u2192 risk_pct=1.50%
2026-05-05 20:00:42 INFO mt5_bot - Execution status=skipped reason=no_closed_bar_crossover
2026-05-05 20:00:57 INFO mt5_bot - Balance=102029.96 Equity=102029.96 Spread=0.50 pips
2026-05-05 20:00:57 INFO mt5_bot - Signal=NONE reason=no_closed_bar_crossover price=None trend=None rsi=35.8 atr_pips=838.7 adx=30.3
2026-05-05 20:00:57 INFO mt5_bot - ADX boost: adx=30.3 \u2192 risk_pct=1.50%
2026-05-05 20:00:57 INFO mt5_bot - Execution status=skipped reason=no_closed_bar_crossover
2026-05-05 20:01:12 INFO mt5_bot - Balance=102029.96 Equity=102029.96 Spread=0.50 pips
2026-05-05 20:01:12 INFO mt5_bot - Signal=NONE reason=no_closed_bar_crossover price=None trend=None rsi=35.8 atr_pips=838.7 adx=30.3
2026-05-05 20:01:12 INFO mt5_bot - ADX boost: adx=30.3 \u2192 risk_pct=1.50%
2026-05-05 20:01:12 INFO mt5_bot - Execution status=skipped reason=no_closed_bar_crossover
2026-05-05 20:01:27 INFO mt5_bot - Balance=102029.96 Equity=102029.96 Spread=0.50 pips
2026-05-05 20:01:27 INFO mt5_bot - Signal=NONE reason=no_closed_bar_crossover price=None trend=None rsi=35.8 atr_pips=838.7 adx=30.3
2026-05-05 20:01:27 INFO mt5_bot - ADX boost: adx=30.3 \u2192 risk_pct=1.50%
2026-05-05 20:01:27 INFO mt5_bot - Execution status=skipped reason=no_closed_bar_crossover
2026-05-05 20:01:42 INFO mt5_bot - Balance=102029.96 Equity=102029.96 Spread=0.50 pips
2026-05-05 20:01:42 INFO mt5_bot - Signal=NONE reason=no_closed_bar_crossover price=None trend=None rsi=35.8 atr_pips=838.7 adx=30.3
2026-05-05 20:01:42 INFO mt5_bot - ADX boost: adx=30.3 \u2192 risk_pct=1.50%
2026-05-05 20:01:42 INFO mt5_bot - Execution status=skipped reason=no_closed_bar_crossover
2026-05-05 20:01:57 INFO mt5_bot - Balance=102029.96 Equity=102029.96 Spread=0.50 pips
2026-05-05 20:01:57 INFO mt5_bot - Signal=NONE reason=no_closed_bar_crossover price=None trend=None rsi=35.8 atr_pips=838.7 adx=30.3
2026-05-05 20:01:57 INFO mt5_bot - ADX boost: adx=30.3 \u2192 risk_pct=1.50%
2026-05-05 20:01:57 INFO mt5_bot - Execution status=skipped reason=no_closed_bar_crossover
2026-05-05 20:02:12 INFO mt5_bot - Balance=102029.96 Equity=102029.96 Spread=0.50 pips
2026-05-05 20:02:12 INFO mt5_bot - Signal=NONE reason=no_closed_bar_crossover price=None trend=None rsi=35.8 atr_pips=838.7 adx=30.3
2026-05-05 20:02:12 INFO mt5_bot - ADX boost: adx=30.3 \u2192 risk_pct=1.50%
2026-05-05 20:02:12 INFO mt5_bot - Execution status=skipped reason=no_closed_bar_crossover
2026-05-05 20:02:27 INFO mt5_bot - Balance=102029.96 Equity=102029.96 Spread=0.50 pips
2026-05-05 20:02:27 INFO mt5_bot - Signal=NONE reason=no_closed_bar_crossover price=None trend=None rsi=35.8 atr_pips=838.7 adx=30.3
2026-05-05 20:02:27 INFO mt5_bot - ADX boost: adx=30.3 \u2192 risk_pct=1.50%
2026-05-05 20:02:27 INFO mt5_bot - Execution status=skipped reason=no_closed_bar_crossover
2026-05-05 20:02:42 INFO mt5_bot - Balance=102029.96 Equity=102029.96 Spread=0.50 pips
2026-05-05 20:02:42 INFO mt5_bot - Signal=NONE reason=no_closed_bar_crossover price=None trend=None rsi=35.8 atr_pips=838.7 adx=30.3
2026-05-05 20:02:42 INFO mt5_bot - ADX boost: adx=30.3 \u2192 risk_pct=1.50%
2026-05-05 20:02:42 INFO mt5_bot - Execution status=skipped reason=no_closed_bar_crossover
2026-05-05 20:02:57 INFO mt5_bot - Balance=102029.96 Equity=102029.96 Spread=0.50 pips
2026-05-05 20:02:57 INFO mt5_bot - Signal=NONE reason=no_closed_bar_crossover price=None trend=None rsi=35.8 atr_pips=838.7 adx=30.3
2026-05-05 20:02:57 INFO mt5_bot - ADX boost: adx=30.3 \u2192 risk_pct=1.50%
2026-05-05 20:02:57 INFO mt5_bot - Execution status=skipped reason=no_closed_bar_crossover
2026-05-05 20:03:12 INFO mt5_bot - Balance=102029.96 Equity=102029.96 Spread=0.50 pips
2026-05-05 20:03:12 INFO mt5_bot - Signal=NONE reason=no_closed_bar_crossover price=None trend=None rsi=35.8 atr_pips=838.7 adx=30.3
2026-05-05 20:03:12 INFO mt5_bot - ADX boost: adx=30.3 \u2192 risk_pct=1.50%
2026-05-05 20:03:12 INFO mt5_bot - Execution status=skipped reason=no_closed_bar_crossover
2026-05-05 20:03:27 INFO mt5_bot - Balance=102029.96 Equity=102029.96 Spread=0.50 pips
2026-05-05 20:03:27 INFO mt5_bot - Signal=NONE reason=no_closed_bar_crossover price=None trend=None rsi=35.8 atr_pips=838.7 adx=30.3
2026-05-05 20:03:27 INFO mt5_bot - ADX boost: adx=30.3 \u2192 risk_pct=1.50%
2026-05-05 20:03:27 INFO mt5_bot - Execution status=skipped reason=no_closed_bar_crossover
2026-05-05 20:03:42 INFO mt5_bot - Balance=102029.96 Equity=102029.96 Spread=0.50 pips
2026-05-05 20:03:42 INFO mt5_bot - Signal=NONE reason=no_closed_bar_crossover price=None trend=None rsi=35.8 atr_pips=838.7 adx=30.3
2026-05-05 20:03:42 INFO mt5_bot - ADX boost: adx=30.3 \u2192 risk_pct=1.50%
2026-05-05 20:03:42 INFO mt5_bot - Execution status=skipped reason=no_closed_bar_crossover
2026-05-05 20:03:57 INFO mt5_bot - Balance=102029.96 Equity=102029.96 Spread=0.50 pips
2026-05-05 20:03:57 INFO mt5_bot - Signal=NONE reason=no_closed_bar_crossover price=None trend=None rsi=35.8 atr_pips=838.7 adx=30.3
2026-05-05 20:03:57 INFO mt5_bot - ADX boost: adx=30.3 \u2192 risk_pct=1.50%
2026-05-05 20:03:57 INFO mt5_bot - Execution status=skipped reason=no_closed_bar_crossover
2026-05-05 20:04:12 INFO mt5_bot - Balance=102029.96 Equity=102029.96 Spread=0.50 pips
2026-05-05 20:04:12 INFO mt5_bot - Signal=NONE reason=no_closed_bar_crossover price=None trend=None rsi=35.8 atr_pips=838.7 adx=30.3
2026-05-05 20:04:12 INFO mt5_bot - ADX boost: adx=30.3 \u2192 risk_pct=1.50%
2026-05-05 20:04:12 INFO mt5_bot - Execution status=skipped reason=no_closed_bar_crossover
2026-05-05 20:04:27 INFO mt5_bot - Balance=102029.96 Equity=102029.96 Spread=0.50 pips
2026-05-05 20:04:27 INFO mt5_bot - Signal=NONE reason=no_closed_bar_crossover price=None trend=None rsi=35.8 atr_pips=838.7 adx=30.3
2026-05-05 20:04:27 INFO mt5_bot - ADX boost: adx=30.3 \u2192 risk_pct=1.50%
2026-05-05 20:04:27 INFO mt5_bot - Execution status=skipped reason=no_closed_bar_crossover
2026-05-05 20:04:42 INFO mt5_bot - Balance=102029.96 Equity=102029.96 Spread=0.50 pips
2026-05-05 20:04:42 INFO mt5_bot - Signal=NONE reason=no_closed_bar_crossover price=None trend=None rsi=35.8 atr_pips=838.7 adx=30.3
2026-05-05 20:04:42 INFO mt5_bot - ADX boost: adx=30.3 \u2192 risk_pct=1.50%
2026-05-05 20:04:42 INFO mt5_bot - Execution status=skipped reason=no_closed_bar_crossover
2026-05-05 20:04:57 INFO mt5_bot - Balance=102029.96 Equity=102029.96 Spread=0.50 pips
2026-05-05 20:04:57 INFO mt5_bot - Signal=NONE reason=no_closed_bar_crossover price=None trend=None rsi=35.8 atr_pips=838.7 adx=30.3
2026-05-05 20:04:57 INFO mt5_bot - ADX boost: adx=30.3 \u2192 risk_pct=1.50%
2026-05-05 20:04:57 INFO mt5_bot - Execution status=skipped reason=no_closed_bar_crossover
2026-05-05 20:05:12 INFO mt5_bot - Balance=102029.96 Equity=102029.96 Spread=0.50 pips
2026-05-05 20:05:12 INFO mt5_bot - Signal=NONE reason=no_closed_bar_crossover price=None trend=None rsi=35.8 atr_pips=838.7 adx=30.3
2026-05-05 20:05:12 INFO mt5_bot - ADX boost: adx=30.3 \u2192 risk_pct=1.50%
2026-05-05 20:05:12 INFO mt5_bot - Execution status=skipped reason=no_closed_bar_crossover
2026-05-05 20:05:27 INFO mt5_bot - Balance=102029.96 Equity=102029.96 Spread=0.50 pips
2026-05-05 20:05:27 INFO mt5_bot - Signal=NONE reason=no_closed_bar_crossover price=None trend=None rsi=35.8 atr_pips=838.7 adx=30.3
2026-05-05 20:05:27 INFO mt5_bot - ADX boost: adx=30.3 \u2192 risk_pct=1.50%
2026-05-05 20:05:27 INFO mt5_bot - Execution status=skipped reason=no_closed_bar_crossover
2026-05-05 20:05:42 INFO mt5_bot - Balance=102029.96 Equity=102029.96 Spread=0.50 pips
2026-05-05 20:05:42 INFO mt5_bot - Signal=NONE reason=no_closed_bar_crossover price=None trend=None rsi=35.8 atr_pips=838.7 adx=30.3
2026-05-05 20:05:42 INFO mt5_bot - ADX boost: adx=30.3 \u2192 risk_pct=1.50%
2026-05-05 20:05:42 INFO mt5_bot - Execution status=skipped reason=no_closed_bar_crossover
2026-05-05 20:05:57 INFO mt5_bot - Balance=102029.96 Equity=102029.96 Spread=0.50 pips
2026-05-05 20:05:57 INFO mt5_bot - Signal=NONE reason=no_closed_bar_crossover price=None trend=None rsi=35.8 atr_pips=838.7 adx=30.3
2026-05-05 20:05:57 INFO mt5_bot - ADX boost: adx=30.3 \u2192 risk_pct=1.50%
2026-05-05 20:05:57 INFO mt5_bot - Execution status=skipped reason=no_closed_bar_crossover
2026-05-05 20:06:12 INFO mt5_bot - Balance=102029.96 Equity=102029.96 Spread=0.50 pips
2026-05-05 20:06:12 INFO mt5_bot - Signal=NONE reason=no_closed_bar_crossover price=None trend=None rsi=35.8 atr_pips=838.7 adx=30.3
2026-05-05 20:06:12 INFO mt5_bot - ADX boost: adx=30.3 \u2192 risk_pct=1.50%
2026-05-05 20:06:12 INFO mt5_bot - Execution status=skipped reason=no_closed_bar_crossover
2026-05-05 20:06:27 INFO mt5_bot - Balance=102029.96 Equity=102029.96 Spread=0.50 pips
2026-05-05 20:06:27 INFO mt5_bot - Signal=NONE reason=no_closed_bar_crossover price=None trend=None rsi=35.8 atr_pips=838.7 adx=30.3
2026-05-05 20:06:27 INFO mt5_bot - ADX boost: adx=30.3 \u2192 risk_pct=1.50%
2026-05-05 20:06:27 INFO mt5_bot - Execution status=skipped reason=no_closed_bar_crossover
2026-05-05 20:06:42 INFO mt5_bot - Balance=102029.96 Equity=102029.96 Spread=0.50 pips
2026-05-05 20:06:42 INFO mt5_bot - Signal=NONE reason=no_closed_bar_crossover price=None trend=None rsi=35.8 atr_pips=838.7 adx=30.3
2026-05-05 20:06:42 INFO mt5_bot - ADX boost: adx=30.3 \u2192 risk_pct=1.50%
2026-05-05 20:06:42 INFO mt5_bot - Execution status=skipped reason=no_closed_bar_crossover
2026-05-05 20:06:57 INFO mt5_bot - Balance=102029.96 Equity=102029.96 Spread=0.50 pips
2026-05-05 20:06:57 INFO mt5_bot - Signal=NONE reason=no_closed_bar_crossover price=None trend=None rsi=35.8 atr_pips=838.7 adx=30.3
2026-05-05 20:06:57 INFO mt5_bot - ADX boost: adx=30.3 \u2192 risk_pct=1.50%
2026-05-05 20:06:57 INFO mt5_bot - Execution status=skipped reason=no_closed_bar_crossover
2026-05-05 20:07:12 INFO mt5_bot - Balance=102029.96 Equity=102029.96 Spread=0.50 pips
2026-05-05 20:07:12 INFO mt5_bot - Signal=NONE reason=no_closed_bar_crossover price=None trend=None rsi=35.8 atr_pips=838.7 adx=30.3
2026-05-05 20:07:12 INFO mt5_bot - ADX boost: adx=30.3 \u2192 risk_pct=1.50%
2026-05-05 20:07:12 INFO mt5_bot - Execution status=skipped reason=no_closed_bar_crossover
2026-05-05 20:07:27 INFO mt5_bot - Balance=102029.96 Equity=102029.96 Spread=0.50 pips
2026-05-05 20:07:27 INFO mt5_bot - Signal=NONE reason=no_closed_bar_crossover price=None trend=None rsi=35.8 atr_pips=838.7 adx=30.3
2026-05-05 20:07:27 INFO mt5_bot - ADX boost: adx=30.3 \u2192 risk_pct=1.50%
2026-05-05 20:07:27 INFO mt5_bot - Execution status=skipped reason=no_closed_bar_crossover
2026-05-05 20:07:42 INFO mt5_bot - Balance=102029.96 Equity=102029.96 Spread=0.50 pips
2026-05-05 20:07:42 INFO mt5_bot - Signal=NONE reason=no_closed_bar_crossover price=None trend=None rsi=35.8 atr_pips=838.7 adx=30.3
2026-05-05 20:07:42 INFO mt5_bot - ADX boost: adx=30.3 \u2192 risk_pct=1.50%
2026-05-05 20:07:42 INFO mt5_bot - Execution status=skipped reason=no_closed_bar_crossover
2026-05-05 20:07:57 INFO mt5_bot - Balance=102029.96 Equity=102029.96 Spread=0.50 pips
2026-05-05 20:07:57 INFO mt5_bot - Signal=NONE reason=no_closed_bar_crossover price=None trend=None rsi=35.8 atr_pips=838.7 adx=30.3
2026-05-05 20:07:57 INFO mt5_bot - ADX boost: adx=30.3 \u2192 risk_pct=1.50%
2026-05-05 20:07:57 INFO mt5_bot - Execution status=skipped reason=no_closed_bar_crossover
2026-05-05 20:08:12 INFO mt5_bot - Balance=102029.96 Equity=102029.96 Spread=0.50 pips
2026-05-05 20:08:12 INFO mt5_bot - Signal=NONE reason=no_closed_bar_crossover price=None trend=None rsi=35.8 atr_pips=838.7 adx=30.3
2026-05-05 20:08:12 INFO mt5_bot - ADX boost: adx=30.3 \u2192 risk_pct=1.50%
2026-05-05 20:08:12 INFO mt5_bot - Execution status=skipped reason=no_closed_bar_crossover
2026-05-05 20:08:27 INFO mt5_bot - Balance=102029.96 Equity=102029.96 Spread=0.50 pips
2026-05-05 20:08:27 INFO mt5_bot - Signal=NONE reason=no_closed_bar_crossover price=None trend=None rsi=35.8 atr_pips=838.7 adx=30.3
2026-05-05 20:08:27 INFO mt5_bot - ADX boost: adx=30.3 \u2192 risk_pct=1.50%
2026-05-05 20:08:27 INFO mt5_bot - Execution status=skipped reason=no_closed_bar_crossover
2026-05-05 20:08:42 INFO mt5_bot - Balance=102029.96 Equity=102029.96 Spread=0.50 pips
2026-05-05 20:08:42 INFO mt5_bot - Signal=NONE reason=no_closed_bar_crossover price=None trend=None rsi=35.8 atr_pips=838.7 adx=30.3
2026-05-05 20:08:42 INFO mt5_bot - ADX boost: adx=30.3 \u2192 risk_pct=1.50%
2026-05-05 20:08:42 INFO mt5_bot - Execution status=skipped reason=no_closed_bar_crossover
2026-05-05 20:08:57 INFO mt5_bot - Balance=102029.96 Equity=102029.96 Spread=0.50 pips
2026-05-05 20:08:57 INFO mt5_bot - Signal=NONE reason=no_closed_bar_crossover price=None trend=None rsi=35.8 atr_pips=838.7 adx=30.3
2026-05-05 20:08:57 INFO mt5_bot - ADX boost: adx=30.3 \u2192 risk_pct=1.50%
2026-05-05 20:08:57 INFO mt5_bot - Execution status=skipped reason=no_closed_bar_crossover
2026-05-05 20:09:12 INFO mt5_bot - Balance=102029.96 Equity=102029.96 Spread=0.50 pips
2026-05-05 20:09:12 INFO mt5_bot - Signal=NONE reason=no_closed_bar_crossover price=None trend=None rsi=35.8 atr_pips=838.7 adx=30.3
2026-05-05 20:09:12 INFO mt5_bot - ADX boost: adx=30.3 \u2192 risk_pct=1.50%
2026-05-05 20:09:12 INFO mt5_bot - Execution status=skipped reason=no_closed_bar_crossover
2026-05-05 20:09:27 INFO mt5_bot - Balance=102029.96 Equity=102029.96 Spread=0.50 pips
2026-05-05 20:09:27 INFO mt5_bot - Signal=NONE reason=no_closed_bar_crossover price=None trend=None rsi=35.8 atr_pips=838.7 adx=30.3
2026-05-05 20:09:27 INFO mt5_bot - ADX boost: adx=30.3 \u2192 risk_pct=1.50%
2026-05-05 20:09:27 INFO mt5_bot - Execution status=skipped reason=no_closed_bar_crossover
2026-05-05 20:09:42 INFO mt5_bot - Balance=102029.96 Equity=102029.96 Spread=0.50 pips
2026-05-05 20:09:42 INFO mt5_bot - Signal=NONE reason=no_closed_bar_crossover price=None trend=None rsi=35.8 atr_pips=838.7 adx=30.3
2026-05-05 20:09:42 INFO mt5_bot - ADX boost: adx=30.3 \u2192 risk_pct=1.50%
2026-05-05 20:09:42 INFO mt5_bot - Execution status=skipped reason=no_closed_bar_crossover
2026-05-05 20:09:57 INFO mt5_bot - Balance=102029.96 Equity=102029.96 Spread=0.50 pips
2026-05-05 20:09:57 INFO mt5_bot - Signal=NONE reason=no_closed_bar_crossover price=None trend=None rsi=35.8 atr_pips=838.7 adx=30.3
2026-05-05 20:09:57 INFO mt5_bot - ADX boost: adx=30.3 \u2192 risk_pct=1.50%
2026-05-05 20:09:57 INFO mt5_bot - Execution status=skipped reason=no_closed_bar_crossover
2026-05-05 20:10:12 INFO mt5_bot - Balance=102029.96 Equity=102029.96 Spread=0.50 pips
2026-05-05 20:10:12 INFO mt5_bot - Signal=NONE reason=no_closed_bar_crossover price=None trend=None rsi=35.8 atr_pips=838.7 adx=30.3
2026-05-05 20:10:12 INFO mt5_bot - ADX boost: adx=30.3 \u2192 risk_pct=1.50%
2026-05-05 20:10:12 INFO mt5_bot - Execution status=skipped reason=no_closed_bar_crossover
2026-05-05 20:10:27 INFO mt5_bot - Balance=102029.96 Equity=102029.96 Spread=0.50 pips
2026-05-05 20:10:27 INFO mt5_bot - Signal=NONE reason=no_closed_bar_crossover price=None trend=None rsi=35.8 atr_pips=838.7 adx=30.3
2026-05-05 20:10:27 INFO mt5_bot - ADX boost: adx=30.3 \u2192 risk_pct=1.50%
2026-05-05 20:10:27 INFO mt5_bot - Execution status=skipped reason=no_closed_bar_crossover
2026-05-05 20:10:42 INFO mt5_bot - Balance=102029.96 Equity=102029.96 Spread=0.50 pips
2026-05-05 20:10:42 INFO mt5_bot - Signal=NONE reason=no_closed_bar_crossover price=None trend=None rsi=35.8 atr_pips=838.7 adx=30.3
2026-05-05 20:10:42 INFO mt5_bot - ADX boost: adx=30.3 \u2192 risk_pct=1.50%
2026-05-05 20:10:42 INFO mt5_bot - Execution status=skipped reason=no_closed_bar_crossover
2026-05-05 20:10:57 INFO mt5_bot - Balance=102029.96 Equity=102029.96 Spread=0.50 pips
2026-05-05 20:10:57 INFO mt5_bot - Signal=NONE reason=no_closed_bar_crossover price=None trend=None rsi=35.8 atr_pips=838.7 adx=30.3
2026-05-05 20:10:57 INFO mt5_bot - ADX boost: adx=30.3 \u2192 risk_pct=1.50%
2026-05-05 20:10:57 INFO mt5_bot - Execution status=skipped reason=no_closed_bar_crossover
2026-05-05 20:11:12 INFO mt5_bot - Balance=102029.96 Equity=102029.96 Spread=0.50 pips
2026-05-05 20:11:12 INFO mt5_bot - Signal=NONE reason=no_closed_bar_crossover price=None trend=None rsi=35.8 atr_pips=838.7 adx=30.3
2026-05-05 20:11:12 INFO mt5_bot - ADX boost: adx=30.3 \u2192 risk_pct=1.50%
2026-05-05 20:11:12 INFO mt5_bot - Execution status=skipped reason=no_closed_bar_crossover
2026-05-05 20:11:27 INFO mt5_bot - Balance=102029.96 Equity=102029.96 Spread=0.50 pips
2026-05-05 20:11:27 INFO mt5_bot - Signal=NONE reason=no_closed_bar_crossover price=None trend=None rsi=35.8 atr_pips=838.7 adx=30.3
2026-05-05 20:11:27 INFO mt5_bot - ADX boost: adx=30.3 \u2192 risk_pct=1.50%
2026-05-05 20:11:27 INFO mt5_bot - Execution status=skipped reason=no_closed_bar_crossover
2026-05-05 20:11:42 INFO mt5_bot - Balance=102029.96 Equity=102029.96 Spread=0.50 pips
2026-05-05 20:11:42 INFO mt5_bot - Signal=NONE reason=no_closed_bar_crossover price=None trend=None rsi=35.8 atr_pips=838.7 adx=30.3
2026-05-05 20:11:42 INFO mt5_bot - ADX boost: adx=30.3 \u2192 risk_pct=1.50%
2026-05-05 20:11:42 INFO mt5_bot - Execution status=skipped reason=no_closed_bar_crossover
2026-05-05 20:11:57 INFO mt5_bot - Balance=102029.96 Equity=102029.96 Spread=0.50 pips
2026-05-05 20:11:57 INFO mt5_bot - Signal=NONE reason=no_closed_bar_crossover price=None trend=None rsi=35.8 atr_pips=838.7 adx=30.3
2026-05-05 20:11:57 INFO mt5_bot - ADX boost: adx=30.3 \u2192 risk_pct=1.50%
2026-05-05 20:11:57 INFO mt5_bot - Execution status=skipped reason=no_closed_bar_crossover
2026-05-05 20:12:12 INFO mt5_bot - Balance=102029.96 Equity=102029.96 Spread=0.50 pips
2026-05-05 20:12:12 INFO mt5_bot - Signal=NONE reason=no_closed_bar_crossover price=None trend=None rsi=35.8 atr_pips=838.7 adx=30.3
2026-05-05 20:12:12 INFO mt5_bot - ADX boost: adx=30.3 \u2192 risk_pct=1.50%
2026-05-05 20:12:12 INFO mt5_bot - Execution status=skipped reason=no_closed_bar_crossover
2026-05-05 20:12:27 INFO mt5_bot - Balance=102029.96 Equity=102029.96 Spread=0.50 pips
2026-05-05 20:12:27 INFO mt5_bot - Signal=NONE reason=no_closed_bar_crossover price=None trend=None rsi=35.8 atr_pips=838.7 adx=30.3
2026-05-05 20:12:27 INFO mt5_bot - ADX boost: adx=30.3 \u2192 risk_pct=1.50%
2026-05-05 20:12:27 INFO mt5_bot - Execution status=skipped reason=no_closed_bar_crossover
2026-05-05 20:12:42 INFO mt5_bot - Balance=102029.96 Equity=102029.96 Spread=0.50 pips
2026-05-05 20:12:42 INFO mt5_bot - Signal=NONE reason=no_closed_bar_crossover price=None trend=None rsi=35.8 atr_pips=838.7 adx=30.3
2026-05-05 20:12:42 INFO mt5_bot - ADX boost: adx=30.3 \u2192 risk_pct=1.50%
2026-05-05 20:12:42 INFO mt5_bot - Execution status=skipped reason=no_closed_bar_crossover
2026-05-05 20:12:57 INFO mt5_bot - Balance=102029.96 Equity=102029.96 Spread=0.50 pips
2026-05-05 20:12:57 INFO mt5_bot - Signal=NONE reason=no_closed_bar_crossover price=None trend=None rsi=35.8 atr_pips=838.7 adx=30.3
2026-05-05 20:12:57 INFO mt5_bot - ADX boost: adx=30.3 \u2192 risk_pct=1.50%
2026-05-05 20:12:57 INFO mt5_bot - Execution status=skipped reason=no_closed_bar_crossover
2026-05-05 20:13:12 INFO mt5_bot - Balance=102029.96 Equity=102029.96 Spread=0.50 pips
2026-05-05 20:13:12 INFO mt5_bot - Signal=NONE reason=no_closed_bar_crossover price=None trend=None rsi=35.8 atr_pips=838.7 adx=30.3
2026-05-05 20:13:12 INFO mt5_bot - ADX boost: adx=30.3 \u2192 risk_pct=1.50%
2026-05-05 20:13:12 INFO mt5_bot - Execution status=skipped reason=no_closed_bar_crossover
2026-05-05 20:13:27 INFO mt5_bot - Balance=102029.96 Equity=102029.96 Spread=0.50 pips
2026-05-05 20:13:27 INFO mt5_bot - Signal=NONE reason=no_closed_bar_crossover price=None trend=None rsi=35.8 atr_pips=838.7 adx=30.3
2026-05-05 20:13:27 INFO mt5_bot - ADX boost: adx=30.3 \u2192 risk_pct=1.50%
2026-05-05 20:13:27 INFO mt5_bot - Execution status=skipped reason=no_closed_bar_crossover
2026-05-05 20:13:42 INFO mt5_bot - Balance=102029.96 Equity=102029.96 Spread=0.50 pips
2026-05-05 20:13:42 INFO mt5_bot - Signal=NONE reason=no_closed_bar_crossover price=None trend=None rsi=35.8 atr_pips=838.7 adx=30.3
2026-05-05 20:13:42 INFO mt5_bot - ADX boost: adx=30.3 \u2192 risk_pct=1.50%
2026-05-05 20:13:42 INFO mt5_bot - Execution status=skipped reason=no_closed_bar_crossover
2026-05-05 20:13:57 INFO mt5_bot - Balance=102029.96 Equity=102029.96 Spread=0.50 pips
2026-05-05 20:13:57 INFO mt5_bot - Signal=NONE reason=no_closed_bar_crossover price=None trend=None rsi=35.8 atr_pips=838.7 adx=30.3
2026-05-05 20:13:57 INFO mt5_bot - ADX boost: adx=30.3 \u2192 risk_pct=1.50%
2026-05-05 20:13:57 INFO mt5_bot - Execution status=skipped reason=no_closed_bar_crossover
2026-05-05 20:14:12 INFO mt5_bot - Balance=102029.96 Equity=102029.96 Spread=0.50 pips
2026-05-05 20:14:12 INFO mt5_bot - Signal=NONE reason=no_closed_bar_crossover price=None trend=None rsi=35.8 atr_pips=838.7 adx=30.3
2026-05-05 20:14:12 INFO mt5_bot - ADX boost: adx=30.3 \u2192 risk_pct=1.50%
2026-05-05 20:14:12 INFO mt5_bot - Execution status=skipped reason=no_closed_bar_crossover
2026-05-05 20:14:27 INFO mt5_bot - Balance=102029.96 Equity=102029.96 Spread=0.50 pips
2026-05-05 20:14:28 INFO mt5_bot - Signal=NONE reason=no_closed_bar_crossover price=None trend=None rsi=35.8 atr_pips=838.7 adx=30.3
2026-05-05 20:14:28 INFO mt5_bot - ADX boost: adx=30.3 \u2192 risk_pct=1.50%
2026-05-05 20:14:28 INFO mt5_bot - Execution status=skipped reason=no_closed_bar_crossover
2026-05-05 20:14:43 INFO mt5_bot - Balance=102029.96 Equity=102029.96 Spread=0.50 pips
2026-05-05 20:14:43 INFO mt5_bot - Signal=NONE reason=no_closed_bar_crossover price=None trend=None rsi=35.8 atr_pips=838.7 adx=30.3
2026-05-05 20:14:43 INFO mt5_bot - ADX boost: adx=30.3 \u2192 risk_pct=1.50%
2026-05-05 20:14:43 INFO mt5_bot - Execution status=skipped reason=no_closed_bar_crossover
2026-05-05 20:14:58 INFO mt5_bot - Balance=102029.96 Equity=102029.96 Spread=0.50 pips
2026-05-05 20:14:58 INFO mt5_bot - Signal=NONE reason=no_closed_bar_crossover price=None trend=None rsi=35.8 atr_pips=838.7 adx=30.3
2026-05-05 20:14:58 INFO mt5_bot - ADX boost: adx=30.3 \u2192 risk_pct=1.50%
2026-05-05 20:14:58 INFO mt5_bot - Execution status=skipped reason=no_closed_bar_crossover
2026-05-05 20:15:13 INFO mt5_bot - Balance=102029.96 Equity=102029.96 Spread=0.50 pips
2026-05-05 20:15:13 INFO mt5_bot - Signal=NONE reason=no_closed_bar_crossover price=None trend=None rsi=42.4 atr_pips=841.7 adx=30.5
2026-05-05 20:15:13 INFO mt5_bot - ADX boost: adx=30.5 \u2192 risk_pct=1.50%
2026-05-05 20:15:13 INFO mt5_bot - Execution status=skipped reason=no_closed_bar_crossover
2026-05-05 20:15:28 INFO mt5_bot - Balance=102029.96 Equity=102029.96 Spread=0.50 pips
2026-05-05 20:15:28 INFO mt5_bot - Signal=NONE reason=no_closed_bar_crossover price=None trend=None rsi=42.4 atr_pips=841.7 adx=30.5
2026-05-05 20:15:28 INFO mt5_bot - ADX boost: adx=30.5 \u2192 risk_pct=1.50%
2026-05-05 20:15:28 INFO mt5_bot - Execution status=skipped reason=no_closed_bar_crossover
2026-05-05 20:15:43 INFO mt5_bot - Balance=102029.96 Equity=102029.96 Spread=0.50 pips
2026-05-05 20:15:43 INFO mt5_bot - Signal=NONE reason=no_closed_bar_crossover price=None trend=None rsi=42.4 atr_pips=841.7 adx=30.5
2026-05-05 20:15:43 INFO mt5_bot - ADX boost: adx=30.5 \u2192 risk_pct=1.50%
2026-05-05 20:15:43 INFO mt5_bot - Execution status=skipped reason=no_closed_bar_crossover
2026-05-05 20:15:58 INFO mt5_bot - Balance=102029.96 Equity=102029.96 Spread=0.50 pips
2026-05-05 20:15:58 INFO mt5_bot - Signal=NONE reason=no_closed_bar_crossover price=None trend=None rsi=42.4 atr_pips=841.7 adx=30.5
2026-05-05 20:15:58 INFO mt5_bot - ADX boost: adx=30.5 \u2192 risk_pct=1.50%
2026-05-05 20:15:58 INFO mt5_bot - Execution status=skipped reason=no_closed_bar_crossover
2026-05-05 20:16:13 INFO mt5_bot - Balance=102029.96 Equity=102029.96 Spread=0.50 pips
2026-05-05 20:16:13 INFO mt5_bot - Signal=NONE reason=no_closed_bar_crossover price=None trend=None rsi=42.4 atr_pips=841.7 adx=30.5
2026-05-05 20:16:13 INFO mt5_bot - ADX boost: adx=30.5 \u2192 risk_pct=1.50%
2026-05-05 20:16:13 INFO mt5_bot - Execution status=skipped reason=no_closed_bar_crossover
2026-05-05 20:16:28 INFO mt5_bot - Balance=102029.96 Equity=102029.96 Spread=0.50 pips
2026-05-05 20:16:28 INFO mt5_bot - Signal=NONE reason=no_closed_bar_crossover price=None trend=None rsi=42.4 atr_pips=841.7 adx=30.5
2026-05-05 20:16:28 INFO mt5_bot - ADX boost: adx=30.5 \u2192 risk_pct=1.50%
2026-05-05 20:16:28 INFO mt5_bot - Execution status=skipped reason=no_closed_bar_crossover
2026-05-05 20:16:43 INFO mt5_bot - Balance=102029.96 Equity=102029.96 Spread=0.50 pips
2026-05-05 20:16:43 INFO mt5_bot - Signal=NONE reason=no_closed_bar_crossover price=None trend=None rsi=42.4 atr_pips=841.7 adx=30.5
2026-05-05 20:16:43 INFO mt5_bot - ADX boost: adx=30.5 \u2192 risk_pct=1.50%
2026-05-05 20:16:43 INFO mt5_bot - Execution status=skipped reason=no_closed_bar_crossover
2026-05-05 20:16:58 INFO mt5_bot - Balance=102029.96 Equity=102029.96 Spread=0.50 pips
2026-05-05 20:16:58 INFO mt5_bot - Signal=NONE reason=no_closed_bar_crossover price=None trend=None rsi=42.4 atr_pips=841.7 adx=30.5
2026-05-05 20:16:58 INFO mt5_bot - ADX boost: adx=30.5 \u2192 risk_pct=1.50%
2026-05-05 20:16:58 INFO mt5_bot - Execution status=skipped reason=no_closed_bar_crossover
2026-05-05 20:17:13 INFO mt5_bot - Balance=102029.96 Equity=102029.96 Spread=0.50 pips
2026-05-05 20:17:13 INFO mt5_bot - Signal=NONE reason=no_closed_bar_crossover price=None trend=None rsi=42.4 atr_pips=841.7 adx=30.5
2026-05-05 20:17:13 INFO mt5_bot - ADX boost: adx=30.5 \u2192 risk_pct=1.50%
2026-05-05 20:17:13 INFO mt5_bot - Execution status=skipped reason=no_closed_bar_crossover
2026-05-05 20:17:28 INFO mt5_bot - Balance=102029.96 Equity=102029.96 Spread=0.50 pips
2026-05-05 20:17:28 INFO mt5_bot - Signal=NONE reason=no_closed_bar_crossover price=None trend=None rsi=42.4 atr_pips=841.7 adx=30.5
2026-05-05 20:17:28 INFO mt5_bot - ADX boost: adx=30.5 \u2192 risk_pct=1.50%
2026-05-05 20:17:28 INFO mt5_bot - Execution status=skipped reason=no_closed_bar_crossover
2026-05-05 20:17:43 INFO mt5_bot - Balance=102029.96 Equity=102029.96 Spread=0.50 pips
2026-05-05 20:17:43 INFO mt5_bot - Signal=NONE reason=no_closed_bar_crossover price=None trend=None rsi=42.4 atr_pips=841.7 adx=30.5
2026-05-05 20:17:43 INFO mt5_bot - ADX boost: adx=30.5 \u2192 risk_pct=1.50%
2026-05-05 20:17:43 INFO mt5_bot - Execution status=skipped reason=no_closed_bar_crossover
2026-05-05 20:17:58 INFO mt5_bot - Balance=102029.96 Equity=102029.96 Spread=0.50 pips
2026-05-05 20:17:58 INFO mt5_bot - Signal=NONE reason=no_closed_bar_crossover price=None trend=None rsi=42.4 atr_pips=841.7 adx=30.5
2026-05-05 20:17:58 INFO mt5_bot - ADX boost: adx=30.5 \u2192 risk_pct=1.50%
2026-05-05 20:17:58 INFO mt5_bot - Execution status=skipped reason=no_closed_bar_crossover
2026-05-05 20:18:13 INFO mt5_bot - Balance=102029.96 Equity=102029.96 Spread=0.50 pips
2026-05-05 20:18:13 INFO mt5_bot - Signal=NONE reason=no_closed_bar_crossover price=None trend=None rsi=42.4 atr_pips=841.7 adx=30.5
2026-05-05 20:18:13 INFO mt5_bot - ADX boost: adx=30.5 \u2192 risk_pct=1.50%
2026-05-05 20:18:13 INFO mt5_bot - Execution status=skipped reason=no_closed_bar_crossover
2026-05-05 20:18:28 INFO mt5_bot - Balance=102029.96 Equity=102029.96 Spread=0.50 pips
2026-05-05 20:18:28 INFO mt5_bot - Signal=NONE reason=no_closed_bar_crossover price=None trend=None rsi=42.4 atr_pips=841.7 adx=30.5
2026-05-05 20:18:28 INFO mt5_bot - ADX boost: adx=30.5 \u2192 risk_pct=1.50%
2026-05-05 20:18:28 INFO mt5_bot - Execution status=skipped reason=no_closed_bar_crossover
2026-05-05 20:18:43 INFO mt5_bot - Balance=102029.96 Equity=102029.96 Spread=0.50 pips
2026-05-05 20:18:43 INFO mt5_bot - Signal=NONE reason=no_closed_bar_crossover price=None trend=None rsi=42.4 atr_pips=841.7 adx=30.5
2026-05-05 20:18:43 INFO mt5_bot - ADX boost: adx=30.5 \u2192 risk_pct=1.50%
2026-05-05 20:18:43 INFO mt5_bot - Execution status=skipped reason=no_closed_bar_crossover
2026-05-05 20:18:58 INFO mt5_bot - Balance=102029.96 Equity=102029.96 Spread=0.50 pips
2026-05-05 20:18:58 INFO mt5_bot - Signal=NONE reason=no_closed_bar_crossover price=None trend=None rsi=42.4 atr_pips=841.7 adx=30.5
2026-05-05 20:18:58 INFO mt5_bot - ADX boost: adx=30.5 \u2192 risk_pct=1.50%
2026-05-05 20:18:58 INFO mt5_bot - Execution status=skipped reason=no_closed_bar_crossover
2026-05-05 20:19:13 INFO mt5_bot - Balance=102029.96 Equity=102029.96 Spread=0.50 pips
2026-05-05 20:19:13 INFO mt5_bot - Signal=NONE reason=no_closed_bar_crossover price=None trend=None rsi=42.4 atr_pips=841.7 adx=30.5
2026-05-05 20:19:13 INFO mt5_bot - ADX boost: adx=30.5 \u2192 risk_pct=1.50%
2026-05-05 20:19:13 INFO mt5_bot - Execution status=skipped reason=no_closed_bar_crossover
2026-05-05 20:19:28 INFO mt5_bot - Balance=102029.96 Equity=102029.96 Spread=0.50 pips
2026-05-05 20:19:28 INFO mt5_bot - Signal=NONE reason=no_closed_bar_crossover price=None trend=None rsi=42.4 atr_pips=841.7 adx=30.5
2026-05-05 20:19:28 INFO mt5_bot - ADX boost: adx=30.5 \u2192 risk_pct=1.50%
2026-05-05 20:19:28 INFO mt5_bot - Execution status=skipped reason=no_closed_bar_crossover
2026-05-05 20:19:43 INFO mt5_bot - Balance=102029.96 Equity=102029.96 Spread=0.50 pips
2026-05-05 20:19:43 INFO mt5_bot - Signal=NONE reason=no_closed_bar_crossover price=None trend=None rsi=42.4 atr_pips=841.7 adx=30.5
2026-05-05 20:19:43 INFO mt5_bot - ADX boost: adx=30.5 \u2192 risk_pct=1.50%
2026-05-05 20:19:43 INFO mt5_bot - Execution status=skipped reason=no_closed_bar_crossover
2026-05-05 20:19:58 INFO mt5_bot - Balance=102029.96 Equity=102029.96 Spread=0.50 pips
2026-05-05 20:19:58 INFO mt5_bot - Signal=NONE reason=no_closed_bar_crossover price=None trend=None rsi=42.4 atr_pips=841.7 adx=30.5
2026-05-05 20:19:58 INFO mt5_bot - ADX boost: adx=30.5 \u2192 risk_pct=1.50%
2026-05-05 20:19:58 INFO mt5_bot - Execution status=skipped reason=no_closed_bar_crossover
2026-05-05 20:20:13 INFO mt5_bot - Balance=102029.96 Equity=102029.96 Spread=0.50 pips
2026-05-05 20:20:13 INFO mt5_bot - Signal=NONE reason=no_closed_bar_crossover price=None trend=None rsi=42.4 atr_pips=841.7 adx=30.5
2026-05-05 20:20:13 INFO mt5_bot - ADX boost: adx=30.5 \u2192 risk_pct=1.50%
2026-05-05 20:20:13 INFO mt5_bot - Execution status=skipped reason=no_closed_bar_crossover
2026-05-05 20:20:28 INFO mt5_bot - Balance=102029.96 Equity=102029.96 Spread=0.50 pips
2026-05-05 20:20:28 INFO mt5_bot - Signal=NONE reason=no_closed_bar_crossover price=None trend=None rsi=42.4 atr_pips=841.7 adx=30.5
2026-05-05 20:20:28 INFO mt5_bot - ADX boost: adx=30.5 \u2192 risk_pct=1.50%
2026-05-05 20:20:28 INFO mt5_bot - Execution status=skipped reason=no_closed_bar_crossover
2026-05-05 20:20:43 INFO mt5_bot - Balance=102029.96 Equity=102029.96 Spread=0.50 pips
2026-05-05 20:20:43 INFO mt5_bot - Signal=NONE reason=no_closed_bar_crossover price=None trend=None rsi=42.4 atr_pips=841.7 adx=30.5
2026-05-05 20:20:43 INFO mt5_bot - ADX boost: adx=30.5 \u2192 risk_pct=1.50%
2026-05-05 20:20:43 INFO mt5_bot - Execution status=skipped reason=no_closed_bar_crossover
2026-05-05 20:20:58 INFO mt5_bot - Balance=102029.96 Equity=102029.96 Spread=0.50 pips
2026-05-05 20:20:58 INFO mt5_bot - Signal=NONE reason=no_closed_bar_crossover price=None trend=None rsi=42.4 atr_pips=841.7 adx=30.5
2026-05-05 20:20:58 INFO mt5_bot - ADX boost: adx=30.5 \u2192 risk_pct=1.50%
2026-05-05 20:20:58 INFO mt5_bot - Execution status=skipped reason=no_closed_bar_crossover
2026-05-05 20:21:13 INFO mt5_bot - Balance=102029.96 Equity=102029.96 Spread=0.50 pips
2026-05-05 20:21:13 INFO mt5_bot - Signal=NONE reason=no_closed_bar_crossover price=None trend=None rsi=42.4 atr_pips=841.7 adx=30.5
2026-05-05 20:21:13 INFO mt5_bot - ADX boost: adx=30.5 \u2192 risk_pct=1.50%
2026-05-05 20:21:13 INFO mt5_bot - Execution status=skipped reason=no_closed_bar_crossover
2026-05-05 20:21:28 INFO mt5_bot - Balance=102029.96 Equity=102029.96 Spread=0.50 pips
2026-05-05 20:21:28 INFO mt5_bot - Signal=NONE reason=no_closed_bar_crossover price=None trend=None rsi=42.4 atr_pips=841.7 adx=30.5
2026-05-05 20:21:28 INFO mt5_bot - ADX boost: adx=30.5 \u2192 risk_pct=1.50%
2026-05-05 20:21:28 INFO mt5_bot - Execution status=skipped reason=no_closed_bar_crossover
2026-05-05 20:21:43 INFO mt5_bot - Balance=102029.96 Equity=102029.96 Spread=0.50 pips
2026-05-05 20:21:43 INFO mt5_bot - Signal=NONE reason=no_closed_bar_crossover price=None trend=None rsi=42.4 atr_pips=841.7 adx=30.5
2026-05-05 20:21:43 INFO mt5_bot - ADX boost: adx=30.5 \u2192 risk_pct=1.50%
2026-05-05 20:21:43 INFO mt5_bot - Execution status=skipped reason=no_closed_bar_crossover
2026-05-05 20:21:58 INFO mt5_bot - Balance=102029.96 Equity=102029.96 Spread=0.50 pips
2026-05-05 20:21:58 INFO mt5_bot - Signal=NONE reason=no_closed_bar_crossover price=None trend=None rsi=42.4 atr_pips=841.7 adx=30.5
2026-05-05 20:21:58 INFO mt5_bot - ADX boost: adx=30.5 \u2192 risk_pct=1.50%
2026-05-05 20:21:58 INFO mt5_bot - Execution status=skipped reason=no_closed_bar_crossover
2026-05-05 20:22:13 INFO mt5_bot - Balance=102029.96 Equity=102029.96 Spread=0.50 pips
2026-05-05 20:22:13 INFO mt5_bot - Signal=NONE reason=no_closed_bar_crossover price=None trend=None rsi=42.4 atr_pips=841.7 adx=30.5
2026-05-05 20:22:13 INFO mt5_bot - ADX boost: adx=30.5 \u2192 risk_pct=1.50%
2026-05-05 20:22:13 INFO mt5_bot - Execution status=skipped reason=no_closed_bar_crossover
2026-05-05 20:22:28 INFO mt5_bot - Balance=102029.96 Equity=102029.96 Spread=0.50 pips
2026-05-05 20:22:28 INFO mt5_bot - Signal=NONE reason=no_closed_bar_crossover price=None trend=None rsi=42.4 atr_pips=841.7 adx=30.5
2026-05-05 20:22:28 INFO mt5_bot - ADX boost: adx=30.5 \u2192 risk_pct=1.50%
2026-05-05 20:22:28 INFO mt5_bot - Execution status=skipped reason=no_closed_bar_crossover
2026-05-05 20:22:43 INFO mt5_bot - Balance=102029.96 Equity=102029.96 Spread=0.50 pips
2026-05-05 20:22:43 INFO mt5_bot - Signal=NONE reason=no_closed_bar_crossover price=None trend=None rsi=42.4 atr_pips=841.7 adx=30.5
2026-05-05 20:22:43 INFO mt5_bot - ADX boost: adx=30.5 \u2192 risk_pct=1.50%
2026-05-05 20:22:43 INFO mt5_bot - Execution status=skipped reason=no_closed_bar_crossover
2026-05-05 20:22:58 INFO mt5_bot - Balance=102029.96 Equity=102029.96 Spread=0.50 pips
2026-05-05 20:22:58 INFO mt5_bot - Signal=NONE reason=no_closed_bar_crossover price=None trend=None rsi=42.4 atr_pips=841.7 adx=30.5
2026-05-05 20:22:58 INFO mt5_bot - ADX boost: adx=30.5 \u2192 risk_pct=1.50%
2026-05-05 20:22:58 INFO mt5_bot - Execution status=skipped reason=no_closed_bar_crossover
2026-05-05 20:23:13 INFO mt5_bot - Balance=102029.96 Equity=102029.96 Spread=0.50 pips
2026-05-05 20:23:13 INFO mt5_bot - Signal=NONE reason=no_closed_bar_crossover price=None trend=None rsi=42.4 atr_pips=841.7 adx=30.5
2026-05-05 20:23:13 INFO mt5_bot - ADX boost: adx=30.5 \u2192 risk_pct=1.50%
2026-05-05 20:23:13 INFO mt5_bot - Execution status=skipped reason=no_closed_bar_crossover
2026-05-05 20:23:28 INFO mt5_bot - Balance=102029.96 Equity=102029.96 Spread=0.50 pips
2026-05-05 20:23:28 INFO mt5_bot - Signal=NONE reason=no_closed_bar_crossover price=None trend=None rsi=42.4 atr_pips=841.7 adx=30.5
2026-05-05 20:23:28 INFO mt5_bot - ADX boost: adx=30.5 \u2192 risk_pct=1.50%
2026-05-05 20:23:28 INFO mt5_bot - Execution status=skipped reason=no_closed_bar_crossover
2026-05-05 20:23:43 INFO mt5_bot - Balance=102029.96 Equity=102029.96 Spread=0.50 pips
2026-05-05 20:23:43 INFO mt5_bot - Signal=NONE reason=no_closed_bar_crossover price=None trend=None rsi=42.4 atr_pips=841.7 adx=30.5
2026-05-05 20:23:43 INFO mt5_bot - ADX boost: adx=30.5 \u2192 risk_pct=1.50%
2026-05-05 20:23:43 INFO mt5_bot - Execution status=skipped reason=no_closed_bar_crossover
2026-05-05 20:23:58 INFO mt5_bot - Balance=102029.96 Equity=102029.96 Spread=0.50 pips
2026-05-05 20:23:58 INFO mt5_bot - Signal=NONE reason=no_closed_bar_crossover price=None trend=None rsi=42.4 atr_pips=841.7 adx=30.5
2026-05-05 20:23:58 INFO mt5_bot - ADX boost: adx=30.5 \u2192 risk_pct=1.50%
2026-05-05 20:23:58 INFO mt5_bot - Execution status=skipped reason=no_closed_bar_crossover
2026-05-05 20:24:13 INFO mt5_bot - Balance=102029.96 Equity=102029.96 Spread=0.50 pips
2026-05-05 20:24:13 INFO mt5_bot - Signal=NONE reason=no_closed_bar_crossover price=None trend=None rsi=42.4 atr_pips=841.7 adx=30.5
2026-05-05 20:24:13 INFO mt5_bot - ADX boost: adx=30.5 \u2192 risk_pct=1.50%
2026-05-05 20:24:13 INFO mt5_bot - Execution status=skipped reason=no_closed_bar_crossover
2026-05-05 20:24:28 INFO mt5_bot - Balance=102029.96 Equity=102029.96 Spread=0.50 pips
2026-05-05 20:24:28 INFO mt5_bot - Signal=NONE reason=no_closed_bar_crossover price=None trend=None rsi=42.4 atr_pips=841.7 adx=30.5
2026-05-05 20:24:28 INFO mt5_bot - ADX boost: adx=30.5 \u2192 risk_pct=1.50%
2026-05-05 20:24:28 INFO mt5_bot - Execution status=skipped reason=no_closed_bar_crossover
2026-05-05 20:24:43 INFO mt5_bot - Balance=102029.96 Equity=102029.96 Spread=0.50 pips
2026-05-05 20:24:43 INFO mt5_bot - Signal=NONE reason=no_closed_bar_crossover price=None trend=None rsi=42.4 atr_pips=841.7 adx=30.5
2026-05-05 20:24:43 INFO mt5_bot - ADX boost: adx=30.5 \u2192 risk_pct=1.50%
2026-05-05 20:24:43 INFO mt5_bot - Execution status=skipped reason=no_closed_bar_crossover
2026-05-05 20:24:58 INFO mt5_bot - Balance=102029.96 Equity=102029.96 Spread=0.50 pips
2026-05-05 20:24:58 INFO mt5_bot - Signal=NONE reason=no_closed_bar_crossover price=None trend=None rsi=42.4 atr_pips=841.7 adx=30.5
2026-05-05 20:24:58 INFO mt5_bot - ADX boost: adx=30.5 \u2192 risk_pct=1.50%
2026-05-05 20:24:58 INFO mt5_bot - Execution status=skipped reason=no_closed_bar_crossover
2026-05-05 20:25:13 INFO mt5_bot - Balance=102029.96 Equity=102029.96 Spread=0.50 pips
2026-05-05 20:25:13 INFO mt5_bot - Signal=NONE reason=no_closed_bar_crossover price=None trend=None rsi=42.4 atr_pips=841.7 adx=30.5
2026-05-05 20:25:13 INFO mt5_bot - ADX boost: adx=30.5 \u2192 risk_pct=1.50%
2026-05-05 20:25:13 INFO mt5_bot - Execution status=skipped reason=no_closed_bar_crossover
2026-05-05 20:25:28 INFO mt5_bot - Balance=102029.96 Equity=102029.96 Spread=0.50 pips
2026-05-05 20:25:28 INFO mt5_bot - Signal=NONE reason=no_closed_bar_crossover price=None trend=None rsi=42.4 atr_pips=841.7 adx=30.5
2026-05-05 20:25:28 INFO mt5_bot - ADX boost: adx=30.5 \u2192 risk_pct=1.50%
2026-05-05 20:25:28 INFO mt5_bot - Execution status=skipped reason=no_closed_bar_crossover
2026-05-05 20:25:43 INFO mt5_bot - Balance=102029.96 Equity=102029.96 Spread=0.50 pips
2026-05-05 20:25:43 INFO mt5_bot - Signal=NONE reason=no_closed_bar_crossover price=None trend=None rsi=42.4 atr_pips=841.7 adx=30.5
2026-05-05 20:25:43 INFO mt5_bot - ADX boost: adx=30.5 \u2192 risk_pct=1.50%
2026-05-05 20:25:43 INFO mt5_bot - Execution status=skipped reason=no_closed_bar_crossover
2026-05-05 20:25:58 INFO mt5_bot - Balance=102029.96 Equity=102029.96 Spread=0.50 pips
2026-05-05 20:25:58 INFO mt5_bot - Signal=NONE reason=no_closed_bar_crossover price=None trend=None rsi=42.4 atr_pips=841.7 adx=30.5
2026-05-05 20:25:58 INFO mt5_bot - ADX boost: adx=30.5 \u2192 risk_pct=1.50%
2026-05-05 20:25:58 INFO mt5_bot - Execution status=skipped reason=no_closed_bar_crossover
2026-05-05 20:26:13 INFO mt5_bot - Balance=102029.96 Equity=102029.96 Spread=0.50 pips
2026-05-05 20:26:13 INFO mt5_bot - Signal=NONE reason=no_closed_bar_crossover price=None trend=None rsi=42.4 atr_pips=841.7 adx=30.5
2026-05-05 20:26:13 INFO mt5_bot - ADX boost: adx=30.5 \u2192 risk_pct=1.50%
2026-05-05 20:26:13 INFO mt5_bot - Execution status=skipped reason=no_closed_bar_crossover
2026-05-05 20:26:28 INFO mt5_bot - Balance=102029.96 Equity=102029.96 Spread=0.50 pips
2026-05-05 20:26:28 INFO mt5_bot - Signal=NONE reason=no_closed_bar_crossover price=None trend=None rsi=42.4 atr_pips=841.7 adx=30.5
2026-05-05 20:26:28 INFO mt5_bot - ADX boost: adx=30.5 \u2192 risk_pct=1.50%
2026-05-05 20:26:28 INFO mt5_bot - Execution status=skipped reason=no_closed_bar_crossover
2026-05-05 20:26:43 INFO mt5_bot - Balance=102029.96 Equity=102029.96 Spread=0.50 pips
2026-05-05 20:26:43 INFO mt5_bot - Signal=NONE reason=no_closed_bar_crossover price=None trend=None rsi=42.4 atr_pips=841.7 adx=30.5
2026-05-05 20:26:43 INFO mt5_bot - ADX boost: adx=30.5 \u2192 risk_pct=1.50%
2026-05-05 20:26:43 INFO mt5_bot - Execution status=skipped reason=no_closed_bar_crossover
2026-05-05 20:26:58 INFO mt5_bot - Balance=102029.96 Equity=102029.96 Spread=0.50 pips
2026-05-05 20:26:58 INFO mt5_bot - Signal=NONE reason=no_closed_bar_crossover price=None trend=None rsi=42.4 atr_pips=841.7 adx=30.5
2026-05-05 20:26:58 INFO mt5_bot - ADX boost: adx=30.5 \u2192 risk_pct=1.50%
2026-05-05 20:26:58 INFO mt5_bot - Execution status=skipped reason=no_closed_bar_crossover
2026-05-05 20:27:13 INFO mt5_bot - Balance=102029.96 Equity=102029.96 Spread=0.50 pips
2026-05-05 20:27:13 INFO mt5_bot - Signal=NONE reason=no_closed_bar_crossover price=None trend=None rsi=42.4 atr_pips=841.7 adx=30.5
2026-05-05 20:27:13 INFO mt5_bot - ADX boost: adx=30.5 \u2192 risk_pct=1.50%
2026-05-05 20:27:13 INFO mt5_bot - Execution status=skipped reason=no_closed_bar_crossover
2026-05-05 20:27:28 INFO mt5_bot - Balance=102029.96 Equity=102029.96 Spread=0.50 pips
2026-05-05 20:27:28 INFO mt5_bot - Signal=NONE reason=no_closed_bar_crossover price=None trend=None rsi=42.4 atr_pips=841.7 adx=30.5
2026-05-05 20:27:28 INFO mt5_bot - ADX boost: adx=30.5 \u2192 risk_pct=1.50%
2026-05-05 20:27:28 INFO mt5_bot - Execution status=skipped reason=no_closed_bar_crossover
2026-05-05 20:27:43 INFO mt5_bot - Balance=102029.96 Equity=102029.96 Spread=0.50 pips
2026-05-05 20:27:43 INFO mt5_bot - Signal=NONE reason=no_closed_bar_crossover price=None trend=None rsi=42.4 atr_pips=841.7 adx=30.5
2026-05-05 20:27:43 INFO mt5_bot - ADX boost: adx=30.5 \u2192 risk_pct=1.50%
2026-05-05 20:27:43 INFO mt5_bot - Execution status=skipped reason=no_closed_bar_crossover
2026-05-05 20:27:58 INFO mt5_bot - Balance=102029.96 Equity=102029.96 Spread=0.50 pips
2026-05-05 20:27:58 INFO mt5_bot - Signal=NONE reason=no_closed_bar_crossover price=None trend=None rsi=42.4 atr_pips=841.7 adx=30.5
2026-05-05 20:27:58 INFO mt5_bot - ADX boost: adx=30.5 \u2192 risk_pct=1.50%
2026-05-05 20:27:58 INFO mt5_bot - Execution status=skipped reason=no_closed_bar_crossover
2026-05-05 20:28:13 INFO mt5_bot - Balance=102029.96 Equity=102029.96 Spread=0.50 pips
2026-05-05 20:28:13 INFO mt5_bot - Signal=NONE reason=no_closed_bar_crossover price=None trend=None rsi=42.4 atr_pips=841.7 adx=30.5
2026-05-05 20:28:13 INFO mt5_bot - ADX boost: adx=30.5 \u2192 risk_pct=1.50%
2026-05-05 20:28:13 INFO mt5_bot - Execution status=skipped reason=no_closed_bar_crossover
2026-05-05 20:28:28 INFO mt5_bot - Balance=102029.96 Equity=102029.96 Spread=0.50 pips
2026-05-05 20:28:28 INFO mt5_bot - Signal=NONE reason=no_closed_bar_crossover price=None trend=None rsi=42.4 atr_pips=841.7 adx=30.5
2026-05-05 20:28:28 INFO mt5_bot - ADX boost: adx=30.5 \u2192 risk_pct=1.50%
2026-05-05 20:28:28 INFO mt5_bot - Execution status=skipped reason=no_closed_bar_crossover
2026-05-05 20:28:43 INFO mt5_bot - Balance=102029.96 Equity=102029.96 Spread=0.50 pips
2026-05-05 20:28:43 INFO mt5_bot - Signal=NONE reason=no_closed_bar_crossover price=None trend=None rsi=42.4 atr_pips=841.7 adx=30.5
2026-05-05 20:28:43 INFO mt5_bot - ADX boost: adx=30.5 \u2192 risk_pct=1.50%
2026-05-05 20:28:43 INFO mt5_bot - Execution status=skipped reason=no_closed_bar_crossover
2026-05-05 20:28:58 INFO mt5_bot - Balance=102029.96 Equity=102029.96 Spread=0.50 pips
2026-05-05 20:28:58 INFO mt5_bot - Signal=NONE reason=no_closed_bar_crossover price=None trend=None rsi=42.4 atr_pips=841.7 adx=30.5
2026-05-05 20:28:58 INFO mt5_bot - ADX boost: adx=30.5 \u2192 risk_pct=1.50%
2026-05-05 20:28:58 INFO mt5_bot - Execution status=skipped reason=no_closed_bar_crossover
2026-05-05 20:29:13 INFO mt5_bot - Balance=102029.96 Equity=102029.96 Spread=0.50 pips
2026-05-05 20:29:13 INFO mt5_bot - Signal=NONE reason=no_closed_bar_crossover price=None trend=None rsi=42.4 atr_pips=841.7 adx=30.5
2026-05-05 20:29:13 INFO mt5_bot - ADX boost: adx=30.5 \u2192 risk_pct=1.50%
2026-05-05 20:29:13 INFO mt5_bot - Execution status=skipped reason=no_closed_bar_crossover
2026-05-05 20:29:28 INFO mt5_bot - Balance=102029.96 Equity=102029.96 Spread=0.50 pips
2026-05-05 20:29:28 INFO mt5_bot - Signal=NONE reason=no_closed_bar_crossover price=None trend=None rsi=42.4 atr_pips=841.7 adx=30.5
2026-05-05 20:29:28 INFO mt5_bot - ADX boost: adx=30.5 \u2192 risk_pct=1.50%
2026-05-05 20:29:28 INFO mt5_bot - Execution status=skipped reason=no_closed_bar_crossover
2026-05-05 20:29:43 INFO mt5_bot - Balance=102029.96 Equity=102029.96 Spread=0.50 pips
2026-05-05 20:29:43 INFO mt5_bot - Signal=NONE reason=no_closed_bar_crossover price=None trend=None rsi=42.4 atr_pips=841.7 adx=30.5
2026-05-05 20:29:43 INFO mt5_bot - ADX boost: adx=30.5 \u2192 risk_pct=1.50%
2026-05-05 20:29:43 INFO mt5_bot - Execution status=skipped reason=no_closed_bar_crossover
2026-05-05 20:29:58 INFO mt5_bot - Balance=102029.96 Equity=102029.96 Spread=0.50 pips
2026-05-05 20:29:58 INFO mt5_bot - Signal=NONE reason=no_closed_bar_crossover price=None trend=None rsi=42.4 atr_pips=841.7 adx=30.5
2026-05-05 20:29:58 INFO mt5_bot - ADX boost: adx=30.5 \u2192 risk_pct=1.50%
2026-05-05 20:29:58 INFO mt5_bot - Execution status=skipped reason=no_closed_bar_crossover
2026-05-05 20:30:13 INFO mt5_bot - Balance=102029.96 Equity=102029.96 Spread=0.50 pips
2026-05-05 20:30:13 INFO mt5_bot - Signal=NONE reason=no_closed_bar_crossover price=None trend=None rsi=41.5 atr_pips=831.5 adx=30.6
2026-05-05 20:30:13 INFO mt5_bot - ADX boost: adx=30.6 \u2192 risk_pct=1.50%
2026-05-05 20:30:13 INFO mt5_bot - Execution status=skipped reason=no_closed_bar_crossover
2026-05-05 20:30:28 INFO mt5_bot - Balance=102029.96 Equity=102029.96 Spread=0.50 pips
2026-05-05 20:30:28 INFO mt5_bot - Signal=NONE reason=no_closed_bar_crossover price=None trend=None rsi=41.5 atr_pips=831.5 adx=30.6
2026-05-05 20:30:28 INFO mt5_bot - ADX boost: adx=30.6 \u2192 risk_pct=1.50%
2026-05-05 20:30:28 INFO mt5_bot - Execution status=skipped reason=no_closed_bar_crossover
2026-05-05 20:30:43 INFO mt5_bot - Balance=102029.96 Equity=102029.96 Spread=0.50 pips
2026-05-05 20:30:43 INFO mt5_bot - Signal=NONE reason=no_closed_bar_crossover price=None trend=None rsi=41.5 atr_pips=831.5 adx=30.6
2026-05-05 20:30:43 INFO mt5_bot - ADX boost: adx=30.6 \u2192 risk_pct=1.50%
2026-05-05 20:30:43 INFO mt5_bot - Execution status=skipped reason=no_closed_bar_crossover
2026-05-05 20:30:58 INFO mt5_bot - Balance=102029.96 Equity=102029.96 Spread=0.50 pips
2026-05-05 20:30:58 INFO mt5_bot - Signal=NONE reason=no_closed_bar_crossover price=None trend=None rsi=41.5 atr_pips=831.5 adx=30.6
2026-05-05 20:30:58 INFO mt5_bot - ADX boost: adx=30.6 \u2192 risk_pct=1.50%
2026-05-05 20:30:58 INFO mt5_bot - Execution status=skipped reason=no_closed_bar_crossover
2026-05-05 20:31:13 INFO mt5_bot - Balance=102029.96 Equity=102029.96 Spread=0.50 pips
2026-05-05 20:31:14 INFO mt5_bot - Signal=NONE reason=no_closed_bar_crossover price=None trend=None rsi=41.5 atr_pips=831.5 adx=30.6
2026-05-05 20:31:14 INFO mt5_bot - ADX boost: adx=30.6 \u2192 risk_pct=1.50%
2026-05-05 20:31:14 INFO mt5_bot - Execution status=skipped reason=no_closed_bar_crossover
2026-05-05 20:31:29 INFO mt5_bot - Balance=102029.96 Equity=102029.96 Spread=0.50 pips
2026-05-05 20:31:29 INFO mt5_bot - Signal=NONE reason=no_closed_bar_crossover price=None trend=None rsi=41.5 atr_pips=831.5 adx=30.6
2026-05-05 20:31:29 INFO mt5_bot - ADX boost: adx=30.6 \u2192 risk_pct=1.50%
2026-05-05 20:31:29 INFO mt5_bot - Execution status=skipped reason=no_closed_bar_crossover
2026-05-05 20:31:44 INFO mt5_bot - Balance=102029.96 Equity=102029.96 Spread=0.50 pips
2026-05-05 20:31:44 INFO mt5_bot - Signal=NONE reason=no_closed_bar_crossover price=None trend=None rsi=41.5 atr_pips=831.5 adx=30.6
2026-05-05 20:31:44 INFO mt5_bot - ADX boost: adx=30.6 \u2192 risk_pct=1.50%
2026-05-05 20:31:44 INFO mt5_bot - Execution status=skipped reason=no_closed_bar_crossover
2026-05-05 20:31:59 INFO mt5_bot - Balance=102029.96 Equity=102029.96 Spread=0.50 pips
2026-05-05 20:31:59 INFO mt5_bot - Signal=NONE reason=no_closed_bar_crossover price=None trend=None rsi=41.5 atr_pips=831.5 adx=30.6
2026-05-05 20:31:59 INFO mt5_bot - ADX boost: adx=30.6 \u2192 risk_pct=1.50%
2026-05-05 20:31:59 INFO mt5_bot - Execution status=skipped reason=no_closed_bar_crossover
2026-05-05 20:32:14 INFO mt5_bot - Balance=102029.96 Equity=102029.96 Spread=0.50 pips
2026-05-05 20:32:14 INFO mt5_bot - Signal=NONE reason=no_closed_bar_crossover price=None trend=None rsi=41.5 atr_pips=831.5 adx=30.6
2026-05-05 20:32:14 INFO mt5_bot - ADX boost: adx=30.6 \u2192 risk_pct=1.50%
2026-05-05 20:32:14 INFO mt5_bot - Execution status=skipped reason=no_closed_bar_crossover
2026-05-05 20:32:29 INFO mt5_bot - Balance=102029.96 Equity=102029.96 Spread=0.50 pips
2026-05-05 20:32:29 INFO mt5_bot - Signal=NONE reason=no_closed_bar_crossover price=None trend=None rsi=41.5 atr_pips=831.5 adx=30.6
2026-05-05 20:32:29 INFO mt5_bot - ADX boost: adx=30.6 \u2192 risk_pct=1.50%
2026-05-05 20:32:29 INFO mt5_bot - Execution status=skipped reason=no_closed_bar_crossover
2026-05-05 20:32:44 INFO mt5_bot - Balance=102029.96 Equity=102029.96 Spread=0.50 pips
2026-05-05 20:32:44 INFO mt5_bot - Signal=NONE reason=no_closed_bar_crossover price=None trend=None rsi=41.5 atr_pips=831.5 adx=30.6
2026-05-05 20:32:44 INFO mt5_bot - ADX boost: adx=30.6 \u2192 risk_pct=1.50%
2026-05-05 20:32:44 INFO mt5_bot - Execution status=skipped reason=no_closed_bar_crossover
2026-05-05 20:32:59 INFO mt5_bot - Balance=102029.96 Equity=102029.96 Spread=0.50 pips
2026-05-05 20:32:59 INFO mt5_bot - Signal=NONE reason=no_closed_bar_crossover price=None trend=None rsi=41.5 atr_pips=831.5 adx=30.6
2026-05-05 20:32:59 INFO mt5_bot - ADX boost: adx=30.6 \u2192 risk_pct=1.50%
2026-05-05 20:32:59 INFO mt5_bot - Execution status=skipped reason=no_closed_bar_crossover
2026-05-05 20:33:14 INFO mt5_bot - Balance=102029.96 Equity=102029.96 Spread=0.50 pips
2026-05-05 20:33:14 INFO mt5_bot - Signal=NONE reason=no_closed_bar_crossover price=None trend=None rsi=41.5 atr_pips=831.5 adx=30.6
2026-05-05 20:33:14 INFO mt5_bot - ADX boost: adx=30.6 \u2192 risk_pct=1.50%
2026-05-05 20:33:14 INFO mt5_bot - Execution status=skipped reason=no_closed_bar_crossover
2026-05-05 20:33:29 INFO mt5_bot - Balance=102029.96 Equity=102029.96 Spread=0.50 pips
2026-05-05 20:33:29 INFO mt5_bot - Signal=NONE reason=no_closed_bar_crossover price=None trend=None rsi=41.5 atr_pips=831.5 adx=30.6
2026-05-05 20:33:29 INFO mt5_bot - ADX boost: adx=30.6 \u2192 risk_pct=1.50%
2026-05-05 20:33:29 INFO mt5_bot - Execution status=skipped reason=no_closed_bar_crossover
2026-05-05 20:33:44 INFO mt5_bot - Balance=102029.96 Equity=102029.96 Spread=0.50 pips
2026-05-05 20:33:44 INFO mt5_bot - Signal=NONE reason=no_closed_bar_crossover price=None trend=None rsi=41.5 atr_pips=831.5 adx=30.6
2026-05-05 20:33:44 INFO mt5_bot - ADX boost: adx=30.6 \u2192 risk_pct=1.50%
2026-05-05 20:33:44 INFO mt5_bot - Execution status=skipped reason=no_closed_bar_crossover
2026-05-05 20:33:59 INFO mt5_bot - Balance=102029.96 Equity=102029.96 Spread=0.50 pips
2026-05-05 20:33:59 INFO mt5_bot - Signal=NONE reason=no_closed_bar_crossover price=None trend=None rsi=41.5 atr_pips=831.5 adx=30.6
2026-05-05 20:33:59 INFO mt5_bot - ADX boost: adx=30.6 \u2192 risk_pct=1.50%
2026-05-05 20:33:59 INFO mt5_bot - Execution status=skipped reason=no_closed_bar_crossover
2026-05-05 20:34:14 INFO mt5_bot - Balance=102029.96 Equity=102029.96 Spread=0.50 pips
2026-05-05 20:34:14 INFO mt5_bot - Signal=NONE reason=no_closed_bar_crossover price=None trend=None rsi=41.5 atr_pips=831.5 adx=30.6
2026-05-05 20:34:14 INFO mt5_bot - ADX boost: adx=30.6 \u2192 risk_pct=1.50%
2026-05-05 20:34:14 INFO mt5_bot - Execution status=skipped reason=no_closed_bar_crossover
2026-05-05 20:34:29 INFO mt5_bot - Balance=102029.96 Equity=102029.96 Spread=0.50 pips
2026-05-05 20:34:29 INFO mt5_bot - Signal=NONE reason=no_closed_bar_crossover price=None trend=None rsi=41.5 atr_pips=831.5 adx=30.6
2026-05-05 20:34:29 INFO mt5_bot - ADX boost: adx=30.6 \u2192 risk_pct=1.50%
2026-05-05 20:34:29 INFO mt5_bot - Execution status=skipped reason=no_closed_bar_crossover
2026-05-05 20:34:44 INFO mt5_bot - Balance=102029.96 Equity=102029.96 Spread=0.50 pips
2026-05-05 20:34:44 INFO mt5_bot - Signal=NONE reason=no_closed_bar_crossover price=None trend=None rsi=41.5 atr_pips=831.5 adx=30.6
2026-05-05 20:34:44 INFO mt5_bot - ADX boost: adx=30.6 \u2192 risk_pct=1.50%
2026-05-05 20:34:44 INFO mt5_bot - Execution status=skipped reason=no_closed_bar_crossover
2026-05-05 20:34:59 INFO mt5_bot - Balance=102029.96 Equity=102029.96 Spread=0.50 pips
2026-05-05 20:34:59 INFO mt5_bot - Signal=NONE reason=no_closed_bar_crossover price=None trend=None rsi=41.5 atr_pips=831.5 adx=30.6
2026-05-05 20:34:59 INFO mt5_bot - ADX boost: adx=30.6 \u2192 risk_pct=1.50%
2026-05-05 20:34:59 INFO mt5_bot - Execution status=skipped reason=no_closed_bar_crossover
2026-05-05 20:35:14 INFO mt5_bot - Balance=102029.96 Equity=102029.96 Spread=0.50 pips
2026-05-05 20:35:14 INFO mt5_bot - Signal=NONE reason=no_closed_bar_crossover price=None trend=None rsi=41.5 atr_pips=831.5 adx=30.6
2026-05-05 20:35:14 INFO mt5_bot - ADX boost: adx=30.6 \u2192 risk_pct=1.50%
2026-05-05 20:35:14 INFO mt5_bot - Execution status=skipped reason=no_closed_bar_crossover
2026-05-05 20:35:29 INFO mt5_bot - Balance=102029.96 Equity=102029.96 Spread=0.50 pips
2026-05-05 20:35:29 INFO mt5_bot - Signal=NONE reason=no_closed_bar_crossover price=None trend=None rsi=41.5 atr_pips=831.5 adx=30.6
2026-05-05 20:35:29 INFO mt5_bot - ADX boost: adx=30.6 \u2192 risk_pct=1.50%
2026-05-05 20:35:29 INFO mt5_bot - Execution status=skipped reason=no_closed_bar_crossover
2026-05-05 20:35:44 INFO mt5_bot - Balance=102029.96 Equity=102029.96 Spread=0.50 pips
2026-05-05 20:35:44 INFO mt5_bot - Signal=NONE reason=no_closed_bar_crossover price=None trend=None rsi=41.5 atr_pips=831.5 adx=30.6
2026-05-05 20:35:44 INFO mt5_bot - ADX boost: adx=30.6 \u2192 risk_pct=1.50%
2026-05-05 20:35:44 INFO mt5_bot - Execution status=skipped reason=no_closed_bar_crossover
2026-05-05 20:35:59 INFO mt5_bot - Balance=102029.96 Equity=102029.96 Spread=0.50 pips
2026-05-05 20:35:59 INFO mt5_bot - Signal=NONE reason=no_closed_bar_crossover price=None trend=None rsi=41.5 atr_pips=831.5 adx=30.6
2026-05-05 20:35:59 INFO mt5_bot - ADX boost: adx=30.6 \u2192 risk_pct=1.50%
2026-05-05 20:35:59 INFO mt5_bot - Execution status=skipped reason=no_closed_bar_crossover
2026-05-05 20:36:14 INFO mt5_bot - Balance=102029.96 Equity=102029.96 Spread=0.50 pips
2026-05-05 20:36:14 INFO mt5_bot - Signal=NONE reason=no_closed_bar_crossover price=None trend=None rsi=41.5 atr_pips=831.5 adx=30.6
2026-05-05 20:36:14 INFO mt5_bot - ADX boost: adx=30.6 \u2192 risk_pct=1.50%
2026-05-05 20:36:14 INFO mt5_bot - Execution status=skipped reason=no_closed_bar_crossover
2026-05-05 20:36:29 INFO mt5_bot - Balance=102029.96 Equity=102029.96 Spread=0.50 pips
2026-05-05 20:36:29 INFO mt5_bot - Signal=NONE reason=no_closed_bar_crossover price=None trend=None rsi=41.5 atr_pips=831.5 adx=30.6
2026-05-05 20:36:29 INFO mt5_bot - ADX boost: adx=30.6 \u2192 risk_pct=1.50%
2026-05-05 20:36:29 INFO mt5_bot - Execution status=skipped reason=no_closed_bar_crossover
2026-05-05 20:36:44 INFO mt5_bot - Balance=102029.96 Equity=102029.96 Spread=0.50 pips
2026-05-05 20:36:44 INFO mt5_bot - Signal=NONE reason=no_closed_bar_crossover price=None trend=None rsi=41.5 atr_pips=831.5 adx=30.6
2026-05-05 20:36:44 INFO mt5_bot - ADX boost: adx=30.6 \u2192 risk_pct=1.50%
2026-05-05 20:36:44 INFO mt5_bot - Execution status=skipped reason=no_closed_bar_crossover
2026-05-05 20:36:59 INFO mt5_bot - Balance=102029.96 Equity=102029.96 Spread=0.50 pips
2026-05-05 20:36:59 INFO mt5_bot - Signal=NONE reason=no_closed_bar_crossover price=None trend=None rsi=41.5 atr_pips=831.5 adx=30.6
2026-05-05 20:36:59 INFO mt5_bot - ADX boost: adx=30.6 \u2192 risk_pct=1.50%
2026-05-05 20:36:59 INFO mt5_bot - Execution status=skipped reason=no_closed_bar_crossover
2026-05-05 20:37:14 INFO mt5_bot - Balance=102029.96 Equity=102029.96 Spread=0.50 pips
2026-05-05 20:37:14 INFO mt5_bot - Signal=NONE reason=no_closed_bar_crossover price=None trend=None rsi=41.5 atr_pips=831.5 adx=30.6
2026-05-05 20:37:14 INFO mt5_bot - ADX boost: adx=30.6 \u2192 risk_pct=1.50%
2026-05-05 20:37:14 INFO mt5_bot - Execution status=skipped reason=no_closed_bar_crossover
2026-05-05 20:37:29 INFO mt5_bot - Balance=102029.96 Equity=102029.96 Spread=0.50 pips
2026-05-05 20:37:29 INFO mt5_bot - Signal=NONE reason=no_closed_bar_crossover price=None trend=None rsi=41.5 atr_pips=831.5 adx=30.6
2026-05-05 20:37:29 INFO mt5_bot - ADX boost: adx=30.6 \u2192 risk_pct=1.50%
2026-05-05 20:37:29 INFO mt5_bot - Execution status=skipped reason=no_closed_bar_crossover
2026-05-05 20:37:44 INFO mt5_bot - Balance=102029.96 Equity=102029.96 Spread=0.50 pips
2026-05-05 20:37:44 INFO mt5_bot - Signal=NONE reason=no_closed_bar_crossover price=None trend=None rsi=41.5 atr_pips=831.5 adx=30.6
2026-05-05 20:37:44 INFO mt5_bot - ADX boost: adx=30.6 \u2192 risk_pct=1.50%
2026-05-05 20:37:44 INFO mt5_bot - Execution status=skipped reason=no_closed_bar_crossover
2026-05-05 20:37:59 INFO mt5_bot - Balance=102029.96 Equity=102029.96 Spread=0.50 pips
2026-05-05 20:37:59 INFO mt5_bot - Signal=NONE reason=no_closed_bar_crossover price=None trend=None rsi=41.5 atr_pips=831.5 adx=30.6
2026-05-05 20:37:59 INFO mt5_bot - ADX boost: adx=30.6 \u2192 risk_pct=1.50%
2026-05-05 20:37:59 INFO mt5_bot - Execution status=skipped reason=no_closed_bar_crossover
2026-05-05 20:38:14 INFO mt5_bot - Balance=102029.96 Equity=102029.96 Spread=0.50 pips
2026-05-05 20:38:14 INFO mt5_bot - Signal=NONE reason=no_closed_bar_crossover price=None trend=None rsi=41.5 atr_pips=831.5 adx=30.6
2026-05-05 20:38:14 INFO mt5_bot - ADX boost: adx=30.6 \u2192 risk_pct=1.50%
2026-05-05 20:38:14 INFO mt5_bot - Execution status=skipped reason=no_closed_bar_crossover
2026-05-05 20:38:29 INFO mt5_bot - Balance=102029.96 Equity=102029.96 Spread=0.50 pips
2026-05-05 20:38:29 INFO mt5_bot - Signal=NONE reason=no_closed_bar_crossover price=None trend=None rsi=41.5 atr_pips=831.5 adx=30.6
2026-05-05 20:38:29 INFO mt5_bot - ADX boost: adx=30.6 \u2192 risk_pct=1.50%
2026-05-05 20:38:29 INFO mt5_bot - Execution status=skipped reason=no_closed_bar_crossover
2026-05-05 20:38:44 INFO mt5_bot - Balance=102029.96 Equity=102029.96 Spread=0.50 pips
2026-05-05 20:38:44 INFO mt5_bot - Signal=NONE reason=no_closed_bar_crossover price=None trend=None rsi=41.5 atr_pips=831.5 adx=30.6
2026-05-05 20:38:44 INFO mt5_bot - ADX boost: adx=30.6 \u2192 risk_pct=1.50%
2026-05-05 20:38:44 INFO mt5_bot - Execution status=skipped reason=no_closed_bar_crossover
2026-05-05 20:38:59 INFO mt5_bot - Balance=102029.96 Equity=102029.96 Spread=0.50 pips
2026-05-05 20:38:59 INFO mt5_bot - Signal=NONE reason=no_closed_bar_crossover price=None trend=None rsi=41.5 atr_pips=831.5 adx=30.6
2026-05-05 20:38:59 INFO mt5_bot - ADX boost: adx=30.6 \u2192 risk_pct=1.50%
2026-05-05 20:38:59 INFO mt5_bot - Execution status=skipped reason=no_closed_bar_crossover
2026-05-05 20:39:14 INFO mt5_bot - Balance=102029.96 Equity=102029.96 Spread=0.50 pips
2026-05-05 20:39:14 INFO mt5_bot - Signal=NONE reason=no_closed_bar_crossover price=None trend=None rsi=41.5 atr_pips=831.5 adx=30.6
2026-05-05 20:39:14 INFO mt5_bot - ADX boost: adx=30.6 \u2192 risk_pct=1.50%
2026-05-05 20:39:14 INFO mt5_bot - Execution status=skipped reason=no_closed_bar_crossover
2026-05-05 20:39:29 INFO mt5_bot - Balance=102029.96 Equity=102029.96 Spread=0.50 pips
2026-05-05 20:39:29 INFO mt5_bot - Signal=NONE reason=no_closed_bar_crossover price=None trend=None rsi=41.5 atr_pips=831.5 adx=30.6
2026-05-05 20:39:29 INFO mt5_bot - ADX boost: adx=30.6 \u2192 risk_pct=1.50%
2026-05-05 20:39:29 INFO mt5_bot - Execution status=skipped reason=no_closed_bar_crossover
2026-05-05 20:39:44 INFO mt5_bot - Balance=102029.96 Equity=102029.96 Spread=0.50 pips
2026-05-05 20:39:44 INFO mt5_bot - Signal=NONE reason=no_closed_bar_crossover price=None trend=None rsi=41.5 atr_pips=831.5 adx=30.6
2026-05-05 20:39:44 INFO mt5_bot - ADX boost: adx=30.6 \u2192 risk_pct=1.50%
2026-05-05 20:39:44 INFO mt5_bot - Execution status=skipped reason=no_closed_bar_crossover
2026-05-05 20:39:59 INFO mt5_bot - Balance=102029.96 Equity=102029.96 Spread=0.50 pips
2026-05-05 20:39:59 INFO mt5_bot - Signal=NONE reason=no_closed_bar_crossover price=None trend=None rsi=41.5 atr_pips=831.5 adx=30.6
2026-05-05 20:39:59 INFO mt5_bot - ADX boost: adx=30.6 \u2192 risk_pct=1.50%
2026-05-05 20:39:59 INFO mt5_bot - Execution status=skipped reason=no_closed_bar_crossover
2026-05-05 20:40:14 INFO mt5_bot - Balance=102029.96 Equity=102029.96 Spread=0.50 pips
2026-05-05 20:40:14 INFO mt5_bot - Signal=NONE reason=no_closed_bar_crossover price=None trend=None rsi=41.5 atr_pips=831.5 adx=30.6
2026-05-05 20:40:14 INFO mt5_bot - ADX boost: adx=30.6 \u2192 risk_pct=1.50%
2026-05-05 20:40:14 INFO mt5_bot - Execution status=skipped reason=no_closed_bar_crossover
2026-05-05 20:40:29 INFO mt5_bot - Balance=102029.96 Equity=102029.96 Spread=0.50 pips
2026-05-05 20:40:29 INFO mt5_bot - Signal=NONE reason=no_closed_bar_crossover price=None trend=None rsi=41.5 atr_pips=831.5 adx=30.6
2026-05-05 20:40:29 INFO mt5_bot - ADX boost: adx=30.6 \u2192 risk_pct=1.50%
2026-05-05 20:40:29 INFO mt5_bot - Execution status=skipped reason=no_closed_bar_crossover
0 INFO mt5_bot - ADX boost: adx=30.6 \u2192 risk_pct=1.50%
2026-05-05 20:40:10 INFO mt5_bot - Execution status=skipped reason=no_closed_bar_crossover
2026-05-05 20:40:25 INFO mt5_bot - Balance=102029.96 Equity=102029.96 Spread=0.50 pips
2026-05-05 20:40:25 INFO mt5_bot - Signal=NONE reason=no_closed_bar_crossover price=None trend=None rsi=41.5 atr_pips=831.5 adx=30.6
2026-05-05 20:40:25 INFO mt5_bot - ADX boost: adx=30.6 \u2192 risk_pct=1.50%
2026-05-05 20:40:25 INFO mt5_bot - Execution status=skipped reason=no_closed_bar_crossover
2026-05-05 20:40:40 INFO mt5_bot - Balance=102029.96 Equity=102029.96 Spread=0.50 pips
2026-05-05 20:40:40 INFO mt5_bot - Signal=NONE reason=no_closed_bar_crossover price=None trend=None rsi=41.5 atr_pips=831.5 adx=30.6
2026-05-05 20:40:40 INFO mt5_bot - ADX boost: adx=30.6 \u2192 risk_pct=1.50%
2026-05-05 20:40:40 INFO mt5_bot - Execution status=skipped reason=no_closed_bar_crossover
2026-05-05 20:40:55 INFO mt5_bot - Balance=102029.96 Equity=102029.96 Spread=0.50 pips
2026-05-05 20:40:55 INFO mt5_bot - Signal=NONE reason=no_closed_bar_crossover price=None trend=None rsi=41.5 atr_pips=831.5 adx=30.6
2026-05-05 20:40:55 INFO mt5_bot - ADX boost: adx=30.6 \u2192 risk_pct=1.50%
2026-05-05 20:40:55 INFO mt5_bot - Execution status=skipped reason=no_closed_bar_crossover
2026-05-05 20:41:10 INFO mt5_bot - Balance=102029.96 Equity=102029.96 Spread=0.50 pips
2026-05-05 20:41:10 INFO mt5_bot - Signal=NONE reason=no_closed_bar_crossover price=None trend=None rsi=41.5 atr_pips=831.5 adx=30.6
2026-05-05 20:41:10 INFO mt5_bot - ADX boost: adx=30.6 \u2192 risk_pct=1.50%
2026-05-05 20:41:10 INFO mt5_bot - Execution status=skipped reason=no_closed_bar_crossover
2026-05-05 20:41:25 INFO mt5_bot - Balance=102029.96 Equity=102029.96 Spread=0.50 pips
2026-05-05 20:41:25 INFO mt5_bot - Signal=NONE reason=no_closed_bar_crossover price=None trend=None rsi=41.5 atr_pips=831.5 adx=30.6
2026-05-05 20:41:25 INFO mt5_bot - ADX boost: adx=30.6 \u2192 risk_pct=1.50%
2026-05-05 20:41:25 INFO mt5_bot - Execution status=skipped reason=no_closed_bar_crossover
2026-05-05 20:41:40 INFO mt5_bot - Balance=102029.96 Equity=102029.96 Spread=0.50 pips
2026-05-05 20:41:40 INFO mt5_bot - Signal=NONE reason=no_closed_bar_crossover price=None trend=None rsi=41.5 atr_pips=831.5 adx=30.6
2026-05-05 20:41:40 INFO mt5_bot - ADX boost: adx=30.6 \u2192 risk_pct=1.50%
2026-05-05 20:41:40 INFO mt5_bot - Execution status=skipped reason=no_closed_bar_crossover
2026-05-05 20:41:55 INFO mt5_bot - Balance=102029.96 Equity=102029.96 Spread=0.50 pips
2026-05-05 20:41:55 INFO mt5_bot - Signal=NONE reason=no_closed_bar_crossover price=None trend=None rsi=41.5 atr_pips=831.5 adx=30.6
2026-05-05 20:41:55 INFO mt5_bot - ADX boost: adx=30.6 \u2192 risk_pct=1.50%
2026-05-05 20:41:55 INFO mt5_bot - Execution status=skipped reason=no_closed_bar_crossover
2026-05-05 20:42:10 INFO mt5_bot - Balance=102029.96 Equity=102029.96 Spread=0.50 pips
2026-05-05 20:42:10 INFO mt5_bot - Signal=NONE reason=no_closed_bar_crossover price=None trend=None rsi=41.5 atr_pips=831.5 adx=30.6
2026-05-05 20:42:10 INFO mt5_bot - ADX boost: adx=30.6 \u2192 risk_pct=1.50%
2026-05-05 20:42:10 INFO mt5_bot - Execution status=skipped reason=no_closed_bar_crossover
2026-05-05 20:42:25 INFO mt5_bot - Balance=102029.96 Equity=102029.96 Spread=0.50 pips
2026-05-05 20:42:25 INFO mt5_bot - Signal=NONE reason=no_closed_bar_crossover price=None trend=None rsi=41.5 atr_pips=831.5 adx=30.6
2026-05-05 20:42:25 INFO mt5_bot - ADX boost: adx=30.6 \u2192 risk_pct=1.50%
2026-05-05 20:42:25 INFO mt5_bot - Execution status=skipped reason=no_closed_bar_crossover
2026-05-05 20:42:40 INFO mt5_bot - Balance=102029.96 Equity=102029.96 Spread=0.50 pips
2026-05-05 20:42:40 INFO mt5_bot - Signal=NONE reason=no_closed_bar_crossover price=None trend=None rsi=41.5 atr_pips=831.5 adx=30.6
2026-05-05 20:42:40 INFO mt5_bot - ADX boost: adx=30.6 \u2192 risk_pct=1.50%
2026-05-05 20:42:40 INFO mt5_bot - Execution status=skipped reason=no_closed_bar_crossover
2026-05-05 20:42:55 INFO mt5_bot - Balance=102029.96 Equity=102029.96 Spread=0.50 pips
2026-05-05 20:42:55 INFO mt5_bot - Signal=NONE reason=no_closed_bar_crossover price=None trend=None rsi=41.5 atr_pips=831.5 adx=30.6
2026-05-05 20:42:55 INFO mt5_bot - ADX boost: adx=30.6 \u2192 risk_pct=1.50%
2026-05-05 20:42:55 INFO mt5_bot - Execution status=skipped reason=no_closed_bar_crossover
2026-05-05 20:43:10 INFO mt5_bot - Balance=102029.96 Equity=102029.96 Spread=0.50 pips
2026-05-05 20:43:10 INFO mt5_bot - Signal=NONE reason=no_closed_bar_crossover price=None trend=None rsi=41.5 atr_pips=831.5 adx=30.6
2026-05-05 20:43:10 INFO mt5_bot - ADX boost: adx=30.6 \u2192 risk_pct=1.50%
2026-05-05 20:43:10 INFO mt5_bot - Execution status=skipped reason=no_closed_bar_crossover
2026-05-05 20:43:25 INFO mt5_bot - Balance=102029.96 Equity=102029.96 Spread=0.50 pips
2026-05-05 20:43:25 INFO mt5_bot - Signal=NONE reason=no_closed_bar_crossover price=None trend=None rsi=41.5 atr_pips=831.5 adx=30.6
2026-05-05 20:43:25 INFO mt5_bot - ADX boost: adx=30.6 \u2192 risk_pct=1.50%
2026-05-05 20:43:25 INFO mt5_bot - Execution status=skipped reason=no_closed_bar_crossover
2026-05-05 20:43:40 INFO mt5_bot - Balance=102029.96 Equity=102029.96 Spread=0.50 pips
2026-05-05 20:43:40 INFO mt5_bot - Signal=NONE reason=no_closed_bar_crossover price=None trend=None rsi=41.5 atr_pips=831.5 adx=30.6
2026-05-05 20:43:40 INFO mt5_bot - ADX boost: adx=30.6 \u2192 risk_pct=1.50%
2026-05-05 20:43:40 INFO mt5_bot - Execution status=skipped reason=no_closed_bar_crossover
2026-05-05 20:43:55 INFO mt5_bot - Balance=102029.96 Equity=102029.96 Spread=0.50 pips
2026-05-05 20:43:55 INFO mt5_bot - Signal=NONE reason=no_closed_bar_crossover price=None trend=None rsi=41.5 atr_pips=831.5 adx=30.6
2026-05-05 20:43:55 INFO mt5_bot - ADX boost: adx=30.6 \u2192 risk_pct=1.50%
2026-05-05 20:43:55 INFO mt5_bot - Execution status=skipped reason=no_closed_bar_crossover
2026-05-05 20:44:10 INFO mt5_bot - Balance=102029.96 Equity=102029.96 Spread=0.50 pips
2026-05-05 20:44:10 INFO mt5_bot - Signal=NONE reason=no_closed_bar_crossover price=None trend=None rsi=41.5 atr_pips=831.5 adx=30.6
2026-05-05 20:44:10 INFO mt5_bot - ADX boost: adx=30.6 \u2192 risk_pct=1.50%
2026-05-05 20:44:10 INFO mt5_bot - Execution status=skipped reason=no_closed_bar_crossover
2026-05-05 20:44:25 INFO mt5_bot - Balance=102029.96 Equity=102029.96 Spread=0.50 pips
2026-05-05 20:44:25 INFO mt5_bot - Signal=NONE reason=no_closed_bar_crossover price=None trend=None rsi=41.5 atr_pips=831.5 adx=30.6
2026-05-05 20:44:25 INFO mt5_bot - ADX boost: adx=30.6 \u2192 risk_pct=1.50%
2026-05-05 20:44:25 INFO mt5_bot - Execution status=skipped reason=no_closed_bar_crossover
2026-05-05 20:44:40 INFO mt5_bot - Balance=102029.96 Equity=102029.96 Spread=0.50 pips
2026-05-05 20:44:40 INFO mt5_bot - Signal=NONE reason=no_closed_bar_crossover price=None trend=None rsi=41.5 atr_pips=831.5 adx=30.6
2026-05-05 20:44:40 INFO mt5_bot - ADX boost: adx=30.6 \u2192 risk_pct=1.50%
2026-05-05 20:44:40 INFO mt5_bot - Execution status=skipped reason=no_closed_bar_crossover
2026-05-05 20:44:55 INFO mt5_bot - Balance=102029.96 Equity=102029.96 Spread=0.50 pips
2026-05-05 20:44:55 INFO mt5_bot - Signal=NONE reason=no_closed_bar_crossover price=None trend=None rsi=41.5 atr_pips=831.5 adx=30.6
2026-05-05 20:44:55 INFO mt5_bot - ADX boost: adx=30.6 \u2192 risk_pct=1.50%
2026-05-05 20:44:55 INFO mt5_bot - Execution status=skipped reason=no_closed_bar_crossover
2026-05-05 20:45:10 INFO mt5_bot - Balance=102029.96 Equity=102029.96 Spread=0.50 pips
2026-05-05 20:45:10 INFO mt5_bot - Signal=NONE reason=no_closed_bar_crossover price=None trend=None rsi=42.8 atr_pips=796.4 adx=30.8
2026-05-05 20:45:10 INFO mt5_bot - ADX boost: adx=30.8 \u2192 risk_pct=1.50%
2026-05-05 20:45:10 INFO mt5_bot - Execution status=skipped reason=no_closed_bar_crossover
2026-05-05 20:45:25 INFO mt5_bot - Balance=102029.96 Equity=102029.96 Spread=0.50 pips
2026-05-05 20:45:25 INFO mt5_bot - Signal=NONE reason=no_closed_bar_crossover price=None trend=None rsi=42.8 atr_pips=796.4 adx=30.8
2026-05-05 20:45:25 INFO mt5_bot - ADX boost: adx=30.8 \u2192 risk_pct=1.50%
2026-05-05 20:45:25 INFO mt5_bot - Execution status=skipped reason=no_closed_bar_crossover
2026-05-05 20:45:40 INFO mt5_bot - Balance=102029.96 Equity=102029.96 Spread=0.50 pips
2026-05-05 20:45:40 INFO mt5_bot - Signal=NONE reason=no_closed_bar_crossover price=None trend=None rsi=42.8 atr_pips=796.4 adx=30.8
2026-05-05 20:45:40 INFO mt5_bot - ADX boost: adx=30.8 \u2192 risk_pct=1.50%
2026-05-05 20:45:40 INFO mt5_bot - Execution status=skipped reason=no_closed_bar_crossover
2026-05-05 20:45:55 INFO mt5_bot - Balance=102029.96 Equity=102029.96 Spread=0.50 pips
2026-05-05 20:45:55 INFO mt5_bot - Signal=NONE reason=no_closed_bar_crossover price=None trend=None rsi=42.8 atr_pips=796.4 adx=30.8
2026-05-05 20:45:55 INFO mt5_bot - ADX boost: adx=30.8 \u2192 risk_pct=1.50%
2026-05-05 20:45:55 INFO mt5_bot - Execution status=skipped reason=no_closed_bar_crossover
2026-05-05 20:46:10 INFO mt5_bot - Balance=102029.96 Equity=102029.96 Spread=0.50 pips
2026-05-05 20:46:10 INFO mt5_bot - Signal=NONE reason=no_closed_bar_crossover price=None trend=None rsi=42.8 atr_pips=796.4 adx=30.8
2026-05-05 20:46:10 INFO mt5_bot - ADX boost: adx=30.8 \u2192 risk_pct=1.50%
2026-05-05 20:46:10 INFO mt5_bot - Execution status=skipped reason=no_closed_bar_crossover
2026-05-05 20:46:25 INFO mt5_bot - Balance=102029.96 Equity=102029.96 Spread=0.50 pips
2026-05-05 20:46:25 INFO mt5_bot - Signal=NONE reason=no_closed_bar_crossover price=None trend=None rsi=42.8 atr_pips=796.4 adx=30.8
2026-05-05 20:46:25 INFO mt5_bot - ADX boost: adx=30.8 \u2192 risk_pct=1.50%
2026-05-05 20:46:25 INFO mt5_bot - Execution status=skipped reason=no_closed_bar_crossover
2026-05-05 20:46:40 INFO mt5_bot - Balance=102029.96 Equity=102029.96 Spread=0.50 pips
2026-05-05 20:46:40 INFO mt5_bot - Signal=NONE reason=no_closed_bar_crossover price=None trend=None rsi=42.8 atr_pips=796.4 adx=30.8
2026-05-05 20:46:40 INFO mt5_bot - ADX boost: adx=30.8 \u2192 risk_pct=1.50%
2026-05-05 20:46:40 INFO mt5_bot - Execution status=skipped reason=no_closed_bar_crossover
2026-05-05 20:46:55 INFO mt5_bot - Balance=102029.96 Equity=102029.96 Spread=0.50 pips
2026-05-05 20:46:55 INFO mt5_bot - Signal=NONE reason=no_closed_bar_crossover price=None trend=None rsi=42.8 atr_pips=796.4 adx=30.8
2026-05-05 20:46:55 INFO mt5_bot - ADX boost: adx=30.8 \u2192 risk_pct=1.50%
2026-05-05 20:46:55 INFO mt5_bot - Execution status=skipped reason=no_closed_bar_crossover
2026-05-05 20:47:10 INFO mt5_bot - Balance=102029.96 Equity=102029.96 Spread=0.50 pips
2026-05-05 20:47:10 INFO mt5_bot - Signal=NONE reason=no_closed_bar_crossover price=None trend=None rsi=42.8 atr_pips=796.4 adx=30.8
2026-05-05 20:47:10 INFO mt5_bot - ADX boost: adx=30.8 \u2192 risk_pct=1.50%
2026-05-05 20:47:10 INFO mt5_bot - Execution status=skipped reason=no_closed_bar_crossover
2026-05-05 20:47:25 INFO mt5_bot - Balance=102029.96 Equity=102029.96 Spread=0.50 pips
2026-05-05 20:47:25 INFO mt5_bot - Signal=NONE reason=no_closed_bar_crossover price=None trend=None rsi=42.8 atr_pips=796.4 adx=30.8
2026-05-05 20:47:25 INFO mt5_bot - ADX boost: adx=30.8 \u2192 risk_pct=1.50%
2026-05-05 20:47:25 INFO mt5_bot - Execution status=skipped reason=no_closed_bar_crossover
2026-05-05 20:47:40 INFO mt5_bot - Balance=102029.96 Equity=102029.96 Spread=0.50 pips
2026-05-05 20:47:40 INFO mt5_bot - Signal=NONE reason=no_closed_bar_crossover price=None trend=None rsi=42.8 atr_pips=796.4 adx=30.8
2026-05-05 20:47:40 INFO mt5_bot - ADX boost: adx=30.8 \u2192 risk_pct=1.50%
2026-05-05 20:47:40 INFO mt5_bot - Execution status=skipped reason=no_closed_bar_crossover
2026-05-05 20:47:55 INFO mt5_bot - Balance=102029.96 Equity=102029.96 Spread=0.50 pips
2026-05-05 20:47:55 INFO mt5_bot - Signal=NONE reason=no_closed_bar_crossover price=None trend=None rsi=42.8 atr_pips=796.4 adx=30.8
2026-05-05 20:47:55 INFO mt5_bot - ADX boost: adx=30.8 \u2192 risk_pct=1.50%
2026-05-05 20:47:55 INFO mt5_bot - Execution status=skipped reason=no_closed_bar_crossover
2026-05-05 20:48:10 INFO mt5_bot - Balance=102029.96 Equity=102029.96 Spread=0.50 pips
2026-05-05 20:48:10 INFO mt5_bot - Signal=NONE reason=no_closed_bar_crossover price=None trend=None rsi=42.8 atr_pips=796.4 adx=30.8
2026-05-05 20:48:10 INFO mt5_bot - ADX boost: adx=30.8 \u2192 risk_pct=1.50%
2026-05-05 20:48:10 INFO mt5_bot - Execution status=skipped reason=no_closed_bar_crossover
2026-05-05 20:48:25 INFO mt5_bot - Balance=102029.96 Equity=102029.96 Spread=0.50 pips
2026-05-05 20:48:25 INFO mt5_bot - Signal=NONE reason=no_closed_bar_crossover price=None trend=None rsi=42.8 atr_pips=796.4 adx=30.8
2026-05-05 20:48:25 INFO mt5_bot - ADX boost: adx=30.8 \u2192 risk_pct=1.50%
2026-05-05 20:48:25 INFO mt5_bot - Execution status=skipped reason=no_closed_bar_crossover
2026-05-05 20:48:40 INFO mt5_bot - Balance=102029.96 Equity=102029.96 Spread=0.50 pips
2026-05-05 20:48:40 INFO mt5_bot - Signal=NONE reason=no_closed_bar_crossover price=None trend=None rsi=42.8 atr_pips=796.4 adx=30.8
2026-05-05 20:48:40 INFO mt5_bot - ADX boost: adx=30.8 \u2192 risk_pct=1.50%
2026-05-05 20:48:40 INFO mt5_bot - Execution status=skipped reason=no_closed_bar_crossover
2026-05-05 20:48:55 INFO mt5_bot - Balance=102029.96 Equity=102029.96 Spread=0.50 pips
2026-05-05 20:48:55 INFO mt5_bot - Signal=NONE reason=no_closed_bar_crossover price=None trend=None rsi=42.8 atr_pips=796.4 adx=30.8
2026-05-05 20:48:55 INFO mt5_bot - ADX boost: adx=30.8 \u2192 risk_pct=1.50%
2026-05-05 20:48:55 INFO mt5_bot - Execution status=skipped reason=no_closed_bar_crossover
2026-05-05 20:49:10 INFO mt5_bot - Balance=102029.96 Equity=102029.96 Spread=0.50 pips
2026-05-05 20:49:10 INFO mt5_bot - Signal=NONE reason=no_closed_bar_crossover price=None trend=None rsi=42.8 atr_pips=796.4 adx=30.8
2026-05-05 20:49:10 INFO mt5_bot - ADX boost: adx=30.8 \u2192 risk_pct=1.50%
2026-05-05 20:49:10 INFO mt5_bot - Execution status=skipped reason=no_closed_bar_crossover
2026-05-05 20:49:25 INFO mt5_bot - Balance=102029.96 Equity=102029.96 Spread=0.50 pips
2026-05-05 20:49:25 INFO mt5_bot - Signal=NONE reason=no_closed_bar_crossover price=None trend=None rsi=42.8 atr_pips=796.4 adx=30.8
2026-05-05 20:49:25 INFO mt5_bot - ADX boost: adx=30.8 \u2192 risk_pct=1.50%
2026-05-05 20:49:25 INFO mt5_bot - Execution status=skipped reason=no_closed_bar_crossover
2026-05-05 20:49:40 INFO mt5_bot - Balance=102029.96 Equity=102029.96 Spread=0.50 pips
2026-05-05 20:49:40 INFO mt5_bot - Signal=NONE reason=no_closed_bar_crossover price=None trend=None rsi=42.8 atr_pips=796.4 adx=30.8
2026-05-05 20:49:40 INFO mt5_bot - ADX boost: adx=30.8 \u2192 risk_pct=1.50%
2026-05-05 20:49:40 INFO mt5_bot - Execution status=skipped reason=no_closed_bar_crossover
2026-05-05 20:49:55 INFO mt5_bot - Balance=102029.96 Equity=102029.96 Spread=0.50 pips
2026-05-05 20:49:55 INFO mt5_bot - Signal=NONE reason=no_closed_bar_crossover price=None trend=None rsi=42.8 atr_pips=796.4 adx=30.8
2026-05-05 20:49:55 INFO mt5_bot - ADX boost: adx=30.8 \u2192 risk_pct=1.50%
2026-05-05 20:49:55 INFO mt5_bot - Execution status=skipped reason=no_closed_bar_crossover
2026-05-05 20:50:10 INFO mt5_bot - Balance=102029.96 Equity=102029.96 Spread=0.50 pips
2026-05-05 20:50:11 INFO mt5_bot - Signal=NONE reason=no_closed_bar_crossover price=None trend=None rsi=42.8 atr_pips=796.4 adx=30.8
2026-05-05 20:50:11 INFO mt5_bot - ADX boost: adx=30.8 \u2192 risk_pct=1.50%
2026-05-05 20:50:11 INFO mt5_bot - Execution status=skipped reason=no_closed_bar_crossover
2026-05-05 20:50:26 INFO mt5_bot - Balance=102029.96 Equity=102029.96 Spread=0.50 pips
2026-05-05 20:50:26 INFO mt5_bot - Signal=NONE reason=no_closed_bar_crossover price=None trend=None rsi=42.8 atr_pips=796.4 adx=30.8
2026-05-05 20:50:26 INFO mt5_bot - ADX boost: adx=30.8 \u2192 risk_pct=1.50%
2026-05-05 20:50:26 INFO mt5_bot - Execution status=skipped reason=no_closed_bar_crossover
2026-05-05 20:50:41 INFO mt5_bot - Balance=102029.96 Equity=102029.96 Spread=0.50 pips
2026-05-05 20:50:41 INFO mt5_bot - Signal=NONE reason=no_closed_bar_crossover price=None trend=None rsi=42.8 atr_pips=796.4 adx=30.8
2026-05-05 20:50:41 INFO mt5_bot - ADX boost: adx=30.8 \u2192 risk_pct=1.50%
2026-05-05 20:50:41 INFO mt5_bot - Execution status=skipped reason=no_closed_bar_crossover
2026-05-05 20:50:56 INFO mt5_bot - Balance=102029.96 Equity=102029.96 Spread=0.50 pips
2026-05-05 20:50:56 INFO mt5_bot - Signal=NONE reason=no_closed_bar_crossover price=None trend=None rsi=42.8 atr_pips=796.4 adx=30.8
2026-05-05 20:50:56 INFO mt5_bot - ADX boost: adx=30.8 \u2192 risk_pct=1.50%
2026-05-05 20:50:56 INFO mt5_bot - Execution status=skipped reason=no_closed_bar_crossover
2026-05-05 20:51:11 INFO mt5_bot - Balance=102029.96 Equity=102029.96 Spread=0.50 pips
2026-05-05 20:51:11 INFO mt5_bot - Signal=NONE reason=no_closed_bar_crossover price=None trend=None rsi=42.8 atr_pips=796.4 adx=30.8
2026-05-05 20:51:11 INFO mt5_bot - ADX boost: adx=30.8 \u2192 risk_pct=1.50%
2026-05-05 20:51:11 INFO mt5_bot - Execution status=skipped reason=no_closed_bar_crossover
2026-05-05 20:51:26 INFO mt5_bot - Balance=102029.96 Equity=102029.96 Spread=0.50 pips
2026-05-05 20:51:26 INFO mt5_bot - Signal=NONE reason=no_closed_bar_crossover price=None trend=None rsi=42.8 atr_pips=796.4 adx=30.8
2026-05-05 20:51:26 INFO mt5_bot - ADX boost: adx=30.8 \u2192 risk_pct=1.50%
2026-05-05 20:51:26 INFO mt5_bot - Execution status=skipped reason=no_closed_bar_crossover
2026-05-05 20:51:41 INFO mt5_bot - Balance=102029.96 Equity=102029.96 Spread=0.50 pips
2026-05-05 20:51:41 INFO mt5_bot - Signal=NONE reason=no_closed_bar_crossover price=None trend=None rsi=42.8 atr_pips=796.4 adx=30.8
2026-05-05 20:51:41 INFO mt5_bot - ADX boost: adx=30.8 \u2192 risk_pct=1.50%
2026-05-05 20:51:41 INFO mt5_bot - Execution status=skipped reason=no_closed_bar_crossover
2026-05-05 20:51:56 INFO mt5_bot - Balance=102029.96 Equity=102029.96 Spread=0.50 pips
2026-05-05 20:51:56 INFO mt5_bot - Signal=NONE reason=no_closed_bar_crossover price=None trend=None rsi=42.8 atr_pips=796.4 adx=30.8
2026-05-05 20:51:56 INFO mt5_bot - ADX boost: adx=30.8 \u2192 risk_pct=1.50%
2026-05-05 20:51:56 INFO mt5_bot - Execution status=skipped reason=no_closed_bar_crossover
2026-05-05 20:52:11 INFO mt5_bot - Balance=102029.96 Equity=102029.96 Spread=0.50 pips
2026-05-05 20:52:11 INFO mt5_bot - Signal=NONE reason=no_closed_bar_crossover price=None trend=None rsi=42.8 atr_pips=796.4 adx=30.8
2026-05-05 20:52:11 INFO mt5_bot - ADX boost: adx=30.8 \u2192 risk_pct=1.50%
2026-05-05 20:52:11 INFO mt5_bot - Execution status=skipped reason=no_closed_bar_crossover
2026-05-05 20:52:26 INFO mt5_bot - Balance=102029.96 Equity=102029.96 Spread=0.50 pips
2026-05-05 20:52:26 INFO mt5_bot - Signal=NONE reason=no_closed_bar_crossover price=None trend=None rsi=42.8 atr_pips=796.4 adx=30.8
2026-05-05 20:52:26 INFO mt5_bot - ADX boost: adx=30.8 \u2192 risk_pct=1.50%
2026-05-05 20:52:26 INFO mt5_bot - Execution status=skipped reason=no_closed_bar_crossover
2026-05-05 20:52:41 INFO mt5_bot - Balance=102029.96 Equity=102029.96 Spread=0.50 pips
2026-05-05 20:52:41 INFO mt5_bot - Signal=NONE reason=no_closed_bar_crossover price=None trend=None rsi=42.8 atr_pips=796.4 adx=30.8
2026-05-05 20:52:41 INFO mt5_bot - ADX boost: adx=30.8 \u2192 risk_pct=1.50%
2026-05-05 20:52:41 INFO mt5_bot - Execution status=skipped reason=no_closed_bar_crossover
2026-05-05 20:52:56 INFO mt5_bot - Balance=102029.96 Equity=102029.96 Spread=0.50 pips
2026-05-05 20:52:56 INFO mt5_bot - Signal=NONE reason=no_closed_bar_crossover price=None trend=None rsi=42.8 atr_pips=796.4 adx=30.8
2026-05-05 20:52:56 INFO mt5_bot - ADX boost: adx=30.8 \u2192 risk_pct=1.50%
2026-05-05 20:52:56 INFO mt5_bot - Execution status=skipped reason=no_closed_bar_crossover
2026-05-05 20:53:11 INFO mt5_bot - Balance=102029.96 Equity=102029.96 Spread=0.50 pips
2026-05-05 20:53:11 INFO mt5_bot - Signal=NONE reason=no_closed_bar_crossover price=None trend=None rsi=42.8 atr_pips=796.4 adx=30.8
2026-05-05 20:53:11 INFO mt5_bot - ADX boost: adx=30.8 \u2192 risk_pct=1.50%
2026-05-05 20:53:11 INFO mt5_bot - Execution status=skipped reason=no_closed_bar_crossover
2026-05-05 20:53:26 INFO mt5_bot - Balance=102029.96 Equity=102029.96 Spread=0.50 pips
2026-05-05 20:53:26 INFO mt5_bot - Signal=NONE reason=no_closed_bar_crossover price=None trend=None rsi=42.8 atr_pips=796.4 adx=30.8
2026-05-05 20:53:26 INFO mt5_bot - ADX boost: adx=30.8 \u2192 risk_pct=1.50%
2026-05-05 20:53:26 INFO mt5_bot - Execution status=skipped reason=no_closed_bar_crossover
2026-05-05 20:53:41 INFO mt5_bot - Balance=102029.96 Equity=102029.96 Spread=0.50 pips
2026-05-05 20:53:41 INFO mt5_bot - Signal=NONE reason=no_closed_bar_crossover price=None trend=None rsi=42.8 atr_pips=796.4 adx=30.8
2026-05-05 20:53:41 INFO mt5_bot - ADX boost: adx=30.8 \u2192 risk_pct=1.50%
2026-05-05 20:53:41 INFO mt5_bot - Execution status=skipped reason=no_closed_bar_crossover
2026-05-05 20:53:56 INFO mt5_bot - Balance=102029.96 Equity=102029.96 Spread=0.50 pips
2026-05-05 20:53:56 INFO mt5_bot - Signal=NONE reason=no_closed_bar_crossover price=None trend=None rsi=42.8 atr_pips=796.4 adx=30.8
2026-05-05 20:53:56 INFO mt5_bot - ADX boost: adx=30.8 \u2192 risk_pct=1.50%
2026-05-05 20:53:56 INFO mt5_bot - Execution status=skipped reason=no_closed_bar_crossover
2026-05-05 20:54:11 INFO mt5_bot - Balance=102029.96 Equity=102029.96 Spread=0.50 pips
2026-05-05 20:54:11 INFO mt5_bot - Signal=NONE reason=no_closed_bar_crossover price=None trend=None rsi=42.8 atr_pips=796.4 adx=30.8
2026-05-05 20:54:11 INFO mt5_bot - ADX boost: adx=30.8 \u2192 risk_pct=1.50%
2026-05-05 20:54:11 INFO mt5_bot - Execution status=skipped reason=no_closed_bar_crossover
2026-05-05 20:54:26 INFO mt5_bot - Balance=102029.96 Equity=102029.96 Spread=0.50 pips
2026-05-05 20:54:26 INFO mt5_bot - Signal=NONE reason=no_closed_bar_crossover price=None trend=None rsi=42.8 atr_pips=796.4 adx=30.8
2026-05-05 20:54:26 INFO mt5_bot - ADX boost: adx=30.8 \u2192 risk_pct=1.50%
2026-05-05 20:54:26 INFO mt5_bot - Execution status=skipped reason=no_closed_bar_crossover
2026-05-05 20:54:41 INFO mt5_bot - Balance=102029.96 Equity=102029.96 Spread=0.50 pips
2026-05-05 20:54:41 INFO mt5_bot - Signal=NONE reason=no_closed_bar_crossover price=None trend=None rsi=42.8 atr_pips=796.4 adx=30.8
2026-05-05 20:54:41 INFO mt5_bot - ADX boost: adx=30.8 \u2192 risk_pct=1.50%
2026-05-05 20:54:41 INFO mt5_bot - Execution status=skipped reason=no_closed_bar_crossover
2026-05-05 20:54:56 INFO mt5_bot - Balance=102029.96 Equity=102029.96 Spread=0.50 pips
2026-05-05 20:54:56 INFO mt5_bot - Signal=NONE reason=no_closed_bar_crossover price=None trend=None rsi=42.8 atr_pips=796.4 adx=30.8
2026-05-05 20:54:56 INFO mt5_bot - ADX boost: adx=30.8 \u2192 risk_pct=1.50%
2026-05-05 20:54:56 INFO mt5_bot - Execution status=skipped reason=no_closed_bar_crossover
2026-05-05 20:55:11 INFO mt5_bot - Balance=102029.96 Equity=102029.96 Spread=0.50 pips
2026-05-05 20:55:11 INFO mt5_bot - Signal=NONE reason=no_closed_bar_crossover price=None trend=None rsi=42.8 atr_pips=796.4 adx=30.8
2026-05-05 20:55:11 INFO mt5_bot - ADX boost: adx=30.8 \u2192 risk_pct=1.50%
2026-05-05 20:55:11 INFO mt5_bot - Execution status=skipped reason=no_closed_bar_crossover
2026-05-05 20:55:26 INFO mt5_bot - Balance=102029.96 Equity=102029.96 Spread=0.50 pips
2026-05-05 20:55:26 INFO mt5_bot - Signal=NONE reason=no_closed_bar_crossover price=None trend=None rsi=42.8 atr_pips=796.4 adx=30.8
2026-05-05 20:55:26 INFO mt5_bot - ADX boost: adx=30.8 \u2192 risk_pct=1.50%
2026-05-05 20:55:26 INFO mt5_bot - Execution status=skipped reason=no_closed_bar_crossover
2026-05-05 20:55:41 INFO mt5_bot - Balance=102029.96 Equity=102029.96 Spread=0.50 pips
2026-05-05 20:55:41 INFO mt5_bot - Signal=NONE reason=no_closed_bar_crossover price=None trend=None rsi=42.8 atr_pips=796.4 adx=30.8
2026-05-05 20:55:41 INFO mt5_bot - ADX boost: adx=30.8 \u2192 risk_pct=1.50%
2026-05-05 20:55:41 INFO mt5_bot - Execution status=skipped reason=no_closed_bar_crossover
2026-05-05 20:55:56 INFO mt5_bot - Balance=102029.96 Equity=102029.96 Spread=0.50 pips
2026-05-05 20:55:56 INFO mt5_bot - Signal=NONE reason=no_closed_bar_crossover price=None trend=None rsi=42.8 atr_pips=796.4 adx=30.8
2026-05-05 20:55:56 INFO mt5_bot - ADX boost: adx=30.8 \u2192 risk_pct=1.50%
2026-05-05 20:55:56 INFO mt5_bot - Execution status=skipped reason=no_closed_bar_crossover
2026-05-05 20:56:11 INFO mt5_bot - Balance=102029.96 Equity=102029.96 Spread=0.50 pips
2026-05-05 20:56:11 INFO mt5_bot - Signal=NONE reason=no_closed_bar_crossover price=None trend=None rsi=42.8 atr_pips=796.4 adx=30.8
2026-05-05 20:56:11 INFO mt5_bot - ADX boost: adx=30.8 \u2192 risk_pct=1.50%
2026-05-05 20:56:11 INFO mt5_bot - Execution status=skipped reason=no_closed_bar_crossover
2026-05-05 20:56:26 INFO mt5_bot - Balance=102029.96 Equity=102029.96 Spread=0.50 pips
2026-05-05 20:56:26 INFO mt5_bot - Signal=NONE reason=no_closed_bar_crossover price=None trend=None rsi=42.8 atr_pips=796.4 adx=30.8
2026-05-05 20:56:26 INFO mt5_bot - ADX boost: adx=30.8 \u2192 risk_pct=1.50%
2026-05-05 20:56:26 INFO mt5_bot - Execution status=skipped reason=no_closed_bar_crossover
2026-05-05 20:56:41 INFO mt5_bot - Balance=102029.96 Equity=102029.96 Spread=0.50 pips
2026-05-05 20:56:41 INFO mt5_bot - Signal=NONE reason=no_closed_bar_crossover price=None trend=None rsi=42.8 atr_pips=796.4 adx=30.8
2026-05-05 20:56:41 INFO mt5_bot - ADX boost: adx=30.8 \u2192 risk_pct=1.50%
2026-05-05 20:56:41 INFO mt5_bot - Execution status=skipped reason=no_closed_bar_crossover
2026-05-05 20:56:56 INFO mt5_bot - Balance=102029.96 Equity=102029.96 Spread=0.50 pips
2026-05-05 20:56:56 INFO mt5_bot - Signal=NONE reason=no_closed_bar_crossover price=None trend=None rsi=42.8 atr_pips=796.4 adx=30.8
2026-05-05 20:56:56 INFO mt5_bot - ADX boost: adx=30.8 \u2192 risk_pct=1.50%
2026-05-05 20:56:56 INFO mt5_bot - Execution status=skipped reason=no_closed_bar_crossover
2026-05-05 20:57:11 INFO mt5_bot - Balance=102029.96 Equity=102029.96 Spread=0.50 pips
2026-05-05 20:57:11 INFO mt5_bot - Signal=NONE reason=no_closed_bar_crossover price=None trend=None rsi=42.8 atr_pips=796.4 adx=30.8
2026-05-05 20:57:11 INFO mt5_bot - ADX boost: adx=30.8 \u2192 risk_pct=1.50%
2026-05-05 20:57:11 INFO mt5_bot - Execution status=skipped reason=no_closed_bar_crossover
2026-05-05 20:57:26 INFO mt5_bot - Balance=102029.96 Equity=102029.96 Spread=0.50 pips
2026-05-05 20:57:26 INFO mt5_bot - Signal=NONE reason=no_closed_bar_crossover price=None trend=None rsi=42.8 atr_pips=796.4 adx=30.8
2026-05-05 20:57:26 INFO mt5_bot - ADX boost: adx=30.8 \u2192 risk_pct=1.50%
2026-05-05 20:57:26 INFO mt5_bot - Execution status=skipped reason=no_closed_bar_crossover
2026-05-05 20:57:41 INFO mt5_bot - Balance=102029.96 Equity=102029.96 Spread=0.50 pips
2026-05-05 20:57:41 INFO mt5_bot - Signal=NONE reason=no_closed_bar_crossover price=None trend=None rsi=42.8 atr_pips=796.4 adx=30.8
2026-05-05 20:57:41 INFO mt5_bot - ADX boost: adx=30.8 \u2192 risk_pct=1.50%
2026-05-05 20:57:41 INFO mt5_bot - Execution status=skipped reason=no_closed_bar_crossover
2026-05-05 20:57:56 INFO mt5_bot - Balance=102029.96 Equity=102029.96 Spread=0.50 pips
2026-05-05 20:57:56 INFO mt5_bot - Signal=NONE reason=no_closed_bar_crossover price=None trend=None rsi=42.8 atr_pips=796.4 adx=30.8
2026-05-05 20:57:56 INFO mt5_bot - ADX boost: adx=30.8 \u2192 risk_pct=1.50%
2026-05-05 20:57:56 INFO mt5_bot - Execution status=skipped reason=no_closed_bar_crossover
2026-05-05 20:58:11 INFO mt5_bot - Balance=102029.96 Equity=102029.96 Spread=0.50 pips
2026-05-05 20:58:11 INFO mt5_bot - Signal=NONE reason=no_closed_bar_crossover price=None trend=None rsi=42.8 atr_pips=796.4 adx=30.8
2026-05-05 20:58:11 INFO mt5_bot - ADX boost: adx=30.8 \u2192 risk_pct=1.50%
2026-05-05 20:58:11 INFO mt5_bot - Execution status=skipped reason=no_closed_bar_crossover
2026-05-05 20:58:26 INFO mt5_bot - Balance=102029.96 Equity=102029.96 Spread=0.50 pips
2026-05-05 20:58:26 INFO mt5_bot - Signal=NONE reason=no_closed_bar_crossover price=None trend=None rsi=42.8 atr_pips=796.4 adx=30.8
2026-05-05 20:58:26 INFO mt5_bot - ADX boost: adx=30.8 \u2192 risk_pct=1.50%
2026-05-05 20:58:26 INFO mt5_bot - Execution status=skipped reason=no_closed_bar_crossover
2026-05-05 20:58:41 INFO mt5_bot - Balance=102029.96 Equity=102029.96 Spread=0.50 pips
2026-05-05 20:58:41 INFO mt5_bot - Signal=NONE reason=no_closed_bar_crossover price=None trend=None rsi=42.8 atr_pips=796.4 adx=30.8
2026-05-05 20:58:41 INFO mt5_bot - ADX boost: adx=30.8 \u2192 risk_pct=1.50%
2026-05-05 20:58:41 INFO mt5_bot - Execution status=skipped reason=no_closed_bar_crossover
2026-05-05 20:58:56 INFO mt5_bot - Balance=102029.96 Equity=102029.96 Spread=0.50 pips
2026-05-05 20:58:56 INFO mt5_bot - Signal=NONE reason=no_closed_bar_crossover price=None trend=None rsi=42.8 atr_pips=796.4 adx=30.8
2026-05-05 20:58:56 INFO mt5_bot - ADX boost: adx=30.8 \u2192 risk_pct=1.50%
2026-05-05 20:58:56 INFO mt5_bot - Execution status=skipped reason=no_closed_bar_crossover
2026-05-05 20:59:11 INFO mt5_bot - Balance=102029.96 Equity=102029.96 Spread=0.50 pips
2026-05-05 20:59:11 INFO mt5_bot - Signal=NONE reason=no_closed_bar_crossover price=None trend=None rsi=42.8 atr_pips=796.4 adx=30.8
2026-05-05 20:59:11 INFO mt5_bot - ADX boost: adx=30.8 \u2192 risk_pct=1.50%
2026-05-05 20:59:11 INFO mt5_bot - Execution status=skipped reason=no_closed_bar_crossover
2026-05-05 20:59:26 INFO mt5_bot - Balance=102029.96 Equity=102029.96 Spread=0.50 pips
2026-05-05 20:59:26 INFO mt5_bot - Signal=NONE reason=no_closed_bar_crossover price=None trend=None rsi=42.8 atr_pips=796.4 adx=30.8
2026-05-05 20:59:26 INFO mt5_bot - ADX boost: adx=30.8 \u2192 risk_pct=1.50%
2026-05-05 20:59:26 INFO mt5_bot - Execution status=skipped reason=no_closed_bar_crossover
2026-05-05 20:59:41 INFO mt5_bot - Balance=102029.96 Equity=102029.96 Spread=0.50 pips
2026-05-05 20:59:41 INFO mt5_bot - Signal=NONE reason=no_closed_bar_crossover price=None trend=None rsi=42.8 atr_pips=796.4 adx=30.8
2026-05-05 20:59:41 INFO mt5_bot - ADX boost: adx=30.8 \u2192 risk_pct=1.50%
2026-05-05 20:59:41 INFO mt5_bot - Execution status=skipped reason=no_closed_bar_crossover
2026-05-05 20:59:56 INFO mt5_bot - Balance=102029.96 Equity=102029.96 Spread=0.50 pips
2026-05-05 20:59:56 INFO mt5_bot - Signal=NONE reason=no_closed_bar_crossover price=None trend=None rsi=42.8 atr_pips=796.4 adx=30.8
2026-05-05 20:59:56 INFO mt5_bot - ADX boost: adx=30.8 \u2192 risk_pct=1.50%
2026-05-05 20:59:56 INFO mt5_bot - Execution status=skipped reason=no_closed_bar_crossover
2026-05-05 21:00:11 INFO mt5_bot - Balance=102029.96 Equity=102029.96 Spread=0.50 pips
2026-05-05 21:00:11 INFO mt5_bot - Signal=NONE reason=no_closed_bar_crossover price=None trend=None rsi=47.5 atr_pips=785.3 adx=30.3
2026-05-05 21:00:11 INFO mt5_bot - ADX boost: adx=30.3 \u2192 risk_pct=1.50%
2026-05-05 21:00:11 INFO mt5_bot - Execution status=skipped reason=no_closed_bar_crossover
2026-05-05 21:00:26 INFO mt5_bot - Balance=102029.96 Equity=102029.96 Spread=0.50 pips
2026-05-05 21:00:26 INFO mt5_bot - Signal=NONE reason=no_closed_bar_crossover price=None trend=None rsi=47.5 atr_pips=785.3 adx=30.3
2026-05-05 21:00:26 INFO mt5_bot - ADX boost: adx=30.3 \u2192 risk_pct=1.50%
2026-05-05 21:00:26 INFO mt5_bot - Execution status=skipped reason=no_closed_bar_crossover
2026-05-05 21:00:41 INFO mt5_bot - Balance=102029.96 Equity=102029.96 Spread=0.50 pips
2026-05-05 21:00:41 INFO mt5_bot - Signal=NONE reason=no_closed_bar_crossover price=None trend=None rsi=47.5 atr_pips=785.3 adx=30.3
2026-05-05 21:00:41 INFO mt5_bot - ADX boost: adx=30.3 \u2192 risk_pct=1.50%
2026-05-05 21:00:41 INFO mt5_bot - Execution status=skipped reason=no_closed_bar_crossover
2026-05-05 21:00:56 INFO mt5_bot - Balance=102029.96 Equity=102029.96 Spread=0.50 pips
2026-05-05 21:00:56 INFO mt5_bot - Signal=NONE reason=no_closed_bar_crossover price=None trend=None rsi=47.5 atr_pips=785.3 adx=30.3
2026-05-05 21:00:56 INFO mt5_bot - ADX boost: adx=30.3 \u2192 risk_pct=1.50%
2026-05-05 21:00:56 INFO mt5_bot - Execution status=skipped reason=no_closed_bar_crossover
2026-05-05 21:01:11 INFO mt5_bot - Balance=102029.96 Equity=102029.96 Spread=0.50 pips
2026-05-05 21:01:11 INFO mt5_bot - Signal=NONE reason=no_closed_bar_crossover price=None trend=None rsi=47.5 atr_pips=785.3 adx=30.3
2026-05-05 21:01:11 INFO mt5_bot - ADX boost: adx=30.3 \u2192 risk_pct=1.50%
2026-05-05 21:01:11 INFO mt5_bot - Execution status=skipped reason=no_closed_bar_crossover
2026-05-05 21:01:26 INFO mt5_bot - Balance=102029.96 Equity=102029.96 Spread=0.50 pips
2026-05-05 21:01:26 INFO mt5_bot - Signal=NONE reason=no_closed_bar_crossover price=None trend=None rsi=47.5 atr_pips=785.3 adx=30.3
2026-05-05 21:01:26 INFO mt5_bot - ADX boost: adx=30.3 \u2192 risk_pct=1.50%
2026-05-05 21:01:26 INFO mt5_bot - Execution status=skipped reason=no_closed_bar_crossover
2026-05-05 21:01:41 INFO mt5_bot - Balance=102029.96 Equity=102029.96 Spread=0.50 pips
2026-05-05 21:01:41 INFO mt5_bot - Signal=NONE reason=no_closed_bar_crossover price=None trend=None rsi=47.5 atr_pips=785.3 adx=30.3
2026-05-05 21:01:41 INFO mt5_bot - ADX boost: adx=30.3 \u2192 risk_pct=1.50%
2026-05-05 21:01:41 INFO mt5_bot - Execution status=skipped reason=no_closed_bar_crossover
2026-05-05 21:01:56 INFO mt5_bot - Balance=102029.96 Equity=102029.96 Spread=0.50 pips
2026-05-05 21:01:56 INFO mt5_bot - Signal=NONE reason=no_closed_bar_crossover price=None trend=None rsi=47.5 atr_pips=785.3 adx=30.3
2026-05-05 21:01:56 INFO mt5_bot - ADX boost: adx=30.3 \u2192 risk_pct=1.50%
2026-05-05 21:01:56 INFO mt5_bot - Execution status=skipped reason=no_closed_bar_crossover
2026-05-05 21:02:11 INFO mt5_bot - Balance=102029.96 Equity=102029.96 Spread=0.50 pips
2026-05-05 21:02:11 INFO mt5_bot - Signal=NONE reason=no_closed_bar_crossover price=None trend=None rsi=47.5 atr_pips=785.3 adx=30.3
2026-05-05 21:02:11 INFO mt5_bot - ADX boost: adx=30.3 \u2192 risk_pct=1.50%
2026-05-05 21:02:11 INFO mt5_bot - Execution status=skipped reason=no_closed_bar_crossover
2026-05-05 21:02:26 INFO mt5_bot - Balance=102029.96 Equity=102029.96 Spread=0.50 pips
2026-05-05 21:02:26 INFO mt5_bot - Signal=NONE reason=no_closed_bar_crossover price=None trend=None rsi=47.5 atr_pips=785.3 adx=30.3
2026-05-05 21:02:26 INFO mt5_bot - ADX boost: adx=30.3 \u2192 risk_pct=1.50%
2026-05-05 21:02:26 INFO mt5_bot - Execution status=skipped reason=no_closed_bar_crossover
2026-05-05 21:02:41 INFO mt5_bot - Balance=102029.96 Equity=102029.96 Spread=0.50 pips
2026-05-05 21:02:41 INFO mt5_bot - Signal=NONE reason=no_closed_bar_crossover price=None trend=None rsi=47.5 atr_pips=785.3 adx=30.3
2026-05-05 21:02:41 INFO mt5_bot - ADX boost: adx=30.3 \u2192 risk_pct=1.50%
2026-05-05 21:02:41 INFO mt5_bot - Execution status=skipped reason=no_closed_bar_crossover
2026-05-05 21:02:56 INFO mt5_bot - Balance=102029.96 Equity=102029.96 Spread=0.50 pips
2026-05-05 21:02:56 INFO mt5_bot - Signal=NONE reason=no_closed_bar_crossover price=None trend=None rsi=47.5 atr_pips=785.3 adx=30.3
2026-05-05 21:02:56 INFO mt5_bot - ADX boost: adx=30.3 \u2192 risk_pct=1.50%
2026-05-05 21:02:56 INFO mt5_bot - Execution status=skipped reason=no_closed_bar_crossover
2026-05-05 21:03:11 INFO mt5_bot - Balance=102029.96 Equity=102029.96 Spread=0.50 pips
2026-05-05 21:03:11 INFO mt5_bot - Signal=NONE reason=no_closed_bar_crossover price=None trend=None rsi=47.5 atr_pips=785.3 adx=30.3
2026-05-05 21:03:11 INFO mt5_bot - ADX boost: adx=30.3 \u2192 risk_pct=1.50%
2026-05-05 21:03:11 INFO mt5_bot - Execution status=skipped reason=no_closed_bar_crossover
2026-05-05 21:03:26 INFO mt5_bot - Balance=102029.96 Equity=102029.96 Spread=0.50 pips
2026-05-05 21:03:26 INFO mt5_bot - Signal=NONE reason=no_closed_bar_crossover price=None trend=None rsi=47.5 atr_pips=785.3 adx=30.3
2026-05-05 21:03:26 INFO mt5_bot - ADX boost: adx=30.3 \u2192 risk_pct=1.50%
2026-05-05 21:03:26 INFO mt5_bot - Execution status=skipped reason=no_closed_bar_crossover
2026-05-05 21:03:41 INFO mt5_bot - Balance=102029.96 Equity=102029.96 Spread=0.50 pips
2026-05-05 21:03:41 INFO mt5_bot - Signal=NONE reason=no_closed_bar_crossover price=None trend=None rsi=47.5 atr_pips=785.3 adx=30.3
2026-05-05 21:03:41 INFO mt5_bot - ADX boost: adx=30.3 \u2192 risk_pct=1.50%
2026-05-05 21:03:41 INFO mt5_bot - Execution status=skipped reason=no_closed_bar_crossover
2026-05-05 21:03:56 INFO mt5_bot - Balance=102029.96 Equity=102029.96 Spread=0.50 pips
2026-05-05 21:03:56 INFO mt5_bot - Signal=NONE reason=no_closed_bar_crossover price=None trend=None rsi=47.5 atr_pips=785.3 adx=30.3
2026-05-05 21:03:56 INFO mt5_bot - ADX boost: adx=30.3 \u2192 risk_pct=1.50%
2026-05-05 21:03:56 INFO mt5_bot - Execution status=skipped reason=no_closed_bar_crossover
2026-05-05 21:04:11 INFO mt5_bot - Balance=102029.96 Equity=102029.96 Spread=0.50 pips
2026-05-05 21:04:11 INFO mt5_bot - Signal=NONE reason=no_closed_bar_crossover price=None trend=None rsi=47.5 atr_pips=785.3 adx=30.3
2026-05-05 21:04:11 INFO mt5_bot - ADX boost: adx=30.3 \u2192 risk_pct=1.50%
2026-05-05 21:04:11 INFO mt5_bot - Execution status=skipped reason=no_closed_bar_crossover
2026-05-05 21:04:26 INFO mt5_bot - Balance=102029.96 Equity=102029.96 Spread=0.50 pips
2026-05-05 21:04:26 INFO mt5_bot - Signal=NONE reason=no_closed_bar_crossover price=None trend=None rsi=47.5 atr_pips=785.3 adx=30.3
2026-05-05 21:04:26 INFO mt5_bot - ADX boost: adx=30.3 \u2192 risk_pct=1.50%
2026-05-05 21:04:26 INFO mt5_bot - Execution status=skipped reason=no_closed_bar_crossover
2026-05-05 21:04:42 INFO mt5_bot - Balance=102029.96 Equity=102029.96 Spread=0.50 pips
2026-05-05 21:04:42 INFO mt5_bot - Signal=NONE reason=no_closed_bar_crossover price=None trend=None rsi=47.5 atr_pips=785.3 adx=30.3
2026-05-05 21:04:42 INFO mt5_bot - ADX boost: adx=30.3 \u2192 risk_pct=1.50%
2026-05-05 21:04:42 INFO mt5_bot - Execution status=skipped reason=no_closed_bar_crossover
2026-05-05 21:04:57 INFO mt5_bot - Balance=102029.96 Equity=102029.96 Spread=0.50 pips
2026-05-05 21:04:57 INFO mt5_bot - Signal=NONE reason=no_closed_bar_crossover price=None trend=None rsi=47.5 atr_pips=785.3 adx=30.3
2026-05-05 21:04:57 INFO mt5_bot - ADX boost: adx=30.3 \u2192 risk_pct=1.50%
2026-05-05 21:04:57 INFO mt5_bot - Execution status=skipped reason=no_closed_bar_crossover
2026-05-05 21:05:12 INFO mt5_bot - Balance=102029.96 Equity=102029.96 Spread=0.50 pips
2026-05-05 21:05:12 INFO mt5_bot - Signal=NONE reason=no_closed_bar_crossover price=None trend=None rsi=47.5 atr_pips=785.3 adx=30.3
2026-05-05 21:05:12 INFO mt5_bot - ADX boost: adx=30.3 \u2192 risk_pct=1.50%
2026-05-05 21:05:12 INFO mt5_bot - Execution status=skipped reason=no_closed_bar_crossover
2026-05-05 21:05:27 INFO mt5_bot - Balance=102029.96 Equity=102029.96 Spread=0.50 pips
2026-05-05 21:05:27 INFO mt5_bot - Signal=NONE reason=no_closed_bar_crossover price=None trend=None rsi=47.5 atr_pips=785.3 adx=30.3
2026-05-05 21:05:27 INFO mt5_bot - ADX boost: adx=30.3 \u2192 risk_pct=1.50%
2026-05-05 21:05:27 INFO mt5_bot - Execution status=skipped reason=no_closed_bar_crossover
2026-05-05 21:05:42 INFO mt5_bot - Balance=102029.96 Equity=102029.96 Spread=0.50 pips
2026-05-05 21:05:42 INFO mt5_bot - Signal=NONE reason=no_closed_bar_crossover price=None trend=None rsi=47.5 atr_pips=785.3 adx=30.3
2026-05-05 21:05:42 INFO mt5_bot - ADX boost: adx=30.3 \u2192 risk_pct=1.50%
2026-05-05 21:05:42 INFO mt5_bot - Execution status=skipped reason=no_closed_bar_crossover
2026-05-05 21:05:57 INFO mt5_bot - Balance=102029.96 Equity=102029.96 Spread=0.50 pips
2026-05-05 21:05:57 INFO mt5_bot - Signal=NONE reason=no_closed_bar_crossover price=None trend=None rsi=47.5 atr_pips=785.3 adx=30.3
2026-05-05 21:05:57 INFO mt5_bot - ADX boost: adx=30.3 \u2192 risk_pct=1.50%
2026-05-05 21:05:57 INFO mt5_bot - Execution status=skipped reason=no_closed_bar_crossover
2026-05-05 21:06:12 INFO mt5_bot - Balance=102029.96 Equity=102029.96 Spread=0.50 pips
2026-05-05 21:06:12 INFO mt5_bot - Signal=NONE reason=no_closed_bar_crossover price=None trend=None rsi=47.5 atr_pips=785.3 adx=30.3
2026-05-05 21:06:12 INFO mt5_bot - ADX boost: adx=30.3 \u2192 risk_pct=1.50%
2026-05-05 21:06:12 INFO mt5_bot - Execution status=skipped reason=no_closed_bar_crossover
2026-05-05 21:06:27 INFO mt5_bot - Balance=102029.96 Equity=102029.96 Spread=0.50 pips
2026-05-05 21:06:27 INFO mt5_bot - Signal=NONE reason=no_closed_bar_crossover price=None trend=None rsi=47.5 atr_pips=785.3 adx=30.3
2026-05-05 21:06:27 INFO mt5_bot - ADX boost: adx=30.3 \u2192 risk_pct=1.50%
2026-05-05 21:06:27 INFO mt5_bot - Execution status=skipped reason=no_closed_bar_crossover
2026-05-05 21:06:42 INFO mt5_bot - Balance=102029.96 Equity=102029.96 Spread=0.50 pips
2026-05-05 21:06:42 INFO mt5_bot - Signal=NONE reason=no_closed_bar_crossover price=None trend=None rsi=47.5 atr_pips=785.3 adx=30.3
2026-05-05 21:06:42 INFO mt5_bot - ADX boost: adx=30.3 \u2192 risk_pct=1.50%
2026-05-05 21:06:42 INFO mt5_bot - Execution status=skipped reason=no_closed_bar_crossover
2026-05-05 21:06:57 INFO mt5_bot - Balance=102029.96 Equity=102029.96 Spread=0.50 pips
2026-05-05 21:06:57 INFO mt5_bot - Signal=NONE reason=no_closed_bar_crossover price=None trend=None rsi=47.5 atr_pips=785.3 adx=30.3
2026-05-05 21:06:57 INFO mt5_bot - ADX boost: adx=30.3 \u2192 risk_pct=1.50%
2026-05-05 21:06:57 INFO mt5_bot - Execution status=skipped reason=no_closed_bar_crossover
2026-05-05 21:07:12 INFO mt5_bot - Balance=102029.96 Equity=102029.96 Spread=0.50 pips
2026-05-05 21:07:12 INFO mt5_bot - Signal=NONE reason=no_closed_bar_crossover price=None trend=None rsi=47.5 atr_pips=785.3 adx=30.3
2026-05-05 21:07:12 INFO mt5_bot - ADX boost: adx=30.3 \u2192 risk_pct=1.50%
2026-05-05 21:07:12 INFO mt5_bot - Execution status=skipped reason=no_closed_bar_crossover
2026-05-05 21:07:27 INFO mt5_bot - Balance=102029.96 Equity=102029.96 Spread=0.50 pips
2026-05-05 21:07:27 INFO mt5_bot - Signal=NONE reason=no_closed_bar_crossover price=None trend=None rsi=47.5 atr_pips=785.3 adx=30.3
2026-05-05 21:07:27 INFO mt5_bot - ADX boost: adx=30.3 \u2192 risk_pct=1.50%
2026-05-05 21:07:27 INFO mt5_bot - Execution status=skipped reason=no_closed_bar_crossover
2026-05-05 21:07:42 INFO mt5_bot - Balance=102029.96 Equity=102029.96 Spread=0.50 pips
2026-05-05 21:07:42 INFO mt5_bot - Signal=NONE reason=no_closed_bar_crossover price=None trend=None rsi=47.5 atr_pips=785.3 adx=30.3
2026-05-05 21:07:42 INFO mt5_bot - ADX boost: adx=30.3 \u2192 risk_pct=1.50%
2026-05-05 21:07:42 INFO mt5_bot - Execution status=skipped reason=no_closed_bar_crossover
2026-05-05 21:07:57 INFO mt5_bot - Balance=102029.96 Equity=102029.96 Spread=0.50 pips
2026-05-05 21:07:57 INFO mt5_bot - Signal=NONE reason=no_closed_bar_crossover price=None trend=None rsi=47.5 atr_pips=785.3 adx=30.3
2026-05-05 21:07:57 INFO mt5_bot - ADX boost: adx=30.3 \u2192 risk_pct=1.50%
2026-05-05 21:07:57 INFO mt5_bot - Execution status=skipped reason=no_closed_bar_crossover
2026-05-05 21:08:12 INFO mt5_bot - Balance=102029.96 Equity=102029.96 Spread=0.50 pips
2026-05-05 21:08:12 INFO mt5_bot - Signal=NONE reason=no_closed_bar_crossover price=None trend=None rsi=47.5 atr_pips=785.3 adx=30.3
2026-05-05 21:08:12 INFO mt5_bot - ADX boost: adx=30.3 \u2192 risk_pct=1.50%
2026-05-05 21:08:12 INFO mt5_bot - Execution status=skipped reason=no_closed_bar_crossover
2026-05-05 21:08:27 INFO mt5_bot - Balance=102029.96 Equity=102029.96 Spread=0.50 pips
2026-05-05 21:08:27 INFO mt5_bot - Signal=NONE reason=no_closed_bar_crossover price=None trend=None rsi=47.5 atr_pips=785.3 adx=30.3
2026-05-05 21:08:27 INFO mt5_bot - ADX boost: adx=30.3 \u2192 risk_pct=1.50%
2026-05-05 21:08:27 INFO mt5_bot - Execution status=skipped reason=no_closed_bar_crossover
2026-05-05 21:08:42 INFO mt5_bot - Balance=102029.96 Equity=102029.96 Spread=0.50 pips
2026-05-05 21:08:42 INFO mt5_bot - Signal=NONE reason=no_closed_bar_crossover price=None trend=None rsi=47.5 atr_pips=785.3 adx=30.3
2026-05-05 21:08:42 INFO mt5_bot - ADX boost: adx=30.3 \u2192 risk_pct=1.50%
2026-05-05 21:08:42 INFO mt5_bot - Execution status=skipped reason=no_closed_bar_crossover
2026-05-05 21:08:43 INFO mt5_bot - Stopped by user
2026-05-05 21:10:59 INFO mt5_bot - MT5 permissions: account_server=MetaQuotes-Demo account_trade_allowed=True account_trade_expert=True terminal_trade_allowed=True terminal_build=5836
2026-05-05 21:10:59 INFO mt5_bot - Starting PRO loop: symbol=USDJPY tf=M15 trend_tf=H1 trade_enabled=True trend_filter=False adx_filter=True rsi_momentum=False partial_close=True trailing_stop=True atr_sl_tp=True news_filter=True retest=False equity_curve=True
2026-05-05 21:10:59 INFO mt5_bot - Balance=102029.96 Equity=102029.96 Spread=0.50 pips
2026-05-05 21:10:59 INFO mt5_bot - Signal=NONE reason=no_closed_bar_crossover price=None trend=None rsi=47.5 atr_pips=785.3 adx=30.3
2026-05-05 21:10:59 INFO mt5_bot - ADX boost: adx=30.3 \u2192 risk_pct=1.50%
2026-05-05 21:10:59 INFO mt5_bot - Execution status=skipped reason=no_closed_bar_crossover
2026-05-05 21:11:14 INFO mt5_bot - Balance=102029.96 Equity=102029.96 Spread=0.50 pips
2026-05-05 21:11:14 INFO mt5_bot - Signal=NONE reason=no_closed_bar_crossover price=None trend=None rsi=47.5 atr_pips=785.3 adx=30.3
2026-05-05 21:11:14 INFO mt5_bot - ADX boost: adx=30.3 \u2192 risk_pct=1.50%
2026-05-05 21:11:14 INFO mt5_bot - Execution status=skipped reason=no_closed_bar_crossover
2026-05-05 21:11:29 INFO mt5_bot - Balance=102029.96 Equity=102029.96 Spread=0.50 pips
2026-05-05 21:11:29 INFO mt5_bot - Signal=NONE reason=no_closed_bar_crossover price=None trend=None rsi=47.5 atr_pips=785.3 adx=30.3
2026-05-05 21:11:29 INFO mt5_bot - ADX boost: adx=30.3 \u2192 risk_pct=1.50%
2026-05-05 21:11:29 INFO mt5_bot - Execution status=skipped reason=no_closed_bar_crossover
2026-05-05 21:11:44 INFO mt5_bot - Balance=102029.96 Equity=102029.96 Spread=0.50 pips
2026-05-05 21:11:44 INFO mt5_bot - Signal=NONE reason=no_closed_bar_crossover price=None trend=None rsi=47.5 atr_pips=785.3 adx=30.3
2026-05-05 21:11:44 INFO mt5_bot - ADX boost: adx=30.3 \u2192 risk_pct=1.50%
2026-05-05 21:11:44 INFO mt5_bot - Execution status=skipped reason=no_closed_bar_crossover
2026-05-05 21:11:59 INFO mt5_bot - Balance=102029.96 Equity=102029.96 Spread=0.50 pips
2026-05-05 21:11:59 INFO mt5_bot - Signal=NONE reason=no_closed_bar_crossover price=None trend=None rsi=47.5 atr_pips=785.3 adx=30.3
2026-05-05 21:11:59 INFO mt5_bot - ADX boost: adx=30.3 \u2192 risk_pct=1.50%
2026-05-05 21:11:59 INFO mt5_bot - Execution status=skipped reason=no_closed_bar_crossover
2026-05-05 21:12:14 INFO mt5_bot - Balance=102029.96 Equity=102029.96 Spread=0.50 pips
2026-05-05 21:12:14 INFO mt5_bot - Signal=NONE reason=no_closed_bar_crossover price=None trend=None rsi=47.5 atr_pips=785.3 adx=30.3
2026-05-05 21:12:14 INFO mt5_bot - ADX boost: adx=30.3 \u2192 risk_pct=1.50%
2026-05-05 21:12:14 INFO mt5_bot - Execution status=skipped reason=no_closed_bar_crossover
2026-05-05 21:12:29 INFO mt5_bot - Balance=102029.96 Equity=102029.96 Spread=0.50 pips
2026-05-05 21:12:29 INFO mt5_bot - Signal=NONE reason=no_closed_bar_crossover price=None trend=None rsi=47.5 atr_pips=785.3 adx=30.3
2026-05-05 21:12:29 INFO mt5_bot - ADX boost: adx=30.3 \u2192 risk_pct=1.50%
2026-05-05 21:12:29 INFO mt5_bot - Execution status=skipped reason=no_closed_bar_crossover
2026-05-05 21:12:44 INFO mt5_bot - Balance=102029.96 Equity=102029.96 Spread=0.50 pips
2026-05-05 21:12:44 INFO mt5_bot - Signal=NONE reason=no_closed_bar_crossover price=None trend=None rsi=47.5 atr_pips=785.3 adx=30.3
2026-05-05 21:12:44 INFO mt5_bot - ADX boost: adx=30.3 \u2192 risk_pct=1.50%
2026-05-05 21:12:44 INFO mt5_bot - Execution status=skipped reason=no_closed_bar_crossover
2026-05-05 21:12:59 INFO mt5_bot - Balance=102029.96 Equity=102029.96 Spread=0.50 pips
2026-05-05 21:12:59 INFO mt5_bot - Signal=NONE reason=no_closed_bar_crossover price=None trend=None rsi=47.5 atr_pips=785.3 adx=30.3
2026-05-05 21:12:59 INFO mt5_bot - ADX boost: adx=30.3 \u2192 risk_pct=1.50%
2026-05-05 21:12:59 INFO mt5_bot - Execution status=skipped reason=no_closed_bar_crossover
2026-05-05 21:13:14 INFO mt5_bot - Balance=102029.96 Equity=102029.96 Spread=0.50 pips
2026-05-05 21:13:14 INFO mt5_bot - Signal=NONE reason=no_closed_bar_crossover price=None trend=None rsi=47.5 atr_pips=785.3 adx=30.3
2026-05-05 21:13:14 INFO mt5_bot - ADX boost: adx=30.3 \u2192 risk_pct=1.50%
2026-05-05 21:13:14 INFO mt5_bot - Execution status=skipped reason=no_closed_bar_crossover
2026-05-05 21:13:29 INFO mt5_bot - Balance=102029.96 Equity=102029.96 Spread=0.50 pips
2026-05-05 21:13:29 INFO mt5_bot - Signal=NONE reason=no_closed_bar_crossover price=None trend=None rsi=47.5 atr_pips=785.3 adx=30.3
2026-05-05 21:13:29 INFO mt5_bot - ADX boost: adx=30.3 \u2192 risk_pct=1.50%
2026-05-05 21:13:29 INFO mt5_bot - Execution status=skipped reason=no_closed_bar_crossover
2026-05-05 21:13:44 INFO mt5_bot - Balance=102029.96 Equity=102029.96 Spread=0.50 pips
2026-05-05 21:13:44 INFO mt5_bot - Signal=NONE reason=no_closed_bar_crossover price=None trend=None rsi=47.5 atr_pips=785.3 adx=30.3
2026-05-05 21:13:44 INFO mt5_bot - ADX boost: adx=30.3 \u2192 risk_pct=1.50%
2026-05-05 21:13:44 INFO mt5_bot - Execution status=skipped reason=no_closed_bar_crossover
2026-05-05 21:13:59 INFO mt5_bot - Balance=102029.96 Equity=102029.96 Spread=0.50 pips
2026-05-05 21:13:59 INFO mt5_bot - Signal=NONE reason=no_closed_bar_crossover price=None trend=None rsi=47.5 atr_pips=785.3 adx=30.3
2026-05-05 21:13:59 INFO mt5_bot - ADX boost: adx=30.3 \u2192 risk_pct=1.50%
2026-05-05 21:13:59 INFO mt5_bot - Execution status=skipped reason=no_closed_bar_crossover
2026-05-05 21:14:14 INFO mt5_bot - Balance=102029.96 Equity=102029.96 Spread=0.50 pips
2026-05-05 21:14:14 INFO mt5_bot - Signal=NONE reason=no_closed_bar_crossover price=None trend=None rsi=47.5 atr_pips=785.3 adx=30.3
2026-05-05 21:14:14 INFO mt5_bot - ADX boost: adx=30.3 \u2192 risk_pct=1.50%
2026-05-05 21:14:14 INFO mt5_bot - Execution status=skipped reason=no_closed_bar_crossover
2026-05-05 21:14:29 INFO mt5_bot - Balance=102029.96 Equity=102029.96 Spread=0.50 pips
2026-05-05 21:14:29 INFO mt5_bot - Signal=NONE reason=no_closed_bar_crossover price=None trend=None rsi=47.5 atr_pips=785.3 adx=30.3
2026-05-05 21:14:29 INFO mt5_bot - ADX boost: adx=30.3 \u2192 risk_pct=1.50%
2026-05-05 21:14:29 INFO mt5_bot - Execution status=skipped reason=no_closed_bar_crossover
2026-05-05 21:14:45 INFO mt5_bot - Balance=102029.96 Equity=102029.96 Spread=0.50 pips
2026-05-05 21:14:45 INFO mt5_bot - Signal=NONE reason=no_closed_bar_crossover price=None trend=None rsi=47.5 atr_pips=785.3 adx=30.3
2026-05-05 21:14:45 INFO mt5_bot - ADX boost: adx=30.3 \u2192 risk_pct=1.50%
2026-05-05 21:14:45 INFO mt5_bot - Execution status=skipped reason=no_closed_bar_crossover
2026-05-05 21:15:00 INFO mt5_bot - Balance=102029.96 Equity=102029.96 Spread=0.50 pips
2026-05-05 21:15:00 INFO mt5_bot - Signal=NONE reason=no_closed_bar_crossover price=None trend=None rsi=47.9 atr_pips=764.2 adx=29.7
2026-05-05 21:15:00 INFO mt5_bot - Execution status=skipped reason=no_closed_bar_crossover
2026-05-05 21:15:15 INFO mt5_bot - Balance=102029.96 Equity=102029.96 Spread=0.50 pips
2026-05-05 21:15:15 INFO mt5_bot - Signal=NONE reason=no_closed_bar_crossover price=None trend=None rsi=47.9 atr_pips=764.2 adx=29.7
2026-05-05 21:15:15 INFO mt5_bot - Execution status=skipped reason=no_closed_bar_crossover
2026-05-05 21:15:30 INFO mt5_bot - Balance=102029.96 Equity=102029.96 Spread=0.50 pips
2026-05-05 21:15:30 INFO mt5_bot - Signal=NONE reason=no_closed_bar_crossover price=None trend=None rsi=47.9 atr_pips=764.2 adx=29.7
2026-05-05 21:15:30 INFO mt5_bot - Execution status=skipped reason=no_closed_bar_crossover
2026-05-05 21:15:45 INFO mt5_bot - Balance=102029.96 Equity=102029.96 Spread=0.50 pips
2026-05-05 21:15:45 INFO mt5_bot - Signal=NONE reason=no_closed_bar_crossover price=None trend=None rsi=47.9 atr_pips=764.2 adx=29.7
2026-05-05 21:15:45 INFO mt5_bot - Execution status=skipped reason=no_closed_bar_crossover
2026-05-05 21:16:00 INFO mt5_bot - Balance=102029.96 Equity=102029.96 Spread=0.50 pips
2026-05-05 21:16:00 INFO mt5_bot - Signal=NONE reason=no_closed_bar_crossover price=None trend=None rsi=47.9 atr_pips=764.2 adx=29.7
2026-05-05 21:16:00 INFO mt5_bot - Execution status=skipped reason=no_closed_bar_crossover
2026-05-05 21:16:15 INFO mt5_bot - Balance=102029.96 Equity=102029.96 Spread=0.50 pips
2026-05-05 21:16:15 INFO mt5_bot - Signal=NONE reason=no_closed_bar_crossover price=None trend=None rsi=47.9 atr_pips=764.2 adx=29.7
2026-05-05 21:16:15 INFO mt5_bot - Execution status=skipped reason=no_closed_bar_crossover
2026-05-05 21:16:30 INFO mt5_bot - Balance=102029.96 Equity=102029.96 Spread=0.50 pips
2026-05-05 21:16:30 INFO mt5_bot - Signal=NONE reason=no_closed_bar_crossover price=None trend=None rsi=47.9 atr_pips=764.2 adx=29.7
2026-05-05 21:16:30 INFO mt5_bot - Execution status=skipped reason=no_closed_bar_crossover
2026-05-05 21:16:45 INFO mt5_bot - Balance=102029.96 Equity=102029.96 Spread=0.50 pips
2026-05-05 21:16:45 INFO mt5_bot - Signal=NONE reason=no_closed_bar_crossover price=None trend=None rsi=47.9 atr_pips=764.2 adx=29.7
2026-05-05 21:16:45 INFO mt5_bot - Execution status=skipped reason=no_closed_bar_crossover
2026-05-05 21:17:00 INFO mt5_bot - Balance=102029.96 Equity=102029.96 Spread=0.50 pips
2026-05-05 21:17:00 INFO mt5_bot - Signal=NONE reason=no_closed_bar_crossover price=None trend=None rsi=47.9 atr_pips=764.2 adx=29.7
2026-05-05 21:17:00 INFO mt5_bot - Execution status=skipped reason=no_closed_bar_crossover
2026-05-05 21:17:15 INFO mt5_bot - Balance=102029.96 Equity=102029.96 Spread=0.50 pips
2026-05-05 21:17:15 INFO mt5_bot - Signal=NONE reason=no_closed_bar_crossover price=None trend=None rsi=47.9 atr_pips=764.2 adx=29.7
2026-05-05 21:17:15 INFO mt5_bot - Execution status=skipped reason=no_closed_bar_crossover
2026-05-05 21:17:30 INFO mt5_bot - Balance=102029.96 Equity=102029.96 Spread=0.50 pips
2026-05-05 21:17:30 INFO mt5_bot - Signal=NONE reason=no_closed_bar_crossover price=None trend=None rsi=47.9 atr_pips=764.2 adx=29.7
2026-05-05 21:17:30 INFO mt5_bot - Execution status=skipped reason=no_closed_bar_crossover
2026-05-05 21:17:45 INFO mt5_bot - Balance=102029.96 Equity=102029.96 Spread=0.50 pips
2026-05-05 21:17:45 INFO mt5_bot - Signal=NONE reason=no_closed_bar_crossover price=None trend=None rsi=47.9 atr_pips=764.2 adx=29.7
2026-05-05 21:17:45 INFO mt5_bot - Execution status=skipped reason=no_closed_bar_crossover
2026-05-05 21:18:00 INFO mt5_bot - Balance=102029.96 Equity=102029.96 Spread=0.50 pips
2026-05-05 21:18:00 INFO mt5_bot - Signal=NONE reason=no_closed_bar_crossover price=None trend=None rsi=47.9 atr_pips=764.2 adx=29.7
2026-05-05 21:18:00 INFO mt5_bot - Execution status=skipped reason=no_closed_bar_crossover
2026-05-05 21:18:15 INFO mt5_bot - Balance=102029.96 Equity=102029.96 Spread=0.50 pips
2026-05-05 21:18:15 INFO mt5_bot - Signal=NONE reason=no_closed_bar_crossover price=None trend=None rsi=47.9 atr_pips=764.2 adx=29.7
2026-05-05 21:18:15 INFO mt5_bot - Execution status=skipped reason=no_closed_bar_crossover
2026-05-05 21:18:30 INFO mt5_bot - Balance=102029.96 Equity=102029.96 Spread=0.50 pips
2026-05-05 21:18:30 INFO mt5_bot - Signal=NONE reason=no_closed_bar_crossover price=None trend=None rsi=47.9 atr_pips=764.2 adx=29.7
2026-05-05 21:18:30 INFO mt5_bot - Execution status=skipped reason=no_closed_bar_crossover
2026-05-05 21:18:45 INFO mt5_bot - Balance=102029.96 Equity=102029.96 Spread=0.50 pips
2026-05-05 21:18:45 INFO mt5_bot - Signal=NONE reason=no_closed_bar_crossover price=None trend=None rsi=47.9 atr_pips=764.2 adx=29.7
2026-05-05 21:18:45 INFO mt5_bot - Execution status=skipped reason=no_closed_bar_crossover
2026-05-05 21:19:00 INFO mt5_bot - Balance=102029.96 Equity=102029.96 Spread=0.50 pips
2026-05-05 21:19:00 INFO mt5_bot - Signal=NONE reason=no_closed_bar_crossover price=None trend=None rsi=47.9 atr_pips=764.2 adx=29.7
2026-05-05 21:19:00 INFO mt5_bot - Execution status=skipped reason=no_closed_bar_crossover
2026-05-05 21:19:15 INFO mt5_bot - Balance=102029.96 Equity=102029.96 Spread=0.50 pips
2026-05-05 21:19:15 INFO mt5_bot - Signal=NONE reason=no_closed_bar_crossover price=None trend=None rsi=47.9 atr_pips=764.2 adx=29.7
2026-05-05 21:19:15 INFO mt5_bot - Execution status=skipped reason=no_closed_bar_crossover
2026-05-05 21:19:30 INFO mt5_bot - Balance=102029.96 Equity=102029.96 Spread=0.50 pips
2026-05-05 21:19:30 INFO mt5_bot - Signal=NONE reason=no_closed_bar_crossover price=None trend=None rsi=47.9 atr_pips=764.2 adx=29.7
2026-05-05 21:19:30 INFO mt5_bot - Execution status=skipped reason=no_closed_bar_crossover
2026-05-05 21:19:45 INFO mt5_bot - Balance=102029.96 Equity=102029.96 Spread=0.50 pips
2026-05-05 21:19:45 INFO mt5_bot - Signal=NONE reason=no_closed_bar_crossover price=None trend=None rsi=47.9 atr_pips=764.2 adx=29.7
2026-05-05 21:19:45 INFO mt5_bot - Execution status=skipped reason=no_closed_bar_crossover
2026-05-05 21:20:00 INFO mt5_bot - Balance=102029.96 Equity=102029.96 Spread=0.50 pips
2026-05-05 21:20:00 INFO mt5_bot - Signal=NONE reason=no_closed_bar_crossover price=None trend=None rsi=47.9 atr_pips=764.2 adx=29.7
2026-05-05 21:20:00 INFO mt5_bot - Execution status=skipped reason=no_closed_bar_crossover
2026-05-05 21:20:15 INFO mt5_bot - Balance=102029.96 Equity=102029.96 Spread=0.50 pips
2026-05-05 21:20:15 INFO mt5_bot - Signal=NONE reason=no_closed_bar_crossover price=None trend=None rsi=47.9 atr_pips=764.2 adx=29.7
2026-05-05 21:20:15 INFO mt5_bot - Execution status=skipped reason=no_closed_bar_crossover
2026-05-05 21:20:30 INFO mt5_bot - Balance=102029.96 Equity=102029.96 Spread=0.50 pips
2026-05-05 21:20:30 INFO mt5_bot - Signal=NONE reason=no_closed_bar_crossover price=None trend=None rsi=47.9 atr_pips=764.2 adx=29.7
2026-05-05 21:20:30 INFO mt5_bot - Execution status=skipped reason=no_closed_bar_crossover
2026-05-05 21:20:45 INFO mt5_bot - Balance=102029.96 Equity=102029.96 Spread=0.50 pips
2026-05-05 21:20:45 INFO mt5_bot - Signal=NONE reason=no_closed_bar_crossover price=None trend=None rsi=47.9 atr_pips=764.2 adx=29.7
2026-05-05 21:20:45 INFO mt5_bot - Execution status=skipped reason=no_closed_bar_crossover
2026-05-05 21:33:36 INFO mt5_bot - MT5 permissions: account_server=MetaQuotes-Demo account_trade_allowed=True account_trade_expert=True terminal_trade_allowed=True terminal_build=5836
2026-05-05 21:33:36 INFO mt5_bot - Starting PRO loop: symbol=USDJPY tf=M15 trend_tf=H1 trade_enabled=True trend_filter=False adx_filter=True rsi_momentum=False partial_close=True trailing_stop=True atr_sl_tp=True news_filter=True retest=False equity_curve=True
2026-05-05 21:33:36 INFO mt5_bot - Balance=102029.96 Equity=102029.96 Spread=0.50 pips
2026-05-05 21:33:36 INFO mt5_bot - Signal=NONE reason=no_closed_bar_crossover price=None trend=None rsi=55.8 atr_pips=778.9 adx=27.7
2026-05-05 21:33:36 INFO mt5_bot - Execution status=skipped reason=no_closed_bar_crossover
2026-05-05 21:33:51 INFO mt5_bot - Balance=102029.96 Equity=102029.96 Spread=0.50 pips
2026-05-05 21:33:51 INFO mt5_bot - Signal=NONE reason=no_closed_bar_crossover price=None trend=None rsi=55.8 atr_pips=778.9 adx=27.7
2026-05-05 21:33:51 INFO mt5_bot - Execution status=skipped reason=no_closed_bar_crossover
2026-05-05 21:34:17 INFO mt5_bot - MT5 permissions: account_server=MetaQuotes-Demo account_trade_allowed=True account_trade_expert=True terminal_trade_allowed=True terminal_build=5836
2026-05-05 21:34:17 INFO mt5_bot - Starting PRO loop: symbol=USDJPY tf=M15 trend_tf=H1 trade_enabled=True trend_filter=False adx_filter=True rsi_momentum=False partial_close=True trailing_stop=True atr_sl_tp=True news_filter=True retest=False equity_curve=True
2026-05-05 21:34:17 INFO mt5_bot - Balance=102029.96 Equity=102029.96 Spread=0.50 pips
2026-05-05 21:34:17 INFO mt5_bot - Signal=NONE reason=no_closed_bar_crossover price=None trend=None rsi=55.8 atr_pips=778.9 adx=27.7
2026-05-05 21:34:17 INFO mt5_bot - Execution status=skipped reason=no_closed_bar_crossover
2026-05-05 21:34:49 INFO mt5_bot - MT5 permissions: account_server=MetaQuotes-Demo account_trade_allowed=True account_trade_expert=True terminal_trade_allowed=True terminal_build=5836
2026-05-05 21:34:49 INFO mt5_bot - Starting PRO loop: symbol=USDJPY tf=M15 trend_tf=H1 trade_enabled=True trend_filter=False adx_filter=True rsi_momentum=False partial_close=True trailing_stop=True atr_sl_tp=True news_filter=True retest=False equity_curve=True
2026-05-05 21:34:49 INFO mt5_bot - Balance=102029.96 Equity=102029.96 Spread=0.50 pips
2026-05-05 21:34:49 INFO mt5_bot - Signal=NONE reason=no_closed_bar_crossover price=None trend=None rsi=55.8 atr_pips=778.9 adx=27.7
2026-05-05 21:34:49 INFO mt5_bot - Execution status=skipped reason=no_closed_bar_crossover
